Generation,Entry1,Entry2,Entry3,Entry4,Entry5,Entry6,Entry7,Entry8,Entry9,Entry10,Entry11,Entry12,Entry13,Entry14,Entry15,Entry16,Entry17,Entry18,Entry19,Entry20,Entry21,Entry22,Entry23,Entry24,Entry25,Entry26,Entry27,Entry28,Entry29,Entry30,Entry31,Entry32,Entry33,Entry34,Entry35,Entry36,Entry37,Entry38,Entry39,Entry40,Entry41,Entry42,Entry43,Entry44,Entry45,Entry46,Entry47,Entry48,Entry49,Entry50
1,0.811448 (0.729900 + 0.081548),0.820163 (0.738000 + 0.082163),0.826104 (0.744300 + 0.081804),0.823714 (0.741600 + 0.082114),0.815827 (0.733500 + 0.082327),0.828809 (0.747000 + 0.081809),0.817784 (0.735300 + 0.082484),0.827691 (0.746100 + 0.081591),0.821358 (0.738900 + 0.082458),0.816518 (0.734400 + 0.082118),0.810579 (0.728100 + 0.082479),0.823423 (0.740700 + 0.082723),0.826904 (0.743400 + 0.083504),0.811130 (0.729000 + 0.082130),0.810576 (0.728100 + 0.082476),0.819381 (0.738000 + 0.081381),0.817558 (0.735300 + 0.082258),0.805121 (0.722700 + 0.082422),0.813259 (0.730800 + 0.082459),0.835847 (0.753300 + 0.082547),0.820706 (0.738900 + 0.081806),0.827165 (0.745200 + 0.081965),0.818165 (0.736200 + 0.081965),0.815750 (0.733500 + 0.082250),0.824351 (0.743400 + 0.080951),0.830717 (0.747900 + 0.082817),0.826396 (0.744300 + 0.082096),0.823624 (0.740700 + 0.082924),0.827787 (0.745200 + 0.082587),0.834725 (0.753300 + 0.081425),0.815334 (0.733500 + 0.081834),0.820424 (0.738000 + 0.082424),0.834180 (0.752400 + 0.081780),0.808341 (0.725400 + 0.082941),0.826038 (0.744300 + 0.081738),0.837102 (0.754200 + 0.082902),0.809472 (0.726300 + 0.083172),0.813272 (0.730800 + 0.082472),0.835522 (0.752400 + 0.083122),0.804399 (0.720900 + 0.083499),0.815697 (0.733500 + 0.082197),0.829423 (0.747000 + 0.082423),0.806088 (0.724500 + 0.081588),0.824934 (0.742500 + 0.082434),0.824479 (0.742500 + 0.081979),0.826054 (0.743400 + 0.082654),0.811783 (0.730800 + 0.080983),0.820728 (0.738000 + 0.082728),0.812200 (0.729000 + 0.083200),0.828123 (0.745200 + 0.082923)
2,0.811448 (0.729900 + 0.081548),0.820163 (0.738000 + 0.082163),0.826104 (0.744300 + 0.081804),0.823714 (0.741600 + 0.082114),0.815827 (0.733500 + 0.082327),0.828809 (0.747000 + 0.081809),0.817784 (0.735300 + 0.082484),0.827691 (0.746100 + 0.081591),0.821358 (0.738900 + 0.082458),0.816518 (0.734400 + 0.082118),0.810579 (0.728100 + 0.082479),0.823423 (0.740700 + 0.082723),0.826904 (0.743400 + 0.083504),0.811130 (0.729000 + 0.082130),0.810576 (0.728100 + 0.082476),0.819381 (0.738000 + 0.081381),0.817558 (0.735300 + 0.082258),0.805121 (0.722700 + 0.082422),0.813259 (0.730800 + 0.082459),0.835847 (0.753300 + 0.082547),0.820706 (0.738900 + 0.081806),0.827165 (0.745200 + 0.081965),0.818165 (0.736200 + 0.081965),0.815750 (0.733500 + 0.082250),0.824351 (0.743400 + 0.080951),0.830717 (0.747900 + 0.082817),0.826396 (0.744300 + 0.082096),0.823624 (0.740700 + 0.082924),0.827787 (0.745200 + 0.082587),0.834725 (0.753300 + 0.081425),0.815334 (0.733500 + 0.081834),0.820424 (0.738000 + 0.082424),0.834180 (0.752400 + 0.081780),0.808341 (0.725400 + 0.082941),0.826038 (0.744300 + 0.081738),0.837102 (0.754200 + 0.082902),0.809472 (0.726300 + 0.083172),0.813272 (0.730800 + 0.082472),0.835522 (0.752400 + 0.083122),0.804399 (0.720900 + 0.083499),0.815697 (0.733500 + 0.082197),0.829423 (0.747000 + 0.082423),0.806088 (0.724500 + 0.081588),0.824934 (0.742500 + 0.082434),0.824479 (0.742500 + 0.081979),0.826054 (0.743400 + 0.082654),0.811783 (0.730800 + 0.080983),0.820728 (0.738000 + 0.082728),0.812200 (0.729000 + 0.083200),0.828123 (0.745200 + 0.082923)
3,0.837102 (0.754200 + 0.082902),0.835847 (0.753300 + 0.082547),0.823663 (0.741600 + 0.082063),0.831791 (0.748800 + 0.082991),0.818510 (0.737100 + 0.081410),0.837102 (0.754200 + 0.082902),0.828123 (0.745200 + 0.082923),0.819161 (0.737100 + 0.082061),0.816474 (0.734400 + 0.082074),0.833673 (0.750600 + 0.083074),0.815982 (0.734400 + 0.081582),0.834481 (0.752400 + 0.082081),0.837537 (0.755100 + 0.082437),0.828424 (0.746100 + 0.082324),0.816518 (0.734400 + 0.082118),0.825069 (0.742500 + 0.082569),0.817345 (0.735300 + 0.082045),0.829109 (0.747000 + 0.082109),0.808698 (0.725400 + 0.083298),0.813975 (0.732600 + 0.081375),0.820346 (0.738900 + 0.081446),0.824479 (0.742500 + 0.081979),0.825119 (0.743400 + 0.081719),0.830730 (0.747900 + 0.082830),0.823493 (0.740700 + 0.082793),0.837006 (0.754200 + 0.082806),0.836318 (0.754200 + 0.082118),0.831371 (0.749700 + 0.081671),0.833376 (0.750600 + 0.082776),0.824698 (0.741600 + 0.083098),0.819312 (0.736200 + 0.083112),0.825800 (0.743400 + 0.082400),0.830180 (0.747900 + 0.082280),0.822554 (0.739800 + 0.082754),0.820927 (0.739800 + 0.081127),0.828752 (0.747000 + 0.081752),0.813617 (0.731700 + 0.081917),0.824557 (0.742500 + 0.082057),0.825561 (0.742500 + 0.083061),0.810162 (0.728100 + 0.082062),0.834266 (0.752400 + 0.081866),0.812608 (0.730800 + 0.081808),0.817441 (0.735300 + 0.082141),0.838928 (0.756900 + 0.082028),0.817918 (0.736200 + 0.081718),0.833722 (0.752400 + 0.081322),0.822905 (0.741600 + 0.081305),0.825920 (0.743400 + 0.082520),0.830258 (0.747900 + 0.082358),0.830473 (0.748800 + 0.081673)
4,0.838928 (0.756900 + 0.082028),0.832425 (0.749700 + 0.082724),0.818359 (0.737100 + 0.081259),0.845284 (0.762300 + 0.082984),0.837814 (0.755100 + 0.082714),0.831648 (0.748800 + 0.082848),0.828680 (0.747000 + 0.081680),0.851929 (0.769500 + 0.082429),0.823876 (0.741600 + 0.082276),0.824094 (0.741600 + 0.082494),0.849650 (0.767700 + 0.081950),0.835411 (0.752400 + 0.083011),0.829563 (0.747900 + 0.081663),0.838928 (0.756900 + 0.082028),0.830473 (0.748800 + 0.081673),0.833138 (0.750600 + 0.082538),0.827363 (0.744300 + 0.083063),0.833926 (0.752400 + 0.081526),0.817773 (0.736200 + 0.081573),0.833664 (0.750600 + 0.083064),0.811374 (0.729900 + 0.081474),0.834691 (0.753300 + 0.081391),0.832950 (0.750600 + 0.082350),0.823548 (0.741600 + 0.081948),0.836186 (0.755100 + 0.081086),0.825429 (0.742500 + 0.082929),0.825913 (0.743400 + 0.082513),0.827234 (0.744300 + 0.082934),0.819536 (0.738000 + 0.081536),0.825616 (0.743400 + 0.082216),0.836071 (0.754200 + 0.081871),0.838311 (0.755100 + 0.083211),0.824102 (0.741600 + 0.082502),0.837874 (0.756000 + 0.081874),0.818607 (0.737100 + 0.081507),0.824438 (0.741600 + 0.082838),0.821904 (0.739800 + 0.082104),0.835553 (0.754200 + 0.081353),0.833722 (0.752400 + 0.081322),0.827821 (0.746100 + 0.081721),0.821637 (0.739800 + 0.081837),0.826177 (0.744300 + 0.081877),0.819116 (0.738000 + 0.081116),0.838572 (0.756000 + 0.082572),0.814819 (0.732600 + 0.082219),0.820646 (0.738000 + 0.082646),0.825968 (0.743400 + 0.082568),0.829081 (0.746100 + 0.082981),0.825771 (0.744300 + 0.081471),0.840668 (0.757800 + 0.082868)
5,0.851929 (0.769500 + 0.082429),0.821225 (0.738900 + 0.082325),0.816127 (0.733500 + 0.082627),0.838645 (0.756000 + 0.082645),0.846718 (0.764100 + 0.082618),0.822353 (0.741600 + 0.080754),0.838441 (0.756000 + 0.082441),0.824486 (0.741600 + 0.082886),0.828470 (0.746100 + 0.082370),0.821384 (0.739800 + 0.081584),0.836522 (0.754200 + 0.082322),0.827860 (0.746100 + 0.081760),0.824101 (0.742500 + 0.081601),0.832651 (0.749700 + 0.082951),0.828846 (0.747000 + 0.081846),0.839297 (0.757800 + 0.081497),0.832541 (0.749700 + 0.082841),0.834187 (0.751500 + 0.082687),0.832719 (0.750600 + 0.082119),0.830924 (0.747900 + 0.083024),0.819387 (0.737100 + 0.082287),0.835558 (0.754200 + 0.081359),0.825493 (0.743400 + 0.082093),0.824899 (0.742500 + 0.082399),0.838311 (0.755100 + 0.083211),0.840935 (0.758700 + 0.082235),0.830541 (0.748800 + 0.081741),0.832579 (0.750600 + 0.081979),0.830696 (0.749700 + 0.080996),0.822913 (0.740700 + 0.082213),0.833244 (0.751500 + 0.081744),0.826419 (0.744300 + 0.082119),0.826145 (0.744300 + 0.081845),0.835553 (0.754200 + 0.081353),0.835553 (0.754200 + 0.081353),0.836710 (0.754200 + 0.082510),0.829977 (0.747000 + 0.082977),0.851929 (0.769500 + 0.082429),0.827234 (0.744300 + 0.082934),0.829800 (0.747900 + 0.081900),0.832425 (0.749700 + 0.082724),0.840668 (0.757800 + 0.082868),0.833722 (0.752400 + 0.081322),0.834476 (0.751500 + 0.082976),0.835883 (0.754200 + 0.081683),0.817959 (0.735300 + 0.082659),0.826525 (0.743400 + 0.083125),0.829154 (0.747000 + 0.082154),0.833050 (0.750600 + 0.082450),0.822017 (0.740700 + 0.081317)
6,0.851929 (0.769500 + 0.082429),0.851929 (0.769500 + 0.082429),0.835553 (0.754200 + 0.081353),0.841591 (0.758700 + 0.082891),0.827693 (0.746100 + 0.081593),0.837886 (0.756000 + 0.081886),0.835643 (0.753300 + 0.082343),0.834954 (0.753300 + 0.081654),0.829278 (0.747000 + 0.082279),0.832897 (0.751500 + 0.081397),0.824802 (0.742500 + 0.082302),0.828095 (0.745200 + 0.082895),0.832859 (0.750600 + 0.082259),0.838582 (0.756000 + 0.082582),0.847477 (0.765000 + 0.082477),0.822939 (0.739800 + 0.083139),0.828871 (0.746100 + 0.082771),0.829679 (0.747000 + 0.082679),0.820634 (0.738000 + 0.082634),0.817375 (0.735300 + 0.082075),0.828054 (0.746100 + 0.081954),0.832330 (0.749700 + 0.082630),0.833670 (0.750600 + 0.083070),0.829777 (0.747000 + 0.082777),0.827612 (0.746100 + 0.081512),0.844187 (0.762300 + 0.081887),0.846387 (0.764100 + 0.082287),0.846616 (0.764100 + 0.082516),0.834543 (0.751500 + 0.083043),0.823521 (0.740700 + 0.082821),0.825017 (0.743400 + 0.081617),0.837707 (0.755100 + 0.082607),0.850520 (0.768600 + 0.081920),0.824149 (0.742500 + 0.081649),0.840807 (0.758700 + 0.082107),0.835054 (0.752400 + 0.082654),0.840589 (0.757800 + 0.082789),0.826008 (0.743400 + 0.082608),0.823649 (0.742500 + 0.081149),0.835553 (0.754200 + 0.081353),0.830541 (0.748800 + 0.081741),0.829529 (0.748800 + 0.080729),0.848626 (0.766800 + 0.081826),0.840935 (0.758700 + 0.082235),0.818643 (0.737100 + 0.081543),0.842691 (0.760500 + 0.082191),0.827787 (0.745200 + 0.082587),0.836933 (0.755100 + 0.081833),0.827866 (0.745200 + 0.082666),0.830886 (0.747900 + 0.082986)
7,0.851929 (0.769500 + 0.082429),0.840491 (0.757800 + 0.082691),0.837981 (0.756000 + 0.081981),0.829803 (0.747000 + 0.082803),0.827638 (0.746100 + 0.081538),0.829905 (0.747900 + 0.082005),0.825864 (0.744300 + 0.081564),0.824247 (0.741600 + 0.082647),0.825952 (0.743400 + 0.082552),0.821474 (0.739800 + 0.081674),0.837648 (0.755100 + 0.082548),0.833843 (0.750600 + 0.083243),0.835700 (0.753300 + 0.082400),0.845042 (0.762300 + 0.082742),0.828694 (0.746100 + 0.082594),0.834273 (0.752400 + 0.081873),0.834823 (0.752400 + 0.082423),0.849259 (0.766800 + 0.082459),0.830213 (0.747900 + 0.082313),0.836013 (0.754200 + 0.081813),0.839871 (0.757800 + 0.082071),0.820089 (0.738000 + 0.082089),0.819575 (0.737100 + 0.082475),0.840614 (0.757800 + 0.082814),0.836021 (0.753300 + 0.082721),0.845686 (0.764100 + 0.081586),0.841933 (0.759600 + 0.082333),0.819514 (0.737100 + 0.082414),0.843272 (0.760500 + 0.082772),0.837351 (0.755100 + 0.082251),0.838416 (0.756000 + 0.082416),0.841487 (0.759600 + 0.081887),0.837193 (0.754200 + 0.082993),0.828673 (0.746100 + 0.082573),0.830481 (0.747900 + 0.082581),0.828450 (0.746100 + 0.082350),0.845467 (0.763200 + 0.082267),0.839380 (0.756900 + 0.082480),0.837884 (0.755100 + 0.082784),0.835618 (0.753300 + 0.082318),0.837399 (0.755100 + 0.082299),0.826210 (0.744300 + 0.081910),0.833364 (0.750600 + 0.082764),0.825942 (0.745200 + 0.080742),0.841328 (0.758700 + 0.082628),0.829870 (0.747000 + 0.082870),0.822038 (0.740700 + 0.081338),0.843912 (0.761400 + 0.082512),0.857559 (0.775800 + 0.081759),0.837025 (0.755100 + 0.081925)
8,0.857559 (0.775800 + 0.081759),0.846011 (0.763200 + 0.082811),0.834352 (0.752400 + 0.081952),0.843272 (0.760500 + 0.082772),0.837399 (0.755100 + 0.082299),0.846341 (0.764100 + 0.082241),0.845690 (0.764100 + 0.081590),0.834173 (0.751500 + 0.082673),0.834172 (0.751500 + 0.082672),0.819967 (0.737100 + 0.082867),0.826768 (0.744300 + 0.082468),0.844236 (0.762300 + 0.081936),0.832796 (0.749700 + 0.083096),0.837399 (0.755100 + 0.082299),0.844683 (0.761400 + 0.083283),0.836646 (0.755100 + 0.081546),0.837224 (0.755100 + 0.082124),0.825452 (0.743400 + 0.082052),0.832016 (0.749700 + 0.082316),0.826278 (0.743400 + 0.082878),0.824241 (0.742500 + 0.081741),0.837257 (0.755100 + 0.082157),0.833913 (0.751500 + 0.082413),0.828898 (0.747000 + 0.081898),0.852017 (0.769500 + 0.082517),0.824376 (0.741600 + 0.082776),0.851929 (0.769500 + 0.082429),0.824261 (0.741600 + 0.082661),0.821741 (0.739800 + 0.081941),0.836517 (0.754200 + 0.082317),0.837670 (0.756000 + 0.081670),0.839658 (0.757800 + 0.081858),0.853913 (0.772200 + 0.081713),0.832947 (0.750600 + 0.082347),0.828951 (0.747000 + 0.081951),0.840611 (0.758700 + 0.081911),0.848117 (0.765000 + 0.083117),0.843912 (0.761400 + 0.082512),0.833903 (0.752400 + 0.081503),0.820720 (0.739800 + 0.080920),0.827128 (0.745200 + 0.081928),0.841487 (0.759600 + 0.081887),0.837025 (0.755100 + 0.081925),0.835935 (0.753300 + 0.082635),0.843341 (0.761400 + 0.081942),0.836610 (0.754200 + 0.082410),0.835033 (0.753300 + 0.081733),0.834405 (0.752400 + 0.082005),0.827688 (0.745200 + 0.082488),0.832925 (0.750600 + 0.082325)
9,0.857559 (0.775800 + 0.081759),0.843912 (0.761400 + 0.082512),0.837670 (0.756000 + 0.081670),0.844583 (0.762300 + 0.082283),0.860605 (0.778500 + 0.082105),0.847369 (0.765900 + 0.081469),0.838241 (0.756000 + 0.082241),0.838476 (0.756000 + 0.082476),0.836646 (0.754200 + 0.082446),0.853913 (0.772200 + 0.081713),0.840611 (0.758700 + 0.081911),0.848809 (0.765900 + 0.082909),0.846693 (0.763200 + 0.083493),0.838207 (0.756000 + 0.082207),0.832053 (0.749700 + 0.082353),0.828555 (0.747000 + 0.081555),0.839127 (0.756900 + 0.082227),0.826496 (0.745200 + 0.081296),0.847248 (0.765000 + 0.082248),0.836210 (0.753300 + 0.082910),0.854913 (0.772200 + 0.082713),0.842093 (0.759600 + 0.082493),0.833108 (0.749700 + 0.083408),0.835960 (0.754200 + 0.081760),0.845153 (0.763200 + 0.081953),0.808574 (0.725400 + 0.083174),0.834623 (0.752400 + 0.082223),0.837047 (0.754200 + 0.082847),0.851144 (0.768600 + 0.082544),0.834075 (0.751500 + 0.082575),0.842794 (0.761400 + 0.081394),0.850766 (0.767700 + 0.083066),0.842163 (0.759600 + 0.082563),0.848773 (0.766800 + 0.081973),0.841097 (0.758700 + 0.082397),0.832006 (0.749700 + 0.082306),0.834911 (0.752400 + 0.082511),0.836630 (0.754200 + 0.082430),0.844411 (0.762300 + 0.082111),0.848472 (0.766800 + 0.081672),0.835959 (0.754200 + 0.081759),0.842531 (0.760500 + 0.082031),0.822420 (0.741600 + 0.080820),0.839888 (0.757800 + 0.082088),0.836106 (0.754200 + 0.081906),0.840912 (0.758700 + 0.082212),0.844127 (0.762300 + 0.081827),0.837120 (0.755100 + 0.082020),0.833826 (0.751500 + 0.082326),0.833510 (0.751500 + 0.082010)
10,0.860605 (0.778500 + 0.082105),0.830406 (0.747900 + 0.082506),0.833797 (0.751500 + 0.082297),0.842531 (0.760500 + 0.082031),0.837094 (0.755100 + 0.081994),0.839557 (0.756900 + 0.082657),0.840458 (0.758700 + 0.081758),0.837676 (0.756000 + 0.081676),0.845021 (0.763200 + 0.081821),0.842059 (0.759600 + 0.082459),0.842278 (0.760500 + 0.081778),0.825670 (0.744300 + 0.081369),0.841062 (0.759600 + 0.081462),0.835680 (0.753300 + 0.082380),0.836355 (0.755100 + 0.081255),0.832657 (0.751500 + 0.081157),0.845532 (0.763200 + 0.082332),0.840904 (0.758700 + 0.082204),0.839656 (0.756900 + 0.082756),0.840705 (0.758700 + 0.082005),0.840702 (0.758700 + 0.082002),0.837450 (0.755100 + 0.082350),0.841190 (0.758700 + 0.082490),0.844984 (0.763200 + 0.081784),0.846872 (0.765000 + 0.081872),0.835664 (0.753300 + 0.082364),0.840912 (0.758700 + 0.082212),0.845499 (0.763200 + 0.082299),0.824263 (0.741600 + 0.082663),0.837382 (0.755100 + 0.082282),0.840237 (0.757800 + 0.082437),0.844902 (0.762300 + 0.082602),0.841699 (0.759600 + 0.082099),0.846802 (0.764100 + 0.082702),0.848416 (0.765900 + 0.082516),0.845291 (0.762300 + 0.082991),0.845393 (0.763200 + 0.082193),0.836478 (0.754200 + 0.082278),0.838393 (0.756000 + 0.082393),0.843079 (0.761400 + 0.081679),0.852664 (0.770400 + 0.082264),0.851868 (0.769500 + 0.082368),0.841622 (0.758700 + 0.082922),0.848804 (0.765900 + 0.082904),0.846407 (0.764100 + 0.082307),0.830648 (0.747900 + 0.082748),0.850727 (0.767700 + 0.083027),0.842522 (0.760500 + 0.082022),0.833172 (0.751500 + 0.081672),0.846670 (0.764100 + 0.082570)
11,0.860605 (0.778500 + 0.082105),0.839687 (0.756900 + 0.082787),0.839429 (0.757800 + 0.081629),0.836870 (0.754200 + 0.082670),0.836440 (0.754200 + 0.082240),0.844126 (0.762300 + 0.081826),0.835416 (0.753300 + 0.082116),0.846678 (0.764100 + 0.082579),0.844275 (0.761400 + 0.082875),0.835903 (0.753300 + 0.082603),0.831390 (0.748800 + 0.082590),0.847840 (0.765900 + 0.081940),0.834692 (0.752400 + 0.082292),0.835360 (0.753300 + 0.082060),0.835409 (0.754200 + 0.081209),0.847094 (0.765000 + 0.082094),0.846184 (0.764100 + 0.082084),0.850358 (0.767700 + 0.082658),0.841552 (0.759600 + 0.081952),0.842554 (0.760500 + 0.082054),0.850489 (0.768600 + 0.081889),0.847299 (0.765000 + 0.082299),0.844268 (0.762300 + 0.081968),0.839004 (0.756900 + 0.082104),0.848506 (0.765900 + 0.082606),0.837530 (0.755100 + 0.082430),0.836398 (0.754200 + 0.082198),0.851602 (0.768600 + 0.083002),0.836226 (0.754200 + 0.082026),0.856720 (0.774000 + 0.082720),0.831219 (0.749700 + 0.081519),0.841294 (0.759600 + 0.081694),0.841653 (0.758700 + 0.082953),0.846802 (0.764100 + 0.082702),0.837382 (0.755100 + 0.082282),0.833619 (0.751500 + 0.082119),0.855345 (0.773100 + 0.082245),0.832376 (0.749700 + 0.082676),0.834763 (0.753300 + 0.081463),0.850563 (0.767700 + 0.082863),0.840838 (0.758700 + 0.082138),0.837738 (0.756000 + 0.081738),0.840647 (0.758700 + 0.081947),0.841702 (0.759600 + 0.082102),0.838989 (0.756900 + 0.082089),0.840929 (0.758700 + 0.082229),0.838275 (0.756000 + 0.082275),0.838502 (0.756000 + 0.082502),0.846174 (0.764100 + 0.082074),0.829302 (0.747000 + 0.082302)
12,0.860605 (0.778500 + 0.082105),0.841924 (0.759600 + 0.082324),0.849281 (0.766800 + 0.082481),0.846848 (0.765000 + 0.081848),0.840929 (0.758700 + 0.082229),0.839230 (0.756900 + 0.082330),0.841222 (0.758700 + 0.082522),0.850489 (0.768600 + 0.081889),0.840044 (0.757800 + 0.082244),0.856049 (0.773100 + 0.082949),0.847660 (0.765000 + 0.082660),0.852790 (0.770400 + 0.082390),0.838933 (0.756000 + 0.082933),0.841727 (0.759600 + 0.082127),0.850802 (0.768600 + 0.082202),0.835490 (0.753300 + 0.082190),0.846802 (0.764100 + 0.082702),0.850354 (0.768600 + 0.081754),0.861305 (0.778500 + 0.082805),0.844094 (0.761400 + 0.082694),0.832217 (0.749700 + 0.082517),0.855245 (0.772200 + 0.083045),0.833632 (0.752400 + 0.081232),0.837553 (0.755100 + 0.082453),0.839267 (0.756900 + 0.082367),0.843428 (0.762300 + 0.081128),0.852147 (0.769500 + 0.082647),0.848096 (0.765900 + 0.082196),0.836592 (0.755100 + 0.081492),0.842411 (0.759600 + 0.082811),0.846734 (0.764100 + 0.082634),0.864156 (0.781200 + 0.082956),0.835308 (0.753300 + 0.082008),0.847420 (0.765000 + 0.082420),0.859938 (0.777600 + 0.082338),0.841310 (0.758700 + 0.082610),0.837807 (0.756000 + 0.081807),0.855070 (0.772200 + 0.082870),0.853323 (0.771300 + 0.082023),0.848506 (0.765900 + 0.082606),0.835360 (0.753300 + 0.082060),0.820224 (0.738900 + 0.081324),0.840482 (0.757800 + 0.082682),0.845393 (0.763200 + 0.082193),0.831004 (0.748800 + 0.082204),0.832400 (0.749700 + 0.082700),0.847100 (0.765900 + 0.081200),0.841200 (0.759600 + 0.081600),0.843446 (0.761400 + 0.082046),0.843340 (0.760500 + 0.082840)
13,0.864156 (0.781200 + 0.082956),0.848506 (0.765900 + 0.082606),0.845807 (0.763200 + 0.082608),0.851079 (0.768600 + 0.082479),0.829862 (0.747000 + 0.082862),0.840669 (0.758700 + 0.081969),0.834812 (0.752400 + 0.082412),0.838924 (0.756900 + 0.082024),0.836133 (0.753300 + 0.082833),0.855333 (0.772200 + 0.083133),0.849662 (0.766800 + 0.082862),0.839391 (0.757800 + 0.081591),0.842785 (0.759600 + 0.083185),0.857746 (0.775800 + 0.081946),0.848650 (0.765900 + 0.082749),0.864150 (0.781200 + 0.082950),0.844929 (0.763200 + 0.081729),0.858434 (0.775800 + 0.082634),0.853143 (0.770400 + 0.082743),0.838420 (0.756000 + 0.082420),0.848381 (0.765900 + 0.082481),0.845104 (0.762300 + 0.082804),0.835490 (0.753300 + 0.082190),0.850220 (0.768600 + 0.081620),0.846848 (0.765000 + 0.081848),0.835145 (0.753300 + 0.081845),0.840468 (0.757800 + 0.082668),0.843091 (0.760500 + 0.082591),0.853882 (0.771300 + 0.082582),0.829678 (0.748800 + 0.080878),0.843498 (0.761400 + 0.082098),0.829632 (0.747000 + 0.082632),0.835763 (0.753300 + 0.082463),0.839918 (0.757800 + 0.082119),0.841051 (0.759600 + 0.081451),0.835747 (0.754200 + 0.081547),0.860550 (0.778500 + 0.082050),0.851088 (0.768600 + 0.082488),0.835684 (0.753300 + 0.082384),0.840473 (0.757800 + 0.082673),0.853909 (0.771300 + 0.082609),0.821182 (0.738900 + 0.082282),0.832956 (0.750600 + 0.082356),0.848526 (0.765900 + 0.082626),0.842344 (0.759600 + 0.082744),0.839481 (0.756900 + 0.082581),0.845184 (0.763200 + 0.081984),0.846053 (0.764100 + 0.081953),0.862333 (0.779400 + 0.082933),0.827682 (0.746100 + 0.081582)
14,0.864156 (0.781200 + 0.082956),0.845026 (0.762300 + 0.082726),0.826643 (0.744300 + 0.082343),0.851892 (0.769500 + 0.082392),0.866848 (0.783900 + 0.082948),0.864281 (0.781200 + 0.083081),0.851088 (0.768600 + 0.082488),0.835800 (0.753300 + 0.082500),0.854956 (0.772200 + 0.082756),0.857796 (0.775800 + 0.081996),0.849622 (0.766800 + 0.082822),0.844165 (0.762300 + 0.081865),0.846154 (0.763200 + 0.082954),0.850196 (0.768600 + 0.081596),0.849970 (0.766800 + 0.083170),0.850274 (0.767700 + 0.082574),0.856954 (0.774000 + 0.082954),0.874066 (0.791100 + 0.082967),0.854026 (0.771300 + 0.082726),0.852725 (0.770400 + 0.082325),0.859621 (0.776700 + 0.082921),0.862333 (0.779400 + 0.082933),0.853909 (0.771300 + 0.082609),0.842077 (0.759600 + 0.082477),0.841576 (0.759600 + 0.081976),0.850588 (0.767700 + 0.082888),0.851143 (0.768600 + 0.082543),0.837282 (0.754200 + 0.083082),0.846578 (0.764100 + 0.082478),0.830409 (0.747900 + 0.082509),0.834812 (0.752400 + 0.082412),0.846053 (0.764100 + 0.081953),0.828408 (0.746100 + 0.082308),0.848786 (0.766800 + 0.081986),0.845119 (0.763200 + 0.081919),0.848650 (0.765900 + 0.082749),0.835747 (0.754200 + 0.081547),0.852140 (0.769500 + 0.082640),0.851550 (0.768600 + 0.082950),0.848650 (0.765900 + 0.082749),0.840669 (0.758700 + 0.081969),0.860605 (0.778500 + 0.082105),0.842750 (0.759600 + 0.083150),0.847421 (0.765000 + 0.082421),0.848987 (0.765900 + 0.083086),0.845258 (0.762300 + 0.082958),0.848313 (0.766800 + 0.081513),0.851743 (0.769500 + 0.082243),0.854887 (0.772200 + 0.082687),0.831063 (0.748800 + 0.082263)
15,0.874066 (0.791100 + 0.082967),0.845367 (0.762300 + 0.083067),0.849178 (0.766800 + 0.082378),0.830398 (0.747900 + 0.082499),0.848925 (0.765900 + 0.083025),0.856731 (0.774000 + 0.082731),0.840943 (0.757800 + 0.083143),0.855736 (0.773100 + 0.082636),0.857930 (0.774900 + 0.083030),0.836452 (0.754200 + 0.082252),0.852184 (0.769500 + 0.082684),0.850472 (0.767700 + 0.082772),0.858352 (0.775800 + 0.082552),0.837986 (0.755100 + 0.082886),0.839327 (0.757800 + 0.081527),0.860605 (0.778500 + 0.082105),0.852875 (0.770400 + 0.082475),0.853282 (0.770400 + 0.082882),0.839855 (0.757800 + 0.082055),0.854315 (0.771300 + 0.083015),0.849410 (0.766800 + 0.082610),0.857796 (0.775800 + 0.081996),0.846911 (0.765000 + 0.081911),0.846427 (0.764100 + 0.082327),0.839879 (0.756900 + 0.082979),0.864106 (0.781200 + 0.082906),0.854592 (0.772200 + 0.082392),0.854284 (0.772200 + 0.082084),0.851395 (0.768600 + 0.082795),0.846377 (0.763200 + 0.083177),0.848945 (0.766800 + 0.082145),0.854156 (0.772200 + 0.081956),0.857401 (0.774900 + 0.082501),0.859697 (0.776700 + 0.082997),0.841608 (0.758700 + 0.082908),0.830419 (0.748800 + 0.081619),0.842587 (0.759600 + 0.082987),0.845875 (0.764100 + 0.081776),0.860824 (0.777600 + 0.083224),0.844517 (0.762300 + 0.082217),0.852296 (0.769500 + 0.082796),0.864281 (0.781200 + 0.083081),0.844205 (0.762300 + 0.081905),0.849176 (0.766800 + 0.082376),0.845102 (0.762300 + 0.082802),0.843316 (0.760500 + 0.082816),0.846422 (0.763200 + 0.083222),0.828055 (0.745200 + 0.082855),0.839977 (0.756900 + 0.083077),0.855114 (0.772200 + 0.082914)
16,0.874066 (0.791100 + 0.082967),0.853284 (0.770400 + 0.082884),0.853380 (0.770400 + 0.082980),0.839991 (0.756900 + 0.083091),0.857740 (0.774900 + 0.082840),0.847930 (0.765900 + 0.082030),0.850472 (0.767700 + 0.082772),0.854973 (0.772200 + 0.082773),0.871102 (0.788400 + 0.082702),0.854315 (0.771300 + 0.083015),0.848575 (0.765900 + 0.082675),0.832557 (0.750600 + 0.081957),0.850563 (0.767700 + 0.082863),0.853336 (0.770400 + 0.082936),0.853774 (0.771300 + 0.082474),0.839879 (0.756900 + 0.082979),0.852444 (0.769500 + 0.082944),0.843141 (0.760500 + 0.082641),0.848938 (0.765900 + 0.083038),0.855015 (0.773100 + 0.081915),0.847458 (0.765000 + 0.082458),0.854963 (0.772200 + 0.082763),0.852702 (0.769500 + 0.083202),0.865685 (0.783000 + 0.082685),0.841199 (0.759600 + 0.081599),0.858639 (0.775800 + 0.082839),0.852310 (0.769500 + 0.082810),0.860824 (0.777600 + 0.083224),0.853746 (0.771300 + 0.082446),0.855855 (0.773100 + 0.082755),0.848245 (0.765000 + 0.083245),0.841430 (0.759600 + 0.081830),0.857059 (0.774900 + 0.082159),0.850429 (0.768600 + 0.081830),0.836102 (0.754200 + 0.081902),0.864106 (0.781200 + 0.082906),0.874066 (0.791100 + 0.082967),0.859454 (0.776700 + 0.082754),0.857020 (0.774000 + 0.083020),0.852808 (0.770400 + 0.082408),0.850048 (0.766800 + 0.083248),0.855231 (0.773100 + 0.082131),0.848352 (0.765900 + 0.082452),0.857930 (0.774900 + 0.083030),0.840712 (0.757800 + 0.082912),0.846846 (0.764100 + 0.082747),0.843097 (0.760500 + 0.082597),0.860076 (0.777600 + 0.082476),0.859342 (0.776700 + 0.082642),0.848552 (0.766800 + 0.081752)
17,0.874066 (0.791100 + 0.082967),0.844990 (0.762300 + 0.082690),0.852440 (0.769500 + 0.082940),0.862340 (0.779400 + 0.082940),0.862628 (0.780300 + 0.082328),0.864849 (0.782100 + 0.082749),0.863547 (0.780300 + 0.083247),0.853712 (0.771300 + 0.082412),0.853198 (0.770400 + 0.082798),0.851920 (0.768600 + 0.083320),0.847349 (0.765000 + 0.082349),0.824302 (0.742500 + 0.081802),0.867463 (0.784800 + 0.082663),0.845926 (0.764100 + 0.081826),0.846681 (0.764100 + 0.082581),0.859893 (0.777600 + 0.082293),0.848420 (0.765900 + 0.082520),0.874066 (0.791100 + 0.082967),0.855726 (0.773100 + 0.082625),0.859342 (0.776700 + 0.082642),0.857930 (0.774900 + 0.083030),0.849433 (0.766800 + 0.082633),0.851347 (0.769500 + 0.081847),0.852292 (0.770400 + 0.081892),0.849833 (0.766800 + 0.083033),0.864106 (0.781200 + 0.082906),0.841715 (0.758700 + 0.083015),0.847903 (0.765900 + 0.082003),0.845839 (0.763200 + 0.082639),0.860076 (0.777600 + 0.082476),0.850429 (0.768600 + 0.081830),0.848521 (0.765900 + 0.082621),0.855992 (0.773100 + 0.082892),0.852750 (0.770400 + 0.082350),0.845959 (0.763200 + 0.082759),0.846857 (0.765000 + 0.081857),0.852296 (0.770400 + 0.081896),0.864234 (0.781200 + 0.083034),0.838264 (0.756000 + 0.082264),0.854059 (0.772200 + 0.081859),0.862223 (0.779400 + 0.082823),0.854156 (0.772200 + 0.081956),0.855736 (0.773100 + 0.082636),0.859472 (0.776700 + 0.082772),0.855821 (0.773100 + 0.082721),0.852117 (0.769500 + 0.082617),0.846675 (0.764100 + 0.082575),0.839613 (0.757800 + 0.081813),0.840666 (0.757800 + 0.082866),0.864903 (0.782100 + 0.082803)
18,0.874066 (0.791100 + 0.082967),0.842337 (0.759600 + 0.082737),0.852597 (0.770400 + 0.082197),0.856989 (0.774900 + 0.082089),0.848822 (0.765900 + 0.082922),0.844205 (0.762300 + 0.081905),0.843902 (0.761400 + 0.082502),0.860286 (0.777600 + 0.082686),0.851483 (0.769500 + 0.081983),0.853177 (0.770400 + 0.082777),0.858290 (0.775800 + 0.082490),0.856471 (0.774000 + 0.082471),0.849474 (0.766800 + 0.082674),0.844255 (0.761400 + 0.082855),0.862327 (0.779400 + 0.082927),0.842048 (0.759600 + 0.082448),0.852766 (0.770400 + 0.082366),0.852886 (0.770400 + 0.082486),0.854384 (0.771300 + 0.083084),0.851564 (0.768600 + 0.082964),0.839545 (0.756900 + 0.082645),0.846538 (0.764100 + 0.082438),0.861814 (0.779400 + 0.082414),0.858757 (0.775800 + 0.082957),0.857517 (0.774900 + 0.082617),0.843604 (0.761400 + 0.082204),0.855155 (0.772200 + 0.082955),0.861414 (0.778500 + 0.082914),0.851441 (0.769500 + 0.081941),0.855992 (0.773100 + 0.082892),0.864167 (0.781200 + 0.082967),0.858491 (0.775800 + 0.082691),0.846927 (0.764100 + 0.082827),0.867612 (0.784800 + 0.082812),0.842381 (0.759600 + 0.082781),0.845084 (0.763200 + 0.081884),0.849583 (0.766800 + 0.082783),0.846859 (0.765000 + 0.081859),0.863087 (0.780300 + 0.082787),0.843259 (0.760500 + 0.082759),0.874066 (0.791100 + 0.082967),0.858054 (0.774900 + 0.083154),0.859265 (0.776700 + 0.082565),0.860465 (0.778500 + 0.081965),0.858753 (0.775800 + 0.082953),0.851644 (0.769500 + 0.082144),0.853128 (0.770400 + 0.082728),0.858208 (0.774900 + 0.083308),0.856503 (0.774900 + 0.081603),0.852420 (0.769500 + 0.082920)
19,0.874066 (0.791100 + 0.082967),0.860286 (0.777600 + 0.082686),0.874066 (0.791100 + 0.082967),0.853018 (0.770400 + 0.082618),0.858363 (0.775800 + 0.082563),0.851386 (0.768600 + 0.082786),0.843225 (0.760500 + 0.082725),0.863391 (0.780300 + 0.083092),0.857930 (0.774900 + 0.083030),0.855684 (0.773100 + 0.082584),0.850645 (0.767700 + 0.082945),0.857829 (0.774900 + 0.082929),0.865090 (0.782100 + 0.082990),0.857585 (0.774900 + 0.082685),0.855138 (0.772200 + 0.082938),0.856310 (0.774000 + 0.082310),0.850297 (0.767700 + 0.082597),0.856222 (0.773100 + 0.083122),0.864003 (0.781200 + 0.082803),0.857841 (0.775800 + 0.082042),0.855947 (0.773100 + 0.082847),0.851090 (0.768600 + 0.082490),0.845358 (0.762300 + 0.083058),0.855651 (0.773100 + 0.082551),0.857841 (0.774900 + 0.082941),0.874066 (0.791100 + 0.082967),0.858054 (0.774900 + 0.083154),0.851313 (0.768600 + 0.082713),0.862065 (0.779400 + 0.082665),0.852853 (0.770400 + 0.082453),0.844428 (0.762300 + 0.082128),0.851395 (0.768600 + 0.082795),0.852441 (0.769500 + 0.082941),0.861414 (0.778500 + 0.082914),0.861414 (0.778500 + 0.082914),0.856476 (0.774000 + 0.082476),0.856094 (0.773100 + 0.082994),0.860713 (0.777600 + 0.083113),0.856806 (0.774000 + 0.082806),0.852247 (0.769500 + 0.082747),0.864600 (0.782100 + 0.082500),0.856810 (0.774000 + 0.082810),0.835856 (0.753300 + 0.082556),0.860394 (0.777600 + 0.082794),0.845098 (0.763200 + 0.081898),0.849876 (0.766800 + 0.083076),0.857113 (0.774900 + 0.082213),0.854234 (0.772200 + 0.082034),0.850194 (0.767700 + 0.082494),0.849482 (0.767700 + 0.081782)
20,0.874066 (0.791100 + 0.082967),0.867647 (0.784800 + 0.082847),0.844146 (0.761400 + 0.082746),0.869621 (0.786600 + 0.083021),0.865036 (0.782100 + 0.082936),0.855196 (0.772200 + 0.082996),0.859444 (0.776700 + 0.082744),0.865923 (0.783000 + 0.082923),0.850503 (0.767700 + 0.082803),0.864425 (0.781200 + 0.083225),0.847019 (0.765000 + 0.082019),0.857841 (0.774900 + 0.082941),0.863391 (0.780300 + 0.083092),0.857894 (0.774900 + 0.082994),0.859703 (0.777600 + 0.082103),0.849883 (0.766800 + 0.083083),0.864052 (0.781200 + 0.082852),0.856392 (0.774000 + 0.082392),0.846160 (0.764100 + 0.082060),0.857744 (0.774900 + 0.082844),0.855062 (0.772200 + 0.082862),0.862065 (0.779400 + 0.082665),0.856721 (0.774000 + 0.082721),0.856094 (0.773100 + 0.082994),0.861414 (0.778500 + 0.082914),0.858085 (0.774900 + 0.083185),0.855845 (0.773100 + 0.082745),0.863162 (0.780300 + 0.082862),0.863474 (0.780300 + 0.083174),0.855949 (0.774000 + 0.081949),0.857841 (0.775800 + 0.082042),0.860773 (0.777600 + 0.083173),0.865017 (0.782100 + 0.082917),0.855972 (0.773100 + 0.082872),0.858668 (0.775800 + 0.082868),0.844028 (0.762300 + 0.081728),0.855003 (0.772200 + 0.082803),0.874066 (0.791100 + 0.082967),0.850174 (0.767700 + 0.082474),0.853838 (0.771300 + 0.082538),0.864790 (0.782100 + 0.082690),0.856992 (0.774000 + 0.082992),0.846112 (0.763200 + 0.082912),0.855841 (0.773100 + 0.082741),0.839014 (0.756900 + 0.082114),0.857841 (0.774900 + 0.082941),0.860713 (0.777600 + 0.083113),0.857930 (0.774900 + 0.083030),0.857933 (0.774900 + 0.083033),0.868662 (0.785700 + 0.082962)
21,0.874066 (0.791100 + 0.082967),0.855427 (0.773100 + 0.082327),0.863289 (0.780300 + 0.082989),0.862650 (0.779400 + 0.083250),0.869039 (0.786600 + 0.082439),0.856173 (0.773100 + 0.083073),0.855215 (0.772200 + 0.083015),0.869109 (0.786600 + 0.082509),0.850803 (0.767700 + 0.083103),0.843420 (0.761400 + 0.082020),0.877323 (0.794700 + 0.082623),0.869578 (0.786600 + 0.082978),0.853327 (0.770400 + 0.082927),0.847670 (0.765000 + 0.082670),0.861418 (0.778500 + 0.082918),0.857744 (0.774900 + 0.082844),0.874066 (0.791100 + 0.082967),0.858403 (0.775800 + 0.082603),0.865890 (0.783000 + 0.082890),0.865090 (0.782100 + 0.082990),0.848028 (0.765000 + 0.083028),0.856732 (0.774000 + 0.082732),0.853534 (0.770400 + 0.083134),0.847622 (0.765000 + 0.082622),0.855823 (0.773100 + 0.082723),0.860276 (0.777600 + 0.082676),0.853574 (0.770400 + 0.083174),0.854147 (0.771300 + 0.082847),0.873974 (0.791100 + 0.082874),0.868662 (0.785700 + 0.082962),0.863391 (0.780300 + 0.083092),0.857892 (0.774900 + 0.082992),0.859772 (0.777600 + 0.082172),0.874066 (0.791100 + 0.082967),0.864425 (0.781200 + 0.083225),0.847743 (0.765000 + 0.082743),0.858892 (0.775800 + 0.083092),0.860621 (0.778500 + 0.082121),0.848580 (0.765900 + 0.082680),0.863344 (0.780300 + 0.083044),0.868764 (0.785700 + 0.083064),0.868662 (0.785700 + 0.082962),0.863474 (0.780300 + 0.083174),0.865982 (0.783000 + 0.082982),0.857626 (0.774900 + 0.082726),0.846066 (0.763200 + 0.082866),0.865769 (0.783000 + 0.082769),0.847777 (0.765000 + 0.082777),0.861179 (0.778500 + 0.082679),0.858575 (0.775800 + 0.082775)
22,0.877323 (0.794700 + 0.082623),0.856028 (0.773100 + 0.082928),0.857083 (0.774000 + 0.083083),0.852540 (0.769500 + 0.083040),0.851954 (0.769500 + 0.082454),0.850398 (0.767700 + 0.082698),0.854647 (0.772200 + 0.082447),0.868662 (0.785700 + 0.082962),0.860621 (0.778500 + 0.082121),0.860801 (0.777600 + 0.083201),0.868662 (0.785700 + 0.082962),0.854997 (0.772200 + 0.082797),0.862310 (0.780300 + 0.082010),0.850931 (0.768600 + 0.082331),0.849425 (0.766800 + 0.082626),0.858892 (0.775800 + 0.083092),0.858892 (0.775800 + 0.083092),0.856226 (0.774000 + 0.082226),0.863588 (0.780300 + 0.083288),0.869039 (0.786600 + 0.082439),0.856829 (0.774000 + 0.082829),0.874066 (0.791100 + 0.082967),0.854926 (0.772200 + 0.082726),0.856961 (0.774000 + 0.082961),0.858093 (0.775800 + 0.082293),0.866766 (0.783900 + 0.082866),0.856128 (0.774000 + 0.082128),0.856810 (0.774000 + 0.082810),0.859659 (0.776700 + 0.082959),0.856939 (0.774000 + 0.082939),0.862503 (0.779400 + 0.083103),0.858599 (0.775800 + 0.082799),0.861020 (0.778500 + 0.082520),0.871368 (0.788400 + 0.082968),0.876433 (0.793800 + 0.082633),0.860622 (0.777600 + 0.083022),0.857832 (0.774900 + 0.082932),0.855861 (0.773100 + 0.082761),0.868662 (0.785700 + 0.082962),0.860385 (0.777600 + 0.082785),0.865918 (0.783000 + 0.082918),0.866775 (0.783900 + 0.082875),0.862091 (0.779400 + 0.082691),0.861133 (0.778500 + 0.082633),0.847562 (0.765000 + 0.082562),0.863391 (0.780300 + 0.083092),0.860937 (0.778500 + 0.082437),0.859568 (0.776700 + 0.082868),0.874688 (0.792000 + 0.082688),0.864993 (0.782100 + 0.082893)
23,0.877323 (0.794700 + 0.082623),0.861133 (0.778500 + 0.082633),0.850759 (0.768600 + 0.082159),0.876433 (0.793800 + 0.082633),0.861803 (0.779400 + 0.082403),0.855523 (0.773100 + 0.082423),0.865982 (0.783000 + 0.082982),0.857748 (0.774900 + 0.082848),0.853087 (0.770400 + 0.082687),0.856635 (0.774000 + 0.082635),0.855017 (0.773100 + 0.081917),0.867714 (0.784800 + 0.082914),0.867612 (0.784800 + 0.082812),0.860549 (0.777600 + 0.082949),0.860678 (0.778500 + 0.082179),0.872021 (0.789300 + 0.082722),0.857764 (0.774900 + 0.082864),0.856596 (0.774000 + 0.082596),0.864854 (0.782100 + 0.082754),0.857580 (0.774900 + 0.082680),0.858483 (0.775800 + 0.082683),0.846180 (0.763200 + 0.082981),0.861991 (0.779400 + 0.082591),0.872272 (0.789300 + 0.082972),0.851827 (0.769500 + 0.082327),0.862503 (0.779400 + 0.083103),0.859568 (0.776700 + 0.082868),0.864259 (0.781200 + 0.083059),0.851710 (0.769500 + 0.082210),0.864041 (0.781200 + 0.082841),0.848120 (0.765000 + 0.083120),0.868625 (0.785700 + 0.082925),0.877355 (0.794700 + 0.082655),0.859794 (0.776700 + 0.083094),0.858661 (0.775800 + 0.082861),0.868662 (0.785700 + 0.082962),0.863391 (0.780300 + 0.083092),0.852439 (0.769500 + 0.082939),0.865084 (0.782100 + 0.082984),0.850580 (0.767700 + 0.082880),0.853279 (0.770400 + 0.082879),0.865670 (0.783000 + 0.082670),0.869429 (0.786600 + 0.082829),0.865165 (0.782100 + 0.083065),0.858444 (0.775800 + 0.082644),0.868662 (0.785700 + 0.082962),0.865918 (0.783000 + 0.082918),0.866820 (0.783900 + 0.082920),0.869844 (0.786600 + 0.083244),0.846637 (0.764100 + 0.082537)
24,0.877355 (0.794700 + 0.082655),0.855777 (0.773100 + 0.082677),0.870172 (0.787500 + 0.082672),0.848536 (0.765900 + 0.082636),0.863027 (0.780300 + 0.082727),0.852346 (0.769500 + 0.082846),0.868388 (0.785700 + 0.082688),0.871077 (0.788400 + 0.082677),0.869498 (0.786600 + 0.082898),0.859247 (0.776700 + 0.082547),0.853087 (0.770400 + 0.082687),0.864971 (0.783000 + 0.081971),0.867631 (0.784800 + 0.082832),0.858489 (0.775800 + 0.082689),0.845147 (0.762300 + 0.082847),0.856722 (0.774000 + 0.082722),0.868002 (0.784800 + 0.083202),0.863092 (0.780300 + 0.082792),0.859689 (0.776700 + 0.082989),0.865149 (0.782100 + 0.083050),0.863588 (0.780300 + 0.083288),0.851585 (0.768600 + 0.082986),0.857055 (0.774000 + 0.083055),0.864064 (0.781200 + 0.082864),0.862143 (0.779400 + 0.082743),0.856876 (0.774000 + 0.082876),0.862266 (0.779400 + 0.082866),0.877355 (0.794700 + 0.082655),0.855790 (0.773100 + 0.082690),0.862944 (0.780300 + 0.082644),0.840594 (0.757800 + 0.082794),0.866820 (0.783900 + 0.082920),0.849853 (0.767700 + 0.082153),0.858902 (0.775800 + 0.083102),0.865792 (0.783000 + 0.082792),0.866197 (0.783000 + 0.083197),0.856543 (0.774000 + 0.082543),0.864842 (0.782100 + 0.082742),0.854847 (0.772200 + 0.082647),0.852700 (0.769500 + 0.083200),0.867434 (0.784800 + 0.082634),0.853337 (0.771300 + 0.082037),0.859566 (0.776700 + 0.082866),0.860112 (0.777600 + 0.082512),0.858828 (0.775800 + 0.083028),0.849519 (0.766800 + 0.082719),0.866719 (0.783900 + 0.082819),0.875565 (0.792900 + 0.082665),0.871071 (0.788400 + 0.082670),0.859911 (0.776700 + 0.083211)
25,0.877355 (0.794700 + 0.082655),0.857859 (0.775800 + 0.082060),0.869498 (0.786600 + 0.082898),0.842137 (0.759600 + 0.082537),0.874244 (0.791100 + 0.083144),0.850595 (0.767700 + 0.082895),0.855777 (0.773100 + 0.082677),0.864309 (0.781200 + 0.083109),0.857355 (0.774900 + 0.082455),0.865800 (0.783000 + 0.082800),0.857261 (0.774900 + 0.082361),0.862124 (0.779400 + 0.082724),0.861799 (0.778500 + 0.083299),0.864658 (0.782100 + 0.082558),0.860707 (0.777600 + 0.083107),0.865323 (0.782100 + 0.083223),0.864713 (0.782100 + 0.082613),0.847670 (0.765000 + 0.082670),0.856477 (0.774000 + 0.082477),0.857679 (0.774900 + 0.082779),0.863588 (0.780300 + 0.083288),0.861148 (0.778500 + 0.082648),0.864064 (0.781200 + 0.082864),0.864100 (0.781200 + 0.082900),0.848019 (0.765900 + 0.082119),0.869138 (0.786600 + 0.082538),0.854184 (0.771300 + 0.082884),0.869576 (0.786600 + 0.082976),0.869564 (0.786600 + 0.082964),0.866651 (0.783900 + 0.082751),0.862302 (0.779400 + 0.082902),0.871818 (0.789300 + 0.082518),0.844551 (0.761400 + 0.083151),0.864448 (0.781200 + 0.083248),0.855074 (0.772200 + 0.082874),0.867152 (0.783900 + 0.083252),0.866770 (0.783900 + 0.082870),0.859423 (0.776700 + 0.082723),0.846032 (0.764100 + 0.081932),0.863027 (0.780300 + 0.082727),0.853337 (0.771300 + 0.082037),0.872009 (0.789300 + 0.082709),0.864964 (0.782100 + 0.082864),0.864298 (0.781200 + 0.083098),0.865149 (0.782100 + 0.083050),0.863436 (0.780300 + 0.083136),0.862984 (0.780300 + 0.082684),0.865730 (0.783000 + 0.082730),0.860085 (0.777600 + 0.082485),0.865068 (0.782100 + 0.082968)
26,0.877355 (0.794700 + 0.082655),0.869697 (0.786600 + 0.083097),0.858689 (0.775800 + 0.082889),0.861097 (0.778500 + 0.082597),0.869396 (0.786600 + 0.082796),0.857098 (0.774000 + 0.083097),0.861318 (0.778500 + 0.082818),0.861335 (0.778500 + 0.082835),0.858853 (0.775800 + 0.083053),0.865057 (0.782100 + 0.082957),0.841175 (0.758700 + 0.082475),0.865018 (0.782100 + 0.082918),0.866820 (0.783900 + 0.082920),0.857070 (0.774000 + 0.083070),0.856279 (0.773100 + 0.083179),0.861191 (0.778500 + 0.082691),0.868507 (0.785700 + 0.082807),0.849630 (0.766800 + 0.082830),0.853337 (0.771300 + 0.082037),0.848782 (0.765900 + 0.082882),0.873507 (0.791100 + 0.082407),0.860832 (0.777600 + 0.083232),0.859479 (0.776700 + 0.082779),0.865049 (0.782100 + 0.082949),0.866370 (0.783900 + 0.082470),0.856330 (0.774000 + 0.082330),0.870172 (0.787500 + 0.082672),0.859230 (0.776700 + 0.082530),0.853293 (0.770400 + 0.082893),0.848792 (0.765900 + 0.082892),0.858140 (0.774900 + 0.083240),0.855669 (0.773100 + 0.082569),0.865757 (0.783000 + 0.082757),0.863409 (0.780300 + 0.083109),0.863464 (0.780300 + 0.083164),0.863069 (0.780300 + 0.082769),0.855805 (0.773100 + 0.082705),0.871674 (0.789300 + 0.082374),0.866751 (0.783900 + 0.082851),0.859618 (0.776700 + 0.082918),0.855543 (0.773100 + 0.082443),0.863925 (0.781200 + 0.082725),0.853510 (0.771300 + 0.082210),0.853507 (0.771300 + 0.082207),0.849680 (0.766800 + 0.082880),0.871818 (0.789300 + 0.082518),0.869576 (0.786600 + 0.082976),0.854983 (0.772200 + 0.082783),0.862154 (0.779400 + 0.082754),0.867030 (0.783900 + 0.083130)
27,0.877355 (0.794700 + 0.082655),0.861335 (0.778500 + 0.082835),0.859166 (0.776700 + 0.082466),0.863192 (0.780300 + 0.082892),0.863403 (0.780300 + 0.083103),0.852802 (0.770400 + 0.082402),0.866535 (0.783900 + 0.082635),0.868646 (0.785700 + 0.082946),0.851163 (0.768600 + 0.082563),0.854630 (0.772200 + 0.082430),0.853010 (0.770400 + 0.082610),0.858495 (0.775800 + 0.082695),0.864426 (0.782100 + 0.082326),0.871792 (0.789300 + 0.082492),0.848885 (0.765900 + 0.082985),0.871818 (0.789300 + 0.082518),0.866820 (0.783900 + 0.082920),0.858967 (0.775800 + 0.083167),0.863066 (0.780300 + 0.082766),0.858438 (0.775800 + 0.082638),0.859531 (0.776700 + 0.082831),0.853332 (0.770400 + 0.082932),0.861556 (0.778500 + 0.083056),0.869697 (0.786600 + 0.083097),0.870009 (0.787500 + 0.082509),0.869632 (0.786600 + 0.083032),0.854853 (0.772200 + 0.082653),0.857677 (0.774900 + 0.082777),0.856092 (0.773100 + 0.082992),0.864605 (0.781200 + 0.083405),0.864267 (0.781200 + 0.083067),0.858140 (0.774900 + 0.083240),0.865049 (0.782100 + 0.082949),0.868507 (0.785700 + 0.082807),0.852608 (0.769500 + 0.083108),0.852963 (0.770400 + 0.082563),0.865110 (0.782100 + 0.083010),0.873507 (0.791100 + 0.082407),0.867030 (0.783900 + 0.083130),0.862228 (0.779400 + 0.082828),0.859275 (0.776700 + 0.082575),0.852390 (0.769500 + 0.082890),0.846101 (0.763200 + 0.082901),0.852202 (0.769500 + 0.082702),0.855902 (0.773100 + 0.082802),0.863917 (0.781200 + 0.082717),0.861707 (0.779400 + 0.082307),0.856330 (0.774000 + 0.082330),0.861191 (0.778500 + 0.082691),0.873026 (0.790200 + 0.082826)
28,0.877355 (0.794700 + 0.082655),0.878356 (0.795600 + 0.082756),0.849594 (0.766800 + 0.082794),0.876531 (0.793800 + 0.082731),0.860405 (0.777600 + 0.082805),0.862253 (0.779400 + 0.082853),0.865731 (0.783000 + 0.082731),0.873026 (0.790200 + 0.082826),0.867030 (0.783900 + 0.083130),0.860111 (0.777600 + 0.082511),0.857083 (0.774000 + 0.083083),0.865292 (0.783000 + 0.082292),0.860820 (0.777600 + 0.083220),0.850978 (0.768600 + 0.082378),0.859556 (0.776700 + 0.082856),0.873507 (0.791100 + 0.082407),0.866535 (0.783900 + 0.082635),0.858756 (0.775800 + 0.082956),0.855061 (0.772200 + 0.082861),0.852057 (0.769500 + 0.082557),0.858164 (0.774900 + 0.083264),0.863403 (0.780300 + 0.083103),0.861556 (0.778500 + 0.083056),0.854130 (0.771300 + 0.082830),0.860385 (0.777600 + 0.082785),0.861674 (0.779400 + 0.082274),0.847802 (0.765000 + 0.082802),0.869413 (0.786600 + 0.082813),0.861810 (0.779400 + 0.082410),0.856914 (0.774000 + 0.082914),0.859335 (0.776700 + 0.082635),0.864794 (0.782100 + 0.082694),0.860990 (0.778500 + 0.082490),0.858867 (0.775800 + 0.083067),0.855306 (0.772200 + 0.083106),0.863201 (0.780300 + 0.082901),0.856649 (0.774000 + 0.082649),0.851444 (0.768600 + 0.082844),0.855978 (0.773100 + 0.082878),0.853447 (0.771300 + 0.082147),0.856192 (0.773100 + 0.083092),0.864780 (0.782100 + 0.082680),0.861303 (0.778500 + 0.082803),0.870855 (0.788400 + 0.082455),0.859944 (0.777600 + 0.082344),0.859644 (0.777600 + 0.082045),0.857841 (0.774900 + 0.082941),0.856809 (0.774000 + 0.082809),0.858134 (0.775800 + 0.082334),0.865823 (0.783000 + 0.082823)
29,0.878356 (0.795600 + 0.082756),0.861139 (0.778500 + 0.082639),0.853804 (0.771300 + 0.082504),0.862129 (0.779400 + 0.082729),0.862204 (0.779400 + 0.082805),0.851369 (0.768600 + 0.082769),0.851142 (0.768600 + 0.082542),0.861553 (0.778500 + 0.083053),0.852437 (0.770400 + 0.082037),0.868127 (0.785700 + 0.082427),0.856481 (0.774900 + 0.081581),0.867030 (0.783900 + 0.083130),0.865823 (0.783000 + 0.082823),0.848963 (0.765900 + 0.083063),0.846939 (0.765000 + 0.081939),0.846764 (0.764100 + 0.082664),0.865829 (0.783000 + 0.082829),0.870135 (0.787500 + 0.082635),0.864974 (0.782100 + 0.082874),0.876531 (0.793800 + 0.082731),0.860820 (0.777600 + 0.083220),0.865143 (0.782100 + 0.083043),0.867487 (0.784800 + 0.082687),0.863857 (0.781200 + 0.082657),0.856829 (0.774000 + 0.082829),0.869033 (0.786600 + 0.082433),0.870203 (0.787500 + 0.082703),0.862356 (0.779400 + 0.082956),0.868112 (0.785700 + 0.082412),0.867030 (0.783900 + 0.083130),0.867030 (0.783900 + 0.083130),0.868723 (0.785700 + 0.083023),0.859274 (0.776700 + 0.082575),0.860111 (0.777600 + 0.082511),0.852057 (0.769500 + 0.082557),0.865731 (0.783000 + 0.082731),0.865731 (0.783000 + 0.082731),0.866535 (0.783900 + 0.082635),0.863403 (0.780300 + 0.083103),0.855757 (0.773100 + 0.082657),0.856797 (0.774000 + 0.082797),0.861586 (0.779400 + 0.082186),0.845284 (0.762300 + 0.082984),0.845577 (0.763200 + 0.082377),0.860197 (0.777600 + 0.082597),0.861556 (0.778500 + 0.083056),0.855306 (0.772200 + 0.083106),0.875211 (0.792900 + 0.082311),0.859618 (0.776700 + 0.082918),0.866558 (0.783900 + 0.082658)
30,0.878356 (0.795600 + 0.082756),0.867497 (0.784800 + 0.082697),0.869365 (0.786600 + 0.082765),0.853995 (0.771300 + 0.082695),0.854204 (0.771300 + 0.082904),0.867030 (0.783900 + 0.083130),0.860775 (0.778500 + 0.082275),0.869033 (0.786600 + 0.082433),0.845475 (0.763200 + 0.082275),0.872920 (0.790200 + 0.082720),0.855167 (0.773100 + 0.082067),0.864164 (0.781200 + 0.082964),0.852297 (0.769500 + 0.082797),0.863857 (0.781200 + 0.082657),0.869142 (0.786600 + 0.082542),0.862928 (0.780300 + 0.082628),0.857648 (0.774900 + 0.082748),0.864066 (0.781200 + 0.082866),0.865538 (0.783000 + 0.082538),0.869247 (0.786600 + 0.082647),0.856723 (0.774000 + 0.082723),0.861892 (0.779400 + 0.082492),0.854944 (0.772200 + 0.082744),0.845109 (0.763200 + 0.081909),0.868413 (0.785700 + 0.082713),0.853360 (0.771300 + 0.082060),0.846792 (0.765000 + 0.081792),0.865351 (0.783000 + 0.082351),0.852486 (0.770400 + 0.082086),0.865725 (0.783000 + 0.082725),0.853681 (0.771300 + 0.082381),0.860048 (0.777600 + 0.082448),0.863634 (0.780300 + 0.083334),0.866059 (0.783000 + 0.083059),0.873789 (0.791100 + 0.082689),0.875523 (0.792900 + 0.082623),0.863435 (0.781200 + 0.082236),0.864310 (0.782100 + 0.082210),0.860820 (0.777600 + 0.083220),0.862033 (0.779400 + 0.082633),0.867334 (0.784800 + 0.082534),0.857101 (0.774000 + 0.083101),0.861271 (0.778500 + 0.082771),0.857727 (0.774900 + 0.082827),0.861286 (0.778500 + 0.082786),0.866558 (0.783900 + 0.082658),0.851369 (0.768600 + 0.082769),0.858831 (0.775800 + 0.083031),0.863272 (0.780300 + 0.082973),0.868118 (0.785700 + 0.082418)
31,0.878356 (0.795600 + 0.082756),0.853877 (0.771300 + 0.082577),0.845240 (0.763200 + 0.082040),0.863249 (0.780300 + 0.082949),0.867358 (0.784800 + 0.082558),0.858336 (0.775800 + 0.082536),0.858818 (0.776700 + 0.082118),0.854433 (0.771300 + 0.083133),0.868152 (0.785700 + 0.082452),0.864164 (0.781200 + 0.082964),0.858472 (0.775800 + 0.082672),0.862694 (0.780300 + 0.082394),0.848938 (0.766800 + 0.082138),0.877377 (0.794700 + 0.082677),0.878368 (0.795600 + 0.082768),0.860046 (0.777600 + 0.082446),0.868662 (0.785700 + 0.082962),0.872920 (0.790200 + 0.082720),0.862928 (0.780300 + 0.082628),0.865024 (0.782100 + 0.082924),0.854866 (0.772200 + 0.082666),0.875523 (0.792900 + 0.082623),0.858474 (0.775800 + 0.082674),0.868279 (0.785700 + 0.082579),0.855153 (0.773100 + 0.082053),0.860528 (0.777600 + 0.082928),0.859832 (0.776700 + 0.083132),0.860150 (0.777600 + 0.082550),0.848229 (0.765000 + 0.083229),0.863341 (0.780300 + 0.083041),0.868515 (0.785700 + 0.082815),0.849257 (0.766800 + 0.082457),0.862508 (0.779400 + 0.083108),0.863989 (0.781200 + 0.082790),0.861757 (0.778500 + 0.083257),0.857263 (0.774900 + 0.082363),0.850370 (0.767700 + 0.082670),0.866619 (0.783900 + 0.082719),0.857892 (0.774900 + 0.082992),0.867721 (0.784800 + 0.082921),0.865710 (0.783000 + 0.082710),0.861098 (0.778500 + 0.082598),0.848065 (0.765000 + 0.083065),0.859545 (0.776700 + 0.082846),0.871722 (0.789300 + 0.082422),0.867123 (0.783900 + 0.083223),0.871490 (0.789300 + 0.082190),0.859336 (0.776700 + 0.082637),0.867566 (0.784800 + 0.082766),0.859473 (0.777600 + 0.081873)
32,0.878368 (0.795600 + 0.082768),0.861751 (0.779400 + 0.082351),0.861997 (0.779400 + 0.082597),0.862671 (0.780300 + 0.082371),0.862950 (0.780300 + 0.082650),0.850719 (0.768600 + 0.082119),0.872870 (0.790200 + 0.082670),0.861109 (0.778500 + 0.082609),0.858228 (0.775800 + 0.082428),0.865426 (0.783000 + 0.082426),0.860234 (0.777600 + 0.082634),0.861779 (0.779400 + 0.082379),0.857316 (0.774000 + 0.083316),0.862736 (0.780300 + 0.082436),0.866334 (0.783900 + 0.082434),0.870013 (0.787500 + 0.082513),0.859950 (0.776700 + 0.083250),0.846254 (0.763200 + 0.083054),0.870724 (0.788400 + 0.082324),0.860991 (0.778500 + 0.082491),0.864037 (0.781200 + 0.082837),0.841026 (0.758700 + 0.082326),0.871943 (0.789300 + 0.082643),0.847592 (0.765000 + 0.082592),0.869338 (0.786600 + 0.082738),0.869859 (0.787500 + 0.082359),0.858046 (0.775800 + 0.082246),0.877377 (0.794700 + 0.082677),0.872920 (0.790200 + 0.082720),0.867185 (0.784800 + 0.082385),0.852334 (0.769500 + 0.082834),0.854054 (0.772200 + 0.081854),0.855767 (0.773100 + 0.082667),0.870611 (0.787500 + 0.083111),0.861868 (0.779400 + 0.082468),0.861206 (0.778500 + 0.082706),0.857195 (0.774900 + 0.082295),0.853445 (0.770400 + 0.083045),0.862928 (0.780300 + 0.082628),0.860319 (0.777600 + 0.082719),0.874638 (0.792000 + 0.082638),0.858823 (0.775800 + 0.083023),0.857460 (0.774900 + 0.082560),0.859082 (0.776700 + 0.082382),0.867489 (0.784800 + 0.082690),0.873274 (0.790200 + 0.083074),0.868208 (0.785700 + 0.082508),0.851417 (0.769500 + 0.081916),0.850846 (0.768600 + 0.082246),0.869182 (0.786600 + 0.082582)
33,0.878368 (0.795600 + 0.082768),0.874028 (0.791100 + 0.082928),0.853751 (0.771300 + 0.082451),0.851142 (0.768600 + 0.082542),0.859062 (0.776700 + 0.082362),0.851336 (0.768600 + 0.082737),0.865230 (0.783000 + 0.082230),0.859778 (0.777600 + 0.082178),0.858699 (0.775800 + 0.082899),0.860716 (0.778500 + 0.082216),0.864027 (0.781200 + 0.082827),0.872552 (0.790200 + 0.082352),0.862895 (0.779400 + 0.083495),0.866857 (0.783900 + 0.082957),0.871226 (0.788400 + 0.082826),0.872915 (0.790200 + 0.082715),0.855399 (0.773100 + 0.082299),0.857884 (0.775800 + 0.082084),0.862525 (0.780300 + 0.082225),0.872920 (0.790200 + 0.082720),0.855659 (0.773100 + 0.082559),0.870724 (0.788400 + 0.082324),0.839941 (0.756900 + 0.083041),0.858145 (0.775800 + 0.082345),0.854651 (0.772200 + 0.082451),0.857545 (0.774900 + 0.082645),0.863920 (0.782100 + 0.081820),0.873274 (0.790200 + 0.083074),0.866091 (0.783900 + 0.082191),0.861237 (0.778500 + 0.082737),0.870699 (0.788400 + 0.082299),0.841168 (0.758700 + 0.082468),0.869182 (0.786600 + 0.082582),0.862486 (0.780300 + 0.082186),0.867287 (0.784800 + 0.082487),0.874638 (0.792000 + 0.082638),0.861997 (0.779400 + 0.082597),0.861779 (0.779400 + 0.082379),0.860234 (0.777600 + 0.082634),0.877318 (0.794700 + 0.082618),0.851383 (0.769500 + 0.081883),0.848580 (0.765900 + 0.082680),0.864757 (0.782100 + 0.082657),0.850297 (0.767700 + 0.082597),0.857191 (0.774900 + 0.082291),0.859999 (0.777600 + 0.082399),0.856685 (0.774000 + 0.082685),0.868901 (0.786600 + 0.082301),0.865426 (0.783000 + 0.082426),0.863254 (0.780300 + 0.082954)
34,0.878368 (0.795600 + 0.082768),0.879048 (0.796500 + 0.082548),0.863926 (0.781200 + 0.082726),0.860228 (0.777600 + 0.082628),0.861237 (0.778500 + 0.082737),0.870050 (0.787500 + 0.082550),0.866846 (0.784800 + 0.082046),0.866548 (0.783900 + 0.082648),0.861282 (0.779400 + 0.081882),0.872119 (0.789300 + 0.082819),0.854655 (0.772200 + 0.082455),0.867593 (0.784800 + 0.082793),0.860419 (0.777600 + 0.082819),0.872043 (0.789300 + 0.082743),0.868498 (0.785700 + 0.082798),0.859127 (0.775800 + 0.083327),0.867794 (0.784800 + 0.082994),0.871158 (0.788400 + 0.082758),0.856716 (0.774000 + 0.082716),0.867187 (0.784800 + 0.082387),0.863723 (0.781200 + 0.082523),0.863568 (0.781200 + 0.082369),0.858046 (0.775800 + 0.082246),0.854210 (0.772200 + 0.082010),0.853663 (0.771300 + 0.082363),0.868207 (0.785700 + 0.082507),0.863094 (0.781200 + 0.081894),0.852429 (0.770400 + 0.082029),0.869182 (0.786600 + 0.082582),0.861275 (0.778500 + 0.082775),0.867358 (0.784800 + 0.082558),0.868237 (0.785700 + 0.082537),0.861403 (0.779400 + 0.082003),0.847571 (0.765000 + 0.082571),0.871790 (0.789300 + 0.082490),0.858437 (0.775800 + 0.082637),0.848102 (0.765900 + 0.082202),0.868084 (0.785700 + 0.082384),0.860140 (0.777600 + 0.082540),0.856415 (0.774000 + 0.082415),0.876401 (0.793800 + 0.082601),0.864921 (0.782100 + 0.082821),0.862000 (0.779400 + 0.082600),0.857693 (0.774900 + 0.082793),0.865487 (0.783000 + 0.082487),0.871453 (0.788400 + 0.083053),0.867479 (0.784800 + 0.082679),0.854818 (0.772200 + 0.082618),0.865074 (0.783000 + 0.082073),0.849818 (0.767700 + 0.082118)
35,0.879048 (0.796500 + 0.082548),0.871453 (0.788400 + 0.083053),0.871790 (0.789300 + 0.082490),0.844658 (0.762300 + 0.082358),0.865880 (0.783900 + 0.081980),0.865534 (0.783000 + 0.082534),0.857705 (0.775800 + 0.081905),0.868360 (0.786600 + 0.081760),0.859589 (0.776700 + 0.082889),0.855415 (0.773100 + 0.082315),0.866339 (0.783900 + 0.082439),0.863649 (0.781200 + 0.082449),0.867457 (0.784800 + 0.082657),0.843933 (0.761400 + 0.082533),0.856699 (0.774000 + 0.082699),0.859230 (0.776700 + 0.082530),0.866575 (0.783900 + 0.082675),0.864103 (0.781200 + 0.082903),0.865658 (0.783000 + 0.082658),0.861835 (0.779400 + 0.082435),0.851200 (0.768600 + 0.082600),0.878795 (0.796500 + 0.082295),0.869553 (0.786600 + 0.082953),0.861538 (0.778500 + 0.083038),0.858910 (0.776700 + 0.082210),0.856720 (0.774000 + 0.082720),0.858166 (0.775800 + 0.082366),0.856278 (0.774000 + 0.082278),0.866470 (0.783900 + 0.082570),0.847043 (0.764100 + 0.082943),0.872812 (0.790200 + 0.082612),0.864027 (0.781200 + 0.082827),0.860644 (0.778500 + 0.082144),0.869182 (0.786600 + 0.082582),0.869182 (0.786600 + 0.082582),0.857226 (0.774000 + 0.083226),0.868352 (0.785700 + 0.082652),0.850824 (0.768600 + 0.082224),0.867072 (0.784800 + 0.082272),0.858949 (0.776700 + 0.082249),0.851001 (0.768600 + 0.082401),0.856867 (0.774900 + 0.081967),0.848557 (0.766800 + 0.081757),0.865297 (0.782100 + 0.083197),0.868321 (0.785700 + 0.082621),0.857697 (0.775800 + 0.081897),0.853774 (0.771300 + 0.082474),0.867619 (0.784800 + 0.082819),0.857438 (0.774900 + 0.082538),0.872192 (0.789300 + 0.082892)
36,0.879048 (0.796500 + 0.082548),0.858679 (0.776700 + 0.081979),0.857418 (0.774900 + 0.082518),0.852890 (0.770400 + 0.082490),0.860623 (0.777600 + 0.083023),0.855566 (0.773100 + 0.082466),0.863924 (0.782100 + 0.081824),0.855268 (0.772200 + 0.083068),0.859721 (0.776700 + 0.083021),0.864009 (0.781200 + 0.082809),0.851414 (0.768600 + 0.082814),0.871226 (0.788400 + 0.082826),0.849303 (0.766800 + 0.082503),0.861305 (0.778500 + 0.082806),0.862610 (0.780300 + 0.082310),0.867697 (0.785700 + 0.081997),0.833948 (0.751500 + 0.082448),0.868441 (0.785700 + 0.082741),0.860533 (0.778500 + 0.082033),0.858797 (0.776700 + 0.082097),0.869012 (0.786600 + 0.082412),0.871150 (0.788400 + 0.082750),0.859825 (0.777600 + 0.082225),0.866143 (0.783900 + 0.082243),0.870167 (0.788400 + 0.081767),0.864246 (0.781200 + 0.083046),0.866244 (0.783900 + 0.082344),0.853162 (0.770400 + 0.082762),0.861344 (0.779400 + 0.081943),0.856425 (0.774000 + 0.082425),0.867923 (0.785700 + 0.082223),0.860896 (0.778500 + 0.082396),0.854191 (0.772200 + 0.081991),0.858803 (0.776700 + 0.082103),0.863337 (0.780300 + 0.083037),0.869282 (0.787500 + 0.081782),0.855409 (0.773100 + 0.082309),0.865524 (0.783000 + 0.082524),0.860082 (0.777600 + 0.082482),0.868277 (0.786600 + 0.081677),0.857994 (0.775800 + 0.082194),0.867072 (0.784800 + 0.082272),0.869182 (0.786600 + 0.082582),0.861812 (0.779400 + 0.082412),0.872069 (0.789300 + 0.082769),0.863107 (0.781200 + 0.081907),0.863029 (0.780300 + 0.082729),0.852751 (0.770400 + 0.082351),0.879977 (0.797400 + 0.082577),0.863680 (0.781200 + 0.082480)
37,0.879977 (0.797400 + 0.082577),0.860536 (0.777600 + 0.082936),0.857772 (0.774900 + 0.082872),0.856502 (0.774000 + 0.082502),0.843104 (0.761400 + 0.081704),0.857402 (0.774900 + 0.082502),0.852046 (0.769500 + 0.082546),0.867652 (0.785700 + 0.081952),0.865694 (0.783900 + 0.081794),0.854071 (0.772200 + 0.081871),0.858617 (0.776700 + 0.081917),0.861948 (0.779400 + 0.082548),0.851421 (0.768600 + 0.082821),0.867072 (0.784800 + 0.082272),0.857994 (0.775800 + 0.082194),0.864492 (0.782100 + 0.082392),0.857235 (0.774900 + 0.082335),0.848950 (0.766800 + 0.082150),0.852666 (0.770400 + 0.082266),0.863678 (0.781200 + 0.082478),0.862726 (0.780300 + 0.082426),0.862601 (0.780300 + 0.082301),0.856727 (0.774900 + 0.081827),0.860009 (0.777600 + 0.082409),0.856508 (0.774000 + 0.082508),0.860887 (0.778500 + 0.082387),0.853474 (0.771300 + 0.082174),0.840654 (0.758700 + 0.081954),0.864839 (0.782100 + 0.082739),0.863498 (0.781200 + 0.082298),0.861988 (0.779400 + 0.082588),0.870451 (0.787500 + 0.082951),0.855382 (0.773100 + 0.082282),0.861461 (0.779400 + 0.082061),0.859479 (0.776700 + 0.082779),0.865046 (0.783000 + 0.082046),0.854755 (0.772200 + 0.082555),0.864276 (0.782100 + 0.082176),0.879746 (0.797400 + 0.082346),0.848808 (0.766800 + 0.082008),0.846870 (0.764100 + 0.082770),0.856014 (0.773100 + 0.082914),0.870183 (0.787500 + 0.082683),0.869500 (0.786600 + 0.082900),0.860044 (0.777600 + 0.082444),0.857628 (0.774900 + 0.082728),0.856798 (0.774900 + 0.081898),0.848593 (0.766800 + 0.081794),0.864891 (0.782100 + 0.082791),0.868277 (0.786600 + 0.081677)
38,0.879977 (0.797400 + 0.082577),0.854797 (0.772200 + 0.082597),0.858521 (0.775800 + 0.082721),0.865694 (0.783900 + 0.081794),0.865694 (0.783900 + 0.081794),0.872550 (0.790200 + 0.082350),0.859135 (0.777600 + 0.081535),0.862114 (0.779400 + 0.082714),0.847845 (0.765900 + 0.081945),0.860722 (0.778500 + 0.082222),0.868814 (0.786600 + 0.082214),0.852616 (0.770400 + 0.082216),0.860688 (0.778500 + 0.082188),0.858660 (0.775800 + 0.082860),0.872800 (0.790200 + 0.082600),0.857678 (0.775800 + 0.081878),0.862726 (0.780300 + 0.082426),0.872097 (0.790200 + 0.081897),0.848738 (0.765900 + 0.082838),0.867228 (0.784800 + 0.082428),0.865680 (0.783000 + 0.082680),0.852589 (0.770400 + 0.082189),0.876076 (0.793800 + 0.082276),0.872450 (0.790200 + 0.082250),0.857484 (0.774900 + 0.082584),0.857298 (0.774900 + 0.082398),0.850012 (0.767700 + 0.082312),0.858588 (0.776700 + 0.081888),0.861948 (0.779400 + 0.082548),0.843832 (0.761400 + 0.082432),0.870046 (0.787500 + 0.082546),0.852992 (0.770400 + 0.082592),0.859212 (0.776700 + 0.082512),0.855395 (0.773100 + 0.082295),0.853454 (0.771300 + 0.082154),0.856504 (0.774000 + 0.082504),0.866545 (0.784800 + 0.081745),0.863590 (0.781200 + 0.082390),0.857941 (0.775800 + 0.082141),0.864492 (0.782100 + 0.082392),0.857235 (0.774900 + 0.082335),0.867056 (0.784800 + 0.082256),0.873249 (0.791100 + 0.082149),0.874086 (0.792000 + 0.082086),0.857827 (0.774900 + 0.082927),0.870183 (0.787500 + 0.082683),0.861988 (0.779400 + 0.082588),0.865599 (0.783000 + 0.082599),0.861442 (0.779400 + 0.082042),0.858000 (0.775800 + 0.082200)
39,0.879977 (0.797400 + 0.082577),0.867916 (0.785700 + 0.082216),0.850623 (0.767700 + 0.082923),0.873300 (0.791100 + 0.082201),0.856369 (0.774000 + 0.082369),0.856781 (0.774900 + 0.081881),0.863462 (0.781200 + 0.082262),0.873249 (0.791100 + 0.082149),0.861928 (0.780300 + 0.081628),0.864492 (0.782100 + 0.082392),0.870046 (0.787500 + 0.082546),0.876985 (0.794700 + 0.082285),0.848429 (0.765900 + 0.082529),0.868795 (0.786600 + 0.082195),0.859009 (0.776700 + 0.082309),0.858260 (0.776700 + 0.081560),0.858456 (0.775800 + 0.082656),0.854537 (0.772200 + 0.082337),0.860440 (0.778500 + 0.081940),0.858687 (0.776700 + 0.081987),0.842564 (0.760500 + 0.082064),0.853651 (0.771300 + 0.082351),0.859338 (0.776700 + 0.082638),0.852023 (0.769500 + 0.082523),0.858000 (0.775800 + 0.082200),0.862111 (0.779400 + 0.082711),0.845095 (0.763200 + 0.081895),0.859674 (0.777600 + 0.082074),0.861412 (0.779400 + 0.082012),0.860932 (0.778500 + 0.082432),0.850094 (0.767700 + 0.082394),0.861525 (0.779400 + 0.082125),0.874335 (0.792000 + 0.082335),0.881982 (0.799200 + 0.082782),0.863250 (0.781200 + 0.082050),0.855012 (0.773100 + 0.081912),0.865839 (0.783000 + 0.082839),0.864999 (0.783000 + 0.081999),0.857827 (0.774900 + 0.082927),0.858612 (0.776700 + 0.081912),0.867260 (0.784800 + 0.082460),0.859505 (0.776700 + 0.082805),0.864663 (0.783000 + 0.081663),0.856528 (0.774000 + 0.082528),0.850770 (0.768600 + 0.082170),0.875706 (0.793800 + 0.081906),0.858581 (0.775800 + 0.082781),0.862726 (0.780300 + 0.082426),0.862726 (0.780300 + 0.082426),0.875861 (0.793800 + 0.082061)
40,0.881982 (0.799200 + 0.082782),0.864240 (0.782100 + 0.082140),0.858037 (0.775800 + 0.082237),0.875043 (0.792900 + 0.082143),0.858519 (0.776700 + 0.081819),0.863462 (0.781200 + 0.082262),0.860801 (0.778500 + 0.082301),0.865366 (0.783000 + 0.082366),0.862037 (0.779400 + 0.082637),0.868781 (0.786600 + 0.082181),0.861680 (0.779400 + 0.082280),0.866353 (0.783900 + 0.082453),0.851771 (0.769500 + 0.082271),0.860830 (0.778500 + 0.082331),0.852828 (0.770400 + 0.082428),0.868596 (0.786600 + 0.081996),0.851590 (0.769500 + 0.082090),0.857609 (0.774900 + 0.082709),0.870478 (0.788400 + 0.082078),0.857942 (0.775800 + 0.082142),0.871663 (0.789300 + 0.082363),0.860763 (0.778500 + 0.082263),0.859343 (0.776700 + 0.082643),0.869709 (0.787500 + 0.082209),0.857919 (0.775800 + 0.082119),0.868172 (0.785700 + 0.082472),0.858500 (0.776700 + 0.081800),0.865798 (0.783000 + 0.082798),0.848533 (0.766800 + 0.081733),0.852586 (0.770400 + 0.082186),0.864585 (0.782100 + 0.082485),0.868795 (0.786600 + 0.082195),0.859009 (0.776700 + 0.082309),0.876136 (0.793800 + 0.082336),0.859199 (0.776700 + 0.082499),0.873224 (0.791100 + 0.082124),0.863274 (0.781200 + 0.082074),0.875886 (0.793800 + 0.082086),0.877892 (0.795600 + 0.082292),0.869846 (0.787500 + 0.082346),0.855242 (0.773100 + 0.082142),0.862258 (0.780300 + 0.081958),0.862380 (0.780300 + 0.082080),0.868795 (0.786600 + 0.082195),0.859123 (0.777600 + 0.081523),0.879977 (0.797400 + 0.082577),0.858456 (0.775800 + 0.082656),0.865240 (0.783000 + 0.082240),0.880946 (0.798300 + 0.082646),0.881982 (0.799200 + 0.082782)
41,0.881982 (0.799200 + 0.082782),0.875275 (0.792900 + 0.082375),0.879816 (0.797400 + 0.082416),0.863213 (0.781200 + 0.082013),0.875559 (0.793800 + 0.081759),0.864670 (0.782100 + 0.082570),0.858158 (0.775800 + 0.082358),0.873224 (0.791100 + 0.082124),0.870478 (0.788400 + 0.082078),0.860896 (0.778500 + 0.082397),0.863578 (0.781200 + 0.082378),0.863763 (0.781200 + 0.082563),0.871918 (0.790200 + 0.081718),0.858622 (0.776700 + 0.081922),0.864850 (0.782100 + 0.082750),0.868629 (0.786600 + 0.082029),0.872640 (0.790200 + 0.082440),0.861340 (0.779400 + 0.081940),0.857339 (0.774900 + 0.082439),0.860003 (0.777600 + 0.082403),0.865844 (0.783900 + 0.081944),0.867009 (0.784800 + 0.082209),0.855587 (0.773100 + 0.082487),0.857494 (0.775800 + 0.081694),0.855371 (0.773100 + 0.082271),0.867358 (0.784800 + 0.082558),0.873020 (0.790200 + 0.082820),0.881982 (0.799200 + 0.082782),0.863274 (0.781200 + 0.082074),0.869448 (0.787500 + 0.081948),0.862083 (0.779400 + 0.082683),0.864375 (0.782100 + 0.082275),0.860550 (0.778500 + 0.082050),0.866517 (0.783900 + 0.082617),0.873353 (0.791100 + 0.082253),0.855387 (0.773100 + 0.082287),0.853145 (0.771300 + 0.081845),0.871846 (0.789300 + 0.082546),0.850782 (0.768600 + 0.082182),0.868172 (0.785700 + 0.082472),0.868172 (0.785700 + 0.082472),0.857687 (0.775800 + 0.081887),0.862558 (0.780300 + 0.082258),0.871432 (0.789300 + 0.082132),0.852160 (0.770400 + 0.081760),0.871483 (0.789300 + 0.082183),0.857895 (0.775800 + 0.082095),0.874756 (0.792000 + 0.082756),0.858487 (0.775800 + 0.082687),0.864240 (0.782100 + 0.082140)
42,0.881982 (0.799200 + 0.082782),0.873117 (0.791100 + 0.082017),0.860456 (0.778500 + 0.081956),0.871432 (0.789300 + 0.082132),0.845606 (0.764100 + 0.081506),0.862027 (0.779400 + 0.082627),0.865683 (0.783000 + 0.082683),0.854877 (0.773100 + 0.081777),0.870354 (0.788400 + 0.081954),0.853093 (0.771300 + 0.081794),0.871901 (0.789300 + 0.082601),0.866517 (0.783900 + 0.082617),0.864240 (0.782100 + 0.082140),0.863578 (0.781200 + 0.082378),0.873353 (0.791100 + 0.082253),0.872193 (0.790200 + 0.081993),0.858589 (0.776700 + 0.081889),0.864397 (0.782100 + 0.082297),0.872432 (0.790200 + 0.082232),0.864899 (0.783000 + 0.081899),0.856928 (0.774900 + 0.082028),0.859226 (0.776700 + 0.082526),0.871760 (0.789300 + 0.082460),0.859901 (0.777600 + 0.082301),0.866700 (0.784800 + 0.081900),0.856499 (0.774900 + 0.081599),0.875735 (0.793800 + 0.081935),0.869620 (0.787500 + 0.082120),0.851344 (0.768600 + 0.082744),0.863814 (0.781200 + 0.082614),0.862557 (0.780300 + 0.082257),0.852677 (0.770400 + 0.082277),0.864260 (0.782100 + 0.082160),0.860381 (0.778500 + 0.081881),0.869529 (0.787500 + 0.082029),0.855698 (0.774000 + 0.081698),0.862124 (0.780300 + 0.081824),0.867358 (0.784800 + 0.082558),0.866487 (0.783900 + 0.082587),0.882843 (0.800100 + 0.082743),0.864889 (0.782100 + 0.082789),0.849479 (0.767700 + 0.081779),0.859777 (0.777600 + 0.082177),0.862618 (0.780300 + 0.082318),0.861853 (0.779400 + 0.082453),0.853849 (0.772200 + 0.081649),0.847280 (0.765000 + 0.082280),0.860085 (0.777600 + 0.082485),0.858438 (0.775800 + 0.082638),0.867040 (0.784800 + 0.082240)
43,0.882843 (0.800100 + 0.082743),0.859901 (0.777600 + 0.082301),0.872432 (0.790200 + 0.082232),0.866678 (0.783900 + 0.082778),0.869620 (0.787500 + 0.082120),0.867699 (0.785700 + 0.081999),0.860971 (0.778500 + 0.082471),0.862998 (0.781200 + 0.081798),0.871432 (0.789300 + 0.082132),0.862618 (0.780300 + 0.082318),0.868454 (0.786600 + 0.081854),0.855422 (0.773100 + 0.082322),0.854585 (0.773100 + 0.081485),0.868236 (0.785700 + 0.082536),0.864488 (0.782100 + 0.082388),0.860986 (0.778500 + 0.082486),0.862758 (0.780300 + 0.082458),0.852570 (0.770400 + 0.082170),0.857876 (0.775800 + 0.082076),0.861339 (0.778500 + 0.082839),0.854868 (0.773100 + 0.081768),0.855455 (0.773100 + 0.082355),0.867331 (0.785700 + 0.081631),0.854292 (0.772200 + 0.082092),0.864490 (0.782100 + 0.082390),0.869729 (0.787500 + 0.082229),0.864822 (0.783000 + 0.081822),0.848884 (0.767700 + 0.081184),0.860712 (0.778500 + 0.082213),0.868194 (0.785700 + 0.082494),0.862079 (0.779400 + 0.082679),0.860859 (0.778500 + 0.082359),0.874970 (0.792900 + 0.082070),0.863016 (0.780300 + 0.082716),0.869764 (0.787500 + 0.082264),0.871558 (0.789300 + 0.082258),0.857607 (0.774900 + 0.082707),0.854590 (0.772200 + 0.082390),0.881982 (0.799200 + 0.082782),0.869529 (0.787500 + 0.082029),0.865450 (0.783000 + 0.082450),0.871215 (0.789300 + 0.081915),0.870959 (0.788400 + 0.082559),0.866700 (0.784800 + 0.081900),0.871760 (0.789300 + 0.082460),0.865798 (0.783000 + 0.082798),0.881073 (0.798300 + 0.082772),0.866476 (0.783900 + 0.082576),0.864448 (0.782100 + 0.082348),0.852052 (0.770400 + 0.081652)
44,0.882843 (0.800100 + 0.082743),0.868133 (0.785700 + 0.082433),0.861976 (0.779400 + 0.082576),0.859878 (0.777600 + 0.082278),0.867335 (0.784800 + 0.082535),0.861348 (0.778500 + 0.082848),0.870851 (0.788400 + 0.082451),0.860625 (0.778500 + 0.082125),0.853882 (0.771300 + 0.082582),0.868003 (0.785700 + 0.082303),0.859474 (0.777600 + 0.081874),0.871681 (0.789300 + 0.082381),0.875553 (0.792900 + 0.082653),0.864923 (0.783000 + 0.081923),0.860945 (0.778500 + 0.082445),0.867298 (0.784800 + 0.082498),0.866373 (0.783900 + 0.082473),0.864448 (0.782100 + 0.082348),0.868194 (0.785700 + 0.082494),0.871760 (0.789300 + 0.082460),0.871760 (0.789300 + 0.082460),0.864099 (0.782100 + 0.081999),0.876832 (0.793800 + 0.083032),0.863016 (0.780300 + 0.082716),0.858116 (0.775800 + 0.082316),0.858170 (0.775800 + 0.082370),0.869134 (0.786600 + 0.082534),0.866694 (0.784800 + 0.081895),0.859706 (0.777600 + 0.082106),0.856537 (0.774900 + 0.081637),0.852666 (0.770400 + 0.082266),0.868236 (0.785700 + 0.082536),0.881073 (0.798300 + 0.082772),0.855354 (0.773100 + 0.082254),0.869934 (0.787500 + 0.082435),0.865798 (0.783000 + 0.082798),0.880097 (0.797400 + 0.082697),0.851482 (0.769500 + 0.081982),0.872571 (0.790200 + 0.082371),0.848530 (0.765900 + 0.082630),0.849456 (0.767700 + 0.081756),0.878315 (0.795600 + 0.082715),0.868983 (0.786600 + 0.082383),0.870741 (0.788400 + 0.082341),0.854868 (0.773100 + 0.081768),0.866458 (0.784800 + 0.081658),0.872879 (0.790200 + 0.082679),0.868443 (0.786600 + 0.081843),0.856757 (0.774900 + 0.081857),0.854445 (0.772200 + 0.082245)
45,0.882843 (0.800100 + 0.082743),0.872623 (0.790200 + 0.082423),0.858015 (0.775800 + 0.082215),0.871124 (0.788400 + 0.082724),0.859021 (0.776700 + 0.082321),0.860394 (0.777600 + 0.082794),0.868085 (0.785700 + 0.082385),0.862464 (0.780300 + 0.082164),0.873904 (0.791100 + 0.082804),0.859574 (0.777600 + 0.081974),0.861996 (0.779400 + 0.082596),0.881073 (0.798300 + 0.082772),0.872879 (0.790200 + 0.082679),0.867552 (0.785700 + 0.081852),0.851001 (0.768600 + 0.082401),0.867294 (0.784800 + 0.082494),0.857370 (0.774900 + 0.082470),0.857664 (0.774900 + 0.082764),0.861438 (0.779400 + 0.082038),0.865403 (0.783000 + 0.082403),0.866471 (0.783900 + 0.082571),0.868119 (0.785700 + 0.082419),0.863178 (0.781200 + 0.081978),0.866728 (0.784800 + 0.081928),0.871679 (0.789300 + 0.082379),0.864288 (0.782100 + 0.082188),0.864957 (0.782100 + 0.082857),0.861014 (0.778500 + 0.082514),0.853130 (0.770400 + 0.082730),0.871760 (0.789300 + 0.082460),0.877902 (0.795600 + 0.082302),0.865227 (0.783000 + 0.082227),0.859202 (0.776700 + 0.082502),0.847316 (0.765000 + 0.082316),0.869134 (0.786600 + 0.082534),0.879267 (0.796500 + 0.082767),0.871059 (0.788400 + 0.082659),0.861989 (0.779400 + 0.082589),0.865227 (0.783000 + 0.082227),0.862699 (0.780300 + 0.082399),0.855429 (0.773100 + 0.082329),0.855886 (0.773100 + 0.082786),0.865276 (0.783000 + 0.082276),0.867572 (0.784800 + 0.082772),0.869721 (0.787500 + 0.082221),0.852066 (0.770400 + 0.081666),0.851817 (0.769500 + 0.082317),0.868262 (0.786600 + 0.081662),0.858570 (0.776700 + 0.081870),0.873828 (0.791100 + 0.082728)
46,0.882843 (0.800100 + 0.082743),0.872879 (0.790200 + 0.082679),0.859186 (0.776700 + 0.082486),0.865357 (0.783000 + 0.082357),0.881982 (0.799200 + 0.082782),0.859877 (0.777600 + 0.082277),0.868053 (0.785700 + 0.082353),0.880167 (0.797400 + 0.082767),0.862360 (0.780300 + 0.082061),0.863640 (0.781200 + 0.082440),0.867074 (0.784800 + 0.082274),0.870666 (0.788400 + 0.082266),0.865148 (0.783000 + 0.082149),0.867572 (0.784800 + 0.082772),0.865135 (0.783000 + 0.082135),0.864967 (0.783000 + 0.081967),0.875573 (0.792900 + 0.082673),0.865098 (0.783000 + 0.082098),0.860452 (0.777600 + 0.082852),0.877283 (0.794700 + 0.082583),0.860894 (0.778500 + 0.082394),0.873327 (0.791100 + 0.082227),0.867101 (0.784800 + 0.082301),0.868670 (0.786600 + 0.082069),0.866970 (0.784800 + 0.082170),0.869134 (0.786600 + 0.082534),0.858015 (0.775800 + 0.082215),0.866278 (0.783900 + 0.082378),0.873281 (0.791100 + 0.082181),0.881073 (0.798300 + 0.082772),0.867294 (0.784800 + 0.082494),0.864377 (0.782100 + 0.082277),0.866262 (0.783900 + 0.082362),0.883706 (0.801000 + 0.082706),0.859485 (0.776700 + 0.082785),0.866006 (0.783900 + 0.082106),0.861624 (0.779400 + 0.082224),0.865959 (0.783000 + 0.082959),0.868172 (0.785700 + 0.082472),0.878439 (0.795600 + 0.082839),0.862993 (0.780300 + 0.082693),0.874343 (0.792000 + 0.082343),0.852388 (0.770400 + 0.081988),0.867527 (0.785700 + 0.081827),0.881526 (0.799200 + 0.082326),0.871192 (0.788400 + 0.082792),0.866093 (0.783900 + 0.082193),0.875694 (0.792900 + 0.082794),0.881982 (0.799200 + 0.082782),0.864703 (0.782100 + 0.082603)
47,0.883706 (0.801000 + 0.082706),0.865959 (0.783000 + 0.082959),0.865148 (0.783000 + 0.082149),0.867182 (0.784800 + 0.082382),0.861617 (0.779400 + 0.082217),0.872564 (0.790200 + 0.082364),0.873607 (0.791100 + 0.082507),0.865988 (0.783900 + 0.082089),0.867983 (0.785700 + 0.082283),0.867576 (0.784800 + 0.082776),0.869822 (0.787500 + 0.082322),0.852158 (0.769500 + 0.082658),0.863776 (0.781200 + 0.082576),0.852412 (0.770400 + 0.082012),0.859134 (0.776700 + 0.082434),0.869701 (0.787500 + 0.082201),0.873916 (0.791100 + 0.082816),0.867714 (0.785700 + 0.082014),0.858090 (0.775800 + 0.082290),0.865654 (0.783000 + 0.082654),0.864470 (0.782100 + 0.082370),0.856247 (0.774000 + 0.082247),0.874305 (0.792000 + 0.082305),0.882717 (0.800100 + 0.082617),0.867022 (0.784800 + 0.082222),0.854019 (0.772200 + 0.081819),0.855485 (0.773100 + 0.082385),0.870322 (0.788400 + 0.081922),0.857029 (0.774900 + 0.082129),0.868629 (0.786600 + 0.082029),0.868760 (0.786600 + 0.082160),0.875694 (0.792900 + 0.082794),0.882843 (0.800100 + 0.082743),0.874215 (0.792000 + 0.082215),0.874754 (0.792000 + 0.082754),0.875467 (0.792900 + 0.082567),0.868096 (0.785700 + 0.082396),0.869293 (0.786600 + 0.082693),0.870119 (0.787500 + 0.082620),0.868168 (0.785700 + 0.082468),0.877358 (0.794700 + 0.082658),0.865419 (0.783000 + 0.082419),0.855284 (0.773100 + 0.082184),0.860566 (0.778500 + 0.082066),0.869384 (0.786600 + 0.082784),0.872030 (0.789300 + 0.082730),0.868078 (0.785700 + 0.082378),0.861420 (0.778500 + 0.082920),0.877244 (0.794700 + 0.082544),0.858243 (0.775800 + 0.082443)
48,0.883706 (0.801000 + 0.082706),0.864038 (0.781200 + 0.082838),0.868486 (0.785700 + 0.082786),0.865871 (0.783000 + 0.082871),0.856309 (0.774000 + 0.082309),0.878240 (0.795600 + 0.082640),0.868592 (0.786600 + 0.081992),0.868169 (0.785700 + 0.082469),0.871956 (0.789300 + 0.082656),0.872069 (0.789300 + 0.082769),0.860007 (0.777600 + 0.082407),0.864617 (0.782100 + 0.082517),0.869673 (0.787500 + 0.082173),0.876465 (0.793800 + 0.082665),0.883611 (0.801000 + 0.082611),0.875665 (0.792900 + 0.082765),0.870936 (0.788400 + 0.082536),0.869271 (0.786600 + 0.082671),0.852356 (0.770400 + 0.081956),0.860552 (0.778500 + 0.082053),0.881073 (0.798300 + 0.082772),0.873354 (0.791100 + 0.082254),0.873897 (0.791100 + 0.082797),0.863473 (0.781200 + 0.082273),0.881977 (0.799200 + 0.082777),0.871532 (0.789300 + 0.082232),0.881982 (0.799200 + 0.082782),0.876368 (0.793800 + 0.082568),0.885506 (0.802800 + 0.082706),0.850451 (0.767700 + 0.082751),0.858644 (0.776700 + 0.081944),0.866289 (0.783900 + 0.082389),0.874593 (0.792000 + 0.082593),0.874034 (0.792000 + 0.082034),0.868217 (0.785700 + 0.082517),0.865885 (0.783000 + 0.082885),0.862606 (0.780300 + 0.082306),0.869786 (0.787500 + 0.082286),0.861650 (0.779400 + 0.082250),0.865078 (0.783000 + 0.082078),0.866449 (0.783900 + 0.082549),0.866313 (0.783900 + 0.082413),0.847255 (0.765000 + 0.082255),0.875694 (0.792900 + 0.082794),0.882843 (0.800100 + 0.082743),0.875150 (0.792900 + 0.082250),0.870851 (0.788400 + 0.082451),0.873916 (0.791100 + 0.082816),0.869384 (0.786600 + 0.082784),0.868133 (0.785700 + 0.082433)
49,0.885506 (0.802800 + 0.082706),0.868096 (0.785700 + 0.082396),0.868727 (0.786600 + 0.082127),0.875702 (0.792900 + 0.082802),0.861532 (0.779400 + 0.082132),0.874696 (0.792000 + 0.082696),0.862170 (0.780300 + 0.081870),0.861232 (0.778500 + 0.082732),0.856144 (0.774000 + 0.082144),0.866757 (0.783900 + 0.082857),0.875665 (0.792900 + 0.082765),0.842724 (0.760500 + 0.082224),0.880044 (0.797400 + 0.082644),0.865832 (0.783000 + 0.082832),0.873010 (0.790200 + 0.082810),0.872941 (0.790200 + 0.082741),0.884636 (0.801900 + 0.082736),0.861847 (0.779400 + 0.082447),0.845078 (0.763200 + 0.081878),0.868524 (0.785700 + 0.082824),0.873416 (0.791100 + 0.082316),0.860602 (0.778500 + 0.082102),0.872633 (0.790200 + 0.082433),0.868096 (0.785700 + 0.082396),0.882621 (0.800100 + 0.082521),0.867402 (0.784800 + 0.082602),0.871683 (0.789300 + 0.082383),0.884695 (0.801900 + 0.082795),0.875730 (0.793800 + 0.081930),0.882604 (0.800100 + 0.082504),0.850660 (0.768600 + 0.082060),0.874389 (0.792000 + 0.082389),0.867112 (0.784800 + 0.082312),0.881977 (0.799200 + 0.082777),0.864038 (0.781200 + 0.082838),0.881943 (0.799200 + 0.082743),0.864373 (0.782100 + 0.082273),0.854671 (0.772200 + 0.082471),0.871509 (0.789300 + 0.082209),0.877896 (0.795600 + 0.082296),0.873591 (0.791100 + 0.082491),0.876946 (0.794700 + 0.082246),0.868037 (0.785700 + 0.082337),0.865414 (0.783000 + 0.082414),0.862835 (0.780300 + 0.082535),0.876465 (0.793800 + 0.082665),0.866289 (0.783900 + 0.082389),0.865327 (0.783000 + 0.082327),0.872772 (0.790200 + 0.082571),0.864976 (0.782100 + 0.082876)
50,0.885506 (0.802800 + 0.082706),0.875537 (0.792900 + 0.082637),0.875527 (0.792900 + 0.082627),0.873101 (0.791100 + 0.082001),0.874413 (0.792000 + 0.082413),0.877186 (0.794700 + 0.082486),0.862478 (0.780300 + 0.082178),0.869003 (0.786600 + 0.082403),0.874375 (0.792000 + 0.082375),0.868165 (0.786600 + 0.081565),0.874566 (0.792000 + 0.082566),0.861766 (0.779400 + 0.082366),0.870110 (0.787500 + 0.082610),0.876314 (0.793800 + 0.082514),0.873986 (0.791100 + 0.082886),0.862988 (0.780300 + 0.082688),0.870847 (0.788400 + 0.082447),0.857969 (0.775800 + 0.082169),0.868901 (0.786600 + 0.082301),0.871996 (0.789300 + 0.082696),0.870245 (0.787500 + 0.082745),0.866120 (0.783900 + 0.082220),0.875372 (0.792900 + 0.082472),0.884695 (0.801900 + 0.082795),0.875702 (0.792900 + 0.082802),0.880079 (0.797400 + 0.082679),0.866668 (0.783900 + 0.082768),0.872325 (0.790200 + 0.082125),0.867524 (0.785700 + 0.081824),0.861940 (0.779400 + 0.082540),0.861856 (0.779400 + 0.082456),0.885345 (0.802800 + 0.082545),0.880658 (0.798300 + 0.082358),0.877167 (0.794700 + 0.082467),0.856409 (0.774000 + 0.082409),0.867292 (0.784800 + 0.082492),0.862592 (0.780300 + 0.082292),0.876808 (0.793800 + 0.083008),0.860148 (0.778500 + 0.081648),0.871567 (0.789300 + 0.082267),0.870752 (0.788400 + 0.082352),0.873784 (0.791100 + 0.082684),0.884577 (0.801900 + 0.082677),0.870907 (0.788400 + 0.082507),0.857025 (0.774900 + 0.082125),0.872633 (0.790200 + 0.082433),0.864038 (0.781200 + 0.082838),0.881154 (0.798300 + 0.082854),0.878223 (0.795600 + 0.082623),0.850054 (0.767700 + 0.082354)
51,0.885506 (0.802800 + 0.082706),0.863966 (0.781200 + 0.082766),0.872174 (0.789300 + 0.082874),0.870279 (0.788400 + 0.081879),0.878175 (0.795600 + 0.082575),0.875695 (0.792900 + 0.082795),0.867294 (0.784800 + 0.082494),0.860849 (0.778500 + 0.082349),0.870245 (0.787500 + 0.082745),0.876427 (0.793800 + 0.082627),0.862869 (0.780300 + 0.082569),0.872809 (0.790200 + 0.082609),0.875128 (0.792900 + 0.082228),0.882613 (0.800100 + 0.082513),0.863577 (0.781200 + 0.082377),0.866273 (0.783900 + 0.082373),0.851176 (0.768600 + 0.082576),0.884695 (0.801900 + 0.082795),0.870847 (0.788400 + 0.082447),0.863869 (0.781200 + 0.082669),0.873107 (0.791100 + 0.082007),0.867113 (0.784800 + 0.082313),0.869714 (0.787500 + 0.082214),0.885506 (0.802800 + 0.082706),0.862592 (0.780300 + 0.082292),0.878078 (0.795600 + 0.082478),0.867326 (0.784800 + 0.082526),0.880933 (0.798300 + 0.082633),0.881739 (0.799200 + 0.082539),0.875472 (0.792900 + 0.082573),0.878005 (0.795600 + 0.082405),0.879734 (0.797400 + 0.082335),0.866959 (0.784800 + 0.082159),0.877965 (0.795600 + 0.082365),0.876314 (0.793800 + 0.082514),0.868579 (0.786600 + 0.081979),0.868195 (0.785700 + 0.082495),0.868962 (0.786600 + 0.082362),0.862545 (0.780300 + 0.082245),0.858162 (0.775800 + 0.082362),0.873784 (0.791100 + 0.082684),0.875537 (0.792900 + 0.082637),0.875537 (0.792900 + 0.082637),0.871516 (0.789300 + 0.082216),0.865605 (0.783000 + 0.082605),0.885345 (0.802800 + 0.082545),0.861766 (0.779400 + 0.082366),0.863828 (0.781200 + 0.082628),0.871919 (0.789300 + 0.082619),0.854382 (0.772200 + 0.082182)
52,0.885506 (0.802800 + 0.082706),0.865302 (0.783000 + 0.082302),0.866629 (0.783900 + 0.082729),0.863615 (0.781200 + 0.082416),0.869889 (0.787500 + 0.082389),0.876314 (0.793800 + 0.082514),0.872809 (0.790200 + 0.082609),0.878209 (0.795600 + 0.082609),0.880973 (0.798300 + 0.082673),0.883607 (0.801000 + 0.082607),0.870227 (0.787500 + 0.082728),0.877949 (0.795600 + 0.082349),0.862408 (0.780300 + 0.082108),0.877965 (0.795600 + 0.082365),0.858994 (0.776700 + 0.082294),0.880094 (0.797400 + 0.082694),0.865286 (0.783000 + 0.082286),0.880881 (0.798300 + 0.082581),0.865528 (0.783000 + 0.082528),0.875440 (0.792900 + 0.082540),0.865191 (0.783000 + 0.082191),0.860827 (0.778500 + 0.082327),0.871516 (0.789300 + 0.082216),0.881463 (0.799200 + 0.082263),0.876385 (0.793800 + 0.082585),0.858870 (0.776700 + 0.082170),0.875537 (0.792900 + 0.082637),0.863828 (0.781200 + 0.082628),0.859894 (0.777600 + 0.082294),0.852295 (0.770400 + 0.081895),0.864551 (0.782100 + 0.082451),0.880973 (0.798300 + 0.082673),0.878209 (0.795600 + 0.082609),0.862660 (0.780300 + 0.082360),0.863539 (0.781200 + 0.082339),0.875263 (0.792900 + 0.082363),0.866386 (0.783900 + 0.082486),0.885201 (0.802800 + 0.082401),0.861552 (0.779400 + 0.082152),0.869984 (0.787500 + 0.082484),0.856710 (0.774900 + 0.081810),0.864723 (0.783000 + 0.081723),0.863893 (0.781200 + 0.082693),0.877166 (0.794700 + 0.082466),0.859094 (0.776700 + 0.082394),0.886324 (0.803700 + 0.082624),0.875647 (0.792900 + 0.082747),0.868371 (0.785700 + 0.082671),0.867353 (0.784800 + 0.082553),0.871033 (0.788400 + 0.082633)
53,0.886324 (0.803700 + 0.082624),0.884695 (0.801900 + 0.082795),0.863880 (0.781200 + 0.082680),0.873616 (0.791100 + 0.082516),0.878141 (0.795600 + 0.082541),0.863605 (0.782100 + 0.081505),0.870173 (0.787500 + 0.082674),0.875153 (0.792900 + 0.082253),0.866147 (0.783900 + 0.082247),0.872879 (0.791100 + 0.081779),0.871777 (0.789300 + 0.082477),0.861612 (0.779400 + 0.082212),0.878255 (0.795600 + 0.082655),0.858268 (0.775800 + 0.082468),0.870338 (0.787500 + 0.082838),0.876151 (0.793800 + 0.082351),0.879105 (0.796500 + 0.082605),0.868212 (0.785700 + 0.082512),0.883930 (0.801000 + 0.082930),0.866451 (0.783900 + 0.082551),0.874734 (0.792000 + 0.082734),0.865428 (0.783000 + 0.082428),0.881893 (0.799200 + 0.082693),0.877314 (0.794700 + 0.082614),0.872558 (0.790200 + 0.082358),0.884482 (0.801900 + 0.082582),0.875251 (0.792900 + 0.082351),0.868146 (0.785700 + 0.082446),0.871939 (0.789300 + 0.082639),0.873469 (0.791100 + 0.082369),0.852895 (0.771300 + 0.081595),0.864576 (0.782100 + 0.082476),0.876333 (0.793800 + 0.082533),0.869936 (0.787500 + 0.082436),0.867358 (0.784800 + 0.082558),0.869139 (0.786600 + 0.082539),0.863893 (0.781200 + 0.082693),0.874635 (0.792000 + 0.082635),0.875432 (0.792900 + 0.082532),0.877072 (0.794700 + 0.082372),0.869031 (0.786600 + 0.082431),0.868144 (0.785700 + 0.082444),0.873035 (0.790200 + 0.082835),0.867183 (0.784800 + 0.082383),0.877193 (0.794700 + 0.082494),0.879717 (0.797400 + 0.082317),0.867983 (0.785700 + 0.082283),0.861893 (0.779400 + 0.082493),0.870792 (0.788400 + 0.082392),0.869084 (0.786600 + 0.082484)
54,0.886324 (0.803700 + 0.082624),0.878209 (0.795600 + 0.082609),0.881729 (0.799200 + 0.082529),0.872428 (0.790200 + 0.082228),0.863767 (0.781200 + 0.082567),0.869984 (0.787500 + 0.082484),0.861745 (0.779400 + 0.082345),0.857357 (0.774900 + 0.082457),0.867183 (0.784800 + 0.082383),0.874257 (0.792000 + 0.082257),0.861588 (0.779400 + 0.082188),0.877027 (0.794700 + 0.082327),0.880958 (0.798300 + 0.082658),0.867694 (0.785700 + 0.081994),0.867457 (0.785700 + 0.081757),0.879877 (0.797400 + 0.082477),0.877227 (0.794700 + 0.082527),0.870918 (0.788400 + 0.082518),0.861594 (0.779400 + 0.082194),0.872640 (0.790200 + 0.082440),0.878044 (0.795600 + 0.082444),0.867362 (0.784800 + 0.082562),0.871211 (0.788400 + 0.082811),0.869142 (0.786600 + 0.082542),0.883431 (0.801000 + 0.082431),0.852974 (0.771300 + 0.081674),0.872645 (0.790200 + 0.082445),0.883689 (0.801000 + 0.082689),0.859878 (0.777600 + 0.082278),0.869502 (0.786600 + 0.082902),0.865211 (0.783000 + 0.082211),0.871662 (0.789300 + 0.082362),0.868094 (0.785700 + 0.082394),0.870192 (0.787500 + 0.082692),0.866433 (0.783900 + 0.082533),0.887251 (0.804600 + 0.082651),0.877125 (0.794700 + 0.082425),0.874724 (0.792000 + 0.082724),0.875515 (0.792900 + 0.082615),0.869017 (0.786600 + 0.082417),0.866565 (0.783900 + 0.082665),0.875465 (0.792900 + 0.082565),0.874500 (0.792000 + 0.082500),0.856596 (0.774000 + 0.082596),0.872879 (0.791100 + 0.081779),0.874383 (0.792000 + 0.082383),0.875395 (0.792900 + 0.082495),0.860856 (0.778500 + 0.082356),0.862158 (0.779400 + 0.082758),0.863686 (0.781200 + 0.082486)
55,0.887251 (0.804600 + 0.082651),0.880067 (0.797400 + 0.082667),0.857393 (0.774900 + 0.082493),0.863640 (0.781200 + 0.082440),0.876300 (0.793800 + 0.082500),0.869890 (0.787500 + 0.082390),0.872699 (0.790200 + 0.082499),0.877393 (0.794700 + 0.082693),0.878023 (0.795600 + 0.082423),0.887251 (0.804600 + 0.082651),0.872645 (0.790200 + 0.082445),0.882681 (0.800100 + 0.082581),0.876375 (0.793800 + 0.082575),0.879877 (0.797400 + 0.082477),0.868746 (0.786600 + 0.082146),0.869148 (0.786600 + 0.082548),0.883689 (0.801000 + 0.082689),0.874518 (0.792000 + 0.082518),0.868042 (0.785700 + 0.082342),0.865318 (0.783000 + 0.082318),0.882389 (0.800100 + 0.082289),0.869936 (0.787500 + 0.082436),0.873148 (0.791100 + 0.082048),0.865723 (0.783900 + 0.081823),0.861954 (0.780300 + 0.081654),0.878301 (0.795600 + 0.082701),0.870299 (0.787500 + 0.082799),0.867014 (0.784800 + 0.082214),0.854838 (0.773100 + 0.081738),0.879987 (0.797400 + 0.082587),0.874549 (0.792000 + 0.082549),0.876460 (0.793800 + 0.082660),0.876328 (0.793800 + 0.082528),0.884494 (0.801900 + 0.082594),0.850076 (0.767700 + 0.082376),0.873526 (0.791100 + 0.082426),0.874726 (0.792000 + 0.082726),0.873562 (0.791100 + 0.082462),0.864659 (0.782100 + 0.082559),0.877252 (0.794700 + 0.082552),0.872531 (0.790200 + 0.082331),0.867503 (0.784800 + 0.082703),0.870944 (0.788400 + 0.082544),0.880958 (0.798300 + 0.082658),0.872640 (0.790200 + 0.082440),0.875407 (0.792900 + 0.082507),0.873446 (0.791100 + 0.082347),0.861818 (0.779400 + 0.082418),0.868966 (0.786600 + 0.082366),0.860948 (0.778500 + 0.082448)
56,0.887251 (0.804600 + 0.082651),0.857173 (0.774900 + 0.082273),0.873962 (0.791100 + 0.082862),0.882681 (0.800100 + 0.082581),0.882389 (0.800100 + 0.082289),0.869352 (0.786600 + 0.082752),0.864709 (0.782100 + 0.082609),0.858281 (0.775800 + 0.082481),0.862983 (0.781200 + 0.081784),0.874979 (0.792900 + 0.082079),0.872768 (0.790200 + 0.082568),0.875283 (0.792900 + 0.082383),0.872531 (0.790200 + 0.082331),0.880978 (0.798300 + 0.082678),0.883699 (0.801000 + 0.082699),0.876278 (0.793800 + 0.082478),0.874596 (0.792000 + 0.082596),0.865503 (0.783000 + 0.082503),0.878121 (0.795600 + 0.082521),0.876182 (0.793800 + 0.082382),0.875435 (0.792900 + 0.082535),0.874391 (0.792000 + 0.082391),0.869819 (0.787500 + 0.082319),0.865495 (0.783000 + 0.082495),0.876334 (0.793800 + 0.082534),0.868308 (0.785700 + 0.082608),0.861870 (0.779400 + 0.082470),0.875938 (0.793800 + 0.082138),0.869321 (0.786600 + 0.082721),0.868678 (0.786600 + 0.082078),0.866142 (0.783900 + 0.082242),0.871090 (0.788400 + 0.082690),0.864678 (0.782100 + 0.082578),0.860842 (0.778500 + 0.082342),0.873801 (0.791100 + 0.082701),0.881764 (0.799200 + 0.082564),0.875504 (0.792900 + 0.082604),0.869203 (0.786600 + 0.082603),0.873563 (0.791100 + 0.082463),0.875408 (0.792900 + 0.082508),0.863666 (0.781200 + 0.082466),0.880850 (0.798300 + 0.082550),0.877396 (0.794700 + 0.082696),0.869110 (0.786600 + 0.082510),0.886324 (0.803700 + 0.082624),0.874631 (0.792000 + 0.082631),0.876328 (0.793800 + 0.082528),0.868765 (0.786600 + 0.082165),0.876069 (0.793800 + 0.082269),0.875636 (0.792900 + 0.082736)
57,0.887251 (0.804600 + 0.082651),0.871529 (0.789300 + 0.082229),0.868246 (0.785700 + 0.082546),0.859873 (0.777600 + 0.082273),0.880795 (0.798300 + 0.082495),0.883699 (0.801000 + 0.082699),0.859717 (0.777600 + 0.082117),0.886324 (0.803700 + 0.082624),0.882681 (0.800100 + 0.082581),0.874486 (0.792000 + 0.082486),0.888765 (0.806400 + 0.082365),0.879954 (0.797400 + 0.082554),0.875293 (0.792900 + 0.082393),0.867752 (0.785700 + 0.082052),0.883371 (0.801000 + 0.082371),0.869643 (0.787500 + 0.082143),0.883544 (0.801000 + 0.082544),0.860069 (0.777600 + 0.082469),0.878461 (0.795600 + 0.082861),0.880850 (0.798300 + 0.082550),0.878121 (0.795600 + 0.082521),0.886429 (0.803700 + 0.082729),0.881848 (0.799200 + 0.082648),0.878395 (0.795600 + 0.082795),0.883517 (0.801000 + 0.082517),0.875401 (0.792900 + 0.082501),0.855809 (0.773100 + 0.082709),0.866580 (0.783900 + 0.082680),0.871454 (0.789300 + 0.082154),0.868149 (0.785700 + 0.082449),0.876278 (0.793800 + 0.082478),0.867443 (0.784800 + 0.082643),0.870036 (0.787500 + 0.082536),0.878135 (0.795600 + 0.082535),0.876460 (0.793800 + 0.082660),0.874654 (0.792000 + 0.082654),0.870715 (0.788400 + 0.082315),0.852897 (0.770400 + 0.082497),0.878080 (0.795600 + 0.082480),0.875422 (0.792900 + 0.082522),0.873574 (0.791100 + 0.082474),0.870183 (0.787500 + 0.082683),0.869756 (0.787500 + 0.082256),0.877219 (0.794700 + 0.082520),0.874605 (0.792000 + 0.082605),0.875408 (0.792900 + 0.082508),0.878121 (0.795600 + 0.082521),0.877320 (0.794700 + 0.082620),0.868152 (0.785700 + 0.082452),0.876354 (0.793800 + 0.082554)
58,0.888765 (0.806400 + 0.082365),0.877379 (0.794700 + 0.082679),0.875983 (0.793800 + 0.082183),0.872637 (0.790200 + 0.082437),0.868249 (0.785700 + 0.082549),0.870165 (0.787500 + 0.082665),0.880850 (0.798300 + 0.082550),0.883453 (0.801000 + 0.082453),0.871004 (0.788400 + 0.082604),0.862838 (0.780300 + 0.082538),0.880079 (0.797400 + 0.082679),0.879950 (0.797400 + 0.082551),0.856071 (0.774000 + 0.082071),0.864887 (0.783000 + 0.081887),0.869268 (0.786600 + 0.082668),0.873409 (0.791100 + 0.082309),0.878135 (0.795600 + 0.082535),0.883271 (0.801000 + 0.082271),0.866508 (0.783900 + 0.082608),0.883544 (0.801000 + 0.082544),0.879954 (0.797400 + 0.082554),0.882783 (0.800100 + 0.082683),0.878883 (0.796500 + 0.082383),0.876457 (0.793800 + 0.082657),0.867346 (0.784800 + 0.082546),0.864389 (0.782100 + 0.082289),0.879831 (0.797400 + 0.082431),0.868016 (0.785700 + 0.082316),0.867232 (0.784800 + 0.082432),0.869294 (0.786600 + 0.082694),0.880730 (0.798300 + 0.082430),0.877094 (0.794700 + 0.082394),0.874721 (0.792000 + 0.082721),0.871988 (0.789300 + 0.082688),0.873511 (0.791100 + 0.082411),0.845232 (0.763200 + 0.082032),0.868204 (0.785700 + 0.082504),0.880850 (0.798300 + 0.082550),0.866242 (0.783900 + 0.082342),0.879148 (0.796500 + 0.082648),0.860078 (0.777600 + 0.082478),0.866308 (0.783900 + 0.082408),0.874602 (0.792000 + 0.082602),0.874486 (0.792000 + 0.082486),0.871529 (0.789300 + 0.082229),0.888765 (0.806400 + 0.082365),0.878121 (0.795600 + 0.082521),0.864634 (0.782100 + 0.082534),0.859943 (0.777600 + 0.082343),0.878121 (0.795600 + 0.082521)
59,0.888765 (0.806400 + 0.082365),0.865485 (0.783000 + 0.082485),0.879139 (0.796500 + 0.082639),0.876334 (0.793800 + 0.082534),0.873598 (0.791100 + 0.082498),0.879950 (0.797400 + 0.082551),0.874721 (0.792000 + 0.082721),0.885397 (0.802800 + 0.082597),0.874586 (0.792000 + 0.082586),0.879148 (0.796500 + 0.082648),0.872563 (0.790200 + 0.082363),0.865404 (0.783000 + 0.082404),0.867936 (0.785700 + 0.082236),0.879958 (0.797400 + 0.082559),0.871757 (0.789300 + 0.082457),0.883337 (0.801000 + 0.082337),0.881848 (0.799200 + 0.082648),0.878298 (0.795600 + 0.082698),0.866934 (0.784800 + 0.082134),0.882695 (0.800100 + 0.082595),0.877055 (0.794700 + 0.082355),0.872306 (0.790200 + 0.082106),0.874425 (0.792000 + 0.082425),0.871050 (0.788400 + 0.082650),0.881638 (0.799200 + 0.082438),0.887261 (0.804600 + 0.082661),0.879608 (0.797400 + 0.082208),0.871417 (0.789300 + 0.082117),0.879919 (0.797400 + 0.082519),0.871786 (0.789300 + 0.082486),0.885359 (0.802800 + 0.082559),0.878783 (0.796500 + 0.082283),0.858134 (0.775800 + 0.082334),0.862618 (0.780300 + 0.082318),0.864897 (0.783000 + 0.081898),0.870790 (0.788400 + 0.082390),0.873495 (0.791100 + 0.082395),0.880829 (0.798300 + 0.082529),0.879169 (0.796500 + 0.082669),0.874443 (0.792000 + 0.082443),0.868058 (0.785700 + 0.082358),0.874602 (0.792000 + 0.082602),0.880730 (0.798300 + 0.082430),0.871691 (0.789300 + 0.082391),0.885278 (0.802800 + 0.082478),0.875342 (0.792900 + 0.082442),0.882681 (0.800100 + 0.082581),0.874602 (0.792000 + 0.082602),0.871219 (0.788400 + 0.082819),0.880850 (0.798300 + 0.082550)
60,0.888765 (0.806400 + 0.082365),0.875342 (0.792900 + 0.082442),0.873706 (0.791100 + 0.082606),0.883354 (0.801000 + 0.082354),0.880813 (0.798300 + 0.082513),0.871984 (0.789300 + 0.082684),0.876271 (0.793800 + 0.082471),0.880769 (0.798300 + 0.082469),0.877193 (0.794700 + 0.082494),0.875566 (0.792900 + 0.082666),0.872534 (0.790200 + 0.082334),0.883337 (0.801000 + 0.082337),0.883337 (0.801000 + 0.082337),0.872449 (0.790200 + 0.082249),0.880853 (0.798300 + 0.082553),0.871767 (0.789300 + 0.082467),0.875922 (0.793800 + 0.082122),0.875451 (0.792900 + 0.082551),0.876233 (0.793800 + 0.082433),0.873690 (0.791100 + 0.082590),0.861761 (0.779400 + 0.082361),0.879579 (0.797400 + 0.082179),0.879136 (0.796500 + 0.082636),0.881535 (0.799200 + 0.082335),0.868951 (0.786600 + 0.082351),0.881780 (0.799200 + 0.082580),0.883566 (0.801000 + 0.082566),0.881648 (0.799200 + 0.082448),0.861571 (0.779400 + 0.082171),0.871835 (0.789300 + 0.082535),0.862875 (0.780300 + 0.082575),0.875969 (0.793800 + 0.082169),0.875003 (0.792900 + 0.082104),0.881614 (0.799200 + 0.082414),0.874722 (0.792000 + 0.082722),0.879861 (0.797400 + 0.082461),0.878073 (0.795600 + 0.082473),0.871730 (0.789300 + 0.082430),0.876334 (0.793800 + 0.082534),0.879705 (0.797400 + 0.082306),0.868281 (0.785700 + 0.082581),0.867515 (0.784800 + 0.082715),0.876107 (0.793800 + 0.082307),0.888765 (0.806400 + 0.082365),0.871786 (0.789300 + 0.082486),0.875545 (0.792900 + 0.082645),0.874387 (0.792000 + 0.082387),0.865476 (0.783000 + 0.082476),0.875289 (0.792900 + 0.082389),0.875603 (0.792900 + 0.082703)
61,0.888765 (0.806400 + 0.082365),0.870126 (0.787500 + 0.082627),0.879769 (0.797400 + 0.082369),0.869916 (0.787500 + 0.082417),0.884468 (0.801900 + 0.082568),0.883354 (0.801000 + 0.082354),0.881648 (0.799200 + 0.082448),0.868347 (0.785700 + 0.082646),0.880121 (0.797400 + 0.082721),0.879861 (0.797400 + 0.082461),0.859644 (0.777600 + 0.082044),0.885453 (0.802800 + 0.082653),0.874135 (0.792000 + 0.082135),0.878073 (0.795600 + 0.082473),0.883527 (0.801000 + 0.082527),0.881767 (0.799200 + 0.082567),0.883336 (0.801000 + 0.082336),0.879861 (0.797400 + 0.082461),0.861581 (0.779400 + 0.082181),0.869058 (0.786600 + 0.082458),0.881345 (0.799200 + 0.082145),0.881536 (0.799200 + 0.082336),0.879130 (0.796500 + 0.082630),0.882260 (0.800100 + 0.082160),0.873703 (0.791100 + 0.082603),0.877126 (0.794700 + 0.082426),0.875088 (0.792900 + 0.082188),0.874226 (0.792000 + 0.082226),0.887918 (0.805500 + 0.082418),0.884240 (0.801900 + 0.082340),0.879030 (0.796500 + 0.082530),0.861804 (0.779400 + 0.082404),0.865458 (0.783000 + 0.082458),0.865628 (0.783000 + 0.082628),0.873663 (0.791100 + 0.082563),0.885168 (0.802800 + 0.082368),0.863138 (0.781200 + 0.081938),0.885397 (0.802800 + 0.082597),0.866020 (0.783900 + 0.082120),0.876920 (0.794700 + 0.082220),0.879020 (0.796500 + 0.082520),0.864532 (0.782100 + 0.082432),0.861713 (0.779400 + 0.082313),0.876875 (0.794700 + 0.082175),0.883521 (0.801000 + 0.082522),0.870248 (0.787500 + 0.082749),0.872373 (0.790200 + 0.082173),0.876942 (0.794700 + 0.082242),0.877218 (0.794700 + 0.082518),0.882472 (0.800100 + 0.082372)
62,0.888765 (0.806400 + 0.082365),0.863680 (0.781200 + 0.082480),0.875042 (0.792900 + 0.082142),0.882472 (0.800100 + 0.082372),0.883521 (0.801000 + 0.082522),0.886380 (0.803700 + 0.082680),0.871665 (0.789300 + 0.082365),0.883521 (0.801000 + 0.082522),0.882472 (0.800100 + 0.082372),0.874525 (0.792000 + 0.082525),0.886982 (0.804600 + 0.082382),0.871478 (0.789300 + 0.082178),0.859300 (0.776700 + 0.082600),0.877983 (0.795600 + 0.082383),0.879087 (0.796500 + 0.082587),0.872290 (0.790200 + 0.082090),0.887948 (0.805500 + 0.082448),0.884363 (0.801900 + 0.082463),0.881536 (0.799200 + 0.082336),0.875163 (0.792900 + 0.082263),0.876157 (0.793800 + 0.082357),0.884405 (0.801900 + 0.082505),0.864164 (0.782100 + 0.082064),0.873620 (0.791100 + 0.082520),0.870497 (0.788400 + 0.082097),0.878784 (0.796500 + 0.082284),0.880790 (0.798300 + 0.082490),0.865117 (0.783000 + 0.082117),0.864442 (0.782100 + 0.082342),0.878903 (0.796500 + 0.082404),0.873712 (0.791100 + 0.082612),0.871751 (0.789300 + 0.082451),0.878965 (0.796500 + 0.082465),0.881767 (0.799200 + 0.082567),0.881767 (0.799200 + 0.082567),0.883312 (0.801000 + 0.082312),0.886904 (0.804600 + 0.082304),0.887018 (0.804600 + 0.082418),0.882454 (0.800100 + 0.082354),0.869125 (0.786600 + 0.082525),0.865628 (0.783000 + 0.082628),0.877192 (0.794700 + 0.082492),0.876204 (0.793800 + 0.082404),0.883337 (0.801000 + 0.082337),0.881658 (0.799200 + 0.082458),0.871002 (0.788400 + 0.082602),0.862067 (0.779400 + 0.082667),0.879634 (0.797400 + 0.082234),0.868359 (0.785700 + 0.082659),0.864651 (0.782100 + 0.082551)
63,0.888765 (0.806400 + 0.082365),0.884093 (0.801900 + 0.082193),0.861018 (0.778500 + 0.082518),0.871710 (0.789300 + 0.082410),0.859983 (0.777600 + 0.082383),0.874656 (0.792000 + 0.082656),0.863601 (0.781200 + 0.082401),0.858677 (0.776700 + 0.081977),0.878784 (0.796500 + 0.082284),0.886904 (0.804600 + 0.082304),0.879087 (0.796500 + 0.082587),0.877938 (0.795600 + 0.082338),0.850970 (0.768600 + 0.082370),0.874444 (0.792000 + 0.082444),0.874540 (0.792000 + 0.082540),0.867008 (0.784800 + 0.082208),0.874309 (0.792000 + 0.082309),0.887156 (0.804600 + 0.082556),0.883370 (0.801000 + 0.082370),0.864829 (0.783000 + 0.081829),0.879045 (0.796500 + 0.082545),0.879805 (0.797400 + 0.082405),0.883094 (0.801000 + 0.082094),0.867925 (0.785700 + 0.082225),0.883312 (0.801000 + 0.082312),0.869668 (0.787500 + 0.082168),0.884455 (0.801900 + 0.082555),0.880813 (0.798300 + 0.082513),0.872124 (0.789300 + 0.082824),0.880002 (0.797400 + 0.082602),0.876003 (0.793800 + 0.082203),0.883337 (0.801000 + 0.082337),0.871665 (0.789300 + 0.082365),0.882472 (0.800100 + 0.082372),0.877983 (0.795600 + 0.082383),0.881558 (0.799200 + 0.082358),0.882516 (0.800100 + 0.082416),0.880814 (0.798300 + 0.082514),0.885928 (0.803700 + 0.082228),0.878132 (0.795600 + 0.082532),0.872261 (0.790200 + 0.082061),0.870691 (0.788400 + 0.082291),0.874332 (0.792000 + 0.082332),0.883312 (0.801000 + 0.082312),0.882472 (0.800100 + 0.082372),0.875393 (0.792900 + 0.082493),0.877781 (0.795600 + 0.082181),0.880454 (0.798300 + 0.082154),0.885417 (0.802800 + 0.082617),0.882605 (0.800100 + 0.082506)
64,0.888765 (0.806400 + 0.082365),0.867088 (0.784800 + 0.082288),0.865251 (0.783000 + 0.082251),0.877114 (0.794700 + 0.082414),0.858305 (0.775800 + 0.082505),0.878400 (0.796500 + 0.081900),0.878073 (0.795600 + 0.082473),0.884570 (0.801900 + 0.082670),0.883493 (0.801000 + 0.082493),0.868963 (0.786600 + 0.082363),0.882687 (0.800100 + 0.082587),0.881734 (0.799200 + 0.082534),0.880877 (0.798300 + 0.082577),0.868011 (0.785700 + 0.082311),0.882472 (0.800100 + 0.082372),0.870897 (0.788400 + 0.082497),0.878658 (0.796500 + 0.082158),0.872387 (0.790200 + 0.082187),0.875235 (0.792900 + 0.082335),0.879628 (0.797400 + 0.082228),0.878856 (0.796500 + 0.082356),0.875272 (0.792900 + 0.082372),0.881325 (0.799200 + 0.082125),0.873987 (0.792000 + 0.081987),0.867770 (0.785700 + 0.082070),0.869824 (0.787500 + 0.082324),0.882543 (0.800100 + 0.082443),0.881686 (0.799200 + 0.082486),0.876056 (0.793800 + 0.082257),0.883940 (0.801900 + 0.082040),0.882472 (0.800100 + 0.082372),0.876157 (0.793800 + 0.082357),0.873691 (0.791100 + 0.082591),0.880724 (0.798300 + 0.082424),0.868956 (0.786600 + 0.082356),0.877781 (0.795600 + 0.082181),0.864490 (0.782100 + 0.082390),0.873417 (0.791100 + 0.082317),0.874477 (0.792000 + 0.082477),0.861099 (0.778500 + 0.082600),0.864311 (0.782100 + 0.082211),0.878285 (0.795600 + 0.082685),0.876236 (0.793800 + 0.082436),0.860762 (0.778500 + 0.082262),0.868914 (0.786600 + 0.082314),0.875091 (0.792900 + 0.082191),0.862226 (0.780300 + 0.081926),0.878797 (0.796500 + 0.082297),0.870732 (0.788400 + 0.082332),0.866023 (0.783900 + 0.082123)
65,0.888765 (0.806400 + 0.082365),0.870886 (0.788400 + 0.082486),0.875499 (0.792900 + 0.082599),0.869905 (0.787500 + 0.082405),0.885417 (0.802800 + 0.082617),0.869621 (0.787500 + 0.082121),0.887786 (0.805500 + 0.082286),0.884276 (0.801900 + 0.082376),0.876387 (0.793800 + 0.082587),0.869867 (0.787500 + 0.082367),0.863547 (0.781200 + 0.082347),0.876056 (0.793800 + 0.082257),0.873417 (0.791100 + 0.082317),0.881358 (0.799200 + 0.082158),0.870225 (0.788400 + 0.081825),0.872771 (0.790200 + 0.082571),0.877756 (0.795600 + 0.082156),0.875091 (0.792900 + 0.082191),0.875091 (0.792900 + 0.082191),0.881438 (0.799200 + 0.082238),0.880691 (0.798300 + 0.082391),0.868112 (0.785700 + 0.082412),0.874357 (0.792000 + 0.082357),0.881686 (0.799200 + 0.082486),0.878856 (0.796500 + 0.082356),0.863249 (0.781200 + 0.082049),0.878073 (0.795600 + 0.082473),0.867689 (0.785700 + 0.081989),0.878797 (0.796500 + 0.082297),0.879737 (0.797400 + 0.082337),0.883500 (0.801000 + 0.082501),0.867831 (0.785700 + 0.082131),0.867010 (0.784800 + 0.082210),0.884451 (0.801900 + 0.082551),0.887865 (0.805500 + 0.082365),0.879628 (0.797400 + 0.082228),0.888765 (0.806400 + 0.082365),0.882764 (0.800100 + 0.082664),0.874318 (0.792000 + 0.082318),0.877985 (0.795600 + 0.082385),0.867901 (0.785700 + 0.082201),0.878865 (0.796500 + 0.082365),0.875856 (0.793800 + 0.082056),0.872352 (0.790200 + 0.082152),0.868724 (0.786600 + 0.082124),0.875287 (0.792900 + 0.082388),0.875872 (0.793800 + 0.082072),0.868494 (0.786600 + 0.081894),0.877314 (0.794700 + 0.082614),0.869614 (0.787500 + 0.082114)
66,0.888765 (0.806400 + 0.082365),0.862519 (0.780300 + 0.082219),0.874153 (0.792000 + 0.082153),0.883394 (0.801000 + 0.082394),0.844341 (0.762300 + 0.082041),0.882764 (0.800100 + 0.082664),0.879628 (0.797400 + 0.082228),0.874908 (0.792900 + 0.082008),0.878112 (0.795600 + 0.082512),0.882262 (0.800100 + 0.082162),0.868991 (0.786600 + 0.082391),0.883500 (0.801000 + 0.082501),0.878073 (0.795600 + 0.082473),0.884473 (0.801900 + 0.082573),0.877801 (0.795600 + 0.082201),0.870634 (0.788400 + 0.082234),0.884195 (0.801900 + 0.082295),0.886139 (0.803700 + 0.082439),0.879733 (0.797400 + 0.082334),0.887261 (0.804600 + 0.082661),0.884455 (0.801900 + 0.082555),0.879975 (0.797400 + 0.082575),0.872997 (0.790200 + 0.082797),0.888765 (0.806400 + 0.082365),0.867136 (0.784800 + 0.082336),0.876087 (0.793800 + 0.082287),0.878687 (0.796500 + 0.082187),0.873160 (0.791100 + 0.082060),0.875287 (0.792900 + 0.082388),0.878244 (0.795600 + 0.082644),0.872416 (0.790200 + 0.082216),0.875436 (0.792900 + 0.082536),0.872030 (0.790200 + 0.081830),0.885417 (0.802800 + 0.082617),0.877007 (0.794700 + 0.082307),0.875933 (0.793800 + 0.082133),0.867920 (0.785700 + 0.082220),0.879579 (0.797400 + 0.082179),0.877295 (0.794700 + 0.082595),0.871392 (0.789300 + 0.082092),0.876306 (0.793800 + 0.082506),0.878187 (0.795600 + 0.082587),0.885018 (0.802800 + 0.082218),0.875001 (0.792900 + 0.082101),0.888705 (0.806400 + 0.082305),0.881736 (0.799200 + 0.082536),0.871430 (0.789300 + 0.082130),0.873643 (0.791100 + 0.082543),0.872654 (0.790200 + 0.082454),0.877444 (0.795600 + 0.081844)
67,0.888765 (0.806400 + 0.082365),0.884455 (0.801900 + 0.082555),0.876318 (0.793800 + 0.082518),0.861824 (0.779400 + 0.082424),0.876094 (0.793800 + 0.082294),0.871748 (0.789300 + 0.082448),0.886153 (0.803700 + 0.082453),0.876532 (0.793800 + 0.082732),0.868112 (0.785700 + 0.082412),0.877908 (0.795600 + 0.082308),0.868604 (0.786600 + 0.082004),0.886139 (0.803700 + 0.082439),0.875933 (0.793800 + 0.082133),0.877256 (0.794700 + 0.082556),0.861592 (0.779400 + 0.082192),0.879171 (0.796500 + 0.082671),0.879411 (0.797400 + 0.082011),0.880884 (0.798300 + 0.082584),0.864025 (0.782100 + 0.081925),0.870357 (0.787500 + 0.082857),0.881736 (0.799200 + 0.082536),0.882528 (0.800100 + 0.082428),0.879013 (0.796500 + 0.082513),0.858246 (0.775800 + 0.082446),0.871630 (0.789300 + 0.082330),0.875192 (0.792900 + 0.082292),0.882358 (0.800100 + 0.082258),0.883310 (0.801000 + 0.082310),0.876974 (0.794700 + 0.082274),0.885018 (0.802800 + 0.082218),0.884195 (0.801900 + 0.082295),0.874545 (0.792000 + 0.082545),0.868198 (0.785700 + 0.082498),0.875365 (0.792900 + 0.082465),0.879333 (0.797400 + 0.081933),0.877148 (0.794700 + 0.082448),0.884189 (0.801900 + 0.082289),0.871072 (0.788400 + 0.082672),0.877193 (0.794700 + 0.082494),0.881436 (0.799200 + 0.082236),0.884161 (0.801900 + 0.082261),0.874318 (0.792000 + 0.082318),0.880887 (0.798300 + 0.082587),0.880387 (0.798300 + 0.082087),0.876048 (0.793800 + 0.082248),0.871788 (0.789300 + 0.082488),0.883594 (0.801000 + 0.082594),0.887261 (0.804600 + 0.082661),0.865169 (0.783000 + 0.082169),0.880754 (0.798300 + 0.082454)
68,0.888765 (0.806400 + 0.082365),0.866685 (0.784800 + 0.081885),0.876974 (0.794700 + 0.082274),0.885298 (0.802800 + 0.082498),0.874614 (0.792000 + 0.082614),0.877860 (0.795600 + 0.082260),0.880838 (0.798300 + 0.082538),0.886103 (0.803700 + 0.082403),0.875399 (0.792900 + 0.082499),0.874232 (0.792000 + 0.082232),0.881576 (0.799200 + 0.082376),0.871626 (0.789300 + 0.082327),0.857946 (0.775800 + 0.082146),0.876872 (0.794700 + 0.082172),0.876092 (0.793800 + 0.082292),0.886850 (0.804600 + 0.082250),0.880582 (0.798300 + 0.082282),0.864455 (0.782100 + 0.082355),0.869704 (0.787500 + 0.082204),0.871630 (0.789300 + 0.082330),0.876966 (0.794700 + 0.082266),0.859799 (0.777600 + 0.082199),0.879105 (0.796500 + 0.082606),0.883657 (0.801000 + 0.082657),0.877807 (0.795600 + 0.082207),0.877148 (0.794700 + 0.082448),0.876532 (0.793800 + 0.082732),0.884455 (0.801900 + 0.082555),0.879411 (0.797400 + 0.082011),0.879753 (0.797400 + 0.082353),0.875828 (0.793800 + 0.082028),0.878800 (0.796500 + 0.082300),0.860521 (0.778500 + 0.082021),0.870665 (0.788400 + 0.082265),0.869943 (0.787500 + 0.082443),0.872427 (0.790200 + 0.082227),0.886992 (0.804600 + 0.082392),0.879811 (0.797400 + 0.082411),0.876287 (0.793800 + 0.082487),0.879916 (0.797400 + 0.082516),0.876852 (0.794700 + 0.082152),0.884455 (0.801900 + 0.082555),0.872417 (0.790200 + 0.082217),0.889031 (0.806400 + 0.082631),0.865466 (0.783000 + 0.082466),0.857862 (0.775800 + 0.082062),0.874411 (0.792000 + 0.082411),0.869469 (0.787500 + 0.081969),0.886106 (0.803700 + 0.082407),0.875170 (0.792900 + 0.082271)
69,0.889031 (0.806400 + 0.082631),0.886103 (0.803700 + 0.082403),0.867871 (0.785700 + 0.082171),0.878073 (0.795600 + 0.082473),0.870808 (0.788400 + 0.082408),0.878873 (0.796500 + 0.082373),0.864471 (0.782100 + 0.082371),0.867686 (0.785700 + 0.081986),0.874468 (0.792000 + 0.082468),0.872405 (0.790200 + 0.082205),0.878131 (0.795600 + 0.082531),0.868013 (0.785700 + 0.082313),0.874390 (0.792000 + 0.082390),0.855621 (0.773100 + 0.082521),0.883552 (0.801000 + 0.082552),0.860709 (0.778500 + 0.082209),0.878374 (0.796500 + 0.081874),0.861747 (0.779400 + 0.082347),0.875700 (0.793800 + 0.081900),0.868913 (0.786600 + 0.082313),0.861779 (0.779400 + 0.082379),0.871524 (0.789300 + 0.082224),0.877070 (0.794700 + 0.082370),0.881736 (0.799200 + 0.082536),0.884524 (0.801900 + 0.082624),0.878073 (0.795600 + 0.082473),0.879998 (0.797400 + 0.082599),0.885231 (0.802800 + 0.082431),0.870511 (0.788400 + 0.082111),0.872374 (0.790200 + 0.082174),0.876175 (0.793800 + 0.082375),0.879960 (0.797400 + 0.082560),0.857999 (0.775800 + 0.082199),0.885942 (0.803700 + 0.082242),0.871692 (0.789300 + 0.082392),0.889031 (0.806400 + 0.082631),0.861224 (0.779400 + 0.081824),0.875399 (0.792900 + 0.082499),0.879105 (0.796500 + 0.082606),0.879811 (0.797400 + 0.082411),0.875485 (0.792900 + 0.082585),0.868959 (0.786600 + 0.082359),0.874997 (0.792900 + 0.082097),0.889016 (0.806400 + 0.082616),0.877640 (0.795600 + 0.082040),0.884524 (0.801900 + 0.082624),0.875263 (0.792900 + 0.082363),0.871663 (0.789300 + 0.082363),0.866743 (0.784800 + 0.081943),0.874116 (0.792000 + 0.082116)
70,0.889031 (0.806400 + 0.082631),0.871773 (0.789300 + 0.082473),0.883071 (0.801000 + 0.082071),0.868751 (0.786600 + 0.082151),0.872278 (0.790200 + 0.082078),0.876458 (0.793800 + 0.082658),0.876076 (0.793800 + 0.082276),0.878907 (0.796500 + 0.082407),0.877075 (0.794700 + 0.082375),0.884389 (0.801900 + 0.082489),0.883535 (0.801000 + 0.082535),0.886103 (0.803700 + 0.082403),0.872374 (0.790200 + 0.082174),0.889916 (0.807300 + 0.082616),0.877076 (0.794700 + 0.082376),0.875700 (0.793800 + 0.081900),0.870511 (0.788400 + 0.082111),0.889016 (0.806400 + 0.082616),0.867193 (0.784800 + 0.082393),0.873392 (0.791100 + 0.082292),0.870183 (0.787500 + 0.082683),0.869089 (0.786600 + 0.082489),0.874293 (0.792000 + 0.082293),0.877963 (0.795600 + 0.082363),0.865388 (0.783000 + 0.082388),0.860894 (0.778500 + 0.082394),0.879811 (0.797400 + 0.082411),0.887289 (0.804600 + 0.082689),0.874324 (0.792000 + 0.082324),0.879878 (0.797400 + 0.082478),0.878260 (0.795600 + 0.082660),0.879782 (0.797400 + 0.082382),0.880265 (0.798300 + 0.081965),0.869638 (0.787500 + 0.082138),0.874390 (0.792000 + 0.082390),0.876116 (0.793800 + 0.082316),0.879689 (0.797400 + 0.082289),0.888747 (0.806400 + 0.082347),0.875700 (0.793800 + 0.081900),0.872845 (0.790200 + 0.082645),0.886296 (0.803700 + 0.082596),0.870627 (0.788400 + 0.082227),0.876020 (0.793800 + 0.082220),0.869077 (0.786600 + 0.082477),0.878121 (0.795600 + 0.082521),0.879027 (0.796500 + 0.082527),0.883578 (0.801000 + 0.082578),0.885231 (0.802800 + 0.082431),0.861850 (0.779400 + 0.082450),0.861448 (0.779400 + 0.082048)
71,0.889916 (0.807300 + 0.082616),0.870595 (0.788400 + 0.082195),0.872620 (0.790200 + 0.082420),0.883346 (0.801000 + 0.082346),0.872603 (0.790200 + 0.082403),0.885061 (0.802800 + 0.082261),0.885858 (0.803700 + 0.082158),0.883071 (0.801000 + 0.082071),0.879689 (0.797400 + 0.082289),0.873695 (0.791100 + 0.082595),0.860559 (0.778500 + 0.082059),0.877888 (0.795600 + 0.082288),0.883880 (0.801900 + 0.081980),0.879834 (0.797400 + 0.082434),0.855456 (0.773100 + 0.082356),0.874892 (0.792900 + 0.081992),0.863360 (0.781200 + 0.082160),0.857900 (0.775800 + 0.082100),0.884451 (0.801900 + 0.082551),0.869855 (0.787500 + 0.082355),0.871684 (0.789300 + 0.082384),0.883587 (0.801000 + 0.082587),0.876121 (0.793800 + 0.082321),0.878766 (0.796500 + 0.082266),0.882194 (0.800100 + 0.082094),0.887196 (0.804600 + 0.082596),0.889016 (0.806400 + 0.082616),0.881691 (0.799200 + 0.082491),0.855553 (0.774000 + 0.081553),0.874179 (0.792000 + 0.082180),0.866014 (0.783900 + 0.082114),0.854886 (0.773100 + 0.081786),0.883228 (0.801000 + 0.082228),0.870313 (0.787500 + 0.082813),0.864310 (0.782100 + 0.082210),0.873477 (0.791100 + 0.082377),0.877122 (0.794700 + 0.082422),0.886967 (0.804600 + 0.082367),0.881796 (0.799200 + 0.082596),0.863524 (0.781200 + 0.082324),0.859672 (0.777600 + 0.082072),0.864448 (0.782100 + 0.082348),0.870851 (0.788400 + 0.082451),0.886296 (0.803700 + 0.082596),0.886296 (0.803700 + 0.082596),0.889468 (0.807300 + 0.082169),0.853415 (0.771300 + 0.082116),0.876039 (0.793800 + 0.082239),0.877264 (0.794700 + 0.082565),0.889031 (0.806400 + 0.082631)
72,0.889916 (0.807300 + 0.082616),0.887587 (0.805500 + 0.082087),0.881053 (0.799200 + 0.081853),0.880613 (0.798300 + 0.082313),0.864194 (0.782100 + 0.082094),0.884451 (0.801900 + 0.082551),0.886296 (0.803700 + 0.082596),0.883587 (0.801000 + 0.082587),0.869980 (0.787500 + 0.082480),0.873631 (0.791100 + 0.082531),0.889016 (0.806400 + 0.082616),0.867038 (0.784800 + 0.082239),0.860808 (0.778500 + 0.082308),0.889916 (0.807300 + 0.082616),0.883587 (0.801000 + 0.082587),0.877102 (0.794700 + 0.082402),0.879689 (0.797400 + 0.082289),0.887056 (0.804600 + 0.082456),0.881447 (0.799200 + 0.082247),0.887022 (0.804600 + 0.082422),0.885969 (0.803700 + 0.082269),0.881691 (0.799200 + 0.082491),0.873477 (0.791100 + 0.082377),0.876666 (0.794700 + 0.081966),0.886296 (0.803700 + 0.082596),0.886806 (0.804600 + 0.082206),0.876107 (0.793800 + 0.082307),0.881796 (0.799200 + 0.082596),0.886967 (0.804600 + 0.082367),0.889766 (0.807300 + 0.082466),0.885916 (0.803700 + 0.082216),0.870026 (0.787500 + 0.082526),0.874712 (0.792900 + 0.081812),0.854419 (0.772200 + 0.082219),0.884511 (0.801900 + 0.082611),0.888130 (0.805500 + 0.082630),0.867855 (0.785700 + 0.082155),0.885858 (0.803700 + 0.082158),0.883228 (0.801000 + 0.082228),0.873194 (0.791100 + 0.082094),0.874059 (0.792000 + 0.082059),0.884920 (0.802800 + 0.082120),0.870473 (0.788400 + 0.082073),0.868968 (0.786600 + 0.082368),0.882329 (0.800100 + 0.082229),0.878597 (0.796500 + 0.082097),0.875049 (0.792900 + 0.082149),0.885269 (0.802800 + 0.082469),0.874961 (0.792900 + 0.082061),0.875968 (0.793800 + 0.082168)
73,0.889916 (0.807300 + 0.082616),0.865337 (0.783000 + 0.082338),0.892600 (0.810000 + 0.082600),0.871859 (0.789300 + 0.082559),0.886806 (0.804600 + 0.082206),0.870260 (0.788400 + 0.081860),0.880552 (0.798300 + 0.082252),0.885269 (0.802800 + 0.082469),0.885969 (0.803700 + 0.082269),0.884435 (0.801900 + 0.082535),0.879611 (0.797400 + 0.082211),0.872400 (0.790200 + 0.082200),0.878365 (0.796500 + 0.081865),0.885960 (0.803700 + 0.082260),0.880406 (0.798300 + 0.082106),0.884920 (0.802800 + 0.082120),0.886967 (0.804600 + 0.082367),0.874449 (0.792000 + 0.082449),0.885119 (0.802800 + 0.082319),0.878897 (0.796500 + 0.082397),0.887587 (0.805500 + 0.082087),0.878905 (0.796500 + 0.082405),0.889916 (0.807300 + 0.082616),0.884897 (0.802800 + 0.082097),0.884295 (0.801900 + 0.082395),0.882194 (0.800100 + 0.082094),0.888621 (0.806400 + 0.082221),0.864020 (0.782100 + 0.081919),0.875127 (0.792900 + 0.082227),0.872637 (0.790200 + 0.082437),0.881786 (0.799200 + 0.082586),0.886169 (0.803700 + 0.082469),0.885216 (0.802800 + 0.082416),0.876646 (0.794700 + 0.081946),0.884520 (0.801900 + 0.082620),0.877162 (0.794700 + 0.082462),0.883250 (0.801000 + 0.082250),0.892600 (0.810000 + 0.082600),0.860734 (0.778500 + 0.082234),0.874901 (0.792900 + 0.082001),0.881531 (0.799200 + 0.082331),0.880653 (0.798300 + 0.082353),0.882639 (0.800100 + 0.082539),0.871519 (0.789300 + 0.082219),0.865243 (0.783000 + 0.082243),0.887127 (0.804600 + 0.082527),0.874570 (0.792000 + 0.082570),0.872359 (0.790200 + 0.082159),0.880011 (0.797400 + 0.082611),0.883587 (0.801000 + 0.082587)
74,0.892600 (0.810000 + 0.082600),0.884160 (0.801900 + 0.082260),0.878760 (0.796500 + 0.082260),0.892600 (0.810000 + 0.082600),0.884520 (0.801900 + 0.082620),0.868415 (0.786600 + 0.081815),0.869173 (0.787500 + 0.081673),0.876937 (0.794700 + 0.082237),0.877759 (0.795600 + 0.082159),0.889871 (0.807300 + 0.082571),0.889916 (0.807300 + 0.082616),0.871684 (0.789300 + 0.082384),0.875443 (0.792900 + 0.082543),0.860789 (0.778500 + 0.082289),0.870554 (0.788400 + 0.082154),0.867695 (0.785700 + 0.081995),0.878496 (0.796500 + 0.081996),0.876143 (0.793800 + 0.082343),0.878588 (0.796500 + 0.082089),0.865492 (0.783900 + 0.081592),0.875364 (0.792900 + 0.082464),0.880406 (0.798300 + 0.082106),0.874570 (0.792000 + 0.082570),0.889016 (0.806400 + 0.082616),0.876180 (0.793800 + 0.082380),0.889916 (0.807300 + 0.082616),0.882639 (0.800100 + 0.082539),0.876269 (0.793800 + 0.082469),0.863804 (0.782100 + 0.081704),0.889016 (0.806400 + 0.082616),0.881811 (0.799200 + 0.082611),0.891453 (0.809100 + 0.082353),0.871536 (0.789300 + 0.082236),0.881727 (0.799200 + 0.082527),0.880646 (0.798300 + 0.082346),0.867659 (0.785700 + 0.081959),0.877162 (0.794700 + 0.082462),0.889916 (0.807300 + 0.082616),0.885216 (0.802800 + 0.082416),0.885228 (0.802800 + 0.082428),0.864523 (0.782100 + 0.082423),0.870767 (0.788400 + 0.082367),0.875899 (0.793800 + 0.082099),0.866158 (0.783900 + 0.082258),0.885334 (0.802800 + 0.082534),0.880491 (0.798300 + 0.082191),0.865343 (0.783000 + 0.082343),0.879413 (0.797400 + 0.082013),0.878674 (0.796500 + 0.082174),0.883293 (0.801000 + 0.082293)
75,0.892600 (0.810000 + 0.082600),0.877089 (0.794700 + 0.082389),0.876127 (0.793800 + 0.082327),0.890601 (0.808200 + 0.082401),0.886211 (0.803700 + 0.082511),0.884388 (0.801900 + 0.082488),0.872476 (0.790200 + 0.082276),0.861433 (0.779400 + 0.082033),0.869050 (0.786600 + 0.082450),0.875204 (0.792900 + 0.082304),0.873069 (0.791100 + 0.081969),0.884520 (0.801900 + 0.082620),0.870708 (0.788400 + 0.082308),0.881727 (0.799200 + 0.082527),0.866400 (0.783900 + 0.082500),0.880646 (0.798300 + 0.082346),0.876180 (0.793800 + 0.082380),0.874551 (0.792000 + 0.082551),0.884520 (0.801900 + 0.082620),0.861852 (0.779400 + 0.082452),0.875046 (0.792900 + 0.082146),0.888139 (0.805500 + 0.082639),0.858825 (0.776700 + 0.082125),0.864366 (0.782100 + 0.082266),0.889894 (0.807300 + 0.082594),0.885336 (0.802800 + 0.082536),0.880629 (0.798300 + 0.082329),0.866199 (0.783900 + 0.082299),0.878760 (0.796500 + 0.082260),0.871461 (0.789300 + 0.082161),0.883610 (0.801000 + 0.082610),0.877008 (0.794700 + 0.082308),0.881071 (0.798300 + 0.082771),0.865213 (0.783000 + 0.082213),0.863561 (0.781200 + 0.082361),0.873214 (0.791100 + 0.082114),0.857822 (0.775800 + 0.082022),0.886931 (0.804600 + 0.082331),0.877685 (0.795600 + 0.082086),0.880906 (0.798300 + 0.082606),0.887220 (0.804600 + 0.082620),0.888118 (0.805500 + 0.082618),0.879497 (0.797400 + 0.082097),0.885351 (0.802800 + 0.082551),0.876972 (0.794700 + 0.082272),0.881756 (0.799200 + 0.082556),0.875845 (0.793800 + 0.082045),0.889604 (0.807300 + 0.082304),0.883316 (0.801000 + 0.082316),0.882327 (0.800100 + 0.082227)
76,0.892600 (0.810000 + 0.082600),0.876062 (0.793800 + 0.082262),0.883384 (0.801000 + 0.082384),0.889604 (0.807300 + 0.082304),0.889894 (0.807300 + 0.082594),0.874209 (0.792000 + 0.082209),0.880831 (0.798300 + 0.082531),0.874450 (0.792000 + 0.082450),0.880111 (0.797400 + 0.082711),0.866344 (0.783900 + 0.082444),0.893355 (0.810900 + 0.082455),0.865252 (0.783000 + 0.082252),0.874310 (0.792000 + 0.082310),0.877691 (0.795600 + 0.082091),0.883615 (0.801000 + 0.082615),0.881071 (0.798300 + 0.082771),0.879497 (0.797400 + 0.082097),0.878143 (0.795600 + 0.082543),0.868561 (0.786600 + 0.081961),0.874285 (0.792000 + 0.082285),0.869269 (0.786600 + 0.082669),0.879911 (0.797400 + 0.082511),0.858157 (0.775800 + 0.082357),0.883477 (0.801000 + 0.082477),0.879012 (0.796500 + 0.082513),0.881688 (0.799200 + 0.082488),0.877789 (0.795600 + 0.082189),0.881756 (0.799200 + 0.082556),0.889894 (0.807300 + 0.082594),0.883778 (0.801000 + 0.082778),0.881811 (0.799200 + 0.082611),0.880906 (0.798300 + 0.082606),0.888705 (0.806400 + 0.082305),0.886971 (0.804600 + 0.082371),0.863507 (0.781200 + 0.082307),0.881727 (0.799200 + 0.082527),0.885351 (0.802800 + 0.082551),0.885351 (0.802800 + 0.082551),0.892600 (0.810000 + 0.082600),0.888118 (0.805500 + 0.082618),0.885336 (0.802800 + 0.082536),0.882273 (0.800100 + 0.082173),0.885458 (0.802800 + 0.082658),0.886229 (0.803700 + 0.082529),0.889916 (0.807300 + 0.082616),0.889894 (0.807300 + 0.082594),0.884520 (0.801900 + 0.082620),0.885351 (0.802800 + 0.082551),0.884520 (0.801900 + 0.082620),0.878760 (0.796500 + 0.082260)
77,0.893355 (0.810900 + 0.082455),0.878313 (0.796500 + 0.081813),0.865798 (0.783900 + 0.081898),0.884520 (0.801900 + 0.082620),0.878056 (0.795600 + 0.082456),0.874346 (0.792000 + 0.082346),0.855291 (0.773100 + 0.082191),0.878791 (0.796500 + 0.082291),0.869789 (0.787500 + 0.082289),0.884321 (0.801900 + 0.082421),0.879774 (0.797400 + 0.082374),0.882221 (0.800100 + 0.082121),0.885398 (0.802800 + 0.082598),0.870589 (0.788400 + 0.082189),0.878180 (0.795600 + 0.082580),0.880831 (0.798300 + 0.082531),0.861067 (0.778500 + 0.082567),0.875288 (0.792900 + 0.082388),0.877279 (0.794700 + 0.082579),0.880718 (0.798300 + 0.082418),0.887875 (0.805500 + 0.082375),0.861888 (0.779400 + 0.082488),0.864648 (0.782100 + 0.082548),0.857332 (0.774900 + 0.082432),0.885351 (0.802800 + 0.082551),0.867129 (0.784800 + 0.082330),0.881811 (0.799200 + 0.082611),0.887055 (0.804600 + 0.082455),0.876181 (0.793800 + 0.082381),0.877566 (0.795600 + 0.081966),0.868872 (0.786600 + 0.082272),0.889894 (0.807300 + 0.082594),0.883384 (0.801000 + 0.082384),0.874133 (0.792000 + 0.082133),0.875031 (0.792900 + 0.082131),0.889894 (0.807300 + 0.082594),0.867462 (0.784800 + 0.082662),0.878936 (0.796500 + 0.082436),0.886251 (0.803700 + 0.082551),0.884336 (0.801900 + 0.082436),0.883571 (0.801000 + 0.082571),0.884476 (0.801900 + 0.082576),0.872413 (0.790200 + 0.082213),0.889976 (0.807300 + 0.082676),0.866612 (0.784800 + 0.081812),0.879930 (0.797400 + 0.082530),0.874382 (0.792000 + 0.082382),0.889894 (0.807300 + 0.082594),0.877220 (0.794700 + 0.082520),0.885351 (0.802800 + 0.082551)
78,0.893355 (0.810900 + 0.082455),0.879047 (0.796500 + 0.082547),0.877153 (0.794700 + 0.082453),0.882703 (0.800100 + 0.082603),0.881355 (0.799200 + 0.082155),0.872613 (0.790200 + 0.082413),0.889758 (0.807300 + 0.082458),0.880831 (0.798300 + 0.082531),0.870589 (0.788400 + 0.082189),0.873306 (0.791100 + 0.082206),0.870765 (0.788400 + 0.082365),0.886917 (0.804600 + 0.082317),0.881677 (0.799200 + 0.082477),0.888118 (0.805500 + 0.082618),0.882312 (0.800100 + 0.082212),0.882567 (0.800100 + 0.082467),0.882359 (0.800100 + 0.082259),0.874484 (0.792000 + 0.082484),0.885378 (0.802800 + 0.082578),0.878032 (0.795600 + 0.082432),0.887180 (0.804600 + 0.082580),0.889894 (0.807300 + 0.082594),0.882374 (0.800100 + 0.082274),0.877186 (0.794700 + 0.082486),0.880296 (0.798300 + 0.081995),0.885351 (0.802800 + 0.082551),0.878372 (0.795600 + 0.082772),0.886251 (0.803700 + 0.082551),0.874174 (0.792000 + 0.082174),0.878051 (0.795600 + 0.082451),0.878950 (0.796500 + 0.082450),0.878784 (0.796500 + 0.082284),0.885398 (0.802800 + 0.082598),0.883571 (0.801000 + 0.082571),0.872302 (0.790200 + 0.082102),0.875879 (0.793800 + 0.082079),0.864159 (0.782100 + 0.082059),0.870378 (0.788400 + 0.081978),0.870578 (0.788400 + 0.082178),0.889894 (0.807300 + 0.082594),0.874382 (0.792000 + 0.082382),0.883390 (0.801000 + 0.082390),0.876300 (0.793800 + 0.082500),0.882221 (0.800100 + 0.082121),0.879774 (0.797400 + 0.082374),0.865993 (0.783900 + 0.082093),0.853512 (0.771300 + 0.082212),0.876237 (0.793800 + 0.082437),0.878109 (0.795600 + 0.082509),0.884405 (0.801900 + 0.082506)
79,0.893355 (0.810900 + 0.082455),0.866089 (0.783900 + 0.082189),0.881664 (0.799200 + 0.082464),0.874284 (0.792000 + 0.082284),0.883390 (0.801000 + 0.082390),0.889894 (0.807300 + 0.082594),0.884379 (0.801900 + 0.082479),0.879047 (0.796500 + 0.082547),0.889894 (0.807300 + 0.082594),0.877129 (0.794700 + 0.082429),0.887841 (0.805500 + 0.082342),0.883571 (0.801000 + 0.082571),0.889894 (0.807300 + 0.082594),0.888118 (0.805500 + 0.082618),0.880296 (0.798300 + 0.081995),0.889758 (0.807300 + 0.082458),0.882703 (0.800100 + 0.082603),0.879873 (0.797400 + 0.082473),0.893489 (0.810900 + 0.082589),0.870031 (0.787500 + 0.082531),0.870696 (0.788400 + 0.082296),0.885351 (0.802800 + 0.082551),0.879122 (0.796500 + 0.082623),0.870778 (0.788400 + 0.082378),0.883642 (0.801000 + 0.082642),0.885351 (0.802800 + 0.082551),0.888118 (0.805500 + 0.082618),0.879847 (0.797400 + 0.082447),0.877155 (0.794700 + 0.082455),0.859836 (0.777600 + 0.082236),0.893448 (0.810900 + 0.082548),0.878032 (0.795600 + 0.082432),0.875879 (0.793800 + 0.082079),0.883390 (0.801000 + 0.082390),0.872358 (0.790200 + 0.082158),0.881663 (0.799200 + 0.082463),0.885914 (0.803700 + 0.082214),0.886251 (0.803700 + 0.082551),0.882374 (0.800100 + 0.082274),0.888119 (0.805500 + 0.082619),0.888096 (0.805500 + 0.082596),0.878426 (0.796500 + 0.081926),0.869769 (0.787500 + 0.082269),0.886229 (0.803700 + 0.082529),0.859011 (0.776700 + 0.082311),0.885398 (0.802800 + 0.082598),0.878697 (0.796500 + 0.082197),0.884388 (0.801900 + 0.082488),0.858234 (0.775800 + 0.082434),0.877009 (0.794700 + 0.082309)
80,0.893489 (0.810900 + 0.082589),0.874474 (0.792000 + 0.082474),0.885914 (0.803700 + 0.082214),0.889645 (0.807300 + 0.082345),0.874279 (0.792000 + 0.082279),0.885273 (0.802800 + 0.082473),0.886235 (0.803700 + 0.082535),0.886229 (0.803700 + 0.082529),0.893355 (0.810900 + 0.082455),0.881718 (0.799200 + 0.082518),0.892549 (0.810000 + 0.082549),0.880643 (0.798300 + 0.082343),0.879916 (0.797400 + 0.082516),0.888118 (0.805500 + 0.082618),0.863653 (0.781200 + 0.082453),0.889894 (0.807300 + 0.082594),0.886229 (0.803700 + 0.082529),0.869799 (0.787500 + 0.082299),0.888805 (0.806400 + 0.082405),0.877924 (0.795600 + 0.082324),0.889916 (0.807300 + 0.082616),0.893448 (0.810900 + 0.082548),0.893448 (0.810900 + 0.082548),0.875365 (0.792900 + 0.082465),0.867179 (0.784800 + 0.082379),0.887174 (0.804600 + 0.082574),0.881047 (0.798300 + 0.082747),0.885351 (0.802800 + 0.082551),0.862361 (0.780300 + 0.082061),0.884212 (0.801900 + 0.082312),0.870034 (0.787500 + 0.082534),0.870916 (0.788400 + 0.082516),0.874056 (0.792000 + 0.082056),0.869630 (0.787500 + 0.082130),0.882567 (0.800100 + 0.082467),0.889758 (0.807300 + 0.082458),0.883390 (0.801000 + 0.082390),0.885351 (0.802800 + 0.082551),0.882522 (0.800100 + 0.082422),0.893448 (0.810900 + 0.082548),0.877155 (0.794700 + 0.082455),0.874585 (0.792000 + 0.082585),0.893355 (0.810900 + 0.082455),0.884388 (0.801900 + 0.082488),0.864287 (0.782100 + 0.082187),0.889894 (0.807300 + 0.082594),0.886229 (0.803700 + 0.082529),0.880831 (0.798300 + 0.082531),0.883420 (0.801000 + 0.082420),0.880795 (0.798300 + 0.082495)
81,0.893489 (0.810900 + 0.082589),0.873379 (0.791100 + 0.082279),0.861630 (0.779400 + 0.082230),0.886260 (0.803700 + 0.082560),0.873277 (0.791100 + 0.082177),0.872599 (0.790200 + 0.082400),0.869031 (0.786600 + 0.082431),0.871032 (0.788400 + 0.082632),0.880869 (0.798300 + 0.082569),0.884564 (0.801900 + 0.082664),0.885115 (0.802800 + 0.082315),0.888118 (0.805500 + 0.082618),0.893448 (0.810900 + 0.082548),0.893448 (0.810900 + 0.082548),0.884388 (0.801900 + 0.082488),0.877962 (0.795600 + 0.082362),0.892625 (0.810000 + 0.082625),0.883390 (0.801000 + 0.082390),0.886229 (0.803700 + 0.082529),0.889645 (0.807300 + 0.082345),0.885914 (0.803700 + 0.082214),0.885351 (0.802800 + 0.082551),0.885351 (0.802800 + 0.082551),0.880795 (0.798300 + 0.082495),0.886229 (0.803700 + 0.082529),0.888097 (0.805500 + 0.082597),0.871239 (0.789300 + 0.081939),0.888767 (0.806400 + 0.082367),0.866172 (0.783900 + 0.082272),0.889577 (0.807300 + 0.082277),0.887202 (0.804600 + 0.082602),0.888805 (0.806400 + 0.082405),0.874263 (0.792000 + 0.082263),0.892549 (0.810000 + 0.082549),0.889916 (0.807300 + 0.082616),0.874480 (0.792000 + 0.082480),0.884284 (0.801900 + 0.082384),0.886229 (0.803700 + 0.082529),0.876000 (0.793800 + 0.082200),0.878736 (0.796500 + 0.082236),0.879017 (0.796500 + 0.082517),0.880795 (0.798300 + 0.082495),0.860689 (0.778500 + 0.082189),0.889916 (0.807300 + 0.082616),0.883390 (0.801000 + 0.082390),0.886229 (0.803700 + 0.082529),0.878852 (0.796500 + 0.082352),0.870427 (0.788400 + 0.082027),0.874279 (0.792000 + 0.082279),0.889758 (0.807300 + 0.082458)
82,0.893489 (0.810900 + 0.082589),0.879530 (0.797400 + 0.082130),0.854633 (0.773100 + 0.081533),0.872445 (0.790200 + 0.082245),0.879136 (0.796500 + 0.082636),0.886229 (0.803700 + 0.082529),0.880494 (0.798300 + 0.082194),0.889916 (0.807300 + 0.082616),0.888118 (0.805500 + 0.082618),0.857873 (0.775800 + 0.082073),0.889968 (0.807300 + 0.082668),0.884393 (0.801900 + 0.082493),0.876070 (0.793800 + 0.082271),0.864687 (0.782100 + 0.082587),0.886260 (0.803700 + 0.082560),0.886334 (0.803700 + 0.082634),0.882367 (0.800100 + 0.082267),0.886229 (0.803700 + 0.082529),0.891625 (0.809100 + 0.082525),0.875298 (0.792900 + 0.082398),0.892477 (0.810000 + 0.082477),0.872878 (0.790200 + 0.082678),0.893207 (0.810900 + 0.082307),0.892549 (0.810000 + 0.082549),0.866869 (0.784800 + 0.082069),0.886045 (0.803700 + 0.082345),0.883390 (0.801000 + 0.082390),0.874229 (0.792000 + 0.082229),0.884081 (0.801900 + 0.082181),0.869936 (0.787500 + 0.082436),0.869013 (0.786600 + 0.082413),0.887841 (0.805500 + 0.082342),0.878032 (0.795600 + 0.082432),0.885351 (0.802800 + 0.082551),0.889894 (0.807300 + 0.082594),0.886094 (0.803700 + 0.082394),0.875418 (0.792900 + 0.082518),0.892549 (0.810000 + 0.082549),0.886229 (0.803700 + 0.082529),0.873554 (0.791100 + 0.082454),0.889758 (0.807300 + 0.082458),0.869915 (0.787500 + 0.082415),0.878989 (0.796500 + 0.082489),0.864386 (0.782100 + 0.082286),0.872949 (0.790200 + 0.082749),0.888805 (0.806400 + 0.082405),0.872659 (0.791100 + 0.081559),0.852417 (0.770400 + 0.082017),0.887857 (0.805500 + 0.082357),0.889577 (0.807300 + 0.082277)
83,0.893489 (0.810900 + 0.082589),0.889577 (0.807300 + 0.082277),0.885398 (0.802800 + 0.082598),0.875907 (0.793800 + 0.082107),0.879530 (0.797400 + 0.082130),0.888119 (0.805500 + 0.082619),0.880577 (0.798300 + 0.082277),0.889968 (0.807300 + 0.082668),0.884393 (0.801900 + 0.082493),0.889432 (0.807300 + 0.082132),0.865903 (0.783900 + 0.082003),0.861143 (0.778500 + 0.082643),0.861551 (0.779400 + 0.082151),0.879031 (0.796500 + 0.082531),0.888840 (0.806400 + 0.082440),0.883419 (0.801000 + 0.082419),0.867910 (0.785700 + 0.082210),0.877244 (0.794700 + 0.082544),0.889577 (0.807300 + 0.082277),0.869685 (0.787500 + 0.082185),0.870609 (0.788400 + 0.082209),0.888108 (0.805500 + 0.082608),0.882449 (0.800100 + 0.082349),0.859937 (0.777600 + 0.082337),0.857348 (0.774900 + 0.082448),0.879359 (0.797400 + 0.081959),0.887209 (0.804600 + 0.082609),0.871128 (0.788400 + 0.082728),0.869909 (0.787500 + 0.082409),0.871331 (0.789300 + 0.082031),0.885196 (0.802800 + 0.082396),0.885216 (0.802800 + 0.082416),0.858888 (0.776700 + 0.082188),0.874289 (0.792000 + 0.082289),0.886045 (0.803700 + 0.082345),0.853253 (0.771300 + 0.081953),0.862352 (0.781200 + 0.081152),0.867900 (0.785700 + 0.082200),0.889758 (0.807300 + 0.082458),0.885398 (0.802800 + 0.082598),0.877998 (0.795600 + 0.082398),0.891625 (0.809100 + 0.082525),0.888805 (0.806400 + 0.082405),0.895093 (0.812700 + 0.082393),0.866931 (0.784800 + 0.082131),0.874446 (0.792000 + 0.082446),0.864200 (0.782100 + 0.082100),0.865869 (0.783900 + 0.081969),0.881611 (0.799200 + 0.082411),0.865004 (0.783000 + 0.082004)
84,0.895093 (0.812700 + 0.082393),0.891580 (0.809100 + 0.082480),0.889581 (0.807300 + 0.082281),0.887049 (0.804600 + 0.082449),0.876021 (0.793800 + 0.082221),0.887456 (0.805500 + 0.081956),0.889577 (0.807300 + 0.082277),0.881747 (0.799200 + 0.082547),0.871906 (0.789300 + 0.082606),0.883867 (0.801900 + 0.081967),0.885277 (0.802800 + 0.082477),0.870203 (0.788400 + 0.081803),0.855304 (0.774000 + 0.081304),0.877273 (0.794700 + 0.082573),0.860614 (0.778500 + 0.082114),0.869356 (0.787500 + 0.081856),0.883928 (0.801900 + 0.082028),0.875358 (0.792900 + 0.082458),0.872268 (0.790200 + 0.082068),0.892534 (0.810000 + 0.082534),0.887995 (0.805500 + 0.082495),0.862441 (0.780300 + 0.082141),0.868450 (0.786600 + 0.081850),0.863692 (0.781200 + 0.082492),0.895093 (0.812700 + 0.082393),0.880492 (0.798300 + 0.082192),0.893429 (0.810900 + 0.082529),0.873331 (0.791100 + 0.082231),0.862014 (0.779400 + 0.082614),0.881755 (0.799200 + 0.082555),0.877688 (0.795600 + 0.082088),0.884569 (0.801900 + 0.082669),0.872508 (0.790200 + 0.082308),0.878842 (0.796500 + 0.082342),0.865837 (0.783900 + 0.081937),0.871971 (0.789300 + 0.082671),0.887079 (0.804600 + 0.082479),0.876381 (0.793800 + 0.082581),0.891625 (0.809100 + 0.082525),0.883419 (0.801000 + 0.082419),0.891625 (0.809100 + 0.082525),0.882761 (0.800100 + 0.082661),0.873564 (0.791100 + 0.082464),0.873434 (0.791100 + 0.082334),0.888914 (0.806400 + 0.082514),0.867976 (0.785700 + 0.082276),0.876035 (0.793800 + 0.082235),0.886089 (0.803700 + 0.082389),0.899679 (0.817200 + 0.082479),0.883587 (0.801000 + 0.082587)
85,0.899679 (0.817200 + 0.082479),0.865375 (0.783000 + 0.082375),0.882647 (0.800100 + 0.082547),0.878306 (0.795600 + 0.082706),0.865129 (0.783000 + 0.082129),0.873206 (0.791100 + 0.082106),0.869645 (0.787500 + 0.082145),0.887995 (0.805500 + 0.082495),0.887995 (0.805500 + 0.082495),0.865724 (0.783900 + 0.081824),0.885163 (0.802800 + 0.082363),0.861436 (0.779400 + 0.082036),0.885234 (0.802800 + 0.082434),0.877350 (0.794700 + 0.082650),0.887792 (0.805500 + 0.082292),0.893403 (0.810900 + 0.082503),0.885281 (0.802800 + 0.082481),0.870774 (0.788400 + 0.082374),0.889694 (0.807300 + 0.082394),0.877973 (0.795600 + 0.082373),0.884339 (0.801900 + 0.082439),0.889742 (0.807300 + 0.082442),0.881022 (0.798300 + 0.082722),0.880705 (0.798300 + 0.082405),0.875279 (0.792900 + 0.082379),0.893210 (0.810900 + 0.082310),0.883365 (0.801000 + 0.082365),0.876984 (0.794700 + 0.082284),0.876146 (0.793800 + 0.082346),0.870626 (0.788400 + 0.082226),0.882391 (0.800100 + 0.082291),0.868756 (0.786600 + 0.082156),0.879291 (0.797400 + 0.081891),0.883419 (0.801000 + 0.082419),0.882761 (0.800100 + 0.082661),0.879733 (0.797400 + 0.082333),0.893511 (0.810900 + 0.082611),0.887456 (0.805500 + 0.081956),0.878842 (0.796500 + 0.082342),0.876430 (0.793800 + 0.082630),0.888840 (0.806400 + 0.082440),0.877959 (0.795600 + 0.082359),0.870855 (0.788400 + 0.082455),0.882643 (0.800100 + 0.082543),0.865165 (0.783000 + 0.082165),0.874223 (0.792000 + 0.082223),0.881550 (0.799200 + 0.082350),0.884569 (0.801900 + 0.082669),0.873906 (0.792000 + 0.081906),0.861879 (0.779400 + 0.082479)
86,0.899679 (0.817200 + 0.082479),0.872315 (0.790200 + 0.082115),0.854976 (0.773100 + 0.081876),0.876303 (0.793800 + 0.082504),0.871817 (0.789300 + 0.082518),0.878250 (0.795600 + 0.082650),0.889665 (0.807300 + 0.082365),0.889742 (0.807300 + 0.082442),0.875279 (0.792900 + 0.082379),0.880075 (0.798300 + 0.081775),0.880429 (0.798300 + 0.082129),0.866244 (0.783900 + 0.082344),0.887571 (0.805500 + 0.082071),0.892407 (0.810000 + 0.082407),0.882444 (0.800100 + 0.082344),0.886687 (0.804600 + 0.082087),0.865900 (0.783900 + 0.082000),0.890715 (0.808200 + 0.082515),0.858933 (0.776700 + 0.082233),0.878847 (0.796500 + 0.082347),0.891088 (0.809100 + 0.081988),0.888115 (0.805500 + 0.082615),0.894211 (0.811800 + 0.082411),0.886966 (0.804600 + 0.082366),0.873965 (0.792000 + 0.081965),0.869206 (0.786600 + 0.082606),0.869828 (0.787500 + 0.082328),0.879099 (0.796500 + 0.082599),0.877898 (0.795600 + 0.082298),0.869257 (0.786600 + 0.082657),0.869059 (0.786600 + 0.082459),0.876235 (0.793800 + 0.082435),0.882481 (0.800100 + 0.082381),0.889474 (0.807300 + 0.082174),0.869724 (0.787500 + 0.082224),0.880692 (0.798300 + 0.082392),0.885831 (0.803700 + 0.082131),0.897788 (0.815400 + 0.082388),0.865354 (0.783000 + 0.082354),0.886582 (0.804600 + 0.081982),0.854334 (0.772200 + 0.082134),0.873142 (0.791100 + 0.082042),0.864466 (0.782100 + 0.082366),0.879583 (0.797400 + 0.082183),0.889491 (0.807300 + 0.082191),0.872484 (0.790200 + 0.082284),0.878842 (0.796500 + 0.082342),0.875816 (0.793800 + 0.082016),0.874160 (0.792000 + 0.082160),0.866140 (0.783900 + 0.082240)
87,0.899679 (0.817200 + 0.082479),0.883166 (0.801000 + 0.082166),0.872085 (0.790200 + 0.081885),0.880515 (0.798300 + 0.082215),0.893288 (0.810900 + 0.082388),0.886625 (0.804600 + 0.082025),0.883370 (0.801000 + 0.082370),0.874371 (0.792000 + 0.082371),0.889023 (0.806400 + 0.082623),0.870949 (0.788400 + 0.082549),0.872119 (0.790200 + 0.081919),0.858016 (0.775800 + 0.082216),0.867288 (0.784800 + 0.082488),0.872607 (0.790200 + 0.082406),0.881549 (0.799200 + 0.082349),0.861351 (0.779400 + 0.081951),0.889742 (0.807300 + 0.082442),0.886687 (0.804600 + 0.082087),0.877898 (0.795600 + 0.082298),0.893190 (0.810900 + 0.082290),0.877898 (0.795600 + 0.082298),0.877134 (0.794700 + 0.082434),0.895994 (0.813600 + 0.082394),0.884221 (0.801900 + 0.082321),0.875909 (0.793800 + 0.082109),0.866302 (0.783900 + 0.082403),0.880561 (0.798300 + 0.082261),0.865133 (0.783000 + 0.082133),0.870422 (0.788400 + 0.082022),0.885831 (0.803700 + 0.082131),0.878842 (0.796500 + 0.082342),0.894211 (0.811800 + 0.082411),0.889491 (0.807300 + 0.082191),0.882465 (0.800100 + 0.082365),0.884854 (0.802800 + 0.082054),0.865552 (0.783000 + 0.082552),0.888919 (0.806400 + 0.082519),0.874199 (0.792000 + 0.082199),0.877964 (0.795600 + 0.082364),0.863524 (0.781200 + 0.082324),0.874495 (0.792900 + 0.081595),0.894211 (0.811800 + 0.082411),0.869059 (0.786600 + 0.082459),0.864272 (0.782100 + 0.082172),0.889844 (0.807300 + 0.082544),0.856486 (0.774000 + 0.082486),0.868827 (0.786600 + 0.082227),0.878250 (0.795600 + 0.082650),0.882444 (0.800100 + 0.082344),0.883337 (0.801000 + 0.082337)
88,0.899679 (0.817200 + 0.082479),0.897009 (0.814500 + 0.082509),0.875532 (0.792900 + 0.082632),0.870957 (0.788400 + 0.082557),0.882155 (0.800100 + 0.082055),0.869920 (0.787500 + 0.082420),0.887895 (0.805500 + 0.082395),0.878630 (0.796500 + 0.082130),0.877964 (0.795600 + 0.082364),0.876033 (0.793800 + 0.082233),0.893288 (0.810900 + 0.082388),0.874500 (0.792000 + 0.082500),0.878842 (0.796500 + 0.082342),0.890633 (0.808200 + 0.082433),0.884428 (0.801900 + 0.082528),0.874359 (0.792000 + 0.082359),0.870879 (0.789300 + 0.081579),0.899679 (0.817200 + 0.082479),0.899679 (0.817200 + 0.082479),0.883446 (0.801000 + 0.082446),0.892407 (0.810000 + 0.082407),0.872339 (0.790200 + 0.082139),0.882472 (0.800100 + 0.082372),0.874457 (0.792000 + 0.082457),0.872391 (0.790200 + 0.082191),0.885230 (0.802800 + 0.082430),0.857739 (0.774900 + 0.082839),0.886762 (0.804600 + 0.082163),0.869948 (0.787500 + 0.082448),0.872374 (0.790200 + 0.082174),0.888809 (0.806400 + 0.082409),0.886152 (0.803700 + 0.082452),0.868212 (0.785700 + 0.082512),0.877168 (0.794700 + 0.082468),0.895013 (0.812700 + 0.082313),0.881642 (0.799200 + 0.082442),0.871796 (0.789300 + 0.082496),0.868606 (0.786600 + 0.082006),0.866426 (0.783900 + 0.082526),0.874792 (0.792900 + 0.081892),0.882450 (0.800100 + 0.082350),0.877702 (0.795600 + 0.082102),0.876864 (0.794700 + 0.082164),0.883176 (0.801000 + 0.082176),0.871577 (0.789300 + 0.082277),0.882949 (0.801000 + 0.081949),0.880561 (0.798300 + 0.082261),0.885249 (0.802800 + 0.082449),0.870561 (0.788400 + 0.082161),0.883282 (0.801000 + 0.082282)
89,0.899679 (0.817200 + 0.082479),0.884319 (0.801900 + 0.082419),0.877158 (0.794700 + 0.082458),0.886152 (0.803700 + 0.082452),0.868651 (0.786600 + 0.082051),0.888978 (0.806400 + 0.082578),0.878503 (0.796500 + 0.082003),0.886086 (0.803700 + 0.082386),0.888816 (0.806400 + 0.082416),0.875070 (0.792900 + 0.082170),0.885105 (0.802800 + 0.082305),0.882949 (0.801000 + 0.081949),0.874792 (0.792900 + 0.081892),0.893445 (0.810900 + 0.082546),0.880560 (0.798300 + 0.082259),0.890633 (0.808200 + 0.082433),0.878064 (0.795600 + 0.082464),0.883337 (0.801000 + 0.082337),0.886847 (0.804600 + 0.082247),0.871612 (0.789300 + 0.082312),0.888066 (0.805500 + 0.082566),0.861967 (0.780300 + 0.081667),0.863213 (0.781200 + 0.082013),0.875025 (0.792900 + 0.082125),0.862575 (0.780300 + 0.082275),0.876044 (0.793800 + 0.082244),0.872065 (0.790200 + 0.081865),0.874241 (0.792000 + 0.082241),0.884264 (0.801900 + 0.082364),0.883115 (0.801000 + 0.082115),0.879612 (0.797400 + 0.082212),0.883274 (0.801000 + 0.082274),0.878761 (0.796500 + 0.082261),0.885971 (0.803700 + 0.082272),0.870476 (0.788400 + 0.082076),0.882949 (0.801000 + 0.081949),0.876033 (0.793800 + 0.082233),0.874307 (0.792000 + 0.082307),0.869852 (0.787500 + 0.082352),0.871248 (0.789300 + 0.081948),0.878613 (0.796500 + 0.082113),0.893288 (0.810900 + 0.082388),0.899679 (0.817200 + 0.082479),0.899679 (0.817200 + 0.082479),0.877168 (0.794700 + 0.082468),0.877594 (0.795600 + 0.081994),0.877903 (0.795600 + 0.082303),0.883433 (0.801000 + 0.082433),0.876869 (0.794700 + 0.082169),0.888809 (0.806400 + 0.082409)
90,0.899679 (0.817200 + 0.082479),0.871573 (0.789300 + 0.082273),0.873068 (0.791100 + 0.081968),0.865495 (0.783000 + 0.082495),0.877062 (0.794700 + 0.082362),0.888860 (0.806400 + 0.082460),0.881182 (0.799200 + 0.081982),0.847913 (0.765900 + 0.082013),0.883088 (0.801000 + 0.082088),0.878374 (0.796500 + 0.081874),0.874945 (0.792900 + 0.082045),0.869787 (0.787500 + 0.082287),0.872285 (0.790200 + 0.082085),0.888851 (0.806400 + 0.082451),0.885902 (0.803700 + 0.082202),0.881725 (0.799200 + 0.082525),0.871430 (0.789300 + 0.082130),0.874162 (0.792000 + 0.082162),0.860528 (0.778500 + 0.082028),0.856030 (0.774000 + 0.082030),0.886045 (0.803700 + 0.082345),0.878761 (0.796500 + 0.082261),0.886086 (0.803700 + 0.082386),0.887859 (0.805500 + 0.082359),0.875346 (0.792900 + 0.082446),0.878493 (0.796500 + 0.081993),0.875282 (0.792900 + 0.082382),0.899679 (0.817200 + 0.082479),0.899679 (0.817200 + 0.082479),0.878602 (0.796500 + 0.082102),0.864050 (0.782100 + 0.081950),0.887995 (0.805500 + 0.082495),0.879776 (0.797400 + 0.082376),0.872425 (0.790200 + 0.082225),0.878851 (0.796500 + 0.082351),0.878948 (0.796500 + 0.082448),0.877072 (0.794700 + 0.082372),0.899679 (0.817200 + 0.082479),0.893445 (0.810900 + 0.082546),0.882128 (0.800100 + 0.082028),0.879788 (0.797400 + 0.082388),0.886957 (0.804600 + 0.082357),0.867079 (0.784800 + 0.082279),0.889621 (0.807300 + 0.082321),0.884284 (0.801900 + 0.082384),0.881655 (0.799200 + 0.082455),0.867163 (0.784800 + 0.082363),0.877967 (0.795600 + 0.082367),0.870415 (0.788400 + 0.082015),0.872374 (0.790200 + 0.082174)
91,0.899679 (0.817200 + 0.082479),0.880782 (0.798300 + 0.082482),0.883339 (0.801000 + 0.082339),0.884159 (0.801900 + 0.082259),0.873193 (0.791100 + 0.082093),0.876164 (0.793800 + 0.082364),0.886086 (0.803700 + 0.082386),0.875155 (0.792900 + 0.082255),0.878636 (0.796500 + 0.082136),0.875851 (0.793800 + 0.082051),0.871279 (0.789300 + 0.081979),0.885956 (0.803700 + 0.082256),0.855227 (0.773100 + 0.082127),0.897043 (0.814500 + 0.082543),0.860111 (0.778500 + 0.081611),0.887835 (0.805500 + 0.082335),0.866784 (0.784800 + 0.081984),0.888809 (0.806400 + 0.082409),0.884232 (0.801900 + 0.082332),0.888860 (0.806400 + 0.082460),0.870610 (0.788400 + 0.082210),0.881389 (0.799200 + 0.082189),0.877073 (0.794700 + 0.082373),0.880621 (0.798300 + 0.082321),0.864143 (0.782100 + 0.082043),0.873377 (0.791100 + 0.082277),0.855788 (0.774000 + 0.081788),0.896971 (0.814500 + 0.082471),0.877080 (0.794700 + 0.082380),0.875360 (0.792900 + 0.082460),0.887626 (0.805500 + 0.082126),0.877062 (0.794700 + 0.082362),0.856204 (0.774000 + 0.082204),0.860844 (0.778500 + 0.082344),0.871623 (0.789300 + 0.082323),0.875108 (0.792900 + 0.082208),0.855216 (0.773100 + 0.082116),0.867331 (0.784800 + 0.082532),0.861390 (0.779400 + 0.081990),0.899679 (0.817200 + 0.082479),0.881655 (0.799200 + 0.082455),0.887995 (0.805500 + 0.082495),0.878493 (0.796500 + 0.081993),0.870049 (0.787500 + 0.082549),0.866083 (0.783900 + 0.082183),0.887994 (0.805500 + 0.082494),0.855970 (0.774000 + 0.081970),0.890461 (0.808200 + 0.082261),0.870854 (0.788400 + 0.082454),0.866829 (0.784800 + 0.082029)
92,0.899679 (0.817200 + 0.082479),0.879006 (0.796500 + 0.082506),0.860780 (0.778500 + 0.082280),0.881779 (0.799200 + 0.082579),0.872349 (0.790200 + 0.082149),0.888041 (0.805500 + 0.082541),0.871504 (0.789300 + 0.082204),0.897023 (0.814500 + 0.082523),0.886957 (0.804600 + 0.082357),0.887994 (0.805500 + 0.082494),0.886086 (0.803700 + 0.082386),0.881402 (0.799200 + 0.082202),0.886913 (0.804600 + 0.082313),0.877843 (0.795600 + 0.082243),0.883474 (0.801000 + 0.082474),0.880148 (0.797400 + 0.082748),0.898778 (0.816300 + 0.082478),0.873749 (0.792000 + 0.081749),0.881389 (0.799200 + 0.082189),0.864990 (0.783000 + 0.081990),0.873358 (0.791100 + 0.082258),0.874951 (0.792900 + 0.082051),0.858974 (0.776700 + 0.082274),0.874791 (0.792900 + 0.081891),0.874575 (0.792000 + 0.082575),0.874309 (0.792000 + 0.082309),0.884459 (0.801900 + 0.082560),0.881272 (0.799200 + 0.082072),0.868633 (0.786600 + 0.082033),0.864976 (0.783000 + 0.081976),0.884136 (0.801900 + 0.082236),0.863730 (0.781200 + 0.082530),0.888809 (0.806400 + 0.082409),0.891344 (0.809100 + 0.082244),0.887084 (0.804600 + 0.082484),0.864476 (0.782100 + 0.082376),0.886947 (0.804600 + 0.082347),0.875918 (0.793800 + 0.082118),0.876311 (0.793800 + 0.082511),0.874106 (0.792000 + 0.082106),0.870610 (0.788400 + 0.082210),0.879736 (0.797400 + 0.082336),0.867112 (0.784800 + 0.082312),0.871405 (0.789300 + 0.082105),0.881751 (0.799200 + 0.082551),0.882483 (0.800100 + 0.082383),0.861614 (0.779400 + 0.082214),0.885348 (0.802800 + 0.082548),0.886141 (0.803700 + 0.082441),0.877846 (0.795600 + 0.082246)
93,0.899679 (0.817200 + 0.082479),0.889694 (0.807300 + 0.082394),0.866812 (0.784800 + 0.082012),0.897023 (0.814500 + 0.082523),0.897023 (0.814500 + 0.082523),0.878589 (0.796500 + 0.082089),0.881575 (0.799200 + 0.082375),0.891416 (0.809100 + 0.082316),0.873469 (0.791100 + 0.082369),0.883343 (0.801000 + 0.082343),0.888894 (0.806400 + 0.082494),0.880751 (0.798300 + 0.082451),0.889836 (0.807300 + 0.082536),0.870798 (0.788400 + 0.082398),0.887989 (0.805500 + 0.082489),0.876311 (0.793800 + 0.082511),0.872349 (0.790200 + 0.082149),0.873362 (0.791100 + 0.082262),0.885880 (0.803700 + 0.082180),0.871785 (0.789300 + 0.082485),0.875927 (0.793800 + 0.082127),0.885274 (0.802800 + 0.082474),0.884223 (0.801900 + 0.082323),0.867940 (0.785700 + 0.082240),0.874937 (0.792900 + 0.082037),0.879661 (0.797400 + 0.082261),0.874863 (0.792900 + 0.081963),0.875626 (0.793800 + 0.081826),0.873513 (0.791100 + 0.082413),0.885348 (0.802800 + 0.082548),0.886957 (0.804600 + 0.082357),0.879546 (0.797400 + 0.082146),0.871484 (0.789300 + 0.082184),0.869155 (0.786600 + 0.082555),0.891562 (0.809100 + 0.082462),0.874562 (0.792000 + 0.082562),0.871033 (0.788400 + 0.082633),0.889790 (0.807300 + 0.082490),0.873722 (0.791100 + 0.082622),0.888809 (0.806400 + 0.082409),0.884459 (0.801900 + 0.082560),0.885266 (0.802800 + 0.082466),0.870784 (0.788400 + 0.082384),0.882527 (0.800100 + 0.082427),0.879447 (0.797400 + 0.082048),0.870531 (0.788400 + 0.082131),0.879736 (0.797400 + 0.082336),0.884136 (0.801900 + 0.082236),0.861614 (0.779400 + 0.082214),0.858825 (0.776700 + 0.082125)
94,0.899679 (0.817200 + 0.082479),0.894360 (0.811800 + 0.082560),0.888011 (0.805500 + 0.082511),0.873337 (0.791100 + 0.082237),0.889790 (0.807300 + 0.082490),0.889816 (0.807300 + 0.082516),0.885380 (0.802800 + 0.082580),0.897972 (0.815400 + 0.082572),0.891513 (0.809100 + 0.082413),0.873427 (0.791100 + 0.082327),0.893968 (0.811800 + 0.082168),0.893925 (0.811800 + 0.082125),0.875474 (0.792900 + 0.082574),0.886224 (0.803700 + 0.082524),0.893402 (0.810900 + 0.082502),0.873469 (0.791100 + 0.082369),0.880431 (0.798300 + 0.082131),0.870290 (0.788400 + 0.081890),0.874042 (0.792000 + 0.082042),0.888894 (0.806400 + 0.082494),0.884136 (0.801900 + 0.082236),0.888894 (0.806400 + 0.082494),0.888809 (0.806400 + 0.082409),0.879682 (0.797400 + 0.082282),0.886891 (0.804600 + 0.082291),0.878070 (0.795600 + 0.082470),0.870127 (0.787500 + 0.082627),0.889694 (0.807300 + 0.082394),0.879447 (0.797400 + 0.082048),0.881751 (0.799200 + 0.082551),0.880673 (0.798300 + 0.082373),0.879086 (0.797400 + 0.081686),0.857653 (0.775800 + 0.081853),0.865725 (0.783900 + 0.081825),0.882606 (0.800100 + 0.082506),0.863614 (0.781200 + 0.082415),0.849079 (0.766800 + 0.082279),0.866091 (0.783900 + 0.082191),0.889715 (0.807300 + 0.082415),0.886957 (0.804600 + 0.082357),0.874372 (0.792000 + 0.082372),0.897023 (0.814500 + 0.082523),0.885348 (0.802800 + 0.082548),0.861776 (0.779400 + 0.082376),0.879110 (0.796500 + 0.082610),0.882481 (0.800100 + 0.082381),0.869104 (0.786600 + 0.082504),0.858969 (0.776700 + 0.082269),0.881405 (0.799200 + 0.082205),0.874943 (0.792900 + 0.082043)
95,0.899679 (0.817200 + 0.082479),0.878085 (0.795600 + 0.082485),0.866008 (0.783900 + 0.082108),0.880411 (0.798300 + 0.082111),0.876070 (0.793800 + 0.082270),0.894269 (0.811800 + 0.082469),0.891626 (0.809100 + 0.082526),0.888059 (0.805500 + 0.082560),0.887846 (0.805500 + 0.082346),0.872399 (0.790200 + 0.082199),0.865099 (0.783000 + 0.082099),0.872341 (0.790200 + 0.082141),0.879602 (0.797400 + 0.082202),0.888786 (0.806400 + 0.082386),0.898831 (0.816300 + 0.082531),0.881671 (0.799200 + 0.082471),0.885282 (0.802800 + 0.082482),0.876515 (0.794700 + 0.081815),0.881658 (0.799200 + 0.082458),0.897933 (0.815400 + 0.082533),0.869927 (0.787500 + 0.082427),0.885034 (0.802800 + 0.082234),0.873092 (0.791100 + 0.081992),0.880831 (0.798300 + 0.082531),0.889822 (0.807300 + 0.082522),0.881405 (0.799200 + 0.082205),0.868370 (0.786600 + 0.081771),0.886122 (0.803700 + 0.082422),0.881641 (0.799200 + 0.082441),0.872860 (0.790200 + 0.082660),0.877703 (0.795600 + 0.082103),0.874165 (0.792000 + 0.082165),0.883478 (0.801000 + 0.082478),0.897023 (0.814500 + 0.082523),0.888809 (0.806400 + 0.082409),0.892217 (0.810000 + 0.082217),0.897023 (0.814500 + 0.082523),0.870917 (0.788400 + 0.082517),0.894704 (0.812700 + 0.082004),0.899679 (0.817200 + 0.082479),0.886957 (0.804600 + 0.082357),0.887140 (0.804600 + 0.082540),0.879009 (0.796500 + 0.082510),0.865235 (0.783000 + 0.082235),0.882685 (0.800100 + 0.082586),0.890778 (0.808200 + 0.082578),0.883480 (0.801000 + 0.082481),0.877682 (0.795600 + 0.082082),0.892546 (0.810000 + 0.082546),0.877120 (0.794700 + 0.082420)
96,0.899679 (0.817200 + 0.082479),0.864276 (0.782100 + 0.082176),0.881657 (0.799200 + 0.082457),0.897933 (0.815400 + 0.082533),0.872434 (0.790200 + 0.082234),0.882438 (0.800100 + 0.082338),0.875151 (0.792900 + 0.082251),0.875946 (0.793800 + 0.082146),0.872471 (0.790200 + 0.082271),0.862700 (0.780300 + 0.082400),0.889656 (0.807300 + 0.082356),0.884439 (0.801900 + 0.082539),0.890701 (0.808200 + 0.082501),0.868539 (0.786600 + 0.081939),0.890778 (0.808200 + 0.082578),0.881738 (0.799200 + 0.082538),0.881652 (0.799200 + 0.082452),0.863423 (0.781200 + 0.082223),0.866937 (0.784800 + 0.082137),0.881658 (0.799200 + 0.082458),0.880831 (0.798300 + 0.082531),0.863603 (0.781200 + 0.082403),0.895605 (0.813600 + 0.082005),0.883526 (0.801000 + 0.082526),0.888936 (0.806400 + 0.082536),0.888769 (0.806400 + 0.082369),0.892167 (0.810000 + 0.082167),0.896971 (0.814500 + 0.082471),0.884432 (0.801900 + 0.082532),0.886957 (0.804600 + 0.082357),0.860472 (0.778500 + 0.081972),0.879864 (0.797400 + 0.082464),0.883480 (0.801000 + 0.082481),0.881677 (0.799200 + 0.082477),0.867871 (0.785700 + 0.082171),0.894704 (0.812700 + 0.082004),0.887846 (0.805500 + 0.082346),0.888752 (0.806400 + 0.082352),0.876902 (0.794700 + 0.082202),0.885345 (0.802800 + 0.082545),0.883393 (0.801000 + 0.082393),0.874755 (0.792900 + 0.081855),0.872744 (0.790200 + 0.082544),0.890696 (0.808200 + 0.082496),0.878129 (0.795600 + 0.082529),0.894316 (0.811800 + 0.082516),0.875946 (0.793800 + 0.082146),0.899679 (0.817200 + 0.082479),0.897023 (0.814500 + 0.082523),0.880572 (0.798300 + 0.082272)
97,0.899679 (0.817200 + 0.082479),0.868857 (0.786600 + 0.082257),0.885985 (0.803700 + 0.082285),0.899679 (0.817200 + 0.082479),0.890778 (0.808200 + 0.082578),0.877395 (0.795600 + 0.081795),0.886071 (0.803700 + 0.082371),0.884016 (0.801900 + 0.082116),0.885345 (0.802800 + 0.082545),0.864413 (0.782100 + 0.082313),0.879805 (0.797400 + 0.082405),0.890696 (0.808200 + 0.082496),0.883393 (0.801000 + 0.082393),0.879642 (0.797400 + 0.082242),0.889497 (0.807300 + 0.082197),0.885267 (0.802800 + 0.082468),0.864449 (0.782100 + 0.082349),0.883430 (0.801000 + 0.082430),0.875135 (0.792900 + 0.082235),0.865521 (0.783000 + 0.082521),0.887844 (0.805500 + 0.082344),0.883217 (0.801000 + 0.082217),0.884236 (0.801900 + 0.082336),0.880533 (0.798300 + 0.082233),0.882401 (0.800100 + 0.082301),0.880841 (0.798300 + 0.082541),0.863580 (0.782100 + 0.081480),0.869832 (0.787500 + 0.082332),0.872471 (0.790200 + 0.082271),0.874672 (0.792900 + 0.081772),0.863369 (0.781200 + 0.082169),0.838280 (0.756000 + 0.082280),0.873308 (0.791100 + 0.082208),0.884439 (0.801900 + 0.082539),0.897023 (0.814500 + 0.082523),0.873528 (0.791100 + 0.082428),0.889698 (0.807300 + 0.082398),0.871294 (0.789300 + 0.081994),0.870602 (0.788400 + 0.082202),0.873181 (0.791100 + 0.082081),0.881593 (0.799200 + 0.082393),0.865322 (0.783000 + 0.082322),0.881658 (0.799200 + 0.082458),0.869617 (0.787500 + 0.082117),0.866747 (0.784800 + 0.081947),0.872307 (0.790200 + 0.082107),0.874493 (0.792000 + 0.082493),0.881603 (0.799200 + 0.082403),0.900585 (0.818100 + 0.082485),0.869455 (0.787500 + 0.081955)
98,,,,,,,,,,,,,,,,,,,,,,,,,,,,,,,,,,,,,,,,,,,,,,,,,,
99,,,,,,,,,,,,,,,,,,,,,,,,,,,,,,,,,,,,,,,,,,,,,,,,,,
100,,,,,,,,,,,,,,,,,,,,,,,,,,,,,,,,,,,,,,,,,,,,,,,,,,
