Generation,Entry1,Entry2,Entry3,Entry4,Entry5,Entry6,Entry7,Entry8,Entry9,Entry10,Entry11,Entry12,Entry13,Entry14,Entry15,Entry16,Entry17,Entry18,Entry19,Entry20,Entry21,Entry22,Entry23,Entry24,Entry25,Entry26,Entry27,Entry28,Entry29,Entry30,Entry31,Entry32,Entry33,Entry34,Entry35,Entry36,Entry37,Entry38,Entry39,Entry40,Entry41,Entry42,Entry43,Entry44,Entry45,Entry46,Entry47,Entry48,Entry49,Entry50
1,0.684800 (0.617400 + 0.067400),0.397700 (0.330300 + 0.067400),0.567700 (0.498600 + 0.069100),0.395100 (0.329400 + 0.065700),0.194300 (0.122400 + 0.071900),0.405600 (0.339300 + 0.066300),0.483200 (0.413100 + 0.070100),0.282500 (0.213300 + 0.069200),0.513800 (0.451800 + 0.062000),0.634100 (0.565200 + 0.068900),0.433100 (0.364500 + 0.068600),0.524600 (0.459000 + 0.065600),0.238300 (0.173700 + 0.064600),0.256600 (0.187200 + 0.069400),0.608900 (0.538200 + 0.070700),0.363800 (0.294300 + 0.069500),0.342800 (0.274500 + 0.068300),0.582000 (0.513000 + 0.069000),0.584300 (0.517500 + 0.066800),0.228600 (0.162000 + 0.066600),0.477700 (0.409500 + 0.068200),0.459500 (0.394200 + 0.065300),0.331300 (0.265500 + 0.065800),0.595800 (0.527400 + 0.068400),0.549000 (0.483300 + 0.065700),0.532300 (0.462600 + 0.069700),0.571200 (0.503100 + 0.068100),0.303100 (0.234000 + 0.069100),0.600200 (0.531000 + 0.069200),0.428700 (0.361800 + 0.066900),0.556700 (0.488700 + 0.068000),0.437300 (0.370800 + 0.066500),0.548200 (0.479700 + 0.068500),0.455000 (0.387000 + 0.068000),0.327400 (0.259200 + 0.068200),0.695300 (0.628200 + 0.067100),0.612400 (0.543600 + 0.068800),0.591500 (0.519300 + 0.072200),0.471200 (0.400500 + 0.070700),0.411200 (0.344700 + 0.066500),0.585400 (0.518400 + 0.067000),0.414200 (0.342900 + 0.071300),0.497800 (0.428400 + 0.069400),0.518100 (0.450000 + 0.068100),0.463300 (0.396900 + 0.066400),0.649900 (0.585900 + 0.064000),0.409200 (0.339300 + 0.069900),0.477100 (0.408600 + 0.068500),0.606400 (0.537300 + 0.069100),0.567500 (0.498600 + 0.068900)
2,0.645800 (0.578700 + 0.067100),0.587700 (0.517500 + 0.070200),0.564100 (0.498600 + 0.065500),0.499000 (0.430200 + 0.068800),0.456000 (0.386100 + 0.069900),0.526500 (0.461700 + 0.064800),0.584300 (0.515700 + 0.068600),0.553100 (0.481500 + 0.071600),0.627000 (0.559800 + 0.067200),0.610500 (0.543600 + 0.066900),0.602300 (0.533700 + 0.068600),0.498100 (0.430200 + 0.067900),0.531600 (0.464400 + 0.067200),0.598800 (0.531900 + 0.066900),0.492100 (0.423900 + 0.068200),0.596900 (0.524700 + 0.072200),0.438400 (0.369900 + 0.068500),0.634800 (0.569700 + 0.065100),0.689700 (0.621900 + 0.067800),0.497800 (0.432900 + 0.064900),0.439700 (0.369900 + 0.069800),0.442700 (0.373500 + 0.069200),0.527200 (0.461700 + 0.065500),0.587300 (0.516600 + 0.070700),0.574200 (0.506700 + 0.067500),0.644100 (0.578700 + 0.065400),0.446000 (0.378000 + 0.068000),0.399700 (0.330300 + 0.069400),0.596300 (0.528300 + 0.068000),0.498700 (0.432900 + 0.065800),0.460100 (0.391500 + 0.068600),0.592100 (0.522900 + 0.069200),0.628400 (0.558000 + 0.070400),0.590100 (0.522900 + 0.067200),0.613600 (0.543600 + 0.070000),0.486000 (0.417600 + 0.068400),0.636800 (0.566100 + 0.070700),0.686600 (0.621000 + 0.065600),0.571100 (0.503100 + 0.068000),0.483000 (0.416700 + 0.066300),0.456700 (0.388800 + 0.067900),0.648500 (0.582300 + 0.066200),0.477200 (0.412200 + 0.065000),0.685800 (0.617400 + 0.068400),0.392500 (0.324900 + 0.067600),0.520500 (0.452700 + 0.067800),0.222900 (0.156600 + 0.066300),0.322700 (0.258300 + 0.064400),0.508900 (0.438300 + 0.070600),0.618800 (0.548100 + 0.070700)
3,0.683400 (0.615600 + 0.067800),0.651200 (0.580500 + 0.070700),0.597900 (0.531000 + 0.066900),0.618600 (0.547200 + 0.071400),0.534500 (0.466200 + 0.068300),0.621700 (0.550800 + 0.070900),0.567800 (0.495000 + 0.072800),0.626900 (0.559800 + 0.067100),0.578200 (0.512100 + 0.066100),0.538000 (0.469800 + 0.068200),0.592400 (0.522000 + 0.070400),0.659900 (0.588600 + 0.071300),0.590000 (0.519300 + 0.070700),0.635600 (0.567000 + 0.068600),0.572400 (0.502200 + 0.070200),0.587800 (0.521100 + 0.066700),0.553100 (0.486900 + 0.066200),0.590300 (0.522900 + 0.067400),0.686500 (0.621000 + 0.065500),0.686600 (0.621000 + 0.065600),0.429700 (0.361800 + 0.067900),0.522800 (0.459900 + 0.062900),0.591700 (0.523800 + 0.067900),0.493000 (0.425700 + 0.067300),0.452500 (0.382500 + 0.070000),0.708800 (0.640800 + 0.068000),0.482000 (0.414900 + 0.067100),0.649400 (0.581400 + 0.068000),0.514200 (0.447300 + 0.066900),0.604000 (0.535500 + 0.068500),0.587000 (0.517500 + 0.069500),0.493000 (0.425700 + 0.067300),0.597900 (0.527400 + 0.070500),0.488100 (0.422100 + 0.066000),0.650300 (0.580500 + 0.069800),0.597800 (0.529200 + 0.068600),0.497900 (0.430200 + 0.067700),0.571200 (0.501300 + 0.069900),0.492000 (0.425700 + 0.066300),0.562700 (0.494100 + 0.068600),0.487300 (0.418500 + 0.068800),0.635600 (0.567000 + 0.068600),0.576900 (0.509400 + 0.067500),0.647300 (0.579600 + 0.067700),0.650900 (0.585900 + 0.065000),0.278200 (0.207900 + 0.070300),0.717400 (0.648900 + 0.068500),0.686100 (0.621000 + 0.065100),0.636100 (0.567000 + 0.069100),0.565300 (0.495900 + 0.069400)
4,0.716500 (0.648000 + 0.068500),0.625600 (0.561600 + 0.064000),0.533400 (0.462600 + 0.070800),0.665200 (0.599400 + 0.065800),0.596500 (0.529200 + 0.067300),0.673900 (0.602100 + 0.071800),0.645600 (0.575100 + 0.070500),0.712400 (0.644400 + 0.068000),0.712400 (0.644400 + 0.068000),0.534000 (0.462600 + 0.071400),0.501600 (0.433800 + 0.067800),0.701300 (0.633600 + 0.067700),0.571300 (0.502200 + 0.069100),0.582200 (0.514800 + 0.067400),0.619600 (0.550800 + 0.068800),0.625400 (0.556200 + 0.069200),0.550400 (0.480600 + 0.069800),0.598500 (0.528300 + 0.070200),0.596100 (0.528300 + 0.067800),0.571800 (0.501300 + 0.070500),0.643600 (0.574200 + 0.069400),0.716200 (0.647100 + 0.069100),0.517900 (0.449100 + 0.068800),0.564800 (0.497700 + 0.067100),0.564000 (0.495000 + 0.069000),0.674000 (0.608400 + 0.065600),0.674500 (0.606600 + 0.067900),0.550800 (0.477900 + 0.072900),0.621000 (0.552600 + 0.068400),0.700900 (0.634500 + 0.066400),0.591200 (0.521100 + 0.070100),0.515700 (0.447300 + 0.068400),0.575300 (0.504000 + 0.071300),0.716500 (0.648000 + 0.068500),0.716500 (0.648000 + 0.068500),0.671700 (0.606600 + 0.065100),0.672200 (0.606600 + 0.065600),0.596800 (0.528300 + 0.068500),0.596800 (0.528300 + 0.068500),0.667400 (0.596700 + 0.070700),0.667400 (0.596700 + 0.070700),0.598500 (0.531000 + 0.067500),0.549700 (0.480600 + 0.069100),0.625200 (0.558000 + 0.067200),0.561700 (0.493200 + 0.068500),0.656700 (0.589500 + 0.067200),0.551500 (0.485100 + 0.066400),0.626200 (0.561600 + 0.064600),0.682100 (0.613800 + 0.068300),0.666900 (0.596700 + 0.070200)
5,0.689500 (0.621000 + 0.068500),0.708100 (0.640800 + 0.067300),0.628300 (0.557100 + 0.071200),0.666300 (0.597600 + 0.068700),0.692600 (0.621000 + 0.071600),0.657900 (0.589500 + 0.068400),0.713100 (0.646200 + 0.066900),0.674400 (0.606600 + 0.067800),0.711800 (0.646200 + 0.065600),0.714500 (0.647100 + 0.067400),0.707200 (0.639900 + 0.067300),0.693500 (0.628200 + 0.065300),0.638300 (0.567900 + 0.070400),0.689500 (0.621000 + 0.068500),0.625200 (0.558000 + 0.067200),0.660800 (0.593100 + 0.067700),0.613200 (0.542700 + 0.070500),0.689500 (0.621000 + 0.068500),0.689500 (0.621000 + 0.068500),0.661800 (0.592200 + 0.069600),0.562700 (0.491400 + 0.071300),0.660200 (0.589500 + 0.070700),0.650500 (0.585900 + 0.064600),0.690700 (0.621000 + 0.069700),0.659700 (0.593100 + 0.066600),0.701700 (0.633600 + 0.068100),0.474400 (0.403200 + 0.071200),0.687200 (0.620100 + 0.067100),0.618900 (0.550800 + 0.068100),0.690200 (0.621000 + 0.069200),0.601400 (0.534600 + 0.066800),0.699800 (0.631800 + 0.068000),0.708300 (0.639000 + 0.069300),0.687800 (0.617400 + 0.070400),0.541100 (0.472500 + 0.068600),0.650200 (0.585900 + 0.064300),0.661500 (0.594000 + 0.067500),0.671200 (0.603000 + 0.068200),0.706900 (0.637200 + 0.069700),0.707400 (0.640800 + 0.066600),0.533300 (0.460800 + 0.072500),0.713500 (0.644400 + 0.069100),0.713900 (0.644400 + 0.069500),0.689500 (0.621000 + 0.068500),0.589600 (0.521100 + 0.068500),0.674800 (0.606600 + 0.068200),0.593700 (0.525600 + 0.068100),0.690200 (0.621000 + 0.069200),0.586000 (0.517500 + 0.068500),0.631900 (0.562500 + 0.069400)
6,0.704600 (0.637200 + 0.067400),0.685400 (0.620100 + 0.065300),0.649100 (0.584100 + 0.065000),0.676200 (0.607500 + 0.068700),0.709400 (0.639900 + 0.069500),0.648600 (0.579600 + 0.069000),0.718400 (0.650700 + 0.067700),0.676000 (0.607500 + 0.068500),0.710600 (0.640800 + 0.069800),0.676000 (0.607500 + 0.068500),0.719500 (0.649800 + 0.069700),0.683300 (0.616500 + 0.066800),0.696200 (0.629100 + 0.067100),0.702200 (0.635400 + 0.066800),0.650000 (0.583200 + 0.066800),0.725200 (0.657000 + 0.068200),0.641100 (0.572400 + 0.068700),0.652800 (0.584100 + 0.068700),0.711900 (0.643500 + 0.068400),0.677200 (0.607500 + 0.069700),0.676000 (0.607500 + 0.068500),0.677700 (0.608400 + 0.069300),0.720600 (0.649800 + 0.070800),0.719800 (0.652500 + 0.067300),0.695700 (0.629100 + 0.066600),0.678000 (0.607500 + 0.070500),0.638500 (0.569700 + 0.068800),0.707100 (0.639900 + 0.067200),0.702600 (0.635400 + 0.067200),0.706700 (0.639000 + 0.067700),0.567700 (0.500400 + 0.067300),0.710000 (0.639900 + 0.070100),0.677700 (0.608400 + 0.069300),0.694600 (0.627300 + 0.067300),0.711300 (0.643500 + 0.067800),0.704100 (0.637200 + 0.066900),0.720000 (0.649800 + 0.070200),0.683500 (0.616500 + 0.067000),0.677000 (0.607500 + 0.069500),0.702000 (0.633600 + 0.068400),0.618200 (0.551700 + 0.066500),0.657300 (0.587700 + 0.069600),0.703800 (0.635400 + 0.068400),0.652900 (0.584100 + 0.068800),0.720600 (0.651600 + 0.069000),0.692100 (0.621900 + 0.070200),0.642100 (0.571500 + 0.070600),0.687500 (0.620100 + 0.067400),0.687600 (0.620100 + 0.067500),0.683800 (0.616500 + 0.067300)
7,0.716700 (0.647100 + 0.069600),0.665300 (0.595800 + 0.069500),0.703800 (0.634500 + 0.069300),0.683700 (0.618300 + 0.065400),0.704000 (0.635400 + 0.068600),0.699500 (0.629100 + 0.070400),0.700100 (0.634500 + 0.065600),0.650600 (0.585000 + 0.065600),0.702500 (0.632700 + 0.069800),0.692400 (0.625500 + 0.066900),0.706800 (0.639000 + 0.067800),0.645100 (0.576900 + 0.068200),0.715300 (0.646200 + 0.069100),0.717600 (0.648000 + 0.069600),0.680700 (0.611100 + 0.069600),0.699900 (0.630900 + 0.069000),0.679500 (0.612900 + 0.066600),0.705400 (0.637200 + 0.068200),0.689400 (0.621900 + 0.067500),0.716500 (0.648900 + 0.067600),0.683800 (0.614700 + 0.069100),0.643100 (0.576000 + 0.067100),0.694600 (0.625500 + 0.069100),0.703100 (0.634500 + 0.068600),0.717100 (0.648900 + 0.068200),0.664500 (0.595800 + 0.068700),0.701900 (0.632700 + 0.069200),0.678800 (0.612900 + 0.065900),0.703500 (0.632700 + 0.070800),0.704000 (0.634500 + 0.069500),0.705000 (0.635400 + 0.069600),0.700700 (0.632700 + 0.068000),0.642000 (0.574200 + 0.067800),0.699700 (0.630900 + 0.068800),0.703700 (0.632700 + 0.071000),0.708700 (0.637200 + 0.071500),0.654300 (0.587700 + 0.066600),0.701800 (0.631800 + 0.070000),0.669900 (0.601200 + 0.068700),0.704600 (0.635400 + 0.069200),0.704500 (0.634500 + 0.070000),0.700600 (0.630900 + 0.069700),0.709500 (0.639000 + 0.070500),0.653100 (0.586800 + 0.066300),0.699700 (0.630900 + 0.068800),0.705400 (0.638100 + 0.067300),0.705900 (0.639000 + 0.066900),0.703300 (0.632700 + 0.070600),0.671600 (0.601200 + 0.070400),0.714100 (0.645300 + 0.068800)
8,0.693300 (0.623700 + 0.069600),0.680500 (0.609300 + 0.071200),0.732100 (0.663300 + 0.068800),0.700000 (0.629100 + 0.070900),0.678000 (0.609300 + 0.068700),0.696000 (0.627300 + 0.068700),0.693800 (0.623700 + 0.070100),0.694300 (0.623700 + 0.070600),0.687000 (0.618300 + 0.068700),0.706500 (0.637200 + 0.069300),0.712500 (0.643500 + 0.069000),0.694100 (0.623700 + 0.070400),0.691900 (0.621900 + 0.070000),0.693200 (0.621900 + 0.071300),0.707300 (0.636300 + 0.071000),0.699000 (0.630900 + 0.068100),0.720400 (0.648000 + 0.072400),0.699200 (0.629100 + 0.070100),0.694600 (0.627300 + 0.067300),0.675000 (0.605700 + 0.069300),0.727700 (0.657000 + 0.070700),0.721300 (0.648000 + 0.073300),0.698200 (0.630900 + 0.067300),0.711800 (0.643500 + 0.068300),0.693200 (0.621900 + 0.071300),0.712400 (0.643500 + 0.068900),0.693700 (0.621900 + 0.071800),0.688000 (0.618300 + 0.069700),0.678400 (0.609300 + 0.069100),0.664200 (0.594900 + 0.069300),0.728400 (0.659700 + 0.068700),0.685100 (0.615600 + 0.069500),0.721900 (0.650700 + 0.071200),0.715200 (0.648900 + 0.066300),0.694200 (0.621900 + 0.072300),0.698600 (0.629100 + 0.069500),0.692100 (0.621900 + 0.070200),0.713900 (0.644400 + 0.069500),0.719200 (0.648000 + 0.071200),0.695100 (0.627300 + 0.067800),0.694200 (0.627300 + 0.066900),0.703500 (0.634500 + 0.069000),0.686100 (0.617400 + 0.068700),0.711200 (0.640800 + 0.070400),0.675000 (0.605700 + 0.069300),0.696400 (0.627300 + 0.069100),0.712100 (0.643500 + 0.068600),0.696500 (0.627300 + 0.069200),0.710400 (0.639900 + 0.070500),0.706000 (0.637200 + 0.068800)
9,0.708700 (0.639900 + 0.068800),0.737500 (0.671400 + 0.066100),0.714200 (0.645300 + 0.068900),0.707800 (0.639000 + 0.068800),0.695800 (0.625500 + 0.070300),0.713600 (0.642600 + 0.071000),0.704500 (0.635400 + 0.069100),0.710900 (0.639900 + 0.071000),0.705900 (0.635400 + 0.070500),0.727900 (0.657900 + 0.070000),0.696000 (0.625500 + 0.070500),0.701800 (0.634500 + 0.067300),0.708700 (0.639900 + 0.068800),0.703600 (0.631800 + 0.071800),0.723600 (0.655200 + 0.068400),0.706600 (0.638100 + 0.068500),0.694400 (0.625500 + 0.068900),0.690900 (0.621900 + 0.069000),0.690900 (0.621900 + 0.069000),0.713900 (0.641700 + 0.072200),0.694700 (0.625500 + 0.069200),0.710800 (0.639900 + 0.070900),0.713200 (0.644400 + 0.068800),0.709700 (0.640800 + 0.068900),0.713400 (0.644400 + 0.069000),0.694000 (0.625500 + 0.068500),0.695500 (0.627300 + 0.068200),0.720500 (0.648900 + 0.071600),0.711300 (0.641700 + 0.069600),0.711000 (0.639900 + 0.071100),0.724400 (0.652500 + 0.071900),0.714000 (0.645300 + 0.068700),0.714000 (0.645300 + 0.068700),0.723700 (0.652500 + 0.071200),0.730000 (0.658800 + 0.071200),0.688500 (0.619200 + 0.069300),0.694100 (0.625500 + 0.068600),0.704200 (0.635400 + 0.068800),0.704400 (0.635400 + 0.069000),0.737400 (0.671400 + 0.066000),0.710200 (0.639900 + 0.070300),0.722000 (0.651600 + 0.070400),0.711300 (0.639900 + 0.071400),0.709400 (0.639000 + 0.070400),0.712200 (0.643500 + 0.068700),0.682500 (0.612900 + 0.069600),0.713400 (0.644400 + 0.069000),0.725800 (0.657000 + 0.068800),0.724100 (0.654300 + 0.069800),0.711700 (0.639900 + 0.071800)
10,0.726700 (0.660600 + 0.066100),0.733600 (0.662400 + 0.071200),0.726200 (0.660600 + 0.065600),0.718000 (0.648000 + 0.070000),0.714300 (0.644400 + 0.069900),0.725700 (0.660600 + 0.065100),0.730000 (0.657900 + 0.072100),0.698200 (0.629100 + 0.069100),0.730300 (0.658800 + 0.071500),0.725500 (0.657000 + 0.068500),0.731600 (0.665100 + 0.066500),0.733800 (0.665100 + 0.068700),0.669900 (0.599400 + 0.070500),0.726000 (0.657900 + 0.068100),0.715100 (0.644400 + 0.070700),0.708500 (0.638100 + 0.070400),0.714100 (0.644400 + 0.069700),0.723000 (0.656100 + 0.066900),0.701400 (0.632700 + 0.068700),0.728800 (0.660600 + 0.068200),0.715200 (0.644400 + 0.070800),0.715600 (0.644400 + 0.071200),0.733800 (0.665100 + 0.068700),0.694800 (0.625500 + 0.069300),0.707500 (0.636300 + 0.071200),0.716700 (0.648000 + 0.068700),0.725600 (0.654300 + 0.071300),0.728800 (0.657900 + 0.070900),0.715800 (0.644400 + 0.071400),0.729700 (0.657900 + 0.071800),0.719300 (0.650700 + 0.068600),0.726800 (0.660600 + 0.066200),0.741700 (0.671400 + 0.070300),0.723100 (0.655200 + 0.067900),0.734400 (0.665100 + 0.069300),0.709700 (0.639900 + 0.069800),0.732000 (0.663300 + 0.068700),0.730900 (0.660600 + 0.070300),0.733800 (0.665100 + 0.068700),0.729800 (0.661500 + 0.068300),0.735800 (0.666000 + 0.069800),0.725400 (0.654300 + 0.071100),0.729200 (0.657900 + 0.071300),0.724800 (0.654300 + 0.070500),0.718800 (0.648900 + 0.069900),0.709200 (0.639000 + 0.070200),0.736000 (0.665100 + 0.070900),0.733800 (0.665100 + 0.068700),0.729200 (0.657000 + 0.072200),0.704500 (0.633600 + 0.070900)
11,0.742600 (0.672300 + 0.070300),0.731300 (0.660600 + 0.070700),0.751200 (0.681300 + 0.069900),0.733400 (0.665100 + 0.068300),0.721200 (0.649800 + 0.071400),0.735100 (0.665100 + 0.070000),0.704000 (0.638100 + 0.065900),0.698700 (0.631800 + 0.066900),0.730600 (0.663300 + 0.067300),0.729300 (0.660600 + 0.068700),0.742000 (0.673200 + 0.068800),0.697400 (0.631800 + 0.065600),0.714800 (0.643500 + 0.071300),0.730000 (0.660600 + 0.069400),0.697500 (0.631800 + 0.065700),0.741900 (0.673200 + 0.068700),0.698000 (0.631800 + 0.066200),0.712800 (0.646200 + 0.066600),0.747700 (0.678600 + 0.069100),0.741900 (0.673200 + 0.068700),0.704500 (0.632700 + 0.071800),0.723700 (0.655200 + 0.068500),0.721800 (0.649800 + 0.072000),0.732600 (0.661500 + 0.071100),0.709600 (0.638100 + 0.071500),0.732800 (0.661500 + 0.071300),0.733300 (0.663300 + 0.070000),0.741900 (0.673200 + 0.068700),0.741900 (0.673200 + 0.068700),0.744300 (0.675900 + 0.068400),0.679100 (0.608400 + 0.070700),0.735600 (0.665100 + 0.070500),0.716200 (0.645300 + 0.070900),0.700000 (0.631800 + 0.068200),0.744900 (0.676800 + 0.068100),0.738800 (0.669600 + 0.069200),0.730400 (0.658800 + 0.071600),0.682100 (0.612900 + 0.069200),0.716600 (0.645300 + 0.071300),0.742500 (0.673200 + 0.069300),0.707800 (0.638100 + 0.069700),0.697500 (0.631800 + 0.065700),0.753600 (0.681300 + 0.072300),0.733400 (0.665100 + 0.068300),0.693000 (0.622800 + 0.070200),0.741200 (0.672300 + 0.068900),0.726200 (0.656100 + 0.070100),0.749800 (0.678600 + 0.071200),0.699500 (0.632700 + 0.066800),0.731200 (0.659700 + 0.071500)
12,0.728400 (0.656100 + 0.072300),0.716700 (0.646200 + 0.070500),0.726400 (0.656100 + 0.070300),0.702200 (0.633600 + 0.068600),0.740400 (0.670500 + 0.069900),0.720900 (0.649800 + 0.071100),0.739900 (0.670500 + 0.069400),0.688800 (0.620100 + 0.068700),0.696100 (0.625500 + 0.070600),0.711300 (0.641700 + 0.069600),0.720500 (0.654300 + 0.066200),0.701400 (0.633600 + 0.067800),0.706900 (0.637200 + 0.069700),0.737800 (0.665100 + 0.072700),0.712500 (0.643500 + 0.069000),0.645600 (0.576900 + 0.068700),0.745300 (0.673200 + 0.072100),0.720600 (0.649800 + 0.070800),0.690300 (0.621000 + 0.069300),0.716200 (0.645300 + 0.070900),0.746100 (0.676800 + 0.069300),0.689700 (0.621000 + 0.068700),0.701800 (0.634500 + 0.067300),0.747600 (0.676800 + 0.070800),0.658500 (0.589500 + 0.069000),0.730200 (0.659700 + 0.070500),0.711600 (0.644400 + 0.067200),0.718700 (0.651600 + 0.067100),0.686500 (0.617400 + 0.069100),0.721200 (0.649800 + 0.071400),0.675600 (0.606600 + 0.069000),0.689000 (0.621000 + 0.068000),0.741600 (0.670500 + 0.071100),0.715000 (0.648900 + 0.066100),0.701600 (0.634500 + 0.067100),0.689500 (0.618300 + 0.071200),0.726200 (0.657000 + 0.069200),0.727500 (0.657000 + 0.070500),0.719500 (0.648000 + 0.071500),0.681700 (0.612900 + 0.068800),0.736300 (0.667800 + 0.068500),0.690500 (0.621000 + 0.069500),0.700900 (0.634500 + 0.066400),0.663400 (0.594900 + 0.068500),0.683000 (0.614700 + 0.068300),0.730900 (0.659700 + 0.071200),0.729800 (0.657900 + 0.071900),0.711200 (0.643500 + 0.067700),0.664200 (0.594000 + 0.070200),0.733600 (0.665100 + 0.068500)
13,0.724200 (0.653400 + 0.070800),0.701900 (0.630000 + 0.071900),0.755900 (0.684900 + 0.071000),0.698300 (0.627300 + 0.071000),0.726000 (0.658800 + 0.067200),0.701600 (0.635400 + 0.066200),0.715700 (0.647100 + 0.068600),0.744300 (0.675000 + 0.069300),0.744300 (0.675000 + 0.069300),0.721400 (0.648900 + 0.072500),0.691500 (0.620100 + 0.071400),0.727600 (0.656100 + 0.071500),0.699700 (0.627300 + 0.072400),0.714800 (0.646200 + 0.068600),0.698000 (0.630000 + 0.068000),0.741700 (0.670500 + 0.071200),0.701500 (0.634500 + 0.067000),0.721800 (0.653400 + 0.068400),0.713800 (0.645300 + 0.068500),0.698300 (0.627300 + 0.071000),0.726600 (0.657900 + 0.068700),0.727500 (0.658800 + 0.068700),0.754400 (0.684900 + 0.069500),0.716200 (0.646200 + 0.070000),0.725900 (0.654300 + 0.071600),0.727600 (0.657900 + 0.069700),0.710700 (0.643500 + 0.067200),0.702500 (0.631800 + 0.070700),0.696800 (0.628200 + 0.068600),0.711000 (0.641700 + 0.069300),0.710300 (0.636300 + 0.074000),0.725400 (0.657900 + 0.067500),0.710500 (0.639000 + 0.071500),0.744100 (0.675000 + 0.069100),0.698900 (0.630000 + 0.068900),0.713400 (0.644400 + 0.069000),0.718500 (0.649800 + 0.068700),0.692800 (0.621000 + 0.071800),0.716200 (0.648900 + 0.067300),0.723000 (0.652500 + 0.070500),0.737300 (0.666000 + 0.071300),0.703800 (0.632700 + 0.071100),0.714700 (0.642600 + 0.072100),0.751700 (0.682200 + 0.069500),0.725100 (0.653400 + 0.071700),0.754600 (0.684900 + 0.069700),0.720800 (0.648900 + 0.071900),0.721700 (0.652500 + 0.069200),0.715800 (0.646200 + 0.069600),0.726400 (0.657900 + 0.068500)
14,0.738800 (0.667800 + 0.071000),0.758000 (0.684900 + 0.073100),0.764800 (0.692100 + 0.072700),0.728800 (0.658800 + 0.070000),0.705500 (0.634500 + 0.071000),0.735000 (0.665100 + 0.069900),0.710200 (0.641700 + 0.068500),0.736500 (0.667800 + 0.068700),0.723000 (0.653400 + 0.069600),0.737100 (0.667800 + 0.069300),0.733000 (0.663300 + 0.069700),0.763200 (0.692100 + 0.071100),0.756700 (0.684000 + 0.072700),0.733100 (0.664200 + 0.068900),0.738200 (0.667800 + 0.070400),0.763300 (0.691200 + 0.072100),0.739500 (0.670500 + 0.069000),0.763100 (0.692100 + 0.071000),0.726200 (0.656100 + 0.070100),0.764500 (0.694800 + 0.069700),0.731100 (0.661500 + 0.069600),0.737500 (0.667800 + 0.069700),0.738800 (0.667800 + 0.071000),0.749200 (0.677700 + 0.071500),0.751900 (0.682200 + 0.069700),0.725600 (0.656100 + 0.069500),0.716900 (0.648000 + 0.068900),0.708000 (0.637200 + 0.070800),0.747000 (0.675900 + 0.071100),0.757600 (0.685800 + 0.071800),0.725900 (0.656100 + 0.069800),0.709800 (0.639000 + 0.070800),0.745700 (0.677700 + 0.068000),0.697700 (0.627300 + 0.070400),0.718800 (0.648000 + 0.070800),0.727400 (0.658800 + 0.068600),0.742800 (0.674100 + 0.068700),0.745100 (0.677700 + 0.067400),0.734000 (0.663300 + 0.070700),0.756100 (0.687600 + 0.068500),0.726300 (0.654300 + 0.072000),0.698900 (0.629100 + 0.069800),0.724400 (0.652500 + 0.071900),0.729000 (0.658800 + 0.070200),0.754500 (0.683100 + 0.071400),0.713800 (0.645300 + 0.068500),0.742300 (0.675000 + 0.067300),0.730200 (0.663300 + 0.066900),0.737300 (0.667800 + 0.069500),0.763800 (0.692100 + 0.071700)
15,0.745000 (0.672300 + 0.072700),0.743500 (0.671400 + 0.072100),0.733900 (0.664200 + 0.069700),0.744500 (0.672300 + 0.072200),0.731900 (0.662400 + 0.069500),0.718100 (0.646200 + 0.071900),0.759600 (0.691200 + 0.068400),0.757000 (0.684000 + 0.073000),0.763000 (0.691200 + 0.071800),0.747100 (0.675900 + 0.071200),0.739400 (0.669600 + 0.069800),0.763200 (0.692100 + 0.071100),0.736500 (0.666900 + 0.069600),0.760800 (0.689400 + 0.071400),0.733900 (0.664200 + 0.069700),0.744200 (0.671400 + 0.072800),0.738600 (0.667800 + 0.070800),0.747400 (0.676800 + 0.070600),0.733800 (0.666000 + 0.067800),0.763700 (0.692100 + 0.071600),0.728800 (0.660600 + 0.068200),0.692400 (0.619200 + 0.073200),0.735700 (0.664200 + 0.071500),0.757600 (0.685800 + 0.071800),0.740400 (0.669600 + 0.070800),0.714000 (0.643500 + 0.070500),0.762500 (0.691200 + 0.071300),0.727300 (0.656100 + 0.071200),0.721200 (0.654300 + 0.066900),0.738900 (0.666900 + 0.072000),0.764600 (0.692100 + 0.072500),0.734800 (0.664200 + 0.070600),0.754500 (0.684000 + 0.070500),0.763900 (0.691200 + 0.072700),0.741900 (0.671400 + 0.070500),0.762400 (0.693000 + 0.069400),0.744900 (0.673200 + 0.071700),0.756000 (0.684000 + 0.072000),0.733600 (0.664200 + 0.069400),0.709300 (0.637200 + 0.072100),0.733300 (0.666000 + 0.067300),0.759100 (0.687600 + 0.071500),0.723700 (0.653400 + 0.070300),0.735200 (0.664200 + 0.071000),0.762300 (0.692100 + 0.070200),0.742600 (0.673200 + 0.069400),0.724900 (0.655200 + 0.069700),0.758200 (0.688500 + 0.069700),0.727500 (0.657900 + 0.069600),0.705400 (0.637200 + 0.068200)
16,0.726800 (0.653400 + 0.073400),0.697300 (0.628200 + 0.069100),0.761700 (0.690300 + 0.071400),0.733800 (0.665100 + 0.068700),0.734000 (0.662400 + 0.071600),0.754400 (0.682200 + 0.072200),0.748800 (0.676800 + 0.072000),0.734300 (0.663300 + 0.071000),0.727300 (0.656100 + 0.071200),0.755700 (0.686700 + 0.069000),0.711600 (0.641700 + 0.069900),0.746900 (0.676800 + 0.070100),0.736000 (0.663300 + 0.072700),0.729800 (0.658800 + 0.071000),0.755500 (0.683100 + 0.072400),0.748200 (0.677700 + 0.070500),0.757300 (0.686700 + 0.070600),0.755100 (0.683100 + 0.072000),0.730000 (0.659700 + 0.070300),0.735400 (0.665100 + 0.070300),0.745900 (0.674100 + 0.071800),0.729800 (0.658800 + 0.071000),0.748400 (0.676800 + 0.071600),0.747400 (0.674100 + 0.073300),0.753800 (0.682200 + 0.071600),0.726900 (0.653400 + 0.073500),0.730600 (0.658800 + 0.071800),0.739300 (0.667800 + 0.071500),0.757200 (0.687600 + 0.069600),0.744100 (0.675900 + 0.068200),0.745700 (0.674100 + 0.071600),0.748600 (0.677700 + 0.070900),0.746300 (0.674100 + 0.072200),0.760100 (0.688500 + 0.071600),0.748000 (0.676800 + 0.071200),0.745400 (0.675900 + 0.069500),0.748700 (0.674100 + 0.074600),0.761100 (0.690300 + 0.070800),0.745900 (0.675900 + 0.070000),0.767700 (0.695700 + 0.072000),0.746600 (0.675000 + 0.071600),0.741100 (0.670500 + 0.070600),0.716300 (0.645300 + 0.071000),0.733600 (0.661500 + 0.072100),0.748400 (0.677700 + 0.070700),0.733100 (0.661500 + 0.071600),0.755900 (0.686700 + 0.069200),0.748800 (0.675900 + 0.072900),0.751300 (0.679500 + 0.071800),0.738500 (0.666000 + 0.072500)
17,0.760500 (0.688500 + 0.072000),0.749700 (0.676800 + 0.072900),0.750000 (0.680400 + 0.069600),0.761800 (0.692100 + 0.069700),0.751000 (0.680400 + 0.070600),0.756400 (0.685800 + 0.070600),0.746600 (0.676800 + 0.069800),0.733500 (0.661500 + 0.072000),0.749100 (0.678600 + 0.070500),0.744900 (0.674100 + 0.070800),0.733100 (0.661500 + 0.071600),0.727400 (0.656100 + 0.071300),0.761000 (0.688500 + 0.072500),0.721900 (0.648900 + 0.073000),0.746400 (0.676800 + 0.069600),0.750300 (0.678600 + 0.071700),0.719700 (0.648900 + 0.070800),0.743800 (0.670500 + 0.073300),0.780800 (0.709200 + 0.071600),0.750600 (0.678600 + 0.072000),0.748600 (0.679500 + 0.069100),0.765400 (0.693000 + 0.072400),0.742700 (0.670500 + 0.072200),0.738700 (0.666900 + 0.071800),0.753500 (0.684900 + 0.068600),0.747900 (0.680400 + 0.067500),0.748100 (0.676800 + 0.071300),0.748800 (0.680400 + 0.068400),0.782000 (0.709200 + 0.072800),0.740700 (0.669600 + 0.071100),0.736900 (0.667800 + 0.069100),0.716100 (0.642600 + 0.073500),0.751800 (0.680400 + 0.071400),0.726300 (0.655200 + 0.071100),0.746900 (0.676800 + 0.070100),0.752200 (0.681300 + 0.070900),0.728400 (0.657000 + 0.071400),0.758900 (0.688500 + 0.070400),0.744200 (0.672300 + 0.071900),0.730300 (0.659700 + 0.070600),0.753900 (0.684900 + 0.069000),0.739200 (0.666900 + 0.072300),0.750600 (0.680400 + 0.070200),0.734600 (0.662400 + 0.072200),0.738300 (0.666900 + 0.071400),0.748600 (0.676800 + 0.071800),0.734700 (0.661500 + 0.073200),0.730300 (0.659700 + 0.070600),0.742700 (0.670500 + 0.072200),0.733100 (0.661500 + 0.071600)
18,0.773900 (0.701100 + 0.072800),0.756500 (0.685800 + 0.070700),0.750800 (0.679500 + 0.071300),0.751300 (0.682200 + 0.069100),0.768000 (0.694800 + 0.073200),0.738100 (0.668700 + 0.069400),0.759400 (0.686700 + 0.072700),0.751800 (0.680400 + 0.071400),0.751800 (0.680400 + 0.071400),0.750200 (0.682200 + 0.068000),0.773000 (0.701100 + 0.071900),0.754700 (0.683100 + 0.071600),0.753400 (0.683100 + 0.070300),0.731800 (0.661500 + 0.070300),0.784100 (0.711900 + 0.072200),0.747300 (0.679500 + 0.067800),0.771500 (0.697500 + 0.074000),0.754800 (0.683100 + 0.071700),0.718700 (0.647100 + 0.071600),0.751700 (0.677700 + 0.074000),0.761700 (0.692100 + 0.069600),0.773800 (0.701100 + 0.072700),0.751800 (0.682200 + 0.069600),0.748600 (0.680400 + 0.068200),0.771400 (0.699300 + 0.072100),0.752800 (0.682200 + 0.070600),0.752800 (0.682200 + 0.070600),0.766300 (0.694800 + 0.071500),0.762800 (0.690300 + 0.072500),0.745400 (0.675900 + 0.069500),0.765500 (0.693900 + 0.071600),0.726300 (0.656100 + 0.070200),0.761400 (0.689400 + 0.072000),0.771300 (0.701100 + 0.070200),0.763900 (0.690300 + 0.073600),0.766600 (0.695700 + 0.070900),0.750800 (0.679500 + 0.071300),0.754400 (0.680400 + 0.074000),0.750200 (0.680400 + 0.069800),0.772700 (0.701100 + 0.071600),0.743200 (0.671400 + 0.071800),0.744400 (0.674100 + 0.070300),0.765200 (0.694800 + 0.070400),0.752300 (0.681300 + 0.071000),0.742300 (0.672300 + 0.070000),0.770300 (0.698400 + 0.071900),0.751400 (0.682200 + 0.069200),0.751100 (0.681300 + 0.069800),0.763400 (0.689400 + 0.074000),0.782300 (0.711900 + 0.070400)
19,0.756200 (0.684000 + 0.072200),0.753100 (0.678600 + 0.074500),0.747900 (0.679500 + 0.068400),0.766800 (0.694800 + 0.072000),0.724200 (0.652500 + 0.071700),0.739100 (0.666900 + 0.072200),0.727400 (0.654300 + 0.073100),0.751800 (0.678600 + 0.073200),0.758500 (0.687600 + 0.070900),0.765100 (0.693900 + 0.071200),0.747200 (0.675900 + 0.071300),0.756200 (0.684900 + 0.071300),0.765700 (0.693900 + 0.071800),0.772400 (0.701100 + 0.071300),0.751000 (0.681300 + 0.069700),0.758500 (0.688500 + 0.070000),0.745000 (0.672300 + 0.072700),0.772400 (0.701100 + 0.071300),0.727800 (0.655200 + 0.072600),0.744900 (0.672300 + 0.072600),0.753800 (0.684000 + 0.069800),0.759700 (0.687600 + 0.072100),0.750600 (0.678600 + 0.072000),0.766000 (0.693900 + 0.072100),0.744800 (0.672300 + 0.072500),0.766000 (0.693900 + 0.072100),0.758000 (0.684900 + 0.073100),0.765800 (0.693900 + 0.071900),0.738300 (0.668700 + 0.069600),0.756200 (0.684000 + 0.072200),0.750000 (0.678600 + 0.071400),0.764900 (0.693900 + 0.071000),0.751400 (0.678600 + 0.072800),0.767700 (0.694800 + 0.072900),0.742300 (0.669600 + 0.072700),0.764100 (0.693900 + 0.070200),0.755300 (0.684900 + 0.070400),0.762200 (0.692100 + 0.070100),0.763700 (0.690300 + 0.073400),0.734800 (0.661500 + 0.073300),0.757100 (0.684900 + 0.072200),0.743900 (0.672300 + 0.071600),0.766200 (0.693900 + 0.072300),0.765800 (0.693900 + 0.071900),0.768800 (0.694800 + 0.074000),0.773500 (0.700200 + 0.073300),0.756300 (0.684900 + 0.071400),0.759800 (0.689400 + 0.070400),0.759800 (0.689400 + 0.070400),0.766600 (0.693900 + 0.072700)
20,0.763600 (0.690300 + 0.073300),0.762800 (0.690300 + 0.072500),0.759500 (0.689400 + 0.070100),0.754900 (0.680400 + 0.074500),0.767900 (0.695700 + 0.072200),0.760600 (0.688500 + 0.072100),0.758100 (0.688500 + 0.069600),0.765200 (0.693000 + 0.072200),0.762100 (0.689400 + 0.072700),0.774200 (0.700200 + 0.074000),0.760500 (0.689400 + 0.071100),0.761200 (0.691200 + 0.070000),0.761200 (0.688500 + 0.072700),0.779400 (0.709200 + 0.070200),0.752400 (0.681300 + 0.071100),0.768400 (0.695700 + 0.072700),0.762200 (0.690300 + 0.071900),0.768600 (0.695700 + 0.072900),0.768900 (0.695700 + 0.073200),0.761200 (0.688500 + 0.072700),0.762400 (0.689400 + 0.073000),0.763400 (0.691200 + 0.072200),0.750400 (0.679500 + 0.070900),0.761200 (0.688500 + 0.072700),0.769600 (0.695700 + 0.073900),0.760900 (0.689400 + 0.071500),0.764000 (0.693000 + 0.071000),0.760400 (0.689400 + 0.071000),0.749700 (0.680400 + 0.069300),0.742900 (0.672300 + 0.070600),0.773700 (0.703800 + 0.069900),0.760900 (0.689400 + 0.071500),0.770400 (0.697500 + 0.072900),0.757400 (0.684900 + 0.072500),0.761300 (0.688500 + 0.072800),0.761000 (0.689400 + 0.071600),0.764600 (0.693000 + 0.071600),0.772700 (0.702900 + 0.069800),0.759600 (0.685800 + 0.073800),0.755700 (0.682200 + 0.073500),0.758700 (0.687600 + 0.071100),0.761700 (0.689400 + 0.072300),0.771200 (0.701100 + 0.070100),0.758900 (0.687600 + 0.071300),0.762000 (0.689400 + 0.072600),0.764300 (0.693000 + 0.071300),0.761600 (0.690300 + 0.071300),0.763600 (0.690300 + 0.073300),0.768800 (0.695700 + 0.073100),0.763600 (0.690300 + 0.073300)
21,0.756000 (0.685800 + 0.070200),0.767100 (0.694800 + 0.072300),0.760400 (0.688500 + 0.071900),0.765400 (0.693900 + 0.071500),0.766400 (0.694800 + 0.071600),0.754600 (0.681300 + 0.073300),0.754700 (0.682200 + 0.072500),0.758900 (0.687600 + 0.071300),0.764500 (0.693900 + 0.070600),0.754700 (0.682200 + 0.072500),0.771200 (0.701100 + 0.070100),0.768500 (0.696600 + 0.071900),0.734700 (0.662400 + 0.072300),0.755800 (0.681300 + 0.074500),0.761000 (0.688500 + 0.072500),0.767600 (0.696600 + 0.071000),0.759700 (0.687600 + 0.072100),0.765900 (0.694800 + 0.071100),0.757100 (0.685800 + 0.071300),0.763600 (0.690300 + 0.073300),0.754900 (0.683100 + 0.071800),0.768800 (0.696600 + 0.072200),0.754400 (0.683100 + 0.071300),0.754600 (0.681300 + 0.073300),0.750800 (0.678600 + 0.072200),0.746700 (0.673200 + 0.073500),0.748900 (0.675000 + 0.073900),0.750300 (0.678600 + 0.071700),0.762100 (0.688500 + 0.073600),0.766300 (0.694800 + 0.071500),0.768000 (0.696600 + 0.071400),0.750400 (0.679500 + 0.070900),0.757200 (0.684900 + 0.072300),0.755800 (0.683100 + 0.072700),0.746700 (0.674100 + 0.072600),0.765200 (0.692100 + 0.073100),0.752000 (0.678600 + 0.073400),0.776800 (0.703800 + 0.073000),0.756400 (0.684900 + 0.071500),0.762300 (0.692100 + 0.070200),0.767400 (0.694800 + 0.072600),0.766900 (0.694800 + 0.072100),0.768300 (0.694800 + 0.073500),0.760900 (0.688500 + 0.072400),0.758900 (0.685800 + 0.073100),0.739300 (0.665100 + 0.074200),0.726200 (0.653400 + 0.072800),0.771700 (0.701100 + 0.070600),0.751100 (0.679500 + 0.071600),0.701100 (0.631800 + 0.069300)
22,0.757900 (0.684900 + 0.073000),0.724900 (0.650700 + 0.074200),0.745500 (0.674100 + 0.071400),0.757900 (0.684900 + 0.073000),0.746400 (0.674100 + 0.072300),0.757500 (0.685800 + 0.071700),0.753300 (0.683100 + 0.070200),0.753600 (0.682200 + 0.071400),0.746500 (0.673200 + 0.073300),0.742600 (0.669600 + 0.073000),0.765900 (0.695700 + 0.070200),0.745400 (0.674100 + 0.071300),0.738400 (0.666900 + 0.071500),0.745000 (0.672300 + 0.072700),0.772100 (0.701100 + 0.071000),0.754300 (0.682200 + 0.072100),0.756200 (0.683100 + 0.073100),0.755300 (0.683100 + 0.072200),0.752600 (0.679500 + 0.073100),0.753100 (0.682200 + 0.070900),0.757400 (0.685800 + 0.071600),0.745800 (0.674100 + 0.071700),0.754400 (0.683100 + 0.071300),0.746200 (0.674100 + 0.072100),0.746400 (0.674100 + 0.072300),0.739900 (0.666900 + 0.073000),0.755100 (0.683100 + 0.072000),0.759700 (0.685800 + 0.073900),0.721100 (0.649800 + 0.071300),0.749300 (0.676800 + 0.072500),0.747800 (0.674100 + 0.073700),0.748600 (0.675900 + 0.072700),0.747900 (0.678600 + 0.069300),0.757900 (0.684900 + 0.073000),0.737100 (0.666900 + 0.070200),0.747600 (0.674100 + 0.073500),0.745600 (0.674100 + 0.071500),0.730100 (0.657000 + 0.073100),0.772400 (0.698400 + 0.074000),0.757900 (0.684900 + 0.073000),0.751000 (0.679500 + 0.071500),0.754400 (0.685800 + 0.068600),0.753900 (0.680400 + 0.073500),0.755000 (0.683100 + 0.071900),0.746700 (0.674100 + 0.072600),0.757200 (0.684900 + 0.072300),0.746200 (0.674100 + 0.072100),0.756700 (0.684000 + 0.072700),0.745000 (0.674100 + 0.070900),0.747900 (0.674100 + 0.073800)
23,0.765500 (0.691200 + 0.074300),0.760100 (0.687600 + 0.072500),0.754200 (0.683100 + 0.071100),0.760300 (0.687600 + 0.072700),0.749100 (0.677700 + 0.071400),0.766400 (0.694800 + 0.071600),0.760800 (0.687600 + 0.073200),0.759600 (0.687600 + 0.072000),0.755200 (0.683100 + 0.072100),0.760500 (0.685800 + 0.074700),0.757900 (0.684000 + 0.073900),0.767700 (0.697500 + 0.070200),0.756400 (0.683100 + 0.073300),0.714300 (0.642600 + 0.071700),0.762200 (0.689400 + 0.072800),0.767800 (0.694800 + 0.073000),0.767800 (0.694800 + 0.073000),0.760600 (0.689400 + 0.071200),0.760600 (0.687600 + 0.073000),0.756400 (0.683100 + 0.073300),0.775000 (0.704700 + 0.070300),0.768200 (0.694800 + 0.073400),0.777400 (0.704700 + 0.072700),0.779800 (0.709200 + 0.070600),0.758200 (0.684000 + 0.074200),0.775300 (0.704700 + 0.070600),0.770600 (0.699300 + 0.071300),0.756800 (0.683100 + 0.073700),0.755400 (0.683100 + 0.072300),0.760600 (0.688500 + 0.072100),0.758900 (0.687600 + 0.071300),0.767800 (0.694800 + 0.073000),0.755200 (0.683100 + 0.072100),0.755700 (0.683100 + 0.072600),0.759600 (0.687600 + 0.072000),0.769700 (0.696600 + 0.073100),0.752300 (0.679500 + 0.072800),0.767900 (0.694800 + 0.073100),0.768400 (0.697500 + 0.070900),0.766300 (0.694800 + 0.071500),0.759300 (0.684000 + 0.075300),0.767800 (0.694800 + 0.073000),0.758900 (0.686700 + 0.072200),0.771000 (0.699300 + 0.071700),0.760000 (0.688500 + 0.071500),0.759800 (0.686700 + 0.073100),0.778300 (0.706500 + 0.071800),0.769100 (0.696600 + 0.072500),0.755700 (0.682200 + 0.073500),0.759100 (0.684000 + 0.075100)
24,0.772600 (0.702000 + 0.070600),0.767300 (0.693900 + 0.073400),0.759200 (0.689400 + 0.069800),0.764700 (0.694800 + 0.069900),0.776500 (0.703800 + 0.072700),0.767300 (0.695700 + 0.071600),0.767700 (0.693000 + 0.074700),0.759100 (0.684900 + 0.074200),0.766400 (0.693000 + 0.073400),0.766200 (0.694800 + 0.071400),0.762500 (0.691200 + 0.071300),0.771500 (0.698400 + 0.073100),0.774100 (0.701100 + 0.073000),0.774200 (0.703800 + 0.070400),0.763600 (0.691200 + 0.072400),0.769100 (0.696600 + 0.072500),0.773000 (0.700200 + 0.072800),0.776800 (0.703800 + 0.073000),0.765500 (0.693900 + 0.071600),0.776800 (0.703800 + 0.073000),0.776800 (0.703800 + 0.073000),0.777300 (0.703800 + 0.073500),0.762200 (0.688500 + 0.073700),0.769100 (0.697500 + 0.071600),0.752400 (0.679500 + 0.072900),0.770800 (0.698400 + 0.072400),0.776800 (0.703800 + 0.073000),0.748500 (0.673200 + 0.075300),0.776800 (0.703800 + 0.073000),0.772700 (0.701100 + 0.071600),0.773500 (0.702900 + 0.070600),0.764600 (0.693000 + 0.071600),0.767800 (0.696600 + 0.071200),0.774700 (0.701100 + 0.073600),0.761100 (0.689400 + 0.071700),0.763400 (0.690300 + 0.073100),0.779500 (0.709200 + 0.070300),0.760100 (0.688500 + 0.071600),0.776500 (0.703800 + 0.072700),0.780800 (0.708300 + 0.072500),0.770400 (0.698400 + 0.072000),0.765500 (0.693900 + 0.071600),0.762400 (0.692100 + 0.070300),0.770900 (0.698400 + 0.072500),0.770400 (0.698400 + 0.072000),0.774300 (0.702900 + 0.071400),0.754300 (0.681300 + 0.073000),0.762600 (0.689400 + 0.073200),0.768800 (0.698400 + 0.070400),0.765600 (0.693000 + 0.072600)
25,0.780800 (0.708300 + 0.072500),0.779800 (0.705600 + 0.074200),0.775500 (0.705600 + 0.069900),0.770100 (0.696600 + 0.073500),0.765800 (0.693900 + 0.071900),0.780800 (0.708300 + 0.072500),0.766900 (0.693900 + 0.073000),0.771700 (0.700200 + 0.071500),0.766100 (0.692100 + 0.074000),0.775900 (0.705600 + 0.070300),0.765900 (0.693900 + 0.072000),0.767200 (0.695700 + 0.071500),0.765800 (0.692100 + 0.073700),0.765200 (0.692100 + 0.073100),0.748500 (0.676800 + 0.071700),0.748500 (0.675000 + 0.073500),0.768600 (0.696600 + 0.072000),0.776200 (0.704700 + 0.071500),0.771800 (0.698400 + 0.073400),0.751400 (0.677700 + 0.073700),0.770300 (0.696600 + 0.073700),0.774200 (0.703800 + 0.070400),0.774400 (0.703800 + 0.070600),0.774800 (0.703800 + 0.071000),0.751700 (0.679500 + 0.072200),0.766900 (0.693900 + 0.073000),0.769600 (0.696600 + 0.073000),0.769300 (0.696600 + 0.072700),0.769600 (0.696600 + 0.073000),0.764400 (0.692100 + 0.072300),0.777300 (0.706500 + 0.070800),0.769900 (0.696600 + 0.073300),0.766600 (0.694800 + 0.071800),0.772900 (0.702000 + 0.070900),0.778200 (0.707400 + 0.070800),0.759000 (0.687600 + 0.071400),0.769300 (0.696600 + 0.072700),0.772000 (0.700200 + 0.071800),0.769900 (0.696600 + 0.073300),0.766300 (0.693900 + 0.072400),0.769600 (0.696600 + 0.073000),0.764800 (0.692100 + 0.072700),0.769100 (0.696600 + 0.072500),0.766400 (0.693900 + 0.072500),0.764100 (0.692100 + 0.072000),0.769400 (0.696600 + 0.072800),0.766400 (0.693900 + 0.072500),0.761800 (0.688500 + 0.073300),0.764500 (0.692100 + 0.072400),0.773200 (0.702900 + 0.070300)
26,0.775400 (0.702900 + 0.072500),0.760900 (0.689400 + 0.071500),0.769400 (0.697500 + 0.071900),0.757600 (0.684900 + 0.072700),0.772400 (0.702000 + 0.070400),0.776800 (0.706500 + 0.070300),0.772400 (0.702000 + 0.070400),0.763100 (0.691200 + 0.071900),0.769200 (0.695700 + 0.073500),0.767900 (0.695700 + 0.072200),0.769200 (0.695700 + 0.073500),0.772400 (0.702000 + 0.070400),0.769000 (0.695700 + 0.073300),0.769000 (0.695700 + 0.073300),0.768200 (0.695700 + 0.072500),0.723600 (0.650700 + 0.072900),0.787200 (0.716400 + 0.070800),0.784900 (0.711900 + 0.073000),0.755200 (0.684900 + 0.070300),0.749400 (0.678600 + 0.070800),0.774200 (0.701100 + 0.073100),0.772400 (0.702000 + 0.070400),0.768400 (0.695700 + 0.072700),0.779200 (0.708300 + 0.070900),0.783100 (0.712800 + 0.070300),0.768400 (0.695700 + 0.072700),0.757900 (0.684900 + 0.073000),0.764700 (0.692100 + 0.072600),0.763600 (0.690300 + 0.073300),0.769700 (0.697500 + 0.072200),0.782600 (0.711900 + 0.070700),0.748800 (0.677700 + 0.071100),0.770000 (0.696600 + 0.073400),0.768700 (0.695700 + 0.073000),0.768400 (0.695700 + 0.072700),0.769200 (0.695700 + 0.073500),0.757100 (0.685800 + 0.071300),0.768700 (0.695700 + 0.073000),0.771600 (0.699300 + 0.072300),0.769300 (0.695700 + 0.073600),0.770900 (0.698400 + 0.072500),0.744500 (0.674100 + 0.070400),0.749400 (0.678600 + 0.070800),0.768700 (0.695700 + 0.073000),0.769400 (0.695700 + 0.073700),0.761700 (0.689400 + 0.072300),0.783300 (0.712800 + 0.070500),0.784600 (0.711900 + 0.072700),0.757900 (0.684900 + 0.073000),0.757700 (0.684900 + 0.072800)
27,0.791700 (0.720900 + 0.070800),0.778400 (0.705600 + 0.072800),0.787000 (0.716400 + 0.070600),0.783400 (0.711900 + 0.071500),0.777800 (0.705600 + 0.072200),0.778400 (0.705600 + 0.072800),0.793600 (0.722700 + 0.070900),0.771700 (0.700200 + 0.071500),0.781300 (0.707400 + 0.073900),0.792800 (0.722700 + 0.070100),0.795000 (0.724500 + 0.070500),0.774800 (0.701100 + 0.073700),0.771400 (0.700200 + 0.071200),0.773800 (0.701100 + 0.072700),0.779300 (0.705600 + 0.073700),0.778300 (0.705600 + 0.072700),0.773800 (0.701100 + 0.072700),0.778600 (0.705600 + 0.073000),0.778100 (0.705600 + 0.072500),0.786400 (0.716400 + 0.070000),0.794600 (0.723600 + 0.071000),0.784700 (0.713700 + 0.071000),0.778200 (0.705600 + 0.072600),0.780500 (0.707400 + 0.073100),0.779300 (0.705600 + 0.073700),0.779300 (0.705600 + 0.073700),0.778300 (0.705600 + 0.072700),0.779200 (0.706500 + 0.072700),0.778400 (0.705600 + 0.072800),0.778600 (0.705600 + 0.073000),0.774600 (0.701100 + 0.073500),0.763600 (0.692100 + 0.071500),0.775900 (0.705600 + 0.070300),0.773400 (0.701100 + 0.072300),0.783200 (0.711000 + 0.072200),0.774100 (0.701100 + 0.073000),0.780500 (0.707400 + 0.073100),0.786900 (0.716400 + 0.070500),0.774100 (0.701100 + 0.073000),0.778300 (0.705600 + 0.072700),0.793000 (0.722700 + 0.070300),0.776800 (0.706500 + 0.070300),0.787200 (0.716400 + 0.070800),0.792500 (0.720900 + 0.071600),0.778200 (0.705600 + 0.072600),0.771000 (0.698400 + 0.072600),0.779000 (0.705600 + 0.073400),0.778200 (0.705600 + 0.072600),0.777600 (0.705600 + 0.072000),0.773800 (0.701100 + 0.072700)
28,0.777000 (0.706500 + 0.070500),0.778600 (0.707400 + 0.071200),0.783600 (0.710100 + 0.073500),0.767600 (0.693000 + 0.074600),0.770200 (0.696600 + 0.073600),0.778700 (0.707400 + 0.071300),0.770600 (0.697500 + 0.073100),0.778500 (0.706500 + 0.072000),0.786600 (0.714600 + 0.072000),0.773000 (0.702900 + 0.070100),0.775900 (0.703800 + 0.072100),0.773800 (0.702900 + 0.070900),0.773000 (0.702900 + 0.070100),0.774100 (0.700200 + 0.073900),0.779100 (0.707400 + 0.071700),0.790200 (0.719100 + 0.071100),0.771000 (0.697500 + 0.073500),0.787300 (0.714600 + 0.072700),0.772700 (0.702900 + 0.069800),0.778800 (0.708300 + 0.070500),0.774300 (0.701100 + 0.073200),0.779000 (0.707400 + 0.071600),0.769200 (0.696600 + 0.072600),0.776200 (0.702000 + 0.074200),0.770900 (0.700200 + 0.070700),0.769400 (0.696600 + 0.072800),0.783600 (0.712800 + 0.070800),0.773000 (0.702900 + 0.070100),0.789200 (0.718200 + 0.071000),0.774200 (0.703800 + 0.070400),0.782400 (0.709200 + 0.073200),0.782800 (0.710100 + 0.072700),0.769000 (0.695700 + 0.073300),0.789700 (0.719100 + 0.070600),0.789600 (0.719100 + 0.070500),0.777000 (0.706500 + 0.070500),0.783200 (0.711000 + 0.072200),0.769900 (0.696600 + 0.073300),0.778700 (0.707400 + 0.071300),0.783600 (0.711900 + 0.071700),0.784800 (0.712800 + 0.072000),0.773300 (0.700200 + 0.073100),0.775000 (0.704700 + 0.070300),0.777700 (0.706500 + 0.071200),0.778300 (0.707400 + 0.070900),0.777000 (0.706500 + 0.070500),0.777000 (0.706500 + 0.070500),0.764100 (0.690300 + 0.073800),0.785000 (0.712800 + 0.072200),0.784400 (0.713700 + 0.070700)
29,0.770400 (0.699300 + 0.071100),0.776200 (0.705600 + 0.070600),0.777200 (0.706500 + 0.070700),0.753100 (0.679500 + 0.073600),0.775800 (0.703800 + 0.072000),0.785200 (0.713700 + 0.071500),0.775900 (0.705600 + 0.070300),0.772600 (0.701100 + 0.071500),0.778100 (0.705600 + 0.072500),0.776400 (0.705600 + 0.070800),0.783400 (0.712800 + 0.070600),0.775000 (0.703800 + 0.071200),0.774700 (0.702900 + 0.071800),0.777000 (0.706500 + 0.070500),0.777000 (0.706500 + 0.070500),0.785100 (0.713700 + 0.071400),0.776800 (0.706500 + 0.070300),0.782000 (0.710100 + 0.071900),0.783200 (0.711900 + 0.071300),0.775800 (0.703800 + 0.072000),0.781800 (0.711900 + 0.069900),0.761400 (0.687600 + 0.073800),0.776600 (0.704700 + 0.071900),0.774800 (0.703800 + 0.071000),0.753100 (0.681300 + 0.071800),0.779400 (0.708300 + 0.071100),0.783600 (0.712800 + 0.070800),0.775100 (0.702900 + 0.072200),0.785400 (0.713700 + 0.071700),0.774500 (0.703800 + 0.070700),0.785000 (0.713700 + 0.071300),0.770600 (0.699300 + 0.071300),0.784600 (0.713700 + 0.070900),0.774300 (0.703800 + 0.070500),0.780500 (0.708300 + 0.072200),0.782000 (0.711900 + 0.070100),0.752800 (0.679500 + 0.073300),0.759400 (0.686700 + 0.072700),0.770400 (0.699300 + 0.071100),0.775200 (0.702000 + 0.073200),0.750500 (0.677700 + 0.072800),0.777000 (0.706500 + 0.070500),0.760200 (0.686700 + 0.073500),0.782900 (0.712800 + 0.070100),0.782900 (0.712800 + 0.070100),0.776800 (0.706500 + 0.070300),0.785200 (0.713700 + 0.071500),0.782100 (0.711000 + 0.071100),0.770700 (0.699300 + 0.071400),0.762300 (0.689400 + 0.072900)
30,0.792600 (0.720900 + 0.071700),0.793600 (0.723600 + 0.070000),0.793900 (0.722700 + 0.071200),0.789200 (0.718200 + 0.071000),0.791900 (0.720900 + 0.071000),0.790100 (0.719100 + 0.071000),0.793900 (0.723600 + 0.070300),0.793800 (0.722700 + 0.071100),0.793600 (0.723600 + 0.070000),0.793700 (0.723600 + 0.070100),0.797800 (0.727200 + 0.070600),0.793400 (0.722700 + 0.070700),0.794100 (0.723600 + 0.070500),0.794300 (0.723600 + 0.070700),0.792000 (0.720900 + 0.071100),0.792700 (0.722700 + 0.070000),0.794200 (0.722700 + 0.071500),0.794100 (0.720900 + 0.073200),0.793000 (0.722700 + 0.070300),0.795600 (0.722700 + 0.072900),0.797600 (0.727200 + 0.070400),0.786800 (0.715500 + 0.071300),0.791800 (0.720900 + 0.070900),0.792100 (0.720900 + 0.071200),0.793700 (0.722700 + 0.071000),0.792700 (0.722700 + 0.070000),0.788800 (0.715500 + 0.073300),0.789700 (0.719100 + 0.070600),0.794800 (0.723600 + 0.071200),0.798400 (0.728100 + 0.070300),0.794500 (0.723600 + 0.070900),0.785400 (0.714600 + 0.070800),0.797400 (0.726300 + 0.071100),0.790800 (0.717300 + 0.073500),0.792100 (0.720900 + 0.071200),0.792400 (0.720900 + 0.071500),0.792600 (0.720900 + 0.071700),0.798000 (0.726300 + 0.071700),0.793900 (0.721800 + 0.072100),0.792000 (0.720900 + 0.071100),0.793100 (0.720900 + 0.072200),0.793700 (0.723600 + 0.070100),0.794200 (0.723600 + 0.070600),0.792300 (0.720000 + 0.072300),0.793400 (0.722700 + 0.070700),0.794100 (0.723600 + 0.070500),0.792400 (0.720900 + 0.071500),0.789300 (0.718200 + 0.071100),0.793900 (0.723600 + 0.070300),0.794200 (0.723600 + 0.070600)
31,0.780400 (0.710100 + 0.070300),0.775200 (0.703800 + 0.071400),0.778700 (0.708300 + 0.070400),0.786100 (0.712800 + 0.073300),0.789200 (0.718200 + 0.071000),0.764000 (0.691200 + 0.072800),0.780400 (0.710100 + 0.070300),0.767600 (0.697500 + 0.070100),0.779700 (0.709200 + 0.070500),0.774000 (0.702900 + 0.071100),0.782200 (0.711000 + 0.071200),0.766400 (0.695700 + 0.070700),0.782800 (0.711900 + 0.070900),0.766400 (0.695700 + 0.070700),0.781800 (0.711900 + 0.069900),0.782300 (0.711900 + 0.070400),0.766400 (0.695700 + 0.070700),0.792000 (0.720000 + 0.072000),0.782600 (0.711900 + 0.070700),0.780100 (0.710100 + 0.070000),0.779500 (0.709200 + 0.070300),0.766800 (0.695700 + 0.071100),0.779700 (0.709200 + 0.070500),0.788400 (0.717300 + 0.071100),0.786000 (0.712800 + 0.073200),0.773800 (0.702900 + 0.070900),0.768200 (0.697500 + 0.070700),0.780400 (0.710100 + 0.070300),0.780700 (0.710100 + 0.070600),0.767900 (0.697500 + 0.070400),0.782400 (0.711000 + 0.071400),0.786600 (0.714600 + 0.072000),0.767900 (0.697500 + 0.070400),0.789000 (0.717300 + 0.071700),0.767600 (0.697500 + 0.070100),0.774600 (0.702900 + 0.071700),0.795800 (0.721800 + 0.074000),0.774600 (0.702900 + 0.071700),0.780800 (0.710100 + 0.070700),0.780400 (0.710100 + 0.070300),0.774600 (0.702900 + 0.071700),0.779700 (0.709200 + 0.070500),0.780100 (0.710100 + 0.070000),0.788700 (0.717300 + 0.071400),0.773800 (0.702900 + 0.070900),0.782200 (0.711000 + 0.071200),0.774100 (0.702900 + 0.071200),0.770700 (0.700200 + 0.070500),0.789400 (0.718200 + 0.071200),0.780700 (0.710100 + 0.070600)
32,0.778700 (0.704700 + 0.074000),0.774100 (0.704700 + 0.069400),0.777700 (0.705600 + 0.072100),0.783000 (0.711900 + 0.071100),0.774900 (0.704700 + 0.070200),0.779600 (0.704700 + 0.074900),0.777500 (0.706500 + 0.071000),0.779500 (0.706500 + 0.073000),0.779600 (0.707400 + 0.072200),0.777700 (0.707400 + 0.070300),0.782200 (0.711000 + 0.071200),0.781300 (0.710100 + 0.071200),0.772600 (0.702000 + 0.070600),0.777200 (0.706500 + 0.070700),0.777400 (0.705600 + 0.071800),0.777400 (0.707400 + 0.070000),0.777700 (0.707400 + 0.070300),0.774200 (0.702900 + 0.071300),0.774600 (0.704700 + 0.069900),0.778500 (0.706500 + 0.072000),0.778500 (0.706500 + 0.072000),0.775200 (0.703800 + 0.071400),0.783500 (0.711000 + 0.072500),0.777300 (0.705600 + 0.071700),0.771200 (0.698400 + 0.072800),0.778800 (0.707400 + 0.071400),0.782200 (0.711000 + 0.071200),0.779700 (0.706500 + 0.073200),0.778500 (0.707400 + 0.071100),0.773200 (0.702900 + 0.070300),0.785900 (0.713700 + 0.072200),0.782600 (0.711000 + 0.071600),0.772600 (0.702000 + 0.070600),0.774900 (0.702900 + 0.072000),0.776800 (0.706500 + 0.070300),0.777000 (0.705600 + 0.071400),0.776100 (0.705600 + 0.070500),0.777000 (0.706500 + 0.070500),0.777500 (0.707400 + 0.070100),0.781600 (0.711000 + 0.070600),0.774700 (0.702000 + 0.072700),0.781500 (0.709200 + 0.072300),0.775200 (0.704700 + 0.070500),0.778200 (0.708300 + 0.069900),0.785900 (0.713700 + 0.072200),0.781200 (0.710100 + 0.071100),0.776700 (0.706500 + 0.070200),0.773500 (0.702900 + 0.070600),0.776700 (0.706500 + 0.070200),0.781100 (0.710100 + 0.071000)
33,0.761600 (0.689400 + 0.072200),0.762000 (0.689400 + 0.072600),0.767700 (0.693000 + 0.074700),0.753500 (0.681300 + 0.072200),0.762300 (0.689400 + 0.072900),0.761300 (0.690300 + 0.071000),0.762600 (0.691200 + 0.071400),0.749800 (0.678600 + 0.071200),0.755200 (0.684900 + 0.070300),0.760200 (0.689400 + 0.070800),0.754400 (0.684000 + 0.070400),0.761000 (0.689400 + 0.071600),0.755300 (0.683100 + 0.072200),0.759000 (0.687600 + 0.071400),0.765100 (0.693900 + 0.071200),0.755200 (0.681300 + 0.073900),0.767000 (0.693000 + 0.074000),0.762600 (0.690300 + 0.072300),0.760000 (0.689400 + 0.070600),0.758300 (0.684000 + 0.074300),0.751500 (0.680400 + 0.071100),0.761400 (0.689400 + 0.072000),0.760600 (0.689400 + 0.071200),0.766300 (0.693000 + 0.073300),0.765700 (0.693900 + 0.071800),0.754000 (0.683100 + 0.070900),0.756700 (0.684000 + 0.072700),0.762400 (0.692100 + 0.070300),0.754300 (0.683100 + 0.071200),0.753000 (0.683100 + 0.069900),0.752500 (0.682200 + 0.070300),0.764800 (0.693900 + 0.070900),0.760200 (0.689400 + 0.070800),0.761400 (0.689400 + 0.072000),0.758400 (0.687600 + 0.070800),0.749600 (0.676800 + 0.072800),0.759400 (0.686700 + 0.072700),0.753300 (0.683100 + 0.070200),0.754600 (0.684000 + 0.070600),0.764800 (0.693900 + 0.070900),0.760700 (0.689400 + 0.071300),0.752000 (0.680400 + 0.071600),0.764800 (0.693000 + 0.071800),0.755100 (0.684000 + 0.071100),0.754100 (0.684000 + 0.070100),0.754600 (0.681300 + 0.073300),0.757600 (0.686700 + 0.070900),0.762600 (0.691200 + 0.071400),0.762600 (0.691200 + 0.071400),0.761300 (0.690300 + 0.071000)
34,0.785700 (0.711000 + 0.074700),0.774300 (0.702000 + 0.072300),0.781200 (0.709200 + 0.072000),0.777500 (0.705600 + 0.071900),0.776100 (0.702000 + 0.074100),0.775700 (0.704700 + 0.071000),0.787600 (0.716400 + 0.071200),0.780600 (0.709200 + 0.071400),0.780600 (0.709200 + 0.071400),0.780100 (0.708300 + 0.071800),0.774900 (0.702000 + 0.072900),0.780100 (0.708300 + 0.071800),0.780100 (0.708300 + 0.071800),0.774400 (0.702000 + 0.072400),0.780800 (0.709200 + 0.071600),0.776800 (0.706500 + 0.070300),0.779900 (0.708300 + 0.071600),0.783100 (0.711900 + 0.071200),0.777000 (0.704700 + 0.072300),0.770200 (0.699300 + 0.070900),0.773700 (0.702000 + 0.071700),0.779500 (0.708300 + 0.071200),0.775000 (0.703800 + 0.071200),0.777100 (0.706500 + 0.070600),0.767600 (0.694800 + 0.072800),0.775600 (0.704700 + 0.070900),0.774100 (0.703800 + 0.070300),0.774900 (0.702000 + 0.072900),0.785000 (0.711000 + 0.074000),0.775500 (0.704700 + 0.070800),0.775500 (0.704700 + 0.070800),0.770900 (0.699300 + 0.071600),0.775700 (0.704700 + 0.071000),0.775600 (0.702900 + 0.072700),0.790100 (0.717300 + 0.072800),0.779200 (0.708300 + 0.070900),0.780100 (0.708300 + 0.071800),0.781200 (0.709200 + 0.072000),0.785100 (0.711000 + 0.074100),0.780600 (0.709200 + 0.071400),0.780600 (0.709200 + 0.071400),0.771500 (0.701100 + 0.070400),0.783500 (0.711900 + 0.071600),0.785700 (0.711000 + 0.074700),0.784300 (0.711000 + 0.073300),0.770900 (0.700200 + 0.070700),0.782600 (0.711900 + 0.070700),0.771700 (0.700200 + 0.071500),0.785000 (0.711000 + 0.074000),0.780600 (0.709200 + 0.071400)
35,0.786500 (0.713700 + 0.072800),0.782200 (0.710100 + 0.072100),0.781000 (0.710100 + 0.070900),0.769300 (0.696600 + 0.072700),0.786300 (0.713700 + 0.072600),0.781500 (0.710100 + 0.071400),0.781500 (0.710100 + 0.071400),0.775900 (0.702900 + 0.073000),0.787100 (0.713700 + 0.073400),0.774200 (0.700200 + 0.074000),0.780200 (0.709200 + 0.071000),0.789300 (0.717300 + 0.072000),0.768300 (0.694800 + 0.073500),0.788600 (0.714600 + 0.074000),0.774600 (0.702900 + 0.071700),0.774900 (0.700200 + 0.074700),0.787300 (0.715500 + 0.071800),0.782300 (0.710100 + 0.072200),0.790800 (0.718200 + 0.072600),0.781700 (0.710100 + 0.071600),0.781700 (0.710100 + 0.071600),0.781700 (0.710100 + 0.071600),0.787300 (0.715500 + 0.071800),0.785900 (0.713700 + 0.072200),0.785900 (0.714600 + 0.071300),0.787500 (0.715500 + 0.072000),0.780500 (0.709200 + 0.071300),0.786800 (0.715500 + 0.071300),0.776500 (0.705600 + 0.070900),0.787000 (0.716400 + 0.070600),0.779800 (0.708300 + 0.071500),0.784400 (0.713700 + 0.070700),0.785900 (0.714600 + 0.071300),0.784800 (0.713700 + 0.071100),0.785900 (0.714600 + 0.071300),0.770900 (0.698400 + 0.072500),0.787700 (0.715500 + 0.072200),0.782800 (0.711900 + 0.070900),0.785600 (0.712800 + 0.072800),0.774900 (0.700200 + 0.074700),0.781500 (0.710100 + 0.071400),0.774900 (0.700200 + 0.074700),0.782600 (0.711000 + 0.071600),0.785500 (0.714600 + 0.070900),0.781300 (0.711000 + 0.070300),0.783600 (0.711900 + 0.071700),0.786400 (0.715500 + 0.070900),0.782900 (0.712800 + 0.070100),0.782300 (0.710100 + 0.072200),0.782300 (0.710100 + 0.072200)
36,0.775500 (0.702900 + 0.072600),0.777000 (0.705600 + 0.071400),0.774700 (0.702900 + 0.071800),0.763100 (0.692100 + 0.071000),0.765000 (0.693900 + 0.071100),0.777900 (0.706500 + 0.071400),0.778100 (0.706500 + 0.071600),0.763300 (0.692100 + 0.071200),0.762800 (0.689400 + 0.073400),0.777400 (0.705600 + 0.071800),0.776500 (0.705600 + 0.070900),0.777700 (0.705600 + 0.072100),0.768800 (0.696600 + 0.072200),0.777400 (0.705600 + 0.071800),0.759800 (0.687600 + 0.072200),0.774600 (0.703800 + 0.070800),0.762800 (0.692100 + 0.070700),0.761400 (0.690300 + 0.071100),0.778900 (0.706500 + 0.072400),0.770000 (0.696600 + 0.073400),0.780300 (0.708300 + 0.072000),0.768800 (0.696600 + 0.072200),0.768800 (0.696600 + 0.072200),0.762600 (0.691200 + 0.071400),0.779800 (0.707400 + 0.072400),0.769000 (0.695700 + 0.073300),0.771700 (0.700200 + 0.071500),0.776400 (0.705600 + 0.070800),0.780100 (0.708300 + 0.071800),0.780600 (0.708300 + 0.072300),0.761400 (0.690300 + 0.071100),0.775600 (0.704700 + 0.070900),0.770100 (0.696600 + 0.073500),0.774600 (0.702000 + 0.072600),0.773300 (0.702900 + 0.070400),0.769200 (0.696600 + 0.072600),0.778900 (0.706500 + 0.072400),0.763400 (0.692100 + 0.071300),0.777900 (0.706500 + 0.071400),0.777400 (0.705600 + 0.071800),0.770500 (0.696600 + 0.073900),0.768300 (0.695700 + 0.072600),0.778800 (0.707400 + 0.071400),0.777500 (0.705600 + 0.071900),0.768000 (0.693900 + 0.074100),0.777400 (0.705600 + 0.071800),0.770200 (0.696600 + 0.073600),0.765900 (0.692100 + 0.073800),0.776500 (0.705600 + 0.070900),0.778100 (0.706500 + 0.071600)
37,0.801300 (0.729000 + 0.072300),0.791700 (0.720000 + 0.071700),0.794300 (0.721800 + 0.072500),0.801000 (0.729000 + 0.072000),0.798900 (0.727200 + 0.071700),0.792500 (0.720000 + 0.072500),0.787900 (0.715500 + 0.072400),0.800400 (0.728100 + 0.072300),0.787800 (0.714600 + 0.073200),0.800500 (0.728100 + 0.072400),0.795200 (0.721800 + 0.073400),0.801000 (0.729000 + 0.072000),0.800900 (0.729000 + 0.071900),0.801400 (0.728100 + 0.073300),0.795600 (0.722700 + 0.072900),0.801100 (0.729000 + 0.072100),0.800500 (0.729000 + 0.071500),0.794000 (0.721800 + 0.072200),0.800500 (0.728100 + 0.072400),0.800500 (0.728100 + 0.072400),0.793500 (0.720900 + 0.072600),0.790900 (0.720000 + 0.070900),0.797100 (0.725400 + 0.071700),0.800300 (0.728100 + 0.072200),0.798900 (0.727200 + 0.071700),0.801000 (0.729000 + 0.072000),0.800800 (0.729000 + 0.071800),0.797700 (0.725400 + 0.072300),0.788200 (0.715500 + 0.072700),0.793500 (0.720900 + 0.072600),0.794400 (0.721800 + 0.072600),0.798000 (0.725400 + 0.072600),0.801300 (0.729000 + 0.072300),0.798600 (0.727200 + 0.071400),0.800000 (0.729000 + 0.071000),0.794600 (0.720900 + 0.073700),0.790500 (0.719100 + 0.071400),0.795300 (0.725400 + 0.069900),0.788300 (0.715500 + 0.072800),0.801600 (0.729000 + 0.072600),0.800400 (0.729000 + 0.071400),0.795800 (0.722700 + 0.073100),0.795600 (0.723600 + 0.072000),0.797300 (0.726300 + 0.071000),0.797900 (0.726300 + 0.071600),0.800800 (0.729000 + 0.071800),0.800900 (0.729000 + 0.071900),0.799400 (0.728100 + 0.071300),0.798600 (0.726300 + 0.072300),0.800600 (0.729000 + 0.071600)
38,0.781800 (0.709200 + 0.072600),0.776400 (0.704700 + 0.071700),0.777600 (0.706500 + 0.071100),0.777700 (0.706500 + 0.071200),0.782300 (0.710100 + 0.072200),0.779900 (0.708300 + 0.071600),0.779900 (0.708300 + 0.071600),0.771200 (0.699300 + 0.071900),0.782200 (0.710100 + 0.072100),0.781100 (0.709200 + 0.071900),0.783200 (0.710100 + 0.073100),0.779100 (0.707400 + 0.071700),0.781500 (0.709200 + 0.072300),0.781700 (0.709200 + 0.072500),0.779900 (0.708300 + 0.071600),0.781500 (0.709200 + 0.072300),0.777600 (0.706500 + 0.071100),0.776800 (0.705600 + 0.071200),0.771600 (0.699300 + 0.072300),0.782500 (0.710100 + 0.072400),0.782500 (0.709200 + 0.073300),0.781500 (0.709200 + 0.072300),0.783100 (0.710100 + 0.073000),0.782200 (0.710100 + 0.072100),0.781500 (0.709200 + 0.072300),0.777500 (0.706500 + 0.071000),0.771700 (0.699300 + 0.072400),0.776900 (0.705600 + 0.071300),0.779900 (0.708300 + 0.071600),0.782200 (0.709200 + 0.073000),0.772900 (0.701100 + 0.071800),0.781400 (0.709200 + 0.072200),0.778900 (0.707400 + 0.071500),0.781200 (0.709200 + 0.072000),0.777400 (0.704700 + 0.072700),0.783900 (0.711900 + 0.072000),0.778300 (0.706500 + 0.071800),0.782000 (0.709200 + 0.072800),0.780800 (0.709200 + 0.071600),0.778400 (0.706500 + 0.071900),0.781400 (0.709200 + 0.072200),0.772400 (0.700200 + 0.072200),0.779200 (0.707400 + 0.071800),0.787400 (0.714600 + 0.072800),0.776300 (0.704700 + 0.071600),0.778000 (0.706500 + 0.071500),0.782300 (0.710100 + 0.072200),0.781500 (0.709200 + 0.072300),0.781500 (0.709200 + 0.072300),0.781300 (0.709200 + 0.072100)
39,0.796400 (0.723600 + 0.072800),0.798600 (0.726300 + 0.072300),0.798600 (0.726300 + 0.072300),0.798500 (0.726300 + 0.072200),0.796700 (0.724500 + 0.072200),0.797400 (0.724500 + 0.072900),0.798600 (0.726300 + 0.072300),0.798500 (0.726300 + 0.072200),0.798300 (0.726300 + 0.072000),0.798500 (0.726300 + 0.072200),0.798600 (0.726300 + 0.072300),0.797700 (0.725400 + 0.072300),0.797600 (0.724500 + 0.073100),0.798400 (0.726300 + 0.072100),0.798100 (0.726300 + 0.071800),0.798500 (0.724500 + 0.074000),0.800700 (0.728100 + 0.072600),0.798000 (0.726300 + 0.071700),0.800300 (0.728100 + 0.072200),0.795600 (0.722700 + 0.072900),0.798400 (0.726300 + 0.072100),0.798500 (0.726300 + 0.072200),0.798300 (0.726300 + 0.072000),0.798300 (0.726300 + 0.072000),0.800100 (0.728100 + 0.072000),0.800500 (0.728100 + 0.072400),0.791700 (0.720000 + 0.071700),0.796400 (0.723600 + 0.072800),0.798500 (0.726300 + 0.072200),0.799200 (0.726300 + 0.072900),0.796000 (0.722700 + 0.073300),0.792300 (0.720900 + 0.071400),0.798100 (0.726300 + 0.071800),0.797200 (0.724500 + 0.072700),0.798400 (0.726300 + 0.072100),0.798600 (0.726300 + 0.072300),0.798400 (0.726300 + 0.072100),0.798400 (0.726300 + 0.072100),0.799200 (0.726300 + 0.072900),0.798500 (0.726300 + 0.072200),0.796700 (0.725400 + 0.071300),0.792200 (0.720000 + 0.072200),0.800400 (0.727200 + 0.073200),0.798900 (0.726300 + 0.072600),0.798800 (0.725400 + 0.073400),0.792400 (0.720900 + 0.071500),0.792500 (0.720900 + 0.071600),0.798300 (0.726300 + 0.072000),0.794900 (0.722700 + 0.072200),0.799600 (0.726300 + 0.073300)
40,0.780900 (0.708300 + 0.072600),0.777200 (0.703800 + 0.073400),0.783000 (0.711000 + 0.072000),0.783500 (0.711000 + 0.072500),0.784000 (0.711000 + 0.073000),0.775000 (0.702000 + 0.073000),0.783200 (0.711000 + 0.072200),0.780800 (0.708300 + 0.072500),0.783300 (0.711000 + 0.072300),0.782100 (0.710100 + 0.072000),0.782100 (0.710100 + 0.072000),0.784200 (0.711900 + 0.072300),0.784200 (0.711900 + 0.072300),0.782200 (0.710100 + 0.072100),0.784000 (0.711900 + 0.072100),0.783200 (0.711000 + 0.072200),0.781400 (0.708300 + 0.073100),0.776000 (0.703800 + 0.072200),0.783900 (0.711900 + 0.072000),0.785300 (0.711900 + 0.073400),0.783000 (0.711000 + 0.072000),0.783700 (0.711900 + 0.071800),0.779500 (0.706500 + 0.073000),0.782300 (0.710100 + 0.072200),0.782300 (0.710100 + 0.072200),0.784200 (0.711900 + 0.072300),0.786100 (0.712800 + 0.073300),0.782500 (0.710100 + 0.072400),0.783700 (0.711900 + 0.071800),0.779300 (0.706500 + 0.072800),0.778600 (0.705600 + 0.073000),0.782600 (0.710100 + 0.072500),0.784500 (0.711900 + 0.072600),0.783100 (0.711000 + 0.072100),0.783900 (0.711000 + 0.072900),0.782500 (0.709200 + 0.073300),0.783100 (0.711000 + 0.072100),0.784100 (0.711900 + 0.072200),0.782700 (0.710100 + 0.072600),0.784200 (0.711900 + 0.072300),0.783600 (0.711000 + 0.072600),0.782500 (0.710100 + 0.072400),0.782400 (0.709200 + 0.073200),0.783700 (0.711900 + 0.071800),0.783100 (0.710100 + 0.073000),0.777100 (0.704700 + 0.072400),0.783600 (0.709200 + 0.074400),0.782200 (0.710100 + 0.072100),0.783900 (0.711900 + 0.072000),0.784200 (0.711900 + 0.072300)
41,0.791500 (0.718200 + 0.073300),0.788700 (0.716400 + 0.072300),0.788200 (0.716400 + 0.071800),0.788500 (0.716400 + 0.072100),0.788200 (0.716400 + 0.071800),0.788700 (0.716400 + 0.072300),0.791200 (0.718200 + 0.073000),0.791600 (0.718200 + 0.073400),0.789800 (0.716400 + 0.073400),0.789000 (0.716400 + 0.072600),0.788700 (0.716400 + 0.072300),0.791500 (0.718200 + 0.073300),0.791500 (0.718200 + 0.073300),0.792100 (0.720000 + 0.072100),0.789200 (0.716400 + 0.072800),0.791400 (0.718200 + 0.073200),0.783600 (0.711000 + 0.072600),0.789000 (0.716400 + 0.072600),0.790300 (0.718200 + 0.072100),0.791300 (0.718200 + 0.073100),0.789300 (0.716400 + 0.072900),0.788700 (0.716400 + 0.072300),0.788900 (0.716400 + 0.072500),0.790900 (0.718200 + 0.072700),0.788400 (0.716400 + 0.072000),0.788800 (0.716400 + 0.072400),0.791500 (0.718200 + 0.073300),0.789000 (0.716400 + 0.072600),0.792600 (0.720000 + 0.072600),0.786900 (0.713700 + 0.073200),0.788600 (0.716400 + 0.072200),0.788700 (0.716400 + 0.072300),0.788200 (0.716400 + 0.071800),0.792500 (0.720000 + 0.072500),0.790800 (0.718200 + 0.072600),0.787500 (0.715500 + 0.072000),0.788200 (0.716400 + 0.071800),0.776100 (0.703800 + 0.072300),0.788500 (0.716400 + 0.072100),0.790800 (0.718200 + 0.072600),0.788400 (0.716400 + 0.072000),0.792000 (0.720000 + 0.072000),0.789200 (0.716400 + 0.072800),0.788900 (0.716400 + 0.072500),0.788600 (0.716400 + 0.072200),0.788600 (0.716400 + 0.072200),0.787500 (0.714600 + 0.072900),0.792600 (0.720000 + 0.072600),0.790400 (0.718200 + 0.072200),0.791700 (0.718200 + 0.073500)
42,0.801600 (0.729000 + 0.072600),0.801800 (0.729000 + 0.072800),0.802400 (0.729900 + 0.072500),0.802500 (0.729900 + 0.072600),0.802000 (0.729000 + 0.073000),0.798800 (0.726300 + 0.072500),0.802100 (0.729900 + 0.072200),0.801100 (0.729000 + 0.072100),0.801600 (0.729000 + 0.072600),0.798800 (0.726300 + 0.072500),0.802000 (0.729900 + 0.072100),0.799800 (0.726300 + 0.073500),0.799100 (0.726300 + 0.072800),0.800300 (0.727200 + 0.073100),0.802400 (0.729000 + 0.073400),0.798300 (0.726300 + 0.072000),0.801600 (0.729000 + 0.072600),0.799600 (0.726300 + 0.073300),0.799500 (0.726300 + 0.073200),0.799000 (0.726300 + 0.072700),0.798500 (0.726300 + 0.072200),0.802000 (0.729000 + 0.073000),0.801100 (0.729000 + 0.072100),0.801100 (0.729000 + 0.072100),0.799100 (0.726300 + 0.072800),0.802300 (0.729000 + 0.073300),0.798800 (0.726300 + 0.072500),0.798400 (0.726300 + 0.072100),0.800300 (0.727200 + 0.073100),0.802600 (0.729900 + 0.072700),0.800500 (0.726300 + 0.074200),0.800100 (0.728100 + 0.072000),0.803400 (0.730800 + 0.072600),0.801600 (0.729000 + 0.072600),0.802500 (0.729900 + 0.072600),0.799400 (0.726300 + 0.073100),0.802600 (0.729900 + 0.072700),0.799600 (0.726300 + 0.073300),0.798900 (0.726300 + 0.072600),0.799800 (0.726300 + 0.073500),0.799800 (0.726300 + 0.073500),0.801500 (0.729000 + 0.072500),0.798000 (0.725400 + 0.072600),0.799800 (0.726300 + 0.073500),0.799600 (0.726300 + 0.073300),0.802200 (0.729900 + 0.072300),0.798700 (0.726300 + 0.072400),0.801400 (0.729000 + 0.072400),0.800500 (0.727200 + 0.073300),0.799900 (0.727200 + 0.072700)
43,0.799800 (0.727200 + 0.072600),0.798500 (0.725400 + 0.073100),0.797500 (0.724500 + 0.073000),0.798800 (0.725400 + 0.073400),0.799900 (0.727200 + 0.072700),0.799800 (0.727200 + 0.072600),0.799700 (0.727200 + 0.072500),0.799700 (0.727200 + 0.072500),0.799300 (0.727200 + 0.072100),0.801100 (0.728100 + 0.073000),0.797800 (0.725400 + 0.072400),0.797500 (0.724500 + 0.073000),0.797500 (0.724500 + 0.073000),0.797200 (0.724500 + 0.072700),0.798800 (0.725400 + 0.073400),0.799800 (0.727200 + 0.072600),0.797600 (0.724500 + 0.073100),0.797000 (0.724500 + 0.072500),0.799800 (0.727200 + 0.072600),0.800700 (0.728100 + 0.072600),0.799300 (0.726300 + 0.073000),0.797700 (0.723600 + 0.074100),0.802600 (0.729900 + 0.072700),0.798500 (0.725400 + 0.073100),0.800700 (0.728100 + 0.072600),0.800100 (0.728100 + 0.072000),0.799900 (0.727200 + 0.072700),0.799900 (0.727200 + 0.072700),0.799300 (0.727200 + 0.072100),0.799800 (0.727200 + 0.072600),0.802500 (0.729000 + 0.073500),0.799900 (0.727200 + 0.072700),0.801300 (0.728100 + 0.073200),0.800700 (0.728100 + 0.072600),0.806100 (0.732600 + 0.073500),0.798500 (0.725400 + 0.073100),0.800500 (0.728100 + 0.072400),0.802900 (0.729000 + 0.073900),0.801500 (0.728100 + 0.073400),0.800900 (0.728100 + 0.072800),0.801900 (0.728100 + 0.073800),0.800700 (0.728100 + 0.072600),0.800700 (0.728100 + 0.072600),0.799900 (0.727200 + 0.072700),0.801400 (0.728100 + 0.073300),0.800300 (0.728100 + 0.072200),0.799900 (0.727200 + 0.072700),0.799200 (0.726300 + 0.072900),0.798700 (0.725400 + 0.073300),0.800100 (0.728100 + 0.072000)
44,0.777300 (0.703800 + 0.073500),0.782400 (0.709200 + 0.073200),0.776100 (0.702900 + 0.073200),0.783000 (0.710100 + 0.072900),0.781600 (0.709200 + 0.072400),0.778200 (0.704700 + 0.073500),0.782800 (0.710100 + 0.072700),0.782600 (0.709200 + 0.073400),0.782300 (0.709200 + 0.073100),0.780400 (0.706500 + 0.073900),0.778900 (0.704700 + 0.074200),0.782800 (0.710100 + 0.072700),0.782700 (0.710100 + 0.072600),0.781800 (0.709200 + 0.072600),0.783000 (0.709200 + 0.073800),0.782700 (0.710100 + 0.072600),0.782800 (0.710100 + 0.072700),0.783200 (0.709200 + 0.074000),0.778500 (0.704700 + 0.073800),0.781600 (0.709200 + 0.072400),0.783000 (0.710100 + 0.072900),0.781200 (0.709200 + 0.072000),0.781200 (0.709200 + 0.072000),0.783200 (0.710100 + 0.073100),0.782400 (0.709200 + 0.073200),0.777300 (0.704700 + 0.072600),0.783200 (0.709200 + 0.074000),0.782800 (0.710100 + 0.072700),0.778100 (0.704700 + 0.073400),0.782100 (0.709200 + 0.072900),0.775500 (0.702900 + 0.072600),0.780100 (0.707400 + 0.072700),0.778800 (0.706500 + 0.072300),0.781800 (0.709200 + 0.072600),0.781800 (0.709200 + 0.072600),0.782200 (0.709200 + 0.073000),0.781400 (0.707400 + 0.074000),0.784400 (0.711900 + 0.072500),0.779000 (0.705600 + 0.073400),0.781800 (0.709200 + 0.072600),0.782800 (0.710100 + 0.072700),0.783000 (0.710100 + 0.072900),0.782000 (0.709200 + 0.072800),0.782700 (0.710100 + 0.072600),0.779100 (0.706500 + 0.072600),0.779100 (0.706500 + 0.072600),0.781200 (0.709200 + 0.072000),0.779200 (0.706500 + 0.072700),0.780700 (0.707400 + 0.073300),0.781500 (0.709200 + 0.072300)
45,0.776300 (0.703800 + 0.072500),0.777000 (0.703800 + 0.073200),0.777500 (0.704700 + 0.072800),0.776000 (0.702900 + 0.073100),0.776300 (0.703800 + 0.072500),0.775000 (0.702900 + 0.072100),0.777200 (0.704700 + 0.072500),0.776000 (0.702900 + 0.073100),0.778000 (0.705600 + 0.072400),0.779400 (0.705600 + 0.073800),0.775600 (0.702900 + 0.072700),0.776600 (0.703800 + 0.072800),0.776200 (0.702000 + 0.074200),0.776300 (0.704700 + 0.071600),0.778800 (0.705600 + 0.073200),0.777500 (0.704700 + 0.072800),0.777700 (0.703800 + 0.073900),0.777100 (0.704700 + 0.072400),0.779600 (0.705600 + 0.074000),0.775700 (0.702900 + 0.072800),0.777500 (0.704700 + 0.072800),0.776400 (0.703800 + 0.072600),0.775600 (0.702900 + 0.072700),0.778100 (0.704700 + 0.073400),0.778100 (0.705600 + 0.072500),0.777500 (0.703800 + 0.073700),0.777300 (0.704700 + 0.072600),0.779600 (0.705600 + 0.074000),0.766800 (0.693000 + 0.073800),0.777600 (0.704700 + 0.072900),0.778000 (0.704700 + 0.073300),0.776700 (0.703800 + 0.072900),0.776400 (0.703800 + 0.072600),0.779600 (0.705600 + 0.074000),0.778500 (0.704700 + 0.073800),0.776600 (0.703800 + 0.072800),0.776300 (0.703800 + 0.072500),0.777400 (0.704700 + 0.072700),0.776900 (0.702900 + 0.074000),0.777000 (0.704700 + 0.072300),0.777800 (0.703800 + 0.074000),0.776400 (0.703800 + 0.072600),0.777000 (0.704700 + 0.072300),0.775500 (0.702900 + 0.072600),0.777500 (0.704700 + 0.072800),0.777000 (0.704700 + 0.072300),0.776400 (0.703800 + 0.072600),0.775100 (0.702900 + 0.072200),0.775600 (0.702000 + 0.073600),0.776400 (0.703800 + 0.072600)
46,0.779600 (0.705600 + 0.074000),0.779700 (0.705600 + 0.074100),0.776400 (0.703800 + 0.072600),0.776800 (0.703800 + 0.073000),0.776700 (0.703800 + 0.072900),0.777100 (0.703800 + 0.073300),0.774800 (0.702000 + 0.072800),0.776600 (0.703800 + 0.072800),0.779600 (0.705600 + 0.074000),0.774800 (0.702000 + 0.072800),0.775700 (0.702000 + 0.073700),0.779800 (0.705600 + 0.074200),0.775900 (0.702900 + 0.073000),0.779500 (0.705600 + 0.073900),0.777600 (0.703800 + 0.073800),0.768500 (0.693900 + 0.074600),0.779000 (0.705600 + 0.073400),0.774600 (0.702000 + 0.072600),0.775100 (0.702000 + 0.073100),0.777600 (0.703800 + 0.073800),0.775400 (0.702900 + 0.072500),0.776600 (0.703800 + 0.072800),0.779500 (0.705600 + 0.073900),0.775300 (0.702900 + 0.072400),0.774700 (0.702000 + 0.072700),0.779000 (0.705600 + 0.073400),0.776100 (0.703800 + 0.072300),0.776300 (0.703800 + 0.072500),0.776200 (0.703800 + 0.072400),0.775000 (0.702000 + 0.073000),0.774500 (0.701100 + 0.073400),0.779600 (0.705600 + 0.074000),0.775700 (0.702000 + 0.073700),0.778800 (0.705600 + 0.073200),0.776400 (0.702900 + 0.073500),0.776200 (0.703800 + 0.072400),0.776400 (0.703800 + 0.072600),0.774900 (0.702000 + 0.072900),0.777600 (0.703800 + 0.073800),0.774800 (0.702000 + 0.072800),0.779600 (0.704700 + 0.074900),0.774700 (0.702900 + 0.071800),0.775900 (0.702900 + 0.073000),0.773700 (0.701100 + 0.072600),0.776800 (0.703800 + 0.073000),0.776500 (0.703800 + 0.072700),0.776300 (0.703800 + 0.072500),0.775300 (0.702900 + 0.072400),0.776700 (0.703800 + 0.072900),0.775400 (0.702900 + 0.072500)
47,0.783400 (0.709200 + 0.074200),0.783400 (0.709200 + 0.074200),0.785800 (0.712800 + 0.073000),0.785500 (0.712800 + 0.072700),0.785400 (0.712800 + 0.072600),0.782900 (0.709200 + 0.073700),0.786400 (0.712800 + 0.073600),0.786600 (0.713700 + 0.072900),0.786200 (0.712800 + 0.073400),0.785400 (0.712800 + 0.072600),0.783600 (0.710100 + 0.073500),0.783100 (0.709200 + 0.073900),0.785800 (0.712800 + 0.073000),0.784100 (0.710100 + 0.074000),0.784700 (0.712800 + 0.071900),0.783200 (0.709200 + 0.074000),0.782500 (0.709200 + 0.073300),0.787800 (0.713700 + 0.074100),0.786100 (0.712800 + 0.073300),0.787000 (0.713700 + 0.073300),0.782000 (0.709200 + 0.072800),0.783200 (0.709200 + 0.074000),0.787600 (0.713700 + 0.073900),0.783400 (0.709200 + 0.074200),0.783200 (0.709200 + 0.074000),0.783500 (0.710100 + 0.073400),0.782600 (0.709200 + 0.073400),0.787200 (0.712800 + 0.074400),0.785200 (0.712800 + 0.072400),0.785600 (0.712800 + 0.072800),0.785300 (0.712800 + 0.072500),0.785600 (0.712800 + 0.072800),0.783500 (0.710100 + 0.073400),0.782600 (0.709200 + 0.073400),0.782400 (0.709200 + 0.073200),0.783300 (0.709200 + 0.074100),0.783100 (0.709200 + 0.073900),0.785700 (0.711900 + 0.073800),0.781900 (0.709200 + 0.072700),0.786500 (0.713700 + 0.072800),0.785600 (0.712800 + 0.072800),0.785300 (0.712800 + 0.072500),0.784300 (0.710100 + 0.074200),0.785700 (0.711000 + 0.074700),0.786400 (0.712800 + 0.073600),0.783200 (0.709200 + 0.074000),0.785600 (0.712800 + 0.072800),0.783100 (0.709200 + 0.073900),0.783100 (0.709200 + 0.073900),0.785400 (0.712800 + 0.072600)
48,0.768900 (0.694800 + 0.074100),0.767800 (0.694800 + 0.073000),0.768900 (0.694800 + 0.074100),0.769600 (0.695700 + 0.073900),0.764800 (0.692100 + 0.072700),0.768700 (0.694800 + 0.073900),0.766700 (0.693900 + 0.072800),0.767400 (0.693000 + 0.074400),0.766900 (0.693900 + 0.073000),0.765900 (0.693000 + 0.072900),0.760600 (0.686700 + 0.073900),0.765400 (0.691200 + 0.074200),0.764800 (0.692100 + 0.072700),0.766500 (0.693900 + 0.072600),0.766700 (0.693900 + 0.072800),0.769700 (0.695700 + 0.074000),0.769100 (0.695700 + 0.073400),0.766800 (0.693900 + 0.072900),0.768500 (0.694800 + 0.073700),0.766800 (0.693900 + 0.072900),0.768000 (0.694800 + 0.073200),0.765900 (0.692100 + 0.073800),0.762600 (0.690300 + 0.072300),0.771400 (0.696600 + 0.074800),0.769200 (0.695700 + 0.073500),0.765800 (0.693900 + 0.071900),0.769600 (0.695700 + 0.073900),0.768800 (0.694800 + 0.074000),0.769200 (0.694800 + 0.074400),0.769600 (0.695700 + 0.073900),0.767400 (0.693000 + 0.074400),0.766900 (0.693900 + 0.073000),0.766700 (0.693900 + 0.072800),0.769000 (0.694800 + 0.074200),0.764100 (0.691200 + 0.072900),0.768300 (0.693900 + 0.074400),0.770500 (0.695700 + 0.074800),0.768700 (0.694800 + 0.073900),0.767500 (0.693900 + 0.073600),0.756100 (0.683100 + 0.073000),0.769400 (0.694800 + 0.074600),0.756500 (0.683100 + 0.073400),0.769300 (0.694800 + 0.074500),0.768900 (0.694800 + 0.074100),0.767700 (0.694800 + 0.072900),0.761900 (0.687600 + 0.074300),0.765700 (0.693900 + 0.071800),0.767400 (0.693000 + 0.074400),0.767600 (0.694800 + 0.072800),0.768700 (0.695700 + 0.073000)
49,0.798400 (0.723600 + 0.074800),0.794600 (0.720900 + 0.073700),0.788400 (0.713700 + 0.074700),0.790300 (0.715500 + 0.074800),0.795900 (0.721800 + 0.074100),0.791700 (0.719100 + 0.072600),0.792200 (0.719100 + 0.073100),0.792900 (0.719100 + 0.073800),0.794700 (0.721800 + 0.072900),0.792700 (0.719100 + 0.073600),0.795700 (0.721800 + 0.073900),0.794600 (0.720900 + 0.073700),0.794100 (0.720000 + 0.074100),0.794900 (0.720900 + 0.074000),0.790300 (0.716400 + 0.073900),0.790100 (0.715500 + 0.074600),0.795300 (0.720900 + 0.074400),0.794000 (0.720000 + 0.074000),0.790800 (0.716400 + 0.074400),0.790400 (0.716400 + 0.074000),0.791700 (0.719100 + 0.072600),0.791800 (0.717300 + 0.074500),0.790400 (0.716400 + 0.074000),0.792700 (0.719100 + 0.073600),0.789600 (0.716400 + 0.073200),0.798400 (0.723600 + 0.074800),0.780400 (0.706500 + 0.073900),0.794700 (0.721800 + 0.072900),0.795700 (0.722700 + 0.073000),0.795200 (0.721800 + 0.073400),0.795300 (0.721800 + 0.073500),0.790300 (0.716400 + 0.073900),0.790300 (0.716400 + 0.073900),0.792500 (0.718200 + 0.074300),0.794100 (0.720000 + 0.074100),0.790300 (0.715500 + 0.074800),0.791900 (0.719100 + 0.072800),0.795700 (0.721800 + 0.073900),0.795900 (0.721800 + 0.074100),0.789100 (0.717300 + 0.071800),0.794700 (0.721800 + 0.072900),0.789900 (0.715500 + 0.074400),0.795300 (0.720900 + 0.074400),0.795900 (0.721800 + 0.074100),0.792700 (0.719100 + 0.073600),0.794600 (0.721800 + 0.072800),0.789800 (0.716400 + 0.073400),0.789800 (0.716400 + 0.073400),0.790300 (0.715500 + 0.074800),0.783500 (0.709200 + 0.074300)
50,0.806500 (0.731700 + 0.074800),0.805000 (0.730800 + 0.074200),0.805200 (0.731700 + 0.073500),0.806300 (0.731700 + 0.074600),0.804600 (0.730800 + 0.073800),0.805700 (0.731700 + 0.074000),0.804500 (0.730800 + 0.073700),0.806100 (0.731700 + 0.074400),0.804000 (0.729900 + 0.074100),0.803500 (0.730800 + 0.072700),0.807600 (0.733500 + 0.074100),0.805200 (0.731700 + 0.073500),0.804600 (0.731700 + 0.072900),0.803900 (0.730800 + 0.073100),0.804600 (0.730800 + 0.073800),0.805200 (0.731700 + 0.073500),0.804900 (0.730800 + 0.074100),0.802000 (0.727200 + 0.074800),0.805600 (0.731700 + 0.073900),0.806500 (0.731700 + 0.074800),0.804500 (0.730800 + 0.073700),0.805800 (0.731700 + 0.074100),0.804800 (0.730800 + 0.074000),0.806500 (0.731700 + 0.074800),0.806200 (0.731700 + 0.074500),0.805500 (0.731700 + 0.073800),0.804800 (0.731700 + 0.073100),0.805100 (0.731700 + 0.073400),0.805400 (0.731700 + 0.073700),0.806500 (0.731700 + 0.074800),0.805600 (0.731700 + 0.073900),0.804600 (0.730800 + 0.073800),0.804900 (0.730800 + 0.074100),0.804600 (0.729900 + 0.074700),0.806500 (0.731700 + 0.074800),0.805600 (0.731700 + 0.073900),0.801200 (0.727200 + 0.074000),0.801500 (0.726300 + 0.075200),0.804100 (0.730800 + 0.073300),0.807100 (0.732600 + 0.074500),0.801000 (0.726300 + 0.074700),0.807200 (0.732600 + 0.074600),0.803000 (0.729900 + 0.073100),0.806500 (0.731700 + 0.074800),0.804600 (0.731700 + 0.072900),0.804100 (0.730800 + 0.073300),0.805300 (0.732600 + 0.072700),0.804600 (0.731700 + 0.072900),0.804000 (0.730800 + 0.073200),0.805700 (0.731700 + 0.074000)
51,0.781500 (0.707400 + 0.074100),0.788300 (0.713700 + 0.074600),0.781700 (0.708300 + 0.073400),0.789100 (0.714600 + 0.074500),0.781300 (0.707400 + 0.073900),0.781200 (0.707400 + 0.073800),0.781900 (0.709200 + 0.072700),0.785100 (0.711900 + 0.073200),0.789100 (0.714600 + 0.074500),0.784500 (0.711900 + 0.072600),0.789400 (0.714600 + 0.074800),0.784800 (0.711900 + 0.072900),0.789400 (0.714600 + 0.074800),0.785000 (0.710100 + 0.074900),0.784400 (0.711000 + 0.073400),0.782100 (0.708300 + 0.073800),0.779500 (0.705600 + 0.073900),0.781700 (0.708300 + 0.073400),0.786200 (0.711900 + 0.074300),0.781200 (0.707400 + 0.073800),0.780400 (0.705600 + 0.074800),0.784000 (0.711000 + 0.073000),0.789200 (0.714600 + 0.074600),0.789100 (0.714600 + 0.074500),0.784900 (0.710100 + 0.074800),0.788800 (0.714600 + 0.074200),0.781500 (0.707400 + 0.074100),0.789400 (0.714600 + 0.074800),0.788500 (0.714600 + 0.073900),0.783600 (0.709200 + 0.074400),0.788900 (0.714600 + 0.074300),0.789100 (0.714600 + 0.074500),0.782600 (0.709200 + 0.073400),0.780500 (0.706500 + 0.074000),0.790100 (0.715500 + 0.074600),0.787700 (0.712800 + 0.074900),0.789500 (0.714600 + 0.074900),0.789300 (0.714600 + 0.074700),0.787300 (0.714600 + 0.072700),0.785400 (0.711900 + 0.073500),0.789800 (0.714600 + 0.075200),0.789400 (0.714600 + 0.074800),0.782500 (0.708300 + 0.074200),0.782800 (0.707400 + 0.075400),0.782400 (0.708300 + 0.074100),0.789000 (0.714600 + 0.074400),0.781900 (0.709200 + 0.072700),0.785800 (0.711900 + 0.073900),0.784800 (0.711000 + 0.073800),0.789200 (0.714600 + 0.074600)
52,0.798200 (0.723600 + 0.074600),0.798300 (0.723600 + 0.074700),0.798400 (0.723600 + 0.074800),0.798400 (0.723600 + 0.074800),0.793400 (0.720000 + 0.073400),0.799300 (0.725400 + 0.073900),0.797600 (0.723600 + 0.074000),0.798400 (0.723600 + 0.074800),0.798100 (0.723600 + 0.074500),0.800300 (0.725400 + 0.074900),0.798100 (0.723600 + 0.074500),0.803500 (0.729000 + 0.074500),0.798800 (0.723600 + 0.075200),0.796300 (0.723600 + 0.072700),0.798800 (0.723600 + 0.075200),0.793800 (0.719100 + 0.074700),0.793400 (0.720000 + 0.073400),0.798300 (0.723600 + 0.074700),0.798200 (0.723600 + 0.074600),0.798200 (0.723600 + 0.074600),0.797700 (0.723600 + 0.074100),0.792100 (0.717300 + 0.074800),0.797900 (0.723600 + 0.074300),0.793200 (0.720000 + 0.073200),0.794800 (0.721800 + 0.073000),0.800300 (0.725400 + 0.074900),0.796500 (0.722700 + 0.073800),0.799300 (0.725400 + 0.073900),0.798500 (0.723600 + 0.074900),0.794100 (0.720000 + 0.074100),0.797900 (0.723600 + 0.074300),0.797500 (0.723600 + 0.073900),0.798100 (0.723600 + 0.074500),0.796700 (0.722700 + 0.074000),0.798100 (0.723600 + 0.074500),0.790400 (0.716400 + 0.074000),0.798700 (0.724500 + 0.074200),0.798500 (0.723600 + 0.074900),0.796800 (0.722700 + 0.074100),0.798600 (0.723600 + 0.075000),0.798000 (0.723600 + 0.074400),0.793200 (0.720000 + 0.073200),0.797700 (0.723600 + 0.074100),0.797900 (0.723600 + 0.074300),0.797900 (0.723600 + 0.074300),0.799000 (0.725400 + 0.073600),0.798900 (0.723600 + 0.075300),0.796100 (0.721800 + 0.074300),0.794900 (0.721800 + 0.073100),0.794800 (0.721800 + 0.073000)
53,0.795400 (0.720900 + 0.074500),0.792200 (0.718200 + 0.074000),0.793400 (0.719100 + 0.074300),0.794100 (0.719100 + 0.075000),0.788300 (0.715500 + 0.072800),0.792900 (0.718200 + 0.074700),0.792800 (0.718200 + 0.074600),0.793400 (0.718200 + 0.075200),0.792500 (0.718200 + 0.074300),0.792800 (0.718200 + 0.074600),0.791500 (0.716400 + 0.075100),0.792700 (0.718200 + 0.074500),0.792300 (0.718200 + 0.074100),0.794000 (0.719100 + 0.074900),0.792700 (0.718200 + 0.074500),0.792200 (0.718200 + 0.074000),0.789600 (0.715500 + 0.074100),0.788300 (0.713700 + 0.074600),0.796700 (0.721800 + 0.074900),0.792500 (0.718200 + 0.074300),0.793400 (0.718200 + 0.075200),0.790900 (0.718200 + 0.072700),0.793500 (0.718200 + 0.075300),0.792400 (0.718200 + 0.074200),0.793400 (0.719100 + 0.074300),0.792600 (0.718200 + 0.074400),0.792700 (0.718200 + 0.074500),0.793400 (0.718200 + 0.075200),0.788900 (0.714600 + 0.074300),0.792600 (0.718200 + 0.074400),0.792600 (0.718200 + 0.074400),0.786300 (0.711000 + 0.075300),0.789400 (0.715500 + 0.073900),0.793000 (0.718200 + 0.074800),0.788500 (0.714600 + 0.073900),0.789400 (0.715500 + 0.073900),0.792700 (0.718200 + 0.074500),0.793500 (0.719100 + 0.074400),0.793300 (0.719100 + 0.074200),0.790900 (0.718200 + 0.072700),0.792500 (0.718200 + 0.074300),0.790500 (0.716400 + 0.074100),0.787600 (0.714600 + 0.073000),0.792700 (0.718200 + 0.074500),0.792100 (0.718200 + 0.073900),0.793100 (0.718200 + 0.074900),0.793000 (0.718200 + 0.074800),0.789700 (0.715500 + 0.074200),0.793000 (0.718200 + 0.074800),0.793800 (0.719100 + 0.074700)
54,0.780500 (0.705600 + 0.074900),0.781200 (0.706500 + 0.074700),0.781500 (0.707400 + 0.074100),0.780600 (0.706500 + 0.074100),0.781300 (0.706500 + 0.074800),0.780700 (0.706500 + 0.074200),0.783200 (0.708300 + 0.074900),0.781700 (0.706500 + 0.075200),0.780300 (0.705600 + 0.074700),0.780800 (0.706500 + 0.074300),0.780800 (0.706500 + 0.074300),0.780600 (0.706500 + 0.074100),0.779200 (0.704700 + 0.074500),0.772000 (0.695700 + 0.076300),0.781300 (0.706500 + 0.074800),0.780900 (0.706500 + 0.074400),0.781600 (0.707400 + 0.074200),0.781800 (0.706500 + 0.075300),0.781900 (0.706500 + 0.075400),0.781100 (0.706500 + 0.074600),0.778700 (0.704700 + 0.074000),0.781100 (0.706500 + 0.074600),0.782900 (0.707400 + 0.075500),0.781600 (0.706500 + 0.075100),0.781500 (0.706500 + 0.075000),0.785700 (0.710100 + 0.075600),0.781000 (0.706500 + 0.074500),0.781700 (0.706500 + 0.075200),0.780800 (0.706500 + 0.074300),0.781400 (0.706500 + 0.074900),0.783400 (0.708300 + 0.075100),0.782600 (0.708300 + 0.074300),0.782600 (0.708300 + 0.074300),0.784700 (0.710100 + 0.074600),0.780500 (0.705600 + 0.074900),0.781800 (0.707400 + 0.074400),0.781700 (0.706500 + 0.075200),0.780900 (0.705600 + 0.075300),0.781500 (0.706500 + 0.075000),0.780500 (0.705600 + 0.074900),0.784700 (0.710100 + 0.074600),0.783200 (0.708300 + 0.074900),0.780800 (0.706500 + 0.074300),0.781000 (0.706500 + 0.074500),0.781100 (0.706500 + 0.074600),0.780200 (0.704700 + 0.075500),0.781600 (0.706500 + 0.075100),0.780800 (0.706500 + 0.074300),0.781300 (0.706500 + 0.074800),0.781200 (0.706500 + 0.074700)
55,0.790200 (0.714600 + 0.075600),0.794300 (0.719100 + 0.075200),0.793800 (0.719100 + 0.074700),0.793800 (0.719100 + 0.074700),0.793700 (0.719100 + 0.074600),0.798400 (0.722700 + 0.075700),0.793700 (0.719100 + 0.074600),0.793900 (0.719100 + 0.074800),0.794200 (0.719100 + 0.075100),0.793800 (0.719100 + 0.074700),0.794400 (0.719100 + 0.075300),0.792500 (0.717300 + 0.075200),0.791900 (0.717300 + 0.074600),0.791900 (0.717300 + 0.074600),0.793600 (0.719100 + 0.074500),0.791600 (0.716400 + 0.075200),0.794300 (0.720000 + 0.074300),0.794100 (0.719100 + 0.075000),0.794300 (0.719100 + 0.075200),0.798300 (0.722700 + 0.075600),0.791000 (0.715500 + 0.075500),0.794100 (0.719100 + 0.075000),0.788000 (0.712800 + 0.075200),0.794200 (0.719100 + 0.075100),0.794900 (0.720000 + 0.074900),0.792600 (0.718200 + 0.074400),0.794100 (0.719100 + 0.075000),0.791000 (0.716400 + 0.074600),0.793500 (0.719100 + 0.074400),0.793400 (0.718200 + 0.075200),0.794600 (0.719100 + 0.075500),0.794300 (0.719100 + 0.075200),0.790200 (0.714600 + 0.075600),0.794900 (0.720000 + 0.074900),0.791300 (0.716400 + 0.074900),0.796600 (0.721800 + 0.074800),0.791300 (0.716400 + 0.074900),0.792300 (0.718200 + 0.074100),0.791100 (0.716400 + 0.074700),0.794200 (0.719100 + 0.075100),0.794500 (0.719100 + 0.075400),0.795000 (0.720000 + 0.075000),0.794100 (0.719100 + 0.075000),0.793700 (0.719100 + 0.074600),0.794200 (0.719100 + 0.075100),0.795000 (0.719100 + 0.075900),0.792800 (0.718200 + 0.074600),0.794200 (0.719100 + 0.075100),0.793400 (0.719100 + 0.074300),0.791700 (0.717300 + 0.074400)
56,0.789400 (0.713700 + 0.075700),0.797000 (0.721800 + 0.075200),0.789900 (0.714600 + 0.075300),0.793000 (0.718200 + 0.074800),0.793400 (0.718200 + 0.075200),0.779800 (0.704700 + 0.075100),0.795100 (0.720000 + 0.075100),0.795600 (0.720000 + 0.075600),0.793300 (0.718200 + 0.075100),0.793700 (0.719100 + 0.074600),0.793300 (0.718200 + 0.075100),0.792100 (0.717300 + 0.074800),0.793500 (0.718200 + 0.075300),0.793500 (0.718200 + 0.075300),0.794000 (0.718200 + 0.075800),0.792500 (0.718200 + 0.074300),0.792700 (0.718200 + 0.074500),0.794900 (0.720000 + 0.074900),0.793000 (0.718200 + 0.074800),0.794800 (0.720000 + 0.074800),0.792600 (0.717300 + 0.075300),0.792800 (0.718200 + 0.074600),0.785500 (0.711000 + 0.074500),0.792800 (0.718200 + 0.074600),0.793300 (0.718200 + 0.075100),0.792800 (0.718200 + 0.074600),0.792900 (0.718200 + 0.074700),0.794300 (0.719100 + 0.075200),0.792500 (0.718200 + 0.074300),0.792500 (0.718200 + 0.074300),0.795100 (0.720000 + 0.075100),0.795000 (0.720000 + 0.075000),0.793400 (0.718200 + 0.075200),0.792700 (0.718200 + 0.074500),0.792800 (0.718200 + 0.074600),0.794800 (0.720000 + 0.074800),0.793000 (0.718200 + 0.074800),0.792900 (0.718200 + 0.074700),0.793200 (0.718200 + 0.075000),0.792800 (0.718200 + 0.074600),0.793500 (0.718200 + 0.075300),0.792800 (0.718200 + 0.074600),0.792900 (0.718200 + 0.074700),0.789700 (0.714600 + 0.075100),0.793700 (0.718200 + 0.075500),0.794300 (0.719100 + 0.075200),0.792300 (0.718200 + 0.074100),0.793100 (0.718200 + 0.074900),0.792800 (0.719100 + 0.073700),0.792700 (0.718200 + 0.074500)
57,0.810500 (0.735300 + 0.075200),0.809000 (0.735300 + 0.073700),0.806800 (0.731700 + 0.075100),0.813000 (0.738000 + 0.075000),0.806100 (0.731700 + 0.074400),0.806000 (0.731700 + 0.074300),0.809300 (0.735300 + 0.074000),0.807100 (0.731700 + 0.075400),0.805600 (0.730800 + 0.074800),0.806800 (0.731700 + 0.075100),0.806200 (0.731700 + 0.074500),0.806500 (0.731700 + 0.074800),0.806600 (0.731700 + 0.074900),0.801700 (0.726300 + 0.075400),0.813900 (0.738900 + 0.075000),0.807000 (0.731700 + 0.075300),0.810800 (0.736200 + 0.074600),0.806800 (0.731700 + 0.075100),0.806700 (0.731700 + 0.075000),0.803100 (0.728100 + 0.075000),0.806300 (0.731700 + 0.074600),0.806500 (0.731700 + 0.074800),0.806400 (0.731700 + 0.074700),0.807000 (0.731700 + 0.075300),0.806900 (0.731700 + 0.075200),0.806500 (0.731700 + 0.074800),0.806500 (0.731700 + 0.074800),0.806800 (0.731700 + 0.075100),0.808900 (0.733500 + 0.075400),0.806500 (0.731700 + 0.074800),0.806300 (0.731700 + 0.074600),0.806900 (0.731700 + 0.075200),0.809200 (0.734400 + 0.074800),0.806200 (0.730800 + 0.075400),0.801300 (0.726300 + 0.075000),0.806300 (0.731700 + 0.074600),0.807000 (0.731700 + 0.075300),0.807800 (0.732600 + 0.075200),0.806800 (0.731700 + 0.075100),0.799800 (0.724500 + 0.075300),0.801500 (0.726300 + 0.075200),0.810000 (0.735300 + 0.074700),0.806600 (0.731700 + 0.074900),0.806800 (0.731700 + 0.075100),0.807200 (0.731700 + 0.075500),0.803300 (0.728100 + 0.075200),0.806700 (0.731700 + 0.075000),0.805600 (0.729900 + 0.075700),0.808400 (0.733500 + 0.074900),0.806800 (0.731700 + 0.075100)
58,0.788700 (0.713700 + 0.075000),0.786200 (0.711000 + 0.075200),0.787000 (0.711000 + 0.076000),0.790100 (0.715500 + 0.074600),0.789800 (0.714600 + 0.075200),0.786100 (0.711000 + 0.075100),0.785800 (0.711000 + 0.074800),0.787900 (0.712800 + 0.075100),0.784000 (0.709200 + 0.074800),0.786100 (0.710100 + 0.076000),0.787900 (0.712800 + 0.075100),0.790100 (0.715500 + 0.074600),0.786300 (0.711000 + 0.075300),0.788000 (0.712800 + 0.075200),0.786300 (0.711000 + 0.075300),0.788000 (0.712800 + 0.075200),0.785800 (0.711000 + 0.074800),0.786600 (0.712800 + 0.073800),0.783900 (0.709200 + 0.074700),0.785700 (0.711000 + 0.074700),0.786200 (0.711000 + 0.075200),0.786200 (0.711000 + 0.075200),0.789500 (0.714600 + 0.074900),0.788000 (0.712800 + 0.075200),0.786100 (0.711000 + 0.075100),0.790200 (0.715500 + 0.074700),0.787900 (0.712800 + 0.075100),0.789600 (0.714600 + 0.075000),0.790200 (0.715500 + 0.074700),0.789500 (0.714600 + 0.074900),0.787900 (0.712800 + 0.075100),0.787600 (0.712800 + 0.074800),0.783900 (0.709200 + 0.074700),0.790300 (0.715500 + 0.074800),0.787200 (0.711900 + 0.075300),0.786800 (0.712800 + 0.074000),0.787800 (0.712800 + 0.075000),0.790800 (0.715500 + 0.075300),0.788800 (0.713700 + 0.075100),0.788000 (0.712800 + 0.075200),0.786400 (0.711000 + 0.075400),0.787500 (0.712800 + 0.074700),0.788200 (0.712800 + 0.075400),0.786700 (0.711000 + 0.075700),0.791200 (0.716400 + 0.074800),0.785600 (0.711000 + 0.074600),0.784600 (0.709200 + 0.075400),0.786800 (0.712800 + 0.074000),0.786100 (0.711000 + 0.075100),0.789900 (0.715500 + 0.074400)
59,0.785800 (0.711000 + 0.074800),0.793300 (0.718200 + 0.075100),0.793000 (0.718200 + 0.074800),0.790500 (0.715500 + 0.075000),0.786400 (0.711900 + 0.074500),0.789800 (0.714600 + 0.075200),0.790700 (0.715500 + 0.075200),0.786600 (0.711900 + 0.074700),0.789000 (0.713700 + 0.075300),0.788700 (0.713700 + 0.075000),0.789300 (0.714600 + 0.074700),0.789900 (0.714600 + 0.075300),0.791100 (0.716400 + 0.074700),0.786600 (0.711900 + 0.074700),0.790700 (0.715500 + 0.075200),0.789000 (0.714600 + 0.074400),0.786200 (0.711900 + 0.074300),0.788900 (0.713700 + 0.075200),0.789600 (0.714600 + 0.075000),0.794100 (0.718200 + 0.075900),0.789500 (0.715500 + 0.074000),0.793400 (0.718200 + 0.075200),0.786300 (0.711900 + 0.074400),0.786600 (0.711900 + 0.074700),0.786500 (0.711900 + 0.074600),0.793100 (0.718200 + 0.074900),0.790700 (0.715500 + 0.075200),0.793300 (0.718200 + 0.075100),0.793300 (0.718200 + 0.075100),0.793200 (0.718200 + 0.075000),0.790600 (0.715500 + 0.075100),0.790500 (0.715500 + 0.075000),0.788200 (0.713700 + 0.074500),0.790800 (0.715500 + 0.075300),0.790600 (0.715500 + 0.075100),0.790700 (0.715500 + 0.075200),0.790000 (0.715500 + 0.074500),0.786200 (0.711900 + 0.074300),0.790800 (0.715500 + 0.075300),0.785800 (0.711000 + 0.074800),0.790700 (0.715500 + 0.075200),0.790200 (0.714600 + 0.075600),0.790800 (0.715500 + 0.075300),0.790900 (0.716400 + 0.074500),0.787500 (0.711900 + 0.075600),0.786500 (0.711900 + 0.074600),0.787800 (0.711900 + 0.075900),0.793600 (0.718200 + 0.075400),0.794200 (0.718200 + 0.076000),0.792600 (0.717300 + 0.075300)
60,0.790300 (0.713700 + 0.076600),0.792400 (0.717300 + 0.075100),0.789500 (0.714600 + 0.074900),0.792100 (0.717300 + 0.074800),0.787000 (0.711900 + 0.075100),0.791400 (0.716400 + 0.075000),0.794000 (0.718200 + 0.075800),0.790500 (0.714600 + 0.075900),0.792300 (0.717300 + 0.075000),0.792300 (0.717300 + 0.075000),0.790200 (0.715500 + 0.074700),0.784300 (0.709200 + 0.075100),0.788100 (0.712800 + 0.075300),0.792500 (0.717300 + 0.075200),0.791600 (0.716400 + 0.075200),0.792500 (0.717300 + 0.075200),0.790200 (0.715500 + 0.074700),0.793700 (0.718200 + 0.075500),0.785400 (0.711000 + 0.074400),0.792100 (0.717300 + 0.074800),0.793800 (0.718200 + 0.075600),0.782300 (0.707400 + 0.074900),0.792800 (0.717300 + 0.075500),0.792400 (0.717300 + 0.075100),0.792400 (0.717300 + 0.075100),0.794700 (0.719100 + 0.075600),0.791500 (0.716400 + 0.075100),0.791300 (0.716400 + 0.074900),0.792700 (0.717300 + 0.075400),0.790700 (0.715500 + 0.075200),0.791800 (0.716400 + 0.075400),0.793000 (0.717300 + 0.075700),0.769900 (0.693900 + 0.076000),0.791700 (0.716400 + 0.075300),0.792000 (0.717300 + 0.074700),0.790800 (0.715500 + 0.075300),0.791700 (0.716400 + 0.075300),0.792400 (0.717300 + 0.075100),0.794400 (0.719100 + 0.075300),0.792400 (0.717300 + 0.075100),0.791500 (0.716400 + 0.075100),0.791400 (0.716400 + 0.075000),0.792700 (0.717300 + 0.075400),0.789900 (0.714600 + 0.075300),0.792200 (0.717300 + 0.074900),0.790700 (0.716400 + 0.074300),0.774300 (0.699300 + 0.075000),0.787300 (0.712800 + 0.074500),0.788900 (0.713700 + 0.075200),0.788100 (0.713700 + 0.074400)
61,0.799200 (0.723600 + 0.075600),0.798700 (0.723600 + 0.075100),0.801000 (0.726300 + 0.074700),0.799000 (0.723600 + 0.075400),0.801400 (0.726300 + 0.075100),0.798700 (0.723600 + 0.075100),0.798800 (0.723600 + 0.075200),0.798700 (0.723600 + 0.075100),0.799800 (0.724500 + 0.075300),0.798700 (0.723600 + 0.075100),0.798700 (0.723600 + 0.075100),0.801600 (0.726300 + 0.075300),0.798800 (0.723600 + 0.075200),0.799100 (0.723600 + 0.075500),0.802100 (0.726300 + 0.075800),0.798700 (0.723600 + 0.075100),0.802100 (0.726300 + 0.075800),0.801700 (0.726300 + 0.075400),0.798700 (0.723600 + 0.075100),0.800000 (0.724500 + 0.075500),0.798900 (0.723600 + 0.075300),0.799900 (0.724500 + 0.075400),0.800600 (0.725400 + 0.075200),0.798700 (0.723600 + 0.075100),0.798700 (0.723600 + 0.075100),0.793300 (0.719100 + 0.074200),0.798600 (0.723600 + 0.075000),0.801100 (0.726300 + 0.074800),0.800900 (0.725400 + 0.075500),0.798700 (0.723600 + 0.075100),0.801300 (0.726300 + 0.075000),0.798800 (0.723600 + 0.075200),0.798700 (0.723600 + 0.075100),0.799000 (0.723600 + 0.075400),0.798800 (0.723600 + 0.075200),0.801200 (0.725400 + 0.075800),0.795000 (0.719100 + 0.075900),0.798900 (0.723600 + 0.075300),0.801400 (0.726300 + 0.075100),0.801600 (0.726300 + 0.075300),0.794000 (0.719100 + 0.074900),0.803300 (0.728100 + 0.075200),0.798800 (0.723600 + 0.075200),0.798400 (0.723600 + 0.074800),0.803400 (0.728100 + 0.075300),0.798700 (0.723600 + 0.075100),0.801700 (0.726300 + 0.075400),0.798800 (0.723600 + 0.075200),0.800400 (0.724500 + 0.075900),0.799600 (0.724500 + 0.075100)
62,0.774600 (0.699300 + 0.075300),0.774500 (0.699300 + 0.075200),0.774400 (0.699300 + 0.075100),0.774700 (0.699300 + 0.075400),0.777800 (0.702000 + 0.075800),0.776100 (0.701100 + 0.075000),0.774100 (0.699300 + 0.074800),0.776300 (0.701100 + 0.075200),0.779400 (0.703800 + 0.075600),0.774500 (0.699300 + 0.075200),0.775500 (0.700200 + 0.075300),0.776400 (0.701100 + 0.075300),0.774400 (0.699300 + 0.075100),0.775300 (0.700200 + 0.075100),0.774400 (0.699300 + 0.075100),0.774500 (0.699300 + 0.075200),0.777900 (0.702000 + 0.075900),0.776400 (0.701100 + 0.075300),0.774400 (0.699300 + 0.075100),0.770900 (0.695700 + 0.075200),0.774100 (0.698400 + 0.075700),0.774300 (0.699300 + 0.075000),0.774000 (0.698400 + 0.075600),0.773700 (0.698400 + 0.075300),0.779700 (0.704700 + 0.075000),0.774500 (0.699300 + 0.075200),0.774400 (0.699300 + 0.075100),0.774600 (0.699300 + 0.075300),0.775400 (0.700200 + 0.075200),0.774500 (0.699300 + 0.075200),0.774500 (0.699300 + 0.075200),0.774200 (0.699300 + 0.074900),0.774700 (0.699300 + 0.075400),0.772800 (0.696600 + 0.076200),0.773200 (0.698400 + 0.074800),0.774500 (0.699300 + 0.075200),0.774400 (0.699300 + 0.075100),0.774400 (0.699300 + 0.075100),0.780200 (0.704700 + 0.075500),0.776400 (0.701100 + 0.075300),0.770700 (0.694800 + 0.075900),0.776600 (0.701100 + 0.075500),0.777500 (0.702000 + 0.075500),0.773400 (0.698400 + 0.075000),0.774900 (0.699300 + 0.075600),0.774400 (0.699300 + 0.075100),0.774500 (0.699300 + 0.075200),0.775600 (0.700200 + 0.075400),0.775300 (0.700200 + 0.075100),0.774500 (0.699300 + 0.075200)
63,0.794600 (0.719100 + 0.075500),0.792700 (0.717300 + 0.075400),0.793500 (0.718200 + 0.075300),0.793500 (0.718200 + 0.075300),0.793400 (0.718200 + 0.075200),0.793400 (0.718200 + 0.075200),0.793600 (0.718200 + 0.075400),0.792700 (0.717300 + 0.075400),0.793200 (0.718200 + 0.075000),0.788600 (0.712800 + 0.075800),0.792600 (0.717300 + 0.075300),0.789400 (0.713700 + 0.075700),0.793500 (0.718200 + 0.075300),0.793500 (0.718200 + 0.075300),0.793800 (0.718200 + 0.075600),0.793300 (0.718200 + 0.075100),0.793300 (0.718200 + 0.075100),0.794100 (0.719100 + 0.075000),0.792600 (0.717300 + 0.075300),0.793900 (0.718200 + 0.075700),0.794600 (0.719100 + 0.075500),0.792400 (0.717300 + 0.075100),0.795000 (0.719100 + 0.075900),0.793400 (0.718200 + 0.075200),0.793300 (0.718200 + 0.075100),0.793400 (0.718200 + 0.075200),0.793400 (0.718200 + 0.075200),0.792700 (0.717300 + 0.075400),0.793400 (0.718200 + 0.075200),0.793500 (0.718200 + 0.075300),0.793300 (0.718200 + 0.075100),0.793800 (0.718200 + 0.075600),0.793400 (0.718200 + 0.075200),0.794700 (0.720000 + 0.074700),0.793900 (0.718200 + 0.075700),0.792400 (0.717300 + 0.075100),0.794300 (0.719100 + 0.075200),0.793100 (0.717300 + 0.075800),0.793300 (0.718200 + 0.075100),0.793800 (0.718200 + 0.075600),0.794400 (0.719100 + 0.075300),0.793800 (0.718200 + 0.075600),0.792500 (0.717300 + 0.075200),0.788400 (0.712800 + 0.075600),0.793400 (0.718200 + 0.075200),0.794600 (0.719100 + 0.075500),0.788700 (0.713700 + 0.075000),0.788600 (0.712800 + 0.075800),0.786400 (0.711000 + 0.075400),0.793500 (0.717300 + 0.076200)
64,0.789700 (0.713700 + 0.076000),0.791000 (0.715500 + 0.075500),0.787300 (0.711900 + 0.075400),0.790300 (0.714600 + 0.075700),0.792700 (0.717300 + 0.075400),0.792400 (0.717300 + 0.075100),0.789700 (0.714600 + 0.075100),0.791600 (0.716400 + 0.075200),0.792400 (0.717300 + 0.075100),0.792900 (0.717300 + 0.075600),0.791500 (0.716400 + 0.075100),0.793300 (0.717300 + 0.076000),0.789800 (0.714600 + 0.075200),0.791500 (0.716400 + 0.075100),0.790600 (0.715500 + 0.075100),0.793500 (0.717300 + 0.076200),0.792500 (0.717300 + 0.075200),0.792700 (0.717300 + 0.075400),0.791500 (0.716400 + 0.075100),0.792800 (0.716400 + 0.076400),0.792700 (0.717300 + 0.075400),0.790100 (0.714600 + 0.075500),0.789700 (0.714600 + 0.075100),0.791700 (0.716400 + 0.075300),0.791400 (0.716400 + 0.075000),0.792600 (0.717300 + 0.075300),0.792600 (0.717300 + 0.075300),0.792700 (0.716400 + 0.076300),0.793400 (0.717300 + 0.076100),0.791600 (0.716400 + 0.075200),0.796800 (0.720900 + 0.075900),0.792900 (0.717300 + 0.075600),0.792200 (0.716400 + 0.075800),0.791700 (0.716400 + 0.075300),0.791700 (0.716400 + 0.075300),0.791300 (0.715500 + 0.075800),0.792600 (0.717300 + 0.075300),0.791500 (0.716400 + 0.075100),0.792000 (0.716400 + 0.075600),0.790200 (0.714600 + 0.075600),0.790300 (0.714600 + 0.075700),0.791500 (0.716400 + 0.075100),0.792800 (0.717300 + 0.075500),0.791500 (0.716400 + 0.075100),0.792600 (0.717300 + 0.075300),0.791200 (0.716400 + 0.074800),0.789600 (0.714600 + 0.075000),0.790500 (0.714600 + 0.075900),0.790000 (0.714600 + 0.075400),0.791400 (0.716400 + 0.075000)
65,0.807600 (0.731700 + 0.075900),0.807800 (0.731700 + 0.076100),0.802500 (0.727200 + 0.075300),0.799700 (0.723600 + 0.076100),0.803600 (0.727200 + 0.076400),0.805200 (0.729900 + 0.075300),0.801200 (0.725400 + 0.075800),0.802000 (0.726300 + 0.075700),0.802600 (0.727200 + 0.075400),0.805500 (0.729900 + 0.075600),0.799000 (0.723600 + 0.075400),0.802600 (0.727200 + 0.075400),0.801600 (0.726300 + 0.075300),0.807300 (0.731700 + 0.075600),0.802000 (0.726300 + 0.075700),0.798800 (0.722700 + 0.076100),0.803000 (0.727200 + 0.075800),0.801300 (0.726300 + 0.075000),0.805600 (0.729900 + 0.075700),0.803600 (0.727200 + 0.076400),0.802600 (0.727200 + 0.075400),0.802200 (0.727200 + 0.075000),0.802600 (0.727200 + 0.075400),0.802300 (0.727200 + 0.075100),0.799000 (0.723600 + 0.075400),0.807700 (0.731700 + 0.076000),0.802100 (0.727200 + 0.074900),0.802400 (0.727200 + 0.075200),0.801700 (0.726300 + 0.075400),0.802700 (0.727200 + 0.075500),0.800400 (0.724500 + 0.075900),0.805000 (0.729900 + 0.075100),0.802200 (0.727200 + 0.075000),0.799200 (0.723600 + 0.075600),0.805200 (0.729900 + 0.075300),0.802400 (0.727200 + 0.075200),0.803100 (0.727200 + 0.075900),0.805300 (0.729900 + 0.075400),0.799700 (0.723600 + 0.076100),0.803600 (0.727200 + 0.076400),0.805300 (0.729000 + 0.076300),0.802300 (0.727200 + 0.075100),0.802700 (0.727200 + 0.075500),0.804900 (0.729000 + 0.075900),0.801200 (0.725400 + 0.075800),0.805100 (0.729900 + 0.075200),0.805300 (0.729900 + 0.075400),0.805900 (0.729900 + 0.076000),0.801600 (0.726300 + 0.075300),0.802300 (0.727200 + 0.075100)
66,0.788900 (0.712800 + 0.076100),0.788700 (0.712800 + 0.075900),0.789900 (0.713700 + 0.076200),0.789400 (0.713700 + 0.075700),0.789400 (0.713700 + 0.075700),0.791500 (0.715500 + 0.076000),0.789000 (0.713700 + 0.075300),0.793900 (0.717300 + 0.076600),0.791800 (0.716400 + 0.075400),0.789600 (0.713700 + 0.075900),0.788700 (0.712800 + 0.075900),0.787900 (0.712800 + 0.075100),0.787800 (0.711900 + 0.075900),0.791700 (0.716400 + 0.075300),0.788900 (0.713700 + 0.075200),0.788000 (0.712800 + 0.075200),0.789800 (0.714600 + 0.075200),0.791900 (0.715500 + 0.076400),0.788600 (0.712800 + 0.075800),0.789700 (0.713700 + 0.076000),0.786600 (0.711000 + 0.075600),0.787800 (0.711900 + 0.075900),0.787300 (0.711900 + 0.075400),0.789800 (0.714600 + 0.075200),0.788900 (0.713700 + 0.075200),0.795600 (0.720000 + 0.075600),0.787700 (0.711900 + 0.075800),0.790900 (0.715500 + 0.075400),0.788200 (0.712800 + 0.075400),0.790200 (0.713700 + 0.076500),0.789000 (0.712800 + 0.076200),0.788000 (0.712800 + 0.075200),0.788000 (0.712800 + 0.075200),0.789400 (0.713700 + 0.075700),0.796100 (0.720000 + 0.076100),0.787300 (0.711900 + 0.075400),0.787800 (0.711900 + 0.075900),0.790600 (0.715500 + 0.075100),0.789800 (0.713700 + 0.076100),0.787800 (0.711900 + 0.075900),0.789200 (0.713700 + 0.075500),0.795600 (0.720000 + 0.075600),0.789200 (0.712800 + 0.076400),0.789000 (0.713700 + 0.075300),0.789100 (0.713700 + 0.075400),0.791600 (0.716400 + 0.075200),0.789900 (0.713700 + 0.076200),0.791100 (0.715500 + 0.075600),0.796300 (0.720000 + 0.076300),0.786400 (0.711000 + 0.075400)
67,0.790000 (0.713700 + 0.076300),0.788000 (0.711900 + 0.076100),0.793500 (0.718200 + 0.075300),0.795700 (0.720000 + 0.075700),0.795300 (0.719100 + 0.076200),0.796500 (0.720900 + 0.075600),0.796500 (0.720900 + 0.075600),0.789900 (0.713700 + 0.076200),0.790100 (0.714600 + 0.075500),0.789800 (0.714600 + 0.075200),0.789800 (0.714600 + 0.075200),0.789800 (0.714600 + 0.075200),0.789600 (0.713700 + 0.075900),0.790500 (0.714600 + 0.075900),0.797400 (0.720900 + 0.076500),0.790800 (0.714600 + 0.076200),0.790400 (0.714600 + 0.075800),0.790000 (0.713700 + 0.076300),0.790300 (0.714600 + 0.075700),0.790000 (0.714600 + 0.075400),0.789600 (0.713700 + 0.075900),0.788900 (0.713700 + 0.075200),0.790600 (0.714600 + 0.076000),0.797500 (0.720900 + 0.076600),0.789200 (0.713700 + 0.075500),0.790300 (0.714600 + 0.075700),0.794100 (0.717300 + 0.076800),0.790500 (0.713700 + 0.076800),0.793900 (0.718200 + 0.075700),0.789900 (0.714600 + 0.075300),0.790800 (0.715500 + 0.075300),0.790100 (0.713700 + 0.076400),0.796000 (0.719100 + 0.076900),0.789700 (0.714600 + 0.075100),0.790100 (0.714600 + 0.075500),0.789700 (0.714600 + 0.075100),0.788900 (0.712800 + 0.076100),0.789800 (0.714600 + 0.075200),0.793300 (0.718200 + 0.075100),0.790600 (0.714600 + 0.076000),0.787300 (0.711900 + 0.075400),0.793300 (0.717300 + 0.076000),0.793400 (0.718200 + 0.075200),0.791600 (0.715500 + 0.076100),0.787800 (0.711900 + 0.075900),0.789800 (0.713700 + 0.076100),0.790900 (0.714600 + 0.076300),0.789800 (0.714600 + 0.075200),0.790300 (0.714600 + 0.075700),0.790300 (0.713700 + 0.076600)
68,0.802000 (0.725400 + 0.076600),0.796300 (0.720000 + 0.076300),0.795400 (0.720000 + 0.075400),0.795200 (0.719100 + 0.076100),0.791800 (0.715500 + 0.076300),0.802000 (0.725400 + 0.076600),0.802800 (0.726300 + 0.076500),0.794500 (0.718200 + 0.076300),0.793400 (0.717300 + 0.076100),0.803000 (0.725400 + 0.077600),0.796400 (0.720000 + 0.076400),0.793400 (0.717300 + 0.076100),0.794900 (0.719100 + 0.075800),0.798200 (0.722700 + 0.075500),0.799100 (0.722700 + 0.076400),0.792700 (0.717300 + 0.075400),0.796900 (0.720900 + 0.076000),0.797200 (0.720900 + 0.076300),0.788300 (0.712800 + 0.075500),0.791700 (0.715500 + 0.076200),0.793000 (0.717300 + 0.075700),0.796200 (0.720900 + 0.075300),0.795700 (0.720000 + 0.075700),0.792400 (0.717300 + 0.075100),0.794800 (0.719100 + 0.075700),0.797200 (0.721800 + 0.075400),0.796400 (0.720000 + 0.076400),0.795900 (0.720000 + 0.075900),0.793400 (0.718200 + 0.075200),0.794300 (0.718200 + 0.076100),0.801900 (0.726300 + 0.075600),0.797200 (0.720900 + 0.076300),0.795600 (0.719100 + 0.076500),0.802800 (0.726300 + 0.076500),0.789600 (0.712800 + 0.076800),0.792600 (0.716400 + 0.076200),0.801800 (0.726300 + 0.075500),0.802700 (0.726300 + 0.076400),0.796400 (0.720900 + 0.075500),0.789600 (0.712800 + 0.076800),0.792000 (0.715500 + 0.076500),0.789400 (0.712800 + 0.076600),0.796300 (0.720000 + 0.076300),0.795200 (0.719100 + 0.076100),0.793700 (0.718200 + 0.075500),0.795200 (0.719100 + 0.076100),0.792000 (0.715500 + 0.076500),0.792500 (0.717300 + 0.075200),0.792500 (0.717300 + 0.075200),0.793300 (0.718200 + 0.075100)
69,0.793100 (0.715500 + 0.077600),0.784000 (0.708300 + 0.075700),0.786200 (0.710100 + 0.076100),0.784000 (0.708300 + 0.075700),0.784000 (0.708300 + 0.075700),0.787300 (0.711000 + 0.076300),0.790700 (0.714600 + 0.076100),0.787200 (0.711000 + 0.076200),0.793100 (0.715500 + 0.077600),0.792700 (0.715500 + 0.077200),0.791900 (0.716400 + 0.075500),0.792900 (0.716400 + 0.076500),0.792100 (0.716400 + 0.075700),0.791600 (0.716400 + 0.075200),0.792100 (0.716400 + 0.075700),0.783700 (0.707400 + 0.076300),0.789200 (0.712800 + 0.076400),0.786200 (0.710100 + 0.076100),0.791400 (0.715500 + 0.075900),0.792500 (0.716400 + 0.076100),0.784000 (0.708300 + 0.075700),0.791300 (0.714600 + 0.076700),0.785200 (0.710100 + 0.075100),0.791200 (0.715500 + 0.075700),0.790500 (0.714600 + 0.075900),0.785600 (0.710100 + 0.075500),0.792400 (0.716400 + 0.076000),0.789500 (0.712800 + 0.076700),0.784400 (0.708300 + 0.076100),0.789300 (0.712800 + 0.076500),0.792900 (0.716400 + 0.076500),0.788500 (0.712800 + 0.075700),0.795400 (0.719100 + 0.076300),0.784600 (0.708300 + 0.076300),0.786600 (0.710100 + 0.076500),0.796700 (0.720900 + 0.075800),0.784900 (0.709200 + 0.075700),0.793600 (0.718200 + 0.075400),0.784000 (0.708300 + 0.075700),0.793600 (0.718200 + 0.075400),0.791600 (0.716400 + 0.075200),0.795100 (0.718200 + 0.076900),0.782800 (0.706500 + 0.076300),0.789300 (0.712800 + 0.076500),0.788200 (0.711900 + 0.076300),0.788400 (0.712800 + 0.075600),0.792100 (0.716400 + 0.075700),0.789900 (0.713700 + 0.076200),0.784700 (0.708300 + 0.076400),0.790100 (0.713700 + 0.076400)
70,0.801200 (0.725400 + 0.075800),0.797700 (0.721800 + 0.075900),0.794500 (0.719100 + 0.075400),0.799600 (0.724500 + 0.075100),0.794300 (0.718200 + 0.076100),0.798800 (0.722700 + 0.076100),0.805200 (0.729000 + 0.076200),0.795300 (0.719100 + 0.076200),0.799300 (0.722700 + 0.076600),0.795600 (0.719100 + 0.076500),0.797500 (0.720000 + 0.077500),0.788600 (0.712800 + 0.075800),0.792800 (0.716400 + 0.076400),0.797600 (0.720000 + 0.077600),0.797200 (0.720000 + 0.077200),0.800700 (0.724500 + 0.076200),0.808000 (0.731700 + 0.076300),0.799100 (0.723600 + 0.075500),0.794200 (0.719100 + 0.075100),0.793400 (0.717300 + 0.076100),0.802000 (0.725400 + 0.076600),0.798000 (0.721800 + 0.076200),0.801400 (0.725400 + 0.076000),0.800000 (0.724500 + 0.075500),0.800200 (0.724500 + 0.075700),0.801200 (0.725400 + 0.075800),0.798100 (0.720900 + 0.077200),0.793700 (0.717300 + 0.076400),0.796300 (0.720000 + 0.076300),0.792800 (0.716400 + 0.076400),0.791200 (0.714600 + 0.076600),0.807700 (0.731700 + 0.076000),0.796500 (0.720000 + 0.076500),0.800300 (0.724500 + 0.075800),0.797300 (0.720000 + 0.077300),0.801500 (0.725400 + 0.076100),0.799700 (0.723600 + 0.076100),0.796800 (0.720000 + 0.076800),0.792600 (0.717300 + 0.075300),0.808600 (0.731700 + 0.076900),0.793200 (0.716400 + 0.076800),0.796100 (0.720000 + 0.076100),0.791300 (0.714600 + 0.076700),0.794300 (0.718200 + 0.076100),0.802000 (0.724500 + 0.077500),0.796700 (0.720000 + 0.076700),0.805300 (0.729000 + 0.076300),0.796500 (0.720000 + 0.076500),0.790300 (0.714600 + 0.075700),0.800200 (0.724500 + 0.075700)
71,0.785200 (0.708300 + 0.076900),0.784500 (0.708300 + 0.076200),0.790400 (0.712800 + 0.077600),0.785400 (0.709200 + 0.076200),0.788000 (0.711900 + 0.076100),0.786600 (0.711000 + 0.075600),0.784900 (0.708300 + 0.076600),0.787900 (0.711000 + 0.076900),0.789900 (0.712800 + 0.077100),0.790900 (0.715500 + 0.075400),0.792200 (0.716400 + 0.075800),0.783500 (0.707400 + 0.076100),0.788900 (0.712800 + 0.076100),0.787100 (0.711000 + 0.076100),0.793300 (0.718200 + 0.075100),0.785800 (0.708300 + 0.077500),0.789400 (0.712800 + 0.076600),0.781800 (0.705600 + 0.076200),0.787200 (0.711000 + 0.076200),0.788000 (0.711900 + 0.076100),0.790000 (0.712800 + 0.077200),0.792300 (0.715500 + 0.076800),0.788700 (0.713700 + 0.075000),0.786900 (0.711000 + 0.075900),0.785200 (0.709200 + 0.076000),0.785100 (0.708300 + 0.076800),0.786500 (0.711000 + 0.075500),0.785200 (0.708300 + 0.076900),0.789500 (0.712800 + 0.076700),0.787200 (0.711000 + 0.076200),0.783800 (0.708300 + 0.075500),0.785000 (0.709200 + 0.075800),0.787200 (0.711000 + 0.076200),0.784500 (0.708300 + 0.076200),0.787900 (0.712800 + 0.075100),0.784500 (0.708300 + 0.076200),0.787500 (0.711900 + 0.075600),0.784200 (0.708300 + 0.075900),0.786700 (0.711000 + 0.075700),0.784400 (0.708300 + 0.076100),0.789900 (0.712800 + 0.077100),0.787500 (0.711900 + 0.075600),0.790900 (0.713700 + 0.077200),0.787700 (0.711000 + 0.076700),0.790100 (0.712800 + 0.077300),0.784300 (0.708300 + 0.076000),0.788600 (0.711900 + 0.076700),0.789400 (0.712800 + 0.076600),0.790600 (0.713700 + 0.076900),0.787600 (0.711900 + 0.075700)
72,0.787900 (0.712800 + 0.075100),0.787000 (0.710100 + 0.076900),0.786900 (0.711900 + 0.075000),0.785100 (0.709200 + 0.075900),0.788000 (0.711000 + 0.077000),0.782600 (0.706500 + 0.076100),0.782800 (0.705600 + 0.077200),0.789900 (0.713700 + 0.076200),0.791900 (0.715500 + 0.076400),0.785500 (0.709200 + 0.076300),0.787400 (0.711900 + 0.075500),0.789800 (0.713700 + 0.076100),0.782000 (0.705600 + 0.076400),0.782600 (0.706500 + 0.076100),0.782700 (0.705600 + 0.077100),0.789100 (0.713700 + 0.075400),0.785200 (0.710100 + 0.075100),0.787800 (0.711900 + 0.075900),0.782800 (0.706500 + 0.076300),0.786000 (0.710100 + 0.075900),0.782400 (0.705600 + 0.076800),0.791300 (0.715500 + 0.075800),0.784300 (0.708300 + 0.076000),0.788500 (0.711000 + 0.077500),0.790600 (0.713700 + 0.076900),0.785300 (0.709200 + 0.076100),0.786400 (0.710100 + 0.076300),0.788700 (0.712800 + 0.075900),0.791300 (0.715500 + 0.075800),0.787100 (0.711000 + 0.076100),0.786900 (0.711000 + 0.075900),0.787500 (0.711900 + 0.075600),0.779300 (0.702000 + 0.077300),0.791200 (0.715500 + 0.075700),0.784400 (0.708300 + 0.076100),0.787200 (0.711000 + 0.076200),0.789200 (0.713700 + 0.075500),0.783000 (0.705600 + 0.077400),0.790300 (0.713700 + 0.076600),0.784200 (0.709200 + 0.075000),0.782300 (0.705600 + 0.076700),0.788700 (0.712800 + 0.075900),0.782900 (0.704700 + 0.078200),0.791300 (0.715500 + 0.075800),0.787800 (0.711000 + 0.076800),0.786200 (0.711000 + 0.075200),0.787800 (0.712800 + 0.075000),0.783100 (0.706500 + 0.076600),0.782300 (0.705600 + 0.076700),0.791700 (0.715500 + 0.076200)
73,0.799100 (0.722700 + 0.076400),0.795200 (0.719100 + 0.076100),0.798500 (0.722700 + 0.075800),0.797700 (0.721800 + 0.075900),0.793700 (0.718200 + 0.075500),0.797500 (0.720900 + 0.076600),0.792200 (0.716400 + 0.075800),0.793400 (0.717300 + 0.076100),0.793500 (0.717300 + 0.076200),0.798600 (0.722700 + 0.075900),0.803500 (0.727200 + 0.076300),0.796900 (0.720000 + 0.076900),0.798800 (0.722700 + 0.076100),0.796000 (0.720000 + 0.076000),0.793400 (0.716400 + 0.077000),0.799000 (0.722700 + 0.076300),0.798200 (0.722700 + 0.075500),0.794200 (0.719100 + 0.075100),0.798300 (0.722700 + 0.075600),0.798300 (0.722700 + 0.075600),0.797900 (0.721800 + 0.076100),0.787900 (0.711900 + 0.076000),0.788100 (0.711900 + 0.076200),0.795100 (0.720000 + 0.075100),0.799200 (0.722700 + 0.076500),0.799300 (0.722700 + 0.076600),0.797200 (0.720900 + 0.076300),0.795700 (0.719100 + 0.076600),0.791500 (0.715500 + 0.076000),0.795400 (0.720000 + 0.075400),0.794100 (0.719100 + 0.075000),0.799100 (0.722700 + 0.076400),0.798500 (0.722700 + 0.075800),0.797000 (0.720000 + 0.077000),0.799000 (0.722700 + 0.076300),0.798900 (0.722700 + 0.076200),0.799300 (0.722700 + 0.076600),0.792500 (0.717300 + 0.075200),0.795800 (0.720000 + 0.075800),0.797600 (0.721800 + 0.075800),0.796900 (0.720000 + 0.076900),0.793300 (0.716400 + 0.076900),0.796300 (0.720000 + 0.076300),0.795100 (0.719100 + 0.076000),0.796400 (0.720900 + 0.075500),0.793900 (0.716400 + 0.077500),0.786200 (0.710100 + 0.076100),0.795100 (0.718200 + 0.076900),0.796000 (0.720000 + 0.076000),0.798300 (0.722700 + 0.075600)
74,0.776500 (0.700200 + 0.076300),0.778900 (0.702900 + 0.076000),0.779500 (0.703800 + 0.075700),0.783900 (0.707400 + 0.076500),0.776500 (0.700200 + 0.076300),0.778100 (0.702900 + 0.075200),0.776900 (0.700200 + 0.076700),0.778800 (0.702900 + 0.075900),0.777000 (0.700200 + 0.076800),0.776600 (0.700200 + 0.076400),0.778700 (0.702900 + 0.075800),0.775900 (0.700200 + 0.075700),0.778500 (0.702900 + 0.075600),0.779300 (0.702900 + 0.076400),0.776900 (0.700200 + 0.076700),0.778000 (0.702000 + 0.076000),0.780300 (0.703800 + 0.076500),0.779200 (0.702900 + 0.076300),0.770200 (0.693900 + 0.076300),0.778500 (0.702900 + 0.075600),0.778400 (0.702900 + 0.075500),0.779700 (0.703800 + 0.075900),0.785400 (0.708300 + 0.077100),0.778500 (0.702900 + 0.075600),0.783700 (0.707400 + 0.076300),0.774800 (0.698400 + 0.076400),0.784900 (0.709200 + 0.075700),0.781700 (0.704700 + 0.077000),0.779000 (0.702900 + 0.076100),0.778400 (0.702900 + 0.075500),0.777200 (0.700200 + 0.077000),0.779400 (0.702900 + 0.076500),0.786000 (0.710100 + 0.075900),0.778700 (0.702900 + 0.075800),0.777600 (0.702000 + 0.075600),0.779400 (0.703800 + 0.075600),0.779700 (0.703800 + 0.075900),0.778500 (0.702900 + 0.075600),0.780000 (0.703800 + 0.076200),0.778800 (0.702900 + 0.075900),0.777000 (0.700200 + 0.076800),0.776100 (0.699300 + 0.076800),0.780100 (0.703800 + 0.076300),0.779300 (0.702900 + 0.076400),0.779300 (0.702900 + 0.076400),0.785000 (0.709200 + 0.075800),0.773200 (0.696600 + 0.076600),0.780400 (0.703800 + 0.076600),0.776300 (0.700200 + 0.076100),0.776400 (0.700200 + 0.076200)
75,0.791400 (0.715500 + 0.075900),0.789200 (0.713700 + 0.075500),0.790000 (0.713700 + 0.076300),0.787600 (0.711900 + 0.075700),0.789200 (0.713700 + 0.075500),0.787800 (0.711900 + 0.075900),0.793600 (0.717300 + 0.076300),0.790300 (0.714600 + 0.075700),0.793100 (0.716400 + 0.076700),0.793100 (0.717300 + 0.075800),0.789600 (0.713700 + 0.075900),0.797300 (0.721800 + 0.075500),0.789200 (0.712800 + 0.076400),0.792700 (0.716400 + 0.076300),0.792700 (0.716400 + 0.076300),0.789600 (0.713700 + 0.075900),0.789600 (0.713700 + 0.075900),0.789800 (0.713700 + 0.076100),0.789800 (0.713700 + 0.076100),0.790000 (0.713700 + 0.076300),0.790500 (0.713700 + 0.076800),0.789800 (0.713700 + 0.076100),0.793100 (0.717300 + 0.075800),0.793900 (0.716400 + 0.077500),0.789200 (0.713700 + 0.075500),0.789100 (0.713700 + 0.075400),0.790300 (0.713700 + 0.076600),0.789400 (0.713700 + 0.075700),0.789200 (0.713700 + 0.075500),0.789500 (0.713700 + 0.075800),0.790500 (0.713700 + 0.076800),0.789800 (0.713700 + 0.076100),0.789900 (0.713700 + 0.076200),0.789400 (0.713700 + 0.075700),0.788000 (0.711900 + 0.076100),0.790200 (0.713700 + 0.076500),0.789600 (0.713700 + 0.075900),0.794300 (0.718200 + 0.076100),0.789000 (0.712800 + 0.076200),0.791400 (0.715500 + 0.075900),0.793000 (0.717300 + 0.075700),0.793500 (0.717300 + 0.076200),0.790500 (0.713700 + 0.076800),0.790600 (0.713700 + 0.076900),0.789900 (0.713700 + 0.076200),0.792700 (0.715500 + 0.077200),0.789200 (0.712800 + 0.076400),0.797500 (0.721800 + 0.075700),0.792800 (0.716400 + 0.076400),0.790200 (0.713700 + 0.076500)
76,0.777700 (0.702000 + 0.075700),0.774000 (0.697500 + 0.076500),0.776300 (0.700200 + 0.076100),0.776200 (0.700200 + 0.076000),0.774100 (0.697500 + 0.076600),0.774700 (0.698400 + 0.076300),0.776100 (0.700200 + 0.075900),0.778200 (0.702000 + 0.076200),0.778200 (0.702000 + 0.076200),0.785500 (0.708300 + 0.077200),0.776500 (0.700200 + 0.076300),0.775700 (0.700200 + 0.075500),0.772300 (0.696600 + 0.075700),0.776300 (0.700200 + 0.076100),0.776000 (0.700200 + 0.075800),0.775200 (0.699300 + 0.075900),0.776600 (0.700200 + 0.076400),0.784000 (0.708300 + 0.075700),0.776500 (0.700200 + 0.076300),0.776700 (0.700200 + 0.076500),0.778500 (0.702000 + 0.076500),0.775800 (0.700200 + 0.075600),0.772300 (0.695700 + 0.076600),0.776500 (0.700200 + 0.076300),0.776500 (0.700200 + 0.076300),0.774600 (0.699300 + 0.075300),0.776300 (0.700200 + 0.076100),0.777500 (0.702000 + 0.075500),0.778200 (0.702000 + 0.076200),0.777700 (0.702000 + 0.075700),0.775200 (0.699300 + 0.075900),0.774600 (0.698400 + 0.076200),0.772100 (0.695700 + 0.076400),0.773200 (0.697500 + 0.075700),0.778500 (0.702000 + 0.076500),0.777100 (0.701100 + 0.076000),0.775600 (0.698400 + 0.077200),0.785500 (0.708300 + 0.077200),0.780200 (0.702900 + 0.077300),0.775200 (0.698400 + 0.076800),0.776400 (0.700200 + 0.076200),0.775900 (0.700200 + 0.075700),0.772700 (0.696600 + 0.076100),0.783400 (0.707400 + 0.076000),0.784100 (0.707400 + 0.076700),0.776700 (0.701100 + 0.075600),0.776500 (0.700200 + 0.076300),0.776400 (0.700200 + 0.076200),0.772600 (0.696600 + 0.076000),0.772300 (0.696600 + 0.075700)
77,0.782800 (0.705600 + 0.077200),0.781200 (0.705600 + 0.075600),0.784000 (0.708300 + 0.075700),0.787800 (0.711900 + 0.075900),0.785200 (0.708300 + 0.076900),0.782800 (0.706500 + 0.076300),0.784800 (0.708300 + 0.076500),0.781000 (0.704700 + 0.076300),0.781400 (0.705600 + 0.075800),0.780700 (0.704700 + 0.076000),0.782800 (0.706500 + 0.076300),0.783000 (0.707400 + 0.075600),0.784000 (0.708300 + 0.075700),0.780100 (0.703800 + 0.076300),0.783400 (0.707400 + 0.076000),0.782700 (0.706500 + 0.076200),0.782700 (0.705600 + 0.077100),0.782600 (0.706500 + 0.076100),0.782500 (0.706500 + 0.076000),0.782800 (0.706500 + 0.076300),0.780900 (0.704700 + 0.076200),0.778300 (0.701100 + 0.077200),0.787800 (0.711900 + 0.075900),0.780800 (0.704700 + 0.076100),0.782700 (0.705600 + 0.077100),0.782200 (0.706500 + 0.075700),0.780900 (0.704700 + 0.076200),0.782100 (0.706500 + 0.075600),0.785800 (0.709200 + 0.076600),0.780900 (0.704700 + 0.076200),0.785100 (0.708300 + 0.076800),0.782800 (0.705600 + 0.077200),0.785200 (0.709200 + 0.076000),0.782500 (0.706500 + 0.076000),0.784000 (0.707400 + 0.076600),0.783200 (0.706500 + 0.076700),0.782700 (0.705600 + 0.077100),0.784800 (0.708300 + 0.076500),0.782600 (0.706500 + 0.076100),0.781500 (0.704700 + 0.076800),0.785900 (0.709200 + 0.076700),0.780900 (0.704700 + 0.076200),0.780900 (0.704700 + 0.076200),0.783000 (0.705600 + 0.077400),0.785000 (0.709200 + 0.075800),0.781800 (0.705600 + 0.076200),0.784300 (0.708300 + 0.076000),0.786400 (0.709200 + 0.077200),0.785000 (0.708300 + 0.076700),0.780500 (0.704700 + 0.075800)
78,0.783300 (0.707400 + 0.075900),0.782700 (0.706500 + 0.076200),0.781900 (0.706500 + 0.075400),0.782800 (0.706500 + 0.076300),0.785400 (0.709200 + 0.076200),0.785500 (0.709200 + 0.076300),0.786100 (0.710100 + 0.076000),0.783500 (0.707400 + 0.076100),0.785000 (0.708300 + 0.076700),0.786100 (0.710100 + 0.076000),0.781200 (0.703800 + 0.077400),0.783700 (0.707400 + 0.076300),0.786000 (0.710100 + 0.075900),0.785500 (0.709200 + 0.076300),0.779500 (0.702900 + 0.076600),0.780500 (0.703800 + 0.076700),0.783400 (0.707400 + 0.076000),0.783300 (0.707400 + 0.075900),0.784800 (0.708300 + 0.076500),0.784500 (0.708300 + 0.076200),0.781500 (0.703800 + 0.077700),0.784300 (0.708300 + 0.076000),0.784900 (0.709200 + 0.075700),0.784800 (0.708300 + 0.076500),0.785800 (0.709200 + 0.076600),0.783900 (0.708300 + 0.075600),0.782600 (0.705600 + 0.077000),0.781800 (0.705600 + 0.076200),0.785000 (0.708300 + 0.076700),0.781900 (0.705600 + 0.076300),0.779700 (0.702900 + 0.076800),0.780700 (0.703800 + 0.076900),0.780300 (0.703800 + 0.076500),0.786300 (0.710100 + 0.076200),0.785200 (0.709200 + 0.076000),0.771800 (0.694800 + 0.077000),0.781000 (0.703800 + 0.077200),0.780200 (0.703800 + 0.076400),0.781300 (0.703800 + 0.077500),0.785000 (0.708300 + 0.076700),0.780700 (0.703800 + 0.076900),0.784600 (0.708300 + 0.076300),0.784500 (0.708300 + 0.076200),0.780800 (0.704700 + 0.076100),0.785700 (0.710100 + 0.075600),0.785200 (0.709200 + 0.076000),0.785100 (0.708300 + 0.076800),0.780500 (0.703800 + 0.076700),0.780500 (0.703800 + 0.076700),0.785500 (0.709200 + 0.076300)
79,0.789000 (0.712800 + 0.076200),0.779600 (0.702900 + 0.076700),0.789000 (0.712800 + 0.076200),0.783000 (0.707400 + 0.075600),0.787200 (0.711000 + 0.076200),0.783500 (0.707400 + 0.076100),0.788900 (0.712800 + 0.076100),0.787900 (0.711900 + 0.076000),0.783800 (0.707400 + 0.076400),0.783700 (0.707400 + 0.076300),0.783700 (0.707400 + 0.076300),0.783600 (0.707400 + 0.076200),0.782200 (0.706500 + 0.075700),0.788800 (0.712800 + 0.076000),0.785100 (0.709200 + 0.075900),0.794300 (0.718200 + 0.076100),0.782900 (0.706500 + 0.076400),0.785200 (0.709200 + 0.076000),0.783400 (0.707400 + 0.076000),0.783500 (0.707400 + 0.076100),0.789100 (0.712800 + 0.076300),0.788100 (0.711900 + 0.076200),0.782200 (0.706500 + 0.075700),0.784100 (0.707400 + 0.076700),0.781200 (0.704700 + 0.076500),0.788100 (0.712800 + 0.075300),0.780700 (0.703800 + 0.076900),0.782300 (0.705600 + 0.076700),0.785600 (0.709200 + 0.076400),0.783400 (0.707400 + 0.076000),0.781400 (0.704700 + 0.076700),0.784100 (0.707400 + 0.076700),0.781000 (0.704700 + 0.076300),0.783600 (0.707400 + 0.076200),0.785400 (0.709200 + 0.076200),0.780300 (0.703800 + 0.076500),0.783100 (0.707400 + 0.075700),0.784000 (0.707400 + 0.076600),0.783600 (0.707400 + 0.076200),0.783800 (0.707400 + 0.076400),0.789500 (0.712800 + 0.076700),0.784100 (0.707400 + 0.076700),0.780900 (0.704700 + 0.076200),0.783600 (0.707400 + 0.076200),0.783500 (0.707400 + 0.076100),0.783700 (0.707400 + 0.076300),0.782600 (0.706500 + 0.076100),0.782900 (0.706500 + 0.076400),0.783100 (0.707400 + 0.075700),0.788700 (0.712800 + 0.075900)
80,0.798800 (0.722700 + 0.076100),0.807500 (0.730800 + 0.076700),0.807000 (0.730800 + 0.076200),0.799400 (0.722700 + 0.076700),0.805100 (0.729000 + 0.076100),0.805600 (0.729000 + 0.076600),0.805300 (0.729000 + 0.076300),0.806500 (0.729900 + 0.076600),0.805300 (0.729000 + 0.076300),0.805300 (0.729000 + 0.076300),0.806000 (0.729900 + 0.076100),0.805600 (0.729000 + 0.076600),0.805400 (0.729000 + 0.076400),0.807400 (0.730800 + 0.076600),0.804500 (0.729000 + 0.075500),0.806800 (0.730800 + 0.076000),0.806800 (0.730800 + 0.076000),0.805000 (0.729000 + 0.076000),0.806900 (0.730800 + 0.076100),0.805300 (0.729000 + 0.076300),0.806100 (0.729900 + 0.076200),0.805000 (0.729000 + 0.076000),0.806800 (0.730800 + 0.076000),0.804700 (0.729000 + 0.075700),0.805000 (0.729000 + 0.076000),0.811700 (0.735300 + 0.076400),0.806400 (0.730800 + 0.075600),0.798800 (0.722700 + 0.076100),0.811600 (0.735300 + 0.076300),0.798700 (0.721800 + 0.076900),0.805200 (0.729000 + 0.076200),0.803600 (0.727200 + 0.076400),0.800900 (0.724500 + 0.076400),0.805000 (0.729000 + 0.076000),0.806600 (0.730800 + 0.075800),0.806700 (0.730800 + 0.075900),0.811600 (0.735300 + 0.076300),0.805200 (0.729000 + 0.076200),0.804800 (0.729000 + 0.075800),0.804900 (0.729000 + 0.075900),0.803800 (0.727200 + 0.076600),0.807000 (0.730800 + 0.076200),0.805700 (0.729000 + 0.076700),0.807500 (0.730800 + 0.076700),0.806800 (0.730800 + 0.076000),0.807400 (0.730800 + 0.076600),0.805300 (0.729000 + 0.076300),0.805200 (0.729000 + 0.076200),0.805300 (0.729000 + 0.076300),0.803800 (0.727200 + 0.076600)
81,0.787400 (0.711000 + 0.076400),0.786400 (0.710100 + 0.076300),0.787400 (0.711000 + 0.076400),0.787100 (0.711000 + 0.076100),0.788200 (0.711000 + 0.077200),0.786800 (0.710100 + 0.076700),0.786900 (0.711000 + 0.075900),0.787300 (0.711000 + 0.076300),0.787200 (0.711000 + 0.076200),0.787300 (0.711000 + 0.076300),0.787200 (0.711000 + 0.076200),0.787100 (0.711000 + 0.076100),0.787200 (0.711000 + 0.076200),0.786400 (0.710100 + 0.076300),0.786300 (0.710100 + 0.076200),0.787100 (0.711000 + 0.076100),0.786400 (0.710100 + 0.076300),0.786300 (0.710100 + 0.076200),0.787200 (0.711000 + 0.076200),0.787600 (0.711000 + 0.076600),0.787300 (0.711000 + 0.076300),0.788800 (0.712800 + 0.076000),0.786100 (0.709200 + 0.076900),0.788500 (0.711900 + 0.076600),0.786000 (0.710100 + 0.075900),0.787200 (0.711000 + 0.076200),0.787600 (0.711000 + 0.076600),0.786800 (0.711000 + 0.075800),0.786400 (0.710100 + 0.076300),0.788000 (0.711000 + 0.077000),0.788800 (0.712800 + 0.076000),0.787100 (0.711000 + 0.076100),0.788200 (0.711000 + 0.077200),0.789200 (0.712800 + 0.076400),0.786900 (0.711000 + 0.075900),0.787500 (0.711000 + 0.076500),0.787200 (0.711000 + 0.076200),0.787200 (0.711000 + 0.076200),0.787200 (0.711000 + 0.076200),0.787500 (0.711000 + 0.076500),0.787000 (0.711000 + 0.076000),0.787100 (0.711000 + 0.076100),0.787200 (0.711000 + 0.076200),0.786800 (0.711000 + 0.075800),0.787200 (0.711000 + 0.076200),0.786300 (0.710100 + 0.076200),0.786200 (0.710100 + 0.076100),0.787400 (0.711000 + 0.076400),0.785900 (0.710100 + 0.075800),0.788100 (0.711900 + 0.076200)
82,0.785600 (0.709200 + 0.076400),0.784600 (0.708300 + 0.076300),0.784800 (0.708300 + 0.076500),0.781500 (0.705600 + 0.075900),0.785800 (0.709200 + 0.076600),0.783700 (0.707400 + 0.076300),0.786200 (0.709200 + 0.077000),0.783700 (0.707400 + 0.076300),0.785200 (0.709200 + 0.076000),0.783600 (0.707400 + 0.076200),0.783700 (0.707400 + 0.076300),0.785500 (0.709200 + 0.076300),0.783500 (0.707400 + 0.076100),0.785700 (0.709200 + 0.076500),0.782700 (0.706500 + 0.076200),0.783600 (0.707400 + 0.076200),0.782400 (0.706500 + 0.075900),0.783600 (0.707400 + 0.076200),0.782000 (0.705600 + 0.076400),0.785700 (0.709200 + 0.076500),0.784700 (0.708300 + 0.076400),0.783200 (0.707400 + 0.075800),0.784100 (0.707400 + 0.076700),0.784700 (0.707400 + 0.077300),0.783700 (0.706500 + 0.077200),0.785400 (0.709200 + 0.076200),0.783500 (0.707400 + 0.076100),0.782500 (0.705600 + 0.076900),0.783900 (0.707400 + 0.076500),0.784600 (0.708300 + 0.076300),0.784600 (0.708300 + 0.076300),0.784000 (0.707400 + 0.076600),0.784600 (0.708300 + 0.076300),0.782500 (0.705600 + 0.076900),0.785000 (0.709200 + 0.075800),0.785100 (0.708300 + 0.076800),0.785400 (0.709200 + 0.076200),0.786700 (0.710100 + 0.076600),0.783700 (0.707400 + 0.076300),0.784900 (0.708300 + 0.076600),0.784600 (0.708300 + 0.076300),0.786500 (0.709200 + 0.077300),0.785300 (0.709200 + 0.076100),0.784400 (0.708300 + 0.076100),0.785500 (0.709200 + 0.076300),0.783500 (0.707400 + 0.076100),0.784600 (0.708300 + 0.076300),0.785700 (0.709200 + 0.076500),0.783500 (0.707400 + 0.076100),0.784600 (0.708300 + 0.076300)
83,0.785800 (0.709200 + 0.076600),0.783100 (0.705600 + 0.077500),0.787700 (0.711000 + 0.076700),0.777400 (0.700200 + 0.077200),0.783200 (0.706500 + 0.076700),0.789100 (0.712800 + 0.076300),0.783100 (0.706500 + 0.076600),0.785700 (0.709200 + 0.076500),0.785100 (0.709200 + 0.075900),0.785800 (0.709200 + 0.076600),0.776200 (0.699300 + 0.076900),0.790000 (0.713700 + 0.076300),0.785500 (0.709200 + 0.076300),0.785400 (0.709200 + 0.076200),0.789100 (0.712800 + 0.076300),0.788900 (0.712800 + 0.076100),0.789300 (0.712800 + 0.076500),0.785600 (0.709200 + 0.076400),0.788600 (0.712800 + 0.075800),0.781100 (0.703800 + 0.077300),0.781200 (0.704700 + 0.076500),0.786200 (0.709200 + 0.077000),0.783500 (0.706500 + 0.077000),0.786200 (0.709200 + 0.077000),0.785300 (0.709200 + 0.076100),0.783100 (0.706500 + 0.076600),0.786100 (0.709200 + 0.076900),0.781500 (0.704700 + 0.076800),0.783800 (0.707400 + 0.076400),0.783500 (0.706500 + 0.077000),0.782500 (0.706500 + 0.076000),0.786400 (0.709200 + 0.077200),0.785800 (0.709200 + 0.076600),0.783000 (0.705600 + 0.077400),0.782700 (0.706500 + 0.076200),0.787800 (0.711000 + 0.076800),0.788500 (0.711900 + 0.076600),0.782900 (0.706500 + 0.076400),0.787300 (0.710100 + 0.077200),0.785800 (0.709200 + 0.076600),0.784600 (0.708300 + 0.076300),0.782800 (0.706500 + 0.076300),0.783000 (0.706500 + 0.076500),0.789300 (0.712800 + 0.076500),0.785400 (0.709200 + 0.076200),0.782600 (0.706500 + 0.076100),0.785600 (0.709200 + 0.076400),0.790000 (0.713700 + 0.076300),0.789100 (0.712800 + 0.076300),0.782900 (0.706500 + 0.076400)
84,0.795400 (0.719100 + 0.076300),0.795100 (0.719100 + 0.076000),0.799100 (0.722700 + 0.076400),0.796300 (0.720000 + 0.076300),0.799300 (0.722700 + 0.076600),0.799300 (0.722700 + 0.076600),0.799300 (0.722700 + 0.076600),0.799900 (0.723600 + 0.076300),0.801100 (0.724500 + 0.076600),0.801200 (0.725400 + 0.075800),0.795300 (0.719100 + 0.076200),0.798900 (0.721800 + 0.077100),0.799300 (0.722700 + 0.076600),0.795400 (0.719100 + 0.076300),0.795600 (0.719100 + 0.076500),0.795200 (0.719100 + 0.076100),0.800300 (0.724500 + 0.075800),0.794900 (0.719100 + 0.075800),0.788200 (0.711900 + 0.076300),0.796200 (0.720000 + 0.076200),0.805000 (0.728100 + 0.076900),0.797200 (0.720900 + 0.076300),0.798800 (0.721800 + 0.077000),0.798800 (0.722700 + 0.076100),0.799700 (0.723600 + 0.076100),0.800300 (0.723600 + 0.076700),0.800000 (0.723600 + 0.076400),0.795200 (0.719100 + 0.076100),0.805000 (0.728100 + 0.076900),0.797700 (0.720900 + 0.076800),0.799100 (0.722700 + 0.076400),0.799100 (0.722700 + 0.076400),0.795200 (0.719100 + 0.076100),0.795200 (0.719100 + 0.076100),0.795500 (0.719100 + 0.076400),0.799900 (0.722700 + 0.077200),0.799300 (0.722700 + 0.076600),0.801500 (0.724500 + 0.077000),0.798800 (0.722700 + 0.076100),0.797700 (0.720900 + 0.076800),0.799500 (0.722700 + 0.076800),0.799400 (0.722700 + 0.076700),0.802400 (0.726300 + 0.076100),0.799500 (0.722700 + 0.076800),0.799700 (0.723600 + 0.076100),0.805400 (0.728100 + 0.077300),0.801900 (0.725400 + 0.076500),0.799300 (0.722700 + 0.076600),0.801100 (0.724500 + 0.076600),0.800200 (0.723600 + 0.076600)
85,0.794000 (0.716400 + 0.077600),0.795900 (0.719100 + 0.076800),0.792100 (0.715500 + 0.076600),0.793600 (0.716400 + 0.077200),0.792100 (0.715500 + 0.076600),0.793700 (0.717300 + 0.076400),0.793100 (0.716400 + 0.076700),0.794200 (0.717300 + 0.076900),0.793100 (0.716400 + 0.076700),0.793000 (0.716400 + 0.076600),0.793000 (0.716400 + 0.076600),0.794400 (0.718200 + 0.076200),0.796500 (0.720000 + 0.076500),0.795200 (0.718200 + 0.077000),0.794000 (0.717300 + 0.076700),0.793500 (0.717300 + 0.076200),0.792400 (0.715500 + 0.076900),0.792700 (0.716400 + 0.076300),0.792500 (0.715500 + 0.077000),0.796200 (0.720000 + 0.076200),0.792700 (0.715500 + 0.077200),0.788000 (0.711000 + 0.077000),0.792800 (0.716400 + 0.076400),0.794500 (0.717300 + 0.077200),0.796700 (0.720000 + 0.076700),0.795100 (0.717300 + 0.077800),0.794800 (0.718200 + 0.076600),0.791600 (0.714600 + 0.077000),0.796500 (0.720000 + 0.076500),0.796600 (0.720000 + 0.076600),0.791700 (0.715500 + 0.076200),0.795100 (0.718200 + 0.076900),0.793300 (0.717300 + 0.076000),0.793400 (0.717300 + 0.076100),0.794100 (0.717300 + 0.076800),0.794000 (0.717300 + 0.076700),0.794000 (0.717300 + 0.076700),0.793600 (0.716400 + 0.077200),0.794200 (0.718200 + 0.076000),0.798500 (0.721800 + 0.076700),0.797200 (0.720900 + 0.076300),0.793200 (0.716400 + 0.076800),0.795900 (0.720000 + 0.075900),0.793700 (0.716400 + 0.077300),0.794300 (0.718200 + 0.076100),0.794800 (0.718200 + 0.076600),0.792700 (0.715500 + 0.077200),0.792700 (0.715500 + 0.077200),0.793900 (0.717300 + 0.076600),0.789300 (0.712800 + 0.076500)
86,0.780500 (0.703800 + 0.076700),0.780600 (0.703800 + 0.076800),0.781200 (0.704700 + 0.076500),0.781400 (0.704700 + 0.076700),0.778900 (0.702900 + 0.076000),0.780500 (0.703800 + 0.076700),0.780400 (0.703800 + 0.076600),0.780600 (0.703800 + 0.076800),0.779500 (0.702900 + 0.076600),0.779400 (0.702900 + 0.076500),0.784900 (0.708300 + 0.076600),0.780500 (0.703800 + 0.076700),0.774900 (0.698400 + 0.076500),0.781400 (0.704700 + 0.076700),0.775600 (0.699300 + 0.076300),0.779500 (0.702900 + 0.076600),0.780400 (0.703800 + 0.076600),0.778800 (0.702000 + 0.076800),0.780700 (0.703800 + 0.076900),0.776600 (0.699300 + 0.077300),0.771200 (0.694800 + 0.076400),0.771200 (0.693900 + 0.077300),0.782000 (0.704700 + 0.077300),0.780000 (0.703800 + 0.076200),0.785200 (0.708300 + 0.076900),0.773300 (0.695700 + 0.077600),0.781800 (0.704700 + 0.077100),0.780000 (0.703800 + 0.076200),0.778900 (0.702000 + 0.076900),0.778700 (0.702000 + 0.076700),0.778700 (0.702000 + 0.076700),0.780600 (0.703800 + 0.076800),0.781800 (0.705600 + 0.076200),0.780500 (0.703800 + 0.076700),0.780200 (0.703800 + 0.076400),0.781000 (0.704700 + 0.076300),0.782800 (0.705600 + 0.077200),0.780900 (0.703800 + 0.077100),0.779500 (0.702900 + 0.076600),0.770900 (0.693000 + 0.077900),0.781000 (0.703800 + 0.077200),0.778500 (0.702000 + 0.076500),0.780600 (0.703800 + 0.076800),0.776600 (0.699300 + 0.077300),0.779700 (0.702900 + 0.076800),0.777700 (0.700200 + 0.077500),0.778200 (0.702000 + 0.076200),0.780500 (0.703800 + 0.076700),0.778700 (0.702000 + 0.076700),0.780800 (0.703800 + 0.077000)
87,0.783400 (0.706500 + 0.076900),0.787600 (0.711000 + 0.076600),0.780600 (0.703800 + 0.076800),0.764000 (0.686700 + 0.077300),0.787000 (0.710100 + 0.076900),0.787800 (0.711000 + 0.076800),0.783800 (0.707400 + 0.076400),0.787600 (0.711000 + 0.076600),0.787700 (0.711000 + 0.076700),0.784200 (0.708300 + 0.075900),0.786500 (0.709200 + 0.077300),0.786700 (0.710100 + 0.076600),0.787800 (0.711900 + 0.075900),0.783000 (0.705600 + 0.077400),0.785200 (0.708300 + 0.076900),0.787500 (0.711000 + 0.076500),0.787800 (0.711000 + 0.076800),0.779700 (0.702900 + 0.076800),0.785200 (0.708300 + 0.076900),0.788600 (0.711900 + 0.076700),0.784500 (0.708300 + 0.076200),0.783400 (0.706500 + 0.076900),0.787000 (0.710100 + 0.076900),0.788300 (0.711000 + 0.077300),0.785000 (0.708300 + 0.076700),0.785000 (0.708300 + 0.076700),0.785000 (0.708300 + 0.076700),0.785500 (0.708300 + 0.077200),0.785000 (0.708300 + 0.076700),0.787600 (0.710100 + 0.077500),0.786300 (0.710100 + 0.076200),0.789600 (0.712800 + 0.076800),0.784300 (0.707400 + 0.076900),0.787600 (0.711000 + 0.076600),0.787200 (0.711000 + 0.076200),0.782700 (0.705600 + 0.077100),0.788000 (0.711000 + 0.077000),0.785100 (0.708300 + 0.076800),0.787800 (0.711000 + 0.076800),0.790700 (0.713700 + 0.077000),0.785100 (0.708300 + 0.076800),0.784000 (0.707400 + 0.076600),0.784600 (0.707400 + 0.077200),0.786700 (0.710100 + 0.076600),0.786000 (0.709200 + 0.076800),0.788500 (0.711900 + 0.076600),0.785500 (0.708300 + 0.077200),0.785800 (0.709200 + 0.076600),0.788400 (0.711900 + 0.076500),0.782700 (0.705600 + 0.077100)
88,0.802400 (0.725400 + 0.077000),0.799200 (0.722700 + 0.076500),0.802400 (0.725400 + 0.077000),0.799900 (0.722700 + 0.077200),0.802000 (0.725400 + 0.076600),0.802000 (0.725400 + 0.076600),0.798000 (0.721800 + 0.076200),0.805600 (0.728100 + 0.077500),0.800600 (0.723600 + 0.077000),0.796700 (0.720000 + 0.076700),0.800500 (0.723600 + 0.076900),0.802900 (0.726300 + 0.076600),0.805200 (0.728100 + 0.077100),0.799100 (0.721800 + 0.077300),0.799700 (0.723600 + 0.076100),0.798500 (0.721800 + 0.076700),0.803200 (0.726300 + 0.076900),0.803000 (0.726300 + 0.076700),0.802900 (0.726300 + 0.076600),0.804900 (0.729000 + 0.075900),0.806700 (0.729900 + 0.076800),0.802400 (0.725400 + 0.077000),0.806600 (0.729900 + 0.076700),0.797700 (0.721800 + 0.075900),0.801300 (0.724500 + 0.076800),0.800600 (0.723600 + 0.077000),0.803000 (0.726300 + 0.076700),0.803900 (0.727200 + 0.076700),0.800300 (0.723600 + 0.076700),0.793500 (0.717300 + 0.076200),0.805500 (0.729000 + 0.076500),0.800200 (0.722700 + 0.077500),0.806100 (0.729900 + 0.076200),0.805300 (0.728100 + 0.077200),0.804500 (0.727200 + 0.077300),0.804900 (0.728100 + 0.076800),0.804900 (0.728100 + 0.076800),0.798500 (0.721800 + 0.076700),0.800300 (0.723600 + 0.076700),0.798600 (0.722700 + 0.075900),0.799300 (0.722700 + 0.076600),0.798600 (0.721800 + 0.076800),0.806500 (0.729900 + 0.076600),0.799300 (0.722700 + 0.076600),0.805400 (0.728100 + 0.077300),0.806800 (0.729900 + 0.076900),0.802400 (0.725400 + 0.077000),0.799300 (0.722700 + 0.076600),0.802400 (0.725400 + 0.077000),0.806800 (0.729900 + 0.076900)
89,0.801400 (0.724500 + 0.076900),0.805100 (0.728100 + 0.077000),0.801500 (0.724500 + 0.077000),0.802300 (0.725400 + 0.076900),0.803900 (0.727200 + 0.076700),0.801100 (0.723600 + 0.077500),0.804100 (0.727200 + 0.076900),0.801400 (0.725400 + 0.076000),0.802100 (0.725400 + 0.076700),0.801400 (0.724500 + 0.076900),0.805700 (0.729000 + 0.076700),0.802000 (0.724500 + 0.077500),0.801300 (0.724500 + 0.076800),0.800700 (0.724500 + 0.076200),0.801400 (0.724500 + 0.076900),0.801400 (0.724500 + 0.076900),0.806000 (0.729000 + 0.077000),0.806000 (0.729000 + 0.077000),0.806000 (0.729000 + 0.077000),0.800800 (0.724500 + 0.076300),0.801200 (0.724500 + 0.076700),0.805700 (0.729000 + 0.076700),0.806500 (0.729900 + 0.076600),0.807100 (0.729900 + 0.077200),0.801700 (0.724500 + 0.077200),0.803000 (0.725400 + 0.077600),0.806000 (0.729000 + 0.077000),0.801400 (0.724500 + 0.076900),0.806000 (0.729000 + 0.077000),0.807800 (0.730800 + 0.077000),0.806600 (0.729900 + 0.076700),0.804300 (0.727200 + 0.077100),0.801500 (0.724500 + 0.077000),0.804400 (0.728100 + 0.076300),0.802800 (0.726300 + 0.076500),0.804900 (0.728100 + 0.076800),0.796700 (0.720000 + 0.076700),0.806000 (0.729900 + 0.076100),0.801700 (0.724500 + 0.077200),0.805800 (0.729000 + 0.076800),0.802100 (0.724500 + 0.077600),0.805900 (0.729000 + 0.076900),0.802300 (0.725400 + 0.076900),0.806100 (0.729000 + 0.077100),0.804900 (0.728100 + 0.076800),0.805600 (0.729000 + 0.076600),0.806500 (0.729000 + 0.077500),0.802200 (0.725400 + 0.076800),0.802000 (0.725400 + 0.076600),0.807800 (0.730800 + 0.077000)
90,0.787100 (0.710100 + 0.077000),0.791600 (0.714600 + 0.077000),0.790300 (0.712800 + 0.077500),0.788600 (0.711900 + 0.076700),0.788900 (0.711900 + 0.077000),0.790000 (0.712800 + 0.077200),0.789600 (0.712800 + 0.076800),0.790400 (0.713700 + 0.076700),0.791600 (0.714600 + 0.077000),0.791500 (0.714600 + 0.076900),0.791800 (0.715500 + 0.076300),0.791600 (0.714600 + 0.077000),0.787300 (0.710100 + 0.077200),0.791400 (0.714600 + 0.076800),0.789700 (0.712800 + 0.076900),0.791600 (0.714600 + 0.077000),0.790300 (0.712800 + 0.077500),0.791200 (0.713700 + 0.077500),0.791200 (0.713700 + 0.077500),0.791200 (0.713700 + 0.077500),0.791200 (0.713700 + 0.077500),0.791500 (0.714600 + 0.076900),0.791600 (0.714600 + 0.077000),0.787100 (0.710100 + 0.077000),0.790400 (0.712800 + 0.077600),0.790100 (0.712800 + 0.077300),0.791100 (0.713700 + 0.077400),0.791500 (0.714600 + 0.076900),0.788300 (0.711900 + 0.076400),0.789700 (0.712800 + 0.076900),0.788000 (0.711000 + 0.077000),0.791400 (0.713700 + 0.077700),0.789100 (0.711900 + 0.077200),0.791200 (0.714600 + 0.076600),0.790000 (0.712800 + 0.077200),0.790400 (0.713700 + 0.076700),0.790000 (0.712800 + 0.077200),0.790200 (0.712800 + 0.077400),0.792300 (0.715500 + 0.076800),0.789600 (0.712800 + 0.076800),0.791500 (0.714600 + 0.076900),0.787100 (0.710100 + 0.077000),0.791200 (0.713700 + 0.077500),0.789400 (0.712800 + 0.076600),0.787700 (0.710100 + 0.077600),0.790000 (0.712800 + 0.077200),0.791500 (0.714600 + 0.076900),0.790500 (0.713700 + 0.076800),0.788600 (0.711900 + 0.076700),0.790200 (0.713700 + 0.076500)
91,0.803100 (0.726300 + 0.076800),0.800700 (0.723600 + 0.077100),0.801800 (0.724500 + 0.077300),0.801500 (0.724500 + 0.077000),0.796600 (0.719100 + 0.077500),0.801400 (0.724500 + 0.076900),0.803900 (0.727200 + 0.076700),0.800200 (0.722700 + 0.077500),0.800200 (0.722700 + 0.077500),0.798300 (0.720900 + 0.077400),0.800300 (0.722700 + 0.077600),0.798000 (0.720900 + 0.077100),0.800100 (0.722700 + 0.077400),0.801800 (0.724500 + 0.077300),0.800300 (0.723600 + 0.076700),0.800200 (0.722700 + 0.077500),0.795000 (0.717300 + 0.077700),0.803100 (0.725400 + 0.077700),0.801200 (0.724500 + 0.076700),0.797600 (0.720000 + 0.077600),0.800800 (0.723600 + 0.077200),0.801100 (0.724500 + 0.076600),0.797400 (0.720000 + 0.077400),0.795400 (0.718200 + 0.077200),0.801100 (0.724500 + 0.076600),0.801500 (0.724500 + 0.077000),0.796600 (0.719100 + 0.077500),0.799200 (0.721800 + 0.077400),0.798200 (0.721800 + 0.076400),0.797600 (0.720000 + 0.077600),0.796600 (0.719100 + 0.077500),0.800200 (0.722700 + 0.077500),0.796300 (0.719100 + 0.077200),0.801400 (0.724500 + 0.076900),0.801500 (0.724500 + 0.077000),0.797500 (0.720000 + 0.077500),0.797500 (0.720000 + 0.077500),0.800200 (0.722700 + 0.077500),0.800200 (0.722700 + 0.077500),0.801400 (0.724500 + 0.076900),0.797200 (0.720900 + 0.076300),0.800200 (0.722700 + 0.077500),0.800900 (0.723600 + 0.077300),0.801600 (0.724500 + 0.077100),0.793300 (0.716400 + 0.076900),0.799500 (0.722700 + 0.076800),0.801200 (0.724500 + 0.076700),0.803100 (0.726300 + 0.076800),0.801200 (0.724500 + 0.076700),0.801500 (0.724500 + 0.077000)
92,0.813800 (0.737100 + 0.076700),0.813500 (0.736200 + 0.077300),0.813800 (0.737100 + 0.076700),0.813100 (0.736200 + 0.076900),0.813800 (0.736200 + 0.077600),0.813600 (0.736200 + 0.077400),0.810800 (0.733500 + 0.077300),0.812900 (0.736200 + 0.076700),0.812900 (0.736200 + 0.076700),0.815400 (0.738000 + 0.077400),0.813700 (0.736200 + 0.077500),0.813400 (0.736200 + 0.077200),0.814800 (0.738000 + 0.076800),0.813200 (0.736200 + 0.077000),0.808900 (0.731700 + 0.077200),0.815700 (0.738900 + 0.076800),0.812000 (0.735300 + 0.076700),0.813200 (0.736200 + 0.077000),0.813100 (0.736200 + 0.076900),0.813400 (0.736200 + 0.077200),0.812600 (0.736200 + 0.076400),0.814500 (0.737100 + 0.077400),0.813500 (0.736200 + 0.077300),0.799300 (0.721800 + 0.077500),0.808000 (0.730800 + 0.077200),0.812200 (0.735300 + 0.076900),0.812800 (0.736200 + 0.076600),0.812900 (0.736200 + 0.076700),0.807600 (0.730800 + 0.076800),0.812900 (0.736200 + 0.076700),0.813700 (0.736200 + 0.077500),0.813600 (0.736200 + 0.077400),0.813300 (0.736200 + 0.077100),0.810300 (0.733500 + 0.076800),0.813600 (0.736200 + 0.077400),0.813600 (0.736200 + 0.077400),0.813200 (0.736200 + 0.077000),0.814000 (0.737100 + 0.076900),0.808900 (0.732600 + 0.076300),0.813200 (0.736200 + 0.077000),0.812900 (0.736200 + 0.076700),0.813000 (0.736200 + 0.076800),0.813400 (0.736200 + 0.077200),0.812800 (0.736200 + 0.076600),0.813000 (0.736200 + 0.076800),0.812900 (0.736200 + 0.076700),0.807300 (0.730800 + 0.076500),0.812600 (0.735300 + 0.077300),0.808800 (0.731700 + 0.077100),0.813200 (0.736200 + 0.077000)
93,0.782400 (0.705600 + 0.076800),0.782100 (0.704700 + 0.077400),0.783000 (0.705600 + 0.077400),0.780600 (0.703800 + 0.076800),0.783900 (0.706500 + 0.077400),0.783000 (0.705600 + 0.077400),0.781900 (0.704700 + 0.077200),0.782100 (0.704700 + 0.077400),0.782100 (0.704700 + 0.077400),0.780800 (0.703800 + 0.077000),0.781700 (0.704700 + 0.077000),0.786600 (0.709200 + 0.077400),0.781400 (0.704700 + 0.076700),0.780800 (0.703800 + 0.077000),0.784100 (0.707400 + 0.076700),0.783800 (0.706500 + 0.077300),0.781700 (0.704700 + 0.077000),0.783600 (0.706500 + 0.077100),0.783600 (0.706500 + 0.077100),0.780800 (0.703800 + 0.077000),0.780900 (0.703800 + 0.077100),0.780400 (0.703800 + 0.076600),0.783000 (0.705600 + 0.077400),0.780800 (0.703800 + 0.077000),0.783600 (0.706500 + 0.077100),0.783700 (0.706500 + 0.077200),0.781100 (0.703800 + 0.077300),0.782400 (0.705600 + 0.076800),0.782400 (0.705600 + 0.076800),0.782900 (0.705600 + 0.077300),0.780200 (0.703800 + 0.076400),0.782900 (0.705600 + 0.077300),0.786800 (0.709200 + 0.077600),0.784200 (0.706500 + 0.077700),0.781200 (0.704700 + 0.076500),0.780300 (0.702900 + 0.077400),0.781000 (0.703800 + 0.077200),0.780500 (0.703800 + 0.076700),0.784000 (0.706500 + 0.077500),0.784700 (0.708300 + 0.076400),0.781400 (0.704700 + 0.076700),0.781500 (0.704700 + 0.076800),0.786600 (0.709200 + 0.077400),0.781800 (0.704700 + 0.077100),0.783100 (0.705600 + 0.077500),0.781600 (0.704700 + 0.076900),0.781700 (0.704700 + 0.077000),0.780300 (0.702900 + 0.077400),0.782300 (0.705600 + 0.076700),0.784100 (0.707400 + 0.076700)
94,0.779600 (0.702000 + 0.077600),0.775700 (0.698400 + 0.077300),0.771500 (0.694800 + 0.076700),0.779700 (0.702900 + 0.076800),0.774400 (0.696600 + 0.077800),0.780200 (0.702900 + 0.077300),0.781300 (0.703800 + 0.077500),0.780000 (0.702900 + 0.077100),0.775000 (0.697500 + 0.077500),0.780200 (0.702900 + 0.077300),0.781300 (0.703800 + 0.077500),0.774000 (0.696600 + 0.077400),0.781100 (0.703800 + 0.077300),0.779600 (0.702000 + 0.077600),0.780000 (0.702900 + 0.077100),0.775500 (0.697500 + 0.078000),0.778200 (0.701100 + 0.077100),0.781000 (0.703800 + 0.077200),0.781900 (0.704700 + 0.077200),0.781100 (0.703800 + 0.077300),0.779600 (0.702000 + 0.077600),0.779700 (0.702900 + 0.076800),0.781800 (0.704700 + 0.077100),0.777700 (0.701100 + 0.076600),0.781400 (0.704700 + 0.076700),0.780000 (0.702900 + 0.077100),0.779600 (0.702900 + 0.076700),0.780000 (0.702900 + 0.077100),0.778500 (0.701100 + 0.077400),0.779200 (0.702000 + 0.077200),0.782100 (0.704700 + 0.077400),0.781600 (0.704700 + 0.076900),0.774300 (0.697500 + 0.076800),0.781400 (0.704700 + 0.076700),0.780300 (0.702900 + 0.077400),0.781900 (0.704700 + 0.077200),0.774100 (0.696600 + 0.077500),0.774000 (0.696600 + 0.077400),0.780100 (0.702900 + 0.077200),0.765800 (0.687600 + 0.078200),0.779900 (0.702900 + 0.077000),0.780100 (0.702900 + 0.077200),0.779000 (0.702000 + 0.077000),0.779300 (0.702000 + 0.077300),0.781400 (0.703800 + 0.077600),0.781800 (0.704700 + 0.077100),0.782300 (0.705600 + 0.076700),0.774000 (0.696600 + 0.077400),0.782300 (0.705600 + 0.076700),0.780500 (0.702900 + 0.077600)
95,0.781500 (0.704700 + 0.076800),0.782100 (0.704700 + 0.077400),0.781800 (0.704700 + 0.077100),0.784100 (0.707400 + 0.076700),0.784600 (0.707400 + 0.077200),0.781400 (0.704700 + 0.076700),0.781400 (0.704700 + 0.076700),0.785000 (0.707400 + 0.077600),0.785000 (0.707400 + 0.077600),0.781600 (0.704700 + 0.076900),0.783600 (0.706500 + 0.077100),0.783900 (0.706500 + 0.077400),0.784300 (0.707400 + 0.076900),0.782900 (0.705600 + 0.077300),0.785100 (0.708300 + 0.076800),0.783100 (0.705600 + 0.077500),0.784700 (0.707400 + 0.077300),0.787600 (0.710100 + 0.077500),0.783800 (0.706500 + 0.077300),0.783100 (0.705600 + 0.077500),0.783700 (0.706500 + 0.077200),0.781400 (0.704700 + 0.076700),0.781600 (0.704700 + 0.076900),0.786200 (0.709200 + 0.077000),0.784800 (0.707400 + 0.077400),0.783100 (0.705600 + 0.077500),0.785000 (0.708300 + 0.076700),0.785000 (0.707400 + 0.077600),0.777200 (0.699300 + 0.077900),0.784800 (0.707400 + 0.077400),0.786600 (0.709200 + 0.077400),0.772400 (0.695700 + 0.076700),0.783900 (0.706500 + 0.077400),0.779100 (0.702000 + 0.077100),0.781400 (0.704700 + 0.076700),0.784200 (0.707400 + 0.076800),0.785000 (0.707400 + 0.077600),0.781100 (0.703800 + 0.077300),0.785300 (0.708300 + 0.077000),0.780700 (0.702900 + 0.077800),0.782300 (0.705600 + 0.076700),0.780200 (0.702900 + 0.077300),0.787100 (0.710100 + 0.077000),0.780200 (0.702900 + 0.077300),0.779700 (0.702900 + 0.076800),0.780200 (0.702900 + 0.077300),0.784800 (0.707400 + 0.077400),0.781400 (0.704700 + 0.076700),0.783700 (0.706500 + 0.077200),0.778700 (0.701100 + 0.077600)
96,0.779500 (0.702000 + 0.077500),0.782900 (0.706500 + 0.076400),0.782200 (0.704700 + 0.077500),0.782100 (0.704700 + 0.077400),0.779300 (0.702000 + 0.077300),0.780800 (0.703800 + 0.077000),0.781200 (0.703800 + 0.077400),0.779400 (0.702000 + 0.077400),0.779400 (0.702000 + 0.077400),0.778700 (0.701100 + 0.077600),0.782000 (0.704700 + 0.077300),0.779700 (0.702900 + 0.076800),0.781900 (0.704700 + 0.077200),0.781400 (0.703800 + 0.077600),0.778800 (0.702000 + 0.076800),0.783200 (0.706500 + 0.076700),0.782200 (0.704700 + 0.077500),0.783900 (0.706500 + 0.077400),0.779600 (0.702000 + 0.077600),0.782100 (0.704700 + 0.077400),0.779600 (0.702000 + 0.077600),0.783300 (0.706500 + 0.076800),0.779800 (0.702900 + 0.076900),0.782200 (0.704700 + 0.077500),0.778700 (0.702000 + 0.076700),0.779200 (0.702000 + 0.077200),0.778600 (0.702000 + 0.076600),0.782700 (0.705600 + 0.077100),0.779200 (0.702000 + 0.077200),0.781700 (0.704700 + 0.077000),0.781200 (0.703800 + 0.077400),0.783500 (0.706500 + 0.077000),0.783400 (0.706500 + 0.076900),0.781500 (0.704700 + 0.076800),0.772100 (0.694800 + 0.077300),0.782400 (0.704700 + 0.077700),0.778700 (0.702000 + 0.076700),0.781300 (0.703800 + 0.077500),0.779000 (0.701100 + 0.077900),0.779300 (0.702000 + 0.077300),0.779600 (0.702000 + 0.077600),0.783900 (0.706500 + 0.077400),0.782300 (0.704700 + 0.077600),0.774700 (0.697500 + 0.077200),0.782000 (0.704700 + 0.077300),0.779900 (0.702900 + 0.077000),0.778700 (0.702000 + 0.076700),0.778800 (0.702000 + 0.076800),0.779000 (0.702000 + 0.077000),0.779100 (0.702000 + 0.077100)
97,0.804600 (0.727200 + 0.077400),0.806500 (0.729000 + 0.077500),0.807700 (0.730800 + 0.076900),0.806000 (0.729000 + 0.077000),0.805200 (0.728100 + 0.077100),0.809000 (0.731700 + 0.077300),0.805600 (0.728100 + 0.077500),0.805900 (0.729000 + 0.076900),0.808100 (0.730800 + 0.077300),0.808500 (0.730800 + 0.077700),0.808800 (0.731700 + 0.077100),0.806300 (0.729000 + 0.077300),0.805500 (0.728100 + 0.077400),0.809700 (0.732600 + 0.077100),0.805000 (0.727200 + 0.077800),0.808100 (0.730800 + 0.077300),0.805500 (0.728100 + 0.077400),0.809200 (0.731700 + 0.077500),0.806000 (0.729000 + 0.077000),0.809100 (0.731700 + 0.077400),0.808100 (0.730800 + 0.077300),0.796600 (0.719100 + 0.077500),0.809300 (0.731700 + 0.077600),0.809100 (0.731700 + 0.077400),0.808000 (0.730800 + 0.077200),0.809000 (0.731700 + 0.077300),0.806000 (0.729000 + 0.077000),0.805000 (0.728100 + 0.076900),0.809100 (0.731700 + 0.077400),0.806700 (0.729900 + 0.076800),0.809100 (0.731700 + 0.077400),0.805200 (0.728100 + 0.077100),0.806900 (0.729900 + 0.077000),0.806700 (0.729900 + 0.076800),0.809100 (0.731700 + 0.077400),0.808800 (0.731700 + 0.077100),0.804100 (0.726300 + 0.077800),0.809400 (0.731700 + 0.077700),0.807700 (0.730800 + 0.076900),0.809100 (0.731700 + 0.077400),0.809300 (0.731700 + 0.077600),0.807100 (0.729900 + 0.077200),0.802200 (0.725400 + 0.076800),0.806800 (0.729900 + 0.076900),0.808900 (0.731700 + 0.077200),0.809400 (0.732600 + 0.076800),0.805300 (0.728100 + 0.077200),0.809300 (0.731700 + 0.077600),0.784600 (0.707400 + 0.077200),0.804500 (0.728100 + 0.076400)
98,0.780900 (0.703800 + 0.077100),0.781100 (0.703800 + 0.077300),0.784000 (0.706500 + 0.077500),0.781100 (0.703800 + 0.077300),0.781900 (0.704700 + 0.077200),0.780300 (0.702900 + 0.077400),0.780300 (0.702900 + 0.077400),0.778500 (0.701100 + 0.077400),0.777000 (0.700200 + 0.076800),0.779700 (0.702900 + 0.076800),0.781400 (0.703800 + 0.077600),0.781600 (0.704700 + 0.076900),0.780000 (0.702900 + 0.077100),0.781900 (0.703800 + 0.078100),0.780900 (0.703800 + 0.077100),0.781400 (0.703800 + 0.077600),0.777200 (0.700200 + 0.077000),0.781200 (0.703800 + 0.077400),0.782100 (0.704700 + 0.077400),0.779900 (0.702900 + 0.077000),0.778200 (0.701100 + 0.077100),0.778500 (0.701100 + 0.077400),0.779300 (0.702000 + 0.077300),0.781400 (0.703800 + 0.077600),0.781900 (0.704700 + 0.077200),0.780100 (0.702900 + 0.077200),0.782900 (0.705600 + 0.077300),0.777100 (0.700200 + 0.076900),0.781000 (0.703800 + 0.077200),0.780300 (0.702900 + 0.077400),0.779500 (0.702000 + 0.077500),0.779700 (0.702900 + 0.076800),0.781100 (0.703800 + 0.077300),0.783700 (0.706500 + 0.077200),0.780100 (0.702900 + 0.077200),0.782100 (0.704700 + 0.077400),0.780000 (0.702900 + 0.077100),0.780000 (0.702900 + 0.077100),0.779900 (0.702900 + 0.077000),0.780200 (0.702900 + 0.077300),0.779500 (0.702000 + 0.077500),0.777600 (0.700200 + 0.077400),0.781800 (0.704700 + 0.077100),0.778900 (0.701100 + 0.077800),0.780500 (0.703800 + 0.076700),0.781400 (0.703800 + 0.077600),0.777700 (0.699300 + 0.078400),0.776800 (0.698400 + 0.078400),0.781300 (0.703800 + 0.077500),0.781100 (0.703800 + 0.077300)
99,0.779500 (0.702000 + 0.077500),0.776700 (0.699300 + 0.077400),0.775700 (0.698400 + 0.077300),0.774000 (0.696600 + 0.077400),0.773500 (0.696600 + 0.076900),0.775700 (0.698400 + 0.077300),0.775900 (0.698400 + 0.077500),0.776000 (0.698400 + 0.077600),0.776300 (0.699300 + 0.077000),0.773600 (0.696600 + 0.077000),0.775700 (0.698400 + 0.077300),0.776000 (0.698400 + 0.077600),0.775700 (0.698400 + 0.077300),0.779500 (0.702000 + 0.077500),0.775600 (0.698400 + 0.077200),0.775700 (0.698400 + 0.077300),0.784200 (0.706500 + 0.077700),0.775700 (0.698400 + 0.077300),0.775700 (0.698400 + 0.077300),0.773200 (0.695700 + 0.077500),0.775600 (0.698400 + 0.077200),0.778300 (0.701100 + 0.077200),0.774600 (0.697500 + 0.077100),0.778300 (0.701100 + 0.077200),0.776000 (0.698400 + 0.077600),0.775700 (0.698400 + 0.077300),0.773600 (0.695700 + 0.077900),0.776000 (0.698400 + 0.077600),0.775800 (0.698400 + 0.077400),0.775800 (0.698400 + 0.077400),0.775700 (0.698400 + 0.077300),0.776400 (0.699300 + 0.077100),0.775900 (0.698400 + 0.077500),0.779400 (0.702000 + 0.077400),0.771300 (0.693900 + 0.077400),0.779200 (0.702000 + 0.077200),0.775100 (0.698400 + 0.076700),0.775800 (0.698400 + 0.077400),0.776700 (0.699300 + 0.077400),0.775600 (0.698400 + 0.077200),0.776000 (0.698400 + 0.077600),0.774800 (0.697500 + 0.077300),0.776000 (0.698400 + 0.077600),0.779200 (0.702000 + 0.077200),0.775700 (0.698400 + 0.077300),0.775800 (0.698400 + 0.077400),0.777600 (0.700200 + 0.077400),0.775600 (0.698400 + 0.077200),0.776000 (0.698400 + 0.077600),0.776000 (0.698400 + 0.077600)
100,0.792300 (0.714600 + 0.077700),0.792200 (0.714600 + 0.077600),0.791300 (0.714600 + 0.076700),0.792100 (0.714600 + 0.077500),0.792100 (0.714600 + 0.077500),0.791900 (0.714600 + 0.077300),0.792000 (0.714600 + 0.077400),0.792200 (0.714600 + 0.077600),0.791800 (0.714600 + 0.077200),0.792200 (0.714600 + 0.077600),0.787700 (0.710100 + 0.077600),0.790400 (0.712800 + 0.077600),0.793600 (0.716400 + 0.077200),0.797700 (0.720000 + 0.077700),0.792000 (0.714600 + 0.077400),0.792800 (0.715500 + 0.077300),0.792800 (0.715500 + 0.077300),0.792100 (0.714600 + 0.077500),0.792000 (0.714600 + 0.077400),0.788200 (0.711000 + 0.077200),0.794300 (0.716400 + 0.077900),0.792200 (0.714600 + 0.077600),0.791900 (0.714600 + 0.077300),0.792200 (0.714600 + 0.077600),0.791900 (0.714600 + 0.077300),0.791900 (0.714600 + 0.077300),0.791800 (0.714600 + 0.077200),0.791200 (0.713700 + 0.077500),0.797600 (0.720000 + 0.077600),0.792000 (0.714600 + 0.077400),0.792700 (0.715500 + 0.077200),0.793900 (0.716400 + 0.077500),0.790300 (0.712800 + 0.077500),0.792000 (0.714600 + 0.077400),0.791900 (0.714600 + 0.077300),0.791900 (0.714600 + 0.077300),0.792600 (0.715500 + 0.077100),0.794000 (0.716400 + 0.077600),0.791700 (0.714600 + 0.077100),0.791800 (0.714600 + 0.077200),0.792200 (0.714600 + 0.077600),0.791600 (0.714600 + 0.077000),0.792000 (0.714600 + 0.077400),0.792000 (0.714600 + 0.077400),0.793800 (0.716400 + 0.077400),0.792200 (0.714600 + 0.077600),0.791900 (0.714600 + 0.077300),0.791800 (0.714600 + 0.077200),0.792000 (0.714600 + 0.077400),0.792200 (0.714600 + 0.077600)
101,0.788700 (0.711000 + 0.077700),0.788600 (0.711000 + 0.077600),0.785900 (0.708300 + 0.077600),0.785900 (0.708300 + 0.077600),0.785700 (0.708300 + 0.077400),0.785900 (0.708300 + 0.077600),0.788700 (0.711000 + 0.077700),0.785600 (0.708300 + 0.077300),0.785900 (0.708300 + 0.077600),0.783700 (0.706500 + 0.077200),0.786300 (0.708300 + 0.078000),0.785900 (0.708300 + 0.077600),0.784800 (0.707400 + 0.077400),0.785600 (0.708300 + 0.077300),0.780400 (0.702900 + 0.077500),0.785400 (0.708300 + 0.077100),0.785400 (0.708300 + 0.077100),0.785500 (0.708300 + 0.077200),0.785700 (0.708300 + 0.077400),0.784900 (0.707400 + 0.077500),0.788700 (0.711000 + 0.077700),0.784700 (0.707400 + 0.077300),0.785900 (0.708300 + 0.077600),0.784500 (0.707400 + 0.077100),0.785900 (0.708300 + 0.077600),0.785800 (0.708300 + 0.077500),0.785500 (0.708300 + 0.077200),0.783700 (0.706500 + 0.077200),0.783700 (0.706500 + 0.077200),0.784200 (0.706500 + 0.077700),0.784500 (0.707400 + 0.077100),0.784600 (0.707400 + 0.077200),0.785900 (0.708300 + 0.077600),0.785700 (0.708300 + 0.077400),0.785600 (0.708300 + 0.077300),0.788700 (0.711000 + 0.077700),0.785500 (0.708300 + 0.077200),0.785900 (0.708300 + 0.077600),0.784900 (0.707400 + 0.077500),0.774000 (0.696600 + 0.077400),0.786400 (0.709200 + 0.077200),0.785000 (0.707400 + 0.077600),0.785900 (0.708300 + 0.077600),0.785800 (0.708300 + 0.077500),0.785900 (0.708300 + 0.077600),0.783200 (0.705600 + 0.077600),0.785700 (0.708300 + 0.077400),0.785900 (0.708300 + 0.077600),0.784800 (0.707400 + 0.077400),0.784700 (0.707400 + 0.077300)
102,0.807600 (0.729900 + 0.077700),0.803500 (0.726300 + 0.077200),0.803500 (0.726300 + 0.077200),0.803900 (0.726300 + 0.077600),0.803900 (0.726300 + 0.077600),0.803700 (0.726300 + 0.077400),0.803900 (0.726300 + 0.077600),0.807600 (0.729900 + 0.077700),0.807600 (0.729900 + 0.077700),0.804000 (0.726300 + 0.077700),0.806500 (0.729000 + 0.077500),0.807600 (0.729900 + 0.077700),0.803700 (0.726300 + 0.077400),0.803900 (0.726300 + 0.077600),0.803900 (0.726300 + 0.077600),0.803700 (0.726300 + 0.077400),0.802600 (0.725400 + 0.077200),0.797600 (0.720000 + 0.077600),0.807400 (0.729900 + 0.077500),0.802200 (0.724500 + 0.077700),0.803900 (0.726300 + 0.077600),0.802500 (0.725400 + 0.077100),0.803400 (0.726300 + 0.077100),0.803600 (0.726300 + 0.077300),0.803600 (0.726300 + 0.077300),0.803600 (0.726300 + 0.077300),0.803700 (0.726300 + 0.077400),0.807600 (0.729900 + 0.077700),0.803900 (0.726300 + 0.077600),0.803600 (0.726300 + 0.077300),0.807400 (0.729900 + 0.077500),0.803800 (0.726300 + 0.077500),0.804000 (0.726300 + 0.077700),0.804000 (0.726300 + 0.077700),0.807300 (0.729900 + 0.077400),0.803900 (0.726300 + 0.077600),0.803900 (0.726300 + 0.077600),0.803900 (0.726300 + 0.077600),0.803900 (0.726300 + 0.077600),0.803900 (0.726300 + 0.077600),0.803700 (0.726300 + 0.077400),0.807500 (0.729900 + 0.077600),0.803700 (0.726300 + 0.077400),0.804600 (0.726300 + 0.078300),0.807200 (0.729900 + 0.077300),0.807600 (0.729900 + 0.077700),0.807600 (0.729900 + 0.077700),0.803900 (0.726300 + 0.077600),0.803500 (0.726300 + 0.077200),0.807400 (0.729900 + 0.077500)
103,0.794200 (0.716400 + 0.077800),0.786100 (0.708300 + 0.077800),0.797400 (0.720000 + 0.077400),0.789900 (0.711900 + 0.078000),0.797700 (0.720000 + 0.077700),0.793900 (0.716400 + 0.077500),0.794100 (0.716400 + 0.077700),0.790500 (0.712800 + 0.077700),0.797300 (0.720000 + 0.077300),0.792200 (0.714600 + 0.077600),0.797400 (0.720000 + 0.077400),0.791800 (0.713700 + 0.078100),0.797700 (0.720000 + 0.077700),0.797600 (0.720000 + 0.077600),0.790400 (0.712800 + 0.077600),0.790400 (0.712800 + 0.077600),0.790500 (0.712800 + 0.077700),0.794100 (0.716400 + 0.077700),0.793800 (0.716400 + 0.077400),0.790200 (0.711900 + 0.078300),0.791300 (0.713700 + 0.077600),0.790500 (0.712800 + 0.077700),0.797700 (0.720000 + 0.077700),0.790900 (0.712800 + 0.078100),0.793900 (0.716400 + 0.077500),0.790400 (0.712800 + 0.077600),0.796900 (0.719100 + 0.077800),0.790500 (0.712800 + 0.077700),0.790100 (0.712800 + 0.077300),0.793900 (0.716400 + 0.077500),0.793100 (0.715500 + 0.077600),0.790400 (0.712800 + 0.077600),0.797700 (0.720000 + 0.077700),0.797600 (0.720000 + 0.077600),0.797700 (0.720000 + 0.077700),0.782800 (0.705600 + 0.077200),0.797300 (0.720000 + 0.077300),0.790400 (0.712800 + 0.077600),0.790400 (0.712800 + 0.077600),0.791700 (0.714600 + 0.077100),0.790600 (0.712800 + 0.077800),0.790400 (0.712800 + 0.077600),0.790200 (0.711900 + 0.078300),0.797300 (0.720000 + 0.077300),0.790300 (0.712800 + 0.077500),0.797600 (0.720000 + 0.077600),0.790100 (0.712800 + 0.077300),0.796700 (0.719100 + 0.077600),0.797700 (0.720000 + 0.077700),0.794000 (0.716400 + 0.077600)
104,0.795000 (0.717300 + 0.077700),0.795800 (0.718200 + 0.077600),0.796000 (0.718200 + 0.077800),0.793900 (0.716400 + 0.077500),0.795100 (0.717300 + 0.077800),0.795000 (0.717300 + 0.077700),0.793700 (0.716400 + 0.077300),0.796000 (0.718200 + 0.077800),0.793300 (0.715500 + 0.077800),0.794000 (0.716400 + 0.077600),0.795000 (0.717300 + 0.077700),0.792400 (0.714600 + 0.077800),0.794900 (0.717300 + 0.077600),0.788400 (0.710100 + 0.078300),0.788600 (0.711000 + 0.077600),0.791300 (0.713700 + 0.077600),0.793000 (0.715500 + 0.077500),0.795100 (0.717300 + 0.077800),0.791200 (0.713700 + 0.077500),0.795000 (0.717300 + 0.077700),0.795100 (0.717300 + 0.077800),0.795800 (0.718200 + 0.077600),0.793900 (0.716400 + 0.077500),0.794200 (0.716400 + 0.077800),0.794800 (0.717300 + 0.077500),0.796100 (0.718200 + 0.077900),0.794900 (0.717300 + 0.077600),0.794900 (0.717300 + 0.077600),0.794900 (0.717300 + 0.077600),0.794700 (0.717300 + 0.077400),0.794600 (0.717300 + 0.077300),0.795100 (0.717300 + 0.077800),0.794100 (0.716400 + 0.077700),0.794900 (0.717300 + 0.077600),0.794900 (0.717300 + 0.077600),0.795100 (0.717300 + 0.077800),0.794600 (0.717300 + 0.077300),0.794800 (0.717300 + 0.077500),0.795000 (0.717300 + 0.077700),0.796700 (0.719100 + 0.077600),0.794200 (0.716400 + 0.077800),0.795000 (0.717300 + 0.077700),0.794100 (0.716400 + 0.077700),0.795100 (0.717300 + 0.077800),0.793900 (0.716400 + 0.077500),0.795000 (0.717300 + 0.077700),0.795000 (0.717300 + 0.077700),0.794600 (0.717300 + 0.077300),0.794900 (0.717300 + 0.077600),0.794700 (0.717300 + 0.077400)
105,0.794000 (0.716400 + 0.077600),0.795800 (0.718200 + 0.077600),0.794800 (0.717300 + 0.077500),0.795000 (0.717300 + 0.077700),0.797700 (0.720000 + 0.077700),0.794100 (0.716400 + 0.077700),0.795800 (0.718200 + 0.077600),0.792300 (0.714600 + 0.077700),0.792400 (0.714600 + 0.077800),0.792400 (0.714600 + 0.077800),0.792400 (0.714600 + 0.077800),0.791600 (0.713700 + 0.077900),0.794300 (0.716400 + 0.077900),0.795600 (0.718200 + 0.077400),0.790700 (0.712800 + 0.077900),0.789600 (0.711900 + 0.077700),0.791600 (0.713700 + 0.077900),0.791300 (0.713700 + 0.077600),0.793300 (0.715500 + 0.077800),0.783600 (0.705600 + 0.078000),0.791500 (0.713700 + 0.077800),0.790400 (0.712800 + 0.077600),0.796000 (0.718200 + 0.077800),0.786900 (0.709200 + 0.077700),0.791400 (0.713700 + 0.077700),0.791500 (0.713700 + 0.077800),0.793300 (0.715500 + 0.077800),0.791500 (0.713700 + 0.077800),0.791600 (0.713700 + 0.077900),0.795500 (0.718200 + 0.077300),0.790500 (0.712800 + 0.077700),0.791200 (0.713700 + 0.077500),0.792400 (0.714600 + 0.077800),0.793500 (0.715500 + 0.078000),0.787500 (0.710100 + 0.077400),0.790400 (0.712800 + 0.077600),0.795900 (0.718200 + 0.077700),0.795900 (0.718200 + 0.077700),0.795900 (0.718200 + 0.077700),0.792300 (0.714600 + 0.077700),0.796100 (0.718200 + 0.077900),0.795900 (0.718200 + 0.077700),0.784200 (0.706500 + 0.077700),0.795800 (0.718200 + 0.077600),0.792200 (0.714600 + 0.077600),0.792400 (0.714600 + 0.077800),0.796000 (0.718200 + 0.077800),0.792300 (0.714600 + 0.077700),0.795700 (0.718200 + 0.077500),0.792400 (0.714600 + 0.077800)
106,0.778100 (0.700200 + 0.077900),0.786200 (0.708300 + 0.077900),0.788600 (0.711000 + 0.077600),0.786100 (0.708300 + 0.077800),0.788000 (0.710100 + 0.077900),0.786000 (0.708300 + 0.077700),0.786100 (0.708300 + 0.077800),0.784200 (0.706500 + 0.077700),0.785900 (0.708300 + 0.077600),0.784000 (0.706500 + 0.077500),0.783500 (0.705600 + 0.077900),0.783300 (0.705600 + 0.077700),0.785300 (0.707400 + 0.077900),0.784400 (0.706500 + 0.077900),0.787000 (0.709200 + 0.077800),0.787800 (0.710100 + 0.077700),0.783400 (0.705600 + 0.077800),0.786000 (0.708300 + 0.077700),0.783000 (0.705600 + 0.077400),0.785800 (0.708300 + 0.077500),0.786200 (0.708300 + 0.077900),0.787800 (0.710100 + 0.077700),0.783400 (0.705600 + 0.077800),0.786600 (0.709200 + 0.077400),0.782400 (0.704700 + 0.077700),0.785900 (0.708300 + 0.077600),0.785900 (0.708300 + 0.077600),0.785900 (0.708300 + 0.077600),0.785100 (0.707400 + 0.077700),0.786100 (0.708300 + 0.077800),0.786100 (0.708300 + 0.077800),0.785100 (0.707400 + 0.077700),0.787800 (0.710100 + 0.077700),0.787800 (0.710100 + 0.077700),0.786000 (0.708300 + 0.077700),0.785900 (0.708300 + 0.077600),0.785900 (0.708300 + 0.077600),0.787900 (0.710100 + 0.077800),0.788300 (0.710100 + 0.078200),0.786100 (0.708300 + 0.077800),0.786000 (0.708300 + 0.077700),0.784300 (0.706500 + 0.077800),0.780500 (0.702900 + 0.077600),0.786000 (0.708300 + 0.077700),0.781600 (0.703800 + 0.077800),0.787700 (0.710100 + 0.077600),0.784300 (0.706500 + 0.077800),0.786000 (0.708300 + 0.077700),0.786100 (0.708300 + 0.077800),0.786000 (0.708300 + 0.077700)
107,0.786800 (0.709200 + 0.077600),0.794100 (0.716400 + 0.077700),0.794000 (0.716400 + 0.077600),0.791500 (0.713700 + 0.077800),0.794000 (0.716400 + 0.077600),0.788800 (0.711000 + 0.077800),0.794000 (0.716400 + 0.077600),0.795000 (0.717300 + 0.077700),0.794100 (0.716400 + 0.077700),0.792300 (0.714600 + 0.077700),0.787700 (0.710100 + 0.077600),0.787600 (0.710100 + 0.077500),0.792300 (0.714600 + 0.077700),0.791500 (0.713700 + 0.077800),0.792300 (0.714600 + 0.077700),0.787100 (0.709200 + 0.077900),0.794100 (0.716400 + 0.077700),0.793200 (0.715500 + 0.077700),0.791500 (0.713700 + 0.077800),0.787300 (0.709200 + 0.078100),0.784200 (0.706500 + 0.077700),0.791300 (0.713700 + 0.077600),0.795100 (0.717300 + 0.077800),0.791700 (0.713700 + 0.078000),0.794000 (0.716400 + 0.077600),0.793900 (0.716400 + 0.077500),0.793600 (0.715500 + 0.078100),0.784700 (0.706500 + 0.078200),0.791500 (0.713700 + 0.077800),0.791600 (0.713700 + 0.077900),0.794100 (0.716400 + 0.077700),0.793300 (0.715500 + 0.077800),0.794100 (0.716400 + 0.077700),0.792800 (0.714600 + 0.078200),0.784200 (0.706500 + 0.077700),0.788900 (0.711000 + 0.077900),0.792300 (0.714600 + 0.077700),0.792900 (0.715500 + 0.077400),0.791700 (0.713700 + 0.078000),0.791400 (0.713700 + 0.077700),0.785300 (0.707400 + 0.077900),0.788700 (0.711000 + 0.077700),0.794100 (0.716400 + 0.077700),0.792300 (0.714600 + 0.077700),0.794000 (0.716400 + 0.077600),0.794100 (0.716400 + 0.077700),0.791400 (0.713700 + 0.077700),0.790600 (0.712800 + 0.077800),0.795000 (0.717300 + 0.077700),0.786800 (0.709200 + 0.077600)
108,0.788800 (0.711000 + 0.077800),0.787800 (0.710100 + 0.077700),0.789500 (0.711900 + 0.077600),0.789600 (0.711900 + 0.077700),0.789800 (0.711900 + 0.077900),0.788800 (0.711000 + 0.077800),0.789600 (0.711900 + 0.077700),0.788900 (0.711000 + 0.077900),0.786100 (0.708300 + 0.077800),0.789400 (0.711900 + 0.077500),0.790300 (0.712800 + 0.077500),0.789600 (0.711900 + 0.077700),0.789500 (0.711900 + 0.077600),0.789600 (0.711900 + 0.077700),0.789700 (0.711900 + 0.077800),0.789600 (0.711900 + 0.077700),0.789600 (0.711900 + 0.077700),0.788900 (0.711000 + 0.077900),0.789900 (0.711900 + 0.078000),0.788700 (0.711000 + 0.077700),0.787800 (0.710100 + 0.077700),0.785900 (0.708300 + 0.077600),0.789500 (0.711900 + 0.077600),0.789000 (0.711000 + 0.078000),0.789500 (0.711900 + 0.077600),0.789600 (0.711900 + 0.077700),0.789600 (0.711900 + 0.077700),0.790400 (0.712800 + 0.077600),0.785200 (0.707400 + 0.077800),0.788800 (0.711000 + 0.077800),0.789600 (0.711900 + 0.077700),0.789400 (0.711900 + 0.077500),0.787900 (0.710100 + 0.077800),0.788800 (0.711000 + 0.077800),0.789500 (0.711900 + 0.077600),0.788700 (0.711000 + 0.077700),0.789700 (0.711900 + 0.077800),0.790800 (0.712800 + 0.078000),0.789600 (0.711900 + 0.077700),0.784700 (0.706500 + 0.078200),0.792200 (0.714600 + 0.077600),0.789600 (0.711900 + 0.077700),0.788700 (0.711000 + 0.077700),0.789500 (0.711900 + 0.077600),0.788600 (0.711000 + 0.077600),0.784200 (0.706500 + 0.077700),0.787700 (0.710100 + 0.077600),0.788800 (0.711000 + 0.077800),0.789600 (0.711900 + 0.077700),0.791300 (0.713700 + 0.077600)
109,0.803900 (0.726300 + 0.077600),0.808500 (0.730800 + 0.077700),0.809400 (0.731700 + 0.077700),0.803300 (0.725400 + 0.077900),0.808500 (0.730800 + 0.077700),0.809700 (0.731700 + 0.078000),0.798800 (0.720900 + 0.077900),0.807400 (0.729900 + 0.077500),0.800700 (0.722700 + 0.078000),0.809400 (0.731700 + 0.077700),0.807800 (0.729900 + 0.077900),0.808600 (0.730800 + 0.077800),0.807800 (0.729900 + 0.077900),0.808400 (0.730800 + 0.077600),0.809200 (0.731700 + 0.077500),0.809400 (0.731700 + 0.077700),0.810400 (0.732600 + 0.077800),0.807100 (0.729000 + 0.078100),0.809200 (0.731700 + 0.077500),0.810400 (0.732600 + 0.077800),0.809400 (0.731700 + 0.077700),0.809300 (0.731700 + 0.077600),0.808400 (0.730800 + 0.077600),0.806800 (0.729000 + 0.077800),0.809400 (0.731700 + 0.077700),0.809500 (0.731700 + 0.077800),0.810400 (0.732600 + 0.077800),0.808400 (0.730800 + 0.077600),0.809400 (0.731700 + 0.077700),0.808300 (0.730800 + 0.077500),0.809400 (0.731700 + 0.077700),0.809400 (0.731700 + 0.077700),0.809400 (0.731700 + 0.077700),0.808400 (0.730800 + 0.077600),0.794400 (0.716400 + 0.078000),0.809400 (0.731700 + 0.077700),0.809300 (0.731700 + 0.077600),0.809500 (0.731700 + 0.077800),0.802200 (0.724500 + 0.077700),0.809200 (0.731700 + 0.077500),0.809300 (0.731700 + 0.077600),0.810200 (0.732600 + 0.077600),0.804200 (0.726300 + 0.077900),0.803900 (0.726300 + 0.077600),0.809400 (0.731700 + 0.077700),0.809300 (0.731700 + 0.077600),0.808500 (0.730800 + 0.077700),0.808100 (0.729900 + 0.078200),0.809500 (0.731700 + 0.077800),0.813800 (0.736200 + 0.077600)
110,0.801200 (0.723600 + 0.077600),0.801600 (0.723600 + 0.078000),0.801600 (0.723600 + 0.078000),0.802100 (0.724500 + 0.077600),0.802100 (0.724500 + 0.077600),0.802200 (0.724500 + 0.077700),0.802100 (0.724500 + 0.077600),0.802100 (0.724500 + 0.077600),0.802200 (0.724500 + 0.077700),0.802200 (0.724500 + 0.077700),0.802000 (0.724500 + 0.077500),0.802200 (0.724500 + 0.077700),0.802300 (0.724500 + 0.077800),0.802200 (0.724500 + 0.077700),0.797900 (0.720000 + 0.077900),0.798900 (0.720900 + 0.078000),0.802200 (0.724500 + 0.077700),0.801200 (0.723600 + 0.077600),0.802100 (0.724500 + 0.077600),0.799500 (0.721800 + 0.077700),0.802200 (0.724500 + 0.077700),0.802200 (0.724500 + 0.077700),0.802200 (0.724500 + 0.077700),0.802300 (0.724500 + 0.077800),0.801400 (0.723600 + 0.077800),0.802200 (0.724500 + 0.077700),0.802200 (0.724500 + 0.077700),0.802300 (0.724500 + 0.077800),0.802100 (0.724500 + 0.077600),0.801200 (0.723600 + 0.077600),0.801200 (0.723600 + 0.077600),0.801300 (0.723600 + 0.077700),0.802100 (0.724500 + 0.077600),0.802100 (0.724500 + 0.077600),0.802300 (0.724500 + 0.077800),0.802200 (0.724500 + 0.077700),0.802200 (0.724500 + 0.077700),0.802200 (0.724500 + 0.077700),0.802200 (0.724500 + 0.077700),0.802200 (0.724500 + 0.077700),0.802200 (0.724500 + 0.077700),0.802100 (0.724500 + 0.077600),0.801900 (0.723600 + 0.078300),0.802100 (0.724500 + 0.077600),0.801300 (0.723600 + 0.077700),0.802200 (0.724500 + 0.077700),0.802100 (0.724500 + 0.077600),0.801300 (0.723600 + 0.077700),0.800600 (0.722700 + 0.077900),0.801000 (0.723600 + 0.077400)
111,0.792400 (0.714600 + 0.077800),0.792400 (0.714600 + 0.077800),0.792400 (0.714600 + 0.077800),0.792300 (0.714600 + 0.077700),0.792300 (0.714600 + 0.077700),0.792200 (0.714600 + 0.077600),0.790600 (0.712800 + 0.077800),0.792300 (0.714600 + 0.077700),0.792300 (0.714600 + 0.077700),0.790500 (0.712800 + 0.077700),0.792200 (0.714600 + 0.077600),0.793300 (0.715500 + 0.077800),0.792200 (0.714600 + 0.077600),0.792400 (0.714600 + 0.077800),0.792300 (0.714600 + 0.077700),0.792200 (0.714600 + 0.077600),0.792200 (0.714600 + 0.077600),0.792200 (0.714600 + 0.077600),0.792300 (0.714600 + 0.077700),0.792000 (0.714600 + 0.077400),0.792300 (0.714600 + 0.077700),0.792300 (0.714600 + 0.077700),0.792300 (0.714600 + 0.077700),0.792200 (0.714600 + 0.077600),0.795600 (0.717300 + 0.078300),0.792200 (0.714600 + 0.077600),0.788000 (0.710100 + 0.077900),0.790500 (0.712800 + 0.077700),0.792300 (0.714600 + 0.077700),0.792400 (0.714600 + 0.077800),0.792300 (0.714600 + 0.077700),0.792400 (0.714600 + 0.077800),0.790600 (0.712800 + 0.077800),0.792300 (0.714600 + 0.077700),0.792300 (0.714600 + 0.077700),0.792300 (0.714600 + 0.077700),0.792300 (0.714600 + 0.077700),0.789600 (0.711900 + 0.077700),0.792300 (0.714600 + 0.077700),0.792200 (0.714600 + 0.077600),0.792500 (0.714600 + 0.077900),0.792300 (0.714600 + 0.077700),0.792200 (0.714600 + 0.077600),0.792500 (0.714600 + 0.077900),0.792200 (0.714600 + 0.077600),0.792400 (0.714600 + 0.077800),0.790600 (0.712800 + 0.077800),0.790500 (0.712800 + 0.077700),0.790400 (0.712800 + 0.077600),0.792400 (0.714600 + 0.077800)
112,0.800100 (0.721800 + 0.078300),0.800600 (0.722700 + 0.077900),0.800600 (0.722700 + 0.077900),0.800400 (0.722700 + 0.077700),0.801300 (0.723600 + 0.077700),0.800300 (0.722700 + 0.077600),0.800400 (0.722700 + 0.077700),0.801600 (0.723600 + 0.078000),0.800300 (0.722700 + 0.077600),0.800600 (0.722700 + 0.077900),0.800200 (0.722700 + 0.077500),0.801300 (0.723600 + 0.077700),0.800400 (0.722700 + 0.077700),0.800300 (0.722700 + 0.077600),0.801300 (0.723600 + 0.077700),0.799900 (0.721800 + 0.078100),0.802200 (0.724500 + 0.077700),0.800400 (0.722700 + 0.077700),0.801400 (0.723600 + 0.077800),0.801300 (0.723600 + 0.077700),0.801400 (0.723600 + 0.077800),0.802100 (0.724500 + 0.077600),0.798700 (0.720900 + 0.077800),0.800500 (0.722700 + 0.077800),0.802500 (0.724500 + 0.078000),0.794900 (0.717300 + 0.077600),0.799600 (0.721800 + 0.077800),0.801400 (0.723600 + 0.077800),0.801400 (0.723600 + 0.077800),0.801400 (0.723600 + 0.077800),0.801400 (0.723600 + 0.077800),0.800400 (0.722700 + 0.077700),0.801300 (0.723600 + 0.077700),0.801500 (0.723600 + 0.077900),0.800400 (0.722700 + 0.077700),0.801300 (0.723600 + 0.077700),0.800300 (0.722700 + 0.077600),0.801400 (0.723600 + 0.077800),0.800100 (0.722700 + 0.077400),0.801200 (0.723600 + 0.077600),0.801400 (0.723600 + 0.077800),0.801600 (0.723600 + 0.078000),0.800300 (0.722700 + 0.077600),0.800400 (0.722700 + 0.077700),0.801400 (0.723600 + 0.077800),0.801400 (0.723600 + 0.077800),0.800300 (0.722700 + 0.077600),0.801400 (0.723600 + 0.077800),0.800700 (0.722700 + 0.078000),0.799700 (0.721800 + 0.077900)
113,0.800700 (0.722700 + 0.078000),0.797900 (0.720000 + 0.077900),0.802900 (0.725400 + 0.077500),0.798600 (0.720900 + 0.077700),0.797700 (0.720000 + 0.077700),0.798000 (0.720000 + 0.078000),0.797700 (0.720000 + 0.077700),0.797800 (0.720000 + 0.077800),0.797800 (0.720000 + 0.077800),0.797700 (0.720000 + 0.077700),0.797800 (0.720000 + 0.077800),0.798500 (0.720900 + 0.077600),0.797900 (0.720000 + 0.077900),0.789900 (0.711900 + 0.078000),0.797800 (0.720000 + 0.077800),0.799600 (0.721800 + 0.077800),0.797800 (0.720000 + 0.077800),0.798000 (0.720000 + 0.078000),0.798000 (0.720000 + 0.078000),0.797800 (0.720000 + 0.077800),0.798600 (0.720900 + 0.077700),0.797800 (0.720000 + 0.077800),0.797700 (0.720000 + 0.077700),0.797500 (0.720000 + 0.077500),0.798100 (0.720000 + 0.078100),0.797700 (0.720000 + 0.077700),0.798500 (0.720900 + 0.077600),0.798600 (0.720900 + 0.077700),0.797800 (0.720000 + 0.077800),0.797700 (0.720000 + 0.077700),0.797700 (0.720000 + 0.077700),0.803300 (0.725400 + 0.077900),0.797600 (0.720000 + 0.077600),0.798000 (0.720000 + 0.078000),0.798600 (0.720900 + 0.077700),0.798500 (0.720900 + 0.077600),0.798800 (0.720900 + 0.077900),0.797800 (0.720000 + 0.077800),0.797800 (0.720000 + 0.077800),0.797700 (0.720000 + 0.077700),0.803100 (0.725400 + 0.077700),0.798800 (0.720900 + 0.077900),0.797800 (0.720000 + 0.077800),0.798500 (0.720900 + 0.077600),0.798500 (0.720900 + 0.077600),0.798500 (0.720900 + 0.077600),0.803200 (0.725400 + 0.077800),0.797800 (0.720000 + 0.077800),0.798500 (0.720900 + 0.077600),0.797900 (0.720000 + 0.077900)
114,0.802400 (0.724500 + 0.077900),0.804900 (0.727200 + 0.077700),0.802300 (0.724500 + 0.077800),0.805900 (0.728100 + 0.077800),0.805100 (0.727200 + 0.077900),0.804800 (0.727200 + 0.077600),0.804800 (0.727200 + 0.077600),0.804900 (0.727200 + 0.077700),0.802200 (0.724500 + 0.077700),0.804900 (0.727200 + 0.077700),0.804800 (0.727200 + 0.077600),0.807700 (0.729900 + 0.077800),0.807700 (0.729900 + 0.077800),0.807700 (0.729900 + 0.077800),0.805100 (0.727200 + 0.077900),0.807600 (0.729900 + 0.077700),0.805100 (0.727200 + 0.077900),0.807600 (0.729900 + 0.077700),0.804700 (0.727200 + 0.077500),0.805000 (0.727200 + 0.077800),0.804800 (0.727200 + 0.077600),0.802500 (0.724500 + 0.078000),0.804900 (0.727200 + 0.077700),0.802900 (0.725400 + 0.077500),0.805000 (0.727200 + 0.077800),0.804800 (0.727200 + 0.077600),0.804900 (0.727200 + 0.077700),0.807600 (0.729900 + 0.077700),0.803400 (0.725400 + 0.078000),0.813900 (0.736200 + 0.077700),0.804700 (0.727200 + 0.077500),0.807500 (0.729900 + 0.077600),0.804900 (0.727200 + 0.077700),0.804900 (0.727200 + 0.077700),0.807600 (0.729900 + 0.077700),0.807600 (0.729900 + 0.077700),0.791600 (0.713700 + 0.077900),0.807600 (0.729900 + 0.077700),0.805100 (0.727200 + 0.077900),0.804800 (0.727200 + 0.077600),0.807600 (0.729900 + 0.077700),0.802300 (0.724500 + 0.077800),0.809000 (0.730800 + 0.078200),0.805100 (0.727200 + 0.077900),0.807900 (0.729900 + 0.078000),0.806100 (0.728100 + 0.078000),0.807800 (0.729900 + 0.077900),0.802600 (0.724500 + 0.078100),0.807700 (0.729900 + 0.077800),0.804800 (0.727200 + 0.077600)
115,0.803100 (0.725400 + 0.077700),0.805800 (0.728100 + 0.077700),0.805800 (0.728100 + 0.077700),0.807800 (0.729900 + 0.077900),0.802900 (0.724500 + 0.078400),0.805900 (0.728100 + 0.077800),0.805700 (0.728100 + 0.077600),0.806100 (0.728100 + 0.078000),0.805900 (0.728100 + 0.077800),0.802300 (0.724500 + 0.077800),0.808600 (0.730800 + 0.077800),0.806100 (0.728100 + 0.078000),0.802700 (0.724500 + 0.078200),0.803900 (0.725400 + 0.078500),0.806000 (0.728100 + 0.077900),0.803100 (0.725400 + 0.077700),0.805800 (0.728100 + 0.077700),0.802600 (0.724500 + 0.078100),0.807600 (0.729900 + 0.077700),0.803400 (0.725400 + 0.078000),0.806100 (0.728100 + 0.078000),0.805800 (0.728100 + 0.077700),0.805900 (0.728100 + 0.077800),0.803000 (0.725400 + 0.077600),0.805900 (0.728100 + 0.077800),0.805900 (0.728100 + 0.077800),0.803200 (0.725400 + 0.077800),0.805800 (0.728100 + 0.077700),0.805800 (0.728100 + 0.077700),0.805900 (0.728100 + 0.077800),0.806000 (0.728100 + 0.077900),0.806000 (0.728100 + 0.077900),0.806000 (0.728100 + 0.077900),0.805900 (0.728100 + 0.077800),0.806100 (0.728100 + 0.078000),0.805900 (0.728100 + 0.077800),0.805700 (0.728100 + 0.077600),0.805800 (0.728100 + 0.077700),0.805900 (0.728100 + 0.077800),0.805900 (0.728100 + 0.077800),0.806100 (0.728100 + 0.078000),0.805900 (0.728100 + 0.077800),0.805900 (0.728100 + 0.077800),0.805800 (0.728100 + 0.077700),0.805900 (0.728100 + 0.077800),0.808600 (0.730800 + 0.077800),0.802200 (0.724500 + 0.077700),0.805700 (0.728100 + 0.077600),0.805800 (0.728100 + 0.077700),0.806100 (0.728100 + 0.078000)
116,0.804100 (0.726300 + 0.077800),0.804000 (0.726300 + 0.077700),0.802500 (0.724500 + 0.078000),0.804200 (0.726300 + 0.077900),0.802400 (0.724500 + 0.077900),0.803900 (0.726300 + 0.077600),0.808600 (0.730800 + 0.077800),0.802300 (0.724500 + 0.077800),0.802300 (0.724500 + 0.077800),0.802400 (0.724500 + 0.077900),0.802500 (0.724500 + 0.078000),0.804200 (0.726300 + 0.077900),0.804100 (0.726300 + 0.077800),0.804100 (0.726300 + 0.077800),0.802300 (0.724500 + 0.077800),0.802500 (0.724500 + 0.078000),0.802200 (0.724500 + 0.077700),0.804100 (0.726300 + 0.077800),0.804100 (0.726300 + 0.077800),0.802500 (0.724500 + 0.078000),0.802500 (0.724500 + 0.078000),0.804000 (0.726300 + 0.077700),0.806800 (0.729000 + 0.077800),0.802400 (0.724500 + 0.077900),0.805300 (0.727200 + 0.078100),0.804400 (0.726300 + 0.078100),0.804100 (0.726300 + 0.077800),0.802500 (0.724500 + 0.078000),0.802300 (0.724500 + 0.077800),0.804100 (0.726300 + 0.077800),0.802500 (0.724500 + 0.078000),0.802400 (0.724500 + 0.077900),0.804200 (0.726300 + 0.077900),0.802300 (0.724500 + 0.077800),0.804000 (0.726300 + 0.077700),0.802500 (0.724500 + 0.078000),0.802200 (0.724500 + 0.077700),0.802300 (0.724500 + 0.077800),0.807100 (0.729000 + 0.078100),0.804100 (0.726300 + 0.077800),0.804100 (0.726300 + 0.077800),0.804200 (0.726300 + 0.077900),0.802300 (0.724500 + 0.077800),0.802500 (0.724500 + 0.078000),0.804200 (0.726300 + 0.077900),0.804200 (0.726300 + 0.077900),0.804100 (0.726300 + 0.077800),0.802400 (0.724500 + 0.077900),0.802400 (0.724500 + 0.077900),0.804000 (0.726300 + 0.077700)
117,0.786100 (0.708300 + 0.077800),0.789900 (0.711900 + 0.078000),0.789900 (0.711900 + 0.078000),0.789800 (0.711900 + 0.077900),0.790000 (0.711900 + 0.078100),0.789600 (0.711900 + 0.077700),0.788200 (0.710100 + 0.078100),0.790000 (0.711900 + 0.078100),0.790700 (0.712800 + 0.077900),0.789900 (0.711900 + 0.078000),0.789700 (0.711900 + 0.077800),0.789700 (0.711900 + 0.077800),0.789800 (0.711900 + 0.077900),0.786100 (0.708300 + 0.077800),0.787900 (0.710100 + 0.077800),0.790100 (0.711900 + 0.078200),0.792400 (0.714600 + 0.077800),0.789800 (0.711900 + 0.077900),0.789600 (0.711900 + 0.077700),0.789700 (0.711900 + 0.077800),0.789800 (0.711900 + 0.077900),0.789700 (0.711900 + 0.077800),0.789700 (0.711900 + 0.077800),0.789700 (0.711900 + 0.077800),0.789700 (0.711900 + 0.077800),0.790600 (0.712800 + 0.077800),0.790700 (0.712800 + 0.077900),0.789600 (0.711000 + 0.078600),0.789900 (0.711900 + 0.078000),0.789800 (0.711900 + 0.077900),0.789700 (0.711900 + 0.077800),0.789900 (0.711900 + 0.078000),0.789800 (0.711900 + 0.077900),0.789700 (0.711900 + 0.077800),0.789800 (0.711900 + 0.077900),0.787000 (0.709200 + 0.077800),0.791800 (0.713700 + 0.078100),0.789800 (0.711900 + 0.077900),0.786000 (0.708300 + 0.077700),0.787000 (0.709200 + 0.077800),0.787000 (0.709200 + 0.077800),0.789600 (0.711900 + 0.077700),0.791800 (0.713700 + 0.078100),0.787300 (0.709200 + 0.078100),0.789600 (0.711900 + 0.077700),0.787100 (0.709200 + 0.077900),0.789800 (0.711900 + 0.077900),0.789900 (0.711900 + 0.078000),0.788700 (0.711000 + 0.077700),0.789800 (0.711900 + 0.077900)
118,0.791500 (0.713700 + 0.077800),0.791800 (0.713700 + 0.078100),0.790800 (0.712800 + 0.078000),0.788900 (0.711000 + 0.077900),0.790700 (0.712800 + 0.077900),0.789500 (0.711900 + 0.077600),0.790700 (0.712800 + 0.077900),0.788700 (0.711000 + 0.077700),0.790600 (0.712800 + 0.077800),0.789800 (0.711900 + 0.077900),0.790600 (0.712800 + 0.077800),0.788900 (0.711000 + 0.077900),0.781800 (0.703800 + 0.078000),0.790800 (0.712800 + 0.078000),0.790600 (0.712800 + 0.077800),0.790700 (0.712800 + 0.077900),0.788700 (0.711000 + 0.077700),0.785300 (0.707400 + 0.077900),0.790800 (0.712800 + 0.078000),0.788300 (0.710100 + 0.078200),0.788700 (0.711000 + 0.077700),0.791700 (0.713700 + 0.078000),0.790500 (0.712800 + 0.077700),0.788800 (0.711000 + 0.077800),0.791700 (0.713700 + 0.078000),0.790800 (0.712800 + 0.078000),0.789900 (0.711900 + 0.078000),0.790700 (0.712800 + 0.077900),0.789800 (0.711900 + 0.077900),0.791500 (0.713700 + 0.077800),0.789000 (0.711000 + 0.078000),0.788900 (0.711000 + 0.077900),0.790700 (0.712800 + 0.077900),0.790000 (0.711900 + 0.078100),0.790700 (0.712800 + 0.077900),0.789000 (0.711000 + 0.078000),0.790700 (0.712800 + 0.077900),0.790700 (0.712800 + 0.077900),0.790600 (0.712800 + 0.077800),0.785400 (0.707400 + 0.078000),0.791700 (0.713700 + 0.078000),0.790800 (0.712800 + 0.078000),0.790800 (0.712800 + 0.078000),0.788900 (0.711000 + 0.077900),0.791600 (0.713700 + 0.077900),0.790600 (0.712800 + 0.077800),0.790600 (0.712800 + 0.077800),0.789000 (0.711000 + 0.078000),0.788900 (0.711000 + 0.077900),0.791600 (0.713700 + 0.077900)
119,0.799900 (0.721800 + 0.078100),0.808700 (0.730800 + 0.077900),0.804300 (0.726300 + 0.078000),0.807700 (0.729900 + 0.077800),0.804400 (0.726300 + 0.078100),0.808700 (0.730800 + 0.077900),0.807800 (0.729900 + 0.077900),0.808700 (0.730800 + 0.077900),0.807700 (0.729900 + 0.077800),0.808600 (0.730800 + 0.077800),0.803300 (0.725400 + 0.077900),0.803400 (0.725400 + 0.078000),0.804300 (0.726300 + 0.078000),0.807800 (0.729900 + 0.077900),0.808700 (0.730800 + 0.077900),0.807900 (0.729900 + 0.078000),0.799800 (0.721800 + 0.078000),0.806300 (0.728100 + 0.078200),0.804400 (0.726300 + 0.078100),0.803600 (0.725400 + 0.078200),0.799900 (0.721800 + 0.078100),0.807800 (0.729900 + 0.077900),0.807700 (0.729900 + 0.077800),0.807700 (0.729900 + 0.077800),0.808800 (0.730800 + 0.078000),0.808800 (0.730800 + 0.078000),0.808800 (0.730800 + 0.078000),0.799900 (0.721800 + 0.078100),0.803400 (0.725400 + 0.078000),0.808600 (0.730800 + 0.077800),0.799800 (0.721800 + 0.078000),0.803200 (0.725400 + 0.077800),0.807900 (0.729900 + 0.078000),0.808600 (0.730800 + 0.077800),0.807900 (0.729900 + 0.078000),0.808900 (0.730800 + 0.078100),0.807700 (0.729900 + 0.077800),0.808700 (0.730800 + 0.077900),0.807900 (0.729900 + 0.078000),0.808700 (0.730800 + 0.077900),0.807900 (0.729900 + 0.078000),0.808600 (0.730800 + 0.077800),0.808600 (0.730800 + 0.077800),0.808800 (0.730800 + 0.078000),0.799700 (0.721800 + 0.077900),0.808800 (0.730800 + 0.078000),0.808900 (0.730800 + 0.078100),0.803300 (0.725400 + 0.077900),0.808700 (0.730800 + 0.077900),0.807700 (0.729900 + 0.077800)
120,0.793600 (0.715500 + 0.078100),0.790000 (0.711900 + 0.078100),0.792400 (0.714600 + 0.077800),0.793500 (0.715500 + 0.078000),0.792400 (0.714600 + 0.077800),0.793300 (0.715500 + 0.077800),0.795300 (0.717300 + 0.078000),0.792400 (0.714600 + 0.077800),0.793500 (0.715500 + 0.078000),0.793400 (0.715500 + 0.077900),0.792600 (0.714600 + 0.078000),0.792600 (0.714600 + 0.078000),0.792400 (0.714600 + 0.077800),0.793300 (0.715500 + 0.077800),0.783600 (0.705600 + 0.078000),0.793500 (0.715500 + 0.078000),0.792600 (0.714600 + 0.078000),0.792500 (0.714600 + 0.077900),0.792700 (0.714600 + 0.078100),0.794400 (0.716400 + 0.078000),0.793600 (0.715500 + 0.078100),0.793400 (0.715500 + 0.077900),0.793600 (0.715500 + 0.078100),0.793600 (0.715500 + 0.078100),0.793500 (0.715500 + 0.078000),0.793500 (0.715500 + 0.078000),0.793500 (0.715500 + 0.078000),0.792600 (0.714600 + 0.078000),0.793600 (0.715500 + 0.078100),0.793500 (0.715500 + 0.078000),0.793300 (0.715500 + 0.077800),0.792600 (0.714600 + 0.078000),0.789900 (0.711900 + 0.078000),0.793400 (0.715500 + 0.077900),0.793400 (0.715500 + 0.077900),0.793500 (0.715500 + 0.078000),0.792700 (0.714600 + 0.078100),0.793500 (0.715500 + 0.078000),0.792600 (0.714600 + 0.078000),0.792500 (0.714600 + 0.077900),0.793400 (0.715500 + 0.077900),0.793600 (0.715500 + 0.078100),0.793600 (0.715500 + 0.078100),0.792300 (0.714600 + 0.077700),0.793400 (0.715500 + 0.077900),0.793600 (0.715500 + 0.078100),0.793400 (0.715500 + 0.077900),0.793500 (0.715500 + 0.078000),0.793500 (0.715500 + 0.078000),0.792500 (0.714600 + 0.077900)
121,0.789700 (0.711900 + 0.077800),0.795300 (0.717300 + 0.078000),0.795400 (0.717300 + 0.078100),0.790900 (0.712800 + 0.078100),0.796100 (0.718200 + 0.077900),0.794300 (0.716400 + 0.077900),0.795300 (0.717300 + 0.078000),0.795500 (0.717300 + 0.078200),0.795200 (0.717300 + 0.077900),0.795200 (0.717300 + 0.077900),0.795300 (0.717300 + 0.078000),0.795400 (0.717300 + 0.078100),0.795200 (0.717300 + 0.077900),0.795400 (0.717300 + 0.078100),0.795400 (0.717300 + 0.078100),0.795300 (0.717300 + 0.078000),0.794400 (0.716400 + 0.078000),0.795300 (0.717300 + 0.078000),0.795300 (0.717300 + 0.078000),0.794600 (0.716400 + 0.078200),0.795100 (0.717300 + 0.077800),0.795300 (0.717300 + 0.078000),0.795300 (0.717300 + 0.078000),0.795300 (0.717300 + 0.078000),0.795400 (0.717300 + 0.078100),0.795400 (0.717300 + 0.078100),0.795400 (0.717300 + 0.078100),0.795400 (0.717300 + 0.078100),0.790700 (0.712800 + 0.077900),0.796200 (0.718200 + 0.078000),0.795100 (0.717300 + 0.077800),0.795300 (0.717300 + 0.078000),0.795300 (0.717300 + 0.078000),0.795400 (0.717300 + 0.078100),0.797600 (0.719100 + 0.078500),0.795100 (0.717300 + 0.077800),0.795400 (0.717300 + 0.078100),0.794400 (0.716400 + 0.078000),0.796000 (0.718200 + 0.077800),0.796000 (0.718200 + 0.077800),0.794400 (0.716400 + 0.078000),0.795400 (0.717300 + 0.078100),0.795300 (0.717300 + 0.078000),0.795200 (0.717300 + 0.077900),0.790800 (0.712800 + 0.078000),0.796400 (0.718200 + 0.078200),0.795200 (0.717300 + 0.077900),0.795200 (0.717300 + 0.077900),0.796400 (0.718200 + 0.078200),0.795300 (0.717300 + 0.078000)
122,0.809300 (0.730800 + 0.078500),0.806900 (0.729000 + 0.077900),0.804200 (0.726300 + 0.077900),0.804300 (0.726300 + 0.078000),0.806900 (0.729000 + 0.077900),0.807100 (0.729000 + 0.078100),0.807100 (0.729000 + 0.078100),0.807000 (0.729000 + 0.078000),0.801800 (0.723600 + 0.078200),0.799900 (0.721800 + 0.078100),0.807100 (0.729000 + 0.078100),0.807100 (0.729000 + 0.078100),0.807000 (0.729000 + 0.078000),0.804500 (0.726300 + 0.078200),0.806000 (0.728100 + 0.077900),0.807200 (0.729000 + 0.078200),0.807000 (0.729000 + 0.078000),0.807000 (0.729000 + 0.078000),0.807900 (0.729900 + 0.078000),0.807000 (0.729000 + 0.078000),0.807100 (0.729000 + 0.078100),0.807100 (0.729000 + 0.078100),0.807000 (0.729000 + 0.078000),0.804100 (0.726300 + 0.077800),0.807000 (0.729000 + 0.078000),0.806800 (0.729000 + 0.077800),0.807000 (0.729000 + 0.078000),0.806800 (0.729000 + 0.077800),0.807000 (0.729000 + 0.078000),0.804500 (0.726300 + 0.078200),0.806900 (0.729000 + 0.077900),0.807000 (0.729000 + 0.078000),0.807100 (0.729000 + 0.078100),0.807000 (0.729000 + 0.078000),0.807100 (0.729000 + 0.078100),0.807000 (0.729000 + 0.078000),0.804400 (0.726300 + 0.078100),0.805100 (0.727200 + 0.077900),0.807100 (0.729000 + 0.078100),0.807000 (0.729000 + 0.078000),0.807000 (0.729000 + 0.078000),0.806300 (0.728100 + 0.078200),0.804400 (0.726300 + 0.078100),0.807300 (0.729000 + 0.078300),0.807000 (0.729000 + 0.078000),0.807000 (0.729000 + 0.078000),0.805200 (0.727200 + 0.078000),0.807100 (0.729000 + 0.078100),0.804400 (0.726300 + 0.078100),0.807100 (0.729000 + 0.078100)
123,0.786800 (0.708300 + 0.078500),0.785500 (0.707400 + 0.078100),0.785400 (0.707400 + 0.078000),0.785400 (0.707400 + 0.078000),0.784800 (0.706500 + 0.078300),0.785500 (0.707400 + 0.078100),0.785400 (0.707400 + 0.078000),0.785400 (0.707400 + 0.078000),0.786400 (0.708300 + 0.078100),0.785500 (0.707400 + 0.078100),0.785500 (0.707400 + 0.078100),0.785500 (0.707400 + 0.078100),0.784400 (0.706500 + 0.077900),0.785700 (0.707400 + 0.078300),0.785400 (0.707400 + 0.078000),0.785400 (0.707400 + 0.078000),0.785400 (0.707400 + 0.078000),0.788100 (0.710100 + 0.078000),0.785400 (0.707400 + 0.078000),0.785600 (0.707400 + 0.078200),0.785400 (0.707400 + 0.078000),0.785300 (0.707400 + 0.077900),0.783800 (0.705600 + 0.078200),0.785400 (0.707400 + 0.078000),0.785400 (0.707400 + 0.078000),0.785400 (0.707400 + 0.078000),0.785500 (0.707400 + 0.078100),0.785500 (0.707400 + 0.078100),0.785400 (0.707400 + 0.078000),0.785500 (0.707400 + 0.078100),0.784500 (0.706500 + 0.078000),0.785600 (0.707400 + 0.078200),0.786500 (0.708300 + 0.078200),0.785800 (0.707400 + 0.078400),0.785600 (0.707400 + 0.078200),0.785500 (0.707400 + 0.078100),0.785400 (0.707400 + 0.078000),0.785500 (0.707400 + 0.078100),0.786500 (0.708300 + 0.078200),0.785500 (0.707400 + 0.078100),0.785500 (0.707400 + 0.078100),0.781100 (0.702900 + 0.078200),0.785300 (0.707400 + 0.077900),0.785700 (0.707400 + 0.078300),0.785500 (0.707400 + 0.078100),0.785500 (0.707400 + 0.078100),0.785700 (0.707400 + 0.078300),0.785500 (0.707400 + 0.078100),0.785300 (0.707400 + 0.077900),0.785500 (0.707400 + 0.078100)
124,0.808800 (0.730800 + 0.078000),0.811600 (0.733500 + 0.078100),0.804300 (0.726300 + 0.078000),0.809000 (0.730800 + 0.078200),0.808800 (0.730800 + 0.078000),0.809100 (0.730800 + 0.078300),0.809700 (0.731700 + 0.078000),0.808900 (0.730800 + 0.078100),0.808800 (0.730800 + 0.078000),0.808800 (0.730800 + 0.078000),0.809100 (0.730800 + 0.078300),0.808900 (0.730800 + 0.078100),0.809000 (0.730800 + 0.078200),0.803600 (0.725400 + 0.078200),0.806200 (0.728100 + 0.078100),0.809000 (0.730800 + 0.078200),0.808800 (0.730800 + 0.078000),0.805900 (0.727200 + 0.078700),0.808800 (0.730800 + 0.078000),0.808900 (0.730800 + 0.078100),0.808700 (0.730800 + 0.077900),0.809000 (0.730800 + 0.078200),0.808800 (0.730800 + 0.078000),0.808800 (0.730800 + 0.078000),0.808000 (0.729900 + 0.078100),0.806300 (0.728100 + 0.078200),0.808900 (0.730800 + 0.078100),0.808900 (0.730800 + 0.078100),0.806300 (0.728100 + 0.078200),0.809000 (0.730800 + 0.078200),0.808900 (0.730800 + 0.078100),0.808900 (0.730800 + 0.078100),0.808900 (0.730800 + 0.078100),0.806200 (0.728100 + 0.078100),0.808800 (0.730800 + 0.078000),0.809000 (0.730800 + 0.078200),0.808800 (0.730800 + 0.078000),0.808900 (0.730800 + 0.078100),0.806500 (0.728100 + 0.078400),0.806300 (0.728100 + 0.078200),0.808900 (0.730800 + 0.078100),0.808800 (0.730800 + 0.078000),0.808900 (0.730800 + 0.078100),0.808900 (0.730800 + 0.078100),0.808900 (0.730800 + 0.078100),0.808700 (0.730800 + 0.077900),0.809000 (0.730800 + 0.078200),0.808900 (0.730800 + 0.078100),0.806300 (0.728100 + 0.078200),0.808900 (0.730800 + 0.078100)
125,0.795400 (0.717300 + 0.078100),0.794500 (0.716400 + 0.078100),0.794600 (0.716400 + 0.078200),0.794400 (0.716400 + 0.078000),0.794500 (0.716400 + 0.078100),0.795400 (0.717300 + 0.078100),0.794600 (0.716400 + 0.078200),0.794400 (0.716400 + 0.078000),0.797400 (0.719100 + 0.078300),0.794600 (0.716400 + 0.078200),0.794400 (0.716400 + 0.078000),0.794500 (0.716400 + 0.078100),0.794500 (0.716400 + 0.078100),0.794500 (0.716400 + 0.078100),0.794500 (0.716400 + 0.078100),0.795500 (0.717300 + 0.078200),0.793500 (0.715500 + 0.078000),0.794400 (0.716400 + 0.078000),0.794400 (0.716400 + 0.078000),0.794400 (0.716400 + 0.078000),0.788300 (0.710100 + 0.078200),0.794700 (0.716400 + 0.078300),0.794300 (0.716400 + 0.077900),0.794700 (0.716400 + 0.078300),0.794600 (0.716400 + 0.078200),0.794400 (0.716400 + 0.078000),0.792600 (0.714600 + 0.078000),0.795400 (0.717300 + 0.078100),0.794500 (0.716400 + 0.078100),0.794700 (0.716400 + 0.078300),0.794500 (0.716400 + 0.078100),0.794700 (0.716400 + 0.078300),0.794700 (0.716400 + 0.078300),0.794600 (0.716400 + 0.078200),0.794300 (0.716400 + 0.077900),0.794400 (0.716400 + 0.078000),0.794500 (0.716400 + 0.078100),0.794500 (0.716400 + 0.078100),0.794400 (0.716400 + 0.078000),0.794600 (0.716400 + 0.078200),0.794600 (0.716400 + 0.078200),0.787500 (0.709200 + 0.078300),0.794600 (0.716400 + 0.078200),0.794600 (0.716400 + 0.078200),0.794600 (0.716400 + 0.078200),0.794600 (0.716400 + 0.078200),0.794500 (0.716400 + 0.078100),0.794500 (0.716400 + 0.078100),0.794500 (0.716400 + 0.078100),0.794500 (0.716400 + 0.078100)
126,0.803700 (0.725400 + 0.078300),0.809700 (0.731700 + 0.078000),0.810000 (0.731700 + 0.078300),0.809900 (0.731700 + 0.078200),0.809700 (0.731700 + 0.078000),0.809900 (0.731700 + 0.078200),0.809700 (0.731700 + 0.078000),0.810000 (0.731700 + 0.078300),0.809900 (0.731700 + 0.078200),0.809900 (0.731700 + 0.078200),0.810100 (0.731700 + 0.078400),0.809800 (0.731700 + 0.078100),0.808900 (0.730800 + 0.078100),0.809900 (0.731700 + 0.078200),0.809800 (0.731700 + 0.078100),0.809800 (0.731700 + 0.078100),0.809800 (0.731700 + 0.078100),0.809800 (0.731700 + 0.078100),0.809700 (0.731700 + 0.078000),0.809800 (0.731700 + 0.078100),0.810000 (0.731700 + 0.078300),0.810000 (0.731700 + 0.078300),0.809900 (0.731700 + 0.078200),0.809800 (0.731700 + 0.078100),0.810000 (0.731700 + 0.078300),0.809900 (0.731700 + 0.078200),0.809900 (0.731700 + 0.078200),0.809800 (0.731700 + 0.078100),0.809000 (0.730800 + 0.078200),0.809900 (0.731700 + 0.078200),0.809800 (0.731700 + 0.078100),0.812500 (0.734400 + 0.078100),0.809900 (0.731700 + 0.078200),0.810700 (0.732600 + 0.078100),0.809800 (0.731700 + 0.078100),0.809900 (0.731700 + 0.078200),0.809800 (0.731700 + 0.078100),0.809600 (0.731700 + 0.077900),0.809800 (0.731700 + 0.078100),0.809800 (0.731700 + 0.078100),0.809900 (0.731700 + 0.078200),0.810000 (0.731700 + 0.078300),0.809900 (0.731700 + 0.078200),0.809800 (0.731700 + 0.078100),0.809900 (0.731700 + 0.078200),0.809800 (0.731700 + 0.078100),0.809800 (0.731700 + 0.078100),0.809800 (0.731700 + 0.078100),0.810000 (0.731700 + 0.078300),0.809800 (0.731700 + 0.078100)
127,0.791000 (0.712800 + 0.078200),0.798200 (0.720000 + 0.078200),0.798100 (0.720000 + 0.078100),0.799000 (0.720900 + 0.078100),0.798200 (0.720000 + 0.078200),0.798300 (0.720000 + 0.078300),0.798300 (0.720000 + 0.078300),0.798300 (0.720000 + 0.078300),0.798200 (0.720000 + 0.078200),0.791800 (0.713700 + 0.078100),0.797300 (0.719100 + 0.078200),0.798200 (0.720000 + 0.078200),0.798300 (0.720000 + 0.078300),0.798300 (0.720000 + 0.078300),0.798000 (0.720000 + 0.078000),0.798300 (0.720000 + 0.078300),0.798200 (0.720000 + 0.078200),0.797200 (0.719100 + 0.078100),0.798200 (0.720000 + 0.078200),0.799100 (0.720900 + 0.078200),0.798100 (0.720000 + 0.078100),0.799000 (0.720900 + 0.078100),0.799000 (0.720900 + 0.078100),0.798200 (0.720000 + 0.078200),0.798100 (0.720000 + 0.078100),0.798300 (0.720000 + 0.078300),0.798100 (0.720000 + 0.078100),0.798400 (0.720000 + 0.078400),0.798100 (0.720000 + 0.078100),0.798300 (0.720000 + 0.078300),0.799000 (0.720900 + 0.078100),0.798400 (0.720000 + 0.078400),0.798200 (0.720000 + 0.078200),0.798100 (0.720000 + 0.078100),0.798300 (0.720000 + 0.078300),0.798200 (0.720000 + 0.078200),0.798300 (0.720000 + 0.078300),0.798200 (0.720000 + 0.078200),0.799100 (0.720900 + 0.078200),0.798100 (0.720000 + 0.078100),0.798200 (0.720000 + 0.078200),0.798200 (0.720000 + 0.078200),0.799100 (0.720900 + 0.078200),0.798100 (0.720000 + 0.078100),0.798200 (0.720000 + 0.078200),0.798100 (0.720000 + 0.078100),0.798100 (0.720000 + 0.078100),0.798300 (0.720000 + 0.078300),0.798100 (0.720000 + 0.078100),0.798200 (0.720000 + 0.078200)
128,0.816200 (0.738000 + 0.078200),0.816200 (0.738000 + 0.078200),0.816400 (0.738000 + 0.078400),0.816300 (0.738000 + 0.078300),0.816300 (0.738000 + 0.078300),0.816300 (0.738000 + 0.078300),0.816200 (0.738000 + 0.078200),0.815000 (0.737100 + 0.077900),0.816200 (0.738000 + 0.078200),0.816100 (0.738000 + 0.078100),0.816200 (0.738000 + 0.078200),0.816200 (0.738000 + 0.078200),0.816200 (0.738000 + 0.078200),0.816300 (0.738000 + 0.078300),0.816100 (0.738000 + 0.078100),0.816300 (0.738000 + 0.078300),0.816200 (0.738000 + 0.078200),0.816100 (0.738000 + 0.078100),0.816200 (0.738000 + 0.078200),0.816100 (0.738000 + 0.078100),0.816100 (0.738000 + 0.078100),0.816300 (0.738000 + 0.078300),0.816200 (0.738000 + 0.078200),0.816300 (0.738000 + 0.078300),0.816200 (0.738000 + 0.078200),0.816300 (0.738000 + 0.078300),0.816300 (0.738000 + 0.078300),0.816300 (0.738000 + 0.078300),0.816200 (0.738000 + 0.078200),0.816100 (0.738000 + 0.078100),0.816100 (0.738000 + 0.078100),0.816200 (0.738000 + 0.078200),0.813600 (0.735300 + 0.078300),0.816200 (0.738000 + 0.078200),0.816200 (0.738000 + 0.078200),0.816400 (0.738000 + 0.078400),0.816000 (0.738000 + 0.078000),0.813700 (0.735300 + 0.078400),0.816200 (0.738000 + 0.078200),0.816100 (0.738000 + 0.078100),0.817000 (0.738900 + 0.078100),0.816200 (0.738000 + 0.078200),0.816100 (0.738000 + 0.078100),0.816100 (0.738000 + 0.078100),0.816100 (0.738000 + 0.078100),0.816200 (0.738000 + 0.078200),0.816300 (0.738000 + 0.078300),0.816200 (0.738000 + 0.078200),0.816200 (0.738000 + 0.078200),0.816300 (0.738000 + 0.078300)
129,0.806200 (0.728100 + 0.078100),0.809000 (0.730800 + 0.078200),0.808900 (0.730800 + 0.078100),0.807300 (0.729000 + 0.078300),0.807300 (0.729000 + 0.078300),0.807400 (0.729000 + 0.078400),0.807200 (0.729000 + 0.078200),0.807300 (0.729000 + 0.078300),0.806200 (0.728100 + 0.078100),0.807100 (0.729000 + 0.078100),0.809000 (0.730800 + 0.078200),0.807200 (0.729000 + 0.078200),0.807300 (0.729000 + 0.078300),0.807300 (0.729000 + 0.078300),0.807200 (0.729000 + 0.078200),0.807100 (0.729000 + 0.078100),0.807300 (0.729000 + 0.078300),0.807100 (0.729000 + 0.078100),0.807200 (0.729000 + 0.078200),0.807400 (0.729000 + 0.078400),0.807300 (0.729000 + 0.078300),0.807300 (0.729000 + 0.078300),0.807100 (0.729000 + 0.078100),0.809100 (0.730800 + 0.078300),0.809000 (0.730800 + 0.078200),0.807200 (0.729000 + 0.078200),0.807300 (0.729000 + 0.078300),0.807400 (0.729000 + 0.078400),0.809000 (0.730800 + 0.078200),0.809000 (0.730800 + 0.078200),0.807100 (0.729000 + 0.078100),0.807300 (0.729000 + 0.078300),0.807300 (0.729000 + 0.078300),0.807100 (0.729000 + 0.078100),0.809100 (0.730800 + 0.078300),0.806400 (0.728100 + 0.078300),0.807200 (0.729000 + 0.078200),0.808000 (0.729900 + 0.078100),0.807200 (0.729000 + 0.078200),0.807200 (0.729000 + 0.078200),0.807200 (0.729000 + 0.078200),0.809100 (0.730800 + 0.078300),0.807200 (0.729000 + 0.078200),0.808900 (0.730800 + 0.078100),0.805600 (0.727200 + 0.078400),0.806100 (0.728100 + 0.078000),0.806400 (0.728100 + 0.078300),0.809000 (0.730800 + 0.078200),0.807200 (0.729000 + 0.078200),0.804600 (0.726300 + 0.078300)
130,0.795600 (0.717300 + 0.078300),0.795600 (0.717300 + 0.078300),0.798200 (0.720000 + 0.078200),0.795600 (0.717300 + 0.078300),0.795500 (0.717300 + 0.078200),0.792700 (0.714600 + 0.078100),0.795700 (0.717300 + 0.078400),0.795700 (0.717300 + 0.078400),0.795700 (0.717300 + 0.078400),0.795400 (0.717300 + 0.078100),0.795600 (0.717300 + 0.078300),0.795500 (0.717300 + 0.078200),0.795500 (0.717300 + 0.078200),0.795600 (0.717300 + 0.078300),0.795700 (0.717300 + 0.078400),0.795500 (0.717300 + 0.078200),0.795500 (0.717300 + 0.078200),0.798100 (0.720000 + 0.078100),0.795500 (0.717300 + 0.078200),0.795600 (0.717300 + 0.078300),0.795600 (0.717300 + 0.078300),0.795600 (0.717300 + 0.078300),0.793800 (0.715500 + 0.078300),0.795700 (0.717300 + 0.078400),0.795600 (0.717300 + 0.078300),0.795500 (0.717300 + 0.078200),0.795600 (0.717300 + 0.078300),0.793700 (0.715500 + 0.078200),0.794600 (0.716400 + 0.078200),0.795500 (0.717300 + 0.078200),0.795500 (0.717300 + 0.078200),0.795500 (0.717300 + 0.078200),0.795500 (0.717300 + 0.078200),0.795500 (0.717300 + 0.078200),0.795600 (0.717300 + 0.078300),0.795600 (0.717300 + 0.078300),0.795600 (0.717300 + 0.078300),0.795600 (0.717300 + 0.078300),0.795500 (0.717300 + 0.078200),0.794700 (0.716400 + 0.078300),0.795600 (0.717300 + 0.078300),0.795600 (0.717300 + 0.078300),0.795500 (0.717300 + 0.078200),0.795300 (0.717300 + 0.078000),0.795600 (0.717300 + 0.078300),0.795600 (0.717300 + 0.078300),0.795500 (0.717300 + 0.078200),0.797200 (0.719100 + 0.078100),0.796400 (0.718200 + 0.078200),0.795600 (0.717300 + 0.078300)
131,0.803600 (0.725400 + 0.078200),0.804600 (0.726300 + 0.078300),0.804700 (0.726300 + 0.078400),0.801000 (0.722700 + 0.078300),0.804600 (0.726300 + 0.078300),0.804600 (0.726300 + 0.078300),0.802700 (0.724500 + 0.078200),0.804600 (0.726300 + 0.078300),0.804600 (0.726300 + 0.078300),0.804600 (0.726300 + 0.078300),0.804600 (0.726300 + 0.078300),0.801800 (0.723600 + 0.078200),0.804600 (0.726300 + 0.078300),0.804600 (0.726300 + 0.078300),0.804600 (0.726300 + 0.078300),0.802700 (0.724500 + 0.078200),0.804400 (0.726300 + 0.078100),0.804600 (0.726300 + 0.078300),0.804700 (0.726300 + 0.078400),0.804700 (0.726300 + 0.078400),0.802700 (0.724500 + 0.078200),0.802700 (0.724500 + 0.078200),0.802800 (0.724500 + 0.078300),0.804600 (0.726300 + 0.078300),0.803700 (0.725400 + 0.078300),0.803800 (0.725400 + 0.078400),0.804600 (0.726300 + 0.078300),0.802700 (0.724500 + 0.078200),0.805400 (0.727200 + 0.078200),0.802800 (0.724500 + 0.078300),0.804800 (0.726300 + 0.078500),0.804600 (0.726300 + 0.078300),0.804600 (0.726300 + 0.078300),0.804400 (0.726300 + 0.078100),0.802900 (0.724500 + 0.078400),0.803700 (0.725400 + 0.078300),0.804600 (0.726300 + 0.078300),0.802800 (0.724500 + 0.078300),0.804600 (0.726300 + 0.078300),0.804600 (0.726300 + 0.078300),0.804700 (0.726300 + 0.078400),0.804600 (0.726300 + 0.078300),0.804700 (0.726300 + 0.078400),0.804600 (0.726300 + 0.078300),0.804700 (0.726300 + 0.078400),0.804700 (0.726300 + 0.078400),0.804600 (0.726300 + 0.078300),0.804600 (0.726300 + 0.078300),0.802800 (0.724500 + 0.078300),0.804600 (0.726300 + 0.078300)
132,0.789200 (0.711000 + 0.078200),0.790200 (0.711900 + 0.078300),0.790300 (0.711900 + 0.078400),0.790300 (0.711900 + 0.078400),0.791000 (0.712800 + 0.078200),0.790300 (0.711900 + 0.078400),0.790200 (0.711900 + 0.078300),0.790300 (0.711900 + 0.078400),0.790200 (0.711900 + 0.078300),0.790400 (0.711900 + 0.078500),0.790200 (0.711900 + 0.078300),0.790200 (0.711900 + 0.078300),0.790200 (0.711900 + 0.078300),0.790300 (0.711900 + 0.078400),0.790200 (0.711900 + 0.078300),0.790500 (0.711900 + 0.078600),0.790300 (0.711900 + 0.078400),0.790300 (0.711900 + 0.078400),0.790000 (0.711900 + 0.078100),0.791100 (0.712800 + 0.078300),0.790200 (0.711900 + 0.078300),0.792100 (0.713700 + 0.078400),0.790200 (0.711900 + 0.078300),0.790200 (0.711900 + 0.078300),0.790200 (0.711900 + 0.078300),0.790100 (0.711900 + 0.078200),0.790300 (0.711900 + 0.078400),0.790200 (0.711900 + 0.078300),0.790200 (0.711900 + 0.078300),0.783000 (0.704700 + 0.078300),0.790200 (0.711900 + 0.078300),0.790100 (0.711900 + 0.078200),0.789300 (0.711000 + 0.078300),0.790200 (0.711900 + 0.078300),0.791200 (0.712800 + 0.078400),0.792100 (0.713700 + 0.078400),0.790300 (0.711900 + 0.078400),0.790200 (0.711900 + 0.078300),0.790300 (0.711900 + 0.078400),0.790200 (0.711900 + 0.078300),0.790300 (0.711900 + 0.078400),0.790200 (0.711900 + 0.078300),0.792900 (0.714600 + 0.078300),0.793800 (0.715500 + 0.078300),0.790200 (0.711900 + 0.078300),0.790200 (0.711900 + 0.078300),0.790400 (0.711900 + 0.078500),0.790300 (0.711900 + 0.078400),0.789300 (0.711000 + 0.078300),0.790300 (0.711900 + 0.078400)
133,0.796500 (0.718200 + 0.078300),0.796600 (0.718200 + 0.078400),0.796600 (0.718200 + 0.078400),0.797300 (0.719100 + 0.078200),0.796600 (0.718200 + 0.078400),0.795600 (0.717300 + 0.078300),0.797300 (0.719100 + 0.078200),0.793800 (0.715500 + 0.078300),0.796600 (0.718200 + 0.078400),0.797500 (0.719100 + 0.078400),0.793200 (0.714600 + 0.078600),0.791200 (0.712800 + 0.078400),0.796500 (0.718200 + 0.078300),0.796500 (0.718200 + 0.078300),0.796500 (0.718200 + 0.078300),0.796600 (0.718200 + 0.078400),0.796600 (0.718200 + 0.078400),0.796600 (0.718200 + 0.078400),0.796500 (0.718200 + 0.078300),0.796600 (0.718200 + 0.078400),0.796500 (0.718200 + 0.078300),0.795600 (0.717300 + 0.078300),0.796500 (0.718200 + 0.078300),0.796500 (0.718200 + 0.078300),0.796500 (0.718200 + 0.078300),0.796500 (0.718200 + 0.078300),0.793800 (0.715500 + 0.078300),0.797500 (0.719100 + 0.078400),0.796500 (0.718200 + 0.078300),0.796500 (0.718200 + 0.078300),0.796600 (0.718200 + 0.078400),0.796500 (0.718200 + 0.078300),0.796500 (0.718200 + 0.078300),0.796500 (0.718200 + 0.078300),0.793100 (0.714600 + 0.078500),0.798000 (0.720000 + 0.078000),0.796600 (0.718200 + 0.078400),0.795700 (0.717300 + 0.078400),0.796500 (0.718200 + 0.078300),0.796500 (0.718200 + 0.078300),0.796500 (0.718200 + 0.078300),0.795700 (0.717300 + 0.078400),0.796500 (0.718200 + 0.078300),0.797300 (0.719100 + 0.078200),0.796500 (0.718200 + 0.078300),0.797300 (0.719100 + 0.078200),0.796500 (0.718200 + 0.078300),0.797500 (0.719100 + 0.078400),0.796600 (0.718200 + 0.078400),0.796500 (0.718200 + 0.078300)
134,0.798300 (0.720000 + 0.078300),0.802900 (0.724500 + 0.078400),0.802800 (0.724500 + 0.078300),0.802800 (0.724500 + 0.078300),0.803000 (0.724500 + 0.078500),0.802900 (0.724500 + 0.078400),0.803000 (0.724500 + 0.078500),0.802700 (0.724500 + 0.078200),0.802900 (0.724500 + 0.078400),0.799800 (0.721800 + 0.078000),0.802800 (0.724500 + 0.078300),0.802900 (0.724500 + 0.078400),0.802500 (0.724500 + 0.078000),0.800100 (0.721800 + 0.078300),0.796300 (0.718200 + 0.078100),0.802700 (0.724500 + 0.078200),0.802900 (0.724500 + 0.078400),0.802800 (0.724500 + 0.078300),0.802900 (0.724500 + 0.078400),0.802900 (0.724500 + 0.078400),0.802900 (0.724500 + 0.078400),0.802900 (0.724500 + 0.078400),0.802900 (0.724500 + 0.078400),0.802700 (0.724500 + 0.078200),0.802900 (0.724500 + 0.078400),0.802900 (0.724500 + 0.078400),0.802900 (0.724500 + 0.078400),0.802800 (0.724500 + 0.078300),0.800900 (0.722700 + 0.078200),0.798000 (0.719100 + 0.078900),0.799100 (0.720900 + 0.078200),0.802700 (0.724500 + 0.078200),0.802900 (0.724500 + 0.078400),0.802800 (0.724500 + 0.078300),0.802800 (0.724500 + 0.078300),0.803000 (0.724500 + 0.078500),0.802800 (0.724500 + 0.078300),0.802800 (0.724500 + 0.078300),0.802800 (0.724500 + 0.078300),0.798400 (0.720000 + 0.078400),0.802800 (0.724500 + 0.078300),0.802900 (0.724500 + 0.078400),0.802900 (0.724500 + 0.078400),0.802800 (0.724500 + 0.078300),0.802900 (0.724500 + 0.078400),0.802900 (0.724500 + 0.078400),0.802900 (0.724500 + 0.078400),0.802900 (0.724500 + 0.078400),0.802900 (0.724500 + 0.078400),0.802700 (0.724500 + 0.078200)
135,0.800300 (0.721800 + 0.078500),0.800200 (0.721800 + 0.078400),0.800200 (0.721800 + 0.078400),0.800200 (0.721800 + 0.078400),0.799300 (0.720900 + 0.078400),0.800200 (0.721800 + 0.078400),0.800000 (0.721800 + 0.078200),0.784100 (0.705600 + 0.078500),0.800200 (0.721800 + 0.078400),0.800200 (0.721800 + 0.078400),0.800000 (0.721800 + 0.078200),0.800200 (0.721800 + 0.078400),0.800100 (0.721800 + 0.078300),0.800200 (0.721800 + 0.078400),0.800200 (0.721800 + 0.078400),0.800200 (0.721800 + 0.078400),0.800200 (0.721800 + 0.078400),0.800300 (0.721800 + 0.078500),0.800200 (0.721800 + 0.078400),0.800200 (0.721800 + 0.078400),0.800200 (0.721800 + 0.078400),0.800200 (0.721800 + 0.078400),0.800100 (0.721800 + 0.078300),0.800200 (0.721800 + 0.078400),0.800200 (0.721800 + 0.078400),0.800200 (0.721800 + 0.078400),0.800300 (0.721800 + 0.078500),0.800300 (0.721800 + 0.078500),0.800200 (0.721800 + 0.078400),0.800200 (0.721800 + 0.078400),0.800300 (0.721800 + 0.078500),0.800300 (0.721800 + 0.078500),0.800200 (0.721800 + 0.078400),0.800100 (0.721800 + 0.078300),0.800100 (0.721800 + 0.078300),0.800200 (0.721800 + 0.078400),0.800200 (0.721800 + 0.078400),0.794800 (0.716400 + 0.078400),0.800100 (0.721800 + 0.078300),0.793700 (0.715500 + 0.078200),0.800200 (0.721800 + 0.078400),0.800200 (0.721800 + 0.078400),0.800300 (0.721800 + 0.078500),0.800200 (0.721800 + 0.078400),0.799300 (0.720900 + 0.078400),0.800300 (0.721800 + 0.078500),0.800100 (0.721800 + 0.078300),0.800300 (0.721800 + 0.078500),0.800200 (0.721800 + 0.078400),0.800200 (0.721800 + 0.078400)
136,0.796700 (0.718200 + 0.078500),0.801100 (0.722700 + 0.078400),0.803000 (0.724500 + 0.078500),0.802900 (0.724500 + 0.078400),0.802900 (0.724500 + 0.078400),0.802800 (0.724500 + 0.078300),0.803000 (0.724500 + 0.078500),0.803000 (0.724500 + 0.078500),0.797500 (0.719100 + 0.078400),0.801200 (0.722700 + 0.078500),0.801100 (0.722700 + 0.078400),0.802900 (0.724500 + 0.078400),0.802900 (0.724500 + 0.078400),0.801200 (0.722700 + 0.078500),0.801200 (0.722700 + 0.078500),0.803000 (0.724500 + 0.078500),0.802900 (0.724500 + 0.078400),0.802800 (0.724500 + 0.078300),0.803000 (0.724500 + 0.078500),0.802800 (0.724500 + 0.078300),0.802900 (0.724500 + 0.078400),0.803000 (0.724500 + 0.078500),0.802800 (0.724500 + 0.078300),0.802900 (0.724500 + 0.078400),0.797600 (0.719100 + 0.078500),0.801200 (0.722700 + 0.078500),0.801100 (0.722700 + 0.078400),0.801000 (0.722700 + 0.078300),0.802900 (0.724500 + 0.078400),0.802900 (0.724500 + 0.078400),0.802900 (0.724500 + 0.078400),0.802900 (0.724500 + 0.078400),0.800300 (0.721800 + 0.078500),0.803000 (0.724500 + 0.078500),0.802900 (0.724500 + 0.078400),0.803000 (0.724500 + 0.078500),0.802800 (0.724500 + 0.078300),0.801200 (0.722700 + 0.078500),0.801200 (0.722700 + 0.078500),0.801200 (0.722700 + 0.078500),0.801100 (0.722700 + 0.078400),0.801200 (0.722700 + 0.078500),0.802900 (0.724500 + 0.078400),0.801100 (0.722700 + 0.078400),0.803000 (0.724500 + 0.078500),0.803000 (0.724500 + 0.078500),0.801800 (0.723600 + 0.078200),0.803000 (0.724500 + 0.078500),0.801100 (0.722700 + 0.078400),0.802900 (0.724500 + 0.078400)
137,0.803900 (0.725400 + 0.078500),0.803800 (0.725400 + 0.078400),0.803800 (0.725400 + 0.078400),0.803800 (0.725400 + 0.078400),0.803800 (0.725400 + 0.078400),0.803900 (0.725400 + 0.078500),0.803800 (0.725400 + 0.078400),0.805500 (0.727200 + 0.078300),0.803800 (0.725400 + 0.078400),0.803900 (0.725400 + 0.078500),0.804800 (0.726300 + 0.078500),0.798900 (0.720000 + 0.078900),0.803900 (0.725400 + 0.078500),0.803900 (0.725400 + 0.078500),0.803800 (0.725400 + 0.078400),0.803800 (0.725400 + 0.078400),0.803900 (0.725400 + 0.078500),0.803700 (0.725400 + 0.078300),0.803900 (0.725400 + 0.078500),0.803900 (0.725400 + 0.078500),0.803800 (0.725400 + 0.078400),0.803700 (0.725400 + 0.078300),0.803800 (0.725400 + 0.078400),0.803800 (0.725400 + 0.078400),0.803900 (0.725400 + 0.078500),0.803900 (0.725400 + 0.078500),0.803900 (0.725400 + 0.078500),0.803900 (0.725400 + 0.078500),0.803900 (0.725400 + 0.078500),0.803700 (0.725400 + 0.078300),0.803900 (0.725400 + 0.078500),0.803900 (0.725400 + 0.078500),0.803700 (0.725400 + 0.078300),0.804700 (0.726300 + 0.078400),0.803900 (0.725400 + 0.078500),0.803900 (0.725400 + 0.078500),0.803800 (0.725400 + 0.078400),0.803800 (0.725400 + 0.078400),0.798500 (0.720000 + 0.078500),0.804800 (0.726300 + 0.078500),0.803900 (0.725400 + 0.078500),0.795000 (0.716400 + 0.078600),0.803800 (0.725400 + 0.078400),0.803800 (0.725400 + 0.078400),0.803900 (0.725400 + 0.078500),0.803900 (0.725400 + 0.078500),0.803700 (0.725400 + 0.078300),0.804800 (0.726300 + 0.078500),0.803800 (0.725400 + 0.078400),0.799400 (0.720900 + 0.078500)
138,0.810900 (0.732600 + 0.078300),0.810200 (0.731700 + 0.078500),0.810100 (0.731700 + 0.078400),0.809300 (0.730800 + 0.078500),0.809300 (0.730800 + 0.078500),0.811100 (0.732600 + 0.078500),0.810200 (0.731700 + 0.078500),0.809300 (0.730800 + 0.078500),0.809300 (0.730800 + 0.078500),0.809200 (0.730800 + 0.078400),0.810200 (0.731700 + 0.078500),0.809300 (0.730800 + 0.078500),0.807500 (0.729000 + 0.078500),0.809200 (0.730800 + 0.078400),0.809300 (0.730800 + 0.078500),0.809300 (0.730800 + 0.078500),0.809300 (0.730800 + 0.078500),0.809300 (0.730800 + 0.078500),0.809300 (0.730800 + 0.078500),0.809300 (0.730800 + 0.078500),0.809300 (0.730800 + 0.078500),0.809300 (0.730800 + 0.078500),0.809300 (0.730800 + 0.078500),0.805500 (0.727200 + 0.078300),0.809100 (0.730800 + 0.078300),0.810100 (0.731700 + 0.078400),0.811000 (0.732600 + 0.078400),0.809300 (0.730800 + 0.078500),0.809200 (0.730800 + 0.078400),0.809300 (0.730800 + 0.078500),0.810200 (0.731700 + 0.078500),0.809300 (0.730800 + 0.078500),0.809300 (0.730800 + 0.078500),0.809300 (0.730800 + 0.078500),0.809300 (0.730800 + 0.078500),0.809100 (0.730800 + 0.078300),0.811000 (0.732600 + 0.078400),0.809100 (0.730800 + 0.078300),0.809300 (0.730800 + 0.078500),0.810100 (0.731700 + 0.078400),0.809400 (0.730800 + 0.078600),0.809300 (0.730800 + 0.078500),0.811000 (0.732600 + 0.078400),0.809300 (0.730800 + 0.078500),0.809200 (0.730800 + 0.078400),0.810900 (0.732600 + 0.078300),0.806900 (0.728100 + 0.078800),0.809300 (0.730800 + 0.078500),0.810100 (0.731700 + 0.078400),0.809300 (0.730800 + 0.078500)
139,0.802100 (0.723600 + 0.078500),0.804800 (0.726300 + 0.078500),0.801100 (0.722700 + 0.078400),0.802000 (0.723600 + 0.078400),0.800100 (0.721800 + 0.078300),0.801900 (0.723600 + 0.078300),0.804800 (0.726300 + 0.078500),0.804700 (0.726300 + 0.078400),0.804800 (0.726300 + 0.078500),0.804800 (0.726300 + 0.078500),0.804800 (0.726300 + 0.078500),0.804800 (0.726300 + 0.078500),0.800300 (0.721800 + 0.078500),0.802100 (0.723600 + 0.078500),0.797000 (0.718200 + 0.078800),0.804900 (0.726300 + 0.078600),0.800300 (0.721800 + 0.078500),0.804800 (0.726300 + 0.078500),0.801100 (0.722700 + 0.078400),0.804600 (0.726300 + 0.078300),0.804800 (0.726300 + 0.078500),0.804800 (0.726300 + 0.078500),0.804800 (0.726300 + 0.078500),0.804800 (0.726300 + 0.078500),0.804800 (0.726300 + 0.078500),0.804800 (0.726300 + 0.078500),0.804800 (0.726300 + 0.078500),0.802100 (0.723600 + 0.078500),0.804700 (0.726300 + 0.078400),0.804800 (0.726300 + 0.078500),0.802000 (0.723600 + 0.078400),0.804800 (0.726300 + 0.078500),0.804800 (0.726300 + 0.078500),0.801900 (0.723600 + 0.078300),0.793900 (0.715500 + 0.078400),0.804800 (0.726300 + 0.078500),0.794000 (0.715500 + 0.078500),0.804800 (0.726300 + 0.078500),0.804700 (0.726300 + 0.078400),0.804800 (0.726300 + 0.078500),0.804800 (0.726300 + 0.078500),0.801800 (0.723600 + 0.078200),0.802000 (0.723600 + 0.078400),0.804700 (0.726300 + 0.078400),0.801000 (0.722700 + 0.078300),0.800600 (0.721800 + 0.078800),0.804800 (0.726300 + 0.078500),0.804800 (0.726300 + 0.078500),0.804800 (0.726300 + 0.078500),0.804800 (0.726300 + 0.078500)
140,0.796800 (0.718200 + 0.078600),0.795700 (0.717300 + 0.078400),0.791300 (0.712800 + 0.078500),0.791300 (0.712800 + 0.078500),0.795800 (0.717300 + 0.078500),0.791200 (0.712800 + 0.078400),0.791300 (0.712800 + 0.078500),0.792200 (0.713700 + 0.078500),0.795700 (0.717300 + 0.078400),0.791300 (0.712800 + 0.078500),0.795800 (0.717300 + 0.078500),0.786600 (0.708300 + 0.078300),0.795700 (0.717300 + 0.078400),0.792200 (0.713700 + 0.078500),0.795800 (0.717300 + 0.078500),0.795700 (0.717300 + 0.078400),0.795700 (0.717300 + 0.078400),0.791300 (0.712800 + 0.078500),0.791300 (0.712800 + 0.078500),0.791300 (0.712800 + 0.078500),0.791300 (0.712800 + 0.078500),0.789700 (0.711000 + 0.078700),0.792300 (0.713700 + 0.078600),0.791300 (0.712800 + 0.078500),0.791200 (0.712800 + 0.078400),0.788300 (0.710100 + 0.078200),0.791300 (0.712800 + 0.078500),0.791300 (0.712800 + 0.078500),0.795800 (0.717300 + 0.078500),0.791300 (0.712800 + 0.078500),0.791300 (0.712800 + 0.078500),0.791200 (0.712800 + 0.078400),0.791200 (0.712800 + 0.078400),0.795800 (0.717300 + 0.078500),0.791100 (0.712800 + 0.078300),0.791200 (0.712800 + 0.078400),0.791200 (0.712800 + 0.078400),0.791400 (0.712800 + 0.078600),0.788500 (0.710100 + 0.078400),0.791300 (0.712800 + 0.078500),0.791300 (0.712800 + 0.078500),0.791300 (0.712800 + 0.078500),0.795800 (0.717300 + 0.078500),0.791200 (0.712800 + 0.078400),0.791300 (0.712800 + 0.078500),0.791400 (0.712800 + 0.078600),0.791200 (0.712800 + 0.078400),0.791200 (0.712800 + 0.078400),0.783300 (0.704700 + 0.078600),0.791300 (0.712800 + 0.078500)
141,0.804000 (0.725400 + 0.078600),0.799400 (0.720900 + 0.078500),0.799200 (0.720900 + 0.078300),0.803000 (0.724500 + 0.078500),0.802700 (0.724500 + 0.078200),0.799400 (0.720900 + 0.078500),0.799300 (0.720900 + 0.078400),0.799400 (0.720900 + 0.078500),0.795000 (0.716400 + 0.078600),0.803000 (0.724500 + 0.078500),0.799400 (0.720900 + 0.078500),0.803000 (0.724500 + 0.078500),0.803000 (0.724500 + 0.078500),0.803000 (0.724500 + 0.078500),0.802900 (0.724500 + 0.078400),0.802300 (0.723600 + 0.078700),0.799500 (0.720900 + 0.078600),0.799400 (0.720900 + 0.078500),0.801100 (0.722700 + 0.078400),0.799500 (0.720900 + 0.078600),0.803000 (0.724500 + 0.078500),0.799300 (0.720900 + 0.078400),0.799400 (0.720900 + 0.078500),0.802900 (0.724500 + 0.078400),0.799400 (0.720900 + 0.078500),0.799400 (0.720900 + 0.078500),0.802900 (0.724500 + 0.078400),0.803000 (0.724500 + 0.078500),0.799500 (0.720900 + 0.078600),0.799400 (0.720900 + 0.078500),0.798500 (0.720000 + 0.078500),0.799300 (0.720900 + 0.078400),0.801300 (0.722700 + 0.078600),0.802900 (0.724500 + 0.078400),0.803000 (0.724500 + 0.078500),0.803000 (0.724500 + 0.078500),0.803000 (0.724500 + 0.078500),0.803300 (0.724500 + 0.078800),0.801200 (0.722700 + 0.078500),0.802900 (0.724500 + 0.078400),0.799300 (0.720900 + 0.078400),0.799300 (0.720900 + 0.078400),0.799400 (0.720900 + 0.078500),0.796700 (0.718200 + 0.078500),0.803000 (0.724500 + 0.078500),0.803000 (0.724500 + 0.078500),0.798400 (0.720000 + 0.078400),0.799300 (0.720900 + 0.078400),0.799400 (0.720900 + 0.078500),0.802900 (0.724500 + 0.078400)
142,0.818400 (0.739800 + 0.078600),0.821000 (0.742500 + 0.078500),0.820900 (0.742500 + 0.078400),0.818200 (0.739800 + 0.078400),0.821000 (0.742500 + 0.078500),0.818400 (0.739800 + 0.078600),0.821100 (0.742500 + 0.078600),0.817500 (0.738900 + 0.078600),0.818400 (0.739800 + 0.078600),0.821000 (0.742500 + 0.078500),0.818400 (0.739800 + 0.078600),0.821100 (0.742500 + 0.078600),0.818200 (0.739800 + 0.078400),0.821000 (0.742500 + 0.078500),0.820900 (0.742500 + 0.078400),0.818400 (0.739800 + 0.078600),0.821000 (0.742500 + 0.078500),0.812900 (0.734400 + 0.078500),0.820900 (0.742500 + 0.078400),0.821000 (0.742500 + 0.078500),0.821000 (0.742500 + 0.078500),0.821000 (0.742500 + 0.078500),0.820000 (0.741600 + 0.078400),0.818200 (0.739800 + 0.078400),0.820900 (0.742500 + 0.078400),0.820900 (0.742500 + 0.078400),0.816700 (0.738000 + 0.078700),0.821000 (0.742500 + 0.078500),0.814800 (0.736200 + 0.078600),0.821000 (0.742500 + 0.078500),0.817300 (0.738900 + 0.078400),0.821000 (0.742500 + 0.078500),0.816800 (0.738000 + 0.078800),0.813400 (0.734400 + 0.079000),0.818300 (0.739800 + 0.078500),0.820900 (0.742500 + 0.078400),0.815900 (0.737100 + 0.078800),0.821000 (0.742500 + 0.078500),0.818200 (0.739800 + 0.078400),0.818300 (0.739800 + 0.078500),0.821000 (0.742500 + 0.078500),0.821100 (0.742500 + 0.078600),0.820900 (0.742500 + 0.078400),0.807800 (0.729000 + 0.078800),0.816700 (0.738000 + 0.078700),0.821000 (0.742500 + 0.078500),0.820900 (0.742500 + 0.078400),0.818400 (0.739800 + 0.078600),0.819200 (0.740700 + 0.078500),0.821000 (0.742500 + 0.078500)
143,0.802200 (0.723600 + 0.078600),0.802100 (0.723600 + 0.078500),0.802900 (0.724500 + 0.078400),0.801200 (0.722700 + 0.078500),0.801100 (0.722700 + 0.078400),0.801200 (0.722700 + 0.078500),0.802100 (0.723600 + 0.078500),0.802000 (0.723600 + 0.078400),0.802100 (0.723600 + 0.078500),0.802000 (0.723600 + 0.078400),0.801000 (0.722700 + 0.078300),0.801100 (0.722700 + 0.078400),0.798400 (0.720000 + 0.078400),0.802000 (0.723600 + 0.078400),0.802100 (0.723600 + 0.078500),0.802100 (0.723600 + 0.078500),0.802000 (0.723600 + 0.078400),0.802100 (0.723600 + 0.078500),0.802000 (0.723600 + 0.078400),0.801200 (0.722700 + 0.078500),0.800300 (0.721800 + 0.078500),0.802100 (0.723600 + 0.078500),0.802200 (0.723600 + 0.078600),0.802100 (0.723600 + 0.078500),0.802100 (0.723600 + 0.078500),0.802200 (0.723600 + 0.078600),0.802000 (0.723600 + 0.078400),0.799200 (0.720900 + 0.078300),0.802100 (0.723600 + 0.078500),0.802100 (0.723600 + 0.078500),0.802000 (0.723600 + 0.078400),0.802100 (0.723600 + 0.078500),0.801400 (0.722700 + 0.078700),0.800800 (0.721800 + 0.079000),0.799600 (0.720900 + 0.078700),0.802100 (0.723600 + 0.078500),0.802100 (0.723600 + 0.078500),0.802100 (0.723600 + 0.078500),0.802100 (0.723600 + 0.078500),0.801300 (0.722700 + 0.078600),0.797300 (0.718200 + 0.079100),0.802100 (0.723600 + 0.078500),0.795000 (0.716400 + 0.078600),0.802000 (0.723600 + 0.078400),0.802200 (0.723600 + 0.078600),0.802100 (0.723600 + 0.078500),0.802000 (0.723600 + 0.078400),0.802100 (0.723600 + 0.078500),0.802000 (0.723600 + 0.078400),0.802100 (0.723600 + 0.078500)
144,0.796600 (0.718200 + 0.078400),0.796600 (0.718200 + 0.078400),0.798500 (0.720000 + 0.078500),0.798500 (0.720000 + 0.078500),0.798500 (0.720000 + 0.078500),0.798500 (0.720000 + 0.078500),0.798400 (0.720000 + 0.078400),0.800300 (0.721800 + 0.078500),0.800300 (0.721800 + 0.078500),0.798500 (0.720000 + 0.078500),0.798500 (0.720000 + 0.078500),0.798400 (0.720000 + 0.078400),0.798600 (0.720000 + 0.078600),0.798500 (0.720000 + 0.078500),0.801100 (0.722700 + 0.078400),0.798600 (0.720000 + 0.078600),0.796600 (0.718200 + 0.078400),0.798500 (0.720000 + 0.078500),0.798400 (0.720000 + 0.078400),0.798600 (0.720000 + 0.078600),0.798500 (0.720000 + 0.078500),0.798500 (0.720000 + 0.078500),0.798500 (0.720000 + 0.078500),0.799300 (0.720900 + 0.078400),0.798600 (0.720000 + 0.078600),0.798600 (0.720000 + 0.078600),0.798400 (0.720000 + 0.078400),0.798500 (0.720000 + 0.078500),0.798500 (0.720000 + 0.078500),0.798500 (0.720000 + 0.078500),0.798500 (0.720000 + 0.078500),0.798500 (0.720000 + 0.078500),0.793800 (0.715500 + 0.078300),0.798500 (0.720000 + 0.078500),0.798400 (0.720000 + 0.078400),0.798600 (0.720000 + 0.078600),0.798500 (0.720000 + 0.078500),0.798500 (0.720000 + 0.078500),0.798500 (0.720000 + 0.078500),0.798500 (0.720000 + 0.078500),0.798500 (0.720000 + 0.078500),0.798400 (0.720000 + 0.078400),0.798400 (0.720000 + 0.078400),0.795900 (0.717300 + 0.078600),0.803700 (0.724500 + 0.079200),0.798500 (0.720000 + 0.078500),0.798500 (0.720000 + 0.078500),0.799200 (0.720900 + 0.078300),0.798500 (0.720000 + 0.078500),0.798500 (0.720000 + 0.078500)
145,0.793800 (0.714600 + 0.079200),0.793800 (0.714600 + 0.079200),0.794000 (0.715500 + 0.078500),0.793200 (0.714600 + 0.078600),0.792900 (0.714600 + 0.078300),0.794100 (0.715500 + 0.078600),0.794000 (0.715500 + 0.078500),0.797400 (0.719100 + 0.078300),0.794100 (0.715500 + 0.078600),0.793900 (0.715500 + 0.078400),0.795800 (0.717300 + 0.078500),0.792100 (0.713700 + 0.078400),0.794100 (0.715500 + 0.078600),0.798300 (0.720000 + 0.078300),0.794900 (0.716400 + 0.078500),0.794000 (0.715500 + 0.078500),0.793700 (0.714600 + 0.079100),0.794100 (0.715500 + 0.078600),0.798100 (0.719100 + 0.079000),0.794000 (0.715500 + 0.078500),0.794000 (0.715500 + 0.078500),0.794100 (0.715500 + 0.078600),0.794000 (0.715500 + 0.078500),0.792000 (0.712800 + 0.079200),0.794100 (0.715500 + 0.078600),0.795000 (0.716400 + 0.078600),0.794000 (0.715500 + 0.078500),0.793900 (0.715500 + 0.078400),0.794000 (0.715500 + 0.078500),0.794100 (0.715500 + 0.078600),0.794900 (0.716400 + 0.078500),0.794000 (0.715500 + 0.078500),0.794000 (0.715500 + 0.078500),0.792300 (0.713700 + 0.078600),0.792100 (0.713700 + 0.078400),0.794100 (0.715500 + 0.078600),0.798500 (0.720000 + 0.078500),0.795700 (0.717300 + 0.078400),0.793200 (0.714600 + 0.078600),0.798400 (0.720000 + 0.078400),0.793300 (0.714600 + 0.078700),0.798100 (0.719100 + 0.079000),0.794000 (0.715500 + 0.078500),0.802300 (0.723600 + 0.078700),0.794000 (0.715500 + 0.078500),0.793400 (0.714600 + 0.078800),0.798500 (0.720000 + 0.078500),0.794100 (0.715500 + 0.078600),0.794000 (0.715500 + 0.078500),0.794000 (0.715500 + 0.078500)
146,0.798700 (0.720000 + 0.078700),0.796700 (0.718200 + 0.078500),0.796600 (0.717300 + 0.079300),0.796700 (0.718200 + 0.078500),0.796700 (0.718200 + 0.078500),0.796700 (0.718200 + 0.078500),0.799000 (0.720000 + 0.079000),0.796800 (0.718200 + 0.078600),0.796800 (0.718200 + 0.078600),0.789500 (0.710100 + 0.079400),0.796700 (0.718200 + 0.078500),0.796700 (0.718200 + 0.078500),0.799000 (0.720000 + 0.079000),0.796700 (0.718200 + 0.078500),0.796700 (0.718200 + 0.078500),0.798700 (0.720000 + 0.078700),0.799000 (0.720000 + 0.079000),0.798900 (0.720000 + 0.078900),0.796700 (0.718200 + 0.078500),0.798800 (0.720000 + 0.078800),0.793300 (0.714600 + 0.078700),0.788200 (0.710100 + 0.078100),0.790500 (0.711900 + 0.078600),0.798500 (0.720000 + 0.078500),0.796700 (0.718200 + 0.078500),0.799900 (0.720900 + 0.079000),0.799900 (0.720900 + 0.079000),0.796800 (0.718200 + 0.078600),0.796800 (0.718200 + 0.078600),0.796800 (0.718200 + 0.078600),0.795800 (0.717300 + 0.078500),0.799300 (0.720900 + 0.078400),0.799800 (0.720900 + 0.078900),0.796500 (0.718200 + 0.078300),0.796700 (0.718200 + 0.078500),0.796400 (0.717300 + 0.079100),0.796800 (0.718200 + 0.078600),0.793200 (0.714600 + 0.078600),0.798600 (0.720000 + 0.078600),0.796800 (0.718200 + 0.078600),0.801400 (0.722700 + 0.078700),0.796800 (0.718200 + 0.078600),0.795700 (0.717300 + 0.078400),0.796400 (0.717300 + 0.079100),0.796600 (0.718200 + 0.078400),0.796500 (0.718200 + 0.078300),0.796500 (0.718200 + 0.078300),0.796700 (0.718200 + 0.078500),0.796800 (0.718200 + 0.078600),0.793200 (0.714600 + 0.078600)
147,0.801400 (0.722700 + 0.078700),0.803500 (0.724500 + 0.079000),0.801100 (0.722700 + 0.078400),0.803000 (0.724500 + 0.078500),0.802700 (0.723600 + 0.079100),0.801100 (0.722700 + 0.078400),0.801300 (0.722700 + 0.078600),0.801300 (0.722700 + 0.078600),0.800300 (0.721800 + 0.078500),0.798700 (0.720000 + 0.078700),0.801200 (0.722700 + 0.078500),0.798400 (0.720000 + 0.078400),0.802700 (0.723600 + 0.079100),0.801300 (0.722700 + 0.078600),0.801300 (0.722700 + 0.078600),0.800200 (0.721800 + 0.078400),0.803100 (0.724500 + 0.078600),0.801200 (0.722700 + 0.078500),0.802500 (0.723600 + 0.078900),0.801100 (0.722700 + 0.078400),0.802700 (0.723600 + 0.079100),0.800000 (0.720900 + 0.079100),0.805100 (0.726300 + 0.078800),0.803500 (0.724500 + 0.079000),0.798700 (0.720000 + 0.078700),0.802600 (0.723600 + 0.079000),0.801200 (0.722700 + 0.078500),0.798700 (0.720000 + 0.078700),0.801200 (0.722700 + 0.078500),0.798000 (0.719100 + 0.078900),0.803300 (0.724500 + 0.078800),0.803500 (0.724500 + 0.079000),0.801400 (0.722700 + 0.078700),0.800300 (0.721800 + 0.078500),0.800300 (0.721800 + 0.078500),0.803600 (0.724500 + 0.079100),0.800600 (0.721800 + 0.078800),0.801300 (0.722700 + 0.078600),0.801200 (0.722700 + 0.078500),0.801300 (0.722700 + 0.078600),0.800200 (0.721800 + 0.078400),0.801300 (0.722700 + 0.078600),0.801200 (0.722700 + 0.078500),0.800400 (0.721800 + 0.078600),0.798600 (0.720000 + 0.078600),0.802600 (0.723600 + 0.079000),0.801300 (0.722700 + 0.078600),0.798400 (0.720000 + 0.078400),0.802800 (0.723600 + 0.079200),0.800000 (0.720900 + 0.079100)
148,0.797900 (0.719100 + 0.078800),0.798200 (0.719100 + 0.079100),0.797500 (0.719100 + 0.078400),0.799400 (0.720900 + 0.078500),0.797700 (0.719100 + 0.078600),0.797700 (0.719100 + 0.078600),0.800900 (0.721800 + 0.079100),0.797700 (0.719100 + 0.078600),0.799100 (0.720000 + 0.079100),0.797800 (0.719100 + 0.078700),0.797200 (0.718200 + 0.079000),0.798600 (0.720000 + 0.078600),0.801700 (0.722700 + 0.079000),0.797600 (0.719100 + 0.078500),0.798600 (0.720000 + 0.078600),0.790500 (0.711900 + 0.078600),0.796700 (0.718200 + 0.078500),0.793400 (0.714600 + 0.078800),0.797900 (0.719100 + 0.078800),0.801000 (0.721800 + 0.079200),0.801000 (0.721800 + 0.079200),0.799000 (0.720000 + 0.079000),0.798800 (0.720000 + 0.078800),0.798200 (0.719100 + 0.079100),0.797600 (0.719100 + 0.078500),0.800800 (0.721800 + 0.079000),0.801400 (0.722700 + 0.078700),0.803500 (0.724500 + 0.079000),0.797900 (0.719100 + 0.078800),0.801200 (0.722700 + 0.078500),0.798000 (0.719100 + 0.078900),0.797700 (0.719100 + 0.078600),0.800800 (0.721800 + 0.079000),0.799400 (0.720900 + 0.078500),0.797700 (0.719100 + 0.078600),0.800800 (0.721800 + 0.079000),0.794900 (0.715500 + 0.079400),0.800800 (0.721800 + 0.079000),0.797600 (0.719100 + 0.078500),0.799000 (0.720000 + 0.079000),0.789600 (0.711000 + 0.078600),0.801400 (0.722700 + 0.078700),0.799000 (0.720000 + 0.079000),0.796700 (0.718200 + 0.078500),0.798100 (0.719100 + 0.079000),0.797700 (0.719100 + 0.078600),0.797700 (0.719100 + 0.078600),0.798900 (0.720000 + 0.078900),0.798200 (0.719100 + 0.079100),0.798000 (0.719100 + 0.078900)
149,0.798100 (0.719100 + 0.079000),0.800800 (0.721800 + 0.079000),0.800600 (0.721800 + 0.078800),0.801500 (0.722700 + 0.078800),0.800000 (0.720900 + 0.079100),0.794100 (0.714600 + 0.079500),0.798400 (0.720000 + 0.078400),0.796700 (0.718200 + 0.078500),0.797300 (0.718200 + 0.079100),0.799900 (0.720900 + 0.079000),0.798500 (0.720000 + 0.078500),0.799900 (0.720900 + 0.079000),0.799000 (0.720000 + 0.079000),0.795900 (0.717300 + 0.078600),0.798600 (0.720000 + 0.078600),0.800800 (0.721800 + 0.079000),0.799000 (0.720000 + 0.079000),0.800000 (0.720900 + 0.079100),0.793800 (0.715500 + 0.078300),0.799100 (0.720000 + 0.079100),0.801500 (0.722700 + 0.078800),0.800700 (0.721800 + 0.078900),0.794400 (0.715500 + 0.078900),0.796400 (0.717300 + 0.079100),0.797600 (0.719100 + 0.078500),0.796700 (0.718200 + 0.078500),0.797600 (0.719100 + 0.078500),0.798000 (0.719100 + 0.078900),0.801700 (0.722700 + 0.079000),0.799100 (0.720000 + 0.079100),0.796400 (0.717300 + 0.079100),0.800800 (0.721800 + 0.079000),0.799100 (0.720000 + 0.079100),0.800800 (0.721800 + 0.079000),0.794000 (0.715500 + 0.078500),0.797400 (0.718200 + 0.079200),0.800800 (0.721800 + 0.079000),0.797200 (0.718200 + 0.079000),0.799200 (0.720000 + 0.079200),0.799100 (0.720000 + 0.079100),0.799000 (0.720000 + 0.079000),0.797500 (0.719100 + 0.078400),0.801600 (0.722700 + 0.078900),0.797800 (0.719100 + 0.078700),0.799000 (0.720000 + 0.079000),0.799200 (0.720000 + 0.079200),0.799100 (0.720000 + 0.079100),0.800800 (0.721800 + 0.079000),0.799000 (0.720000 + 0.079000),0.801600 (0.722700 + 0.078900)
150,0.790100 (0.711000 + 0.079100),0.790000 (0.711000 + 0.079000),0.790100 (0.711000 + 0.079100),0.790000 (0.711000 + 0.079000),0.790900 (0.711900 + 0.079000),0.789900 (0.711000 + 0.078900),0.787700 (0.708300 + 0.079400),0.789900 (0.711000 + 0.078900),0.790000 (0.711000 + 0.079000),0.790200 (0.711000 + 0.079200),0.790000 (0.711000 + 0.079000),0.788300 (0.709200 + 0.079100),0.789400 (0.711000 + 0.078400),0.791000 (0.711900 + 0.079100),0.789900 (0.711000 + 0.078900),0.789800 (0.711000 + 0.078800),0.790000 (0.711000 + 0.079000),0.790000 (0.711000 + 0.079000),0.790200 (0.711000 + 0.079200),0.789900 (0.711000 + 0.078900),0.789900 (0.711000 + 0.078900),0.790900 (0.711900 + 0.079000),0.790900 (0.711900 + 0.079000),0.790200 (0.711000 + 0.079200),0.790000 (0.711000 + 0.079000),0.789800 (0.711000 + 0.078800),0.789800 (0.711000 + 0.078800),0.790100 (0.711000 + 0.079100),0.789100 (0.710100 + 0.079000),0.790000 (0.711000 + 0.079000),0.784600 (0.705600 + 0.079000),0.790100 (0.711000 + 0.079100),0.789300 (0.710100 + 0.079200),0.790100 (0.711000 + 0.079100),0.790900 (0.711900 + 0.079000),0.790000 (0.711000 + 0.079000),0.790000 (0.711000 + 0.079000),0.791700 (0.712800 + 0.078900),0.790000 (0.711000 + 0.079000),0.790000 (0.711000 + 0.079000),0.790100 (0.711000 + 0.079100),0.788200 (0.709200 + 0.079000),0.790900 (0.711900 + 0.079000),0.790000 (0.711000 + 0.079000),0.790000 (0.711000 + 0.079000),0.789200 (0.710100 + 0.079100),0.790200 (0.711000 + 0.079200),0.789800 (0.711000 + 0.078800),0.791700 (0.712800 + 0.078900),0.789100 (0.710100 + 0.079000)
