Generation,Entry1,Entry2,Entry3,Entry4,Entry5,Entry6,Entry7,Entry8,Entry9,Entry10,Entry11,Entry12,Entry13,Entry14,Entry15,Entry16,Entry17,Entry18,Entry19,Entry20,Entry21,Entry22,Entry23,Entry24,Entry25,Entry26,Entry27,Entry28,Entry29,Entry30,Entry31,Entry32,Entry33,Entry34,Entry35,Entry36,Entry37,Entry38,Entry39,Entry40,Entry41,Entry42,Entry43,Entry44,Entry45,Entry46,Entry47,Entry48,Entry49,Entry50,Entry51,Entry52,Entry53,Entry54,Entry55,Entry56,Entry57,Entry58,Entry59,Entry60,Entry61,Entry62,Entry63,Entry64,Entry65,Entry66,Entry67,Entry68,Entry69,Entry70,Entry71,Entry72,Entry73,Entry74,Entry75,Entry76,Entry77,Entry78,Entry79,Entry80,Entry81,Entry82,Entry83,Entry84,Entry85,Entry86,Entry87,Entry88,Entry89,Entry90,Entry91,Entry92,Entry93,Entry94,Entry95,Entry96,Entry97,Entry98,Entry99,Entry100
1,0.586500 (0.504000 + 0.082500),0.591400 (0.508500 + 0.082900),0.631200 (0.549000 + 0.082200),0.603900 (0.520200 + 0.083700),0.660400 (0.577800 + 0.082600),0.584000 (0.502200 + 0.081800),0.624400 (0.541800 + 0.082600),0.522800 (0.439200 + 0.083600),0.663700 (0.580500 + 0.083200),0.547900 (0.464400 + 0.083500),0.618700 (0.535500 + 0.083200),0.572600 (0.490500 + 0.082100),0.594500 (0.512100 + 0.082400),0.605400 (0.522000 + 0.083400),0.574000 (0.492300 + 0.081700),0.564600 (0.482400 + 0.082200),0.572000 (0.489600 + 0.082400),0.512000 (0.428400 + 0.083600),0.537800 (0.455400 + 0.082400),0.638200 (0.555300 + 0.082900),0.668100 (0.584100 + 0.084000),0.570900 (0.487800 + 0.083100),0.551200 (0.468000 + 0.083200),0.570700 (0.488700 + 0.082000),0.594900 (0.512100 + 0.082800),0.563700 (0.480600 + 0.083100),0.607300 (0.523800 + 0.083500),0.577900 (0.495000 + 0.082900),0.598100 (0.515700 + 0.082400),0.690800 (0.607500 + 0.083300),0.607100 (0.523800 + 0.083300),0.486800 (0.403200 + 0.083600),0.646100 (0.563400 + 0.082700),0.648100 (0.565200 + 0.082900),0.592200 (0.509400 + 0.082800),0.558300 (0.476100 + 0.082200),0.610000 (0.527400 + 0.082600),0.589700 (0.506700 + 0.083000),0.515200 (0.432900 + 0.082300),0.613900 (0.531000 + 0.082900),0.690000 (0.606600 + 0.083400),0.592000 (0.509400 + 0.082600),0.590400 (0.507600 + 0.082800),0.644100 (0.561600 + 0.082500),0.562200 (0.478800 + 0.083400),0.535300 (0.451800 + 0.083500),0.535400 (0.452700 + 0.082700),0.611800 (0.529200 + 0.082600),0.585100 (0.502200 + 0.082900),0.655200 (0.572400 + 0.082800),0.562400 (0.479700 + 0.082700),0.533700 (0.450900 + 0.082800),0.540200 (0.457200 + 0.083000),0.540800 (0.458100 + 0.082700),0.484600 (0.401400 + 0.083200),0.556100 (0.473400 + 0.082700),0.532300 (0.449100 + 0.083200),0.628600 (0.545400 + 0.083200),0.573700 (0.490500 + 0.083200),0.655000 (0.572400 + 0.082600),0.594000 (0.511200 + 0.082800),0.541800 (0.459000 + 0.082800),0.536500 (0.453600 + 0.082900),0.559600 (0.477000 + 0.082600),0.605400 (0.522000 + 0.083400),0.550300 (0.467100 + 0.083200),0.572800 (0.489600 + 0.083200),0.548200 (0.465300 + 0.082900),0.603900 (0.521100 + 0.082800),0.591300 (0.507600 + 0.083700),0.673500 (0.591300 + 0.082200),0.610900 (0.528300 + 0.082600),0.679500 (0.597600 + 0.081900),0.545600 (0.462600 + 0.083000),0.546200 (0.464400 + 0.081800),0.503500 (0.420300 + 0.083200),0.604700 (0.521100 + 0.083600),0.613700 (0.530100 + 0.083600),0.625500 (0.541800 + 0.083700),0.683200 (0.600300 + 0.082900),0.587300 (0.504000 + 0.083300),0.634700 (0.551700 + 0.083000),0.591400 (0.507600 + 0.083800),0.591700 (0.508500 + 0.083200),0.648800 (0.566100 + 0.082700),0.614700 (0.532800 + 0.081900),0.681900 (0.598500 + 0.083400),0.556100 (0.473400 + 0.082700),0.626200 (0.543600 + 0.082600),0.617100 (0.534600 + 0.082500),0.575700 (0.492300 + 0.083400),0.624500 (0.540900 + 0.083600),0.687400 (0.604800 + 0.082600),0.661400 (0.578700 + 0.082700),0.588900 (0.506700 + 0.082200),0.724200 (0.641700 + 0.082500),0.581700 (0.498600 + 0.083100),0.536100 (0.452700 + 0.083400),0.574200 (0.492300 + 0.081900),0.648400 (0.566100 + 0.082300)
2,0.724200 (0.641700 + 0.082500),0.690800 (0.607500 + 0.083300),0.690000 (0.606600 + 0.083400),0.687400 (0.604800 + 0.082600),0.683200 (0.600300 + 0.082900),0.657200 (0.574200 + 0.083000),0.649200 (0.566100 + 0.083100),0.603900 (0.521100 + 0.082800),0.587300 (0.504000 + 0.083300),0.629600 (0.547200 + 0.082400),0.630600 (0.547200 + 0.083400),0.640600 (0.558900 + 0.081700),0.630600 (0.548100 + 0.082500),0.586400 (0.503100 + 0.083300),0.646400 (0.563400 + 0.083000),0.565200 (0.482400 + 0.082800),0.702200 (0.620100 + 0.082100),0.612500 (0.529200 + 0.083300),0.573800 (0.491400 + 0.082400),0.676700 (0.594000 + 0.082700),0.560100 (0.477000 + 0.083100),0.724200 (0.641700 + 0.082500),0.663700 (0.580500 + 0.083200),0.610900 (0.528300 + 0.082600),0.455600 (0.372600 + 0.083000),0.600100 (0.517500 + 0.082600),0.592800 (0.509400 + 0.083400),0.594000 (0.511200 + 0.082800),0.574200 (0.492300 + 0.081900),0.686700 (0.604800 + 0.081900),0.559900 (0.477000 + 0.082900),0.585100 (0.502200 + 0.082900),0.498900 (0.416700 + 0.082200),0.423400 (0.341100 + 0.082300),0.686900 (0.603900 + 0.083000),0.666500 (0.583200 + 0.083300),0.603800 (0.521100 + 0.082700),0.614700 (0.532800 + 0.081900),0.603900 (0.520200 + 0.083700),0.582000 (0.498600 + 0.083400),0.532800 (0.449100 + 0.083700),0.496100 (0.413100 + 0.083000),0.531100 (0.449100 + 0.082000),0.509800 (0.427500 + 0.082300),0.675100 (0.593100 + 0.082000),0.641200 (0.558900 + 0.082300),0.644800 (0.562500 + 0.082300),0.648400 (0.566100 + 0.082300),0.628600 (0.545400 + 0.083200),0.613900 (0.531900 + 0.082000),0.635400 (0.551700 + 0.083700),0.589800 (0.506700 + 0.083100),0.623900 (0.540900 + 0.083000),0.551100 (0.468000 + 0.083100),0.613900 (0.531900 + 0.082000),0.585300 (0.501300 + 0.084000),0.527500 (0.444600 + 0.082900),0.655300 (0.571500 + 0.083800),0.595500 (0.512100 + 0.083400),0.556500 (0.473400 + 0.083100),0.659700 (0.576900 + 0.082800),0.618800 (0.536400 + 0.082400),0.640100 (0.556200 + 0.083900),0.660200 (0.577800 + 0.082400),0.694100 (0.612000 + 0.082100),0.609400 (0.526500 + 0.082900),0.632900 (0.549900 + 0.083000),0.671000 (0.587700 + 0.083300),0.485300 (0.402300 + 0.083000),0.537200 (0.454500 + 0.082700),0.593500 (0.510300 + 0.083200),0.621500 (0.539100 + 0.082400),0.573600 (0.491400 + 0.082200),0.555800 (0.473400 + 0.082400),0.641800 (0.558000 + 0.083800),0.644100 (0.561600 + 0.082500),0.603900 (0.520200 + 0.083700),0.679500 (0.597600 + 0.081900),0.646100 (0.563400 + 0.082700),0.725600 (0.642600 + 0.083000),0.658500 (0.576000 + 0.082500),0.381400 (0.298800 + 0.082600),0.593900 (0.511200 + 0.082700),0.636900 (0.553500 + 0.083400),0.571300 (0.488700 + 0.082600),0.633000 (0.550800 + 0.082200),0.644700 (0.562500 + 0.082200),0.681900 (0.598500 + 0.083400),0.648400 (0.566100 + 0.082300),0.728300 (0.644400 + 0.083900),0.633800 (0.551700 + 0.082100),0.624400 (0.541800 + 0.082600),0.607300 (0.523800 + 0.083500),0.637300 (0.555300 + 0.082000),0.624200 (0.540900 + 0.083300),0.558300 (0.476100 + 0.082200),0.530100 (0.448200 + 0.081900),0.622800 (0.540000 + 0.082800),0.668900 (0.585900 + 0.083000),0.647300 (0.565200 + 0.082100)
3,0.728300 (0.644400 + 0.083900),0.725600 (0.642600 + 0.083000),0.724200 (0.641700 + 0.082500),0.724200 (0.641700 + 0.082500),0.702200 (0.620100 + 0.082100),0.627100 (0.544500 + 0.082600),0.512300 (0.429300 + 0.083000),0.621500 (0.538200 + 0.083300),0.707500 (0.625500 + 0.082000),0.668900 (0.585900 + 0.083000),0.659700 (0.576900 + 0.082800),0.675100 (0.593100 + 0.082000),0.464200 (0.380700 + 0.083500),0.537600 (0.454500 + 0.083100),0.580600 (0.497700 + 0.082900),0.679300 (0.595800 + 0.083500),0.721900 (0.639900 + 0.082000),0.592000 (0.509400 + 0.082600),0.564700 (0.481500 + 0.083200),0.636900 (0.553500 + 0.083400),0.518600 (0.435600 + 0.083000),0.600000 (0.516600 + 0.083400),0.659400 (0.576000 + 0.083400),0.533600 (0.450900 + 0.082700),0.597200 (0.514800 + 0.082400),0.596300 (0.513900 + 0.082400),0.483800 (0.400500 + 0.083300),0.747700 (0.665100 + 0.082600),0.579600 (0.496800 + 0.082800),0.596100 (0.513900 + 0.082200),0.576900 (0.495000 + 0.081900),0.594400 (0.511200 + 0.083200),0.605900 (0.523800 + 0.082100),0.606500 (0.522900 + 0.083600),0.638200 (0.555300 + 0.082900),0.726000 (0.643500 + 0.082500),0.622500 (0.539100 + 0.083400),0.566900 (0.484200 + 0.082700),0.622800 (0.540900 + 0.081900),0.528200 (0.445500 + 0.082700),0.644100 (0.561600 + 0.082500),0.508400 (0.425700 + 0.082700),0.673500 (0.590400 + 0.083100),0.599600 (0.517500 + 0.082100),0.612600 (0.529200 + 0.083400),0.588500 (0.504900 + 0.083600),0.657800 (0.575100 + 0.082700),0.488400 (0.405900 + 0.082500),0.624200 (0.540900 + 0.083300),0.583400 (0.500400 + 0.083000),0.630600 (0.547200 + 0.083400),0.597700 (0.514800 + 0.082900),0.665700 (0.583200 + 0.082500),0.573800 (0.491400 + 0.082400),0.576900 (0.494100 + 0.082800),0.623800 (0.540000 + 0.083800),0.635300 (0.552600 + 0.082700),0.540800 (0.458100 + 0.082700),0.645100 (0.562500 + 0.082600),0.673300 (0.591300 + 0.082000),0.582300 (0.499500 + 0.082800),0.540000 (0.458100 + 0.081900),0.474600 (0.391500 + 0.083100),0.656000 (0.572400 + 0.083600),0.718200 (0.634500 + 0.083700),0.587100 (0.504000 + 0.083100),0.649200 (0.566100 + 0.083100),0.576700 (0.494100 + 0.082600),0.629700 (0.548100 + 0.081600),0.663800 (0.581400 + 0.082400),0.543800 (0.460800 + 0.083000),0.723000 (0.639000 + 0.084000),0.611900 (0.529200 + 0.082700),0.655600 (0.572400 + 0.083200),0.674600 (0.593100 + 0.081500),0.690000 (0.606600 + 0.083400),0.610900 (0.528300 + 0.082600),0.619600 (0.536400 + 0.083200),0.647300 (0.565200 + 0.082100),0.532600 (0.450000 + 0.082600),0.577900 (0.495000 + 0.082900),0.703600 (0.620100 + 0.083500),0.600200 (0.517500 + 0.082700),0.644700 (0.562500 + 0.082200),0.607300 (0.523800 + 0.083500),0.650500 (0.567000 + 0.083500),0.618800 (0.536400 + 0.082400),0.579200 (0.496800 + 0.082400),0.492700 (0.410400 + 0.082300),0.513700 (0.431100 + 0.082600),0.526500 (0.443700 + 0.082800),0.638500 (0.556200 + 0.082300),0.715200 (0.631800 + 0.083400),0.725600 (0.642600 + 0.083000),0.725600 (0.642600 + 0.083000),0.666100 (0.583200 + 0.082900),0.678000 (0.595800 + 0.082200),0.633000 (0.550800 + 0.082200),0.507200 (0.423900 + 0.083300),0.564800 (0.481500 + 0.083300)
4,0.747700 (0.665100 + 0.082600),0.728300 (0.644400 + 0.083900),0.726000 (0.643500 + 0.082500),0.725600 (0.642600 + 0.083000),0.725600 (0.642600 + 0.083000),0.724200 (0.641700 + 0.082500),0.724200 (0.641700 + 0.082500),0.718800 (0.635400 + 0.083400),0.699100 (0.615600 + 0.083500),0.524700 (0.441900 + 0.082800),0.579600 (0.496800 + 0.082800),0.752300 (0.668700 + 0.083600),0.689700 (0.607500 + 0.082200),0.651400 (0.569700 + 0.081700),0.531300 (0.448200 + 0.083100),0.602900 (0.521100 + 0.081800),0.638100 (0.555300 + 0.082800),0.675300 (0.592200 + 0.083100),0.658700 (0.576000 + 0.082700),0.715200 (0.631800 + 0.083400),0.627100 (0.544500 + 0.082600),0.688000 (0.605700 + 0.082300),0.718300 (0.635400 + 0.082900),0.568900 (0.486000 + 0.082900),0.634200 (0.550800 + 0.083400),0.681900 (0.598500 + 0.083400),0.648900 (0.565200 + 0.083700),0.452600 (0.369900 + 0.082700),0.587100 (0.504000 + 0.083100),0.645100 (0.562500 + 0.082600),0.414100 (0.332100 + 0.082000),0.701300 (0.617400 + 0.083900),0.707100 (0.623700 + 0.083400),0.723000 (0.639000 + 0.084000),0.702200 (0.620100 + 0.082100),0.604900 (0.522000 + 0.082900),0.575300 (0.493200 + 0.082100),0.507700 (0.425700 + 0.082000),0.624000 (0.540900 + 0.083100),0.709800 (0.626400 + 0.083400),0.501300 (0.418500 + 0.082800),0.523200 (0.441000 + 0.082200),0.551900 (0.469800 + 0.082100),0.577900 (0.495000 + 0.082900),0.637600 (0.555300 + 0.082300),0.665900 (0.584100 + 0.081800),0.603800 (0.521100 + 0.082700),0.718200 (0.634500 + 0.083700),0.458600 (0.376200 + 0.082400),0.602600 (0.519300 + 0.083300),0.543100 (0.460800 + 0.082300),0.641100 (0.558000 + 0.083100),0.541400 (0.459000 + 0.082400),0.619700 (0.537300 + 0.082400),0.597900 (0.515700 + 0.082200),0.649200 (0.566100 + 0.083100),0.636900 (0.553500 + 0.083400),0.671700 (0.588600 + 0.083100),0.703400 (0.620100 + 0.083300),0.600200 (0.517500 + 0.082700),0.600000 (0.516600 + 0.083400),0.686300 (0.603000 + 0.083300),0.671300 (0.588600 + 0.082700),0.627100 (0.544500 + 0.082600),0.611900 (0.529200 + 0.082700),0.584800 (0.502200 + 0.082600),0.670600 (0.588600 + 0.082000),0.678000 (0.595800 + 0.082200),0.587100 (0.504000 + 0.083100),0.566300 (0.484200 + 0.082100),0.715200 (0.631800 + 0.083400),0.506000 (0.423000 + 0.083000),0.511300 (0.427500 + 0.083800),0.725600 (0.642600 + 0.083000),0.586500 (0.504000 + 0.082500),0.725600 (0.642600 + 0.083000),0.656000 (0.572400 + 0.083600),0.550300 (0.467100 + 0.083200),0.668500 (0.585900 + 0.082600),0.618200 (0.536400 + 0.081800),0.646400 (0.563400 + 0.083000),0.656000 (0.572400 + 0.083600),0.479800 (0.397800 + 0.082000),0.626000 (0.543600 + 0.082400),0.613700 (0.531000 + 0.082700),0.721900 (0.639900 + 0.082000),0.576900 (0.494100 + 0.082800),0.621000 (0.539100 + 0.081900),0.741300 (0.657900 + 0.083400),0.722900 (0.639900 + 0.083000),0.709300 (0.625500 + 0.083800),0.504900 (0.423000 + 0.081900),0.533600 (0.450900 + 0.082700),0.578700 (0.495900 + 0.082800),0.715000 (0.631800 + 0.083200),0.663200 (0.580500 + 0.082700),0.689700 (0.607500 + 0.082200),0.577100 (0.495000 + 0.082100),0.644500 (0.561600 + 0.082900),0.655600 (0.572400 + 0.083200)
5,0.752300 (0.668700 + 0.083600),0.747700 (0.665100 + 0.082600),0.741300 (0.657900 + 0.083400),0.728300 (0.644400 + 0.083900),0.726000 (0.643500 + 0.082500),0.688000 (0.604800 + 0.083200),0.654200 (0.572400 + 0.081800),0.625500 (0.542700 + 0.082800),0.698500 (0.616500 + 0.082000),0.636900 (0.554400 + 0.082500),0.625700 (0.542700 + 0.083000),0.624800 (0.542700 + 0.082100),0.595300 (0.513000 + 0.082300),0.725600 (0.642600 + 0.083000),0.614800 (0.531000 + 0.083800),0.672100 (0.589500 + 0.082600),0.710300 (0.627300 + 0.083000),0.649600 (0.567000 + 0.082600),0.728300 (0.644400 + 0.083900),0.752300 (0.668700 + 0.083600),0.725600 (0.642600 + 0.083000),0.657200 (0.575100 + 0.082100),0.616600 (0.533700 + 0.082900),0.715200 (0.631800 + 0.083400),0.663200 (0.580500 + 0.082700),0.737600 (0.655200 + 0.082400),0.615000 (0.531000 + 0.084000),0.505800 (0.423000 + 0.082800),0.661600 (0.578700 + 0.082900),0.644500 (0.561600 + 0.082900),0.706100 (0.622800 + 0.083300),0.636800 (0.553500 + 0.083300),0.554200 (0.471600 + 0.082600),0.595800 (0.513000 + 0.082800),0.522700 (0.440100 + 0.082600),0.671500 (0.588600 + 0.082900),0.654600 (0.571500 + 0.083100),0.722700 (0.639000 + 0.083700),0.620900 (0.538200 + 0.082700),0.518400 (0.435600 + 0.082800),0.564100 (0.481500 + 0.082600),0.585400 (0.503100 + 0.082300),0.590800 (0.508500 + 0.082300),0.679800 (0.597600 + 0.082200),0.536700 (0.453600 + 0.083100),0.741300 (0.657900 + 0.083400),0.578500 (0.495000 + 0.083500),0.546400 (0.464400 + 0.082000),0.518700 (0.436500 + 0.082200),0.459500 (0.377100 + 0.082400),0.577100 (0.495000 + 0.082100),0.496700 (0.414900 + 0.081800),0.589900 (0.506700 + 0.083200),0.617200 (0.533700 + 0.083500),0.715000 (0.631800 + 0.083200),0.656200 (0.574200 + 0.082000),0.654800 (0.571500 + 0.083300),0.741300 (0.657900 + 0.083400),0.576900 (0.494100 + 0.082800),0.558700 (0.476100 + 0.082600),0.693100 (0.610200 + 0.082900),0.704500 (0.622800 + 0.081700),0.679400 (0.596700 + 0.082700),0.656000 (0.572400 + 0.083600),0.601000 (0.517500 + 0.083500),0.705300 (0.621900 + 0.083400),0.664900 (0.581400 + 0.083500),0.704000 (0.621900 + 0.082100),0.496100 (0.413100 + 0.083000),0.542300 (0.459900 + 0.082400),0.737400 (0.654300 + 0.083100),0.686900 (0.604800 + 0.082100),0.588700 (0.504900 + 0.083800),0.597500 (0.514800 + 0.082700),0.637600 (0.555300 + 0.082300),0.738900 (0.655200 + 0.083700),0.585500 (0.503100 + 0.082400),0.706900 (0.623700 + 0.083200),0.668600 (0.585000 + 0.083600),0.674300 (0.592200 + 0.082100),0.556700 (0.474300 + 0.082400),0.657800 (0.575100 + 0.082700),0.569200 (0.486000 + 0.083200),0.686300 (0.603000 + 0.083300),0.723000 (0.639000 + 0.084000),0.651900 (0.567900 + 0.084000),0.626000 (0.542700 + 0.083300),0.726000 (0.643500 + 0.082500),0.543500 (0.461700 + 0.081800),0.560000 (0.477000 + 0.083000),0.683300 (0.600300 + 0.083000),0.574900 (0.492300 + 0.082600),0.561000 (0.478800 + 0.082200),0.689700 (0.607500 + 0.082200),0.513000 (0.430200 + 0.082800),0.681400 (0.598500 + 0.082900),0.673800 (0.590400 + 0.083400),0.722900 (0.639900 + 0.083000),0.725600 (0.642600 + 0.083000),0.675900 (0.593100 + 0.082800)
6,0.752300 (0.668700 + 0.083600),0.752300 (0.668700 + 0.083600),0.747700 (0.665100 + 0.082600),0.741300 (0.657900 + 0.083400),0.741300 (0.657900 + 0.083400),0.523200 (0.440100 + 0.083100),0.653400 (0.570600 + 0.082800),0.734700 (0.652500 + 0.082200),0.572500 (0.489600 + 0.082900),0.728300 (0.644400 + 0.083900),0.637600 (0.555300 + 0.082300),0.652400 (0.569700 + 0.082700),0.501100 (0.418500 + 0.082600),0.576200 (0.493200 + 0.083000),0.723700 (0.640800 + 0.082900),0.725600 (0.642600 + 0.083000),0.501400 (0.418500 + 0.082900),0.518100 (0.436500 + 0.081600),0.722600 (0.639000 + 0.083600),0.651700 (0.568800 + 0.082900),0.678300 (0.594900 + 0.083400),0.741300 (0.657900 + 0.083400),0.737400 (0.654300 + 0.083100),0.686000 (0.603900 + 0.082100),0.504500 (0.421200 + 0.083300),0.691600 (0.608400 + 0.083200),0.686600 (0.603900 + 0.082700),0.737600 (0.655200 + 0.082400),0.657200 (0.575100 + 0.082100),0.738200 (0.655200 + 0.083000),0.620600 (0.538200 + 0.082400),0.752300 (0.668700 + 0.083600),0.564700 (0.482400 + 0.082300),0.686300 (0.603000 + 0.083300),0.679400 (0.596700 + 0.082700),0.741300 (0.657900 + 0.083400),0.543500 (0.460800 + 0.082700),0.426100 (0.343800 + 0.082300),0.506100 (0.423000 + 0.083100),0.638700 (0.557100 + 0.081600),0.719100 (0.636300 + 0.082800),0.727100 (0.643500 + 0.083600),0.593700 (0.511200 + 0.082500),0.691400 (0.608400 + 0.083000),0.738700 (0.655200 + 0.083500),0.673800 (0.590400 + 0.083400),0.569200 (0.486000 + 0.083200),0.692300 (0.609300 + 0.083000),0.511900 (0.428400 + 0.083500),0.724900 (0.642600 + 0.082300),0.614200 (0.531000 + 0.083200),0.525500 (0.443700 + 0.081800),0.610300 (0.527400 + 0.082900),0.692500 (0.609300 + 0.083200),0.713600 (0.630000 + 0.083600),0.698800 (0.615600 + 0.083200),0.675200 (0.592200 + 0.083000),0.593000 (0.509400 + 0.083600),0.581300 (0.497700 + 0.083600),0.695800 (0.612000 + 0.083800),0.647600 (0.566100 + 0.081500),0.668900 (0.585900 + 0.083000),0.733600 (0.649800 + 0.083800),0.730800 (0.647100 + 0.083700),0.710900 (0.628200 + 0.082700),0.526200 (0.444600 + 0.081600),0.552500 (0.468900 + 0.083600),0.666900 (0.584100 + 0.082800),0.525700 (0.443700 + 0.082000),0.626000 (0.544500 + 0.081500),0.559800 (0.476100 + 0.083700),0.650400 (0.567000 + 0.083400),0.679000 (0.595800 + 0.083200),0.679700 (0.596700 + 0.083000),0.691800 (0.608400 + 0.083400),0.672500 (0.589500 + 0.083000),0.622300 (0.539100 + 0.083200),0.570800 (0.487800 + 0.083000),0.641300 (0.558900 + 0.082400),0.682800 (0.600300 + 0.082500),0.661400 (0.577800 + 0.083600),0.694900 (0.611100 + 0.083800),0.745700 (0.663300 + 0.082400),0.603900 (0.522000 + 0.081900),0.737100 (0.654300 + 0.082800),0.590800 (0.507600 + 0.083200),0.699900 (0.616500 + 0.083400),0.679800 (0.597600 + 0.082200),0.675900 (0.593100 + 0.082800),0.557300 (0.474300 + 0.083000),0.511000 (0.428400 + 0.082600),0.678500 (0.594900 + 0.083600),0.735600 (0.651600 + 0.084000),0.752300 (0.668700 + 0.083600),0.723000 (0.639000 + 0.084000),0.679000 (0.596700 + 0.082300),0.511600 (0.430200 + 0.081400),0.629800 (0.546300 + 0.083500),0.645500 (0.562500 + 0.083000),0.673800 (0.590400 + 0.083400)
7,0.752300 (0.668700 + 0.083600),0.752300 (0.668700 + 0.083600),0.752300 (0.668700 + 0.083600),0.752300 (0.668700 + 0.083600),0.747700 (0.665100 + 0.082600),0.657200 (0.574200 + 0.083000),0.705200 (0.622800 + 0.082400),0.752500 (0.668700 + 0.083800),0.619200 (0.536400 + 0.082800),0.707400 (0.623700 + 0.083700),0.626900 (0.543600 + 0.083300),0.728300 (0.644400 + 0.083900),0.679700 (0.596700 + 0.083000),0.593700 (0.510300 + 0.083400),0.731400 (0.648000 + 0.083400),0.664200 (0.581400 + 0.082800),0.543000 (0.460800 + 0.082200),0.659100 (0.576000 + 0.083100),0.736700 (0.653400 + 0.083300),0.725600 (0.642600 + 0.083000),0.593700 (0.511200 + 0.082500),0.723000 (0.639000 + 0.084000),0.679000 (0.595800 + 0.083200),0.562000 (0.478800 + 0.083200),0.525700 (0.443700 + 0.082000),0.722200 (0.638100 + 0.084100),0.680900 (0.597600 + 0.083300),0.725600 (0.642600 + 0.083000),0.528500 (0.445500 + 0.083000),0.647800 (0.565200 + 0.082600),0.587400 (0.504000 + 0.083400),0.676200 (0.594000 + 0.082200),0.547300 (0.464400 + 0.082900),0.506300 (0.423900 + 0.082400),0.713800 (0.631800 + 0.082000),0.575100 (0.492300 + 0.082800),0.707900 (0.624600 + 0.083300),0.672500 (0.589500 + 0.083000),0.661400 (0.577800 + 0.083600),0.597800 (0.515700 + 0.082100),0.549300 (0.466200 + 0.083100),0.749300 (0.666000 + 0.083300),0.621800 (0.540000 + 0.081800),0.478900 (0.396000 + 0.082900),0.720500 (0.637200 + 0.083300),0.730300 (0.648000 + 0.082300),0.645400 (0.562500 + 0.082900),0.662600 (0.580500 + 0.082100),0.459700 (0.378000 + 0.081700),0.728300 (0.645300 + 0.083000),0.503400 (0.420300 + 0.083100),0.699900 (0.616500 + 0.083400),0.559800 (0.476100 + 0.083700),0.736900 (0.654300 + 0.082600),0.670400 (0.586800 + 0.083600),0.741300 (0.657900 + 0.083400),0.675900 (0.593100 + 0.082800),0.589600 (0.506700 + 0.082900),0.576700 (0.494100 + 0.082600),0.653500 (0.571500 + 0.082000),0.511600 (0.430200 + 0.081400),0.612500 (0.530100 + 0.082400),0.715600 (0.632700 + 0.082900),0.727100 (0.643500 + 0.083600),0.590800 (0.507600 + 0.083200),0.524200 (0.441000 + 0.083200),0.707500 (0.623700 + 0.083800),0.557100 (0.474300 + 0.082800),0.574300 (0.490500 + 0.083800),0.560800 (0.477900 + 0.082900),0.626000 (0.544500 + 0.081500),0.713600 (0.630000 + 0.083600),0.741300 (0.657900 + 0.083400),0.741300 (0.657900 + 0.083400),0.694900 (0.611100 + 0.083800),0.757700 (0.674100 + 0.083600),0.657000 (0.574200 + 0.082800),0.727100 (0.643500 + 0.083600),0.653400 (0.570600 + 0.082800),0.605900 (0.523800 + 0.082100),0.717000 (0.633600 + 0.083400),0.750100 (0.667800 + 0.082300),0.578500 (0.495000 + 0.083500),0.710900 (0.628200 + 0.082700),0.741300 (0.657900 + 0.083400),0.554100 (0.471600 + 0.082500),0.691400 (0.608400 + 0.083000),0.741200 (0.658800 + 0.082400),0.738600 (0.655200 + 0.083400),0.713000 (0.629100 + 0.083900),0.731100 (0.648900 + 0.082200),0.665600 (0.582300 + 0.083300),0.735300 (0.652500 + 0.082800),0.574700 (0.492300 + 0.082400),0.573200 (0.490500 + 0.082700),0.726200 (0.642600 + 0.083600),0.723600 (0.640800 + 0.082800),0.586800 (0.504000 + 0.082800),0.737400 (0.654300 + 0.083100),0.712500 (0.629100 + 0.083400)
8,0.757700 (0.674100 + 0.083600),0.752500 (0.668700 + 0.083800),0.752300 (0.668700 + 0.083600),0.752300 (0.668700 + 0.083600),0.752300 (0.668700 + 0.083600),0.757700 (0.674100 + 0.083600),0.707900 (0.624600 + 0.083300),0.741300 (0.657900 + 0.083400),0.679000 (0.595800 + 0.083200),0.547400 (0.465300 + 0.082100),0.660900 (0.577800 + 0.083100),0.631700 (0.549000 + 0.082700),0.540600 (0.458100 + 0.082500),0.709100 (0.626400 + 0.082700),0.555100 (0.472500 + 0.082600),0.745700 (0.662400 + 0.083300),0.717200 (0.634500 + 0.082700),0.735500 (0.652500 + 0.083000),0.597300 (0.513900 + 0.083400),0.752900 (0.670500 + 0.082400),0.712300 (0.628200 + 0.084100),0.736900 (0.654300 + 0.082600),0.728300 (0.645300 + 0.083000),0.673200 (0.589500 + 0.083700),0.728100 (0.644400 + 0.083700),0.575600 (0.492300 + 0.083300),0.706800 (0.623700 + 0.083100),0.747700 (0.665100 + 0.082600),0.728300 (0.645300 + 0.083000),0.700600 (0.618300 + 0.082300),0.560800 (0.477900 + 0.082900),0.645400 (0.562500 + 0.082900),0.680900 (0.597600 + 0.083300),0.742100 (0.659700 + 0.082400),0.619400 (0.536400 + 0.083000),0.757700 (0.674100 + 0.083600),0.736900 (0.654300 + 0.082600),0.630300 (0.548100 + 0.082200),0.741300 (0.657900 + 0.083400),0.716900 (0.633600 + 0.083300),0.670700 (0.587700 + 0.083000),0.709200 (0.625500 + 0.083700),0.693800 (0.611100 + 0.082700),0.628000 (0.544500 + 0.083500),0.653400 (0.570600 + 0.082800),0.538100 (0.455400 + 0.082700),0.574100 (0.491400 + 0.082700),0.728300 (0.644400 + 0.083900),0.722200 (0.638100 + 0.084100),0.752300 (0.668700 + 0.083600),0.627700 (0.544500 + 0.083200),0.553300 (0.469800 + 0.083500),0.687400 (0.604800 + 0.082600),0.741300 (0.657900 + 0.083400),0.736700 (0.653400 + 0.083300),0.712500 (0.629100 + 0.083400),0.612500 (0.530100 + 0.082400),0.731400 (0.648000 + 0.083400),0.675900 (0.593100 + 0.082800),0.741300 (0.657900 + 0.083400),0.573700 (0.490500 + 0.083200),0.641700 (0.558900 + 0.082800),0.619700 (0.538200 + 0.081500),0.741300 (0.657900 + 0.083400),0.654400 (0.572400 + 0.082000),0.730300 (0.648000 + 0.082300),0.728300 (0.645300 + 0.083000),0.706500 (0.622800 + 0.083700),0.707000 (0.623700 + 0.083300),0.715600 (0.632700 + 0.082900),0.547300 (0.464400 + 0.082900),0.689600 (0.605700 + 0.083900),0.667800 (0.585000 + 0.082800),0.572500 (0.489600 + 0.082900),0.708900 (0.625500 + 0.083400),0.762700 (0.678600 + 0.084100),0.628700 (0.545400 + 0.083300),0.588000 (0.504900 + 0.083100),0.726200 (0.642600 + 0.083600),0.719800 (0.636300 + 0.083500),0.640900 (0.558000 + 0.082900),0.720400 (0.637200 + 0.083200),0.739300 (0.656100 + 0.083200),0.495400 (0.412200 + 0.083200),0.712300 (0.629100 + 0.083200),0.763400 (0.680400 + 0.083000),0.669200 (0.586800 + 0.082400),0.736700 (0.653400 + 0.083300),0.473900 (0.391500 + 0.082400),0.689200 (0.605700 + 0.083500),0.622500 (0.540000 + 0.082500),0.697400 (0.613800 + 0.083600),0.703900 (0.621000 + 0.082900),0.749300 (0.666000 + 0.083300),0.543000 (0.460800 + 0.082200),0.735100 (0.651600 + 0.083500),0.731900 (0.648000 + 0.083900),0.574900 (0.491400 + 0.083500),0.744500 (0.662400 + 0.082100),0.701000 (0.617400 + 0.083600)
9,0.763400 (0.680400 + 0.083000),0.762700 (0.678600 + 0.084100),0.757700 (0.674100 + 0.083600),0.757700 (0.674100 + 0.083600),0.757700 (0.674100 + 0.083600),0.630300 (0.547200 + 0.083100),0.736500 (0.652500 + 0.084000),0.699600 (0.617400 + 0.082200),0.752500 (0.668700 + 0.083800),0.728800 (0.646200 + 0.082600),0.610400 (0.527400 + 0.083000),0.564100 (0.481500 + 0.082600),0.674600 (0.591300 + 0.083300),0.625800 (0.543600 + 0.082200),0.619700 (0.538200 + 0.081500),0.580600 (0.497700 + 0.082900),0.658100 (0.574200 + 0.083900),0.716300 (0.632700 + 0.083600),0.752200 (0.669600 + 0.082600),0.641200 (0.558000 + 0.083200),0.644900 (0.562500 + 0.082400),0.490400 (0.407700 + 0.082700),0.515000 (0.432000 + 0.083000),0.767600 (0.684900 + 0.082700),0.682100 (0.598500 + 0.083600),0.645900 (0.562500 + 0.083400),0.693500 (0.610200 + 0.083300),0.631500 (0.549000 + 0.082500),0.638500 (0.555300 + 0.083200),0.574800 (0.492300 + 0.082500),0.760300 (0.676800 + 0.083500),0.755800 (0.672300 + 0.083500),0.741900 (0.659700 + 0.082200),0.658100 (0.576000 + 0.082100),0.719800 (0.636300 + 0.083500),0.614500 (0.531000 + 0.083500),0.677700 (0.594900 + 0.082800),0.713400 (0.630000 + 0.083400),0.712800 (0.629100 + 0.083700),0.717700 (0.634500 + 0.083200),0.739600 (0.656100 + 0.083500),0.742100 (0.659700 + 0.082400),0.736700 (0.653400 + 0.083300),0.752500 (0.668700 + 0.083800),0.741300 (0.657900 + 0.083400),0.686300 (0.603000 + 0.083300),0.741300 (0.657900 + 0.083400),0.689400 (0.606600 + 0.082800),0.722000 (0.639000 + 0.083000),0.697400 (0.614700 + 0.082700),0.747700 (0.664200 + 0.083500),0.757700 (0.674100 + 0.083600),0.722200 (0.638100 + 0.084100),0.751700 (0.668700 + 0.083000),0.729900 (0.647100 + 0.082800),0.654400 (0.572400 + 0.082000),0.735300 (0.652500 + 0.082800),0.756600 (0.673200 + 0.083400),0.728200 (0.645300 + 0.082900),0.509700 (0.426600 + 0.083100),0.748200 (0.665100 + 0.083100),0.741300 (0.657900 + 0.083400),0.697400 (0.613800 + 0.083600),0.582800 (0.499500 + 0.083300),0.719000 (0.635400 + 0.083600),0.739300 (0.656100 + 0.083200),0.569700 (0.486900 + 0.082800),0.568300 (0.485100 + 0.083200),0.709100 (0.626400 + 0.082700),0.627400 (0.544500 + 0.082900),0.563700 (0.481500 + 0.082200),0.526800 (0.442800 + 0.084000),0.708900 (0.625500 + 0.083400),0.539400 (0.456300 + 0.083100),0.723000 (0.639900 + 0.083100),0.763400 (0.680400 + 0.083000),0.632400 (0.549000 + 0.083400),0.747700 (0.665100 + 0.082600),0.627300 (0.544500 + 0.082800),0.564200 (0.480600 + 0.083600),0.719700 (0.636300 + 0.083400),0.753100 (0.669600 + 0.083500),0.702500 (0.619200 + 0.083300),0.736900 (0.654300 + 0.082600),0.612500 (0.530100 + 0.082400),0.511600 (0.429300 + 0.082300),0.578200 (0.495000 + 0.083200),0.690300 (0.607500 + 0.082800),0.665900 (0.582300 + 0.083600),0.747700 (0.665100 + 0.082600),0.728300 (0.645300 + 0.083000),0.728300 (0.645300 + 0.083000),0.640900 (0.558000 + 0.082900),0.742500 (0.658800 + 0.083700),0.715100 (0.631800 + 0.083300),0.741500 (0.658800 + 0.082700),0.713600 (0.630000 + 0.083600),0.650600 (0.568800 + 0.081800),0.640000 (0.556200 + 0.083800),0.728700 (0.646200 + 0.082500)
10,0.767600 (0.684900 + 0.082700),0.763400 (0.680400 + 0.083000),0.763400 (0.680400 + 0.083000),0.762700 (0.678600 + 0.084100),0.760300 (0.676800 + 0.083500),0.727700 (0.645300 + 0.082400),0.751400 (0.667800 + 0.083600),0.757700 (0.674100 + 0.083600),0.747700 (0.665100 + 0.082600),0.651700 (0.568800 + 0.082900),0.770100 (0.686700 + 0.083400),0.716900 (0.634500 + 0.082400),0.733800 (0.650700 + 0.083100),0.623100 (0.540000 + 0.083100),0.616800 (0.534600 + 0.082200),0.633100 (0.549900 + 0.083200),0.677900 (0.594900 + 0.083000),0.752500 (0.668700 + 0.083800),0.519900 (0.436500 + 0.083400),0.720400 (0.637200 + 0.083200),0.689300 (0.606600 + 0.082700),0.739300 (0.656100 + 0.083200),0.722200 (0.638100 + 0.084100),0.590100 (0.507600 + 0.082500),0.749300 (0.666000 + 0.083300),0.548000 (0.465300 + 0.082700),0.749700 (0.666900 + 0.082800),0.702500 (0.619200 + 0.083300),0.757700 (0.674100 + 0.083600),0.784900 (0.701100 + 0.083800),0.694700 (0.612000 + 0.082700),0.716200 (0.632700 + 0.083500),0.736600 (0.652500 + 0.084100),0.769700 (0.685800 + 0.083900),0.693300 (0.610200 + 0.083100),0.699600 (0.617400 + 0.082200),0.655400 (0.572400 + 0.083000),0.746800 (0.663300 + 0.083500),0.546400 (0.462600 + 0.083800),0.648400 (0.565200 + 0.083200),0.634400 (0.551700 + 0.082700),0.721900 (0.639000 + 0.082900),0.766900 (0.684000 + 0.082900),0.752000 (0.669600 + 0.082400),0.702900 (0.620100 + 0.082800),0.726400 (0.642600 + 0.083800),0.770800 (0.687600 + 0.083200),0.739900 (0.657900 + 0.082000),0.712700 (0.629100 + 0.083600),0.757700 (0.674100 + 0.083600),0.632400 (0.549000 + 0.083400),0.752200 (0.668700 + 0.083500),0.727300 (0.643500 + 0.083800),0.741900 (0.659700 + 0.082200),0.650600 (0.568800 + 0.081800),0.622300 (0.539100 + 0.083200),0.645800 (0.562500 + 0.083300),0.583100 (0.499500 + 0.083600),0.763500 (0.681300 + 0.082200),0.718400 (0.635400 + 0.083000),0.533100 (0.450900 + 0.082200),0.590800 (0.507600 + 0.083200),0.432700 (0.350100 + 0.082600),0.763400 (0.680400 + 0.083000),0.752500 (0.668700 + 0.083800),0.721600 (0.638100 + 0.083500),0.764900 (0.681300 + 0.083600),0.740000 (0.656100 + 0.083900),0.662100 (0.578700 + 0.083400),0.757700 (0.674100 + 0.083600),0.753100 (0.669600 + 0.083500),0.763400 (0.680400 + 0.083000),0.569400 (0.486000 + 0.083400),0.762700 (0.678600 + 0.084100),0.627400 (0.544500 + 0.082900),0.525700 (0.443700 + 0.082000),0.641200 (0.558000 + 0.083200),0.619900 (0.537300 + 0.082600),0.693500 (0.610200 + 0.083300),0.562200 (0.478800 + 0.083400),0.752500 (0.668700 + 0.083800),0.752200 (0.669600 + 0.082600),0.539000 (0.455400 + 0.083600),0.752500 (0.668700 + 0.083800),0.752500 (0.668700 + 0.083800),0.616900 (0.533700 + 0.083200),0.714600 (0.630900 + 0.083700),0.565200 (0.482400 + 0.082800),0.641100 (0.558000 + 0.083100),0.743700 (0.660600 + 0.083100),0.745500 (0.662400 + 0.083100),0.654500 (0.571500 + 0.083000),0.751500 (0.668700 + 0.082800),0.729900 (0.647100 + 0.082800),0.666000 (0.582300 + 0.083700),0.713600 (0.630000 + 0.083600),0.619700 (0.538200 + 0.081500),0.666900 (0.584100 + 0.082800),0.664900 (0.581400 + 0.083500),0.740600 (0.657900 + 0.082700)
11,0.784900 (0.701100 + 0.083800),0.770800 (0.687600 + 0.083200),0.770100 (0.686700 + 0.083400),0.769700 (0.685800 + 0.083900),0.767600 (0.684900 + 0.082700),0.725000 (0.642600 + 0.082400),0.572600 (0.490500 + 0.082100),0.735700 (0.652500 + 0.083200),0.714600 (0.631800 + 0.082800),0.771900 (0.688500 + 0.083400),0.695600 (0.612900 + 0.082700),0.769700 (0.685800 + 0.083900),0.725500 (0.641700 + 0.083800),0.762700 (0.678600 + 0.084100),0.752200 (0.668700 + 0.083500),0.773100 (0.690300 + 0.082800),0.548300 (0.464400 + 0.083900),0.597100 (0.513900 + 0.083200),0.757300 (0.674100 + 0.083200),0.784900 (0.701100 + 0.083800),0.740600 (0.657900 + 0.082700),0.602700 (0.519300 + 0.083400),0.550500 (0.468000 + 0.082500),0.518100 (0.434700 + 0.083400),0.752100 (0.668700 + 0.083400),0.790300 (0.706500 + 0.083800),0.714200 (0.631800 + 0.082400),0.769700 (0.685800 + 0.083900),0.522400 (0.439200 + 0.083200),0.695500 (0.612000 + 0.083500),0.774600 (0.691200 + 0.083400),0.738500 (0.655200 + 0.083300),0.798000 (0.714600 + 0.083400),0.749700 (0.666900 + 0.082800),0.746800 (0.663300 + 0.083500),0.712700 (0.629100 + 0.083600),0.702900 (0.619200 + 0.083700),0.752500 (0.668700 + 0.083800),0.745500 (0.662400 + 0.083100),0.718700 (0.636300 + 0.082400),0.653800 (0.570600 + 0.083200),0.652000 (0.569700 + 0.082300),0.763800 (0.680400 + 0.083400),0.763500 (0.681300 + 0.082200),0.752500 (0.668700 + 0.083800),0.775300 (0.692100 + 0.083200),0.592900 (0.509400 + 0.083500),0.766900 (0.684000 + 0.082900),0.716900 (0.634500 + 0.082400),0.602300 (0.519300 + 0.083000),0.752300 (0.668700 + 0.083600),0.785400 (0.702000 + 0.083400),0.713300 (0.630000 + 0.083300),0.593600 (0.511200 + 0.082400),0.752100 (0.668700 + 0.083400),0.752200 (0.669600 + 0.082600),0.689300 (0.606600 + 0.082700),0.742100 (0.658800 + 0.083300),0.667400 (0.585000 + 0.082400),0.692100 (0.609300 + 0.082800),0.769600 (0.686700 + 0.082900),0.651700 (0.568800 + 0.082900),0.633100 (0.549900 + 0.083200),0.590500 (0.508500 + 0.082000),0.540900 (0.458100 + 0.082800),0.749700 (0.666900 + 0.082800),0.650600 (0.568800 + 0.081800),0.651900 (0.569700 + 0.082200),0.710700 (0.628200 + 0.082500),0.744000 (0.660600 + 0.083400),0.676900 (0.593100 + 0.083800),0.537700 (0.453600 + 0.084100),0.625200 (0.541800 + 0.083400),0.713200 (0.629100 + 0.084100),0.754300 (0.670500 + 0.083800),0.574700 (0.491400 + 0.083300),0.616800 (0.534600 + 0.082200),0.620800 (0.537300 + 0.083500),0.608100 (0.524700 + 0.083400),0.762700 (0.678600 + 0.084100),0.762700 (0.678600 + 0.084100),0.590800 (0.507600 + 0.083200),0.590100 (0.507600 + 0.082500),0.723600 (0.640800 + 0.082800),0.762300 (0.678600 + 0.083700),0.746300 (0.664200 + 0.082100),0.540200 (0.457200 + 0.083000),0.713100 (0.629100 + 0.084000),0.712700 (0.629100 + 0.083600),0.598200 (0.514800 + 0.083400),0.740600 (0.657900 + 0.082700),0.695600 (0.612900 + 0.082700),0.752200 (0.669600 + 0.082600),0.674700 (0.591300 + 0.083400),0.638300 (0.555300 + 0.083000),0.759200 (0.675900 + 0.083300),0.572000 (0.488700 + 0.083300),0.770100 (0.686700 + 0.083400),0.752200 (0.669600 + 0.082600),0.683900 (0.601200 + 0.082700)
12,0.798000 (0.714600 + 0.083400),0.790300 (0.706500 + 0.083800),0.785400 (0.702000 + 0.083400),0.784900 (0.701100 + 0.083800),0.784900 (0.701100 + 0.083800),0.767600 (0.684900 + 0.082700),0.754300 (0.670500 + 0.083800),0.766700 (0.684000 + 0.082700),0.762300 (0.678600 + 0.083700),0.546200 (0.462600 + 0.083600),0.567300 (0.484200 + 0.083100),0.632800 (0.549000 + 0.083800),0.575100 (0.492300 + 0.082800),0.546000 (0.462600 + 0.083400),0.546800 (0.464400 + 0.082400),0.607900 (0.524700 + 0.083200),0.747900 (0.664200 + 0.083700),0.705100 (0.621900 + 0.083200),0.736000 (0.652500 + 0.083500),0.720400 (0.636300 + 0.084100),0.665900 (0.583200 + 0.082700),0.576300 (0.493200 + 0.083100),0.620800 (0.537300 + 0.083500),0.673500 (0.591300 + 0.082200),0.780200 (0.696600 + 0.083600),0.747900 (0.664200 + 0.083700),0.772200 (0.688500 + 0.083700),0.555800 (0.472500 + 0.083300),0.620200 (0.536400 + 0.083800),0.780000 (0.696600 + 0.083400),0.657300 (0.574200 + 0.083100),0.725700 (0.643500 + 0.082200),0.764000 (0.680400 + 0.083600),0.754300 (0.670500 + 0.083800),0.674700 (0.591300 + 0.083400),0.751600 (0.668700 + 0.082900),0.763300 (0.680400 + 0.082900),0.755200 (0.672300 + 0.082900),0.777500 (0.693900 + 0.083600),0.695500 (0.612000 + 0.083500),0.527700 (0.444600 + 0.083100),0.712500 (0.630000 + 0.082500),0.607100 (0.523800 + 0.083300),0.726300 (0.642600 + 0.083700),0.632200 (0.549000 + 0.083200),0.769700 (0.685800 + 0.083900),0.695600 (0.612900 + 0.082700),0.736000 (0.652500 + 0.083500),0.603100 (0.519300 + 0.083800),0.764100 (0.680400 + 0.083700),0.627900 (0.544500 + 0.083400),0.768100 (0.684900 + 0.083200),0.747500 (0.664200 + 0.083300),0.665700 (0.583200 + 0.082500),0.786200 (0.702900 + 0.083300),0.763800 (0.680400 + 0.083400),0.625700 (0.543600 + 0.082100),0.708200 (0.625500 + 0.082700),0.487800 (0.405900 + 0.081900),0.762700 (0.678600 + 0.084100),0.745500 (0.662400 + 0.083100),0.746200 (0.663300 + 0.082900),0.674100 (0.590400 + 0.083700),0.763600 (0.679500 + 0.084100),0.576400 (0.493200 + 0.083200),0.683800 (0.601200 + 0.082600),0.741600 (0.657900 + 0.083700),0.607400 (0.523800 + 0.083600),0.752500 (0.668700 + 0.083800),0.775300 (0.692100 + 0.083200),0.702900 (0.619200 + 0.083700),0.759200 (0.675900 + 0.083300),0.699000 (0.615600 + 0.083400),0.756700 (0.673200 + 0.083500),0.680300 (0.596700 + 0.083600),0.771500 (0.688500 + 0.083000),0.750900 (0.667800 + 0.083100),0.752100 (0.668700 + 0.083400),0.641600 (0.558900 + 0.082700),0.666200 (0.582300 + 0.083900),0.760800 (0.676800 + 0.084000),0.520700 (0.438300 + 0.082400),0.598200 (0.514800 + 0.083400),0.624800 (0.541800 + 0.083000),0.602200 (0.518400 + 0.083800),0.590000 (0.507600 + 0.082400),0.532800 (0.450900 + 0.081900),0.742700 (0.659700 + 0.083000),0.674200 (0.592200 + 0.082000),0.625700 (0.542700 + 0.083000),0.713200 (0.629100 + 0.084100),0.762200 (0.679500 + 0.082700),0.769400 (0.686700 + 0.082700),0.770800 (0.687600 + 0.083200),0.725000 (0.642600 + 0.082400),0.756400 (0.673200 + 0.083200),0.753700 (0.670500 + 0.083200),0.734900 (0.650700 + 0.084200),0.705200 (0.622800 + 0.082400),0.744000 (0.660600 + 0.083400)
13,0.798000 (0.714600 + 0.083400),0.790300 (0.706500 + 0.083800),0.786200 (0.702900 + 0.083300),0.785400 (0.702000 + 0.083400),0.784900 (0.701100 + 0.083800),0.769200 (0.686700 + 0.082500),0.765300 (0.682200 + 0.083100),0.712600 (0.629100 + 0.083500),0.760800 (0.676800 + 0.084000),0.684800 (0.601200 + 0.083600),0.770800 (0.687600 + 0.083200),0.628900 (0.546300 + 0.082600),0.618500 (0.535500 + 0.083000),0.758900 (0.675000 + 0.083900),0.778000 (0.694800 + 0.083200),0.605800 (0.522000 + 0.083800),0.743000 (0.659700 + 0.083300),0.771500 (0.688500 + 0.083000),0.762200 (0.679500 + 0.082700),0.751500 (0.667800 + 0.083700),0.793500 (0.710100 + 0.083400),0.589000 (0.505800 + 0.083200),0.772200 (0.689400 + 0.082800),0.696300 (0.613800 + 0.082500),0.761300 (0.677700 + 0.083600),0.483700 (0.401400 + 0.082300),0.687100 (0.603000 + 0.084100),0.752500 (0.668700 + 0.083800),0.751600 (0.668700 + 0.082900),0.786900 (0.702900 + 0.084000),0.769800 (0.686700 + 0.083100),0.747900 (0.664200 + 0.083700),0.452600 (0.369000 + 0.083600),0.663500 (0.580500 + 0.083000),0.416400 (0.333000 + 0.083400),0.769700 (0.685800 + 0.083900),0.754300 (0.670500 + 0.083800),0.682300 (0.599400 + 0.082900),0.784900 (0.701100 + 0.083800),0.591800 (0.508500 + 0.083300),0.752500 (0.668700 + 0.083800),0.790300 (0.706500 + 0.083800),0.762300 (0.678600 + 0.083700),0.780200 (0.696600 + 0.083600),0.772200 (0.688500 + 0.083700),0.622300 (0.540000 + 0.082300),0.747200 (0.664200 + 0.083000),0.741400 (0.658800 + 0.082600),0.744700 (0.662400 + 0.082300),0.785600 (0.702900 + 0.082700),0.679400 (0.595800 + 0.083600),0.614300 (0.531900 + 0.082400),0.697300 (0.613800 + 0.083500),0.679800 (0.596700 + 0.083100),0.674100 (0.590400 + 0.083700),0.578900 (0.495900 + 0.083000),0.615500 (0.532800 + 0.082700),0.771500 (0.688500 + 0.083000),0.654200 (0.571500 + 0.082700),0.730900 (0.647100 + 0.083800),0.508800 (0.425700 + 0.083100),0.657800 (0.574200 + 0.083600),0.602100 (0.520200 + 0.081900),0.775300 (0.692100 + 0.083200),0.762300 (0.678600 + 0.083700),0.752600 (0.668700 + 0.083900),0.744000 (0.660600 + 0.083400),0.637100 (0.553500 + 0.083600),0.737900 (0.654300 + 0.083600),0.704700 (0.621000 + 0.083700),0.773000 (0.689400 + 0.083600),0.635500 (0.552600 + 0.082900),0.622900 (0.539100 + 0.083800),0.738200 (0.655200 + 0.083000),0.759300 (0.675900 + 0.083400),0.753500 (0.669600 + 0.083900),0.524400 (0.441900 + 0.082500),0.644800 (0.561600 + 0.083200),0.644900 (0.561600 + 0.083300),0.643800 (0.560700 + 0.083100),0.680300 (0.596700 + 0.083600),0.784900 (0.701100 + 0.083800),0.695500 (0.612000 + 0.083500),0.752500 (0.668700 + 0.083800),0.543100 (0.460800 + 0.082300),0.765600 (0.682200 + 0.083400),0.537600 (0.454500 + 0.083100),0.756700 (0.673200 + 0.083500),0.473300 (0.391500 + 0.081800),0.522500 (0.439200 + 0.083300),0.780000 (0.696600 + 0.083400),0.559800 (0.477000 + 0.082800),0.622600 (0.539100 + 0.083500),0.720900 (0.638100 + 0.082800),0.742700 (0.659700 + 0.083000),0.750300 (0.666900 + 0.083400),0.764200 (0.680400 + 0.083800),0.784600 (0.701100 + 0.083500),0.623000 (0.540000 + 0.083000),0.766700 (0.684000 + 0.082700)
14,0.798000 (0.714600 + 0.083400),0.793500 (0.710100 + 0.083400),0.790300 (0.706500 + 0.083800),0.790300 (0.706500 + 0.083800),0.786900 (0.702900 + 0.084000),0.771500 (0.688500 + 0.083000),0.744700 (0.662400 + 0.082300),0.700800 (0.618300 + 0.082500),0.733500 (0.650700 + 0.082800),0.611700 (0.529200 + 0.082500),0.751800 (0.668700 + 0.083100),0.770800 (0.687600 + 0.083200),0.499200 (0.416700 + 0.082500),0.625700 (0.541800 + 0.083900),0.589000 (0.505800 + 0.083200),0.773300 (0.689400 + 0.083900),0.767800 (0.684900 + 0.082900),0.772100 (0.687600 + 0.084500),0.787600 (0.704700 + 0.082900),0.790300 (0.706500 + 0.083800),0.751500 (0.667800 + 0.083700),0.702500 (0.619200 + 0.083300),0.692200 (0.609300 + 0.082900),0.759300 (0.675900 + 0.083400),0.770800 (0.687600 + 0.083200),0.635200 (0.552600 + 0.082600),0.769200 (0.686700 + 0.082500),0.605600 (0.522000 + 0.083600),0.603600 (0.520200 + 0.083400),0.773000 (0.689400 + 0.083600),0.614400 (0.531000 + 0.083400),0.622800 (0.540000 + 0.082800),0.772200 (0.689400 + 0.082800),0.585200 (0.502200 + 0.083000),0.606700 (0.522900 + 0.083800),0.646000 (0.562500 + 0.083500),0.580900 (0.497700 + 0.083200),0.611300 (0.528300 + 0.083000),0.650200 (0.567000 + 0.083200),0.784900 (0.701100 + 0.083800),0.769200 (0.686700 + 0.082500),0.592600 (0.508500 + 0.084100),0.500300 (0.418500 + 0.081800),0.790300 (0.706500 + 0.083800),0.611600 (0.528300 + 0.083300),0.743000 (0.659700 + 0.083300),0.730900 (0.647100 + 0.083800),0.768000 (0.684900 + 0.083100),0.763800 (0.680400 + 0.083400),0.747200 (0.663300 + 0.083900),0.563200 (0.480600 + 0.082600),0.653100 (0.569700 + 0.083400),0.651600 (0.567900 + 0.083700),0.767500 (0.684000 + 0.083500),0.776000 (0.693000 + 0.083000),0.790300 (0.706500 + 0.083800),0.621500 (0.538200 + 0.083300),0.784900 (0.701100 + 0.083800),0.657800 (0.574200 + 0.083600),0.648300 (0.565200 + 0.083100),0.589400 (0.506700 + 0.082700),0.784600 (0.701100 + 0.083500),0.641600 (0.558900 + 0.082700),0.784600 (0.701100 + 0.083500),0.771500 (0.688500 + 0.083000),0.784900 (0.701100 + 0.083800),0.712600 (0.629100 + 0.083500),0.505200 (0.422100 + 0.083100),0.776300 (0.693000 + 0.083300),0.742600 (0.658800 + 0.083800),0.604100 (0.520200 + 0.083900),0.607000 (0.524700 + 0.082300),0.759800 (0.675900 + 0.083900),0.764200 (0.680400 + 0.083800),0.738200 (0.655200 + 0.083000),0.637400 (0.554400 + 0.083000),0.756700 (0.673200 + 0.083500),0.679100 (0.595800 + 0.083300),0.763400 (0.679500 + 0.083900),0.668700 (0.585000 + 0.083700),0.790700 (0.707400 + 0.083300),0.798000 (0.714600 + 0.083400),0.798000 (0.714600 + 0.083400),0.637400 (0.554400 + 0.083000),0.631500 (0.548100 + 0.083400),0.759300 (0.675900 + 0.083400),0.730000 (0.648000 + 0.082000),0.793500 (0.710100 + 0.083400),0.638500 (0.554400 + 0.084100),0.584200 (0.500400 + 0.083800),0.756700 (0.673200 + 0.083500),0.711400 (0.628200 + 0.083200),0.769400 (0.686700 + 0.082700),0.747700 (0.665100 + 0.082600),0.513600 (0.431100 + 0.082500),0.784900 (0.701100 + 0.083800),0.780000 (0.696600 + 0.083400),0.591800 (0.508500 + 0.083300),0.721100 (0.637200 + 0.083900),0.620100 (0.537300 + 0.082800)
15,0.798000 (0.714600 + 0.083400),0.798000 (0.714600 + 0.083400),0.798000 (0.714600 + 0.083400),0.793500 (0.710100 + 0.083400),0.793500 (0.710100 + 0.083400),0.776000 (0.693000 + 0.083000),0.767500 (0.684000 + 0.083500),0.793500 (0.710100 + 0.083400),0.679100 (0.595800 + 0.083300),0.742600 (0.658800 + 0.083800),0.784900 (0.701100 + 0.083800),0.729700 (0.646200 + 0.083500),0.732100 (0.648900 + 0.083200),0.703500 (0.620100 + 0.083400),0.643800 (0.560700 + 0.083100),0.730000 (0.648000 + 0.082000),0.542700 (0.459900 + 0.082800),0.762700 (0.678600 + 0.084100),0.782600 (0.699300 + 0.083300),0.732200 (0.648900 + 0.083300),0.717100 (0.633600 + 0.083500),0.787600 (0.704700 + 0.082900),0.767500 (0.684000 + 0.083500),0.642600 (0.558900 + 0.083700),0.792000 (0.708300 + 0.083700),0.790300 (0.706500 + 0.083800),0.761300 (0.677700 + 0.083600),0.568300 (0.485100 + 0.083200),0.745300 (0.662400 + 0.082900),0.671000 (0.587700 + 0.083300),0.773500 (0.689400 + 0.084100),0.570100 (0.486900 + 0.083200),0.757000 (0.673200 + 0.083800),0.759300 (0.675900 + 0.083400),0.744700 (0.662400 + 0.082300),0.640300 (0.556200 + 0.084100),0.695700 (0.612000 + 0.083700),0.790700 (0.707400 + 0.083300),0.772200 (0.689400 + 0.082800),0.547300 (0.465300 + 0.082000),0.733500 (0.650700 + 0.082800),0.787400 (0.703800 + 0.083600),0.787900 (0.704700 + 0.083200),0.784900 (0.701100 + 0.083800),0.776300 (0.693000 + 0.083300),0.595400 (0.512100 + 0.083300),0.641600 (0.558900 + 0.082700),0.656100 (0.572400 + 0.083700),0.637500 (0.553500 + 0.084000),0.747200 (0.663300 + 0.083900),0.602500 (0.519300 + 0.083200),0.714300 (0.630900 + 0.083400),0.773300 (0.689400 + 0.083900),0.647500 (0.564300 + 0.083200),0.652400 (0.569700 + 0.082700),0.672300 (0.588600 + 0.083700),0.751700 (0.668700 + 0.083000),0.646500 (0.563400 + 0.083100),0.787000 (0.703800 + 0.083200),0.768400 (0.684000 + 0.084400),0.753000 (0.669600 + 0.083400),0.790300 (0.706500 + 0.083800),0.627700 (0.544500 + 0.083200),0.597100 (0.513900 + 0.083200),0.784800 (0.701100 + 0.083700),0.782800 (0.699300 + 0.083500),0.652300 (0.568800 + 0.083500),0.793500 (0.710100 + 0.083400),0.776300 (0.693000 + 0.083300),0.798000 (0.714600 + 0.083400),0.657800 (0.574200 + 0.083600),0.613400 (0.530100 + 0.083300),0.772300 (0.689400 + 0.082900),0.608300 (0.524700 + 0.083600),0.618000 (0.534600 + 0.083400),0.757000 (0.674100 + 0.082900),0.687900 (0.604800 + 0.083100),0.770000 (0.686700 + 0.083300),0.789000 (0.705600 + 0.083400),0.633400 (0.550800 + 0.082600),0.770800 (0.687600 + 0.083200),0.773300 (0.689400 + 0.083900),0.759300 (0.675900 + 0.083400),0.798000 (0.714600 + 0.083400),0.665900 (0.582300 + 0.083600),0.772200 (0.689400 + 0.082800),0.787600 (0.704700 + 0.082900),0.538300 (0.454500 + 0.083800),0.650200 (0.567000 + 0.083200),0.791800 (0.708300 + 0.083500),0.569700 (0.486900 + 0.082800),0.714400 (0.630900 + 0.083500),0.708600 (0.624600 + 0.084000),0.768400 (0.684000 + 0.084400),0.753000 (0.669600 + 0.083400),0.783700 (0.700200 + 0.083500),0.752300 (0.668700 + 0.083600),0.703000 (0.619200 + 0.083800),0.736600 (0.652500 + 0.084100),0.780300 (0.696600 + 0.083700)
16,0.798000 (0.714600 + 0.083400),0.798000 (0.714600 + 0.083400),0.798000 (0.714600 + 0.083400),0.798000 (0.714600 + 0.083400),0.798000 (0.714600 + 0.083400),0.743500 (0.659700 + 0.083800),0.753800 (0.670500 + 0.083300),0.793600 (0.710100 + 0.083500),0.791600 (0.708300 + 0.083300),0.759800 (0.675900 + 0.083900),0.648500 (0.565200 + 0.083300),0.786300 (0.702000 + 0.084300),0.789100 (0.705600 + 0.083500),0.766400 (0.683100 + 0.083300),0.759300 (0.675900 + 0.083400),0.673400 (0.590400 + 0.083000),0.703000 (0.619200 + 0.083800),0.627200 (0.544500 + 0.082700),0.793500 (0.710100 + 0.083400),0.759400 (0.675900 + 0.083500),0.630800 (0.547200 + 0.083600),0.638500 (0.555300 + 0.083200),0.703000 (0.619200 + 0.083800),0.734600 (0.652500 + 0.082100),0.788800 (0.705600 + 0.083200),0.792000 (0.708300 + 0.083700),0.747200 (0.663300 + 0.083900),0.774600 (0.691200 + 0.083400),0.553900 (0.470700 + 0.083200),0.787600 (0.703800 + 0.083800),0.748000 (0.664200 + 0.083800),0.613300 (0.530100 + 0.083200),0.730000 (0.648000 + 0.082000),0.662700 (0.578700 + 0.084000),0.699700 (0.616500 + 0.083200),0.671100 (0.587700 + 0.083400),0.530600 (0.449100 + 0.081500),0.798000 (0.714600 + 0.083400),0.787600 (0.704700 + 0.082900),0.563600 (0.479700 + 0.083900),0.679100 (0.595800 + 0.083300),0.789000 (0.705600 + 0.083400),0.650200 (0.567000 + 0.083200),0.703500 (0.620100 + 0.083400),0.637500 (0.553500 + 0.084000),0.780300 (0.696600 + 0.083700),0.656200 (0.573300 + 0.082900),0.782800 (0.699300 + 0.083500),0.759300 (0.675900 + 0.083400),0.644800 (0.561600 + 0.083200),0.776300 (0.693000 + 0.083300),0.635800 (0.552600 + 0.083200),0.785300 (0.702000 + 0.083300),0.790000 (0.706500 + 0.083500),0.748300 (0.665100 + 0.083200),0.671800 (0.588600 + 0.083200),0.793500 (0.710100 + 0.083400),0.770900 (0.687600 + 0.083300),0.733500 (0.649800 + 0.083700),0.691900 (0.608400 + 0.083500),0.633400 (0.550800 + 0.082600),0.682700 (0.599400 + 0.083300),0.770800 (0.687600 + 0.083200),0.784300 (0.700200 + 0.084100),0.743400 (0.660600 + 0.082800),0.764900 (0.680400 + 0.084500),0.774700 (0.692100 + 0.082600),0.774600 (0.691200 + 0.083400),0.580200 (0.496800 + 0.083400),0.718700 (0.635400 + 0.083300),0.775600 (0.692100 + 0.083500),0.798000 (0.714600 + 0.083400),0.787600 (0.704700 + 0.082900),0.769400 (0.686700 + 0.082700),0.768300 (0.684900 + 0.083400),0.766800 (0.683100 + 0.083700),0.620100 (0.537300 + 0.082800),0.792000 (0.708300 + 0.083700),0.663700 (0.580500 + 0.083200),0.688800 (0.605700 + 0.083100),0.783100 (0.699300 + 0.083800),0.782500 (0.699300 + 0.083200),0.655600 (0.572400 + 0.083200),0.624900 (0.541800 + 0.083100),0.679100 (0.595800 + 0.083300),0.762700 (0.678600 + 0.084100),0.785400 (0.702000 + 0.083400),0.789000 (0.705600 + 0.083400),0.787600 (0.704700 + 0.082900),0.793500 (0.710100 + 0.083400),0.782600 (0.699300 + 0.083300),0.783900 (0.700200 + 0.083700),0.775500 (0.692100 + 0.083400),0.608200 (0.525600 + 0.082600),0.650000 (0.567000 + 0.083000),0.759200 (0.675900 + 0.083300),0.536900 (0.453600 + 0.083300),0.732100 (0.648900 + 0.083200),0.714300 (0.630900 + 0.083400),0.683400 (0.600300 + 0.083100)
17,0.798000 (0.714600 + 0.083400),0.798000 (0.714600 + 0.083400),0.798000 (0.714600 + 0.083400),0.798000 (0.714600 + 0.083400),0.798000 (0.714600 + 0.083400),0.771300 (0.687600 + 0.083700),0.680100 (0.596700 + 0.083400),0.793500 (0.710100 + 0.083400),0.670000 (0.586800 + 0.083200),0.759300 (0.675900 + 0.083400),0.606100 (0.522000 + 0.084100),0.697500 (0.614700 + 0.082800),0.718800 (0.635400 + 0.083400),0.793500 (0.710100 + 0.083400),0.787200 (0.703800 + 0.083400),0.774700 (0.692100 + 0.082600),0.770900 (0.687600 + 0.083300),0.650300 (0.567000 + 0.083300),0.785400 (0.702000 + 0.083400),0.574600 (0.491400 + 0.083200),0.675500 (0.592200 + 0.083300),0.783600 (0.700200 + 0.083400),0.782000 (0.698400 + 0.083600),0.791900 (0.708300 + 0.083600),0.722700 (0.639000 + 0.083700),0.774400 (0.691200 + 0.083200),0.765900 (0.682200 + 0.083700),0.688800 (0.605700 + 0.083100),0.671800 (0.588600 + 0.083200),0.789000 (0.705600 + 0.083400),0.759800 (0.675900 + 0.083900),0.663700 (0.580500 + 0.083200),0.637500 (0.553500 + 0.084000),0.792000 (0.708300 + 0.083700),0.791600 (0.708300 + 0.083300),0.727300 (0.644400 + 0.082900),0.726000 (0.642600 + 0.083400),0.784500 (0.701100 + 0.083400),0.762700 (0.679500 + 0.083200),0.716500 (0.633600 + 0.082900),0.772200 (0.689400 + 0.082800),0.765000 (0.681300 + 0.083700),0.789100 (0.705600 + 0.083500),0.798000 (0.714600 + 0.083400),0.718700 (0.635400 + 0.083300),0.798000 (0.714600 + 0.083400),0.692700 (0.609300 + 0.083400),0.790300 (0.706500 + 0.083800),0.754300 (0.670500 + 0.083800),0.639500 (0.556200 + 0.083300),0.649200 (0.566100 + 0.083100),0.791600 (0.708300 + 0.083300),0.759200 (0.675900 + 0.083300),0.760400 (0.676800 + 0.083600),0.668000 (0.585000 + 0.083000),0.798000 (0.714600 + 0.083400),0.792000 (0.708300 + 0.083700),0.786100 (0.702900 + 0.083200),0.639500 (0.556200 + 0.083300),0.759300 (0.675900 + 0.083400),0.791600 (0.708300 + 0.083300),0.652600 (0.569700 + 0.082900),0.785800 (0.702000 + 0.083800),0.713300 (0.630000 + 0.083300),0.575500 (0.492300 + 0.083200),0.795400 (0.711900 + 0.083500),0.798000 (0.714600 + 0.083400),0.787600 (0.704700 + 0.082900),0.774600 (0.691200 + 0.083400),0.541600 (0.458100 + 0.083500),0.782900 (0.699300 + 0.083600),0.770800 (0.687600 + 0.083200),0.787600 (0.704700 + 0.082900),0.779900 (0.696600 + 0.083300),0.776500 (0.693000 + 0.083500),0.781100 (0.697500 + 0.083600),0.753600 (0.670500 + 0.083100),0.787400 (0.703800 + 0.083600),0.596300 (0.513000 + 0.083300),0.783800 (0.700200 + 0.083600),0.748700 (0.665100 + 0.083600),0.582600 (0.499500 + 0.083100),0.684400 (0.601200 + 0.083200),0.787600 (0.704700 + 0.082900),0.620000 (0.537300 + 0.082700),0.630300 (0.547200 + 0.083100),0.603500 (0.520200 + 0.083300),0.620200 (0.537300 + 0.082900),0.696300 (0.612900 + 0.083400),0.789000 (0.705600 + 0.083400),0.638200 (0.555300 + 0.082900),0.793500 (0.710100 + 0.083400),0.597700 (0.514800 + 0.082900),0.755600 (0.671400 + 0.084200),0.713400 (0.630000 + 0.083400),0.772300 (0.688500 + 0.083800),0.793600 (0.711000 + 0.082600),0.596900 (0.513000 + 0.083900),0.770900 (0.687600 + 0.083300),0.749200 (0.666000 + 0.083200)
18,0.798000 (0.714600 + 0.083400),0.798000 (0.714600 + 0.083400),0.798000 (0.714600 + 0.083400),0.798000 (0.714600 + 0.083400),0.798000 (0.714600 + 0.083400),0.792000 (0.708300 + 0.083700),0.719500 (0.636300 + 0.083200),0.771300 (0.687600 + 0.083700),0.652600 (0.569700 + 0.082900),0.767600 (0.684000 + 0.083600),0.651900 (0.568800 + 0.083100),0.772200 (0.689400 + 0.082800),0.546200 (0.463500 + 0.082700),0.622100 (0.539100 + 0.083000),0.777700 (0.694800 + 0.082900),0.798000 (0.714600 + 0.083400),0.679100 (0.595800 + 0.083300),0.788000 (0.704700 + 0.083300),0.754700 (0.671400 + 0.083300),0.782800 (0.699300 + 0.083500),0.766000 (0.682200 + 0.083800),0.693300 (0.610200 + 0.083100),0.623300 (0.540000 + 0.083300),0.791600 (0.708300 + 0.083300),0.798000 (0.714600 + 0.083400),0.742000 (0.658800 + 0.083200),0.783600 (0.700200 + 0.083400),0.785800 (0.702000 + 0.083800),0.764500 (0.681300 + 0.083200),0.787600 (0.704700 + 0.082900),0.774600 (0.691200 + 0.083400),0.798000 (0.714600 + 0.083400),0.772200 (0.689400 + 0.082800),0.673700 (0.590400 + 0.083300),0.787600 (0.704700 + 0.082900),0.727100 (0.644400 + 0.082700),0.772200 (0.689400 + 0.082800),0.779100 (0.695700 + 0.083400),0.665900 (0.582300 + 0.083600),0.710600 (0.627300 + 0.083300),0.782100 (0.698400 + 0.083700),0.798000 (0.714600 + 0.083400),0.718800 (0.635400 + 0.083400),0.754200 (0.670500 + 0.083700),0.716000 (0.632700 + 0.083300),0.603100 (0.520200 + 0.082900),0.795400 (0.711900 + 0.083500),0.792600 (0.709200 + 0.083400),0.789000 (0.705600 + 0.083400),0.798000 (0.714600 + 0.083400),0.773600 (0.690300 + 0.083300),0.792000 (0.708300 + 0.083700),0.593800 (0.510300 + 0.083500),0.605500 (0.522900 + 0.082600),0.789000 (0.705600 + 0.083400),0.798000 (0.714600 + 0.083400),0.606000 (0.522900 + 0.083100),0.565900 (0.482400 + 0.083500),0.725500 (0.642600 + 0.082900),0.726000 (0.642600 + 0.083400),0.746500 (0.663300 + 0.083200),0.673700 (0.590400 + 0.083300),0.787600 (0.703800 + 0.083800),0.787400 (0.703800 + 0.083600),0.792000 (0.708300 + 0.083700),0.691800 (0.608400 + 0.083400),0.776500 (0.693000 + 0.083500),0.792000 (0.708300 + 0.083700),0.759800 (0.675900 + 0.083900),0.759300 (0.675900 + 0.083400),0.791900 (0.708300 + 0.083600),0.793500 (0.710100 + 0.083400),0.793500 (0.710100 + 0.083400),0.781000 (0.697500 + 0.083500),0.789300 (0.706500 + 0.082800),0.665000 (0.581400 + 0.083600),0.798000 (0.714600 + 0.083400),0.798000 (0.714600 + 0.083400),0.793500 (0.710100 + 0.083400),0.791600 (0.708300 + 0.083300),0.798000 (0.714600 + 0.083400),0.793500 (0.710100 + 0.083400),0.713300 (0.630000 + 0.083300),0.689900 (0.606600 + 0.083300),0.526500 (0.443700 + 0.082800),0.775500 (0.692100 + 0.083400),0.788000 (0.704700 + 0.083300),0.798000 (0.714600 + 0.083400),0.783600 (0.700200 + 0.083400),0.759200 (0.675900 + 0.083300),0.782000 (0.698400 + 0.083600),0.769300 (0.685800 + 0.083500),0.648200 (0.565200 + 0.083000),0.696200 (0.612900 + 0.083300),0.792000 (0.708300 + 0.083700),0.798000 (0.714600 + 0.083400),0.671700 (0.588600 + 0.083100),0.537900 (0.454500 + 0.083400),0.791200 (0.707400 + 0.083800),0.779000 (0.695700 + 0.083300)
19,0.798000 (0.714600 + 0.083400),0.798000 (0.714600 + 0.083400),0.798000 (0.714600 + 0.083400),0.798000 (0.714600 + 0.083400),0.798000 (0.714600 + 0.083400),0.793500 (0.710100 + 0.083400),0.792000 (0.708300 + 0.083700),0.786700 (0.702900 + 0.083800),0.727900 (0.644400 + 0.083500),0.754200 (0.670500 + 0.083700),0.798000 (0.714600 + 0.083400),0.591000 (0.507600 + 0.083400),0.758200 (0.675000 + 0.083200),0.783600 (0.700200 + 0.083400),0.798000 (0.714600 + 0.083400),0.785800 (0.702000 + 0.083800),0.798000 (0.714600 + 0.083400),0.795600 (0.711900 + 0.083700),0.632500 (0.549000 + 0.083500),0.793500 (0.710100 + 0.083400),0.798000 (0.714600 + 0.083400),0.593600 (0.510300 + 0.083300),0.690800 (0.607500 + 0.083300),0.604800 (0.521100 + 0.083700),0.783500 (0.700200 + 0.083300),0.758600 (0.675000 + 0.083600),0.770400 (0.686700 + 0.083700),0.634700 (0.551700 + 0.083000),0.736700 (0.653400 + 0.083300),0.792000 (0.708300 + 0.083700),0.788000 (0.704700 + 0.083300),0.791600 (0.708300 + 0.083300),0.692400 (0.609300 + 0.083100),0.726000 (0.642600 + 0.083400),0.693500 (0.610200 + 0.083300),0.798000 (0.714600 + 0.083400),0.792000 (0.708300 + 0.083700),0.716900 (0.633600 + 0.083300),0.770600 (0.686700 + 0.083900),0.722500 (0.639000 + 0.083500),0.802500 (0.719100 + 0.083400),0.776500 (0.693000 + 0.083500),0.771300 (0.687600 + 0.083700),0.788000 (0.704700 + 0.083300),0.647900 (0.564300 + 0.083600),0.798000 (0.714600 + 0.083400),0.788400 (0.705600 + 0.082800),0.788000 (0.704700 + 0.083300),0.780400 (0.696600 + 0.083800),0.798000 (0.714600 + 0.083400),0.782000 (0.698400 + 0.083600),0.787600 (0.704700 + 0.082900),0.776500 (0.693000 + 0.083500),0.798000 (0.714600 + 0.083400),0.767600 (0.684000 + 0.083600),0.798000 (0.714600 + 0.083400),0.648200 (0.565200 + 0.083000),0.759800 (0.675900 + 0.083900),0.719500 (0.636300 + 0.083200),0.666600 (0.583200 + 0.083400),0.621400 (0.538200 + 0.083200),0.785800 (0.702000 + 0.083800),0.647600 (0.564300 + 0.083300),0.659400 (0.576000 + 0.083400),0.679800 (0.596700 + 0.083100),0.635600 (0.552600 + 0.083000),0.793500 (0.710100 + 0.083400),0.776300 (0.693000 + 0.083300),0.620200 (0.537300 + 0.082900),0.798000 (0.714600 + 0.083400),0.798000 (0.714600 + 0.083400),0.797100 (0.713700 + 0.083400),0.776100 (0.692100 + 0.084000),0.793500 (0.710100 + 0.083400),0.775500 (0.692100 + 0.083400),0.788000 (0.704700 + 0.083300),0.795800 (0.712800 + 0.083000),0.642000 (0.558900 + 0.083100),0.424800 (0.342000 + 0.082800),0.793500 (0.710100 + 0.083400),0.783600 (0.700200 + 0.083400),0.775500 (0.692100 + 0.083400),0.798000 (0.714600 + 0.083400),0.772200 (0.689400 + 0.082800),0.789000 (0.705600 + 0.083400),0.707500 (0.624600 + 0.082900),0.621600 (0.538200 + 0.083400),0.787600 (0.704700 + 0.082900),0.799700 (0.716400 + 0.083300),0.622200 (0.539100 + 0.083100),0.791600 (0.708300 + 0.083300),0.798000 (0.714600 + 0.083400),0.798000 (0.714600 + 0.083400),0.627700 (0.544500 + 0.083200),0.620100 (0.537300 + 0.082800),0.794200 (0.711000 + 0.083200),0.796400 (0.712800 + 0.083600),0.798900 (0.715500 + 0.083400),0.728900 (0.646200 + 0.082700),0.602700 (0.519300 + 0.083400)
20,0.802500 (0.719100 + 0.083400),0.799700 (0.716400 + 0.083300),0.798900 (0.715500 + 0.083400),0.798000 (0.714600 + 0.083400),0.798000 (0.714600 + 0.083400),0.798000 (0.714600 + 0.083400),0.770400 (0.686700 + 0.083700),0.798000 (0.714600 + 0.083400),0.785800 (0.702000 + 0.083800),0.798000 (0.714600 + 0.083400),0.776300 (0.693000 + 0.083300),0.713300 (0.630000 + 0.083300),0.632500 (0.549000 + 0.083500),0.802500 (0.719100 + 0.083400),0.647600 (0.564300 + 0.083300),0.601600 (0.518400 + 0.083200),0.783800 (0.700200 + 0.083600),0.798900 (0.715500 + 0.083400),0.662400 (0.578700 + 0.083700),0.546200 (0.463500 + 0.082700),0.663700 (0.580500 + 0.083200),0.798000 (0.714600 + 0.083400),0.798000 (0.714600 + 0.083400),0.696100 (0.612900 + 0.083200),0.689600 (0.606600 + 0.083000),0.798000 (0.714600 + 0.083400),0.794200 (0.711000 + 0.083200),0.604800 (0.521100 + 0.083700),0.805100 (0.721800 + 0.083300),0.788400 (0.705600 + 0.082800),0.717200 (0.633600 + 0.083600),0.660300 (0.576900 + 0.083400),0.798000 (0.714600 + 0.083400),0.802500 (0.719100 + 0.083400),0.797100 (0.713700 + 0.083400),0.679800 (0.596700 + 0.083100),0.798000 (0.714600 + 0.083400),0.798000 (0.714600 + 0.083400),0.600500 (0.517500 + 0.083000),0.771000 (0.687600 + 0.083400),0.744700 (0.661500 + 0.083200),0.793300 (0.710100 + 0.083200),0.796400 (0.712800 + 0.083600),0.793800 (0.710100 + 0.083700),0.765900 (0.683100 + 0.082800),0.798000 (0.714600 + 0.083400),0.796400 (0.712800 + 0.083600),0.798000 (0.714600 + 0.083400),0.788000 (0.704700 + 0.083300),0.640600 (0.557100 + 0.083500),0.793500 (0.710100 + 0.083400),0.748000 (0.664200 + 0.083800),0.775500 (0.692100 + 0.083400),0.798000 (0.714600 + 0.083400),0.792000 (0.708300 + 0.083700),0.677800 (0.594900 + 0.082900),0.798000 (0.714600 + 0.083400),0.787600 (0.704700 + 0.082900),0.785800 (0.702000 + 0.083800),0.683700 (0.600300 + 0.083400),0.552200 (0.468900 + 0.083300),0.758600 (0.675000 + 0.083600),0.691700 (0.608400 + 0.083300),0.782600 (0.699300 + 0.083300),0.787600 (0.704700 + 0.082900),0.791000 (0.707400 + 0.083600),0.790500 (0.707400 + 0.083100),0.788400 (0.705600 + 0.082800),0.788400 (0.705600 + 0.082800),0.596200 (0.513000 + 0.083200),0.727900 (0.644400 + 0.083500),0.792600 (0.709200 + 0.083400),0.668500 (0.585900 + 0.082600),0.791500 (0.708300 + 0.083200),0.620400 (0.537300 + 0.083100),0.798000 (0.714600 + 0.083400),0.706200 (0.622800 + 0.083400),0.790800 (0.707400 + 0.083400),0.774700 (0.691200 + 0.083500),0.789700 (0.706500 + 0.083200),0.779400 (0.695700 + 0.083700),0.789000 (0.705600 + 0.083400),0.798000 (0.714600 + 0.083400),0.728400 (0.645300 + 0.083100),0.657500 (0.574200 + 0.083300),0.792600 (0.709200 + 0.083400),0.647500 (0.564300 + 0.083200),0.787600 (0.704700 + 0.082900),0.798000 (0.714600 + 0.083400),0.698500 (0.614700 + 0.083800),0.798000 (0.714600 + 0.083400),0.798000 (0.714600 + 0.083400),0.655700 (0.572400 + 0.083300),0.675400 (0.592200 + 0.083200),0.661200 (0.577800 + 0.083400),0.792000 (0.708300 + 0.083700),0.630600 (0.547200 + 0.083400),0.792000 (0.708300 + 0.083700),0.782000 (0.698400 + 0.083600),0.789000 (0.705600 + 0.083400)
21,0.805100 (0.721800 + 0.083300),0.802500 (0.719100 + 0.083400),0.802500 (0.719100 + 0.083400),0.802500 (0.719100 + 0.083400),0.799700 (0.716400 + 0.083300),0.574300 (0.490500 + 0.083800),0.798000 (0.714600 + 0.083400),0.797100 (0.713700 + 0.083400),0.789700 (0.706500 + 0.083200),0.641400 (0.558000 + 0.083400),0.788400 (0.705600 + 0.082800),0.657100 (0.574200 + 0.082900),0.788400 (0.705600 + 0.082800),0.798000 (0.714600 + 0.083400),0.798000 (0.714600 + 0.083400),0.798000 (0.714600 + 0.083400),0.793500 (0.710100 + 0.083400),0.798000 (0.714600 + 0.083400),0.798000 (0.714600 + 0.083400),0.792000 (0.708300 + 0.083700),0.657600 (0.574200 + 0.083400),0.795100 (0.711900 + 0.083200),0.798900 (0.715500 + 0.083400),0.721600 (0.638100 + 0.083500),0.639300 (0.556200 + 0.083100),0.802500 (0.719100 + 0.083400),0.788400 (0.705600 + 0.082800),0.785200 (0.701100 + 0.084100),0.798000 (0.714600 + 0.083400),0.797100 (0.713700 + 0.083400),0.794200 (0.711000 + 0.083200),0.798900 (0.715500 + 0.083400),0.633900 (0.550800 + 0.083100),0.620500 (0.537300 + 0.083200),0.795100 (0.711900 + 0.083200),0.798000 (0.714600 + 0.083400),0.607500 (0.523800 + 0.083700),0.680100 (0.596700 + 0.083400),0.597000 (0.513900 + 0.083100),0.798000 (0.714600 + 0.083400),0.798000 (0.714600 + 0.083400),0.780200 (0.696600 + 0.083600),0.798000 (0.714600 + 0.083400),0.798900 (0.715500 + 0.083400),0.798000 (0.714600 + 0.083400),0.802500 (0.719100 + 0.083400),0.669000 (0.585900 + 0.083100),0.735700 (0.652500 + 0.083200),0.780400 (0.696600 + 0.083800),0.607100 (0.523800 + 0.083300),0.785300 (0.702000 + 0.083300),0.585500 (0.502200 + 0.083300),0.798000 (0.714600 + 0.083400),0.791900 (0.708300 + 0.083600),0.797200 (0.713700 + 0.083500),0.669400 (0.585900 + 0.083500),0.796200 (0.712800 + 0.083400),0.798000 (0.714600 + 0.083400),0.744700 (0.661500 + 0.083200),0.798000 (0.714600 + 0.083400),0.716300 (0.632700 + 0.083600),0.783100 (0.699300 + 0.083800),0.741000 (0.657900 + 0.083100),0.705200 (0.621900 + 0.083300),0.609400 (0.525600 + 0.083800),0.641200 (0.558000 + 0.083200),0.609200 (0.526500 + 0.082700),0.796400 (0.712800 + 0.083600),0.796400 (0.712800 + 0.083600),0.798000 (0.714600 + 0.083400),0.783800 (0.700200 + 0.083600),0.583800 (0.500400 + 0.083400),0.705100 (0.621900 + 0.083200),0.793500 (0.710100 + 0.083400),0.724400 (0.640800 + 0.083600),0.798000 (0.714600 + 0.083400),0.632500 (0.549900 + 0.082600),0.798000 (0.714600 + 0.083400),0.796400 (0.712800 + 0.083600),0.792000 (0.708300 + 0.083700),0.689300 (0.605700 + 0.083600),0.789800 (0.706500 + 0.083300),0.779500 (0.696600 + 0.082900),0.794200 (0.711000 + 0.083200),0.789700 (0.706500 + 0.083200),0.798000 (0.714600 + 0.083400),0.798000 (0.714600 + 0.083400),0.793500 (0.710100 + 0.083400),0.533300 (0.450000 + 0.083300),0.789900 (0.706500 + 0.083400),0.798000 (0.714600 + 0.083400),0.798000 (0.714600 + 0.083400),0.655400 (0.572400 + 0.083000),0.565600 (0.483300 + 0.082300),0.784300 (0.701100 + 0.083200),0.775500 (0.692100 + 0.083400),0.798000 (0.714600 + 0.083400),0.673600 (0.590400 + 0.083200),0.799700 (0.716400 + 0.083300),0.798000 (0.714600 + 0.083400)
22,0.805100 (0.721800 + 0.083300),0.802500 (0.719100 + 0.083400),0.802500 (0.719100 + 0.083400),0.802500 (0.719100 + 0.083400),0.802500 (0.719100 + 0.083400),0.798000 (0.714600 + 0.083400),0.644800 (0.561600 + 0.083200),0.798000 (0.714600 + 0.083400),0.798000 (0.714600 + 0.083400),0.625700 (0.542700 + 0.083000),0.696700 (0.613800 + 0.082900),0.643000 (0.559800 + 0.083200),0.795400 (0.711900 + 0.083500),0.801500 (0.718200 + 0.083300),0.803400 (0.720000 + 0.083400),0.707500 (0.624600 + 0.082900),0.636800 (0.553500 + 0.083300),0.799700 (0.716400 + 0.083300),0.630200 (0.547200 + 0.083000),0.802500 (0.719100 + 0.083400),0.798000 (0.714600 + 0.083400),0.780400 (0.696600 + 0.083800),0.501000 (0.417600 + 0.083400),0.797100 (0.713700 + 0.083400),0.716300 (0.632700 + 0.083600),0.798900 (0.715500 + 0.083400),0.798000 (0.714600 + 0.083400),0.795400 (0.711900 + 0.083500),0.789000 (0.705600 + 0.083400),0.789900 (0.706500 + 0.083400),0.798900 (0.715500 + 0.083400),0.736700 (0.653400 + 0.083300),0.606900 (0.523800 + 0.083100),0.794200 (0.711000 + 0.083200),0.802500 (0.719100 + 0.083400),0.796400 (0.712800 + 0.083600),0.661000 (0.577800 + 0.083200),0.789000 (0.705600 + 0.083400),0.671500 (0.588600 + 0.082900),0.695100 (0.612000 + 0.083100),0.797100 (0.713700 + 0.083400),0.793800 (0.710100 + 0.083700),0.798000 (0.714600 + 0.083400),0.798000 (0.714600 + 0.083400),0.798000 (0.714600 + 0.083400),0.798000 (0.714600 + 0.083400),0.509400 (0.425700 + 0.083700),0.736400 (0.653400 + 0.083000),0.602200 (0.519300 + 0.082900),0.798000 (0.714600 + 0.083400),0.780400 (0.696600 + 0.083800),0.478000 (0.395100 + 0.082900),0.791000 (0.707400 + 0.083600),0.585000 (0.502200 + 0.082800),0.796400 (0.712800 + 0.083600),0.615800 (0.532800 + 0.083000),0.798000 (0.714600 + 0.083400),0.798000 (0.714600 + 0.083400),0.625400 (0.542700 + 0.082700),0.798000 (0.714600 + 0.083400),0.799700 (0.716400 + 0.083300),0.798000 (0.714600 + 0.083400),0.662700 (0.579600 + 0.083100),0.803400 (0.720000 + 0.083400),0.674600 (0.591300 + 0.083300),0.800700 (0.717300 + 0.083400),0.677000 (0.594000 + 0.083000),0.805100 (0.721800 + 0.083300),0.802500 (0.719100 + 0.083400),0.798000 (0.714600 + 0.083400),0.798900 (0.715500 + 0.083400),0.738100 (0.655200 + 0.082900),0.798000 (0.714600 + 0.083400),0.708800 (0.625500 + 0.083300),0.643700 (0.560700 + 0.083000),0.599600 (0.516600 + 0.083000),0.588100 (0.504900 + 0.083200),0.799700 (0.716400 + 0.083300),0.676000 (0.593100 + 0.082900),0.802500 (0.719100 + 0.083400),0.793500 (0.710100 + 0.083400),0.784300 (0.701100 + 0.083200),0.802500 (0.719100 + 0.083400),0.740300 (0.657000 + 0.083300),0.785100 (0.702000 + 0.083100),0.798000 (0.714600 + 0.083400),0.798000 (0.714600 + 0.083400),0.733100 (0.649800 + 0.083300),0.520900 (0.438300 + 0.082600),0.786500 (0.702900 + 0.083600),0.801500 (0.718200 + 0.083300),0.769100 (0.685800 + 0.083300),0.722700 (0.639900 + 0.082800),0.687800 (0.604800 + 0.083000),0.584300 (0.501300 + 0.083000),0.638200 (0.555300 + 0.082900),0.798000 (0.714600 + 0.083400),0.783800 (0.700200 + 0.083600),0.729600 (0.646200 + 0.083400),0.796100 (0.712800 + 0.083300)
23,0.805100 (0.721800 + 0.083300),0.805100 (0.721800 + 0.083300),0.803400 (0.720000 + 0.083400),0.803400 (0.720000 + 0.083400),0.802500 (0.719100 + 0.083400),0.802500 (0.719100 + 0.083400),0.799700 (0.716400 + 0.083300),0.656400 (0.573300 + 0.083100),0.654700 (0.571500 + 0.083200),0.802500 (0.719100 + 0.083400),0.677000 (0.594000 + 0.083000),0.800700 (0.717300 + 0.083400),0.798000 (0.714600 + 0.083400),0.801500 (0.718200 + 0.083300),0.787200 (0.703800 + 0.083400),0.796100 (0.712800 + 0.083300),0.694700 (0.612000 + 0.082700),0.651400 (0.567900 + 0.083500),0.798900 (0.715500 + 0.083400),0.798000 (0.714600 + 0.083400),0.716300 (0.632700 + 0.083600),0.668100 (0.585000 + 0.083100),0.768400 (0.684900 + 0.083500),0.798000 (0.714600 + 0.083400),0.690700 (0.607500 + 0.083200),0.720000 (0.637200 + 0.082800),0.738100 (0.655200 + 0.082900),0.793500 (0.710100 + 0.083400),0.721300 (0.638100 + 0.083200),0.805100 (0.721800 + 0.083300),0.698000 (0.614700 + 0.083300),0.787900 (0.704700 + 0.083200),0.788100 (0.704700 + 0.083400),0.660900 (0.577800 + 0.083100),0.797100 (0.713700 + 0.083400),0.629100 (0.546300 + 0.082800),0.774000 (0.690300 + 0.083700),0.805100 (0.721800 + 0.083300),0.798000 (0.714600 + 0.083400),0.592800 (0.509400 + 0.083400),0.803400 (0.720000 + 0.083400),0.798000 (0.714600 + 0.083400),0.798900 (0.715500 + 0.083400),0.796200 (0.712800 + 0.083400),0.792500 (0.709200 + 0.083300),0.740300 (0.657000 + 0.083300),0.798000 (0.714600 + 0.083400),0.715000 (0.631800 + 0.083200),0.693400 (0.610200 + 0.083200),0.802500 (0.719100 + 0.083400),0.801500 (0.718200 + 0.083300),0.714100 (0.630900 + 0.083200),0.799700 (0.716400 + 0.083300),0.587200 (0.504000 + 0.083200),0.795400 (0.711900 + 0.083500),0.743700 (0.660600 + 0.083100),0.796400 (0.712800 + 0.083600),0.787400 (0.703800 + 0.083600),0.636800 (0.553500 + 0.083300),0.798000 (0.714600 + 0.083400),0.643000 (0.559800 + 0.083200),0.789000 (0.705600 + 0.083400),0.798900 (0.715500 + 0.083400),0.803400 (0.720000 + 0.083400),0.798000 (0.714600 + 0.083400),0.632700 (0.549900 + 0.082800),0.798000 (0.714600 + 0.083400),0.801500 (0.718200 + 0.083300),0.646900 (0.563400 + 0.083500),0.798000 (0.714600 + 0.083400),0.426200 (0.343800 + 0.082400),0.798800 (0.715500 + 0.083300),0.685200 (0.602100 + 0.083100),0.579000 (0.495900 + 0.083100),0.677000 (0.594000 + 0.083000),0.678900 (0.595800 + 0.083100),0.792900 (0.709200 + 0.083700),0.799700 (0.716400 + 0.083300),0.799700 (0.716400 + 0.083300),0.798000 (0.714600 + 0.083400),0.679600 (0.596700 + 0.082900),0.793300 (0.710100 + 0.083200),0.747700 (0.664200 + 0.083500),0.781700 (0.698400 + 0.083300),0.552000 (0.468900 + 0.083100),0.798000 (0.714600 + 0.083400),0.701400 (0.618300 + 0.083100),0.662700 (0.579600 + 0.083100),0.789000 (0.705600 + 0.083400),0.802500 (0.719100 + 0.083400),0.802500 (0.719100 + 0.083400),0.708600 (0.625500 + 0.083100),0.590400 (0.507600 + 0.082800),0.796300 (0.712800 + 0.083500),0.792500 (0.709200 + 0.083300),0.731400 (0.648000 + 0.083400),0.797100 (0.713700 + 0.083400),0.802500 (0.719100 + 0.083400),0.798900 (0.715500 + 0.083400),0.577100 (0.494100 + 0.083000)
24,0.805100 (0.721800 + 0.083300),0.805100 (0.721800 + 0.083300),0.805100 (0.721800 + 0.083300),0.805100 (0.721800 + 0.083300),0.803400 (0.720000 + 0.083400),0.712300 (0.629100 + 0.083200),0.796200 (0.712800 + 0.083400),0.797100 (0.713700 + 0.083400),0.539400 (0.456300 + 0.083100),0.801600 (0.718200 + 0.083400),0.798000 (0.714600 + 0.083400),0.798000 (0.714600 + 0.083400),0.801500 (0.718200 + 0.083300),0.803400 (0.720000 + 0.083400),0.802500 (0.719100 + 0.083400),0.568000 (0.485100 + 0.082900),0.798800 (0.715500 + 0.083300),0.660100 (0.576900 + 0.083200),0.721200 (0.638100 + 0.083100),0.798900 (0.715500 + 0.083400),0.795400 (0.711900 + 0.083500),0.774500 (0.691200 + 0.083300),0.756400 (0.673200 + 0.083200),0.788100 (0.704700 + 0.083400),0.685200 (0.602100 + 0.083100),0.805100 (0.721800 + 0.083300),0.787900 (0.704700 + 0.083200),0.799700 (0.716400 + 0.083300),0.793300 (0.710100 + 0.083200),0.786900 (0.703800 + 0.083100),0.709400 (0.626400 + 0.083000),0.599900 (0.516600 + 0.083300),0.745900 (0.662400 + 0.083500),0.728400 (0.645300 + 0.083100),0.738400 (0.655200 + 0.083200),0.780400 (0.696600 + 0.083800),0.789800 (0.706500 + 0.083300),0.790900 (0.707400 + 0.083500),0.696800 (0.613800 + 0.083000),0.802500 (0.719100 + 0.083400),0.774000 (0.690300 + 0.083700),0.798900 (0.715500 + 0.083400),0.793500 (0.710100 + 0.083400),0.800700 (0.717300 + 0.083400),0.799700 (0.716400 + 0.083300),0.791600 (0.708300 + 0.083300),0.672700 (0.589500 + 0.083200),0.727500 (0.644400 + 0.083100),0.796300 (0.712800 + 0.083500),0.677000 (0.594000 + 0.083000),0.798000 (0.714600 + 0.083400),0.800700 (0.717300 + 0.083400),0.798900 (0.715500 + 0.083400),0.795400 (0.711900 + 0.083500),0.801500 (0.718200 + 0.083300),0.798000 (0.714600 + 0.083400),0.796300 (0.712800 + 0.083500),0.699700 (0.616500 + 0.083200),0.802500 (0.719100 + 0.083400),0.798900 (0.715500 + 0.083400),0.715000 (0.631800 + 0.083200),0.765600 (0.682200 + 0.083400),0.797100 (0.713700 + 0.083400),0.750200 (0.666900 + 0.083300),0.745600 (0.662400 + 0.083200),0.798900 (0.715500 + 0.083400),0.731400 (0.648000 + 0.083400),0.792500 (0.709200 + 0.083300),0.796200 (0.712800 + 0.083400),0.799700 (0.716400 + 0.083300),0.799800 (0.716400 + 0.083400),0.796100 (0.712800 + 0.083300),0.701400 (0.618300 + 0.083100),0.799700 (0.716400 + 0.083300),0.561400 (0.477900 + 0.083500),0.719300 (0.636300 + 0.083000),0.787900 (0.704700 + 0.083200),0.803400 (0.720000 + 0.083400),0.801500 (0.718200 + 0.083300),0.798000 (0.714600 + 0.083400),0.798000 (0.714600 + 0.083400),0.793300 (0.710100 + 0.083200),0.801500 (0.718200 + 0.083300),0.756400 (0.673200 + 0.083200),0.677200 (0.594000 + 0.083200),0.801500 (0.718200 + 0.083300),0.724200 (0.640800 + 0.083400),0.760900 (0.677700 + 0.083200),0.612500 (0.529200 + 0.083300),0.798800 (0.715500 + 0.083300),0.797100 (0.713700 + 0.083400),0.695100 (0.612000 + 0.083100),0.803400 (0.720000 + 0.083400),0.795400 (0.711900 + 0.083500),0.792500 (0.709200 + 0.083300),0.802500 (0.719100 + 0.083400),0.798000 (0.714600 + 0.083400),0.753800 (0.670500 + 0.083300),0.733200 (0.649800 + 0.083400),0.800700 (0.717300 + 0.083400)
25,0.805100 (0.721800 + 0.083300),0.805100 (0.721800 + 0.083300),0.805100 (0.721800 + 0.083300),0.805100 (0.721800 + 0.083300),0.805100 (0.721800 + 0.083300),0.798000 (0.714600 + 0.083400),0.796300 (0.712800 + 0.083500),0.803200 (0.720000 + 0.083200),0.799700 (0.716400 + 0.083300),0.570900 (0.487800 + 0.083100),0.704000 (0.621000 + 0.083000),0.714900 (0.631800 + 0.083100),0.783600 (0.700200 + 0.083400),0.800700 (0.717300 + 0.083400),0.800700 (0.717300 + 0.083400),0.798000 (0.714600 + 0.083400),0.796200 (0.712800 + 0.083400),0.709400 (0.626400 + 0.083000),0.637300 (0.554400 + 0.082900),0.801500 (0.718200 + 0.083300),0.805100 (0.721800 + 0.083300),0.799700 (0.716400 + 0.083300),0.798000 (0.714600 + 0.083400),0.789800 (0.706500 + 0.083300),0.780400 (0.696600 + 0.083800),0.647500 (0.564300 + 0.083200),0.750200 (0.666900 + 0.083300),0.742200 (0.658800 + 0.083400),0.621600 (0.538200 + 0.083400),0.798000 (0.714600 + 0.083400),0.671600 (0.588600 + 0.083000),0.787900 (0.704700 + 0.083200),0.721200 (0.638100 + 0.083100),0.744800 (0.661500 + 0.083300),0.793500 (0.710100 + 0.083400),0.581100 (0.497700 + 0.083400),0.799800 (0.716400 + 0.083400),0.802400 (0.719100 + 0.083300),0.759100 (0.675900 + 0.083200),0.738300 (0.655200 + 0.083100),0.803400 (0.720000 + 0.083400),0.799700 (0.716400 + 0.083300),0.719300 (0.636300 + 0.083000),0.712100 (0.629100 + 0.083000),0.739100 (0.656100 + 0.083000),0.803400 (0.720000 + 0.083400),0.798800 (0.715500 + 0.083300),0.681700 (0.598500 + 0.083200),0.738300 (0.655200 + 0.083100),0.803400 (0.720000 + 0.083400),0.801600 (0.718200 + 0.083400),0.795400 (0.711900 + 0.083500),0.798000 (0.714600 + 0.083400),0.760200 (0.676800 + 0.083400),0.753700 (0.670500 + 0.083200),0.793300 (0.710100 + 0.083200),0.587800 (0.504900 + 0.082900),0.603500 (0.520200 + 0.083300),0.796300 (0.712800 + 0.083500),0.798800 (0.715500 + 0.083300),0.697800 (0.614700 + 0.083100),0.586700 (0.504000 + 0.082700),0.797100 (0.713700 + 0.083400),0.799700 (0.716400 + 0.083300),0.789100 (0.705600 + 0.083500),0.803400 (0.720000 + 0.083400),0.636800 (0.553500 + 0.083300),0.788000 (0.704700 + 0.083300),0.795300 (0.711900 + 0.083400),0.799600 (0.716400 + 0.083200),0.799800 (0.716400 + 0.083400),0.797100 (0.713700 + 0.083400),0.789000 (0.705600 + 0.083400),0.562800 (0.479700 + 0.083100),0.798000 (0.714600 + 0.083400),0.801600 (0.718200 + 0.083400),0.801500 (0.718200 + 0.083300),0.779700 (0.696600 + 0.083100),0.703100 (0.620100 + 0.083000),0.688800 (0.605700 + 0.083100),0.653800 (0.570600 + 0.083200),0.799700 (0.716400 + 0.083300),0.801500 (0.718200 + 0.083300),0.796200 (0.712800 + 0.083400),0.696800 (0.613800 + 0.083000),0.793500 (0.710100 + 0.083400),0.799700 (0.716400 + 0.083300),0.798900 (0.715500 + 0.083400),0.743900 (0.660600 + 0.083300),0.716000 (0.632700 + 0.083300),0.606100 (0.522900 + 0.083200),0.801500 (0.718200 + 0.083300),0.796100 (0.712800 + 0.083300),0.693200 (0.610200 + 0.083000),0.798800 (0.715500 + 0.083300),0.798000 (0.714600 + 0.083400),0.798000 (0.714600 + 0.083400),0.797100 (0.713700 + 0.083400),0.795400 (0.711900 + 0.083500),0.734800 (0.651600 + 0.083200)
26,0.805100 (0.721800 + 0.083300),0.805100 (0.721800 + 0.083300),0.805100 (0.721800 + 0.083300),0.805100 (0.721800 + 0.083300),0.805100 (0.721800 + 0.083300),0.796200 (0.712800 + 0.083400),0.801500 (0.718200 + 0.083300),0.638100 (0.555300 + 0.082800),0.805200 (0.721800 + 0.083400),0.799700 (0.716400 + 0.083300),0.674300 (0.591300 + 0.083000),0.805100 (0.721800 + 0.083300),0.799700 (0.716400 + 0.083300),0.799800 (0.716400 + 0.083400),0.798000 (0.714600 + 0.083400),0.787900 (0.704700 + 0.083200),0.798800 (0.715500 + 0.083300),0.803200 (0.720000 + 0.083200),0.795400 (0.711900 + 0.083500),0.712200 (0.629100 + 0.083100),0.784300 (0.701100 + 0.083200),0.796100 (0.712800 + 0.083300),0.793600 (0.710100 + 0.083500),0.798000 (0.714600 + 0.083400),0.759100 (0.675900 + 0.083200),0.795400 (0.711900 + 0.083500),0.796300 (0.712800 + 0.083500),0.805100 (0.721800 + 0.083300),0.744800 (0.661500 + 0.083300),0.594400 (0.511200 + 0.083200),0.799800 (0.716400 + 0.083400),0.799800 (0.716400 + 0.083400),0.788000 (0.704700 + 0.083300),0.802500 (0.719100 + 0.083400),0.798000 (0.714600 + 0.083400),0.801500 (0.718200 + 0.083300),0.796200 (0.712800 + 0.083400),0.741100 (0.657900 + 0.083200),0.677600 (0.594000 + 0.083600),0.652100 (0.569700 + 0.082400),0.608100 (0.524700 + 0.083400),0.710500 (0.627300 + 0.083200),0.798000 (0.714600 + 0.083400),0.800000 (0.716400 + 0.083600),0.789000 (0.705600 + 0.083400),0.788800 (0.705600 + 0.083200),0.786200 (0.702900 + 0.083300),0.749200 (0.666000 + 0.083200),0.711500 (0.628200 + 0.083300),0.795400 (0.711900 + 0.083500),0.803400 (0.720000 + 0.083400),0.795400 (0.711900 + 0.083500),0.786300 (0.702900 + 0.083400),0.712000 (0.629100 + 0.082900),0.741000 (0.657900 + 0.083100),0.665300 (0.582300 + 0.083000),0.789000 (0.705600 + 0.083400),0.795300 (0.711900 + 0.083400),0.637400 (0.554400 + 0.083000),0.797000 (0.713700 + 0.083300),0.800600 (0.717300 + 0.083300),0.754800 (0.671400 + 0.083400),0.718500 (0.635400 + 0.083100),0.565800 (0.482400 + 0.083400),0.798900 (0.715500 + 0.083400),0.564500 (0.481500 + 0.083000),0.759200 (0.675900 + 0.083300),0.600800 (0.517500 + 0.083300),0.701600 (0.618300 + 0.083300),0.700600 (0.617400 + 0.083200),0.798800 (0.715500 + 0.083300),0.612400 (0.529200 + 0.083200),0.665500 (0.582300 + 0.083200),0.801600 (0.718200 + 0.083400),0.734800 (0.651600 + 0.083200),0.585000 (0.502200 + 0.082800),0.574500 (0.491400 + 0.083100),0.800500 (0.717300 + 0.083200),0.596500 (0.513900 + 0.082600),0.795100 (0.711900 + 0.083200),0.747500 (0.664200 + 0.083300),0.803400 (0.720000 + 0.083400),0.805100 (0.721800 + 0.083300),0.699000 (0.615600 + 0.083400),0.707800 (0.624600 + 0.083200),0.801500 (0.718200 + 0.083300),0.805100 (0.721800 + 0.083300),0.792200 (0.709200 + 0.083000),0.613300 (0.530100 + 0.083200),0.799800 (0.716400 + 0.083400),0.799700 (0.716400 + 0.083300),0.801500 (0.718200 + 0.083300),0.562800 (0.479700 + 0.083100),0.798000 (0.714600 + 0.083400),0.780400 (0.696600 + 0.083800),0.656300 (0.573300 + 0.083000),0.663700 (0.580500 + 0.083200),0.800700 (0.717300 + 0.083400),0.620400 (0.537300 + 0.083100),0.799800 (0.716400 + 0.083400)
27,0.805200 (0.721800 + 0.083400),0.805100 (0.721800 + 0.083300),0.805100 (0.721800 + 0.083300),0.805100 (0.721800 + 0.083300),0.805100 (0.721800 + 0.083300),0.805100 (0.721800 + 0.083300),0.799700 (0.716400 + 0.083300),0.696100 (0.612900 + 0.083200),0.805100 (0.721800 + 0.083300),0.634700 (0.551700 + 0.083000),0.805100 (0.721800 + 0.083300),0.793200 (0.710100 + 0.083100),0.803400 (0.720000 + 0.083400),0.803400 (0.720000 + 0.083400),0.788800 (0.705600 + 0.083200),0.576400 (0.493200 + 0.083200),0.720500 (0.637200 + 0.083300),0.799800 (0.716400 + 0.083400),0.799800 (0.716400 + 0.083400),0.576500 (0.493200 + 0.083300),0.663700 (0.580500 + 0.083200),0.790600 (0.707400 + 0.083200),0.650800 (0.567900 + 0.082900),0.787900 (0.704700 + 0.083200),0.799700 (0.716400 + 0.083300),0.623900 (0.540900 + 0.083000),0.798000 (0.714600 + 0.083400),0.801600 (0.718200 + 0.083400),0.799700 (0.716400 + 0.083300),0.798000 (0.714600 + 0.083400),0.637500 (0.554400 + 0.083100),0.565600 (0.482400 + 0.083200),0.707800 (0.624600 + 0.083200),0.799800 (0.716400 + 0.083400),0.728500 (0.645300 + 0.083200),0.795400 (0.711900 + 0.083500),0.672500 (0.589500 + 0.083000),0.801500 (0.718200 + 0.083300),0.801500 (0.718200 + 0.083300),0.805200 (0.721800 + 0.083400),0.628600 (0.545400 + 0.083200),0.796300 (0.712800 + 0.083500),0.596500 (0.513900 + 0.082600),0.805100 (0.721800 + 0.083300),0.798000 (0.714600 + 0.083400),0.599600 (0.516600 + 0.083000),0.751900 (0.668700 + 0.083200),0.728600 (0.645300 + 0.083300),0.641300 (0.558000 + 0.083300),0.730700 (0.647100 + 0.083600),0.650600 (0.567900 + 0.082700),0.795400 (0.711900 + 0.083500),0.513800 (0.431100 + 0.082700),0.654700 (0.571500 + 0.083200),0.736700 (0.653400 + 0.083300),0.796200 (0.712800 + 0.083400),0.795400 (0.711900 + 0.083500),0.800000 (0.716400 + 0.083600),0.659100 (0.576000 + 0.083100),0.675500 (0.592200 + 0.083300),0.801600 (0.718200 + 0.083400),0.550000 (0.467100 + 0.082900),0.799700 (0.716400 + 0.083300),0.659200 (0.576000 + 0.083200),0.786300 (0.702900 + 0.083400),0.799700 (0.716400 + 0.083300),0.759200 (0.675900 + 0.083300),0.591600 (0.508500 + 0.083100),0.793600 (0.710100 + 0.083500),0.799000 (0.715500 + 0.083500),0.802300 (0.719100 + 0.083200),0.801600 (0.718200 + 0.083400),0.786300 (0.702900 + 0.083400),0.700600 (0.617400 + 0.083200),0.596500 (0.513900 + 0.082600),0.801500 (0.718200 + 0.083300),0.801500 (0.718200 + 0.083300),0.703300 (0.620100 + 0.083200),0.783400 (0.700200 + 0.083200),0.794400 (0.711000 + 0.083400),0.663600 (0.580500 + 0.083100),0.805100 (0.721800 + 0.083300),0.701600 (0.618300 + 0.083300),0.805100 (0.721800 + 0.083300),0.805100 (0.721800 + 0.083300),0.806100 (0.722700 + 0.083400),0.778200 (0.694800 + 0.083400),0.787800 (0.704700 + 0.083100),0.707600 (0.624600 + 0.083000),0.805100 (0.721800 + 0.083300),0.798000 (0.714600 + 0.083400),0.805100 (0.721800 + 0.083300),0.786200 (0.702900 + 0.083300),0.801500 (0.718200 + 0.083300),0.795300 (0.711900 + 0.083400),0.796200 (0.712800 + 0.083400),0.601500 (0.518400 + 0.083100),0.801500 (0.718200 + 0.083300),0.800600 (0.717300 + 0.083300),0.798000 (0.714600 + 0.083400)
28,0.806100 (0.722700 + 0.083400),0.805200 (0.721800 + 0.083400),0.805200 (0.721800 + 0.083400),0.805100 (0.721800 + 0.083300),0.805100 (0.721800 + 0.083300),0.644700 (0.561600 + 0.083100),0.804200 (0.720900 + 0.083300),0.796200 (0.712800 + 0.083400),0.792500 (0.709200 + 0.083300),0.496900 (0.414000 + 0.082900),0.743800 (0.660600 + 0.083200),0.737700 (0.654300 + 0.083400),0.785500 (0.702000 + 0.083500),0.785400 (0.702000 + 0.083400),0.772600 (0.689400 + 0.083200),0.793500 (0.710100 + 0.083400),0.800000 (0.716400 + 0.083600),0.792500 (0.709200 + 0.083300),0.676600 (0.593100 + 0.083500),0.802300 (0.719100 + 0.083200),0.753800 (0.670500 + 0.083300),0.736700 (0.653400 + 0.083300),0.707600 (0.624600 + 0.083000),0.792600 (0.709200 + 0.083400),0.667800 (0.585000 + 0.082800),0.805100 (0.721800 + 0.083300),0.659200 (0.576000 + 0.083200),0.655200 (0.572400 + 0.082800),0.801600 (0.718200 + 0.083400),0.791800 (0.708300 + 0.083500),0.692400 (0.609300 + 0.083100),0.761900 (0.678600 + 0.083300),0.801500 (0.718200 + 0.083300),0.786300 (0.702900 + 0.083400),0.650600 (0.567900 + 0.082700),0.527700 (0.444600 + 0.083100),0.504900 (0.422100 + 0.082800),0.801500 (0.718200 + 0.083300),0.800500 (0.717300 + 0.083200),0.569100 (0.486000 + 0.083100),0.599700 (0.516600 + 0.083100),0.799700 (0.716400 + 0.083300),0.611000 (0.528300 + 0.082700),0.805200 (0.721800 + 0.083400),0.799000 (0.715500 + 0.083500),0.564500 (0.481500 + 0.083000),0.520200 (0.437400 + 0.082800),0.805100 (0.721800 + 0.083300),0.805100 (0.721800 + 0.083300),0.805100 (0.721800 + 0.083300),0.805100 (0.721800 + 0.083300),0.799700 (0.716400 + 0.083300),0.707800 (0.624600 + 0.083200),0.673700 (0.590400 + 0.083300),0.797200 (0.713700 + 0.083500),0.799700 (0.716400 + 0.083300),0.632200 (0.549000 + 0.083200),0.651900 (0.568800 + 0.083100),0.798000 (0.714600 + 0.083400),0.802600 (0.719100 + 0.083500),0.793500 (0.710100 + 0.083400),0.622700 (0.539100 + 0.083600),0.804200 (0.720900 + 0.083300),0.692600 (0.609300 + 0.083300),0.802400 (0.719100 + 0.083300),0.805100 (0.721800 + 0.083300),0.700500 (0.617400 + 0.083100),0.796200 (0.712800 + 0.083400),0.794900 (0.711900 + 0.083000),0.737600 (0.654300 + 0.083300),0.796200 (0.712800 + 0.083400),0.805100 (0.721800 + 0.083300),0.607100 (0.523800 + 0.083300),0.802600 (0.719100 + 0.083500),0.793500 (0.710100 + 0.083400),0.796200 (0.712800 + 0.083400),0.735200 (0.651600 + 0.083600),0.805100 (0.721800 + 0.083300),0.657200 (0.574200 + 0.083000),0.792500 (0.709200 + 0.083300),0.801600 (0.718200 + 0.083400),0.802600 (0.719100 + 0.083500),0.797000 (0.713700 + 0.083300),0.805200 (0.721800 + 0.083400),0.728500 (0.645300 + 0.083200),0.799700 (0.716400 + 0.083300),0.632400 (0.549000 + 0.083400),0.654800 (0.571500 + 0.083300),0.795400 (0.711900 + 0.083500),0.635700 (0.552600 + 0.083100),0.635700 (0.552600 + 0.083100),0.794400 (0.711000 + 0.083400),0.787900 (0.704700 + 0.083200),0.796200 (0.712800 + 0.083400),0.799700 (0.716400 + 0.083300),0.656400 (0.573300 + 0.083100),0.801500 (0.718200 + 0.083300),0.805200 (0.721800 + 0.083400),0.796200 (0.712800 + 0.083400),0.797800 (0.714600 + 0.083200)
29,0.806100 (0.722700 + 0.083400),0.805200 (0.721800 + 0.083400),0.805200 (0.721800 + 0.083400),0.805200 (0.721800 + 0.083400),0.805200 (0.721800 + 0.083400),0.708400 (0.625500 + 0.082900),0.761000 (0.677700 + 0.083300),0.801500 (0.718200 + 0.083300),0.797800 (0.714600 + 0.083200),0.805200 (0.721800 + 0.083400),0.796200 (0.712800 + 0.083400),0.805100 (0.721800 + 0.083300),0.805100 (0.721800 + 0.083300),0.805100 (0.721800 + 0.083300),0.561300 (0.477900 + 0.083400),0.806100 (0.722700 + 0.083400),0.802600 (0.719100 + 0.083500),0.805100 (0.721800 + 0.083300),0.795400 (0.711900 + 0.083500),0.784500 (0.701100 + 0.083400),0.795400 (0.711900 + 0.083500),0.629400 (0.546300 + 0.083100),0.800600 (0.717300 + 0.083300),0.799700 (0.716400 + 0.083300),0.641700 (0.558900 + 0.082800),0.565500 (0.482400 + 0.083100),0.509100 (0.426600 + 0.082500),0.798000 (0.714600 + 0.083400),0.793500 (0.710100 + 0.083400),0.787200 (0.703800 + 0.083400),0.694400 (0.611100 + 0.083300),0.624000 (0.540900 + 0.083100),0.781500 (0.698400 + 0.083100),0.800600 (0.717300 + 0.083300),0.662800 (0.579600 + 0.083200),0.798000 (0.714600 + 0.083400),0.802400 (0.719100 + 0.083300),0.787100 (0.703800 + 0.083300),0.798100 (0.714600 + 0.083500),0.632400 (0.549000 + 0.083400),0.520200 (0.437400 + 0.082800),0.550200 (0.467100 + 0.083100),0.701500 (0.618300 + 0.083200),0.692600 (0.609300 + 0.083300),0.780800 (0.697500 + 0.083300),0.627400 (0.544500 + 0.082900),0.797800 (0.714600 + 0.083200),0.654600 (0.571500 + 0.083100),0.614900 (0.531900 + 0.083000),0.605200 (0.522000 + 0.083200),0.702300 (0.619200 + 0.083100),0.734600 (0.651600 + 0.083000),0.799700 (0.716400 + 0.083300),0.680500 (0.597600 + 0.082900),0.792500 (0.709200 + 0.083300),0.799000 (0.715500 + 0.083500),0.623100 (0.540000 + 0.083100),0.656700 (0.573300 + 0.083400),0.796200 (0.712800 + 0.083400),0.663600 (0.580500 + 0.083100),0.793500 (0.710100 + 0.083400),0.522000 (0.439200 + 0.082800),0.799700 (0.716400 + 0.083300),0.753600 (0.670500 + 0.083100),0.699100 (0.615600 + 0.083500),0.574700 (0.492300 + 0.082400),0.776300 (0.693000 + 0.083300),0.791700 (0.708300 + 0.083400),0.805100 (0.721800 + 0.083300),0.805100 (0.721800 + 0.083300),0.796200 (0.712800 + 0.083400),0.805100 (0.721800 + 0.083300),0.802300 (0.719100 + 0.083200),0.799700 (0.716400 + 0.083300),0.794400 (0.711000 + 0.083400),0.715900 (0.632700 + 0.083200),0.805100 (0.721800 + 0.083300),0.802300 (0.719100 + 0.083200),0.799800 (0.716400 + 0.083400),0.799000 (0.715500 + 0.083500),0.542800 (0.459900 + 0.082900),0.759000 (0.675900 + 0.083100),0.794500 (0.711000 + 0.083500),0.709400 (0.626400 + 0.083000),0.800500 (0.717300 + 0.083200),0.737400 (0.654300 + 0.083100),0.658100 (0.575100 + 0.083000),0.755500 (0.672300 + 0.083200),0.775500 (0.692100 + 0.083400),0.801500 (0.718200 + 0.083300),0.582000 (0.498600 + 0.083400),0.552100 (0.468900 + 0.083200),0.801500 (0.718200 + 0.083300),0.716900 (0.633600 + 0.083300),0.636700 (0.553500 + 0.083200),0.802600 (0.719100 + 0.083500),0.805200 (0.721800 + 0.083400),0.599700 (0.516600 + 0.083100),0.797800 (0.714600 + 0.083200),0.805100 (0.721800 + 0.083300)
30,0.806100 (0.722700 + 0.083400),0.806100 (0.722700 + 0.083400),0.805200 (0.721800 + 0.083400),0.805200 (0.721800 + 0.083400),0.805200 (0.721800 + 0.083400),0.805100 (0.721800 + 0.083300),0.800600 (0.717300 + 0.083300),0.679000 (0.595800 + 0.083200),0.802600 (0.719100 + 0.083500),0.799700 (0.716400 + 0.083300),0.790900 (0.707400 + 0.083500),0.568900 (0.486000 + 0.082900),0.797800 (0.714600 + 0.083200),0.801500 (0.718200 + 0.083300),0.802600 (0.719100 + 0.083500),0.732800 (0.649800 + 0.083000),0.797800 (0.714600 + 0.083200),0.750900 (0.667800 + 0.083100),0.680700 (0.597600 + 0.083100),0.550700 (0.468000 + 0.082700),0.801500 (0.718200 + 0.083300),0.666100 (0.583200 + 0.082900),0.805100 (0.721800 + 0.083300),0.805200 (0.721800 + 0.083400),0.708400 (0.625500 + 0.082900),0.775500 (0.692100 + 0.083400),0.614900 (0.531900 + 0.083000),0.794500 (0.711000 + 0.083500),0.781600 (0.698400 + 0.083200),0.806100 (0.722700 + 0.083400),0.533800 (0.450900 + 0.082900),0.790000 (0.706500 + 0.083500),0.798700 (0.715500 + 0.083200),0.684500 (0.601200 + 0.083300),0.694400 (0.611100 + 0.083300),0.764800 (0.681300 + 0.083500),0.786000 (0.702900 + 0.083100),0.805200 (0.721800 + 0.083400),0.800500 (0.717300 + 0.083200),0.806100 (0.722700 + 0.083400),0.785400 (0.702000 + 0.083400),0.797800 (0.714600 + 0.083200),0.717100 (0.633600 + 0.083500),0.791500 (0.708300 + 0.083200),0.803400 (0.720000 + 0.083400),0.661600 (0.578700 + 0.082900),0.805100 (0.721800 + 0.083300),0.738500 (0.655200 + 0.083300),0.632100 (0.549000 + 0.083100),0.801500 (0.718200 + 0.083300),0.792500 (0.709200 + 0.083300),0.754700 (0.671400 + 0.083300),0.634000 (0.550800 + 0.083200),0.634800 (0.551700 + 0.083100),0.805200 (0.721800 + 0.083400),0.779700 (0.696600 + 0.083100),0.756300 (0.673200 + 0.083100),0.796200 (0.712800 + 0.083400),0.792500 (0.709200 + 0.083300),0.802600 (0.719100 + 0.083500),0.797800 (0.714600 + 0.083200),0.781600 (0.698400 + 0.083200),0.754700 (0.671400 + 0.083300),0.603700 (0.520200 + 0.083500),0.799700 (0.716400 + 0.083300),0.624600 (0.541800 + 0.082800),0.801500 (0.718200 + 0.083300),0.783700 (0.700200 + 0.083500),0.702300 (0.619200 + 0.083100),0.802600 (0.719100 + 0.083500),0.690500 (0.607500 + 0.083000),0.789900 (0.706500 + 0.083400),0.799700 (0.716400 + 0.083300),0.799700 (0.716400 + 0.083300),0.702300 (0.619200 + 0.083100),0.801500 (0.718200 + 0.083300),0.802600 (0.719100 + 0.083500),0.805200 (0.721800 + 0.083400),0.799700 (0.716400 + 0.083300),0.801500 (0.718200 + 0.083300),0.796100 (0.712800 + 0.083300),0.800900 (0.717300 + 0.083600),0.802200 (0.719100 + 0.083100),0.679000 (0.595800 + 0.083200),0.513100 (0.430200 + 0.082900),0.798100 (0.714600 + 0.083500),0.752600 (0.669600 + 0.083000),0.620400 (0.537300 + 0.083100),0.753600 (0.670500 + 0.083100),0.791700 (0.708300 + 0.083400),0.709400 (0.626400 + 0.083000),0.799800 (0.716400 + 0.083400),0.744700 (0.661500 + 0.083200),0.801800 (0.718200 + 0.083600),0.802300 (0.719100 + 0.083200),0.802300 (0.719100 + 0.083200),0.633100 (0.549900 + 0.083200),0.784500 (0.701100 + 0.083400),0.753600 (0.670500 + 0.083100),0.458600 (0.375300 + 0.083300)
31,0.806100 (0.722700 + 0.083400),0.806100 (0.722700 + 0.083400),0.806100 (0.722700 + 0.083400),0.806100 (0.722700 + 0.083400),0.805200 (0.721800 + 0.083400),0.801700 (0.718200 + 0.083500),0.802300 (0.719100 + 0.083200),0.566600 (0.483300 + 0.083300),0.802600 (0.719100 + 0.083500),0.674400 (0.591300 + 0.083100),0.634000 (0.550800 + 0.083200),0.622400 (0.539100 + 0.083300),0.794500 (0.711000 + 0.083500),0.799000 (0.715500 + 0.083500),0.802300 (0.719100 + 0.083200),0.791800 (0.708300 + 0.083500),0.798800 (0.715500 + 0.083300),0.624000 (0.540900 + 0.083100),0.797800 (0.714600 + 0.083200),0.792500 (0.709200 + 0.083300),0.796100 (0.712800 + 0.083300),0.805200 (0.721800 + 0.083400),0.802600 (0.719100 + 0.083500),0.792500 (0.709200 + 0.083300),0.791500 (0.708300 + 0.083200),0.701100 (0.618300 + 0.082800),0.644600 (0.561600 + 0.083000),0.797800 (0.714600 + 0.083200),0.786000 (0.702900 + 0.083100),0.705800 (0.622800 + 0.083000),0.805100 (0.721800 + 0.083300),0.805200 (0.721800 + 0.083400),0.805200 (0.721800 + 0.083400),0.733800 (0.650700 + 0.083100),0.754500 (0.671400 + 0.083100),0.805100 (0.721800 + 0.083300),0.648600 (0.566100 + 0.082500),0.798100 (0.714600 + 0.083500),0.694100 (0.611100 + 0.083000),0.517700 (0.434700 + 0.083000),0.708000 (0.624600 + 0.083400),0.738500 (0.655200 + 0.083300),0.796200 (0.712800 + 0.083400),0.657800 (0.575100 + 0.082700),0.753600 (0.670500 + 0.083100),0.792500 (0.709200 + 0.083300),0.792500 (0.709200 + 0.083300),0.784500 (0.701100 + 0.083400),0.681600 (0.598500 + 0.083100),0.802300 (0.719100 + 0.083200),0.716600 (0.633600 + 0.083000),0.775500 (0.692100 + 0.083400),0.633100 (0.549900 + 0.083200),0.649400 (0.566100 + 0.083300),0.801500 (0.718200 + 0.083300),0.742300 (0.658800 + 0.083500),0.723800 (0.640800 + 0.083000),0.806100 (0.722700 + 0.083400),0.805200 (0.721800 + 0.083400),0.693900 (0.611100 + 0.082800),0.801500 (0.718200 + 0.083300),0.682700 (0.599400 + 0.083300),0.630100 (0.547200 + 0.082900),0.807000 (0.723600 + 0.083400),0.797800 (0.714600 + 0.083200),0.557500 (0.474300 + 0.083200),0.627500 (0.544500 + 0.083000),0.779000 (0.695700 + 0.083300),0.609300 (0.526500 + 0.082800),0.802600 (0.719100 + 0.083500),0.693800 (0.611100 + 0.082700),0.804200 (0.720900 + 0.083300),0.796200 (0.712800 + 0.083400),0.806100 (0.722700 + 0.083400),0.796200 (0.712800 + 0.083400),0.802300 (0.719100 + 0.083200),0.642300 (0.558900 + 0.083400),0.680800 (0.597600 + 0.083200),0.782900 (0.699300 + 0.083600),0.805200 (0.721800 + 0.083400),0.802600 (0.719100 + 0.083500),0.802600 (0.719100 + 0.083500),0.806100 (0.722700 + 0.083400),0.804900 (0.721800 + 0.083100),0.792600 (0.709200 + 0.083400),0.805900 (0.722700 + 0.083200),0.790800 (0.707400 + 0.083400),0.804200 (0.720900 + 0.083300),0.795300 (0.711900 + 0.083400),0.682500 (0.599400 + 0.083100),0.801500 (0.718200 + 0.083300),0.801800 (0.718200 + 0.083600),0.801500 (0.718200 + 0.083300),0.802300 (0.719100 + 0.083200),0.700000 (0.616500 + 0.083500),0.800500 (0.717300 + 0.083200),0.571000 (0.487800 + 0.083200),0.805100 (0.721800 + 0.083300),0.669100 (0.585900 + 0.083200),0.717200 (0.633600 + 0.083600)
32,0.807000 (0.723600 + 0.083400),0.806100 (0.722700 + 0.083400),0.806100 (0.722700 + 0.083400),0.806100 (0.722700 + 0.083400),0.806100 (0.722700 + 0.083400),0.802600 (0.719100 + 0.083500),0.557600 (0.474300 + 0.083300),0.799000 (0.715500 + 0.083500),0.803200 (0.720000 + 0.083200),0.804300 (0.720900 + 0.083400),0.689900 (0.606600 + 0.083300),0.805200 (0.721800 + 0.083400),0.690500 (0.607500 + 0.083000),0.805100 (0.721800 + 0.083300),0.799000 (0.715500 + 0.083500),0.797800 (0.714600 + 0.083200),0.681100 (0.597600 + 0.083500),0.804300 (0.720900 + 0.083400),0.797800 (0.714600 + 0.083200),0.765300 (0.682200 + 0.083100),0.804200 (0.720900 + 0.083300),0.803300 (0.720000 + 0.083300),0.804300 (0.720900 + 0.083400),0.806100 (0.722700 + 0.083400),0.806100 (0.722700 + 0.083400),0.642300 (0.558900 + 0.083400),0.801500 (0.718200 + 0.083300),0.802500 (0.719100 + 0.083400),0.787400 (0.703800 + 0.083600),0.805100 (0.721800 + 0.083300),0.801300 (0.718200 + 0.083100),0.792600 (0.709200 + 0.083400),0.548300 (0.465300 + 0.083000),0.801700 (0.718200 + 0.083500),0.805900 (0.722700 + 0.083200),0.806100 (0.722700 + 0.083400),0.802600 (0.719100 + 0.083500),0.805100 (0.721800 + 0.083300),0.802600 (0.719100 + 0.083500),0.802300 (0.719100 + 0.083200),0.604900 (0.522000 + 0.082900),0.582300 (0.499500 + 0.082800),0.802300 (0.719100 + 0.083200),0.797100 (0.713700 + 0.083400),0.709700 (0.626400 + 0.083300),0.728600 (0.645300 + 0.083300),0.674200 (0.591300 + 0.082900),0.801500 (0.718200 + 0.083300),0.804200 (0.720900 + 0.083300),0.777200 (0.693900 + 0.083300),0.633900 (0.550800 + 0.083100),0.801500 (0.718200 + 0.083300),0.795200 (0.711900 + 0.083300),0.806100 (0.722700 + 0.083400),0.802300 (0.719100 + 0.083200),0.798800 (0.715500 + 0.083300),0.612800 (0.530100 + 0.082700),0.788100 (0.704700 + 0.083400),0.583400 (0.500400 + 0.083000),0.692500 (0.609300 + 0.083200),0.794500 (0.711000 + 0.083500),0.802300 (0.719100 + 0.083200),0.733800 (0.650700 + 0.083100),0.805200 (0.721800 + 0.083400),0.805200 (0.721800 + 0.083400),0.806100 (0.722700 + 0.083400),0.800500 (0.717300 + 0.083200),0.753600 (0.670500 + 0.083100),0.594900 (0.512100 + 0.082800),0.807700 (0.724500 + 0.083200),0.798900 (0.715500 + 0.083400),0.737300 (0.654300 + 0.083000),0.709000 (0.625500 + 0.083500),0.732400 (0.648900 + 0.083500),0.759400 (0.675900 + 0.083500),0.724200 (0.640800 + 0.083400),0.785500 (0.702000 + 0.083500),0.801800 (0.718200 + 0.083600),0.802600 (0.719100 + 0.083500),0.739300 (0.656100 + 0.083200),0.802300 (0.719100 + 0.083200),0.483900 (0.400500 + 0.083400),0.677300 (0.594000 + 0.083300),0.803400 (0.720000 + 0.083400),0.656300 (0.573300 + 0.083000),0.802600 (0.719100 + 0.083500),0.799000 (0.715500 + 0.083500),0.806100 (0.722700 + 0.083400),0.799000 (0.715500 + 0.083500),0.805200 (0.721800 + 0.083400),0.524000 (0.441000 + 0.083000),0.681600 (0.598500 + 0.083100),0.751200 (0.667800 + 0.083400),0.806100 (0.722700 + 0.083400),0.802600 (0.719100 + 0.083500),0.807000 (0.723600 + 0.083400),0.740100 (0.657000 + 0.083100),0.792600 (0.709200 + 0.083400),0.804300 (0.720900 + 0.083400),0.720200 (0.637200 + 0.083000)
33,0.807700 (0.724500 + 0.083200),0.807000 (0.723600 + 0.083400),0.807000 (0.723600 + 0.083400),0.806100 (0.722700 + 0.083400),0.806100 (0.722700 + 0.083400),0.651800 (0.568800 + 0.083000),0.597600 (0.514800 + 0.082800),0.802300 (0.719100 + 0.083200),0.799000 (0.715500 + 0.083500),0.806100 (0.722700 + 0.083400),0.611500 (0.528300 + 0.083200),0.805100 (0.721800 + 0.083300),0.804200 (0.720900 + 0.083300),0.804300 (0.720900 + 0.083400),0.798800 (0.715500 + 0.083300),0.515900 (0.432900 + 0.083000),0.807000 (0.723600 + 0.083400),0.806100 (0.722700 + 0.083400),0.805100 (0.721800 + 0.083300),0.801500 (0.718200 + 0.083300),0.749900 (0.666900 + 0.083000),0.802600 (0.719100 + 0.083500),0.799000 (0.715500 + 0.083500),0.804300 (0.720900 + 0.083400),0.728800 (0.645300 + 0.083500),0.802600 (0.719100 + 0.083500),0.805100 (0.721800 + 0.083300),0.656100 (0.573300 + 0.082800),0.804300 (0.720900 + 0.083400),0.689600 (0.606600 + 0.083000),0.802500 (0.719100 + 0.083400),0.804300 (0.720900 + 0.083400),0.682800 (0.599400 + 0.083400),0.805100 (0.721800 + 0.083300),0.805100 (0.721800 + 0.083300),0.695100 (0.612000 + 0.083100),0.639100 (0.556200 + 0.082900),0.798700 (0.715500 + 0.083200),0.806800 (0.723600 + 0.083200),0.801500 (0.718200 + 0.083300),0.689900 (0.606600 + 0.083300),0.805100 (0.721800 + 0.083300),0.801300 (0.718200 + 0.083100),0.813300 (0.729900 + 0.083400),0.742700 (0.659700 + 0.083000),0.622400 (0.539100 + 0.083300),0.658300 (0.575100 + 0.083200),0.806100 (0.722700 + 0.083400),0.802300 (0.719100 + 0.083200),0.712400 (0.629100 + 0.083300),0.655000 (0.571500 + 0.083500),0.652800 (0.569700 + 0.083100),0.806100 (0.722700 + 0.083400),0.799000 (0.715500 + 0.083500),0.799000 (0.715500 + 0.083500),0.806100 (0.722700 + 0.083400),0.804300 (0.720900 + 0.083400),0.802600 (0.719100 + 0.083500),0.805100 (0.721800 + 0.083300),0.798900 (0.715500 + 0.083400),0.802600 (0.719100 + 0.083500),0.651200 (0.567900 + 0.083300),0.696300 (0.612900 + 0.083400),0.805200 (0.721800 + 0.083400),0.801700 (0.718200 + 0.083500),0.728600 (0.645300 + 0.083300),0.798900 (0.715500 + 0.083400),0.806100 (0.722700 + 0.083400),0.729500 (0.646200 + 0.083300),0.662200 (0.578700 + 0.083500),0.661600 (0.578700 + 0.082900),0.687000 (0.603900 + 0.083100),0.802600 (0.719100 + 0.083500),0.590800 (0.507600 + 0.083200),0.805100 (0.721800 + 0.083300),0.801400 (0.718200 + 0.083200),0.552100 (0.468900 + 0.083200),0.797800 (0.714600 + 0.083200),0.806100 (0.722700 + 0.083400),0.806100 (0.722700 + 0.083400),0.681100 (0.597600 + 0.083500),0.749200 (0.666000 + 0.083200),0.540600 (0.458100 + 0.082500),0.806100 (0.722700 + 0.083400),0.801800 (0.718200 + 0.083600),0.805100 (0.721800 + 0.083300),0.797800 (0.714600 + 0.083200),0.689600 (0.606600 + 0.083000),0.632300 (0.549000 + 0.083300),0.804300 (0.720900 + 0.083400),0.693600 (0.610200 + 0.083400),0.802600 (0.719100 + 0.083500),0.741200 (0.657900 + 0.083300),0.805900 (0.722700 + 0.083200),0.805200 (0.721800 + 0.083400),0.806100 (0.722700 + 0.083400),0.795200 (0.711900 + 0.083300),0.796100 (0.712800 + 0.083300),0.719400 (0.636300 + 0.083100),0.517000 (0.433800 + 0.083200)
34,0.813300 (0.729900 + 0.083400),0.807700 (0.724500 + 0.083200),0.807000 (0.723600 + 0.083400),0.807000 (0.723600 + 0.083400),0.807000 (0.723600 + 0.083400),0.800600 (0.717300 + 0.083300),0.621300 (0.538200 + 0.083100),0.628100 (0.544500 + 0.083600),0.805100 (0.721800 + 0.083300),0.801500 (0.718200 + 0.083300),0.586800 (0.504000 + 0.082800),0.798800 (0.715500 + 0.083300),0.628300 (0.545400 + 0.082900),0.806100 (0.722700 + 0.083400),0.806100 (0.722700 + 0.083400),0.742200 (0.658800 + 0.083400),0.720700 (0.637200 + 0.083500),0.802600 (0.719100 + 0.083500),0.749300 (0.666000 + 0.083300),0.804300 (0.720900 + 0.083400),0.806100 (0.722700 + 0.083400),0.805300 (0.721800 + 0.083500),0.800500 (0.717300 + 0.083200),0.801500 (0.718200 + 0.083300),0.802600 (0.719100 + 0.083500),0.779900 (0.696600 + 0.083300),0.775400 (0.692100 + 0.083300),0.806100 (0.722700 + 0.083400),0.657200 (0.574200 + 0.083000),0.799600 (0.716400 + 0.083200),0.796200 (0.712800 + 0.083400),0.633000 (0.549900 + 0.083100),0.798700 (0.715500 + 0.083200),0.801500 (0.718200 + 0.083300),0.808800 (0.725400 + 0.083400),0.750500 (0.666900 + 0.083600),0.802600 (0.719100 + 0.083500),0.806100 (0.722700 + 0.083400),0.799600 (0.716400 + 0.083200),0.763700 (0.680400 + 0.083300),0.770100 (0.686700 + 0.083400),0.675600 (0.592200 + 0.083400),0.805100 (0.721800 + 0.083300),0.600800 (0.517500 + 0.083300),0.802600 (0.719100 + 0.083500),0.806100 (0.722700 + 0.083400),0.805100 (0.721800 + 0.083300),0.806100 (0.722700 + 0.083400),0.804200 (0.720900 + 0.083300),0.645700 (0.562500 + 0.083200),0.556100 (0.473400 + 0.082700),0.806100 (0.722700 + 0.083400),0.657300 (0.574200 + 0.083100),0.804300 (0.720900 + 0.083400),0.802600 (0.719100 + 0.083500),0.802600 (0.719100 + 0.083500),0.634000 (0.550800 + 0.083200),0.555200 (0.472500 + 0.082700),0.802600 (0.719100 + 0.083500),0.813300 (0.729900 + 0.083400),0.806800 (0.723600 + 0.083200),0.806100 (0.722700 + 0.083400),0.805100 (0.721800 + 0.083300),0.805100 (0.721800 + 0.083300),0.805100 (0.721800 + 0.083300),0.703000 (0.620100 + 0.082900),0.712400 (0.629100 + 0.083300),0.785300 (0.702000 + 0.083300),0.668500 (0.585000 + 0.083500),0.805100 (0.721800 + 0.083300),0.616100 (0.532800 + 0.083300),0.687700 (0.604800 + 0.082900),0.797800 (0.714600 + 0.083200),0.741800 (0.658800 + 0.083000),0.801500 (0.718200 + 0.083300),0.801800 (0.718200 + 0.083600),0.806100 (0.722700 + 0.083400),0.806100 (0.722700 + 0.083400),0.804300 (0.720900 + 0.083400),0.743700 (0.660600 + 0.083100),0.742700 (0.659700 + 0.083000),0.804300 (0.720900 + 0.083400),0.669000 (0.585900 + 0.083100),0.806100 (0.722700 + 0.083400),0.805200 (0.721800 + 0.083400),0.802300 (0.719100 + 0.083200),0.801500 (0.718200 + 0.083300),0.627100 (0.543600 + 0.083500),0.759100 (0.675900 + 0.083200),0.759000 (0.675900 + 0.083100),0.618500 (0.535500 + 0.083000),0.593400 (0.510300 + 0.083100),0.572000 (0.488700 + 0.083300),0.805100 (0.721800 + 0.083300),0.722500 (0.639000 + 0.083500),0.809500 (0.726300 + 0.083200),0.799900 (0.716400 + 0.083500),0.805100 (0.721800 + 0.083300),0.806100 (0.722700 + 0.083400),0.805100 (0.721800 + 0.083300)
35,0.813300 (0.729900 + 0.083400),0.813300 (0.729900 + 0.083400),0.809500 (0.726300 + 0.083200),0.808800 (0.725400 + 0.083400),0.807700 (0.724500 + 0.083200),0.582800 (0.499500 + 0.083300),0.805900 (0.722700 + 0.083200),0.801700 (0.718200 + 0.083500),0.584100 (0.501300 + 0.082800),0.518200 (0.434700 + 0.083500),0.617900 (0.534600 + 0.083300),0.810600 (0.727200 + 0.083400),0.799700 (0.716400 + 0.083300),0.801500 (0.718200 + 0.083300),0.805100 (0.721800 + 0.083300),0.807000 (0.723600 + 0.083400),0.742200 (0.658800 + 0.083400),0.805100 (0.721800 + 0.083300),0.802600 (0.719100 + 0.083500),0.805100 (0.721800 + 0.083300),0.805100 (0.721800 + 0.083300),0.808700 (0.725400 + 0.083300),0.653700 (0.570600 + 0.083100),0.764000 (0.680400 + 0.083600),0.788600 (0.705600 + 0.083000),0.804300 (0.720900 + 0.083400),0.805100 (0.721800 + 0.083300),0.809500 (0.726300 + 0.083200),0.749300 (0.666000 + 0.083300),0.683500 (0.600300 + 0.083200),0.790800 (0.707400 + 0.083400),0.805100 (0.721800 + 0.083300),0.802600 (0.719100 + 0.083500),0.802600 (0.719100 + 0.083500),0.764700 (0.681300 + 0.083400),0.802600 (0.719100 + 0.083500),0.805900 (0.722700 + 0.083200),0.567000 (0.484200 + 0.082800),0.618100 (0.534600 + 0.083500),0.806100 (0.722700 + 0.083400),0.806100 (0.722700 + 0.083400),0.648300 (0.565200 + 0.083100),0.802600 (0.719100 + 0.083500),0.806100 (0.722700 + 0.083400),0.807000 (0.723600 + 0.083400),0.807200 (0.723600 + 0.083600),0.778900 (0.695700 + 0.083200),0.700300 (0.617400 + 0.082900),0.801400 (0.718200 + 0.083200),0.807700 (0.724500 + 0.083200),0.798000 (0.714600 + 0.083400),0.806100 (0.722700 + 0.083400),0.802300 (0.719100 + 0.083200),0.796800 (0.713700 + 0.083100),0.757600 (0.674100 + 0.083500),0.806100 (0.722700 + 0.083400),0.806100 (0.722700 + 0.083400),0.805200 (0.721800 + 0.083400),0.805100 (0.721800 + 0.083300),0.689700 (0.606600 + 0.083100),0.687900 (0.604800 + 0.083100),0.709200 (0.626400 + 0.082800),0.725900 (0.642600 + 0.083300),0.799700 (0.716400 + 0.083300),0.805200 (0.721800 + 0.083400),0.801500 (0.718200 + 0.083300),0.636500 (0.553500 + 0.083000),0.805300 (0.721800 + 0.083500),0.802300 (0.719100 + 0.083200),0.805100 (0.721800 + 0.083300),0.807700 (0.724500 + 0.083200),0.806100 (0.722700 + 0.083400),0.805100 (0.721800 + 0.083300),0.732900 (0.649800 + 0.083100),0.734200 (0.650700 + 0.083500),0.703100 (0.620100 + 0.083000),0.805200 (0.721800 + 0.083400),0.806100 (0.722700 + 0.083400),0.779900 (0.696600 + 0.083300),0.670700 (0.587700 + 0.083000),0.656400 (0.573300 + 0.083100),0.645700 (0.562500 + 0.083200),0.806100 (0.722700 + 0.083400),0.645000 (0.561600 + 0.083400),0.780900 (0.697500 + 0.083400),0.807000 (0.723600 + 0.083400),0.628100 (0.544500 + 0.083600),0.805200 (0.721800 + 0.083400),0.801800 (0.718200 + 0.083600),0.806100 (0.722700 + 0.083400),0.805100 (0.721800 + 0.083300),0.808800 (0.725400 + 0.083400),0.806800 (0.723600 + 0.083200),0.807000 (0.723600 + 0.083400),0.807000 (0.723600 + 0.083400),0.669000 (0.585900 + 0.083100),0.668500 (0.585000 + 0.083500),0.802600 (0.719100 + 0.083500),0.805100 (0.721800 + 0.083300),0.805100 (0.721800 + 0.083300)
36,0.813300 (0.729900 + 0.083400),0.813300 (0.729900 + 0.083400),0.810600 (0.727200 + 0.083400),0.809500 (0.726300 + 0.083200),0.809500 (0.726300 + 0.083200),0.806800 (0.723600 + 0.083200),0.811500 (0.728100 + 0.083400),0.806100 (0.722700 + 0.083400),0.802600 (0.719100 + 0.083500),0.603500 (0.520200 + 0.083300),0.806100 (0.722700 + 0.083400),0.806100 (0.722700 + 0.083400),0.805100 (0.721800 + 0.083300),0.813300 (0.729900 + 0.083400),0.807000 (0.723600 + 0.083400),0.643000 (0.559800 + 0.083200),0.675800 (0.593100 + 0.082700),0.806100 (0.722700 + 0.083400),0.806100 (0.722700 + 0.083400),0.757600 (0.674100 + 0.083500),0.802300 (0.719100 + 0.083200),0.798000 (0.714600 + 0.083400),0.647600 (0.564300 + 0.083300),0.714800 (0.631800 + 0.083000),0.640900 (0.558000 + 0.082900),0.805100 (0.721800 + 0.083300),0.802600 (0.719100 + 0.083500),0.802600 (0.719100 + 0.083500),0.650100 (0.567000 + 0.083100),0.764700 (0.681300 + 0.083400),0.681900 (0.598500 + 0.083400),0.807000 (0.723600 + 0.083400),0.813300 (0.729900 + 0.083400),0.809500 (0.726300 + 0.083200),0.544100 (0.460800 + 0.083300),0.806100 (0.722700 + 0.083400),0.805300 (0.721800 + 0.083500),0.805100 (0.721800 + 0.083300),0.790800 (0.707400 + 0.083400),0.807000 (0.723600 + 0.083400),0.808800 (0.725400 + 0.083400),0.637500 (0.554400 + 0.083100),0.661900 (0.578700 + 0.083200),0.805300 (0.721800 + 0.083500),0.805900 (0.722700 + 0.083200),0.714300 (0.630900 + 0.083400),0.773500 (0.690300 + 0.083200),0.802300 (0.719100 + 0.083200),0.802600 (0.719100 + 0.083500),0.806100 (0.722700 + 0.083400),0.805100 (0.721800 + 0.083300),0.805100 (0.721800 + 0.083300),0.531000 (0.448200 + 0.082800),0.654800 (0.571500 + 0.083300),0.802600 (0.719100 + 0.083500),0.806100 (0.722700 + 0.083400),0.659900 (0.576900 + 0.083000),0.805100 (0.721800 + 0.083300),0.796200 (0.712800 + 0.083400),0.806100 (0.722700 + 0.083400),0.712300 (0.629100 + 0.083200),0.805200 (0.721800 + 0.083400),0.631500 (0.548100 + 0.083400),0.806100 (0.722700 + 0.083400),0.631100 (0.548100 + 0.083000),0.805200 (0.721800 + 0.083400),0.799700 (0.716400 + 0.083300),0.807900 (0.724500 + 0.083400),0.624200 (0.540900 + 0.083300),0.810600 (0.727200 + 0.083400),0.805900 (0.722700 + 0.083200),0.639600 (0.556200 + 0.083400),0.806100 (0.722700 + 0.083400),0.805100 (0.721800 + 0.083300),0.801500 (0.718200 + 0.083300),0.770200 (0.686700 + 0.083500),0.556500 (0.473400 + 0.083100),0.616700 (0.533700 + 0.083000),0.799700 (0.716400 + 0.083300),0.808800 (0.725400 + 0.083400),0.544600 (0.461700 + 0.082900),0.660800 (0.577800 + 0.083000),0.805900 (0.722700 + 0.083200),0.715900 (0.632700 + 0.083200),0.806100 (0.722700 + 0.083400),0.802600 (0.719100 + 0.083500),0.804900 (0.721800 + 0.083100),0.656400 (0.573300 + 0.083100),0.807000 (0.723600 + 0.083400),0.805100 (0.721800 + 0.083300),0.802600 (0.719100 + 0.083500),0.802300 (0.719100 + 0.083200),0.806100 (0.722700 + 0.083400),0.640300 (0.557100 + 0.083200),0.802300 (0.719100 + 0.083200),0.668700 (0.585900 + 0.082800),0.666100 (0.583200 + 0.082900),0.689700 (0.606600 + 0.083100),0.802300 (0.719100 + 0.083200),0.807000 (0.723600 + 0.083400)
37,0.813300 (0.729900 + 0.083400),0.813300 (0.729900 + 0.083400),0.813300 (0.729900 + 0.083400),0.813300 (0.729900 + 0.083400),0.811500 (0.728100 + 0.083400),0.813300 (0.729900 + 0.083400),0.806100 (0.722700 + 0.083400),0.808800 (0.725400 + 0.083400),0.809500 (0.726300 + 0.083200),0.807700 (0.724500 + 0.083200),0.800600 (0.717300 + 0.083300),0.587200 (0.504000 + 0.083200),0.807000 (0.723600 + 0.083400),0.808800 (0.725400 + 0.083400),0.658000 (0.575100 + 0.082900),0.808800 (0.725400 + 0.083400),0.802600 (0.719100 + 0.083500),0.809500 (0.726300 + 0.083200),0.806100 (0.722700 + 0.083400),0.773300 (0.690300 + 0.083000),0.754700 (0.671400 + 0.083300),0.805300 (0.721800 + 0.083500),0.806100 (0.722700 + 0.083400),0.806100 (0.722700 + 0.083400),0.806100 (0.722700 + 0.083400),0.806100 (0.722700 + 0.083400),0.708300 (0.625500 + 0.082800),0.806100 (0.722700 + 0.083400),0.589600 (0.506700 + 0.082900),0.810400 (0.727200 + 0.083200),0.802600 (0.719100 + 0.083500),0.807000 (0.723600 + 0.083400),0.813300 (0.729900 + 0.083400),0.809500 (0.726300 + 0.083200),0.802300 (0.719100 + 0.083200),0.718700 (0.635400 + 0.083300),0.649100 (0.566100 + 0.083000),0.808800 (0.725400 + 0.083400),0.805300 (0.721800 + 0.083500),0.634000 (0.550800 + 0.083200),0.675200 (0.592200 + 0.083000),0.641900 (0.558900 + 0.083000),0.803300 (0.720000 + 0.083300),0.813300 (0.729900 + 0.083400),0.732000 (0.648900 + 0.083100),0.807000 (0.723600 + 0.083400),0.808800 (0.725400 + 0.083400),0.813300 (0.729900 + 0.083400),0.806100 (0.722700 + 0.083400),0.802600 (0.719100 + 0.083500),0.770200 (0.686700 + 0.083500),0.804100 (0.720900 + 0.083200),0.801700 (0.718200 + 0.083500),0.810600 (0.727200 + 0.083400),0.693400 (0.610200 + 0.083200),0.813300 (0.729900 + 0.083400),0.621800 (0.539100 + 0.082700),0.629500 (0.546300 + 0.083200),0.810600 (0.727200 + 0.083400),0.807000 (0.723600 + 0.083400),0.799700 (0.716400 + 0.083300),0.810600 (0.727200 + 0.083400),0.813300 (0.729900 + 0.083400),0.806100 (0.722700 + 0.083400),0.586800 (0.504000 + 0.082800),0.535800 (0.452700 + 0.083100),0.722900 (0.639900 + 0.083000),0.805100 (0.721800 + 0.083300),0.805100 (0.721800 + 0.083300),0.806100 (0.722700 + 0.083400),0.806100 (0.722700 + 0.083400),0.806100 (0.722700 + 0.083400),0.542600 (0.459900 + 0.082700),0.807900 (0.724500 + 0.083400),0.806800 (0.723600 + 0.083200),0.642200 (0.558900 + 0.083300),0.632000 (0.549000 + 0.083000),0.813300 (0.729900 + 0.083400),0.806100 (0.722700 + 0.083400),0.805200 (0.721800 + 0.083400),0.670800 (0.587700 + 0.083100),0.698300 (0.614700 + 0.083600),0.663700 (0.580500 + 0.083200),0.813300 (0.729900 + 0.083400),0.806100 (0.722700 + 0.083400),0.807700 (0.724500 + 0.083200),0.763900 (0.680400 + 0.083500),0.805900 (0.722700 + 0.083200),0.712300 (0.629100 + 0.083200),0.806800 (0.723600 + 0.083200),0.806100 (0.722700 + 0.083400),0.805100 (0.721800 + 0.083300),0.712400 (0.629100 + 0.083300),0.664800 (0.581400 + 0.083400),0.813300 (0.729900 + 0.083400),0.806100 (0.722700 + 0.083400),0.806800 (0.723600 + 0.083200),0.597300 (0.513900 + 0.083400),0.715000 (0.631800 + 0.083200),0.805100 (0.721800 + 0.083300)
38,0.813300 (0.729900 + 0.083400),0.813300 (0.729900 + 0.083400),0.813300 (0.729900 + 0.083400),0.813300 (0.729900 + 0.083400),0.813300 (0.729900 + 0.083400),0.813300 (0.729900 + 0.083400),0.813300 (0.729900 + 0.083400),0.813300 (0.729900 + 0.083400),0.663800 (0.580500 + 0.083300),0.813300 (0.729900 + 0.083400),0.699800 (0.616500 + 0.083300),0.809700 (0.726300 + 0.083400),0.506700 (0.423900 + 0.082800),0.811500 (0.728100 + 0.083400),0.718700 (0.635400 + 0.083300),0.591500 (0.508500 + 0.083000),0.807000 (0.723600 + 0.083400),0.806100 (0.722700 + 0.083400),0.813300 (0.729900 + 0.083400),0.723200 (0.639900 + 0.083300),0.669300 (0.585900 + 0.083400),0.688800 (0.605700 + 0.083100),0.598100 (0.514800 + 0.083300),0.740300 (0.657000 + 0.083300),0.791600 (0.708300 + 0.083300),0.802600 (0.719100 + 0.083500),0.806100 (0.722700 + 0.083400),0.807000 (0.723600 + 0.083400),0.680000 (0.596700 + 0.083300),0.757500 (0.674100 + 0.083400),0.806100 (0.722700 + 0.083400),0.813300 (0.729900 + 0.083400),0.807700 (0.724500 + 0.083200),0.805200 (0.721800 + 0.083400),0.806800 (0.723600 + 0.083200),0.812400 (0.729000 + 0.083400),0.808000 (0.724500 + 0.083500),0.635700 (0.552600 + 0.083100),0.810400 (0.727200 + 0.083200),0.809500 (0.726300 + 0.083200),0.806100 (0.722700 + 0.083400),0.813300 (0.729900 + 0.083400),0.657300 (0.574200 + 0.083100),0.712800 (0.629100 + 0.083700),0.778100 (0.694800 + 0.083300),0.808800 (0.725400 + 0.083400),0.805100 (0.721800 + 0.083300),0.706100 (0.622800 + 0.083300),0.704900 (0.621900 + 0.083000),0.752900 (0.669600 + 0.083300),0.806800 (0.723600 + 0.083200),0.616400 (0.532800 + 0.083600),0.807900 (0.724500 + 0.083400),0.805300 (0.721800 + 0.083500),0.805200 (0.721800 + 0.083400),0.661100 (0.577800 + 0.083300),0.806100 (0.722700 + 0.083400),0.806100 (0.722700 + 0.083400),0.807000 (0.723600 + 0.083400),0.804400 (0.720900 + 0.083500),0.770100 (0.686700 + 0.083400),0.813300 (0.729900 + 0.083400),0.737600 (0.654300 + 0.083300),0.806100 (0.722700 + 0.083400),0.805200 (0.721800 + 0.083400),0.813300 (0.729900 + 0.083400),0.576300 (0.493200 + 0.083100),0.807000 (0.723600 + 0.083400),0.806100 (0.722700 + 0.083400),0.807000 (0.723600 + 0.083400),0.813300 (0.729900 + 0.083400),0.722900 (0.639900 + 0.083000),0.805200 (0.721800 + 0.083400),0.806800 (0.723600 + 0.083200),0.808800 (0.725400 + 0.083400),0.813300 (0.729900 + 0.083400),0.807000 (0.723600 + 0.083400),0.806100 (0.722700 + 0.083400),0.653900 (0.570600 + 0.083300),0.661700 (0.578700 + 0.083000),0.586600 (0.503100 + 0.083500),0.808800 (0.725400 + 0.083400),0.807700 (0.724500 + 0.083200),0.708600 (0.625500 + 0.083100),0.806900 (0.723600 + 0.083300),0.807700 (0.724500 + 0.083200),0.678700 (0.595800 + 0.082900),0.609600 (0.526500 + 0.083100),0.616700 (0.533700 + 0.083000),0.802600 (0.719100 + 0.083500),0.813300 (0.729900 + 0.083400),0.805100 (0.721800 + 0.083300),0.806100 (0.722700 + 0.083400),0.617000 (0.533700 + 0.083300),0.727000 (0.643500 + 0.083500),0.813300 (0.729900 + 0.083400),0.697700 (0.614700 + 0.083000),0.813300 (0.729900 + 0.083400),0.813300 (0.729900 + 0.083400),0.813300 (0.729900 + 0.083400)
39,0.813300 (0.729900 + 0.083400),0.813300 (0.729900 + 0.083400),0.813300 (0.729900 + 0.083400),0.813300 (0.729900 + 0.083400),0.813300 (0.729900 + 0.083400),0.670700 (0.587700 + 0.083000),0.808800 (0.725400 + 0.083400),0.598000 (0.514800 + 0.083200),0.807700 (0.724500 + 0.083200),0.724000 (0.640800 + 0.083200),0.805200 (0.721800 + 0.083400),0.649500 (0.566100 + 0.083400),0.712700 (0.630000 + 0.082700),0.805200 (0.721800 + 0.083400),0.601500 (0.518400 + 0.083100),0.808800 (0.725400 + 0.083400),0.813300 (0.729900 + 0.083400),0.618700 (0.535500 + 0.083200),0.614400 (0.531000 + 0.083400),0.809700 (0.726300 + 0.083400),0.650200 (0.567000 + 0.083200),0.743000 (0.659700 + 0.083300),0.657500 (0.574200 + 0.083300),0.802600 (0.719100 + 0.083500),0.813300 (0.729900 + 0.083400),0.692300 (0.609300 + 0.083000),0.813300 (0.729900 + 0.083400),0.807000 (0.723600 + 0.083400),0.720400 (0.637200 + 0.083200),0.651300 (0.567900 + 0.083400),0.813300 (0.729900 + 0.083400),0.813300 (0.729900 + 0.083400),0.813300 (0.729900 + 0.083400),0.805100 (0.721800 + 0.083300),0.807800 (0.724500 + 0.083300),0.809700 (0.726300 + 0.083400),0.600000 (0.516600 + 0.083400),0.754600 (0.671400 + 0.083200),0.600600 (0.517500 + 0.083100),0.606200 (0.522900 + 0.083300),0.723800 (0.640800 + 0.083000),0.737600 (0.654300 + 0.083300),0.699800 (0.616500 + 0.083300),0.807000 (0.723600 + 0.083400),0.683400 (0.600300 + 0.083100),0.806900 (0.723600 + 0.083300),0.807000 (0.723600 + 0.083400),0.810400 (0.727200 + 0.083200),0.807000 (0.723600 + 0.083400),0.615900 (0.532800 + 0.083100),0.813300 (0.729900 + 0.083400),0.813300 (0.729900 + 0.083400),0.624900 (0.541800 + 0.083100),0.813300 (0.729900 + 0.083400),0.813300 (0.729900 + 0.083400),0.808800 (0.725400 + 0.083400),0.807000 (0.723600 + 0.083400),0.670000 (0.586800 + 0.083200),0.807000 (0.723600 + 0.083400),0.740300 (0.657000 + 0.083300),0.808800 (0.725400 + 0.083400),0.813300 (0.729900 + 0.083400),0.558700 (0.476100 + 0.082600),0.812400 (0.729000 + 0.083400),0.813300 (0.729900 + 0.083400),0.813300 (0.729900 + 0.083400),0.688900 (0.605700 + 0.083200),0.805900 (0.722700 + 0.083200),0.807000 (0.723600 + 0.083400),0.798100 (0.714600 + 0.083500),0.807900 (0.724500 + 0.083400),0.638600 (0.555300 + 0.083300),0.808800 (0.725400 + 0.083400),0.807900 (0.724500 + 0.083400),0.703400 (0.620100 + 0.083300),0.752900 (0.669600 + 0.083300),0.809500 (0.726300 + 0.083200),0.805900 (0.722700 + 0.083200),0.806100 (0.722700 + 0.083400),0.808800 (0.725400 + 0.083400),0.672800 (0.589500 + 0.083300),0.803500 (0.720000 + 0.083500),0.661900 (0.578700 + 0.083200),0.813300 (0.729900 + 0.083400),0.813300 (0.729900 + 0.083400),0.806100 (0.722700 + 0.083400),0.678000 (0.594900 + 0.083100),0.655500 (0.572400 + 0.083100),0.805200 (0.721800 + 0.083400),0.673600 (0.590400 + 0.083200),0.813300 (0.729900 + 0.083400),0.808800 (0.725400 + 0.083400),0.713200 (0.630000 + 0.083200),0.688000 (0.604800 + 0.083200),0.806100 (0.722700 + 0.083400),0.813300 (0.729900 + 0.083400),0.674500 (0.591300 + 0.083200),0.807700 (0.724500 + 0.083200),0.723200 (0.639900 + 0.083300),0.596100 (0.513000 + 0.083100)
40,0.813300 (0.729900 + 0.083400),0.813300 (0.729900 + 0.083400),0.813300 (0.729900 + 0.083400),0.813300 (0.729900 + 0.083400),0.813300 (0.729900 + 0.083400),0.813300 (0.729900 + 0.083400),0.813300 (0.729900 + 0.083400),0.806100 (0.722700 + 0.083400),0.693200 (0.610200 + 0.083000),0.813300 (0.729900 + 0.083400),0.620400 (0.537300 + 0.083100),0.805900 (0.722700 + 0.083200),0.638100 (0.555300 + 0.082800),0.628600 (0.545400 + 0.083200),0.809700 (0.726300 + 0.083400),0.813300 (0.729900 + 0.083400),0.690900 (0.607500 + 0.083400),0.812400 (0.729000 + 0.083400),0.807000 (0.723600 + 0.083400),0.710400 (0.627300 + 0.083100),0.807000 (0.723600 + 0.083400),0.813300 (0.729900 + 0.083400),0.548000 (0.465300 + 0.082700),0.809700 (0.726300 + 0.083400),0.806100 (0.722700 + 0.083400),0.813300 (0.729900 + 0.083400),0.813300 (0.729900 + 0.083400),0.813300 (0.729900 + 0.083400),0.809700 (0.726300 + 0.083400),0.765300 (0.682200 + 0.083100),0.808800 (0.725400 + 0.083400),0.808800 (0.725400 + 0.083400),0.703400 (0.620100 + 0.083300),0.805900 (0.722700 + 0.083200),0.661900 (0.578700 + 0.083200),0.808800 (0.725400 + 0.083400),0.805900 (0.722700 + 0.083200),0.813300 (0.729900 + 0.083400),0.813300 (0.729900 + 0.083400),0.813300 (0.729900 + 0.083400),0.809700 (0.726300 + 0.083400),0.644800 (0.561600 + 0.083200),0.678200 (0.594900 + 0.083300),0.695900 (0.612900 + 0.083000),0.813300 (0.729900 + 0.083400),0.808800 (0.725400 + 0.083400),0.805200 (0.721800 + 0.083400),0.806100 (0.722700 + 0.083400),0.807900 (0.724500 + 0.083400),0.813300 (0.729900 + 0.083400),0.813300 (0.729900 + 0.083400),0.808800 (0.725400 + 0.083400),0.678800 (0.595800 + 0.083000),0.808800 (0.725400 + 0.083400),0.720200 (0.637200 + 0.083000),0.673200 (0.590400 + 0.082800),0.626900 (0.543600 + 0.083300),0.813300 (0.729900 + 0.083400),0.712100 (0.629100 + 0.083000),0.604500 (0.521100 + 0.083400),0.813300 (0.729900 + 0.083400),0.743000 (0.659700 + 0.083300),0.807900 (0.724500 + 0.083400),0.813300 (0.729900 + 0.083400),0.813300 (0.729900 + 0.083400),0.811500 (0.728100 + 0.083400),0.806100 (0.722700 + 0.083400),0.813300 (0.729900 + 0.083400),0.813300 (0.729900 + 0.083400),0.808800 (0.725400 + 0.083400),0.805200 (0.721800 + 0.083400),0.813300 (0.729900 + 0.083400),0.536600 (0.453600 + 0.083000),0.813300 (0.729900 + 0.083400),0.699700 (0.616500 + 0.083200),0.757400 (0.674100 + 0.083300),0.813300 (0.729900 + 0.083400),0.813300 (0.729900 + 0.083400),0.813300 (0.729900 + 0.083400),0.805200 (0.721800 + 0.083400),0.723800 (0.640800 + 0.083000),0.813300 (0.729900 + 0.083400),0.813300 (0.729900 + 0.083400),0.807800 (0.724500 + 0.083300),0.646800 (0.563400 + 0.083400),0.813300 (0.729900 + 0.083400),0.806900 (0.723600 + 0.083300),0.813300 (0.729900 + 0.083400),0.721300 (0.638100 + 0.083200),0.807000 (0.723600 + 0.083400),0.805100 (0.721800 + 0.083300),0.515800 (0.432900 + 0.082900),0.683400 (0.600300 + 0.083100),0.702600 (0.619200 + 0.083400),0.746700 (0.663300 + 0.083400),0.805100 (0.721800 + 0.083300),0.655500 (0.572400 + 0.083100),0.813300 (0.729900 + 0.083400),0.709000 (0.625500 + 0.083500),0.657400 (0.574200 + 0.083200)
41,0.813300 (0.729900 + 0.083400),0.813300 (0.729900 + 0.083400),0.813300 (0.729900 + 0.083400),0.813300 (0.729900 + 0.083400),0.813300 (0.729900 + 0.083400),0.813300 (0.729900 + 0.083400),0.813300 (0.729900 + 0.083400),0.813300 (0.729900 + 0.083400),0.805200 (0.721800 + 0.083400),0.813300 (0.729900 + 0.083400),0.805100 (0.721800 + 0.083300),0.813300 (0.729900 + 0.083400),0.813300 (0.729900 + 0.083400),0.813300 (0.729900 + 0.083400),0.560300 (0.477000 + 0.083300),0.751800 (0.668700 + 0.083100),0.634800 (0.551700 + 0.083100),0.813300 (0.729900 + 0.083400),0.805200 (0.721800 + 0.083400),0.813300 (0.729900 + 0.083400),0.813300 (0.729900 + 0.083400),0.813300 (0.729900 + 0.083400),0.813300 (0.729900 + 0.083400),0.813300 (0.729900 + 0.083400),0.811500 (0.728100 + 0.083400),0.681700 (0.598500 + 0.083200),0.813300 (0.729900 + 0.083400),0.813300 (0.729900 + 0.083400),0.813300 (0.729900 + 0.083400),0.813300 (0.729900 + 0.083400),0.813300 (0.729900 + 0.083400),0.766300 (0.683100 + 0.083200),0.770000 (0.686700 + 0.083300),0.667300 (0.584100 + 0.083200),0.808800 (0.725400 + 0.083400),0.665500 (0.582300 + 0.083200),0.805900 (0.722700 + 0.083200),0.810700 (0.727200 + 0.083500),0.809700 (0.726300 + 0.083400),0.813300 (0.729900 + 0.083400),0.533600 (0.450900 + 0.082700),0.647200 (0.564300 + 0.082900),0.545500 (0.462600 + 0.082900),0.806800 (0.723600 + 0.083200),0.806100 (0.722700 + 0.083400),0.808800 (0.725400 + 0.083400),0.806100 (0.722700 + 0.083400),0.806100 (0.722700 + 0.083400),0.561100 (0.477900 + 0.083200),0.813300 (0.729900 + 0.083400),0.813300 (0.729900 + 0.083400),0.697100 (0.613800 + 0.083300),0.812400 (0.729000 + 0.083400),0.813300 (0.729900 + 0.083400),0.813300 (0.729900 + 0.083400),0.808800 (0.725400 + 0.083400),0.805200 (0.721800 + 0.083400),0.813300 (0.729900 + 0.083400),0.813300 (0.729900 + 0.083400),0.813300 (0.729900 + 0.083400),0.813300 (0.729900 + 0.083400),0.629400 (0.546300 + 0.083100),0.509600 (0.426600 + 0.083000),0.800500 (0.717300 + 0.083200),0.519800 (0.436500 + 0.083300),0.689100 (0.605700 + 0.083400),0.811500 (0.728100 + 0.083400),0.813300 (0.729900 + 0.083400),0.813300 (0.729900 + 0.083400),0.809800 (0.726300 + 0.083500),0.806900 (0.723600 + 0.083300),0.654500 (0.571500 + 0.083000),0.657400 (0.574200 + 0.083200),0.813300 (0.729900 + 0.083400),0.813300 (0.729900 + 0.083400),0.807100 (0.723600 + 0.083500),0.808800 (0.725400 + 0.083400),0.813300 (0.729900 + 0.083400),0.658400 (0.575100 + 0.083300),0.809700 (0.726300 + 0.083400),0.583500 (0.500400 + 0.083100),0.685600 (0.602100 + 0.083500),0.813300 (0.729900 + 0.083400),0.770900 (0.687600 + 0.083300),0.786300 (0.702900 + 0.083400),0.813300 (0.729900 + 0.083400),0.808800 (0.725400 + 0.083400),0.807800 (0.724500 + 0.083300),0.699700 (0.616500 + 0.083200),0.807900 (0.724500 + 0.083400),0.674400 (0.591300 + 0.083100),0.685000 (0.602100 + 0.082900),0.621500 (0.538200 + 0.083300),0.813300 (0.729900 + 0.083400),0.808800 (0.725400 + 0.083400),0.776400 (0.693000 + 0.083400),0.682500 (0.599400 + 0.083100),0.787200 (0.703800 + 0.083400),0.773600 (0.690300 + 0.083300),0.813300 (0.729900 + 0.083400)
42,0.813300 (0.729900 + 0.083400),0.813300 (0.729900 + 0.083400),0.813300 (0.729900 + 0.083400),0.813300 (0.729900 + 0.083400),0.813300 (0.729900 + 0.083400),0.813300 (0.729900 + 0.083400),0.813300 (0.729900 + 0.083400),0.813300 (0.729900 + 0.083400),0.699200 (0.615600 + 0.083600),0.604400 (0.521100 + 0.083300),0.798700 (0.715500 + 0.083200),0.813300 (0.729900 + 0.083400),0.601500 (0.518400 + 0.083100),0.587100 (0.504000 + 0.083100),0.661900 (0.578700 + 0.083200),0.813300 (0.729900 + 0.083400),0.808800 (0.725400 + 0.083400),0.813300 (0.729900 + 0.083400),0.806100 (0.722700 + 0.083400),0.813300 (0.729900 + 0.083400),0.761800 (0.678600 + 0.083200),0.809700 (0.726300 + 0.083400),0.807100 (0.723600 + 0.083500),0.579800 (0.496800 + 0.083000),0.761700 (0.678600 + 0.083100),0.770900 (0.687600 + 0.083300),0.813300 (0.729900 + 0.083400),0.813300 (0.729900 + 0.083400),0.707900 (0.624600 + 0.083300),0.813300 (0.729900 + 0.083400),0.808800 (0.725400 + 0.083400),0.813300 (0.729900 + 0.083400),0.621000 (0.538200 + 0.082800),0.813300 (0.729900 + 0.083400),0.809700 (0.726300 + 0.083400),0.589600 (0.506700 + 0.082900),0.680100 (0.596700 + 0.083400),0.813300 (0.729900 + 0.083400),0.813300 (0.729900 + 0.083400),0.589000 (0.505800 + 0.083200),0.813300 (0.729900 + 0.083400),0.813300 (0.729900 + 0.083400),0.677200 (0.594000 + 0.083200),0.813300 (0.729900 + 0.083400),0.808800 (0.725400 + 0.083400),0.800500 (0.717300 + 0.083200),0.663000 (0.579600 + 0.083400),0.813300 (0.729900 + 0.083400),0.639500 (0.556200 + 0.083300),0.813300 (0.729900 + 0.083400),0.813300 (0.729900 + 0.083400),0.723800 (0.640800 + 0.083000),0.805200 (0.721800 + 0.083400),0.685600 (0.602100 + 0.083500),0.620800 (0.537300 + 0.083500),0.813300 (0.729900 + 0.083400),0.813300 (0.729900 + 0.083400),0.813300 (0.729900 + 0.083400),0.809700 (0.726300 + 0.083400),0.664600 (0.581400 + 0.083200),0.584100 (0.501300 + 0.082800),0.813300 (0.729900 + 0.083400),0.714800 (0.631800 + 0.083000),0.813300 (0.729900 + 0.083400),0.806100 (0.722700 + 0.083400),0.807800 (0.724500 + 0.083300),0.804200 (0.720900 + 0.083300),0.806100 (0.722700 + 0.083400),0.813300 (0.729900 + 0.083400),0.813300 (0.729900 + 0.083400),0.638300 (0.555300 + 0.083000),0.690800 (0.607500 + 0.083300),0.799700 (0.716400 + 0.083300),0.813300 (0.729900 + 0.083400),0.665600 (0.582300 + 0.083300),0.698000 (0.614700 + 0.083300),0.670000 (0.586800 + 0.083200),0.624100 (0.540900 + 0.083200),0.813300 (0.729900 + 0.083400),0.642100 (0.558900 + 0.083200),0.808900 (0.725400 + 0.083500),0.716800 (0.633600 + 0.083200),0.812400 (0.729000 + 0.083400),0.813300 (0.729900 + 0.083400),0.813300 (0.729900 + 0.083400),0.813300 (0.729900 + 0.083400),0.568300 (0.485100 + 0.083200),0.807100 (0.723600 + 0.083500),0.813300 (0.729900 + 0.083400),0.813300 (0.729900 + 0.083400),0.805200 (0.721800 + 0.083400),0.809700 (0.726300 + 0.083400),0.642100 (0.558900 + 0.083200),0.809500 (0.726300 + 0.083200),0.619500 (0.536400 + 0.083100),0.813300 (0.729900 + 0.083400),0.618300 (0.535500 + 0.082800),0.813300 (0.729900 + 0.083400),0.813300 (0.729900 + 0.083400),0.673600 (0.590400 + 0.083200)
43,0.813300 (0.729900 + 0.083400),0.813300 (0.729900 + 0.083400),0.813300 (0.729900 + 0.083400),0.813300 (0.729900 + 0.083400),0.813300 (0.729900 + 0.083400),0.665600 (0.582300 + 0.083300),0.808800 (0.725400 + 0.083400),0.591500 (0.508500 + 0.083000),0.700600 (0.617400 + 0.083200),0.770900 (0.687600 + 0.083300),0.808900 (0.725400 + 0.083500),0.813300 (0.729900 + 0.083400),0.807100 (0.723600 + 0.083500),0.813300 (0.729900 + 0.083400),0.698800 (0.615600 + 0.083200),0.762200 (0.678600 + 0.083600),0.805200 (0.721800 + 0.083400),0.654400 (0.571500 + 0.082900),0.795300 (0.711900 + 0.083400),0.813300 (0.729900 + 0.083400),0.770900 (0.687600 + 0.083300),0.663000 (0.579600 + 0.083400),0.812400 (0.729000 + 0.083400),0.806100 (0.722700 + 0.083400),0.813300 (0.729900 + 0.083400),0.805200 (0.721800 + 0.083400),0.813300 (0.729900 + 0.083400),0.813300 (0.729900 + 0.083400),0.806100 (0.722700 + 0.083400),0.813300 (0.729900 + 0.083400),0.800500 (0.717300 + 0.083200),0.813300 (0.729900 + 0.083400),0.813300 (0.729900 + 0.083400),0.682800 (0.599400 + 0.083400),0.761700 (0.678600 + 0.083100),0.813300 (0.729900 + 0.083400),0.805200 (0.721800 + 0.083400),0.813300 (0.729900 + 0.083400),0.642600 (0.559800 + 0.082800),0.771000 (0.687600 + 0.083400),0.812400 (0.729000 + 0.083400),0.713100 (0.630000 + 0.083100),0.813300 (0.729900 + 0.083400),0.686500 (0.603000 + 0.083500),0.600800 (0.517500 + 0.083300),0.806100 (0.722700 + 0.083400),0.813300 (0.729900 + 0.083400),0.813300 (0.729900 + 0.083400),0.563500 (0.480600 + 0.082900),0.596100 (0.513000 + 0.083100),0.813300 (0.729900 + 0.083400),0.813300 (0.729900 + 0.083400),0.683600 (0.600300 + 0.083300),0.615100 (0.531900 + 0.083200),0.813300 (0.729900 + 0.083400),0.813300 (0.729900 + 0.083400),0.596900 (0.513900 + 0.083000),0.813300 (0.729900 + 0.083400),0.707900 (0.624600 + 0.083300),0.813300 (0.729900 + 0.083400),0.813300 (0.729900 + 0.083400),0.701400 (0.618300 + 0.083100),0.813300 (0.729900 + 0.083400),0.684400 (0.601200 + 0.083200),0.803400 (0.720000 + 0.083400),0.761800 (0.678600 + 0.083200),0.813300 (0.729900 + 0.083400),0.813300 (0.729900 + 0.083400),0.750200 (0.666900 + 0.083300),0.627500 (0.544500 + 0.083000),0.770900 (0.687600 + 0.083300),0.813300 (0.729900 + 0.083400),0.683500 (0.600300 + 0.083200),0.813300 (0.729900 + 0.083400),0.813300 (0.729900 + 0.083400),0.809700 (0.726300 + 0.083400),0.813300 (0.729900 + 0.083400),0.813300 (0.729900 + 0.083400),0.643200 (0.559800 + 0.083400),0.671800 (0.588600 + 0.083200),0.813300 (0.729900 + 0.083400),0.752200 (0.668700 + 0.083500),0.489700 (0.406800 + 0.082900),0.813300 (0.729900 + 0.083400),0.813300 (0.729900 + 0.083400),0.813300 (0.729900 + 0.083400),0.813300 (0.729900 + 0.083400),0.645700 (0.562500 + 0.083200),0.670000 (0.586800 + 0.083200),0.692500 (0.609300 + 0.083200),0.813300 (0.729900 + 0.083400),0.813300 (0.729900 + 0.083400),0.608700 (0.525600 + 0.083100),0.813300 (0.729900 + 0.083400),0.680100 (0.596700 + 0.083400),0.804300 (0.720900 + 0.083400),0.807100 (0.723600 + 0.083500),0.716900 (0.633600 + 0.083300),0.813300 (0.729900 + 0.083400),0.813300 (0.729900 + 0.083400)
44,0.813300 (0.729900 + 0.083400),0.813300 (0.729900 + 0.083400),0.813300 (0.729900 + 0.083400),0.813300 (0.729900 + 0.083400),0.813300 (0.729900 + 0.083400),0.717700 (0.634500 + 0.083200),0.770900 (0.687600 + 0.083300),0.813300 (0.729900 + 0.083400),0.806100 (0.722700 + 0.083400),0.813300 (0.729900 + 0.083400),0.813300 (0.729900 + 0.083400),0.614000 (0.531000 + 0.083000),0.696400 (0.612900 + 0.083500),0.813300 (0.729900 + 0.083400),0.805200 (0.721800 + 0.083400),0.585600 (0.502200 + 0.083400),0.813300 (0.729900 + 0.083400),0.666400 (0.583200 + 0.083200),0.767300 (0.684000 + 0.083300),0.813300 (0.729900 + 0.083400),0.762200 (0.678600 + 0.083600),0.807100 (0.723600 + 0.083500),0.683500 (0.600300 + 0.083200),0.647600 (0.564300 + 0.083300),0.813300 (0.729900 + 0.083400),0.813300 (0.729900 + 0.083400),0.813300 (0.729900 + 0.083400),0.813300 (0.729900 + 0.083400),0.813300 (0.729900 + 0.083400),0.706800 (0.623700 + 0.083100),0.518000 (0.434700 + 0.083300),0.813300 (0.729900 + 0.083400),0.698800 (0.615600 + 0.083200),0.813300 (0.729900 + 0.083400),0.806100 (0.722700 + 0.083400),0.622400 (0.539100 + 0.083300),0.725000 (0.641700 + 0.083300),0.684400 (0.601200 + 0.083200),0.805200 (0.721800 + 0.083400),0.812400 (0.729000 + 0.083400),0.584500 (0.501300 + 0.083200),0.802500 (0.719100 + 0.083400),0.725800 (0.642600 + 0.083200),0.640200 (0.557100 + 0.083100),0.813300 (0.729900 + 0.083400),0.813300 (0.729900 + 0.083400),0.803400 (0.720000 + 0.083400),0.813300 (0.729900 + 0.083400),0.813300 (0.729900 + 0.083400),0.644800 (0.561600 + 0.083200),0.523000 (0.440100 + 0.082900),0.720600 (0.637200 + 0.083400),0.813300 (0.729900 + 0.083400),0.813300 (0.729900 + 0.083400),0.743900 (0.660600 + 0.083300),0.813300 (0.729900 + 0.083400),0.813300 (0.729900 + 0.083400),0.682800 (0.599400 + 0.083400),0.813300 (0.729900 + 0.083400),0.795200 (0.711900 + 0.083300),0.689900 (0.606600 + 0.083300),0.813300 (0.729900 + 0.083400),0.812400 (0.729000 + 0.083400),0.813300 (0.729900 + 0.083400),0.813300 (0.729900 + 0.083400),0.813300 (0.729900 + 0.083400),0.813300 (0.729900 + 0.083400),0.813300 (0.729900 + 0.083400),0.805200 (0.721800 + 0.083400),0.813300 (0.729900 + 0.083400),0.593200 (0.510300 + 0.082900),0.805200 (0.721800 + 0.083400),0.806100 (0.722700 + 0.083400),0.813300 (0.729900 + 0.083400),0.813300 (0.729900 + 0.083400),0.813300 (0.729900 + 0.083400),0.813300 (0.729900 + 0.083400),0.804300 (0.720900 + 0.083400),0.807100 (0.723600 + 0.083500),0.813300 (0.729900 + 0.083400),0.808800 (0.725400 + 0.083400),0.812400 (0.729000 + 0.083400),0.679800 (0.596700 + 0.083100),0.500700 (0.417600 + 0.083100),0.655800 (0.572400 + 0.083400),0.813300 (0.729900 + 0.083400),0.813300 (0.729900 + 0.083400),0.813300 (0.729900 + 0.083400),0.813300 (0.729900 + 0.083400),0.732000 (0.648900 + 0.083100),0.630300 (0.547200 + 0.083100),0.630500 (0.547200 + 0.083300),0.809700 (0.726300 + 0.083400),0.700600 (0.617400 + 0.083200),0.804300 (0.720900 + 0.083400),0.723200 (0.639900 + 0.083300),0.813300 (0.729900 + 0.083400),0.813300 (0.729900 + 0.083400),0.683500 (0.600300 + 0.083200),0.602000 (0.519300 + 0.082700)
45,0.813300 (0.729900 + 0.083400),0.813300 (0.729900 + 0.083400),0.813300 (0.729900 + 0.083400),0.813300 (0.729900 + 0.083400),0.813300 (0.729900 + 0.083400),0.612400 (0.529200 + 0.083200),0.666400 (0.583200 + 0.083200),0.736600 (0.653400 + 0.083200),0.813300 (0.729900 + 0.083400),0.698800 (0.615600 + 0.083200),0.656500 (0.573300 + 0.083200),0.813300 (0.729900 + 0.083400),0.804300 (0.720900 + 0.083400),0.813300 (0.729900 + 0.083400),0.685300 (0.602100 + 0.083200),0.694400 (0.611100 + 0.083300),0.813300 (0.729900 + 0.083400),0.813300 (0.729900 + 0.083400),0.813300 (0.729900 + 0.083400),0.801600 (0.718200 + 0.083400),0.658300 (0.575100 + 0.083200),0.813300 (0.729900 + 0.083400),0.813300 (0.729900 + 0.083400),0.807100 (0.723600 + 0.083500),0.813300 (0.729900 + 0.083400),0.618800 (0.535500 + 0.083300),0.662100 (0.578700 + 0.083400),0.813300 (0.729900 + 0.083400),0.813300 (0.729900 + 0.083400),0.723400 (0.639900 + 0.083500),0.726800 (0.643500 + 0.083300),0.813300 (0.729900 + 0.083400),0.813300 (0.729900 + 0.083400),0.720400 (0.637200 + 0.083200),0.653800 (0.570600 + 0.083200),0.813300 (0.729900 + 0.083400),0.630500 (0.547200 + 0.083300),0.813300 (0.729900 + 0.083400),0.813300 (0.729900 + 0.083400),0.717100 (0.633600 + 0.083500),0.777300 (0.693900 + 0.083400),0.572800 (0.489600 + 0.083200),0.813300 (0.729900 + 0.083400),0.747500 (0.664200 + 0.083300),0.813300 (0.729900 + 0.083400),0.813300 (0.729900 + 0.083400),0.813300 (0.729900 + 0.083400),0.790900 (0.707400 + 0.083500),0.714900 (0.631800 + 0.083100),0.813300 (0.729900 + 0.083400),0.813300 (0.729900 + 0.083400),0.813300 (0.729900 + 0.083400),0.813300 (0.729900 + 0.083400),0.758200 (0.675000 + 0.083200),0.717700 (0.634500 + 0.083200),0.689400 (0.606600 + 0.082800),0.813300 (0.729900 + 0.083400),0.813300 (0.729900 + 0.083400),0.695200 (0.612000 + 0.083200),0.806100 (0.722700 + 0.083400),0.813300 (0.729900 + 0.083400),0.802500 (0.719100 + 0.083400),0.696900 (0.613800 + 0.083100),0.681600 (0.598500 + 0.083100),0.813300 (0.729900 + 0.083400),0.750100 (0.666900 + 0.083200),0.813300 (0.729900 + 0.083400),0.716800 (0.633600 + 0.083200),0.650400 (0.567000 + 0.083400),0.813300 (0.729900 + 0.083400),0.726900 (0.643500 + 0.083400),0.813300 (0.729900 + 0.083400),0.660900 (0.577800 + 0.083100),0.813300 (0.729900 + 0.083400),0.726600 (0.643500 + 0.083100),0.771800 (0.688500 + 0.083300),0.770100 (0.686700 + 0.083400),0.813300 (0.729900 + 0.083400),0.813300 (0.729900 + 0.083400),0.813300 (0.729900 + 0.083400),0.812400 (0.729000 + 0.083400),0.806100 (0.722700 + 0.083400),0.795200 (0.711900 + 0.083300),0.813300 (0.729900 + 0.083400),0.813300 (0.729900 + 0.083400),0.813300 (0.729900 + 0.083400),0.813300 (0.729900 + 0.083400),0.607400 (0.524700 + 0.082700),0.767300 (0.684000 + 0.083300),0.662600 (0.579600 + 0.083000),0.712500 (0.629100 + 0.083400),0.813300 (0.729900 + 0.083400),0.678900 (0.595800 + 0.083100),0.813300 (0.729900 + 0.083400),0.807100 (0.723600 + 0.083500),0.806100 (0.722700 + 0.083400),0.795200 (0.711900 + 0.083300),0.813300 (0.729900 + 0.083400),0.689900 (0.606600 + 0.083300),0.813300 (0.729900 + 0.083400)
46,0.813300 (0.729900 + 0.083400),0.813300 (0.729900 + 0.083400),0.813300 (0.729900 + 0.083400),0.813300 (0.729900 + 0.083400),0.813300 (0.729900 + 0.083400),0.813300 (0.729900 + 0.083400),0.813300 (0.729900 + 0.083400),0.813300 (0.729900 + 0.083400),0.813300 (0.729900 + 0.083400),0.576500 (0.493200 + 0.083300),0.702100 (0.619200 + 0.082900),0.678300 (0.594900 + 0.083400),0.567000 (0.484200 + 0.082800),0.781800 (0.698400 + 0.083400),0.646400 (0.563400 + 0.083000),0.813300 (0.729900 + 0.083400),0.813300 (0.729900 + 0.083400),0.813300 (0.729900 + 0.083400),0.726600 (0.643500 + 0.083100),0.813300 (0.729900 + 0.083400),0.813300 (0.729900 + 0.083400),0.813300 (0.729900 + 0.083400),0.813300 (0.729900 + 0.083400),0.813300 (0.729900 + 0.083400),0.723400 (0.639900 + 0.083500),0.813300 (0.729900 + 0.083400),0.813300 (0.729900 + 0.083400),0.734200 (0.650700 + 0.083500),0.813300 (0.729900 + 0.083400),0.632300 (0.549000 + 0.083300),0.653800 (0.570600 + 0.083200),0.813300 (0.729900 + 0.083400),0.640400 (0.557100 + 0.083300),0.813300 (0.729900 + 0.083400),0.599900 (0.516600 + 0.083300),0.813300 (0.729900 + 0.083400),0.657600 (0.574200 + 0.083400),0.673800 (0.590400 + 0.083400),0.813300 (0.729900 + 0.083400),0.753800 (0.670500 + 0.083300),0.748600 (0.665100 + 0.083500),0.755600 (0.672300 + 0.083300),0.588000 (0.504900 + 0.083100),0.684400 (0.601200 + 0.083200),0.810600 (0.727200 + 0.083400),0.813300 (0.729900 + 0.083400),0.813300 (0.729900 + 0.083400),0.813300 (0.729900 + 0.083400),0.736600 (0.653400 + 0.083200),0.514800 (0.432000 + 0.082800),0.804400 (0.720900 + 0.083500),0.662000 (0.578700 + 0.083300),0.727800 (0.644400 + 0.083400),0.771800 (0.688500 + 0.083300),0.756500 (0.673200 + 0.083300),0.813300 (0.729900 + 0.083400),0.583500 (0.500400 + 0.083100),0.778000 (0.694800 + 0.083200),0.813300 (0.729900 + 0.083400),0.718700 (0.635400 + 0.083300),0.777200 (0.693900 + 0.083300),0.813300 (0.729900 + 0.083400),0.813300 (0.729900 + 0.083400),0.812400 (0.729000 + 0.083400),0.726800 (0.643500 + 0.083300),0.802500 (0.719100 + 0.083400),0.813300 (0.729900 + 0.083400),0.813300 (0.729900 + 0.083400),0.720400 (0.637200 + 0.083200),0.806100 (0.722700 + 0.083400),0.813300 (0.729900 + 0.083400),0.813300 (0.729900 + 0.083400),0.670800 (0.587700 + 0.083100),0.813300 (0.729900 + 0.083400),0.802500 (0.719100 + 0.083400),0.747500 (0.664200 + 0.083300),0.696900 (0.613800 + 0.083100),0.813300 (0.729900 + 0.083400),0.712500 (0.629100 + 0.083400),0.800800 (0.717300 + 0.083500),0.606800 (0.523800 + 0.083000),0.709800 (0.626400 + 0.083400),0.813300 (0.729900 + 0.083400),0.777300 (0.693900 + 0.083400),0.672700 (0.589500 + 0.083200),0.813300 (0.729900 + 0.083400),0.813300 (0.729900 + 0.083400),0.807100 (0.723600 + 0.083500),0.721300 (0.638100 + 0.083200),0.813300 (0.729900 + 0.083400),0.689900 (0.606600 + 0.083300),0.670000 (0.586800 + 0.083200),0.805200 (0.721800 + 0.083400),0.806100 (0.722700 + 0.083400),0.601500 (0.518400 + 0.083100),0.813300 (0.729900 + 0.083400),0.802500 (0.719100 + 0.083400),0.813300 (0.729900 + 0.083400),0.813300 (0.729900 + 0.083400),0.813300 (0.729900 + 0.083400)
47,0.813300 (0.729900 + 0.083400),0.813300 (0.729900 + 0.083400),0.813300 (0.729900 + 0.083400),0.813300 (0.729900 + 0.083400),0.813300 (0.729900 + 0.083400),0.813300 (0.729900 + 0.083400),0.611400 (0.528300 + 0.083100),0.781800 (0.698400 + 0.083400),0.587500 (0.504000 + 0.083500),0.813300 (0.729900 + 0.083400),0.720500 (0.637200 + 0.083300),0.778000 (0.694800 + 0.083200),0.813300 (0.729900 + 0.083400),0.680000 (0.596700 + 0.083300),0.807100 (0.723600 + 0.083500),0.813300 (0.729900 + 0.083400),0.813300 (0.729900 + 0.083400),0.813300 (0.729900 + 0.083400),0.813300 (0.729900 + 0.083400),0.813300 (0.729900 + 0.083400),0.813300 (0.729900 + 0.083400),0.813300 (0.729900 + 0.083400),0.813300 (0.729900 + 0.083400),0.813300 (0.729900 + 0.083400),0.586100 (0.503100 + 0.083000),0.805200 (0.721800 + 0.083400),0.813300 (0.729900 + 0.083400),0.812400 (0.729000 + 0.083400),0.777200 (0.693900 + 0.083300),0.731800 (0.648900 + 0.082900),0.716200 (0.632700 + 0.083500),0.813300 (0.729900 + 0.083400),0.813300 (0.729900 + 0.083400),0.813300 (0.729900 + 0.083400),0.813300 (0.729900 + 0.083400),0.813300 (0.729900 + 0.083400),0.813300 (0.729900 + 0.083400),0.777200 (0.693900 + 0.083300),0.592500 (0.509400 + 0.083100),0.813300 (0.729900 + 0.083400),0.804400 (0.720900 + 0.083500),0.734200 (0.650700 + 0.083500),0.702100 (0.619200 + 0.082900),0.813300 (0.729900 + 0.083400),0.813300 (0.729900 + 0.083400),0.813300 (0.729900 + 0.083400),0.813300 (0.729900 + 0.083400),0.517500 (0.434700 + 0.082800),0.688000 (0.604800 + 0.083200),0.813300 (0.729900 + 0.083400),0.632300 (0.549000 + 0.083300),0.721500 (0.638100 + 0.083400),0.770100 (0.686700 + 0.083400),0.552900 (0.469800 + 0.083100),0.813300 (0.729900 + 0.083400),0.813300 (0.729900 + 0.083400),0.813300 (0.729900 + 0.083400),0.813300 (0.729900 + 0.083400),0.806100 (0.722700 + 0.083400),0.813300 (0.729900 + 0.083400),0.664600 (0.581400 + 0.083200),0.800800 (0.717300 + 0.083500),0.577300 (0.494100 + 0.083200),0.813300 (0.729900 + 0.083400),0.813300 (0.729900 + 0.083400),0.813300 (0.729900 + 0.083400),0.569200 (0.486000 + 0.083200),0.813300 (0.729900 + 0.083400),0.807100 (0.723600 + 0.083500),0.813300 (0.729900 + 0.083400),0.813300 (0.729900 + 0.083400),0.670400 (0.586800 + 0.083600),0.813300 (0.729900 + 0.083400),0.813300 (0.729900 + 0.083400),0.712500 (0.629100 + 0.083400),0.470700 (0.387900 + 0.082800),0.807100 (0.723600 + 0.083500),0.625700 (0.542700 + 0.083000),0.812400 (0.729000 + 0.083400),0.813300 (0.729900 + 0.083400),0.813300 (0.729900 + 0.083400),0.662900 (0.579600 + 0.083300),0.813300 (0.729900 + 0.083400),0.813300 (0.729900 + 0.083400),0.813300 (0.729900 + 0.083400),0.662600 (0.579600 + 0.083000),0.778200 (0.694800 + 0.083400),0.813300 (0.729900 + 0.083400),0.813300 (0.729900 + 0.083400),0.809000 (0.725400 + 0.083600),0.629300 (0.546300 + 0.083000),0.813300 (0.729900 + 0.083400),0.756500 (0.673200 + 0.083300),0.813300 (0.729900 + 0.083400),0.813300 (0.729900 + 0.083400),0.813300 (0.729900 + 0.083400),0.813300 (0.729900 + 0.083400),0.813300 (0.729900 + 0.083400),0.813300 (0.729900 + 0.083400),0.813300 (0.729900 + 0.083400)
48,0.813300 (0.729900 + 0.083400),0.813300 (0.729900 + 0.083400),0.813300 (0.729900 + 0.083400),0.813300 (0.729900 + 0.083400),0.813300 (0.729900 + 0.083400),0.665600 (0.582300 + 0.083300),0.681800 (0.598500 + 0.083300),0.807100 (0.723600 + 0.083500),0.777200 (0.693900 + 0.083300),0.813300 (0.729900 + 0.083400),0.805200 (0.721800 + 0.083400),0.618800 (0.535500 + 0.083300),0.809000 (0.725400 + 0.083600),0.813300 (0.729900 + 0.083400),0.620300 (0.537300 + 0.083000),0.795200 (0.711900 + 0.083300),0.525200 (0.441900 + 0.083300),0.666400 (0.583200 + 0.083200),0.805200 (0.721800 + 0.083400),0.813300 (0.729900 + 0.083400),0.813300 (0.729900 + 0.083400),0.659900 (0.576900 + 0.083000),0.529500 (0.446400 + 0.083100),0.813300 (0.729900 + 0.083400),0.760900 (0.677700 + 0.083200),0.808700 (0.725400 + 0.083300),0.695900 (0.612900 + 0.083000),0.813300 (0.729900 + 0.083400),0.813300 (0.729900 + 0.083400),0.774600 (0.691200 + 0.083400),0.669800 (0.586800 + 0.083000),0.813300 (0.729900 + 0.083400),0.813300 (0.729900 + 0.083400),0.813300 (0.729900 + 0.083400),0.813300 (0.729900 + 0.083400),0.757500 (0.674100 + 0.083400),0.739400 (0.656100 + 0.083300),0.737600 (0.654300 + 0.083300),0.813300 (0.729900 + 0.083400),0.813300 (0.729900 + 0.083400),0.672600 (0.589500 + 0.083100),0.717800 (0.634500 + 0.083300),0.813300 (0.729900 + 0.083400),0.713400 (0.630000 + 0.083400),0.660800 (0.577800 + 0.083000),0.813300 (0.729900 + 0.083400),0.813300 (0.729900 + 0.083400),0.813300 (0.729900 + 0.083400),0.813300 (0.729900 + 0.083400),0.557400 (0.474300 + 0.083100),0.613300 (0.530100 + 0.083200),0.813300 (0.729900 + 0.083400),0.813300 (0.729900 + 0.083400),0.813300 (0.729900 + 0.083400),0.813300 (0.729900 + 0.083400),0.813300 (0.729900 + 0.083400),0.813300 (0.729900 + 0.083400),0.682500 (0.599400 + 0.083100),0.813300 (0.729900 + 0.083400),0.673700 (0.590400 + 0.083300),0.754900 (0.671400 + 0.083500),0.702500 (0.619200 + 0.083300),0.663600 (0.580500 + 0.083100),0.813300 (0.729900 + 0.083400),0.628400 (0.545400 + 0.083000),0.717700 (0.634500 + 0.083200),0.813300 (0.729900 + 0.083400),0.813300 (0.729900 + 0.083400),0.611500 (0.528300 + 0.083200),0.675700 (0.592200 + 0.083500),0.689600 (0.606600 + 0.083000),0.637600 (0.554400 + 0.083200),0.813300 (0.729900 + 0.083400),0.721100 (0.638100 + 0.083000),0.813300 (0.729900 + 0.083400),0.693300 (0.610200 + 0.083100),0.813300 (0.729900 + 0.083400),0.813300 (0.729900 + 0.083400),0.776300 (0.693000 + 0.083300),0.813300 (0.729900 + 0.083400),0.642000 (0.558900 + 0.083100),0.813300 (0.729900 + 0.083400),0.655600 (0.572400 + 0.083200),0.813300 (0.729900 + 0.083400),0.813300 (0.729900 + 0.083400),0.731200 (0.648000 + 0.083200),0.718700 (0.635400 + 0.083300),0.813300 (0.729900 + 0.083400),0.668200 (0.585000 + 0.083200),0.813300 (0.729900 + 0.083400),0.682200 (0.599400 + 0.082800),0.813300 (0.729900 + 0.083400),0.707700 (0.624600 + 0.083100),0.739500 (0.656100 + 0.083400),0.731800 (0.648900 + 0.082900),0.812300 (0.729000 + 0.083300),0.728700 (0.645300 + 0.083400),0.729600 (0.646200 + 0.083400),0.813300 (0.729900 + 0.083400),0.813300 (0.729900 + 0.083400)
49,0.813300 (0.729900 + 0.083400),0.813300 (0.729900 + 0.083400),0.813300 (0.729900 + 0.083400),0.813300 (0.729900 + 0.083400),0.813300 (0.729900 + 0.083400),0.795200 (0.711900 + 0.083300),0.813300 (0.729900 + 0.083400),0.813300 (0.729900 + 0.083400),0.778100 (0.694800 + 0.083300),0.803400 (0.720000 + 0.083400),0.662700 (0.579600 + 0.083100),0.813300 (0.729900 + 0.083400),0.672500 (0.589500 + 0.083000),0.722400 (0.639000 + 0.083400),0.664700 (0.581400 + 0.083300),0.682200 (0.599400 + 0.082800),0.631200 (0.548100 + 0.083100),0.813300 (0.729900 + 0.083400),0.813300 (0.729900 + 0.083400),0.813300 (0.729900 + 0.083400),0.813300 (0.729900 + 0.083400),0.813300 (0.729900 + 0.083400),0.813300 (0.729900 + 0.083400),0.800600 (0.717300 + 0.083300),0.733000 (0.649800 + 0.083200),0.798000 (0.714600 + 0.083400),0.743000 (0.659700 + 0.083300),0.813300 (0.729900 + 0.083400),0.813300 (0.729900 + 0.083400),0.538500 (0.455400 + 0.083100),0.813300 (0.729900 + 0.083400),0.599800 (0.516600 + 0.083200),0.534100 (0.450900 + 0.083200),0.813300 (0.729900 + 0.083400),0.813300 (0.729900 + 0.083400),0.701400 (0.618300 + 0.083100),0.813300 (0.729900 + 0.083400),0.813300 (0.729900 + 0.083400),0.713400 (0.630000 + 0.083400),0.813300 (0.729900 + 0.083400),0.805200 (0.721800 + 0.083400),0.813300 (0.729900 + 0.083400),0.813300 (0.729900 + 0.083400),0.813300 (0.729900 + 0.083400),0.707700 (0.624600 + 0.083100),0.813300 (0.729900 + 0.083400),0.813300 (0.729900 + 0.083400),0.677400 (0.594000 + 0.083400),0.813300 (0.729900 + 0.083400),0.661900 (0.578700 + 0.083200),0.813300 (0.729900 + 0.083400),0.640500 (0.557100 + 0.083400),0.813300 (0.729900 + 0.083400),0.813300 (0.729900 + 0.083400),0.813300 (0.729900 + 0.083400),0.575100 (0.492300 + 0.082800),0.650300 (0.567000 + 0.083300),0.793500 (0.710100 + 0.083400),0.613100 (0.530100 + 0.083000),0.813300 (0.729900 + 0.083400),0.728700 (0.645300 + 0.083400),0.662200 (0.578700 + 0.083500),0.736600 (0.653400 + 0.083200),0.813300 (0.729900 + 0.083400),0.710600 (0.627300 + 0.083300),0.813300 (0.729900 + 0.083400),0.717800 (0.634500 + 0.083300),0.616800 (0.533700 + 0.083100),0.721100 (0.638100 + 0.083000),0.813300 (0.729900 + 0.083400),0.813300 (0.729900 + 0.083400),0.594100 (0.511200 + 0.082900),0.535600 (0.452700 + 0.082900),0.813300 (0.729900 + 0.083400),0.813300 (0.729900 + 0.083400),0.715800 (0.632700 + 0.083100),0.783500 (0.700200 + 0.083300),0.638500 (0.555300 + 0.083200),0.671700 (0.588600 + 0.083100),0.813300 (0.729900 + 0.083400),0.639800 (0.557100 + 0.082700),0.813300 (0.729900 + 0.083400),0.813300 (0.729900 + 0.083400),0.585500 (0.502200 + 0.083300),0.617800 (0.534600 + 0.083200),0.713300 (0.630000 + 0.083300),0.809000 (0.725400 + 0.083600),0.794300 (0.711000 + 0.083300),0.740500 (0.657000 + 0.083500),0.751000 (0.667800 + 0.083200),0.646900 (0.563400 + 0.083500),0.660200 (0.576900 + 0.083300),0.805100 (0.721800 + 0.083300),0.728600 (0.645300 + 0.083300),0.716100 (0.632700 + 0.083400),0.634500 (0.551700 + 0.082800),0.702500 (0.619200 + 0.083300),0.813300 (0.729900 + 0.083400),0.739400 (0.656100 + 0.083300),0.722600 (0.639000 + 0.083600)
50,0.813300 (0.729900 + 0.083400),0.813300 (0.729900 + 0.083400),0.813300 (0.729900 + 0.083400),0.813300 (0.729900 + 0.083400),0.813300 (0.729900 + 0.083400),0.606000 (0.522900 + 0.083100),0.672500 (0.589500 + 0.083000),0.805200 (0.721800 + 0.083400),0.735800 (0.652500 + 0.083300),0.704600 (0.621000 + 0.083600),0.813300 (0.729900 + 0.083400),0.813300 (0.729900 + 0.083400),0.604400 (0.521100 + 0.083300),0.813300 (0.729900 + 0.083400),0.813300 (0.729900 + 0.083400),0.662800 (0.579600 + 0.083200),0.707700 (0.624600 + 0.083100),0.813300 (0.729900 + 0.083400),0.813300 (0.729900 + 0.083400),0.670600 (0.587700 + 0.082900),0.678800 (0.595800 + 0.083000),0.803400 (0.720000 + 0.083400),0.736600 (0.653400 + 0.083200),0.813300 (0.729900 + 0.083400),0.635000 (0.551700 + 0.083300),0.601800 (0.518400 + 0.083400),0.763700 (0.680400 + 0.083300),0.681500 (0.598500 + 0.083000),0.609900 (0.526500 + 0.083400),0.789100 (0.705600 + 0.083500),0.734800 (0.651600 + 0.083200),0.794300 (0.711000 + 0.083300),0.754600 (0.671400 + 0.083200),0.813300 (0.729900 + 0.083400),0.654600 (0.571500 + 0.083100),0.813300 (0.729900 + 0.083400),0.713400 (0.630000 + 0.083400),0.813300 (0.729900 + 0.083400),0.699000 (0.615600 + 0.083400),0.813300 (0.729900 + 0.083400),0.682000 (0.598500 + 0.083500),0.809000 (0.725400 + 0.083600),0.728600 (0.645300 + 0.083300),0.813300 (0.729900 + 0.083400),0.813300 (0.729900 + 0.083400),0.813300 (0.729900 + 0.083400),0.578000 (0.495000 + 0.083000),0.713900 (0.630900 + 0.083000),0.719500 (0.636300 + 0.083200),0.680900 (0.597600 + 0.083300),0.809000 (0.725400 + 0.083600),0.752900 (0.669600 + 0.083300),0.693500 (0.610200 + 0.083300),0.813300 (0.729900 + 0.083400),0.813300 (0.729900 + 0.083400),0.721200 (0.638100 + 0.083100),0.793500 (0.710100 + 0.083400),0.813300 (0.729900 + 0.083400),0.813300 (0.729900 + 0.083400),0.794300 (0.711000 + 0.083300),0.711600 (0.628200 + 0.083400),0.813300 (0.729900 + 0.083400),0.813300 (0.729900 + 0.083400),0.753100 (0.669600 + 0.083500),0.773800 (0.690300 + 0.083500),0.600400 (0.517500 + 0.082900),0.807100 (0.723600 + 0.083500),0.636000 (0.552600 + 0.083400),0.585200 (0.502200 + 0.083000),0.638200 (0.555300 + 0.082900),0.769800 (0.686700 + 0.083100),0.627300 (0.544500 + 0.082800),0.807900 (0.724500 + 0.083400),0.682000 (0.598500 + 0.083500),0.728600 (0.645300 + 0.083300),0.621000 (0.537300 + 0.083700),0.717000 (0.633600 + 0.083400),0.813300 (0.729900 + 0.083400),0.813300 (0.729900 + 0.083400),0.769000 (0.685800 + 0.083200),0.813300 (0.729900 + 0.083400),0.813300 (0.729900 + 0.083400),0.813300 (0.729900 + 0.083400),0.779000 (0.695700 + 0.083300),0.692700 (0.609300 + 0.083400),0.663700 (0.580500 + 0.083200),0.682200 (0.599400 + 0.082800),0.813300 (0.729900 + 0.083400),0.813300 (0.729900 + 0.083400),0.813300 (0.729900 + 0.083400),0.813300 (0.729900 + 0.083400),0.803400 (0.720000 + 0.083400),0.743900 (0.660600 + 0.083300),0.813300 (0.729900 + 0.083400),0.813300 (0.729900 + 0.083400),0.706000 (0.622800 + 0.083200),0.750800 (0.667800 + 0.083000),0.813300 (0.729900 + 0.083400),0.813300 (0.729900 + 0.083400),0.809700 (0.726300 + 0.083400)
51,0.813300 (0.729900 + 0.083400),0.813300 (0.729900 + 0.083400),0.813300 (0.729900 + 0.083400),0.813300 (0.729900 + 0.083400),0.813300 (0.729900 + 0.083400),0.792600 (0.709200 + 0.083400),0.813300 (0.729900 + 0.083400),0.760200 (0.676800 + 0.083400),0.578700 (0.495900 + 0.082800),0.809000 (0.725400 + 0.083600),0.743900 (0.660600 + 0.083300),0.813300 (0.729900 + 0.083400),0.779000 (0.695700 + 0.083300),0.813300 (0.729900 + 0.083400),0.687900 (0.604800 + 0.083100),0.813300 (0.729900 + 0.083400),0.813300 (0.729900 + 0.083400),0.805200 (0.721800 + 0.083400),0.813300 (0.729900 + 0.083400),0.813300 (0.729900 + 0.083400),0.813300 (0.729900 + 0.083400),0.748300 (0.665100 + 0.083200),0.777300 (0.693900 + 0.083400),0.663800 (0.580500 + 0.083300),0.813300 (0.729900 + 0.083400),0.813300 (0.729900 + 0.083400),0.736600 (0.653400 + 0.083200),0.667400 (0.584100 + 0.083300),0.812300 (0.729000 + 0.083300),0.813300 (0.729900 + 0.083400),0.813300 (0.729900 + 0.083400),0.652600 (0.569700 + 0.082900),0.815100 (0.731700 + 0.083400),0.813300 (0.729900 + 0.083400),0.813300 (0.729900 + 0.083400),0.749300 (0.666000 + 0.083300),0.807900 (0.724500 + 0.083400),0.737500 (0.654300 + 0.083200),0.775400 (0.692100 + 0.083300),0.813300 (0.729900 + 0.083400),0.813300 (0.729900 + 0.083400),0.645500 (0.562500 + 0.083000),0.813300 (0.729900 + 0.083400),0.598200 (0.514800 + 0.083400),0.785400 (0.702000 + 0.083400),0.661100 (0.577800 + 0.083300),0.813300 (0.729900 + 0.083400),0.791400 (0.708300 + 0.083100),0.778100 (0.694800 + 0.083300),0.533000 (0.450000 + 0.083000),0.813300 (0.729900 + 0.083400),0.813300 (0.729900 + 0.083400),0.809000 (0.725400 + 0.083600),0.813300 (0.729900 + 0.083400),0.726600 (0.643500 + 0.083100),0.807100 (0.723600 + 0.083500),0.693500 (0.610200 + 0.083300),0.813300 (0.729900 + 0.083400),0.657100 (0.574200 + 0.082900),0.702200 (0.619200 + 0.083000),0.631100 (0.548100 + 0.083000),0.714300 (0.630900 + 0.083400),0.789900 (0.706500 + 0.083400),0.599700 (0.516600 + 0.083100),0.757500 (0.674100 + 0.083400),0.813300 (0.729900 + 0.083400),0.813300 (0.729900 + 0.083400),0.586700 (0.504000 + 0.082700),0.603500 (0.520200 + 0.083300),0.813300 (0.729900 + 0.083400),0.753900 (0.670500 + 0.083400),0.676200 (0.593100 + 0.083100),0.813300 (0.729900 + 0.083400),0.813300 (0.729900 + 0.083400),0.813300 (0.729900 + 0.083400),0.813300 (0.729900 + 0.083400),0.729300 (0.646200 + 0.083100),0.664500 (0.581400 + 0.083100),0.679100 (0.595800 + 0.083300),0.813300 (0.729900 + 0.083400),0.813300 (0.729900 + 0.083400),0.520400 (0.437400 + 0.083000),0.769000 (0.685800 + 0.083200),0.606700 (0.523800 + 0.082900),0.709900 (0.626400 + 0.083500),0.813300 (0.729900 + 0.083400),0.813300 (0.729900 + 0.083400),0.813300 (0.729900 + 0.083400),0.813300 (0.729900 + 0.083400),0.702300 (0.619200 + 0.083100),0.678800 (0.595800 + 0.083000),0.813300 (0.729900 + 0.083400),0.813300 (0.729900 + 0.083400),0.704600 (0.621000 + 0.083600),0.728600 (0.645300 + 0.083300),0.813300 (0.729900 + 0.083400),0.813300 (0.729900 + 0.083400),0.793500 (0.710100 + 0.083400),0.813300 (0.729900 + 0.083400),0.752900 (0.669600 + 0.083300)
52,0.815100 (0.731700 + 0.083400),0.813300 (0.729900 + 0.083400),0.813300 (0.729900 + 0.083400),0.813300 (0.729900 + 0.083400),0.813300 (0.729900 + 0.083400),0.813300 (0.729900 + 0.083400),0.707800 (0.624600 + 0.083200),0.584300 (0.501300 + 0.083000),0.813300 (0.729900 + 0.083400),0.813300 (0.729900 + 0.083400),0.813300 (0.729900 + 0.083400),0.813300 (0.729900 + 0.083400),0.792600 (0.709200 + 0.083400),0.813300 (0.729900 + 0.083400),0.813300 (0.729900 + 0.083400),0.813300 (0.729900 + 0.083400),0.807900 (0.724500 + 0.083400),0.813300 (0.729900 + 0.083400),0.657100 (0.574200 + 0.082900),0.807900 (0.724500 + 0.083400),0.680700 (0.597600 + 0.083100),0.652700 (0.569700 + 0.083000),0.684600 (0.601200 + 0.083400),0.609800 (0.526500 + 0.083300),0.661200 (0.577800 + 0.083400),0.651200 (0.567900 + 0.083300),0.813300 (0.729900 + 0.083400),0.813300 (0.729900 + 0.083400),0.685000 (0.602100 + 0.082900),0.813300 (0.729900 + 0.083400),0.813300 (0.729900 + 0.083400),0.703500 (0.620100 + 0.083400),0.813300 (0.729900 + 0.083400),0.813300 (0.729900 + 0.083400),0.813300 (0.729900 + 0.083400),0.692400 (0.609300 + 0.083100),0.771700 (0.688500 + 0.083200),0.672000 (0.588600 + 0.083400),0.813300 (0.729900 + 0.083400),0.803400 (0.720000 + 0.083400),0.784500 (0.701100 + 0.083400),0.813300 (0.729900 + 0.083400),0.813300 (0.729900 + 0.083400),0.813300 (0.729900 + 0.083400),0.813300 (0.729900 + 0.083400),0.813300 (0.729900 + 0.083400),0.813300 (0.729900 + 0.083400),0.737600 (0.654300 + 0.083300),0.677000 (0.594000 + 0.083000),0.789800 (0.706500 + 0.083300),0.793500 (0.710100 + 0.083400),0.813300 (0.729900 + 0.083400),0.813300 (0.729900 + 0.083400),0.813300 (0.729900 + 0.083400),0.604200 (0.521100 + 0.083100),0.813300 (0.729900 + 0.083400),0.813300 (0.729900 + 0.083400),0.813300 (0.729900 + 0.083400),0.813300 (0.729900 + 0.083400),0.813300 (0.729900 + 0.083400),0.813300 (0.729900 + 0.083400),0.813300 (0.729900 + 0.083400),0.688900 (0.605700 + 0.083200),0.630500 (0.547200 + 0.083300),0.715200 (0.631800 + 0.083400),0.813300 (0.729900 + 0.083400),0.813300 (0.729900 + 0.083400),0.813300 (0.729900 + 0.083400),0.599900 (0.516600 + 0.083300),0.813300 (0.729900 + 0.083400),0.567300 (0.484200 + 0.083100),0.813300 (0.729900 + 0.083400),0.703300 (0.620100 + 0.083200),0.813300 (0.729900 + 0.083400),0.576100 (0.493200 + 0.082900),0.724700 (0.641700 + 0.083000),0.707900 (0.624600 + 0.083300),0.813300 (0.729900 + 0.083400),0.813300 (0.729900 + 0.083400),0.689000 (0.605700 + 0.083300),0.769000 (0.685800 + 0.083200),0.649000 (0.566100 + 0.082900),0.447400 (0.364500 + 0.082900),0.813300 (0.729900 + 0.083400),0.686300 (0.603000 + 0.083300),0.678900 (0.595800 + 0.083100),0.715100 (0.631800 + 0.083300),0.813300 (0.729900 + 0.083400),0.775400 (0.692100 + 0.083300),0.815100 (0.731700 + 0.083400),0.749300 (0.666000 + 0.083300),0.813300 (0.729900 + 0.083400),0.807100 (0.723600 + 0.083500),0.813300 (0.729900 + 0.083400),0.813300 (0.729900 + 0.083400),0.813300 (0.729900 + 0.083400),0.723200 (0.639900 + 0.083300),0.809000 (0.725400 + 0.083600),0.635900 (0.552600 + 0.083300),0.767200 (0.684000 + 0.083200)
53,0.815100 (0.731700 + 0.083400),0.815100 (0.731700 + 0.083400),0.813300 (0.729900 + 0.083400),0.813300 (0.729900 + 0.083400),0.813300 (0.729900 + 0.083400),0.813300 (0.729900 + 0.083400),0.813300 (0.729900 + 0.083400),0.813300 (0.729900 + 0.083400),0.715100 (0.631800 + 0.083300),0.813300 (0.729900 + 0.083400),0.813300 (0.729900 + 0.083400),0.702900 (0.619200 + 0.083700),0.793500 (0.710100 + 0.083400),0.689700 (0.606600 + 0.083100),0.652000 (0.568800 + 0.083200),0.631000 (0.548100 + 0.082900),0.813300 (0.729900 + 0.083400),0.813300 (0.729900 + 0.083400),0.813300 (0.729900 + 0.083400),0.700600 (0.617400 + 0.083200),0.638500 (0.555300 + 0.083200),0.632200 (0.549000 + 0.083200),0.813300 (0.729900 + 0.083400),0.813300 (0.729900 + 0.083400),0.742100 (0.658800 + 0.083300),0.644000 (0.560700 + 0.083300),0.813300 (0.729900 + 0.083400),0.688800 (0.605700 + 0.083100),0.769000 (0.685800 + 0.083200),0.652400 (0.568800 + 0.083600),0.642100 (0.558900 + 0.083200),0.715100 (0.631800 + 0.083300),0.750200 (0.666900 + 0.083300),0.795300 (0.711900 + 0.083400),0.805200 (0.721800 + 0.083400),0.613400 (0.530100 + 0.083300),0.813300 (0.729900 + 0.083400),0.813300 (0.729900 + 0.083400),0.813300 (0.729900 + 0.083400),0.813300 (0.729900 + 0.083400),0.651200 (0.567900 + 0.083300),0.813300 (0.729900 + 0.083400),0.658300 (0.575100 + 0.083200),0.813300 (0.729900 + 0.083400),0.662800 (0.579600 + 0.083200),0.802500 (0.719100 + 0.083400),0.543700 (0.460800 + 0.082900),0.807900 (0.724500 + 0.083400),0.813300 (0.729900 + 0.083400),0.813300 (0.729900 + 0.083400),0.683500 (0.600300 + 0.083200),0.813300 (0.729900 + 0.083400),0.635800 (0.552600 + 0.083200),0.767200 (0.684000 + 0.083200),0.651200 (0.567900 + 0.083300),0.711500 (0.628200 + 0.083300),0.770100 (0.686700 + 0.083400),0.813300 (0.729900 + 0.083400),0.739300 (0.656100 + 0.083200),0.773600 (0.690300 + 0.083300),0.708000 (0.624600 + 0.083400),0.813300 (0.729900 + 0.083400),0.813300 (0.729900 + 0.083400),0.813300 (0.729900 + 0.083400),0.813300 (0.729900 + 0.083400),0.672400 (0.589500 + 0.082900),0.812500 (0.729000 + 0.083500),0.809000 (0.725400 + 0.083600),0.807900 (0.724500 + 0.083400),0.772600 (0.689400 + 0.083200),0.647600 (0.564300 + 0.083300),0.813300 (0.729900 + 0.083400),0.803400 (0.720000 + 0.083400),0.807100 (0.723600 + 0.083500),0.813300 (0.729900 + 0.083400),0.736800 (0.653400 + 0.083400),0.813300 (0.729900 + 0.083400),0.813300 (0.729900 + 0.083400),0.813300 (0.729900 + 0.083400),0.658100 (0.575100 + 0.083000),0.692400 (0.609300 + 0.083100),0.813300 (0.729900 + 0.083400),0.616100 (0.532800 + 0.083300),0.813300 (0.729900 + 0.083400),0.813300 (0.729900 + 0.083400),0.813300 (0.729900 + 0.083400),0.813300 (0.729900 + 0.083400),0.813300 (0.729900 + 0.083400),0.749300 (0.666000 + 0.083300),0.813300 (0.729900 + 0.083400),0.813300 (0.729900 + 0.083400),0.813300 (0.729900 + 0.083400),0.813300 (0.729900 + 0.083400),0.633500 (0.550800 + 0.082700),0.587900 (0.504900 + 0.083000),0.813300 (0.729900 + 0.083400),0.813300 (0.729900 + 0.083400),0.813300 (0.729900 + 0.083400),0.813300 (0.729900 + 0.083400),0.630500 (0.547200 + 0.083300)
54,0.815100 (0.731700 + 0.083400),0.815100 (0.731700 + 0.083400),0.813300 (0.729900 + 0.083400),0.813300 (0.729900 + 0.083400),0.813300 (0.729900 + 0.083400),0.800800 (0.717300 + 0.083500),0.759100 (0.675900 + 0.083200),0.813300 (0.729900 + 0.083400),0.710800 (0.627300 + 0.083500),0.813300 (0.729900 + 0.083400),0.813300 (0.729900 + 0.083400),0.798000 (0.714600 + 0.083400),0.760900 (0.677700 + 0.083200),0.813300 (0.729900 + 0.083400),0.813300 (0.729900 + 0.083400),0.813300 (0.729900 + 0.083400),0.813300 (0.729900 + 0.083400),0.627600 (0.544500 + 0.083100),0.813300 (0.729900 + 0.083400),0.580200 (0.496800 + 0.083400),0.813300 (0.729900 + 0.083400),0.784500 (0.701100 + 0.083400),0.769200 (0.685800 + 0.083400),0.813300 (0.729900 + 0.083400),0.767200 (0.684000 + 0.083200),0.813300 (0.729900 + 0.083400),0.813300 (0.729900 + 0.083400),0.813300 (0.729900 + 0.083400),0.807900 (0.724500 + 0.083400),0.634100 (0.550800 + 0.083300),0.813300 (0.729900 + 0.083400),0.691600 (0.608400 + 0.083200),0.795000 (0.711900 + 0.083100),0.813300 (0.729900 + 0.083400),0.651200 (0.567900 + 0.083300),0.788000 (0.704700 + 0.083300),0.813300 (0.729900 + 0.083400),0.813300 (0.729900 + 0.083400),0.807900 (0.724500 + 0.083400),0.813300 (0.729900 + 0.083400),0.813300 (0.729900 + 0.083400),0.678300 (0.594900 + 0.083400),0.732000 (0.648900 + 0.083100),0.813300 (0.729900 + 0.083400),0.813300 (0.729900 + 0.083400),0.813300 (0.729900 + 0.083400),0.671900 (0.588600 + 0.083300),0.619400 (0.536400 + 0.083000),0.514100 (0.431100 + 0.083000),0.717000 (0.633600 + 0.083400),0.813300 (0.729900 + 0.083400),0.717800 (0.634500 + 0.083300),0.744800 (0.661500 + 0.083300),0.815100 (0.731700 + 0.083400),0.813300 (0.729900 + 0.083400),0.725800 (0.642600 + 0.083200),0.636700 (0.553500 + 0.083200),0.789000 (0.705600 + 0.083400),0.773700 (0.690300 + 0.083400),0.655500 (0.572400 + 0.083100),0.510000 (0.426600 + 0.083400),0.813300 (0.729900 + 0.083400),0.813300 (0.729900 + 0.083400),0.813300 (0.729900 + 0.083400),0.569900 (0.486900 + 0.083000),0.815100 (0.731700 + 0.083400),0.813300 (0.729900 + 0.083400),0.813300 (0.729900 + 0.083400),0.692500 (0.609300 + 0.083200),0.677700 (0.594000 + 0.083700),0.680100 (0.596700 + 0.083400),0.644000 (0.560700 + 0.083300),0.813300 (0.729900 + 0.083400),0.593700 (0.510300 + 0.083400),0.808800 (0.725400 + 0.083400),0.815100 (0.731700 + 0.083400),0.813300 (0.729900 + 0.083400),0.812300 (0.729000 + 0.083300),0.757500 (0.674100 + 0.083400),0.813300 (0.729900 + 0.083400),0.570900 (0.487800 + 0.083100),0.722600 (0.639000 + 0.083600),0.813300 (0.729900 + 0.083400),0.504400 (0.421200 + 0.083200),0.803400 (0.720000 + 0.083400),0.732200 (0.648900 + 0.083300),0.784600 (0.701100 + 0.083500),0.807900 (0.724500 + 0.083400),0.813300 (0.729900 + 0.083400),0.587800 (0.504900 + 0.082900),0.809000 (0.725400 + 0.083600),0.813300 (0.729900 + 0.083400),0.646600 (0.563400 + 0.083200),0.815100 (0.731700 + 0.083400),0.813300 (0.729900 + 0.083400),0.631000 (0.548100 + 0.082900),0.662100 (0.578700 + 0.083400),0.813300 (0.729900 + 0.083400),0.813300 (0.729900 + 0.083400),0.644800 (0.561600 + 0.083200)
55,0.815100 (0.731700 + 0.083400),0.815100 (0.731700 + 0.083400),0.815100 (0.731700 + 0.083400),0.815100 (0.731700 + 0.083400),0.815100 (0.731700 + 0.083400),0.686000 (0.603000 + 0.083000),0.813300 (0.729900 + 0.083400),0.813300 (0.729900 + 0.083400),0.813300 (0.729900 + 0.083400),0.813300 (0.729900 + 0.083400),0.813300 (0.729900 + 0.083400),0.813300 (0.729900 + 0.083400),0.655500 (0.572400 + 0.083100),0.813300 (0.729900 + 0.083400),0.724200 (0.640800 + 0.083400),0.813300 (0.729900 + 0.083400),0.695000 (0.612000 + 0.083000),0.666600 (0.583200 + 0.083400),0.799800 (0.716400 + 0.083400),0.806100 (0.722700 + 0.083400),0.678200 (0.594900 + 0.083300),0.815100 (0.731700 + 0.083400),0.807900 (0.724500 + 0.083400),0.813300 (0.729900 + 0.083400),0.703400 (0.620100 + 0.083300),0.809000 (0.725400 + 0.083600),0.775500 (0.692100 + 0.083400),0.789800 (0.706500 + 0.083300),0.791800 (0.708300 + 0.083500),0.813300 (0.729900 + 0.083400),0.813300 (0.729900 + 0.083400),0.813300 (0.729900 + 0.083400),0.813300 (0.729900 + 0.083400),0.813300 (0.729900 + 0.083400),0.577700 (0.495000 + 0.082700),0.813300 (0.729900 + 0.083400),0.813300 (0.729900 + 0.083400),0.813300 (0.729900 + 0.083400),0.813300 (0.729900 + 0.083400),0.808800 (0.725400 + 0.083400),0.813300 (0.729900 + 0.083400),0.813300 (0.729900 + 0.083400),0.815100 (0.731700 + 0.083400),0.813300 (0.729900 + 0.083400),0.671700 (0.588600 + 0.083100),0.813300 (0.729900 + 0.083400),0.642600 (0.559800 + 0.082800),0.718400 (0.635400 + 0.083000),0.813300 (0.729900 + 0.083400),0.813300 (0.729900 + 0.083400),0.813300 (0.729900 + 0.083400),0.813300 (0.729900 + 0.083400),0.813300 (0.729900 + 0.083400),0.813300 (0.729900 + 0.083400),0.703400 (0.620100 + 0.083300),0.813300 (0.729900 + 0.083400),0.815100 (0.731700 + 0.083400),0.815100 (0.731700 + 0.083400),0.813300 (0.729900 + 0.083400),0.813300 (0.729900 + 0.083400),0.807900 (0.724500 + 0.083400),0.813300 (0.729900 + 0.083400),0.673700 (0.590400 + 0.083300),0.741400 (0.657900 + 0.083500),0.813300 (0.729900 + 0.083400),0.813300 (0.729900 + 0.083400),0.813300 (0.729900 + 0.083400),0.813300 (0.729900 + 0.083400),0.687000 (0.603900 + 0.083100),0.813300 (0.729900 + 0.083400),0.662100 (0.578700 + 0.083400),0.813300 (0.729900 + 0.083400),0.813300 (0.729900 + 0.083400),0.793500 (0.710100 + 0.083400),0.741200 (0.657900 + 0.083300),0.813300 (0.729900 + 0.083400),0.813300 (0.729900 + 0.083400),0.606100 (0.522900 + 0.083200),0.815100 (0.731700 + 0.083400),0.761800 (0.678600 + 0.083200),0.592300 (0.509400 + 0.082900),0.813300 (0.729900 + 0.083400),0.813300 (0.729900 + 0.083400),0.813300 (0.729900 + 0.083400),0.655500 (0.572400 + 0.083100),0.709600 (0.626400 + 0.083200),0.813300 (0.729900 + 0.083400),0.735800 (0.652500 + 0.083300),0.690800 (0.607500 + 0.083300),0.813300 (0.729900 + 0.083400),0.813300 (0.729900 + 0.083400),0.813300 (0.729900 + 0.083400),0.813300 (0.729900 + 0.083400),0.669800 (0.586800 + 0.083000),0.717800 (0.634500 + 0.083300),0.781000 (0.697500 + 0.083500),0.771300 (0.688500 + 0.082800),0.813300 (0.729900 + 0.083400),0.682600 (0.599400 + 0.083200),0.650100 (0.567000 + 0.083100)
56,0.815100 (0.731700 + 0.083400),0.815100 (0.731700 + 0.083400),0.815100 (0.731700 + 0.083400),0.815100 (0.731700 + 0.083400),0.815100 (0.731700 + 0.083400),0.588200 (0.504900 + 0.083300),0.815100 (0.731700 + 0.083400),0.569200 (0.486000 + 0.083200),0.813300 (0.729900 + 0.083400),0.812400 (0.729000 + 0.083400),0.648300 (0.565200 + 0.083100),0.815100 (0.731700 + 0.083400),0.708000 (0.624600 + 0.083400),0.813300 (0.729900 + 0.083400),0.742800 (0.659700 + 0.083100),0.815100 (0.731700 + 0.083400),0.813300 (0.729900 + 0.083400),0.813300 (0.729900 + 0.083400),0.813300 (0.729900 + 0.083400),0.747600 (0.664200 + 0.083400),0.815100 (0.731700 + 0.083400),0.683500 (0.600300 + 0.083200),0.807900 (0.724500 + 0.083400),0.813300 (0.729900 + 0.083400),0.813300 (0.729900 + 0.083400),0.813300 (0.729900 + 0.083400),0.813300 (0.729900 + 0.083400),0.713200 (0.630000 + 0.083200),0.813300 (0.729900 + 0.083400),0.813300 (0.729900 + 0.083400),0.813300 (0.729900 + 0.083400),0.665700 (0.582300 + 0.083400),0.657100 (0.574200 + 0.082900),0.586200 (0.503100 + 0.083100),0.652800 (0.569700 + 0.083100),0.813300 (0.729900 + 0.083400),0.627700 (0.544500 + 0.083200),0.669000 (0.585900 + 0.083100),0.815100 (0.731700 + 0.083400),0.815100 (0.731700 + 0.083400),0.589700 (0.506700 + 0.083000),0.813300 (0.729900 + 0.083400),0.813300 (0.729900 + 0.083400),0.813300 (0.729900 + 0.083400),0.813300 (0.729900 + 0.083400),0.813300 (0.729900 + 0.083400),0.813300 (0.729900 + 0.083400),0.601600 (0.518400 + 0.083200),0.650100 (0.567000 + 0.083100),0.813300 (0.729900 + 0.083400),0.815100 (0.731700 + 0.083400),0.813300 (0.729900 + 0.083400),0.682600 (0.599400 + 0.083200),0.815100 (0.731700 + 0.083400),0.813300 (0.729900 + 0.083400),0.650100 (0.567000 + 0.083100),0.711800 (0.628200 + 0.083600),0.578900 (0.495900 + 0.083000),0.813300 (0.729900 + 0.083400),0.813300 (0.729900 + 0.083400),0.813300 (0.729900 + 0.083400),0.813300 (0.729900 + 0.083400),0.666100 (0.583200 + 0.082900),0.815100 (0.731700 + 0.083400),0.813300 (0.729900 + 0.083400),0.813300 (0.729900 + 0.083400),0.673600 (0.590400 + 0.083200),0.815100 (0.731700 + 0.083400),0.815100 (0.731700 + 0.083400),0.780100 (0.696600 + 0.083500),0.750100 (0.666900 + 0.083200),0.779000 (0.695700 + 0.083300),0.729200 (0.646200 + 0.083000),0.642200 (0.558900 + 0.083300),0.813300 (0.729900 + 0.083400),0.813300 (0.729900 + 0.083400),0.698700 (0.615600 + 0.083100),0.802500 (0.719100 + 0.083400),0.809700 (0.726300 + 0.083400),0.815100 (0.731700 + 0.083400),0.815100 (0.731700 + 0.083400),0.815100 (0.731700 + 0.083400),0.815100 (0.731700 + 0.083400),0.813300 (0.729900 + 0.083400),0.668900 (0.585900 + 0.083000),0.745700 (0.662400 + 0.083300),0.813300 (0.729900 + 0.083400),0.644000 (0.560700 + 0.083300),0.813300 (0.729900 + 0.083400),0.639000 (0.556200 + 0.082800),0.813300 (0.729900 + 0.083400),0.666200 (0.583200 + 0.083000),0.815100 (0.731700 + 0.083400),0.813300 (0.729900 + 0.083400),0.813300 (0.729900 + 0.083400),0.813300 (0.729900 + 0.083400),0.593400 (0.510300 + 0.083100),0.815100 (0.731700 + 0.083400),0.813300 (0.729900 + 0.083400),0.809800 (0.726300 + 0.083500)
57,0.815100 (0.731700 + 0.083400),0.815100 (0.731700 + 0.083400),0.815100 (0.731700 + 0.083400),0.815100 (0.731700 + 0.083400),0.815100 (0.731700 + 0.083400),0.815100 (0.731700 + 0.083400),0.664600 (0.581400 + 0.083200),0.811500 (0.728100 + 0.083400),0.813300 (0.729900 + 0.083400),0.685000 (0.602100 + 0.082900),0.635800 (0.552600 + 0.083200),0.813300 (0.729900 + 0.083400),0.815100 (0.731700 + 0.083400),0.612200 (0.529200 + 0.083000),0.720700 (0.637200 + 0.083500),0.815100 (0.731700 + 0.083400),0.815100 (0.731700 + 0.083400),0.800700 (0.717300 + 0.083400),0.809800 (0.726300 + 0.083500),0.813300 (0.729900 + 0.083400),0.666300 (0.583200 + 0.083100),0.815100 (0.731700 + 0.083400),0.743900 (0.660600 + 0.083300),0.815100 (0.731700 + 0.083400),0.654700 (0.571500 + 0.083200),0.669000 (0.585900 + 0.083100),0.815100 (0.731700 + 0.083400),0.813300 (0.729900 + 0.083400),0.815100 (0.731700 + 0.083400),0.815100 (0.731700 + 0.083400),0.586400 (0.503100 + 0.083300),0.813300 (0.729900 + 0.083400),0.815100 (0.731700 + 0.083400),0.813300 (0.729900 + 0.083400),0.813300 (0.729900 + 0.083400),0.698800 (0.615600 + 0.083200),0.718900 (0.635400 + 0.083500),0.747500 (0.664200 + 0.083300),0.813300 (0.729900 + 0.083400),0.813300 (0.729900 + 0.083400),0.698900 (0.615600 + 0.083300),0.813300 (0.729900 + 0.083400),0.813300 (0.729900 + 0.083400),0.815100 (0.731700 + 0.083400),0.815100 (0.731700 + 0.083400),0.694400 (0.611100 + 0.083300),0.703300 (0.620100 + 0.083200),0.813300 (0.729900 + 0.083400),0.815100 (0.731700 + 0.083400),0.815100 (0.731700 + 0.083400),0.809700 (0.726300 + 0.083400),0.815100 (0.731700 + 0.083400),0.813300 (0.729900 + 0.083400),0.668900 (0.585900 + 0.083000),0.659500 (0.576000 + 0.083500),0.815100 (0.731700 + 0.083400),0.815100 (0.731700 + 0.083400),0.815100 (0.731700 + 0.083400),0.812400 (0.729000 + 0.083400),0.779000 (0.695700 + 0.083300),0.815100 (0.731700 + 0.083400),0.815100 (0.731700 + 0.083400),0.815100 (0.731700 + 0.083400),0.815100 (0.731700 + 0.083400),0.813300 (0.729900 + 0.083400),0.813300 (0.729900 + 0.083400),0.815100 (0.731700 + 0.083400),0.695200 (0.612000 + 0.083200),0.698900 (0.615600 + 0.083300),0.813300 (0.729900 + 0.083400),0.813300 (0.729900 + 0.083400),0.698900 (0.615600 + 0.083300),0.815100 (0.731700 + 0.083400),0.815100 (0.731700 + 0.083400),0.813300 (0.729900 + 0.083400),0.676400 (0.593100 + 0.083300),0.576100 (0.493200 + 0.082900),0.669900 (0.586800 + 0.083100),0.648300 (0.565200 + 0.083100),0.815100 (0.731700 + 0.083400),0.815100 (0.731700 + 0.083400),0.815100 (0.731700 + 0.083400),0.813300 (0.729900 + 0.083400),0.813300 (0.729900 + 0.083400),0.594400 (0.511200 + 0.083200),0.813300 (0.729900 + 0.083400),0.813300 (0.729900 + 0.083400),0.813300 (0.729900 + 0.083400),0.618300 (0.535500 + 0.082800),0.813300 (0.729900 + 0.083400),0.636600 (0.553500 + 0.083100),0.689700 (0.606600 + 0.083100),0.815100 (0.731700 + 0.083400),0.813300 (0.729900 + 0.083400),0.815100 (0.731700 + 0.083400),0.648300 (0.565200 + 0.083100),0.624900 (0.541800 + 0.083100),0.813300 (0.729900 + 0.083400),0.813300 (0.729900 + 0.083400),0.739300 (0.656100 + 0.083200)
58,0.815100 (0.731700 + 0.083400),0.815100 (0.731700 + 0.083400),0.815100 (0.731700 + 0.083400),0.815100 (0.731700 + 0.083400),0.815100 (0.731700 + 0.083400),0.815100 (0.731700 + 0.083400),0.815100 (0.731700 + 0.083400),0.815100 (0.731700 + 0.083400),0.815100 (0.731700 + 0.083400),0.815100 (0.731700 + 0.083400),0.815100 (0.731700 + 0.083400),0.809700 (0.726300 + 0.083400),0.815100 (0.731700 + 0.083400),0.813300 (0.729900 + 0.083400),0.813300 (0.729900 + 0.083400),0.813300 (0.729900 + 0.083400),0.815100 (0.731700 + 0.083400),0.815100 (0.731700 + 0.083400),0.737500 (0.654300 + 0.083200),0.813300 (0.729900 + 0.083400),0.813300 (0.729900 + 0.083400),0.688000 (0.604800 + 0.083200),0.815100 (0.731700 + 0.083400),0.670300 (0.586800 + 0.083500),0.815100 (0.731700 + 0.083400),0.812400 (0.729000 + 0.083400),0.815100 (0.731700 + 0.083400),0.815100 (0.731700 + 0.083400),0.614300 (0.531000 + 0.083300),0.737800 (0.654300 + 0.083500),0.723200 (0.639900 + 0.083300),0.815100 (0.731700 + 0.083400),0.815100 (0.731700 + 0.083400),0.809800 (0.726300 + 0.083500),0.815100 (0.731700 + 0.083400),0.813300 (0.729900 + 0.083400),0.620600 (0.537300 + 0.083300),0.610100 (0.527400 + 0.082700),0.815100 (0.731700 + 0.083400),0.815100 (0.731700 + 0.083400),0.815100 (0.731700 + 0.083400),0.716900 (0.633600 + 0.083300),0.754800 (0.671400 + 0.083400),0.815100 (0.731700 + 0.083400),0.715900 (0.632700 + 0.083200),0.689100 (0.605700 + 0.083400),0.659300 (0.576000 + 0.083300),0.661200 (0.577800 + 0.083400),0.815100 (0.731700 + 0.083400),0.809700 (0.726300 + 0.083400),0.669900 (0.586800 + 0.083100),0.815100 (0.731700 + 0.083400),0.666400 (0.583200 + 0.083200),0.815100 (0.731700 + 0.083400),0.813300 (0.729900 + 0.083400),0.813300 (0.729900 + 0.083400),0.654800 (0.571500 + 0.083300),0.815100 (0.731700 + 0.083400),0.815100 (0.731700 + 0.083400),0.641000 (0.558000 + 0.083000),0.815100 (0.731700 + 0.083400),0.813300 (0.729900 + 0.083400),0.694200 (0.611100 + 0.083100),0.815100 (0.731700 + 0.083400),0.815100 (0.731700 + 0.083400),0.800700 (0.717300 + 0.083400),0.578100 (0.495000 + 0.083100),0.815100 (0.731700 + 0.083400),0.815100 (0.731700 + 0.083400),0.649000 (0.566100 + 0.082900),0.636600 (0.553500 + 0.083100),0.815100 (0.731700 + 0.083400),0.815100 (0.731700 + 0.083400),0.514900 (0.432000 + 0.082900),0.787300 (0.703800 + 0.083500),0.815100 (0.731700 + 0.083400),0.630700 (0.547200 + 0.083500),0.697000 (0.613800 + 0.083200),0.659100 (0.576000 + 0.083100),0.714000 (0.630900 + 0.083100),0.684500 (0.601200 + 0.083300),0.815100 (0.731700 + 0.083400),0.815100 (0.731700 + 0.083400),0.661800 (0.578700 + 0.083100),0.815100 (0.731700 + 0.083400),0.815100 (0.731700 + 0.083400),0.815100 (0.731700 + 0.083400),0.815100 (0.731700 + 0.083400),0.815100 (0.731700 + 0.083400),0.813300 (0.729900 + 0.083400),0.743900 (0.660600 + 0.083300),0.815100 (0.731700 + 0.083400),0.813300 (0.729900 + 0.083400),0.813300 (0.729900 + 0.083400),0.650500 (0.567000 + 0.083500),0.813300 (0.729900 + 0.083400),0.813300 (0.729900 + 0.083400),0.813300 (0.729900 + 0.083400),0.813300 (0.729900 + 0.083400),0.815100 (0.731700 + 0.083400)
59,0.815100 (0.731700 + 0.083400),0.815100 (0.731700 + 0.083400),0.815100 (0.731700 + 0.083400),0.815100 (0.731700 + 0.083400),0.815100 (0.731700 + 0.083400),0.813300 (0.729900 + 0.083400),0.815100 (0.731700 + 0.083400),0.815100 (0.731700 + 0.083400),0.678900 (0.595800 + 0.083100),0.815100 (0.731700 + 0.083400),0.815100 (0.731700 + 0.083400),0.676300 (0.593100 + 0.083200),0.815100 (0.731700 + 0.083400),0.815100 (0.731700 + 0.083400),0.532100 (0.449100 + 0.083000),0.815100 (0.731700 + 0.083400),0.650500 (0.567000 + 0.083500),0.665400 (0.582300 + 0.083100),0.815100 (0.731700 + 0.083400),0.815100 (0.731700 + 0.083400),0.720600 (0.637200 + 0.083400),0.719400 (0.636300 + 0.083100),0.808000 (0.724500 + 0.083500),0.813300 (0.729900 + 0.083400),0.813300 (0.729900 + 0.083400),0.815100 (0.731700 + 0.083400),0.714900 (0.631800 + 0.083100),0.815100 (0.731700 + 0.083400),0.688700 (0.605700 + 0.083000),0.815100 (0.731700 + 0.083400),0.815100 (0.731700 + 0.083400),0.815100 (0.731700 + 0.083400),0.815100 (0.731700 + 0.083400),0.815100 (0.731700 + 0.083400),0.815100 (0.731700 + 0.083400),0.815100 (0.731700 + 0.083400),0.812400 (0.729000 + 0.083400),0.722400 (0.639000 + 0.083400),0.552000 (0.468900 + 0.083100),0.815100 (0.731700 + 0.083400),0.815100 (0.731700 + 0.083400),0.708700 (0.625500 + 0.083200),0.815100 (0.731700 + 0.083400),0.815100 (0.731700 + 0.083400),0.760200 (0.676800 + 0.083400),0.600900 (0.517500 + 0.083400),0.815100 (0.731700 + 0.083400),0.815100 (0.731700 + 0.083400),0.815100 (0.731700 + 0.083400),0.784500 (0.701100 + 0.083400),0.480100 (0.396900 + 0.083200),0.607600 (0.524700 + 0.082900),0.694200 (0.611100 + 0.083100),0.815100 (0.731700 + 0.083400),0.813300 (0.729900 + 0.083400),0.651600 (0.568800 + 0.082800),0.743900 (0.660600 + 0.083300),0.815100 (0.731700 + 0.083400),0.815100 (0.731700 + 0.083400),0.815100 (0.731700 + 0.083400),0.815100 (0.731700 + 0.083400),0.815100 (0.731700 + 0.083400),0.699700 (0.616500 + 0.083200),0.815100 (0.731700 + 0.083400),0.669100 (0.585900 + 0.083200),0.815100 (0.731700 + 0.083400),0.815100 (0.731700 + 0.083400),0.582900 (0.499500 + 0.083400),0.790800 (0.707400 + 0.083400),0.815100 (0.731700 + 0.083400),0.815100 (0.731700 + 0.083400),0.684500 (0.601200 + 0.083300),0.627700 (0.544500 + 0.083200),0.815100 (0.731700 + 0.083400),0.813300 (0.729900 + 0.083400),0.815100 (0.731700 + 0.083400),0.815100 (0.731700 + 0.083400),0.807900 (0.724500 + 0.083400),0.662800 (0.579600 + 0.083200),0.686500 (0.603000 + 0.083500),0.815100 (0.731700 + 0.083400),0.813300 (0.729900 + 0.083400),0.815100 (0.731700 + 0.083400),0.815100 (0.731700 + 0.083400),0.815100 (0.731700 + 0.083400),0.613300 (0.530100 + 0.083200),0.815100 (0.731700 + 0.083400),0.721400 (0.638100 + 0.083300),0.805300 (0.721800 + 0.083500),0.584100 (0.501300 + 0.082800),0.815100 (0.731700 + 0.083400),0.815100 (0.731700 + 0.083400),0.614200 (0.531000 + 0.083200),0.815100 (0.731700 + 0.083400),0.815100 (0.731700 + 0.083400),0.815100 (0.731700 + 0.083400),0.815100 (0.731700 + 0.083400),0.694500 (0.611100 + 0.083400),0.754800 (0.671400 + 0.083400),0.815100 (0.731700 + 0.083400)
60,0.815100 (0.731700 + 0.083400),0.815100 (0.731700 + 0.083400),0.815100 (0.731700 + 0.083400),0.815100 (0.731700 + 0.083400),0.815100 (0.731700 + 0.083400),0.815100 (0.731700 + 0.083400),0.758400 (0.675000 + 0.083400),0.792500 (0.709200 + 0.083300),0.744800 (0.661500 + 0.083300),0.797100 (0.713700 + 0.083400),0.756500 (0.673200 + 0.083300),0.640900 (0.558000 + 0.082900),0.815100 (0.731700 + 0.083400),0.815100 (0.731700 + 0.083400),0.815100 (0.731700 + 0.083400),0.628800 (0.545400 + 0.083400),0.753800 (0.670500 + 0.083300),0.575600 (0.492300 + 0.083300),0.815100 (0.731700 + 0.083400),0.807800 (0.724500 + 0.083300),0.675500 (0.592200 + 0.083300),0.815100 (0.731700 + 0.083400),0.748800 (0.665100 + 0.083700),0.815100 (0.731700 + 0.083400),0.813300 (0.729900 + 0.083400),0.563600 (0.480600 + 0.083000),0.815100 (0.731700 + 0.083400),0.593100 (0.510300 + 0.082800),0.764500 (0.681300 + 0.083200),0.815100 (0.731700 + 0.083400),0.472700 (0.389700 + 0.083000),0.815100 (0.731700 + 0.083400),0.580800 (0.497700 + 0.083100),0.815100 (0.731700 + 0.083400),0.675300 (0.592200 + 0.083100),0.815100 (0.731700 + 0.083400),0.815100 (0.731700 + 0.083400),0.600700 (0.517500 + 0.083200),0.673600 (0.590400 + 0.083200),0.815100 (0.731700 + 0.083400),0.815100 (0.731700 + 0.083400),0.808000 (0.724500 + 0.083500),0.694200 (0.611100 + 0.083100),0.815100 (0.731700 + 0.083400),0.674700 (0.591300 + 0.083400),0.567000 (0.484200 + 0.082800),0.815100 (0.731700 + 0.083400),0.815100 (0.731700 + 0.083400),0.718700 (0.635400 + 0.083300),0.610400 (0.527400 + 0.083000),0.815100 (0.731700 + 0.083400),0.815100 (0.731700 + 0.083400),0.815100 (0.731700 + 0.083400),0.646200 (0.562500 + 0.083700),0.815100 (0.731700 + 0.083400),0.704900 (0.621900 + 0.083000),0.813300 (0.729900 + 0.083400),0.815100 (0.731700 + 0.083400),0.700700 (0.617400 + 0.083300),0.815100 (0.731700 + 0.083400),0.722400 (0.639000 + 0.083400),0.815100 (0.731700 + 0.083400),0.662800 (0.579600 + 0.083200),0.815100 (0.731700 + 0.083400),0.781700 (0.698400 + 0.083300),0.815100 (0.731700 + 0.083400),0.815100 (0.731700 + 0.083400),0.815100 (0.731700 + 0.083400),0.815100 (0.731700 + 0.083400),0.815100 (0.731700 + 0.083400),0.815100 (0.731700 + 0.083400),0.649300 (0.566100 + 0.083200),0.815100 (0.731700 + 0.083400),0.665200 (0.582300 + 0.082900),0.709400 (0.626400 + 0.083000),0.670900 (0.587700 + 0.083200),0.689000 (0.605700 + 0.083300),0.815100 (0.731700 + 0.083400),0.511500 (0.428400 + 0.083100),0.815100 (0.731700 + 0.083400),0.815100 (0.731700 + 0.083400),0.815100 (0.731700 + 0.083400),0.815100 (0.731700 + 0.083400),0.815100 (0.731700 + 0.083400),0.629500 (0.546300 + 0.083200),0.815100 (0.731700 + 0.083400),0.815100 (0.731700 + 0.083400),0.815100 (0.731700 + 0.083400),0.713200 (0.630000 + 0.083200),0.815100 (0.731700 + 0.083400),0.743900 (0.660600 + 0.083300),0.815100 (0.731700 + 0.083400),0.815100 (0.731700 + 0.083400),0.815100 (0.731700 + 0.083400),0.815100 (0.731700 + 0.083400),0.552900 (0.469800 + 0.083100),0.633300 (0.549900 + 0.083400),0.695200 (0.612000 + 0.083200),0.807900 (0.724500 + 0.083400),0.815100 (0.731700 + 0.083400)
61,0.815100 (0.731700 + 0.083400),0.815100 (0.731700 + 0.083400),0.815100 (0.731700 + 0.083400),0.815100 (0.731700 + 0.083400),0.815100 (0.731700 + 0.083400),0.789900 (0.706500 + 0.083400),0.792500 (0.709200 + 0.083300),0.627800 (0.544500 + 0.083300),0.815100 (0.731700 + 0.083400),0.669000 (0.585900 + 0.083100),0.815100 (0.731700 + 0.083400),0.798000 (0.714600 + 0.083400),0.679700 (0.596700 + 0.083000),0.815100 (0.731700 + 0.083400),0.650100 (0.567000 + 0.083100),0.815100 (0.731700 + 0.083400),0.815100 (0.731700 + 0.083400),0.815100 (0.731700 + 0.083400),0.815100 (0.731700 + 0.083400),0.815100 (0.731700 + 0.083400),0.815100 (0.731700 + 0.083400),0.647400 (0.564300 + 0.083100),0.815100 (0.731700 + 0.083400),0.815100 (0.731700 + 0.083400),0.815100 (0.731700 + 0.083400),0.815100 (0.731700 + 0.083400),0.815100 (0.731700 + 0.083400),0.815100 (0.731700 + 0.083400),0.732200 (0.648900 + 0.083300),0.815100 (0.731700 + 0.083400),0.815100 (0.731700 + 0.083400),0.815100 (0.731700 + 0.083400),0.815100 (0.731700 + 0.083400),0.699900 (0.616500 + 0.083400),0.815100 (0.731700 + 0.083400),0.805200 (0.721800 + 0.083400),0.788000 (0.704700 + 0.083300),0.815100 (0.731700 + 0.083400),0.632200 (0.549000 + 0.083200),0.815100 (0.731700 + 0.083400),0.807900 (0.724500 + 0.083400),0.712200 (0.629100 + 0.083100),0.799700 (0.716400 + 0.083300),0.781900 (0.698400 + 0.083500),0.764900 (0.681300 + 0.083600),0.815100 (0.731700 + 0.083400),0.815100 (0.731700 + 0.083400),0.815100 (0.731700 + 0.083400),0.666500 (0.583200 + 0.083300),0.655500 (0.572400 + 0.083100),0.713200 (0.630000 + 0.083200),0.572000 (0.488700 + 0.083300),0.809700 (0.726300 + 0.083400),0.815100 (0.731700 + 0.083400),0.815100 (0.731700 + 0.083400),0.675700 (0.592200 + 0.083500),0.815100 (0.731700 + 0.083400),0.815100 (0.731700 + 0.083400),0.815100 (0.731700 + 0.083400),0.756400 (0.673200 + 0.083200),0.620200 (0.537300 + 0.082900),0.732100 (0.648900 + 0.083200),0.799900 (0.716400 + 0.083500),0.815100 (0.731700 + 0.083400),0.815100 (0.731700 + 0.083400),0.815100 (0.731700 + 0.083400),0.815100 (0.731700 + 0.083400),0.653900 (0.570600 + 0.083300),0.815100 (0.731700 + 0.083400),0.815100 (0.731700 + 0.083400),0.815100 (0.731700 + 0.083400),0.800700 (0.717300 + 0.083400),0.518500 (0.435600 + 0.082900),0.815100 (0.731700 + 0.083400),0.792500 (0.709200 + 0.083300),0.815100 (0.731700 + 0.083400),0.679900 (0.596700 + 0.083200),0.815100 (0.731700 + 0.083400),0.815100 (0.731700 + 0.083400),0.815100 (0.731700 + 0.083400),0.640900 (0.558000 + 0.082900),0.815100 (0.731700 + 0.083400),0.815100 (0.731700 + 0.083400),0.797100 (0.713700 + 0.083400),0.740800 (0.657900 + 0.082900),0.813300 (0.729900 + 0.083400),0.667500 (0.584100 + 0.083400),0.815100 (0.731700 + 0.083400),0.713300 (0.630000 + 0.083300),0.815100 (0.731700 + 0.083400),0.815100 (0.731700 + 0.083400),0.581800 (0.498600 + 0.083200),0.629300 (0.546300 + 0.083000),0.815100 (0.731700 + 0.083400),0.815100 (0.731700 + 0.083400),0.815100 (0.731700 + 0.083400),0.815100 (0.731700 + 0.083400),0.815100 (0.731700 + 0.083400),0.815100 (0.731700 + 0.083400),0.581900 (0.498600 + 0.083300)
62,0.815100 (0.731700 + 0.083400),0.815100 (0.731700 + 0.083400),0.815100 (0.731700 + 0.083400),0.815100 (0.731700 + 0.083400),0.815100 (0.731700 + 0.083400),0.815100 (0.731700 + 0.083400),0.815100 (0.731700 + 0.083400),0.815100 (0.731700 + 0.083400),0.815100 (0.731700 + 0.083400),0.815100 (0.731700 + 0.083400),0.815100 (0.731700 + 0.083400),0.646800 (0.563400 + 0.083400),0.684200 (0.601200 + 0.083000),0.815100 (0.731700 + 0.083400),0.815100 (0.731700 + 0.083400),0.815100 (0.731700 + 0.083400),0.815100 (0.731700 + 0.083400),0.815100 (0.731700 + 0.083400),0.742200 (0.658800 + 0.083400),0.699700 (0.616500 + 0.083200),0.815100 (0.731700 + 0.083400),0.815100 (0.731700 + 0.083400),0.815100 (0.731700 + 0.083400),0.815100 (0.731700 + 0.083400),0.798000 (0.714600 + 0.083400),0.777300 (0.693900 + 0.083400),0.612200 (0.529200 + 0.083000),0.815100 (0.731700 + 0.083400),0.815100 (0.731700 + 0.083400),0.809700 (0.726300 + 0.083400),0.815100 (0.731700 + 0.083400),0.665700 (0.582300 + 0.083400),0.815100 (0.731700 + 0.083400),0.815100 (0.731700 + 0.083400),0.620400 (0.537300 + 0.083100),0.815100 (0.731700 + 0.083400),0.815100 (0.731700 + 0.083400),0.815100 (0.731700 + 0.083400),0.619600 (0.536400 + 0.083200),0.815100 (0.731700 + 0.083400),0.815100 (0.731700 + 0.083400),0.815100 (0.731700 + 0.083400),0.815100 (0.731700 + 0.083400),0.815100 (0.731700 + 0.083400),0.815100 (0.731700 + 0.083400),0.815100 (0.731700 + 0.083400),0.815100 (0.731700 + 0.083400),0.815100 (0.731700 + 0.083400),0.815100 (0.731700 + 0.083400),0.807900 (0.724500 + 0.083400),0.665800 (0.582300 + 0.083500),0.815100 (0.731700 + 0.083400),0.815100 (0.731700 + 0.083400),0.661700 (0.578700 + 0.083000),0.815100 (0.731700 + 0.083400),0.815100 (0.731700 + 0.083400),0.635600 (0.552600 + 0.083000),0.678100 (0.594900 + 0.083200),0.815100 (0.731700 + 0.083400),0.725900 (0.642600 + 0.083300),0.815100 (0.731700 + 0.083400),0.807900 (0.724500 + 0.083400),0.663500 (0.580500 + 0.083000),0.815100 (0.731700 + 0.083400),0.635900 (0.552600 + 0.083300),0.601600 (0.518400 + 0.083200),0.676300 (0.593100 + 0.083200),0.590900 (0.507600 + 0.083300),0.815100 (0.731700 + 0.083400),0.815100 (0.731700 + 0.083400),0.680100 (0.596700 + 0.083400),0.815100 (0.731700 + 0.083400),0.815100 (0.731700 + 0.083400),0.815100 (0.731700 + 0.083400),0.815100 (0.731700 + 0.083400),0.815100 (0.731700 + 0.083400),0.815100 (0.731700 + 0.083400),0.577400 (0.494100 + 0.083300),0.605500 (0.522000 + 0.083500),0.815100 (0.731700 + 0.083400),0.800700 (0.717300 + 0.083400),0.623200 (0.540000 + 0.083200),0.712400 (0.629100 + 0.083300),0.815100 (0.731700 + 0.083400),0.815100 (0.731700 + 0.083400),0.815100 (0.731700 + 0.083400),0.815100 (0.731700 + 0.083400),0.815100 (0.731700 + 0.083400),0.815100 (0.731700 + 0.083400),0.788000 (0.704700 + 0.083300),0.815100 (0.731700 + 0.083400),0.627700 (0.544500 + 0.083200),0.815100 (0.731700 + 0.083400),0.758000 (0.675000 + 0.083000),0.545600 (0.462600 + 0.083000),0.744000 (0.660600 + 0.083400),0.727700 (0.644400 + 0.083300),0.729400 (0.646200 + 0.083200),0.815100 (0.731700 + 0.083400),0.601900 (0.518400 + 0.083500)
63,0.815100 (0.731700 + 0.083400),0.815100 (0.731700 + 0.083400),0.815100 (0.731700 + 0.083400),0.815100 (0.731700 + 0.083400),0.815100 (0.731700 + 0.083400),0.815100 (0.731700 + 0.083400),0.734700 (0.651600 + 0.083100),0.711600 (0.628200 + 0.083400),0.815100 (0.731700 + 0.083400),0.815100 (0.731700 + 0.083400),0.642100 (0.558900 + 0.083200),0.815100 (0.731700 + 0.083400),0.815100 (0.731700 + 0.083400),0.734900 (0.651600 + 0.083300),0.804300 (0.720900 + 0.083400),0.815100 (0.731700 + 0.083400),0.615300 (0.531900 + 0.083400),0.815100 (0.731700 + 0.083400),0.815100 (0.731700 + 0.083400),0.815100 (0.731700 + 0.083400),0.815100 (0.731700 + 0.083400),0.815100 (0.731700 + 0.083400),0.558400 (0.475200 + 0.083200),0.815100 (0.731700 + 0.083400),0.684200 (0.601200 + 0.083000),0.815100 (0.731700 + 0.083400),0.629600 (0.546300 + 0.083300),0.815100 (0.731700 + 0.083400),0.733100 (0.649800 + 0.083300),0.623000 (0.540000 + 0.083000),0.712400 (0.629100 + 0.083300),0.807900 (0.724500 + 0.083400),0.815100 (0.731700 + 0.083400),0.815100 (0.731700 + 0.083400),0.807900 (0.724500 + 0.083400),0.777300 (0.693900 + 0.083400),0.651000 (0.567900 + 0.083100),0.815100 (0.731700 + 0.083400),0.690600 (0.607500 + 0.083100),0.815100 (0.731700 + 0.083400),0.558400 (0.475200 + 0.083200),0.815100 (0.731700 + 0.083400),0.637700 (0.554400 + 0.083300),0.815100 (0.731700 + 0.083400),0.815100 (0.731700 + 0.083400),0.815100 (0.731700 + 0.083400),0.694900 (0.612000 + 0.082900),0.711400 (0.628200 + 0.083200),0.815100 (0.731700 + 0.083400),0.815100 (0.731700 + 0.083400),0.597100 (0.513900 + 0.083200),0.815100 (0.731700 + 0.083400),0.727700 (0.644400 + 0.083300),0.789900 (0.706500 + 0.083400),0.769200 (0.685800 + 0.083400),0.808700 (0.725400 + 0.083300),0.754600 (0.671400 + 0.083200),0.815100 (0.731700 + 0.083400),0.815100 (0.731700 + 0.083400),0.708700 (0.625500 + 0.083200),0.595300 (0.512100 + 0.083200),0.815100 (0.731700 + 0.083400),0.815100 (0.731700 + 0.083400),0.815100 (0.731700 + 0.083400),0.711800 (0.628200 + 0.083600),0.809700 (0.726300 + 0.083400),0.815100 (0.731700 + 0.083400),0.815100 (0.731700 + 0.083400),0.815100 (0.731700 + 0.083400),0.687000 (0.603900 + 0.083100),0.598800 (0.515700 + 0.083100),0.681000 (0.597600 + 0.083400),0.607100 (0.523800 + 0.083300),0.815100 (0.731700 + 0.083400),0.815100 (0.731700 + 0.083400),0.815100 (0.731700 + 0.083400),0.815100 (0.731700 + 0.083400),0.675400 (0.592200 + 0.083200),0.642100 (0.558900 + 0.083200),0.815100 (0.731700 + 0.083400),0.815100 (0.731700 + 0.083400),0.815100 (0.731700 + 0.083400),0.815100 (0.731700 + 0.083400),0.815100 (0.731700 + 0.083400),0.631300 (0.548100 + 0.083200),0.815100 (0.731700 + 0.083400),0.725900 (0.642600 + 0.083300),0.815100 (0.731700 + 0.083400),0.815100 (0.731700 + 0.083400),0.815100 (0.731700 + 0.083400),0.815100 (0.731700 + 0.083400),0.815100 (0.731700 + 0.083400),0.815100 (0.731700 + 0.083400),0.713400 (0.630000 + 0.083400),0.815100 (0.731700 + 0.083400),0.673600 (0.590400 + 0.083200),0.629500 (0.546300 + 0.083200),0.732400 (0.648900 + 0.083500),0.815100 (0.731700 + 0.083400),0.815100 (0.731700 + 0.083400)
64,0.815100 (0.731700 + 0.083400),0.815100 (0.731700 + 0.083400),0.815100 (0.731700 + 0.083400),0.815100 (0.731700 + 0.083400),0.815100 (0.731700 + 0.083400),0.810600 (0.727200 + 0.083400),0.658300 (0.575100 + 0.083200),0.815100 (0.731700 + 0.083400),0.815100 (0.731700 + 0.083400),0.815100 (0.731700 + 0.083400),0.777300 (0.693900 + 0.083400),0.724000 (0.640800 + 0.083200),0.815100 (0.731700 + 0.083400),0.815100 (0.731700 + 0.083400),0.526100 (0.442800 + 0.083300),0.747400 (0.664200 + 0.083200),0.803300 (0.720000 + 0.083300),0.616600 (0.533700 + 0.082900),0.815100 (0.731700 + 0.083400),0.529500 (0.446400 + 0.083100),0.759000 (0.675900 + 0.083100),0.815100 (0.731700 + 0.083400),0.815100 (0.731700 + 0.083400),0.622100 (0.539100 + 0.083000),0.815100 (0.731700 + 0.083400),0.815100 (0.731700 + 0.083400),0.815100 (0.731700 + 0.083400),0.815100 (0.731700 + 0.083400),0.605700 (0.522900 + 0.082800),0.683600 (0.600300 + 0.083300),0.662800 (0.579600 + 0.083200),0.815100 (0.731700 + 0.083400),0.684200 (0.601200 + 0.083000),0.803400 (0.720000 + 0.083400),0.738500 (0.655200 + 0.083300),0.590300 (0.506700 + 0.083600),0.815100 (0.731700 + 0.083400),0.590100 (0.506700 + 0.083400),0.697100 (0.613800 + 0.083300),0.686300 (0.603000 + 0.083300),0.815100 (0.731700 + 0.083400),0.796900 (0.713700 + 0.083200),0.703300 (0.620100 + 0.083200),0.749400 (0.666000 + 0.083400),0.692900 (0.609300 + 0.083600),0.815100 (0.731700 + 0.083400),0.815100 (0.731700 + 0.083400),0.619400 (0.536400 + 0.083000),0.743500 (0.660600 + 0.082900),0.815100 (0.731700 + 0.083400),0.815100 (0.731700 + 0.083400),0.740300 (0.657000 + 0.083300),0.815100 (0.731700 + 0.083400),0.815100 (0.731700 + 0.083400),0.720200 (0.637200 + 0.083000),0.815100 (0.731700 + 0.083400),0.815100 (0.731700 + 0.083400),0.815100 (0.731700 + 0.083400),0.815100 (0.731700 + 0.083400),0.808700 (0.725400 + 0.083300),0.807900 (0.724500 + 0.083400),0.815100 (0.731700 + 0.083400),0.815100 (0.731700 + 0.083400),0.815100 (0.731700 + 0.083400),0.815100 (0.731700 + 0.083400),0.815100 (0.731700 + 0.083400),0.815100 (0.731700 + 0.083400),0.678000 (0.594900 + 0.083100),0.815100 (0.731700 + 0.083400),0.815100 (0.731700 + 0.083400),0.815100 (0.731700 + 0.083400),0.722500 (0.639000 + 0.083500),0.815100 (0.731700 + 0.083400),0.815100 (0.731700 + 0.083400),0.815100 (0.731700 + 0.083400),0.552800 (0.469800 + 0.083000),0.717000 (0.633600 + 0.083400),0.815100 (0.731700 + 0.083400),0.581600 (0.498600 + 0.083000),0.748400 (0.665100 + 0.083300),0.772900 (0.689400 + 0.083500),0.815100 (0.731700 + 0.083400),0.815100 (0.731700 + 0.083400),0.815100 (0.731700 + 0.083400),0.804300 (0.720900 + 0.083400),0.815100 (0.731700 + 0.083400),0.815100 (0.731700 + 0.083400),0.608800 (0.525600 + 0.083200),0.729400 (0.646200 + 0.083200),0.815100 (0.731700 + 0.083400),0.815100 (0.731700 + 0.083400),0.815100 (0.731700 + 0.083400),0.815100 (0.731700 + 0.083400),0.815100 (0.731700 + 0.083400),0.815100 (0.731700 + 0.083400),0.570600 (0.487800 + 0.082800),0.797100 (0.713700 + 0.083400),0.630300 (0.547200 + 0.083100),0.699800 (0.616500 + 0.083300),0.677300 (0.594000 + 0.083300)
65,0.815100 (0.731700 + 0.083400),0.815100 (0.731700 + 0.083400),0.815100 (0.731700 + 0.083400),0.815100 (0.731700 + 0.083400),0.815100 (0.731700 + 0.083400),0.639500 (0.556200 + 0.083300),0.797100 (0.713700 + 0.083400),0.815100 (0.731700 + 0.083400),0.815100 (0.731700 + 0.083400),0.740900 (0.657900 + 0.083000),0.630300 (0.547200 + 0.083100),0.815100 (0.731700 + 0.083400),0.815100 (0.731700 + 0.083400),0.747400 (0.664200 + 0.083200),0.683600 (0.600300 + 0.083300),0.815100 (0.731700 + 0.083400),0.815100 (0.731700 + 0.083400),0.710400 (0.627300 + 0.083100),0.815100 (0.731700 + 0.083400),0.815100 (0.731700 + 0.083400),0.685300 (0.602100 + 0.083200),0.677100 (0.594000 + 0.083100),0.684200 (0.601200 + 0.083000),0.663000 (0.579600 + 0.083400),0.695200 (0.612000 + 0.083200),0.815100 (0.731700 + 0.083400),0.699800 (0.616500 + 0.083300),0.815100 (0.731700 + 0.083400),0.815100 (0.731700 + 0.083400),0.777300 (0.693900 + 0.083400),0.815100 (0.731700 + 0.083400),0.815100 (0.731700 + 0.083400),0.815100 (0.731700 + 0.083400),0.637600 (0.554400 + 0.083200),0.815100 (0.731700 + 0.083400),0.815100 (0.731700 + 0.083400),0.815100 (0.731700 + 0.083400),0.513200 (0.430200 + 0.083000),0.752000 (0.668700 + 0.083300),0.689100 (0.605700 + 0.083400),0.815100 (0.731700 + 0.083400),0.803400 (0.720000 + 0.083400),0.615300 (0.531900 + 0.083400),0.753700 (0.670500 + 0.083200),0.615300 (0.531900 + 0.083400),0.815100 (0.731700 + 0.083400),0.815100 (0.731700 + 0.083400),0.815100 (0.731700 + 0.083400),0.565500 (0.482400 + 0.083100),0.668300 (0.585000 + 0.083300),0.815100 (0.731700 + 0.083400),0.815100 (0.731700 + 0.083400),0.594400 (0.511200 + 0.083200),0.694500 (0.611100 + 0.083400),0.799100 (0.715500 + 0.083600),0.815100 (0.731700 + 0.083400),0.815100 (0.731700 + 0.083400),0.676900 (0.594000 + 0.082900),0.716200 (0.632700 + 0.083500),0.752600 (0.669600 + 0.083000),0.815100 (0.731700 + 0.083400),0.768300 (0.684900 + 0.083400),0.742400 (0.658800 + 0.083600),0.815100 (0.731700 + 0.083400),0.815100 (0.731700 + 0.083400),0.650900 (0.567900 + 0.083000),0.700500 (0.617400 + 0.083100),0.637900 (0.554400 + 0.083500),0.680900 (0.597600 + 0.083300),0.815100 (0.731700 + 0.083400),0.563300 (0.480600 + 0.082700),0.647600 (0.564300 + 0.083300),0.815100 (0.731700 + 0.083400),0.700800 (0.617400 + 0.083400),0.628900 (0.546300 + 0.082600),0.714100 (0.630900 + 0.083200),0.815100 (0.731700 + 0.083400),0.807900 (0.724500 + 0.083400),0.815100 (0.731700 + 0.083400),0.815100 (0.731700 + 0.083400),0.815100 (0.731700 + 0.083400),0.815100 (0.731700 + 0.083400),0.803400 (0.720000 + 0.083400),0.815100 (0.731700 + 0.083400),0.815100 (0.731700 + 0.083400),0.693600 (0.610200 + 0.083400),0.679900 (0.596700 + 0.083200),0.815100 (0.731700 + 0.083400),0.815100 (0.731700 + 0.083400),0.815100 (0.731700 + 0.083400),0.815100 (0.731700 + 0.083400),0.815100 (0.731700 + 0.083400),0.597800 (0.514800 + 0.083000),0.613300 (0.530100 + 0.083200),0.705100 (0.621900 + 0.083200),0.781100 (0.697500 + 0.083600),0.760100 (0.676800 + 0.083300),0.815100 (0.731700 + 0.083400),0.815100 (0.731700 + 0.083400),0.648300 (0.565200 + 0.083100)
66,0.815100 (0.731700 + 0.083400),0.815100 (0.731700 + 0.083400),0.815100 (0.731700 + 0.083400),0.815100 (0.731700 + 0.083400),0.815100 (0.731700 + 0.083400),0.658200 (0.575100 + 0.083100),0.644700 (0.561600 + 0.083100),0.537700 (0.454500 + 0.083200),0.814300 (0.730800 + 0.083500),0.815100 (0.731700 + 0.083400),0.815100 (0.731700 + 0.083400),0.752900 (0.669600 + 0.083300),0.815100 (0.731700 + 0.083400),0.815100 (0.731700 + 0.083400),0.815100 (0.731700 + 0.083400),0.815100 (0.731700 + 0.083400),0.815100 (0.731700 + 0.083400),0.815100 (0.731700 + 0.083400),0.815100 (0.731700 + 0.083400),0.505200 (0.422100 + 0.083100),0.666500 (0.583200 + 0.083300),0.789800 (0.706500 + 0.083300),0.603300 (0.520200 + 0.083100),0.815100 (0.731700 + 0.083400),0.815100 (0.731700 + 0.083400),0.700500 (0.617400 + 0.083100),0.815100 (0.731700 + 0.083400),0.815100 (0.731700 + 0.083400),0.815100 (0.731700 + 0.083400),0.799100 (0.715500 + 0.083600),0.815100 (0.731700 + 0.083400),0.815100 (0.731700 + 0.083400),0.815100 (0.731700 + 0.083400),0.815100 (0.731700 + 0.083400),0.815100 (0.731700 + 0.083400),0.815100 (0.731700 + 0.083400),0.681900 (0.598500 + 0.083400),0.752000 (0.668700 + 0.083300),0.815100 (0.731700 + 0.083400),0.815100 (0.731700 + 0.083400),0.815100 (0.731700 + 0.083400),0.815100 (0.731700 + 0.083400),0.815100 (0.731700 + 0.083400),0.639500 (0.556200 + 0.083300),0.803400 (0.720000 + 0.083400),0.815100 (0.731700 + 0.083400),0.815100 (0.731700 + 0.083400),0.646400 (0.563400 + 0.083000),0.662500 (0.579600 + 0.082900),0.622100 (0.539100 + 0.083000),0.815100 (0.731700 + 0.083400),0.784300 (0.701100 + 0.083200),0.794400 (0.711000 + 0.083400),0.732300 (0.648900 + 0.083400),0.707100 (0.623700 + 0.083400),0.720600 (0.637200 + 0.083400),0.592400 (0.509400 + 0.083000),0.815100 (0.731700 + 0.083400),0.655800 (0.572400 + 0.083400),0.726600 (0.643500 + 0.083100),0.815100 (0.731700 + 0.083400),0.689900 (0.606600 + 0.083300),0.681800 (0.598500 + 0.083300),0.815100 (0.731700 + 0.083400),0.700500 (0.617400 + 0.083100),0.815100 (0.731700 + 0.083400),0.815100 (0.731700 + 0.083400),0.815100 (0.731700 + 0.083400),0.815100 (0.731700 + 0.083400),0.612300 (0.529200 + 0.083100),0.711500 (0.628200 + 0.083300),0.815100 (0.731700 + 0.083400),0.815100 (0.731700 + 0.083400),0.815100 (0.731700 + 0.083400),0.815100 (0.731700 + 0.083400),0.802400 (0.719100 + 0.083300),0.764400 (0.681300 + 0.083100),0.815100 (0.731700 + 0.083400),0.736700 (0.653400 + 0.083300),0.815100 (0.731700 + 0.083400),0.815100 (0.731700 + 0.083400),0.617800 (0.534600 + 0.083200),0.689100 (0.605700 + 0.083400),0.557700 (0.474300 + 0.083400),0.716200 (0.632700 + 0.083500),0.706800 (0.623700 + 0.083100),0.677400 (0.594000 + 0.083400),0.697700 (0.614700 + 0.083000),0.815100 (0.731700 + 0.083400),0.815100 (0.731700 + 0.083400),0.815100 (0.731700 + 0.083400),0.633100 (0.549900 + 0.083200),0.669900 (0.586800 + 0.083100),0.749900 (0.666900 + 0.083000),0.696000 (0.612900 + 0.083100),0.741400 (0.657900 + 0.083500),0.593100 (0.510300 + 0.082800),0.815100 (0.731700 + 0.083400),0.752000 (0.668700 + 0.083300),0.578100 (0.495000 + 0.083100)
67,0.815100 (0.731700 + 0.083400),0.815100 (0.731700 + 0.083400),0.815100 (0.731700 + 0.083400),0.815100 (0.731700 + 0.083400),0.815100 (0.731700 + 0.083400),0.578600 (0.495900 + 0.082700),0.815100 (0.731700 + 0.083400),0.815100 (0.731700 + 0.083400),0.815100 (0.731700 + 0.083400),0.815100 (0.731700 + 0.083400),0.815100 (0.731700 + 0.083400),0.784300 (0.701100 + 0.083200),0.671100 (0.587700 + 0.083400),0.815100 (0.731700 + 0.083400),0.815100 (0.731700 + 0.083400),0.815100 (0.731700 + 0.083400),0.815100 (0.731700 + 0.083400),0.815100 (0.731700 + 0.083400),0.632900 (0.549900 + 0.083000),0.736500 (0.653400 + 0.083100),0.815100 (0.731700 + 0.083400),0.774500 (0.691200 + 0.083300),0.721300 (0.638100 + 0.083200),0.815100 (0.731700 + 0.083400),0.794400 (0.711000 + 0.083400),0.815100 (0.731700 + 0.083400),0.815100 (0.731700 + 0.083400),0.522900 (0.440100 + 0.082800),0.648400 (0.565200 + 0.083200),0.815100 (0.731700 + 0.083400),0.572700 (0.489600 + 0.083100),0.815100 (0.731700 + 0.083400),0.815100 (0.731700 + 0.083400),0.815100 (0.731700 + 0.083400),0.815100 (0.731700 + 0.083400),0.752000 (0.668700 + 0.083300),0.815100 (0.731700 + 0.083400),0.815100 (0.731700 + 0.083400),0.701400 (0.618300 + 0.083100),0.815100 (0.731700 + 0.083400),0.815100 (0.731700 + 0.083400),0.815100 (0.731700 + 0.083400),0.815100 (0.731700 + 0.083400),0.815100 (0.731700 + 0.083400),0.815100 (0.731700 + 0.083400),0.815100 (0.731700 + 0.083400),0.802400 (0.719100 + 0.083300),0.815100 (0.731700 + 0.083400),0.815100 (0.731700 + 0.083400),0.815100 (0.731700 + 0.083400),0.815100 (0.731700 + 0.083400),0.815100 (0.731700 + 0.083400),0.634700 (0.551700 + 0.083000),0.815100 (0.731700 + 0.083400),0.815100 (0.731700 + 0.083400),0.815100 (0.731700 + 0.083400),0.647500 (0.564300 + 0.083200),0.815100 (0.731700 + 0.083400),0.815100 (0.731700 + 0.083400),0.640400 (0.557100 + 0.083300),0.815100 (0.731700 + 0.083400),0.728800 (0.645300 + 0.083500),0.615800 (0.532800 + 0.083000),0.815100 (0.731700 + 0.083400),0.716200 (0.632700 + 0.083500),0.815100 (0.731700 + 0.083400),0.696000 (0.612900 + 0.083100),0.815100 (0.731700 + 0.083400),0.815100 (0.731700 + 0.083400),0.815100 (0.731700 + 0.083400),0.702200 (0.619200 + 0.083000),0.815100 (0.731700 + 0.083400),0.740300 (0.657000 + 0.083300),0.815100 (0.731700 + 0.083400),0.741400 (0.657900 + 0.083500),0.815100 (0.731700 + 0.083400),0.815100 (0.731700 + 0.083400),0.815100 (0.731700 + 0.083400),0.725000 (0.641700 + 0.083300),0.657200 (0.574200 + 0.083000),0.717500 (0.634500 + 0.083000),0.815100 (0.731700 + 0.083400),0.597100 (0.513900 + 0.083200),0.815100 (0.731700 + 0.083400),0.815100 (0.731700 + 0.083400),0.815100 (0.731700 + 0.083400),0.815100 (0.731700 + 0.083400),0.788900 (0.705600 + 0.083300),0.747700 (0.664200 + 0.083500),0.815100 (0.731700 + 0.083400),0.815100 (0.731700 + 0.083400),0.787200 (0.703800 + 0.083400),0.732900 (0.649800 + 0.083100),0.815100 (0.731700 + 0.083400),0.815100 (0.731700 + 0.083400),0.815100 (0.731700 + 0.083400),0.815100 (0.731700 + 0.083400),0.815100 (0.731700 + 0.083400),0.815100 (0.731700 + 0.083400),0.815100 (0.731700 + 0.083400)
68,0.815100 (0.731700 + 0.083400),0.815100 (0.731700 + 0.083400),0.815100 (0.731700 + 0.083400),0.815100 (0.731700 + 0.083400),0.815100 (0.731700 + 0.083400),0.634900 (0.551700 + 0.083200),0.815100 (0.731700 + 0.083400),0.780800 (0.697500 + 0.083300),0.616200 (0.532800 + 0.083400),0.815100 (0.731700 + 0.083400),0.815100 (0.731700 + 0.083400),0.815100 (0.731700 + 0.083400),0.815100 (0.731700 + 0.083400),0.815100 (0.731700 + 0.083400),0.815100 (0.731700 + 0.083400),0.815100 (0.731700 + 0.083400),0.815100 (0.731700 + 0.083400),0.665500 (0.582300 + 0.083200),0.653600 (0.570600 + 0.083000),0.606600 (0.523800 + 0.082800),0.815100 (0.731700 + 0.083400),0.815100 (0.731700 + 0.083400),0.634700 (0.551700 + 0.083000),0.634200 (0.550800 + 0.083400),0.815100 (0.731700 + 0.083400),0.815100 (0.731700 + 0.083400),0.717500 (0.634500 + 0.083000),0.815100 (0.731700 + 0.083400),0.709000 (0.625500 + 0.083500),0.815100 (0.731700 + 0.083400),0.815100 (0.731700 + 0.083400),0.691300 (0.608400 + 0.082900),0.815100 (0.731700 + 0.083400),0.815100 (0.731700 + 0.083400),0.815100 (0.731700 + 0.083400),0.815100 (0.731700 + 0.083400),0.684500 (0.601200 + 0.083300),0.815100 (0.731700 + 0.083400),0.815100 (0.731700 + 0.083400),0.728700 (0.645300 + 0.083400),0.656500 (0.573300 + 0.083200),0.516800 (0.433800 + 0.083000),0.815100 (0.731700 + 0.083400),0.633000 (0.549900 + 0.083100),0.815100 (0.731700 + 0.083400),0.815100 (0.731700 + 0.083400),0.815100 (0.731700 + 0.083400),0.695000 (0.612000 + 0.083000),0.815100 (0.731700 + 0.083400),0.815100 (0.731700 + 0.083400),0.636500 (0.553500 + 0.083000),0.815100 (0.731700 + 0.083400),0.815100 (0.731700 + 0.083400),0.685300 (0.602100 + 0.083200),0.815100 (0.731700 + 0.083400),0.621300 (0.538200 + 0.083100),0.815100 (0.731700 + 0.083400),0.815100 (0.731700 + 0.083400),0.815100 (0.731700 + 0.083400),0.815100 (0.731700 + 0.083400),0.815100 (0.731700 + 0.083400),0.815100 (0.731700 + 0.083400),0.542900 (0.459900 + 0.083000),0.815100 (0.731700 + 0.083400),0.815100 (0.731700 + 0.083400),0.815100 (0.731700 + 0.083400),0.815100 (0.731700 + 0.083400),0.815100 (0.731700 + 0.083400),0.815100 (0.731700 + 0.083400),0.598200 (0.514800 + 0.083400),0.815100 (0.731700 + 0.083400),0.815100 (0.731700 + 0.083400),0.815100 (0.731700 + 0.083400),0.815100 (0.731700 + 0.083400),0.594200 (0.511200 + 0.083000),0.802400 (0.719100 + 0.083300),0.608100 (0.524700 + 0.083400),0.682500 (0.599400 + 0.083100),0.815100 (0.731700 + 0.083400),0.815100 (0.731700 + 0.083400),0.815100 (0.731700 + 0.083400),0.815100 (0.731700 + 0.083400),0.593400 (0.510300 + 0.083100),0.815100 (0.731700 + 0.083400),0.815100 (0.731700 + 0.083400),0.677100 (0.594000 + 0.083100),0.815100 (0.731700 + 0.083400),0.815100 (0.731700 + 0.083400),0.815100 (0.731700 + 0.083400),0.815100 (0.731700 + 0.083400),0.815100 (0.731700 + 0.083400),0.640100 (0.557100 + 0.083000),0.744600 (0.661500 + 0.083100),0.815100 (0.731700 + 0.083400),0.815100 (0.731700 + 0.083400),0.815100 (0.731700 + 0.083400),0.815100 (0.731700 + 0.083400),0.767500 (0.684000 + 0.083500),0.788100 (0.704700 + 0.083400),0.721200 (0.638100 + 0.083100)
69,0.815100 (0.731700 + 0.083400),0.815100 (0.731700 + 0.083400),0.815100 (0.731700 + 0.083400),0.815100 (0.731700 + 0.083400),0.815100 (0.731700 + 0.083400),0.686300 (0.603000 + 0.083300),0.815100 (0.731700 + 0.083400),0.737600 (0.654300 + 0.083300),0.815100 (0.731700 + 0.083400),0.815100 (0.731700 + 0.083400),0.815100 (0.731700 + 0.083400),0.815100 (0.731700 + 0.083400),0.815100 (0.731700 + 0.083400),0.666400 (0.583200 + 0.083200),0.643800 (0.560700 + 0.083100),0.815100 (0.731700 + 0.083400),0.815100 (0.731700 + 0.083400),0.617600 (0.534600 + 0.083000),0.815100 (0.731700 + 0.083400),0.815100 (0.731700 + 0.083400),0.676200 (0.593100 + 0.083100),0.618900 (0.535500 + 0.083400),0.815100 (0.731700 + 0.083400),0.815100 (0.731700 + 0.083400),0.815100 (0.731700 + 0.083400),0.615200 (0.531900 + 0.083300),0.815100 (0.731700 + 0.083400),0.815100 (0.731700 + 0.083400),0.815100 (0.731700 + 0.083400),0.815100 (0.731700 + 0.083400),0.815100 (0.731700 + 0.083400),0.815100 (0.731700 + 0.083400),0.815100 (0.731700 + 0.083400),0.815100 (0.731700 + 0.083400),0.716600 (0.633600 + 0.083000),0.815100 (0.731700 + 0.083400),0.678300 (0.594900 + 0.083400),0.589100 (0.505800 + 0.083300),0.815100 (0.731700 + 0.083400),0.815100 (0.731700 + 0.083400),0.815100 (0.731700 + 0.083400),0.815100 (0.731700 + 0.083400),0.815100 (0.731700 + 0.083400),0.815100 (0.731700 + 0.083400),0.614200 (0.531000 + 0.083200),0.815100 (0.731700 + 0.083400),0.815100 (0.731700 + 0.083400),0.815100 (0.731700 + 0.083400),0.815100 (0.731700 + 0.083400),0.815100 (0.731700 + 0.083400),0.815100 (0.731700 + 0.083400),0.815100 (0.731700 + 0.083400),0.815100 (0.731700 + 0.083400),0.815100 (0.731700 + 0.083400),0.815100 (0.731700 + 0.083400),0.742100 (0.658800 + 0.083300),0.726800 (0.643500 + 0.083300),0.754800 (0.671400 + 0.083400),0.570100 (0.486900 + 0.083200),0.679300 (0.595800 + 0.083500),0.669300 (0.585900 + 0.083400),0.815100 (0.731700 + 0.083400),0.672900 (0.589500 + 0.083400),0.815100 (0.731700 + 0.083400),0.815100 (0.731700 + 0.083400),0.815100 (0.731700 + 0.083400),0.815100 (0.731700 + 0.083400),0.815100 (0.731700 + 0.083400),0.815100 (0.731700 + 0.083400),0.815100 (0.731700 + 0.083400),0.815100 (0.731700 + 0.083400),0.732700 (0.649800 + 0.082900),0.771900 (0.688500 + 0.083400),0.815100 (0.731700 + 0.083400),0.815100 (0.731700 + 0.083400),0.622100 (0.539100 + 0.083000),0.690600 (0.607500 + 0.083100),0.629700 (0.546300 + 0.083400),0.515100 (0.432000 + 0.083100),0.678900 (0.595800 + 0.083100),0.657300 (0.574200 + 0.083100),0.721200 (0.638100 + 0.083100),0.672500 (0.589500 + 0.083000),0.815100 (0.731700 + 0.083400),0.725200 (0.641700 + 0.083500),0.599500 (0.516600 + 0.082900),0.707000 (0.623700 + 0.083300),0.742100 (0.658800 + 0.083300),0.673600 (0.590400 + 0.083200),0.640300 (0.557100 + 0.083200),0.815100 (0.731700 + 0.083400),0.815100 (0.731700 + 0.083400),0.672500 (0.589500 + 0.083000),0.655800 (0.572400 + 0.083400),0.815100 (0.731700 + 0.083400),0.815100 (0.731700 + 0.083400),0.815100 (0.731700 + 0.083400),0.633800 (0.550800 + 0.083000),0.696900 (0.613800 + 0.083100),0.815100 (0.731700 + 0.083400)
70,0.815100 (0.731700 + 0.083400),0.815100 (0.731700 + 0.083400),0.815100 (0.731700 + 0.083400),0.815100 (0.731700 + 0.083400),0.815100 (0.731700 + 0.083400),0.626700 (0.543600 + 0.083100),0.815100 (0.731700 + 0.083400),0.815100 (0.731700 + 0.083400),0.815100 (0.731700 + 0.083400),0.815100 (0.731700 + 0.083400),0.815100 (0.731700 + 0.083400),0.627900 (0.544500 + 0.083400),0.734800 (0.651600 + 0.083200),0.496200 (0.413100 + 0.083100),0.658300 (0.575100 + 0.083200),0.715100 (0.631800 + 0.083300),0.743000 (0.659700 + 0.083300),0.671900 (0.588600 + 0.083300),0.815100 (0.731700 + 0.083400),0.673700 (0.590400 + 0.083300),0.815100 (0.731700 + 0.083400),0.748400 (0.665100 + 0.083300),0.652000 (0.568800 + 0.083200),0.815100 (0.731700 + 0.083400),0.653900 (0.570600 + 0.083300),0.815100 (0.731700 + 0.083400),0.754200 (0.670500 + 0.083700),0.586000 (0.503100 + 0.082900),0.671700 (0.588600 + 0.083100),0.725100 (0.641700 + 0.083400),0.815100 (0.731700 + 0.083400),0.815100 (0.731700 + 0.083400),0.815100 (0.731700 + 0.083400),0.815100 (0.731700 + 0.083400),0.815100 (0.731700 + 0.083400),0.812500 (0.729000 + 0.083500),0.689600 (0.606600 + 0.083000),0.815100 (0.731700 + 0.083400),0.589400 (0.505800 + 0.083600),0.815100 (0.731700 + 0.083400),0.672500 (0.589500 + 0.083000),0.815100 (0.731700 + 0.083400),0.815100 (0.731700 + 0.083400),0.815100 (0.731700 + 0.083400),0.706200 (0.622800 + 0.083400),0.815100 (0.731700 + 0.083400),0.815100 (0.731700 + 0.083400),0.815100 (0.731700 + 0.083400),0.528400 (0.445500 + 0.082900),0.770000 (0.686700 + 0.083300),0.629000 (0.546300 + 0.082700),0.677400 (0.594000 + 0.083400),0.565500 (0.482400 + 0.083100),0.815100 (0.731700 + 0.083400),0.639700 (0.556200 + 0.083500),0.815100 (0.731700 + 0.083400),0.815100 (0.731700 + 0.083400),0.815100 (0.731700 + 0.083400),0.815100 (0.731700 + 0.083400),0.711300 (0.628200 + 0.083100),0.806100 (0.722700 + 0.083400),0.799800 (0.716400 + 0.083400),0.705200 (0.621900 + 0.083300),0.551700 (0.468900 + 0.082800),0.807900 (0.724500 + 0.083400),0.723200 (0.639900 + 0.083300),0.742100 (0.658800 + 0.083300),0.815100 (0.731700 + 0.083400),0.691500 (0.608400 + 0.083100),0.815100 (0.731700 + 0.083400),0.691400 (0.608400 + 0.083000),0.815100 (0.731700 + 0.083400),0.640400 (0.557100 + 0.083300),0.561900 (0.478800 + 0.083100),0.598900 (0.515700 + 0.083200),0.815100 (0.731700 + 0.083400),0.815100 (0.731700 + 0.083400),0.815100 (0.731700 + 0.083400),0.815100 (0.731700 + 0.083400),0.726700 (0.643500 + 0.083200),0.544800 (0.461700 + 0.083100),0.744800 (0.661500 + 0.083300),0.815100 (0.731700 + 0.083400),0.815100 (0.731700 + 0.083400),0.730200 (0.647100 + 0.083100),0.649300 (0.566100 + 0.083200),0.781100 (0.697500 + 0.083600),0.679900 (0.596700 + 0.083200),0.815100 (0.731700 + 0.083400),0.713200 (0.630000 + 0.083200),0.815100 (0.731700 + 0.083400),0.815100 (0.731700 + 0.083400),0.606900 (0.523800 + 0.083100),0.815100 (0.731700 + 0.083400),0.815100 (0.731700 + 0.083400),0.815100 (0.731700 + 0.083400),0.815100 (0.731700 + 0.083400),0.815100 (0.731700 + 0.083400),0.639300 (0.556200 + 0.083100),0.815100 (0.731700 + 0.083400)
71,0.815100 (0.731700 + 0.083400),0.815100 (0.731700 + 0.083400),0.815100 (0.731700 + 0.083400),0.815100 (0.731700 + 0.083400),0.815100 (0.731700 + 0.083400),0.813400 (0.729900 + 0.083500),0.636800 (0.553500 + 0.083300),0.815100 (0.731700 + 0.083400),0.815100 (0.731700 + 0.083400),0.815100 (0.731700 + 0.083400),0.815100 (0.731700 + 0.083400),0.815100 (0.731700 + 0.083400),0.815100 (0.731700 + 0.083400),0.672600 (0.589500 + 0.083100),0.743000 (0.659700 + 0.083300),0.815100 (0.731700 + 0.083400),0.673700 (0.590400 + 0.083300),0.644000 (0.560700 + 0.083300),0.815100 (0.731700 + 0.083400),0.815100 (0.731700 + 0.083400),0.815100 (0.731700 + 0.083400),0.815100 (0.731700 + 0.083400),0.815100 (0.731700 + 0.083400),0.815100 (0.731700 + 0.083400),0.659000 (0.576000 + 0.083000),0.548100 (0.465300 + 0.082800),0.803300 (0.720000 + 0.083300),0.806100 (0.722700 + 0.083400),0.769500 (0.685800 + 0.083700),0.815100 (0.731700 + 0.083400),0.815100 (0.731700 + 0.083400),0.614200 (0.531000 + 0.083200),0.815100 (0.731700 + 0.083400),0.815100 (0.731700 + 0.083400),0.815100 (0.731700 + 0.083400),0.815100 (0.731700 + 0.083400),0.585300 (0.502200 + 0.083100),0.642000 (0.558900 + 0.083100),0.806100 (0.722700 + 0.083400),0.674500 (0.591300 + 0.083200),0.815100 (0.731700 + 0.083400),0.815100 (0.731700 + 0.083400),0.743000 (0.659700 + 0.083300),0.815100 (0.731700 + 0.083400),0.604300 (0.521100 + 0.083200),0.746600 (0.663300 + 0.083300),0.761900 (0.678600 + 0.083300),0.695200 (0.612000 + 0.083200),0.793500 (0.710100 + 0.083400),0.744700 (0.661500 + 0.083200),0.730200 (0.647100 + 0.083100),0.646000 (0.562500 + 0.083500),0.815100 (0.731700 + 0.083400),0.815100 (0.731700 + 0.083400),0.650300 (0.567000 + 0.083300),0.709700 (0.626400 + 0.083300),0.754200 (0.670500 + 0.083700),0.815100 (0.731700 + 0.083400),0.815100 (0.731700 + 0.083400),0.731300 (0.648000 + 0.083300),0.603500 (0.520200 + 0.083300),0.773600 (0.690300 + 0.083300),0.755900 (0.672300 + 0.083600),0.637500 (0.554400 + 0.083100),0.799800 (0.716400 + 0.083400),0.815100 (0.731700 + 0.083400),0.815100 (0.731700 + 0.083400),0.653100 (0.569700 + 0.083400),0.665200 (0.582300 + 0.082900),0.815100 (0.731700 + 0.083400),0.650200 (0.567000 + 0.083200),0.680000 (0.596700 + 0.083300),0.695000 (0.612000 + 0.083000),0.642900 (0.559800 + 0.083100),0.651100 (0.567900 + 0.083200),0.815100 (0.731700 + 0.083400),0.629400 (0.546300 + 0.083100),0.723300 (0.639900 + 0.083400),0.742100 (0.658800 + 0.083300),0.815100 (0.731700 + 0.083400),0.536700 (0.453600 + 0.083100),0.815100 (0.731700 + 0.083400),0.815100 (0.731700 + 0.083400),0.815100 (0.731700 + 0.083400),0.815100 (0.731700 + 0.083400),0.750100 (0.666900 + 0.083200),0.754200 (0.670500 + 0.083700),0.629200 (0.546300 + 0.082900),0.815100 (0.731700 + 0.083400),0.777300 (0.693900 + 0.083400),0.763800 (0.680400 + 0.083400),0.658500 (0.575100 + 0.083400),0.777000 (0.693900 + 0.083100),0.815100 (0.731700 + 0.083400),0.606100 (0.522900 + 0.083200),0.815100 (0.731700 + 0.083400),0.611500 (0.528300 + 0.083200),0.815100 (0.731700 + 0.083400),0.710400 (0.627300 + 0.083100),0.815100 (0.731700 + 0.083400)
72,0.815100 (0.731700 + 0.083400),0.815100 (0.731700 + 0.083400),0.815100 (0.731700 + 0.083400),0.815100 (0.731700 + 0.083400),0.815100 (0.731700 + 0.083400),0.721300 (0.638100 + 0.083200),0.815100 (0.731700 + 0.083400),0.815100 (0.731700 + 0.083400),0.695000 (0.612000 + 0.083000),0.815100 (0.731700 + 0.083400),0.815100 (0.731700 + 0.083400),0.815100 (0.731700 + 0.083400),0.806100 (0.722700 + 0.083400),0.668000 (0.585000 + 0.083000),0.799800 (0.716400 + 0.083400),0.815100 (0.731700 + 0.083400),0.815100 (0.731700 + 0.083400),0.791800 (0.708300 + 0.083500),0.809700 (0.726300 + 0.083400),0.661100 (0.577800 + 0.083300),0.633800 (0.550800 + 0.083000),0.815100 (0.731700 + 0.083400),0.815100 (0.731700 + 0.083400),0.538600 (0.455400 + 0.083200),0.815100 (0.731700 + 0.083400),0.815100 (0.731700 + 0.083400),0.815100 (0.731700 + 0.083400),0.815100 (0.731700 + 0.083400),0.815100 (0.731700 + 0.083400),0.603700 (0.520200 + 0.083500),0.806100 (0.722700 + 0.083400),0.815100 (0.731700 + 0.083400),0.678900 (0.595800 + 0.083100),0.689600 (0.606600 + 0.083000),0.646800 (0.563400 + 0.083400),0.617900 (0.534600 + 0.083300),0.614100 (0.531000 + 0.083100),0.560000 (0.477000 + 0.083000),0.592600 (0.509400 + 0.083200),0.815100 (0.731700 + 0.083400),0.773600 (0.690300 + 0.083300),0.709800 (0.626400 + 0.083400),0.675400 (0.592200 + 0.083200),0.815100 (0.731700 + 0.083400),0.815100 (0.731700 + 0.083400),0.444600 (0.361800 + 0.082800),0.781800 (0.698400 + 0.083400),0.815100 (0.731700 + 0.083400),0.727700 (0.644400 + 0.083300),0.698000 (0.614700 + 0.083300),0.665200 (0.582300 + 0.082900),0.724900 (0.641700 + 0.083200),0.815100 (0.731700 + 0.083400),0.815100 (0.731700 + 0.083400),0.815100 (0.731700 + 0.083400),0.618400 (0.535500 + 0.082900),0.815100 (0.731700 + 0.083400),0.815100 (0.731700 + 0.083400),0.763800 (0.680400 + 0.083400),0.700600 (0.617400 + 0.083200),0.815100 (0.731700 + 0.083400),0.815100 (0.731700 + 0.083400),0.815100 (0.731700 + 0.083400),0.714200 (0.630900 + 0.083300),0.815100 (0.731700 + 0.083400),0.778000 (0.694800 + 0.083200),0.777300 (0.693900 + 0.083400),0.734800 (0.651600 + 0.083200),0.653100 (0.569700 + 0.083400),0.773500 (0.690300 + 0.083200),0.796100 (0.712800 + 0.083300),0.743000 (0.659700 + 0.083300),0.815100 (0.731700 + 0.083400),0.628800 (0.545400 + 0.083400),0.592500 (0.509400 + 0.083100),0.593400 (0.510300 + 0.083100),0.815100 (0.731700 + 0.083400),0.793500 (0.710100 + 0.083400),0.695200 (0.612000 + 0.083200),0.815100 (0.731700 + 0.083400),0.741000 (0.657900 + 0.083100),0.774600 (0.691200 + 0.083400),0.804400 (0.720900 + 0.083500),0.556300 (0.473400 + 0.082900),0.700500 (0.617400 + 0.083100),0.663900 (0.580500 + 0.083400),0.752100 (0.668700 + 0.083400),0.662100 (0.578700 + 0.083400),0.815100 (0.731700 + 0.083400),0.722100 (0.639000 + 0.083100),0.815100 (0.731700 + 0.083400),0.815100 (0.731700 + 0.083400),0.806100 (0.722700 + 0.083400),0.815100 (0.731700 + 0.083400),0.815100 (0.731700 + 0.083400),0.633400 (0.549900 + 0.083500),0.641000 (0.558000 + 0.083000),0.766500 (0.683100 + 0.083400),0.653400 (0.570600 + 0.082800),0.777100 (0.693900 + 0.083200)
73,0.815100 (0.731700 + 0.083400),0.815100 (0.731700 + 0.083400),0.815100 (0.731700 + 0.083400),0.815100 (0.731700 + 0.083400),0.815100 (0.731700 + 0.083400),0.660700 (0.577800 + 0.082900),0.803400 (0.720000 + 0.083400),0.787000 (0.703800 + 0.083200),0.703500 (0.620100 + 0.083400),0.815100 (0.731700 + 0.083400),0.815100 (0.731700 + 0.083400),0.720500 (0.637200 + 0.083300),0.815100 (0.731700 + 0.083400),0.752300 (0.669600 + 0.082700),0.722100 (0.639000 + 0.083100),0.815100 (0.731700 + 0.083400),0.815100 (0.731700 + 0.083400),0.815100 (0.731700 + 0.083400),0.815100 (0.731700 + 0.083400),0.578900 (0.495900 + 0.083000),0.621500 (0.538200 + 0.083300),0.815100 (0.731700 + 0.083400),0.815100 (0.731700 + 0.083400),0.815100 (0.731700 + 0.083400),0.815100 (0.731700 + 0.083400),0.815100 (0.731700 + 0.083400),0.809700 (0.726300 + 0.083400),0.764600 (0.681300 + 0.083300),0.719600 (0.636300 + 0.083300),0.675500 (0.592200 + 0.083300),0.815100 (0.731700 + 0.083400),0.609800 (0.526500 + 0.083300),0.810500 (0.727200 + 0.083300),0.815100 (0.731700 + 0.083400),0.815100 (0.731700 + 0.083400),0.652800 (0.569700 + 0.083100),0.652000 (0.568800 + 0.083200),0.815100 (0.731700 + 0.083400),0.815100 (0.731700 + 0.083400),0.572600 (0.489600 + 0.083000),0.815100 (0.731700 + 0.083400),0.718600 (0.635400 + 0.083200),0.815100 (0.731700 + 0.083400),0.815100 (0.731700 + 0.083400),0.815100 (0.731700 + 0.083400),0.713200 (0.630000 + 0.083200),0.788800 (0.705600 + 0.083200),0.778200 (0.694800 + 0.083400),0.681800 (0.598500 + 0.083300),0.815100 (0.731700 + 0.083400),0.773600 (0.690300 + 0.083300),0.806100 (0.722700 + 0.083400),0.587600 (0.504900 + 0.082700),0.730400 (0.647100 + 0.083300),0.741200 (0.657900 + 0.083300),0.623500 (0.540000 + 0.083500),0.700500 (0.617400 + 0.083100),0.784400 (0.701100 + 0.083300),0.714800 (0.631800 + 0.083000),0.815100 (0.731700 + 0.083400),0.815100 (0.731700 + 0.083400),0.727600 (0.644400 + 0.083200),0.698000 (0.614700 + 0.083300),0.815100 (0.731700 + 0.083400),0.694400 (0.611100 + 0.083300),0.815100 (0.731700 + 0.083400),0.695200 (0.612000 + 0.083200),0.815100 (0.731700 + 0.083400),0.754600 (0.671400 + 0.083200),0.815100 (0.731700 + 0.083400),0.815100 (0.731700 + 0.083400),0.714100 (0.630900 + 0.083200),0.772700 (0.689400 + 0.083300),0.815100 (0.731700 + 0.083400),0.815100 (0.731700 + 0.083400),0.815100 (0.731700 + 0.083400),0.724900 (0.641700 + 0.083200),0.815100 (0.731700 + 0.083400),0.694200 (0.611100 + 0.083100),0.668300 (0.585000 + 0.083300),0.799800 (0.716400 + 0.083400),0.815100 (0.731700 + 0.083400),0.815100 (0.731700 + 0.083400),0.815100 (0.731700 + 0.083400),0.804400 (0.720900 + 0.083500),0.735700 (0.652500 + 0.083200),0.612400 (0.529200 + 0.083200),0.815100 (0.731700 + 0.083400),0.815100 (0.731700 + 0.083400),0.815100 (0.731700 + 0.083400),0.666400 (0.583200 + 0.083200),0.815100 (0.731700 + 0.083400),0.815100 (0.731700 + 0.083400),0.815100 (0.731700 + 0.083400),0.652100 (0.568800 + 0.083300),0.694200 (0.611100 + 0.083100),0.796100 (0.712800 + 0.083300),0.633000 (0.549900 + 0.083100),0.815100 (0.731700 + 0.083400),0.700500 (0.617400 + 0.083100)
74,0.815100 (0.731700 + 0.083400),0.815100 (0.731700 + 0.083400),0.815100 (0.731700 + 0.083400),0.815100 (0.731700 + 0.083400),0.815100 (0.731700 + 0.083400),0.815100 (0.731700 + 0.083400),0.815100 (0.731700 + 0.083400),0.815100 (0.731700 + 0.083400),0.653000 (0.569700 + 0.083300),0.815100 (0.731700 + 0.083400),0.804400 (0.720900 + 0.083500),0.815100 (0.731700 + 0.083400),0.719600 (0.636300 + 0.083300),0.612700 (0.529200 + 0.083500),0.683700 (0.600300 + 0.083400),0.806000 (0.722700 + 0.083300),0.606200 (0.522900 + 0.083300),0.815100 (0.731700 + 0.083400),0.815100 (0.731700 + 0.083400),0.708000 (0.624600 + 0.083400),0.734800 (0.651600 + 0.083200),0.761000 (0.677700 + 0.083300),0.683500 (0.600300 + 0.083200),0.815100 (0.731700 + 0.083400),0.815100 (0.731700 + 0.083400),0.815100 (0.731700 + 0.083400),0.815100 (0.731700 + 0.083400),0.753000 (0.669600 + 0.083400),0.610300 (0.527400 + 0.082900),0.624900 (0.541800 + 0.083100),0.563600 (0.480600 + 0.083000),0.810600 (0.727200 + 0.083400),0.671500 (0.588600 + 0.082900),0.815100 (0.731700 + 0.083400),0.652000 (0.568800 + 0.083200),0.724900 (0.641700 + 0.083200),0.645300 (0.562500 + 0.082800),0.808800 (0.725400 + 0.083400),0.634300 (0.550800 + 0.083500),0.815100 (0.731700 + 0.083400),0.714800 (0.631800 + 0.083000),0.815100 (0.731700 + 0.083400),0.788800 (0.705600 + 0.083200),0.815100 (0.731700 + 0.083400),0.815100 (0.731700 + 0.083400),0.815100 (0.731700 + 0.083400),0.810500 (0.727200 + 0.083300),0.815100 (0.731700 + 0.083400),0.694200 (0.611100 + 0.083100),0.815100 (0.731700 + 0.083400),0.815100 (0.731700 + 0.083400),0.815100 (0.731700 + 0.083400),0.815100 (0.731700 + 0.083400),0.665600 (0.582300 + 0.083300),0.815100 (0.731700 + 0.083400),0.815100 (0.731700 + 0.083400),0.690600 (0.607500 + 0.083100),0.815100 (0.731700 + 0.083400),0.815100 (0.731700 + 0.083400),0.815100 (0.731700 + 0.083400),0.815100 (0.731700 + 0.083400),0.815100 (0.731700 + 0.083400),0.815100 (0.731700 + 0.083400),0.815100 (0.731700 + 0.083400),0.809700 (0.726300 + 0.083400),0.815100 (0.731700 + 0.083400),0.815100 (0.731700 + 0.083400),0.723900 (0.640800 + 0.083100),0.812400 (0.729000 + 0.083400),0.647500 (0.564300 + 0.083200),0.815100 (0.731700 + 0.083400),0.664500 (0.581400 + 0.083100),0.632100 (0.549000 + 0.083100),0.689000 (0.605700 + 0.083300),0.778200 (0.694800 + 0.083400),0.809700 (0.726300 + 0.083400),0.815100 (0.731700 + 0.083400),0.799800 (0.716400 + 0.083400),0.686300 (0.603000 + 0.083300),0.815100 (0.731700 + 0.083400),0.815100 (0.731700 + 0.083400),0.815100 (0.731700 + 0.083400),0.815100 (0.731700 + 0.083400),0.815100 (0.731700 + 0.083400),0.815100 (0.731700 + 0.083400),0.815100 (0.731700 + 0.083400),0.815100 (0.731700 + 0.083400),0.695300 (0.612000 + 0.083300),0.698800 (0.615600 + 0.083200),0.692600 (0.609300 + 0.083300),0.815100 (0.731700 + 0.083400),0.626200 (0.542700 + 0.083500),0.815100 (0.731700 + 0.083400),0.815100 (0.731700 + 0.083400),0.815100 (0.731700 + 0.083400),0.702600 (0.619200 + 0.083400),0.815100 (0.731700 + 0.083400),0.745800 (0.662400 + 0.083400),0.758400 (0.675000 + 0.083400),0.815100 (0.731700 + 0.083400)
75,0.815100 (0.731700 + 0.083400),0.815100 (0.731700 + 0.083400),0.815100 (0.731700 + 0.083400),0.815100 (0.731700 + 0.083400),0.815100 (0.731700 + 0.083400),0.815100 (0.731700 + 0.083400),0.621400 (0.538200 + 0.083200),0.815100 (0.731700 + 0.083400),0.815100 (0.731700 + 0.083400),0.815100 (0.731700 + 0.083400),0.629700 (0.546300 + 0.083400),0.653600 (0.570600 + 0.083000),0.575200 (0.492300 + 0.082900),0.656600 (0.573300 + 0.083300),0.743900 (0.660600 + 0.083300),0.655100 (0.571500 + 0.083600),0.584400 (0.501300 + 0.083100),0.678200 (0.594900 + 0.083300),0.815100 (0.731700 + 0.083400),0.777100 (0.693900 + 0.083200),0.631200 (0.548100 + 0.083100),0.815100 (0.731700 + 0.083400),0.815100 (0.731700 + 0.083400),0.815100 (0.731700 + 0.083400),0.705100 (0.621900 + 0.083200),0.639600 (0.556200 + 0.083400),0.714300 (0.630900 + 0.083400),0.815100 (0.731700 + 0.083400),0.815100 (0.731700 + 0.083400),0.815100 (0.731700 + 0.083400),0.696300 (0.612900 + 0.083400),0.815100 (0.731700 + 0.083400),0.815100 (0.731700 + 0.083400),0.799800 (0.716400 + 0.083400),0.815100 (0.731700 + 0.083400),0.815100 (0.731700 + 0.083400),0.723400 (0.639900 + 0.083500),0.815100 (0.731700 + 0.083400),0.655900 (0.572400 + 0.083500),0.815100 (0.731700 + 0.083400),0.761100 (0.677700 + 0.083400),0.815100 (0.731700 + 0.083400),0.815100 (0.731700 + 0.083400),0.683300 (0.600300 + 0.083000),0.815100 (0.731700 + 0.083400),0.815100 (0.731700 + 0.083400),0.815100 (0.731700 + 0.083400),0.687900 (0.604800 + 0.083100),0.815100 (0.731700 + 0.083400),0.705200 (0.621900 + 0.083300),0.815100 (0.731700 + 0.083400),0.815100 (0.731700 + 0.083400),0.635800 (0.552600 + 0.083200),0.815100 (0.731700 + 0.083400),0.684500 (0.601200 + 0.083300),0.773500 (0.690300 + 0.083200),0.758400 (0.675000 + 0.083400),0.666500 (0.583200 + 0.083300),0.815100 (0.731700 + 0.083400),0.666300 (0.583200 + 0.083100),0.806000 (0.722700 + 0.083300),0.648500 (0.565200 + 0.083300),0.815100 (0.731700 + 0.083400),0.815100 (0.731700 + 0.083400),0.815100 (0.731700 + 0.083400),0.815100 (0.731700 + 0.083400),0.815100 (0.731700 + 0.083400),0.815100 (0.731700 + 0.083400),0.815100 (0.731700 + 0.083400),0.815100 (0.731700 + 0.083400),0.815100 (0.731700 + 0.083400),0.815100 (0.731700 + 0.083400),0.815100 (0.731700 + 0.083400),0.815100 (0.731700 + 0.083400),0.809700 (0.726300 + 0.083400),0.815100 (0.731700 + 0.083400),0.761000 (0.677700 + 0.083300),0.815100 (0.731700 + 0.083400),0.743200 (0.659700 + 0.083500),0.707100 (0.623700 + 0.083400),0.727700 (0.644400 + 0.083300),0.815100 (0.731700 + 0.083400),0.815100 (0.731700 + 0.083400),0.815100 (0.731700 + 0.083400),0.694200 (0.611100 + 0.083100),0.815100 (0.731700 + 0.083400),0.815100 (0.731700 + 0.083400),0.780000 (0.696600 + 0.083400),0.713200 (0.630000 + 0.083200),0.617000 (0.533700 + 0.083300),0.695300 (0.612000 + 0.083300),0.815100 (0.731700 + 0.083400),0.815100 (0.731700 + 0.083400),0.815100 (0.731700 + 0.083400),0.737500 (0.654300 + 0.083200),0.815100 (0.731700 + 0.083400),0.642900 (0.559800 + 0.083100),0.815100 (0.731700 + 0.083400),0.815100 (0.731700 + 0.083400),0.815100 (0.731700 + 0.083400)
76,0.815100 (0.731700 + 0.083400),0.815100 (0.731700 + 0.083400),0.815100 (0.731700 + 0.083400),0.815100 (0.731700 + 0.083400),0.815100 (0.731700 + 0.083400),0.815100 (0.731700 + 0.083400),0.815100 (0.731700 + 0.083400),0.725800 (0.642600 + 0.083200),0.815100 (0.731700 + 0.083400),0.815100 (0.731700 + 0.083400),0.815100 (0.731700 + 0.083400),0.804200 (0.720900 + 0.083300),0.707200 (0.623700 + 0.083500),0.815100 (0.731700 + 0.083400),0.815100 (0.731700 + 0.083400),0.629600 (0.546300 + 0.083300),0.680800 (0.597600 + 0.083200),0.815100 (0.731700 + 0.083400),0.743900 (0.660600 + 0.083300),0.815100 (0.731700 + 0.083400),0.557400 (0.474300 + 0.083100),0.790800 (0.707400 + 0.083400),0.548200 (0.465300 + 0.082900),0.815100 (0.731700 + 0.083400),0.615700 (0.532800 + 0.082900),0.594200 (0.511200 + 0.083000),0.752900 (0.669600 + 0.083300),0.563800 (0.480600 + 0.083200),0.662100 (0.578700 + 0.083400),0.815100 (0.731700 + 0.083400),0.815100 (0.731700 + 0.083400),0.722200 (0.639000 + 0.083200),0.629400 (0.546300 + 0.083100),0.746000 (0.662400 + 0.083600),0.801500 (0.718200 + 0.083300),0.642300 (0.558900 + 0.083400),0.815100 (0.731700 + 0.083400),0.813500 (0.729900 + 0.083600),0.726700 (0.643500 + 0.083200),0.815100 (0.731700 + 0.083400),0.773500 (0.690300 + 0.083200),0.695200 (0.612000 + 0.083200),0.815100 (0.731700 + 0.083400),0.815100 (0.731700 + 0.083400),0.612400 (0.529200 + 0.083200),0.815100 (0.731700 + 0.083400),0.761800 (0.678600 + 0.083200),0.616900 (0.533700 + 0.083200),0.799700 (0.716400 + 0.083300),0.815100 (0.731700 + 0.083400),0.806000 (0.722700 + 0.083300),0.753800 (0.670500 + 0.083300),0.774700 (0.691200 + 0.083500),0.714200 (0.630900 + 0.083300),0.815100 (0.731700 + 0.083400),0.815100 (0.731700 + 0.083400),0.815100 (0.731700 + 0.083400),0.662700 (0.579600 + 0.083100),0.750200 (0.666900 + 0.083300),0.815100 (0.731700 + 0.083400),0.815100 (0.731700 + 0.083400),0.815100 (0.731700 + 0.083400),0.684300 (0.601200 + 0.083100),0.815100 (0.731700 + 0.083400),0.815100 (0.731700 + 0.083400),0.815100 (0.731700 + 0.083400),0.815100 (0.731700 + 0.083400),0.716800 (0.633600 + 0.083200),0.815100 (0.731700 + 0.083400),0.815100 (0.731700 + 0.083400),0.815100 (0.731700 + 0.083400),0.815100 (0.731700 + 0.083400),0.815100 (0.731700 + 0.083400),0.588100 (0.504900 + 0.083200),0.815100 (0.731700 + 0.083400),0.815100 (0.731700 + 0.083400),0.815100 (0.731700 + 0.083400),0.815100 (0.731700 + 0.083400),0.815100 (0.731700 + 0.083400),0.599100 (0.515700 + 0.083400),0.743900 (0.660600 + 0.083300),0.815100 (0.731700 + 0.083400),0.815100 (0.731700 + 0.083400),0.815100 (0.731700 + 0.083400),0.815100 (0.731700 + 0.083400),0.815100 (0.731700 + 0.083400),0.815100 (0.731700 + 0.083400),0.815100 (0.731700 + 0.083400),0.815100 (0.731700 + 0.083400),0.684500 (0.601200 + 0.083300),0.624900 (0.541800 + 0.083100),0.815100 (0.731700 + 0.083400),0.678000 (0.594900 + 0.083100),0.669600 (0.586800 + 0.082800),0.815100 (0.731700 + 0.083400),0.815100 (0.731700 + 0.083400),0.815100 (0.731700 + 0.083400),0.815100 (0.731700 + 0.083400),0.659500 (0.576000 + 0.083500),0.815100 (0.731700 + 0.083400)
77,0.815100 (0.731700 + 0.083400),0.815100 (0.731700 + 0.083400),0.815100 (0.731700 + 0.083400),0.815100 (0.731700 + 0.083400),0.815100 (0.731700 + 0.083400),0.815100 (0.731700 + 0.083400),0.815100 (0.731700 + 0.083400),0.800700 (0.717300 + 0.083400),0.590900 (0.507600 + 0.083300),0.815100 (0.731700 + 0.083400),0.634100 (0.550800 + 0.083300),0.815100 (0.731700 + 0.083400),0.773500 (0.690300 + 0.083200),0.709400 (0.626400 + 0.083000),0.643500 (0.560700 + 0.082800),0.815100 (0.731700 + 0.083400),0.815100 (0.731700 + 0.083400),0.815100 (0.731700 + 0.083400),0.815100 (0.731700 + 0.083400),0.719300 (0.636300 + 0.083000),0.815100 (0.731700 + 0.083400),0.815100 (0.731700 + 0.083400),0.806000 (0.722700 + 0.083300),0.815100 (0.731700 + 0.083400),0.599600 (0.516600 + 0.083000),0.815100 (0.731700 + 0.083400),0.815100 (0.731700 + 0.083400),0.815100 (0.731700 + 0.083400),0.815100 (0.731700 + 0.083400),0.815100 (0.731700 + 0.083400),0.512300 (0.429300 + 0.083000),0.815100 (0.731700 + 0.083400),0.815100 (0.731700 + 0.083400),0.626000 (0.542700 + 0.083300),0.609300 (0.526500 + 0.082800),0.655700 (0.572400 + 0.083300),0.801500 (0.718200 + 0.083300),0.815100 (0.731700 + 0.083400),0.815100 (0.731700 + 0.083400),0.815100 (0.731700 + 0.083400),0.815100 (0.731700 + 0.083400),0.815100 (0.731700 + 0.083400),0.752900 (0.669600 + 0.083300),0.815100 (0.731700 + 0.083400),0.815100 (0.731700 + 0.083400),0.717600 (0.634500 + 0.083100),0.643100 (0.559800 + 0.083300),0.780100 (0.696600 + 0.083500),0.740100 (0.657000 + 0.083100),0.815100 (0.731700 + 0.083400),0.815100 (0.731700 + 0.083400),0.815100 (0.731700 + 0.083400),0.815100 (0.731700 + 0.083400),0.815100 (0.731700 + 0.083400),0.813500 (0.729900 + 0.083600),0.652300 (0.568800 + 0.083500),0.815100 (0.731700 + 0.083400),0.815100 (0.731700 + 0.083400),0.815100 (0.731700 + 0.083400),0.815100 (0.731700 + 0.083400),0.815100 (0.731700 + 0.083400),0.815100 (0.731700 + 0.083400),0.642200 (0.558900 + 0.083300),0.678900 (0.595800 + 0.083100),0.815100 (0.731700 + 0.083400),0.815100 (0.731700 + 0.083400),0.633300 (0.549900 + 0.083400),0.815100 (0.731700 + 0.083400),0.815100 (0.731700 + 0.083400),0.663800 (0.580500 + 0.083300),0.815100 (0.731700 + 0.083400),0.815100 (0.731700 + 0.083400),0.815100 (0.731700 + 0.083400),0.815100 (0.731700 + 0.083400),0.815100 (0.731700 + 0.083400),0.801500 (0.718200 + 0.083300),0.700700 (0.617400 + 0.083300),0.594300 (0.511200 + 0.083100),0.698000 (0.614700 + 0.083300),0.815100 (0.731700 + 0.083400),0.716800 (0.633600 + 0.083200),0.815100 (0.731700 + 0.083400),0.650900 (0.567900 + 0.083000),0.815100 (0.731700 + 0.083400),0.568000 (0.485100 + 0.082900),0.815100 (0.731700 + 0.083400),0.623900 (0.540900 + 0.083000),0.711300 (0.628200 + 0.083100),0.815100 (0.731700 + 0.083400),0.712300 (0.629100 + 0.083200),0.815100 (0.731700 + 0.083400),0.689900 (0.606600 + 0.083300),0.641000 (0.558000 + 0.083000),0.815100 (0.731700 + 0.083400),0.815100 (0.731700 + 0.083400),0.815100 (0.731700 + 0.083400),0.580800 (0.497700 + 0.083100),0.815100 (0.731700 + 0.083400),0.679100 (0.595800 + 0.083300),0.752800 (0.669600 + 0.083200)
78,0.815100 (0.731700 + 0.083400),0.815100 (0.731700 + 0.083400),0.815100 (0.731700 + 0.083400),0.815100 (0.731700 + 0.083400),0.815100 (0.731700 + 0.083400),0.815100 (0.731700 + 0.083400),0.674000 (0.591300 + 0.082700),0.771900 (0.688500 + 0.083400),0.701600 (0.618300 + 0.083300),0.815100 (0.731700 + 0.083400),0.740100 (0.657000 + 0.083100),0.815100 (0.731700 + 0.083400),0.815100 (0.731700 + 0.083400),0.733900 (0.650700 + 0.083200),0.642700 (0.559800 + 0.082900),0.808800 (0.725400 + 0.083400),0.739000 (0.656100 + 0.082900),0.815100 (0.731700 + 0.083400),0.815100 (0.731700 + 0.083400),0.730300 (0.647100 + 0.083200),0.721700 (0.638100 + 0.083600),0.815100 (0.731700 + 0.083400),0.709400 (0.626400 + 0.083000),0.815100 (0.731700 + 0.083400),0.815100 (0.731700 + 0.083400),0.815100 (0.731700 + 0.083400),0.815100 (0.731700 + 0.083400),0.815100 (0.731700 + 0.083400),0.793400 (0.710100 + 0.083300),0.815100 (0.731700 + 0.083400),0.815100 (0.731700 + 0.083400),0.815100 (0.731700 + 0.083400),0.815100 (0.731700 + 0.083400),0.815100 (0.731700 + 0.083400),0.627700 (0.544500 + 0.083200),0.815100 (0.731700 + 0.083400),0.815100 (0.731700 + 0.083400),0.815100 (0.731700 + 0.083400),0.815100 (0.731700 + 0.083400),0.815100 (0.731700 + 0.083400),0.815100 (0.731700 + 0.083400),0.780700 (0.697500 + 0.083200),0.747600 (0.664200 + 0.083400),0.815100 (0.731700 + 0.083400),0.815100 (0.731700 + 0.083400),0.669300 (0.585900 + 0.083400),0.763700 (0.680400 + 0.083300),0.658200 (0.575100 + 0.083100),0.815100 (0.731700 + 0.083400),0.806000 (0.722700 + 0.083300),0.815100 (0.731700 + 0.083400),0.815100 (0.731700 + 0.083400),0.815100 (0.731700 + 0.083400),0.815100 (0.731700 + 0.083400),0.815100 (0.731700 + 0.083400),0.815100 (0.731700 + 0.083400),0.815100 (0.731700 + 0.083400),0.601300 (0.518400 + 0.082900),0.617000 (0.533700 + 0.083300),0.752000 (0.668700 + 0.083300),0.664400 (0.581400 + 0.083000),0.637600 (0.554400 + 0.083200),0.815100 (0.731700 + 0.083400),0.815100 (0.731700 + 0.083400),0.815100 (0.731700 + 0.083400),0.722200 (0.639000 + 0.083200),0.582600 (0.499500 + 0.083100),0.701700 (0.618300 + 0.083400),0.750300 (0.666900 + 0.083400),0.815100 (0.731700 + 0.083400),0.800700 (0.717300 + 0.083400),0.814200 (0.730800 + 0.083400),0.715100 (0.631800 + 0.083300),0.815100 (0.731700 + 0.083400),0.730900 (0.648000 + 0.082900),0.815100 (0.731700 + 0.083400),0.815100 (0.731700 + 0.083400),0.696500 (0.612900 + 0.083600),0.815100 (0.731700 + 0.083400),0.815100 (0.731700 + 0.083400),0.815100 (0.731700 + 0.083400),0.815100 (0.731700 + 0.083400),0.815100 (0.731700 + 0.083400),0.628600 (0.545400 + 0.083200),0.815100 (0.731700 + 0.083400),0.815100 (0.731700 + 0.083400),0.815100 (0.731700 + 0.083400),0.815100 (0.731700 + 0.083400),0.655900 (0.573300 + 0.082600),0.815100 (0.731700 + 0.083400),0.815100 (0.731700 + 0.083400),0.815100 (0.731700 + 0.083400),0.726600 (0.643500 + 0.083100),0.815100 (0.731700 + 0.083400),0.735100 (0.651600 + 0.083500),0.815100 (0.731700 + 0.083400),0.610400 (0.527400 + 0.083000),0.733900 (0.650700 + 0.083200),0.815100 (0.731700 + 0.083400),0.681000 (0.597600 + 0.083400)
79,0.815100 (0.731700 + 0.083400),0.815100 (0.731700 + 0.083400),0.815100 (0.731700 + 0.083400),0.815100 (0.731700 + 0.083400),0.815100 (0.731700 + 0.083400),0.698400 (0.615600 + 0.082800),0.760900 (0.677700 + 0.083200),0.815100 (0.731700 + 0.083400),0.815100 (0.731700 + 0.083400),0.815100 (0.731700 + 0.083400),0.815100 (0.731700 + 0.083400),0.815100 (0.731700 + 0.083400),0.815100 (0.731700 + 0.083400),0.815100 (0.731700 + 0.083400),0.635900 (0.552600 + 0.083300),0.815100 (0.731700 + 0.083400),0.815100 (0.731700 + 0.083400),0.664600 (0.581400 + 0.083200),0.815100 (0.731700 + 0.083400),0.815100 (0.731700 + 0.083400),0.815100 (0.731700 + 0.083400),0.676400 (0.593100 + 0.083300),0.690500 (0.607500 + 0.083000),0.815100 (0.731700 + 0.083400),0.815100 (0.731700 + 0.083400),0.815100 (0.731700 + 0.083400),0.667400 (0.584100 + 0.083300),0.668100 (0.585000 + 0.083100),0.572000 (0.488700 + 0.083300),0.815100 (0.731700 + 0.083400),0.815100 (0.731700 + 0.083400),0.815100 (0.731700 + 0.083400),0.815100 (0.731700 + 0.083400),0.815100 (0.731700 + 0.083400),0.815100 (0.731700 + 0.083400),0.735400 (0.652500 + 0.082900),0.803400 (0.720000 + 0.083400),0.815100 (0.731700 + 0.083400),0.815100 (0.731700 + 0.083400),0.815100 (0.731700 + 0.083400),0.815100 (0.731700 + 0.083400),0.815100 (0.731700 + 0.083400),0.716100 (0.632700 + 0.083400),0.815100 (0.731700 + 0.083400),0.747600 (0.664200 + 0.083400),0.815100 (0.731700 + 0.083400),0.815100 (0.731700 + 0.083400),0.769900 (0.686700 + 0.083200),0.754000 (0.670500 + 0.083500),0.815100 (0.731700 + 0.083400),0.815100 (0.731700 + 0.083400),0.815100 (0.731700 + 0.083400),0.815100 (0.731700 + 0.083400),0.815100 (0.731700 + 0.083400),0.722000 (0.639000 + 0.083000),0.786300 (0.702900 + 0.083400),0.530900 (0.448200 + 0.082700),0.815100 (0.731700 + 0.083400),0.815100 (0.731700 + 0.083400),0.815100 (0.731700 + 0.083400),0.610900 (0.527400 + 0.083500),0.595300 (0.512100 + 0.083200),0.754000 (0.670500 + 0.083500),0.815100 (0.731700 + 0.083400),0.698800 (0.615600 + 0.083200),0.815100 (0.731700 + 0.083400),0.702700 (0.619200 + 0.083500),0.815100 (0.731700 + 0.083400),0.815100 (0.731700 + 0.083400),0.815100 (0.731700 + 0.083400),0.652200 (0.568800 + 0.083400),0.815100 (0.731700 + 0.083400),0.815100 (0.731700 + 0.083400),0.815100 (0.731700 + 0.083400),0.806000 (0.722700 + 0.083300),0.815100 (0.731700 + 0.083400),0.815100 (0.731700 + 0.083400),0.815100 (0.731700 + 0.083400),0.815100 (0.731700 + 0.083400),0.815100 (0.731700 + 0.083400),0.637400 (0.554400 + 0.083000),0.771900 (0.688500 + 0.083400),0.715100 (0.631800 + 0.083300),0.815100 (0.731700 + 0.083400),0.815100 (0.731700 + 0.083400),0.769100 (0.685800 + 0.083300),0.646600 (0.563400 + 0.083200),0.815100 (0.731700 + 0.083400),0.732200 (0.648900 + 0.083300),0.618400 (0.535500 + 0.082900),0.687900 (0.604800 + 0.083100),0.815100 (0.731700 + 0.083400),0.815100 (0.731700 + 0.083400),0.815100 (0.731700 + 0.083400),0.815100 (0.731700 + 0.083400),0.700000 (0.616500 + 0.083500),0.815100 (0.731700 + 0.083400),0.815100 (0.731700 + 0.083400),0.800700 (0.717300 + 0.083400),0.815100 (0.731700 + 0.083400)
80,0.815100 (0.731700 + 0.083400),0.815100 (0.731700 + 0.083400),0.815100 (0.731700 + 0.083400),0.815100 (0.731700 + 0.083400),0.815100 (0.731700 + 0.083400),0.643000 (0.559800 + 0.083200),0.815100 (0.731700 + 0.083400),0.706900 (0.623700 + 0.083200),0.815100 (0.731700 + 0.083400),0.809600 (0.726300 + 0.083300),0.649200 (0.566100 + 0.083100),0.815100 (0.731700 + 0.083400),0.676500 (0.593100 + 0.083400),0.815100 (0.731700 + 0.083400),0.815100 (0.731700 + 0.083400),0.815100 (0.731700 + 0.083400),0.803400 (0.720000 + 0.083400),0.815100 (0.731700 + 0.083400),0.815100 (0.731700 + 0.083400),0.738400 (0.655200 + 0.083200),0.756700 (0.673200 + 0.083500),0.672000 (0.588600 + 0.083400),0.815100 (0.731700 + 0.083400),0.815100 (0.731700 + 0.083400),0.616000 (0.532800 + 0.083200),0.815100 (0.731700 + 0.083400),0.815100 (0.731700 + 0.083400),0.696100 (0.612900 + 0.083200),0.809700 (0.726300 + 0.083400),0.815100 (0.731700 + 0.083400),0.815100 (0.731700 + 0.083400),0.707700 (0.624600 + 0.083100),0.815100 (0.731700 + 0.083400),0.638300 (0.555300 + 0.083000),0.784400 (0.701100 + 0.083300),0.815100 (0.731700 + 0.083400),0.715100 (0.631800 + 0.083300),0.815100 (0.731700 + 0.083400),0.815100 (0.731700 + 0.083400),0.815100 (0.731700 + 0.083400),0.682500 (0.599400 + 0.083100),0.815100 (0.731700 + 0.083400),0.691500 (0.608400 + 0.083100),0.567300 (0.484200 + 0.083100),0.566400 (0.483300 + 0.083100),0.815100 (0.731700 + 0.083400),0.815100 (0.731700 + 0.083400),0.815100 (0.731700 + 0.083400),0.815100 (0.731700 + 0.083400),0.759200 (0.675900 + 0.083300),0.815100 (0.731700 + 0.083400),0.815100 (0.731700 + 0.083400),0.815100 (0.731700 + 0.083400),0.599800 (0.516600 + 0.083200),0.815100 (0.731700 + 0.083400),0.815100 (0.731700 + 0.083400),0.800700 (0.717300 + 0.083400),0.647500 (0.564300 + 0.083200),0.726900 (0.643500 + 0.083400),0.694700 (0.611100 + 0.083600),0.815100 (0.731700 + 0.083400),0.815100 (0.731700 + 0.083400),0.724100 (0.640800 + 0.083300),0.771900 (0.688500 + 0.083400),0.601500 (0.518400 + 0.083100),0.627600 (0.544500 + 0.083100),0.698400 (0.615600 + 0.082800),0.815100 (0.731700 + 0.083400),0.815100 (0.731700 + 0.083400),0.815100 (0.731700 + 0.083400),0.815100 (0.731700 + 0.083400),0.713200 (0.630000 + 0.083200),0.799000 (0.715500 + 0.083500),0.762800 (0.679500 + 0.083300),0.736600 (0.653400 + 0.083200),0.815100 (0.731700 + 0.083400),0.803400 (0.720000 + 0.083400),0.815100 (0.731700 + 0.083400),0.635900 (0.552600 + 0.083300),0.707500 (0.624600 + 0.082900),0.815100 (0.731700 + 0.083400),0.742900 (0.659700 + 0.083200),0.815100 (0.731700 + 0.083400),0.815100 (0.731700 + 0.083400),0.815100 (0.731700 + 0.083400),0.747600 (0.664200 + 0.083400),0.585300 (0.502200 + 0.083100),0.815100 (0.731700 + 0.083400),0.653100 (0.569700 + 0.083400),0.815100 (0.731700 + 0.083400),0.685200 (0.602100 + 0.083100),0.713300 (0.630000 + 0.083300),0.816900 (0.733500 + 0.083400),0.660300 (0.576900 + 0.083400),0.815100 (0.731700 + 0.083400),0.815100 (0.731700 + 0.083400),0.815100 (0.731700 + 0.083400),0.736600 (0.653400 + 0.083200),0.815100 (0.731700 + 0.083400),0.815100 (0.731700 + 0.083400)
81,0.816900 (0.733500 + 0.083400),0.815100 (0.731700 + 0.083400),0.815100 (0.731700 + 0.083400),0.815100 (0.731700 + 0.083400),0.815100 (0.731700 + 0.083400),0.791800 (0.708300 + 0.083500),0.623900 (0.540900 + 0.083000),0.672700 (0.589500 + 0.083200),0.815100 (0.731700 + 0.083400),0.723000 (0.639900 + 0.083100),0.614900 (0.531900 + 0.083000),0.815100 (0.731700 + 0.083400),0.756700 (0.673200 + 0.083500),0.653700 (0.570600 + 0.083100),0.671700 (0.588600 + 0.083100),0.697900 (0.614700 + 0.083200),0.716000 (0.632700 + 0.083300),0.704200 (0.621000 + 0.083200),0.803400 (0.720000 + 0.083400),0.522100 (0.439200 + 0.082900),0.815100 (0.731700 + 0.083400),0.815100 (0.731700 + 0.083400),0.815100 (0.731700 + 0.083400),0.639500 (0.556200 + 0.083300),0.589900 (0.506700 + 0.083200),0.815100 (0.731700 + 0.083400),0.672700 (0.589500 + 0.083200),0.816900 (0.733500 + 0.083400),0.815100 (0.731700 + 0.083400),0.803400 (0.720000 + 0.083400),0.549200 (0.466200 + 0.083000),0.815100 (0.731700 + 0.083400),0.815100 (0.731700 + 0.083400),0.601400 (0.518400 + 0.083000),0.749400 (0.666000 + 0.083400),0.636900 (0.553500 + 0.083400),0.815100 (0.731700 + 0.083400),0.815100 (0.731700 + 0.083400),0.816900 (0.733500 + 0.083400),0.815100 (0.731700 + 0.083400),0.742900 (0.659700 + 0.083200),0.815100 (0.731700 + 0.083400),0.620500 (0.537300 + 0.083200),0.743900 (0.660600 + 0.083300),0.576700 (0.493200 + 0.083500),0.720300 (0.637200 + 0.083100),0.815100 (0.731700 + 0.083400),0.807900 (0.724500 + 0.083400),0.685900 (0.603000 + 0.082900),0.815100 (0.731700 + 0.083400),0.815100 (0.731700 + 0.083400),0.815100 (0.731700 + 0.083400),0.689800 (0.606600 + 0.083200),0.815100 (0.731700 + 0.083400),0.815100 (0.731700 + 0.083400),0.815100 (0.731700 + 0.083400),0.803400 (0.720000 + 0.083400),0.741200 (0.657900 + 0.083300),0.813300 (0.729900 + 0.083400),0.738400 (0.655200 + 0.083200),0.788000 (0.704700 + 0.083300),0.721600 (0.638100 + 0.083500),0.695500 (0.612000 + 0.083500),0.816900 (0.733500 + 0.083400),0.705500 (0.621900 + 0.083600),0.815100 (0.731700 + 0.083400),0.815100 (0.731700 + 0.083400),0.815100 (0.731700 + 0.083400),0.809600 (0.726300 + 0.083300),0.813300 (0.729900 + 0.083400),0.591900 (0.508500 + 0.083400),0.815100 (0.731700 + 0.083400),0.736600 (0.653400 + 0.083200),0.740100 (0.657000 + 0.083100),0.809600 (0.726300 + 0.083300),0.638500 (0.555300 + 0.083200),0.653800 (0.570600 + 0.083200),0.815100 (0.731700 + 0.083400),0.716700 (0.633600 + 0.083100),0.799000 (0.715500 + 0.083500),0.554700 (0.471600 + 0.083100),0.815100 (0.731700 + 0.083400),0.815100 (0.731700 + 0.083400),0.634000 (0.550800 + 0.083200),0.809700 (0.726300 + 0.083400),0.815100 (0.731700 + 0.083400),0.697300 (0.613800 + 0.083500),0.815100 (0.731700 + 0.083400),0.815100 (0.731700 + 0.083400),0.650100 (0.567000 + 0.083100),0.815100 (0.731700 + 0.083400),0.681500 (0.598500 + 0.083000),0.815100 (0.731700 + 0.083400),0.815100 (0.731700 + 0.083400),0.747600 (0.664200 + 0.083400),0.815100 (0.731700 + 0.083400),0.815100 (0.731700 + 0.083400),0.799000 (0.715500 + 0.083500),0.815100 (0.731700 + 0.083400),0.816900 (0.733500 + 0.083400)
82,0.816900 (0.733500 + 0.083400),0.816900 (0.733500 + 0.083400),0.816900 (0.733500 + 0.083400),0.816900 (0.733500 + 0.083400),0.816900 (0.733500 + 0.083400),0.815100 (0.731700 + 0.083400),0.815100 (0.731700 + 0.083400),0.747600 (0.664200 + 0.083400),0.799000 (0.715500 + 0.083500),0.815100 (0.731700 + 0.083400),0.690700 (0.607500 + 0.083200),0.809600 (0.726300 + 0.083300),0.704200 (0.621000 + 0.083200),0.611600 (0.528300 + 0.083300),0.815100 (0.731700 + 0.083400),0.815100 (0.731700 + 0.083400),0.666200 (0.583200 + 0.083000),0.815100 (0.731700 + 0.083400),0.579900 (0.496800 + 0.083100),0.809800 (0.726300 + 0.083500),0.669100 (0.585900 + 0.083200),0.703300 (0.620100 + 0.083200),0.769100 (0.685800 + 0.083300),0.815100 (0.731700 + 0.083400),0.815100 (0.731700 + 0.083400),0.715900 (0.632700 + 0.083200),0.815100 (0.731700 + 0.083400),0.815100 (0.731700 + 0.083400),0.590800 (0.507600 + 0.083200),0.815100 (0.731700 + 0.083400),0.800700 (0.717300 + 0.083400),0.815100 (0.731700 + 0.083400),0.815100 (0.731700 + 0.083400),0.787200 (0.703800 + 0.083400),0.505900 (0.423000 + 0.082900),0.815100 (0.731700 + 0.083400),0.815100 (0.731700 + 0.083400),0.703500 (0.620100 + 0.083400),0.804400 (0.720900 + 0.083500),0.816900 (0.733500 + 0.083400),0.815100 (0.731700 + 0.083400),0.550500 (0.467100 + 0.083400),0.670200 (0.586800 + 0.083400),0.815100 (0.731700 + 0.083400),0.663600 (0.580500 + 0.083100),0.730600 (0.647100 + 0.083500),0.586900 (0.504000 + 0.082900),0.815100 (0.731700 + 0.083400),0.815100 (0.731700 + 0.083400),0.815100 (0.731700 + 0.083400),0.815100 (0.731700 + 0.083400),0.815100 (0.731700 + 0.083400),0.697900 (0.614700 + 0.083200),0.815100 (0.731700 + 0.083400),0.815100 (0.731700 + 0.083400),0.815100 (0.731700 + 0.083400),0.815100 (0.731700 + 0.083400),0.815100 (0.731700 + 0.083400),0.815100 (0.731700 + 0.083400),0.815100 (0.731700 + 0.083400),0.415800 (0.333000 + 0.082800),0.815100 (0.731700 + 0.083400),0.796200 (0.712800 + 0.083400),0.815100 (0.731700 + 0.083400),0.815100 (0.731700 + 0.083400),0.815100 (0.731700 + 0.083400),0.815100 (0.731700 + 0.083400),0.783500 (0.700200 + 0.083300),0.576300 (0.493200 + 0.083100),0.816900 (0.733500 + 0.083400),0.613100 (0.530100 + 0.083000),0.756600 (0.673200 + 0.083400),0.747600 (0.664200 + 0.083400),0.815100 (0.731700 + 0.083400),0.637200 (0.554400 + 0.082800),0.816900 (0.733500 + 0.083400),0.749400 (0.666000 + 0.083400),0.673600 (0.590400 + 0.083200),0.803400 (0.720000 + 0.083400),0.815100 (0.731700 + 0.083400),0.588000 (0.504900 + 0.083100),0.815100 (0.731700 + 0.083400),0.815100 (0.731700 + 0.083400),0.779800 (0.696600 + 0.083200),0.756700 (0.673200 + 0.083500),0.700700 (0.617400 + 0.083300),0.704200 (0.621000 + 0.083200),0.596200 (0.513000 + 0.083200),0.816900 (0.733500 + 0.083400),0.661400 (0.577800 + 0.083600),0.815100 (0.731700 + 0.083400),0.815100 (0.731700 + 0.083400),0.815100 (0.731700 + 0.083400),0.815100 (0.731700 + 0.083400),0.815100 (0.731700 + 0.083400),0.815100 (0.731700 + 0.083400),0.815100 (0.731700 + 0.083400),0.815100 (0.731700 + 0.083400),0.815100 (0.731700 + 0.083400),0.573100 (0.489600 + 0.083500)
83,0.816900 (0.733500 + 0.083400),0.816900 (0.733500 + 0.083400),0.816900 (0.733500 + 0.083400),0.816900 (0.733500 + 0.083400),0.816900 (0.733500 + 0.083400),0.815100 (0.731700 + 0.083400),0.804400 (0.720900 + 0.083500),0.783500 (0.700200 + 0.083300),0.589500 (0.506700 + 0.082800),0.600600 (0.517500 + 0.083100),0.815100 (0.731700 + 0.083400),0.815100 (0.731700 + 0.083400),0.548600 (0.465300 + 0.083300),0.678800 (0.595800 + 0.083000),0.657300 (0.574200 + 0.083100),0.815100 (0.731700 + 0.083400),0.697000 (0.613800 + 0.083200),0.691500 (0.608400 + 0.083100),0.696200 (0.612900 + 0.083300),0.622200 (0.539100 + 0.083100),0.771700 (0.688500 + 0.083200),0.799000 (0.715500 + 0.083500),0.658800 (0.576000 + 0.082800),0.815100 (0.731700 + 0.083400),0.803400 (0.720000 + 0.083400),0.671800 (0.588600 + 0.083200),0.750100 (0.666900 + 0.083200),0.815100 (0.731700 + 0.083400),0.710000 (0.626400 + 0.083600),0.815100 (0.731700 + 0.083400),0.815100 (0.731700 + 0.083400),0.816000 (0.732600 + 0.083400),0.714800 (0.631800 + 0.083000),0.816900 (0.733500 + 0.083400),0.804400 (0.720900 + 0.083500),0.815100 (0.731700 + 0.083400),0.815100 (0.731700 + 0.083400),0.815100 (0.731700 + 0.083400),0.815100 (0.731700 + 0.083400),0.815100 (0.731700 + 0.083400),0.815100 (0.731700 + 0.083400),0.708600 (0.625500 + 0.083100),0.816900 (0.733500 + 0.083400),0.734100 (0.650700 + 0.083400),0.669100 (0.585900 + 0.083200),0.815100 (0.731700 + 0.083400),0.815100 (0.731700 + 0.083400),0.816900 (0.733500 + 0.083400),0.815100 (0.731700 + 0.083400),0.816900 (0.733500 + 0.083400),0.730600 (0.647100 + 0.083500),0.815100 (0.731700 + 0.083400),0.815100 (0.731700 + 0.083400),0.815100 (0.731700 + 0.083400),0.815100 (0.731700 + 0.083400),0.609500 (0.526500 + 0.083000),0.694300 (0.611100 + 0.083200),0.708500 (0.625500 + 0.083000),0.815100 (0.731700 + 0.083400),0.682600 (0.599400 + 0.083200),0.611500 (0.528300 + 0.083200),0.647400 (0.564300 + 0.083100),0.775500 (0.692100 + 0.083400),0.815100 (0.731700 + 0.083400),0.704200 (0.621000 + 0.083200),0.815100 (0.731700 + 0.083400),0.815100 (0.731700 + 0.083400),0.616300 (0.532800 + 0.083500),0.800700 (0.717300 + 0.083400),0.673900 (0.590400 + 0.083500),0.815100 (0.731700 + 0.083400),0.652600 (0.569700 + 0.082900),0.815100 (0.731700 + 0.083400),0.720600 (0.637200 + 0.083400),0.816900 (0.733500 + 0.083400),0.815100 (0.731700 + 0.083400),0.668800 (0.585900 + 0.082900),0.815100 (0.731700 + 0.083400),0.659900 (0.576900 + 0.083000),0.815100 (0.731700 + 0.083400),0.815100 (0.731700 + 0.083400),0.680700 (0.597600 + 0.083100),0.799000 (0.715500 + 0.083500),0.707800 (0.624600 + 0.083200),0.815100 (0.731700 + 0.083400),0.649200 (0.566100 + 0.083100),0.799000 (0.715500 + 0.083500),0.815100 (0.731700 + 0.083400),0.815100 (0.731700 + 0.083400),0.815100 (0.731700 + 0.083400),0.815100 (0.731700 + 0.083400),0.816900 (0.733500 + 0.083400),0.604300 (0.521100 + 0.083200),0.815100 (0.731700 + 0.083400),0.815100 (0.731700 + 0.083400),0.710300 (0.627300 + 0.083000),0.607100 (0.523800 + 0.083300),0.815100 (0.731700 + 0.083400),0.815100 (0.731700 + 0.083400),0.690700 (0.607500 + 0.083200)
84,0.816900 (0.733500 + 0.083400),0.816900 (0.733500 + 0.083400),0.816900 (0.733500 + 0.083400),0.816900 (0.733500 + 0.083400),0.816900 (0.733500 + 0.083400),0.815100 (0.731700 + 0.083400),0.815100 (0.731700 + 0.083400),0.815100 (0.731700 + 0.083400),0.815100 (0.731700 + 0.083400),0.816900 (0.733500 + 0.083400),0.748300 (0.665100 + 0.083200),0.677100 (0.594000 + 0.083100),0.815100 (0.731700 + 0.083400),0.653000 (0.569700 + 0.083300),0.717100 (0.633600 + 0.083500),0.815100 (0.731700 + 0.083400),0.815100 (0.731700 + 0.083400),0.816900 (0.733500 + 0.083400),0.816900 (0.733500 + 0.083400),0.749500 (0.666000 + 0.083500),0.816900 (0.733500 + 0.083400),0.815100 (0.731700 + 0.083400),0.674400 (0.591300 + 0.083100),0.707000 (0.623700 + 0.083300),0.816900 (0.733500 + 0.083400),0.815100 (0.731700 + 0.083400),0.815100 (0.731700 + 0.083400),0.815100 (0.731700 + 0.083400),0.680700 (0.597600 + 0.083100),0.815100 (0.731700 + 0.083400),0.799000 (0.715500 + 0.083500),0.572600 (0.489600 + 0.083000),0.658800 (0.576000 + 0.082800),0.815100 (0.731700 + 0.083400),0.816900 (0.733500 + 0.083400),0.632400 (0.549000 + 0.083400),0.815100 (0.731700 + 0.083400),0.815100 (0.731700 + 0.083400),0.816900 (0.733500 + 0.083400),0.765400 (0.682200 + 0.083200),0.804300 (0.720900 + 0.083400),0.706000 (0.622800 + 0.083200),0.631400 (0.548100 + 0.083300),0.680700 (0.597600 + 0.083100),0.670000 (0.586800 + 0.083200),0.807000 (0.723600 + 0.083400),0.734200 (0.650700 + 0.083500),0.595100 (0.512100 + 0.083000),0.762600 (0.679500 + 0.083100),0.799000 (0.715500 + 0.083500),0.815100 (0.731700 + 0.083400),0.716700 (0.633600 + 0.083100),0.793400 (0.710100 + 0.083300),0.815100 (0.731700 + 0.083400),0.815100 (0.731700 + 0.083400),0.815100 (0.731700 + 0.083400),0.565300 (0.482400 + 0.082900),0.816900 (0.733500 + 0.083400),0.815100 (0.731700 + 0.083400),0.814100 (0.730800 + 0.083300),0.586400 (0.503100 + 0.083300),0.815100 (0.731700 + 0.083400),0.815100 (0.731700 + 0.083400),0.816900 (0.733500 + 0.083400),0.815100 (0.731700 + 0.083400),0.711400 (0.628200 + 0.083200),0.807000 (0.723600 + 0.083400),0.816900 (0.733500 + 0.083400),0.815100 (0.731700 + 0.083400),0.816900 (0.733500 + 0.083400),0.815100 (0.731700 + 0.083400),0.815100 (0.731700 + 0.083400),0.804400 (0.720900 + 0.083500),0.815100 (0.731700 + 0.083400),0.682600 (0.599400 + 0.083200),0.815100 (0.731700 + 0.083400),0.815100 (0.731700 + 0.083400),0.816900 (0.733500 + 0.083400),0.803400 (0.720000 + 0.083400),0.815100 (0.731700 + 0.083400),0.815100 (0.731700 + 0.083400),0.815100 (0.731700 + 0.083400),0.631300 (0.548100 + 0.083200),0.815100 (0.731700 + 0.083400),0.730300 (0.647100 + 0.083200),0.588600 (0.505800 + 0.082800),0.698600 (0.615600 + 0.083000),0.816000 (0.732600 + 0.083400),0.815100 (0.731700 + 0.083400),0.815100 (0.731700 + 0.083400),0.815100 (0.731700 + 0.083400),0.490400 (0.407700 + 0.082700),0.792500 (0.709200 + 0.083300),0.815100 (0.731700 + 0.083400),0.815100 (0.731700 + 0.083400),0.680200 (0.596700 + 0.083500),0.815100 (0.731700 + 0.083400),0.716800 (0.633600 + 0.083200),0.689800 (0.606600 + 0.083200),0.815100 (0.731700 + 0.083400)
85,0.816900 (0.733500 + 0.083400),0.816900 (0.733500 + 0.083400),0.816900 (0.733500 + 0.083400),0.816900 (0.733500 + 0.083400),0.816900 (0.733500 + 0.083400),0.816900 (0.733500 + 0.083400),0.645400 (0.562500 + 0.082900),0.815100 (0.731700 + 0.083400),0.792500 (0.709200 + 0.083300),0.815100 (0.731700 + 0.083400),0.679900 (0.596700 + 0.083200),0.803400 (0.720000 + 0.083400),0.815100 (0.731700 + 0.083400),0.815100 (0.731700 + 0.083400),0.803400 (0.720000 + 0.083400),0.624100 (0.540900 + 0.083200),0.626800 (0.543600 + 0.083200),0.815100 (0.731700 + 0.083400),0.784000 (0.700200 + 0.083800),0.815100 (0.731700 + 0.083400),0.815100 (0.731700 + 0.083400),0.816900 (0.733500 + 0.083400),0.815100 (0.731700 + 0.083400),0.815100 (0.731700 + 0.083400),0.643800 (0.560700 + 0.083100),0.803400 (0.720000 + 0.083400),0.815100 (0.731700 + 0.083400),0.731300 (0.648000 + 0.083300),0.780900 (0.697500 + 0.083400),0.634600 (0.551700 + 0.082900),0.689400 (0.606600 + 0.082800),0.540700 (0.457200 + 0.083500),0.815100 (0.731700 + 0.083400),0.816900 (0.733500 + 0.083400),0.815100 (0.731700 + 0.083400),0.816900 (0.733500 + 0.083400),0.815100 (0.731700 + 0.083400),0.816900 (0.733500 + 0.083400),0.815100 (0.731700 + 0.083400),0.738400 (0.655200 + 0.083200),0.733600 (0.650700 + 0.082900),0.815100 (0.731700 + 0.083400),0.815100 (0.731700 + 0.083400),0.815100 (0.731700 + 0.083400),0.816900 (0.733500 + 0.083400),0.730200 (0.647100 + 0.083100),0.759300 (0.675900 + 0.083400),0.816000 (0.732600 + 0.083400),0.702400 (0.619200 + 0.083200),0.690000 (0.606600 + 0.083400),0.737400 (0.654300 + 0.083100),0.816900 (0.733500 + 0.083400),0.815100 (0.731700 + 0.083400),0.815100 (0.731700 + 0.083400),0.816900 (0.733500 + 0.083400),0.815100 (0.731700 + 0.083400),0.680700 (0.597600 + 0.083100),0.793400 (0.710100 + 0.083300),0.533900 (0.450900 + 0.083000),0.815100 (0.731700 + 0.083400),0.659800 (0.576900 + 0.082900),0.815100 (0.731700 + 0.083400),0.642900 (0.559800 + 0.083100),0.816900 (0.733500 + 0.083400),0.589500 (0.506700 + 0.082800),0.816900 (0.733500 + 0.083400),0.815100 (0.731700 + 0.083400),0.816900 (0.733500 + 0.083400),0.815100 (0.731700 + 0.083400),0.698900 (0.615600 + 0.083300),0.795100 (0.711900 + 0.083200),0.816900 (0.733500 + 0.083400),0.815100 (0.731700 + 0.083400),0.815100 (0.731700 + 0.083400),0.698100 (0.614700 + 0.083400),0.815100 (0.731700 + 0.083400),0.815100 (0.731700 + 0.083400),0.815100 (0.731700 + 0.083400),0.815100 (0.731700 + 0.083400),0.815100 (0.731700 + 0.083400),0.815100 (0.731700 + 0.083400),0.815100 (0.731700 + 0.083400),0.807000 (0.723600 + 0.083400),0.816900 (0.733500 + 0.083400),0.816900 (0.733500 + 0.083400),0.653900 (0.570600 + 0.083300),0.816900 (0.733500 + 0.083400),0.751100 (0.667800 + 0.083300),0.649400 (0.566100 + 0.083300),0.815100 (0.731700 + 0.083400),0.815100 (0.731700 + 0.083400),0.815100 (0.731700 + 0.083400),0.793400 (0.710100 + 0.083300),0.816900 (0.733500 + 0.083400),0.815100 (0.731700 + 0.083400),0.816900 (0.733500 + 0.083400),0.609400 (0.526500 + 0.082900),0.816900 (0.733500 + 0.083400),0.691600 (0.608400 + 0.083200),0.815100 (0.731700 + 0.083400)
86,0.816900 (0.733500 + 0.083400),0.816900 (0.733500 + 0.083400),0.816900 (0.733500 + 0.083400),0.816900 (0.733500 + 0.083400),0.816900 (0.733500 + 0.083400),0.816900 (0.733500 + 0.083400),0.595100 (0.512100 + 0.083000),0.648300 (0.565200 + 0.083100),0.608500 (0.525600 + 0.082900),0.573600 (0.490500 + 0.083100),0.816900 (0.733500 + 0.083400),0.635700 (0.552600 + 0.083100),0.571800 (0.488700 + 0.083100),0.664500 (0.581400 + 0.083100),0.682800 (0.599400 + 0.083400),0.701600 (0.618300 + 0.083300),0.757500 (0.674100 + 0.083400),0.816900 (0.733500 + 0.083400),0.610700 (0.527400 + 0.083300),0.816900 (0.733500 + 0.083400),0.676500 (0.593100 + 0.083400),0.815100 (0.731700 + 0.083400),0.815100 (0.731700 + 0.083400),0.668300 (0.585000 + 0.083300),0.815100 (0.731700 + 0.083400),0.816900 (0.733500 + 0.083400),0.815100 (0.731700 + 0.083400),0.815100 (0.731700 + 0.083400),0.621300 (0.538200 + 0.083100),0.816900 (0.733500 + 0.083400),0.574700 (0.491400 + 0.083300),0.816900 (0.733500 + 0.083400),0.698900 (0.615600 + 0.083300),0.816900 (0.733500 + 0.083400),0.816900 (0.733500 + 0.083400),0.815100 (0.731700 + 0.083400),0.641900 (0.558900 + 0.083000),0.699800 (0.616500 + 0.083300),0.816900 (0.733500 + 0.083400),0.815100 (0.731700 + 0.083400),0.784000 (0.700200 + 0.083800),0.816000 (0.732600 + 0.083400),0.816000 (0.732600 + 0.083400),0.816000 (0.732600 + 0.083400),0.816000 (0.732600 + 0.083400),0.816900 (0.733500 + 0.083400),0.816900 (0.733500 + 0.083400),0.816900 (0.733500 + 0.083400),0.509700 (0.426600 + 0.083100),0.816000 (0.732600 + 0.083400),0.816000 (0.732600 + 0.083400),0.816900 (0.733500 + 0.083400),0.815100 (0.731700 + 0.083400),0.815100 (0.731700 + 0.083400),0.639500 (0.556200 + 0.083300),0.757400 (0.674100 + 0.083300),0.607700 (0.524700 + 0.083000),0.816900 (0.733500 + 0.083400),0.702400 (0.619200 + 0.083200),0.710900 (0.627300 + 0.083600),0.652100 (0.568800 + 0.083300),0.535800 (0.452700 + 0.083100),0.762000 (0.678600 + 0.083400),0.600700 (0.517500 + 0.083200),0.816900 (0.733500 + 0.083400),0.815100 (0.731700 + 0.083400),0.816900 (0.733500 + 0.083400),0.816900 (0.733500 + 0.083400),0.816900 (0.733500 + 0.083400),0.679800 (0.596700 + 0.083100),0.816000 (0.732600 + 0.083400),0.816900 (0.733500 + 0.083400),0.815100 (0.731700 + 0.083400),0.781000 (0.697500 + 0.083500),0.800900 (0.717300 + 0.083600),0.815100 (0.731700 + 0.083400),0.816900 (0.733500 + 0.083400),0.709600 (0.626400 + 0.083200),0.620500 (0.537300 + 0.083200),0.671000 (0.587700 + 0.083300),0.816900 (0.733500 + 0.083400),0.815100 (0.731700 + 0.083400),0.815100 (0.731700 + 0.083400),0.652800 (0.569700 + 0.083100),0.816900 (0.733500 + 0.083400),0.611200 (0.528300 + 0.082900),0.634600 (0.551700 + 0.082900),0.611200 (0.528300 + 0.082900),0.655500 (0.572400 + 0.083100),0.816900 (0.733500 + 0.083400),0.525800 (0.442800 + 0.083000),0.660100 (0.576900 + 0.083200),0.620500 (0.537300 + 0.083200),0.816900 (0.733500 + 0.083400),0.815100 (0.731700 + 0.083400),0.815100 (0.731700 + 0.083400),0.739100 (0.656100 + 0.083000),0.815100 (0.731700 + 0.083400),0.607400 (0.523800 + 0.083600),0.748100 (0.665100 + 0.083000)
87,0.816900 (0.733500 + 0.083400),0.816900 (0.733500 + 0.083400),0.816900 (0.733500 + 0.083400),0.816900 (0.733500 + 0.083400),0.816900 (0.733500 + 0.083400),0.816900 (0.733500 + 0.083400),0.816900 (0.733500 + 0.083400),0.633000 (0.549900 + 0.083100),0.626800 (0.543600 + 0.083200),0.667300 (0.584100 + 0.083200),0.711500 (0.628200 + 0.083300),0.816900 (0.733500 + 0.083400),0.815100 (0.731700 + 0.083400),0.667300 (0.584100 + 0.083200),0.815100 (0.731700 + 0.083400),0.671200 (0.587700 + 0.083500),0.719500 (0.636300 + 0.083200),0.682600 (0.599400 + 0.083200),0.785300 (0.702000 + 0.083300),0.816900 (0.733500 + 0.083400),0.815100 (0.731700 + 0.083400),0.625800 (0.542700 + 0.083100),0.518500 (0.435600 + 0.082900),0.816900 (0.733500 + 0.083400),0.815100 (0.731700 + 0.083400),0.816900 (0.733500 + 0.083400),0.816000 (0.732600 + 0.083400),0.752100 (0.668700 + 0.083400),0.816000 (0.732600 + 0.083400),0.816900 (0.733500 + 0.083400),0.816900 (0.733500 + 0.083400),0.815100 (0.731700 + 0.083400),0.508300 (0.425700 + 0.082600),0.640200 (0.557100 + 0.083100),0.689900 (0.606600 + 0.083300),0.816900 (0.733500 + 0.083400),0.816900 (0.733500 + 0.083400),0.815100 (0.731700 + 0.083400),0.816900 (0.733500 + 0.083400),0.816000 (0.732600 + 0.083400),0.815100 (0.731700 + 0.083400),0.816900 (0.733500 + 0.083400),0.815100 (0.731700 + 0.083400),0.613300 (0.530100 + 0.083200),0.816900 (0.733500 + 0.083400),0.815100 (0.731700 + 0.083400),0.816900 (0.733500 + 0.083400),0.778600 (0.694800 + 0.083800),0.805100 (0.721800 + 0.083300),0.816900 (0.733500 + 0.083400),0.666400 (0.583200 + 0.083200),0.816900 (0.733500 + 0.083400),0.815100 (0.731700 + 0.083400),0.816900 (0.733500 + 0.083400),0.815100 (0.731700 + 0.083400),0.718600 (0.635400 + 0.083200),0.816900 (0.733500 + 0.083400),0.641800 (0.558900 + 0.082900),0.816900 (0.733500 + 0.083400),0.756400 (0.673200 + 0.083200),0.655500 (0.572400 + 0.083100),0.705900 (0.622800 + 0.083100),0.770800 (0.687600 + 0.083200),0.815100 (0.731700 + 0.083400),0.739100 (0.656100 + 0.083000),0.816900 (0.733500 + 0.083400),0.701600 (0.618300 + 0.083300),0.622200 (0.539100 + 0.083100),0.812500 (0.729000 + 0.083500),0.534900 (0.451800 + 0.083100),0.547200 (0.464400 + 0.082800),0.717900 (0.634500 + 0.083400),0.757500 (0.674100 + 0.083400),0.816000 (0.732600 + 0.083400),0.816900 (0.733500 + 0.083400),0.698700 (0.615600 + 0.083100),0.743900 (0.660600 + 0.083300),0.816000 (0.732600 + 0.083400),0.816900 (0.733500 + 0.083400),0.707900 (0.624600 + 0.083300),0.733700 (0.650700 + 0.083000),0.816900 (0.733500 + 0.083400),0.582700 (0.499500 + 0.083200),0.816900 (0.733500 + 0.083400),0.678900 (0.595800 + 0.083100),0.816900 (0.733500 + 0.083400),0.600600 (0.517500 + 0.083100),0.537600 (0.454500 + 0.083100),0.639500 (0.556200 + 0.083300),0.692500 (0.609300 + 0.083200),0.816000 (0.732600 + 0.083400),0.780100 (0.696600 + 0.083500),0.812400 (0.729000 + 0.083400),0.791600 (0.708300 + 0.083300),0.687800 (0.604800 + 0.083000),0.816900 (0.733500 + 0.083400),0.816900 (0.733500 + 0.083400),0.816900 (0.733500 + 0.083400),0.659300 (0.576000 + 0.083300),0.816000 (0.732600 + 0.083400)
88,0.816900 (0.733500 + 0.083400),0.816900 (0.733500 + 0.083400),0.816900 (0.733500 + 0.083400),0.816900 (0.733500 + 0.083400),0.816900 (0.733500 + 0.083400),0.779100 (0.695700 + 0.083400),0.703100 (0.620100 + 0.083000),0.816000 (0.732600 + 0.083400),0.770800 (0.687600 + 0.083200),0.816900 (0.733500 + 0.083400),0.816900 (0.733500 + 0.083400),0.816000 (0.732600 + 0.083400),0.784400 (0.701100 + 0.083300),0.645500 (0.562500 + 0.083000),0.816000 (0.732600 + 0.083400),0.816900 (0.733500 + 0.083400),0.815100 (0.731700 + 0.083400),0.635000 (0.551700 + 0.083300),0.816900 (0.733500 + 0.083400),0.816900 (0.733500 + 0.083400),0.816000 (0.732600 + 0.083400),0.816900 (0.733500 + 0.083400),0.649400 (0.566100 + 0.083300),0.643300 (0.559800 + 0.083500),0.816900 (0.733500 + 0.083400),0.699800 (0.616500 + 0.083300),0.602200 (0.519300 + 0.082900),0.816900 (0.733500 + 0.083400),0.673300 (0.590400 + 0.082900),0.739100 (0.656100 + 0.083000),0.523100 (0.440100 + 0.083000),0.816900 (0.733500 + 0.083400),0.816900 (0.733500 + 0.083400),0.801600 (0.718200 + 0.083400),0.691900 (0.608400 + 0.083500),0.739400 (0.656100 + 0.083300),0.816900 (0.733500 + 0.083400),0.688200 (0.604800 + 0.083400),0.815100 (0.731700 + 0.083400),0.816000 (0.732600 + 0.083400),0.816900 (0.733500 + 0.083400),0.816900 (0.733500 + 0.083400),0.816900 (0.733500 + 0.083400),0.705100 (0.621900 + 0.083200),0.712500 (0.629100 + 0.083400),0.817800 (0.734400 + 0.083400),0.811600 (0.728100 + 0.083500),0.816900 (0.733500 + 0.083400),0.816900 (0.733500 + 0.083400),0.594300 (0.511200 + 0.083100),0.816900 (0.733500 + 0.083400),0.770800 (0.687600 + 0.083200),0.815100 (0.731700 + 0.083400),0.816900 (0.733500 + 0.083400),0.816900 (0.733500 + 0.083400),0.815100 (0.731700 + 0.083400),0.816900 (0.733500 + 0.083400),0.816900 (0.733500 + 0.083400),0.816900 (0.733500 + 0.083400),0.679000 (0.595800 + 0.083200),0.764600 (0.681300 + 0.083300),0.815100 (0.731700 + 0.083400),0.816900 (0.733500 + 0.083400),0.816900 (0.733500 + 0.083400),0.687300 (0.603900 + 0.083400),0.816900 (0.733500 + 0.083400),0.501000 (0.418500 + 0.082500),0.816000 (0.732600 + 0.083400),0.612300 (0.529200 + 0.083100),0.769000 (0.685800 + 0.083200),0.771700 (0.688500 + 0.083200),0.591000 (0.507600 + 0.083400),0.602500 (0.519300 + 0.083200),0.816900 (0.733500 + 0.083400),0.816900 (0.733500 + 0.083400),0.816900 (0.733500 + 0.083400),0.603500 (0.520200 + 0.083300),0.701600 (0.618300 + 0.083300),0.584500 (0.501300 + 0.083200),0.685200 (0.602100 + 0.083100),0.697600 (0.614700 + 0.082900),0.816900 (0.733500 + 0.083400),0.688000 (0.604800 + 0.083200),0.802500 (0.719100 + 0.083400),0.741100 (0.657900 + 0.083200),0.668800 (0.585900 + 0.082900),0.634300 (0.550800 + 0.083500),0.816900 (0.733500 + 0.083400),0.816900 (0.733500 + 0.083400),0.816900 (0.733500 + 0.083400),0.712000 (0.629100 + 0.082900),0.816000 (0.732600 + 0.083400),0.815100 (0.731700 + 0.083400),0.816900 (0.733500 + 0.083400),0.686300 (0.603000 + 0.083300),0.816900 (0.733500 + 0.083400),0.815100 (0.731700 + 0.083400),0.816000 (0.732600 + 0.083400),0.816000 (0.732600 + 0.083400),0.688700 (0.605700 + 0.083000)
89,0.817800 (0.734400 + 0.083400),0.816900 (0.733500 + 0.083400),0.816900 (0.733500 + 0.083400),0.816900 (0.733500 + 0.083400),0.816900 (0.733500 + 0.083400),0.668600 (0.585900 + 0.082700),0.816900 (0.733500 + 0.083400),0.598500 (0.515700 + 0.082800),0.569800 (0.486900 + 0.082900),0.816900 (0.733500 + 0.083400),0.816900 (0.733500 + 0.083400),0.815100 (0.731700 + 0.083400),0.641200 (0.558000 + 0.083200),0.641800 (0.558900 + 0.082900),0.816900 (0.733500 + 0.083400),0.816900 (0.733500 + 0.083400),0.816900 (0.733500 + 0.083400),0.607100 (0.523800 + 0.083300),0.643900 (0.560700 + 0.083200),0.816900 (0.733500 + 0.083400),0.578100 (0.495000 + 0.083100),0.816000 (0.732600 + 0.083400),0.816000 (0.732600 + 0.083400),0.816900 (0.733500 + 0.083400),0.815100 (0.731700 + 0.083400),0.540300 (0.457200 + 0.083100),0.686300 (0.603000 + 0.083300),0.816900 (0.733500 + 0.083400),0.575400 (0.492300 + 0.083100),0.816900 (0.733500 + 0.083400),0.816900 (0.733500 + 0.083400),0.773800 (0.690300 + 0.083500),0.729300 (0.646200 + 0.083100),0.609300 (0.526500 + 0.082800),0.798800 (0.715500 + 0.083300),0.816900 (0.733500 + 0.083400),0.816900 (0.733500 + 0.083400),0.816900 (0.733500 + 0.083400),0.703100 (0.620100 + 0.083000),0.816000 (0.732600 + 0.083400),0.816900 (0.733500 + 0.083400),0.816900 (0.733500 + 0.083400),0.816900 (0.733500 + 0.083400),0.742100 (0.658800 + 0.083300),0.640500 (0.557100 + 0.083400),0.816900 (0.733500 + 0.083400),0.816000 (0.732600 + 0.083400),0.649400 (0.566100 + 0.083300),0.699500 (0.616500 + 0.083000),0.815100 (0.731700 + 0.083400),0.738600 (0.655200 + 0.083400),0.816900 (0.733500 + 0.083400),0.816000 (0.732600 + 0.083400),0.816900 (0.733500 + 0.083400),0.816900 (0.733500 + 0.083400),0.816900 (0.733500 + 0.083400),0.688900 (0.605700 + 0.083200),0.816900 (0.733500 + 0.083400),0.614200 (0.531000 + 0.083200),0.621200 (0.538200 + 0.083000),0.816900 (0.733500 + 0.083400),0.686100 (0.603000 + 0.083100),0.697600 (0.614700 + 0.082900),0.694400 (0.611100 + 0.083300),0.748300 (0.665100 + 0.083200),0.815100 (0.731700 + 0.083400),0.812500 (0.729000 + 0.083500),0.718700 (0.635400 + 0.083300),0.816900 (0.733500 + 0.083400),0.816900 (0.733500 + 0.083400),0.816000 (0.732600 + 0.083400),0.556800 (0.473400 + 0.083400),0.684400 (0.601200 + 0.083200),0.681800 (0.598500 + 0.083300),0.816900 (0.733500 + 0.083400),0.816000 (0.732600 + 0.083400),0.652000 (0.568800 + 0.083200),0.816900 (0.733500 + 0.083400),0.746600 (0.663300 + 0.083300),0.816900 (0.733500 + 0.083400),0.816000 (0.732600 + 0.083400),0.696900 (0.613800 + 0.083100),0.640300 (0.557100 + 0.083200),0.733800 (0.650700 + 0.083100),0.816900 (0.733500 + 0.083400),0.816900 (0.733500 + 0.083400),0.816900 (0.733500 + 0.083400),0.816900 (0.733500 + 0.083400),0.816900 (0.733500 + 0.083400),0.816000 (0.732600 + 0.083400),0.816000 (0.732600 + 0.083400),0.788900 (0.705600 + 0.083300),0.803300 (0.720000 + 0.083300),0.816000 (0.732600 + 0.083400),0.816900 (0.733500 + 0.083400),0.816900 (0.733500 + 0.083400),0.816900 (0.733500 + 0.083400),0.699600 (0.616500 + 0.083100),0.694300 (0.611100 + 0.083200),0.696000 (0.612900 + 0.083100)
90,0.817800 (0.734400 + 0.083400),0.816900 (0.733500 + 0.083400),0.816900 (0.733500 + 0.083400),0.816900 (0.733500 + 0.083400),0.816900 (0.733500 + 0.083400),0.816900 (0.733500 + 0.083400),0.816900 (0.733500 + 0.083400),0.816900 (0.733500 + 0.083400),0.815100 (0.731700 + 0.083400),0.710500 (0.627300 + 0.083200),0.639200 (0.556200 + 0.083000),0.652900 (0.569700 + 0.083200),0.637300 (0.554400 + 0.082900),0.816000 (0.732600 + 0.083400),0.816000 (0.732600 + 0.083400),0.816900 (0.733500 + 0.083400),0.816900 (0.733500 + 0.083400),0.816900 (0.733500 + 0.083400),0.720500 (0.637200 + 0.083300),0.815100 (0.731700 + 0.083400),0.816900 (0.733500 + 0.083400),0.816900 (0.733500 + 0.083400),0.687900 (0.604800 + 0.083100),0.515000 (0.432000 + 0.083000),0.724000 (0.640800 + 0.083200),0.816900 (0.733500 + 0.083400),0.816900 (0.733500 + 0.083400),0.660800 (0.577800 + 0.083000),0.816900 (0.733500 + 0.083400),0.727500 (0.644400 + 0.083100),0.810500 (0.727200 + 0.083300),0.816900 (0.733500 + 0.083400),0.816000 (0.732600 + 0.083400),0.723200 (0.639900 + 0.083300),0.779900 (0.696600 + 0.083300),0.713300 (0.630000 + 0.083300),0.727700 (0.644400 + 0.083300),0.816000 (0.732600 + 0.083400),0.816900 (0.733500 + 0.083400),0.816900 (0.733500 + 0.083400),0.631000 (0.548100 + 0.082900),0.745900 (0.662400 + 0.083500),0.814000 (0.730800 + 0.083200),0.816900 (0.733500 + 0.083400),0.816900 (0.733500 + 0.083400),0.675300 (0.592200 + 0.083100),0.683600 (0.600300 + 0.083300),0.816900 (0.733500 + 0.083400),0.816900 (0.733500 + 0.083400),0.816900 (0.733500 + 0.083400),0.816000 (0.732600 + 0.083400),0.816900 (0.733500 + 0.083400),0.816900 (0.733500 + 0.083400),0.704200 (0.621000 + 0.083200),0.816000 (0.732600 + 0.083400),0.816900 (0.733500 + 0.083400),0.650900 (0.567900 + 0.083000),0.816900 (0.733500 + 0.083400),0.816900 (0.733500 + 0.083400),0.816000 (0.732600 + 0.083400),0.652100 (0.568800 + 0.083300),0.816900 (0.733500 + 0.083400),0.746600 (0.663300 + 0.083300),0.622800 (0.540000 + 0.082800),0.816000 (0.732600 + 0.083400),0.704300 (0.621000 + 0.083300),0.723800 (0.640800 + 0.083000),0.644000 (0.560700 + 0.083300),0.816900 (0.733500 + 0.083400),0.816900 (0.733500 + 0.083400),0.816900 (0.733500 + 0.083400),0.816900 (0.733500 + 0.083400),0.816900 (0.733500 + 0.083400),0.816900 (0.733500 + 0.083400),0.816000 (0.732600 + 0.083400),0.674600 (0.591300 + 0.083300),0.677400 (0.594000 + 0.083400),0.812500 (0.729000 + 0.083500),0.773800 (0.690300 + 0.083500),0.551100 (0.468000 + 0.083100),0.798800 (0.715500 + 0.083300),0.816000 (0.732600 + 0.083400),0.816900 (0.733500 + 0.083400),0.627600 (0.544500 + 0.083100),0.816000 (0.732600 + 0.083400),0.816900 (0.733500 + 0.083400),0.816900 (0.733500 + 0.083400),0.816900 (0.733500 + 0.083400),0.816000 (0.732600 + 0.083400),0.694300 (0.611100 + 0.083200),0.513000 (0.430200 + 0.082800),0.634000 (0.550800 + 0.083200),0.653000 (0.569700 + 0.083300),0.816900 (0.733500 + 0.083400),0.648500 (0.565200 + 0.083300),0.723200 (0.639900 + 0.083300),0.691500 (0.608400 + 0.083100),0.816000 (0.732600 + 0.083400),0.816900 (0.733500 + 0.083400),0.742900 (0.659700 + 0.083200)
91,0.817800 (0.734400 + 0.083400),0.816900 (0.733500 + 0.083400),0.816900 (0.733500 + 0.083400),0.816900 (0.733500 + 0.083400),0.816900 (0.733500 + 0.083400),0.816900 (0.733500 + 0.083400),0.614000 (0.531000 + 0.083000),0.638700 (0.555300 + 0.083400),0.816900 (0.733500 + 0.083400),0.816900 (0.733500 + 0.083400),0.618400 (0.535500 + 0.082900),0.816900 (0.733500 + 0.083400),0.816900 (0.733500 + 0.083400),0.744000 (0.660600 + 0.083400),0.816900 (0.733500 + 0.083400),0.816900 (0.733500 + 0.083400),0.680900 (0.597600 + 0.083300),0.816900 (0.733500 + 0.083400),0.711600 (0.628200 + 0.083400),0.816000 (0.732600 + 0.083400),0.816900 (0.733500 + 0.083400),0.608500 (0.525600 + 0.082900),0.600700 (0.517500 + 0.083200),0.816900 (0.733500 + 0.083400),0.816900 (0.733500 + 0.083400),0.816900 (0.733500 + 0.083400),0.816900 (0.733500 + 0.083400),0.679000 (0.595800 + 0.083200),0.666500 (0.583200 + 0.083300),0.816900 (0.733500 + 0.083400),0.675500 (0.592200 + 0.083300),0.806900 (0.723600 + 0.083300),0.740500 (0.657000 + 0.083500),0.610700 (0.527400 + 0.083300),0.745900 (0.662400 + 0.083500),0.816900 (0.733500 + 0.083400),0.816900 (0.733500 + 0.083400),0.761100 (0.677700 + 0.083400),0.692500 (0.609300 + 0.083200),0.605000 (0.522000 + 0.083000),0.609500 (0.526500 + 0.083000),0.779900 (0.696600 + 0.083300),0.746600 (0.663300 + 0.083300),0.776400 (0.693000 + 0.083400),0.737400 (0.654300 + 0.083100),0.816900 (0.733500 + 0.083400),0.816900 (0.733500 + 0.083400),0.763700 (0.680400 + 0.083300),0.816900 (0.733500 + 0.083400),0.652800 (0.569700 + 0.083100),0.816900 (0.733500 + 0.083400),0.816900 (0.733500 + 0.083400),0.816900 (0.733500 + 0.083400),0.816900 (0.733500 + 0.083400),0.816900 (0.733500 + 0.083400),0.816900 (0.733500 + 0.083400),0.814000 (0.730800 + 0.083200),0.816000 (0.732600 + 0.083400),0.816900 (0.733500 + 0.083400),0.634600 (0.551700 + 0.082900),0.783500 (0.700200 + 0.083300),0.811500 (0.728100 + 0.083400),0.777400 (0.693900 + 0.083500),0.816900 (0.733500 + 0.083400),0.732100 (0.648900 + 0.083200),0.814000 (0.730800 + 0.083200),0.614200 (0.531000 + 0.083200),0.646600 (0.563400 + 0.083200),0.816900 (0.733500 + 0.083400),0.748200 (0.665100 + 0.083100),0.615300 (0.531900 + 0.083400),0.816900 (0.733500 + 0.083400),0.816900 (0.733500 + 0.083400),0.621400 (0.538200 + 0.083200),0.759900 (0.676800 + 0.083100),0.816900 (0.733500 + 0.083400),0.816900 (0.733500 + 0.083400),0.731300 (0.648000 + 0.083300),0.767300 (0.684000 + 0.083300),0.729300 (0.646200 + 0.083100),0.816000 (0.732600 + 0.083400),0.713000 (0.630000 + 0.083000),0.816900 (0.733500 + 0.083400),0.816900 (0.733500 + 0.083400),0.816900 (0.733500 + 0.083400),0.695300 (0.612000 + 0.083300),0.589000 (0.505800 + 0.083200),0.816900 (0.733500 + 0.083400),0.752800 (0.669600 + 0.083200),0.611500 (0.528300 + 0.083200),0.651000 (0.567900 + 0.083100),0.810500 (0.727200 + 0.083300),0.565400 (0.482400 + 0.083000),0.814000 (0.730800 + 0.083200),0.816900 (0.733500 + 0.083400),0.705900 (0.622800 + 0.083100),0.646500 (0.563400 + 0.083100),0.816900 (0.733500 + 0.083400),0.661900 (0.578700 + 0.083200),0.816900 (0.733500 + 0.083400)
92,0.817800 (0.734400 + 0.083400),0.816900 (0.733500 + 0.083400),0.816900 (0.733500 + 0.083400),0.816900 (0.733500 + 0.083400),0.816900 (0.733500 + 0.083400),0.816900 (0.733500 + 0.083400),0.814000 (0.730800 + 0.083200),0.816900 (0.733500 + 0.083400),0.816900 (0.733500 + 0.083400),0.706000 (0.622800 + 0.083200),0.741100 (0.657900 + 0.083200),0.651100 (0.567900 + 0.083200),0.810500 (0.727200 + 0.083300),0.816900 (0.733500 + 0.083400),0.816900 (0.733500 + 0.083400),0.816900 (0.733500 + 0.083400),0.731300 (0.648000 + 0.083300),0.816900 (0.733500 + 0.083400),0.816900 (0.733500 + 0.083400),0.607700 (0.524700 + 0.083000),0.809700 (0.726300 + 0.083400),0.816900 (0.733500 + 0.083400),0.816900 (0.733500 + 0.083400),0.816900 (0.733500 + 0.083400),0.817800 (0.734400 + 0.083400),0.816900 (0.733500 + 0.083400),0.816000 (0.732600 + 0.083400),0.745900 (0.662400 + 0.083500),0.816900 (0.733500 + 0.083400),0.816900 (0.733500 + 0.083400),0.575400 (0.492300 + 0.083100),0.816900 (0.733500 + 0.083400),0.816900 (0.733500 + 0.083400),0.816900 (0.733500 + 0.083400),0.816000 (0.732600 + 0.083400),0.767300 (0.684000 + 0.083300),0.657200 (0.574200 + 0.083000),0.633900 (0.550800 + 0.083100),0.816900 (0.733500 + 0.083400),0.664200 (0.581400 + 0.082800),0.740500 (0.657000 + 0.083500),0.761100 (0.677700 + 0.083400),0.677100 (0.594000 + 0.083100),0.674500 (0.591300 + 0.083200),0.654900 (0.571500 + 0.083400),0.816800 (0.733500 + 0.083300),0.569200 (0.486000 + 0.083200),0.643700 (0.560700 + 0.083000),0.657200 (0.574200 + 0.083000),0.581900 (0.498600 + 0.083300),0.811500 (0.728100 + 0.083400),0.816900 (0.733500 + 0.083400),0.811500 (0.728100 + 0.083400),0.745700 (0.662400 + 0.083300),0.687800 (0.604800 + 0.083000),0.816900 (0.733500 + 0.083400),0.816900 (0.733500 + 0.083400),0.667000 (0.584100 + 0.082900),0.748200 (0.665100 + 0.083100),0.816900 (0.733500 + 0.083400),0.675300 (0.592200 + 0.083100),0.814200 (0.730800 + 0.083400),0.691700 (0.608400 + 0.083300),0.816900 (0.733500 + 0.083400),0.816900 (0.733500 + 0.083400),0.756400 (0.673200 + 0.083200),0.740500 (0.657000 + 0.083500),0.622700 (0.540000 + 0.082700),0.671800 (0.588600 + 0.083200),0.816900 (0.733500 + 0.083400),0.816900 (0.733500 + 0.083400),0.816900 (0.733500 + 0.083400),0.559300 (0.476100 + 0.083200),0.655500 (0.572400 + 0.083100),0.816900 (0.733500 + 0.083400),0.816900 (0.733500 + 0.083400),0.669800 (0.586800 + 0.083000),0.715700 (0.632700 + 0.083000),0.610600 (0.527400 + 0.083200),0.718700 (0.635400 + 0.083300),0.598200 (0.514800 + 0.083400),0.611500 (0.528300 + 0.083200),0.776400 (0.693000 + 0.083400),0.654900 (0.571500 + 0.083400),0.816900 (0.733500 + 0.083400),0.689600 (0.606600 + 0.083000),0.806900 (0.723600 + 0.083300),0.816900 (0.733500 + 0.083400),0.816900 (0.733500 + 0.083400),0.816900 (0.733500 + 0.083400),0.817800 (0.734400 + 0.083400),0.816900 (0.733500 + 0.083400),0.816900 (0.733500 + 0.083400),0.783500 (0.700200 + 0.083300),0.816900 (0.733500 + 0.083400),0.814000 (0.730800 + 0.083200),0.492100 (0.409500 + 0.082600),0.814000 (0.730800 + 0.083200),0.574300 (0.491400 + 0.082900),0.816900 (0.733500 + 0.083400)
93,0.817800 (0.734400 + 0.083400),0.817800 (0.734400 + 0.083400),0.817800 (0.734400 + 0.083400),0.816900 (0.733500 + 0.083400),0.816900 (0.733500 + 0.083400),0.811500 (0.728100 + 0.083400),0.816900 (0.733500 + 0.083400),0.551000 (0.468000 + 0.083000),0.801500 (0.718200 + 0.083300),0.656300 (0.573300 + 0.083000),0.816900 (0.733500 + 0.083400),0.816900 (0.733500 + 0.083400),0.639300 (0.556200 + 0.083100),0.817800 (0.734400 + 0.083400),0.653100 (0.569700 + 0.083400),0.735600 (0.652500 + 0.083100),0.631100 (0.548100 + 0.083000),0.770900 (0.687600 + 0.083300),0.816900 (0.733500 + 0.083400),0.816900 (0.733500 + 0.083400),0.816900 (0.733500 + 0.083400),0.816900 (0.733500 + 0.083400),0.814000 (0.730800 + 0.083200),0.816900 (0.733500 + 0.083400),0.816900 (0.733500 + 0.083400),0.816900 (0.733500 + 0.083400),0.816900 (0.733500 + 0.083400),0.816900 (0.733500 + 0.083400),0.816900 (0.733500 + 0.083400),0.723100 (0.639900 + 0.083200),0.816900 (0.733500 + 0.083400),0.816900 (0.733500 + 0.083400),0.806900 (0.723600 + 0.083300),0.814000 (0.730800 + 0.083200),0.816900 (0.733500 + 0.083400),0.611400 (0.528300 + 0.083100),0.816900 (0.733500 + 0.083400),0.651500 (0.567900 + 0.083600),0.816900 (0.733500 + 0.083400),0.816900 (0.733500 + 0.083400),0.816900 (0.733500 + 0.083400),0.816900 (0.733500 + 0.083400),0.667000 (0.584100 + 0.082900),0.816900 (0.733500 + 0.083400),0.816900 (0.733500 + 0.083400),0.709600 (0.626400 + 0.083200),0.609800 (0.526500 + 0.083300),0.816900 (0.733500 + 0.083400),0.741100 (0.657900 + 0.083200),0.784400 (0.701100 + 0.083300),0.816900 (0.733500 + 0.083400),0.814000 (0.730800 + 0.083200),0.740500 (0.657000 + 0.083500),0.816900 (0.733500 + 0.083400),0.816900 (0.733500 + 0.083400),0.635400 (0.552600 + 0.082800),0.816900 (0.733500 + 0.083400),0.814000 (0.730800 + 0.083200),0.607300 (0.523800 + 0.083500),0.816900 (0.733500 + 0.083400),0.740500 (0.657000 + 0.083500),0.816900 (0.733500 + 0.083400),0.718700 (0.635400 + 0.083300),0.649700 (0.567000 + 0.082700),0.816900 (0.733500 + 0.083400),0.816900 (0.733500 + 0.083400),0.816900 (0.733500 + 0.083400),0.816900 (0.733500 + 0.083400),0.816900 (0.733500 + 0.083400),0.816900 (0.733500 + 0.083400),0.654900 (0.571500 + 0.083400),0.671800 (0.588600 + 0.083200),0.816900 (0.733500 + 0.083400),0.816900 (0.733500 + 0.083400),0.620600 (0.537300 + 0.083300),0.816900 (0.733500 + 0.083400),0.816900 (0.733500 + 0.083400),0.816900 (0.733500 + 0.083400),0.816900 (0.733500 + 0.083400),0.660900 (0.577800 + 0.083100),0.697000 (0.613800 + 0.083200),0.756500 (0.673200 + 0.083300),0.623300 (0.540000 + 0.083300),0.816900 (0.733500 + 0.083400),0.637400 (0.554400 + 0.083000),0.816900 (0.733500 + 0.083400),0.634000 (0.550800 + 0.083200),0.625800 (0.542700 + 0.083100),0.647500 (0.564300 + 0.083200),0.806900 (0.723600 + 0.083300),0.761100 (0.677700 + 0.083400),0.752800 (0.669600 + 0.083200),0.587600 (0.504900 + 0.082700),0.816900 (0.733500 + 0.083400),0.817800 (0.734400 + 0.083400),0.699600 (0.616500 + 0.083100),0.702300 (0.619200 + 0.083100),0.671800 (0.588600 + 0.083200),0.565500 (0.482400 + 0.083100),0.767300 (0.684000 + 0.083300)
94,0.817800 (0.734400 + 0.083400),0.817800 (0.734400 + 0.083400),0.817800 (0.734400 + 0.083400),0.817800 (0.734400 + 0.083400),0.817800 (0.734400 + 0.083400),0.816900 (0.733500 + 0.083400),0.816900 (0.733500 + 0.083400),0.797900 (0.714600 + 0.083300),0.789000 (0.705600 + 0.083400),0.598700 (0.515700 + 0.083000),0.697700 (0.614700 + 0.083000),0.661800 (0.578700 + 0.083100),0.814000 (0.730800 + 0.083200),0.734000 (0.650700 + 0.083300),0.670900 (0.587700 + 0.083200),0.817800 (0.734400 + 0.083400),0.816900 (0.733500 + 0.083400),0.806900 (0.723600 + 0.083300),0.816900 (0.733500 + 0.083400),0.664600 (0.581400 + 0.083200),0.816900 (0.733500 + 0.083400),0.669000 (0.585900 + 0.083100),0.814000 (0.730800 + 0.083200),0.817800 (0.734400 + 0.083400),0.816900 (0.733500 + 0.083400),0.817800 (0.734400 + 0.083400),0.697000 (0.613800 + 0.083200),0.646700 (0.563400 + 0.083300),0.659700 (0.576900 + 0.082800),0.551900 (0.468900 + 0.083000),0.801500 (0.718200 + 0.083300),0.671000 (0.587700 + 0.083300),0.816900 (0.733500 + 0.083400),0.817800 (0.734400 + 0.083400),0.816900 (0.733500 + 0.083400),0.806900 (0.723600 + 0.083300),0.783500 (0.700200 + 0.083300),0.816900 (0.733500 + 0.083400),0.816900 (0.733500 + 0.083400),0.816900 (0.733500 + 0.083400),0.814000 (0.730800 + 0.083200),0.816900 (0.733500 + 0.083400),0.816900 (0.733500 + 0.083400),0.817800 (0.734400 + 0.083400),0.816900 (0.733500 + 0.083400),0.634600 (0.551700 + 0.082900),0.640200 (0.557100 + 0.083100),0.670700 (0.587700 + 0.083000),0.816900 (0.733500 + 0.083400),0.816900 (0.733500 + 0.083400),0.816900 (0.733500 + 0.083400),0.768000 (0.684900 + 0.083100),0.816900 (0.733500 + 0.083400),0.707000 (0.623700 + 0.083300),0.816900 (0.733500 + 0.083400),0.814000 (0.730800 + 0.083200),0.816900 (0.733500 + 0.083400),0.816900 (0.733500 + 0.083400),0.740100 (0.657000 + 0.083100),0.676500 (0.593100 + 0.083400),0.816900 (0.733500 + 0.083400),0.816900 (0.733500 + 0.083400),0.557700 (0.474300 + 0.083400),0.703300 (0.620100 + 0.083200),0.556300 (0.473400 + 0.082900),0.786200 (0.702900 + 0.083300),0.660100 (0.576900 + 0.083200),0.816900 (0.733500 + 0.083400),0.679400 (0.596700 + 0.082700),0.567400 (0.484200 + 0.083200),0.814000 (0.730800 + 0.083200),0.709700 (0.626400 + 0.083300),0.816900 (0.733500 + 0.083400),0.678800 (0.595800 + 0.083000),0.797000 (0.713700 + 0.083300),0.817800 (0.734400 + 0.083400),0.816900 (0.733500 + 0.083400),0.816900 (0.733500 + 0.083400),0.817800 (0.734400 + 0.083400),0.816900 (0.733500 + 0.083400),0.816900 (0.733500 + 0.083400),0.816900 (0.733500 + 0.083400),0.640100 (0.557100 + 0.083000),0.816900 (0.733500 + 0.083400),0.816900 (0.733500 + 0.083400),0.798900 (0.715500 + 0.083400),0.778100 (0.694800 + 0.083300),0.816900 (0.733500 + 0.083400),0.816900 (0.733500 + 0.083400),0.816900 (0.733500 + 0.083400),0.816900 (0.733500 + 0.083400),0.814000 (0.730800 + 0.083200),0.816900 (0.733500 + 0.083400),0.816900 (0.733500 + 0.083400),0.816900 (0.733500 + 0.083400),0.647200 (0.564300 + 0.082900),0.754800 (0.671400 + 0.083400),0.750100 (0.666900 + 0.083200),0.802400 (0.719100 + 0.083300),0.816900 (0.733500 + 0.083400)
95,0.817800 (0.734400 + 0.083400),0.817800 (0.734400 + 0.083400),0.817800 (0.734400 + 0.083400),0.817800 (0.734400 + 0.083400),0.817800 (0.734400 + 0.083400),0.816900 (0.733500 + 0.083400),0.817800 (0.734400 + 0.083400),0.815900 (0.732600 + 0.083300),0.625800 (0.542700 + 0.083100),0.666100 (0.583200 + 0.082900),0.638100 (0.555300 + 0.082800),0.816900 (0.733500 + 0.083400),0.814000 (0.730800 + 0.083200),0.790500 (0.707400 + 0.083100),0.698000 (0.614700 + 0.083300),0.689700 (0.606600 + 0.083100),0.814000 (0.730800 + 0.083200),0.816900 (0.733500 + 0.083400),0.685100 (0.602100 + 0.083000),0.817800 (0.734400 + 0.083400),0.816900 (0.733500 + 0.083400),0.816900 (0.733500 + 0.083400),0.816900 (0.733500 + 0.083400),0.669100 (0.585900 + 0.083200),0.750100 (0.666900 + 0.083200),0.817800 (0.734400 + 0.083400),0.816900 (0.733500 + 0.083400),0.814000 (0.730800 + 0.083200),0.688900 (0.605700 + 0.083200),0.701700 (0.618300 + 0.083400),0.816900 (0.733500 + 0.083400),0.816900 (0.733500 + 0.083400),0.806900 (0.723600 + 0.083300),0.718400 (0.635400 + 0.083000),0.816900 (0.733500 + 0.083400),0.817800 (0.734400 + 0.083400),0.816900 (0.733500 + 0.083400),0.817800 (0.734400 + 0.083400),0.816900 (0.733500 + 0.083400),0.817800 (0.734400 + 0.083400),0.816900 (0.733500 + 0.083400),0.694200 (0.611100 + 0.083100),0.816900 (0.733500 + 0.083400),0.814000 (0.730800 + 0.083200),0.816900 (0.733500 + 0.083400),0.692500 (0.609300 + 0.083200),0.740100 (0.657000 + 0.083100),0.816900 (0.733500 + 0.083400),0.786200 (0.702900 + 0.083300),0.816900 (0.733500 + 0.083400),0.816900 (0.733500 + 0.083400),0.816900 (0.733500 + 0.083400),0.814000 (0.730800 + 0.083200),0.817800 (0.734400 + 0.083400),0.802400 (0.719100 + 0.083300),0.754600 (0.671400 + 0.083200),0.600200 (0.517500 + 0.082700),0.814000 (0.730800 + 0.083200),0.704700 (0.621900 + 0.082800),0.817800 (0.734400 + 0.083400),0.816900 (0.733500 + 0.083400),0.652900 (0.569700 + 0.083200),0.811500 (0.728100 + 0.083400),0.816900 (0.733500 + 0.083400),0.566600 (0.483300 + 0.083300),0.680700 (0.597600 + 0.083100),0.799800 (0.716400 + 0.083400),0.816900 (0.733500 + 0.083400),0.817800 (0.734400 + 0.083400),0.816900 (0.733500 + 0.083400),0.704300 (0.621000 + 0.083300),0.723000 (0.639900 + 0.083100),0.708600 (0.625500 + 0.083100),0.726600 (0.643500 + 0.083100),0.816900 (0.733500 + 0.083400),0.701400 (0.618300 + 0.083100),0.616500 (0.533700 + 0.082800),0.816900 (0.733500 + 0.083400),0.816900 (0.733500 + 0.083400),0.816900 (0.733500 + 0.083400),0.816900 (0.733500 + 0.083400),0.726500 (0.643500 + 0.083000),0.816900 (0.733500 + 0.083400),0.747600 (0.664200 + 0.083400),0.600300 (0.517500 + 0.082800),0.816900 (0.733500 + 0.083400),0.817800 (0.734400 + 0.083400),0.816900 (0.733500 + 0.083400),0.816900 (0.733500 + 0.083400),0.641000 (0.558000 + 0.083000),0.757400 (0.674100 + 0.083300),0.817800 (0.734400 + 0.083400),0.589800 (0.506700 + 0.083100),0.817800 (0.734400 + 0.083400),0.757400 (0.674100 + 0.083300),0.643700 (0.560700 + 0.083000),0.801500 (0.718200 + 0.083300),0.572100 (0.488700 + 0.083400),0.816900 (0.733500 + 0.083400),0.817800 (0.734400 + 0.083400)
96,0.817800 (0.734400 + 0.083400),0.817800 (0.734400 + 0.083400),0.817800 (0.734400 + 0.083400),0.817800 (0.734400 + 0.083400),0.817800 (0.734400 + 0.083400),0.816900 (0.733500 + 0.083400),0.705100 (0.621900 + 0.083200),0.816900 (0.733500 + 0.083400),0.814000 (0.730800 + 0.083200),0.814000 (0.730800 + 0.083200),0.817800 (0.734400 + 0.083400),0.816900 (0.733500 + 0.083400),0.816900 (0.733500 + 0.083400),0.816900 (0.733500 + 0.083400),0.817800 (0.734400 + 0.083400),0.816900 (0.733500 + 0.083400),0.815900 (0.732600 + 0.083300),0.674500 (0.591300 + 0.083200),0.664600 (0.581400 + 0.083200),0.817800 (0.734400 + 0.083400),0.713900 (0.630900 + 0.083000),0.680000 (0.596700 + 0.083300),0.690500 (0.607500 + 0.083000),0.816900 (0.733500 + 0.083400),0.701400 (0.618300 + 0.083100),0.781700 (0.698400 + 0.083300),0.715900 (0.632700 + 0.083200),0.807800 (0.724500 + 0.083300),0.720400 (0.637200 + 0.083200),0.817800 (0.734400 + 0.083400),0.817800 (0.734400 + 0.083400),0.641900 (0.558900 + 0.083000),0.817800 (0.734400 + 0.083400),0.816900 (0.733500 + 0.083400),0.757400 (0.674100 + 0.083300),0.816900 (0.733500 + 0.083400),0.816900 (0.733500 + 0.083400),0.817800 (0.734400 + 0.083400),0.817800 (0.734400 + 0.083400),0.817800 (0.734400 + 0.083400),0.817800 (0.734400 + 0.083400),0.817800 (0.734400 + 0.083400),0.817800 (0.734400 + 0.083400),0.768900 (0.685800 + 0.083100),0.816900 (0.733500 + 0.083400),0.816900 (0.733500 + 0.083400),0.816900 (0.733500 + 0.083400),0.707700 (0.624600 + 0.083100),0.726500 (0.643500 + 0.083000),0.817800 (0.734400 + 0.083400),0.816900 (0.733500 + 0.083400),0.787000 (0.703800 + 0.083200),0.523800 (0.441000 + 0.082800),0.816900 (0.733500 + 0.083400),0.652900 (0.569700 + 0.083200),0.715900 (0.632700 + 0.083200),0.801500 (0.718200 + 0.083300),0.673700 (0.590400 + 0.083300),0.816900 (0.733500 + 0.083400),0.816900 (0.733500 + 0.083400),0.817800 (0.734400 + 0.083400),0.585200 (0.502200 + 0.083000),0.816900 (0.733500 + 0.083400),0.694800 (0.612000 + 0.082800),0.578600 (0.495900 + 0.082700),0.817800 (0.734400 + 0.083400),0.633100 (0.549900 + 0.083200),0.816900 (0.733500 + 0.083400),0.817800 (0.734400 + 0.083400),0.816900 (0.733500 + 0.083400),0.757400 (0.674100 + 0.083300),0.816900 (0.733500 + 0.083400),0.806900 (0.723600 + 0.083300),0.817800 (0.734400 + 0.083400),0.690500 (0.607500 + 0.083000),0.817800 (0.734400 + 0.083400),0.816900 (0.733500 + 0.083400),0.680800 (0.597600 + 0.083200),0.816900 (0.733500 + 0.083400),0.605800 (0.522900 + 0.082900),0.817800 (0.734400 + 0.083400),0.817800 (0.734400 + 0.083400),0.623200 (0.540000 + 0.083200),0.816900 (0.733500 + 0.083400),0.816900 (0.733500 + 0.083400),0.817800 (0.734400 + 0.083400),0.658100 (0.575100 + 0.083000),0.677200 (0.594000 + 0.083200),0.817800 (0.734400 + 0.083400),0.816900 (0.733500 + 0.083400),0.814000 (0.730800 + 0.083200),0.817800 (0.734400 + 0.083400),0.816900 (0.733500 + 0.083400),0.816900 (0.733500 + 0.083400),0.817800 (0.734400 + 0.083400),0.650900 (0.567900 + 0.083000),0.816900 (0.733500 + 0.083400),0.681400 (0.598500 + 0.082900),0.764600 (0.681300 + 0.083300),0.816900 (0.733500 + 0.083400)
97,0.817800 (0.734400 + 0.083400),0.817800 (0.734400 + 0.083400),0.817800 (0.734400 + 0.083400),0.817800 (0.734400 + 0.083400),0.817800 (0.734400 + 0.083400),0.598500 (0.515700 + 0.082800),0.786100 (0.702900 + 0.083200),0.816900 (0.733500 + 0.083400),0.816900 (0.733500 + 0.083400),0.816900 (0.733500 + 0.083400),0.817800 (0.734400 + 0.083400),0.816900 (0.733500 + 0.083400),0.734100 (0.650700 + 0.083400),0.817800 (0.734400 + 0.083400),0.816900 (0.733500 + 0.083400),0.801500 (0.718200 + 0.083300),0.768900 (0.685800 + 0.083100),0.817800 (0.734400 + 0.083400),0.817800 (0.734400 + 0.083400),0.625700 (0.542700 + 0.083000),0.776000 (0.693000 + 0.083000),0.817800 (0.734400 + 0.083400),0.817800 (0.734400 + 0.083400),0.813200 (0.729900 + 0.083300),0.556300 (0.473400 + 0.082900),0.727600 (0.644400 + 0.083200),0.817800 (0.734400 + 0.083400),0.601600 (0.518400 + 0.083200),0.578600 (0.495900 + 0.082700),0.816900 (0.733500 + 0.083400),0.816900 (0.733500 + 0.083400),0.816900 (0.733500 + 0.083400),0.817800 (0.734400 + 0.083400),0.816900 (0.733500 + 0.083400),0.817800 (0.734400 + 0.083400),0.816900 (0.733500 + 0.083400),0.815800 (0.732600 + 0.083200),0.803300 (0.720000 + 0.083300),0.617900 (0.534600 + 0.083300),0.817800 (0.734400 + 0.083400),0.817800 (0.734400 + 0.083400),0.817800 (0.734400 + 0.083400),0.667500 (0.584100 + 0.083400),0.816900 (0.733500 + 0.083400),0.787000 (0.703800 + 0.083200),0.817800 (0.734400 + 0.083400),0.817800 (0.734400 + 0.083400),0.817800 (0.734400 + 0.083400),0.816900 (0.733500 + 0.083400),0.817800 (0.734400 + 0.083400),0.816900 (0.733500 + 0.083400),0.816900 (0.733500 + 0.083400),0.817800 (0.734400 + 0.083400),0.816900 (0.733500 + 0.083400),0.816900 (0.733500 + 0.083400),0.584400 (0.501300 + 0.083100),0.786100 (0.702900 + 0.083200),0.793400 (0.710100 + 0.083300),0.817800 (0.734400 + 0.083400),0.817800 (0.734400 + 0.083400),0.816900 (0.733500 + 0.083400),0.817800 (0.734400 + 0.083400),0.711300 (0.628200 + 0.083100),0.814000 (0.730800 + 0.083200),0.816900 (0.733500 + 0.083400),0.714100 (0.630900 + 0.083200),0.817800 (0.734400 + 0.083400),0.814000 (0.730800 + 0.083200),0.816900 (0.733500 + 0.083400),0.816900 (0.733500 + 0.083400),0.817800 (0.734400 + 0.083400),0.817800 (0.734400 + 0.083400),0.817800 (0.734400 + 0.083400),0.696700 (0.613800 + 0.082900),0.816900 (0.733500 + 0.083400),0.817800 (0.734400 + 0.083400),0.787000 (0.703800 + 0.083200),0.708600 (0.625500 + 0.083100),0.541100 (0.458100 + 0.083000),0.816900 (0.733500 + 0.083400),0.654500 (0.571500 + 0.083000),0.541300 (0.458100 + 0.083200),0.810600 (0.727200 + 0.083400),0.817800 (0.734400 + 0.083400),0.594300 (0.511200 + 0.083100),0.561100 (0.477900 + 0.083200),0.647500 (0.564300 + 0.083200),0.645400 (0.562500 + 0.082900),0.806900 (0.723600 + 0.083300),0.585700 (0.503100 + 0.082600),0.796000 (0.712800 + 0.083200),0.692500 (0.609300 + 0.083200),0.817800 (0.734400 + 0.083400),0.816900 (0.733500 + 0.083400),0.632200 (0.549000 + 0.083200),0.618500 (0.535500 + 0.083000),0.817800 (0.734400 + 0.083400),0.817800 (0.734400 + 0.083400),0.624700 (0.541800 + 0.082900),0.660800 (0.577800 + 0.083000)
98,0.817800 (0.734400 + 0.083400),0.817800 (0.734400 + 0.083400),0.817800 (0.734400 + 0.083400),0.817800 (0.734400 + 0.083400),0.817800 (0.734400 + 0.083400),0.817800 (0.734400 + 0.083400),0.817800 (0.734400 + 0.083400),0.707200 (0.623700 + 0.083500),0.817800 (0.734400 + 0.083400),0.817800 (0.734400 + 0.083400),0.668400 (0.585000 + 0.083400),0.817800 (0.734400 + 0.083400),0.702700 (0.619200 + 0.083500),0.817800 (0.734400 + 0.083400),0.776000 (0.693000 + 0.083000),0.817800 (0.734400 + 0.083400),0.816900 (0.733500 + 0.083400),0.817800 (0.734400 + 0.083400),0.654500 (0.571500 + 0.083000),0.612000 (0.529200 + 0.082800),0.816900 (0.733500 + 0.083400),0.817800 (0.734400 + 0.083400),0.801500 (0.718200 + 0.083300),0.817800 (0.734400 + 0.083400),0.817800 (0.734400 + 0.083400),0.817800 (0.734400 + 0.083400),0.816900 (0.733500 + 0.083400),0.817800 (0.734400 + 0.083400),0.816900 (0.733500 + 0.083400),0.817800 (0.734400 + 0.083400),0.817800 (0.734400 + 0.083400),0.736900 (0.653400 + 0.083500),0.627700 (0.544500 + 0.083200),0.817800 (0.734400 + 0.083400),0.813200 (0.729900 + 0.083300),0.817800 (0.734400 + 0.083400),0.661000 (0.577800 + 0.083200),0.591400 (0.508500 + 0.082900),0.801500 (0.718200 + 0.083300),0.817800 (0.734400 + 0.083400),0.817800 (0.734400 + 0.083400),0.817800 (0.734400 + 0.083400),0.814000 (0.730800 + 0.083200),0.567400 (0.484200 + 0.083200),0.817800 (0.734400 + 0.083400),0.816900 (0.733500 + 0.083400),0.817800 (0.734400 + 0.083400),0.817800 (0.734400 + 0.083400),0.817800 (0.734400 + 0.083400),0.681700 (0.598500 + 0.083200),0.603100 (0.520200 + 0.082900),0.817800 (0.734400 + 0.083400),0.567400 (0.484200 + 0.083200),0.715000 (0.631800 + 0.083200),0.817800 (0.734400 + 0.083400),0.786100 (0.702900 + 0.083200),0.817800 (0.734400 + 0.083400),0.815100 (0.731700 + 0.083400),0.649300 (0.566100 + 0.083200),0.817800 (0.734400 + 0.083400),0.623200 (0.540000 + 0.083200),0.681500 (0.598500 + 0.083000),0.816900 (0.733500 + 0.083400),0.685400 (0.602100 + 0.083300),0.732900 (0.649800 + 0.083100),0.817800 (0.734400 + 0.083400),0.817800 (0.734400 + 0.083400),0.817800 (0.734400 + 0.083400),0.816900 (0.733500 + 0.083400),0.816900 (0.733500 + 0.083400),0.787000 (0.703800 + 0.083200),0.817800 (0.734400 + 0.083400),0.721300 (0.638100 + 0.083200),0.816900 (0.733500 + 0.083400),0.816900 (0.733500 + 0.083400),0.817800 (0.734400 + 0.083400),0.663600 (0.580500 + 0.083100),0.817800 (0.734400 + 0.083400),0.667100 (0.584100 + 0.083000),0.817800 (0.734400 + 0.083400),0.817800 (0.734400 + 0.083400),0.817800 (0.734400 + 0.083400),0.787000 (0.703800 + 0.083200),0.817800 (0.734400 + 0.083400),0.724900 (0.641700 + 0.083200),0.635500 (0.552600 + 0.082900),0.817800 (0.734400 + 0.083400),0.709500 (0.626400 + 0.083100),0.817800 (0.734400 + 0.083400),0.817800 (0.734400 + 0.083400),0.787000 (0.703800 + 0.083200),0.619700 (0.536400 + 0.083300),0.814000 (0.730800 + 0.083200),0.729900 (0.647100 + 0.082800),0.766300 (0.683100 + 0.083200),0.817800 (0.734400 + 0.083400),0.581500 (0.498600 + 0.082900),0.795100 (0.711900 + 0.083200),0.740500 (0.657000 + 0.083500),0.744800 (0.661500 + 0.083300)
99,0.817800 (0.734400 + 0.083400),0.817800 (0.734400 + 0.083400),0.817800 (0.734400 + 0.083400),0.817800 (0.734400 + 0.083400),0.817800 (0.734400 + 0.083400),0.817800 (0.734400 + 0.083400),0.817800 (0.734400 + 0.083400),0.817800 (0.734400 + 0.083400),0.698000 (0.614700 + 0.083300),0.632100 (0.549000 + 0.083100),0.817800 (0.734400 + 0.083400),0.817800 (0.734400 + 0.083400),0.817800 (0.734400 + 0.083400),0.707900 (0.624600 + 0.083300),0.690500 (0.607500 + 0.083000),0.817800 (0.734400 + 0.083400),0.801500 (0.718200 + 0.083300),0.652900 (0.569700 + 0.083200),0.817800 (0.734400 + 0.083400),0.817800 (0.734400 + 0.083400),0.817800 (0.734400 + 0.083400),0.547000 (0.464400 + 0.082600),0.783500 (0.700200 + 0.083300),0.637700 (0.554400 + 0.083300),0.616800 (0.533700 + 0.083100),0.816900 (0.733500 + 0.083400),0.817800 (0.734400 + 0.083400),0.801500 (0.718200 + 0.083300),0.581700 (0.498600 + 0.083100),0.817800 (0.734400 + 0.083400),0.813200 (0.729900 + 0.083300),0.817800 (0.734400 + 0.083400),0.695100 (0.612000 + 0.083100),0.817800 (0.734400 + 0.083400),0.786100 (0.702900 + 0.083200),0.817800 (0.734400 + 0.083400),0.817800 (0.734400 + 0.083400),0.715800 (0.632700 + 0.083100),0.669100 (0.585900 + 0.083200),0.721400 (0.638100 + 0.083300),0.816900 (0.733500 + 0.083400),0.817800 (0.734400 + 0.083400),0.816900 (0.733500 + 0.083400),0.817800 (0.734400 + 0.083400),0.817800 (0.734400 + 0.083400),0.652800 (0.569700 + 0.083100),0.688300 (0.604800 + 0.083500),0.817800 (0.734400 + 0.083400),0.816900 (0.733500 + 0.083400),0.817800 (0.734400 + 0.083400),0.817800 (0.734400 + 0.083400),0.776000 (0.693000 + 0.083000),0.715000 (0.631800 + 0.083200),0.706700 (0.623700 + 0.083000),0.817800 (0.734400 + 0.083400),0.650900 (0.567900 + 0.083000),0.597100 (0.513900 + 0.083200),0.817800 (0.734400 + 0.083400),0.690700 (0.607500 + 0.083200),0.817800 (0.734400 + 0.083400),0.816900 (0.733500 + 0.083400),0.674700 (0.591300 + 0.083400),0.727700 (0.644400 + 0.083300),0.817800 (0.734400 + 0.083400),0.681700 (0.598500 + 0.083200),0.817800 (0.734400 + 0.083400),0.801500 (0.718200 + 0.083300),0.564600 (0.481500 + 0.083100),0.817800 (0.734400 + 0.083400),0.817800 (0.734400 + 0.083400),0.815100 (0.731700 + 0.083400),0.786100 (0.702900 + 0.083200),0.816900 (0.733500 + 0.083400),0.817800 (0.734400 + 0.083400),0.817800 (0.734400 + 0.083400),0.666200 (0.583200 + 0.083000),0.689800 (0.606600 + 0.083200),0.718600 (0.635400 + 0.083200),0.817800 (0.734400 + 0.083400),0.741900 (0.658800 + 0.083100),0.814000 (0.730800 + 0.083200),0.817800 (0.734400 + 0.083400),0.706900 (0.623700 + 0.083200),0.790600 (0.707400 + 0.083200),0.817800 (0.734400 + 0.083400),0.628400 (0.545400 + 0.083000),0.816900 (0.733500 + 0.083400),0.817800 (0.734400 + 0.083400),0.817800 (0.734400 + 0.083400),0.817800 (0.734400 + 0.083400),0.817800 (0.734400 + 0.083400),0.605900 (0.522900 + 0.083000),0.817800 (0.734400 + 0.083400),0.667800 (0.585000 + 0.082800),0.743000 (0.659700 + 0.083300),0.817800 (0.734400 + 0.083400),0.725000 (0.641700 + 0.083300),0.817800 (0.734400 + 0.083400),0.685400 (0.602100 + 0.083300),0.677900 (0.594900 + 0.083000)
100,0.817800 (0.734400 + 0.083400),0.817800 (0.734400 + 0.083400),0.817800 (0.734400 + 0.083400),0.817800 (0.734400 + 0.083400),0.817800 (0.734400 + 0.083400),0.662700 (0.579600 + 0.083100),0.750900 (0.667800 + 0.083100),0.685100 (0.602100 + 0.083000),0.811400 (0.728100 + 0.083300),0.807800 (0.724500 + 0.083300),0.727500 (0.644400 + 0.083100),0.673500 (0.590400 + 0.083100),0.729400 (0.646200 + 0.083200),0.575700 (0.493200 + 0.082500),0.674400 (0.591300 + 0.083100),0.817800 (0.734400 + 0.083400),0.817800 (0.734400 + 0.083400),0.817800 (0.734400 + 0.083400),0.702600 (0.619200 + 0.083400),0.651700 (0.568800 + 0.082900),0.794200 (0.711000 + 0.083200),0.727700 (0.644400 + 0.083300),0.815100 (0.731700 + 0.083400),0.625000 (0.541800 + 0.083200),0.637400 (0.554400 + 0.083000),0.817800 (0.734400 + 0.083400),0.817800 (0.734400 + 0.083400),0.817800 (0.734400 + 0.083400),0.817800 (0.734400 + 0.083400),0.755400 (0.672300 + 0.083100),0.707900 (0.624600 + 0.083300),0.686200 (0.603000 + 0.083200),0.605000 (0.522000 + 0.083000),0.817800 (0.734400 + 0.083400),0.669000 (0.585900 + 0.083100),0.817800 (0.734400 + 0.083400),0.705400 (0.621900 + 0.083500),0.817800 (0.734400 + 0.083400),0.647800 (0.564300 + 0.083500),0.817800 (0.734400 + 0.083400),0.817800 (0.734400 + 0.083400),0.817800 (0.734400 + 0.083400),0.817800 (0.734400 + 0.083400),0.786100 (0.702900 + 0.083200),0.817800 (0.734400 + 0.083400),0.626500 (0.543600 + 0.082900),0.814000 (0.730800 + 0.083200),0.817800 (0.734400 + 0.083400),0.816900 (0.733500 + 0.083400),0.817800 (0.734400 + 0.083400),0.817800 (0.734400 + 0.083400),0.627400 (0.544500 + 0.082900),0.630200 (0.547200 + 0.083000),0.673600 (0.590400 + 0.083200),0.642900 (0.559800 + 0.083100),0.607800 (0.524700 + 0.083100),0.761800 (0.678600 + 0.083200),0.705800 (0.622800 + 0.083000),0.817800 (0.734400 + 0.083400),0.817800 (0.734400 + 0.083400),0.817800 (0.734400 + 0.083400),0.817800 (0.734400 + 0.083400),0.817800 (0.734400 + 0.083400),0.611500 (0.528300 + 0.083200),0.817800 (0.734400 + 0.083400),0.817800 (0.734400 + 0.083400),0.817800 (0.734400 + 0.083400),0.816900 (0.733500 + 0.083400),0.801500 (0.718200 + 0.083300),0.817800 (0.734400 + 0.083400),0.816900 (0.733500 + 0.083400),0.817800 (0.734400 + 0.083400),0.732100 (0.648900 + 0.083200),0.817800 (0.734400 + 0.083400),0.817800 (0.734400 + 0.083400),0.817800 (0.734400 + 0.083400),0.817800 (0.734400 + 0.083400),0.588300 (0.504900 + 0.083400),0.816900 (0.733500 + 0.083400),0.817800 (0.734400 + 0.083400),0.570900 (0.487800 + 0.083100),0.817800 (0.734400 + 0.083400),0.587900 (0.504900 + 0.083000),0.817800 (0.734400 + 0.083400),0.817800 (0.734400 + 0.083400),0.697000 (0.613800 + 0.083200),0.801500 (0.718200 + 0.083300),0.817800 (0.734400 + 0.083400),0.817800 (0.734400 + 0.083400),0.586800 (0.504000 + 0.082800),0.813200 (0.729900 + 0.083300),0.744800 (0.661500 + 0.083300),0.618700 (0.535500 + 0.083200),0.649300 (0.566100 + 0.083200),0.702400 (0.619200 + 0.083200),0.801500 (0.718200 + 0.083300),0.774200 (0.691200 + 0.083000),0.817800 (0.734400 + 0.083400),0.697500 (0.614700 + 0.082800),0.776300 (0.693000 + 0.083300)

Configuration Constants
UNITS_PER_TEAM,5
TEST_TICK,50
SIMULATION_COUNT,100
DELAY_MULTIPLIER,2
MULTIPLIER_COUNTER,1.5
MULTIPLIER_BASIC,1
DEFENSE_RATIO,0.5
SPEED_RATIO,0.2
APPLIEDSTAT_RANGE,10
INDIVIDUALS_PER_GENERATION,100
CROSSOVER_PROBABILITY,0.7
MUTATION_PROBABILITY,0.3
MUTATION_SIGMA,1.2
TARGET_WINRATE,0.5
TARGET_THRESHOLD,0.05
FITNESS_THRESHOLD,0.1
FITNESS_MAX,1
RMSE_WEIGHT,0.9
DOC_WEIGHT,0.1
MAXGENERATION,100
