Generation,Entry1,Entry2,Entry3,Entry4,Entry5,Entry6,Entry7,Entry8,Entry9,Entry10,Entry11,Entry12,Entry13,Entry14,Entry15,Entry16,Entry17,Entry18,Entry19,Entry20,Entry21,Entry22,Entry23,Entry24,Entry25,Entry26,Entry27,Entry28,Entry29,Entry30,Entry31,Entry32,Entry33,Entry34,Entry35,Entry36,Entry37,Entry38,Entry39,Entry40,Entry41,Entry42,Entry43,Entry44,Entry45,Entry46,Entry47,Entry48,Entry49,Entry50,Entry51,Entry52,Entry53,Entry54,Entry55,Entry56,Entry57,Entry58,Entry59,Entry60,Entry61,Entry62,Entry63,Entry64,Entry65,Entry66,Entry67,Entry68,Entry69,Entry70,Entry71,Entry72,Entry73,Entry74,Entry75,Entry76,Entry77,Entry78,Entry79,Entry80
1,0.808267 (0.727200 + 0.081067),0.792729 (0.711000 + 0.081729),0.813081 (0.730800 + 0.082281),0.804773 (0.722700 + 0.082073),0.840978 (0.758700 + 0.082278),0.821986 (0.739800 + 0.082186),0.801023 (0.720000 + 0.081023),0.806368 (0.724500 + 0.081868),0.788046 (0.706500 + 0.081546),0.811427 (0.729000 + 0.082427),0.790682 (0.709200 + 0.081482),0.816536 (0.734400 + 0.082136),0.809979 (0.727200 + 0.082779),0.797070 (0.714600 + 0.082470),0.824542 (0.742500 + 0.082043),0.815781 (0.733500 + 0.082281),0.817463 (0.736200 + 0.081263),0.816173 (0.734400 + 0.081773),0.799118 (0.717300 + 0.081818),0.800350 (0.718200 + 0.082150),0.805081 (0.722700 + 0.082381),0.803353 (0.721800 + 0.081553),0.816604 (0.734400 + 0.082204),0.809789 (0.727200 + 0.082589),0.807117 (0.724500 + 0.082617),0.812349 (0.730800 + 0.081549),0.787635 (0.704700 + 0.082935),0.818084 (0.736200 + 0.081884),0.794903 (0.711900 + 0.083003),0.801416 (0.719100 + 0.082316),0.797547 (0.715500 + 0.082047),0.802321 (0.720900 + 0.081421),0.796414 (0.713700 + 0.082714),0.816043 (0.732600 + 0.083443),0.796304 (0.713700 + 0.082604),0.797569 (0.715500 + 0.082069),0.806151 (0.724500 + 0.081651),0.811985 (0.729000 + 0.082985),0.837521 (0.755100 + 0.082421),0.816585 (0.734400 + 0.082185),0.808786 (0.725400 + 0.083386),0.804409 (0.722700 + 0.081709),0.823559 (0.740700 + 0.082859),0.834453 (0.751500 + 0.082953),0.808868 (0.727200 + 0.081668),0.801221 (0.718200 + 0.083022),0.813007 (0.729900 + 0.083107),0.805449 (0.722700 + 0.082749),0.814389 (0.732600 + 0.081789),0.820115 (0.738000 + 0.082115),0.796002 (0.713700 + 0.082302),0.820187 (0.738000 + 0.082187),0.805083 (0.722700 + 0.082383),0.823946 (0.741600 + 0.082346),0.809591 (0.727200 + 0.082391),0.788793 (0.706500 + 0.082293),0.809179 (0.727200 + 0.081979),0.801522 (0.720000 + 0.081522),0.795086 (0.713700 + 0.081386),0.818511 (0.737100 + 0.081411),0.816554 (0.733500 + 0.083054),0.818756 (0.737100 + 0.081656),0.805958 (0.724500 + 0.081458),0.806877 (0.725400 + 0.081477),0.810986 (0.728100 + 0.082886),0.815123 (0.733500 + 0.081623),0.814206 (0.731700 + 0.082506),0.811336 (0.729900 + 0.081436),0.806525 (0.724500 + 0.082025),0.821360 (0.738900 + 0.082460),0.810414 (0.729000 + 0.081414),0.821499 (0.738900 + 0.082599),0.804229 (0.720900 + 0.083329),0.794433 (0.712800 + 0.081633),0.815315 (0.732600 + 0.082715),0.809735 (0.728100 + 0.081635),0.812440 (0.729900 + 0.082540),0.811415 (0.729000 + 0.082415),0.805450 (0.722700 + 0.082751),0.821302 (0.739800 + 0.081502)
2,0.808267 (0.727200 + 0.081067),0.792729 (0.711000 + 0.081729),0.813081 (0.730800 + 0.082281),0.804773 (0.722700 + 0.082073),0.840978 (0.758700 + 0.082278),0.821986 (0.739800 + 0.082186),0.801023 (0.720000 + 0.081023),0.806368 (0.724500 + 0.081868),0.788046 (0.706500 + 0.081546),0.811427 (0.729000 + 0.082427),0.790682 (0.709200 + 0.081482),0.816536 (0.734400 + 0.082136),0.809979 (0.727200 + 0.082779),0.797070 (0.714600 + 0.082470),0.824542 (0.742500 + 0.082043),0.815781 (0.733500 + 0.082281),0.817463 (0.736200 + 0.081263),0.816173 (0.734400 + 0.081773),0.799118 (0.717300 + 0.081818),0.800350 (0.718200 + 0.082150),0.805081 (0.722700 + 0.082381),0.803353 (0.721800 + 0.081553),0.816604 (0.734400 + 0.082204),0.809789 (0.727200 + 0.082589),0.807117 (0.724500 + 0.082617),0.812349 (0.730800 + 0.081549),0.787635 (0.704700 + 0.082935),0.818084 (0.736200 + 0.081884),0.794903 (0.711900 + 0.083003),0.801416 (0.719100 + 0.082316),0.797547 (0.715500 + 0.082047),0.802321 (0.720900 + 0.081421),0.796414 (0.713700 + 0.082714),0.816043 (0.732600 + 0.083443),0.796304 (0.713700 + 0.082604),0.797569 (0.715500 + 0.082069),0.806151 (0.724500 + 0.081651),0.811985 (0.729000 + 0.082985),0.837521 (0.755100 + 0.082421),0.816585 (0.734400 + 0.082185),0.808786 (0.725400 + 0.083386),0.804409 (0.722700 + 0.081709),0.823559 (0.740700 + 0.082859),0.834453 (0.751500 + 0.082953),0.808868 (0.727200 + 0.081668),0.801221 (0.718200 + 0.083022),0.813007 (0.729900 + 0.083107),0.805449 (0.722700 + 0.082749),0.814389 (0.732600 + 0.081789),0.820115 (0.738000 + 0.082115),0.796002 (0.713700 + 0.082302),0.820187 (0.738000 + 0.082187),0.805083 (0.722700 + 0.082383),0.823946 (0.741600 + 0.082346),0.809591 (0.727200 + 0.082391),0.788793 (0.706500 + 0.082293),0.809179 (0.727200 + 0.081979),0.801522 (0.720000 + 0.081522),0.795086 (0.713700 + 0.081386),0.818511 (0.737100 + 0.081411),0.816554 (0.733500 + 0.083054),0.818756 (0.737100 + 0.081656),0.805958 (0.724500 + 0.081458),0.806877 (0.725400 + 0.081477),0.810986 (0.728100 + 0.082886),0.815123 (0.733500 + 0.081623),0.814206 (0.731700 + 0.082506),0.811336 (0.729900 + 0.081436),0.806525 (0.724500 + 0.082025),0.821360 (0.738900 + 0.082460),0.810414 (0.729000 + 0.081414),0.821499 (0.738900 + 0.082599),0.804229 (0.720900 + 0.083329),0.794433 (0.712800 + 0.081633),0.815315 (0.732600 + 0.082715),0.809735 (0.728100 + 0.081635),0.812440 (0.729900 + 0.082540),0.811415 (0.729000 + 0.082415),0.805450 (0.722700 + 0.082751),0.821302 (0.739800 + 0.081502)
3,0.840978 (0.758700 + 0.082278),0.805515 (0.722700 + 0.082815),0.802004 (0.720000 + 0.082004),0.810010 (0.727200 + 0.082810),0.814960 (0.732600 + 0.082360),0.801354 (0.720000 + 0.081354),0.820821 (0.738900 + 0.081921),0.811279 (0.729000 + 0.082279),0.822974 (0.740700 + 0.082274),0.802332 (0.720900 + 0.081432),0.810391 (0.728100 + 0.082291),0.814290 (0.732600 + 0.081690),0.802869 (0.721800 + 0.081069),0.808796 (0.727200 + 0.081596),0.812501 (0.730800 + 0.081701),0.819948 (0.738000 + 0.081948),0.822161 (0.739800 + 0.082361),0.812349 (0.730800 + 0.081549),0.801023 (0.720000 + 0.081023),0.815036 (0.732600 + 0.082436),0.808051 (0.726300 + 0.081751),0.805189 (0.721800 + 0.083389),0.812275 (0.729900 + 0.082375),0.809550 (0.728100 + 0.081450),0.806796 (0.723600 + 0.083196),0.810856 (0.728100 + 0.082755),0.819467 (0.737100 + 0.082367),0.812112 (0.730800 + 0.081312),0.808062 (0.725400 + 0.082662),0.812890 (0.730800 + 0.082090),0.806317 (0.724500 + 0.081817),0.815661 (0.733500 + 0.082161),0.809607 (0.727200 + 0.082407),0.818084 (0.736200 + 0.081884),0.813196 (0.730800 + 0.082396),0.828703 (0.747000 + 0.081703),0.818557 (0.736200 + 0.082357),0.816603 (0.734400 + 0.082203),0.794187 (0.711900 + 0.082287),0.808357 (0.726300 + 0.082057),0.813256 (0.730800 + 0.082456),0.828300 (0.746100 + 0.082201),0.818511 (0.737100 + 0.081411),0.797292 (0.714600 + 0.082692),0.800057 (0.718200 + 0.081857),0.804091 (0.722700 + 0.081391),0.812304 (0.729900 + 0.082404),0.812063 (0.729900 + 0.082163),0.811686 (0.729000 + 0.082686),0.831059 (0.748800 + 0.082259),0.808017 (0.725400 + 0.082617),0.819099 (0.736200 + 0.082899),0.794434 (0.711900 + 0.082534),0.817645 (0.735300 + 0.082345),0.804973 (0.723600 + 0.081373),0.814808 (0.733500 + 0.081308),0.791757 (0.709200 + 0.082557),0.812853 (0.730800 + 0.082053),0.809877 (0.728100 + 0.081777),0.824686 (0.743400 + 0.081287),0.819811 (0.738000 + 0.081811),0.817013 (0.734400 + 0.082613),0.823628 (0.740700 + 0.082928),0.815613 (0.732600 + 0.083013),0.812476 (0.730800 + 0.081676),0.797933 (0.715500 + 0.082433),0.817382 (0.733500 + 0.083882),0.810236 (0.728100 + 0.082136),0.804211 (0.722700 + 0.081511),0.821634 (0.738900 + 0.082735),0.810704 (0.729000 + 0.081704),0.796038 (0.713700 + 0.082338),0.803967 (0.721800 + 0.082167),0.804962 (0.723600 + 0.081362),0.823422 (0.739800 + 0.083622),0.806158 (0.724500 + 0.081658),0.814825 (0.733500 + 0.081325),0.823013 (0.741600 + 0.081413),0.836401 (0.755100 + 0.081301),0.804495 (0.722700 + 0.081795)
4,0.840978 (0.758700 + 0.082278),0.816869 (0.735300 + 0.081569),0.819015 (0.735300 + 0.083715),0.823767 (0.741600 + 0.082167),0.817548 (0.737100 + 0.080448),0.808547 (0.726300 + 0.082247),0.800883 (0.718200 + 0.082683),0.790036 (0.708300 + 0.081736),0.806692 (0.724500 + 0.082192),0.812503 (0.731700 + 0.080803),0.810380 (0.729000 + 0.081380),0.808622 (0.727200 + 0.081422),0.816931 (0.735300 + 0.081632),0.805698 (0.723600 + 0.082098),0.807070 (0.725400 + 0.081670),0.824624 (0.741600 + 0.083024),0.812089 (0.729900 + 0.082189),0.808350 (0.726300 + 0.082050),0.798520 (0.716400 + 0.082120),0.826027 (0.744300 + 0.081727),0.817372 (0.735300 + 0.082072),0.797475 (0.716400 + 0.081075),0.820212 (0.738000 + 0.082212),0.825843 (0.743400 + 0.082443),0.811531 (0.729000 + 0.082531),0.815605 (0.734400 + 0.081205),0.816059 (0.733500 + 0.082559),0.808657 (0.727200 + 0.081457),0.823472 (0.741600 + 0.081872),0.842931 (0.760500 + 0.082431),0.808052 (0.725400 + 0.082652),0.818690 (0.736200 + 0.082490),0.817714 (0.736200 + 0.081514),0.825481 (0.742500 + 0.082981),0.810235 (0.728100 + 0.082135),0.822145 (0.739800 + 0.082345),0.820530 (0.739800 + 0.080730),0.817860 (0.736200 + 0.081660),0.820115 (0.737100 + 0.083015),0.822464 (0.741600 + 0.080864),0.822163 (0.739800 + 0.082363),0.817013 (0.734400 + 0.082613),0.810856 (0.728100 + 0.082755),0.823797 (0.741600 + 0.082197),0.809876 (0.728100 + 0.081776),0.804403 (0.722700 + 0.081703),0.829919 (0.747000 + 0.082919),0.830908 (0.749700 + 0.081208),0.818084 (0.736200 + 0.081884),0.817988 (0.734400 + 0.083588),0.829141 (0.747000 + 0.082141),0.823924 (0.741600 + 0.082324),0.811491 (0.729900 + 0.081591),0.818511 (0.737100 + 0.081411),0.812476 (0.730800 + 0.081676),0.819657 (0.738000 + 0.081657),0.809347 (0.728100 + 0.081247),0.817430 (0.735300 + 0.082130),0.821811 (0.740700 + 0.081111),0.822201 (0.739800 + 0.082402),0.833147 (0.751500 + 0.081647),0.797630 (0.715500 + 0.082130),0.800975 (0.718200 + 0.082775),0.803435 (0.720900 + 0.082535),0.813474 (0.732600 + 0.080874),0.826175 (0.744300 + 0.081875),0.830109 (0.748800 + 0.081309),0.812164 (0.729900 + 0.082264),0.823423 (0.741600 + 0.081823),0.814126 (0.731700 + 0.082426),0.814368 (0.732600 + 0.081768),0.824809 (0.742500 + 0.082309),0.798270 (0.716400 + 0.081870),0.809750 (0.728100 + 0.081650),0.813730 (0.731700 + 0.082030),0.813269 (0.730800 + 0.082469),0.806301 (0.723600 + 0.082701),0.800005 (0.717300 + 0.082705),0.810621 (0.728100 + 0.082521),0.805572 (0.723600 + 0.081972)
5,0.842931 (0.760500 + 0.082431),0.820575 (0.738900 + 0.081675),0.807673 (0.725400 + 0.082273),0.803636 (0.722700 + 0.080936),0.808346 (0.726300 + 0.082046),0.825452 (0.743400 + 0.082052),0.828936 (0.747000 + 0.081936),0.814836 (0.732600 + 0.082236),0.815722 (0.733500 + 0.082222),0.804533 (0.722700 + 0.081833),0.818541 (0.736200 + 0.082341),0.809693 (0.729000 + 0.080693),0.818514 (0.736200 + 0.082314),0.815804 (0.734400 + 0.081404),0.839285 (0.756900 + 0.082385),0.827446 (0.745200 + 0.082246),0.797769 (0.715500 + 0.082269),0.814110 (0.731700 + 0.082410),0.818497 (0.736200 + 0.082297),0.810612 (0.729000 + 0.081612),0.806896 (0.726300 + 0.080596),0.818690 (0.736200 + 0.082490),0.812089 (0.729900 + 0.082189),0.822133 (0.739800 + 0.082333),0.821299 (0.738900 + 0.082399),0.822816 (0.740700 + 0.082116),0.820606 (0.738900 + 0.081706),0.833698 (0.751500 + 0.082198),0.819319 (0.736200 + 0.083119),0.826467 (0.744300 + 0.082167),0.816827 (0.734400 + 0.082427),0.818007 (0.736200 + 0.081807),0.820263 (0.738000 + 0.082263),0.815079 (0.733500 + 0.081579),0.811222 (0.729000 + 0.082222),0.820131 (0.738900 + 0.081231),0.818029 (0.736200 + 0.081829),0.836401 (0.755100 + 0.081301),0.821875 (0.740700 + 0.081175),0.824421 (0.742500 + 0.081921),0.820445 (0.737100 + 0.083345),0.820202 (0.738000 + 0.082202),0.803698 (0.722700 + 0.080998),0.805974 (0.723600 + 0.082374),0.815289 (0.734400 + 0.080889),0.808819 (0.728100 + 0.080719),0.830091 (0.748800 + 0.081291),0.822511 (0.740700 + 0.081811),0.820935 (0.738900 + 0.082035),0.823307 (0.742500 + 0.080807),0.834196 (0.751500 + 0.082696),0.827829 (0.746100 + 0.081729),0.821710 (0.739800 + 0.081910),0.813308 (0.730800 + 0.082508),0.814832 (0.732600 + 0.082232),0.830285 (0.747900 + 0.082385),0.827608 (0.746100 + 0.081508),0.842931 (0.760500 + 0.082431),0.829846 (0.747900 + 0.081946),0.810770 (0.728100 + 0.082670),0.819336 (0.737100 + 0.082236),0.824809 (0.742500 + 0.082309),0.809347 (0.728100 + 0.081247),0.815605 (0.734400 + 0.081205),0.809876 (0.728100 + 0.081776),0.814552 (0.731700 + 0.082852),0.817309 (0.735300 + 0.082009),0.837661 (0.756900 + 0.080761),0.819145 (0.736200 + 0.082945),0.815626 (0.733500 + 0.082126),0.813497 (0.731700 + 0.081797),0.825654 (0.743400 + 0.082254),0.802691 (0.720900 + 0.081791),0.834249 (0.752400 + 0.081849),0.820135 (0.738000 + 0.082135),0.815242 (0.733500 + 0.081742),0.817383 (0.735300 + 0.082083),0.800186 (0.719100 + 0.081086),0.819904 (0.738000 + 0.081904),0.817450 (0.735300 + 0.082150)
6,0.842931 (0.760500 + 0.082431),0.823685 (0.742500 + 0.081185),0.829249 (0.747900 + 0.081349),0.812820 (0.730800 + 0.082020),0.819651 (0.738000 + 0.081651),0.812151 (0.730800 + 0.081351),0.820440 (0.738900 + 0.081540),0.805059 (0.722700 + 0.082359),0.794380 (0.712800 + 0.081580),0.823508 (0.741600 + 0.081908),0.835425 (0.753300 + 0.082125),0.807646 (0.725400 + 0.082246),0.828400 (0.747000 + 0.081400),0.821137 (0.738900 + 0.082237),0.826778 (0.744300 + 0.082478),0.830045 (0.748800 + 0.081245),0.807727 (0.725400 + 0.082327),0.815239 (0.733500 + 0.081739),0.812122 (0.730800 + 0.081322),0.816778 (0.735300 + 0.081478),0.824709 (0.742500 + 0.082209),0.832770 (0.750600 + 0.082170),0.821641 (0.740700 + 0.080941),0.833498 (0.751500 + 0.081998),0.831848 (0.749700 + 0.082148),0.810610 (0.728100 + 0.082510),0.834179 (0.753300 + 0.080879),0.821330 (0.738900 + 0.082430),0.829510 (0.747900 + 0.081610),0.811334 (0.729000 + 0.082334),0.834683 (0.752400 + 0.082283),0.842642 (0.760500 + 0.082142),0.828184 (0.746100 + 0.082084),0.820149 (0.738000 + 0.082149),0.842908 (0.760500 + 0.082408),0.820684 (0.738900 + 0.081784),0.811846 (0.729900 + 0.081946),0.817841 (0.735300 + 0.082541),0.830454 (0.748800 + 0.081654),0.814864 (0.733500 + 0.081364),0.824440 (0.742500 + 0.081940),0.821804 (0.739800 + 0.082004),0.817425 (0.735300 + 0.082125),0.830285 (0.747900 + 0.082385),0.820935 (0.738900 + 0.082035),0.832801 (0.750600 + 0.082201),0.835139 (0.753300 + 0.081839),0.807626 (0.725400 + 0.082226),0.831042 (0.747900 + 0.083142),0.823373 (0.741600 + 0.081773),0.819778 (0.738900 + 0.080878),0.836024 (0.754200 + 0.081824),0.822136 (0.739800 + 0.082336),0.820694 (0.738900 + 0.081794),0.828994 (0.747000 + 0.081994),0.840184 (0.758700 + 0.081484),0.812032 (0.729000 + 0.083032),0.831379 (0.749700 + 0.081679),0.825917 (0.744300 + 0.081617),0.817026 (0.735300 + 0.081726),0.821349 (0.738000 + 0.083349),0.821601 (0.739800 + 0.081801),0.839226 (0.756900 + 0.082326),0.820497 (0.738900 + 0.081597),0.827829 (0.745200 + 0.082629),0.821274 (0.738900 + 0.082374),0.809517 (0.727200 + 0.082317),0.840264 (0.757800 + 0.082464),0.830947 (0.748800 + 0.082147),0.821089 (0.739800 + 0.081289),0.814920 (0.733500 + 0.081420),0.821488 (0.739800 + 0.081689),0.821739 (0.738900 + 0.082839),0.812696 (0.730800 + 0.081896),0.818513 (0.736200 + 0.082313),0.825924 (0.744300 + 0.081624),0.813742 (0.731700 + 0.082042),0.820575 (0.738900 + 0.081675),0.804963 (0.723600 + 0.081363),0.834707 (0.752400 + 0.082307)
7,0.842931 (0.760500 + 0.082431),0.825155 (0.743400 + 0.081756),0.830092 (0.748800 + 0.081292),0.828681 (0.747000 + 0.081681),0.820694 (0.738900 + 0.081794),0.842642 (0.760500 + 0.082142),0.821641 (0.740700 + 0.080941),0.830280 (0.748800 + 0.081481),0.810274 (0.729000 + 0.081274),0.819254 (0.737100 + 0.082154),0.833588 (0.751500 + 0.082088),0.817813 (0.737100 + 0.080713),0.816281 (0.734400 + 0.081881),0.840184 (0.758700 + 0.081484),0.828202 (0.747000 + 0.081202),0.829924 (0.747900 + 0.082024),0.814336 (0.732600 + 0.081736),0.820555 (0.738900 + 0.081655),0.822095 (0.739800 + 0.082295),0.811507 (0.729900 + 0.081607),0.820330 (0.738900 + 0.081430),0.838688 (0.756900 + 0.081788),0.828280 (0.746100 + 0.082180),0.821349 (0.738000 + 0.083349),0.804991 (0.723600 + 0.081391),0.836024 (0.754200 + 0.081824),0.820440 (0.738900 + 0.081540),0.824860 (0.742500 + 0.082360),0.823784 (0.742500 + 0.081284),0.828889 (0.747000 + 0.081889),0.816783 (0.735300 + 0.081483),0.828371 (0.747000 + 0.081371),0.826155 (0.744300 + 0.081855),0.812404 (0.730800 + 0.081604),0.842695 (0.760500 + 0.082195),0.828977 (0.747000 + 0.081977),0.826034 (0.744300 + 0.081734),0.825993 (0.743400 + 0.082593),0.823184 (0.741600 + 0.081584),0.827507 (0.746100 + 0.081407),0.820231 (0.738000 + 0.082231),0.835425 (0.753300 + 0.082125),0.829510 (0.747900 + 0.081610),0.843063 (0.760500 + 0.082563),0.834405 (0.752400 + 0.082005),0.818846 (0.738000 + 0.080846),0.834639 (0.752400 + 0.082239),0.824502 (0.743400 + 0.081102),0.814649 (0.732600 + 0.082049),0.825918 (0.743400 + 0.082518),0.832660 (0.750600 + 0.082060),0.824162 (0.741600 + 0.082563),0.831171 (0.748800 + 0.082371),0.812062 (0.729000 + 0.083062),0.835018 (0.753300 + 0.081718),0.832017 (0.749700 + 0.082317),0.823701 (0.742500 + 0.081201),0.834447 (0.752400 + 0.082047),0.842908 (0.760500 + 0.082408),0.835139 (0.753300 + 0.081839),0.816778 (0.735300 + 0.081478),0.817048 (0.734400 + 0.082648),0.826590 (0.745200 + 0.081390),0.836069 (0.753300 + 0.082769),0.818770 (0.737100 + 0.081670),0.812931 (0.731700 + 0.081231),0.818152 (0.736200 + 0.081952),0.816070 (0.734400 + 0.081670),0.826144 (0.744300 + 0.081844),0.825517 (0.743400 + 0.082117),0.817762 (0.735300 + 0.082462),0.831088 (0.748800 + 0.082288),0.809393 (0.729000 + 0.080393),0.818609 (0.737100 + 0.081509),0.831615 (0.749700 + 0.081915),0.829260 (0.747900 + 0.081360),0.835856 (0.753300 + 0.082556),0.808203 (0.726300 + 0.081903),0.812981 (0.731700 + 0.081281),0.825012 (0.742500 + 0.082512)
8,0.843063 (0.760500 + 0.082563),0.829653 (0.747900 + 0.081753),0.817534 (0.736200 + 0.081334),0.824290 (0.741600 + 0.082690),0.831621 (0.749700 + 0.081921),0.834989 (0.753300 + 0.081689),0.831060 (0.749700 + 0.081360),0.825491 (0.744300 + 0.081191),0.815781 (0.734400 + 0.081381),0.834327 (0.752400 + 0.081927),0.820230 (0.738900 + 0.081330),0.827432 (0.745200 + 0.082232),0.825253 (0.743400 + 0.081853),0.835896 (0.754200 + 0.081697),0.815743 (0.733500 + 0.082243),0.835775 (0.753300 + 0.082475),0.827509 (0.746100 + 0.081410),0.825855 (0.744300 + 0.081555),0.832457 (0.750600 + 0.081857),0.828870 (0.747000 + 0.081870),0.817811 (0.736200 + 0.081611),0.821238 (0.738900 + 0.082338),0.820729 (0.738000 + 0.082729),0.829811 (0.747900 + 0.081911),0.829926 (0.747900 + 0.082026),0.830144 (0.747900 + 0.082244),0.821408 (0.739800 + 0.081608),0.831119 (0.748800 + 0.082319),0.824452 (0.742500 + 0.081952),0.829991 (0.747900 + 0.082091),0.829535 (0.747900 + 0.081635),0.833872 (0.752400 + 0.081472),0.824294 (0.742500 + 0.081794),0.841015 (0.759600 + 0.081415),0.826471 (0.745200 + 0.081271),0.833301 (0.752400 + 0.080901),0.821993 (0.739800 + 0.082193),0.840197 (0.758700 + 0.081497),0.815103 (0.733500 + 0.081603),0.823761 (0.741600 + 0.082161),0.835140 (0.754200 + 0.080940),0.815820 (0.734400 + 0.081420),0.833943 (0.752400 + 0.081543),0.809136 (0.726300 + 0.082836),0.829020 (0.747000 + 0.082020),0.813936 (0.732600 + 0.081336),0.826163 (0.745200 + 0.080963),0.818252 (0.736200 + 0.082052),0.805992 (0.723600 + 0.082392),0.834662 (0.752400 + 0.082262),0.833047 (0.751500 + 0.081547),0.833588 (0.751500 + 0.082088),0.828202 (0.747000 + 0.081202),0.823900 (0.741600 + 0.082300),0.831803 (0.749700 + 0.082103),0.813119 (0.731700 + 0.081419),0.825491 (0.743400 + 0.082091),0.831767 (0.749700 + 0.082067),0.836002 (0.755100 + 0.080902),0.813730 (0.731700 + 0.082030),0.842141 (0.760500 + 0.081641),0.825101 (0.743400 + 0.081701),0.835455 (0.753300 + 0.082155),0.825891 (0.744300 + 0.081591),0.832456 (0.750600 + 0.081857),0.842642 (0.760500 + 0.082142),0.825030 (0.742500 + 0.082530),0.814280 (0.732600 + 0.081680),0.820838 (0.739800 + 0.081038),0.824711 (0.742500 + 0.082211),0.823674 (0.741600 + 0.082074),0.826188 (0.743400 + 0.082788),0.838241 (0.756000 + 0.082241),0.827672 (0.746100 + 0.081572),0.812817 (0.730800 + 0.082017),0.838018 (0.756000 + 0.082018),0.806774 (0.725400 + 0.081374),0.839069 (0.756900 + 0.082169),0.818545 (0.736200 + 0.082345),0.819329 (0.738000 + 0.081329)
9,0.843063 (0.760500 + 0.082563),0.829148 (0.747900 + 0.081248),0.819794 (0.738000 + 0.081794),0.816168 (0.735300 + 0.080868),0.799628 (0.718200 + 0.081428),0.829653 (0.747900 + 0.081753),0.827509 (0.746100 + 0.081410),0.819330 (0.738000 + 0.081330),0.826412 (0.744300 + 0.082112),0.837761 (0.756000 + 0.081761),0.834447 (0.752400 + 0.082047),0.836002 (0.755100 + 0.080902),0.829991 (0.747900 + 0.082091),0.820509 (0.738900 + 0.081609),0.828611 (0.746100 + 0.082511),0.828330 (0.747000 + 0.081330),0.823784 (0.741600 + 0.082184),0.819317 (0.738000 + 0.081317),0.820618 (0.738900 + 0.081718),0.826333 (0.745200 + 0.081134),0.833228 (0.750600 + 0.082628),0.825570 (0.743400 + 0.082170),0.828375 (0.747900 + 0.080475),0.827836 (0.746100 + 0.081736),0.826842 (0.745200 + 0.081642),0.827142 (0.745200 + 0.081942),0.812889 (0.730800 + 0.082089),0.815349 (0.733500 + 0.081848),0.829610 (0.747900 + 0.081710),0.826684 (0.745200 + 0.081484),0.825805 (0.745200 + 0.080605),0.802742 (0.721800 + 0.080942),0.829421 (0.747000 + 0.082421),0.820599 (0.738000 + 0.082599),0.830385 (0.748800 + 0.081585),0.819496 (0.738000 + 0.081496),0.832571 (0.750600 + 0.081971),0.841046 (0.759600 + 0.081446),0.825659 (0.744300 + 0.081359),0.833182 (0.751500 + 0.081682),0.825017 (0.744300 + 0.080717),0.820766 (0.738900 + 0.081866),0.828247 (0.747000 + 0.081247),0.828389 (0.746100 + 0.082289),0.825056 (0.743400 + 0.081656),0.827342 (0.745200 + 0.082142),0.821114 (0.739800 + 0.081314),0.823350 (0.740700 + 0.082650),0.831969 (0.750600 + 0.081369),0.831658 (0.749700 + 0.081958),0.820476 (0.738000 + 0.082476),0.818697 (0.737100 + 0.081597),0.830678 (0.748800 + 0.081878),0.834664 (0.753300 + 0.081364),0.832954 (0.751500 + 0.081454),0.831294 (0.749700 + 0.081594),0.830333 (0.748800 + 0.081533),0.833862 (0.752400 + 0.081462),0.829464 (0.747900 + 0.081564),0.840178 (0.758700 + 0.081478),0.820969 (0.738900 + 0.082069),0.832864 (0.751500 + 0.081364),0.822082 (0.740700 + 0.081382),0.828045 (0.747000 + 0.081045),0.827224 (0.745200 + 0.082024),0.835991 (0.753300 + 0.082691),0.827515 (0.746100 + 0.081415),0.820330 (0.738900 + 0.081430),0.823209 (0.741600 + 0.081609),0.824514 (0.743400 + 0.081114),0.812278 (0.730800 + 0.081478),0.829979 (0.747900 + 0.082080),0.825127 (0.742500 + 0.082627),0.802084 (0.719100 + 0.082984),0.842483 (0.760500 + 0.081983),0.825620 (0.744300 + 0.081320),0.830017 (0.747900 + 0.082117),0.816375 (0.734400 + 0.081975),0.827369 (0.745200 + 0.082169),0.842518 (0.761400 + 0.081118)
10,0.843063 (0.760500 + 0.082563),0.837958 (0.756000 + 0.081958),0.826524 (0.744300 + 0.082225),0.821024 (0.738900 + 0.082124),0.822097 (0.740700 + 0.081397),0.826422 (0.745200 + 0.081222),0.823222 (0.741600 + 0.081622),0.826410 (0.744300 + 0.082110),0.842165 (0.759600 + 0.082565),0.825280 (0.743400 + 0.081880),0.827369 (0.745200 + 0.082169),0.828611 (0.746100 + 0.082511),0.827836 (0.746100 + 0.081736),0.841368 (0.758700 + 0.082668),0.833155 (0.750600 + 0.082555),0.830556 (0.747900 + 0.082656),0.801948 (0.720000 + 0.081948),0.821473 (0.739800 + 0.081673),0.813455 (0.731700 + 0.081755),0.830735 (0.748800 + 0.081935),0.829926 (0.748800 + 0.081126),0.836244 (0.754200 + 0.082044),0.830637 (0.748800 + 0.081837),0.822085 (0.740700 + 0.081385),0.826788 (0.744300 + 0.082488),0.838884 (0.757800 + 0.081084),0.824073 (0.742500 + 0.081573),0.837556 (0.755100 + 0.082456),0.833777 (0.751500 + 0.082277),0.829219 (0.747000 + 0.082219),0.830256 (0.747900 + 0.082356),0.824497 (0.742500 + 0.081997),0.816527 (0.734400 + 0.082127),0.852295 (0.771300 + 0.080995),0.828577 (0.747000 + 0.081577),0.826783 (0.745200 + 0.081583),0.831081 (0.749700 + 0.081381),0.819048 (0.738000 + 0.081048),0.817833 (0.736200 + 0.081633),0.819470 (0.738000 + 0.081470),0.823363 (0.742500 + 0.080863),0.830891 (0.749700 + 0.081191),0.829284 (0.747000 + 0.082284),0.825490 (0.744300 + 0.081190),0.838869 (0.756900 + 0.081969),0.831393 (0.749700 + 0.081693),0.832662 (0.751500 + 0.081162),0.839133 (0.757800 + 0.081333),0.835229 (0.753300 + 0.081929),0.832095 (0.750600 + 0.081495),0.832028 (0.749700 + 0.082328),0.825830 (0.744300 + 0.081530),0.820082 (0.738000 + 0.082082),0.824480 (0.742500 + 0.081980),0.829920 (0.748800 + 0.081120),0.819256 (0.737100 + 0.082156),0.829332 (0.747900 + 0.081432),0.821251 (0.739800 + 0.081451),0.819400 (0.738000 + 0.081400),0.822857 (0.740700 + 0.082157),0.826050 (0.744300 + 0.081750),0.827662 (0.746100 + 0.081562),0.831448 (0.749700 + 0.081748),0.836082 (0.754200 + 0.081882),0.832066 (0.749700 + 0.082366),0.833885 (0.752400 + 0.081485),0.838339 (0.756900 + 0.081439),0.824331 (0.742500 + 0.081831),0.835618 (0.753300 + 0.082318),0.827665 (0.746100 + 0.081565),0.830633 (0.748800 + 0.081833),0.814491 (0.732600 + 0.081891),0.828504 (0.747000 + 0.081504),0.824666 (0.743400 + 0.081266),0.828823 (0.747000 + 0.081823),0.828228 (0.746100 + 0.082128),0.834901 (0.753300 + 0.081601),0.843449 (0.762300 + 0.081149),0.814538 (0.732600 + 0.081938),0.821468 (0.739800 + 0.081668)
11,0.852295 (0.771300 + 0.080995),0.839669 (0.757800 + 0.081869),0.811958 (0.729900 + 0.082058),0.829799 (0.747900 + 0.081899),0.823659 (0.741600 + 0.082060),0.832196 (0.749700 + 0.082496),0.832778 (0.750600 + 0.082178),0.830057 (0.748800 + 0.081257),0.829369 (0.747000 + 0.082369),0.829241 (0.747900 + 0.081341),0.828839 (0.747000 + 0.081839),0.843449 (0.762300 + 0.081149),0.827836 (0.746100 + 0.081736),0.819391 (0.738000 + 0.081391),0.828194 (0.746100 + 0.082094),0.833104 (0.750600 + 0.082504),0.826971 (0.746100 + 0.080871),0.829568 (0.747900 + 0.081668),0.827448 (0.745200 + 0.082248),0.835040 (0.753300 + 0.081740),0.826946 (0.744300 + 0.082646),0.834218 (0.752400 + 0.081818),0.820923 (0.738900 + 0.082023),0.822847 (0.740700 + 0.082147),0.836155 (0.754200 + 0.081955),0.834982 (0.752400 + 0.082582),0.810446 (0.728100 + 0.082346),0.828627 (0.747000 + 0.081627),0.839269 (0.758700 + 0.080569),0.820933 (0.738900 + 0.082033),0.831472 (0.749700 + 0.081772),0.816894 (0.735300 + 0.081594),0.832155 (0.750600 + 0.081555),0.843449 (0.762300 + 0.081149),0.827227 (0.745200 + 0.082027),0.827891 (0.747000 + 0.080891),0.827491 (0.745200 + 0.082291),0.852295 (0.771300 + 0.080995),0.829926 (0.748800 + 0.081126),0.836504 (0.754200 + 0.082304),0.834754 (0.753300 + 0.081454),0.834011 (0.751500 + 0.082511),0.838276 (0.756900 + 0.081376),0.819283 (0.737100 + 0.082183),0.834483 (0.753300 + 0.081183),0.829203 (0.747000 + 0.082203),0.825320 (0.743400 + 0.081920),0.825793 (0.744300 + 0.081493),0.821688 (0.740700 + 0.080988),0.822613 (0.740700 + 0.081913),0.833864 (0.752400 + 0.081464),0.837090 (0.755100 + 0.081990),0.824347 (0.742500 + 0.081847),0.828440 (0.746100 + 0.082340),0.837072 (0.755100 + 0.081972),0.829477 (0.747900 + 0.081577),0.831062 (0.748800 + 0.082262),0.835750 (0.754200 + 0.081550),0.826609 (0.744300 + 0.082309),0.823590 (0.742500 + 0.081090),0.837981 (0.756000 + 0.081981),0.832444 (0.751500 + 0.080944),0.818318 (0.736200 + 0.082118),0.834047 (0.751500 + 0.082547),0.824666 (0.743400 + 0.081266),0.836082 (0.754200 + 0.081882),0.824073 (0.742500 + 0.081573),0.815700 (0.733500 + 0.082200),0.839379 (0.756900 + 0.082479),0.846737 (0.765000 + 0.081737),0.830633 (0.748800 + 0.081833),0.837573 (0.756000 + 0.081573),0.821251 (0.739800 + 0.081451),0.832066 (0.749700 + 0.082366),0.841368 (0.758700 + 0.082668),0.832018 (0.749700 + 0.082318),0.825703 (0.744300 + 0.081403),0.832649 (0.750600 + 0.082049),0.831839 (0.749700 + 0.082139),0.828684 (0.747000 + 0.081684)
12,0.852295 (0.771300 + 0.080995),0.832786 (0.751500 + 0.081286),0.833798 (0.752400 + 0.081398),0.824937 (0.743400 + 0.081537),0.821593 (0.739800 + 0.081793),0.828655 (0.747000 + 0.081655),0.823626 (0.741600 + 0.082026),0.825360 (0.744300 + 0.081060),0.836982 (0.754200 + 0.082783),0.816681 (0.734400 + 0.082281),0.833182 (0.750600 + 0.082582),0.825163 (0.744300 + 0.080863),0.837909 (0.756000 + 0.081909),0.841465 (0.759600 + 0.081865),0.834889 (0.752400 + 0.082489),0.833349 (0.752400 + 0.080949),0.840588 (0.758700 + 0.081888),0.833740 (0.752400 + 0.081340),0.822395 (0.739800 + 0.082595),0.818496 (0.737100 + 0.081396),0.824434 (0.742500 + 0.081934),0.834498 (0.752400 + 0.082098),0.841304 (0.758700 + 0.082604),0.847152 (0.765900 + 0.081252),0.836833 (0.754200 + 0.082633),0.841368 (0.758700 + 0.082668),0.835040 (0.753300 + 0.081740),0.818646 (0.737100 + 0.081546),0.831453 (0.749700 + 0.081753),0.830633 (0.748800 + 0.081833),0.842457 (0.761400 + 0.081057),0.834081 (0.753300 + 0.080781),0.839430 (0.756900 + 0.082530),0.818543 (0.737100 + 0.081443),0.832426 (0.751500 + 0.080926),0.838329 (0.756000 + 0.082329),0.839671 (0.758700 + 0.080971),0.832758 (0.751500 + 0.081259),0.830600 (0.748800 + 0.081800),0.814709 (0.732600 + 0.082109),0.822780 (0.740700 + 0.082080),0.825884 (0.743400 + 0.082484),0.835094 (0.753300 + 0.081794),0.830190 (0.747900 + 0.082290),0.817565 (0.736200 + 0.081365),0.827784 (0.745200 + 0.082584),0.832370 (0.750600 + 0.081770),0.822019 (0.740700 + 0.081319),0.837843 (0.756900 + 0.080943),0.832309 (0.750600 + 0.081709),0.834879 (0.753300 + 0.081579),0.831690 (0.749700 + 0.081990),0.825922 (0.744300 + 0.081622),0.832295 (0.750600 + 0.081695),0.829627 (0.747900 + 0.081727),0.849195 (0.766800 + 0.082395),0.825635 (0.744300 + 0.081335),0.834031 (0.752400 + 0.081631),0.847395 (0.766800 + 0.080596),0.834413 (0.753300 + 0.081113),0.813703 (0.732600 + 0.081103),0.827855 (0.745200 + 0.082655),0.833659 (0.751500 + 0.082159),0.821847 (0.740700 + 0.081147),0.825476 (0.744300 + 0.081176),0.829926 (0.748800 + 0.081126),0.835750 (0.754200 + 0.081550),0.832270 (0.749700 + 0.082570),0.831434 (0.750600 + 0.080835),0.836504 (0.754200 + 0.082304),0.829241 (0.747900 + 0.081341),0.835769 (0.754200 + 0.081569),0.836000 (0.754200 + 0.081800),0.839383 (0.756900 + 0.082483),0.828979 (0.747900 + 0.081079),0.818229 (0.737100 + 0.081129),0.831355 (0.748800 + 0.082555),0.834011 (0.751500 + 0.082511),0.831472 (0.749700 + 0.081772),0.831651 (0.749700 + 0.081951)
13,0.852295 (0.771300 + 0.080995),0.842410 (0.760500 + 0.081910),0.831389 (0.749700 + 0.081689),0.820075 (0.738900 + 0.081175),0.828026 (0.746100 + 0.081926),0.828511 (0.746100 + 0.082411),0.824644 (0.743400 + 0.081244),0.844796 (0.763200 + 0.081596),0.823148 (0.740700 + 0.082448),0.831205 (0.748800 + 0.082405),0.830172 (0.747900 + 0.082272),0.826023 (0.743400 + 0.082623),0.836559 (0.754200 + 0.082359),0.836677 (0.755100 + 0.081577),0.839638 (0.757800 + 0.081838),0.840996 (0.759600 + 0.081396),0.818886 (0.737100 + 0.081786),0.825372 (0.743400 + 0.081972),0.821629 (0.739800 + 0.081829),0.835985 (0.754200 + 0.081785),0.837204 (0.756000 + 0.081204),0.823765 (0.741600 + 0.082165),0.833729 (0.752400 + 0.081329),0.831701 (0.750600 + 0.081101),0.828528 (0.747000 + 0.081528),0.824457 (0.741600 + 0.082857),0.827637 (0.745200 + 0.082437),0.838102 (0.756900 + 0.081202),0.839217 (0.756900 + 0.082317),0.832840 (0.750600 + 0.082240),0.827342 (0.745200 + 0.082142),0.832465 (0.751500 + 0.080965),0.843708 (0.761400 + 0.082308),0.818219 (0.736200 + 0.082019),0.835190 (0.753300 + 0.081890),0.830686 (0.749700 + 0.080986),0.833740 (0.752400 + 0.081340),0.833668 (0.752400 + 0.081268),0.827411 (0.745200 + 0.082211),0.820567 (0.739800 + 0.080767),0.831058 (0.748800 + 0.082258),0.835990 (0.755100 + 0.080890),0.846905 (0.765900 + 0.081005),0.828810 (0.746100 + 0.082710),0.836355 (0.754200 + 0.082155),0.828763 (0.747000 + 0.081763),0.832494 (0.750600 + 0.081894),0.839430 (0.756900 + 0.082530),0.834498 (0.752400 + 0.082098),0.833944 (0.752400 + 0.081544),0.826265 (0.744300 + 0.081965),0.825710 (0.743400 + 0.082310),0.832426 (0.751500 + 0.080926),0.834613 (0.754200 + 0.080413),0.827263 (0.746100 + 0.081163),0.827078 (0.746100 + 0.080978),0.833946 (0.751500 + 0.082446),0.835094 (0.753300 + 0.081794),0.823976 (0.743400 + 0.080576),0.838142 (0.756900 + 0.081242),0.835669 (0.754200 + 0.081469),0.831156 (0.750600 + 0.080556),0.834288 (0.753300 + 0.080988),0.840699 (0.759600 + 0.081099),0.835147 (0.754200 + 0.080947),0.819630 (0.737100 + 0.082530),0.811464 (0.729900 + 0.081564),0.837428 (0.755100 + 0.082328),0.823376 (0.741600 + 0.081776),0.839794 (0.757800 + 0.081994),0.826708 (0.745200 + 0.081508),0.835595 (0.754200 + 0.081395),0.839593 (0.758700 + 0.080893),0.850761 (0.769500 + 0.081261),0.834492 (0.753300 + 0.081192),0.839792 (0.757800 + 0.081993),0.837886 (0.756000 + 0.081886),0.826006 (0.744300 + 0.081706),0.831374 (0.750600 + 0.080774),0.833349 (0.752400 + 0.080949)
14,0.852295 (0.771300 + 0.080995),0.832467 (0.751500 + 0.080967),0.861586 (0.780300 + 0.081286),0.844264 (0.763200 + 0.081064),0.833309 (0.752400 + 0.080909),0.850318 (0.768600 + 0.081718),0.827784 (0.747000 + 0.080784),0.835679 (0.754200 + 0.081479),0.826681 (0.744300 + 0.082381),0.832305 (0.750600 + 0.081705),0.842757 (0.762300 + 0.080457),0.835669 (0.754200 + 0.081469),0.828026 (0.746100 + 0.081926),0.832091 (0.750600 + 0.081491),0.827082 (0.745200 + 0.081882),0.837112 (0.756000 + 0.081112),0.839146 (0.757800 + 0.081346),0.824916 (0.743400 + 0.081516),0.832132 (0.750600 + 0.081532),0.837392 (0.756000 + 0.081392),0.834065 (0.753300 + 0.080765),0.833606 (0.752400 + 0.081206),0.840104 (0.757800 + 0.082304),0.827870 (0.747000 + 0.080870),0.824863 (0.742500 + 0.082363),0.835492 (0.754200 + 0.081292),0.832911 (0.750600 + 0.082311),0.827713 (0.746100 + 0.081613),0.840149 (0.757800 + 0.082349),0.826542 (0.744300 + 0.082242),0.833806 (0.752400 + 0.081406),0.832946 (0.751500 + 0.081446),0.834847 (0.753300 + 0.081547),0.838945 (0.756900 + 0.082045),0.832248 (0.751500 + 0.080748),0.820043 (0.738000 + 0.082043),0.828247 (0.747900 + 0.080347),0.834713 (0.753300 + 0.081413),0.820454 (0.738900 + 0.081554),0.838838 (0.756900 + 0.081938),0.828050 (0.747000 + 0.081050),0.833311 (0.751500 + 0.081811),0.834369 (0.752400 + 0.081969),0.833079 (0.752400 + 0.080679),0.828910 (0.747900 + 0.081010),0.854111 (0.773100 + 0.081011),0.841164 (0.759600 + 0.081564),0.835688 (0.754200 + 0.081488),0.838539 (0.756000 + 0.082539),0.834425 (0.752400 + 0.082025),0.835625 (0.754200 + 0.081425),0.830918 (0.750600 + 0.080318),0.827030 (0.746100 + 0.080930),0.831009 (0.749700 + 0.081309),0.837770 (0.756000 + 0.081770),0.830547 (0.748800 + 0.081747),0.816729 (0.734400 + 0.082329),0.827117 (0.745200 + 0.081917),0.827704 (0.746100 + 0.081604),0.832454 (0.750600 + 0.081854),0.844461 (0.763200 + 0.081261),0.823096 (0.741600 + 0.081496),0.831128 (0.749700 + 0.081428),0.837348 (0.756000 + 0.081348),0.830760 (0.748800 + 0.081960),0.839463 (0.758700 + 0.080763),0.831344 (0.751500 + 0.079844),0.826450 (0.745200 + 0.081250),0.841501 (0.760500 + 0.081001),0.829552 (0.747000 + 0.082552),0.830651 (0.748800 + 0.081851),0.832694 (0.751500 + 0.081194),0.845100 (0.764100 + 0.081000),0.848986 (0.767700 + 0.081286),0.818564 (0.737100 + 0.081464),0.846960 (0.765900 + 0.081060),0.829165 (0.747000 + 0.082165),0.825688 (0.744300 + 0.081388),0.822098 (0.739800 + 0.082298),0.837204 (0.756000 + 0.081204)
15,0.861586 (0.780300 + 0.081286),0.823851 (0.741600 + 0.082251),0.834095 (0.752400 + 0.081695),0.836968 (0.756000 + 0.080968),0.827542 (0.746100 + 0.081442),0.852034 (0.770400 + 0.081634),0.826082 (0.744300 + 0.081782),0.824409 (0.743400 + 0.081009),0.837444 (0.756000 + 0.081444),0.831489 (0.749700 + 0.081789),0.838877 (0.757800 + 0.081078),0.838768 (0.757800 + 0.080968),0.845085 (0.764100 + 0.080985),0.844061 (0.762300 + 0.081761),0.832292 (0.751500 + 0.080792),0.844112 (0.763200 + 0.080912),0.830008 (0.747900 + 0.082108),0.843859 (0.763200 + 0.080659),0.835958 (0.755100 + 0.080858),0.848505 (0.766800 + 0.081705),0.825418 (0.744300 + 0.081118),0.846057 (0.765000 + 0.081057),0.833311 (0.751500 + 0.081811),0.843191 (0.761400 + 0.081791),0.820233 (0.738900 + 0.081333),0.833391 (0.751500 + 0.081891),0.841039 (0.759600 + 0.081439),0.820394 (0.739800 + 0.080594),0.840810 (0.759600 + 0.081210),0.830630 (0.748800 + 0.081830),0.838615 (0.757800 + 0.080815),0.816528 (0.734400 + 0.082128),0.841586 (0.760500 + 0.081086),0.853980 (0.773100 + 0.080880),0.829723 (0.747900 + 0.081823),0.840431 (0.758700 + 0.081731),0.846663 (0.764100 + 0.082563),0.824797 (0.743400 + 0.081397),0.833015 (0.751500 + 0.081515),0.831992 (0.750600 + 0.081392),0.833251 (0.752400 + 0.080851),0.844003 (0.763200 + 0.080803),0.840172 (0.758700 + 0.081472),0.847030 (0.765900 + 0.081130),0.825685 (0.744300 + 0.081385),0.827704 (0.746100 + 0.081604),0.832454 (0.750600 + 0.081854),0.833526 (0.751500 + 0.082026),0.835492 (0.754200 + 0.081292),0.833889 (0.752400 + 0.081489),0.835713 (0.754200 + 0.081513),0.832927 (0.751500 + 0.081427),0.823987 (0.741600 + 0.082387),0.829152 (0.747900 + 0.081252),0.835802 (0.754200 + 0.081602),0.838157 (0.756900 + 0.081257),0.854160 (0.772200 + 0.081960),0.852295 (0.771300 + 0.080995),0.820078 (0.738900 + 0.081178),0.839419 (0.758700 + 0.080719),0.839159 (0.757800 + 0.081359),0.841679 (0.760500 + 0.081179),0.840075 (0.757800 + 0.082275),0.835085 (0.753300 + 0.081785),0.837513 (0.756000 + 0.081513),0.841481 (0.759600 + 0.081881),0.831309 (0.750600 + 0.080709),0.844021 (0.762300 + 0.081721),0.833391 (0.751500 + 0.081891),0.831116 (0.748800 + 0.082316),0.837863 (0.756900 + 0.080963),0.834678 (0.752400 + 0.082278),0.834034 (0.753300 + 0.080734),0.840487 (0.759600 + 0.080887),0.837564 (0.756000 + 0.081564),0.835473 (0.755100 + 0.080373),0.831141 (0.749700 + 0.081441),0.831142 (0.749700 + 0.081442),0.856013 (0.774900 + 0.081113),0.852295 (0.771300 + 0.080995)
16,0.861586 (0.780300 + 0.081286),0.829538 (0.747900 + 0.081638),0.819907 (0.738900 + 0.081007),0.825290 (0.745200 + 0.080090),0.830841 (0.749700 + 0.081141),0.835688 (0.754200 + 0.081488),0.825208 (0.744300 + 0.080908),0.835803 (0.755100 + 0.080703),0.817402 (0.736200 + 0.081202),0.828206 (0.746100 + 0.082106),0.833071 (0.751500 + 0.081571),0.836110 (0.754200 + 0.081910),0.852009 (0.770400 + 0.081609),0.838241 (0.756900 + 0.081341),0.845945 (0.765000 + 0.080945),0.836825 (0.754200 + 0.082625),0.834026 (0.753300 + 0.080726),0.830929 (0.749700 + 0.081229),0.840363 (0.759600 + 0.080763),0.841443 (0.760500 + 0.080943),0.826051 (0.744300 + 0.081751),0.840431 (0.758700 + 0.081731),0.837863 (0.756900 + 0.080963),0.850226 (0.768600 + 0.081626),0.836899 (0.755100 + 0.081800),0.837738 (0.756000 + 0.081738),0.836074 (0.754200 + 0.081874),0.834607 (0.753300 + 0.081307),0.825418 (0.744300 + 0.081118),0.834373 (0.753300 + 0.081073),0.833957 (0.752400 + 0.081557),0.835636 (0.754200 + 0.081436),0.826284 (0.746100 + 0.080185),0.849843 (0.768600 + 0.081243),0.832651 (0.751500 + 0.081151),0.833812 (0.751500 + 0.082312),0.837547 (0.756000 + 0.081547),0.838096 (0.756000 + 0.082096),0.842117 (0.761400 + 0.080717),0.841481 (0.759600 + 0.081881),0.828570 (0.747000 + 0.081570),0.846663 (0.764100 + 0.082563),0.833391 (0.751500 + 0.081891),0.854160 (0.772200 + 0.081960),0.852295 (0.771300 + 0.080995),0.848026 (0.766800 + 0.081226),0.830497 (0.748800 + 0.081697),0.832823 (0.751500 + 0.081323),0.836424 (0.754200 + 0.082224),0.827816 (0.747000 + 0.080816),0.828698 (0.747900 + 0.080798),0.844144 (0.763200 + 0.080944),0.848050 (0.766800 + 0.081250),0.830736 (0.748800 + 0.081936),0.838085 (0.756900 + 0.081185),0.839957 (0.759600 + 0.080357),0.843615 (0.762300 + 0.081315),0.847169 (0.765900 + 0.081269),0.834957 (0.754200 + 0.080757),0.836703 (0.755100 + 0.081603),0.829244 (0.747900 + 0.081344),0.847170 (0.765900 + 0.081270),0.852295 (0.771300 + 0.080995),0.852180 (0.770400 + 0.081780),0.847863 (0.766800 + 0.081063),0.844246 (0.763200 + 0.081046),0.846960 (0.765900 + 0.081060),0.830099 (0.749700 + 0.080399),0.846030 (0.764100 + 0.081930),0.845030 (0.764100 + 0.080930),0.825573 (0.743400 + 0.082173),0.834555 (0.753300 + 0.081255),0.833961 (0.752400 + 0.081561),0.837273 (0.755100 + 0.082173),0.846446 (0.765000 + 0.081446),0.825042 (0.744300 + 0.080742),0.838324 (0.756900 + 0.081424),0.832783 (0.751500 + 0.081283),0.838882 (0.757800 + 0.081082),0.828436 (0.747000 + 0.081436)
17,0.861586 (0.780300 + 0.081286),0.826353 (0.744300 + 0.082053),0.839543 (0.758700 + 0.080843),0.852295 (0.771300 + 0.080995),0.839082 (0.757800 + 0.081282),0.833533 (0.751500 + 0.082033),0.835824 (0.754200 + 0.081624),0.835311 (0.753300 + 0.082011),0.841044 (0.759600 + 0.081444),0.837595 (0.756000 + 0.081595),0.836501 (0.755100 + 0.081401),0.841703 (0.760500 + 0.081203),0.840053 (0.758700 + 0.081354),0.833158 (0.751500 + 0.081658),0.843678 (0.762300 + 0.081378),0.838219 (0.756900 + 0.081319),0.848623 (0.767700 + 0.080923),0.841899 (0.761400 + 0.080499),0.839574 (0.757800 + 0.081774),0.837161 (0.756000 + 0.081161),0.830494 (0.748800 + 0.081694),0.843464 (0.762300 + 0.081164),0.854160 (0.772200 + 0.081960),0.831813 (0.750600 + 0.081213),0.843423 (0.762300 + 0.081123),0.844270 (0.763200 + 0.081070),0.832553 (0.750600 + 0.081953),0.852295 (0.771300 + 0.080995),0.836825 (0.754200 + 0.082625),0.830241 (0.749700 + 0.080541),0.836438 (0.755100 + 0.081338),0.841805 (0.760500 + 0.081305),0.841575 (0.760500 + 0.081075),0.840538 (0.759600 + 0.080938),0.844430 (0.763200 + 0.081230),0.838556 (0.757800 + 0.080756),0.840431 (0.758700 + 0.081731),0.846338 (0.765000 + 0.081338),0.859879 (0.778500 + 0.081379),0.848886 (0.767700 + 0.081186),0.844246 (0.763200 + 0.081046),0.822815 (0.741600 + 0.081215),0.835167 (0.754200 + 0.080967),0.828891 (0.747000 + 0.081891),0.831446 (0.750600 + 0.080846),0.832615 (0.750600 + 0.082015),0.840526 (0.759600 + 0.080926),0.852288 (0.770400 + 0.081888),0.838528 (0.756900 + 0.081628),0.828611 (0.746100 + 0.082511),0.829818 (0.747900 + 0.081918),0.847562 (0.766800 + 0.080762),0.845024 (0.764100 + 0.080924),0.840127 (0.759600 + 0.080527),0.837449 (0.755100 + 0.082349),0.841392 (0.760500 + 0.080892),0.846077 (0.765000 + 0.081077),0.837137 (0.756000 + 0.081137),0.849265 (0.768600 + 0.080665),0.848050 (0.766800 + 0.081250),0.843615 (0.762300 + 0.081315),0.841425 (0.760500 + 0.080925),0.833038 (0.752400 + 0.080638),0.827220 (0.746100 + 0.081120),0.842971 (0.761400 + 0.081571),0.839859 (0.758700 + 0.081159),0.848186 (0.766800 + 0.081386),0.828741 (0.747000 + 0.081742),0.838433 (0.757800 + 0.080633),0.836229 (0.754200 + 0.082029),0.833285 (0.753300 + 0.079985),0.846378 (0.765000 + 0.081378),0.844144 (0.763200 + 0.080944),0.839162 (0.757800 + 0.081362),0.839138 (0.757800 + 0.081338),0.836277 (0.755100 + 0.081178),0.842634 (0.761400 + 0.081234),0.829552 (0.747000 + 0.082552),0.840206 (0.759600 + 0.080606),0.828453 (0.747000 + 0.081453)
18,0.861586 (0.780300 + 0.081286),0.833685 (0.752400 + 0.081285),0.844300 (0.763200 + 0.081100),0.842523 (0.761400 + 0.081123),0.823603 (0.741600 + 0.082003),0.833077 (0.752400 + 0.080677),0.833264 (0.751500 + 0.081764),0.825065 (0.744300 + 0.080765),0.841575 (0.760500 + 0.081075),0.832685 (0.751500 + 0.081185),0.843678 (0.762300 + 0.081378),0.841902 (0.761400 + 0.080503),0.831717 (0.750600 + 0.081117),0.841715 (0.760500 + 0.081215),0.843461 (0.762300 + 0.081161),0.844810 (0.764100 + 0.080710),0.841230 (0.760500 + 0.080730),0.832398 (0.752400 + 0.079998),0.833880 (0.753300 + 0.080580),0.854361 (0.773100 + 0.081261),0.839584 (0.757800 + 0.081784),0.831534 (0.750600 + 0.080934),0.843884 (0.762300 + 0.081584),0.834153 (0.753300 + 0.080853),0.834559 (0.753300 + 0.081259),0.830827 (0.749700 + 0.081127),0.836558 (0.756000 + 0.080558),0.844470 (0.762300 + 0.082170),0.833923 (0.752400 + 0.081523),0.838459 (0.756900 + 0.081559),0.832795 (0.751500 + 0.081295),0.830455 (0.749700 + 0.080755),0.843110 (0.761400 + 0.081710),0.844634 (0.763200 + 0.081434),0.837437 (0.756900 + 0.080537),0.835153 (0.754200 + 0.080953),0.845115 (0.764100 + 0.081015),0.830202 (0.748800 + 0.081402),0.834275 (0.753300 + 0.080975),0.841186 (0.760500 + 0.080685),0.824422 (0.742500 + 0.081922),0.851447 (0.769500 + 0.081947),0.845047 (0.764100 + 0.080947),0.830708 (0.749700 + 0.081008),0.829173 (0.747900 + 0.081273),0.844205 (0.763200 + 0.081005),0.819337 (0.739800 + 0.079537),0.841961 (0.760500 + 0.081461),0.833264 (0.752400 + 0.080864),0.837900 (0.756900 + 0.081000),0.854160 (0.772200 + 0.081960),0.837356 (0.756000 + 0.081356),0.840586 (0.759600 + 0.080986),0.843291 (0.762300 + 0.080991),0.835207 (0.753300 + 0.081907),0.849898 (0.769500 + 0.080398),0.841273 (0.760500 + 0.080773),0.840531 (0.759600 + 0.080931),0.836082 (0.755100 + 0.080982),0.838210 (0.756900 + 0.081310),0.837586 (0.756900 + 0.080686),0.836522 (0.755100 + 0.081422),0.839023 (0.757800 + 0.081223),0.839623 (0.758700 + 0.080923),0.844089 (0.762300 + 0.081789),0.841026 (0.759600 + 0.081426),0.829009 (0.747900 + 0.081109),0.829116 (0.747900 + 0.081216),0.843443 (0.762300 + 0.081143),0.841202 (0.760500 + 0.080702),0.851255 (0.770400 + 0.080855),0.841134 (0.760500 + 0.080634),0.847541 (0.765900 + 0.081641),0.840973 (0.759600 + 0.081373),0.827179 (0.746100 + 0.081079),0.850397 (0.769500 + 0.080897),0.827844 (0.747000 + 0.080844),0.839194 (0.757800 + 0.081394),0.844003 (0.763200 + 0.080803),0.838720 (0.757800 + 0.080920)
19,0.861586 (0.780300 + 0.081286),0.827808 (0.747000 + 0.080808),0.825386 (0.744300 + 0.081086),0.843772 (0.763200 + 0.080572),0.849484 (0.768600 + 0.080884),0.843784 (0.762300 + 0.081484),0.845487 (0.764100 + 0.081387),0.822959 (0.741600 + 0.081359),0.860054 (0.779400 + 0.080654),0.830879 (0.749700 + 0.081179),0.849445 (0.768600 + 0.080845),0.845281 (0.764100 + 0.081181),0.845177 (0.764100 + 0.081077),0.850729 (0.769500 + 0.081229),0.844151 (0.762300 + 0.081851),0.835187 (0.754200 + 0.080988),0.859999 (0.779400 + 0.080600),0.821761 (0.740700 + 0.081061),0.827252 (0.746100 + 0.081152),0.849534 (0.768600 + 0.080934),0.842304 (0.760500 + 0.081804),0.839080 (0.757800 + 0.081280),0.828929 (0.747900 + 0.081029),0.855693 (0.774900 + 0.080793),0.835693 (0.755100 + 0.080593),0.837477 (0.756000 + 0.081477),0.839097 (0.757800 + 0.081297),0.840505 (0.760500 + 0.080005),0.833148 (0.751500 + 0.081648),0.845047 (0.764100 + 0.080947),0.839176 (0.758700 + 0.080476),0.839254 (0.758700 + 0.080554),0.830231 (0.748800 + 0.081431),0.838860 (0.756900 + 0.081960),0.847373 (0.765900 + 0.081473),0.836732 (0.756000 + 0.080732),0.838417 (0.757800 + 0.080617),0.828405 (0.747000 + 0.081405),0.845858 (0.765000 + 0.080858),0.852932 (0.772200 + 0.080732),0.842957 (0.762300 + 0.080657),0.839676 (0.758700 + 0.080976),0.835358 (0.754200 + 0.081158),0.820710 (0.738900 + 0.081810),0.823336 (0.742500 + 0.080836),0.843840 (0.762300 + 0.081540),0.841739 (0.760500 + 0.081239),0.848991 (0.767700 + 0.081291),0.848938 (0.766800 + 0.082138),0.837602 (0.756900 + 0.080702),0.838698 (0.757800 + 0.080898),0.851095 (0.770400 + 0.080695),0.827450 (0.746100 + 0.081350),0.839372 (0.757800 + 0.081572),0.847035 (0.765900 + 0.081135),0.833078 (0.751500 + 0.081578),0.832858 (0.751500 + 0.081358),0.835901 (0.754200 + 0.081701),0.837184 (0.756000 + 0.081184),0.835732 (0.754200 + 0.081532),0.849797 (0.768600 + 0.081197),0.849079 (0.768600 + 0.080479),0.835389 (0.754200 + 0.081189),0.833441 (0.752400 + 0.081041),0.849387 (0.768600 + 0.080787),0.846390 (0.765900 + 0.080490),0.835202 (0.754200 + 0.081002),0.835776 (0.754200 + 0.081576),0.832783 (0.751500 + 0.081283),0.852054 (0.770400 + 0.081654),0.832771 (0.751500 + 0.081271),0.843884 (0.762300 + 0.081584),0.840586 (0.759600 + 0.080986),0.838027 (0.756900 + 0.081127),0.842705 (0.760500 + 0.082205),0.828710 (0.747000 + 0.081710),0.842325 (0.761400 + 0.080925),0.840429 (0.758700 + 0.081729),0.840836 (0.759600 + 0.081236),0.830140 (0.748800 + 0.081340)
20,0.861586 (0.780300 + 0.081286),0.842576 (0.761400 + 0.081176),0.851060 (0.769500 + 0.081560),0.855420 (0.774900 + 0.080520),0.853127 (0.772200 + 0.080927),0.855947 (0.774900 + 0.081047),0.832957 (0.751500 + 0.081457),0.833003 (0.752400 + 0.080603),0.834173 (0.752400 + 0.081773),0.851186 (0.770400 + 0.080786),0.848147 (0.766800 + 0.081347),0.846761 (0.765900 + 0.080861),0.841015 (0.760500 + 0.080515),0.851096 (0.770400 + 0.080696),0.848708 (0.767700 + 0.081008),0.845870 (0.765000 + 0.080870),0.855201 (0.774900 + 0.080301),0.835755 (0.754200 + 0.081555),0.833504 (0.752400 + 0.081104),0.846350 (0.765000 + 0.081350),0.842106 (0.761400 + 0.080707),0.842113 (0.760500 + 0.081613),0.859143 (0.778500 + 0.080643),0.846017 (0.764100 + 0.081917),0.843188 (0.762300 + 0.080888),0.846394 (0.765000 + 0.081394),0.832795 (0.751500 + 0.081295),0.850532 (0.769500 + 0.081032),0.844622 (0.764100 + 0.080522),0.835456 (0.754200 + 0.081256),0.834687 (0.754200 + 0.080487),0.843511 (0.762300 + 0.081211),0.846390 (0.765900 + 0.080490),0.843021 (0.761400 + 0.081621),0.849850 (0.769500 + 0.080350),0.849143 (0.767700 + 0.081443),0.835059 (0.754200 + 0.080859),0.851095 (0.770400 + 0.080695),0.848041 (0.767700 + 0.080342),0.833540 (0.752400 + 0.081140),0.862688 (0.782100 + 0.080588),0.839666 (0.758700 + 0.080966),0.836147 (0.755100 + 0.081047),0.848582 (0.767700 + 0.080882),0.846570 (0.765900 + 0.080670),0.830622 (0.749700 + 0.080922),0.845858 (0.765000 + 0.080858),0.855610 (0.774900 + 0.080710),0.835829 (0.754200 + 0.081629),0.841596 (0.761400 + 0.080196),0.842151 (0.760500 + 0.081651),0.826968 (0.745200 + 0.081768),0.849381 (0.768600 + 0.080781),0.823102 (0.741600 + 0.081503),0.841187 (0.759600 + 0.081587),0.847783 (0.766800 + 0.080983),0.838349 (0.757800 + 0.080549),0.858550 (0.777600 + 0.080950),0.839267 (0.757800 + 0.081467),0.843930 (0.763200 + 0.080730),0.843984 (0.762300 + 0.081684),0.835546 (0.754200 + 0.081346),0.838801 (0.757800 + 0.081001),0.842337 (0.761400 + 0.080938),0.845281 (0.764100 + 0.081181),0.835776 (0.754200 + 0.081576),0.835358 (0.754200 + 0.081158),0.824287 (0.743400 + 0.080887),0.841995 (0.760500 + 0.081495),0.849187 (0.768600 + 0.080587),0.836000 (0.755100 + 0.080900),0.831153 (0.749700 + 0.081453),0.835475 (0.754200 + 0.081275),0.831438 (0.749700 + 0.081738),0.836161 (0.755100 + 0.081061),0.846937 (0.765900 + 0.081037),0.827275 (0.746100 + 0.081175),0.831513 (0.749700 + 0.081813),0.845526 (0.765000 + 0.080526),0.840930 (0.759600 + 0.081330)
21,0.862688 (0.782100 + 0.080588),0.853457 (0.773100 + 0.080357),0.837822 (0.756900 + 0.080922),0.836643 (0.756000 + 0.080643),0.849260 (0.767700 + 0.081560),0.833574 (0.752400 + 0.081174),0.846390 (0.765900 + 0.080490),0.849252 (0.768600 + 0.080652),0.829378 (0.748800 + 0.080578),0.838700 (0.757800 + 0.080900),0.846058 (0.765000 + 0.081059),0.835846 (0.755100 + 0.080746),0.842518 (0.761400 + 0.081118),0.841869 (0.761400 + 0.080469),0.843203 (0.761400 + 0.081803),0.838398 (0.756900 + 0.081498),0.842295 (0.761400 + 0.080895),0.847123 (0.765000 + 0.082123),0.842071 (0.761400 + 0.080671),0.846921 (0.765900 + 0.081021),0.844629 (0.764100 + 0.080529),0.838392 (0.757800 + 0.080592),0.843363 (0.762300 + 0.081063),0.843984 (0.762300 + 0.081684),0.827275 (0.746100 + 0.081175),0.839532 (0.758700 + 0.080832),0.849969 (0.769500 + 0.080469),0.830921 (0.749700 + 0.081221),0.847453 (0.766800 + 0.080653),0.833544 (0.752400 + 0.081144),0.840349 (0.759600 + 0.080749),0.831942 (0.750600 + 0.081342),0.841739 (0.760500 + 0.081239),0.839382 (0.757800 + 0.081582),0.839370 (0.758700 + 0.080670),0.835494 (0.754200 + 0.081294),0.829782 (0.748800 + 0.080982),0.833345 (0.752400 + 0.080945),0.846789 (0.765900 + 0.080889),0.851095 (0.770400 + 0.080695),0.839666 (0.758700 + 0.080966),0.840944 (0.760500 + 0.080444),0.854619 (0.773100 + 0.081519),0.848581 (0.767700 + 0.080881),0.832382 (0.750600 + 0.081782),0.843119 (0.762300 + 0.080819),0.853427 (0.773100 + 0.080327),0.852540 (0.772200 + 0.080340),0.840198 (0.759600 + 0.080598),0.842657 (0.761400 + 0.081257),0.861640 (0.781200 + 0.080440),0.844887 (0.764100 + 0.080787),0.842800 (0.762300 + 0.080500),0.849966 (0.769500 + 0.080466),0.846390 (0.765900 + 0.080490),0.842202 (0.761400 + 0.080802),0.842654 (0.761400 + 0.081254),0.849531 (0.768600 + 0.080931),0.856491 (0.775800 + 0.080691),0.847815 (0.766800 + 0.081015),0.843947 (0.763200 + 0.080747),0.838612 (0.757800 + 0.080812),0.842628 (0.761400 + 0.081228),0.836462 (0.756000 + 0.080462),0.849341 (0.768600 + 0.080741),0.845858 (0.765000 + 0.080858),0.848582 (0.767700 + 0.080882),0.854157 (0.773100 + 0.081057),0.834993 (0.754200 + 0.080793),0.827181 (0.746100 + 0.081081),0.836450 (0.756000 + 0.080450),0.840442 (0.759600 + 0.080842),0.840930 (0.759600 + 0.081330),0.831854 (0.750600 + 0.081254),0.836164 (0.755100 + 0.081064),0.849458 (0.768600 + 0.080858),0.842339 (0.761400 + 0.080939),0.832221 (0.750600 + 0.081621),0.841731 (0.760500 + 0.081231),0.848687 (0.766800 + 0.081887)
22,0.862688 (0.782100 + 0.080588),0.838560 (0.757800 + 0.080760),0.830561 (0.749700 + 0.080861),0.830778 (0.750600 + 0.080178),0.829154 (0.747900 + 0.081254),0.842827 (0.762300 + 0.080527),0.840806 (0.759600 + 0.081206),0.834380 (0.754200 + 0.080180),0.842289 (0.761400 + 0.080889),0.824656 (0.743400 + 0.081256),0.849544 (0.768600 + 0.080944),0.835231 (0.754200 + 0.081031),0.841628 (0.759600 + 0.082028),0.841557 (0.760500 + 0.081057),0.846832 (0.765900 + 0.080932),0.840139 (0.759600 + 0.080539),0.844116 (0.763200 + 0.080916),0.839616 (0.758700 + 0.080916),0.858506 (0.778500 + 0.080006),0.852772 (0.772200 + 0.080572),0.839667 (0.758700 + 0.080967),0.836947 (0.756000 + 0.080947),0.842457 (0.761400 + 0.081057),0.847773 (0.766800 + 0.080973),0.846648 (0.765900 + 0.080748),0.841528 (0.761400 + 0.080128),0.834115 (0.753300 + 0.080815),0.856776 (0.775800 + 0.080976),0.835082 (0.754200 + 0.080882),0.843764 (0.762300 + 0.081464),0.846181 (0.765000 + 0.081181),0.841123 (0.760500 + 0.080623),0.832762 (0.751500 + 0.081262),0.836881 (0.756000 + 0.080881),0.840331 (0.759600 + 0.080731),0.845824 (0.764100 + 0.081724),0.842409 (0.761400 + 0.081009),0.863223 (0.783000 + 0.080223),0.839946 (0.758700 + 0.081246),0.849087 (0.768600 + 0.080487),0.846103 (0.765000 + 0.081103),0.846429 (0.765900 + 0.080529),0.838231 (0.757800 + 0.080431),0.857949 (0.776700 + 0.081249),0.838722 (0.757800 + 0.080922),0.845716 (0.765000 + 0.080716),0.834234 (0.753300 + 0.080934),0.850532 (0.769500 + 0.081032),0.846814 (0.765900 + 0.080914),0.840257 (0.759600 + 0.080657),0.861721 (0.781200 + 0.080521),0.849731 (0.768600 + 0.081131),0.842586 (0.762300 + 0.080286),0.840419 (0.759600 + 0.080819),0.842819 (0.761400 + 0.081419),0.845247 (0.764100 + 0.081147),0.850613 (0.770400 + 0.080213),0.844276 (0.763200 + 0.081076),0.842935 (0.762300 + 0.080635),0.849568 (0.768600 + 0.080968),0.848315 (0.767700 + 0.080615),0.855471 (0.774900 + 0.080571),0.840125 (0.759600 + 0.080525),0.844770 (0.764100 + 0.080670),0.853901 (0.773100 + 0.080801),0.849655 (0.767700 + 0.081955),0.835108 (0.754200 + 0.080908),0.835592 (0.755100 + 0.080492),0.853031 (0.772200 + 0.080831),0.844113 (0.763200 + 0.080913),0.838225 (0.757800 + 0.080425),0.834446 (0.754200 + 0.080246),0.845351 (0.764100 + 0.081251),0.848992 (0.767700 + 0.081292),0.842721 (0.761400 + 0.081321),0.842719 (0.762300 + 0.080419),0.836955 (0.756000 + 0.080955),0.851095 (0.770400 + 0.080695),0.849531 (0.768600 + 0.080931),0.838138 (0.756900 + 0.081238)
23,0.863223 (0.783000 + 0.080223),0.852948 (0.772200 + 0.080748),0.857116 (0.775800 + 0.081316),0.858506 (0.778500 + 0.080006),0.836501 (0.756000 + 0.080501),0.838853 (0.756900 + 0.081953),0.841146 (0.759600 + 0.081546),0.850251 (0.769500 + 0.080751),0.840011 (0.759600 + 0.080411),0.829395 (0.748800 + 0.080595),0.858620 (0.777600 + 0.081020),0.838464 (0.757800 + 0.080664),0.839430 (0.758700 + 0.080730),0.838779 (0.757800 + 0.080979),0.849912 (0.768600 + 0.081312),0.842024 (0.761400 + 0.080624),0.859322 (0.778500 + 0.080822),0.859356 (0.779400 + 0.079956),0.848677 (0.767700 + 0.080977),0.847812 (0.766800 + 0.081013),0.854916 (0.774900 + 0.080016),0.846424 (0.765000 + 0.081424),0.840678 (0.759600 + 0.081078),0.857455 (0.776700 + 0.080755),0.848713 (0.767700 + 0.081013),0.838644 (0.757800 + 0.080844),0.836918 (0.755100 + 0.081818),0.849090 (0.768600 + 0.080490),0.864978 (0.784800 + 0.080178),0.851485 (0.770400 + 0.081085),0.833650 (0.753300 + 0.080350),0.847435 (0.766800 + 0.080635),0.848110 (0.766800 + 0.081310),0.828610 (0.747900 + 0.080710),0.833495 (0.752400 + 0.081095),0.845769 (0.764100 + 0.081669),0.840315 (0.758700 + 0.081615),0.836001 (0.755100 + 0.080901),0.844491 (0.763200 + 0.081291),0.845644 (0.765000 + 0.080644),0.838225 (0.757800 + 0.080425),0.841981 (0.761400 + 0.080581),0.853536 (0.773100 + 0.080436),0.836693 (0.756000 + 0.080693),0.849150 (0.768600 + 0.080550),0.846767 (0.765900 + 0.080867),0.840725 (0.758700 + 0.082026),0.853031 (0.772200 + 0.080831),0.849087 (0.768600 + 0.080487),0.843361 (0.763200 + 0.080161),0.835776 (0.755100 + 0.080676),0.848468 (0.767700 + 0.080768),0.840806 (0.759600 + 0.081206),0.847188 (0.766800 + 0.080388),0.835764 (0.755100 + 0.080664),0.852364 (0.772200 + 0.080164),0.841988 (0.761400 + 0.080588),0.845402 (0.765000 + 0.080402),0.832454 (0.751500 + 0.080954),0.851149 (0.770400 + 0.080749),0.852439 (0.771300 + 0.081139),0.839963 (0.758700 + 0.081263),0.851019 (0.770400 + 0.080619),0.838010 (0.756900 + 0.081110),0.839135 (0.758700 + 0.080435),0.852913 (0.772200 + 0.080713),0.850701 (0.769500 + 0.081201),0.836365 (0.756000 + 0.080365),0.848004 (0.767700 + 0.080304),0.840995 (0.760500 + 0.080495),0.840835 (0.760500 + 0.080335),0.854767 (0.774000 + 0.080767),0.844092 (0.763200 + 0.080892),0.852583 (0.772200 + 0.080383),0.839477 (0.758700 + 0.080777),0.840188 (0.759600 + 0.080588),0.851551 (0.770400 + 0.081151),0.826030 (0.745200 + 0.080830),0.849774 (0.768600 + 0.081174),0.847576 (0.766800 + 0.080776)
24,0.864978 (0.784800 + 0.080178),0.844736 (0.764100 + 0.080636),0.849517 (0.769500 + 0.080017),0.845953 (0.765900 + 0.080052),0.850444 (0.769500 + 0.080944),0.840387 (0.759600 + 0.080787),0.853347 (0.773100 + 0.080247),0.856125 (0.775800 + 0.080325),0.839267 (0.758700 + 0.080567),0.852050 (0.771300 + 0.080750),0.842725 (0.762300 + 0.080425),0.843120 (0.762300 + 0.080820),0.852505 (0.771300 + 0.081205),0.858620 (0.777600 + 0.081020),0.846414 (0.765900 + 0.080514),0.835805 (0.755100 + 0.080705),0.840375 (0.759600 + 0.080776),0.851528 (0.771300 + 0.080228),0.855621 (0.774900 + 0.080721),0.851954 (0.771300 + 0.080654),0.851455 (0.771300 + 0.080155),0.846125 (0.765000 + 0.081125),0.849091 (0.767700 + 0.081391),0.860592 (0.780300 + 0.080292),0.851298 (0.770400 + 0.080898),0.851485 (0.770400 + 0.081085),0.849774 (0.768600 + 0.081174),0.847469 (0.765900 + 0.081569),0.832498 (0.751500 + 0.080998),0.845093 (0.764100 + 0.080993),0.843495 (0.762300 + 0.081195),0.848844 (0.768600 + 0.080244),0.851023 (0.770400 + 0.080623),0.839483 (0.758700 + 0.080783),0.850467 (0.770400 + 0.080067),0.852564 (0.771300 + 0.081264),0.844400 (0.763200 + 0.081200),0.852583 (0.772200 + 0.080383),0.845822 (0.765900 + 0.079922),0.851276 (0.771300 + 0.079976),0.857863 (0.777600 + 0.080263),0.839257 (0.758700 + 0.080557),0.842768 (0.762300 + 0.080468),0.850135 (0.769500 + 0.080635),0.845623 (0.765000 + 0.080623),0.849052 (0.768600 + 0.080452),0.854376 (0.774000 + 0.080376),0.835175 (0.755100 + 0.080075),0.854651 (0.774000 + 0.080651),0.862326 (0.782100 + 0.080226),0.867674 (0.787500 + 0.080174),0.843449 (0.763200 + 0.080249),0.848386 (0.767700 + 0.080686),0.840810 (0.759600 + 0.081210),0.837061 (0.756000 + 0.081061),0.850701 (0.769500 + 0.081201),0.849090 (0.768600 + 0.080490),0.848181 (0.767700 + 0.080481),0.852294 (0.771300 + 0.080994),0.850977 (0.770400 + 0.080577),0.835338 (0.754200 + 0.081138),0.856397 (0.775800 + 0.080597),0.842599 (0.761400 + 0.081199),0.840751 (0.759600 + 0.081151),0.856617 (0.776700 + 0.079917),0.829277 (0.748800 + 0.080477),0.840112 (0.758700 + 0.081412),0.848218 (0.767700 + 0.080518),0.861178 (0.781200 + 0.079978),0.859422 (0.779400 + 0.080022),0.843646 (0.763200 + 0.080446),0.856895 (0.776700 + 0.080195),0.844291 (0.764100 + 0.080191),0.828335 (0.747000 + 0.081335),0.854618 (0.774000 + 0.080618),0.836297 (0.756000 + 0.080297),0.845118 (0.764100 + 0.081018),0.854817 (0.774900 + 0.079917),0.854499 (0.774000 + 0.080499),0.827965 (0.746100 + 0.081865)
25,0.867674 (0.787500 + 0.080174),0.848301 (0.767700 + 0.080601),0.859043 (0.778500 + 0.080543),0.849336 (0.768600 + 0.080736),0.836222 (0.755100 + 0.081122),0.834191 (0.754200 + 0.079991),0.850185 (0.769500 + 0.080685),0.854061 (0.774000 + 0.080061),0.855477 (0.774900 + 0.080577),0.857723 (0.777600 + 0.080123),0.857560 (0.777600 + 0.079960),0.839053 (0.758700 + 0.080353),0.846753 (0.765900 + 0.080853),0.840239 (0.759600 + 0.080639),0.866229 (0.786600 + 0.079629),0.848406 (0.768600 + 0.079806),0.841510 (0.761400 + 0.080110),0.841676 (0.760500 + 0.081176),0.834909 (0.754200 + 0.080709),0.858564 (0.778500 + 0.080064),0.845745 (0.765000 + 0.080745),0.846037 (0.765900 + 0.080137),0.862955 (0.783000 + 0.079955),0.849554 (0.768600 + 0.080954),0.828756 (0.747900 + 0.080856),0.844131 (0.763200 + 0.080931),0.846271 (0.765900 + 0.080371),0.837742 (0.756900 + 0.080842),0.854086 (0.773100 + 0.080986),0.847454 (0.765900 + 0.081554),0.847910 (0.767700 + 0.080210),0.837675 (0.756900 + 0.080775),0.860349 (0.780300 + 0.080049),0.837848 (0.756900 + 0.080948),0.849631 (0.768600 + 0.081031),0.843625 (0.763200 + 0.080425),0.847624 (0.767700 + 0.079924),0.840438 (0.760500 + 0.079938),0.836684 (0.756000 + 0.080684),0.829249 (0.747900 + 0.081349),0.859756 (0.778500 + 0.081256),0.845749 (0.765900 + 0.079849),0.843442 (0.763200 + 0.080242),0.848916 (0.768600 + 0.080316),0.847620 (0.767700 + 0.079920),0.854347 (0.774000 + 0.080348),0.833452 (0.753300 + 0.080152),0.845249 (0.765000 + 0.080250),0.845488 (0.765000 + 0.080488),0.843085 (0.763200 + 0.079885),0.848994 (0.768600 + 0.080394),0.849624 (0.769500 + 0.080124),0.851738 (0.771300 + 0.080438),0.860637 (0.780300 + 0.080337),0.849558 (0.769500 + 0.080058),0.845147 (0.764100 + 0.081048),0.852361 (0.771300 + 0.081061),0.865701 (0.785700 + 0.080001),0.835338 (0.754200 + 0.081138),0.846632 (0.765900 + 0.080732),0.855121 (0.774000 + 0.081121),0.831567 (0.750600 + 0.080967),0.851485 (0.770400 + 0.081085),0.851114 (0.771300 + 0.079814),0.850467 (0.770400 + 0.080067),0.836487 (0.755100 + 0.081388),0.847568 (0.766800 + 0.080768),0.865885 (0.785700 + 0.080185),0.846652 (0.766800 + 0.079852),0.847301 (0.766800 + 0.080501),0.854020 (0.773100 + 0.080920),0.855860 (0.775800 + 0.080060),0.853171 (0.773100 + 0.080071),0.862667 (0.783000 + 0.079667),0.848413 (0.767700 + 0.080713),0.849259 (0.768600 + 0.080659),0.851776 (0.771300 + 0.080476),0.848584 (0.767700 + 0.080884),0.841633 (0.760500 + 0.081133),0.835980 (0.755100 + 0.080881)
26,0.867674 (0.787500 + 0.080174),0.845411 (0.765000 + 0.080411),0.845745 (0.765000 + 0.080745),0.834134 (0.754200 + 0.079934),0.858212 (0.777600 + 0.080612),0.839764 (0.758700 + 0.081064),0.845899 (0.765000 + 0.080899),0.849898 (0.769500 + 0.080398),0.851330 (0.771300 + 0.080030),0.854128 (0.774000 + 0.080128),0.853720 (0.773100 + 0.080620),0.850183 (0.769500 + 0.080683),0.854422 (0.774900 + 0.079522),0.861502 (0.781200 + 0.080302),0.860426 (0.780300 + 0.080126),0.842827 (0.762300 + 0.080527),0.835862 (0.755100 + 0.080762),0.849316 (0.769500 + 0.079816),0.857413 (0.777600 + 0.079813),0.857611 (0.777600 + 0.080011),0.832488 (0.752400 + 0.080088),0.837844 (0.757800 + 0.080044),0.853319 (0.773100 + 0.080219),0.854827 (0.774000 + 0.080827),0.844729 (0.764100 + 0.080629),0.848916 (0.768600 + 0.080316),0.852975 (0.773100 + 0.079875),0.862175 (0.782100 + 0.080075),0.866698 (0.786600 + 0.080098),0.853861 (0.774000 + 0.079861),0.851084 (0.770400 + 0.080684),0.844702 (0.764100 + 0.080603),0.853958 (0.774000 + 0.079958),0.838505 (0.758700 + 0.079805),0.850070 (0.769500 + 0.080570),0.865701 (0.785700 + 0.080001),0.851485 (0.770400 + 0.081085),0.853915 (0.774000 + 0.079915),0.854347 (0.774000 + 0.080348),0.843689 (0.764100 + 0.079589),0.844047 (0.763200 + 0.080847),0.826988 (0.746100 + 0.080888),0.860734 (0.780300 + 0.080434),0.845237 (0.765000 + 0.080237),0.835579 (0.754200 + 0.081379),0.847060 (0.766800 + 0.080260),0.853109 (0.773100 + 0.080009),0.846352 (0.765000 + 0.081352),0.842660 (0.762300 + 0.080360),0.849935 (0.769500 + 0.080435),0.854044 (0.773100 + 0.080944),0.853873 (0.773100 + 0.080773),0.861927 (0.782100 + 0.079827),0.840018 (0.759600 + 0.080418),0.841931 (0.761400 + 0.080531),0.850062 (0.769500 + 0.080562),0.850787 (0.770400 + 0.080387),0.865780 (0.785700 + 0.080080),0.840843 (0.759600 + 0.081243),0.848124 (0.767700 + 0.080424),0.849424 (0.769500 + 0.079924),0.848406 (0.768600 + 0.079806),0.841676 (0.760500 + 0.081176),0.861319 (0.781200 + 0.080119),0.859425 (0.779400 + 0.080025),0.841472 (0.762300 + 0.079172),0.830631 (0.749700 + 0.080931),0.845944 (0.765900 + 0.080044),0.852432 (0.772200 + 0.080232),0.829986 (0.749700 + 0.080286),0.857663 (0.777600 + 0.080063),0.853856 (0.773100 + 0.080756),0.852515 (0.772200 + 0.080315),0.855809 (0.775800 + 0.080009),0.838957 (0.758700 + 0.080257),0.848615 (0.768600 + 0.080015),0.849352 (0.769500 + 0.079852),0.847547 (0.767700 + 0.079847),0.852802 (0.772200 + 0.080602),0.848771 (0.769500 + 0.079271)
27,0.867674 (0.787500 + 0.080174),0.865780 (0.785700 + 0.080080),0.842827 (0.762300 + 0.080527),0.860735 (0.780300 + 0.080435),0.850666 (0.770400 + 0.080266),0.835871 (0.755100 + 0.080771),0.858564 (0.778500 + 0.080064),0.848452 (0.768600 + 0.079852),0.840845 (0.761400 + 0.079445),0.848917 (0.768600 + 0.080317),0.855571 (0.774900 + 0.080671),0.828773 (0.748800 + 0.079973),0.854627 (0.774900 + 0.079727),0.850385 (0.770400 + 0.079985),0.860230 (0.780300 + 0.079930),0.847979 (0.767700 + 0.080280),0.848916 (0.768600 + 0.080316),0.856529 (0.776700 + 0.079829),0.848106 (0.767700 + 0.080406),0.860091 (0.780300 + 0.079791),0.863110 (0.783000 + 0.080110),0.851141 (0.771300 + 0.079841),0.847930 (0.767700 + 0.080230),0.852044 (0.771300 + 0.080745),0.861000 (0.781200 + 0.079801),0.850232 (0.769500 + 0.080732),0.837549 (0.756900 + 0.080649),0.855417 (0.774900 + 0.080517),0.849561 (0.769500 + 0.080061),0.828636 (0.748800 + 0.079836),0.842830 (0.762300 + 0.080530),0.863540 (0.783000 + 0.080540),0.851432 (0.771300 + 0.080132),0.855446 (0.774900 + 0.080546),0.839894 (0.758700 + 0.081194),0.842952 (0.763200 + 0.079752),0.851084 (0.770400 + 0.080684),0.867628 (0.787500 + 0.080128),0.853866 (0.774000 + 0.079866),0.845491 (0.765000 + 0.080491),0.851365 (0.770400 + 0.080965),0.865701 (0.785700 + 0.080001),0.861502 (0.781200 + 0.080302),0.852657 (0.772200 + 0.080457),0.850514 (0.770400 + 0.080114),0.855108 (0.774900 + 0.080208),0.858325 (0.778500 + 0.079825),0.850706 (0.770400 + 0.080306),0.844187 (0.764100 + 0.080087),0.847062 (0.765900 + 0.081162),0.843778 (0.764100 + 0.079678),0.845590 (0.765000 + 0.080590),0.856841 (0.776700 + 0.080141),0.834863 (0.755100 + 0.079763),0.850262 (0.770400 + 0.079862),0.846868 (0.766800 + 0.080068),0.851833 (0.772200 + 0.079633),0.850093 (0.769500 + 0.080593),0.854100 (0.774000 + 0.080100),0.846121 (0.765900 + 0.080221),0.847056 (0.765900 + 0.081156),0.849153 (0.769500 + 0.079653),0.842300 (0.761400 + 0.080900),0.848106 (0.767700 + 0.080406),0.848485 (0.768600 + 0.079885),0.847547 (0.767700 + 0.079847),0.839430 (0.758700 + 0.080730),0.853975 (0.774000 + 0.079975),0.847510 (0.766800 + 0.080710),0.863038 (0.783000 + 0.080038),0.866638 (0.786600 + 0.080038),0.848006 (0.767700 + 0.080306),0.857606 (0.777600 + 0.080006),0.826228 (0.746100 + 0.080128),0.853233 (0.773100 + 0.080133),0.843356 (0.763200 + 0.080156),0.852335 (0.771300 + 0.081035),0.836857 (0.756000 + 0.080857),0.856682 (0.776700 + 0.079982),0.864768 (0.784800 + 0.079968)
28,0.867674 (0.787500 + 0.080174),0.851365 (0.770400 + 0.080965),0.824298 (0.744300 + 0.079998),0.866523 (0.786600 + 0.079923),0.847220 (0.766800 + 0.080420),0.852075 (0.772200 + 0.079875),0.852372 (0.772200 + 0.080172),0.852015 (0.771300 + 0.080715),0.839521 (0.759600 + 0.079921),0.850371 (0.770400 + 0.079971),0.856821 (0.776700 + 0.080121),0.866736 (0.786600 + 0.080136),0.848564 (0.768600 + 0.079964),0.848437 (0.768600 + 0.079837),0.841000 (0.760500 + 0.080500),0.840189 (0.760500 + 0.079689),0.846673 (0.765900 + 0.080773),0.846221 (0.765900 + 0.080321),0.872375 (0.792000 + 0.080375),0.845775 (0.765900 + 0.079875),0.865704 (0.785700 + 0.080004),0.841044 (0.760500 + 0.080544),0.851085 (0.770400 + 0.080685),0.849635 (0.769500 + 0.080135),0.850177 (0.769500 + 0.080677),0.848847 (0.768600 + 0.080247),0.845626 (0.765900 + 0.079726),0.848485 (0.768600 + 0.079885),0.848006 (0.767700 + 0.080306),0.840011 (0.760500 + 0.079511),0.852574 (0.772200 + 0.080374),0.850924 (0.771300 + 0.079624),0.850232 (0.769500 + 0.080732),0.844604 (0.765000 + 0.079604),0.855773 (0.774900 + 0.080873),0.848627 (0.767700 + 0.080927),0.849286 (0.769500 + 0.079786),0.855960 (0.775800 + 0.080160),0.847948 (0.766800 + 0.081148),0.851826 (0.771300 + 0.080526),0.860375 (0.780300 + 0.080075),0.857981 (0.777600 + 0.080381),0.845610 (0.765000 + 0.080610),0.859350 (0.778500 + 0.080850),0.857060 (0.776700 + 0.080360),0.846385 (0.766800 + 0.079585),0.853680 (0.773100 + 0.080580),0.840137 (0.759600 + 0.080537),0.850327 (0.769500 + 0.080827),0.840711 (0.760500 + 0.080211),0.853999 (0.774000 + 0.079999),0.848541 (0.768600 + 0.079941),0.850639 (0.771300 + 0.079339),0.847323 (0.767700 + 0.079623),0.859539 (0.779400 + 0.080139),0.849352 (0.768600 + 0.080752),0.844468 (0.764100 + 0.080368),0.852242 (0.772200 + 0.080042),0.851252 (0.771300 + 0.079952),0.854926 (0.774900 + 0.080026),0.858645 (0.778500 + 0.080145),0.855328 (0.774900 + 0.080428),0.864305 (0.783900 + 0.080405),0.845432 (0.765000 + 0.080432),0.847476 (0.766800 + 0.080676),0.853873 (0.773100 + 0.080773),0.869381 (0.789300 + 0.080081),0.837550 (0.757800 + 0.079750),0.848529 (0.767700 + 0.080829),0.861387 (0.781200 + 0.080187),0.836768 (0.756900 + 0.079868),0.867628 (0.787500 + 0.080128),0.852657 (0.772200 + 0.080457),0.849578 (0.769500 + 0.080078),0.851567 (0.771300 + 0.080267),0.845447 (0.765000 + 0.080447),0.851049 (0.771300 + 0.079749),0.843370 (0.763200 + 0.080170),0.857896 (0.777600 + 0.080296),0.849782 (0.769500 + 0.080282)
29,0.872375 (0.792000 + 0.080375),0.856653 (0.776700 + 0.079953),0.842700 (0.762300 + 0.080400),0.837446 (0.757800 + 0.079646),0.852828 (0.773100 + 0.079728),0.864305 (0.783900 + 0.080405),0.848485 (0.768600 + 0.079885),0.837494 (0.756900 + 0.080594),0.847732 (0.767700 + 0.080033),0.859539 (0.779400 + 0.080139),0.846853 (0.766800 + 0.080053),0.842794 (0.762300 + 0.080494),0.848552 (0.767700 + 0.080852),0.867542 (0.787500 + 0.080042),0.867674 (0.787500 + 0.080174),0.863442 (0.783000 + 0.080442),0.849780 (0.769500 + 0.080280),0.848756 (0.768600 + 0.080156),0.861762 (0.781200 + 0.080562),0.865193 (0.784800 + 0.080393),0.847178 (0.766800 + 0.080378),0.866592 (0.786600 + 0.079992),0.848482 (0.767700 + 0.080782),0.849932 (0.769500 + 0.080432),0.863392 (0.783000 + 0.080392),0.865163 (0.784800 + 0.080363),0.841205 (0.761400 + 0.079805),0.856067 (0.775800 + 0.080267),0.851150 (0.770400 + 0.080750),0.845549 (0.765000 + 0.080549),0.861585 (0.782100 + 0.079485),0.850842 (0.770400 + 0.080442),0.850302 (0.770400 + 0.079902),0.881145 (0.801000 + 0.080146),0.850724 (0.770400 + 0.080324),0.853932 (0.774000 + 0.079932),0.861351 (0.781200 + 0.080151),0.850477 (0.770400 + 0.080077),0.848080 (0.767700 + 0.080380),0.836798 (0.756000 + 0.080798),0.851621 (0.771300 + 0.080321),0.852563 (0.772200 + 0.080363),0.843907 (0.763200 + 0.080707),0.849142 (0.769500 + 0.079642),0.850318 (0.770400 + 0.079918),0.833309 (0.753300 + 0.080009),0.854828 (0.774900 + 0.079928),0.857981 (0.777600 + 0.080381),0.850639 (0.771300 + 0.079339),0.851326 (0.770400 + 0.080926),0.847109 (0.766800 + 0.080309),0.869994 (0.790200 + 0.079794),0.862307 (0.782100 + 0.080207),0.857368 (0.777600 + 0.079768),0.843741 (0.764100 + 0.079641),0.856794 (0.776700 + 0.080094),0.854127 (0.774000 + 0.080127),0.855301 (0.774900 + 0.080401),0.863343 (0.783000 + 0.080343),0.850738 (0.770400 + 0.080338),0.853064 (0.773100 + 0.079964),0.857008 (0.776700 + 0.080308),0.852087 (0.772200 + 0.079887),0.851627 (0.771300 + 0.080327),0.849395 (0.769500 + 0.079895),0.856060 (0.775800 + 0.080260),0.855620 (0.774900 + 0.080720),0.847986 (0.767700 + 0.080286),0.846541 (0.766800 + 0.079741),0.863145 (0.783000 + 0.080145),0.843140 (0.763200 + 0.079940),0.842397 (0.762300 + 0.080097),0.837349 (0.756900 + 0.080449),0.852505 (0.772200 + 0.080305),0.859769 (0.779400 + 0.080369),0.864753 (0.784800 + 0.079953),0.855773 (0.774900 + 0.080873),0.847617 (0.767700 + 0.079917),0.837201 (0.756900 + 0.080301),0.849823 (0.769500 + 0.080323)
30,0.881145 (0.801000 + 0.080146),0.865193 (0.784800 + 0.080393),0.861351 (0.781200 + 0.080151),0.852178 (0.772200 + 0.079978),0.846686 (0.765900 + 0.080786),0.855381 (0.775800 + 0.079581),0.838771 (0.757800 + 0.080971),0.858512 (0.777600 + 0.080912),0.855746 (0.775800 + 0.079946),0.858114 (0.778500 + 0.079614),0.858444 (0.778500 + 0.079944),0.846012 (0.765900 + 0.080112),0.851693 (0.771300 + 0.080393),0.850583 (0.770400 + 0.080183),0.856976 (0.776700 + 0.080276),0.863200 (0.783000 + 0.080200),0.839957 (0.759600 + 0.080357),0.861762 (0.781200 + 0.080562),0.856060 (0.775800 + 0.080260),0.865072 (0.784800 + 0.080272),0.841020 (0.761400 + 0.079620),0.855084 (0.774900 + 0.080184),0.863973 (0.783900 + 0.080073),0.865613 (0.785700 + 0.079913),0.850232 (0.769500 + 0.080732),0.855624 (0.775800 + 0.079824),0.869576 (0.789300 + 0.080276),0.858420 (0.778500 + 0.079920),0.844145 (0.763200 + 0.080945),0.833217 (0.752400 + 0.080817),0.875252 (0.795600 + 0.079652),0.864276 (0.783900 + 0.080376),0.847603 (0.767700 + 0.079903),0.849325 (0.769500 + 0.079825),0.847403 (0.766800 + 0.080603),0.836571 (0.756000 + 0.080571),0.843791 (0.763200 + 0.080592),0.851513 (0.771300 + 0.080213),0.849419 (0.769500 + 0.079919),0.851892 (0.772200 + 0.079692),0.862613 (0.782100 + 0.080513),0.850760 (0.770400 + 0.080360),0.860630 (0.780300 + 0.080330),0.859978 (0.779400 + 0.080578),0.854324 (0.774000 + 0.080324),0.865813 (0.785700 + 0.080113),0.848532 (0.768600 + 0.079932),0.856756 (0.776700 + 0.080056),0.857565 (0.776700 + 0.080865),0.848019 (0.767700 + 0.080319),0.857741 (0.777600 + 0.080141),0.846512 (0.765900 + 0.080612),0.861929 (0.782100 + 0.079829),0.861351 (0.781200 + 0.080151),0.851627 (0.771300 + 0.080327),0.839612 (0.759600 + 0.080012),0.846891 (0.766800 + 0.080091),0.854950 (0.774000 + 0.080950),0.846749 (0.765900 + 0.080849),0.842342 (0.762300 + 0.080042),0.851206 (0.771300 + 0.079906),0.849564 (0.769500 + 0.080064),0.862117 (0.782100 + 0.080017),0.852084 (0.772200 + 0.079884),0.852507 (0.772200 + 0.080307),0.857368 (0.777600 + 0.079768),0.856433 (0.776700 + 0.079733),0.860750 (0.781200 + 0.079550),0.845563 (0.765000 + 0.080563),0.863315 (0.783000 + 0.080315),0.850693 (0.770400 + 0.080293),0.842551 (0.762300 + 0.080251),0.843821 (0.763200 + 0.080621),0.863458 (0.783000 + 0.080458),0.849887 (0.769500 + 0.080387),0.856331 (0.776700 + 0.079631),0.842166 (0.761400 + 0.080767),0.863392 (0.783000 + 0.080392),0.854127 (0.774000 + 0.080127),0.852255 (0.772200 + 0.080055)
31,0.881145 (0.801000 + 0.080146),0.850106 (0.769500 + 0.080606),0.867671 (0.787500 + 0.080171),0.853000 (0.773100 + 0.079899),0.861913 (0.782100 + 0.079813),0.856295 (0.775800 + 0.080495),0.861932 (0.781200 + 0.080732),0.852471 (0.772200 + 0.080271),0.836450 (0.756900 + 0.079550),0.852016 (0.772200 + 0.079816),0.855078 (0.774900 + 0.080178),0.849111 (0.769500 + 0.079611),0.858663 (0.778500 + 0.080163),0.848562 (0.768600 + 0.079962),0.848887 (0.768600 + 0.080287),0.845160 (0.765000 + 0.080160),0.862685 (0.783000 + 0.079685),0.852323 (0.772200 + 0.080123),0.870701 (0.791100 + 0.079601),0.859237 (0.779400 + 0.079837),0.850152 (0.769500 + 0.080652),0.857565 (0.776700 + 0.080865),0.857565 (0.776700 + 0.080865),0.866548 (0.786600 + 0.079948),0.846645 (0.766800 + 0.079845),0.858825 (0.778500 + 0.080325),0.850128 (0.769500 + 0.080628),0.865193 (0.784800 + 0.080393),0.857565 (0.776700 + 0.080865),0.838295 (0.757800 + 0.080495),0.864737 (0.784800 + 0.079937),0.839147 (0.758700 + 0.080447),0.882015 (0.801900 + 0.080115),0.847416 (0.767700 + 0.079716),0.857612 (0.777600 + 0.080012),0.851770 (0.771300 + 0.080470),0.862491 (0.783000 + 0.079491),0.863315 (0.783000 + 0.080315),0.856331 (0.776700 + 0.079631),0.855179 (0.774900 + 0.080279),0.856881 (0.776700 + 0.080181),0.864197 (0.783900 + 0.080297),0.855325 (0.774900 + 0.080425),0.869806 (0.790200 + 0.079606),0.859929 (0.780300 + 0.079629),0.870315 (0.790200 + 0.080115),0.860015 (0.779400 + 0.080615),0.844888 (0.765000 + 0.079888),0.848982 (0.768600 + 0.080382),0.841323 (0.761400 + 0.079923),0.846713 (0.765900 + 0.080813),0.850456 (0.770400 + 0.080056),0.855820 (0.775800 + 0.080020),0.865487 (0.785700 + 0.079787),0.855624 (0.775800 + 0.079824),0.852522 (0.772200 + 0.080322),0.848984 (0.768600 + 0.080384),0.847501 (0.767700 + 0.079801),0.853240 (0.773100 + 0.080140),0.846849 (0.766800 + 0.080049),0.863458 (0.783000 + 0.080458),0.844361 (0.764100 + 0.080261),0.849667 (0.769500 + 0.080167),0.857351 (0.776700 + 0.080651),0.858522 (0.778500 + 0.080022),0.838332 (0.758700 + 0.079632),0.854950 (0.774000 + 0.080950),0.855888 (0.775800 + 0.080088),0.866108 (0.785700 + 0.080408),0.852569 (0.773100 + 0.079469),0.852542 (0.773100 + 0.079442),0.865629 (0.785700 + 0.079929),0.847053 (0.766800 + 0.080253),0.848762 (0.768600 + 0.080162),0.848572 (0.768600 + 0.079972),0.845992 (0.765900 + 0.080092),0.841235 (0.761400 + 0.079835),0.857921 (0.777600 + 0.080321),0.851433 (0.771300 + 0.080133),0.862866 (0.783000 + 0.079866)
32,0.882015 (0.801900 + 0.080115),0.850476 (0.770400 + 0.080076),0.847024 (0.766800 + 0.080224),0.853924 (0.774000 + 0.079924),0.855370 (0.774900 + 0.080470),0.862731 (0.782100 + 0.080630),0.850202 (0.769500 + 0.080702),0.859309 (0.779400 + 0.079909),0.836914 (0.756000 + 0.080914),0.857565 (0.776700 + 0.080865),0.856199 (0.775800 + 0.080399),0.853632 (0.774000 + 0.079632),0.857565 (0.776700 + 0.080865),0.856560 (0.776700 + 0.079860),0.852471 (0.772200 + 0.080271),0.863843 (0.783900 + 0.079943),0.840201 (0.760500 + 0.079701),0.845475 (0.765900 + 0.079575),0.865437 (0.785700 + 0.079737),0.858525 (0.778500 + 0.080025),0.867086 (0.787500 + 0.079586),0.842072 (0.761400 + 0.080672),0.849407 (0.769500 + 0.079907),0.851597 (0.771300 + 0.080298),0.860598 (0.780300 + 0.080298),0.848106 (0.766800 + 0.081306),0.841972 (0.762300 + 0.079672),0.845675 (0.765900 + 0.079775),0.855096 (0.774900 + 0.080196),0.851565 (0.771300 + 0.080265),0.867120 (0.786600 + 0.080520),0.869806 (0.790200 + 0.079606),0.852016 (0.772200 + 0.079816),0.859075 (0.778500 + 0.080575),0.858374 (0.777600 + 0.080774),0.863458 (0.783000 + 0.080458),0.852542 (0.773100 + 0.079442),0.858678 (0.778500 + 0.080178),0.869126 (0.789300 + 0.079826),0.838563 (0.758700 + 0.079863),0.853718 (0.774000 + 0.079718),0.860722 (0.780300 + 0.080423),0.862192 (0.782100 + 0.080092),0.855458 (0.775800 + 0.079658),0.855308 (0.774900 + 0.080408),0.839434 (0.758700 + 0.080734),0.859479 (0.779400 + 0.080079),0.866662 (0.786600 + 0.080062),0.858340 (0.777600 + 0.080740),0.865812 (0.785700 + 0.080112),0.861293 (0.781200 + 0.080093),0.854933 (0.774900 + 0.080033),0.851259 (0.771300 + 0.079959),0.857955 (0.777600 + 0.080355),0.848688 (0.768600 + 0.080088),0.853614 (0.774000 + 0.079614),0.856161 (0.776700 + 0.079461),0.852860 (0.772200 + 0.080660),0.839925 (0.759600 + 0.080325),0.859158 (0.779400 + 0.079758),0.839098 (0.758700 + 0.080398),0.868595 (0.788400 + 0.080195),0.860149 (0.780300 + 0.079849),0.856858 (0.776700 + 0.080158),0.856844 (0.776700 + 0.080144),0.848277 (0.767700 + 0.080577),0.856202 (0.775800 + 0.080402),0.857012 (0.776700 + 0.080312),0.862146 (0.782100 + 0.080046),0.846373 (0.766800 + 0.079573),0.850589 (0.770400 + 0.080189),0.864861 (0.784800 + 0.080061),0.850264 (0.770400 + 0.079864),0.848197 (0.767700 + 0.080497),0.865841 (0.785700 + 0.080141),0.882015 (0.801900 + 0.080115),0.857565 (0.776700 + 0.080865),0.870299 (0.790200 + 0.080099),0.853677 (0.774900 + 0.078777),0.863938 (0.783900 + 0.080038)
33,0.882015 (0.801900 + 0.080115),0.868324 (0.788400 + 0.079924),0.848313 (0.768600 + 0.079713),0.847619 (0.767700 + 0.079919),0.873013 (0.792900 + 0.080113),0.855519 (0.774900 + 0.080619),0.859334 (0.779400 + 0.079934),0.867065 (0.786600 + 0.080465),0.849959 (0.770400 + 0.079559),0.863424 (0.783000 + 0.080424),0.859813 (0.779400 + 0.080413),0.862731 (0.782100 + 0.080630),0.857565 (0.776700 + 0.080865),0.861232 (0.781200 + 0.080032),0.865629 (0.785700 + 0.079929),0.880989 (0.801000 + 0.079989),0.840397 (0.759600 + 0.080797),0.858374 (0.777600 + 0.080774),0.852016 (0.772200 + 0.079816),0.871601 (0.792000 + 0.079601),0.858121 (0.778500 + 0.079621),0.862731 (0.782100 + 0.080630),0.855285 (0.775800 + 0.079485),0.865987 (0.785700 + 0.080287),0.860291 (0.780300 + 0.079991),0.861989 (0.781200 + 0.080789),0.867270 (0.787500 + 0.079770),0.861919 (0.781200 + 0.080719),0.860294 (0.780300 + 0.079994),0.859499 (0.779400 + 0.080099),0.840056 (0.759600 + 0.080456),0.860414 (0.780300 + 0.080114),0.849717 (0.768600 + 0.081117),0.852935 (0.773100 + 0.079835),0.861723 (0.781200 + 0.080523),0.855507 (0.775800 + 0.079707),0.858646 (0.778500 + 0.080146),0.848537 (0.768600 + 0.079937),0.861159 (0.781200 + 0.079959),0.855619 (0.775800 + 0.079819),0.842945 (0.762300 + 0.080645),0.846477 (0.766800 + 0.079677),0.845573 (0.765900 + 0.079673),0.859197 (0.779400 + 0.079797),0.863080 (0.783000 + 0.080080),0.864967 (0.784800 + 0.080167),0.857271 (0.776700 + 0.080571),0.853524 (0.774000 + 0.079524),0.858374 (0.777600 + 0.080774),0.851480 (0.771300 + 0.080180),0.844958 (0.764100 + 0.080858),0.863659 (0.783900 + 0.079759),0.870086 (0.790200 + 0.079886),0.845689 (0.765900 + 0.079789),0.860238 (0.780300 + 0.079938),0.860946 (0.781200 + 0.079746),0.860842 (0.781200 + 0.079642),0.858039 (0.777600 + 0.080439),0.854487 (0.774900 + 0.079587),0.863819 (0.783000 + 0.080819),0.862712 (0.783000 + 0.079712),0.851118 (0.770400 + 0.080718),0.861350 (0.781200 + 0.080150),0.858427 (0.778500 + 0.079927),0.843008 (0.763200 + 0.079808),0.862821 (0.783000 + 0.079821),0.861489 (0.781200 + 0.080290),0.857111 (0.776700 + 0.080411),0.870322 (0.790200 + 0.080122),0.854410 (0.774000 + 0.080410),0.852147 (0.772200 + 0.079947),0.858340 (0.777600 + 0.080740),0.857565 (0.776700 + 0.080865),0.859897 (0.780300 + 0.079597),0.852431 (0.772200 + 0.080231),0.852072 (0.772200 + 0.079872),0.862897 (0.782100 + 0.080797),0.858982 (0.778500 + 0.080482),0.857410 (0.776700 + 0.080710),0.856121 (0.775800 + 0.080321)
34,0.882015 (0.801900 + 0.080115),0.858714 (0.778500 + 0.080214),0.864799 (0.784800 + 0.079999),0.870737 (0.791100 + 0.079637),0.880950 (0.801000 + 0.079950),0.862353 (0.782100 + 0.080253),0.855826 (0.775800 + 0.080026),0.861489 (0.781200 + 0.080290),0.840127 (0.759600 + 0.080527),0.857387 (0.777600 + 0.079788),0.862610 (0.782100 + 0.080510),0.860489 (0.780300 + 0.080189),0.862979 (0.783000 + 0.079979),0.872293 (0.792000 + 0.080293),0.856083 (0.775800 + 0.080283),0.862712 (0.783000 + 0.079712),0.859499 (0.779400 + 0.080099),0.863351 (0.783000 + 0.080351),0.859897 (0.780300 + 0.079597),0.847879 (0.766800 + 0.081079),0.845723 (0.765900 + 0.079823),0.858442 (0.778500 + 0.079942),0.860269 (0.780300 + 0.079970),0.858724 (0.778500 + 0.080224),0.865992 (0.785700 + 0.080292),0.868145 (0.788400 + 0.079745),0.849049 (0.769500 + 0.079549),0.862172 (0.782100 + 0.080072),0.860021 (0.780300 + 0.079721),0.860946 (0.781200 + 0.079746),0.846695 (0.765900 + 0.080795),0.857263 (0.776700 + 0.080563),0.859446 (0.778500 + 0.080946),0.861433 (0.781200 + 0.080233),0.856768 (0.776700 + 0.080068),0.867256 (0.787500 + 0.079756),0.858954 (0.779400 + 0.079554),0.849577 (0.769500 + 0.080077),0.871136 (0.791100 + 0.080036),0.856787 (0.776700 + 0.080087),0.833811 (0.754200 + 0.079611),0.848908 (0.767700 + 0.081208),0.848821 (0.768600 + 0.080221),0.855464 (0.774900 + 0.080564),0.859901 (0.780300 + 0.079601),0.856433 (0.776700 + 0.079733),0.859021 (0.779400 + 0.079621),0.855967 (0.775800 + 0.080167),0.860758 (0.781200 + 0.079558),0.882015 (0.801900 + 0.080115),0.857565 (0.776700 + 0.080865),0.857281 (0.777600 + 0.079681),0.868439 (0.788400 + 0.080039),0.856480 (0.776700 + 0.079780),0.868293 (0.788400 + 0.079893),0.860594 (0.780300 + 0.080294),0.852988 (0.772200 + 0.080788),0.862493 (0.782100 + 0.080393),0.860189 (0.779400 + 0.080789),0.863938 (0.783900 + 0.080038),0.867149 (0.787500 + 0.079649),0.859459 (0.779400 + 0.080059),0.849210 (0.768600 + 0.080610),0.868716 (0.788400 + 0.080316),0.865779 (0.785700 + 0.080079),0.865600 (0.785700 + 0.079900),0.864361 (0.784800 + 0.079561),0.867526 (0.787500 + 0.080026),0.864910 (0.784800 + 0.080110),0.862731 (0.782100 + 0.080630),0.862731 (0.782100 + 0.080630),0.865588 (0.785700 + 0.079888),0.871769 (0.792000 + 0.079769),0.852010 (0.772200 + 0.079810),0.865712 (0.785700 + 0.080012),0.866962 (0.786600 + 0.080362),0.870136 (0.790200 + 0.079936),0.858459 (0.778500 + 0.079959),0.862570 (0.782100 + 0.080470),0.873962 (0.793800 + 0.080162)
35,0.882015 (0.801900 + 0.080115),0.861037 (0.780300 + 0.080737),0.858276 (0.778500 + 0.079776),0.863764 (0.783900 + 0.079864),0.855193 (0.774900 + 0.080293),0.880950 (0.801000 + 0.079950),0.871625 (0.792000 + 0.079625),0.864279 (0.783900 + 0.080379),0.856313 (0.776700 + 0.079613),0.857886 (0.777600 + 0.080286),0.870529 (0.790200 + 0.080329),0.856229 (0.775800 + 0.080429),0.853138 (0.773100 + 0.080038),0.854386 (0.774000 + 0.080386),0.848504 (0.768600 + 0.079904),0.849774 (0.769500 + 0.080274),0.844504 (0.764100 + 0.080404),0.859066 (0.778500 + 0.080566),0.855887 (0.775800 + 0.080087),0.857127 (0.777600 + 0.079527),0.851351 (0.772200 + 0.079151),0.854503 (0.774900 + 0.079603),0.871991 (0.792000 + 0.079991),0.854410 (0.774900 + 0.079510),0.868266 (0.788400 + 0.079866),0.863292 (0.783000 + 0.080292),0.865187 (0.784800 + 0.080387),0.862118 (0.782100 + 0.080018),0.849490 (0.769500 + 0.079990),0.865712 (0.785700 + 0.080012),0.882015 (0.801900 + 0.080115),0.854482 (0.774900 + 0.079582),0.864761 (0.784800 + 0.079961),0.867473 (0.787500 + 0.079973),0.853842 (0.774000 + 0.079842),0.870136 (0.790200 + 0.079936),0.868716 (0.788400 + 0.080316),0.850462 (0.770400 + 0.080062),0.857479 (0.777600 + 0.079879),0.865606 (0.785700 + 0.079906),0.852821 (0.772200 + 0.080621),0.867149 (0.787500 + 0.079649),0.858714 (0.778500 + 0.080214),0.852413 (0.772200 + 0.080213),0.866962 (0.786600 + 0.080362),0.840229 (0.760500 + 0.079729),0.873013 (0.792900 + 0.080113),0.859021 (0.779400 + 0.079621),0.859021 (0.779400 + 0.079621),0.859561 (0.779400 + 0.080161),0.856870 (0.776700 + 0.080170),0.850335 (0.770400 + 0.079935),0.875749 (0.795600 + 0.080149),0.836171 (0.756900 + 0.079271),0.873080 (0.792900 + 0.080180),0.870994 (0.791100 + 0.079894),0.867648 (0.787500 + 0.080148),0.854137 (0.774000 + 0.080137),0.862651 (0.783000 + 0.079650),0.858662 (0.778500 + 0.080162),0.865437 (0.784800 + 0.080637),0.857455 (0.777600 + 0.079855),0.856568 (0.776700 + 0.079868),0.862018 (0.782100 + 0.079918),0.850407 (0.770400 + 0.080007),0.868407 (0.788400 + 0.080007),0.867503 (0.787500 + 0.080003),0.863186 (0.783000 + 0.080186),0.855915 (0.775800 + 0.080115),0.861416 (0.781200 + 0.080216),0.846647 (0.766800 + 0.079847),0.861697 (0.782100 + 0.079597),0.870230 (0.790200 + 0.080030),0.872000 (0.792000 + 0.080000),0.860306 (0.780300 + 0.080006),0.873785 (0.793800 + 0.079985),0.865716 (0.785700 + 0.080016),0.858820 (0.778500 + 0.080320),0.865809 (0.785700 + 0.080109),0.862885 (0.783000 + 0.079885)
36,0.882015 (0.801900 + 0.080115),0.855414 (0.775800 + 0.079614),0.868583 (0.788400 + 0.080183),0.871950 (0.792000 + 0.079950),0.858572 (0.778500 + 0.080072),0.861939 (0.782100 + 0.079839),0.864341 (0.783900 + 0.080441),0.859065 (0.779400 + 0.079665),0.866962 (0.786600 + 0.080362),0.852380 (0.772200 + 0.080180),0.865529 (0.785700 + 0.079829),0.873013 (0.792900 + 0.080113),0.867503 (0.787500 + 0.080003),0.863099 (0.783000 + 0.080099),0.852483 (0.772200 + 0.080283),0.859540 (0.779400 + 0.080140),0.858533 (0.778500 + 0.080033),0.858389 (0.778500 + 0.079889),0.862054 (0.782100 + 0.079954),0.867387 (0.787500 + 0.079888),0.859501 (0.779400 + 0.080101),0.846421 (0.765900 + 0.080521),0.855851 (0.775800 + 0.080051),0.862186 (0.782100 + 0.080086),0.867391 (0.787500 + 0.079891),0.863061 (0.783000 + 0.080061),0.856840 (0.776700 + 0.080140),0.868435 (0.788400 + 0.080035),0.864564 (0.784800 + 0.079764),0.858107 (0.778500 + 0.079607),0.865437 (0.784800 + 0.080637),0.886382 (0.806400 + 0.079982),0.854399 (0.774900 + 0.079499),0.846378 (0.765900 + 0.080478),0.861024 (0.781200 + 0.079824),0.851270 (0.771300 + 0.079970),0.874691 (0.794700 + 0.079991),0.874396 (0.794700 + 0.079696),0.846689 (0.766800 + 0.079889),0.863248 (0.783000 + 0.080248),0.865854 (0.785700 + 0.080154),0.858276 (0.778500 + 0.079776),0.856313 (0.776700 + 0.079613),0.841199 (0.761400 + 0.079799),0.851754 (0.771300 + 0.080454),0.870136 (0.790200 + 0.079936),0.855915 (0.775800 + 0.080115),0.848109 (0.767700 + 0.080409),0.854081 (0.774000 + 0.080081),0.855867 (0.775800 + 0.080067),0.858345 (0.778500 + 0.079845),0.864073 (0.783900 + 0.080173),0.871781 (0.792000 + 0.079780),0.868470 (0.788400 + 0.080070),0.862716 (0.783000 + 0.079716),0.860790 (0.781200 + 0.079590),0.853024 (0.773100 + 0.079924),0.866544 (0.786600 + 0.079944),0.864861 (0.784800 + 0.080061),0.867566 (0.787500 + 0.080066),0.853170 (0.773100 + 0.080070),0.860043 (0.780300 + 0.079743),0.867401 (0.787500 + 0.079901),0.847915 (0.767700 + 0.080215),0.858354 (0.778500 + 0.079854),0.867239 (0.787500 + 0.079739),0.876451 (0.796500 + 0.079951),0.869358 (0.789300 + 0.080058),0.855150 (0.774900 + 0.080250),0.873056 (0.792900 + 0.080157),0.856588 (0.776700 + 0.079888),0.873080 (0.792900 + 0.080180),0.859066 (0.778500 + 0.080566),0.859569 (0.779400 + 0.080169),0.862318 (0.782100 + 0.080218),0.865809 (0.785700 + 0.080109),0.865809 (0.785700 + 0.080109),0.854266 (0.774900 + 0.079366),0.846180 (0.766800 + 0.079380),0.869120 (0.789300 + 0.079820)
37,0.886382 (0.806400 + 0.079982),0.869394 (0.789300 + 0.080094),0.869945 (0.790200 + 0.079745),0.863936 (0.783900 + 0.080036),0.860407 (0.780300 + 0.080107),0.860326 (0.780300 + 0.080026),0.862606 (0.782100 + 0.080506),0.860201 (0.780300 + 0.079901),0.856685 (0.776700 + 0.079985),0.874691 (0.794700 + 0.079991),0.863099 (0.783000 + 0.080099),0.851543 (0.772200 + 0.079343),0.843997 (0.764100 + 0.079897),0.863933 (0.783900 + 0.080033),0.863147 (0.783000 + 0.080147),0.863074 (0.783000 + 0.080074),0.867562 (0.787500 + 0.080062),0.861261 (0.781200 + 0.080061),0.861148 (0.781200 + 0.079948),0.872111 (0.792000 + 0.080111),0.862518 (0.783000 + 0.079518),0.849785 (0.769500 + 0.080285),0.854139 (0.774000 + 0.080139),0.851882 (0.772200 + 0.079682),0.859405 (0.779400 + 0.080005),0.864049 (0.783900 + 0.080149),0.863858 (0.783900 + 0.079958),0.862949 (0.783000 + 0.079949),0.857743 (0.777600 + 0.080143),0.850270 (0.770400 + 0.079870),0.865826 (0.785700 + 0.080126),0.863037 (0.783000 + 0.080037),0.860025 (0.780300 + 0.079725),0.855959 (0.775800 + 0.080159),0.847532 (0.767700 + 0.079832),0.849645 (0.769500 + 0.080145),0.854820 (0.774900 + 0.079920),0.862610 (0.783000 + 0.079610),0.857549 (0.777600 + 0.079949),0.859652 (0.779400 + 0.080252),0.868299 (0.788400 + 0.079899),0.855805 (0.775800 + 0.080005),0.865809 (0.785700 + 0.080109),0.853276 (0.773100 + 0.080176),0.872076 (0.792000 + 0.080076),0.856052 (0.775800 + 0.080252),0.863852 (0.783900 + 0.079952),0.861125 (0.781200 + 0.079925),0.857826 (0.777600 + 0.080226),0.867239 (0.787500 + 0.079739),0.859065 (0.779400 + 0.079665),0.858276 (0.778500 + 0.079776),0.842829 (0.763200 + 0.079629),0.855939 (0.775800 + 0.080139),0.856459 (0.776700 + 0.079759),0.864449 (0.784800 + 0.079649),0.859511 (0.779400 + 0.080111),0.850159 (0.770400 + 0.079759),0.870062 (0.790200 + 0.079862),0.854846 (0.774900 + 0.079946),0.851906 (0.772200 + 0.079706),0.871175 (0.791100 + 0.080075),0.870053 (0.790200 + 0.079853),0.869263 (0.789300 + 0.079963),0.859509 (0.779400 + 0.080109),0.870168 (0.790200 + 0.079968),0.856782 (0.776700 + 0.080082),0.847661 (0.768600 + 0.079061),0.852132 (0.772200 + 0.079932),0.852676 (0.773100 + 0.079576),0.858108 (0.778500 + 0.079608),0.863205 (0.783000 + 0.080205),0.866319 (0.786600 + 0.079719),0.864978 (0.784800 + 0.080178),0.846573 (0.766800 + 0.079773),0.853640 (0.774000 + 0.079640),0.855188 (0.774900 + 0.080288),0.867723 (0.787500 + 0.080223),0.861339 (0.781200 + 0.080140),0.886382 (0.806400 + 0.079982)
38,0.886382 (0.806400 + 0.079982),0.862218 (0.782100 + 0.080118),0.859800 (0.780300 + 0.079500),0.866654 (0.786600 + 0.080054),0.866709 (0.786600 + 0.080109),0.856240 (0.775800 + 0.080440),0.862503 (0.783000 + 0.079503),0.886382 (0.806400 + 0.079982),0.886382 (0.806400 + 0.079982),0.864644 (0.784800 + 0.079844),0.863099 (0.783000 + 0.080099),0.859992 (0.780300 + 0.079692),0.878984 (0.799200 + 0.079784),0.868404 (0.788400 + 0.080004),0.859471 (0.779400 + 0.080072),0.880981 (0.801000 + 0.079981),0.863841 (0.783900 + 0.079941),0.863228 (0.783000 + 0.080228),0.846523 (0.766800 + 0.079723),0.854860 (0.774900 + 0.079960),0.865040 (0.784800 + 0.080241),0.883696 (0.803700 + 0.079996),0.864894 (0.784800 + 0.080094),0.857558 (0.777600 + 0.079958),0.848465 (0.768600 + 0.079865),0.843295 (0.763200 + 0.080095),0.861107 (0.781200 + 0.079907),0.852191 (0.772200 + 0.079991),0.865724 (0.785700 + 0.080024),0.865795 (0.785700 + 0.080095),0.845596 (0.765900 + 0.079696),0.862518 (0.783000 + 0.079518),0.855805 (0.775800 + 0.080005),0.858404 (0.778500 + 0.079904),0.863872 (0.783900 + 0.079972),0.854265 (0.774000 + 0.080265),0.854768 (0.774900 + 0.079868),0.853925 (0.774000 + 0.079925),0.850042 (0.770400 + 0.079642),0.856729 (0.776700 + 0.080029),0.841008 (0.761400 + 0.079608),0.854831 (0.774900 + 0.079931),0.855049 (0.774900 + 0.080149),0.863270 (0.783000 + 0.080270),0.869249 (0.789300 + 0.079949),0.860039 (0.780300 + 0.079739),0.867449 (0.787500 + 0.079949),0.870986 (0.791100 + 0.079886),0.865387 (0.785700 + 0.079687),0.876655 (0.796500 + 0.080155),0.859549 (0.780300 + 0.079249),0.859537 (0.779400 + 0.080137),0.861028 (0.781200 + 0.079828),0.847613 (0.767700 + 0.079913),0.855939 (0.775800 + 0.080139),0.861209 (0.781200 + 0.080009),0.846588 (0.766800 + 0.079788),0.859620 (0.779400 + 0.080220),0.855819 (0.775800 + 0.080019),0.852948 (0.773100 + 0.079848),0.863090 (0.783000 + 0.080090),0.852030 (0.772200 + 0.079830),0.861312 (0.782100 + 0.079212),0.858114 (0.778500 + 0.079614),0.857368 (0.777600 + 0.079768),0.862087 (0.782100 + 0.079987),0.863510 (0.783900 + 0.079610),0.865725 (0.785700 + 0.080025),0.849151 (0.769500 + 0.079651),0.856218 (0.776700 + 0.079518),0.860882 (0.781200 + 0.079682),0.868513 (0.788400 + 0.080113),0.843676 (0.764100 + 0.079576),0.867497 (0.787500 + 0.079997),0.853039 (0.773100 + 0.079939),0.867562 (0.787500 + 0.080062),0.886382 (0.806400 + 0.079982),0.859511 (0.779400 + 0.080111),0.851086 (0.771300 + 0.079787),0.868431 (0.788400 + 0.080031)
39,0.886382 (0.806400 + 0.079982),0.886382 (0.806400 + 0.079982),0.861196 (0.781200 + 0.079996),0.855906 (0.775800 + 0.080106),0.854743 (0.774900 + 0.079843),0.863510 (0.783900 + 0.079610),0.841265 (0.761400 + 0.079865),0.872780 (0.792900 + 0.079880),0.860155 (0.780300 + 0.079855),0.879055 (0.799200 + 0.079855),0.859527 (0.779400 + 0.080127),0.851375 (0.771300 + 0.080075),0.864102 (0.783900 + 0.080202),0.866440 (0.786600 + 0.079840),0.849596 (0.769500 + 0.080096),0.870986 (0.791100 + 0.079886),0.850627 (0.770400 + 0.080227),0.865795 (0.785700 + 0.080095),0.865040 (0.784800 + 0.080241),0.862643 (0.783000 + 0.079643),0.865076 (0.784800 + 0.080276),0.872681 (0.792900 + 0.079781),0.861041 (0.781200 + 0.079841),0.854081 (0.774000 + 0.080081),0.872878 (0.792900 + 0.079978),0.858649 (0.779400 + 0.079249),0.859620 (0.779400 + 0.080220),0.868513 (0.788400 + 0.080113),0.867497 (0.787500 + 0.079997),0.849335 (0.769500 + 0.079835),0.860184 (0.780300 + 0.079884),0.862499 (0.783000 + 0.079499),0.850318 (0.770400 + 0.079918),0.859040 (0.779400 + 0.079641),0.886382 (0.806400 + 0.079982),0.866485 (0.786600 + 0.079885),0.869389 (0.789300 + 0.080089),0.858633 (0.778500 + 0.080133),0.876290 (0.796500 + 0.079790),0.874351 (0.794700 + 0.079651),0.861425 (0.781200 + 0.080225),0.850165 (0.770400 + 0.079765),0.853678 (0.774000 + 0.079678),0.864776 (0.784800 + 0.079976),0.864429 (0.784800 + 0.079629),0.864996 (0.785700 + 0.079296),0.858005 (0.778500 + 0.079505),0.859652 (0.779400 + 0.080252),0.867478 (0.787500 + 0.079978),0.858575 (0.778500 + 0.080075),0.856887 (0.776700 + 0.080187),0.863619 (0.783900 + 0.079719),0.859274 (0.779400 + 0.079874),0.863729 (0.783900 + 0.079829),0.860167 (0.780300 + 0.079867),0.860634 (0.781200 + 0.079434),0.862883 (0.783000 + 0.079883),0.859356 (0.779400 + 0.079956),0.858980 (0.779400 + 0.079580),0.865574 (0.785700 + 0.079874),0.873005 (0.792900 + 0.080105),0.856574 (0.776700 + 0.079874),0.854835 (0.774900 + 0.079935),0.850814 (0.771300 + 0.079515),0.863244 (0.783000 + 0.080244),0.871935 (0.792000 + 0.079935),0.860155 (0.780300 + 0.079855),0.858384 (0.778500 + 0.079884),0.868144 (0.788400 + 0.079744),0.859415 (0.779400 + 0.080015),0.867487 (0.787500 + 0.079988),0.853141 (0.773100 + 0.080041),0.869298 (0.789300 + 0.079998),0.862097 (0.782100 + 0.079997),0.871041 (0.791100 + 0.079941),0.873012 (0.792900 + 0.080112),0.864373 (0.784800 + 0.079573),0.847510 (0.767700 + 0.079810),0.857679 (0.777600 + 0.080079),0.860920 (0.781200 + 0.079720)
40,0.886382 (0.806400 + 0.079982),0.868270 (0.788400 + 0.079870),0.866582 (0.786600 + 0.079982),0.857569 (0.777600 + 0.079969),0.862162 (0.782100 + 0.080062),0.858502 (0.778500 + 0.080002),0.870784 (0.791100 + 0.079684),0.861978 (0.782100 + 0.079878),0.857627 (0.777600 + 0.080027),0.847715 (0.767700 + 0.080015),0.854154 (0.774000 + 0.080153),0.858465 (0.778500 + 0.079966),0.856652 (0.776700 + 0.079953),0.867160 (0.787500 + 0.079660),0.861906 (0.782100 + 0.079806),0.870028 (0.790200 + 0.079828),0.868290 (0.788400 + 0.079890),0.856288 (0.776700 + 0.079588),0.876473 (0.796500 + 0.079973),0.863912 (0.783900 + 0.080012),0.866211 (0.786600 + 0.079611),0.865795 (0.785700 + 0.080095),0.859390 (0.779400 + 0.079990),0.863915 (0.783900 + 0.080015),0.861196 (0.781200 + 0.079996),0.839505 (0.759600 + 0.079905),0.854280 (0.774000 + 0.080280),0.858464 (0.778500 + 0.079964),0.857762 (0.777600 + 0.080162),0.854801 (0.774900 + 0.079901),0.854652 (0.774900 + 0.079752),0.869093 (0.789300 + 0.079793),0.860038 (0.780300 + 0.079738),0.869109 (0.789300 + 0.079809),0.870054 (0.790200 + 0.079854),0.873771 (0.793800 + 0.079971),0.854805 (0.774900 + 0.079905),0.867837 (0.787500 + 0.080337),0.855647 (0.775800 + 0.079847),0.872850 (0.792900 + 0.079950),0.863323 (0.783000 + 0.080323),0.867650 (0.787500 + 0.080150),0.856322 (0.776700 + 0.079622),0.860692 (0.781200 + 0.079492),0.867163 (0.787500 + 0.079663),0.861241 (0.781200 + 0.080041),0.850463 (0.770400 + 0.080063),0.860328 (0.780300 + 0.080028),0.869218 (0.789300 + 0.079918),0.856380 (0.776700 + 0.079680),0.854611 (0.774900 + 0.079712),0.872878 (0.792900 + 0.079978),0.844235 (0.764100 + 0.080135),0.861248 (0.781200 + 0.080048),0.850655 (0.770400 + 0.080255),0.858750 (0.778500 + 0.080250),0.848556 (0.768600 + 0.079956),0.863033 (0.783000 + 0.080033),0.876228 (0.796500 + 0.079728),0.856671 (0.776700 + 0.079971),0.872794 (0.792900 + 0.079894),0.874659 (0.794700 + 0.079959),0.880099 (0.800100 + 0.079999),0.859998 (0.780300 + 0.079698),0.861196 (0.781200 + 0.079996),0.862022 (0.782100 + 0.079922),0.877345 (0.797400 + 0.079945),0.863656 (0.783900 + 0.079756),0.875478 (0.795600 + 0.079878),0.871673 (0.792000 + 0.079673),0.878151 (0.798300 + 0.079851),0.869441 (0.789300 + 0.080141),0.863947 (0.783900 + 0.080047),0.868330 (0.788400 + 0.079930),0.860251 (0.780300 + 0.079951),0.860096 (0.780300 + 0.079796),0.858451 (0.778500 + 0.079951),0.875538 (0.795600 + 0.079938),0.856769 (0.776700 + 0.080069),0.850165 (0.770400 + 0.079765)
41,0.886382 (0.806400 + 0.079982),0.856070 (0.775800 + 0.080270),0.848273 (0.768600 + 0.079673),0.849526 (0.769500 + 0.080026),0.850351 (0.770400 + 0.079951),0.863830 (0.783900 + 0.079930),0.857499 (0.777600 + 0.079899),0.873771 (0.793800 + 0.079971),0.871673 (0.792000 + 0.079673),0.862844 (0.783000 + 0.079844),0.859184 (0.779400 + 0.079784),0.878223 (0.798300 + 0.079923),0.851857 (0.772200 + 0.079657),0.863063 (0.783000 + 0.080063),0.872598 (0.792900 + 0.079698),0.886382 (0.806400 + 0.079982),0.877345 (0.797400 + 0.079945),0.879003 (0.799200 + 0.079803),0.859412 (0.779400 + 0.080012),0.864473 (0.784800 + 0.079673),0.863915 (0.783900 + 0.080015),0.864141 (0.783900 + 0.080242),0.872069 (0.792000 + 0.080069),0.858350 (0.778500 + 0.079850),0.865574 (0.785700 + 0.079874),0.864276 (0.783900 + 0.080376),0.862918 (0.783000 + 0.079918),0.882717 (0.802800 + 0.079917),0.880762 (0.801000 + 0.079762),0.856724 (0.776700 + 0.080024),0.857970 (0.778500 + 0.079470),0.860127 (0.780300 + 0.079827),0.862435 (0.783000 + 0.079435),0.853390 (0.773100 + 0.080290),0.867025 (0.787500 + 0.079525),0.872811 (0.792900 + 0.079911),0.857446 (0.777600 + 0.079846),0.859965 (0.780300 + 0.079665),0.860830 (0.781200 + 0.079630),0.866697 (0.786600 + 0.080097),0.866335 (0.786600 + 0.079735),0.868324 (0.788400 + 0.079924),0.861922 (0.782100 + 0.079822),0.862794 (0.783000 + 0.079794),0.868410 (0.788400 + 0.080010),0.854673 (0.774900 + 0.079773),0.867239 (0.787500 + 0.079739),0.856663 (0.776700 + 0.079963),0.847632 (0.767700 + 0.079932),0.859209 (0.779400 + 0.079809),0.859257 (0.779400 + 0.079857),0.870724 (0.791100 + 0.079624),0.883731 (0.803700 + 0.080031),0.847468 (0.767700 + 0.079768),0.868132 (0.788400 + 0.079732),0.868282 (0.788400 + 0.079882),0.872988 (0.792900 + 0.080089),0.840398 (0.760500 + 0.079898),0.857423 (0.777600 + 0.079823),0.866504 (0.786600 + 0.079905),0.852059 (0.772200 + 0.079859),0.884657 (0.804600 + 0.080057),0.861004 (0.781200 + 0.079804),0.856564 (0.776700 + 0.079864),0.864777 (0.784800 + 0.079977),0.852876 (0.773100 + 0.079776),0.871040 (0.791100 + 0.079940),0.874582 (0.794700 + 0.079882),0.869384 (0.789300 + 0.080084),0.861196 (0.781200 + 0.079996),0.854611 (0.774900 + 0.079712),0.859460 (0.779400 + 0.080060),0.866533 (0.786600 + 0.079933),0.855519 (0.775800 + 0.079719),0.854658 (0.774900 + 0.079758),0.857527 (0.777600 + 0.079927),0.857403 (0.777600 + 0.079803),0.851989 (0.772200 + 0.079789),0.861259 (0.781200 + 0.080059),0.872136 (0.792000 + 0.080136)
42,0.886382 (0.806400 + 0.079982),0.868284 (0.788400 + 0.079884),0.869195 (0.789300 + 0.079895),0.858321 (0.778500 + 0.079821),0.891009 (0.810900 + 0.080109),0.859336 (0.779400 + 0.079936),0.861647 (0.782100 + 0.079547),0.863063 (0.783000 + 0.080063),0.851989 (0.772200 + 0.079789),0.861197 (0.781200 + 0.079997),0.855604 (0.775800 + 0.079804),0.863931 (0.783900 + 0.080031),0.864430 (0.784800 + 0.079630),0.859454 (0.779400 + 0.080054),0.874576 (0.794700 + 0.079876),0.885490 (0.805500 + 0.079990),0.869301 (0.789300 + 0.080001),0.864133 (0.783900 + 0.080233),0.860161 (0.780300 + 0.079861),0.860738 (0.781200 + 0.079538),0.860770 (0.781200 + 0.079570),0.861910 (0.782100 + 0.079810),0.859371 (0.779400 + 0.079971),0.871959 (0.792000 + 0.079959),0.855595 (0.775800 + 0.079795),0.863844 (0.783900 + 0.079944),0.863497 (0.783900 + 0.079597),0.866476 (0.786600 + 0.079876),0.872655 (0.792900 + 0.079755),0.877345 (0.797400 + 0.079945),0.851857 (0.772200 + 0.079657),0.873627 (0.793800 + 0.079827),0.850797 (0.771300 + 0.079497),0.885445 (0.805500 + 0.079945),0.878282 (0.798300 + 0.079982),0.853291 (0.773100 + 0.080191),0.865704 (0.785700 + 0.080004),0.863797 (0.783900 + 0.079897),0.854321 (0.774900 + 0.079421),0.861676 (0.782100 + 0.079576),0.871635 (0.792000 + 0.079635),0.850072 (0.770400 + 0.079672),0.859060 (0.779400 + 0.079660),0.868440 (0.788400 + 0.080040),0.865338 (0.785700 + 0.079638),0.859020 (0.779400 + 0.079620),0.868282 (0.788400 + 0.079883),0.862833 (0.783000 + 0.079833),0.875649 (0.795600 + 0.080049),0.868777 (0.789300 + 0.079477),0.886382 (0.806400 + 0.079982),0.869271 (0.789300 + 0.079971),0.869214 (0.789300 + 0.079914),0.856181 (0.775800 + 0.080381),0.865368 (0.785700 + 0.079668),0.877345 (0.797400 + 0.079945),0.857472 (0.777600 + 0.079873),0.873704 (0.793800 + 0.079904),0.866523 (0.786600 + 0.079923),0.869414 (0.789300 + 0.080114),0.860674 (0.781200 + 0.079474),0.881811 (0.801900 + 0.079911),0.883741 (0.803700 + 0.080041),0.885501 (0.805500 + 0.080001),0.861902 (0.782100 + 0.079802),0.867237 (0.787500 + 0.079737),0.862961 (0.783000 + 0.079961),0.867031 (0.787500 + 0.079531),0.866351 (0.786600 + 0.079751),0.848070 (0.768600 + 0.079471),0.862892 (0.783000 + 0.079892),0.870979 (0.791100 + 0.079879),0.867618 (0.787500 + 0.080118),0.848431 (0.768600 + 0.079832),0.859372 (0.779400 + 0.079972),0.859963 (0.780300 + 0.079663),0.859403 (0.779400 + 0.080003),0.856723 (0.776700 + 0.080023),0.864460 (0.784800 + 0.079660),0.857583 (0.777600 + 0.079983)
43,0.891009 (0.810900 + 0.080109),0.858625 (0.778500 + 0.080125),0.865899 (0.786600 + 0.079299),0.866116 (0.786600 + 0.079516),0.887291 (0.807300 + 0.079991),0.850064 (0.770400 + 0.079664),0.852732 (0.773100 + 0.079632),0.855675 (0.775800 + 0.079875),0.857692 (0.777600 + 0.080092),0.861028 (0.781200 + 0.079828),0.856468 (0.776700 + 0.079768),0.865610 (0.785700 + 0.079910),0.864823 (0.784800 + 0.080023),0.858308 (0.778500 + 0.079808),0.855671 (0.775800 + 0.079871),0.867526 (0.787500 + 0.080026),0.864685 (0.784800 + 0.079885),0.863047 (0.783000 + 0.080047),0.861224 (0.781200 + 0.080024),0.874576 (0.794700 + 0.079876),0.864845 (0.784800 + 0.080045),0.863163 (0.783000 + 0.080163),0.858370 (0.778500 + 0.079870),0.865371 (0.785700 + 0.079671),0.857472 (0.777600 + 0.079873),0.864605 (0.784800 + 0.079805),0.851263 (0.771300 + 0.079963),0.860961 (0.781200 + 0.079761),0.865459 (0.785700 + 0.079759),0.866419 (0.786600 + 0.079819),0.872798 (0.792900 + 0.079898),0.870085 (0.790200 + 0.079885),0.868514 (0.788400 + 0.080114),0.853408 (0.774000 + 0.079408),0.862942 (0.783000 + 0.079942),0.857193 (0.777600 + 0.079593),0.874496 (0.794700 + 0.079796),0.870723 (0.791100 + 0.079623),0.863722 (0.783900 + 0.079822),0.869105 (0.789300 + 0.079805),0.869845 (0.790200 + 0.079645),0.862941 (0.783000 + 0.079941),0.856612 (0.776700 + 0.079912),0.860045 (0.780300 + 0.079746),0.866428 (0.786600 + 0.079828),0.885490 (0.805500 + 0.079990),0.881811 (0.801900 + 0.079911),0.863844 (0.783900 + 0.079944),0.879079 (0.799200 + 0.079879),0.868420 (0.788400 + 0.080020),0.857485 (0.777600 + 0.079885),0.872000 (0.792000 + 0.080000),0.865759 (0.785700 + 0.080059),0.862710 (0.783000 + 0.079710),0.883731 (0.803700 + 0.080031),0.872009 (0.792000 + 0.080009),0.873527 (0.793800 + 0.079727),0.858141 (0.778500 + 0.079641),0.866351 (0.786600 + 0.079751),0.861214 (0.781200 + 0.080014),0.868450 (0.788400 + 0.080050),0.863516 (0.783900 + 0.079616),0.888269 (0.808200 + 0.080069),0.869015 (0.789300 + 0.079715),0.851977 (0.772200 + 0.079777),0.861647 (0.782100 + 0.079547),0.861647 (0.782100 + 0.079547),0.868282 (0.788400 + 0.079883),0.867237 (0.787500 + 0.079737),0.870453 (0.790200 + 0.080253),0.866494 (0.786600 + 0.079894),0.860604 (0.781200 + 0.079405),0.865357 (0.785700 + 0.079657),0.876278 (0.796500 + 0.079778),0.850720 (0.771300 + 0.079420),0.873795 (0.793800 + 0.079995),0.864619 (0.784800 + 0.079819),0.885490 (0.805500 + 0.079990),0.857472 (0.777600 + 0.079873),0.868618 (0.788400 + 0.080218)
44,0.891009 (0.810900 + 0.080109),0.847647 (0.767700 + 0.079947),0.866407 (0.786600 + 0.079807),0.865408 (0.785700 + 0.079708),0.868923 (0.789300 + 0.079623),0.874858 (0.794700 + 0.080158),0.858333 (0.778500 + 0.079833),0.858219 (0.778500 + 0.079719),0.851998 (0.772200 + 0.079798),0.855009 (0.774900 + 0.080109),0.860026 (0.780300 + 0.079726),0.862188 (0.782100 + 0.080088),0.874497 (0.794700 + 0.079797),0.851146 (0.771300 + 0.079846),0.867360 (0.787500 + 0.079860),0.860892 (0.781200 + 0.079692),0.859094 (0.779400 + 0.079694),0.866509 (0.786600 + 0.079910),0.861973 (0.782100 + 0.079873),0.874513 (0.794700 + 0.079813),0.858427 (0.778500 + 0.079927),0.861245 (0.781200 + 0.080046),0.861005 (0.781200 + 0.079805),0.852450 (0.773100 + 0.079350),0.864945 (0.784800 + 0.080145),0.875635 (0.795600 + 0.080035),0.862319 (0.782100 + 0.080219),0.858680 (0.778500 + 0.080180),0.854383 (0.774900 + 0.079483),0.868075 (0.788400 + 0.079675),0.880920 (0.801000 + 0.079920),0.847571 (0.767700 + 0.079871),0.872795 (0.792900 + 0.079895),0.856603 (0.776700 + 0.079903),0.859004 (0.779400 + 0.079604),0.849819 (0.770400 + 0.079419),0.884541 (0.804600 + 0.079941),0.862761 (0.783000 + 0.079761),0.861500 (0.782100 + 0.079400),0.869876 (0.790200 + 0.079676),0.861055 (0.781200 + 0.079855),0.868431 (0.788400 + 0.080031),0.883750 (0.803700 + 0.080050),0.868420 (0.788400 + 0.080020),0.867151 (0.787500 + 0.079651),0.866623 (0.786600 + 0.080023),0.851564 (0.772200 + 0.079364),0.866322 (0.786600 + 0.079722),0.871813 (0.792000 + 0.079813),0.886382 (0.806400 + 0.079982),0.867293 (0.787500 + 0.079793),0.869015 (0.789300 + 0.079715),0.863516 (0.783900 + 0.079616),0.873917 (0.793800 + 0.080117),0.863883 (0.783900 + 0.079983),0.855473 (0.775800 + 0.079673),0.875662 (0.795600 + 0.080062),0.852980 (0.773100 + 0.079880),0.860994 (0.781200 + 0.079794),0.858453 (0.778500 + 0.079953),0.864786 (0.784800 + 0.079986),0.874576 (0.794700 + 0.079876),0.872009 (0.792000 + 0.080009),0.875887 (0.795600 + 0.080287),0.865582 (0.785700 + 0.079882),0.865470 (0.785700 + 0.079770),0.860928 (0.781200 + 0.079728),0.858216 (0.778500 + 0.079716),0.853782 (0.774000 + 0.079782),0.866505 (0.786600 + 0.079905),0.855823 (0.775800 + 0.080023),0.861101 (0.781200 + 0.079901),0.869481 (0.789300 + 0.080181),0.869225 (0.789300 + 0.079925),0.867198 (0.787500 + 0.079698),0.862890 (0.783000 + 0.079890),0.874525 (0.794700 + 0.079825),0.867432 (0.787500 + 0.079932),0.866550 (0.786600 + 0.079950),0.871570 (0.792000 + 0.079570)
45,0.891009 (0.810900 + 0.080109),0.864163 (0.783900 + 0.080263),0.848511 (0.768600 + 0.079911),0.863905 (0.783900 + 0.080005),0.863552 (0.783900 + 0.079652),0.857734 (0.777600 + 0.080134),0.858145 (0.778500 + 0.079645),0.864614 (0.784800 + 0.079814),0.868886 (0.789300 + 0.079586),0.888269 (0.808200 + 0.080069),0.864854 (0.784800 + 0.080054),0.868404 (0.788400 + 0.080004),0.853873 (0.774000 + 0.079873),0.861217 (0.781200 + 0.080017),0.872158 (0.792000 + 0.080158),0.876504 (0.796500 + 0.080004),0.872798 (0.792900 + 0.079898),0.870182 (0.790200 + 0.079982),0.843558 (0.764100 + 0.079458),0.886382 (0.806400 + 0.079982),0.875736 (0.795600 + 0.080136),0.864363 (0.784800 + 0.079563),0.862156 (0.782100 + 0.080056),0.868431 (0.788400 + 0.080031),0.883641 (0.803700 + 0.079941),0.871570 (0.792000 + 0.079570),0.867151 (0.787500 + 0.079651),0.867100 (0.787500 + 0.079600),0.875585 (0.795600 + 0.079985),0.864479 (0.784800 + 0.079679),0.853300 (0.773100 + 0.080200),0.871954 (0.792000 + 0.079954),0.852366 (0.773100 + 0.079266),0.869876 (0.790200 + 0.079676),0.859364 (0.779400 + 0.079964),0.862852 (0.783000 + 0.079852),0.845594 (0.765900 + 0.079694),0.860649 (0.780300 + 0.080349),0.891009 (0.810900 + 0.080109),0.869726 (0.790200 + 0.079526),0.860359 (0.780300 + 0.080059),0.865408 (0.785700 + 0.079708),0.860892 (0.781200 + 0.079692),0.854244 (0.774900 + 0.079344),0.857230 (0.777600 + 0.079630),0.863819 (0.783900 + 0.079919),0.869810 (0.790200 + 0.079610),0.864786 (0.784800 + 0.079986),0.891009 (0.810900 + 0.080109),0.868027 (0.788400 + 0.079627),0.880740 (0.801000 + 0.079740),0.867296 (0.787500 + 0.079796),0.875468 (0.795600 + 0.079868),0.844517 (0.765000 + 0.079517),0.862516 (0.783000 + 0.079516),0.871160 (0.791100 + 0.080060),0.855904 (0.775800 + 0.080104),0.860333 (0.780300 + 0.080033),0.879302 (0.799200 + 0.080102),0.865705 (0.785700 + 0.080005),0.868413 (0.788400 + 0.080013),0.883660 (0.803700 + 0.079960),0.861715 (0.782100 + 0.079615),0.867011 (0.787500 + 0.079511),0.871089 (0.791100 + 0.079989),0.869015 (0.789300 + 0.079715),0.867293 (0.787500 + 0.079793),0.872907 (0.792900 + 0.080007),0.866557 (0.786600 + 0.079957),0.869466 (0.789300 + 0.080166),0.862833 (0.783000 + 0.079833),0.871030 (0.791100 + 0.079930),0.872178 (0.792000 + 0.080178),0.859316 (0.779400 + 0.079916),0.861001 (0.781200 + 0.079801),0.865408 (0.785700 + 0.079708),0.865408 (0.785700 + 0.079708),0.849084 (0.769500 + 0.079584),0.860393 (0.780300 + 0.080093),0.881797 (0.801900 + 0.079897)
46,0.891009 (0.810900 + 0.080109),0.867947 (0.788400 + 0.079547),0.855114 (0.774900 + 0.080214),0.867301 (0.787500 + 0.079801),0.868085 (0.788400 + 0.079685),0.861859 (0.782100 + 0.079759),0.860287 (0.780300 + 0.079987),0.867066 (0.787500 + 0.079566),0.865474 (0.785700 + 0.079774),0.859122 (0.779400 + 0.079722),0.869990 (0.790200 + 0.079790),0.845502 (0.765900 + 0.079602),0.871030 (0.791100 + 0.079930),0.879126 (0.799200 + 0.079926),0.872090 (0.792000 + 0.080090),0.858446 (0.778500 + 0.079946),0.865036 (0.784800 + 0.080236),0.866802 (0.786600 + 0.080202),0.859590 (0.779400 + 0.080190),0.862052 (0.782100 + 0.079952),0.862816 (0.783000 + 0.079816),0.886382 (0.806400 + 0.079982),0.854532 (0.774900 + 0.079632),0.876527 (0.796500 + 0.080027),0.856588 (0.776700 + 0.079888),0.867334 (0.787500 + 0.079835),0.873039 (0.792900 + 0.080139),0.854397 (0.774900 + 0.079497),0.879857 (0.800100 + 0.079757),0.866030 (0.786600 + 0.079430),0.847621 (0.767700 + 0.079921),0.849783 (0.770400 + 0.079383),0.875765 (0.795600 + 0.080165),0.886382 (0.806400 + 0.079982),0.883660 (0.803700 + 0.079960),0.880847 (0.801000 + 0.079847),0.867194 (0.787500 + 0.079694),0.866570 (0.786600 + 0.079970),0.864627 (0.784800 + 0.079827),0.885501 (0.805500 + 0.080001),0.871085 (0.791100 + 0.079985),0.858243 (0.778500 + 0.079743),0.891009 (0.810900 + 0.080109),0.865308 (0.785700 + 0.079608),0.872136 (0.792000 + 0.080136),0.862921 (0.783000 + 0.079921),0.873026 (0.792900 + 0.080126),0.863698 (0.783900 + 0.079798),0.864633 (0.784800 + 0.079833),0.860448 (0.781200 + 0.079248),0.880187 (0.800100 + 0.080087),0.859012 (0.779400 + 0.079612),0.855742 (0.775800 + 0.079942),0.881953 (0.801900 + 0.080053),0.883741 (0.803700 + 0.080041),0.869314 (0.789300 + 0.080014),0.862179 (0.783000 + 0.079179),0.886348 (0.806400 + 0.079948),0.880009 (0.800100 + 0.079909),0.867296 (0.787500 + 0.079796),0.865408 (0.785700 + 0.079708),0.865179 (0.785700 + 0.079479),0.869415 (0.789300 + 0.080115),0.865556 (0.785700 + 0.079856),0.866543 (0.786600 + 0.079943),0.873917 (0.793800 + 0.080117),0.872046 (0.792000 + 0.080046),0.869304 (0.789300 + 0.080004),0.876435 (0.796500 + 0.079935),0.879302 (0.799200 + 0.080102),0.879302 (0.799200 + 0.080102),0.868673 (0.788400 + 0.080273),0.862085 (0.782100 + 0.079985),0.865442 (0.785700 + 0.079742),0.861676 (0.782100 + 0.079576),0.865725 (0.785700 + 0.080025),0.859787 (0.780300 + 0.079487),0.868299 (0.788400 + 0.079899),0.861031 (0.781200 + 0.079831),0.872849 (0.792900 + 0.079949)
47,0.891009 (0.810900 + 0.080109),0.851914 (0.772200 + 0.079714),0.866999 (0.786600 + 0.080399),0.869269 (0.789300 + 0.079969),0.864627 (0.784800 + 0.079827),0.868450 (0.788400 + 0.080050),0.859267 (0.779400 + 0.079867),0.891009 (0.810900 + 0.080109),0.845447 (0.765900 + 0.079547),0.868358 (0.788400 + 0.079958),0.859410 (0.779400 + 0.080010),0.884735 (0.804600 + 0.080135),0.873114 (0.792900 + 0.080214),0.855681 (0.775800 + 0.079881),0.869141 (0.789300 + 0.079841),0.879302 (0.799200 + 0.080102),0.886382 (0.806400 + 0.079982),0.865028 (0.784800 + 0.080228),0.851996 (0.772200 + 0.079796),0.857741 (0.777600 + 0.080141),0.866469 (0.786600 + 0.079869),0.869769 (0.790200 + 0.079569),0.879037 (0.799200 + 0.079837),0.873817 (0.793800 + 0.080017),0.870131 (0.790200 + 0.079931),0.889119 (0.809100 + 0.080019),0.880116 (0.800100 + 0.080016),0.875765 (0.795600 + 0.080165),0.861646 (0.782100 + 0.079546),0.885501 (0.805500 + 0.080001),0.872907 (0.792900 + 0.080007),0.863834 (0.783900 + 0.079934),0.861828 (0.782100 + 0.079728),0.861537 (0.781200 + 0.080337),0.856432 (0.776700 + 0.079732),0.868007 (0.788400 + 0.079607),0.885501 (0.805500 + 0.080001),0.872964 (0.792900 + 0.080064),0.857675 (0.777600 + 0.080075),0.864105 (0.784800 + 0.079305),0.862327 (0.782100 + 0.080227),0.859227 (0.779400 + 0.079827),0.870106 (0.790200 + 0.079906),0.872176 (0.792000 + 0.080176),0.883631 (0.803700 + 0.079931),0.877506 (0.797400 + 0.080106),0.881831 (0.801900 + 0.079931),0.860777 (0.781200 + 0.079577),0.870931 (0.791100 + 0.079831),0.863069 (0.783900 + 0.079169),0.877527 (0.797400 + 0.080127),0.858880 (0.779400 + 0.079480),0.872040 (0.792000 + 0.080040),0.875670 (0.795600 + 0.080070),0.871594 (0.792000 + 0.079594),0.885501 (0.805500 + 0.080001),0.860035 (0.780300 + 0.079735),0.866519 (0.786600 + 0.079919),0.876590 (0.796500 + 0.080090),0.853683 (0.774000 + 0.079683),0.864710 (0.784800 + 0.079910),0.868410 (0.788400 + 0.080010),0.862393 (0.783000 + 0.079393),0.871928 (0.792000 + 0.079928),0.886382 (0.806400 + 0.079982),0.857867 (0.778500 + 0.079367),0.857475 (0.777600 + 0.079875),0.866543 (0.786600 + 0.079943),0.866543 (0.786600 + 0.079943),0.851756 (0.772200 + 0.079556),0.859180 (0.779400 + 0.079780),0.869298 (0.789300 + 0.079998),0.859335 (0.779400 + 0.079935),0.882817 (0.802800 + 0.080017),0.872099 (0.792000 + 0.080099),0.871008 (0.791100 + 0.079908),0.864868 (0.784800 + 0.080068),0.868673 (0.788400 + 0.080273),0.842297 (0.762300 + 0.079997),0.879967 (0.800100 + 0.079867)
48,0.891009 (0.810900 + 0.080109),0.860461 (0.780300 + 0.080161),0.872040 (0.792000 + 0.080040),0.859331 (0.779400 + 0.079931),0.872611 (0.792900 + 0.079711),0.854698 (0.774900 + 0.079798),0.867817 (0.787500 + 0.080317),0.870106 (0.790200 + 0.079906),0.885501 (0.805500 + 0.080001),0.855819 (0.775800 + 0.080019),0.861902 (0.782100 + 0.079802),0.861056 (0.781200 + 0.079856),0.869298 (0.789300 + 0.079998),0.872097 (0.792000 + 0.080097),0.863921 (0.783900 + 0.080021),0.880116 (0.800100 + 0.080016),0.891009 (0.810900 + 0.080109),0.878947 (0.799200 + 0.079747),0.868421 (0.788400 + 0.080021),0.871383 (0.792000 + 0.079383),0.870884 (0.791100 + 0.079784),0.870345 (0.790200 + 0.080145),0.868543 (0.788400 + 0.080143),0.852418 (0.773100 + 0.079318),0.863903 (0.783900 + 0.080003),0.868178 (0.788400 + 0.079778),0.858757 (0.778500 + 0.080257),0.885501 (0.805500 + 0.080001),0.859167 (0.779400 + 0.079767),0.853906 (0.774000 + 0.079906),0.865263 (0.785700 + 0.079563),0.872176 (0.792000 + 0.080176),0.863496 (0.783900 + 0.079596),0.863358 (0.783000 + 0.080358),0.868128 (0.788400 + 0.079728),0.867740 (0.787500 + 0.080240),0.859506 (0.779400 + 0.080106),0.859227 (0.779400 + 0.079827),0.868673 (0.788400 + 0.080273),0.869600 (0.789300 + 0.080300),0.872775 (0.792900 + 0.079875),0.853990 (0.774000 + 0.079990),0.882725 (0.802800 + 0.079925),0.860034 (0.779400 + 0.080634),0.869873 (0.790200 + 0.079673),0.885501 (0.805500 + 0.080001),0.886382 (0.806400 + 0.079982),0.876378 (0.796500 + 0.079878),0.866805 (0.786600 + 0.080205),0.849040 (0.769500 + 0.079540),0.886382 (0.806400 + 0.079982),0.891009 (0.810900 + 0.080109),0.879037 (0.799200 + 0.079837),0.865801 (0.785700 + 0.080101),0.858112 (0.778500 + 0.079612),0.886382 (0.806400 + 0.079982),0.858229 (0.778500 + 0.079729),0.891009 (0.810900 + 0.080109),0.891009 (0.810900 + 0.080109),0.873945 (0.793800 + 0.080145),0.867275 (0.787500 + 0.079775),0.864707 (0.784800 + 0.079907),0.876325 (0.796500 + 0.079825),0.870431 (0.790200 + 0.080231),0.866705 (0.786600 + 0.080105),0.879302 (0.799200 + 0.080102),0.885501 (0.805500 + 0.080001),0.870114 (0.790200 + 0.079914),0.873846 (0.793800 + 0.080046),0.860182 (0.780300 + 0.079882),0.866412 (0.786600 + 0.079812),0.865573 (0.785700 + 0.079873),0.877338 (0.797400 + 0.079938),0.847402 (0.767700 + 0.079702),0.879126 (0.799200 + 0.079926),0.881238 (0.801000 + 0.080238),0.883710 (0.803700 + 0.080010),0.870190 (0.790200 + 0.079990),0.860167 (0.780300 + 0.079867),0.852884 (0.774000 + 0.078884)
49,0.891009 (0.810900 + 0.080109),0.863585 (0.783900 + 0.079685),0.870563 (0.790200 + 0.080363),0.878341 (0.798300 + 0.080041),0.860329 (0.780300 + 0.080029),0.853813 (0.774000 + 0.079813),0.869449 (0.789300 + 0.080149),0.874646 (0.794700 + 0.079946),0.871254 (0.791100 + 0.080154),0.861636 (0.782100 + 0.079536),0.863903 (0.783900 + 0.080003),0.861015 (0.781200 + 0.079815),0.872244 (0.792000 + 0.080244),0.891009 (0.810900 + 0.080109),0.864923 (0.784800 + 0.080123),0.859281 (0.779400 + 0.079881),0.861069 (0.781200 + 0.079869),0.885501 (0.805500 + 0.080001),0.873054 (0.792900 + 0.080154),0.879135 (0.799200 + 0.079935),0.866650 (0.786600 + 0.080050),0.891009 (0.810900 + 0.080109),0.880116 (0.800100 + 0.080016),0.882003 (0.801900 + 0.080103),0.857512 (0.777600 + 0.079912),0.855931 (0.775800 + 0.080131),0.856698 (0.776700 + 0.079998),0.886382 (0.806400 + 0.079982),0.886382 (0.806400 + 0.079982),0.864142 (0.784800 + 0.079342),0.867303 (0.787500 + 0.079803),0.881238 (0.801000 + 0.080238),0.878947 (0.799200 + 0.079747),0.864762 (0.784800 + 0.079963),0.879302 (0.799200 + 0.080102),0.854637 (0.774900 + 0.079737),0.870046 (0.790200 + 0.079846),0.862086 (0.782100 + 0.079986),0.877482 (0.797400 + 0.080082),0.885501 (0.805500 + 0.080001),0.891009 (0.810900 + 0.080109),0.873054 (0.792900 + 0.080154),0.869265 (0.789300 + 0.079965),0.865964 (0.786600 + 0.079364),0.878356 (0.798300 + 0.080056),0.868491 (0.788400 + 0.080091),0.867611 (0.787500 + 0.080111),0.868128 (0.788400 + 0.079728),0.872712 (0.792900 + 0.079812),0.877301 (0.797400 + 0.079901),0.864728 (0.784800 + 0.079928),0.879302 (0.799200 + 0.080102),0.860182 (0.780300 + 0.079882),0.870408 (0.790200 + 0.080208),0.871946 (0.792000 + 0.079946),0.866649 (0.786600 + 0.080049),0.853998 (0.774000 + 0.079998),0.870349 (0.790200 + 0.080149),0.891009 (0.810900 + 0.080109),0.860324 (0.780300 + 0.080024),0.880641 (0.801000 + 0.079641),0.870056 (0.790200 + 0.079856),0.869083 (0.789300 + 0.079783),0.874311 (0.794700 + 0.079611),0.868450 (0.788400 + 0.080050),0.871086 (0.791100 + 0.079986),0.858225 (0.778500 + 0.079725),0.865731 (0.785700 + 0.080031),0.844447 (0.765000 + 0.079447),0.872176 (0.792000 + 0.080176),0.870106 (0.790200 + 0.079906),0.863086 (0.783000 + 0.080086),0.873066 (0.792900 + 0.080166),0.849539 (0.769500 + 0.080039),0.885501 (0.805500 + 0.080001),0.856425 (0.776700 + 0.079725),0.853960 (0.774000 + 0.079960),0.876361 (0.796500 + 0.079861),0.870876 (0.791100 + 0.079776),0.863926 (0.783900 + 0.080026)
50,0.891009 (0.810900 + 0.080109),0.860435 (0.780300 + 0.080135),0.851039 (0.771300 + 0.079740),0.870408 (0.790200 + 0.080208),0.855859 (0.775800 + 0.080059),0.867533 (0.787500 + 0.080033),0.882067 (0.801900 + 0.080167),0.891009 (0.810900 + 0.080109),0.862307 (0.782100 + 0.080207),0.860781 (0.781200 + 0.079581),0.870885 (0.791100 + 0.079785),0.854881 (0.774900 + 0.079982),0.866998 (0.787500 + 0.079498),0.856869 (0.776700 + 0.080169),0.864604 (0.784800 + 0.079804),0.870340 (0.790200 + 0.080140),0.870516 (0.790200 + 0.080316),0.891009 (0.810900 + 0.080109),0.891009 (0.810900 + 0.080109),0.878397 (0.798300 + 0.080097),0.871314 (0.791100 + 0.080214),0.875366 (0.795600 + 0.079766),0.871898 (0.792000 + 0.079898),0.868095 (0.788400 + 0.079695),0.869298 (0.789300 + 0.079998),0.886382 (0.806400 + 0.079982),0.858180 (0.778500 + 0.079681),0.879255 (0.799200 + 0.080055),0.854754 (0.774900 + 0.079854),0.876620 (0.796500 + 0.080120),0.870176 (0.790200 + 0.079976),0.870046 (0.790200 + 0.079846),0.885501 (0.805500 + 0.080001),0.876554 (0.796500 + 0.080055),0.866445 (0.786600 + 0.079845),0.860509 (0.781200 + 0.079309),0.880937 (0.801000 + 0.079937),0.862964 (0.783000 + 0.079964),0.861136 (0.781200 + 0.079936),0.863997 (0.783900 + 0.080097),0.868329 (0.788400 + 0.079929),0.874567 (0.794700 + 0.079867),0.886382 (0.806400 + 0.079982),0.881323 (0.801000 + 0.080323),0.868813 (0.789300 + 0.079513),0.871889 (0.792000 + 0.079889),0.885711 (0.805500 + 0.080211),0.868079 (0.788400 + 0.079679),0.864952 (0.784800 + 0.080152),0.877301 (0.797400 + 0.079901),0.878947 (0.799200 + 0.079747),0.869449 (0.789300 + 0.080149),0.869449 (0.789300 + 0.080149),0.866629 (0.786600 + 0.080029),0.861271 (0.781200 + 0.080071),0.862689 (0.783000 + 0.079689),0.866649 (0.786600 + 0.080049),0.880054 (0.800100 + 0.079954),0.871046 (0.791100 + 0.079946),0.857434 (0.777600 + 0.079834),0.853992 (0.774000 + 0.079992),0.860933 (0.781200 + 0.079733),0.861166 (0.781200 + 0.079966),0.869083 (0.789300 + 0.079783),0.891009 (0.810900 + 0.080109),0.867611 (0.787500 + 0.080111),0.856664 (0.776700 + 0.079964),0.873066 (0.792900 + 0.080166),0.873066 (0.792900 + 0.080166),0.865368 (0.785700 + 0.079668),0.856461 (0.776700 + 0.079761),0.885501 (0.805500 + 0.080001),0.886382 (0.806400 + 0.079982),0.881049 (0.801000 + 0.080049),0.878490 (0.798300 + 0.080190),0.851827 (0.772200 + 0.079627),0.889171 (0.809100 + 0.080071),0.861118 (0.781200 + 0.079918),0.872203 (0.792000 + 0.080203),0.871254 (0.791100 + 0.080154)
51,0.891009 (0.810900 + 0.080109),0.869451 (0.789300 + 0.080151),0.870371 (0.790200 + 0.080171),0.875583 (0.795600 + 0.079983),0.861857 (0.782100 + 0.079757),0.862994 (0.783000 + 0.079994),0.860271 (0.780300 + 0.079971),0.871229 (0.791100 + 0.080129),0.873702 (0.793800 + 0.079902),0.868450 (0.788400 + 0.080050),0.865924 (0.785700 + 0.080224),0.861324 (0.781200 + 0.080124),0.859392 (0.779400 + 0.079992),0.870127 (0.790200 + 0.079927),0.865896 (0.785700 + 0.080196),0.871889 (0.792000 + 0.079889),0.855257 (0.775800 + 0.079457),0.857771 (0.777600 + 0.080171),0.857270 (0.777600 + 0.079670),0.860163 (0.780300 + 0.079863),0.858248 (0.778500 + 0.079749),0.876562 (0.796500 + 0.080062),0.870286 (0.790200 + 0.080086),0.875897 (0.795600 + 0.080297),0.867221 (0.787500 + 0.079721),0.869290 (0.789300 + 0.079990),0.874766 (0.794700 + 0.080066),0.869248 (0.789300 + 0.079948),0.851708 (0.772200 + 0.079508),0.870290 (0.790200 + 0.080090),0.879190 (0.799200 + 0.079990),0.880876 (0.801000 + 0.079877),0.885461 (0.805500 + 0.079961),0.873867 (0.793800 + 0.080067),0.872097 (0.792000 + 0.080097),0.878947 (0.799200 + 0.079747),0.869083 (0.789300 + 0.079783),0.861076 (0.781200 + 0.079877),0.876739 (0.796500 + 0.080239),0.868378 (0.788400 + 0.079978),0.847458 (0.767700 + 0.079758),0.874858 (0.794700 + 0.080158),0.861277 (0.781200 + 0.080077),0.864635 (0.784800 + 0.079835),0.861892 (0.782100 + 0.079792),0.886382 (0.806400 + 0.079982),0.891009 (0.810900 + 0.080109),0.848485 (0.768600 + 0.079886),0.886382 (0.806400 + 0.079982),0.877340 (0.797400 + 0.079940),0.856282 (0.776700 + 0.079582),0.851028 (0.771300 + 0.079728),0.876662 (0.796500 + 0.080162),0.870183 (0.790200 + 0.079983),0.870698 (0.790200 + 0.080498),0.866592 (0.786600 + 0.079992),0.866526 (0.786600 + 0.079926),0.891009 (0.810900 + 0.080109),0.882148 (0.801900 + 0.080248),0.891018 (0.810900 + 0.080118),0.885701 (0.805500 + 0.080201),0.891009 (0.810900 + 0.080109),0.870176 (0.790200 + 0.079976),0.870571 (0.790200 + 0.080371),0.873012 (0.792900 + 0.080112),0.891009 (0.810900 + 0.080109),0.869295 (0.789300 + 0.079995),0.858007 (0.778500 + 0.079507),0.891009 (0.810900 + 0.080109),0.891009 (0.810900 + 0.080109),0.879255 (0.799200 + 0.080055),0.870146 (0.790200 + 0.079946),0.862292 (0.782100 + 0.080192),0.869229 (0.789300 + 0.079929),0.870088 (0.790200 + 0.079888),0.863149 (0.783000 + 0.080149),0.872009 (0.792000 + 0.080009),0.864807 (0.784800 + 0.080007),0.860410 (0.780300 + 0.080110),0.876620 (0.796500 + 0.080120)
52,0.891018 (0.810900 + 0.080118),0.885461 (0.805500 + 0.079961),0.885461 (0.805500 + 0.079961),0.873627 (0.793800 + 0.079827),0.877490 (0.797400 + 0.080090),0.880149 (0.800100 + 0.080049),0.881179 (0.801000 + 0.080179),0.889171 (0.809100 + 0.080071),0.870016 (0.790200 + 0.079816),0.871021 (0.791100 + 0.079921),0.877341 (0.797400 + 0.079941),0.863608 (0.783900 + 0.079708),0.886382 (0.806400 + 0.079982),0.856665 (0.776700 + 0.079965),0.874694 (0.794700 + 0.079994),0.874797 (0.794700 + 0.080097),0.868447 (0.788400 + 0.080047),0.871186 (0.791100 + 0.080086),0.864034 (0.783900 + 0.080134),0.891009 (0.810900 + 0.080109),0.858210 (0.778500 + 0.079711),0.862006 (0.782100 + 0.079906),0.868459 (0.788400 + 0.080059),0.884612 (0.804600 + 0.080012),0.889158 (0.809100 + 0.080058),0.875512 (0.795600 + 0.079912),0.873150 (0.792900 + 0.080250),0.870088 (0.790200 + 0.079888),0.871229 (0.791100 + 0.080129),0.885501 (0.805500 + 0.080001),0.856709 (0.776700 + 0.080009),0.881209 (0.801000 + 0.080209),0.860440 (0.780300 + 0.080140),0.863063 (0.783000 + 0.080063),0.879280 (0.799200 + 0.080080),0.873777 (0.793800 + 0.079977),0.866473 (0.786600 + 0.079873),0.886382 (0.806400 + 0.079982),0.891009 (0.810900 + 0.080109),0.880092 (0.800100 + 0.079992),0.874697 (0.794700 + 0.079997),0.869362 (0.789300 + 0.080062),0.861172 (0.781200 + 0.079972),0.891009 (0.810900 + 0.080109),0.856282 (0.776700 + 0.079582),0.870286 (0.790200 + 0.080086),0.859429 (0.779400 + 0.080030),0.857310 (0.777600 + 0.079710),0.877504 (0.797400 + 0.080104),0.878225 (0.798300 + 0.079925),0.880284 (0.800100 + 0.080184),0.870698 (0.790200 + 0.080498),0.862292 (0.782100 + 0.080192),0.889171 (0.809100 + 0.080071),0.868384 (0.788400 + 0.079984),0.887291 (0.807300 + 0.079991),0.865753 (0.785700 + 0.080053),0.884599 (0.804600 + 0.079999),0.858744 (0.778500 + 0.080244),0.859657 (0.779400 + 0.080257),0.876175 (0.796500 + 0.079675),0.863888 (0.783900 + 0.079988),0.871952 (0.792000 + 0.079952),0.877434 (0.797400 + 0.080034),0.875449 (0.795600 + 0.079849),0.866499 (0.786600 + 0.079899),0.871229 (0.791100 + 0.080129),0.885501 (0.805500 + 0.080001),0.871072 (0.791100 + 0.079972),0.873867 (0.793800 + 0.080067),0.871889 (0.792000 + 0.079889),0.865696 (0.785700 + 0.079995),0.885675 (0.805500 + 0.080175),0.891009 (0.810900 + 0.080109),0.876662 (0.796500 + 0.080162),0.891009 (0.810900 + 0.080109),0.876562 (0.796500 + 0.080062),0.854873 (0.774900 + 0.079973),0.863191 (0.783000 + 0.080191),0.891009 (0.810900 + 0.080109)
53,0.891018 (0.810900 + 0.080118),0.875643 (0.795600 + 0.080044),0.865747 (0.785700 + 0.080047),0.864812 (0.784800 + 0.080012),0.870698 (0.790200 + 0.080498),0.871229 (0.791100 + 0.080129),0.863608 (0.783900 + 0.079708),0.885461 (0.805500 + 0.079961),0.868277 (0.788400 + 0.079877),0.891009 (0.810900 + 0.080109),0.884599 (0.804600 + 0.079999),0.884578 (0.804600 + 0.079978),0.870038 (0.790200 + 0.079838),0.874646 (0.794700 + 0.079947),0.853732 (0.774000 + 0.079732),0.878190 (0.798300 + 0.079890),0.891009 (0.810900 + 0.080109),0.886562 (0.806400 + 0.080162),0.864409 (0.784800 + 0.079609),0.885461 (0.805500 + 0.079961),0.889171 (0.809100 + 0.080071),0.877474 (0.797400 + 0.080074),0.864674 (0.784800 + 0.079874),0.878225 (0.798300 + 0.079925),0.851221 (0.771300 + 0.079921),0.880149 (0.800100 + 0.080049),0.873443 (0.793800 + 0.079643),0.880871 (0.801000 + 0.079871),0.876678 (0.796500 + 0.080179),0.891009 (0.810900 + 0.080109),0.885675 (0.805500 + 0.080175),0.856008 (0.775800 + 0.080208),0.881947 (0.801900 + 0.080047),0.884559 (0.804600 + 0.079959),0.885598 (0.805500 + 0.080098),0.872811 (0.792900 + 0.079911),0.875561 (0.795600 + 0.079961),0.863984 (0.783900 + 0.080084),0.881160 (0.801000 + 0.080160),0.891009 (0.810900 + 0.080109),0.879375 (0.799200 + 0.080175),0.889158 (0.809100 + 0.080058),0.863191 (0.783000 + 0.080191),0.886382 (0.806400 + 0.079982),0.891009 (0.810900 + 0.080109),0.879270 (0.799200 + 0.080070),0.851839 (0.772200 + 0.079639),0.853895 (0.774000 + 0.079895),0.868357 (0.788400 + 0.079957),0.885461 (0.805500 + 0.079961),0.870914 (0.791100 + 0.079814),0.854068 (0.774000 + 0.080068),0.880871 (0.801000 + 0.079871),0.870339 (0.790200 + 0.080139),0.873662 (0.793800 + 0.079862),0.870698 (0.790200 + 0.080498),0.857310 (0.777600 + 0.079710),0.886382 (0.806400 + 0.079982),0.885510 (0.805500 + 0.080010),0.856187 (0.776700 + 0.079487),0.863939 (0.783900 + 0.080040),0.868324 (0.788400 + 0.079924),0.871021 (0.791100 + 0.079921),0.865104 (0.784800 + 0.080304),0.874941 (0.794700 + 0.080242),0.856435 (0.776700 + 0.079735),0.878459 (0.798300 + 0.080159),0.859408 (0.779400 + 0.080008),0.888222 (0.808200 + 0.080022),0.877490 (0.797400 + 0.080090),0.866403 (0.786600 + 0.079803),0.849468 (0.769500 + 0.079968),0.885594 (0.805500 + 0.080094),0.886444 (0.806400 + 0.080044),0.865622 (0.785700 + 0.079922),0.857229 (0.777600 + 0.079629),0.856546 (0.776700 + 0.079847),0.871229 (0.791100 + 0.080129),0.862685 (0.783000 + 0.079685),0.876662 (0.796500 + 0.080162)
54,0.891018 (0.810900 + 0.080118),0.858473 (0.778500 + 0.079973),0.878190 (0.798300 + 0.079890),0.856508 (0.776700 + 0.079808),0.888269 (0.808200 + 0.080069),0.891009 (0.810900 + 0.080109),0.891009 (0.810900 + 0.080109),0.854819 (0.774900 + 0.079919),0.889158 (0.809100 + 0.080058),0.872683 (0.792900 + 0.079783),0.874594 (0.794700 + 0.079894),0.870339 (0.790200 + 0.080139),0.877474 (0.797400 + 0.080074),0.878275 (0.798300 + 0.079975),0.864290 (0.784800 + 0.079491),0.873849 (0.793800 + 0.080049),0.867340 (0.787500 + 0.079840),0.866736 (0.786600 + 0.080136),0.865526 (0.785700 + 0.079826),0.885598 (0.805500 + 0.080098),0.849359 (0.769500 + 0.079859),0.875643 (0.795600 + 0.080044),0.873662 (0.793800 + 0.079862),0.889171 (0.809100 + 0.080071),0.861070 (0.781200 + 0.079870),0.886444 (0.806400 + 0.080044),0.870698 (0.790200 + 0.080498),0.891009 (0.810900 + 0.080109),0.851172 (0.771300 + 0.079872),0.878215 (0.798300 + 0.079915),0.863815 (0.783900 + 0.079915),0.862632 (0.783000 + 0.079632),0.889158 (0.809100 + 0.080058),0.871208 (0.791100 + 0.080108),0.881928 (0.801900 + 0.080028),0.873998 (0.793800 + 0.080198),0.860535 (0.780300 + 0.080235),0.879302 (0.799200 + 0.080102),0.861263 (0.781200 + 0.080063),0.862077 (0.782100 + 0.079976),0.885593 (0.805500 + 0.080093),0.877186 (0.797400 + 0.079786),0.879147 (0.799200 + 0.079947),0.891009 (0.810900 + 0.080109),0.886382 (0.806400 + 0.079982),0.869856 (0.790200 + 0.079656),0.867266 (0.787500 + 0.079766),0.889171 (0.809100 + 0.080071),0.879270 (0.799200 + 0.080070),0.863191 (0.783000 + 0.080191),0.865737 (0.785700 + 0.080037),0.876662 (0.796500 + 0.080162),0.885594 (0.805500 + 0.080094),0.882871 (0.802800 + 0.080071),0.877464 (0.797400 + 0.080064),0.861990 (0.782100 + 0.079890),0.882853 (0.802800 + 0.080053),0.872944 (0.792900 + 0.080044),0.888207 (0.808200 + 0.080007),0.881970 (0.801900 + 0.080070),0.871840 (0.792000 + 0.079840),0.890901 (0.810900 + 0.080001),0.888269 (0.808200 + 0.080069),0.888253 (0.808200 + 0.080053),0.878185 (0.798300 + 0.079885),0.869501 (0.789300 + 0.080201),0.888222 (0.808200 + 0.080022),0.878459 (0.798300 + 0.080159),0.880871 (0.801000 + 0.079871),0.891009 (0.810900 + 0.080109),0.891009 (0.810900 + 0.080109),0.869301 (0.789300 + 0.080001),0.879225 (0.799200 + 0.080025),0.861730 (0.782100 + 0.079630),0.858457 (0.778500 + 0.079957),0.878134 (0.798300 + 0.079834),0.868939 (0.789300 + 0.079639),0.871116 (0.791100 + 0.080016),0.886444 (0.806400 + 0.080044),0.889171 (0.809100 + 0.080071)
55,0.891018 (0.810900 + 0.080118),0.849381 (0.769500 + 0.079881),0.885500 (0.805500 + 0.080000),0.888239 (0.808200 + 0.080039),0.867566 (0.787500 + 0.080066),0.879147 (0.799200 + 0.079947),0.863817 (0.783900 + 0.079917),0.891009 (0.810900 + 0.080109),0.882855 (0.802800 + 0.080055),0.889158 (0.809100 + 0.080058),0.880871 (0.801000 + 0.079871),0.869119 (0.789300 + 0.079819),0.860856 (0.781200 + 0.079656),0.886382 (0.806400 + 0.079982),0.881970 (0.801900 + 0.080070),0.885598 (0.805500 + 0.080098),0.877356 (0.797400 + 0.079956),0.886382 (0.806400 + 0.079982),0.855657 (0.775800 + 0.079857),0.886445 (0.806400 + 0.080045),0.866320 (0.786600 + 0.079720),0.867524 (0.787500 + 0.080024),0.885562 (0.805500 + 0.080062),0.854031 (0.774000 + 0.080031),0.859486 (0.779400 + 0.080086),0.886382 (0.806400 + 0.079982),0.864677 (0.784800 + 0.079877),0.879169 (0.799200 + 0.079969),0.883675 (0.803700 + 0.079975),0.891009 (0.810900 + 0.080109),0.891009 (0.810900 + 0.080109),0.885501 (0.805500 + 0.080001),0.878382 (0.798300 + 0.080082),0.891009 (0.810900 + 0.080109),0.879302 (0.799200 + 0.080102),0.868829 (0.788400 + 0.080429),0.884556 (0.804600 + 0.079956),0.884497 (0.804600 + 0.079897),0.884624 (0.804600 + 0.080024),0.861741 (0.782100 + 0.079641),0.870116 (0.790200 + 0.079916),0.891009 (0.810900 + 0.080109),0.880154 (0.800100 + 0.080054),0.889171 (0.809100 + 0.080071),0.854843 (0.774900 + 0.079944),0.866630 (0.786600 + 0.080030),0.885593 (0.805500 + 0.080093),0.891009 (0.810900 + 0.080109),0.889171 (0.809100 + 0.080071),0.870142 (0.790200 + 0.079942),0.877410 (0.797400 + 0.080010),0.888269 (0.808200 + 0.080069),0.880987 (0.801000 + 0.079987),0.856601 (0.776700 + 0.079901),0.869268 (0.789300 + 0.079968),0.889158 (0.809100 + 0.080058),0.886382 (0.806400 + 0.079982),0.888231 (0.808200 + 0.080031),0.867500 (0.787500 + 0.080000),0.879302 (0.799200 + 0.080102),0.852264 (0.772200 + 0.080064),0.880233 (0.800100 + 0.080133),0.883660 (0.803700 + 0.079960),0.878382 (0.798300 + 0.080082),0.885501 (0.805500 + 0.080001),0.863191 (0.783000 + 0.080191),0.873662 (0.793800 + 0.079862),0.849097 (0.769500 + 0.079597),0.863759 (0.783900 + 0.079859),0.875636 (0.795600 + 0.080036),0.873642 (0.793800 + 0.079842),0.886444 (0.806400 + 0.080044),0.867266 (0.787500 + 0.079766),0.891009 (0.810900 + 0.080109),0.851125 (0.771300 + 0.079825),0.868150 (0.788400 + 0.079750),0.876662 (0.796500 + 0.080162),0.865350 (0.785700 + 0.079650),0.891009 (0.810900 + 0.080109),0.882876 (0.802800 + 0.080076)
56,0.891018 (0.810900 + 0.080118),0.891009 (0.810900 + 0.080109),0.865449 (0.785700 + 0.079749),0.877335 (0.797400 + 0.079935),0.865736 (0.785700 + 0.080036),0.859784 (0.779400 + 0.080384),0.885598 (0.805500 + 0.080098),0.858442 (0.778500 + 0.079942),0.872010 (0.792000 + 0.080010),0.891009 (0.810900 + 0.080109),0.880233 (0.800100 + 0.080133),0.882759 (0.802800 + 0.079959),0.882872 (0.802800 + 0.080072),0.871114 (0.791100 + 0.080014),0.891009 (0.810900 + 0.080109),0.891009 (0.810900 + 0.080109),0.845803 (0.765900 + 0.079903),0.880871 (0.801000 + 0.079871),0.881970 (0.801900 + 0.080070),0.879302 (0.799200 + 0.080102),0.863191 (0.783000 + 0.080191),0.861338 (0.781200 + 0.080139),0.863034 (0.783000 + 0.080034),0.891009 (0.810900 + 0.080109),0.863028 (0.783000 + 0.080028),0.880154 (0.800100 + 0.080054),0.891009 (0.810900 + 0.080109),0.880016 (0.800100 + 0.079916),0.891009 (0.810900 + 0.080109),0.886418 (0.806400 + 0.080018),0.879225 (0.799200 + 0.080025),0.870827 (0.791100 + 0.079727),0.871963 (0.792000 + 0.079963),0.890936 (0.810900 + 0.080036),0.859246 (0.779400 + 0.079846),0.880998 (0.801000 + 0.079998),0.872883 (0.792900 + 0.079983),0.884624 (0.804600 + 0.080024),0.871335 (0.791100 + 0.080235),0.886445 (0.806400 + 0.080045),0.870142 (0.790200 + 0.079942),0.865871 (0.785700 + 0.080171),0.857913 (0.777600 + 0.080313),0.885593 (0.805500 + 0.080093),0.889181 (0.809100 + 0.080081),0.891009 (0.810900 + 0.080109),0.886382 (0.806400 + 0.079982),0.865649 (0.785700 + 0.079949),0.867503 (0.787500 + 0.080003),0.885598 (0.805500 + 0.080098),0.891009 (0.810900 + 0.080109),0.891009 (0.810900 + 0.080109),0.891009 (0.810900 + 0.080109),0.863054 (0.783000 + 0.080054),0.865710 (0.785700 + 0.080010),0.873796 (0.793800 + 0.079996),0.870892 (0.791100 + 0.079792),0.861615 (0.781200 + 0.080415),0.874100 (0.793800 + 0.080300),0.887296 (0.807300 + 0.079996),0.869096 (0.789300 + 0.079796),0.867466 (0.787500 + 0.079966),0.891009 (0.810900 + 0.080109),0.891009 (0.810900 + 0.080109),0.891009 (0.810900 + 0.080109),0.865861 (0.785700 + 0.080161),0.861061 (0.781200 + 0.079861),0.880233 (0.800100 + 0.080133),0.886393 (0.806400 + 0.079993),0.890923 (0.810900 + 0.080023),0.869070 (0.789300 + 0.079770),0.858427 (0.778500 + 0.079927),0.888239 (0.808200 + 0.080039),0.872930 (0.792900 + 0.080030),0.871887 (0.792000 + 0.079887),0.864614 (0.784800 + 0.079814),0.877475 (0.797400 + 0.080075),0.863952 (0.783900 + 0.080052),0.891009 (0.810900 + 0.080109),0.891009 (0.810900 + 0.080109)
57,0.891018 (0.810900 + 0.080118),0.873764 (0.793800 + 0.079964),0.885503 (0.805500 + 0.080003),0.885501 (0.805500 + 0.080001),0.856724 (0.776700 + 0.080024),0.891009 (0.810900 + 0.080109),0.871114 (0.791100 + 0.080014),0.866590 (0.786600 + 0.079990),0.882751 (0.802800 + 0.079951),0.878382 (0.798300 + 0.080082),0.886444 (0.806400 + 0.080044),0.862659 (0.783000 + 0.079659),0.886382 (0.806400 + 0.079982),0.882816 (0.802800 + 0.080016),0.879142 (0.799200 + 0.079942),0.882760 (0.802800 + 0.079960),0.889158 (0.809100 + 0.080058),0.856607 (0.776700 + 0.079907),0.861835 (0.782100 + 0.079735),0.875432 (0.795600 + 0.079832),0.888278 (0.808200 + 0.080078),0.864037 (0.783900 + 0.080137),0.880995 (0.801000 + 0.079995),0.888239 (0.808200 + 0.080039),0.891009 (0.810900 + 0.080109),0.866476 (0.786600 + 0.079876),0.874700 (0.794700 + 0.080000),0.853387 (0.773100 + 0.080287),0.863646 (0.783900 + 0.079746),0.891009 (0.810900 + 0.080109),0.891009 (0.810900 + 0.080109),0.867803 (0.787500 + 0.080303),0.891009 (0.810900 + 0.080109),0.859403 (0.779400 + 0.080003),0.891009 (0.810900 + 0.080109),0.880209 (0.800100 + 0.080109),0.863822 (0.783900 + 0.079922),0.860933 (0.781200 + 0.079733),0.874085 (0.793800 + 0.080285),0.872900 (0.792900 + 0.080000),0.887420 (0.807300 + 0.080120),0.862282 (0.782100 + 0.080182),0.865122 (0.784800 + 0.080322),0.891009 (0.810900 + 0.080109),0.877335 (0.797400 + 0.079935),0.874702 (0.794700 + 0.080002),0.886394 (0.806400 + 0.079994),0.891009 (0.810900 + 0.080109),0.886412 (0.806400 + 0.080012),0.884541 (0.804600 + 0.079941),0.866500 (0.786600 + 0.079900),0.888249 (0.808200 + 0.080049),0.889171 (0.809100 + 0.080071),0.891009 (0.810900 + 0.080109),0.888239 (0.808200 + 0.080039),0.863970 (0.783900 + 0.080070),0.886449 (0.806400 + 0.080049),0.871069 (0.791100 + 0.079969),0.874100 (0.793800 + 0.080300),0.868512 (0.788400 + 0.080112),0.869928 (0.790200 + 0.079728),0.886501 (0.806400 + 0.080101),0.886445 (0.806400 + 0.080045),0.880970 (0.801000 + 0.079970),0.879196 (0.799200 + 0.079996),0.861113 (0.781200 + 0.079913),0.887479 (0.807300 + 0.080179),0.885603 (0.805500 + 0.080103),0.875550 (0.795600 + 0.079950),0.865468 (0.785700 + 0.079768),0.887296 (0.807300 + 0.079996),0.886382 (0.806400 + 0.079982),0.872883 (0.792900 + 0.079983),0.881095 (0.801000 + 0.080095),0.860533 (0.781200 + 0.079333),0.877387 (0.797400 + 0.079988),0.883817 (0.803700 + 0.080117),0.870146 (0.790200 + 0.079946),0.885538 (0.805500 + 0.080038),0.872833 (0.792900 + 0.079933)
58,0.891018 (0.810900 + 0.080118),0.886453 (0.806400 + 0.080053),0.891009 (0.810900 + 0.080109),0.860613 (0.780300 + 0.080313),0.869391 (0.789300 + 0.080091),0.867441 (0.787500 + 0.079941),0.882809 (0.802800 + 0.080009),0.885500 (0.805500 + 0.080000),0.889212 (0.809100 + 0.080112),0.885500 (0.805500 + 0.080000),0.885682 (0.805500 + 0.080182),0.883625 (0.803700 + 0.079925),0.886474 (0.806400 + 0.080074),0.885500 (0.805500 + 0.080000),0.887352 (0.807300 + 0.080052),0.884624 (0.804600 + 0.080024),0.857529 (0.777600 + 0.079929),0.887420 (0.807300 + 0.080120),0.876561 (0.796500 + 0.080061),0.886445 (0.806400 + 0.080045),0.891009 (0.810900 + 0.080109),0.888239 (0.808200 + 0.080039),0.887296 (0.807300 + 0.079996),0.887420 (0.807300 + 0.080120),0.868041 (0.788400 + 0.079641),0.881904 (0.801900 + 0.080004),0.874812 (0.794700 + 0.080112),0.885538 (0.805500 + 0.080038),0.862794 (0.783000 + 0.079794),0.866616 (0.786600 + 0.080016),0.874100 (0.793800 + 0.080300),0.874625 (0.794700 + 0.079925),0.885547 (0.805500 + 0.080047),0.889158 (0.809100 + 0.080058),0.885552 (0.805500 + 0.080052),0.880996 (0.801000 + 0.079996),0.870322 (0.790200 + 0.080122),0.887479 (0.807300 + 0.080179),0.862967 (0.783000 + 0.079968),0.881055 (0.801000 + 0.080055),0.845041 (0.765000 + 0.080041),0.861659 (0.782100 + 0.079559),0.885500 (0.805500 + 0.080000),0.872816 (0.792900 + 0.079916),0.884733 (0.804600 + 0.080133),0.880209 (0.800100 + 0.080109),0.864811 (0.784800 + 0.080011),0.862675 (0.783000 + 0.079675),0.885552 (0.805500 + 0.080052),0.886382 (0.806400 + 0.079982),0.881062 (0.801000 + 0.080062),0.865519 (0.785700 + 0.079819),0.868584 (0.788400 + 0.080184),0.863699 (0.783900 + 0.079799),0.873640 (0.793800 + 0.079840),0.880132 (0.800100 + 0.080032),0.873862 (0.793800 + 0.080062),0.847843 (0.767700 + 0.080143),0.878530 (0.798300 + 0.080230),0.867517 (0.787500 + 0.080017),0.872152 (0.792000 + 0.080152),0.857302 (0.777600 + 0.079702),0.864826 (0.784800 + 0.080026),0.882760 (0.802800 + 0.079960),0.882760 (0.802800 + 0.079960),0.891009 (0.810900 + 0.080109),0.888239 (0.808200 + 0.080039),0.862159 (0.782100 + 0.080059),0.859228 (0.779400 + 0.079828),0.891009 (0.810900 + 0.080109),0.866519 (0.786600 + 0.079919),0.865463 (0.785700 + 0.079763),0.880105 (0.800100 + 0.080005),0.864806 (0.784800 + 0.080006),0.881025 (0.801000 + 0.080025),0.885598 (0.805500 + 0.080098),0.893660 (0.813600 + 0.080061),0.885485 (0.805500 + 0.079985),0.868289 (0.788400 + 0.079889),0.889171 (0.809100 + 0.080071)
59,0.893660 (0.813600 + 0.080061),0.858517 (0.778500 + 0.080017),0.870260 (0.790200 + 0.080060),0.884671 (0.804600 + 0.080071),0.891877 (0.811800 + 0.080077),0.861174 (0.781200 + 0.079975),0.889158 (0.809100 + 0.080058),0.857416 (0.777600 + 0.079816),0.883787 (0.803700 + 0.080087),0.889158 (0.809100 + 0.080058),0.891854 (0.811800 + 0.080054),0.891009 (0.810900 + 0.080109),0.877330 (0.797400 + 0.079930),0.891009 (0.810900 + 0.080109),0.891018 (0.810900 + 0.080118),0.870322 (0.790200 + 0.080122),0.866905 (0.786600 + 0.080305),0.856464 (0.776700 + 0.079764),0.867304 (0.787500 + 0.079804),0.878340 (0.798300 + 0.080040),0.886407 (0.806400 + 0.080007),0.887331 (0.807300 + 0.080031),0.867621 (0.787500 + 0.080121),0.880209 (0.800100 + 0.080109),0.869578 (0.789300 + 0.080278),0.865562 (0.785700 + 0.079862),0.858459 (0.778500 + 0.079959),0.871681 (0.792000 + 0.079681),0.882869 (0.802800 + 0.080069),0.853629 (0.774000 + 0.079629),0.868396 (0.788400 + 0.079996),0.865648 (0.785700 + 0.079948),0.860941 (0.781200 + 0.079741),0.885547 (0.805500 + 0.080047),0.885500 (0.805500 + 0.080000),0.890964 (0.810900 + 0.080064),0.855934 (0.775800 + 0.080134),0.885542 (0.805500 + 0.080042),0.865030 (0.784800 + 0.080230),0.886474 (0.806400 + 0.080074),0.885552 (0.805500 + 0.080052),0.854029 (0.774000 + 0.080029),0.887420 (0.807300 + 0.080120),0.878297 (0.798300 + 0.079997),0.868820 (0.789300 + 0.079520),0.859016 (0.779400 + 0.079616),0.876531 (0.796500 + 0.080031),0.874691 (0.794700 + 0.079991),0.865621 (0.785700 + 0.079921),0.875724 (0.795600 + 0.080124),0.864808 (0.784800 + 0.080008),0.864751 (0.784800 + 0.079951),0.880996 (0.801000 + 0.079996),0.873812 (0.793800 + 0.080012),0.873061 (0.792900 + 0.080162),0.876561 (0.796500 + 0.080061),0.872816 (0.792900 + 0.079916),0.885500 (0.805500 + 0.080000),0.858469 (0.778500 + 0.079969),0.889981 (0.810000 + 0.079981),0.878241 (0.798300 + 0.079941),0.885682 (0.805500 + 0.080182),0.880132 (0.800100 + 0.080032),0.863260 (0.783000 + 0.080260),0.867284 (0.787500 + 0.079785),0.859959 (0.780300 + 0.079659),0.857392 (0.777600 + 0.079792),0.875703 (0.795600 + 0.080103),0.885574 (0.805500 + 0.080074),0.876412 (0.796500 + 0.079912),0.872228 (0.792000 + 0.080228),0.885589 (0.805500 + 0.080089),0.886394 (0.806400 + 0.079994),0.886444 (0.806400 + 0.080044),0.891018 (0.810900 + 0.080118),0.870322 (0.790200 + 0.080122),0.865744 (0.785700 + 0.080044),0.885500 (0.805500 + 0.080000),0.886382 (0.806400 + 0.079982),0.887352 (0.807300 + 0.080052)
60,0.893660 (0.813600 + 0.080061),0.863711 (0.783900 + 0.079811),0.885538 (0.805500 + 0.080038),0.883715 (0.803700 + 0.080015),0.866863 (0.786600 + 0.080263),0.885500 (0.805500 + 0.080000),0.857781 (0.777600 + 0.080181),0.881984 (0.801900 + 0.080084),0.887308 (0.807300 + 0.080008),0.881737 (0.801900 + 0.079837),0.873534 (0.793800 + 0.079734),0.877330 (0.797400 + 0.079930),0.885500 (0.805500 + 0.080000),0.860417 (0.780300 + 0.080117),0.882853 (0.802800 + 0.080053),0.877272 (0.797400 + 0.079872),0.878340 (0.798300 + 0.080040),0.860267 (0.780300 + 0.079967),0.886382 (0.806400 + 0.079982),0.867594 (0.787500 + 0.080094),0.853409 (0.773100 + 0.080309),0.888334 (0.808200 + 0.080134),0.886382 (0.806400 + 0.079982),0.877365 (0.797400 + 0.079965),0.862615 (0.783000 + 0.079615),0.876502 (0.796500 + 0.080002),0.884714 (0.804600 + 0.080114),0.885500 (0.805500 + 0.080000),0.885500 (0.805500 + 0.080000),0.887352 (0.807300 + 0.080052),0.886394 (0.806400 + 0.079994),0.890964 (0.810900 + 0.080064),0.887331 (0.807300 + 0.080031),0.879286 (0.799200 + 0.080086),0.886336 (0.806400 + 0.079936),0.891009 (0.810900 + 0.080109),0.861916 (0.782100 + 0.079815),0.884602 (0.804600 + 0.080002),0.881082 (0.801000 + 0.080082),0.893656 (0.813600 + 0.080056),0.883625 (0.803700 + 0.079925),0.864662 (0.784800 + 0.079862),0.862011 (0.782100 + 0.079911),0.866715 (0.786600 + 0.080115),0.876500 (0.796500 + 0.080000),0.887420 (0.807300 + 0.080120),0.869578 (0.789300 + 0.080278),0.863845 (0.783900 + 0.079945),0.864751 (0.784800 + 0.079951),0.870901 (0.791100 + 0.079802),0.867320 (0.787500 + 0.079820),0.885542 (0.805500 + 0.080042),0.885500 (0.805500 + 0.080000),0.873061 (0.792900 + 0.080162),0.865562 (0.785700 + 0.079862),0.863712 (0.783900 + 0.079813),0.885552 (0.805500 + 0.080052),0.881126 (0.801000 + 0.080126),0.864198 (0.783900 + 0.080298),0.893660 (0.813600 + 0.080061),0.878493 (0.798300 + 0.080193),0.862846 (0.783000 + 0.079846),0.856401 (0.776700 + 0.079701),0.872894 (0.792900 + 0.079994),0.871377 (0.791100 + 0.080277),0.869590 (0.789300 + 0.080290),0.876453 (0.796500 + 0.079953),0.881017 (0.801000 + 0.080017),0.888239 (0.808200 + 0.080039),0.888287 (0.808200 + 0.080087),0.852150 (0.772200 + 0.079950),0.880026 (0.800100 + 0.079926),0.882853 (0.802800 + 0.080053),0.887352 (0.807300 + 0.080052),0.877637 (0.797400 + 0.080237),0.888190 (0.808200 + 0.079990),0.885538 (0.805500 + 0.080038),0.875782 (0.795600 + 0.080182),0.843790 (0.764100 + 0.079690),0.863994 (0.783900 + 0.080094)
61,0.893660 (0.813600 + 0.080061),0.858472 (0.778500 + 0.079972),0.893660 (0.813600 + 0.080061),0.866875 (0.786600 + 0.080275),0.886467 (0.806400 + 0.080067),0.870242 (0.790200 + 0.080042),0.871059 (0.791100 + 0.079959),0.867261 (0.787500 + 0.079761),0.890059 (0.810000 + 0.080059),0.863885 (0.783900 + 0.079985),0.880143 (0.800100 + 0.080043),0.887352 (0.807300 + 0.080052),0.853707 (0.774000 + 0.079707),0.881862 (0.801900 + 0.079962),0.889158 (0.809100 + 0.080058),0.889203 (0.809100 + 0.080103),0.885534 (0.805500 + 0.080034),0.867581 (0.787500 + 0.080081),0.881893 (0.801900 + 0.079993),0.861121 (0.781200 + 0.079921),0.887394 (0.807300 + 0.080094),0.873534 (0.793800 + 0.079734),0.872894 (0.792900 + 0.079994),0.888334 (0.808200 + 0.080134),0.881126 (0.801000 + 0.080126),0.884544 (0.804600 + 0.079944),0.889158 (0.809100 + 0.080058),0.891854 (0.811800 + 0.080054),0.884723 (0.804600 + 0.080123),0.861246 (0.781200 + 0.080046),0.878324 (0.798300 + 0.080024),0.887352 (0.807300 + 0.080052),0.882853 (0.802800 + 0.080053),0.861888 (0.782100 + 0.079788),0.874589 (0.794700 + 0.079889),0.886394 (0.806400 + 0.079994),0.887352 (0.807300 + 0.080052),0.853377 (0.773100 + 0.080277),0.876344 (0.796500 + 0.079844),0.852944 (0.773100 + 0.079844),0.872319 (0.792000 + 0.080319),0.857805 (0.777600 + 0.080205),0.884714 (0.804600 + 0.080114),0.864845 (0.784800 + 0.080045),0.856537 (0.776700 + 0.079837),0.872839 (0.792900 + 0.079939),0.880113 (0.800100 + 0.080013),0.868055 (0.788400 + 0.079655),0.872368 (0.792000 + 0.080368),0.855613 (0.775800 + 0.079813),0.863757 (0.783900 + 0.079857),0.861841 (0.782100 + 0.079741),0.889171 (0.809100 + 0.080071),0.881984 (0.801900 + 0.080084),0.881082 (0.801000 + 0.080082),0.888287 (0.808200 + 0.080087),0.863994 (0.783900 + 0.080094),0.866414 (0.786600 + 0.079814),0.880176 (0.800100 + 0.080076),0.873694 (0.793800 + 0.079894),0.880984 (0.801000 + 0.079984),0.888287 (0.808200 + 0.080087),0.888287 (0.808200 + 0.080087),0.884720 (0.804600 + 0.080120),0.866333 (0.786600 + 0.079733),0.869277 (0.789300 + 0.079977),0.875534 (0.795600 + 0.079934),0.889172 (0.809100 + 0.080072),0.864895 (0.784800 + 0.080095),0.867445 (0.787500 + 0.079945),0.857610 (0.777600 + 0.080010),0.878347 (0.798300 + 0.080047),0.876491 (0.796500 + 0.079991),0.873899 (0.793800 + 0.080099),0.885542 (0.805500 + 0.080042),0.889171 (0.809100 + 0.080071),0.869183 (0.789300 + 0.079883),0.875631 (0.795600 + 0.080031),0.881063 (0.801000 + 0.080063),0.859409 (0.779400 + 0.080009)
62,0.893660 (0.813600 + 0.080061),0.861847 (0.782100 + 0.079747),0.889212 (0.809100 + 0.080112),0.886474 (0.806400 + 0.080074),0.884721 (0.804600 + 0.080121),0.880056 (0.800100 + 0.079956),0.864769 (0.784800 + 0.079969),0.889171 (0.809100 + 0.080071),0.867794 (0.787500 + 0.080294),0.863964 (0.783900 + 0.080064),0.879223 (0.799200 + 0.080023),0.863771 (0.783900 + 0.079871),0.870151 (0.790200 + 0.079951),0.862079 (0.782100 + 0.079979),0.862024 (0.782100 + 0.079924),0.893660 (0.813600 + 0.080061),0.869277 (0.789300 + 0.079977),0.868355 (0.788400 + 0.079955),0.880095 (0.800100 + 0.079995),0.886394 (0.806400 + 0.079994),0.859987 (0.780300 + 0.079687),0.887352 (0.807300 + 0.080052),0.889158 (0.809100 + 0.080058),0.885538 (0.805500 + 0.080038),0.886375 (0.806400 + 0.079975),0.891854 (0.811800 + 0.080054),0.887352 (0.807300 + 0.080052),0.854753 (0.774900 + 0.079853),0.887352 (0.807300 + 0.080052),0.889158 (0.809100 + 0.080058),0.881176 (0.801000 + 0.080176),0.861361 (0.781200 + 0.080161),0.884544 (0.804600 + 0.079944),0.892839 (0.812700 + 0.080139),0.872839 (0.792900 + 0.079939),0.887380 (0.807300 + 0.080080),0.879289 (0.799200 + 0.080089),0.855732 (0.775800 + 0.079932),0.877518 (0.797400 + 0.080118),0.881049 (0.801000 + 0.080049),0.880008 (0.800100 + 0.079908),0.848484 (0.768600 + 0.079884),0.887308 (0.807300 + 0.080008),0.892783 (0.812700 + 0.080083),0.865637 (0.785700 + 0.079937),0.888334 (0.808200 + 0.080134),0.866719 (0.786600 + 0.080119),0.886375 (0.806400 + 0.079975),0.885538 (0.805500 + 0.080038),0.872187 (0.792000 + 0.080187),0.858525 (0.778500 + 0.080025),0.874580 (0.794700 + 0.079880),0.866360 (0.786600 + 0.079760),0.886467 (0.806400 + 0.080067),0.889203 (0.809100 + 0.080103),0.880297 (0.800100 + 0.080197),0.856200 (0.776700 + 0.079500),0.890109 (0.810000 + 0.080109),0.886465 (0.806400 + 0.080065),0.888207 (0.808200 + 0.080007),0.887308 (0.807300 + 0.080008),0.886394 (0.806400 + 0.079994),0.878324 (0.798300 + 0.080024),0.878231 (0.798300 + 0.079930),0.886447 (0.806400 + 0.080047),0.871457 (0.791100 + 0.080357),0.889171 (0.809100 + 0.080071),0.855843 (0.775800 + 0.080043),0.889158 (0.809100 + 0.080058),0.860282 (0.780300 + 0.079982),0.866729 (0.786600 + 0.080129),0.876551 (0.796500 + 0.080051),0.881106 (0.801000 + 0.080107),0.885538 (0.805500 + 0.080038),0.876538 (0.796500 + 0.080038),0.884720 (0.804600 + 0.080120),0.889203 (0.809100 + 0.080103),0.859495 (0.779400 + 0.080095),0.855494 (0.775800 + 0.079694),0.874897 (0.794700 + 0.080197)
63,0.893660 (0.813600 + 0.080061),0.868251 (0.788400 + 0.079851),0.859274 (0.779400 + 0.079874),0.889203 (0.809100 + 0.080103),0.861224 (0.781200 + 0.080024),0.888207 (0.808200 + 0.080007),0.869277 (0.789300 + 0.079977),0.889171 (0.809100 + 0.080071),0.882055 (0.801900 + 0.080155),0.879301 (0.799200 + 0.080101),0.884714 (0.804600 + 0.080114),0.891009 (0.810900 + 0.080109),0.883700 (0.803700 + 0.080000),0.883715 (0.803700 + 0.080015),0.878429 (0.798300 + 0.080129),0.887361 (0.807300 + 0.080061),0.862984 (0.783000 + 0.079984),0.889158 (0.809100 + 0.080058),0.860185 (0.780300 + 0.079885),0.888207 (0.808200 + 0.080007),0.886394 (0.806400 + 0.079994),0.880226 (0.800100 + 0.080126),0.892854 (0.812700 + 0.080154),0.882067 (0.801900 + 0.080167),0.866970 (0.786600 + 0.080370),0.866401 (0.786600 + 0.079801),0.887352 (0.807300 + 0.080052),0.887352 (0.807300 + 0.080052),0.889158 (0.809100 + 0.080058),0.886394 (0.806400 + 0.079994),0.879289 (0.799200 + 0.080089),0.880169 (0.800100 + 0.080069),0.863521 (0.783900 + 0.079621),0.860183 (0.780300 + 0.079883),0.883708 (0.803700 + 0.080008),0.889171 (0.809100 + 0.080071),0.885538 (0.805500 + 0.080038),0.862886 (0.783000 + 0.079886),0.865627 (0.785700 + 0.079927),0.889158 (0.809100 + 0.080058),0.884720 (0.804600 + 0.080120),0.889171 (0.809100 + 0.080071),0.890964 (0.810900 + 0.080064),0.889212 (0.809100 + 0.080112),0.864627 (0.784800 + 0.079827),0.884602 (0.804600 + 0.080002),0.880017 (0.800100 + 0.079917),0.875897 (0.795600 + 0.080297),0.875590 (0.795600 + 0.079990),0.892839 (0.812700 + 0.080139),0.861904 (0.782100 + 0.079804),0.865539 (0.785700 + 0.079839),0.889203 (0.809100 + 0.080103),0.881875 (0.801900 + 0.079975),0.888207 (0.808200 + 0.080007),0.886375 (0.806400 + 0.079975),0.886375 (0.806400 + 0.079975),0.892845 (0.812700 + 0.080145),0.891854 (0.811800 + 0.080054),0.884714 (0.804600 + 0.080114),0.853741 (0.774000 + 0.079741),0.861237 (0.782100 + 0.079137),0.871986 (0.792000 + 0.079986),0.889171 (0.809100 + 0.080071),0.874897 (0.794700 + 0.080197),0.884576 (0.804600 + 0.079976),0.881040 (0.801000 + 0.080040),0.884714 (0.804600 + 0.080114),0.884720 (0.804600 + 0.080120),0.886445 (0.806400 + 0.080045),0.872939 (0.792900 + 0.080039),0.881062 (0.801000 + 0.080062),0.889158 (0.809100 + 0.080058),0.881078 (0.801000 + 0.080078),0.872368 (0.792000 + 0.080368),0.858557 (0.778500 + 0.080057),0.875654 (0.795600 + 0.080054),0.858627 (0.778500 + 0.080127),0.889158 (0.809100 + 0.080058),0.849603 (0.769500 + 0.080103)
64,0.893660 (0.813600 + 0.080061),0.890091 (0.810000 + 0.080091),0.867544 (0.787500 + 0.080044),0.883715 (0.803700 + 0.080015),0.893660 (0.813600 + 0.080061),0.870159 (0.790200 + 0.079959),0.859118 (0.779400 + 0.079718),0.888179 (0.808200 + 0.079979),0.855725 (0.775800 + 0.079925),0.886345 (0.806400 + 0.079945),0.866645 (0.786600 + 0.080045),0.862364 (0.782100 + 0.080264),0.888207 (0.808200 + 0.080007),0.889171 (0.809100 + 0.080071),0.889158 (0.809100 + 0.080058),0.889158 (0.809100 + 0.080058),0.857357 (0.777600 + 0.079757),0.884639 (0.804600 + 0.080039),0.864584 (0.784800 + 0.079784),0.892774 (0.812700 + 0.080074),0.879276 (0.799200 + 0.080076),0.886478 (0.806400 + 0.080078),0.874638 (0.794700 + 0.079938),0.889158 (0.809100 + 0.080058),0.886445 (0.806400 + 0.080045),0.887352 (0.807300 + 0.080052),0.880226 (0.800100 + 0.080126),0.868094 (0.788400 + 0.079694),0.884714 (0.804600 + 0.080114),0.868378 (0.788400 + 0.079978),0.855721 (0.775800 + 0.079921),0.869385 (0.789300 + 0.080085),0.879140 (0.799200 + 0.079940),0.880017 (0.800100 + 0.079917),0.886465 (0.806400 + 0.080065),0.887452 (0.807300 + 0.080152),0.886517 (0.806400 + 0.080117),0.865848 (0.785700 + 0.080147),0.862656 (0.783000 + 0.079656),0.860357 (0.780300 + 0.080057),0.887295 (0.807300 + 0.079995),0.852776 (0.773100 + 0.079675),0.884720 (0.804600 + 0.080120),0.867236 (0.787500 + 0.079736),0.866477 (0.786600 + 0.079877),0.871457 (0.791100 + 0.080357),0.860208 (0.780300 + 0.079908),0.867365 (0.787500 + 0.079865),0.889158 (0.809100 + 0.080058),0.884589 (0.804600 + 0.079989),0.885538 (0.805500 + 0.080038),0.885538 (0.805500 + 0.080038),0.887295 (0.807300 + 0.079995),0.891009 (0.810900 + 0.080109),0.889212 (0.809100 + 0.080112),0.886441 (0.806400 + 0.080041),0.869910 (0.790200 + 0.079710),0.886396 (0.806400 + 0.079996),0.845059 (0.765000 + 0.080059),0.862094 (0.782100 + 0.079994),0.868215 (0.788400 + 0.079815),0.888294 (0.808200 + 0.080094),0.864921 (0.784800 + 0.080121),0.886394 (0.806400 + 0.079994),0.884602 (0.804600 + 0.080002),0.891009 (0.810900 + 0.080109),0.855163 (0.774900 + 0.080263),0.891009 (0.810900 + 0.080109),0.888207 (0.808200 + 0.080007),0.892845 (0.812700 + 0.080145),0.889203 (0.809100 + 0.080103),0.881101 (0.801000 + 0.080101),0.887413 (0.807300 + 0.080113),0.889158 (0.809100 + 0.080058),0.857722 (0.777600 + 0.080122),0.869883 (0.790200 + 0.079683),0.891009 (0.810900 + 0.080109),0.868533 (0.788400 + 0.080133),0.882924 (0.802800 + 0.080124),0.889158 (0.809100 + 0.080058)
65,0.893660 (0.813600 + 0.080061),0.870999 (0.791100 + 0.079899),0.866695 (0.786600 + 0.080095),0.853967 (0.774000 + 0.079967),0.863749 (0.783900 + 0.079849),0.890040 (0.810000 + 0.080040),0.880229 (0.800100 + 0.080129),0.865307 (0.785700 + 0.079607),0.872518 (0.792900 + 0.079618),0.862676 (0.783000 + 0.079676),0.856805 (0.776700 + 0.080105),0.854867 (0.774900 + 0.079967),0.854146 (0.774000 + 0.080146),0.891009 (0.810900 + 0.080109),0.886441 (0.806400 + 0.080041),0.887295 (0.807300 + 0.079995),0.860443 (0.780300 + 0.080143),0.866625 (0.786600 + 0.080025),0.888343 (0.808200 + 0.080143),0.874618 (0.794700 + 0.079918),0.875450 (0.795600 + 0.079850),0.887315 (0.807300 + 0.080015),0.856437 (0.776700 + 0.079737),0.891009 (0.810900 + 0.080109),0.870294 (0.790200 + 0.080094),0.860248 (0.780300 + 0.079948),0.887361 (0.807300 + 0.080061),0.889158 (0.809100 + 0.080058),0.893660 (0.813600 + 0.080061),0.885571 (0.805500 + 0.080071),0.881946 (0.801900 + 0.080046),0.850488 (0.770400 + 0.080088),0.880903 (0.801000 + 0.079903),0.860253 (0.780300 + 0.079953),0.865189 (0.784800 + 0.080389),0.871662 (0.792000 + 0.079662),0.877417 (0.797400 + 0.080017),0.891009 (0.810900 + 0.080109),0.887295 (0.807300 + 0.079995),0.877366 (0.797400 + 0.079966),0.870900 (0.791100 + 0.079800),0.882874 (0.802800 + 0.080074),0.889158 (0.809100 + 0.080058),0.886565 (0.806400 + 0.080165),0.891854 (0.811800 + 0.080054),0.890193 (0.810000 + 0.080193),0.893660 (0.813600 + 0.080061),0.870284 (0.790200 + 0.080084),0.870159 (0.790200 + 0.079959),0.884664 (0.804600 + 0.080064),0.870308 (0.790200 + 0.080108),0.889212 (0.809100 + 0.080112),0.889203 (0.809100 + 0.080103),0.889158 (0.809100 + 0.080058),0.883907 (0.803700 + 0.080207),0.889203 (0.809100 + 0.080103),0.860987 (0.781200 + 0.079787),0.889158 (0.809100 + 0.080058),0.863428 (0.783900 + 0.079528),0.864700 (0.784800 + 0.079900),0.882771 (0.802800 + 0.079971),0.893660 (0.813600 + 0.080061),0.889171 (0.809100 + 0.080071),0.882874 (0.802800 + 0.080074),0.867559 (0.787500 + 0.080059),0.869324 (0.789300 + 0.080024),0.854506 (0.774900 + 0.079606),0.889158 (0.809100 + 0.080058),0.883770 (0.803700 + 0.080070),0.884665 (0.804600 + 0.080065),0.854121 (0.774000 + 0.080121),0.860268 (0.780300 + 0.079968),0.862136 (0.782100 + 0.080036),0.862023 (0.782100 + 0.079923),0.862933 (0.783000 + 0.079933),0.866508 (0.786600 + 0.079908),0.873684 (0.793800 + 0.079884),0.881014 (0.801000 + 0.080015),0.885545 (0.805500 + 0.080045),0.886394 (0.806400 + 0.079994)
66,0.893660 (0.813600 + 0.080061),0.861419 (0.781200 + 0.080219),0.861301 (0.781200 + 0.080101),0.887315 (0.807300 + 0.080015),0.867575 (0.787500 + 0.080076),0.855563 (0.775800 + 0.079763),0.891854 (0.811800 + 0.080054),0.872877 (0.792900 + 0.079977),0.882771 (0.802800 + 0.079971),0.881022 (0.801000 + 0.080022),0.889158 (0.809100 + 0.080058),0.866951 (0.786600 + 0.080350),0.889203 (0.809100 + 0.080103),0.868177 (0.788400 + 0.079777),0.868160 (0.788400 + 0.079760),0.872091 (0.792000 + 0.080091),0.873012 (0.792900 + 0.080112),0.889203 (0.809100 + 0.080103),0.862262 (0.782100 + 0.080162),0.882835 (0.802800 + 0.080035),0.886394 (0.806400 + 0.079994),0.888322 (0.808200 + 0.080122),0.889212 (0.809100 + 0.080112),0.863763 (0.783900 + 0.079863),0.889158 (0.809100 + 0.080058),0.889158 (0.809100 + 0.080058),0.861019 (0.781200 + 0.079819),0.865548 (0.785700 + 0.079848),0.889171 (0.809100 + 0.080071),0.890069 (0.810000 + 0.080069),0.860152 (0.780300 + 0.079852),0.887361 (0.807300 + 0.080061),0.884664 (0.804600 + 0.080064),0.889158 (0.809100 + 0.080058),0.887361 (0.807300 + 0.080061),0.864863 (0.784800 + 0.080063),0.889203 (0.809100 + 0.080103),0.860161 (0.780300 + 0.079861),0.877366 (0.797400 + 0.079966),0.867677 (0.787500 + 0.080177),0.868546 (0.788400 + 0.080146),0.889158 (0.809100 + 0.080058),0.889158 (0.809100 + 0.080058),0.871147 (0.791100 + 0.080047),0.879264 (0.799200 + 0.080064),0.891009 (0.810900 + 0.080109),0.889203 (0.809100 + 0.080103),0.865493 (0.785700 + 0.079793),0.888294 (0.808200 + 0.080094),0.871844 (0.792000 + 0.079844),0.885629 (0.805500 + 0.080129),0.889203 (0.809100 + 0.080103),0.858213 (0.778500 + 0.079713),0.887352 (0.807300 + 0.080052),0.885614 (0.805500 + 0.080114),0.867301 (0.787500 + 0.079801),0.865543 (0.785700 + 0.079843),0.884680 (0.804600 + 0.080080),0.858444 (0.778500 + 0.079944),0.886441 (0.806400 + 0.080041),0.867551 (0.787500 + 0.080051),0.891854 (0.811800 + 0.080054),0.891854 (0.811800 + 0.080054),0.892848 (0.812700 + 0.080148),0.863978 (0.783900 + 0.080078),0.871135 (0.791100 + 0.080035),0.882777 (0.802800 + 0.079977),0.870684 (0.791100 + 0.079584),0.872938 (0.792900 + 0.080038),0.881900 (0.801900 + 0.080001),0.849246 (0.769500 + 0.079746),0.891854 (0.811800 + 0.080054),0.887295 (0.807300 + 0.079995),0.889158 (0.809100 + 0.080058),0.888324 (0.808200 + 0.080125),0.878375 (0.798300 + 0.080075),0.866454 (0.786600 + 0.079854),0.864384 (0.784800 + 0.079584),0.889158 (0.809100 + 0.080058),0.893660 (0.813600 + 0.080061)
67,0.893660 (0.813600 + 0.080061),0.863834 (0.783900 + 0.079934),0.889158 (0.809100 + 0.080058),0.864768 (0.784800 + 0.079968),0.866435 (0.786600 + 0.079835),0.882887 (0.802800 + 0.080087),0.888168 (0.808200 + 0.079968),0.889180 (0.809100 + 0.080080),0.852757 (0.773100 + 0.079657),0.891854 (0.811800 + 0.080054),0.889203 (0.809100 + 0.080103),0.863847 (0.783900 + 0.079947),0.859357 (0.779400 + 0.079957),0.885398 (0.805500 + 0.079898),0.858805 (0.778500 + 0.080305),0.886465 (0.806400 + 0.080065),0.891009 (0.810900 + 0.080109),0.889158 (0.809100 + 0.080058),0.891854 (0.811800 + 0.080054),0.890040 (0.810000 + 0.080040),0.890983 (0.810900 + 0.080083),0.889203 (0.809100 + 0.080103),0.889158 (0.809100 + 0.080058),0.868197 (0.788400 + 0.079797),0.869655 (0.789300 + 0.080355),0.865630 (0.785700 + 0.079930),0.889203 (0.809100 + 0.080103),0.851797 (0.772200 + 0.079597),0.870310 (0.790200 + 0.080110),0.848728 (0.768600 + 0.080128),0.887452 (0.807300 + 0.080152),0.861949 (0.782100 + 0.079849),0.891854 (0.811800 + 0.080054),0.891854 (0.811800 + 0.080054),0.887295 (0.807300 + 0.079995),0.876649 (0.796500 + 0.080149),0.863975 (0.783900 + 0.080075),0.859935 (0.780300 + 0.079635),0.882802 (0.802800 + 0.080002),0.867597 (0.787500 + 0.080097),0.872838 (0.792900 + 0.079938),0.884609 (0.804600 + 0.080009),0.891009 (0.810900 + 0.080109),0.859330 (0.779400 + 0.079930),0.890971 (0.810900 + 0.080071),0.862819 (0.783000 + 0.079819),0.881900 (0.801900 + 0.080001),0.891854 (0.811800 + 0.080054),0.886441 (0.806400 + 0.080041),0.891854 (0.811800 + 0.080054),0.866262 (0.786600 + 0.079662),0.889196 (0.809100 + 0.080096),0.890065 (0.810000 + 0.080065),0.881970 (0.801900 + 0.080070),0.891854 (0.811800 + 0.080054),0.887361 (0.807300 + 0.080061),0.889203 (0.809100 + 0.080103),0.877343 (0.797400 + 0.079943),0.891009 (0.810900 + 0.080109),0.877443 (0.797400 + 0.080043),0.866565 (0.786600 + 0.079965),0.874693 (0.794700 + 0.079993),0.867445 (0.787500 + 0.079945),0.864673 (0.784800 + 0.079873),0.849424 (0.769500 + 0.079924),0.868403 (0.788400 + 0.080003),0.889158 (0.809100 + 0.080058),0.881034 (0.801000 + 0.080034),0.880994 (0.801000 + 0.079994),0.889158 (0.809100 + 0.080058),0.862262 (0.782100 + 0.080162),0.891009 (0.810900 + 0.080109),0.887352 (0.807300 + 0.080052),0.882829 (0.802800 + 0.080029),0.881147 (0.801000 + 0.080147),0.860519 (0.781200 + 0.079319),0.882981 (0.802800 + 0.080181),0.888294 (0.808200 + 0.080094),0.889203 (0.809100 + 0.080103),0.883760 (0.803700 + 0.080060)
68,0.893660 (0.813600 + 0.080061),0.891009 (0.810900 + 0.080109),0.887352 (0.807300 + 0.080052),0.869317 (0.789300 + 0.080017),0.867465 (0.787500 + 0.079965),0.891009 (0.810900 + 0.080109),0.857343 (0.777600 + 0.079743),0.862964 (0.783000 + 0.079964),0.886441 (0.806400 + 0.080041),0.879142 (0.799200 + 0.079942),0.869319 (0.789300 + 0.080019),0.893660 (0.813600 + 0.080061),0.891009 (0.810900 + 0.080109),0.885552 (0.805500 + 0.080052),0.891854 (0.811800 + 0.080054),0.891009 (0.810900 + 0.080109),0.889113 (0.809100 + 0.080013),0.889203 (0.809100 + 0.080103),0.886465 (0.806400 + 0.080065),0.871087 (0.791100 + 0.079987),0.889203 (0.809100 + 0.080103),0.885677 (0.805500 + 0.080177),0.854851 (0.774900 + 0.079951),0.884720 (0.804600 + 0.080120),0.871050 (0.791100 + 0.079950),0.885538 (0.805500 + 0.080038),0.893660 (0.813600 + 0.080061),0.863683 (0.783900 + 0.079783),0.887352 (0.807300 + 0.080052),0.864693 (0.784800 + 0.079893),0.875628 (0.795600 + 0.080028),0.887361 (0.807300 + 0.080061),0.852392 (0.772200 + 0.080192),0.883760 (0.803700 + 0.080060),0.891854 (0.811800 + 0.080054),0.889203 (0.809100 + 0.080103),0.882887 (0.802800 + 0.080087),0.891009 (0.810900 + 0.080109),0.869188 (0.789300 + 0.079888),0.889158 (0.809100 + 0.080058),0.891009 (0.810900 + 0.080109),0.887352 (0.807300 + 0.080052),0.868253 (0.788400 + 0.079853),0.872708 (0.792900 + 0.079808),0.885398 (0.805500 + 0.079898),0.891854 (0.811800 + 0.080054),0.860046 (0.780300 + 0.079746),0.881002 (0.801000 + 0.080002),0.857043 (0.777600 + 0.079443),0.856592 (0.776700 + 0.079892),0.893660 (0.813600 + 0.080061),0.861276 (0.781200 + 0.080076),0.866435 (0.786600 + 0.079835),0.891854 (0.811800 + 0.080054),0.865662 (0.785700 + 0.079962),0.866507 (0.786600 + 0.079907),0.889203 (0.809100 + 0.080103),0.889158 (0.809100 + 0.080058),0.889158 (0.809100 + 0.080058),0.887352 (0.807300 + 0.080052),0.889158 (0.809100 + 0.080058),0.862962 (0.783000 + 0.079962),0.867353 (0.787500 + 0.079853),0.889158 (0.809100 + 0.080058),0.891854 (0.811800 + 0.080054),0.874627 (0.794700 + 0.079927),0.873914 (0.793800 + 0.080114),0.894567 (0.814500 + 0.080067),0.890069 (0.810000 + 0.080069),0.881137 (0.801000 + 0.080138),0.891009 (0.810900 + 0.080109),0.887352 (0.807300 + 0.080052),0.856762 (0.776700 + 0.080062),0.893660 (0.813600 + 0.080061),0.885589 (0.805500 + 0.080089),0.875648 (0.795600 + 0.080048),0.862964 (0.783000 + 0.079964),0.869365 (0.789300 + 0.080065),0.859825 (0.780300 + 0.079525),0.884609 (0.804600 + 0.080009)
69,0.894567 (0.814500 + 0.080067),0.867614 (0.787500 + 0.080114),0.867581 (0.787500 + 0.080081),0.891009 (0.810900 + 0.080109),0.889113 (0.809100 + 0.080013),0.865577 (0.785700 + 0.079877),0.894567 (0.814500 + 0.080067),0.893660 (0.813600 + 0.080061),0.894567 (0.814500 + 0.080067),0.855910 (0.775800 + 0.080110),0.885589 (0.805500 + 0.080089),0.883765 (0.803700 + 0.080065),0.868374 (0.788400 + 0.079974),0.889203 (0.809100 + 0.080103),0.885589 (0.805500 + 0.080089),0.858082 (0.778500 + 0.079582),0.889158 (0.809100 + 0.080058),0.891009 (0.810900 + 0.080109),0.889158 (0.809100 + 0.080058),0.876548 (0.796500 + 0.080048),0.867337 (0.787500 + 0.079837),0.864011 (0.783900 + 0.080111),0.889203 (0.809100 + 0.080103),0.860236 (0.780300 + 0.079936),0.893660 (0.813600 + 0.080061),0.862819 (0.783000 + 0.079819),0.884635 (0.804600 + 0.080035),0.877486 (0.797400 + 0.080086),0.849107 (0.768600 + 0.080507),0.869186 (0.789300 + 0.079886),0.871238 (0.791100 + 0.080138),0.866684 (0.786600 + 0.080084),0.880034 (0.800100 + 0.079934),0.868278 (0.788400 + 0.079878),0.880166 (0.800100 + 0.080066),0.861068 (0.781200 + 0.079868),0.867566 (0.787500 + 0.080066),0.893660 (0.813600 + 0.080061),0.860692 (0.781200 + 0.079493),0.871925 (0.792000 + 0.079925),0.885539 (0.805500 + 0.080039),0.889203 (0.809100 + 0.080103),0.891009 (0.810900 + 0.080109),0.884535 (0.804600 + 0.079935),0.892834 (0.812700 + 0.080134),0.887290 (0.807300 + 0.079990),0.889203 (0.809100 + 0.080103),0.877393 (0.797400 + 0.079993),0.854169 (0.774000 + 0.080169),0.887361 (0.807300 + 0.080061),0.891009 (0.810900 + 0.080109),0.891009 (0.810900 + 0.080109),0.889158 (0.809100 + 0.080058),0.882887 (0.802800 + 0.080087),0.887443 (0.807300 + 0.080143),0.864783 (0.784800 + 0.079983),0.888287 (0.808200 + 0.080087),0.862109 (0.782100 + 0.080009),0.860297 (0.780300 + 0.079997),0.856395 (0.776700 + 0.079695),0.864552 (0.784800 + 0.079752),0.891854 (0.811800 + 0.080054),0.861081 (0.781200 + 0.079881),0.889203 (0.809100 + 0.080103),0.889158 (0.809100 + 0.080058),0.887352 (0.807300 + 0.080052),0.893660 (0.813600 + 0.080061),0.872816 (0.792900 + 0.079916),0.891854 (0.811800 + 0.080054),0.891009 (0.810900 + 0.080109),0.891854 (0.811800 + 0.080054),0.873861 (0.793800 + 0.080061),0.873756 (0.793800 + 0.079956),0.886412 (0.806400 + 0.080012),0.870905 (0.791100 + 0.079805),0.893660 (0.813600 + 0.080061),0.886441 (0.806400 + 0.080041),0.885637 (0.805500 + 0.080137),0.888349 (0.808200 + 0.080149),0.882924 (0.802800 + 0.080124)
70,0.894567 (0.814500 + 0.080067),0.863563 (0.783900 + 0.079663),0.865482 (0.785700 + 0.079782),0.871114 (0.791100 + 0.080014),0.868448 (0.788400 + 0.080048),0.893660 (0.813600 + 0.080061),0.861235 (0.781200 + 0.080035),0.887352 (0.807300 + 0.080052),0.891009 (0.810900 + 0.080109),0.867297 (0.787500 + 0.079797),0.852848 (0.773100 + 0.079748),0.889203 (0.809100 + 0.080103),0.882887 (0.802800 + 0.080087),0.889158 (0.809100 + 0.080058),0.865902 (0.785700 + 0.080202),0.862067 (0.782100 + 0.079967),0.891009 (0.810900 + 0.080109),0.857438 (0.777600 + 0.079838),0.887367 (0.807300 + 0.080067),0.864902 (0.784800 + 0.080102),0.891009 (0.810900 + 0.080109),0.884693 (0.804600 + 0.080093),0.871813 (0.792000 + 0.079813),0.889203 (0.809100 + 0.080103),0.873756 (0.793800 + 0.079956),0.852556 (0.772200 + 0.080356),0.879101 (0.799200 + 0.079901),0.860434 (0.780300 + 0.080134),0.865604 (0.785700 + 0.079904),0.856587 (0.776700 + 0.079887),0.880166 (0.800100 + 0.080066),0.864258 (0.784800 + 0.079458),0.891843 (0.811800 + 0.080043),0.891009 (0.810900 + 0.080109),0.886441 (0.806400 + 0.080041),0.893660 (0.813600 + 0.080061),0.891854 (0.811800 + 0.080054),0.875666 (0.795600 + 0.080066),0.888235 (0.808200 + 0.080035),0.893660 (0.813600 + 0.080061),0.886441 (0.806400 + 0.080041),0.880937 (0.801000 + 0.079937),0.868198 (0.788400 + 0.079798),0.875614 (0.795600 + 0.080014),0.882840 (0.802800 + 0.080040),0.894567 (0.814500 + 0.080067),0.848561 (0.768600 + 0.079961),0.889158 (0.809100 + 0.080058),0.893660 (0.813600 + 0.080061),0.891009 (0.810900 + 0.080109),0.888349 (0.808200 + 0.080149),0.891854 (0.811800 + 0.080054),0.891854 (0.811800 + 0.080054),0.891916 (0.811800 + 0.080116),0.891854 (0.811800 + 0.080054),0.857267 (0.777600 + 0.079667),0.870937 (0.791100 + 0.079837),0.873889 (0.793800 + 0.080089),0.859415 (0.779400 + 0.080015),0.851325 (0.771300 + 0.080025),0.887352 (0.807300 + 0.080052),0.875640 (0.795600 + 0.080040),0.854926 (0.774900 + 0.080026),0.857557 (0.777600 + 0.079957),0.893660 (0.813600 + 0.080061),0.889158 (0.809100 + 0.080058),0.891889 (0.811800 + 0.080089),0.871238 (0.791100 + 0.080138),0.844475 (0.765000 + 0.079475),0.893660 (0.813600 + 0.080061),0.887522 (0.807300 + 0.080222),0.889203 (0.809100 + 0.080103),0.891009 (0.810900 + 0.080109),0.891009 (0.810900 + 0.080109),0.858297 (0.778500 + 0.079797),0.889285 (0.809100 + 0.080185),0.885529 (0.805500 + 0.080029),0.860456 (0.780300 + 0.080156),0.883875 (0.803700 + 0.080175),0.882887 (0.802800 + 0.080087)
71,0.894567 (0.814500 + 0.080067),0.889203 (0.809100 + 0.080103),0.862929 (0.783000 + 0.079929),0.891916 (0.811800 + 0.080116),0.860174 (0.780300 + 0.079874),0.857522 (0.777600 + 0.079922),0.889158 (0.809100 + 0.080058),0.875781 (0.795600 + 0.080181),0.891082 (0.810900 + 0.080182),0.868309 (0.788400 + 0.079909),0.868327 (0.788400 + 0.079927),0.890065 (0.810000 + 0.080065),0.893660 (0.813600 + 0.080061),0.863446 (0.783900 + 0.079547),0.858676 (0.778500 + 0.080176),0.853959 (0.774000 + 0.079959),0.889285 (0.809100 + 0.080185),0.891009 (0.810900 + 0.080109),0.867619 (0.787500 + 0.080119),0.857134 (0.777600 + 0.079534),0.882786 (0.802800 + 0.079986),0.862098 (0.782100 + 0.079998),0.852800 (0.773100 + 0.079700),0.869466 (0.789300 + 0.080166),0.891009 (0.810900 + 0.080109),0.889203 (0.809100 + 0.080103),0.891916 (0.811800 + 0.080116),0.893660 (0.813600 + 0.080061),0.880166 (0.800100 + 0.080066),0.851769 (0.772200 + 0.079569),0.863604 (0.783900 + 0.079704),0.885589 (0.805500 + 0.080089),0.894567 (0.814500 + 0.080067),0.862825 (0.783000 + 0.079825),0.872024 (0.792000 + 0.080024),0.885600 (0.805500 + 0.080100),0.863932 (0.783900 + 0.080032),0.891854 (0.811800 + 0.080054),0.891843 (0.811800 + 0.080043),0.891009 (0.810900 + 0.080109),0.894567 (0.814500 + 0.080067),0.891854 (0.811800 + 0.080054),0.889158 (0.809100 + 0.080058),0.891916 (0.811800 + 0.080116),0.891009 (0.810900 + 0.080109),0.889986 (0.810000 + 0.079986),0.891009 (0.810900 + 0.080109),0.893660 (0.813600 + 0.080061),0.868618 (0.788400 + 0.080218),0.870190 (0.790200 + 0.079990),0.859427 (0.779400 + 0.080027),0.863240 (0.783900 + 0.079340),0.893660 (0.813600 + 0.080061),0.893660 (0.813600 + 0.080061),0.887352 (0.807300 + 0.080052),0.894567 (0.814500 + 0.080067),0.893660 (0.813600 + 0.080061),0.868724 (0.788400 + 0.080324),0.876518 (0.796500 + 0.080018),0.874652 (0.794700 + 0.079952),0.891854 (0.811800 + 0.080054),0.893660 (0.813600 + 0.080061),0.886441 (0.806400 + 0.080041),0.875627 (0.795600 + 0.080027),0.869081 (0.789300 + 0.079781),0.890083 (0.810000 + 0.080083),0.875666 (0.795600 + 0.080066),0.861146 (0.781200 + 0.079946),0.864006 (0.783900 + 0.080106),0.893660 (0.813600 + 0.080061),0.887352 (0.807300 + 0.080052),0.848594 (0.768600 + 0.079994),0.871243 (0.791100 + 0.080143),0.890936 (0.810900 + 0.080036),0.870307 (0.790200 + 0.080107),0.893660 (0.813600 + 0.080061),0.889203 (0.809100 + 0.080103),0.888222 (0.808200 + 0.080022),0.887367 (0.807300 + 0.080067),0.872186 (0.792000 + 0.080186)
72,0.894567 (0.814500 + 0.080067),0.880166 (0.800100 + 0.080066),0.874652 (0.794700 + 0.079952),0.854420 (0.774900 + 0.079520),0.893660 (0.813600 + 0.080061),0.887352 (0.807300 + 0.080052),0.863936 (0.783900 + 0.080036),0.867452 (0.787500 + 0.079952),0.865760 (0.785700 + 0.080060),0.875666 (0.795600 + 0.080066),0.866102 (0.785700 + 0.080402),0.894567 (0.814500 + 0.080067),0.891854 (0.811800 + 0.080054),0.853807 (0.774000 + 0.079807),0.885600 (0.805500 + 0.080100),0.873172 (0.792900 + 0.080272),0.891916 (0.811800 + 0.080116),0.891009 (0.810900 + 0.080109),0.864067 (0.783900 + 0.080167),0.850260 (0.770400 + 0.079860),0.880174 (0.800100 + 0.080074),0.891036 (0.810900 + 0.080137),0.889203 (0.809100 + 0.080103),0.878357 (0.798300 + 0.080057),0.868336 (0.788400 + 0.079936),0.852122 (0.772200 + 0.079922),0.891009 (0.810900 + 0.080109),0.872024 (0.792000 + 0.080024),0.887352 (0.807300 + 0.080052),0.891009 (0.810900 + 0.080109),0.891854 (0.811800 + 0.080054),0.885503 (0.805500 + 0.080003),0.871151 (0.791100 + 0.080051),0.891082 (0.810900 + 0.080182),0.889158 (0.809100 + 0.080058),0.891854 (0.811800 + 0.080054),0.890936 (0.810900 + 0.080036),0.855750 (0.775800 + 0.079950),0.889203 (0.809100 + 0.080103),0.864099 (0.783900 + 0.080199),0.891009 (0.810900 + 0.080109),0.893660 (0.813600 + 0.080061),0.887367 (0.807300 + 0.080067),0.888257 (0.808200 + 0.080057),0.866823 (0.786600 + 0.080223),0.874757 (0.794700 + 0.080057),0.870384 (0.790200 + 0.080184),0.891009 (0.810900 + 0.080109),0.871916 (0.792000 + 0.079916),0.865576 (0.785700 + 0.079876),0.883780 (0.803700 + 0.080080),0.864839 (0.784800 + 0.080039),0.864594 (0.784800 + 0.079794),0.885589 (0.805500 + 0.080089),0.869260 (0.789300 + 0.079960),0.889158 (0.809100 + 0.080058),0.893660 (0.813600 + 0.080061),0.889285 (0.809100 + 0.080185),0.863801 (0.783900 + 0.079901),0.871129 (0.791100 + 0.080029),0.859283 (0.779400 + 0.079883),0.893660 (0.813600 + 0.080061),0.872024 (0.792000 + 0.080024),0.890936 (0.810900 + 0.080036),0.893660 (0.813600 + 0.080061),0.885600 (0.805500 + 0.080100),0.893660 (0.813600 + 0.080061),0.857551 (0.777600 + 0.079951),0.891916 (0.811800 + 0.080116),0.889285 (0.809100 + 0.080185),0.856699 (0.776700 + 0.079999),0.889158 (0.809100 + 0.080058),0.891916 (0.811800 + 0.080116),0.894567 (0.814500 + 0.080067),0.859665 (0.779400 + 0.080265),0.891916 (0.811800 + 0.080116),0.889130 (0.809100 + 0.080030),0.868309 (0.788400 + 0.079909),0.866623 (0.786600 + 0.080023),0.871863 (0.792000 + 0.079863)
73,0.894567 (0.814500 + 0.080067),0.893660 (0.813600 + 0.080061),0.890065 (0.810000 + 0.080065),0.871415 (0.791100 + 0.080315),0.856818 (0.776700 + 0.080118),0.875852 (0.795600 + 0.080252),0.854165 (0.774000 + 0.080165),0.880174 (0.800100 + 0.080074),0.872024 (0.792000 + 0.080024),0.859344 (0.779400 + 0.079944),0.890936 (0.810900 + 0.080036),0.884603 (0.804600 + 0.080003),0.862261 (0.782100 + 0.080161),0.860195 (0.780300 + 0.079895),0.893660 (0.813600 + 0.080061),0.886441 (0.806400 + 0.080041),0.864925 (0.784800 + 0.080125),0.891009 (0.810900 + 0.080109),0.856625 (0.776700 + 0.079925),0.865522 (0.785700 + 0.079822),0.891916 (0.811800 + 0.080116),0.888330 (0.808200 + 0.080130),0.893660 (0.813600 + 0.080061),0.891009 (0.810900 + 0.080109),0.891009 (0.810900 + 0.080109),0.889158 (0.809100 + 0.080058),0.893660 (0.813600 + 0.080061),0.872967 (0.792900 + 0.080067),0.872024 (0.792000 + 0.080024),0.866743 (0.786600 + 0.080143),0.880185 (0.800100 + 0.080085),0.876831 (0.796500 + 0.080331),0.872130 (0.792000 + 0.080130),0.893660 (0.813600 + 0.080061),0.873172 (0.792900 + 0.080272),0.869240 (0.789300 + 0.079940),0.891916 (0.811800 + 0.080116),0.865967 (0.785700 + 0.080267),0.873954 (0.793800 + 0.080154),0.887352 (0.807300 + 0.080052),0.885600 (0.805500 + 0.080100),0.857413 (0.777600 + 0.079813),0.893660 (0.813600 + 0.080061),0.891854 (0.811800 + 0.080054),0.891009 (0.810900 + 0.080109),0.851151 (0.771300 + 0.079851),0.884679 (0.804600 + 0.080079),0.893660 (0.813600 + 0.080061),0.891916 (0.811800 + 0.080116),0.867723 (0.787500 + 0.080223),0.894567 (0.814500 + 0.080067),0.889285 (0.809100 + 0.080185),0.885600 (0.805500 + 0.080100),0.863123 (0.783000 + 0.080123),0.858644 (0.778500 + 0.080144),0.893660 (0.813600 + 0.080061),0.891009 (0.810900 + 0.080109),0.889929 (0.810000 + 0.079929),0.873074 (0.792900 + 0.080174),0.893660 (0.813600 + 0.080061),0.878357 (0.798300 + 0.080057),0.865691 (0.785700 + 0.079991),0.872900 (0.792900 + 0.080000),0.863835 (0.783900 + 0.079935),0.870511 (0.790200 + 0.080311),0.852192 (0.772200 + 0.079992),0.889158 (0.809100 + 0.080058),0.866528 (0.786600 + 0.079928),0.891009 (0.810900 + 0.080109),0.859112 (0.779400 + 0.079712),0.866486 (0.786600 + 0.079886),0.870355 (0.790200 + 0.080155),0.891009 (0.810900 + 0.080109),0.863856 (0.783900 + 0.079956),0.885556 (0.805500 + 0.080056),0.855513 (0.775800 + 0.079713),0.871331 (0.791100 + 0.080231),0.891916 (0.811800 + 0.080116),0.878357 (0.798300 + 0.080057),0.857603 (0.777600 + 0.080003)
74,0.894567 (0.814500 + 0.080067),0.891854 (0.811800 + 0.080054),0.887352 (0.807300 + 0.080052),0.891916 (0.811800 + 0.080116),0.847459 (0.767700 + 0.079759),0.891009 (0.810900 + 0.080109),0.872045 (0.792000 + 0.080045),0.865765 (0.785700 + 0.080065),0.878357 (0.798300 + 0.080057),0.894567 (0.814500 + 0.080067),0.885538 (0.805500 + 0.080038),0.861973 (0.782100 + 0.079873),0.889158 (0.809100 + 0.080058),0.881898 (0.801900 + 0.079998),0.861885 (0.782100 + 0.079785),0.873951 (0.793800 + 0.080151),0.882871 (0.802800 + 0.080071),0.869300 (0.789300 + 0.080000),0.877327 (0.797400 + 0.079927),0.860988 (0.781200 + 0.079788),0.893660 (0.813600 + 0.080061),0.863579 (0.783900 + 0.079679),0.883730 (0.803700 + 0.080030),0.873102 (0.792900 + 0.080202),0.872267 (0.792000 + 0.080267),0.861233 (0.781200 + 0.080033),0.883837 (0.803700 + 0.080137),0.861533 (0.782100 + 0.079433),0.891916 (0.811800 + 0.080116),0.893660 (0.813600 + 0.080061),0.886441 (0.806400 + 0.080041),0.890936 (0.810900 + 0.080036),0.893660 (0.813600 + 0.080061),0.893660 (0.813600 + 0.080061),0.889158 (0.809100 + 0.080058),0.864054 (0.783900 + 0.080154),0.865915 (0.785700 + 0.080215),0.869466 (0.789300 + 0.080166),0.891042 (0.810900 + 0.080142),0.891916 (0.811800 + 0.080116),0.893660 (0.813600 + 0.080061),0.889203 (0.809100 + 0.080103),0.893660 (0.813600 + 0.080061),0.862300 (0.782100 + 0.080200),0.868785 (0.788400 + 0.080385),0.862024 (0.782100 + 0.079924),0.872183 (0.792000 + 0.080183),0.879334 (0.799200 + 0.080134),0.894567 (0.814500 + 0.080067),0.891009 (0.810900 + 0.080109),0.871331 (0.791100 + 0.080231),0.855610 (0.775800 + 0.079810),0.893660 (0.813600 + 0.080061),0.894567 (0.814500 + 0.080067),0.891854 (0.811800 + 0.080054),0.893660 (0.813600 + 0.080061),0.863820 (0.783900 + 0.079921),0.874723 (0.794700 + 0.080023),0.862050 (0.782100 + 0.079950),0.893660 (0.813600 + 0.080061),0.860353 (0.780300 + 0.080053),0.856036 (0.775800 + 0.080236),0.893660 (0.813600 + 0.080061),0.889158 (0.809100 + 0.080058),0.891009 (0.810900 + 0.080109),0.893660 (0.813600 + 0.080061),0.859266 (0.779400 + 0.079866),0.873102 (0.792900 + 0.080202),0.857518 (0.777600 + 0.079918),0.859466 (0.779400 + 0.080066),0.891009 (0.810900 + 0.080109),0.883079 (0.802800 + 0.080279),0.872925 (0.792900 + 0.080025),0.893660 (0.813600 + 0.080061),0.886441 (0.806400 + 0.080041),0.858477 (0.778500 + 0.079977),0.893660 (0.813600 + 0.080061),0.889203 (0.809100 + 0.080103),0.863777 (0.783900 + 0.079877),0.856732 (0.776700 + 0.080032)
75,0.894567 (0.814500 + 0.080067),0.858042 (0.778500 + 0.079542),0.888269 (0.808200 + 0.080069),0.864981 (0.784800 + 0.080181),0.883846 (0.803700 + 0.080146),0.891851 (0.811800 + 0.080051),0.873914 (0.793800 + 0.080114),0.864703 (0.784800 + 0.079903),0.891854 (0.811800 + 0.080054),0.891009 (0.810900 + 0.080109),0.873925 (0.793800 + 0.080125),0.879383 (0.799200 + 0.080183),0.868142 (0.788400 + 0.079742),0.858330 (0.778500 + 0.079830),0.877327 (0.797400 + 0.079927),0.859674 (0.779400 + 0.080274),0.894567 (0.814500 + 0.080067),0.886441 (0.806400 + 0.080041),0.893660 (0.813600 + 0.080061),0.889132 (0.809100 + 0.080032),0.874723 (0.794700 + 0.080023),0.891009 (0.810900 + 0.080109),0.869159 (0.789300 + 0.079859),0.852232 (0.772200 + 0.080032),0.870970 (0.791100 + 0.079870),0.890040 (0.810000 + 0.080040),0.873933 (0.793800 + 0.080133),0.893660 (0.813600 + 0.080061),0.864415 (0.784800 + 0.079615),0.857352 (0.777600 + 0.079752),0.885585 (0.805500 + 0.080085),0.894567 (0.814500 + 0.080067),0.891009 (0.810900 + 0.080109),0.894567 (0.814500 + 0.080067),0.893660 (0.813600 + 0.080061),0.849522 (0.769500 + 0.080022),0.872064 (0.792000 + 0.080064),0.872183 (0.792000 + 0.080183),0.890936 (0.810900 + 0.080036),0.893660 (0.813600 + 0.080061),0.893660 (0.813600 + 0.080061),0.868519 (0.788400 + 0.080119),0.869300 (0.789300 + 0.080000),0.876171 (0.796500 + 0.079671),0.893660 (0.813600 + 0.080061),0.893660 (0.813600 + 0.080061),0.885538 (0.805500 + 0.080038),0.866569 (0.786600 + 0.079969),0.891009 (0.810900 + 0.080109),0.878487 (0.798300 + 0.080187),0.865630 (0.785700 + 0.079930),0.891854 (0.811800 + 0.080054),0.894567 (0.814500 + 0.080067),0.871995 (0.792000 + 0.079995),0.893660 (0.813600 + 0.080061),0.891854 (0.811800 + 0.080054),0.889203 (0.809100 + 0.080103),0.861751 (0.782100 + 0.079651),0.857582 (0.777600 + 0.079982),0.864812 (0.784800 + 0.080012),0.893660 (0.813600 + 0.080061),0.891854 (0.811800 + 0.080054),0.876207 (0.796500 + 0.079707),0.869987 (0.790200 + 0.079787),0.860116 (0.780300 + 0.079816),0.894567 (0.814500 + 0.080067),0.886441 (0.806400 + 0.080041),0.891042 (0.810900 + 0.080142),0.891042 (0.810900 + 0.080142),0.862300 (0.782100 + 0.080200),0.893660 (0.813600 + 0.080061),0.854766 (0.774900 + 0.079866),0.884722 (0.804600 + 0.080122),0.893660 (0.813600 + 0.080061),0.893660 (0.813600 + 0.080061),0.890065 (0.810000 + 0.080065),0.858445 (0.778500 + 0.079945),0.866478 (0.786600 + 0.079878),0.893660 (0.813600 + 0.080061),0.891009 (0.810900 + 0.080109)
76,0.894567 (0.814500 + 0.080067),0.889216 (0.809100 + 0.080116),0.878428 (0.798300 + 0.080128),0.893660 (0.813600 + 0.080061),0.859196 (0.779400 + 0.079796),0.869059 (0.789300 + 0.079759),0.870864 (0.791100 + 0.079764),0.858472 (0.778500 + 0.079972),0.882833 (0.802800 + 0.080033),0.857509 (0.777600 + 0.079909),0.855036 (0.774900 + 0.080136),0.894567 (0.814500 + 0.080067),0.874604 (0.794700 + 0.079904),0.891916 (0.811800 + 0.080116),0.893660 (0.813600 + 0.080061),0.857699 (0.777600 + 0.080099),0.894567 (0.814500 + 0.080067),0.860768 (0.781200 + 0.079568),0.862872 (0.783000 + 0.079872),0.861045 (0.781200 + 0.079845),0.862991 (0.783000 + 0.079991),0.891854 (0.811800 + 0.080054),0.843922 (0.764100 + 0.079822),0.886441 (0.806400 + 0.080041),0.891854 (0.811800 + 0.080054),0.861787 (0.782100 + 0.079687),0.892747 (0.812700 + 0.080047),0.867472 (0.787500 + 0.079972),0.894567 (0.814500 + 0.080067),0.872183 (0.792000 + 0.080183),0.857697 (0.777600 + 0.080097),0.863622 (0.783900 + 0.079722),0.891854 (0.811800 + 0.080054),0.853791 (0.774000 + 0.079791),0.885538 (0.805500 + 0.080038),0.891009 (0.810900 + 0.080109),0.891009 (0.810900 + 0.080109),0.893660 (0.813600 + 0.080061),0.863727 (0.783900 + 0.079827),0.865858 (0.785700 + 0.080158),0.891851 (0.811800 + 0.080051),0.863029 (0.783000 + 0.080029),0.893660 (0.813600 + 0.080061),0.894567 (0.814500 + 0.080067),0.868385 (0.788400 + 0.079985),0.867869 (0.788400 + 0.079469),0.878929 (0.799200 + 0.079729),0.848507 (0.768600 + 0.079907),0.863212 (0.783000 + 0.080212),0.872049 (0.792000 + 0.080049),0.884400 (0.804600 + 0.079800),0.878487 (0.798300 + 0.080187),0.893660 (0.813600 + 0.080061),0.891854 (0.811800 + 0.080054),0.893660 (0.813600 + 0.080061),0.886441 (0.806400 + 0.080041),0.891042 (0.810900 + 0.080142),0.874368 (0.794700 + 0.079668),0.893660 (0.813600 + 0.080061),0.891854 (0.811800 + 0.080054),0.893660 (0.813600 + 0.080061),0.868428 (0.788400 + 0.080028),0.864812 (0.784800 + 0.080012),0.888340 (0.808200 + 0.080140),0.894567 (0.814500 + 0.080067),0.891854 (0.811800 + 0.080054),0.886441 (0.806400 + 0.080041),0.894567 (0.814500 + 0.080067),0.893660 (0.813600 + 0.080061),0.891042 (0.810900 + 0.080142),0.893660 (0.813600 + 0.080061),0.866478 (0.786600 + 0.079878),0.893660 (0.813600 + 0.080061),0.891042 (0.810900 + 0.080142),0.891854 (0.811800 + 0.080054),0.851971 (0.772200 + 0.079771),0.874785 (0.794700 + 0.080085),0.871800 (0.792000 + 0.079800),0.873044 (0.792900 + 0.080144),0.893660 (0.813600 + 0.080061)
77,0.894567 (0.814500 + 0.080067),0.875467 (0.795600 + 0.079867),0.869263 (0.789300 + 0.079963),0.891916 (0.811800 + 0.080116),0.894567 (0.814500 + 0.080067),0.893660 (0.813600 + 0.080061),0.894567 (0.814500 + 0.080067),0.864437 (0.784800 + 0.079637),0.855728 (0.775800 + 0.079928),0.863996 (0.783900 + 0.080096),0.877429 (0.797400 + 0.080029),0.884400 (0.804600 + 0.079800),0.894567 (0.814500 + 0.080067),0.868308 (0.788400 + 0.079908),0.889158 (0.809100 + 0.080058),0.855106 (0.774900 + 0.080206),0.857876 (0.777600 + 0.080276),0.894567 (0.814500 + 0.080067),0.869504 (0.789300 + 0.080204),0.861171 (0.781200 + 0.079971),0.891042 (0.810900 + 0.080142),0.868345 (0.788400 + 0.079945),0.866761 (0.786600 + 0.080161),0.887352 (0.807300 + 0.080052),0.865715 (0.785700 + 0.080015),0.891854 (0.811800 + 0.080054),0.894567 (0.814500 + 0.080067),0.894567 (0.814500 + 0.080067),0.894567 (0.814500 + 0.080067),0.871982 (0.792000 + 0.079982),0.877382 (0.797400 + 0.079982),0.868418 (0.788400 + 0.080018),0.843882 (0.764100 + 0.079782),0.844851 (0.765000 + 0.079851),0.893660 (0.813600 + 0.080061),0.869445 (0.789300 + 0.080145),0.894567 (0.814500 + 0.080067),0.863546 (0.783900 + 0.079646),0.893660 (0.813600 + 0.080061),0.871800 (0.792000 + 0.079800),0.869059 (0.789300 + 0.079759),0.869224 (0.789300 + 0.079924),0.889203 (0.809100 + 0.080103),0.893660 (0.813600 + 0.080061),0.891042 (0.810900 + 0.080142),0.865537 (0.785700 + 0.079837),0.855786 (0.775800 + 0.079986),0.894567 (0.814500 + 0.080067),0.893660 (0.813600 + 0.080061),0.885538 (0.805500 + 0.080038),0.874368 (0.794700 + 0.079668),0.865672 (0.785700 + 0.079972),0.878355 (0.798300 + 0.080055),0.893660 (0.813600 + 0.080061),0.891854 (0.811800 + 0.080054),0.861787 (0.782100 + 0.079687),0.853827 (0.774000 + 0.079828),0.859522 (0.779400 + 0.080122),0.870784 (0.791100 + 0.079684),0.893660 (0.813600 + 0.080061),0.871142 (0.791100 + 0.080042),0.877479 (0.797400 + 0.080079),0.872016 (0.792000 + 0.080016),0.869310 (0.789300 + 0.080010),0.856196 (0.776700 + 0.079496),0.891858 (0.811800 + 0.080058),0.893660 (0.813600 + 0.080061),0.891009 (0.810900 + 0.080109),0.894567 (0.814500 + 0.080067),0.870179 (0.790200 + 0.079979),0.886441 (0.806400 + 0.080041),0.870056 (0.790200 + 0.079856),0.891854 (0.811800 + 0.080054),0.894567 (0.814500 + 0.080067),0.865724 (0.785700 + 0.080024),0.872183 (0.792000 + 0.080183),0.893660 (0.813600 + 0.080061),0.894567 (0.814500 + 0.080067),0.872816 (0.792900 + 0.079916),0.893660 (0.813600 + 0.080061)
78,0.894567 (0.814500 + 0.080067),0.865899 (0.785700 + 0.080199),0.872075 (0.792000 + 0.080075),0.894567 (0.814500 + 0.080067),0.868115 (0.788400 + 0.079715),0.893660 (0.813600 + 0.080061),0.893660 (0.813600 + 0.080061),0.891009 (0.810900 + 0.080109),0.894567 (0.814500 + 0.080067),0.891854 (0.811800 + 0.080054),0.863820 (0.783900 + 0.079920),0.886441 (0.806400 + 0.080041),0.863182 (0.783000 + 0.080182),0.860899 (0.781200 + 0.079699),0.860582 (0.780300 + 0.080282),0.865436 (0.785700 + 0.079736),0.844841 (0.765000 + 0.079841),0.870176 (0.790200 + 0.079976),0.884720 (0.804600 + 0.080120),0.893660 (0.813600 + 0.080061),0.891854 (0.811800 + 0.080054),0.861206 (0.781200 + 0.080007),0.888290 (0.808200 + 0.080090),0.888391 (0.808200 + 0.080191),0.894567 (0.814500 + 0.080067),0.893660 (0.813600 + 0.080061),0.884400 (0.804600 + 0.079800),0.894567 (0.814500 + 0.080067),0.891009 (0.810900 + 0.080109),0.889203 (0.809100 + 0.080103),0.858844 (0.778500 + 0.080344),0.891916 (0.811800 + 0.080116),0.859589 (0.779400 + 0.080189),0.894567 (0.814500 + 0.080067),0.894567 (0.814500 + 0.080067),0.881005 (0.801000 + 0.080005),0.886478 (0.806400 + 0.080078),0.869484 (0.789300 + 0.080184),0.852835 (0.773100 + 0.079735),0.894567 (0.814500 + 0.080067),0.893660 (0.813600 + 0.080061),0.893660 (0.813600 + 0.080061),0.881064 (0.801000 + 0.080064),0.871982 (0.792000 + 0.079982),0.872938 (0.792900 + 0.080038),0.842654 (0.763200 + 0.079454),0.852118 (0.772200 + 0.079918),0.881797 (0.801900 + 0.079897),0.870213 (0.790200 + 0.080013),0.867361 (0.787500 + 0.079861),0.871800 (0.792000 + 0.079800),0.869331 (0.789300 + 0.080031),0.891854 (0.811800 + 0.080054),0.889158 (0.809100 + 0.080058),0.885538 (0.805500 + 0.080038),0.855736 (0.775800 + 0.079936),0.894567 (0.814500 + 0.080067),0.894567 (0.814500 + 0.080067),0.891042 (0.810900 + 0.080142),0.880226 (0.800100 + 0.080126),0.887418 (0.807300 + 0.080118),0.893660 (0.813600 + 0.080061),0.867403 (0.787500 + 0.079903),0.858049 (0.777600 + 0.080449),0.860955 (0.781200 + 0.079755),0.894567 (0.814500 + 0.080067),0.862877 (0.783000 + 0.079877),0.864924 (0.784800 + 0.080124),0.871088 (0.791100 + 0.079988),0.871256 (0.791100 + 0.080156),0.893660 (0.813600 + 0.080061),0.873773 (0.793800 + 0.079973),0.883835 (0.803700 + 0.080135),0.870109 (0.790200 + 0.079909),0.894567 (0.814500 + 0.080067),0.867543 (0.787500 + 0.080043),0.858364 (0.778500 + 0.079864),0.869128 (0.789300 + 0.079828),0.845770 (0.765900 + 0.079870),0.860260 (0.780300 + 0.079960)
79,0.894567 (0.814500 + 0.080067),0.871935 (0.792000 + 0.079935),0.863576 (0.783900 + 0.079676),0.860898 (0.781200 + 0.079698),0.881055 (0.801000 + 0.080056),0.884400 (0.804600 + 0.079800),0.869879 (0.790200 + 0.079679),0.859924 (0.780300 + 0.079624),0.870090 (0.790200 + 0.079890),0.866135 (0.786600 + 0.079535),0.881098 (0.801000 + 0.080098),0.893660 (0.813600 + 0.080061),0.894567 (0.814500 + 0.080067),0.891854 (0.811800 + 0.080054),0.894567 (0.814500 + 0.080067),0.894567 (0.814500 + 0.080067),0.891854 (0.811800 + 0.080054),0.868900 (0.788400 + 0.080500),0.885582 (0.805500 + 0.080082),0.891009 (0.810900 + 0.080109),0.893660 (0.813600 + 0.080061),0.869320 (0.789300 + 0.080020),0.881864 (0.801900 + 0.079964),0.884720 (0.804600 + 0.080120),0.884400 (0.804600 + 0.079800),0.849366 (0.769500 + 0.079866),0.883603 (0.803700 + 0.079903),0.861013 (0.781200 + 0.079813),0.894567 (0.814500 + 0.080067),0.894567 (0.814500 + 0.080067),0.894567 (0.814500 + 0.080067),0.893660 (0.813600 + 0.080061),0.894567 (0.814500 + 0.080067),0.893660 (0.813600 + 0.080061),0.894567 (0.814500 + 0.080067),0.891042 (0.810900 + 0.080142),0.872776 (0.792900 + 0.079876),0.891009 (0.810900 + 0.080109),0.891854 (0.811800 + 0.080054),0.889158 (0.809100 + 0.080058),0.893660 (0.813600 + 0.080061),0.894567 (0.814500 + 0.080067),0.894567 (0.814500 + 0.080067),0.862219 (0.782100 + 0.080119),0.894567 (0.814500 + 0.080067),0.894567 (0.814500 + 0.080067),0.893660 (0.813600 + 0.080061),0.871982 (0.792000 + 0.079982),0.864746 (0.784800 + 0.079946),0.864704 (0.784800 + 0.079904),0.861190 (0.781200 + 0.079990),0.891854 (0.811800 + 0.080054),0.887418 (0.807300 + 0.080118),0.856576 (0.776700 + 0.079876),0.885675 (0.805500 + 0.080175),0.859485 (0.779400 + 0.080085),0.889211 (0.809100 + 0.080111),0.894567 (0.814500 + 0.080067),0.861990 (0.782100 + 0.079890),0.871962 (0.792000 + 0.079962),0.891042 (0.810900 + 0.080142),0.862973 (0.783000 + 0.079973),0.889158 (0.809100 + 0.080058),0.891854 (0.811800 + 0.080054),0.871982 (0.792000 + 0.079982),0.861936 (0.782100 + 0.079836),0.871188 (0.791100 + 0.080088),0.849346 (0.769500 + 0.079846),0.883712 (0.803700 + 0.080012),0.875722 (0.795600 + 0.080122),0.860982 (0.781200 + 0.079782),0.893660 (0.813600 + 0.080061),0.893660 (0.813600 + 0.080061),0.866437 (0.786600 + 0.079837),0.894567 (0.814500 + 0.080067),0.893660 (0.813600 + 0.080061),0.885638 (0.805500 + 0.080138),0.871982 (0.792000 + 0.079982),0.894567 (0.814500 + 0.080067),0.891009 (0.810900 + 0.080109)
80,0.894567 (0.814500 + 0.080067),0.884400 (0.804600 + 0.079800),0.871982 (0.792000 + 0.079982),0.888360 (0.808200 + 0.080160),0.893660 (0.813600 + 0.080061),0.893660 (0.813600 + 0.080061),0.894567 (0.814500 + 0.080067),0.868241 (0.788400 + 0.079841),0.894567 (0.814500 + 0.080067),0.881874 (0.801900 + 0.079974),0.891042 (0.810900 + 0.080142),0.869153 (0.789300 + 0.079853),0.891009 (0.810900 + 0.080109),0.875299 (0.795600 + 0.079699),0.894567 (0.814500 + 0.080067),0.865689 (0.785700 + 0.079989),0.893660 (0.813600 + 0.080061),0.872029 (0.792000 + 0.080029),0.890137 (0.810000 + 0.080137),0.893660 (0.813600 + 0.080061),0.894567 (0.814500 + 0.080067),0.894567 (0.814500 + 0.080067),0.894567 (0.814500 + 0.080067),0.861923 (0.782100 + 0.079823),0.871982 (0.792000 + 0.079982),0.851045 (0.771300 + 0.079745),0.861092 (0.781200 + 0.079892),0.894567 (0.814500 + 0.080067),0.881864 (0.801900 + 0.079964),0.855673 (0.775800 + 0.079873),0.862977 (0.783000 + 0.079977),0.894567 (0.814500 + 0.080067),0.894567 (0.814500 + 0.080067),0.862694 (0.783000 + 0.079694),0.862032 (0.782100 + 0.079932),0.856218 (0.776700 + 0.079518),0.891042 (0.810900 + 0.080142),0.872037 (0.792000 + 0.080037),0.866677 (0.786600 + 0.080077),0.891872 (0.811800 + 0.080072),0.892831 (0.812700 + 0.080131),0.881874 (0.801900 + 0.079974),0.888336 (0.808200 + 0.080136),0.870100 (0.790200 + 0.079900),0.867350 (0.787500 + 0.079851),0.865230 (0.785700 + 0.079530),0.894567 (0.814500 + 0.080067),0.880180 (0.800100 + 0.080080),0.880152 (0.800100 + 0.080052),0.885582 (0.805500 + 0.080082),0.894567 (0.814500 + 0.080067),0.870726 (0.791100 + 0.079626),0.884400 (0.804600 + 0.079800),0.893660 (0.813600 + 0.080061),0.894567 (0.814500 + 0.080067),0.894567 (0.814500 + 0.080067),0.894567 (0.814500 + 0.080067),0.861292 (0.781200 + 0.080092),0.891810 (0.811800 + 0.080010),0.881864 (0.801900 + 0.079964),0.884400 (0.804600 + 0.079800),0.866525 (0.786600 + 0.079925),0.867341 (0.787500 + 0.079842),0.893660 (0.813600 + 0.080061),0.884510 (0.804600 + 0.079910),0.893660 (0.813600 + 0.080061),0.891042 (0.810900 + 0.080142),0.843910 (0.764100 + 0.079810),0.891812 (0.811800 + 0.080012),0.882961 (0.802800 + 0.080161),0.885569 (0.805500 + 0.080069),0.885563 (0.805500 + 0.080063),0.865800 (0.785700 + 0.080100),0.891854 (0.811800 + 0.080054),0.894567 (0.814500 + 0.080067),0.880956 (0.801000 + 0.079956),0.871230 (0.791100 + 0.080130),0.858272 (0.778500 + 0.079772),0.889158 (0.809100 + 0.080058),0.894567 (0.814500 + 0.080067)
81,0.894567 (0.814500 + 0.080067),0.893660 (0.813600 + 0.080061),0.853033 (0.773100 + 0.079933),0.893660 (0.813600 + 0.080061),0.891812 (0.811800 + 0.080012),0.894567 (0.814500 + 0.080067),0.894567 (0.814500 + 0.080067),0.894567 (0.814500 + 0.080067),0.894567 (0.814500 + 0.080067),0.873937 (0.793800 + 0.080137),0.893660 (0.813600 + 0.080061),0.864761 (0.784800 + 0.079961),0.857574 (0.777600 + 0.079974),0.867512 (0.787500 + 0.080012),0.893660 (0.813600 + 0.080061),0.865628 (0.785700 + 0.079928),0.893660 (0.813600 + 0.080061),0.894567 (0.814500 + 0.080067),0.885582 (0.805500 + 0.080082),0.866610 (0.786600 + 0.080010),0.870287 (0.790200 + 0.080087),0.883725 (0.803700 + 0.080025),0.872551 (0.792900 + 0.079651),0.894567 (0.814500 + 0.080067),0.894567 (0.814500 + 0.080067),0.875702 (0.795600 + 0.080102),0.872887 (0.792900 + 0.079987),0.894567 (0.814500 + 0.080067),0.881874 (0.801900 + 0.079974),0.894567 (0.814500 + 0.080067),0.894567 (0.814500 + 0.080067),0.893660 (0.813600 + 0.080061),0.894567 (0.814500 + 0.080067),0.894567 (0.814500 + 0.080067),0.894567 (0.814500 + 0.080067),0.894567 (0.814500 + 0.080067),0.894567 (0.814500 + 0.080067),0.894567 (0.814500 + 0.080067),0.892831 (0.812700 + 0.080131),0.866429 (0.786600 + 0.079829),0.855220 (0.774900 + 0.080320),0.884675 (0.804600 + 0.080075),0.871963 (0.792000 + 0.079963),0.894567 (0.814500 + 0.080067),0.892831 (0.812700 + 0.080131),0.864168 (0.783900 + 0.080268),0.864830 (0.784800 + 0.080030),0.884400 (0.804600 + 0.079800),0.893660 (0.813600 + 0.080061),0.894567 (0.814500 + 0.080067),0.871083 (0.791100 + 0.079983),0.876532 (0.796500 + 0.080033),0.859374 (0.779400 + 0.079974),0.893660 (0.813600 + 0.080061),0.881874 (0.801900 + 0.079974),0.861776 (0.782100 + 0.079676),0.871982 (0.792000 + 0.079982),0.893660 (0.813600 + 0.080061),0.884612 (0.804600 + 0.080012),0.894567 (0.814500 + 0.080067),0.894567 (0.814500 + 0.080067),0.856658 (0.776700 + 0.079958),0.894567 (0.814500 + 0.080067),0.894567 (0.814500 + 0.080067),0.891872 (0.811800 + 0.080072),0.862164 (0.782100 + 0.080064),0.876531 (0.796500 + 0.080031),0.857479 (0.777600 + 0.079879),0.883680 (0.803700 + 0.079980),0.876413 (0.796500 + 0.079913),0.864025 (0.783900 + 0.080125),0.894567 (0.814500 + 0.080067),0.894567 (0.814500 + 0.080067),0.894567 (0.814500 + 0.080067),0.864017 (0.783900 + 0.080117),0.854285 (0.774900 + 0.079385),0.859310 (0.779400 + 0.079910),0.893660 (0.813600 + 0.080061),0.894567 (0.814500 + 0.080067),0.894567 (0.814500 + 0.080067)
82,0.894567 (0.814500 + 0.080067),0.893660 (0.813600 + 0.080061),0.894567 (0.814500 + 0.080067),0.891872 (0.811800 + 0.080072),0.894567 (0.814500 + 0.080067),0.876532 (0.796500 + 0.080033),0.894567 (0.814500 + 0.080067),0.894567 (0.814500 + 0.080067),0.893660 (0.813600 + 0.080061),0.851979 (0.772200 + 0.079779),0.865776 (0.785700 + 0.080076),0.863121 (0.783000 + 0.080121),0.884655 (0.804600 + 0.080055),0.894567 (0.814500 + 0.080067),0.876531 (0.796500 + 0.080031),0.859284 (0.779400 + 0.079884),0.867692 (0.787500 + 0.080192),0.857569 (0.777600 + 0.079969),0.893660 (0.813600 + 0.080061),0.893660 (0.813600 + 0.080061),0.881874 (0.801900 + 0.079974),0.893660 (0.813600 + 0.080061),0.894567 (0.814500 + 0.080067),0.861098 (0.781200 + 0.079898),0.894567 (0.814500 + 0.080067),0.894567 (0.814500 + 0.080067),0.884612 (0.804600 + 0.080012),0.893660 (0.813600 + 0.080061),0.893660 (0.813600 + 0.080061),0.894567 (0.814500 + 0.080067),0.894567 (0.814500 + 0.080067),0.894567 (0.814500 + 0.080067),0.856658 (0.776700 + 0.079958),0.894567 (0.814500 + 0.080067),0.894567 (0.814500 + 0.080067),0.893660 (0.813600 + 0.080061),0.862134 (0.782100 + 0.080034),0.894567 (0.814500 + 0.080067),0.861957 (0.782100 + 0.079857),0.894567 (0.814500 + 0.080067),0.894567 (0.814500 + 0.080067),0.845617 (0.765900 + 0.079717),0.866570 (0.786600 + 0.079970),0.881874 (0.801900 + 0.079974),0.893660 (0.813600 + 0.080061),0.878318 (0.798300 + 0.080018),0.875600 (0.795600 + 0.080000),0.854722 (0.774900 + 0.079822),0.880170 (0.800100 + 0.080070),0.894567 (0.814500 + 0.080067),0.894567 (0.814500 + 0.080067),0.883680 (0.803700 + 0.079980),0.893660 (0.813600 + 0.080061),0.893660 (0.813600 + 0.080061),0.894567 (0.814500 + 0.080067),0.894567 (0.814500 + 0.080067),0.893660 (0.813600 + 0.080061),0.894567 (0.814500 + 0.080067),0.877305 (0.797400 + 0.079905),0.884400 (0.804600 + 0.079800),0.894567 (0.814500 + 0.080067),0.893660 (0.813600 + 0.080061),0.885582 (0.805500 + 0.080082),0.890862 (0.810900 + 0.079962),0.855684 (0.775800 + 0.079884),0.894567 (0.814500 + 0.080067),0.894567 (0.814500 + 0.080067),0.862169 (0.782100 + 0.080069),0.894567 (0.814500 + 0.080067),0.864817 (0.784800 + 0.080017),0.893660 (0.813600 + 0.080061),0.894567 (0.814500 + 0.080067),0.875702 (0.795600 + 0.080102),0.894567 (0.814500 + 0.080067),0.862901 (0.783000 + 0.079901),0.894567 (0.814500 + 0.080067),0.863132 (0.783000 + 0.080132),0.893660 (0.813600 + 0.080061),0.891879 (0.811800 + 0.080079),0.894567 (0.814500 + 0.080067)
83,0.894567 (0.814500 + 0.080067),0.883680 (0.803700 + 0.079980),0.865019 (0.784800 + 0.080219),0.894567 (0.814500 + 0.080067),0.875702 (0.795600 + 0.080102),0.894567 (0.814500 + 0.080067),0.894567 (0.814500 + 0.080067),0.894567 (0.814500 + 0.080067),0.866061 (0.785700 + 0.080361),0.869929 (0.790200 + 0.079729),0.872172 (0.792000 + 0.080172),0.894567 (0.814500 + 0.080067),0.893660 (0.813600 + 0.080061),0.893660 (0.813600 + 0.080061),0.893660 (0.813600 + 0.080061),0.894567 (0.814500 + 0.080067),0.893660 (0.813600 + 0.080061),0.894567 (0.814500 + 0.080067),0.894567 (0.814500 + 0.080067),0.863873 (0.783900 + 0.079973),0.875702 (0.795600 + 0.080102),0.894567 (0.814500 + 0.080067),0.890862 (0.810900 + 0.079962),0.894567 (0.814500 + 0.080067),0.894567 (0.814500 + 0.080067),0.894567 (0.814500 + 0.080067),0.894567 (0.814500 + 0.080067),0.894567 (0.814500 + 0.080067),0.867283 (0.787500 + 0.079783),0.867586 (0.787500 + 0.080086),0.894567 (0.814500 + 0.080067),0.893660 (0.813600 + 0.080061),0.894567 (0.814500 + 0.080067),0.893660 (0.813600 + 0.080061),0.883680 (0.803700 + 0.079980),0.894567 (0.814500 + 0.080067),0.894567 (0.814500 + 0.080067),0.871124 (0.791100 + 0.080024),0.880220 (0.800100 + 0.080120),0.851206 (0.771300 + 0.079907),0.878318 (0.798300 + 0.080018),0.877426 (0.797400 + 0.080026),0.883680 (0.803700 + 0.079980),0.891816 (0.811800 + 0.080016),0.885563 (0.805500 + 0.080063),0.890063 (0.810000 + 0.080063),0.852910 (0.773100 + 0.079810),0.876607 (0.796500 + 0.080107),0.851758 (0.772200 + 0.079558),0.893660 (0.813600 + 0.080061),0.893660 (0.813600 + 0.080061),0.871879 (0.792000 + 0.079879),0.894567 (0.814500 + 0.080067),0.894567 (0.814500 + 0.080067),0.861923 (0.782100 + 0.079823),0.894567 (0.814500 + 0.080067),0.894567 (0.814500 + 0.080067),0.868445 (0.788400 + 0.080045),0.894567 (0.814500 + 0.080067),0.866595 (0.786600 + 0.079995),0.894567 (0.814500 + 0.080067),0.848488 (0.768600 + 0.079888),0.854935 (0.774900 + 0.080036),0.873844 (0.793800 + 0.080044),0.862980 (0.783000 + 0.079980),0.894567 (0.814500 + 0.080067),0.883680 (0.803700 + 0.079980),0.864550 (0.784800 + 0.079750),0.870026 (0.790200 + 0.079826),0.894567 (0.814500 + 0.080067),0.868290 (0.788400 + 0.079890),0.894567 (0.814500 + 0.080067),0.894567 (0.814500 + 0.080067),0.893660 (0.813600 + 0.080061),0.894567 (0.814500 + 0.080067),0.868438 (0.788400 + 0.080038),0.894567 (0.814500 + 0.080067),0.854637 (0.774900 + 0.079737),0.894567 (0.814500 + 0.080067),0.859427 (0.779400 + 0.080027)
84,0.894567 (0.814500 + 0.080067),0.863363 (0.783000 + 0.080363),0.868438 (0.788400 + 0.080038),0.874591 (0.794700 + 0.079891),0.871226 (0.791100 + 0.080126),0.863796 (0.783900 + 0.079896),0.894567 (0.814500 + 0.080067),0.894567 (0.814500 + 0.080067),0.894567 (0.814500 + 0.080067),0.894567 (0.814500 + 0.080067),0.866522 (0.786600 + 0.079922),0.894567 (0.814500 + 0.080067),0.894567 (0.814500 + 0.080067),0.871994 (0.792000 + 0.079994),0.865773 (0.785700 + 0.080073),0.894567 (0.814500 + 0.080067),0.894567 (0.814500 + 0.080067),0.894567 (0.814500 + 0.080067),0.891816 (0.811800 + 0.080016),0.859143 (0.779400 + 0.079743),0.871165 (0.791100 + 0.080065),0.894567 (0.814500 + 0.080067),0.875701 (0.795600 + 0.080101),0.861923 (0.782100 + 0.079823),0.881874 (0.801900 + 0.079974),0.861856 (0.782100 + 0.079756),0.893660 (0.813600 + 0.080061),0.894567 (0.814500 + 0.080067),0.894567 (0.814500 + 0.080067),0.894567 (0.814500 + 0.080067),0.885563 (0.805500 + 0.080063),0.866793 (0.786600 + 0.080193),0.894567 (0.814500 + 0.080067),0.893660 (0.813600 + 0.080061),0.864938 (0.784800 + 0.080138),0.893660 (0.813600 + 0.080061),0.894567 (0.814500 + 0.080067),0.893660 (0.813600 + 0.080061),0.894567 (0.814500 + 0.080067),0.859509 (0.779400 + 0.080109),0.853961 (0.774000 + 0.079962),0.894567 (0.814500 + 0.080067),0.894567 (0.814500 + 0.080067),0.894567 (0.814500 + 0.080067),0.894567 (0.814500 + 0.080067),0.880220 (0.800100 + 0.080120),0.866627 (0.786600 + 0.080027),0.894567 (0.814500 + 0.080067),0.864784 (0.784800 + 0.079984),0.853676 (0.774000 + 0.079676),0.871140 (0.791100 + 0.080040),0.860307 (0.780300 + 0.080007),0.894567 (0.814500 + 0.080067),0.894567 (0.814500 + 0.080067),0.851053 (0.771300 + 0.079753),0.892799 (0.812700 + 0.080099),0.870213 (0.790200 + 0.080013),0.886419 (0.806400 + 0.080019),0.863878 (0.783900 + 0.079978),0.894567 (0.814500 + 0.080067),0.894567 (0.814500 + 0.080067),0.894567 (0.814500 + 0.080067),0.858454 (0.778500 + 0.079954),0.871913 (0.792000 + 0.079913),0.893660 (0.813600 + 0.080061),0.894567 (0.814500 + 0.080067),0.875398 (0.795600 + 0.079798),0.854079 (0.774000 + 0.080079),0.894567 (0.814500 + 0.080067),0.883680 (0.803700 + 0.079980),0.894567 (0.814500 + 0.080067),0.854932 (0.774900 + 0.080032),0.894567 (0.814500 + 0.080067),0.862561 (0.783000 + 0.079561),0.855685 (0.775800 + 0.079885),0.894567 (0.814500 + 0.080067),0.893660 (0.813600 + 0.080061),0.868312 (0.788400 + 0.079912),0.866336 (0.786600 + 0.079736),0.888210 (0.808200 + 0.080010)
85,0.894567 (0.814500 + 0.080067),0.890091 (0.810000 + 0.080092),0.851872 (0.772200 + 0.079672),0.880126 (0.800100 + 0.080026),0.871025 (0.791100 + 0.079925),0.894567 (0.814500 + 0.080067),0.894567 (0.814500 + 0.080067),0.890094 (0.810000 + 0.080094),0.869280 (0.789300 + 0.079980),0.894567 (0.814500 + 0.080067),0.866608 (0.786600 + 0.080008),0.893660 (0.813600 + 0.080061),0.894567 (0.814500 + 0.080067),0.864860 (0.784800 + 0.080060),0.862264 (0.782100 + 0.080164),0.894567 (0.814500 + 0.080067),0.863063 (0.783000 + 0.080063),0.894567 (0.814500 + 0.080067),0.868460 (0.788400 + 0.080060),0.894567 (0.814500 + 0.080067),0.894567 (0.814500 + 0.080067),0.894567 (0.814500 + 0.080067),0.894567 (0.814500 + 0.080067),0.868306 (0.788400 + 0.079906),0.858619 (0.778500 + 0.080119),0.860073 (0.780300 + 0.079773),0.876607 (0.796500 + 0.080107),0.894567 (0.814500 + 0.080067),0.894567 (0.814500 + 0.080067),0.894567 (0.814500 + 0.080067),0.894567 (0.814500 + 0.080067),0.849509 (0.769500 + 0.080009),0.861019 (0.781200 + 0.079819),0.853359 (0.773100 + 0.080259),0.894567 (0.814500 + 0.080067),0.894567 (0.814500 + 0.080067),0.894567 (0.814500 + 0.080067),0.894567 (0.814500 + 0.080067),0.894567 (0.814500 + 0.080067),0.894567 (0.814500 + 0.080067),0.856434 (0.776700 + 0.079734),0.869931 (0.790200 + 0.079731),0.894567 (0.814500 + 0.080067),0.893660 (0.813600 + 0.080061),0.870035 (0.790200 + 0.079835),0.894567 (0.814500 + 0.080067),0.894567 (0.814500 + 0.080067),0.894567 (0.814500 + 0.080067),0.855762 (0.775800 + 0.079962),0.894567 (0.814500 + 0.080067),0.894567 (0.814500 + 0.080067),0.871063 (0.791100 + 0.079963),0.886498 (0.806400 + 0.080098),0.870188 (0.790200 + 0.079988),0.894567 (0.814500 + 0.080067),0.863878 (0.783900 + 0.079978),0.894567 (0.814500 + 0.080067),0.876607 (0.796500 + 0.080107),0.881874 (0.801900 + 0.079974),0.879897 (0.800100 + 0.079797),0.894567 (0.814500 + 0.080067),0.894567 (0.814500 + 0.080067),0.894567 (0.814500 + 0.080067),0.894567 (0.814500 + 0.080067),0.893660 (0.813600 + 0.080061),0.894567 (0.814500 + 0.080067),0.866758 (0.786600 + 0.080158),0.894567 (0.814500 + 0.080067),0.894567 (0.814500 + 0.080067),0.869981 (0.790200 + 0.079781),0.894567 (0.814500 + 0.080067),0.890938 (0.810900 + 0.080038),0.871061 (0.791100 + 0.079961),0.894567 (0.814500 + 0.080067),0.855913 (0.775800 + 0.080113),0.864508 (0.784800 + 0.079708),0.863796 (0.783900 + 0.079896),0.876534 (0.796500 + 0.080034),0.881824 (0.801900 + 0.079924),0.894567 (0.814500 + 0.080067)
86,0.894567 (0.814500 + 0.080067),0.860923 (0.781200 + 0.079723),0.873989 (0.793800 + 0.080189),0.856714 (0.776700 + 0.080014),0.894567 (0.814500 + 0.080067),0.894567 (0.814500 + 0.080067),0.894567 (0.814500 + 0.080067),0.879164 (0.799200 + 0.079964),0.870138 (0.790200 + 0.079938),0.894567 (0.814500 + 0.080067),0.872819 (0.792900 + 0.079919),0.855827 (0.775800 + 0.080027),0.893660 (0.813600 + 0.080061),0.894567 (0.814500 + 0.080067),0.894567 (0.814500 + 0.080067),0.852783 (0.773100 + 0.079683),0.894567 (0.814500 + 0.080067),0.858423 (0.778500 + 0.079923),0.866864 (0.786600 + 0.080264),0.894567 (0.814500 + 0.080067),0.894567 (0.814500 + 0.080067),0.894567 (0.814500 + 0.080067),0.894567 (0.814500 + 0.080067),0.894567 (0.814500 + 0.080067),0.871050 (0.791100 + 0.079950),0.864090 (0.783900 + 0.080190),0.880126 (0.800100 + 0.080026),0.894567 (0.814500 + 0.080067),0.872890 (0.792900 + 0.079990),0.870242 (0.790200 + 0.080042),0.858548 (0.778500 + 0.080048),0.894567 (0.814500 + 0.080067),0.870231 (0.790200 + 0.080031),0.894567 (0.814500 + 0.080067),0.894567 (0.814500 + 0.080067),0.874841 (0.794700 + 0.080141),0.867585 (0.787500 + 0.080085),0.872133 (0.792000 + 0.080133),0.884459 (0.804600 + 0.079859),0.894567 (0.814500 + 0.080067),0.855021 (0.774900 + 0.080121),0.894567 (0.814500 + 0.080067),0.894567 (0.814500 + 0.080067),0.872797 (0.792900 + 0.079897),0.872779 (0.792900 + 0.079879),0.893660 (0.813600 + 0.080061),0.894567 (0.814500 + 0.080067),0.894567 (0.814500 + 0.080067),0.862625 (0.783000 + 0.079625),0.894567 (0.814500 + 0.080067),0.894567 (0.814500 + 0.080067),0.894567 (0.814500 + 0.080067),0.866405 (0.786600 + 0.079805),0.864832 (0.784800 + 0.080032),0.869290 (0.789300 + 0.079990),0.861874 (0.782100 + 0.079773),0.869981 (0.790200 + 0.079781),0.858694 (0.778500 + 0.080194),0.886498 (0.806400 + 0.080098),0.865844 (0.785700 + 0.080144),0.882783 (0.802800 + 0.079983),0.894567 (0.814500 + 0.080067),0.856030 (0.775800 + 0.080230),0.894567 (0.814500 + 0.080067),0.871037 (0.791100 + 0.079937),0.866999 (0.787500 + 0.079499),0.894567 (0.814500 + 0.080067),0.894567 (0.814500 + 0.080067),0.894567 (0.814500 + 0.080067),0.894567 (0.814500 + 0.080067),0.863878 (0.783900 + 0.079978),0.894567 (0.814500 + 0.080067),0.867080 (0.787500 + 0.079580),0.870231 (0.790200 + 0.080031),0.870293 (0.790200 + 0.080093),0.894567 (0.814500 + 0.080067),0.894567 (0.814500 + 0.080067),0.894567 (0.814500 + 0.080067),0.858909 (0.779400 + 0.079509),0.859208 (0.779400 + 0.079808)
87,0.894567 (0.814500 + 0.080067),0.894567 (0.814500 + 0.080067),0.867665 (0.787500 + 0.080165),0.860973 (0.781200 + 0.079773),0.861486 (0.781200 + 0.080287),0.872035 (0.792000 + 0.080035),0.894523 (0.814500 + 0.080023),0.873817 (0.793800 + 0.080017),0.865619 (0.785700 + 0.079919),0.881070 (0.801000 + 0.080070),0.883594 (0.803700 + 0.079894),0.868496 (0.788400 + 0.080096),0.881188 (0.801000 + 0.080188),0.869605 (0.789300 + 0.080305),0.894567 (0.814500 + 0.080067),0.877509 (0.797400 + 0.080109),0.863815 (0.783900 + 0.079915),0.880101 (0.800100 + 0.080001),0.893692 (0.813600 + 0.080092),0.870242 (0.790200 + 0.080042),0.894567 (0.814500 + 0.080067),0.873989 (0.793800 + 0.080189),0.894567 (0.814500 + 0.080067),0.861959 (0.782100 + 0.079859),0.857886 (0.777600 + 0.080286),0.894567 (0.814500 + 0.080067),0.873989 (0.793800 + 0.080189),0.894567 (0.814500 + 0.080067),0.872775 (0.792900 + 0.079875),0.866457 (0.786600 + 0.079857),0.872749 (0.792900 + 0.079849),0.872518 (0.792900 + 0.079618),0.894567 (0.814500 + 0.080067),0.853053 (0.773100 + 0.079953),0.894567 (0.814500 + 0.080067),0.855434 (0.775800 + 0.079634),0.879408 (0.799200 + 0.080208),0.894567 (0.814500 + 0.080067),0.894567 (0.814500 + 0.080067),0.894567 (0.814500 + 0.080067),0.886498 (0.806400 + 0.080098),0.894567 (0.814500 + 0.080067),0.894567 (0.814500 + 0.080067),0.894567 (0.814500 + 0.080067),0.894567 (0.814500 + 0.080067),0.859687 (0.780300 + 0.079387),0.871265 (0.791100 + 0.080165),0.894567 (0.814500 + 0.080067),0.894567 (0.814500 + 0.080067),0.858422 (0.778500 + 0.079922),0.894567 (0.814500 + 0.080067),0.894567 (0.814500 + 0.080067),0.870010 (0.790200 + 0.079810),0.853936 (0.774000 + 0.079936),0.853610 (0.774000 + 0.079610),0.882828 (0.802800 + 0.080028),0.854973 (0.774900 + 0.080073),0.894567 (0.814500 + 0.080067),0.868283 (0.788400 + 0.079883),0.876525 (0.796500 + 0.080025),0.876324 (0.796500 + 0.079824),0.866876 (0.786600 + 0.080276),0.848639 (0.768600 + 0.080039),0.864759 (0.784800 + 0.079959),0.866775 (0.786600 + 0.080175),0.894567 (0.814500 + 0.080067),0.894567 (0.814500 + 0.080067),0.876557 (0.796500 + 0.080057),0.871140 (0.791100 + 0.080041),0.850331 (0.770400 + 0.079931),0.864093 (0.783900 + 0.080193),0.893779 (0.813600 + 0.080180),0.859094 (0.779400 + 0.079694),0.893660 (0.813600 + 0.080061),0.878992 (0.799200 + 0.079792),0.860117 (0.780300 + 0.079817),0.886498 (0.806400 + 0.080098),0.863250 (0.783900 + 0.079350),0.873982 (0.793800 + 0.080182),0.893660 (0.813600 + 0.080061)
88,0.894567 (0.814500 + 0.080067),0.881882 (0.801900 + 0.079982),0.872120 (0.792000 + 0.080120),0.894567 (0.814500 + 0.080067),0.894567 (0.814500 + 0.080067),0.894567 (0.814500 + 0.080067),0.860487 (0.780300 + 0.080187),0.877324 (0.797400 + 0.079924),0.862970 (0.783000 + 0.079970),0.855805 (0.775800 + 0.080005),0.867456 (0.787500 + 0.079956),0.860998 (0.781200 + 0.079798),0.894567 (0.814500 + 0.080067),0.847623 (0.767700 + 0.079923),0.894567 (0.814500 + 0.080067),0.856774 (0.776700 + 0.080074),0.894567 (0.814500 + 0.080067),0.864668 (0.784800 + 0.079868),0.868300 (0.788400 + 0.079900),0.866686 (0.786600 + 0.080086),0.887322 (0.807300 + 0.080022),0.894567 (0.814500 + 0.080067),0.893660 (0.813600 + 0.080061),0.886498 (0.806400 + 0.080098),0.886498 (0.806400 + 0.080098),0.878534 (0.798300 + 0.080234),0.857853 (0.777600 + 0.080253),0.867420 (0.787500 + 0.079920),0.866372 (0.786600 + 0.079772),0.872071 (0.792000 + 0.080071),0.865022 (0.784800 + 0.080222),0.873817 (0.793800 + 0.080017),0.862031 (0.782100 + 0.079931),0.894567 (0.814500 + 0.080067),0.894567 (0.814500 + 0.080067),0.894523 (0.814500 + 0.080023),0.860117 (0.780300 + 0.079817),0.857161 (0.777600 + 0.079561),0.874754 (0.794700 + 0.080054),0.894567 (0.814500 + 0.080067),0.894567 (0.814500 + 0.080067),0.894567 (0.814500 + 0.080067),0.894567 (0.814500 + 0.080067),0.891929 (0.811800 + 0.080129),0.866703 (0.786600 + 0.080103),0.894567 (0.814500 + 0.080067),0.860356 (0.780300 + 0.080056),0.894567 (0.814500 + 0.080067),0.894567 (0.814500 + 0.080067),0.848453 (0.768600 + 0.079853),0.891906 (0.811800 + 0.080106),0.886498 (0.806400 + 0.080098),0.860354 (0.780300 + 0.080054),0.876525 (0.796500 + 0.080025),0.894567 (0.814500 + 0.080067),0.894567 (0.814500 + 0.080067),0.869247 (0.789300 + 0.079947),0.849111 (0.769500 + 0.079611),0.874964 (0.794700 + 0.080264),0.894567 (0.814500 + 0.080067),0.876660 (0.796500 + 0.080160),0.894567 (0.814500 + 0.080067),0.861034 (0.781200 + 0.079834),0.867398 (0.787500 + 0.079898),0.870293 (0.790200 + 0.080093),0.855759 (0.775800 + 0.079959),0.878992 (0.799200 + 0.079792),0.894567 (0.814500 + 0.080067),0.861975 (0.782100 + 0.079875),0.868291 (0.788400 + 0.079891),0.888192 (0.808200 + 0.079992),0.870017 (0.790200 + 0.079817),0.862629 (0.783000 + 0.079629),0.860211 (0.780300 + 0.079911),0.863410 (0.783900 + 0.079510),0.873751 (0.793800 + 0.079951),0.866447 (0.786600 + 0.079847),0.894567 (0.814500 + 0.080067),0.894567 (0.814500 + 0.080067),0.894567 (0.814500 + 0.080067)
89,0.894567 (0.814500 + 0.080067),0.880935 (0.801000 + 0.079935),0.869387 (0.789300 + 0.080087),0.848998 (0.769500 + 0.079498),0.871099 (0.791100 + 0.079999),0.867635 (0.787500 + 0.080135),0.888192 (0.808200 + 0.079992),0.894567 (0.814500 + 0.080067),0.857328 (0.777600 + 0.079728),0.894567 (0.814500 + 0.080067),0.894567 (0.814500 + 0.080067),0.878226 (0.798300 + 0.079926),0.870017 (0.790200 + 0.079817),0.894567 (0.814500 + 0.080067),0.894567 (0.814500 + 0.080067),0.854989 (0.774900 + 0.080089),0.861335 (0.781200 + 0.080135),0.863898 (0.783900 + 0.079999),0.894567 (0.814500 + 0.080067),0.894567 (0.814500 + 0.080067),0.851455 (0.771300 + 0.080155),0.869970 (0.790200 + 0.079770),0.863682 (0.783900 + 0.079782),0.890174 (0.810000 + 0.080174),0.848249 (0.768600 + 0.079650),0.894523 (0.814500 + 0.080023),0.857550 (0.777600 + 0.079950),0.869983 (0.790200 + 0.079783),0.886498 (0.806400 + 0.080098),0.893692 (0.813600 + 0.080092),0.860100 (0.780300 + 0.079800),0.894567 (0.814500 + 0.080067),0.894567 (0.814500 + 0.080067),0.894567 (0.814500 + 0.080067),0.894567 (0.814500 + 0.080067),0.891881 (0.811800 + 0.080081),0.851598 (0.772200 + 0.079398),0.894567 (0.814500 + 0.080067),0.862848 (0.783000 + 0.079848),0.894567 (0.814500 + 0.080067),0.894567 (0.814500 + 0.080067),0.881914 (0.801900 + 0.080014),0.865380 (0.785700 + 0.079680),0.863920 (0.783900 + 0.080020),0.894567 (0.814500 + 0.080067),0.894567 (0.814500 + 0.080067),0.878992 (0.799200 + 0.079792),0.894567 (0.814500 + 0.080067),0.894567 (0.814500 + 0.080067),0.853695 (0.774000 + 0.079695),0.894567 (0.814500 + 0.080067),0.856348 (0.776700 + 0.079648),0.862826 (0.783000 + 0.079826),0.890132 (0.810000 + 0.080132),0.866502 (0.786600 + 0.079902),0.888262 (0.808200 + 0.080062),0.850551 (0.770400 + 0.080151),0.869145 (0.789300 + 0.079845),0.880269 (0.800100 + 0.080169),0.861045 (0.781200 + 0.079845),0.878297 (0.798300 + 0.079997),0.879282 (0.799200 + 0.080082),0.857461 (0.777600 + 0.079861),0.894567 (0.814500 + 0.080067),0.860998 (0.781200 + 0.079798),0.894567 (0.814500 + 0.080067),0.868259 (0.788400 + 0.079859),0.864150 (0.783900 + 0.080250),0.858930 (0.779400 + 0.079530),0.880925 (0.801000 + 0.079925),0.884632 (0.804600 + 0.080032),0.894567 (0.814500 + 0.080067),0.894567 (0.814500 + 0.080067),0.893615 (0.813600 + 0.080015),0.879234 (0.799200 + 0.080034),0.894567 (0.814500 + 0.080067),0.894567 (0.814500 + 0.080067),0.871726 (0.792000 + 0.079726),0.885928 (0.805500 + 0.080428),0.894567 (0.814500 + 0.080067)
90,0.894567 (0.814500 + 0.080067),0.862157 (0.782100 + 0.080057),0.890132 (0.810000 + 0.080132),0.894567 (0.814500 + 0.080067),0.862272 (0.782100 + 0.080172),0.894567 (0.814500 + 0.080067),0.847763 (0.767700 + 0.080063),0.894567 (0.814500 + 0.080067),0.894567 (0.814500 + 0.080067),0.878326 (0.798300 + 0.080026),0.867479 (0.787500 + 0.079979),0.894567 (0.814500 + 0.080067),0.888262 (0.808200 + 0.080062),0.894567 (0.814500 + 0.080067),0.894567 (0.814500 + 0.080067),0.892745 (0.812700 + 0.080045),0.857578 (0.777600 + 0.079978),0.892745 (0.812700 + 0.080045),0.888214 (0.808200 + 0.080014),0.864110 (0.783900 + 0.080210),0.894542 (0.814500 + 0.080042),0.853029 (0.773100 + 0.079929),0.894567 (0.814500 + 0.080067),0.862930 (0.783000 + 0.079930),0.888202 (0.808200 + 0.080002),0.854679 (0.774900 + 0.079779),0.864989 (0.784800 + 0.080189),0.894567 (0.814500 + 0.080067),0.894567 (0.814500 + 0.080067),0.868220 (0.788400 + 0.079820),0.869983 (0.790200 + 0.079783),0.894567 (0.814500 + 0.080067),0.894567 (0.814500 + 0.080067),0.853290 (0.773100 + 0.080190),0.862051 (0.782100 + 0.079951),0.888214 (0.808200 + 0.080014),0.890959 (0.810900 + 0.080059),0.872117 (0.792000 + 0.080117),0.869337 (0.789300 + 0.080037),0.871101 (0.791100 + 0.080001),0.865837 (0.785700 + 0.080137),0.894567 (0.814500 + 0.080067),0.869754 (0.790200 + 0.079554),0.894567 (0.814500 + 0.080067),0.894567 (0.814500 + 0.080067),0.864597 (0.784800 + 0.079797),0.883649 (0.803700 + 0.079949),0.864675 (0.784800 + 0.079875),0.868438 (0.788400 + 0.080038),0.858028 (0.777600 + 0.080428),0.872764 (0.792900 + 0.079864),0.863793 (0.783900 + 0.079893),0.871100 (0.791100 + 0.080001),0.872905 (0.792900 + 0.080005),0.890961 (0.810900 + 0.080061),0.894567 (0.814500 + 0.080067),0.862826 (0.783000 + 0.079826),0.894567 (0.814500 + 0.080067),0.894567 (0.814500 + 0.080067),0.867575 (0.787500 + 0.080075),0.880227 (0.800100 + 0.080127),0.894567 (0.814500 + 0.080067),0.869983 (0.790200 + 0.079783),0.880269 (0.800100 + 0.080169),0.894567 (0.814500 + 0.080067),0.880925 (0.801000 + 0.079925),0.894567 (0.814500 + 0.080067),0.894567 (0.814500 + 0.080067),0.862195 (0.782100 + 0.080095),0.894567 (0.814500 + 0.080067),0.894567 (0.814500 + 0.080067),0.863689 (0.783900 + 0.079789),0.863622 (0.783900 + 0.079722),0.854022 (0.774000 + 0.080022),0.860128 (0.780300 + 0.079828),0.871023 (0.791100 + 0.079923),0.881914 (0.801900 + 0.080014),0.872854 (0.792900 + 0.079954),0.877510 (0.797400 + 0.080110),0.888192 (0.808200 + 0.079992)
91,0.894567 (0.814500 + 0.080067),0.894567 (0.814500 + 0.080067),0.894567 (0.814500 + 0.080067),0.870815 (0.791100 + 0.079715),0.863880 (0.783900 + 0.079980),0.861243 (0.781200 + 0.080043),0.868355 (0.788400 + 0.079955),0.894567 (0.814500 + 0.080067),0.867348 (0.787500 + 0.079848),0.894567 (0.814500 + 0.080067),0.894542 (0.814500 + 0.080042),0.894567 (0.814500 + 0.080067),0.860254 (0.780300 + 0.079954),0.881126 (0.801000 + 0.080126),0.867482 (0.787500 + 0.079982),0.894567 (0.814500 + 0.080067),0.894567 (0.814500 + 0.080067),0.856698 (0.776700 + 0.079998),0.857596 (0.777600 + 0.079996),0.894567 (0.814500 + 0.080067),0.894567 (0.814500 + 0.080067),0.890034 (0.810000 + 0.080034),0.879185 (0.799200 + 0.079985),0.894567 (0.814500 + 0.080067),0.855982 (0.775800 + 0.080182),0.894567 (0.814500 + 0.080067),0.848423 (0.768600 + 0.079823),0.857525 (0.777600 + 0.079925),0.894567 (0.814500 + 0.080067),0.894567 (0.814500 + 0.080067),0.848135 (0.768600 + 0.079535),0.860299 (0.780300 + 0.079999),0.870318 (0.790200 + 0.080118),0.860189 (0.780300 + 0.079889),0.894567 (0.814500 + 0.080067),0.890132 (0.810000 + 0.080132),0.871797 (0.792000 + 0.079797),0.894567 (0.814500 + 0.080067),0.864777 (0.784800 + 0.079977),0.875414 (0.795600 + 0.079814),0.894567 (0.814500 + 0.080067),0.873804 (0.793800 + 0.080004),0.861031 (0.781200 + 0.079831),0.893692 (0.813600 + 0.080092),0.880002 (0.800100 + 0.079902),0.863828 (0.783900 + 0.079928),0.869018 (0.789300 + 0.079718),0.869381 (0.789300 + 0.080081),0.866399 (0.786600 + 0.079799),0.894567 (0.814500 + 0.080067),0.892745 (0.812700 + 0.080045),0.885535 (0.805500 + 0.080035),0.868230 (0.788400 + 0.079830),0.853546 (0.774000 + 0.079546),0.887369 (0.807300 + 0.080069),0.851641 (0.771300 + 0.080341),0.868571 (0.788400 + 0.080171),0.858479 (0.778500 + 0.079979),0.864375 (0.783900 + 0.080475),0.892745 (0.812700 + 0.080045),0.894567 (0.814500 + 0.080067),0.894567 (0.814500 + 0.080067),0.890132 (0.810000 + 0.080132),0.888218 (0.808200 + 0.080018),0.890964 (0.810900 + 0.080064),0.875669 (0.795600 + 0.080069),0.893692 (0.813600 + 0.080092),0.888202 (0.808200 + 0.080002),0.860247 (0.780300 + 0.079948),0.866550 (0.786600 + 0.079950),0.866040 (0.786600 + 0.079440),0.874614 (0.794700 + 0.079914),0.851997 (0.772200 + 0.079797),0.871087 (0.791100 + 0.079987),0.853042 (0.773100 + 0.079942),0.890132 (0.810000 + 0.080132),0.894567 (0.814500 + 0.080067),0.885663 (0.805500 + 0.080163),0.868169 (0.788400 + 0.079769),0.888214 (0.808200 + 0.080014)
92,0.894567 (0.814500 + 0.080067),0.894567 (0.814500 + 0.080067),0.894567 (0.814500 + 0.080067),0.877265 (0.797400 + 0.079865),0.876421 (0.796500 + 0.079921),0.860195 (0.780300 + 0.079895),0.878493 (0.798300 + 0.080193),0.860996 (0.781200 + 0.079796),0.870239 (0.790200 + 0.080039),0.881803 (0.801900 + 0.079903),0.860807 (0.781200 + 0.079607),0.867559 (0.787500 + 0.080059),0.867505 (0.787500 + 0.080005),0.879099 (0.799200 + 0.079899),0.858595 (0.778500 + 0.080095),0.869470 (0.789300 + 0.080170),0.864064 (0.783900 + 0.080164),0.894567 (0.814500 + 0.080067),0.890034 (0.810000 + 0.080034),0.888218 (0.808200 + 0.080018),0.871681 (0.792000 + 0.079681),0.894567 (0.814500 + 0.080067),0.892745 (0.812700 + 0.080045),0.894567 (0.814500 + 0.080067),0.894567 (0.814500 + 0.080067),0.885565 (0.805500 + 0.080065),0.864870 (0.784800 + 0.080070),0.888202 (0.808200 + 0.080002),0.868114 (0.788400 + 0.079714),0.893692 (0.813600 + 0.080092),0.886390 (0.806400 + 0.079990),0.871116 (0.791100 + 0.080016),0.885555 (0.805500 + 0.080055),0.858094 (0.777600 + 0.080493),0.893692 (0.813600 + 0.080092),0.890132 (0.810000 + 0.080132),0.890132 (0.810000 + 0.080132),0.861317 (0.781200 + 0.080117),0.862812 (0.783000 + 0.079812),0.894567 (0.814500 + 0.080067),0.893692 (0.813600 + 0.080092),0.894567 (0.814500 + 0.080067),0.870031 (0.790200 + 0.079831),0.893692 (0.813600 + 0.080092),0.890009 (0.810000 + 0.080009),0.865640 (0.785700 + 0.079940),0.894577 (0.814500 + 0.080077),0.893692 (0.813600 + 0.080092),0.894567 (0.814500 + 0.080067),0.890034 (0.810000 + 0.080034),0.888214 (0.808200 + 0.080014),0.894567 (0.814500 + 0.080067),0.870253 (0.790200 + 0.080053),0.867538 (0.787500 + 0.080038),0.894567 (0.814500 + 0.080067),0.865766 (0.785700 + 0.080066),0.884604 (0.804600 + 0.080004),0.882838 (0.802800 + 0.080038),0.863354 (0.783900 + 0.079454),0.864657 (0.784800 + 0.079857),0.870973 (0.791100 + 0.079873),0.872844 (0.792900 + 0.079944),0.882735 (0.802800 + 0.079935),0.894567 (0.814500 + 0.080067),0.892745 (0.812700 + 0.080045),0.894567 (0.814500 + 0.080067),0.894567 (0.814500 + 0.080067),0.887359 (0.807300 + 0.080059),0.894567 (0.814500 + 0.080067),0.869177 (0.789300 + 0.079877),0.873774 (0.793800 + 0.079974),0.870207 (0.790200 + 0.080007),0.891041 (0.810900 + 0.080141),0.862808 (0.783000 + 0.079808),0.877364 (0.797400 + 0.079964),0.845405 (0.765900 + 0.079505),0.871945 (0.792000 + 0.079945),0.881755 (0.801900 + 0.079855),0.869958 (0.790200 + 0.079758),0.894567 (0.814500 + 0.080067)
93,0.894577 (0.814500 + 0.080077),0.860000 (0.780300 + 0.079700),0.888218 (0.808200 + 0.080018),0.876622 (0.796500 + 0.080122),0.844959 (0.765000 + 0.079959),0.890009 (0.810000 + 0.080009),0.876421 (0.796500 + 0.079921),0.873119 (0.792900 + 0.080219),0.889118 (0.809100 + 0.080018),0.877323 (0.797400 + 0.079923),0.875683 (0.795600 + 0.080083),0.894567 (0.814500 + 0.080067),0.888218 (0.808200 + 0.080018),0.883651 (0.803700 + 0.079951),0.855009 (0.774900 + 0.080109),0.894567 (0.814500 + 0.080067),0.890132 (0.810000 + 0.080132),0.878362 (0.798300 + 0.080062),0.880976 (0.801000 + 0.079976),0.870089 (0.790200 + 0.079889),0.873583 (0.793800 + 0.079783),0.876485 (0.796500 + 0.079985),0.858195 (0.778500 + 0.079695),0.858440 (0.778500 + 0.079940),0.866595 (0.786600 + 0.079995),0.892745 (0.812700 + 0.080045),0.858635 (0.778500 + 0.080135),0.892754 (0.812700 + 0.080055),0.877344 (0.797400 + 0.079944),0.879211 (0.799200 + 0.080011),0.879272 (0.799200 + 0.080072),0.873828 (0.793800 + 0.080028),0.885479 (0.805500 + 0.079979),0.894567 (0.814500 + 0.080067),0.875768 (0.795600 + 0.080168),0.854858 (0.774900 + 0.079958),0.888218 (0.808200 + 0.080018),0.894567 (0.814500 + 0.080067),0.871116 (0.791100 + 0.080016),0.891041 (0.810900 + 0.080141),0.887359 (0.807300 + 0.080059),0.885528 (0.805500 + 0.080028),0.867479 (0.787500 + 0.079979),0.869071 (0.789300 + 0.079771),0.856726 (0.776700 + 0.080026),0.880119 (0.800100 + 0.080019),0.879170 (0.799200 + 0.079970),0.882838 (0.802800 + 0.080038),0.871681 (0.792000 + 0.079681),0.894567 (0.814500 + 0.080067),0.888218 (0.808200 + 0.080018),0.869351 (0.789300 + 0.080051),0.858410 (0.778500 + 0.079910),0.878426 (0.798300 + 0.080126),0.884556 (0.804600 + 0.079956),0.870040 (0.790200 + 0.079840),0.894567 (0.814500 + 0.080067),0.848494 (0.768600 + 0.079894),0.873826 (0.793800 + 0.080026),0.894567 (0.814500 + 0.080067),0.894567 (0.814500 + 0.080067),0.894555 (0.814500 + 0.080055),0.870986 (0.791100 + 0.079886),0.877422 (0.797400 + 0.080022),0.857486 (0.777600 + 0.079886),0.885565 (0.805500 + 0.080065),0.870962 (0.791100 + 0.079862),0.894567 (0.814500 + 0.080067),0.894567 (0.814500 + 0.080067),0.894567 (0.814500 + 0.080067),0.850428 (0.770400 + 0.080028),0.857563 (0.777600 + 0.079963),0.856629 (0.776700 + 0.079929),0.871665 (0.792000 + 0.079665),0.894567 (0.814500 + 0.080067),0.893645 (0.813600 + 0.080045),0.869406 (0.789300 + 0.080106),0.894567 (0.814500 + 0.080067),0.894567 (0.814500 + 0.080067),0.862065 (0.782100 + 0.079965)
94,0.894577 (0.814500 + 0.080077),0.863914 (0.783900 + 0.080014),0.894567 (0.814500 + 0.080067),0.858734 (0.778500 + 0.080234),0.862051 (0.782100 + 0.079951),0.864671 (0.784800 + 0.079871),0.890009 (0.810000 + 0.080009),0.883776 (0.803700 + 0.080076),0.857477 (0.777600 + 0.079877),0.856733 (0.776700 + 0.080033),0.894567 (0.814500 + 0.080067),0.866080 (0.786600 + 0.079480),0.858452 (0.778500 + 0.079952),0.892754 (0.812700 + 0.080055),0.888218 (0.808200 + 0.080018),0.893680 (0.813600 + 0.080080),0.869381 (0.789300 + 0.080081),0.894567 (0.814500 + 0.080067),0.854498 (0.774900 + 0.079599),0.869077 (0.789300 + 0.079777),0.865547 (0.785700 + 0.079847),0.877422 (0.797400 + 0.080022),0.879272 (0.799200 + 0.080072),0.876620 (0.796500 + 0.080121),0.890009 (0.810000 + 0.080009),0.894567 (0.814500 + 0.080067),0.893645 (0.813600 + 0.080045),0.853878 (0.774000 + 0.079878),0.863771 (0.783900 + 0.079872),0.865815 (0.785700 + 0.080115),0.859114 (0.779400 + 0.079714),0.894567 (0.814500 + 0.080067),0.890009 (0.810000 + 0.080009),0.852380 (0.772200 + 0.080180),0.857281 (0.777600 + 0.079681),0.870350 (0.790200 + 0.080150),0.858260 (0.778500 + 0.079760),0.889210 (0.809100 + 0.080110),0.894567 (0.814500 + 0.080067),0.868428 (0.788400 + 0.080028),0.894577 (0.814500 + 0.080077),0.863991 (0.783900 + 0.080091),0.893680 (0.813600 + 0.080080),0.894567 (0.814500 + 0.080067),0.894567 (0.814500 + 0.080067),0.869435 (0.789300 + 0.080135),0.857328 (0.777600 + 0.079728),0.881914 (0.801900 + 0.080014),0.893692 (0.813600 + 0.080092),0.894567 (0.814500 + 0.080067),0.894567 (0.814500 + 0.080067),0.865736 (0.785700 + 0.080036),0.878448 (0.798300 + 0.080148),0.888218 (0.808200 + 0.080018),0.861120 (0.781200 + 0.079920),0.876656 (0.796500 + 0.080156),0.892745 (0.812700 + 0.080045),0.894567 (0.814500 + 0.080067),0.849531 (0.769500 + 0.080031),0.861125 (0.781200 + 0.079925),0.855127 (0.774900 + 0.080227),0.894567 (0.814500 + 0.080067),0.888218 (0.808200 + 0.080018),0.880037 (0.800100 + 0.079937),0.860949 (0.781200 + 0.079749),0.880976 (0.801000 + 0.079976),0.870040 (0.790200 + 0.079840),0.891928 (0.811800 + 0.080128),0.871102 (0.791100 + 0.080002),0.892745 (0.812700 + 0.080045),0.880119 (0.800100 + 0.080019),0.859919 (0.780300 + 0.079619),0.887336 (0.807300 + 0.080036),0.894567 (0.814500 + 0.080067),0.894567 (0.814500 + 0.080067),0.894567 (0.814500 + 0.080067),0.894555 (0.814500 + 0.080055),0.857666 (0.777600 + 0.080066),0.860348 (0.780300 + 0.080048),0.894567 (0.814500 + 0.080067)
95,0.894577 (0.814500 + 0.080077),0.876620 (0.796500 + 0.080120),0.866698 (0.786600 + 0.080098),0.894567 (0.814500 + 0.080067),0.851280 (0.771300 + 0.079980),0.894577 (0.814500 + 0.080077),0.859919 (0.780300 + 0.079619),0.883776 (0.803700 + 0.080076),0.861942 (0.782100 + 0.079842),0.894567 (0.814500 + 0.080067),0.894567 (0.814500 + 0.080067),0.888248 (0.808200 + 0.080048),0.893637 (0.813600 + 0.080037),0.858213 (0.778500 + 0.079713),0.871975 (0.792000 + 0.079975),0.866551 (0.786600 + 0.079951),0.862156 (0.782100 + 0.080056),0.894567 (0.814500 + 0.080067),0.870234 (0.790200 + 0.080034),0.868242 (0.788400 + 0.079842),0.894555 (0.814500 + 0.080055),0.894567 (0.814500 + 0.080067),0.890009 (0.810000 + 0.080009),0.894567 (0.814500 + 0.080067),0.892745 (0.812700 + 0.080045),0.864754 (0.784800 + 0.079954),0.860283 (0.780300 + 0.079983),0.894577 (0.814500 + 0.080077),0.861473 (0.781200 + 0.080273),0.865538 (0.785700 + 0.079838),0.864816 (0.784800 + 0.080016),0.867960 (0.787500 + 0.080460),0.874711 (0.794700 + 0.080011),0.889210 (0.809100 + 0.080110),0.859398 (0.779400 + 0.079998),0.886411 (0.806400 + 0.080011),0.840713 (0.760500 + 0.080213),0.867521 (0.787500 + 0.080021),0.863732 (0.783900 + 0.079832),0.894567 (0.814500 + 0.080067),0.894567 (0.814500 + 0.080067),0.866391 (0.786600 + 0.079791),0.874712 (0.794700 + 0.080012),0.850540 (0.770400 + 0.080140),0.894567 (0.814500 + 0.080067),0.874596 (0.794700 + 0.079896),0.894567 (0.814500 + 0.080067),0.872848 (0.792900 + 0.079948),0.856959 (0.776700 + 0.080259),0.890042 (0.810000 + 0.080043),0.854919 (0.774900 + 0.080019),0.888229 (0.808200 + 0.080029),0.880145 (0.800100 + 0.080045),0.892745 (0.812700 + 0.080045),0.892754 (0.812700 + 0.080055),0.894567 (0.814500 + 0.080067),0.870141 (0.790200 + 0.079941),0.868223 (0.788400 + 0.079823),0.894567 (0.814500 + 0.080067),0.866620 (0.786600 + 0.080020),0.889161 (0.809100 + 0.080061),0.894567 (0.814500 + 0.080067),0.894567 (0.814500 + 0.080067),0.892745 (0.812700 + 0.080045),0.894567 (0.814500 + 0.080067),0.894577 (0.814500 + 0.080077),0.894567 (0.814500 + 0.080067),0.870365 (0.790200 + 0.080165),0.881888 (0.801900 + 0.079988),0.867351 (0.787500 + 0.079851),0.852919 (0.773100 + 0.079818),0.853059 (0.773100 + 0.079959),0.856714 (0.776700 + 0.080014),0.881952 (0.801900 + 0.080052),0.852232 (0.772200 + 0.080032),0.866589 (0.786600 + 0.079990),0.866993 (0.787500 + 0.079493),0.868889 (0.789300 + 0.079589),0.883027 (0.802800 + 0.080227),0.887373 (0.807300 + 0.080073)
96,0.894577 (0.814500 + 0.080077),0.864806 (0.784800 + 0.080006),0.890038 (0.810000 + 0.080039),0.874714 (0.794700 + 0.080014),0.853200 (0.773100 + 0.080100),0.867376 (0.787500 + 0.079876),0.860276 (0.780300 + 0.079976),0.889137 (0.809100 + 0.080037),0.887328 (0.807300 + 0.080028),0.856291 (0.775800 + 0.080491),0.872910 (0.792900 + 0.080010),0.870776 (0.791100 + 0.079676),0.889210 (0.809100 + 0.080110),0.868392 (0.788400 + 0.079992),0.895509 (0.815400 + 0.080109),0.859234 (0.779400 + 0.079834),0.861018 (0.781200 + 0.079818),0.894567 (0.814500 + 0.080067),0.879251 (0.799200 + 0.080051),0.861834 (0.782100 + 0.079734),0.858212 (0.778500 + 0.079712),0.888218 (0.808200 + 0.080018),0.864770 (0.784800 + 0.079970),0.873735 (0.793800 + 0.079935),0.874140 (0.793800 + 0.080340),0.894577 (0.814500 + 0.080077),0.894567 (0.814500 + 0.080067),0.882834 (0.802800 + 0.080034),0.863981 (0.783900 + 0.080081),0.888241 (0.808200 + 0.080041),0.864654 (0.784800 + 0.079854),0.894567 (0.814500 + 0.080067),0.866577 (0.786600 + 0.079977),0.867468 (0.787500 + 0.079968),0.855461 (0.775800 + 0.079661),0.869102 (0.789300 + 0.079803),0.888218 (0.808200 + 0.080018),0.858341 (0.778500 + 0.079841),0.856071 (0.775800 + 0.080271),0.871148 (0.791100 + 0.080048),0.870193 (0.790200 + 0.079993),0.889167 (0.809100 + 0.080067),0.873965 (0.793800 + 0.080165),0.873799 (0.793800 + 0.079999),0.862655 (0.783000 + 0.079655),0.894567 (0.814500 + 0.080067),0.858568 (0.778500 + 0.080068),0.871211 (0.791100 + 0.080111),0.875544 (0.795600 + 0.079944),0.890132 (0.810000 + 0.080132),0.874798 (0.794700 + 0.080098),0.874777 (0.794700 + 0.080077),0.894577 (0.814500 + 0.080077),0.870195 (0.790200 + 0.079995),0.864483 (0.784800 + 0.079683),0.859979 (0.780300 + 0.079679),0.852918 (0.773100 + 0.079818),0.894567 (0.814500 + 0.080067),0.877426 (0.797400 + 0.080026),0.873859 (0.793800 + 0.080059),0.887330 (0.807300 + 0.080030),0.889137 (0.809100 + 0.080037),0.888218 (0.808200 + 0.080018),0.891921 (0.811800 + 0.080121),0.866117 (0.785700 + 0.080417),0.884742 (0.804600 + 0.080142),0.880938 (0.801000 + 0.079938),0.890969 (0.810900 + 0.080069),0.881975 (0.801900 + 0.080075),0.863052 (0.783000 + 0.080052),0.862235 (0.782100 + 0.080135),0.894577 (0.814500 + 0.080077),0.894567 (0.814500 + 0.080067),0.893692 (0.813600 + 0.080092),0.881952 (0.801900 + 0.080052),0.893692 (0.813600 + 0.080092),0.881952 (0.801900 + 0.080052),0.851596 (0.772200 + 0.079396),0.872975 (0.792900 + 0.080075),0.894567 (0.814500 + 0.080067)
97,0.895509 (0.815400 + 0.080109),0.894577 (0.814500 + 0.080077),0.863586 (0.783900 + 0.079686),0.894567 (0.814500 + 0.080067),0.865800 (0.785700 + 0.080100),0.864759 (0.784800 + 0.079959),0.873921 (0.793800 + 0.080121),0.869457 (0.789300 + 0.080157),0.853810 (0.774000 + 0.079810),0.887383 (0.807300 + 0.080083),0.894567 (0.814500 + 0.080067),0.869072 (0.789300 + 0.079772),0.894567 (0.814500 + 0.080067),0.883650 (0.803700 + 0.079950),0.870891 (0.791100 + 0.079791),0.862120 (0.782100 + 0.080020),0.867769 (0.787500 + 0.080269),0.875881 (0.795600 + 0.080281),0.892745 (0.812700 + 0.080045),0.887327 (0.807300 + 0.080028),0.869915 (0.790200 + 0.079715),0.858565 (0.778500 + 0.080065),0.894571 (0.814500 + 0.080071),0.894577 (0.814500 + 0.080077),0.865546 (0.785700 + 0.079846),0.893692 (0.813600 + 0.080092),0.869509 (0.789300 + 0.080209),0.887291 (0.807300 + 0.079991),0.894567 (0.814500 + 0.080067),0.894566 (0.814500 + 0.080066),0.889169 (0.809100 + 0.080069),0.887373 (0.807300 + 0.080073),0.880145 (0.800100 + 0.080045),0.875653 (0.795600 + 0.080053),0.864002 (0.783900 + 0.080102),0.865517 (0.785700 + 0.079817),0.868548 (0.788400 + 0.080148),0.894567 (0.814500 + 0.080067),0.871148 (0.791100 + 0.080048),0.894567 (0.814500 + 0.080067),0.894577 (0.814500 + 0.080077),0.884742 (0.804600 + 0.080142),0.890132 (0.810000 + 0.080132),0.870124 (0.790200 + 0.079924),0.894567 (0.814500 + 0.080067),0.880993 (0.801000 + 0.079993),0.881070 (0.801000 + 0.080070),0.870179 (0.790200 + 0.079979),0.891890 (0.811800 + 0.080090),0.884742 (0.804600 + 0.080142),0.861193 (0.781200 + 0.079993),0.881975 (0.801900 + 0.080075),0.894577 (0.814500 + 0.080077),0.893692 (0.813600 + 0.080092),0.866399 (0.786600 + 0.079799),0.864632 (0.784800 + 0.079832),0.881025 (0.801000 + 0.080025),0.873871 (0.793800 + 0.080071),0.876328 (0.796500 + 0.079828),0.894567 (0.814500 + 0.080067),0.881994 (0.801900 + 0.080094),0.889144 (0.809100 + 0.080044),0.894602 (0.814500 + 0.080102),0.870164 (0.790200 + 0.079964),0.852726 (0.773100 + 0.079626),0.858421 (0.778500 + 0.079921),0.858866 (0.778500 + 0.080366),0.871922 (0.792000 + 0.079922),0.894577 (0.814500 + 0.080077),0.894577 (0.814500 + 0.080077),0.891011 (0.810900 + 0.080111),0.881952 (0.801900 + 0.080052),0.873965 (0.793800 + 0.080165),0.890132 (0.810000 + 0.080132),0.858212 (0.778500 + 0.079712),0.894567 (0.814500 + 0.080067),0.894567 (0.814500 + 0.080067),0.877400 (0.797400 + 0.080000),0.862990 (0.783000 + 0.079990),0.875592 (0.795600 + 0.079992)
98,0.895509 (0.815400 + 0.080109),0.887358 (0.807300 + 0.080058),0.887397 (0.807300 + 0.080097),0.881070 (0.801000 + 0.080070),0.853917 (0.774000 + 0.079917),0.859252 (0.779400 + 0.079852),0.894577 (0.814500 + 0.080077),0.869333 (0.789300 + 0.080033),0.894566 (0.814500 + 0.080066),0.870136 (0.790200 + 0.079936),0.878363 (0.798300 + 0.080063),0.894571 (0.814500 + 0.080071),0.863383 (0.783900 + 0.079483),0.857515 (0.777600 + 0.079915),0.871010 (0.791100 + 0.079910),0.894602 (0.814500 + 0.080102),0.858468 (0.778500 + 0.079968),0.881302 (0.801000 + 0.080302),0.878345 (0.798300 + 0.080045),0.894567 (0.814500 + 0.080067),0.860183 (0.780300 + 0.079883),0.894577 (0.814500 + 0.080077),0.894567 (0.814500 + 0.080067),0.885561 (0.805500 + 0.080061),0.863220 (0.783000 + 0.080220),0.887305 (0.807300 + 0.080005),0.861877 (0.782100 + 0.079777),0.859266 (0.779400 + 0.079866),0.864889 (0.784800 + 0.080089),0.855690 (0.775800 + 0.079890),0.888322 (0.808200 + 0.080122),0.891011 (0.810900 + 0.080111),0.894567 (0.814500 + 0.080067),0.856856 (0.776700 + 0.080156),0.884742 (0.804600 + 0.080142),0.888218 (0.808200 + 0.080018),0.888241 (0.808200 + 0.080041),0.879318 (0.799200 + 0.080118),0.884808 (0.804600 + 0.080208),0.891890 (0.811800 + 0.080090),0.881975 (0.801900 + 0.080075),0.858487 (0.778500 + 0.079987),0.880139 (0.800100 + 0.080039),0.890132 (0.810000 + 0.080132),0.893692 (0.813600 + 0.080092),0.894602 (0.814500 + 0.080102),0.887383 (0.807300 + 0.080083),0.894577 (0.814500 + 0.080077),0.870979 (0.791100 + 0.079879),0.855349 (0.775800 + 0.079549),0.860591 (0.780300 + 0.080291),0.894567 (0.814500 + 0.080067),0.865971 (0.785700 + 0.080271),0.891011 (0.810900 + 0.080111),0.892745 (0.812700 + 0.080045),0.874658 (0.794700 + 0.079958),0.870933 (0.791100 + 0.079833),0.894567 (0.814500 + 0.080067),0.877400 (0.797400 + 0.080000),0.895509 (0.815400 + 0.080109),0.875704 (0.795600 + 0.080104),0.864641 (0.784800 + 0.079841),0.848462 (0.768600 + 0.079862),0.861107 (0.781200 + 0.079907),0.881952 (0.801900 + 0.080052),0.894567 (0.814500 + 0.080067),0.886493 (0.806400 + 0.080093),0.891042 (0.810900 + 0.080142),0.894567 (0.814500 + 0.080067),0.881975 (0.801900 + 0.080075),0.871827 (0.792000 + 0.079827),0.894602 (0.814500 + 0.080102),0.893692 (0.813600 + 0.080092),0.894567 (0.814500 + 0.080067),0.887397 (0.807300 + 0.080097),0.864074 (0.783900 + 0.080174),0.880784 (0.801000 + 0.079784),0.884748 (0.804600 + 0.080148),0.889989 (0.810000 + 0.079989),0.875654 (0.795600 + 0.080054)
99,0.895509 (0.815400 + 0.080109),0.893692 (0.813600 + 0.080092),0.894577 (0.814500 + 0.080077),0.894566 (0.814500 + 0.080066),0.894602 (0.814500 + 0.080102),0.884748 (0.804600 + 0.080148),0.850468 (0.770400 + 0.080068),0.871937 (0.792000 + 0.079937),0.894577 (0.814500 + 0.080077),0.881975 (0.801900 + 0.080075),0.855073 (0.774900 + 0.080173),0.894573 (0.814500 + 0.080073),0.893696 (0.813600 + 0.080096),0.894567 (0.814500 + 0.080067),0.861976 (0.782100 + 0.079876),0.867413 (0.787500 + 0.079913),0.893696 (0.813600 + 0.080096),0.894567 (0.814500 + 0.080067),0.869520 (0.789300 + 0.080220),0.895509 (0.815400 + 0.080109),0.887305 (0.807300 + 0.080005),0.892745 (0.812700 + 0.080045),0.885561 (0.805500 + 0.080061),0.888222 (0.808200 + 0.080022),0.894573 (0.814500 + 0.080073),0.860476 (0.780300 + 0.080177),0.890132 (0.810000 + 0.080132),0.875654 (0.795600 + 0.080054),0.854876 (0.774900 + 0.079976),0.894567 (0.814500 + 0.080067),0.885652 (0.805500 + 0.080152),0.871938 (0.792000 + 0.079938),0.880784 (0.801000 + 0.079784),0.887397 (0.807300 + 0.080097),0.887305 (0.807300 + 0.080005),0.863918 (0.783900 + 0.080018),0.869471 (0.789300 + 0.080171),0.872767 (0.792900 + 0.079867),0.860214 (0.780300 + 0.079914),0.861143 (0.781200 + 0.079943),0.894567 (0.814500 + 0.080067),0.872905 (0.792900 + 0.080005),0.892792 (0.812700 + 0.080092),0.887397 (0.807300 + 0.080097),0.860844 (0.781200 + 0.079644),0.894567 (0.814500 + 0.080067),0.861937 (0.782100 + 0.079837),0.871100 (0.791100 + 0.080001),0.889167 (0.809100 + 0.080067),0.860268 (0.780300 + 0.079968),0.892747 (0.812700 + 0.080047),0.882231 (0.801900 + 0.080331),0.894573 (0.814500 + 0.080073),0.893692 (0.813600 + 0.080092),0.847616 (0.767700 + 0.079916),0.870074 (0.790200 + 0.079874),0.895509 (0.815400 + 0.080109),0.873951 (0.793800 + 0.080151),0.860591 (0.780300 + 0.080291),0.874764 (0.794700 + 0.080064),0.881104 (0.801000 + 0.080104),0.878416 (0.798300 + 0.080116),0.884748 (0.804600 + 0.080148),0.888241 (0.808200 + 0.080041),0.868270 (0.788400 + 0.079870),0.881993 (0.801900 + 0.080093),0.882917 (0.802800 + 0.080117),0.887383 (0.807300 + 0.080083),0.878089 (0.798300 + 0.079789),0.894567 (0.814500 + 0.080067),0.881302 (0.801000 + 0.080302),0.894577 (0.814500 + 0.080077),0.888322 (0.808200 + 0.080122),0.886489 (0.806400 + 0.080089),0.892749 (0.812700 + 0.080049),0.889989 (0.810000 + 0.079989),0.889989 (0.810000 + 0.079989),0.849413 (0.769500 + 0.079913),0.894602 (0.814500 + 0.080102),0.869120 (0.789300 + 0.079820)
100,0.895509 (0.815400 + 0.080109),0.894577 (0.814500 + 0.080077),0.864107 (0.783900 + 0.080207),0.881993 (0.801900 + 0.080093),0.856549 (0.776700 + 0.079849),0.856631 (0.776700 + 0.079931),0.860315 (0.780300 + 0.080015),0.892792 (0.812700 + 0.080092),0.893696 (0.813600 + 0.080096),0.891061 (0.810900 + 0.080161),0.894567 (0.814500 + 0.080067),0.887305 (0.807300 + 0.080005),0.884748 (0.804600 + 0.080148),0.895509 (0.815400 + 0.080109),0.894567 (0.814500 + 0.080067),0.850163 (0.770400 + 0.079763),0.852860 (0.773100 + 0.079760),0.876308 (0.796500 + 0.079808),0.892785 (0.812700 + 0.080085),0.894573 (0.814500 + 0.080073),0.894567 (0.814500 + 0.080067),0.866675 (0.786600 + 0.080075),0.868987 (0.789300 + 0.079687),0.894573 (0.814500 + 0.080073),0.864817 (0.784800 + 0.080017),0.894602 (0.814500 + 0.080102),0.894573 (0.814500 + 0.080073),0.893692 (0.813600 + 0.080092),0.867756 (0.787500 + 0.080256),0.867483 (0.787500 + 0.079983),0.861982 (0.782100 + 0.079882),0.894567 (0.814500 + 0.080067),0.863970 (0.783900 + 0.080070),0.866349 (0.786600 + 0.079749),0.860914 (0.781200 + 0.079714),0.894567 (0.814500 + 0.080067),0.892747 (0.812700 + 0.080047),0.877337 (0.797400 + 0.079937),0.868614 (0.788400 + 0.080214),0.890132 (0.810000 + 0.080132),0.864483 (0.784800 + 0.079683),0.856892 (0.776700 + 0.080192),0.864259 (0.784800 + 0.079459),0.864747 (0.784800 + 0.079947),0.894571 (0.814500 + 0.080071),0.895469 (0.815400 + 0.080069),0.889191 (0.809100 + 0.080091),0.894567 (0.814500 + 0.080067),0.893692 (0.813600 + 0.080092),0.894577 (0.814500 + 0.080077),0.892747 (0.812700 + 0.080047),0.868378 (0.788400 + 0.079978),0.854200 (0.774000 + 0.080200),0.883076 (0.802800 + 0.080276),0.891923 (0.811800 + 0.080123),0.894567 (0.814500 + 0.080067),0.894567 (0.814500 + 0.080067),0.891046 (0.810900 + 0.080146),0.877681 (0.797400 + 0.080281),0.884628 (0.804600 + 0.080028),0.875640 (0.795600 + 0.080040),0.860104 (0.780300 + 0.079804),0.856712 (0.776700 + 0.080012),0.859163 (0.779400 + 0.079763),0.889164 (0.809100 + 0.080064),0.861171 (0.781200 + 0.079971),0.870218 (0.790200 + 0.080018),0.894567 (0.814500 + 0.080067),0.893692 (0.813600 + 0.080092),0.893696 (0.813600 + 0.080096),0.864639 (0.784800 + 0.079839),0.894638 (0.814500 + 0.080138),0.881302 (0.801000 + 0.080302),0.895509 (0.815400 + 0.080109),0.894573 (0.814500 + 0.080073),0.888222 (0.808200 + 0.080022),0.894677 (0.814500 + 0.080177),0.865918 (0.785700 + 0.080218),0.859114 (0.779400 + 0.079714),0.894577 (0.814500 + 0.080077)
