Generation,Entry1,Entry2,Entry3,Entry4,Entry5,Entry6,Entry7,Entry8,Entry9,Entry10,Entry11,Entry12,Entry13,Entry14,Entry15,Entry16,Entry17,Entry18,Entry19,Entry20,Entry21,Entry22,Entry23,Entry24,Entry25,Entry26,Entry27,Entry28,Entry29,Entry30,Entry31,Entry32,Entry33,Entry34,Entry35,Entry36,Entry37,Entry38,Entry39,Entry40,Entry41,Entry42,Entry43,Entry44,Entry45,Entry46,Entry47,Entry48,Entry49,Entry50,Entry51,Entry52,Entry53,Entry54,Entry55,Entry56,Entry57,Entry58,Entry59,Entry60,Entry61,Entry62,Entry63,Entry64,Entry65,Entry66,Entry67,Entry68,Entry69,Entry70
1,0.811544 (0.729000 + 0.082544),0.816186 (0.733500 + 0.082686),0.817162 (0.735300 + 0.081862),0.823096 (0.741600 + 0.081496),0.799864 (0.717300 + 0.082564),0.812269 (0.729000 + 0.083269),0.828571 (0.745200 + 0.083371),0.813458 (0.730800 + 0.082658),0.823736 (0.740700 + 0.083036),0.808343 (0.726300 + 0.082043),0.816699 (0.734400 + 0.082299),0.815094 (0.732600 + 0.082494),0.821739 (0.740700 + 0.081039),0.824883 (0.742500 + 0.082383),0.812278 (0.729900 + 0.082378),0.814844 (0.732600 + 0.082245),0.807053 (0.724500 + 0.082553),0.812526 (0.729900 + 0.082626),0.810767 (0.729000 + 0.081767),0.820690 (0.738000 + 0.082690),0.823869 (0.741600 + 0.082269),0.808029 (0.725400 + 0.082629),0.811302 (0.729900 + 0.081402),0.816474 (0.734400 + 0.082074),0.829459 (0.747000 + 0.082459),0.826059 (0.743400 + 0.082659),0.833559 (0.750600 + 0.082959),0.815943 (0.734400 + 0.081543),0.809457 (0.728100 + 0.081357),0.806295 (0.723600 + 0.082695),0.806069 (0.723600 + 0.082469),0.810497 (0.729000 + 0.081497),0.811875 (0.729000 + 0.082875),0.804684 (0.722700 + 0.081984),0.818961 (0.736200 + 0.082761),0.823389 (0.740700 + 0.082689),0.817341 (0.735300 + 0.082041),0.828499 (0.747000 + 0.081499),0.822844 (0.739800 + 0.083044),0.815385 (0.732600 + 0.082785),0.816984 (0.734400 + 0.082584),0.807295 (0.725400 + 0.081895),0.815913 (0.733500 + 0.082413),0.824881 (0.742500 + 0.082381),0.832354 (0.750600 + 0.081754),0.819117 (0.736200 + 0.082918),0.802520 (0.720900 + 0.081620),0.826884 (0.743400 + 0.083484),0.817343 (0.735300 + 0.082043),0.808166 (0.725400 + 0.082766),0.815288 (0.732600 + 0.082688),0.810136 (0.729900 + 0.080236),0.821719 (0.739800 + 0.081919),0.812372 (0.730800 + 0.081572),0.802127 (0.720000 + 0.082127),0.807972 (0.726300 + 0.081672),0.808175 (0.724500 + 0.083675),0.804672 (0.722700 + 0.081972),0.818968 (0.736200 + 0.082768),0.806320 (0.724500 + 0.081820),0.825633 (0.743400 + 0.082233),0.818753 (0.736200 + 0.082553),0.801880 (0.720000 + 0.081880),0.813832 (0.732600 + 0.081232),0.818063 (0.735300 + 0.082763),0.824041 (0.740700 + 0.083341),0.822010 (0.740700 + 0.081310),0.805721 (0.724500 + 0.081221),0.817573 (0.735300 + 0.082273),0.810098 (0.729000 + 0.081098)
2,0.811544 (0.729000 + 0.082544),0.816186 (0.733500 + 0.082686),0.817162 (0.735300 + 0.081862),0.823096 (0.741600 + 0.081496),0.799864 (0.717300 + 0.082564),0.812269 (0.729000 + 0.083269),0.828571 (0.745200 + 0.083371),0.813458 (0.730800 + 0.082658),0.823736 (0.740700 + 0.083036),0.808343 (0.726300 + 0.082043),0.816699 (0.734400 + 0.082299),0.815094 (0.732600 + 0.082494),0.821739 (0.740700 + 0.081039),0.824883 (0.742500 + 0.082383),0.812278 (0.729900 + 0.082378),0.814844 (0.732600 + 0.082245),0.807053 (0.724500 + 0.082553),0.812526 (0.729900 + 0.082626),0.810767 (0.729000 + 0.081767),0.820690 (0.738000 + 0.082690),0.823869 (0.741600 + 0.082269),0.808029 (0.725400 + 0.082629),0.811302 (0.729900 + 0.081402),0.816474 (0.734400 + 0.082074),0.829459 (0.747000 + 0.082459),0.826059 (0.743400 + 0.082659),0.833559 (0.750600 + 0.082959),0.815943 (0.734400 + 0.081543),0.809457 (0.728100 + 0.081357),0.806295 (0.723600 + 0.082695),0.806069 (0.723600 + 0.082469),0.810497 (0.729000 + 0.081497),0.811875 (0.729000 + 0.082875),0.804684 (0.722700 + 0.081984),0.818961 (0.736200 + 0.082761),0.823389 (0.740700 + 0.082689),0.817341 (0.735300 + 0.082041),0.828499 (0.747000 + 0.081499),0.822844 (0.739800 + 0.083044),0.815385 (0.732600 + 0.082785),0.816984 (0.734400 + 0.082584),0.807295 (0.725400 + 0.081895),0.815913 (0.733500 + 0.082413),0.824881 (0.742500 + 0.082381),0.832354 (0.750600 + 0.081754),0.819117 (0.736200 + 0.082918),0.802520 (0.720900 + 0.081620),0.826884 (0.743400 + 0.083484),0.817343 (0.735300 + 0.082043),0.808166 (0.725400 + 0.082766),0.815288 (0.732600 + 0.082688),0.810136 (0.729900 + 0.080236),0.821719 (0.739800 + 0.081919),0.812372 (0.730800 + 0.081572),0.802127 (0.720000 + 0.082127),0.807972 (0.726300 + 0.081672),0.808175 (0.724500 + 0.083675),0.804672 (0.722700 + 0.081972),0.818968 (0.736200 + 0.082768),0.806320 (0.724500 + 0.081820),0.825633 (0.743400 + 0.082233),0.818753 (0.736200 + 0.082553),0.801880 (0.720000 + 0.081880),0.813832 (0.732600 + 0.081232),0.818063 (0.735300 + 0.082763),0.824041 (0.740700 + 0.083341),0.822010 (0.740700 + 0.081310),0.805721 (0.724500 + 0.081221),0.817573 (0.735300 + 0.082273),0.810098 (0.729000 + 0.081098)
3,0.833559 (0.750600 + 0.082959),0.824881 (0.742500 + 0.082381),0.816551 (0.734400 + 0.082151),0.824883 (0.742500 + 0.082383),0.816984 (0.734400 + 0.082584),0.822140 (0.740700 + 0.081440),0.820352 (0.737100 + 0.083252),0.809721 (0.727200 + 0.082521),0.823818 (0.741600 + 0.082218),0.829162 (0.747000 + 0.082162),0.815476 (0.733500 + 0.081976),0.830579 (0.749700 + 0.080879),0.827382 (0.745200 + 0.082182),0.821171 (0.738900 + 0.082272),0.814985 (0.732600 + 0.082385),0.821890 (0.739800 + 0.082090),0.816795 (0.735300 + 0.081495),0.828390 (0.746100 + 0.082290),0.824272 (0.741600 + 0.082672),0.820650 (0.738900 + 0.081750),0.829041 (0.747000 + 0.082041),0.827848 (0.746100 + 0.081748),0.817401 (0.734400 + 0.083001),0.814123 (0.731700 + 0.082423),0.808672 (0.726300 + 0.082372),0.812884 (0.729900 + 0.082984),0.803115 (0.720900 + 0.082215),0.824883 (0.742500 + 0.082383),0.811129 (0.729900 + 0.081229),0.824106 (0.741600 + 0.082506),0.825752 (0.744300 + 0.081452),0.816402 (0.733500 + 0.082902),0.804194 (0.721800 + 0.082394),0.801943 (0.720000 + 0.081943),0.815463 (0.733500 + 0.081963),0.821902 (0.739800 + 0.082102),0.825242 (0.744300 + 0.080942),0.820504 (0.737100 + 0.083404),0.825503 (0.742500 + 0.083004),0.841094 (0.758700 + 0.082394),0.821692 (0.739800 + 0.081892),0.821523 (0.739800 + 0.081723),0.808293 (0.726300 + 0.081993),0.822943 (0.741600 + 0.081343),0.817757 (0.736200 + 0.081557),0.810837 (0.728100 + 0.082737),0.810479 (0.728100 + 0.082379),0.832354 (0.750600 + 0.081754),0.819053 (0.737100 + 0.081953),0.821434 (0.739800 + 0.081634),0.818569 (0.736200 + 0.082369),0.819886 (0.738900 + 0.080986),0.806915 (0.724500 + 0.082415),0.818747 (0.737100 + 0.081647),0.822929 (0.740700 + 0.082229),0.802052 (0.719100 + 0.082952),0.819246 (0.737100 + 0.082146),0.815067 (0.732600 + 0.082467),0.831687 (0.748800 + 0.082887),0.808590 (0.726300 + 0.082290),0.806373 (0.724500 + 0.081873),0.824408 (0.741600 + 0.082808),0.810540 (0.728100 + 0.082440),0.808561 (0.726300 + 0.082261),0.812990 (0.730800 + 0.082190),0.812119 (0.729900 + 0.082219),0.821017 (0.738000 + 0.083017),0.813087 (0.731700 + 0.081387),0.830530 (0.748800 + 0.081730),0.818226 (0.735300 + 0.082926)
4,0.841094 (0.758700 + 0.082394),0.824038 (0.742500 + 0.081538),0.833693 (0.751500 + 0.082193),0.821582 (0.739800 + 0.081782),0.811046 (0.729000 + 0.082046),0.822521 (0.741600 + 0.080921),0.821223 (0.738900 + 0.082323),0.822550 (0.740700 + 0.081850),0.829227 (0.747000 + 0.082227),0.831078 (0.749700 + 0.081378),0.833215 (0.750600 + 0.082615),0.827649 (0.745200 + 0.082449),0.827330 (0.745200 + 0.082130),0.822621 (0.739800 + 0.082821),0.835248 (0.753300 + 0.081948),0.816259 (0.733500 + 0.082759),0.817167 (0.735300 + 0.081867),0.827345 (0.745200 + 0.082145),0.801196 (0.719100 + 0.082096),0.815361 (0.733500 + 0.081861),0.825815 (0.742500 + 0.083315),0.816107 (0.734400 + 0.081707),0.844707 (0.762300 + 0.082407),0.817856 (0.735300 + 0.082556),0.827117 (0.745200 + 0.081917),0.819898 (0.738000 + 0.081898),0.818486 (0.736200 + 0.082286),0.821168 (0.738900 + 0.082269),0.806668 (0.724500 + 0.082168),0.825577 (0.743400 + 0.082177),0.821692 (0.739800 + 0.081892),0.823213 (0.740700 + 0.082513),0.822798 (0.740700 + 0.082098),0.825094 (0.742500 + 0.082594),0.817389 (0.734400 + 0.082989),0.831124 (0.748800 + 0.082324),0.808983 (0.728100 + 0.080883),0.816506 (0.735300 + 0.081206),0.828465 (0.747000 + 0.081465),0.802428 (0.720000 + 0.082428),0.813962 (0.731700 + 0.082262),0.826383 (0.744300 + 0.082083),0.820484 (0.738900 + 0.081584),0.823673 (0.740700 + 0.082973),0.820758 (0.739800 + 0.080958),0.825476 (0.744300 + 0.081176),0.824158 (0.741600 + 0.082558),0.828390 (0.746100 + 0.082290),0.816144 (0.734400 + 0.081744),0.823993 (0.742500 + 0.081493),0.810218 (0.728100 + 0.082118),0.818429 (0.736200 + 0.082229),0.816994 (0.736200 + 0.080794),0.825250 (0.743400 + 0.081850),0.818244 (0.736200 + 0.082044),0.822227 (0.741600 + 0.080627),0.812884 (0.729900 + 0.082984),0.825922 (0.744300 + 0.081622),0.824573 (0.741600 + 0.082973),0.818294 (0.735300 + 0.082994),0.822930 (0.740700 + 0.082230),0.812442 (0.730800 + 0.081642),0.833636 (0.750600 + 0.083036),0.824272 (0.741600 + 0.082672),0.812990 (0.730800 + 0.082190),0.835258 (0.753300 + 0.081958),0.833139 (0.750600 + 0.082539),0.825410 (0.742500 + 0.082910),0.823808 (0.740700 + 0.083108),0.827255 (0.745200 + 0.082055)
5,0.844707 (0.762300 + 0.082407),0.833215 (0.750600 + 0.082615),0.823213 (0.740700 + 0.082513),0.818674 (0.738000 + 0.080674),0.823782 (0.740700 + 0.083082),0.823847 (0.741600 + 0.082247),0.816814 (0.735300 + 0.081515),0.825399 (0.743400 + 0.081999),0.821185 (0.738900 + 0.082286),0.823228 (0.741600 + 0.081628),0.816445 (0.733500 + 0.082945),0.826829 (0.745200 + 0.081629),0.820315 (0.738000 + 0.082315),0.825250 (0.743400 + 0.081850),0.821168 (0.738900 + 0.082269),0.823868 (0.741600 + 0.082268),0.805217 (0.724500 + 0.080717),0.834869 (0.752400 + 0.082469),0.824032 (0.741600 + 0.082433),0.813986 (0.731700 + 0.082286),0.823742 (0.741600 + 0.082142),0.823486 (0.741600 + 0.081886),0.833069 (0.750600 + 0.082469),0.824514 (0.742500 + 0.082014),0.820748 (0.738900 + 0.081848),0.820114 (0.738000 + 0.082114),0.821869 (0.739800 + 0.082070),0.826873 (0.744300 + 0.082573),0.828234 (0.746100 + 0.082134),0.824954 (0.742500 + 0.082454),0.812319 (0.730800 + 0.081519),0.824656 (0.743400 + 0.081256),0.825179 (0.742500 + 0.082679),0.827330 (0.745200 + 0.082130),0.817382 (0.735300 + 0.082082),0.823673 (0.740700 + 0.082973),0.821692 (0.739800 + 0.081892),0.834478 (0.752400 + 0.082078),0.824539 (0.742500 + 0.082039),0.837254 (0.755100 + 0.082154),0.830361 (0.747900 + 0.082462),0.833422 (0.751500 + 0.081922),0.813585 (0.730800 + 0.082785),0.826407 (0.745200 + 0.081207),0.825199 (0.742500 + 0.082699),0.826708 (0.744300 + 0.082408),0.831295 (0.748800 + 0.082495),0.814659 (0.731700 + 0.082959),0.823332 (0.741600 + 0.081732),0.820707 (0.738000 + 0.082707),0.816653 (0.734400 + 0.082253),0.826419 (0.745200 + 0.081219),0.819730 (0.737100 + 0.082630),0.814199 (0.731700 + 0.082499),0.816778 (0.735300 + 0.081478),0.833693 (0.751500 + 0.082193),0.824517 (0.742500 + 0.082017),0.827254 (0.744300 + 0.082954),0.830796 (0.748800 + 0.081996),0.824480 (0.742500 + 0.081980),0.821145 (0.738900 + 0.082245),0.814911 (0.733500 + 0.081411),0.829615 (0.747900 + 0.081715),0.826665 (0.746100 + 0.080565),0.817304 (0.735300 + 0.082005),0.818169 (0.737100 + 0.081069),0.817619 (0.737100 + 0.080519),0.829283 (0.747900 + 0.081383),0.821383 (0.738900 + 0.082483),0.832741 (0.750600 + 0.082141)
6,0.844707 (0.762300 + 0.082407),0.824517 (0.742500 + 0.082017),0.830434 (0.748800 + 0.081634),0.823749 (0.741600 + 0.082149),0.820280 (0.738000 + 0.082280),0.819506 (0.738000 + 0.081506),0.833041 (0.750600 + 0.082441),0.813345 (0.732600 + 0.080745),0.823217 (0.741600 + 0.081617),0.825179 (0.742500 + 0.082679),0.823847 (0.741600 + 0.082247),0.818753 (0.737100 + 0.081653),0.830909 (0.748800 + 0.082109),0.821238 (0.739800 + 0.081438),0.830014 (0.747900 + 0.082114),0.824943 (0.743400 + 0.081543),0.819804 (0.738000 + 0.081804),0.824687 (0.742500 + 0.082187),0.828111 (0.745200 + 0.082911),0.831295 (0.748800 + 0.082495),0.821869 (0.739800 + 0.082070),0.823181 (0.740700 + 0.082481),0.820738 (0.738000 + 0.082738),0.826835 (0.745200 + 0.081635),0.847117 (0.765000 + 0.082117),0.832486 (0.750600 + 0.081886),0.824000 (0.741600 + 0.082400),0.825118 (0.742500 + 0.082618),0.833055 (0.750600 + 0.082455),0.813179 (0.730800 + 0.082380),0.815116 (0.732600 + 0.082516),0.826071 (0.744300 + 0.081771),0.811993 (0.729900 + 0.082093),0.812809 (0.730800 + 0.082009),0.830007 (0.747900 + 0.082108),0.819587 (0.738000 + 0.081587),0.825658 (0.744300 + 0.081358),0.819664 (0.738900 + 0.080764),0.827077 (0.744300 + 0.082777),0.828060 (0.746100 + 0.081960),0.817567 (0.734400 + 0.083167),0.828836 (0.747000 + 0.081836),0.824656 (0.743400 + 0.081256),0.810900 (0.729000 + 0.081900),0.823847 (0.741600 + 0.082247),0.814437 (0.732600 + 0.081837),0.843529 (0.761400 + 0.082129),0.821159 (0.738900 + 0.082259),0.819027 (0.736200 + 0.082827),0.819242 (0.737100 + 0.082142),0.807027 (0.725400 + 0.081627),0.829295 (0.747900 + 0.081395),0.814409 (0.732600 + 0.081809),0.830796 (0.748800 + 0.081996),0.826708 (0.744300 + 0.082408),0.822452 (0.739800 + 0.082652),0.829897 (0.747900 + 0.081997),0.827345 (0.745200 + 0.082145),0.813473 (0.731700 + 0.081773),0.810206 (0.729000 + 0.081206),0.823604 (0.741600 + 0.082004),0.810509 (0.729000 + 0.081509),0.824075 (0.741600 + 0.082475),0.838591 (0.756000 + 0.082591),0.822822 (0.740700 + 0.082122),0.817168 (0.735300 + 0.081868),0.815325 (0.732600 + 0.082725),0.808569 (0.726300 + 0.082269),0.816121 (0.733500 + 0.082621),0.824379 (0.743400 + 0.080979)
7,0.847117 (0.765000 + 0.082117),0.830193 (0.748800 + 0.081393),0.820744 (0.739800 + 0.080944),0.818235 (0.735300 + 0.082935),0.841606 (0.759600 + 0.082007),0.829828 (0.747900 + 0.081928),0.830813 (0.748800 + 0.082013),0.830374 (0.748800 + 0.081574),0.820379 (0.738000 + 0.082379),0.823245 (0.740700 + 0.082545),0.824306 (0.741600 + 0.082706),0.825645 (0.743400 + 0.082245),0.838125 (0.756900 + 0.081225),0.830888 (0.747900 + 0.082988),0.819323 (0.738000 + 0.081323),0.814424 (0.732600 + 0.081824),0.818784 (0.737100 + 0.081684),0.830554 (0.748800 + 0.081754),0.840587 (0.757800 + 0.082787),0.822822 (0.740700 + 0.082122),0.821159 (0.738900 + 0.082259),0.818105 (0.736200 + 0.081905),0.828199 (0.746100 + 0.082099),0.830966 (0.748800 + 0.082166),0.830689 (0.749700 + 0.080989),0.807684 (0.726300 + 0.081384),0.826574 (0.744300 + 0.082274),0.834821 (0.752400 + 0.082421),0.827942 (0.745200 + 0.082742),0.832651 (0.750600 + 0.082051),0.822755 (0.740700 + 0.082055),0.821257 (0.738900 + 0.082358),0.827113 (0.745200 + 0.081913),0.827920 (0.746100 + 0.081820),0.814878 (0.733500 + 0.081378),0.822321 (0.739800 + 0.082521),0.823072 (0.740700 + 0.082372),0.821694 (0.739800 + 0.081894),0.823198 (0.740700 + 0.082499),0.837130 (0.755100 + 0.082030),0.823866 (0.741600 + 0.082266),0.826835 (0.745200 + 0.081635),0.822077 (0.740700 + 0.081377),0.821729 (0.739800 + 0.081930),0.832490 (0.749700 + 0.082790),0.813317 (0.731700 + 0.081617),0.812543 (0.729900 + 0.082643),0.837509 (0.756000 + 0.081509),0.837296 (0.756000 + 0.081296),0.828793 (0.746100 + 0.082693),0.815901 (0.734400 + 0.081501),0.836609 (0.754200 + 0.082409),0.830843 (0.747900 + 0.082943),0.821593 (0.739800 + 0.081793),0.833743 (0.751500 + 0.082243),0.832888 (0.750600 + 0.082288),0.833046 (0.750600 + 0.082446),0.822578 (0.741600 + 0.080978),0.827797 (0.746100 + 0.081697),0.821824 (0.739800 + 0.082024),0.827630 (0.746100 + 0.081530),0.807768 (0.726300 + 0.081468),0.825879 (0.743400 + 0.082479),0.824584 (0.742500 + 0.082085),0.824953 (0.742500 + 0.082453),0.828909 (0.747000 + 0.081909),0.823917 (0.742500 + 0.081417),0.812638 (0.730800 + 0.081838),0.832119 (0.749700 + 0.082419),0.821570 (0.739800 + 0.081770)
8,0.847117 (0.765000 + 0.082117),0.843134 (0.760500 + 0.082634),0.835334 (0.753300 + 0.082034),0.815434 (0.733500 + 0.081934),0.832185 (0.750600 + 0.081585),0.823906 (0.742500 + 0.081406),0.822978 (0.741600 + 0.081378),0.827864 (0.746100 + 0.081764),0.820801 (0.738900 + 0.081901),0.822880 (0.741600 + 0.081280),0.821663 (0.738900 + 0.082763),0.832490 (0.749700 + 0.082790),0.826329 (0.745200 + 0.081129),0.813517 (0.731700 + 0.081817),0.843692 (0.762300 + 0.081392),0.818317 (0.737100 + 0.081217),0.831476 (0.748800 + 0.082676),0.841606 (0.759600 + 0.082007),0.828909 (0.747000 + 0.081909),0.826036 (0.743400 + 0.082636),0.847045 (0.764100 + 0.082945),0.831152 (0.749700 + 0.081452),0.828342 (0.746100 + 0.082242),0.829809 (0.747900 + 0.081909),0.813949 (0.731700 + 0.082249),0.828791 (0.746100 + 0.082691),0.823728 (0.742500 + 0.081228),0.828130 (0.747000 + 0.081130),0.838125 (0.756900 + 0.081225),0.821862 (0.740700 + 0.081162),0.828555 (0.747000 + 0.081555),0.823199 (0.740700 + 0.082499),0.832391 (0.749700 + 0.082691),0.821062 (0.739800 + 0.081262),0.830288 (0.748800 + 0.081488),0.833560 (0.751500 + 0.082060),0.838631 (0.756000 + 0.082631),0.829925 (0.747900 + 0.082025),0.840624 (0.758700 + 0.081924),0.818073 (0.735300 + 0.082773),0.823652 (0.741600 + 0.082052),0.827073 (0.745200 + 0.081873),0.839392 (0.756900 + 0.082492),0.819878 (0.738000 + 0.081878),0.825108 (0.743400 + 0.081708),0.821799 (0.739800 + 0.081999),0.814362 (0.732600 + 0.081762),0.832490 (0.749700 + 0.082790),0.819323 (0.738000 + 0.081323),0.818303 (0.736200 + 0.082103),0.814626 (0.732600 + 0.082026),0.831230 (0.749700 + 0.081530),0.831618 (0.749700 + 0.081918),0.829343 (0.747000 + 0.082343),0.831508 (0.749700 + 0.081808),0.825818 (0.744300 + 0.081518),0.832888 (0.750600 + 0.082288),0.825203 (0.743400 + 0.081803),0.842651 (0.759600 + 0.083051),0.835703 (0.754200 + 0.081503),0.832119 (0.749700 + 0.082419),0.833503 (0.751500 + 0.082003),0.830195 (0.748800 + 0.081395),0.823279 (0.741600 + 0.081679),0.822095 (0.739800 + 0.082295),0.826713 (0.744300 + 0.082413),0.821463 (0.739800 + 0.081663),0.826448 (0.744300 + 0.082148),0.834547 (0.752400 + 0.082147),0.832006 (0.750600 + 0.081406)
9,0.847117 (0.765000 + 0.082117),0.832253 (0.749700 + 0.082553),0.820187 (0.738900 + 0.081287),0.833760 (0.752400 + 0.081360),0.816044 (0.734400 + 0.081644),0.835334 (0.753300 + 0.082034),0.826036 (0.743400 + 0.082636),0.832924 (0.751500 + 0.081424),0.833722 (0.750600 + 0.083122),0.823603 (0.742500 + 0.081104),0.830288 (0.748800 + 0.081488),0.833306 (0.750600 + 0.082707),0.841606 (0.759600 + 0.082007),0.837881 (0.755100 + 0.082781),0.823194 (0.740700 + 0.082494),0.846074 (0.763200 + 0.082874),0.830211 (0.747900 + 0.082311),0.829616 (0.747000 + 0.082616),0.818931 (0.737100 + 0.081831),0.829837 (0.749700 + 0.080137),0.833972 (0.751500 + 0.082472),0.840899 (0.758700 + 0.082199),0.843258 (0.761400 + 0.081858),0.828953 (0.747000 + 0.081953),0.821070 (0.738900 + 0.082170),0.826390 (0.745200 + 0.081190),0.836706 (0.753300 + 0.083406),0.829840 (0.747900 + 0.081940),0.810825 (0.729900 + 0.080925),0.837202 (0.754200 + 0.083002),0.827088 (0.745200 + 0.081888),0.829292 (0.748800 + 0.080492),0.815182 (0.732600 + 0.082582),0.819181 (0.738000 + 0.081181),0.833896 (0.753300 + 0.080596),0.833560 (0.751500 + 0.082060),0.831508 (0.749700 + 0.081808),0.823524 (0.740700 + 0.082824),0.822773 (0.740700 + 0.082073),0.840251 (0.758700 + 0.081551),0.824650 (0.743400 + 0.081251),0.834069 (0.752400 + 0.081669),0.836080 (0.753300 + 0.082780),0.843134 (0.760500 + 0.082634),0.828172 (0.746100 + 0.082072),0.825232 (0.742500 + 0.082732),0.817660 (0.736200 + 0.081460),0.829447 (0.747000 + 0.082447),0.825251 (0.744300 + 0.080951),0.825930 (0.744300 + 0.081630),0.832197 (0.750600 + 0.081597),0.826812 (0.745200 + 0.081612),0.818382 (0.737100 + 0.081282),0.819478 (0.738000 + 0.081478),0.832090 (0.749700 + 0.082390),0.836629 (0.755100 + 0.081529),0.838514 (0.756900 + 0.081614),0.843782 (0.761400 + 0.082382),0.841326 (0.759600 + 0.081726),0.835072 (0.752400 + 0.082672),0.831417 (0.749700 + 0.081717),0.820183 (0.738900 + 0.081283),0.832620 (0.750600 + 0.082020),0.824051 (0.741600 + 0.082451),0.840051 (0.757800 + 0.082251),0.831077 (0.748800 + 0.082277),0.821635 (0.740700 + 0.080935),0.828348 (0.746100 + 0.082248),0.831102 (0.748800 + 0.082302),0.817335 (0.735300 + 0.082035)
10,0.847117 (0.765000 + 0.082117),0.836989 (0.755100 + 0.081889),0.830624 (0.748800 + 0.081824),0.835738 (0.754200 + 0.081538),0.839626 (0.756900 + 0.082726),0.847117 (0.765000 + 0.082117),0.836629 (0.755100 + 0.081529),0.837548 (0.756000 + 0.081548),0.833835 (0.752400 + 0.081435),0.837051 (0.755100 + 0.081951),0.820879 (0.738000 + 0.082879),0.833306 (0.750600 + 0.082707),0.823194 (0.740700 + 0.082494),0.843757 (0.761400 + 0.082357),0.832253 (0.749700 + 0.082553),0.839084 (0.756000 + 0.083084),0.829714 (0.748800 + 0.080914),0.828275 (0.746100 + 0.082175),0.851081 (0.768600 + 0.082481),0.829676 (0.747900 + 0.081776),0.832285 (0.748800 + 0.083485),0.822112 (0.739800 + 0.082312),0.834521 (0.752400 + 0.082121),0.832253 (0.749700 + 0.082553),0.837202 (0.754200 + 0.083002),0.838886 (0.756900 + 0.081986),0.836022 (0.753300 + 0.082722),0.827891 (0.747000 + 0.080891),0.838366 (0.756000 + 0.082366),0.818075 (0.736200 + 0.081875),0.839680 (0.756000 + 0.083680),0.823279 (0.741600 + 0.081679),0.832954 (0.751500 + 0.081454),0.830563 (0.747900 + 0.082663),0.830531 (0.747900 + 0.082631),0.832079 (0.749700 + 0.082379),0.840144 (0.757800 + 0.082344),0.847294 (0.765900 + 0.081394),0.837667 (0.756000 + 0.081667),0.825055 (0.742500 + 0.082555),0.840182 (0.758700 + 0.081482),0.850286 (0.767700 + 0.082586),0.826971 (0.745200 + 0.081771),0.835334 (0.753300 + 0.082034),0.835334 (0.753300 + 0.082034),0.832408 (0.749700 + 0.082708),0.836552 (0.755100 + 0.081452),0.825149 (0.743400 + 0.081749),0.831240 (0.749700 + 0.081540),0.828380 (0.746100 + 0.082280),0.831952 (0.750600 + 0.081352),0.820714 (0.738000 + 0.082714),0.839226 (0.756900 + 0.082326),0.836313 (0.754200 + 0.082113),0.816013 (0.734400 + 0.081613),0.833226 (0.750600 + 0.082626),0.828872 (0.747900 + 0.080972),0.830441 (0.748800 + 0.081641),0.822613 (0.741600 + 0.081013),0.845171 (0.763200 + 0.081971),0.827656 (0.745200 + 0.082456),0.826370 (0.743400 + 0.082970),0.843717 (0.761400 + 0.082317),0.842004 (0.759600 + 0.082404),0.829077 (0.747000 + 0.082077),0.841808 (0.758700 + 0.083108),0.836233 (0.755100 + 0.081133),0.835334 (0.753300 + 0.082034),0.833972 (0.751500 + 0.082472),0.825204 (0.744300 + 0.080904)
11,0.851081 (0.768600 + 0.082481),0.816726 (0.735300 + 0.081426),0.821614 (0.738900 + 0.082714),0.827666 (0.745200 + 0.082466),0.831593 (0.749700 + 0.081893),0.834464 (0.753300 + 0.081164),0.836891 (0.754200 + 0.082691),0.835913 (0.753300 + 0.082613),0.822651 (0.740700 + 0.081951),0.836629 (0.755100 + 0.081529),0.837553 (0.754200 + 0.083353),0.828009 (0.746100 + 0.081909),0.827637 (0.746100 + 0.081537),0.836629 (0.755100 + 0.081529),0.828275 (0.746100 + 0.082175),0.835696 (0.753300 + 0.082396),0.819117 (0.737100 + 0.082017),0.829543 (0.747900 + 0.081643),0.837999 (0.756000 + 0.081999),0.842925 (0.760500 + 0.082425),0.824878 (0.742500 + 0.082378),0.837375 (0.754200 + 0.083175),0.826950 (0.745200 + 0.081750),0.844218 (0.761400 + 0.082818),0.836585 (0.755100 + 0.081485),0.835722 (0.753300 + 0.082422),0.836954 (0.755100 + 0.081854),0.839258 (0.756900 + 0.082358),0.829857 (0.747900 + 0.081957),0.819132 (0.738000 + 0.081132),0.822259 (0.739800 + 0.082459),0.843833 (0.761400 + 0.082433),0.828056 (0.746100 + 0.081956),0.832221 (0.749700 + 0.082521),0.835738 (0.754200 + 0.081538),0.834971 (0.753300 + 0.081671),0.831174 (0.748800 + 0.082374),0.822451 (0.739800 + 0.082651),0.828981 (0.747000 + 0.081981),0.837202 (0.754200 + 0.083002),0.827908 (0.745200 + 0.082708),0.839084 (0.756000 + 0.083084),0.829425 (0.747000 + 0.082425),0.832142 (0.749700 + 0.082442),0.842723 (0.760500 + 0.082223),0.818121 (0.736200 + 0.081921),0.824916 (0.742500 + 0.082416),0.839840 (0.757800 + 0.082040),0.835155 (0.753300 + 0.081855),0.826678 (0.744300 + 0.082378),0.840080 (0.758700 + 0.081380),0.830058 (0.748800 + 0.081258),0.818246 (0.737100 + 0.081146),0.817543 (0.735300 + 0.082243),0.831783 (0.749700 + 0.082083),0.846695 (0.763200 + 0.083495),0.829184 (0.747000 + 0.082184),0.843717 (0.761400 + 0.082317),0.837548 (0.756000 + 0.081548),0.838551 (0.756000 + 0.082551),0.830559 (0.747900 + 0.082659),0.841758 (0.759600 + 0.082158),0.837487 (0.756000 + 0.081487),0.828011 (0.746100 + 0.081911),0.844683 (0.762300 + 0.082383),0.828280 (0.747000 + 0.081280),0.831992 (0.749700 + 0.082292),0.834687 (0.751500 + 0.083187),0.834924 (0.752400 + 0.082524),0.843690 (0.761400 + 0.082290)
12,0.851081 (0.768600 + 0.082481),0.834118 (0.751500 + 0.082618),0.831071 (0.748800 + 0.082271),0.838058 (0.755100 + 0.082958),0.832470 (0.750600 + 0.081870),0.822220 (0.738900 + 0.083320),0.841304 (0.758700 + 0.082604),0.829110 (0.747000 + 0.082110),0.831471 (0.749700 + 0.081771),0.833135 (0.750600 + 0.082535),0.828313 (0.747000 + 0.081313),0.837856 (0.756000 + 0.081856),0.818029 (0.736200 + 0.081829),0.839454 (0.757800 + 0.081654),0.840757 (0.757800 + 0.082957),0.819967 (0.737100 + 0.082867),0.830266 (0.748800 + 0.081466),0.832001 (0.748800 + 0.083201),0.831231 (0.749700 + 0.081531),0.839084 (0.756000 + 0.083084),0.836954 (0.755100 + 0.081854),0.829552 (0.747000 + 0.082552),0.838861 (0.756900 + 0.081961),0.832810 (0.750600 + 0.082210),0.831403 (0.749700 + 0.081703),0.831247 (0.748800 + 0.082447),0.831222 (0.749700 + 0.081522),0.836644 (0.755100 + 0.081544),0.837409 (0.756000 + 0.081409),0.837422 (0.755100 + 0.082322),0.815422 (0.732600 + 0.082822),0.845171 (0.763200 + 0.081971),0.836634 (0.755100 + 0.081534),0.827322 (0.745200 + 0.082122),0.835933 (0.754200 + 0.081733),0.814322 (0.733500 + 0.080822),0.839628 (0.757800 + 0.081828),0.839840 (0.757800 + 0.082040),0.831040 (0.749700 + 0.081340),0.840968 (0.758700 + 0.082268),0.834971 (0.753300 + 0.081671),0.833415 (0.751500 + 0.081915),0.837999 (0.756000 + 0.081999),0.832430 (0.749700 + 0.082730),0.840929 (0.758700 + 0.082229),0.835672 (0.752400 + 0.083272),0.820231 (0.738000 + 0.082231),0.846165 (0.763200 + 0.082965),0.834528 (0.751500 + 0.083028),0.845601 (0.763200 + 0.082401),0.838139 (0.756000 + 0.082139),0.831405 (0.748800 + 0.082605),0.839483 (0.757800 + 0.081683),0.834032 (0.750600 + 0.083432),0.830719 (0.748800 + 0.081919),0.832090 (0.749700 + 0.082390),0.831055 (0.748800 + 0.082255),0.826368 (0.744300 + 0.082068),0.830452 (0.748800 + 0.081652),0.829083 (0.747000 + 0.082083),0.845903 (0.764100 + 0.081803),0.838522 (0.756900 + 0.081622),0.827977 (0.746100 + 0.081877),0.834122 (0.752400 + 0.081722),0.829938 (0.748800 + 0.081138),0.818649 (0.736200 + 0.082449),0.849198 (0.766800 + 0.082398),0.841554 (0.758700 + 0.082854),0.818614 (0.737100 + 0.081514),0.828897 (0.747000 + 0.081897)
13,0.851081 (0.768600 + 0.082481),0.839476 (0.757800 + 0.081676),0.829577 (0.747900 + 0.081677),0.842583 (0.759600 + 0.082983),0.839628 (0.757800 + 0.081828),0.837834 (0.756000 + 0.081834),0.837989 (0.756000 + 0.081989),0.838830 (0.756900 + 0.081930),0.837841 (0.756000 + 0.081841),0.833293 (0.750600 + 0.082693),0.839635 (0.756900 + 0.082735),0.817985 (0.736200 + 0.081785),0.841054 (0.758700 + 0.082355),0.848225 (0.765900 + 0.082325),0.838696 (0.756900 + 0.081796),0.823107 (0.740700 + 0.082407),0.832710 (0.749700 + 0.083010),0.837799 (0.755100 + 0.082699),0.836654 (0.753300 + 0.083354),0.833391 (0.751500 + 0.081892),0.843125 (0.760500 + 0.082625),0.837431 (0.755100 + 0.082331),0.839082 (0.756000 + 0.083082),0.835481 (0.753300 + 0.082181),0.833038 (0.751500 + 0.081538),0.846318 (0.764100 + 0.082218),0.847950 (0.765900 + 0.082050),0.837368 (0.755100 + 0.082268),0.816875 (0.734400 + 0.082475),0.820802 (0.738900 + 0.081902),0.824135 (0.742500 + 0.081635),0.848729 (0.766800 + 0.081929),0.833940 (0.751500 + 0.082440),0.832459 (0.748800 + 0.083659),0.840395 (0.758700 + 0.081695),0.833256 (0.750600 + 0.082656),0.830340 (0.747900 + 0.082440),0.832151 (0.750600 + 0.081551),0.844268 (0.761400 + 0.082868),0.835411 (0.753300 + 0.082111),0.840825 (0.759600 + 0.081225),0.843921 (0.761400 + 0.082521),0.834237 (0.751500 + 0.082737),0.843731 (0.761400 + 0.082331),0.835627 (0.753300 + 0.082327),0.833869 (0.752400 + 0.081469),0.823119 (0.741600 + 0.081519),0.834927 (0.752400 + 0.082527),0.844352 (0.762300 + 0.082052),0.827249 (0.745200 + 0.082049),0.829909 (0.747900 + 0.082009),0.835555 (0.752400 + 0.083155),0.844171 (0.760500 + 0.083671),0.835265 (0.753300 + 0.081965),0.826244 (0.744300 + 0.081944),0.837856 (0.756000 + 0.081856),0.834528 (0.751500 + 0.083028),0.835067 (0.753300 + 0.081767),0.843761 (0.762300 + 0.081461),0.828155 (0.746100 + 0.082055),0.826562 (0.744300 + 0.082262),0.815402 (0.733500 + 0.081902),0.828835 (0.747000 + 0.081836),0.834507 (0.752400 + 0.082107),0.838863 (0.756900 + 0.081963),0.833339 (0.750600 + 0.082740),0.840289 (0.757800 + 0.082489),0.831982 (0.749700 + 0.082282),0.833279 (0.750600 + 0.082679),0.845903 (0.764100 + 0.081803)
14,0.851081 (0.768600 + 0.082481),0.846318 (0.764100 + 0.082218),0.843125 (0.760500 + 0.082625),0.827696 (0.745200 + 0.082496),0.839668 (0.756900 + 0.082768),0.838181 (0.755100 + 0.083081),0.837461 (0.755100 + 0.082361),0.830881 (0.749700 + 0.081181),0.822409 (0.739800 + 0.082609),0.831856 (0.748800 + 0.083056),0.824905 (0.741600 + 0.083305),0.834519 (0.752400 + 0.082119),0.837251 (0.755100 + 0.082151),0.848332 (0.765900 + 0.082432),0.839414 (0.757800 + 0.081614),0.823648 (0.740700 + 0.082948),0.822360 (0.740700 + 0.081660),0.838509 (0.756000 + 0.082509),0.828460 (0.747000 + 0.081460),0.829848 (0.747000 + 0.082848),0.846074 (0.765000 + 0.081074),0.842045 (0.759600 + 0.082445),0.830713 (0.748800 + 0.081913),0.826977 (0.744300 + 0.082677),0.832710 (0.749700 + 0.083010),0.829627 (0.747000 + 0.082627),0.837417 (0.755100 + 0.082317),0.837347 (0.755100 + 0.082247),0.839764 (0.757800 + 0.081964),0.841054 (0.758700 + 0.082355),0.838696 (0.756900 + 0.081796),0.846865 (0.764100 + 0.082765),0.826330 (0.743400 + 0.082930),0.835580 (0.753300 + 0.082280),0.847744 (0.765900 + 0.081844),0.836022 (0.753300 + 0.082722),0.825447 (0.743400 + 0.082047),0.839082 (0.756000 + 0.083082),0.834528 (0.751500 + 0.083028),0.826596 (0.744300 + 0.082296),0.829570 (0.747000 + 0.082570),0.837092 (0.755100 + 0.081992),0.836761 (0.754200 + 0.082561),0.831632 (0.749700 + 0.081932),0.828472 (0.746100 + 0.082373),0.836568 (0.754200 + 0.082368),0.832957 (0.750600 + 0.082357),0.838542 (0.756900 + 0.081642),0.827101 (0.745200 + 0.081901),0.840600 (0.758700 + 0.081900),0.845603 (0.763200 + 0.082403),0.848014 (0.765900 + 0.082114),0.823035 (0.740700 + 0.082335),0.835372 (0.752400 + 0.082972),0.844017 (0.762300 + 0.081717),0.843921 (0.761400 + 0.082521),0.837989 (0.756000 + 0.081989),0.831946 (0.748800 + 0.083146),0.840371 (0.757800 + 0.082571),0.844752 (0.762300 + 0.082452),0.845556 (0.763200 + 0.082356),0.839082 (0.756000 + 0.083082),0.834528 (0.751500 + 0.083028),0.846141 (0.764100 + 0.082041),0.835131 (0.752400 + 0.082731),0.843710 (0.761400 + 0.082310),0.831933 (0.748800 + 0.083133),0.842073 (0.760500 + 0.081573),0.842507 (0.760500 + 0.082007),0.833475 (0.751500 + 0.081975)
15,0.851081 (0.768600 + 0.082481),0.830597 (0.747900 + 0.082697),0.834014 (0.750600 + 0.083414),0.844114 (0.761400 + 0.082714),0.839724 (0.757800 + 0.081924),0.839899 (0.757800 + 0.082099),0.842833 (0.760500 + 0.082333),0.838247 (0.756000 + 0.082247),0.841694 (0.759600 + 0.082094),0.839087 (0.757800 + 0.081287),0.839764 (0.757800 + 0.081964),0.831818 (0.749700 + 0.082118),0.846320 (0.764100 + 0.082220),0.827348 (0.745200 + 0.082148),0.831997 (0.748800 + 0.083197),0.852707 (0.770400 + 0.082307),0.831551 (0.749700 + 0.081851),0.843791 (0.760500 + 0.083291),0.829596 (0.747900 + 0.081696),0.834396 (0.751500 + 0.082896),0.828073 (0.746100 + 0.081973),0.841577 (0.758700 + 0.082877),0.836095 (0.754200 + 0.081895),0.845097 (0.763200 + 0.081897),0.843521 (0.761400 + 0.082121),0.838115 (0.756000 + 0.082115),0.827033 (0.744300 + 0.082733),0.859729 (0.776700 + 0.083029),0.822030 (0.739800 + 0.082230),0.831856 (0.748800 + 0.083056),0.830677 (0.747900 + 0.082777),0.846137 (0.765000 + 0.081137),0.845869 (0.764100 + 0.081769),0.828345 (0.746100 + 0.082245),0.830598 (0.747900 + 0.082698),0.834845 (0.752400 + 0.082445),0.837165 (0.754200 + 0.082965),0.840956 (0.758700 + 0.082256),0.837023 (0.755100 + 0.081923),0.837554 (0.755100 + 0.082455),0.831210 (0.749700 + 0.081510),0.848014 (0.765900 + 0.082114),0.837287 (0.755100 + 0.082187),0.843447 (0.761400 + 0.082047),0.844321 (0.762300 + 0.082021),0.824183 (0.740700 + 0.083483),0.833284 (0.751500 + 0.081784),0.844305 (0.761400 + 0.082905),0.821797 (0.740700 + 0.081097),0.827644 (0.746100 + 0.081544),0.844521 (0.761400 + 0.083121),0.832232 (0.749700 + 0.082532),0.837590 (0.755100 + 0.082490),0.846509 (0.764100 + 0.082409),0.847549 (0.765900 + 0.081649),0.835273 (0.753300 + 0.081973),0.832629 (0.750600 + 0.082029),0.839766 (0.757800 + 0.081966),0.831097 (0.748800 + 0.082297),0.828013 (0.745200 + 0.082813),0.830062 (0.747900 + 0.082162),0.831936 (0.749700 + 0.082236),0.831983 (0.748800 + 0.083183),0.844802 (0.762300 + 0.082502),0.845962 (0.764100 + 0.081862),0.837125 (0.755100 + 0.082025),0.836286 (0.753300 + 0.082986),0.838640 (0.756900 + 0.081740),0.837248 (0.754200 + 0.083048),0.826108 (0.744300 + 0.081808)
16,0.859729 (0.776700 + 0.083029),0.834982 (0.753300 + 0.081682),0.848340 (0.765900 + 0.082440),0.848346 (0.765900 + 0.082446),0.829747 (0.747900 + 0.081847),0.840956 (0.758700 + 0.082256),0.831210 (0.749700 + 0.081510),0.841563 (0.759600 + 0.081963),0.824260 (0.742500 + 0.081761),0.831648 (0.748800 + 0.082848),0.841311 (0.758700 + 0.082611),0.838161 (0.755100 + 0.083061),0.834810 (0.752400 + 0.082410),0.835461 (0.753300 + 0.082161),0.834068 (0.752400 + 0.081668),0.839764 (0.757800 + 0.081964),0.831983 (0.748800 + 0.083183),0.826645 (0.744300 + 0.082345),0.835349 (0.752400 + 0.082949),0.838260 (0.756000 + 0.082260),0.836870 (0.755100 + 0.081770),0.843490 (0.761400 + 0.082090),0.827137 (0.744300 + 0.082837),0.845869 (0.764100 + 0.081769),0.839899 (0.757800 + 0.082099),0.839310 (0.756900 + 0.082410),0.832703 (0.751500 + 0.081203),0.831459 (0.748800 + 0.082659),0.832399 (0.750600 + 0.081799),0.840543 (0.757800 + 0.082743),0.838285 (0.756000 + 0.082285),0.827804 (0.745200 + 0.082604),0.845828 (0.763200 + 0.082628),0.845072 (0.763200 + 0.081872),0.843238 (0.760500 + 0.082738),0.838775 (0.756000 + 0.082775),0.836479 (0.754200 + 0.082279),0.848546 (0.766800 + 0.081746),0.840869 (0.758700 + 0.082169),0.846634 (0.764100 + 0.082534),0.831797 (0.748800 + 0.082997),0.832125 (0.748800 + 0.083325),0.836358 (0.755100 + 0.081258),0.824311 (0.742500 + 0.081811),0.843547 (0.761400 + 0.082147),0.845344 (0.763200 + 0.082144),0.842261 (0.759600 + 0.082661),0.832807 (0.750600 + 0.082207),0.827496 (0.745200 + 0.082296),0.842380 (0.759600 + 0.082780),0.844726 (0.762300 + 0.082426),0.839840 (0.757800 + 0.082040),0.836612 (0.754200 + 0.082412),0.838874 (0.756000 + 0.082874),0.845050 (0.763200 + 0.081850),0.838903 (0.756900 + 0.082003),0.838582 (0.756900 + 0.081682),0.836604 (0.754200 + 0.082404),0.831921 (0.748800 + 0.083121),0.840367 (0.757800 + 0.082567),0.846764 (0.765900 + 0.080864),0.832049 (0.749700 + 0.082350),0.829464 (0.747000 + 0.082464),0.838624 (0.756000 + 0.082624),0.831460 (0.748800 + 0.082661),0.835929 (0.754200 + 0.081729),0.838174 (0.755100 + 0.083074),0.845299 (0.763200 + 0.082099),0.853731 (0.772200 + 0.081531),0.829742 (0.747900 + 0.081842)
17,0.859729 (0.776700 + 0.083029),0.847157 (0.765000 + 0.082157),0.835039 (0.752400 + 0.082639),0.827149 (0.745200 + 0.081949),0.831460 (0.748800 + 0.082661),0.839089 (0.756000 + 0.083089),0.833401 (0.751500 + 0.081901),0.845869 (0.764100 + 0.081769),0.831983 (0.748800 + 0.083183),0.828268 (0.747000 + 0.081268),0.849821 (0.767700 + 0.082121),0.834763 (0.752400 + 0.082363),0.829725 (0.747000 + 0.082725),0.835312 (0.753300 + 0.082012),0.841187 (0.758700 + 0.082487),0.839517 (0.756900 + 0.082617),0.833559 (0.751500 + 0.082059),0.845392 (0.763200 + 0.082192),0.835733 (0.754200 + 0.081533),0.836314 (0.755100 + 0.081215),0.840005 (0.758700 + 0.081305),0.849576 (0.766800 + 0.082776),0.830555 (0.747900 + 0.082655),0.841996 (0.759600 + 0.082396),0.835060 (0.752400 + 0.082660),0.843927 (0.761400 + 0.082527),0.841357 (0.758700 + 0.082657),0.848340 (0.765900 + 0.082440),0.842261 (0.759600 + 0.082661),0.836648 (0.755100 + 0.081548),0.834712 (0.752400 + 0.082312),0.840331 (0.757800 + 0.082531),0.831802 (0.749700 + 0.082102),0.847400 (0.765000 + 0.082400),0.848383 (0.765900 + 0.082483),0.845723 (0.764100 + 0.081623),0.833457 (0.750600 + 0.082857),0.839730 (0.757800 + 0.081930),0.842214 (0.760500 + 0.081714),0.835434 (0.753300 + 0.082134),0.846153 (0.763200 + 0.082953),0.831482 (0.749700 + 0.081782),0.848162 (0.765900 + 0.082262),0.838983 (0.756900 + 0.082083),0.840131 (0.757800 + 0.082331),0.833111 (0.751500 + 0.081611),0.833198 (0.751500 + 0.081698),0.838226 (0.756000 + 0.082226),0.830600 (0.747900 + 0.082700),0.837353 (0.756000 + 0.081354),0.850035 (0.768600 + 0.081435),0.836906 (0.754200 + 0.082706),0.838767 (0.756900 + 0.081867),0.834982 (0.753300 + 0.081682),0.846764 (0.765900 + 0.080864),0.849023 (0.766800 + 0.082223),0.840764 (0.757800 + 0.082964),0.845946 (0.764100 + 0.081846),0.837713 (0.756000 + 0.081713),0.839744 (0.757800 + 0.081944),0.832524 (0.750600 + 0.081924),0.840910 (0.758700 + 0.082210),0.834622 (0.753300 + 0.081322),0.835329 (0.754200 + 0.081129),0.839159 (0.756900 + 0.082259),0.831903 (0.749700 + 0.082203),0.837628 (0.756000 + 0.081628),0.834807 (0.753300 + 0.081507),0.844970 (0.762300 + 0.082670),0.840376 (0.758700 + 0.081676)
18,0.859729 (0.776700 + 0.083029),0.827738 (0.747000 + 0.080738),0.837694 (0.755100 + 0.082594),0.836174 (0.754200 + 0.081974),0.839314 (0.756900 + 0.082414),0.851014 (0.769500 + 0.081514),0.828921 (0.747900 + 0.081021),0.838392 (0.756000 + 0.082392),0.843492 (0.761400 + 0.082092),0.841478 (0.759600 + 0.081878),0.824740 (0.742500 + 0.082240),0.835074 (0.753300 + 0.081774),0.839517 (0.756900 + 0.082617),0.843065 (0.761400 + 0.081665),0.818843 (0.738000 + 0.080843),0.842214 (0.760500 + 0.081714),0.841996 (0.759600 + 0.082396),0.836613 (0.754200 + 0.082413),0.838976 (0.756000 + 0.082976),0.840185 (0.757800 + 0.082385),0.839847 (0.756900 + 0.082947),0.838617 (0.756000 + 0.082617),0.832010 (0.749700 + 0.082310),0.841908 (0.759600 + 0.082308),0.840099 (0.758700 + 0.081399),0.831051 (0.749700 + 0.081351),0.829771 (0.748800 + 0.080971),0.832088 (0.749700 + 0.082388),0.840192 (0.758700 + 0.081492),0.843339 (0.761400 + 0.081939),0.845067 (0.764100 + 0.080967),0.848383 (0.765900 + 0.082483),0.842214 (0.760500 + 0.081714),0.848553 (0.765900 + 0.082653),0.841480 (0.759600 + 0.081880),0.852504 (0.769500 + 0.083004),0.834404 (0.752400 + 0.082004),0.829011 (0.747900 + 0.081111),0.858834 (0.775800 + 0.083034),0.816263 (0.734400 + 0.081863),0.846359 (0.765000 + 0.081359),0.844623 (0.763200 + 0.081423),0.827183 (0.745200 + 0.081983),0.825679 (0.744300 + 0.081379),0.842220 (0.759600 + 0.082620),0.842823 (0.760500 + 0.082323),0.838167 (0.756000 + 0.082167),0.845441 (0.763200 + 0.082241),0.855622 (0.774000 + 0.081622),0.842792 (0.760500 + 0.082292),0.837638 (0.755100 + 0.082538),0.833797 (0.751500 + 0.082297),0.839291 (0.756900 + 0.082391),0.849821 (0.767700 + 0.082121),0.847157 (0.765000 + 0.082157),0.842695 (0.760500 + 0.082195),0.844692 (0.763200 + 0.081492),0.838374 (0.756900 + 0.081474),0.837930 (0.756000 + 0.081930),0.845317 (0.763200 + 0.082117),0.845368 (0.763200 + 0.082168),0.847457 (0.765000 + 0.082457),0.829896 (0.747900 + 0.081996),0.848340 (0.765900 + 0.082440),0.839730 (0.757800 + 0.081930),0.846153 (0.763200 + 0.082953),0.845869 (0.764100 + 0.081769),0.829810 (0.747900 + 0.081910),0.844970 (0.762300 + 0.082670),0.833425 (0.752400 + 0.081025)
19,0.859729 (0.776700 + 0.083029),0.845869 (0.764100 + 0.081769),0.839291 (0.756900 + 0.082391),0.846399 (0.764100 + 0.082300),0.849323 (0.766800 + 0.082523),0.845583 (0.763200 + 0.082383),0.840252 (0.757800 + 0.082452),0.834528 (0.752400 + 0.082128),0.850691 (0.767700 + 0.082992),0.835175 (0.752400 + 0.082775),0.841103 (0.759600 + 0.081503),0.858834 (0.775800 + 0.083034),0.839730 (0.757800 + 0.081930),0.825965 (0.743400 + 0.082565),0.844688 (0.762300 + 0.082388),0.846733 (0.764100 + 0.082633),0.838505 (0.756000 + 0.082505),0.851306 (0.769500 + 0.081806),0.828597 (0.747000 + 0.081597),0.844397 (0.761400 + 0.082997),0.846534 (0.764100 + 0.082434),0.848291 (0.766800 + 0.081491),0.851077 (0.769500 + 0.081577),0.829141 (0.747000 + 0.082141),0.843953 (0.762300 + 0.081653),0.830043 (0.747900 + 0.082143),0.843143 (0.760500 + 0.082643),0.836711 (0.755100 + 0.081611),0.840735 (0.758700 + 0.082035),0.842209 (0.759600 + 0.082609),0.831402 (0.748800 + 0.082602),0.835634 (0.754200 + 0.081434),0.846437 (0.764100 + 0.082337),0.818794 (0.738000 + 0.080794),0.832808 (0.750600 + 0.082208),0.844042 (0.762300 + 0.081742),0.850150 (0.767700 + 0.082450),0.835271 (0.753300 + 0.081971),0.841853 (0.759600 + 0.082253),0.837087 (0.755100 + 0.081987),0.846097 (0.765000 + 0.081097),0.839160 (0.756900 + 0.082260),0.829084 (0.747000 + 0.082084),0.820423 (0.738000 + 0.082423),0.827146 (0.745200 + 0.081946),0.837595 (0.756900 + 0.080695),0.836504 (0.754200 + 0.082304),0.841909 (0.759600 + 0.082309),0.822404 (0.739800 + 0.082604),0.839536 (0.756900 + 0.082636),0.841713 (0.759600 + 0.082113),0.851389 (0.768600 + 0.082789),0.845136 (0.762300 + 0.082836),0.840900 (0.758700 + 0.082200),0.841611 (0.759600 + 0.082011),0.841890 (0.759600 + 0.082290),0.845408 (0.764100 + 0.081308),0.842952 (0.761400 + 0.081552),0.822558 (0.740700 + 0.081858),0.844680 (0.762300 + 0.082380),0.843637 (0.761400 + 0.082237),0.850122 (0.768600 + 0.081522),0.828197 (0.746100 + 0.082097),0.845067 (0.764100 + 0.080967),0.842823 (0.760500 + 0.082323),0.829527 (0.747900 + 0.081627),0.849495 (0.766800 + 0.082695),0.838022 (0.756000 + 0.082022),0.828184 (0.746100 + 0.082084),0.840039 (0.757800 + 0.082239)
20,0.859729 (0.776700 + 0.083029),0.844886 (0.762300 + 0.082586),0.834644 (0.751500 + 0.083144),0.837358 (0.755100 + 0.082259),0.835415 (0.753300 + 0.082115),0.842829 (0.760500 + 0.082329),0.839922 (0.757800 + 0.082122),0.852874 (0.771300 + 0.081574),0.837701 (0.755100 + 0.082601),0.851823 (0.769500 + 0.082323),0.854099 (0.772200 + 0.081899),0.850403 (0.768600 + 0.081803),0.851942 (0.770400 + 0.081542),0.838271 (0.756000 + 0.082271),0.834317 (0.752400 + 0.081917),0.844482 (0.762300 + 0.082182),0.839812 (0.757800 + 0.082012),0.831456 (0.750600 + 0.080856),0.848595 (0.766800 + 0.081795),0.837200 (0.754200 + 0.083000),0.849121 (0.766800 + 0.082321),0.843949 (0.762300 + 0.081649),0.827586 (0.745200 + 0.082386),0.836300 (0.755100 + 0.081200),0.841873 (0.759600 + 0.082273),0.834504 (0.752400 + 0.082104),0.836276 (0.755100 + 0.081177),0.843926 (0.761400 + 0.082526),0.844829 (0.763200 + 0.081629),0.862802 (0.780300 + 0.082502),0.830746 (0.747900 + 0.082846),0.841679 (0.759600 + 0.082079),0.835067 (0.752400 + 0.082667),0.832915 (0.750600 + 0.082315),0.838345 (0.756000 + 0.082345),0.845392 (0.763200 + 0.082192),0.847284 (0.764100 + 0.083184),0.841798 (0.759600 + 0.082198),0.839347 (0.756900 + 0.082447),0.842963 (0.760500 + 0.082463),0.848830 (0.767700 + 0.081130),0.844360 (0.762300 + 0.082060),0.847934 (0.765000 + 0.082934),0.830420 (0.749700 + 0.080720),0.831322 (0.748800 + 0.082522),0.831856 (0.748800 + 0.083056),0.839252 (0.756900 + 0.082352),0.856045 (0.774000 + 0.082045),0.830627 (0.748800 + 0.081827),0.848928 (0.765900 + 0.083028),0.834569 (0.752400 + 0.082169),0.847190 (0.765000 + 0.082191),0.831744 (0.749700 + 0.082044),0.843630 (0.761400 + 0.082230),0.853110 (0.770400 + 0.082710),0.855711 (0.774900 + 0.080811),0.841303 (0.759600 + 0.081703),0.835039 (0.752400 + 0.082639),0.836586 (0.754200 + 0.082386),0.850691 (0.767700 + 0.082992),0.844688 (0.762300 + 0.082388),0.838262 (0.756000 + 0.082262),0.852026 (0.770400 + 0.081626),0.846418 (0.764100 + 0.082318),0.841804 (0.759600 + 0.082204),0.843526 (0.761400 + 0.082126),0.846097 (0.765000 + 0.081097),0.850931 (0.769500 + 0.081431),0.843251 (0.760500 + 0.082751),0.848745 (0.766800 + 0.081945)
21,0.862802 (0.780300 + 0.082502),0.844457 (0.762300 + 0.082158),0.838980 (0.757800 + 0.081180),0.842686 (0.759600 + 0.083086),0.840294 (0.757800 + 0.082494),0.834806 (0.753300 + 0.081506),0.843918 (0.761400 + 0.082518),0.837404 (0.756000 + 0.081404),0.845869 (0.764100 + 0.081769),0.843568 (0.761400 + 0.082168),0.838362 (0.755100 + 0.083262),0.835435 (0.753300 + 0.082135),0.824526 (0.742500 + 0.082026),0.846097 (0.765000 + 0.081097),0.838262 (0.756000 + 0.082262),0.840120 (0.757800 + 0.082320),0.833858 (0.751500 + 0.082358),0.831292 (0.749700 + 0.081592),0.844993 (0.763200 + 0.081793),0.838434 (0.756000 + 0.082434),0.842603 (0.760500 + 0.082103),0.834622 (0.753300 + 0.081322),0.840904 (0.758700 + 0.082204),0.842807 (0.760500 + 0.082307),0.854685 (0.773100 + 0.081585),0.840512 (0.758700 + 0.081812),0.847973 (0.766800 + 0.081173),0.843641 (0.760500 + 0.083141),0.834205 (0.751500 + 0.082705),0.844482 (0.762300 + 0.082182),0.843251 (0.760500 + 0.082751),0.856445 (0.774900 + 0.081546),0.845147 (0.764100 + 0.081047),0.841192 (0.758700 + 0.082492),0.836037 (0.754200 + 0.081837),0.842519 (0.760500 + 0.082019),0.836735 (0.753300 + 0.083435),0.823471 (0.741600 + 0.081871),0.847583 (0.765900 + 0.081683),0.845993 (0.764100 + 0.081893),0.843839 (0.762300 + 0.081539),0.835406 (0.753300 + 0.082106),0.845400 (0.763200 + 0.082200),0.844873 (0.763200 + 0.081674),0.827010 (0.744300 + 0.082710),0.835723 (0.754200 + 0.081523),0.845485 (0.763200 + 0.082285),0.846797 (0.764100 + 0.082697),0.844572 (0.762300 + 0.082272),0.846715 (0.765000 + 0.081715),0.842051 (0.759600 + 0.082451),0.846322 (0.763200 + 0.083122),0.844752 (0.763200 + 0.081552),0.839262 (0.756900 + 0.082362),0.863585 (0.781200 + 0.082385),0.848745 (0.766800 + 0.081945),0.852244 (0.770400 + 0.081844),0.836205 (0.754200 + 0.082005),0.849495 (0.766800 + 0.082695),0.827317 (0.746100 + 0.081217),0.847414 (0.765900 + 0.081514),0.851645 (0.769500 + 0.082145),0.841383 (0.758700 + 0.082683),0.849646 (0.767700 + 0.081946),0.836333 (0.755100 + 0.081233),0.843924 (0.761400 + 0.082524),0.831121 (0.748800 + 0.082321),0.847985 (0.765900 + 0.082085),0.852119 (0.770400 + 0.081719),0.833560 (0.751500 + 0.082060)
22,0.863585 (0.781200 + 0.082385),0.832783 (0.750600 + 0.082183),0.823499 (0.740700 + 0.082799),0.833136 (0.751500 + 0.081636),0.843490 (0.761400 + 0.082090),0.843307 (0.761400 + 0.081907),0.847563 (0.765900 + 0.081663),0.862802 (0.780300 + 0.082502),0.838434 (0.756000 + 0.082434),0.832663 (0.750600 + 0.082063),0.831771 (0.749700 + 0.082071),0.852046 (0.770400 + 0.081646),0.838567 (0.756900 + 0.081667),0.852244 (0.770400 + 0.081844),0.843641 (0.760500 + 0.083141),0.849356 (0.767700 + 0.081656),0.840533 (0.758700 + 0.081833),0.851374 (0.768600 + 0.082774),0.842094 (0.759600 + 0.082494),0.845500 (0.764100 + 0.081400),0.836079 (0.754200 + 0.081879),0.827088 (0.745200 + 0.081888),0.831212 (0.749700 + 0.081512),0.848906 (0.766800 + 0.082106),0.839013 (0.756900 + 0.082113),0.845167 (0.763200 + 0.081967),0.846450 (0.764100 + 0.082350),0.833023 (0.751500 + 0.081523),0.834418 (0.753300 + 0.081118),0.847457 (0.765000 + 0.082457),0.848394 (0.765900 + 0.082494),0.843190 (0.761400 + 0.081790),0.840689 (0.758700 + 0.081989),0.840777 (0.758700 + 0.082077),0.843300 (0.761400 + 0.081900),0.853497 (0.770400 + 0.083097),0.834388 (0.752400 + 0.081988),0.830380 (0.748800 + 0.081580),0.846375 (0.764100 + 0.082275),0.824873 (0.742500 + 0.082373),0.851564 (0.769500 + 0.082064),0.836340 (0.755100 + 0.081240),0.844067 (0.762300 + 0.081767),0.837006 (0.755100 + 0.081906),0.838739 (0.756900 + 0.081839),0.842951 (0.760500 + 0.082451),0.850050 (0.767700 + 0.082350),0.861822 (0.779400 + 0.082422),0.830785 (0.749700 + 0.081085),0.829328 (0.747000 + 0.082328),0.834083 (0.752400 + 0.081683),0.837626 (0.755100 + 0.082526),0.843202 (0.761400 + 0.081802),0.832662 (0.749700 + 0.082962),0.838954 (0.756900 + 0.082054),0.844420 (0.762300 + 0.082120),0.840222 (0.757800 + 0.082422),0.841359 (0.758700 + 0.082659),0.838606 (0.756900 + 0.081706),0.841047 (0.758700 + 0.082347),0.846646 (0.765000 + 0.081646),0.837649 (0.756000 + 0.081649),0.839286 (0.756900 + 0.082386),0.861304 (0.779400 + 0.081904),0.862802 (0.780300 + 0.082502),0.848006 (0.765900 + 0.082106),0.843275 (0.761400 + 0.081875),0.837434 (0.756000 + 0.081434),0.847461 (0.765900 + 0.081561),0.843810 (0.762300 + 0.081510)
23,0.863585 (0.781200 + 0.082385),0.861163 (0.778500 + 0.082663),0.840429 (0.758700 + 0.081729),0.839055 (0.757800 + 0.081255),0.826352 (0.744300 + 0.082052),0.846450 (0.764100 + 0.082350),0.844656 (0.762300 + 0.082356),0.837461 (0.754200 + 0.083261),0.847982 (0.765000 + 0.082982),0.853497 (0.770400 + 0.083097),0.851374 (0.768600 + 0.082774),0.847158 (0.765000 + 0.082158),0.827272 (0.745200 + 0.082072),0.841933 (0.760500 + 0.081433),0.843521 (0.761400 + 0.082121),0.842097 (0.760500 + 0.081597),0.855412 (0.772200 + 0.083212),0.843275 (0.761400 + 0.081875),0.845614 (0.764100 + 0.081514),0.855508 (0.773100 + 0.082408),0.839249 (0.757800 + 0.081449),0.857163 (0.774900 + 0.082263),0.853696 (0.771300 + 0.082396),0.840916 (0.758700 + 0.082216),0.847983 (0.765000 + 0.082983),0.848747 (0.767700 + 0.081047),0.848651 (0.766800 + 0.081851),0.843744 (0.762300 + 0.081444),0.838925 (0.756900 + 0.082025),0.836009 (0.754200 + 0.081809),0.844024 (0.762300 + 0.081725),0.843071 (0.760500 + 0.082571),0.835065 (0.753300 + 0.081765),0.845158 (0.763200 + 0.081958),0.837260 (0.755100 + 0.082160),0.842796 (0.760500 + 0.082296),0.838584 (0.756900 + 0.081684),0.843810 (0.762300 + 0.081510),0.843810 (0.762300 + 0.081510),0.845828 (0.763200 + 0.082628),0.849913 (0.768600 + 0.081313),0.842585 (0.760500 + 0.082085),0.842949 (0.760500 + 0.082449),0.844203 (0.762300 + 0.081903),0.831518 (0.749700 + 0.081818),0.847734 (0.765000 + 0.082734),0.839620 (0.757800 + 0.081820),0.852395 (0.769500 + 0.082895),0.848657 (0.766800 + 0.081857),0.834393 (0.753300 + 0.081093),0.838704 (0.756000 + 0.082704),0.849588 (0.767700 + 0.081888),0.843210 (0.760500 + 0.082710),0.843071 (0.761400 + 0.081671),0.836672 (0.755100 + 0.081572),0.833472 (0.751500 + 0.081972),0.844420 (0.762300 + 0.082120),0.832164 (0.749700 + 0.082463),0.836019 (0.754200 + 0.081819),0.843858 (0.762300 + 0.081558),0.843241 (0.761400 + 0.081841),0.863535 (0.781200 + 0.082335),0.838587 (0.756900 + 0.081687),0.855140 (0.773100 + 0.082040),0.860866 (0.778500 + 0.082366),0.848068 (0.765900 + 0.082168),0.829377 (0.746100 + 0.083277),0.851161 (0.768600 + 0.082561),0.855452 (0.773100 + 0.082352),0.846718 (0.764100 + 0.082618)
24,0.863585 (0.781200 + 0.082385),0.848128 (0.765900 + 0.082228),0.853453 (0.771300 + 0.082153),0.828397 (0.747000 + 0.081397),0.843432 (0.761400 + 0.082032),0.842838 (0.760500 + 0.082338),0.855274 (0.773100 + 0.082174),0.842243 (0.760500 + 0.081743),0.852889 (0.770400 + 0.082489),0.854518 (0.772200 + 0.082318),0.840784 (0.758700 + 0.082084),0.845694 (0.764100 + 0.081594),0.829113 (0.747000 + 0.082113),0.835994 (0.754200 + 0.081794),0.841590 (0.759600 + 0.081990),0.853906 (0.772200 + 0.081706),0.842511 (0.760500 + 0.082011),0.841091 (0.759600 + 0.081491),0.841692 (0.759600 + 0.082092),0.847676 (0.765900 + 0.081776),0.855787 (0.773100 + 0.082687),0.851879 (0.770400 + 0.081479),0.842274 (0.760500 + 0.081774),0.847983 (0.765000 + 0.082983),0.838675 (0.756900 + 0.081775),0.843948 (0.762300 + 0.081648),0.843580 (0.761400 + 0.082180),0.835592 (0.754200 + 0.081392),0.853295 (0.772200 + 0.081095),0.840766 (0.757800 + 0.082966),0.855755 (0.773100 + 0.082655),0.848202 (0.765900 + 0.082302),0.854612 (0.771300 + 0.083312),0.847982 (0.765000 + 0.082982),0.842097 (0.760500 + 0.081597),0.840804 (0.758700 + 0.082104),0.848045 (0.765900 + 0.082145),0.842956 (0.760500 + 0.082456),0.860957 (0.778500 + 0.082457),0.845772 (0.763200 + 0.082572),0.844072 (0.762300 + 0.081772),0.857163 (0.774900 + 0.082263),0.845828 (0.763200 + 0.082628),0.861163 (0.778500 + 0.082663),0.847158 (0.765000 + 0.082158),0.837953 (0.756000 + 0.081953),0.843969 (0.762300 + 0.081669),0.843571 (0.760500 + 0.083071),0.847959 (0.765900 + 0.082059),0.847982 (0.765000 + 0.082982),0.840916 (0.758700 + 0.082216),0.848252 (0.765900 + 0.082352),0.849588 (0.767700 + 0.081888),0.840429 (0.758700 + 0.081729),0.860866 (0.778500 + 0.082366),0.853814 (0.772200 + 0.081614),0.831993 (0.749700 + 0.082293),0.853441 (0.771300 + 0.082141),0.849558 (0.767700 + 0.081858),0.847934 (0.765900 + 0.082034),0.861478 (0.779400 + 0.082078),0.850474 (0.767700 + 0.082774),0.839466 (0.756900 + 0.082566),0.843679 (0.761400 + 0.082279),0.839481 (0.756900 + 0.082581),0.846921 (0.764100 + 0.082821),0.841442 (0.759600 + 0.081842),0.831758 (0.749700 + 0.082058),0.837472 (0.756000 + 0.081472),0.844834 (0.762300 + 0.082534)
25,0.863585 (0.781200 + 0.082385),0.843948 (0.762300 + 0.081648),0.853017 (0.771300 + 0.081717),0.847542 (0.765000 + 0.082542),0.839550 (0.757800 + 0.081750),0.838012 (0.756000 + 0.082012),0.852803 (0.770400 + 0.082403),0.854523 (0.772200 + 0.082323),0.832511 (0.750600 + 0.081911),0.837752 (0.755100 + 0.082652),0.829820 (0.748800 + 0.081020),0.850490 (0.768600 + 0.081890),0.858198 (0.775800 + 0.082398),0.846308 (0.764100 + 0.082208),0.843588 (0.760500 + 0.083088),0.842224 (0.760500 + 0.081724),0.844431 (0.762300 + 0.082131),0.843969 (0.762300 + 0.081669),0.843969 (0.762300 + 0.081669),0.845602 (0.763200 + 0.082402),0.855796 (0.773100 + 0.082696),0.838334 (0.756900 + 0.081434),0.831853 (0.749700 + 0.082153),0.841611 (0.758700 + 0.082911),0.860833 (0.778500 + 0.082333),0.845701 (0.763200 + 0.082501),0.840885 (0.758700 + 0.082185),0.851596 (0.769500 + 0.082096),0.850698 (0.768600 + 0.082098),0.844846 (0.762300 + 0.082546),0.847346 (0.765000 + 0.082346),0.828643 (0.747000 + 0.081643),0.831283 (0.749700 + 0.081583),0.854612 (0.771300 + 0.083312),0.834763 (0.753300 + 0.081463),0.841848 (0.759600 + 0.082248),0.838872 (0.756900 + 0.081972),0.845963 (0.764100 + 0.081864),0.847962 (0.765900 + 0.082062),0.837736 (0.756000 + 0.081736),0.853354 (0.770400 + 0.082954),0.846092 (0.764100 + 0.081992),0.848557 (0.766800 + 0.081757),0.850453 (0.768600 + 0.081853),0.843261 (0.761400 + 0.081861),0.847195 (0.764100 + 0.083095),0.849668 (0.767700 + 0.081968),0.832919 (0.750600 + 0.082319),0.848141 (0.765900 + 0.082241),0.860490 (0.778500 + 0.081990),0.846894 (0.765000 + 0.081894),0.835083 (0.752400 + 0.082683),0.861093 (0.778500 + 0.082593),0.841184 (0.759600 + 0.081584),0.845577 (0.763200 + 0.082377),0.851747 (0.769500 + 0.082247),0.836456 (0.754200 + 0.082256),0.848277 (0.765900 + 0.082377),0.850437 (0.769500 + 0.080937),0.848202 (0.765900 + 0.082302),0.848202 (0.765900 + 0.082302),0.838506 (0.756000 + 0.082506),0.842863 (0.760500 + 0.082363),0.847517 (0.766800 + 0.080717),0.847528 (0.765000 + 0.082528),0.855239 (0.772200 + 0.083039),0.832879 (0.750600 + 0.082279),0.847341 (0.765000 + 0.082341),0.837622 (0.756000 + 0.081622),0.839037 (0.756900 + 0.082137)
26,0.863585 (0.781200 + 0.082385),0.851777 (0.769500 + 0.082277),0.826927 (0.744300 + 0.082627),0.855796 (0.773100 + 0.082696),0.847277 (0.765000 + 0.082277),0.836277 (0.754200 + 0.082077),0.852364 (0.769500 + 0.082864),0.852590 (0.770400 + 0.082190),0.847260 (0.765000 + 0.082260),0.842617 (0.760500 + 0.082117),0.848441 (0.765900 + 0.082541),0.863207 (0.780300 + 0.082907),0.841086 (0.758700 + 0.082386),0.847346 (0.765000 + 0.082346),0.837380 (0.755100 + 0.082280),0.851494 (0.768600 + 0.082894),0.841904 (0.759600 + 0.082304),0.840341 (0.757800 + 0.082541),0.846072 (0.764100 + 0.081972),0.856210 (0.773100 + 0.083110),0.844602 (0.762300 + 0.082302),0.853797 (0.771300 + 0.082497),0.857554 (0.775800 + 0.081754),0.854612 (0.771300 + 0.083312),0.851154 (0.768600 + 0.082554),0.847523 (0.765900 + 0.081623),0.858223 (0.776700 + 0.081523),0.859125 (0.776700 + 0.082425),0.851145 (0.768600 + 0.082545),0.847528 (0.765000 + 0.082528),0.840885 (0.758700 + 0.082185),0.843856 (0.762300 + 0.081556),0.863528 (0.781200 + 0.082328),0.858306 (0.775800 + 0.082506),0.846513 (0.764100 + 0.082413),0.852723 (0.771300 + 0.081423),0.837729 (0.756000 + 0.081729),0.838269 (0.756900 + 0.081369),0.837527 (0.756000 + 0.081527),0.839119 (0.757800 + 0.081319),0.849661 (0.767700 + 0.081961),0.848902 (0.766800 + 0.082102),0.858983 (0.776700 + 0.082283),0.847310 (0.764100 + 0.083210),0.846603 (0.764100 + 0.082504),0.832575 (0.750600 + 0.081975),0.857163 (0.774900 + 0.082263),0.845209 (0.762300 + 0.082909),0.857860 (0.774900 + 0.082960),0.852803 (0.770400 + 0.082403),0.848202 (0.765900 + 0.082302),0.846452 (0.764100 + 0.082352),0.846760 (0.764100 + 0.082660),0.844994 (0.762300 + 0.082694),0.854394 (0.771300 + 0.083094),0.833253 (0.751500 + 0.081753),0.854411 (0.772200 + 0.082211),0.855860 (0.774000 + 0.081860),0.830274 (0.748800 + 0.081474),0.826845 (0.745200 + 0.081645),0.836424 (0.754200 + 0.082224),0.834033 (0.752400 + 0.081633),0.847684 (0.765000 + 0.082684),0.840677 (0.758700 + 0.081977),0.832608 (0.750600 + 0.082008),0.846271 (0.764100 + 0.082171),0.848325 (0.765900 + 0.082425),0.841960 (0.760500 + 0.081460),0.846031 (0.764100 + 0.081932),0.852803 (0.770400 + 0.082403)
27,0.863585 (0.781200 + 0.082385),0.840480 (0.757800 + 0.082680),0.844994 (0.762300 + 0.082694),0.851418 (0.768600 + 0.082818),0.851143 (0.768600 + 0.082543),0.858306 (0.775800 + 0.082506),0.846297 (0.764100 + 0.082197),0.849939 (0.767700 + 0.082239),0.848550 (0.765900 + 0.082650),0.836855 (0.754200 + 0.082655),0.853644 (0.771300 + 0.082344),0.856287 (0.774000 + 0.082287),0.858148 (0.775800 + 0.082348),0.840443 (0.757800 + 0.082643),0.842254 (0.759600 + 0.082654),0.836924 (0.754200 + 0.082724),0.858625 (0.775800 + 0.082825),0.839455 (0.757800 + 0.081655),0.860095 (0.777600 + 0.082495),0.853699 (0.771300 + 0.082399),0.858983 (0.776700 + 0.082283),0.837873 (0.756000 + 0.081873),0.850922 (0.768600 + 0.082323),0.839081 (0.756900 + 0.082181),0.840180 (0.758700 + 0.081480),0.852902 (0.770400 + 0.082502),0.848813 (0.766800 + 0.082013),0.851494 (0.768600 + 0.082894),0.854441 (0.771300 + 0.083141),0.840719 (0.757800 + 0.082919),0.851803 (0.769500 + 0.082303),0.845046 (0.762300 + 0.082746),0.857407 (0.774900 + 0.082507),0.856210 (0.773100 + 0.083110),0.856210 (0.773100 + 0.083110),0.840177 (0.757800 + 0.082377),0.848902 (0.766800 + 0.082102),0.855860 (0.774000 + 0.081860),0.863585 (0.781200 + 0.082385),0.854841 (0.772200 + 0.082641),0.852856 (0.770400 + 0.082456),0.849313 (0.766800 + 0.082513),0.849949 (0.767700 + 0.082249),0.858223 (0.776700 + 0.081523),0.852803 (0.770400 + 0.082403),0.848932 (0.765900 + 0.083032),0.851464 (0.768600 + 0.082864),0.846737 (0.764100 + 0.082637),0.850340 (0.768600 + 0.081740),0.833613 (0.752400 + 0.081213),0.857336 (0.774900 + 0.082436),0.845776 (0.763200 + 0.082576),0.845985 (0.764100 + 0.081885),0.838826 (0.756900 + 0.081926),0.848488 (0.765900 + 0.082588),0.855681 (0.772200 + 0.083481),0.863035 (0.780300 + 0.082735),0.842305 (0.759600 + 0.082705),0.853475 (0.771300 + 0.082175),0.842065 (0.759600 + 0.082465),0.844236 (0.762300 + 0.081936),0.856255 (0.773100 + 0.083155),0.846730 (0.764100 + 0.082630),0.846785 (0.764100 + 0.082685),0.849312 (0.766800 + 0.082512),0.852743 (0.769500 + 0.083243),0.854224 (0.771300 + 0.082924),0.855806 (0.774000 + 0.081806),0.846410 (0.764100 + 0.082310),0.855927 (0.773100 + 0.082827)
28,0.863585 (0.781200 + 0.082385),0.862419 (0.780300 + 0.082119),0.842276 (0.759600 + 0.082676),0.845639 (0.763200 + 0.082439),0.856500 (0.774000 + 0.082500),0.832884 (0.750600 + 0.082284),0.854099 (0.771300 + 0.082799),0.853022 (0.770400 + 0.082622),0.855399 (0.773100 + 0.082299),0.846339 (0.764100 + 0.082239),0.849377 (0.767700 + 0.081677),0.852302 (0.769500 + 0.082802),0.845467 (0.763200 + 0.082267),0.854607 (0.772200 + 0.082407),0.845729 (0.764100 + 0.081629),0.841241 (0.758700 + 0.082541),0.831240 (0.749700 + 0.081540),0.845246 (0.762300 + 0.082946),0.839687 (0.757800 + 0.081887),0.855622 (0.773100 + 0.082522),0.855940 (0.774000 + 0.081940),0.843593 (0.760500 + 0.083093),0.861833 (0.779400 + 0.082433),0.858627 (0.776700 + 0.081927),0.846859 (0.764100 + 0.082759),0.848719 (0.766800 + 0.081919),0.852539 (0.770400 + 0.082139),0.836017 (0.753300 + 0.082717),0.848358 (0.765900 + 0.082458),0.841882 (0.759600 + 0.082282),0.851366 (0.768600 + 0.082766),0.850214 (0.767700 + 0.082514),0.858943 (0.776700 + 0.082243),0.859906 (0.777600 + 0.082306),0.848550 (0.765900 + 0.082650),0.854841 (0.772200 + 0.082641),0.852856 (0.770400 + 0.082456),0.842012 (0.759600 + 0.082412),0.850841 (0.768600 + 0.082241),0.854059 (0.771300 + 0.082759),0.859111 (0.775800 + 0.083311),0.850207 (0.767700 + 0.082507),0.852778 (0.770400 + 0.082378),0.839037 (0.756900 + 0.082137),0.846796 (0.764100 + 0.082696),0.854972 (0.772200 + 0.082772),0.831313 (0.748800 + 0.082513),0.839563 (0.756900 + 0.082663),0.849467 (0.766800 + 0.082667),0.853644 (0.771300 + 0.082344),0.849802 (0.766800 + 0.083002),0.848797 (0.765900 + 0.082897),0.848098 (0.765000 + 0.083098),0.838479 (0.756900 + 0.081579),0.860888 (0.778500 + 0.082388),0.844297 (0.762300 + 0.081997),0.847777 (0.765900 + 0.081877),0.853475 (0.771300 + 0.082175),0.842065 (0.759600 + 0.082465),0.842513 (0.760500 + 0.082013),0.849733 (0.767700 + 0.082033),0.863035 (0.780300 + 0.082735),0.845776 (0.763200 + 0.082576),0.852058 (0.770400 + 0.081658),0.852665 (0.770400 + 0.082265),0.847684 (0.765000 + 0.082684),0.860833 (0.778500 + 0.082333),0.858807 (0.776700 + 0.082107),0.847057 (0.765000 + 0.082057),0.843008 (0.760500 + 0.082508)
29,0.863585 (0.781200 + 0.082385),0.863990 (0.782100 + 0.081890),0.851660 (0.769500 + 0.082160),0.840618 (0.757800 + 0.082818),0.845007 (0.762300 + 0.082707),0.855127 (0.773100 + 0.082027),0.847726 (0.765000 + 0.082726),0.849125 (0.766800 + 0.082325),0.864459 (0.782100 + 0.082359),0.844903 (0.763200 + 0.081703),0.856066 (0.773100 + 0.082966),0.852315 (0.770400 + 0.081915),0.851393 (0.769500 + 0.081893),0.835844 (0.754200 + 0.081644),0.828234 (0.746100 + 0.082134),0.853159 (0.771300 + 0.081859),0.858876 (0.776700 + 0.082176),0.843684 (0.761400 + 0.082284),0.856046 (0.774000 + 0.082046),0.841900 (0.758700 + 0.083200),0.850545 (0.767700 + 0.082845),0.838649 (0.756000 + 0.082649),0.854590 (0.772200 + 0.082390),0.853649 (0.771300 + 0.082349),0.854058 (0.771300 + 0.082758),0.844258 (0.762300 + 0.081958),0.843368 (0.761400 + 0.081968),0.857008 (0.774900 + 0.082108),0.840852 (0.758700 + 0.082152),0.854186 (0.772200 + 0.081986),0.854100 (0.771300 + 0.082800),0.852277 (0.769500 + 0.082777),0.842669 (0.760500 + 0.082169),0.854492 (0.772200 + 0.082292),0.844142 (0.762300 + 0.081842),0.849739 (0.767700 + 0.082040),0.840129 (0.757800 + 0.082329),0.847238 (0.765000 + 0.082238),0.846382 (0.764100 + 0.082282),0.850856 (0.768600 + 0.082256),0.852935 (0.771300 + 0.081635),0.849659 (0.767700 + 0.081959),0.860449 (0.777600 + 0.082849),0.859091 (0.776700 + 0.082391),0.854059 (0.771300 + 0.082759),0.858627 (0.776700 + 0.081927),0.853644 (0.771300 + 0.082344),0.841409 (0.758700 + 0.082709),0.855184 (0.772200 + 0.082984),0.851331 (0.768600 + 0.082731),0.844230 (0.762300 + 0.081930),0.853645 (0.771300 + 0.082345),0.844815 (0.762300 + 0.082515),0.846003 (0.763200 + 0.082803),0.849429 (0.766800 + 0.082629),0.856360 (0.774000 + 0.082360),0.858983 (0.776700 + 0.082283),0.852821 (0.770400 + 0.082421),0.859855 (0.777600 + 0.082255),0.854994 (0.772200 + 0.082794),0.848289 (0.765900 + 0.082389),0.859111 (0.775800 + 0.083311),0.845807 (0.763200 + 0.082607),0.859152 (0.776700 + 0.082452),0.843374 (0.761400 + 0.081974),0.850558 (0.767700 + 0.082858),0.841029 (0.758700 + 0.082329),0.855594 (0.773100 + 0.082494),0.858920 (0.776700 + 0.082220),0.854402 (0.771300 + 0.083102)
30,0.864459 (0.782100 + 0.082359),0.863585 (0.781200 + 0.082385),0.858876 (0.776700 + 0.082176),0.844668 (0.762300 + 0.082368),0.845643 (0.763200 + 0.082443),0.850212 (0.768600 + 0.081612),0.862539 (0.780300 + 0.082239),0.850499 (0.768600 + 0.081899),0.850825 (0.768600 + 0.082225),0.859553 (0.777600 + 0.081953),0.833605 (0.751500 + 0.082105),0.841107 (0.758700 + 0.082407),0.858718 (0.775800 + 0.082918),0.848349 (0.765900 + 0.082449),0.857055 (0.774900 + 0.082155),0.859152 (0.776700 + 0.082452),0.854402 (0.771300 + 0.083102),0.852258 (0.769500 + 0.082758),0.838480 (0.756000 + 0.082480),0.851185 (0.768600 + 0.082585),0.849985 (0.767700 + 0.082285),0.861816 (0.779400 + 0.082416),0.842560 (0.760500 + 0.082060),0.852035 (0.769500 + 0.082535),0.849688 (0.767700 + 0.081988),0.848324 (0.765900 + 0.082424),0.846065 (0.764100 + 0.081966),0.852751 (0.771300 + 0.081451),0.852935 (0.771300 + 0.081635),0.854533 (0.772200 + 0.082333),0.838769 (0.756000 + 0.082769),0.856171 (0.774000 + 0.082171),0.852673 (0.769500 + 0.083173),0.844882 (0.763200 + 0.081682),0.836986 (0.754200 + 0.082786),0.849142 (0.766800 + 0.082342),0.860596 (0.778500 + 0.082096),0.841169 (0.758700 + 0.082469),0.855995 (0.773100 + 0.082895),0.844691 (0.761400 + 0.083291),0.839737 (0.757800 + 0.081937),0.840763 (0.757800 + 0.082963),0.853224 (0.771300 + 0.081924),0.858983 (0.776700 + 0.082283),0.849125 (0.766800 + 0.082325),0.848691 (0.765900 + 0.082791),0.844599 (0.762300 + 0.082299),0.837769 (0.756000 + 0.081769),0.852593 (0.770400 + 0.082193),0.852848 (0.771300 + 0.081548),0.854354 (0.772200 + 0.082154),0.843784 (0.762300 + 0.081484),0.858352 (0.775800 + 0.082552),0.850786 (0.768600 + 0.082186),0.851578 (0.769500 + 0.082078),0.846783 (0.765000 + 0.081783),0.847327 (0.765000 + 0.082327),0.850809 (0.768600 + 0.082209),0.851245 (0.768600 + 0.082645),0.839675 (0.757800 + 0.081875),0.849776 (0.767700 + 0.082076),0.851571 (0.769500 + 0.082071),0.856046 (0.774000 + 0.082046),0.863990 (0.782100 + 0.081890),0.848662 (0.766800 + 0.081862),0.859872 (0.777600 + 0.082272),0.863487 (0.781200 + 0.082287),0.858876 (0.776700 + 0.082176),0.858842 (0.776700 + 0.082142),0.866877 (0.783900 + 0.082977)
31,0.866877 (0.783900 + 0.082977),0.837162 (0.755100 + 0.082063),0.859762 (0.777600 + 0.082162),0.853041 (0.770400 + 0.082641),0.858718 (0.775800 + 0.082918),0.843527 (0.761400 + 0.082127),0.864058 (0.781200 + 0.082858),0.854402 (0.771300 + 0.083102),0.847327 (0.765000 + 0.082327),0.863585 (0.781200 + 0.082385),0.848967 (0.766800 + 0.082167),0.861990 (0.779400 + 0.082590),0.849663 (0.767700 + 0.081963),0.845465 (0.764100 + 0.081365),0.848836 (0.765900 + 0.082936),0.859872 (0.777600 + 0.082272),0.838511 (0.756000 + 0.082511),0.869575 (0.786600 + 0.082975),0.853575 (0.770400 + 0.083175),0.849527 (0.767700 + 0.081827),0.856272 (0.774000 + 0.082272),0.853679 (0.771300 + 0.082379),0.848532 (0.766800 + 0.081732),0.844740 (0.763200 + 0.081540),0.863585 (0.781200 + 0.082385),0.843763 (0.761400 + 0.082363),0.837545 (0.755100 + 0.082445),0.859553 (0.777600 + 0.081953),0.858718 (0.775800 + 0.082918),0.842093 (0.759600 + 0.082493),0.856550 (0.774900 + 0.081650),0.846015 (0.764100 + 0.081915),0.854810 (0.772200 + 0.082610),0.860596 (0.778500 + 0.082096),0.848879 (0.766800 + 0.082079),0.858876 (0.776700 + 0.082176),0.852262 (0.770400 + 0.081862),0.842919 (0.761400 + 0.081519),0.865529 (0.783000 + 0.082529),0.854441 (0.772200 + 0.082241),0.854515 (0.772200 + 0.082315),0.852690 (0.770400 + 0.082290),0.859000 (0.776700 + 0.082300),0.854354 (0.772200 + 0.082154),0.843530 (0.761400 + 0.082130),0.864378 (0.782100 + 0.082278),0.859880 (0.777600 + 0.082280),0.844378 (0.762300 + 0.082078),0.853990 (0.771300 + 0.082690),0.840501 (0.758700 + 0.081801),0.845879 (0.764100 + 0.081779),0.853995 (0.771300 + 0.082695),0.849985 (0.767700 + 0.082285),0.848075 (0.765900 + 0.082175),0.861188 (0.778500 + 0.082688),0.859830 (0.776700 + 0.083130),0.850740 (0.768600 + 0.082140),0.842580 (0.759600 + 0.082980),0.847752 (0.765000 + 0.082752),0.850733 (0.768600 + 0.082133),0.845594 (0.762300 + 0.083294),0.854210 (0.772200 + 0.082010),0.855376 (0.773100 + 0.082276),0.840789 (0.758700 + 0.082089),0.847755 (0.765900 + 0.081855),0.840712 (0.758700 + 0.082012),0.862441 (0.779400 + 0.083041),0.858983 (0.776700 + 0.082283),0.860741 (0.778500 + 0.082242),0.855164 (0.772200 + 0.082964)
32,0.869575 (0.786600 + 0.082975),0.853463 (0.771300 + 0.082163),0.848851 (0.766800 + 0.082051),0.845165 (0.762300 + 0.082865),0.858003 (0.775800 + 0.082203),0.848292 (0.765900 + 0.082392),0.848644 (0.765900 + 0.082744),0.849679 (0.767700 + 0.081979),0.860133 (0.777600 + 0.082533),0.843457 (0.761400 + 0.082057),0.844764 (0.762300 + 0.082464),0.846372 (0.764100 + 0.082272),0.854394 (0.772200 + 0.082194),0.848684 (0.766800 + 0.081884),0.850781 (0.768600 + 0.082181),0.846767 (0.764100 + 0.082667),0.849878 (0.766800 + 0.083078),0.844733 (0.762300 + 0.082433),0.847487 (0.765000 + 0.082487),0.848133 (0.765900 + 0.082233),0.858876 (0.776700 + 0.082176),0.850485 (0.768600 + 0.081885),0.856934 (0.774900 + 0.082034),0.859094 (0.776700 + 0.082394),0.853352 (0.771300 + 0.082052),0.849514 (0.766800 + 0.082714),0.853498 (0.771300 + 0.082198),0.852835 (0.770400 + 0.082435),0.849305 (0.766800 + 0.082505),0.858753 (0.776700 + 0.082053),0.846743 (0.764100 + 0.082643),0.847069 (0.764100 + 0.082969),0.853642 (0.771300 + 0.082342),0.855237 (0.773100 + 0.082137),0.846974 (0.765000 + 0.081974),0.850808 (0.768600 + 0.082209),0.857507 (0.774900 + 0.082607),0.846861 (0.765000 + 0.081861),0.851985 (0.769500 + 0.082485),0.863585 (0.781200 + 0.082385),0.857355 (0.774900 + 0.082455),0.847790 (0.765900 + 0.081890),0.842411 (0.759600 + 0.082811),0.842916 (0.760500 + 0.082416),0.839408 (0.756900 + 0.082508),0.858718 (0.775800 + 0.082918),0.858718 (0.775800 + 0.082918),0.853533 (0.770400 + 0.083133),0.856892 (0.774000 + 0.082892),0.839849 (0.757800 + 0.082049),0.849925 (0.767700 + 0.082225),0.857018 (0.774000 + 0.083018),0.838304 (0.756000 + 0.082304),0.854441 (0.772200 + 0.082241),0.854441 (0.772200 + 0.082241),0.858983 (0.776700 + 0.082283),0.850838 (0.768600 + 0.082238),0.853269 (0.771300 + 0.081969),0.857063 (0.774900 + 0.082163),0.845861 (0.763200 + 0.082661),0.847409 (0.765000 + 0.082409),0.863585 (0.781200 + 0.082385),0.858876 (0.776700 + 0.082176),0.854359 (0.771300 + 0.083059),0.849835 (0.766800 + 0.083035),0.858876 (0.776700 + 0.082176),0.855887 (0.773100 + 0.082787),0.861574 (0.779400 + 0.082174),0.861800 (0.779400 + 0.082400),0.844302 (0.761400 + 0.082902)
33,0.869575 (0.786600 + 0.082975),0.860133 (0.777600 + 0.082533),0.853352 (0.771300 + 0.082052),0.849077 (0.766800 + 0.082277),0.852782 (0.770400 + 0.082382),0.858718 (0.775800 + 0.082918),0.850838 (0.768600 + 0.082238),0.849840 (0.767700 + 0.082140),0.856801 (0.774000 + 0.082801),0.863507 (0.781200 + 0.082307),0.856067 (0.773100 + 0.082967),0.857507 (0.774900 + 0.082607),0.853269 (0.771300 + 0.081969),0.844731 (0.762300 + 0.082431),0.849679 (0.767700 + 0.081979),0.852706 (0.770400 + 0.082306),0.849065 (0.765900 + 0.083165),0.850545 (0.767700 + 0.082845),0.841568 (0.759600 + 0.081968),0.847854 (0.765000 + 0.082854),0.852547 (0.770400 + 0.082147),0.853211 (0.771300 + 0.081911),0.857762 (0.774900 + 0.082862),0.845543 (0.763200 + 0.082343),0.841525 (0.758700 + 0.082825),0.844253 (0.762300 + 0.081954),0.856429 (0.774000 + 0.082429),0.848840 (0.766800 + 0.082040),0.855148 (0.773100 + 0.082048),0.847211 (0.765000 + 0.082211),0.839627 (0.757800 + 0.081827),0.851606 (0.769500 + 0.082106),0.853257 (0.771300 + 0.081957),0.858876 (0.776700 + 0.082176),0.843373 (0.761400 + 0.081973),0.858983 (0.776700 + 0.082283),0.850844 (0.768600 + 0.082244),0.857063 (0.774900 + 0.082163),0.852790 (0.770400 + 0.082390),0.850502 (0.768600 + 0.081902),0.856494 (0.774000 + 0.082494),0.855887 (0.773100 + 0.082787),0.859503 (0.777600 + 0.081903),0.859974 (0.777600 + 0.082374),0.852816 (0.770400 + 0.082416),0.849207 (0.766800 + 0.082407),0.842964 (0.760500 + 0.082464),0.843248 (0.761400 + 0.081848),0.863158 (0.780300 + 0.082858),0.845580 (0.764100 + 0.081480),0.856470 (0.774000 + 0.082470),0.853136 (0.771300 + 0.081836),0.840011 (0.757800 + 0.082211),0.849932 (0.767700 + 0.082232),0.855037 (0.772200 + 0.082837),0.861314 (0.778500 + 0.082814),0.853091 (0.770400 + 0.082691),0.840904 (0.758700 + 0.082204),0.851182 (0.768600 + 0.082582),0.836885 (0.755100 + 0.081786),0.857255 (0.774900 + 0.082355),0.865276 (0.783000 + 0.082276),0.852740 (0.770400 + 0.082340),0.859781 (0.777600 + 0.082181),0.849391 (0.766800 + 0.082591),0.856955 (0.774900 + 0.082055),0.857113 (0.774000 + 0.083113),0.842206 (0.759600 + 0.082606),0.849751 (0.767700 + 0.082051),0.859662 (0.777600 + 0.082062)
34,0.869575 (0.786600 + 0.082975),0.857636 (0.774900 + 0.082736),0.857547 (0.774900 + 0.082647),0.859333 (0.776700 + 0.082633),0.858969 (0.775800 + 0.083169),0.845528 (0.763200 + 0.082328),0.859667 (0.776700 + 0.082967),0.867940 (0.785700 + 0.082240),0.851219 (0.768600 + 0.082619),0.852266 (0.769500 + 0.082766),0.853899 (0.771300 + 0.082599),0.856470 (0.774000 + 0.082470),0.855037 (0.772200 + 0.082837),0.845635 (0.763200 + 0.082435),0.852063 (0.769500 + 0.082563),0.861314 (0.778500 + 0.082814),0.855037 (0.772200 + 0.082837),0.865276 (0.783000 + 0.082276),0.849932 (0.767700 + 0.082232),0.841678 (0.759600 + 0.082078),0.843903 (0.761400 + 0.082503),0.851980 (0.769500 + 0.082480),0.857570 (0.775800 + 0.081770),0.846597 (0.764100 + 0.082497),0.847027 (0.765000 + 0.082027),0.845702 (0.763200 + 0.082502),0.863585 (0.781200 + 0.082385),0.864251 (0.781200 + 0.083051),0.854548 (0.773100 + 0.081448),0.855282 (0.772200 + 0.083082),0.856337 (0.774000 + 0.082337),0.839725 (0.756900 + 0.082825),0.859655 (0.776700 + 0.082955),0.859562 (0.776700 + 0.082862),0.849852 (0.767700 + 0.082152),0.844058 (0.762300 + 0.081758),0.852433 (0.770400 + 0.082033),0.842316 (0.760500 + 0.081816),0.849849 (0.767700 + 0.082149),0.862611 (0.780300 + 0.082311),0.849917 (0.767700 + 0.082217),0.848334 (0.765900 + 0.082434),0.848301 (0.765900 + 0.082401),0.841923 (0.759600 + 0.082323),0.853091 (0.770400 + 0.082691),0.854638 (0.772200 + 0.082438),0.852526 (0.770400 + 0.082126),0.848965 (0.766800 + 0.082165),0.848830 (0.766800 + 0.082030),0.857762 (0.774900 + 0.082862),0.854864 (0.772200 + 0.082664),0.850913 (0.768600 + 0.082313),0.849028 (0.766800 + 0.082228),0.855648 (0.773100 + 0.082548),0.846832 (0.764100 + 0.082732),0.854753 (0.772200 + 0.082553),0.839282 (0.756900 + 0.082382),0.855037 (0.772200 + 0.082837),0.853269 (0.771300 + 0.081969),0.849923 (0.767700 + 0.082223),0.853215 (0.771300 + 0.081915),0.850307 (0.767700 + 0.082607),0.858718 (0.775800 + 0.082918),0.846396 (0.764100 + 0.082296),0.846962 (0.765000 + 0.081962),0.847099 (0.765000 + 0.082099),0.853709 (0.771300 + 0.082409),0.854080 (0.772200 + 0.081880),0.847205 (0.765000 + 0.082205),0.846551 (0.764100 + 0.082451)
35,0.869575 (0.786600 + 0.082975),0.861475 (0.778500 + 0.082975),0.861551 (0.778500 + 0.083051),0.845237 (0.762300 + 0.082938),0.842780 (0.760500 + 0.082280),0.855443 (0.773100 + 0.082343),0.860377 (0.777600 + 0.082777),0.851733 (0.769500 + 0.082233),0.850214 (0.767700 + 0.082514),0.847085 (0.764100 + 0.082985),0.849397 (0.766800 + 0.082597),0.852459 (0.769500 + 0.082959),0.857570 (0.775800 + 0.081770),0.866830 (0.783900 + 0.082930),0.859148 (0.776700 + 0.082448),0.864251 (0.781200 + 0.083051),0.853091 (0.770400 + 0.082691),0.858307 (0.775800 + 0.082507),0.853288 (0.770400 + 0.082888),0.852478 (0.770400 + 0.082078),0.859692 (0.776700 + 0.082992),0.854766 (0.772200 + 0.082567),0.858328 (0.775800 + 0.082528),0.856978 (0.774000 + 0.082978),0.863348 (0.780300 + 0.083048),0.851071 (0.768600 + 0.082472),0.853651 (0.770400 + 0.083251),0.853579 (0.771300 + 0.082279),0.849901 (0.767700 + 0.082201),0.854890 (0.772200 + 0.082690),0.845815 (0.763200 + 0.082615),0.856530 (0.774000 + 0.082530),0.856917 (0.774000 + 0.082917),0.854733 (0.772200 + 0.082533),0.854914 (0.772200 + 0.082714),0.856912 (0.774900 + 0.082012),0.853441 (0.771300 + 0.082141),0.850546 (0.767700 + 0.082846),0.853187 (0.770400 + 0.082787),0.851481 (0.769500 + 0.081981),0.846955 (0.765000 + 0.081955),0.843426 (0.760500 + 0.082926),0.847602 (0.765000 + 0.082602),0.867129 (0.784800 + 0.082329),0.855565 (0.773100 + 0.082465),0.849287 (0.766800 + 0.082487),0.858791 (0.776700 + 0.082091),0.849915 (0.766800 + 0.083115),0.868155 (0.785700 + 0.082455),0.856470 (0.774000 + 0.082470),0.869575 (0.786600 + 0.082975),0.846402 (0.764100 + 0.082302),0.855576 (0.773100 + 0.082476),0.855162 (0.772200 + 0.082962),0.861645 (0.779400 + 0.082245),0.849407 (0.766800 + 0.082607),0.854764 (0.772200 + 0.082564),0.850913 (0.768600 + 0.082313),0.848334 (0.765900 + 0.082434),0.834596 (0.752400 + 0.082196),0.856051 (0.774000 + 0.082051),0.863012 (0.780300 + 0.082712),0.851002 (0.768600 + 0.082403),0.850881 (0.768600 + 0.082281),0.852093 (0.769500 + 0.082593),0.843584 (0.761400 + 0.082184),0.852866 (0.770400 + 0.082466),0.851115 (0.768600 + 0.082515),0.853623 (0.771300 + 0.082323),0.854185 (0.771300 + 0.082885)
36,0.869575 (0.786600 + 0.082975),0.858435 (0.775800 + 0.082635),0.843470 (0.761400 + 0.082070),0.861732 (0.779400 + 0.082332),0.846479 (0.764100 + 0.082379),0.857629 (0.775800 + 0.081829),0.856804 (0.774000 + 0.082804),0.861328 (0.779400 + 0.081928),0.843283 (0.760500 + 0.082783),0.857926 (0.775800 + 0.082126),0.856944 (0.774000 + 0.082944),0.852244 (0.769500 + 0.082744),0.848616 (0.766800 + 0.081816),0.851152 (0.768600 + 0.082552),0.846571 (0.764100 + 0.082471),0.857317 (0.774900 + 0.082417),0.837926 (0.755100 + 0.082826),0.862819 (0.780300 + 0.082519),0.854331 (0.772200 + 0.082131),0.854733 (0.772200 + 0.082533),0.852459 (0.769500 + 0.082959),0.866830 (0.783900 + 0.082930),0.861645 (0.779400 + 0.082245),0.859174 (0.776700 + 0.082474),0.864792 (0.782100 + 0.082692),0.859092 (0.776700 + 0.082392),0.864306 (0.781200 + 0.083106),0.849091 (0.766800 + 0.082291),0.858405 (0.775800 + 0.082605),0.863012 (0.780300 + 0.082712),0.859369 (0.776700 + 0.082669),0.852908 (0.770400 + 0.082508),0.848510 (0.765900 + 0.082610),0.848816 (0.766800 + 0.082016),0.849580 (0.766800 + 0.082780),0.854072 (0.771300 + 0.082772),0.847911 (0.765000 + 0.082911),0.849325 (0.766800 + 0.082525),0.843349 (0.760500 + 0.082849),0.856912 (0.774900 + 0.082012),0.852093 (0.769500 + 0.082593),0.855943 (0.774000 + 0.081943),0.847586 (0.765000 + 0.082586),0.844008 (0.761400 + 0.082608),0.849759 (0.766800 + 0.082959),0.852369 (0.770400 + 0.081969),0.852131 (0.769500 + 0.082631),0.850134 (0.767700 + 0.082434),0.849145 (0.766800 + 0.082345),0.855189 (0.772200 + 0.082989),0.844612 (0.762300 + 0.082312),0.846178 (0.763200 + 0.082978),0.841344 (0.759600 + 0.081744),0.853419 (0.771300 + 0.082119),0.848437 (0.765900 + 0.082537),0.859537 (0.776700 + 0.082837),0.853499 (0.770400 + 0.083099),0.863012 (0.780300 + 0.082712),0.856321 (0.774000 + 0.082321),0.854458 (0.772200 + 0.082258),0.854318 (0.771300 + 0.083019),0.854812 (0.772200 + 0.082612),0.848006 (0.765900 + 0.082106),0.858030 (0.775800 + 0.082230),0.851534 (0.769500 + 0.082034),0.856467 (0.774000 + 0.082467),0.858125 (0.775800 + 0.082325),0.855443 (0.773100 + 0.082343),0.850881 (0.768600 + 0.082281),0.860673 (0.777600 + 0.083073)
37,0.869575 (0.786600 + 0.082975),0.851435 (0.768600 + 0.082835),0.859174 (0.776700 + 0.082474),0.856816 (0.774900 + 0.081916),0.839950 (0.757800 + 0.082150),0.838031 (0.756000 + 0.082031),0.855220 (0.772200 + 0.083020),0.846368 (0.764100 + 0.082268),0.860742 (0.778500 + 0.082242),0.850706 (0.767700 + 0.083006),0.856712 (0.774900 + 0.081812),0.859222 (0.776700 + 0.082522),0.847994 (0.765900 + 0.082094),0.857623 (0.774900 + 0.082723),0.858530 (0.775800 + 0.082730),0.852276 (0.770400 + 0.081876),0.856896 (0.774000 + 0.082896),0.863012 (0.780300 + 0.082712),0.861645 (0.779400 + 0.082245),0.834401 (0.752400 + 0.082001),0.856927 (0.774000 + 0.082927),0.843423 (0.760500 + 0.082923),0.840911 (0.758700 + 0.082211),0.857609 (0.774900 + 0.082709),0.851809 (0.769500 + 0.082309),0.848590 (0.766800 + 0.081790),0.841229 (0.758700 + 0.082529),0.857885 (0.774900 + 0.082985),0.856159 (0.774000 + 0.082159),0.862101 (0.779400 + 0.082701),0.849037 (0.766800 + 0.082237),0.858538 (0.775800 + 0.082738),0.854661 (0.772200 + 0.082461),0.852256 (0.769500 + 0.082756),0.861432 (0.778500 + 0.082932),0.854369 (0.771300 + 0.083069),0.857372 (0.774900 + 0.082472),0.845066 (0.763200 + 0.081866),0.853065 (0.770400 + 0.082665),0.849070 (0.766800 + 0.082270),0.852075 (0.769500 + 0.082575),0.850690 (0.768600 + 0.082091),0.862279 (0.779400 + 0.082879),0.847114 (0.765000 + 0.082114),0.849484 (0.766800 + 0.082684),0.852163 (0.770400 + 0.081764),0.846571 (0.764100 + 0.082471),0.846270 (0.763200 + 0.083070),0.852319 (0.770400 + 0.081919),0.843579 (0.761400 + 0.082179),0.852840 (0.770400 + 0.082440),0.840070 (0.757800 + 0.082270),0.847749 (0.765000 + 0.082749),0.856044 (0.773100 + 0.082944),0.851584 (0.768600 + 0.082984),0.859537 (0.776700 + 0.082837),0.849325 (0.766800 + 0.082525),0.854168 (0.771300 + 0.082868),0.862351 (0.780300 + 0.082051),0.850938 (0.768600 + 0.082338),0.862606 (0.780300 + 0.082306),0.853386 (0.771300 + 0.082086),0.846167 (0.764100 + 0.082067),0.864306 (0.781200 + 0.083106),0.852131 (0.769500 + 0.082631),0.853003 (0.770400 + 0.082603),0.851093 (0.768600 + 0.082493),0.847010 (0.764100 + 0.082910),0.859057 (0.776700 + 0.082357),0.861385 (0.778500 + 0.082885)
38,0.869575 (0.786600 + 0.082975),0.848605 (0.765900 + 0.082705),0.862814 (0.780300 + 0.082514),0.842618 (0.759600 + 0.083018),0.852929 (0.770400 + 0.082529),0.847322 (0.765000 + 0.082322),0.854479 (0.772200 + 0.082279),0.854118 (0.771300 + 0.082818),0.838808 (0.756000 + 0.082808),0.851202 (0.768600 + 0.082602),0.852271 (0.770400 + 0.081871),0.837051 (0.754200 + 0.082851),0.834293 (0.751500 + 0.082793),0.858738 (0.775800 + 0.082938),0.856750 (0.774000 + 0.082750),0.851447 (0.768600 + 0.082847),0.850491 (0.767700 + 0.082791),0.854369 (0.771300 + 0.083069),0.852840 (0.770400 + 0.082440),0.856712 (0.774900 + 0.081812),0.853003 (0.770400 + 0.082603),0.851254 (0.768600 + 0.082654),0.845803 (0.763200 + 0.082604),0.850545 (0.768600 + 0.081945),0.846874 (0.764100 + 0.082774),0.855509 (0.773100 + 0.082409),0.849218 (0.766800 + 0.082418),0.865028 (0.782100 + 0.082928),0.844280 (0.761400 + 0.082880),0.853832 (0.771300 + 0.082532),0.855052 (0.772200 + 0.082853),0.855398 (0.773100 + 0.082298),0.845787 (0.763200 + 0.082587),0.848845 (0.765900 + 0.082945),0.860276 (0.777600 + 0.082676),0.860770 (0.778500 + 0.082271),0.841810 (0.759600 + 0.082210),0.844491 (0.762300 + 0.082191),0.860909 (0.778500 + 0.082409),0.849636 (0.766800 + 0.082836),0.851837 (0.769500 + 0.082337),0.850157 (0.767700 + 0.082457),0.847407 (0.765000 + 0.082407),0.849235 (0.766800 + 0.082435),0.859871 (0.777600 + 0.082271),0.842626 (0.759600 + 0.083026),0.853983 (0.771300 + 0.082683),0.858538 (0.775800 + 0.082738),0.847749 (0.765000 + 0.082749),0.852343 (0.770400 + 0.081943),0.857606 (0.774900 + 0.082706),0.854792 (0.772200 + 0.082592),0.854049 (0.771300 + 0.082749),0.859537 (0.776700 + 0.082837),0.852276 (0.770400 + 0.081876),0.862476 (0.779400 + 0.083076),0.861505 (0.778500 + 0.083005),0.860831 (0.778500 + 0.082331),0.849904 (0.767700 + 0.082204),0.853398 (0.771300 + 0.082098),0.857431 (0.774900 + 0.082531),0.853173 (0.770400 + 0.082773),0.844684 (0.762300 + 0.082384),0.841359 (0.758700 + 0.082659),0.854024 (0.771300 + 0.082724),0.844018 (0.761400 + 0.082617),0.849724 (0.767700 + 0.082024),0.833904 (0.751500 + 0.082404),0.851455 (0.768600 + 0.082855),0.850475 (0.767700 + 0.082775)
39,0.869575 (0.786600 + 0.082975),0.857606 (0.774900 + 0.082706),0.857431 (0.774900 + 0.082531),0.850575 (0.767700 + 0.082875),0.850562 (0.768600 + 0.081962),0.842571 (0.759600 + 0.082971),0.863923 (0.781200 + 0.082723),0.852541 (0.770400 + 0.082141),0.849021 (0.766800 + 0.082221),0.850636 (0.767700 + 0.082936),0.865668 (0.783000 + 0.082668),0.860276 (0.777600 + 0.082676),0.854618 (0.772200 + 0.082418),0.859871 (0.777600 + 0.082271),0.854049 (0.771300 + 0.082749),0.848736 (0.766800 + 0.081936),0.838281 (0.756000 + 0.082281),0.848456 (0.765900 + 0.082556),0.847621 (0.765000 + 0.082621),0.840331 (0.757800 + 0.082531),0.851222 (0.768600 + 0.082622),0.869304 (0.786600 + 0.082704),0.849548 (0.766800 + 0.082748),0.861858 (0.779400 + 0.082458),0.858521 (0.775800 + 0.082721),0.869575 (0.786600 + 0.082975),0.854786 (0.772200 + 0.082586),0.864689 (0.782100 + 0.082589),0.848997 (0.765900 + 0.083097),0.853795 (0.771300 + 0.082495),0.850738 (0.767700 + 0.083038),0.850708 (0.768600 + 0.082108),0.843887 (0.761400 + 0.082487),0.849001 (0.766800 + 0.082201),0.846950 (0.764100 + 0.082850),0.860639 (0.777600 + 0.083039),0.850521 (0.767700 + 0.082821),0.839433 (0.756900 + 0.082533),0.850469 (0.767700 + 0.082769),0.853428 (0.771300 + 0.082128),0.841566 (0.759600 + 0.081966),0.841950 (0.759600 + 0.082350),0.836838 (0.754200 + 0.082638),0.860881 (0.778500 + 0.082382),0.844730 (0.762300 + 0.082430),0.852036 (0.769500 + 0.082536),0.855639 (0.774000 + 0.081639),0.845426 (0.763200 + 0.082226),0.846898 (0.764100 + 0.082798),0.859174 (0.776700 + 0.082474),0.856966 (0.774900 + 0.082066),0.852003 (0.769500 + 0.082503),0.864970 (0.782100 + 0.082870),0.859407 (0.776700 + 0.082707),0.856788 (0.774000 + 0.082788),0.846163 (0.763200 + 0.082963),0.847453 (0.765000 + 0.082453),0.855921 (0.773100 + 0.082821),0.853674 (0.771300 + 0.082374),0.853003 (0.770400 + 0.082603),0.847322 (0.765000 + 0.082322),0.855783 (0.774000 + 0.081783),0.847816 (0.765000 + 0.082816),0.851254 (0.768600 + 0.082654),0.855759 (0.774000 + 0.081759),0.846663 (0.764100 + 0.082563),0.857742 (0.774900 + 0.082842),0.855593 (0.773100 + 0.082493),0.848398 (0.765900 + 0.082498),0.852651 (0.770400 + 0.082251)
40,0.869575 (0.786600 + 0.082975),0.857431 (0.774900 + 0.082531),0.844274 (0.761400 + 0.082874),0.860639 (0.777600 + 0.083039),0.849021 (0.766800 + 0.082221),0.854574 (0.772200 + 0.082374),0.857730 (0.774900 + 0.082830),0.854323 (0.772200 + 0.082123),0.853849 (0.771300 + 0.082549),0.833624 (0.751500 + 0.082125),0.860378 (0.777600 + 0.082778),0.853807 (0.771300 + 0.082507),0.844577 (0.762300 + 0.082277),0.848053 (0.765000 + 0.083053),0.837062 (0.755100 + 0.081962),0.853422 (0.771300 + 0.082122),0.851108 (0.769500 + 0.081608),0.845720 (0.763200 + 0.082520),0.855972 (0.773100 + 0.082872),0.853428 (0.771300 + 0.082128),0.849001 (0.766800 + 0.082201),0.849339 (0.766800 + 0.082539),0.847060 (0.764100 + 0.082960),0.850469 (0.767700 + 0.082769),0.849021 (0.766800 + 0.082221),0.847717 (0.765000 + 0.082717),0.863777 (0.781200 + 0.082577),0.862233 (0.779400 + 0.082833),0.842595 (0.760500 + 0.082095),0.836736 (0.754200 + 0.082536),0.851849 (0.769500 + 0.082349),0.849862 (0.767700 + 0.082162),0.855588 (0.773100 + 0.082488),0.867423 (0.784800 + 0.082623),0.847559 (0.765000 + 0.082559),0.844816 (0.762300 + 0.082516),0.838991 (0.756900 + 0.082091),0.853202 (0.770400 + 0.082802),0.861110 (0.778500 + 0.082611),0.856762 (0.774000 + 0.082762),0.863113 (0.780300 + 0.082813),0.854405 (0.771300 + 0.083105),0.856788 (0.774000 + 0.082788),0.844023 (0.761400 + 0.082623),0.844698 (0.763200 + 0.081498),0.858033 (0.775800 + 0.082233),0.865028 (0.782100 + 0.082928),0.869575 (0.786600 + 0.082975),0.852825 (0.770400 + 0.082425),0.848707 (0.765900 + 0.082807),0.858261 (0.775800 + 0.082461),0.858321 (0.776700 + 0.081621),0.856501 (0.774000 + 0.082501),0.847868 (0.765000 + 0.082868),0.856663 (0.774000 + 0.082663),0.863748 (0.781200 + 0.082548),0.850698 (0.768600 + 0.082098),0.853837 (0.771300 + 0.082537),0.854660 (0.772200 + 0.082460),0.854827 (0.772200 + 0.082627),0.854618 (0.772200 + 0.082418),0.858521 (0.775800 + 0.082721),0.853795 (0.771300 + 0.082495),0.867070 (0.784800 + 0.082270),0.858122 (0.774900 + 0.083222),0.850889 (0.768600 + 0.082289),0.854768 (0.772200 + 0.082568),0.855958 (0.773100 + 0.082858),0.839830 (0.756900 + 0.082930),0.853207 (0.771300 + 0.081907)
41,0.869575 (0.786600 + 0.082975),0.857346 (0.774900 + 0.082446),0.849925 (0.766800 + 0.083125),0.862401 (0.779400 + 0.083001),0.845755 (0.763200 + 0.082555),0.840571 (0.757800 + 0.082771),0.844940 (0.762300 + 0.082640),0.863777 (0.781200 + 0.082577),0.857409 (0.774900 + 0.082509),0.862419 (0.779400 + 0.083019),0.858419 (0.775800 + 0.082619),0.867423 (0.784800 + 0.082623),0.851849 (0.769500 + 0.082349),0.847477 (0.765000 + 0.082477),0.847929 (0.765000 + 0.082929),0.837181 (0.755100 + 0.082081),0.852423 (0.770400 + 0.082023),0.861292 (0.778500 + 0.082793),0.849266 (0.766800 + 0.082466),0.852935 (0.770400 + 0.082535),0.865536 (0.783000 + 0.082536),0.861005 (0.778500 + 0.082505),0.859989 (0.777600 + 0.082389),0.839802 (0.756900 + 0.082902),0.842453 (0.759600 + 0.082853),0.872946 (0.790200 + 0.082746),0.848674 (0.765900 + 0.082774),0.865461 (0.783000 + 0.082461),0.855572 (0.773100 + 0.082472),0.852069 (0.769500 + 0.082569),0.849491 (0.766800 + 0.082691),0.859419 (0.776700 + 0.082719),0.854023 (0.771300 + 0.082723),0.861035 (0.778500 + 0.082535),0.856838 (0.774000 + 0.082837),0.859536 (0.776700 + 0.082836),0.852708 (0.770400 + 0.082308),0.848303 (0.765900 + 0.082403),0.853207 (0.771300 + 0.081907),0.850781 (0.767700 + 0.083081),0.860470 (0.777600 + 0.082870),0.857730 (0.774900 + 0.082830),0.848639 (0.765900 + 0.082739),0.850657 (0.767700 + 0.082957),0.840440 (0.757800 + 0.082640),0.864740 (0.782100 + 0.082640),0.840321 (0.757800 + 0.082521),0.850298 (0.767700 + 0.082598),0.851668 (0.768600 + 0.083069),0.842228 (0.759600 + 0.082628),0.849001 (0.766800 + 0.082201),0.844483 (0.762300 + 0.082183),0.844093 (0.762300 + 0.081793),0.843967 (0.761400 + 0.082567),0.836731 (0.754200 + 0.082531),0.856942 (0.774000 + 0.082942),0.858240 (0.775800 + 0.082440),0.856400 (0.774000 + 0.082400),0.853128 (0.770400 + 0.082728),0.839202 (0.756900 + 0.082302),0.855157 (0.772200 + 0.082957),0.847024 (0.764100 + 0.082924),0.846894 (0.764100 + 0.082794),0.862853 (0.780300 + 0.082553),0.837476 (0.755100 + 0.082376),0.846315 (0.764100 + 0.082215),0.867841 (0.784800 + 0.083041),0.849273 (0.767700 + 0.081573),0.853552 (0.770400 + 0.083152),0.856966 (0.774000 + 0.082966)
42,0.872946 (0.790200 + 0.082746),0.852639 (0.770400 + 0.082239),0.838696 (0.756000 + 0.082696),0.852629 (0.770400 + 0.082229),0.852290 (0.769500 + 0.082790),0.862718 (0.780300 + 0.082418),0.849537 (0.766800 + 0.082737),0.859287 (0.776700 + 0.082587),0.859989 (0.777600 + 0.082389),0.862853 (0.780300 + 0.082553),0.844923 (0.762300 + 0.082623),0.857168 (0.774900 + 0.082268),0.852769 (0.769500 + 0.083269),0.864012 (0.781200 + 0.082812),0.862856 (0.780300 + 0.082556),0.855292 (0.773100 + 0.082192),0.833125 (0.750600 + 0.082525),0.856942 (0.774000 + 0.082942),0.839700 (0.756900 + 0.082800),0.855169 (0.772200 + 0.082969),0.849741 (0.766800 + 0.082941),0.852069 (0.769500 + 0.082569),0.849491 (0.766800 + 0.082691),0.862030 (0.779400 + 0.082630),0.842679 (0.760500 + 0.082179),0.854609 (0.772200 + 0.082409),0.855572 (0.773100 + 0.082472),0.858782 (0.775800 + 0.082982),0.865895 (0.783000 + 0.082895),0.856343 (0.774000 + 0.082343),0.857913 (0.774900 + 0.083013),0.853361 (0.770400 + 0.082961),0.860280 (0.777600 + 0.082680),0.860621 (0.777600 + 0.083021),0.853859 (0.771300 + 0.082559),0.854262 (0.771300 + 0.082962),0.867438 (0.784800 + 0.082638),0.850447 (0.768600 + 0.081847),0.853492 (0.770400 + 0.083092),0.858441 (0.775800 + 0.082641),0.848496 (0.765900 + 0.082596),0.867423 (0.784800 + 0.082623),0.863234 (0.780300 + 0.082934),0.856793 (0.774000 + 0.082793),0.848327 (0.765900 + 0.082427),0.850822 (0.767700 + 0.083122),0.853838 (0.771300 + 0.082538),0.846868 (0.764100 + 0.082768),0.858473 (0.775800 + 0.082673),0.847619 (0.765000 + 0.082619),0.853543 (0.770400 + 0.083143),0.854380 (0.771300 + 0.083080),0.857312 (0.774900 + 0.082412),0.864740 (0.782100 + 0.082640),0.862401 (0.779400 + 0.083001),0.862098 (0.779400 + 0.082698),0.857215 (0.774900 + 0.082315),0.856879 (0.774000 + 0.082879),0.852633 (0.770400 + 0.082233),0.854231 (0.771300 + 0.082931),0.858508 (0.775800 + 0.082708),0.841124 (0.758700 + 0.082424),0.847395 (0.765000 + 0.082395),0.843240 (0.760500 + 0.082740),0.850417 (0.767700 + 0.082717),0.839483 (0.756900 + 0.082583),0.853495 (0.770400 + 0.083096),0.857140 (0.774900 + 0.082240),0.851198 (0.768600 + 0.082599),0.844412 (0.762300 + 0.082112)
43,0.872946 (0.790200 + 0.082746),0.848559 (0.765900 + 0.082659),0.856757 (0.774000 + 0.082757),0.849198 (0.766800 + 0.082398),0.861168 (0.778500 + 0.082668),0.861646 (0.779400 + 0.082246),0.853747 (0.771300 + 0.082447),0.855875 (0.773100 + 0.082775),0.858600 (0.775800 + 0.082800),0.848357 (0.765900 + 0.082457),0.849616 (0.766800 + 0.082816),0.844171 (0.761400 + 0.082771),0.860979 (0.778500 + 0.082479),0.845471 (0.763200 + 0.082271),0.847315 (0.765000 + 0.082315),0.851268 (0.768600 + 0.082668),0.853996 (0.771300 + 0.082696),0.849758 (0.766800 + 0.082958),0.864698 (0.782100 + 0.082598),0.859566 (0.776700 + 0.082866),0.853330 (0.770400 + 0.082930),0.859030 (0.776700 + 0.082330),0.852033 (0.769500 + 0.082533),0.864740 (0.782100 + 0.082640),0.849491 (0.766800 + 0.082691),0.844371 (0.762300 + 0.082071),0.858618 (0.775800 + 0.082818),0.852066 (0.770400 + 0.081666),0.857168 (0.774900 + 0.082268),0.856716 (0.774000 + 0.082716),0.853704 (0.771300 + 0.082404),0.867423 (0.784800 + 0.082623),0.859287 (0.776700 + 0.082587),0.860539 (0.777600 + 0.082939),0.855863 (0.773100 + 0.082763),0.846972 (0.764100 + 0.082872),0.846172 (0.763200 + 0.082972),0.844310 (0.761400 + 0.082910),0.859444 (0.776700 + 0.082744),0.850686 (0.767700 + 0.082986),0.865536 (0.783000 + 0.082536),0.868210 (0.785700 + 0.082510),0.831534 (0.749700 + 0.081834),0.857107 (0.774900 + 0.082207),0.855689 (0.773100 + 0.082589),0.862401 (0.779400 + 0.083001),0.858289 (0.775800 + 0.082489),0.854752 (0.772200 + 0.082552),0.853109 (0.770400 + 0.082709),0.845564 (0.763200 + 0.082364),0.854509 (0.772200 + 0.082309),0.859258 (0.776700 + 0.082558),0.848783 (0.765900 + 0.082883),0.864652 (0.782100 + 0.082552),0.857928 (0.774900 + 0.083028),0.852629 (0.770400 + 0.082229),0.857649 (0.774900 + 0.082749),0.852550 (0.770400 + 0.082150),0.855839 (0.773100 + 0.082739),0.855292 (0.773100 + 0.082192),0.853955 (0.771300 + 0.082655),0.842261 (0.759600 + 0.082661),0.852583 (0.769500 + 0.083083),0.853330 (0.770400 + 0.082930),0.861181 (0.778500 + 0.082681),0.849689 (0.766800 + 0.082889),0.861513 (0.778500 + 0.083013),0.862943 (0.780300 + 0.082643),0.867435 (0.784800 + 0.082635),0.861360 (0.778500 + 0.082860)
44,0.872946 (0.790200 + 0.082746),0.863783 (0.781200 + 0.082583),0.862053 (0.779400 + 0.082653),0.864835 (0.782100 + 0.082735),0.856575 (0.774000 + 0.082575),0.830443 (0.747900 + 0.082543),0.846467 (0.764100 + 0.082367),0.857121 (0.774900 + 0.082221),0.870234 (0.787500 + 0.082734),0.850474 (0.767700 + 0.082774),0.859063 (0.776700 + 0.082363),0.862943 (0.780300 + 0.082643),0.843099 (0.760500 + 0.082599),0.851756 (0.769500 + 0.082256),0.861878 (0.779400 + 0.082478),0.848572 (0.765900 + 0.082672),0.859152 (0.776700 + 0.082452),0.858532 (0.775800 + 0.082732),0.854187 (0.771300 + 0.082888),0.853691 (0.771300 + 0.082391),0.853747 (0.771300 + 0.082447),0.864740 (0.782100 + 0.082640),0.861646 (0.779400 + 0.082246),0.861192 (0.778500 + 0.082692),0.867374 (0.784800 + 0.082574),0.855677 (0.773100 + 0.082577),0.841830 (0.759600 + 0.082230),0.846564 (0.764100 + 0.082464),0.853363 (0.770400 + 0.082963),0.862573 (0.780300 + 0.082273),0.854542 (0.772200 + 0.082342),0.857928 (0.774900 + 0.083028),0.856708 (0.774000 + 0.082708),0.855283 (0.772200 + 0.083083),0.849397 (0.766800 + 0.082597),0.854731 (0.772200 + 0.082531),0.846630 (0.764100 + 0.082530),0.861287 (0.778500 + 0.082787),0.859608 (0.776700 + 0.082908),0.851845 (0.769500 + 0.082345),0.845446 (0.763200 + 0.082246),0.855979 (0.773100 + 0.082879),0.854386 (0.772200 + 0.082186),0.854369 (0.772200 + 0.082169),0.861983 (0.779400 + 0.082583),0.852629 (0.770400 + 0.082229),0.852550 (0.770400 + 0.082150),0.860705 (0.777600 + 0.083105),0.850569 (0.767700 + 0.082869),0.847462 (0.765000 + 0.082462),0.859085 (0.776700 + 0.082385),0.856716 (0.774000 + 0.082716),0.860499 (0.777600 + 0.082899),0.852169 (0.769500 + 0.082669),0.853601 (0.771300 + 0.082301),0.856821 (0.774000 + 0.082821),0.855482 (0.773100 + 0.082382),0.844849 (0.762300 + 0.082549),0.852471 (0.770400 + 0.082071),0.866363 (0.783900 + 0.082463),0.855075 (0.772200 + 0.082875),0.865536 (0.783000 + 0.082536),0.858600 (0.775800 + 0.082800),0.859228 (0.776700 + 0.082528),0.841117 (0.758700 + 0.082417),0.852358 (0.769500 + 0.082858),0.848259 (0.765900 + 0.082359),0.852369 (0.769500 + 0.082869),0.851108 (0.768600 + 0.082508),0.863179 (0.780300 + 0.082879)
45,0.872946 (0.790200 + 0.082746),0.856639 (0.774000 + 0.082639),0.849654 (0.766800 + 0.082854),0.855253 (0.772200 + 0.083053),0.860233 (0.777600 + 0.082633),0.853261 (0.770400 + 0.082861),0.857692 (0.774900 + 0.082792),0.855130 (0.772200 + 0.082930),0.857784 (0.775800 + 0.081984),0.865536 (0.783000 + 0.082536),0.850569 (0.767700 + 0.082869),0.868426 (0.785700 + 0.082726),0.850568 (0.767700 + 0.082868),0.864512 (0.782100 + 0.082412),0.855044 (0.772200 + 0.082844),0.857492 (0.774900 + 0.082592),0.862027 (0.779400 + 0.082627),0.861458 (0.779400 + 0.082058),0.861083 (0.778500 + 0.082583),0.849081 (0.766800 + 0.082281),0.864887 (0.782100 + 0.082787),0.847105 (0.765000 + 0.082105),0.863839 (0.782100 + 0.081739),0.862053 (0.779400 + 0.082653),0.848540 (0.765900 + 0.082640),0.868320 (0.785700 + 0.082620),0.858630 (0.775800 + 0.082830),0.863783 (0.781200 + 0.082583),0.863783 (0.781200 + 0.082583),0.867423 (0.784800 + 0.082623),0.865479 (0.783000 + 0.082479),0.853500 (0.771300 + 0.082200),0.862348 (0.779400 + 0.082948),0.857765 (0.774900 + 0.082865),0.856419 (0.774000 + 0.082419),0.860365 (0.777600 + 0.082765),0.854331 (0.771300 + 0.083031),0.863179 (0.780300 + 0.082879),0.859085 (0.776700 + 0.082385),0.861832 (0.779400 + 0.082432),0.854366 (0.772200 + 0.082166),0.862086 (0.779400 + 0.082686),0.859123 (0.776700 + 0.082423),0.852747 (0.770400 + 0.082347),0.849875 (0.767700 + 0.082175),0.869133 (0.786600 + 0.082533),0.852951 (0.770400 + 0.082551),0.848887 (0.765900 + 0.082987),0.868978 (0.786600 + 0.082378),0.855654 (0.773100 + 0.082554),0.864309 (0.782100 + 0.082209),0.862573 (0.780300 + 0.082273),0.850098 (0.767700 + 0.082398),0.857846 (0.774900 + 0.082946),0.846409 (0.764100 + 0.082309),0.845995 (0.763200 + 0.082796),0.860935 (0.778500 + 0.082435),0.856748 (0.774000 + 0.082748),0.849617 (0.766800 + 0.082817),0.846264 (0.763200 + 0.083064),0.846669 (0.764100 + 0.082569),0.861747 (0.779400 + 0.082347),0.855613 (0.773100 + 0.082513),0.859607 (0.776700 + 0.082907),0.861822 (0.779400 + 0.082422),0.856666 (0.774000 + 0.082666),0.858346 (0.775800 + 0.082546),0.852430 (0.769500 + 0.082930),0.856273 (0.774000 + 0.082273),0.861287 (0.778500 + 0.082787)
46,0.872946 (0.790200 + 0.082746),0.856083 (0.774000 + 0.082083),0.854247 (0.771300 + 0.082947),0.864755 (0.782100 + 0.082655),0.855705 (0.773100 + 0.082605),0.859992 (0.777600 + 0.082392),0.859276 (0.776700 + 0.082576),0.852136 (0.769500 + 0.082636),0.855351 (0.773100 + 0.082251),0.861899 (0.779400 + 0.082499),0.856384 (0.774000 + 0.082384),0.860859 (0.778500 + 0.082359),0.862159 (0.779400 + 0.082759),0.853392 (0.771300 + 0.082092),0.859318 (0.776700 + 0.082618),0.855966 (0.773100 + 0.082866),0.838299 (0.756000 + 0.082299),0.859023 (0.776700 + 0.082323),0.859589 (0.776700 + 0.082889),0.857114 (0.774900 + 0.082214),0.870251 (0.787500 + 0.082751),0.865603 (0.783000 + 0.082603),0.863153 (0.780300 + 0.082853),0.848636 (0.765900 + 0.082736),0.856215 (0.774000 + 0.082215),0.860448 (0.777600 + 0.082849),0.845430 (0.763200 + 0.082230),0.852848 (0.769500 + 0.083348),0.861078 (0.778500 + 0.082578),0.863179 (0.780300 + 0.082879),0.862053 (0.779400 + 0.082653),0.855632 (0.773100 + 0.082532),0.844970 (0.762300 + 0.082670),0.860201 (0.778500 + 0.081701),0.865387 (0.783000 + 0.082387),0.860657 (0.778500 + 0.082157),0.854147 (0.771300 + 0.082847),0.862042 (0.779400 + 0.082642),0.853852 (0.771300 + 0.082552),0.854578 (0.772200 + 0.082378),0.863416 (0.781200 + 0.082216),0.860352 (0.777600 + 0.082752),0.864881 (0.782100 + 0.082781),0.862736 (0.780300 + 0.082436),0.845581 (0.763200 + 0.082381),0.857135 (0.774900 + 0.082235),0.853096 (0.770400 + 0.082696),0.847619 (0.765000 + 0.082619),0.868532 (0.785700 + 0.082832),0.854270 (0.771300 + 0.082970),0.861906 (0.779400 + 0.082506),0.856648 (0.774000 + 0.082648),0.844640 (0.762300 + 0.082340),0.865394 (0.783000 + 0.082394),0.863783 (0.781200 + 0.082583),0.845292 (0.763200 + 0.082092),0.850098 (0.767700 + 0.082398),0.844038 (0.762300 + 0.081738),0.852881 (0.770400 + 0.082481),0.848369 (0.765900 + 0.082469),0.848382 (0.765900 + 0.082482),0.864309 (0.782100 + 0.082209),0.853793 (0.771300 + 0.082493),0.861822 (0.779400 + 0.082422),0.862823 (0.780300 + 0.082523),0.870056 (0.787500 + 0.082556),0.863712 (0.781200 + 0.082512),0.864729 (0.782100 + 0.082629),0.860577 (0.777600 + 0.082977),0.862070 (0.779400 + 0.082670)
47,0.872946 (0.790200 + 0.082746),0.854695 (0.772200 + 0.082495),0.853948 (0.771300 + 0.082648),0.859017 (0.776700 + 0.082317),0.864118 (0.781200 + 0.082918),0.864729 (0.782100 + 0.082629),0.861899 (0.779400 + 0.082499),0.855301 (0.773100 + 0.082201),0.868768 (0.785700 + 0.083068),0.862160 (0.779400 + 0.082760),0.864752 (0.782100 + 0.082652),0.856407 (0.774000 + 0.082407),0.860306 (0.777600 + 0.082706),0.865603 (0.783000 + 0.082603),0.863454 (0.781200 + 0.082254),0.857978 (0.775800 + 0.082178),0.849976 (0.767700 + 0.082276),0.845832 (0.763200 + 0.082632),0.872164 (0.790200 + 0.081964),0.868218 (0.785700 + 0.082518),0.861002 (0.778500 + 0.082502),0.860325 (0.777600 + 0.082725),0.852937 (0.770400 + 0.082537),0.852488 (0.771300 + 0.081188),0.862823 (0.780300 + 0.082523),0.866112 (0.783900 + 0.082212),0.862538 (0.780300 + 0.082238),0.849429 (0.766800 + 0.082629),0.858552 (0.775800 + 0.082752),0.857972 (0.775800 + 0.082172),0.865705 (0.783000 + 0.082705),0.864796 (0.782100 + 0.082696),0.864309 (0.782100 + 0.082209),0.850350 (0.767700 + 0.082650),0.857379 (0.775800 + 0.081579),0.849497 (0.766800 + 0.082697),0.860181 (0.777600 + 0.082581),0.856050 (0.773100 + 0.082950),0.859327 (0.776700 + 0.082627),0.864759 (0.782100 + 0.082659),0.861998 (0.779400 + 0.082598),0.855479 (0.773100 + 0.082379),0.837288 (0.755100 + 0.082188),0.857808 (0.774900 + 0.082908),0.851653 (0.769500 + 0.082153),0.864310 (0.782100 + 0.082210),0.870054 (0.787500 + 0.082554),0.866051 (0.783900 + 0.082151),0.851834 (0.769500 + 0.082334),0.861047 (0.778500 + 0.082547),0.864443 (0.782100 + 0.082343),0.843813 (0.761400 + 0.082413),0.869158 (0.786600 + 0.082558),0.846999 (0.764100 + 0.082899),0.864691 (0.782100 + 0.082591),0.837430 (0.755100 + 0.082330),0.863783 (0.781200 + 0.082583),0.875595 (0.792900 + 0.082695),0.867407 (0.784800 + 0.082607),0.857481 (0.774900 + 0.082581),0.865607 (0.783000 + 0.082607),0.864573 (0.782100 + 0.082473),0.846029 (0.763200 + 0.082829),0.867690 (0.784800 + 0.082890),0.852109 (0.769500 + 0.082609),0.856446 (0.774000 + 0.082446),0.844937 (0.762300 + 0.082637),0.863179 (0.780300 + 0.082879),0.845581 (0.763200 + 0.082381),0.858297 (0.775800 + 0.082497)
48,0.875595 (0.792900 + 0.082695),0.867056 (0.784800 + 0.082256),0.855701 (0.773100 + 0.082601),0.859968 (0.777600 + 0.082368),0.862072 (0.779400 + 0.082672),0.850072 (0.767700 + 0.082372),0.863093 (0.780300 + 0.082793),0.853505 (0.771300 + 0.082205),0.840761 (0.758700 + 0.082061),0.865233 (0.783000 + 0.082233),0.867454 (0.784800 + 0.082654),0.857075 (0.774900 + 0.082175),0.856992 (0.774000 + 0.082992),0.862444 (0.780300 + 0.082144),0.840748 (0.758700 + 0.082048),0.859883 (0.777600 + 0.082283),0.852005 (0.769500 + 0.082505),0.859278 (0.776700 + 0.082578),0.851809 (0.769500 + 0.082309),0.851428 (0.769500 + 0.081928),0.863179 (0.780300 + 0.082879),0.854296 (0.772200 + 0.082096),0.860970 (0.778500 + 0.082470),0.862877 (0.780300 + 0.082577),0.849522 (0.766800 + 0.082722),0.847189 (0.765000 + 0.082189),0.855057 (0.772200 + 0.082857),0.864796 (0.782100 + 0.082696),0.850888 (0.768600 + 0.082288),0.861310 (0.778500 + 0.082810),0.864943 (0.782100 + 0.082843),0.852474 (0.769500 + 0.082974),0.850866 (0.768600 + 0.082266),0.851995 (0.770400 + 0.081595),0.862015 (0.779400 + 0.082615),0.859914 (0.777600 + 0.082314),0.844267 (0.761400 + 0.082867),0.858467 (0.775800 + 0.082667),0.864906 (0.782100 + 0.082806),0.862160 (0.779400 + 0.082760),0.861998 (0.779400 + 0.082598),0.859350 (0.776700 + 0.082650),0.860382 (0.777600 + 0.082782),0.850913 (0.768600 + 0.082313),0.856678 (0.774000 + 0.082678),0.854932 (0.772200 + 0.082733),0.868382 (0.785700 + 0.082682),0.855389 (0.773100 + 0.082289),0.851187 (0.769500 + 0.081687),0.848225 (0.765900 + 0.082325),0.862688 (0.780300 + 0.082388),0.854852 (0.772200 + 0.082652),0.863766 (0.781200 + 0.082566),0.848328 (0.766800 + 0.081528),0.854855 (0.772200 + 0.082655),0.860956 (0.778500 + 0.082456),0.858123 (0.775800 + 0.082323),0.854680 (0.772200 + 0.082480),0.847475 (0.765000 + 0.082475),0.856578 (0.774000 + 0.082578),0.864785 (0.782100 + 0.082685),0.855820 (0.773100 + 0.082720),0.863568 (0.781200 + 0.082368),0.851480 (0.768600 + 0.082880),0.861453 (0.779400 + 0.082053),0.853447 (0.770400 + 0.083047),0.858685 (0.776700 + 0.081985),0.860828 (0.778500 + 0.082328),0.853966 (0.771300 + 0.082666),0.859259 (0.776700 + 0.082559)
49,0.875595 (0.792900 + 0.082695),0.861453 (0.779400 + 0.082053),0.861310 (0.778500 + 0.082810),0.855225 (0.773100 + 0.082125),0.857632 (0.774900 + 0.082732),0.852793 (0.771300 + 0.081493),0.853966 (0.771300 + 0.082666),0.856308 (0.774000 + 0.082308),0.857036 (0.774900 + 0.082136),0.875595 (0.792900 + 0.082695),0.875595 (0.792900 + 0.082695),0.868382 (0.785700 + 0.082682),0.858123 (0.775800 + 0.082323),0.868892 (0.786600 + 0.082292),0.849231 (0.766800 + 0.082431),0.863568 (0.781200 + 0.082368),0.863568 (0.781200 + 0.082368),0.851002 (0.768600 + 0.082402),0.860326 (0.777600 + 0.082726),0.854794 (0.772200 + 0.082594),0.860702 (0.777600 + 0.083102),0.853372 (0.771300 + 0.082072),0.857749 (0.774900 + 0.082849),0.853646 (0.771300 + 0.082346),0.856479 (0.774000 + 0.082479),0.849045 (0.766800 + 0.082245),0.850519 (0.767700 + 0.082819),0.866553 (0.783900 + 0.082653),0.865560 (0.783000 + 0.082560),0.856739 (0.774000 + 0.082739),0.858554 (0.775800 + 0.082754),0.868006 (0.785700 + 0.082306),0.875546 (0.792900 + 0.082646),0.868006 (0.785700 + 0.082306),0.865605 (0.783000 + 0.082605),0.860087 (0.777600 + 0.082487),0.857702 (0.774900 + 0.082802),0.864115 (0.781200 + 0.082915),0.859900 (0.777600 + 0.082300),0.854738 (0.772200 + 0.082538),0.848654 (0.766800 + 0.081854),0.853012 (0.770400 + 0.082612),0.858458 (0.775800 + 0.082658),0.862439 (0.780300 + 0.082139),0.857097 (0.774900 + 0.082197),0.841812 (0.759600 + 0.082212),0.857379 (0.774900 + 0.082479),0.855719 (0.773100 + 0.082619),0.846463 (0.764100 + 0.082363),0.865421 (0.783000 + 0.082421),0.849283 (0.766800 + 0.082483),0.861779 (0.779400 + 0.082379),0.851854 (0.769500 + 0.082354),0.859661 (0.777600 + 0.082061),0.851942 (0.769500 + 0.082442),0.858670 (0.775800 + 0.082870),0.870126 (0.787500 + 0.082626),0.863314 (0.780300 + 0.083014),0.858569 (0.775800 + 0.082769),0.864943 (0.782100 + 0.082843),0.860382 (0.777600 + 0.082782),0.860621 (0.777600 + 0.083021),0.839756 (0.757800 + 0.081956),0.866793 (0.783900 + 0.082893),0.852862 (0.770400 + 0.082462),0.856931 (0.774000 + 0.082931),0.860239 (0.777600 + 0.082639),0.861981 (0.779400 + 0.082581),0.857825 (0.775800 + 0.082025),0.853387 (0.770400 + 0.082987)
50,0.875595 (0.792900 + 0.082695),0.853821 (0.771300 + 0.082521),0.858797 (0.776700 + 0.082097),0.860427 (0.777600 + 0.082827),0.859900 (0.777600 + 0.082300),0.848150 (0.765900 + 0.082250),0.857399 (0.774900 + 0.082499),0.859456 (0.776700 + 0.082756),0.848672 (0.765900 + 0.082772),0.864658 (0.782100 + 0.082558),0.865121 (0.783000 + 0.082121),0.860821 (0.778500 + 0.082321),0.863910 (0.781200 + 0.082710),0.865605 (0.783000 + 0.082605),0.860239 (0.777600 + 0.082639),0.869223 (0.786600 + 0.082623),0.861051 (0.778500 + 0.082551),0.864742 (0.782100 + 0.082642),0.871259 (0.788400 + 0.082859),0.870058 (0.787500 + 0.082558),0.861754 (0.779400 + 0.082354),0.848667 (0.765900 + 0.082767),0.853567 (0.771300 + 0.082267),0.856555 (0.774000 + 0.082554),0.863247 (0.780300 + 0.082947),0.858190 (0.775800 + 0.082390),0.858202 (0.775800 + 0.082402),0.862803 (0.780300 + 0.082503),0.869148 (0.786600 + 0.082548),0.855948 (0.773100 + 0.082848),0.863002 (0.780300 + 0.082702),0.851049 (0.768600 + 0.082449),0.849776 (0.767700 + 0.082077),0.855189 (0.773100 + 0.082089),0.858971 (0.776700 + 0.082271),0.855691 (0.773100 + 0.082591),0.850245 (0.767700 + 0.082545),0.851215 (0.769500 + 0.081715),0.862567 (0.780300 + 0.082267),0.861401 (0.778500 + 0.082901),0.859744 (0.776700 + 0.083044),0.859568 (0.776700 + 0.082868),0.853156 (0.770400 + 0.082756),0.856180 (0.774000 + 0.082180),0.874464 (0.792000 + 0.082464),0.859870 (0.776700 + 0.083170),0.861982 (0.779400 + 0.082582),0.851517 (0.768600 + 0.082917),0.850465 (0.767700 + 0.082765),0.875546 (0.792900 + 0.082646),0.854738 (0.772200 + 0.082538),0.863623 (0.781200 + 0.082423),0.856348 (0.774000 + 0.082347),0.848659 (0.766800 + 0.081859),0.854924 (0.772200 + 0.082724),0.855108 (0.772200 + 0.082908),0.858758 (0.775800 + 0.082958),0.858895 (0.776700 + 0.082195),0.868847 (0.786600 + 0.082247),0.857252 (0.774900 + 0.082352),0.860981 (0.778500 + 0.082481),0.855207 (0.773100 + 0.082107),0.864532 (0.782100 + 0.082432),0.871946 (0.789300 + 0.082646),0.857675 (0.774900 + 0.082775),0.862826 (0.780300 + 0.082526),0.854180 (0.772200 + 0.081980),0.855239 (0.773100 + 0.082139),0.863189 (0.780300 + 0.082889),0.857711 (0.774900 + 0.082811)
51,0.875595 (0.792900 + 0.082695),0.863623 (0.781200 + 0.082423),0.860427 (0.777600 + 0.082827),0.867563 (0.784800 + 0.082763),0.843997 (0.761400 + 0.082597),0.878384 (0.795600 + 0.082784),0.859462 (0.776700 + 0.082762),0.864704 (0.782100 + 0.082604),0.855973 (0.773100 + 0.082873),0.854782 (0.772200 + 0.082582),0.860263 (0.777600 + 0.082663),0.848429 (0.765900 + 0.082529),0.872887 (0.790200 + 0.082687),0.859755 (0.777600 + 0.082155),0.871798 (0.789300 + 0.082498),0.870875 (0.788400 + 0.082475),0.858262 (0.775800 + 0.082462),0.875595 (0.792900 + 0.082695),0.870310 (0.787500 + 0.082810),0.857533 (0.774900 + 0.082633),0.860131 (0.777600 + 0.082531),0.858832 (0.776700 + 0.082132),0.858477 (0.775800 + 0.082677),0.856958 (0.774900 + 0.082058),0.855466 (0.773100 + 0.082366),0.865685 (0.783000 + 0.082685),0.871572 (0.789300 + 0.082272),0.857862 (0.775800 + 0.082062),0.861499 (0.779400 + 0.082099),0.853659 (0.771300 + 0.082359),0.863910 (0.781200 + 0.082710),0.855760 (0.773100 + 0.082660),0.861372 (0.778500 + 0.082872),0.864599 (0.782100 + 0.082499),0.864808 (0.782100 + 0.082708),0.860378 (0.777600 + 0.082778),0.850522 (0.767700 + 0.082822),0.849128 (0.766800 + 0.082328),0.860100 (0.777600 + 0.082500),0.864663 (0.782100 + 0.082563),0.862765 (0.780300 + 0.082465),0.857638 (0.774900 + 0.082738),0.871042 (0.788400 + 0.082642),0.870076 (0.787500 + 0.082577),0.868382 (0.785700 + 0.082682),0.860200 (0.777600 + 0.082600),0.856695 (0.774000 + 0.082695),0.849584 (0.767700 + 0.081884),0.847481 (0.765000 + 0.082481),0.851026 (0.768600 + 0.082426),0.866542 (0.783900 + 0.082642),0.865887 (0.783000 + 0.082887),0.856361 (0.774000 + 0.082361),0.851775 (0.769500 + 0.082275),0.858295 (0.775800 + 0.082495),0.866899 (0.784800 + 0.082100),0.853138 (0.770400 + 0.082738),0.865121 (0.783000 + 0.082121),0.858604 (0.775800 + 0.082804),0.870327 (0.787500 + 0.082827),0.853824 (0.771300 + 0.082524),0.846523 (0.764100 + 0.082423),0.861076 (0.778500 + 0.082576),0.847229 (0.765000 + 0.082229),0.860411 (0.778500 + 0.081911),0.870058 (0.787500 + 0.082558),0.864742 (0.782100 + 0.082642),0.866600 (0.783900 + 0.082700),0.871774 (0.789300 + 0.082474),0.865291 (0.783000 + 0.082291)
52,0.878384 (0.795600 + 0.082784),0.860299 (0.777600 + 0.082699),0.859258 (0.776700 + 0.082558),0.855387 (0.773100 + 0.082287),0.863471 (0.781200 + 0.082271),0.862208 (0.779400 + 0.082808),0.866265 (0.783900 + 0.082365),0.864567 (0.782100 + 0.082467),0.862152 (0.779400 + 0.082752),0.853718 (0.771300 + 0.082418),0.852945 (0.770400 + 0.082545),0.864037 (0.782100 + 0.081937),0.852948 (0.770400 + 0.082548),0.856923 (0.774900 + 0.082023),0.861831 (0.779400 + 0.082431),0.866479 (0.783900 + 0.082579),0.856741 (0.774000 + 0.082741),0.862770 (0.780300 + 0.082470),0.845581 (0.763200 + 0.082381),0.859335 (0.776700 + 0.082635),0.854963 (0.772200 + 0.082763),0.854949 (0.773100 + 0.081849),0.852437 (0.770400 + 0.082037),0.867483 (0.784800 + 0.082683),0.846548 (0.764100 + 0.082448),0.857508 (0.774900 + 0.082608),0.853066 (0.770400 + 0.082666),0.859997 (0.777600 + 0.082397),0.854559 (0.772200 + 0.082359),0.856676 (0.774000 + 0.082676),0.876343 (0.793800 + 0.082543),0.863910 (0.781200 + 0.082710),0.859755 (0.777600 + 0.082155),0.860515 (0.777600 + 0.082915),0.871767 (0.789300 + 0.082467),0.871798 (0.789300 + 0.082498),0.860131 (0.777600 + 0.082531),0.875107 (0.792900 + 0.082207),0.858805 (0.775800 + 0.083005),0.846788 (0.764100 + 0.082688),0.858615 (0.775800 + 0.082815),0.865111 (0.783000 + 0.082111),0.871242 (0.788400 + 0.082842),0.869691 (0.786600 + 0.083091),0.858163 (0.775800 + 0.082363),0.852738 (0.770400 + 0.082338),0.861681 (0.779400 + 0.082281),0.851438 (0.768600 + 0.082839),0.862683 (0.780300 + 0.082383),0.855045 (0.773100 + 0.081945),0.850128 (0.767700 + 0.082428),0.871798 (0.789300 + 0.082498),0.871572 (0.789300 + 0.082272),0.868382 (0.785700 + 0.082682),0.851889 (0.769500 + 0.082389),0.866864 (0.783900 + 0.082964),0.855437 (0.773100 + 0.082337),0.861253 (0.778500 + 0.082753),0.860100 (0.777600 + 0.082500),0.870058 (0.787500 + 0.082558),0.859755 (0.777600 + 0.082155),0.861817 (0.779400 + 0.082418),0.868432 (0.785700 + 0.082732),0.850457 (0.767700 + 0.082757),0.861377 (0.778500 + 0.082877),0.864839 (0.782100 + 0.082739),0.867387 (0.784800 + 0.082587),0.862945 (0.780300 + 0.082645),0.861968 (0.779400 + 0.082568),0.857962 (0.775800 + 0.082162)
53,0.878384 (0.795600 + 0.082784),0.871767 (0.789300 + 0.082467),0.847268 (0.765000 + 0.082268),0.849676 (0.767700 + 0.081976),0.865740 (0.783000 + 0.082740),0.845431 (0.763200 + 0.082231),0.862770 (0.780300 + 0.082470),0.871108 (0.788400 + 0.082708),0.867402 (0.784800 + 0.082602),0.843019 (0.760500 + 0.082519),0.860743 (0.778500 + 0.082243),0.846451 (0.764100 + 0.082351),0.860885 (0.778500 + 0.082385),0.862142 (0.779400 + 0.082742),0.862799 (0.780300 + 0.082499),0.857329 (0.774900 + 0.082429),0.856621 (0.774000 + 0.082621),0.859019 (0.776700 + 0.082319),0.866567 (0.783900 + 0.082667),0.856654 (0.774000 + 0.082654),0.870310 (0.787500 + 0.082810),0.871005 (0.788400 + 0.082605),0.855747 (0.773100 + 0.082647),0.863716 (0.781200 + 0.082516),0.858262 (0.775800 + 0.082462),0.863910 (0.781200 + 0.082710),0.854420 (0.772200 + 0.082220),0.871238 (0.788400 + 0.082838),0.871767 (0.789300 + 0.082467),0.866680 (0.783900 + 0.082780),0.861503 (0.779400 + 0.082103),0.860785 (0.778500 + 0.082285),0.866647 (0.783900 + 0.082747),0.868767 (0.786600 + 0.082167),0.855875 (0.773100 + 0.082775),0.850676 (0.767700 + 0.082976),0.857491 (0.774900 + 0.082591),0.862227 (0.779400 + 0.082827),0.873664 (0.791100 + 0.082564),0.862791 (0.780300 + 0.082491),0.863761 (0.781200 + 0.082561),0.862205 (0.780300 + 0.081905),0.858330 (0.775800 + 0.082530),0.857342 (0.774900 + 0.082442),0.851943 (0.769500 + 0.082443),0.878384 (0.795600 + 0.082784),0.864839 (0.782100 + 0.082739),0.866449 (0.783900 + 0.082549),0.864756 (0.782100 + 0.082656),0.854950 (0.772200 + 0.082750),0.836415 (0.754200 + 0.082215),0.866310 (0.783900 + 0.082410),0.843741 (0.761400 + 0.082341),0.865573 (0.783000 + 0.082573),0.868437 (0.785700 + 0.082737),0.856936 (0.774000 + 0.082936),0.868408 (0.785700 + 0.082708),0.856072 (0.773100 + 0.082972),0.859329 (0.776700 + 0.082629),0.861063 (0.778500 + 0.082563),0.860804 (0.777600 + 0.083204),0.866715 (0.783900 + 0.082815),0.853698 (0.771300 + 0.082399),0.862111 (0.779400 + 0.082711),0.865033 (0.782100 + 0.082933),0.869475 (0.786600 + 0.082875),0.846748 (0.764100 + 0.082648),0.869184 (0.786600 + 0.082584),0.864542 (0.782100 + 0.082442),0.876343 (0.793800 + 0.082543)
54,0.878384 (0.795600 + 0.082784),0.853217 (0.771300 + 0.081918),0.866022 (0.783000 + 0.083022),0.851885 (0.769500 + 0.082385),0.867538 (0.784800 + 0.082738),0.852027 (0.769500 + 0.082527),0.860345 (0.777600 + 0.082745),0.863700 (0.780300 + 0.083400),0.861860 (0.779400 + 0.082460),0.863947 (0.781200 + 0.082747),0.862659 (0.780300 + 0.082359),0.874627 (0.792000 + 0.082627),0.857796 (0.774900 + 0.082896),0.870845 (0.788400 + 0.082445),0.867305 (0.784800 + 0.082505),0.873557 (0.791100 + 0.082457),0.866291 (0.783900 + 0.082391),0.858832 (0.776700 + 0.082132),0.855772 (0.773100 + 0.082672),0.864973 (0.782100 + 0.082873),0.862709 (0.780300 + 0.082409),0.859015 (0.776700 + 0.082315),0.855252 (0.773100 + 0.082152),0.863684 (0.781200 + 0.082484),0.866715 (0.783900 + 0.082815),0.866486 (0.783900 + 0.082587),0.857543 (0.774900 + 0.082643),0.845637 (0.763200 + 0.082437),0.861211 (0.778500 + 0.082711),0.868767 (0.786600 + 0.082167),0.863761 (0.781200 + 0.082561),0.853835 (0.771300 + 0.082535),0.856531 (0.774000 + 0.082531),0.871076 (0.788400 + 0.082676),0.852158 (0.770400 + 0.081758),0.868135 (0.785700 + 0.082435),0.860018 (0.777600 + 0.082418),0.868317 (0.785700 + 0.082617),0.856330 (0.774000 + 0.082330),0.858741 (0.775800 + 0.082941),0.870084 (0.787500 + 0.082584),0.865204 (0.783000 + 0.082204),0.862554 (0.779400 + 0.083154),0.848650 (0.766800 + 0.081850),0.863875 (0.781200 + 0.082675),0.861037 (0.778500 + 0.082537),0.856215 (0.774000 + 0.082215),0.869471 (0.786600 + 0.082871),0.862152 (0.779400 + 0.082752),0.852952 (0.770400 + 0.082552),0.866648 (0.783900 + 0.082748),0.862173 (0.779400 + 0.082773),0.860564 (0.778500 + 0.082064),0.858857 (0.776700 + 0.082157),0.842732 (0.760500 + 0.082232),0.862736 (0.780300 + 0.082436),0.859665 (0.776700 + 0.082965),0.871812 (0.789300 + 0.082512),0.859869 (0.777600 + 0.082269),0.865487 (0.783000 + 0.082487),0.863059 (0.780300 + 0.082759),0.859309 (0.776700 + 0.082609),0.857139 (0.774900 + 0.082239),0.866911 (0.783900 + 0.083011),0.871139 (0.788400 + 0.082739),0.864763 (0.782100 + 0.082663),0.867694 (0.784800 + 0.082894),0.861002 (0.778500 + 0.082502),0.860023 (0.777600 + 0.082423),0.871767 (0.789300 + 0.082467)
55,0.878384 (0.795600 + 0.082784),0.870036 (0.787500 + 0.082536),0.861961 (0.779400 + 0.082561),0.875592 (0.792900 + 0.082692),0.871011 (0.788400 + 0.082611),0.873421 (0.791100 + 0.082321),0.864613 (0.782100 + 0.082513),0.863719 (0.781200 + 0.082520),0.853416 (0.770400 + 0.083016),0.857858 (0.775800 + 0.082058),0.859847 (0.777600 + 0.082247),0.861985 (0.779400 + 0.082585),0.857605 (0.775800 + 0.081805),0.864345 (0.782100 + 0.082245),0.862791 (0.780300 + 0.082491),0.849387 (0.766800 + 0.082587),0.860781 (0.777600 + 0.083181),0.865724 (0.783000 + 0.082724),0.857489 (0.774900 + 0.082589),0.863497 (0.781200 + 0.082297),0.870947 (0.787500 + 0.083447),0.859042 (0.776700 + 0.082342),0.866385 (0.783900 + 0.082485),0.871261 (0.788400 + 0.082861),0.861905 (0.779400 + 0.082505),0.874543 (0.792000 + 0.082543),0.876111 (0.792900 + 0.083211),0.870845 (0.788400 + 0.082445),0.870845 (0.788400 + 0.082445),0.855113 (0.773100 + 0.082013),0.857265 (0.774900 + 0.082365),0.862516 (0.780300 + 0.082216),0.871011 (0.788400 + 0.082611),0.853798 (0.771300 + 0.082498),0.855260 (0.773100 + 0.082160),0.866565 (0.783900 + 0.082665),0.858027 (0.775800 + 0.082227),0.863928 (0.781200 + 0.082728),0.853738 (0.771300 + 0.082438),0.866817 (0.783900 + 0.082917),0.860220 (0.777600 + 0.082620),0.856967 (0.774000 + 0.082967),0.860779 (0.778500 + 0.082279),0.861252 (0.778500 + 0.082752),0.858616 (0.776700 + 0.081916),0.863792 (0.781200 + 0.082592),0.864736 (0.782100 + 0.082636),0.868819 (0.786600 + 0.082219),0.865798 (0.783000 + 0.082798),0.854147 (0.771300 + 0.082847),0.867463 (0.784800 + 0.082663),0.873819 (0.791100 + 0.082719),0.848390 (0.765900 + 0.082489),0.843171 (0.760500 + 0.082671),0.864070 (0.781200 + 0.082870),0.867470 (0.784800 + 0.082670),0.858633 (0.776700 + 0.081933),0.859332 (0.776700 + 0.082632),0.865124 (0.783000 + 0.082124),0.858493 (0.775800 + 0.082693),0.860076 (0.777600 + 0.082476),0.862989 (0.780300 + 0.082689),0.866179 (0.783000 + 0.083179),0.866039 (0.783000 + 0.083039),0.871107 (0.788400 + 0.082707),0.864893 (0.782100 + 0.082793),0.859956 (0.777600 + 0.082356),0.856642 (0.774000 + 0.082642),0.852880 (0.770400 + 0.082480),0.869340 (0.786600 + 0.082740)
56,0.878384 (0.795600 + 0.082784),0.867503 (0.784800 + 0.082703),0.858392 (0.775800 + 0.082592),0.859864 (0.777600 + 0.082264),0.858931 (0.776700 + 0.082231),0.872918 (0.790200 + 0.082718),0.860117 (0.776700 + 0.083417),0.855528 (0.773100 + 0.082428),0.870304 (0.787500 + 0.082804),0.854799 (0.772200 + 0.082599),0.864662 (0.782100 + 0.082562),0.855572 (0.773100 + 0.082472),0.867982 (0.785700 + 0.082282),0.872163 (0.789300 + 0.082863),0.859441 (0.776700 + 0.082741),0.871011 (0.788400 + 0.082611),0.871011 (0.788400 + 0.082611),0.864736 (0.782100 + 0.082636),0.858027 (0.775800 + 0.082227),0.859846 (0.776700 + 0.083146),0.865477 (0.783000 + 0.082477),0.859554 (0.776700 + 0.082854),0.866468 (0.783900 + 0.082568),0.873356 (0.791100 + 0.082256),0.869550 (0.786600 + 0.082950),0.849470 (0.766800 + 0.082670),0.863588 (0.781200 + 0.082388),0.866508 (0.783900 + 0.082608),0.878368 (0.795600 + 0.082768),0.850916 (0.767700 + 0.083216),0.857097 (0.774000 + 0.083097),0.870909 (0.788400 + 0.082509),0.853655 (0.771300 + 0.082355),0.868536 (0.785700 + 0.082836),0.859146 (0.776700 + 0.082446),0.878368 (0.795600 + 0.082768),0.867681 (0.784800 + 0.082881),0.858410 (0.775800 + 0.082610),0.862242 (0.780300 + 0.081942),0.867754 (0.784800 + 0.082954),0.868857 (0.785700 + 0.083157),0.862131 (0.779400 + 0.082731),0.871931 (0.789300 + 0.082631),0.848186 (0.765900 + 0.082286),0.853457 (0.771300 + 0.082157),0.859808 (0.777600 + 0.082208),0.862886 (0.780300 + 0.082586),0.864677 (0.782100 + 0.082577),0.875607 (0.792900 + 0.082707),0.874731 (0.792000 + 0.082731),0.858356 (0.775800 + 0.082556),0.856443 (0.774000 + 0.082443),0.867348 (0.784800 + 0.082548),0.866360 (0.783900 + 0.082460),0.860746 (0.778500 + 0.082246),0.857141 (0.774900 + 0.082241),0.870169 (0.787500 + 0.082669),0.863882 (0.781200 + 0.082682),0.856829 (0.774000 + 0.082829),0.863497 (0.781200 + 0.082297),0.859119 (0.776700 + 0.082419),0.867054 (0.784800 + 0.082254),0.867401 (0.784800 + 0.082602),0.865655 (0.783000 + 0.082655),0.861935 (0.779400 + 0.082535),0.867542 (0.784800 + 0.082742),0.876368 (0.793800 + 0.082568),0.872379 (0.790200 + 0.082179),0.862614 (0.780300 + 0.082314),0.850690 (0.768600 + 0.082090)
57,0.878384 (0.795600 + 0.082784),0.870101 (0.787500 + 0.082601),0.873869 (0.791100 + 0.082769),0.860955 (0.778500 + 0.082455),0.869122 (0.786600 + 0.082522),0.862872 (0.780300 + 0.082572),0.854737 (0.772200 + 0.082537),0.870108 (0.787500 + 0.082608),0.864606 (0.782100 + 0.082506),0.866547 (0.783900 + 0.082647),0.856386 (0.773100 + 0.083286),0.866788 (0.784800 + 0.081988),0.867348 (0.784800 + 0.082548),0.869852 (0.787500 + 0.082352),0.860669 (0.778500 + 0.082169),0.853452 (0.771300 + 0.082152),0.860250 (0.777600 + 0.082650),0.853802 (0.771300 + 0.082502),0.855524 (0.773100 + 0.082424),0.861437 (0.778500 + 0.082937),0.870981 (0.788400 + 0.082581),0.840942 (0.758700 + 0.082242),0.872904 (0.790200 + 0.082704),0.861166 (0.778500 + 0.082666),0.865584 (0.783000 + 0.082584),0.857375 (0.774900 + 0.082475),0.850189 (0.767700 + 0.082489),0.867378 (0.784800 + 0.082578),0.853897 (0.771300 + 0.082597),0.860063 (0.777600 + 0.082463),0.875508 (0.792900 + 0.082608),0.871967 (0.789300 + 0.082667),0.862087 (0.779400 + 0.082687),0.878368 (0.795600 + 0.082768),0.867542 (0.784800 + 0.082742),0.867567 (0.784800 + 0.082767),0.868813 (0.786600 + 0.082213),0.852158 (0.769500 + 0.082658),0.862888 (0.780300 + 0.082588),0.878618 (0.795600 + 0.083018),0.861496 (0.778500 + 0.082996),0.870304 (0.787500 + 0.082804),0.870304 (0.787500 + 0.082804),0.856456 (0.773100 + 0.083356),0.864542 (0.782100 + 0.082442),0.867211 (0.784800 + 0.082411),0.855549 (0.773100 + 0.082449),0.857727 (0.774900 + 0.082827),0.859541 (0.777600 + 0.081941),0.866648 (0.783900 + 0.082748),0.865106 (0.782100 + 0.083006),0.860909 (0.778500 + 0.082409),0.863588 (0.781200 + 0.082388),0.861337 (0.778500 + 0.082837),0.862982 (0.780300 + 0.082682),0.855874 (0.773100 + 0.082774),0.865878 (0.783000 + 0.082878),0.866601 (0.783900 + 0.082701),0.863503 (0.781200 + 0.082303),0.867665 (0.784800 + 0.082865),0.857279 (0.774900 + 0.082379),0.862877 (0.780300 + 0.082577),0.861754 (0.779400 + 0.082354),0.869405 (0.786600 + 0.082805),0.854272 (0.772200 + 0.082072),0.866084 (0.783900 + 0.082184),0.860137 (0.777600 + 0.082537),0.867884 (0.784800 + 0.083085),0.851920 (0.769500 + 0.082420),0.863342 (0.781200 + 0.082143)
58,0.878618 (0.795600 + 0.083018),0.861146 (0.778500 + 0.082646),0.863324 (0.780300 + 0.083024),0.853889 (0.771300 + 0.082589),0.870108 (0.787500 + 0.082608),0.866761 (0.783900 + 0.082861),0.866547 (0.783900 + 0.082647),0.858576 (0.775800 + 0.082776),0.862453 (0.779400 + 0.083053),0.856228 (0.774000 + 0.082228),0.869344 (0.786600 + 0.082744),0.873869 (0.791100 + 0.082769),0.878384 (0.795600 + 0.082784),0.861862 (0.779400 + 0.082462),0.863782 (0.781200 + 0.082582),0.871103 (0.788400 + 0.082703),0.872447 (0.790200 + 0.082247),0.867500 (0.784800 + 0.082700),0.861273 (0.778500 + 0.082773),0.862144 (0.779400 + 0.082744),0.862526 (0.780300 + 0.082226),0.867567 (0.784800 + 0.082767),0.861531 (0.779400 + 0.082131),0.869390 (0.786600 + 0.082790),0.859208 (0.776700 + 0.082508),0.863705 (0.781200 + 0.082505),0.857601 (0.774900 + 0.082701),0.868174 (0.785700 + 0.082474),0.860453 (0.777600 + 0.082853),0.872743 (0.790200 + 0.082543),0.864846 (0.782100 + 0.082746),0.870981 (0.788400 + 0.082581),0.864594 (0.782100 + 0.082494),0.864561 (0.782100 + 0.082461),0.862070 (0.779400 + 0.082670),0.869348 (0.786600 + 0.082748),0.862951 (0.780300 + 0.082651),0.860277 (0.777600 + 0.082677),0.864147 (0.781200 + 0.082947),0.867692 (0.785700 + 0.081992),0.862792 (0.780300 + 0.082492),0.858502 (0.775800 + 0.082702),0.866361 (0.783900 + 0.082461),0.869209 (0.786600 + 0.082609),0.845014 (0.762300 + 0.082714),0.859833 (0.777600 + 0.082233),0.852697 (0.770400 + 0.082297),0.868873 (0.786600 + 0.082273),0.860709 (0.778500 + 0.082209),0.867947 (0.784800 + 0.083147),0.868249 (0.785700 + 0.082549),0.867109 (0.784800 + 0.082309),0.870885 (0.788400 + 0.082485),0.862750 (0.780300 + 0.082450),0.871563 (0.789300 + 0.082263),0.870108 (0.787500 + 0.082608),0.861166 (0.778500 + 0.082666),0.872688 (0.790200 + 0.082488),0.859177 (0.776700 + 0.082477),0.862611 (0.780300 + 0.082311),0.865183 (0.783000 + 0.082183),0.866679 (0.783900 + 0.082779),0.851502 (0.768600 + 0.082902),0.874754 (0.792000 + 0.082754),0.870282 (0.787500 + 0.082782),0.865958 (0.783000 + 0.082958),0.841092 (0.758700 + 0.082392),0.866542 (0.783900 + 0.082642),0.862151 (0.779400 + 0.082751),0.864615 (0.782100 + 0.082515)
59,0.878618 (0.795600 + 0.083018),0.864544 (0.782100 + 0.082444),0.868270 (0.785700 + 0.082570),0.870937 (0.788400 + 0.082537),0.865696 (0.783000 + 0.082697),0.865198 (0.783000 + 0.082198),0.861238 (0.778500 + 0.082738),0.858267 (0.775800 + 0.082467),0.862154 (0.779400 + 0.082754),0.878384 (0.795600 + 0.082784),0.864846 (0.782100 + 0.082746),0.863440 (0.781200 + 0.082241),0.864690 (0.782100 + 0.082590),0.867159 (0.784800 + 0.082359),0.863568 (0.781200 + 0.082368),0.861768 (0.779400 + 0.082368),0.862654 (0.780300 + 0.082354),0.864872 (0.782100 + 0.082772),0.863315 (0.781200 + 0.082115),0.874754 (0.792000 + 0.082754),0.867692 (0.785700 + 0.081992),0.865201 (0.783000 + 0.082201),0.851568 (0.768600 + 0.082968),0.872787 (0.790200 + 0.082587),0.870858 (0.788400 + 0.082458),0.869209 (0.786600 + 0.082609),0.860229 (0.777600 + 0.082629),0.872080 (0.789300 + 0.082780),0.872129 (0.789300 + 0.082829),0.848085 (0.765900 + 0.082185),0.864496 (0.782100 + 0.082396),0.862014 (0.779400 + 0.082614),0.863530 (0.781200 + 0.082330),0.867917 (0.785700 + 0.082217),0.870108 (0.787500 + 0.082608),0.863211 (0.781200 + 0.082012),0.871691 (0.789300 + 0.082391),0.870282 (0.787500 + 0.082782),0.864147 (0.781200 + 0.082947),0.863615 (0.781200 + 0.082415),0.871396 (0.789300 + 0.082096),0.873055 (0.790200 + 0.082855),0.860555 (0.778500 + 0.082055),0.865690 (0.783000 + 0.082690),0.863906 (0.781200 + 0.082706),0.860381 (0.777600 + 0.082781),0.864586 (0.782100 + 0.082486),0.862977 (0.780300 + 0.082677),0.869249 (0.786600 + 0.082649),0.865166 (0.783000 + 0.082166),0.861705 (0.779400 + 0.082305),0.863542 (0.781200 + 0.082343),0.869006 (0.786600 + 0.082406),0.867500 (0.784800 + 0.082700),0.872447 (0.790200 + 0.082247),0.863720 (0.781200 + 0.082520),0.856382 (0.774000 + 0.082382),0.869209 (0.786600 + 0.082609),0.864615 (0.782100 + 0.082515),0.867576 (0.784800 + 0.082776),0.858006 (0.775800 + 0.082206),0.867692 (0.785700 + 0.081992),0.867692 (0.785700 + 0.081992),0.857906 (0.775800 + 0.082106),0.863427 (0.780300 + 0.083127),0.866364 (0.783900 + 0.082464),0.865302 (0.783000 + 0.082302),0.854882 (0.772200 + 0.082682),0.867291 (0.784800 + 0.082491),0.874797 (0.792000 + 0.082797)
60,0.878618 (0.795600 + 0.083018),0.863562 (0.781200 + 0.082362),0.859344 (0.776700 + 0.082644),0.847078 (0.765000 + 0.082078),0.866509 (0.783900 + 0.082609),0.859497 (0.776700 + 0.082797),0.870185 (0.787500 + 0.082685),0.867498 (0.784800 + 0.082698),0.866677 (0.783900 + 0.082777),0.866273 (0.783900 + 0.082373),0.861227 (0.778500 + 0.082727),0.856763 (0.774000 + 0.082763),0.871897 (0.789300 + 0.082597),0.866525 (0.783900 + 0.082625),0.870090 (0.787500 + 0.082590),0.867808 (0.785700 + 0.082108),0.859251 (0.776700 + 0.082551),0.866311 (0.783900 + 0.082411),0.868043 (0.785700 + 0.082343),0.871205 (0.789300 + 0.081905),0.865337 (0.783000 + 0.082337),0.867599 (0.784800 + 0.082799),0.859265 (0.776700 + 0.082565),0.852110 (0.769500 + 0.082610),0.854342 (0.772200 + 0.082142),0.854256 (0.771300 + 0.082956),0.864624 (0.782100 + 0.082524),0.862367 (0.780300 + 0.082068),0.864817 (0.782100 + 0.082717),0.863751 (0.781200 + 0.082551),0.860507 (0.777600 + 0.082907),0.871917 (0.789300 + 0.082617),0.856927 (0.774900 + 0.082027),0.871278 (0.788400 + 0.082878),0.865627 (0.783000 + 0.082627),0.863353 (0.781200 + 0.082153),0.862556 (0.780300 + 0.082256),0.865201 (0.783000 + 0.082201),0.866364 (0.783900 + 0.082464),0.869421 (0.786600 + 0.082821),0.867527 (0.784800 + 0.082727),0.866301 (0.783900 + 0.082401),0.862338 (0.780300 + 0.082038),0.869065 (0.786600 + 0.082465),0.862222 (0.779400 + 0.082822),0.863933 (0.781200 + 0.082733),0.858639 (0.776700 + 0.081939),0.859136 (0.776700 + 0.082436),0.862021 (0.779400 + 0.082621),0.869256 (0.786600 + 0.082656),0.871827 (0.789300 + 0.082527),0.861495 (0.778500 + 0.082995),0.864713 (0.782100 + 0.082613),0.859813 (0.777600 + 0.082213),0.860053 (0.777600 + 0.082453),0.869116 (0.786600 + 0.082517),0.857249 (0.774900 + 0.082349),0.859577 (0.776700 + 0.082877),0.872640 (0.790200 + 0.082440),0.857635 (0.774900 + 0.082736),0.869344 (0.786600 + 0.082744),0.861273 (0.779400 + 0.081873),0.858131 (0.775800 + 0.082331),0.871669 (0.789300 + 0.082369),0.855253 (0.773100 + 0.082153),0.865423 (0.783000 + 0.082423),0.869761 (0.787500 + 0.082261),0.863304 (0.780300 + 0.083004),0.871939 (0.789300 + 0.082639),0.873163 (0.790200 + 0.082963)
61,0.878618 (0.795600 + 0.083018),0.857007 (0.774900 + 0.082107),0.865837 (0.783000 + 0.082837),0.866509 (0.783900 + 0.082609),0.862367 (0.780300 + 0.082068),0.862036 (0.779400 + 0.082636),0.855672 (0.773100 + 0.082572),0.864657 (0.782100 + 0.082557),0.868500 (0.785700 + 0.082800),0.865679 (0.783000 + 0.082679),0.868507 (0.785700 + 0.082807),0.864393 (0.782100 + 0.082293),0.868293 (0.785700 + 0.082593),0.863933 (0.781200 + 0.082733),0.852814 (0.770400 + 0.082414),0.869791 (0.787500 + 0.082291),0.857717 (0.775800 + 0.081917),0.860779 (0.778500 + 0.082279),0.862162 (0.779400 + 0.082762),0.870937 (0.788400 + 0.082537),0.862929 (0.780300 + 0.082629),0.875513 (0.792900 + 0.082613),0.861797 (0.779400 + 0.082397),0.860942 (0.778500 + 0.082442),0.865589 (0.783000 + 0.082589),0.853731 (0.771300 + 0.082431),0.861321 (0.778500 + 0.082821),0.869044 (0.786600 + 0.082444),0.868094 (0.785700 + 0.082394),0.868461 (0.786600 + 0.081861),0.868260 (0.785700 + 0.082560),0.866688 (0.783900 + 0.082788),0.851485 (0.768600 + 0.082885),0.869471 (0.787500 + 0.081971),0.858961 (0.776700 + 0.082261),0.862916 (0.780300 + 0.082616),0.854965 (0.772200 + 0.082765),0.871815 (0.789300 + 0.082515),0.851707 (0.769500 + 0.082207),0.872640 (0.790200 + 0.082440),0.871205 (0.789300 + 0.081905),0.855921 (0.773100 + 0.082821),0.856685 (0.774000 + 0.082685),0.868943 (0.786600 + 0.082343),0.866139 (0.783900 + 0.082239),0.865873 (0.783900 + 0.081973),0.869170 (0.786600 + 0.082570),0.869761 (0.787500 + 0.082261),0.871205 (0.789300 + 0.081905),0.869322 (0.786600 + 0.082722),0.862074 (0.780300 + 0.081774),0.872916 (0.790200 + 0.082716),0.870715 (0.788400 + 0.082316),0.852758 (0.770400 + 0.082358),0.864565 (0.782100 + 0.082465),0.862247 (0.779400 + 0.082847),0.861907 (0.779400 + 0.082507),0.869116 (0.786600 + 0.082517),0.863933 (0.781200 + 0.082733),0.877214 (0.794700 + 0.082514),0.853773 (0.771300 + 0.082473),0.863335 (0.781200 + 0.082135),0.866686 (0.783900 + 0.082786),0.878618 (0.795600 + 0.083018),0.858639 (0.776700 + 0.081939),0.863611 (0.781200 + 0.082411),0.871075 (0.788400 + 0.082675),0.862223 (0.779400 + 0.082823),0.871278 (0.788400 + 0.082878),0.855579 (0.773100 + 0.082479)
62,0.878618 (0.795600 + 0.083018),0.869807 (0.787500 + 0.082307),0.869146 (0.786600 + 0.082546),0.869083 (0.786600 + 0.082483),0.872654 (0.790200 + 0.082454),0.851844 (0.769500 + 0.082344),0.867615 (0.784800 + 0.082815),0.869170 (0.786600 + 0.082570),0.866686 (0.783900 + 0.082786),0.856126 (0.774000 + 0.082126),0.858490 (0.776700 + 0.081790),0.869254 (0.786600 + 0.082654),0.874582 (0.792000 + 0.082582),0.872553 (0.790200 + 0.082353),0.866424 (0.783900 + 0.082524),0.861104 (0.778500 + 0.082604),0.854087 (0.772200 + 0.081887),0.864601 (0.783000 + 0.081601),0.872164 (0.790200 + 0.081964),0.865882 (0.783000 + 0.082882),0.873098 (0.790200 + 0.082898),0.860120 (0.777600 + 0.082520),0.853808 (0.771300 + 0.082508),0.868913 (0.786600 + 0.082313),0.864455 (0.782100 + 0.082355),0.854723 (0.772200 + 0.082523),0.863999 (0.781200 + 0.082799),0.866048 (0.783900 + 0.082148),0.869074 (0.786600 + 0.082474),0.864578 (0.782100 + 0.082478),0.859078 (0.776700 + 0.082378),0.865315 (0.783000 + 0.082315),0.871015 (0.788400 + 0.082615),0.861616 (0.779400 + 0.082216),0.859714 (0.777600 + 0.082114),0.869322 (0.786600 + 0.082722),0.868500 (0.785700 + 0.082800),0.873999 (0.791100 + 0.082899),0.873736 (0.791100 + 0.082636),0.880849 (0.798300 + 0.082549),0.868282 (0.785700 + 0.082582),0.863688 (0.781200 + 0.082488),0.858307 (0.775800 + 0.082507),0.867884 (0.785700 + 0.082184),0.864326 (0.782100 + 0.082226),0.868394 (0.785700 + 0.082694),0.844803 (0.762300 + 0.082503),0.870976 (0.788400 + 0.082576),0.870843 (0.788400 + 0.082443),0.877375 (0.794700 + 0.082675),0.870497 (0.788400 + 0.082097),0.870937 (0.788400 + 0.082537),0.868500 (0.785700 + 0.082800),0.857009 (0.774900 + 0.082109),0.860183 (0.777600 + 0.082583),0.868843 (0.786600 + 0.082243),0.861503 (0.779400 + 0.082103),0.857905 (0.775800 + 0.082105),0.861537 (0.779400 + 0.082137),0.866242 (0.783900 + 0.082342),0.859261 (0.776700 + 0.082561),0.860806 (0.778500 + 0.082306),0.870341 (0.787500 + 0.082841),0.860238 (0.777600 + 0.082638),0.860280 (0.777600 + 0.082680),0.852082 (0.769500 + 0.082582),0.857346 (0.774900 + 0.082446),0.862986 (0.780300 + 0.082686),0.870280 (0.787500 + 0.082780),0.865813 (0.783000 + 0.082813)
63,0.880849 (0.798300 + 0.082549),0.860303 (0.777600 + 0.082703),0.874832 (0.792000 + 0.082832),0.868739 (0.785700 + 0.083039),0.862503 (0.780300 + 0.082203),0.867050 (0.784800 + 0.082250),0.858464 (0.775800 + 0.082664),0.859869 (0.777600 + 0.082270),0.857440 (0.774900 + 0.082540),0.851476 (0.769500 + 0.081976),0.861856 (0.779400 + 0.082456),0.865092 (0.782100 + 0.082992),0.864576 (0.782100 + 0.082476),0.863088 (0.780300 + 0.082788),0.849999 (0.767700 + 0.082299),0.862231 (0.779400 + 0.082831),0.870947 (0.788400 + 0.082547),0.847352 (0.765000 + 0.082352),0.869789 (0.786600 + 0.083189),0.870626 (0.788400 + 0.082226),0.873961 (0.791100 + 0.082861),0.873098 (0.790200 + 0.082898),0.860806 (0.778500 + 0.082306),0.865090 (0.783000 + 0.082090),0.867829 (0.785700 + 0.082129),0.871566 (0.789300 + 0.082267),0.867087 (0.784800 + 0.082287),0.858637 (0.775800 + 0.082837),0.857504 (0.774900 + 0.082604),0.872164 (0.790200 + 0.081964),0.865706 (0.783000 + 0.082706),0.863303 (0.781200 + 0.082103),0.864891 (0.783000 + 0.081891),0.836611 (0.754200 + 0.082411),0.867962 (0.785700 + 0.082262),0.865560 (0.783000 + 0.082560),0.863088 (0.780300 + 0.082788),0.857767 (0.774900 + 0.082867),0.862841 (0.780300 + 0.082541),0.853078 (0.770400 + 0.082678),0.850081 (0.767700 + 0.082381),0.861022 (0.778500 + 0.082522),0.861132 (0.778500 + 0.082632),0.858819 (0.776700 + 0.082119),0.857035 (0.774900 + 0.082135),0.861510 (0.779400 + 0.082110),0.868434 (0.785700 + 0.082734),0.856158 (0.774000 + 0.082158),0.863483 (0.781200 + 0.082283),0.859785 (0.777600 + 0.082185),0.867307 (0.784800 + 0.082508),0.863919 (0.781200 + 0.082720),0.858213 (0.775800 + 0.082413),0.880849 (0.798300 + 0.082549),0.848997 (0.766800 + 0.082197),0.856244 (0.774000 + 0.082244),0.869100 (0.786600 + 0.082500),0.862303 (0.779400 + 0.082903),0.870834 (0.788400 + 0.082434),0.873572 (0.791100 + 0.082472),0.866881 (0.784800 + 0.082081),0.865638 (0.783000 + 0.082638),0.873733 (0.791100 + 0.082633),0.854083 (0.771300 + 0.082783),0.858161 (0.775800 + 0.082361),0.862768 (0.780300 + 0.082468),0.865403 (0.783000 + 0.082403),0.879846 (0.797400 + 0.082446),0.864546 (0.782100 + 0.082446),0.865623 (0.783000 + 0.082623)
64,0.880849 (0.798300 + 0.082549),0.854886 (0.772200 + 0.082686),0.863706 (0.781200 + 0.082506),0.868904 (0.786600 + 0.082304),0.868214 (0.785700 + 0.082514),0.848594 (0.766800 + 0.081794),0.855385 (0.773100 + 0.082285),0.858085 (0.775800 + 0.082285),0.859081 (0.776700 + 0.082381),0.868138 (0.785700 + 0.082438),0.870497 (0.788400 + 0.082097),0.880849 (0.798300 + 0.082549),0.857035 (0.774900 + 0.082135),0.854020 (0.771300 + 0.082720),0.859237 (0.776700 + 0.082537),0.862303 (0.779400 + 0.082903),0.842707 (0.760500 + 0.082207),0.872164 (0.790200 + 0.081964),0.865092 (0.782100 + 0.082992),0.880849 (0.798300 + 0.082549),0.846996 (0.765000 + 0.081996),0.858446 (0.775800 + 0.082646),0.849844 (0.767700 + 0.082144),0.859923 (0.777600 + 0.082323),0.873684 (0.791100 + 0.082585),0.866037 (0.783000 + 0.083037),0.854083 (0.771300 + 0.082784),0.865383 (0.783000 + 0.082383),0.879183 (0.796500 + 0.082683),0.853822 (0.771300 + 0.082522),0.860133 (0.777600 + 0.082533),0.870626 (0.788400 + 0.082226),0.867307 (0.784800 + 0.082508),0.874832 (0.792000 + 0.082832),0.859869 (0.777600 + 0.082270),0.865511 (0.783000 + 0.082511),0.869983 (0.787500 + 0.082483),0.866819 (0.783900 + 0.082919),0.872954 (0.790200 + 0.082754),0.858231 (0.775800 + 0.082431),0.854567 (0.772200 + 0.082367),0.865618 (0.783000 + 0.082618),0.864485 (0.782100 + 0.082385),0.867826 (0.785700 + 0.082126),0.869971 (0.787500 + 0.082471),0.859044 (0.776700 + 0.082344),0.872159 (0.789300 + 0.082859),0.866230 (0.783900 + 0.082330),0.879006 (0.796500 + 0.082506),0.873098 (0.790200 + 0.082898),0.870947 (0.788400 + 0.082547),0.862529 (0.780300 + 0.082229),0.859309 (0.776700 + 0.082609),0.862706 (0.780300 + 0.082406),0.868020 (0.785700 + 0.082320),0.867219 (0.784800 + 0.082419),0.860944 (0.778500 + 0.082444),0.870834 (0.788400 + 0.082434),0.858464 (0.775800 + 0.082664),0.871143 (0.788400 + 0.082743),0.872587 (0.790200 + 0.082387),0.855108 (0.773100 + 0.082008),0.862559 (0.780300 + 0.082259),0.866362 (0.783900 + 0.082462),0.863341 (0.781200 + 0.082141),0.874496 (0.792000 + 0.082496),0.879081 (0.796500 + 0.082581),0.874467 (0.792000 + 0.082467),0.865953 (0.783000 + 0.082953),0.861424 (0.778500 + 0.082924)
65,0.880849 (0.798300 + 0.082549),0.865501 (0.783000 + 0.082501),0.858654 (0.775800 + 0.082854),0.865587 (0.783000 + 0.082587),0.856243 (0.774000 + 0.082243),0.880849 (0.798300 + 0.082549),0.869971 (0.787500 + 0.082471),0.849080 (0.766800 + 0.082280),0.851365 (0.768600 + 0.082766),0.859432 (0.776700 + 0.082732),0.859237 (0.776700 + 0.082537),0.867848 (0.784800 + 0.083048),0.838968 (0.756900 + 0.082068),0.876359 (0.793800 + 0.082559),0.861424 (0.778500 + 0.082924),0.864456 (0.782100 + 0.082356),0.879943 (0.797400 + 0.082543),0.874084 (0.791100 + 0.082984),0.860902 (0.778500 + 0.082402),0.875474 (0.792900 + 0.082574),0.877174 (0.794700 + 0.082474),0.862422 (0.780300 + 0.082122),0.868270 (0.785700 + 0.082570),0.873005 (0.790200 + 0.082805),0.865291 (0.783000 + 0.082291),0.866845 (0.783900 + 0.082945),0.861170 (0.778500 + 0.082670),0.866914 (0.783900 + 0.083014),0.855678 (0.773100 + 0.082578),0.865463 (0.783000 + 0.082463),0.869891 (0.787500 + 0.082391),0.844772 (0.762300 + 0.082472),0.855503 (0.773100 + 0.082403),0.871932 (0.789300 + 0.082632),0.869608 (0.787500 + 0.082108),0.871143 (0.788400 + 0.082743),0.866776 (0.784800 + 0.081976),0.867119 (0.784800 + 0.082319),0.875511 (0.792900 + 0.082611),0.878233 (0.795600 + 0.082633),0.857163 (0.774900 + 0.082263),0.861878 (0.779400 + 0.082478),0.861589 (0.779400 + 0.082189),0.865184 (0.783000 + 0.082184),0.868793 (0.786600 + 0.082193),0.857418 (0.774900 + 0.082518),0.864831 (0.782100 + 0.082731),0.869016 (0.786600 + 0.082416),0.879183 (0.796500 + 0.082683),0.872049 (0.789300 + 0.082750),0.864102 (0.781200 + 0.082902),0.866653 (0.783900 + 0.082753),0.858261 (0.775800 + 0.082461),0.880849 (0.798300 + 0.082549),0.873684 (0.791100 + 0.082585),0.859272 (0.776700 + 0.082572),0.880849 (0.798300 + 0.082549),0.860803 (0.778500 + 0.082303),0.864364 (0.782100 + 0.082264),0.856532 (0.774000 + 0.082532),0.878762 (0.796500 + 0.082262),0.868409 (0.785700 + 0.082709),0.860816 (0.778500 + 0.082316),0.859227 (0.776700 + 0.082527),0.869575 (0.787500 + 0.082075),0.875457 (0.792900 + 0.082558),0.862672 (0.780300 + 0.082372),0.872976 (0.790200 + 0.082776),0.867794 (0.785700 + 0.082094),0.868633 (0.785700 + 0.082933)
66,0.880849 (0.798300 + 0.082549),0.879297 (0.796500 + 0.082797),0.867145 (0.784800 + 0.082345),0.871897 (0.789300 + 0.082597),0.861032 (0.778500 + 0.082532),0.865742 (0.783000 + 0.082742),0.861122 (0.778500 + 0.082622),0.877562 (0.794700 + 0.082862),0.867173 (0.784800 + 0.082373),0.864275 (0.782100 + 0.082175),0.867252 (0.784800 + 0.082452),0.856762 (0.774000 + 0.082762),0.852126 (0.769500 + 0.082626),0.869975 (0.787500 + 0.082475),0.878233 (0.795600 + 0.082633),0.862300 (0.779400 + 0.082900),0.863396 (0.781200 + 0.082196),0.868849 (0.786600 + 0.082249),0.860212 (0.777600 + 0.082612),0.872710 (0.790200 + 0.082510),0.878217 (0.795600 + 0.082617),0.868409 (0.785700 + 0.082709),0.868409 (0.785700 + 0.082709),0.875474 (0.792900 + 0.082574),0.859432 (0.776700 + 0.082732),0.855368 (0.773100 + 0.082268),0.853044 (0.770400 + 0.082644),0.863725 (0.781200 + 0.082526),0.870947 (0.788400 + 0.082547),0.860839 (0.778500 + 0.082339),0.864977 (0.782100 + 0.082877),0.865176 (0.783000 + 0.082176),0.876438 (0.793800 + 0.082638),0.851978 (0.769500 + 0.082478),0.867816 (0.784800 + 0.083016),0.865156 (0.783000 + 0.082156),0.871482 (0.789300 + 0.082182),0.861292 (0.778500 + 0.082792),0.872714 (0.790200 + 0.082514),0.876380 (0.793800 + 0.082580),0.867993 (0.785700 + 0.082292),0.867284 (0.784800 + 0.082484),0.874615 (0.792000 + 0.082615),0.868322 (0.785700 + 0.082622),0.858206 (0.775800 + 0.082406),0.866282 (0.783900 + 0.082382),0.877453 (0.794700 + 0.082753),0.867534 (0.784800 + 0.082734),0.869441 (0.786600 + 0.082841),0.868808 (0.785700 + 0.083108),0.863700 (0.781200 + 0.082500),0.862674 (0.780300 + 0.082374),0.859550 (0.777600 + 0.081950),0.869926 (0.787500 + 0.082426),0.878125 (0.795600 + 0.082525),0.878233 (0.795600 + 0.082633),0.869891 (0.787500 + 0.082391),0.861793 (0.779400 + 0.082393),0.859115 (0.776700 + 0.082415),0.869287 (0.786600 + 0.082687),0.875589 (0.792900 + 0.082689),0.863613 (0.781200 + 0.082413),0.880849 (0.798300 + 0.082549),0.866213 (0.783900 + 0.082313),0.868211 (0.785700 + 0.082511),0.871094 (0.788400 + 0.082694),0.871988 (0.789300 + 0.082688),0.853305 (0.770400 + 0.082905),0.880849 (0.798300 + 0.082549),0.870263 (0.787500 + 0.082763)
67,0.880849 (0.798300 + 0.082549),0.861771 (0.779400 + 0.082371),0.867534 (0.784800 + 0.082734),0.871660 (0.789300 + 0.082360),0.867557 (0.784800 + 0.082757),0.852084 (0.769500 + 0.082584),0.844233 (0.761400 + 0.082833),0.867173 (0.784800 + 0.082373),0.870239 (0.787500 + 0.082739),0.856406 (0.774000 + 0.082406),0.866923 (0.784800 + 0.082123),0.878125 (0.795600 + 0.082525),0.858206 (0.775800 + 0.082406),0.860773 (0.778500 + 0.082273),0.871899 (0.789300 + 0.082599),0.866054 (0.783900 + 0.082154),0.868074 (0.785700 + 0.082374),0.878207 (0.795600 + 0.082607),0.868440 (0.785700 + 0.082740),0.876475 (0.793800 + 0.082675),0.878142 (0.795600 + 0.082542),0.861832 (0.779400 + 0.082432),0.872971 (0.790200 + 0.082771),0.852069 (0.769500 + 0.082569),0.861737 (0.779400 + 0.082337),0.860891 (0.778500 + 0.082391),0.871075 (0.788400 + 0.082675),0.864555 (0.782100 + 0.082455),0.857594 (0.774900 + 0.082694),0.867934 (0.785700 + 0.082234),0.863531 (0.781200 + 0.082331),0.870092 (0.787500 + 0.082592),0.871041 (0.788400 + 0.082641),0.864321 (0.782100 + 0.082221),0.863887 (0.781200 + 0.082687),0.867534 (0.784800 + 0.082734),0.868322 (0.785700 + 0.082622),0.853167 (0.770400 + 0.082767),0.858271 (0.775800 + 0.082471),0.874562 (0.792000 + 0.082562),0.861041 (0.778500 + 0.082541),0.869053 (0.786600 + 0.082453),0.869647 (0.786600 + 0.083047),0.873692 (0.791100 + 0.082592),0.874668 (0.792000 + 0.082668),0.880844 (0.798300 + 0.082544),0.857287 (0.774900 + 0.082387),0.863364 (0.781200 + 0.082164),0.863077 (0.780300 + 0.082777),0.858308 (0.775800 + 0.082508),0.871127 (0.788400 + 0.082727),0.869204 (0.786600 + 0.082604),0.864787 (0.782100 + 0.082686),0.856483 (0.774000 + 0.082483),0.863311 (0.781200 + 0.082111),0.860595 (0.778500 + 0.082095),0.881831 (0.799200 + 0.082631),0.858037 (0.775800 + 0.082237),0.874736 (0.792000 + 0.082736),0.873744 (0.791100 + 0.082644),0.873887 (0.791100 + 0.082787),0.878233 (0.795600 + 0.082633),0.865176 (0.783000 + 0.082176),0.856255 (0.774000 + 0.082255),0.869802 (0.786600 + 0.083202),0.866356 (0.783900 + 0.082456),0.868844 (0.786600 + 0.082244),0.862711 (0.780300 + 0.082411),0.860275 (0.777600 + 0.082675),0.866306 (0.783900 + 0.082406)
68,0.881831 (0.799200 + 0.082631),0.868151 (0.785700 + 0.082451),0.862610 (0.780300 + 0.082310),0.844923 (0.762300 + 0.082623),0.878939 (0.796500 + 0.082439),0.856640 (0.774000 + 0.082640),0.852855 (0.770400 + 0.082455),0.870188 (0.787500 + 0.082688),0.876575 (0.793800 + 0.082775),0.872961 (0.790200 + 0.082761),0.871005 (0.788400 + 0.082605),0.871132 (0.788400 + 0.082732),0.857318 (0.774900 + 0.082418),0.860708 (0.778500 + 0.082208),0.868989 (0.786600 + 0.082389),0.861894 (0.779400 + 0.082494),0.873692 (0.791100 + 0.082592),0.870062 (0.787500 + 0.082562),0.861803 (0.779400 + 0.082403),0.865443 (0.783000 + 0.082443),0.870054 (0.787500 + 0.082554),0.874668 (0.792000 + 0.082668),0.873744 (0.791100 + 0.082644),0.855172 (0.773100 + 0.082072),0.854795 (0.772200 + 0.082595),0.864990 (0.782100 + 0.082890),0.878233 (0.795600 + 0.082633),0.870987 (0.788400 + 0.082587),0.866575 (0.783900 + 0.082675),0.871927 (0.789300 + 0.082627),0.856551 (0.774000 + 0.082551),0.854598 (0.772200 + 0.082398),0.877371 (0.794700 + 0.082671),0.866645 (0.783900 + 0.082745),0.867507 (0.784800 + 0.082707),0.873762 (0.791100 + 0.082662),0.863300 (0.781200 + 0.082101),0.869352 (0.786600 + 0.082752),0.861721 (0.779400 + 0.082321),0.840895 (0.758700 + 0.082195),0.868331 (0.785700 + 0.082631),0.871520 (0.789300 + 0.082220),0.869132 (0.786600 + 0.082532),0.876330 (0.793800 + 0.082530),0.853047 (0.770400 + 0.082647),0.879943 (0.797400 + 0.082544),0.870173 (0.787500 + 0.082673),0.861338 (0.778500 + 0.082838),0.869933 (0.787500 + 0.082433),0.871041 (0.788400 + 0.082641),0.871899 (0.789300 + 0.082599),0.859208 (0.776700 + 0.082508),0.869654 (0.787500 + 0.082154),0.861693 (0.779400 + 0.082293),0.851570 (0.769500 + 0.082070),0.858243 (0.775800 + 0.082443),0.851998 (0.769500 + 0.082498),0.876438 (0.793800 + 0.082638),0.868322 (0.785700 + 0.082622),0.877371 (0.794700 + 0.082671),0.869245 (0.786600 + 0.082645),0.866370 (0.783900 + 0.082470),0.859326 (0.776700 + 0.082626),0.872833 (0.790200 + 0.082633),0.874618 (0.792000 + 0.082618),0.869934 (0.787500 + 0.082434),0.871966 (0.789300 + 0.082666),0.853885 (0.771300 + 0.082585),0.864866 (0.782100 + 0.082766),0.868322 (0.785700 + 0.082622)
69,0.881831 (0.799200 + 0.082631),0.861865 (0.779400 + 0.082465),0.869082 (0.786600 + 0.082482),0.863966 (0.781200 + 0.082766),0.870181 (0.787500 + 0.082681),0.878233 (0.795600 + 0.082633),0.853774 (0.771300 + 0.082475),0.881831 (0.799200 + 0.082631),0.857318 (0.774900 + 0.082418),0.863646 (0.781200 + 0.082446),0.862512 (0.780300 + 0.082212),0.867074 (0.784800 + 0.082274),0.873883 (0.791100 + 0.082783),0.873744 (0.791100 + 0.082644),0.865443 (0.783000 + 0.082443),0.864149 (0.781200 + 0.082949),0.863918 (0.781200 + 0.082718),0.857642 (0.774900 + 0.082742),0.871023 (0.788400 + 0.082623),0.862695 (0.780300 + 0.082395),0.881818 (0.799200 + 0.082618),0.863884 (0.781200 + 0.082684),0.862130 (0.779400 + 0.082730),0.876438 (0.793800 + 0.082638),0.873692 (0.791100 + 0.082592),0.856285 (0.774000 + 0.082285),0.862800 (0.780300 + 0.082500),0.858288 (0.775800 + 0.082488),0.870269 (0.787500 + 0.082769),0.864447 (0.782100 + 0.082347),0.860150 (0.777600 + 0.082550),0.875687 (0.792900 + 0.082787),0.872612 (0.790200 + 0.082412),0.852519 (0.770400 + 0.082119),0.853204 (0.771300 + 0.081904),0.859146 (0.776700 + 0.082446),0.869075 (0.786600 + 0.082475),0.853426 (0.770400 + 0.083026),0.860018 (0.777600 + 0.082419),0.866209 (0.783900 + 0.082309),0.869654 (0.787500 + 0.082154),0.868322 (0.785700 + 0.082622),0.860796 (0.778500 + 0.082296),0.858229 (0.775800 + 0.082429),0.874801 (0.792000 + 0.082801),0.865761 (0.783000 + 0.082761),0.855855 (0.773100 + 0.082755),0.864749 (0.782100 + 0.082649),0.871966 (0.789300 + 0.082666),0.870173 (0.787500 + 0.082673),0.876330 (0.793800 + 0.082530),0.873692 (0.791100 + 0.082592),0.855501 (0.773100 + 0.082401),0.872864 (0.790200 + 0.082664),0.871864 (0.789300 + 0.082564),0.856535 (0.774000 + 0.082535),0.877243 (0.794700 + 0.082543),0.875589 (0.792900 + 0.082689),0.868322 (0.785700 + 0.082622),0.871954 (0.789300 + 0.082654),0.859131 (0.776700 + 0.082431),0.876372 (0.793800 + 0.082572),0.873791 (0.791100 + 0.082691),0.870687 (0.788400 + 0.082287),0.864675 (0.782100 + 0.082575),0.869298 (0.786600 + 0.082698),0.873571 (0.791100 + 0.082471),0.873762 (0.791100 + 0.082662),0.854969 (0.773100 + 0.081869),0.878233 (0.795600 + 0.082633)
70,0.881831 (0.799200 + 0.082631),0.871970 (0.789300 + 0.082670),0.878274 (0.795600 + 0.082674),0.871942 (0.789300 + 0.082642),0.865585 (0.783000 + 0.082585),0.868414 (0.785700 + 0.082714),0.848160 (0.765900 + 0.082260),0.859906 (0.777600 + 0.082306),0.869180 (0.786600 + 0.082580),0.859462 (0.776700 + 0.082762),0.878233 (0.795600 + 0.082633),0.870006 (0.787500 + 0.082506),0.869047 (0.786600 + 0.082447),0.861642 (0.779400 + 0.082242),0.881818 (0.799200 + 0.082618),0.881818 (0.799200 + 0.082618),0.850296 (0.767700 + 0.082596),0.863619 (0.781200 + 0.082420),0.878233 (0.795600 + 0.082633),0.877243 (0.794700 + 0.082543),0.856234 (0.774000 + 0.082234),0.866503 (0.783900 + 0.082603),0.862777 (0.780300 + 0.082477),0.873663 (0.791100 + 0.082563),0.862775 (0.780300 + 0.082475),0.876330 (0.793800 + 0.082530),0.863303 (0.780300 + 0.083003),0.862800 (0.780300 + 0.082500),0.866431 (0.783900 + 0.082531),0.870759 (0.788400 + 0.082359),0.870107 (0.787500 + 0.082607),0.848069 (0.765900 + 0.082169),0.880489 (0.798300 + 0.082189),0.874653 (0.792000 + 0.082653),0.877371 (0.794700 + 0.082671),0.873681 (0.791100 + 0.082582),0.867026 (0.784800 + 0.082226),0.857613 (0.774900 + 0.082713),0.857781 (0.774900 + 0.082881),0.854290 (0.772200 + 0.082090),0.873516 (0.791100 + 0.082416),0.874745 (0.792000 + 0.082745),0.864765 (0.782100 + 0.082665),0.864837 (0.782100 + 0.082737),0.876293 (0.793800 + 0.082493),0.861654 (0.779400 + 0.082254),0.868603 (0.785700 + 0.082903),0.875681 (0.792900 + 0.082781),0.856427 (0.774000 + 0.082427),0.870775 (0.788400 + 0.082375),0.863783 (0.781200 + 0.082583),0.871966 (0.789300 + 0.082666),0.871954 (0.789300 + 0.082654),0.878089 (0.795600 + 0.082489),0.862859 (0.780300 + 0.082559),0.869169 (0.786600 + 0.082569),0.866370 (0.783900 + 0.082470),0.874515 (0.792000 + 0.082515),0.864310 (0.782100 + 0.082210),0.861876 (0.779400 + 0.082476),0.861862 (0.779400 + 0.082462),0.876532 (0.793800 + 0.082732),0.876502 (0.793800 + 0.082702),0.855791 (0.773100 + 0.082691),0.876438 (0.793800 + 0.082638),0.867195 (0.784800 + 0.082395),0.873762 (0.791100 + 0.082662),0.867208 (0.784800 + 0.082409),0.867453 (0.784800 + 0.082653),0.851219 (0.768600 + 0.082619)
71,0.881831 (0.799200 + 0.082631),0.870987 (0.788400 + 0.082587),0.878209 (0.795600 + 0.082609),0.874584 (0.792000 + 0.082584),0.876304 (0.793800 + 0.082504),0.870903 (0.788400 + 0.082503),0.866241 (0.783900 + 0.082341),0.879142 (0.796500 + 0.082642),0.861877 (0.779400 + 0.082477),0.876502 (0.793800 + 0.082702),0.874515 (0.792000 + 0.082515),0.865302 (0.783000 + 0.082302),0.873695 (0.791100 + 0.082595),0.879039 (0.796500 + 0.082539),0.873744 (0.791100 + 0.082644),0.865767 (0.783000 + 0.082767),0.864254 (0.782100 + 0.082154),0.859869 (0.777600 + 0.082269),0.881818 (0.799200 + 0.082618),0.878233 (0.795600 + 0.082633),0.870775 (0.788400 + 0.082375),0.875450 (0.792900 + 0.082550),0.873788 (0.791100 + 0.082688),0.854395 (0.772200 + 0.082195),0.859953 (0.777600 + 0.082353),0.877243 (0.794700 + 0.082543),0.866306 (0.783900 + 0.082407),0.862018 (0.779400 + 0.082618),0.874524 (0.792000 + 0.082524),0.864483 (0.782100 + 0.082383),0.872069 (0.789300 + 0.082770),0.860999 (0.778500 + 0.082499),0.865827 (0.783000 + 0.082827),0.871767 (0.789300 + 0.082467),0.870761 (0.788400 + 0.082361),0.876502 (0.793800 + 0.082702),0.878274 (0.795600 + 0.082674),0.875464 (0.792900 + 0.082564),0.865667 (0.783000 + 0.082667),0.867273 (0.784800 + 0.082473),0.870311 (0.787500 + 0.082811),0.871857 (0.789300 + 0.082557),0.856513 (0.774000 + 0.082513),0.860098 (0.777600 + 0.082498),0.863178 (0.780300 + 0.082878),0.854163 (0.771300 + 0.082863),0.858042 (0.775800 + 0.082242),0.876475 (0.793800 + 0.082675),0.875642 (0.792900 + 0.082742),0.865542 (0.783000 + 0.082542),0.875552 (0.792900 + 0.082652),0.868342 (0.785700 + 0.082642),0.869119 (0.786600 + 0.082519),0.870956 (0.788400 + 0.082556),0.872926 (0.790200 + 0.082726),0.869180 (0.786600 + 0.082580),0.865600 (0.783000 + 0.082600),0.868690 (0.785700 + 0.082990),0.855579 (0.773100 + 0.082479),0.866602 (0.783900 + 0.082702),0.866396 (0.783900 + 0.082496),0.859991 (0.777600 + 0.082391),0.877278 (0.794700 + 0.082578),0.877371 (0.794700 + 0.082671),0.861650 (0.778500 + 0.083150),0.874653 (0.792000 + 0.082653),0.857613 (0.774900 + 0.082713),0.871896 (0.789300 + 0.082596),0.870043 (0.787500 + 0.082543),0.868348 (0.785700 + 0.082648)
72,0.881831 (0.799200 + 0.082631),0.878346 (0.795600 + 0.082746),0.873729 (0.791100 + 0.082629),0.875589 (0.792900 + 0.082689),0.870897 (0.788400 + 0.082497),0.861936 (0.779400 + 0.082536),0.871807 (0.789300 + 0.082507),0.855480 (0.773100 + 0.082380),0.866248 (0.783900 + 0.082349),0.871923 (0.789300 + 0.082623),0.869718 (0.787500 + 0.082218),0.873791 (0.791100 + 0.082691),0.861173 (0.778500 + 0.082673),0.878287 (0.795600 + 0.082687),0.874425 (0.792000 + 0.082425),0.867355 (0.784800 + 0.082555),0.869365 (0.786600 + 0.082765),0.856562 (0.774000 + 0.082562),0.871857 (0.789300 + 0.082557),0.876551 (0.793800 + 0.082751),0.865541 (0.783000 + 0.082541),0.866602 (0.783900 + 0.082702),0.868348 (0.785700 + 0.082648),0.869579 (0.786600 + 0.082979),0.871876 (0.789300 + 0.082576),0.861907 (0.779400 + 0.082507),0.859773 (0.777600 + 0.082173),0.873744 (0.791100 + 0.082644),0.874515 (0.792000 + 0.082515),0.859148 (0.776700 + 0.082448),0.858700 (0.776700 + 0.082000),0.871369 (0.789300 + 0.082069),0.862739 (0.780300 + 0.082439),0.865727 (0.783000 + 0.082727),0.873208 (0.790200 + 0.083008),0.877465 (0.794700 + 0.082765),0.869207 (0.786600 + 0.082607),0.876376 (0.793800 + 0.082576),0.879937 (0.797400 + 0.082537),0.876392 (0.793800 + 0.082592),0.863818 (0.781200 + 0.082618),0.871132 (0.788400 + 0.082732),0.869916 (0.787500 + 0.082416),0.865491 (0.783000 + 0.082491),0.879723 (0.797400 + 0.082323),0.852723 (0.770400 + 0.082323),0.865865 (0.783000 + 0.082865),0.858408 (0.775800 + 0.082608),0.860856 (0.778500 + 0.082356),0.873659 (0.791100 + 0.082559),0.862070 (0.779400 + 0.082670),0.863766 (0.781200 + 0.082566),0.865094 (0.782100 + 0.082994),0.853079 (0.770400 + 0.082679),0.867705 (0.784800 + 0.082905),0.874544 (0.792000 + 0.082544),0.865345 (0.783000 + 0.082345),0.865733 (0.783000 + 0.082733),0.873691 (0.791100 + 0.082591),0.873663 (0.791100 + 0.082563),0.879032 (0.796500 + 0.082532),0.854572 (0.772200 + 0.082372),0.870775 (0.788400 + 0.082375),0.871743 (0.789300 + 0.082443),0.860786 (0.778500 + 0.082286),0.876438 (0.793800 + 0.082638),0.867535 (0.784800 + 0.082735),0.862643 (0.780300 + 0.082343),0.864444 (0.782100 + 0.082344),0.856379 (0.774000 + 0.082379)
73,0.881831 (0.799200 + 0.082631),0.857045 (0.774900 + 0.082145),0.860890 (0.778500 + 0.082390),0.854523 (0.772200 + 0.082323),0.859198 (0.776700 + 0.082498),0.879937 (0.797400 + 0.082537),0.879937 (0.797400 + 0.082537),0.860706 (0.778500 + 0.082206),0.871971 (0.789300 + 0.082671),0.871789 (0.789300 + 0.082489),0.860068 (0.777600 + 0.082468),0.865445 (0.783000 + 0.082445),0.860046 (0.777600 + 0.082446),0.860462 (0.777600 + 0.082862),0.861131 (0.778500 + 0.082631),0.864633 (0.782100 + 0.082533),0.861213 (0.778500 + 0.082713),0.857398 (0.774900 + 0.082498),0.858700 (0.776700 + 0.082000),0.862822 (0.780300 + 0.082522),0.869225 (0.786600 + 0.082625),0.870716 (0.788400 + 0.082316),0.873659 (0.791100 + 0.082559),0.878287 (0.795600 + 0.082687),0.860967 (0.778500 + 0.082467),0.842981 (0.760500 + 0.082481),0.867467 (0.784800 + 0.082667),0.876376 (0.793800 + 0.082576),0.871923 (0.789300 + 0.082623),0.873622 (0.791100 + 0.082522),0.854885 (0.772200 + 0.082685),0.873817 (0.791100 + 0.082717),0.869301 (0.786600 + 0.082701),0.855466 (0.773100 + 0.082366),0.866521 (0.783900 + 0.082621),0.857051 (0.774900 + 0.082151),0.859213 (0.776700 + 0.082513),0.866469 (0.783900 + 0.082569),0.871109 (0.788400 + 0.082709),0.863604 (0.781200 + 0.082404),0.875374 (0.792900 + 0.082474),0.872052 (0.789300 + 0.082752),0.864085 (0.781200 + 0.082885),0.871927 (0.789300 + 0.082627),0.864685 (0.782100 + 0.082585),0.861566 (0.779400 + 0.082166),0.867261 (0.784800 + 0.082461),0.875528 (0.792900 + 0.082628),0.869085 (0.786600 + 0.082485),0.859426 (0.777600 + 0.081827),0.863753 (0.781200 + 0.082553),0.878346 (0.795600 + 0.082746),0.874544 (0.792000 + 0.082544),0.865598 (0.783000 + 0.082598),0.866037 (0.783000 + 0.083037),0.849350 (0.766800 + 0.082550),0.874425 (0.792000 + 0.082425),0.874646 (0.792000 + 0.082646),0.865517 (0.783000 + 0.082517),0.879161 (0.796500 + 0.082661),0.876574 (0.793800 + 0.082774),0.870950 (0.788400 + 0.082550),0.874728 (0.792000 + 0.082728),0.875421 (0.792900 + 0.082521),0.852939 (0.770400 + 0.082539),0.871987 (0.789300 + 0.082687),0.850631 (0.767700 + 0.082931),0.870897 (0.788400 + 0.082497),0.876376 (0.793800 + 0.082576),0.870987 (0.788400 + 0.082587)
74,0.881831 (0.799200 + 0.082631),0.864517 (0.782100 + 0.082417),0.865207 (0.783000 + 0.082207),0.861118 (0.778500 + 0.082618),0.871898 (0.789300 + 0.082598),0.870970 (0.788400 + 0.082570),0.870878 (0.788400 + 0.082478),0.858142 (0.775800 + 0.082342),0.862914 (0.780300 + 0.082614),0.869336 (0.786600 + 0.082736),0.859370 (0.776700 + 0.082670),0.858298 (0.775800 + 0.082498),0.867385 (0.784800 + 0.082585),0.872958 (0.790200 + 0.082758),0.861709 (0.779400 + 0.082309),0.876361 (0.793800 + 0.082561),0.867998 (0.785700 + 0.082298),0.871949 (0.789300 + 0.082649),0.867300 (0.784800 + 0.082501),0.871072 (0.788400 + 0.082672),0.864583 (0.782100 + 0.082483),0.869298 (0.786600 + 0.082698),0.879039 (0.796500 + 0.082539),0.867096 (0.784800 + 0.082296),0.865445 (0.783000 + 0.082445),0.873663 (0.791100 + 0.082563),0.876361 (0.793800 + 0.082561),0.867839 (0.785700 + 0.082139),0.876376 (0.793800 + 0.082576),0.872749 (0.790200 + 0.082549),0.861868 (0.779400 + 0.082468),0.864279 (0.782100 + 0.082179),0.870096 (0.787500 + 0.082596),0.874654 (0.792000 + 0.082654),0.849990 (0.767700 + 0.082291),0.863598 (0.781200 + 0.082398),0.870719 (0.788400 + 0.082319),0.868186 (0.785700 + 0.082485),0.867466 (0.784800 + 0.082666),0.861699 (0.779400 + 0.082299),0.860059 (0.778500 + 0.081559),0.868173 (0.785700 + 0.082473),0.859054 (0.776700 + 0.082354),0.873671 (0.791100 + 0.082571),0.878266 (0.795600 + 0.082666),0.869252 (0.786600 + 0.082652),0.876356 (0.793800 + 0.082556),0.865597 (0.783000 + 0.082597),0.865178 (0.783000 + 0.082178),0.874544 (0.792000 + 0.082544),0.878346 (0.795600 + 0.082746),0.866569 (0.783900 + 0.082669),0.863711 (0.781200 + 0.082511),0.866277 (0.783900 + 0.082377),0.878233 (0.795600 + 0.082633),0.874425 (0.792000 + 0.082425),0.860890 (0.778500 + 0.082390),0.872027 (0.789300 + 0.082727),0.867821 (0.784800 + 0.083021),0.871923 (0.789300 + 0.082623),0.862702 (0.780300 + 0.082402),0.867652 (0.784800 + 0.082852),0.854267 (0.772200 + 0.082067),0.860009 (0.777600 + 0.082409),0.866600 (0.783900 + 0.082700),0.862732 (0.780300 + 0.082432),0.853045 (0.770400 + 0.082645),0.858695 (0.775800 + 0.082895),0.871131 (0.788400 + 0.082731),0.876376 (0.793800 + 0.082576)
75,0.881831 (0.799200 + 0.082631),0.870719 (0.788400 + 0.082319),0.864279 (0.782100 + 0.082179),0.876405 (0.793800 + 0.082605),0.879911 (0.797400 + 0.082511),0.862805 (0.780300 + 0.082505),0.859252 (0.776700 + 0.082553),0.859166 (0.776700 + 0.082466),0.866429 (0.783900 + 0.082529),0.868288 (0.785700 + 0.082587),0.860106 (0.777600 + 0.082506),0.873605 (0.791100 + 0.082505),0.870987 (0.788400 + 0.082587),0.873918 (0.791100 + 0.082818),0.842568 (0.759600 + 0.082968),0.859834 (0.777600 + 0.082234),0.868284 (0.785700 + 0.082584),0.876356 (0.793800 + 0.082556),0.871898 (0.789300 + 0.082598),0.862863 (0.780300 + 0.082563),0.871840 (0.789300 + 0.082540),0.867617 (0.784800 + 0.082817),0.861842 (0.779400 + 0.082442),0.878370 (0.795600 + 0.082770),0.869243 (0.786600 + 0.082643),0.866573 (0.783900 + 0.082673),0.871498 (0.788400 + 0.083098),0.869286 (0.786600 + 0.082686),0.872759 (0.790200 + 0.082559),0.863931 (0.781200 + 0.082732),0.865492 (0.783000 + 0.082492),0.878311 (0.795600 + 0.082711),0.870974 (0.788400 + 0.082574),0.867096 (0.784800 + 0.082296),0.867096 (0.784800 + 0.082296),0.869329 (0.786600 + 0.082729),0.876431 (0.793800 + 0.082631),0.868324 (0.785700 + 0.082624),0.865811 (0.783000 + 0.082811),0.862129 (0.779400 + 0.082729),0.865207 (0.783000 + 0.082207),0.878233 (0.795600 + 0.082633),0.876361 (0.793800 + 0.082561),0.863959 (0.781200 + 0.082759),0.867314 (0.784800 + 0.082514),0.872751 (0.790200 + 0.082551),0.866951 (0.784800 + 0.082151),0.869489 (0.786600 + 0.082889),0.866514 (0.783900 + 0.082614),0.863753 (0.781200 + 0.082553),0.876369 (0.793800 + 0.082569),0.876376 (0.793800 + 0.082576),0.870878 (0.788400 + 0.082478),0.872629 (0.790200 + 0.082429),0.869159 (0.786600 + 0.082559),0.872815 (0.790200 + 0.082615),0.874582 (0.792000 + 0.082582),0.858276 (0.775800 + 0.082476),0.876409 (0.793800 + 0.082609),0.872865 (0.790200 + 0.082665),0.866142 (0.783900 + 0.082242),0.873663 (0.791100 + 0.082563),0.869252 (0.786600 + 0.082652),0.854729 (0.772200 + 0.082529),0.877221 (0.794700 + 0.082521),0.872602 (0.790200 + 0.082402),0.865902 (0.783900 + 0.082002),0.877421 (0.794700 + 0.082721),0.874579 (0.792000 + 0.082579),0.874601 (0.792000 + 0.082601)
76,0.881831 (0.799200 + 0.082631),0.871875 (0.789300 + 0.082575),0.878287 (0.795600 + 0.082687),0.866245 (0.783900 + 0.082345),0.864574 (0.782100 + 0.082474),0.869031 (0.786600 + 0.082431),0.865157 (0.783000 + 0.082157),0.852796 (0.770400 + 0.082396),0.861115 (0.778500 + 0.082615),0.878233 (0.795600 + 0.082633),0.874579 (0.792000 + 0.082579),0.878287 (0.795600 + 0.082687),0.874579 (0.792000 + 0.082579),0.869329 (0.786600 + 0.082729),0.878233 (0.795600 + 0.082633),0.878233 (0.795600 + 0.082633),0.871498 (0.788400 + 0.083098),0.872913 (0.790200 + 0.082713),0.854388 (0.772200 + 0.082188),0.868298 (0.785700 + 0.082598),0.868382 (0.785700 + 0.082682),0.878233 (0.795600 + 0.082633),0.844654 (0.762300 + 0.082354),0.867174 (0.784800 + 0.082374),0.871137 (0.788400 + 0.082737),0.882582 (0.800100 + 0.082482),0.870130 (0.787500 + 0.082630),0.863672 (0.781200 + 0.082472),0.869962 (0.787500 + 0.082462),0.864805 (0.782100 + 0.082705),0.870845 (0.788400 + 0.082445),0.876367 (0.793800 + 0.082567),0.878233 (0.795600 + 0.082633),0.876369 (0.793800 + 0.082569),0.874579 (0.792000 + 0.082579),0.876372 (0.793800 + 0.082572),0.873839 (0.791100 + 0.082740),0.874647 (0.792000 + 0.082647),0.854917 (0.772200 + 0.082717),0.874736 (0.792000 + 0.082736),0.870293 (0.787500 + 0.082793),0.875421 (0.792900 + 0.082521),0.862379 (0.779400 + 0.082979),0.863887 (0.781200 + 0.082687),0.868324 (0.785700 + 0.082624),0.862822 (0.780300 + 0.082522),0.865158 (0.783000 + 0.082158),0.863907 (0.781200 + 0.082707),0.856323 (0.774000 + 0.082323),0.878114 (0.795600 + 0.082514),0.873680 (0.791100 + 0.082580),0.870991 (0.788400 + 0.082591),0.871046 (0.788400 + 0.082646),0.869159 (0.786600 + 0.082559),0.869159 (0.786600 + 0.082559),0.876442 (0.793800 + 0.082642),0.867266 (0.784800 + 0.082466),0.866231 (0.783900 + 0.082331),0.872785 (0.790200 + 0.082585),0.858145 (0.775800 + 0.082345),0.859396 (0.776700 + 0.082696),0.868492 (0.785700 + 0.082791),0.873623 (0.791100 + 0.082523),0.876369 (0.793800 + 0.082569),0.872815 (0.790200 + 0.082615),0.857996 (0.775800 + 0.082196),0.865207 (0.783000 + 0.082207),0.876442 (0.793800 + 0.082642),0.878069 (0.795600 + 0.082468),0.879205 (0.796500 + 0.082705)
77,0.882582 (0.800100 + 0.082482),0.861616 (0.779400 + 0.082216),0.876372 (0.793800 + 0.082572),0.863097 (0.780300 + 0.082797),0.849221 (0.766800 + 0.082421),0.873613 (0.791100 + 0.082513),0.872716 (0.790200 + 0.082516),0.874736 (0.792000 + 0.082736),0.874579 (0.792000 + 0.082579),0.876369 (0.793800 + 0.082569),0.861161 (0.778500 + 0.082661),0.860021 (0.777600 + 0.082421),0.864133 (0.782100 + 0.082033),0.869758 (0.787500 + 0.082258),0.878233 (0.795600 + 0.082633),0.876369 (0.793800 + 0.082569),0.876369 (0.793800 + 0.082569),0.871807 (0.789300 + 0.082507),0.876356 (0.793800 + 0.082556),0.880910 (0.798300 + 0.082610),0.856261 (0.774000 + 0.082261),0.877417 (0.794700 + 0.082717),0.869079 (0.786600 + 0.082479),0.868271 (0.785700 + 0.082571),0.863838 (0.781200 + 0.082638),0.860887 (0.778500 + 0.082387),0.862729 (0.780300 + 0.082429),0.868362 (0.785700 + 0.082662),0.869160 (0.786600 + 0.082560),0.863545 (0.781200 + 0.082345),0.855471 (0.773100 + 0.082371),0.868028 (0.785700 + 0.082328),0.857843 (0.775800 + 0.082043),0.876361 (0.793800 + 0.082561),0.881754 (0.799200 + 0.082554),0.878233 (0.795600 + 0.082633),0.868334 (0.785700 + 0.082634),0.862620 (0.780300 + 0.082320),0.877263 (0.794700 + 0.082564),0.876442 (0.793800 + 0.082642),0.875421 (0.792900 + 0.082521),0.865164 (0.783000 + 0.082164),0.871039 (0.788400 + 0.082639),0.864636 (0.782100 + 0.082536),0.867238 (0.784800 + 0.082438),0.876429 (0.793800 + 0.082630),0.870987 (0.788400 + 0.082587),0.876442 (0.793800 + 0.082642),0.876369 (0.793800 + 0.082569),0.871733 (0.789300 + 0.082433),0.862964 (0.780300 + 0.082664),0.878233 (0.795600 + 0.082633),0.874579 (0.792000 + 0.082579),0.874795 (0.792000 + 0.082795),0.867186 (0.784800 + 0.082386),0.876369 (0.793800 + 0.082569),0.877246 (0.794700 + 0.082546),0.866277 (0.783900 + 0.082377),0.874636 (0.792000 + 0.082636),0.857387 (0.774900 + 0.082487),0.878233 (0.795600 + 0.082633),0.877335 (0.794700 + 0.082636),0.866210 (0.783900 + 0.082310),0.862791 (0.780300 + 0.082491),0.858744 (0.776700 + 0.082044),0.862760 (0.780300 + 0.082460),0.870991 (0.788400 + 0.082591),0.869463 (0.786600 + 0.082863),0.878178 (0.795600 + 0.082578),0.857384 (0.774900 + 0.082484)
78,0.882582 (0.800100 + 0.082482),0.858063 (0.775800 + 0.082263),0.876274 (0.793800 + 0.082474),0.865633 (0.783000 + 0.082633),0.873828 (0.791100 + 0.082728),0.876409 (0.793800 + 0.082609),0.862266 (0.779400 + 0.082866),0.864765 (0.782100 + 0.082665),0.866688 (0.783900 + 0.082788),0.877256 (0.794700 + 0.082556),0.876369 (0.793800 + 0.082569),0.872215 (0.789300 + 0.082915),0.863789 (0.781200 + 0.082589),0.876369 (0.793800 + 0.082569),0.876369 (0.793800 + 0.082569),0.877232 (0.794700 + 0.082532),0.856448 (0.774000 + 0.082448),0.876369 (0.793800 + 0.082569),0.868287 (0.785700 + 0.082587),0.868941 (0.786600 + 0.082341),0.862279 (0.779400 + 0.082879),0.873660 (0.791100 + 0.082560),0.875620 (0.792900 + 0.082720),0.876369 (0.793800 + 0.082569),0.858877 (0.776700 + 0.082177),0.865347 (0.783000 + 0.082347),0.876369 (0.793800 + 0.082569),0.858425 (0.775800 + 0.082626),0.862119 (0.779400 + 0.082719),0.862844 (0.780300 + 0.082544),0.875535 (0.792900 + 0.082635),0.861085 (0.778500 + 0.082585),0.859183 (0.776700 + 0.082483),0.859701 (0.777600 + 0.082101),0.875443 (0.792900 + 0.082543),0.875436 (0.792900 + 0.082536),0.861060 (0.778500 + 0.082560),0.867703 (0.785700 + 0.082003),0.860060 (0.777600 + 0.082460),0.870136 (0.787500 + 0.082636),0.867269 (0.784800 + 0.082469),0.863550 (0.781200 + 0.082350),0.865971 (0.783900 + 0.082071),0.877382 (0.794700 + 0.082683),0.873666 (0.791100 + 0.082566),0.864844 (0.782100 + 0.082744),0.875505 (0.792900 + 0.082605),0.869237 (0.786600 + 0.082637),0.850253 (0.767700 + 0.082553),0.863778 (0.781200 + 0.082578),0.875455 (0.792900 + 0.082555),0.871864 (0.789300 + 0.082564),0.874576 (0.792000 + 0.082576),0.877254 (0.794700 + 0.082554),0.862762 (0.780300 + 0.082462),0.867162 (0.784800 + 0.082362),0.861029 (0.778500 + 0.082529),0.865604 (0.783000 + 0.082604),0.862077 (0.779400 + 0.082677),0.864420 (0.782100 + 0.082320),0.874636 (0.792000 + 0.082636),0.861359 (0.778500 + 0.082859),0.876136 (0.793800 + 0.082336),0.879066 (0.796500 + 0.082566),0.876369 (0.793800 + 0.082569),0.881733 (0.799200 + 0.082533),0.870160 (0.787500 + 0.082660),0.872240 (0.790200 + 0.082040),0.857484 (0.774900 + 0.082584),0.873803 (0.791100 + 0.082703)
79,0.882582 (0.800100 + 0.082482),0.877290 (0.794700 + 0.082590),0.857537 (0.774900 + 0.082637),0.863854 (0.781200 + 0.082654),0.865405 (0.783000 + 0.082405),0.859399 (0.776700 + 0.082699),0.866806 (0.783900 + 0.082906),0.882611 (0.800100 + 0.082511),0.857322 (0.774900 + 0.082423),0.857552 (0.774900 + 0.082652),0.866451 (0.783900 + 0.082551),0.876355 (0.793800 + 0.082555),0.875523 (0.792900 + 0.082623),0.866443 (0.783900 + 0.082543),0.860260 (0.777600 + 0.082660),0.858413 (0.775800 + 0.082613),0.870860 (0.788400 + 0.082460),0.884518 (0.801900 + 0.082618),0.863719 (0.781200 + 0.082519),0.876361 (0.793800 + 0.082561),0.879930 (0.797400 + 0.082530),0.869764 (0.787500 + 0.082264),0.879085 (0.796500 + 0.082585),0.875543 (0.792900 + 0.082643),0.862993 (0.780300 + 0.082693),0.845287 (0.763200 + 0.082087),0.873057 (0.790200 + 0.082858),0.873785 (0.791100 + 0.082685),0.857476 (0.774900 + 0.082576),0.868301 (0.785700 + 0.082601),0.865610 (0.783000 + 0.082610),0.867684 (0.785700 + 0.081984),0.875522 (0.792900 + 0.082623),0.868022 (0.785700 + 0.082322),0.875505 (0.792900 + 0.082605),0.874579 (0.792000 + 0.082579),0.879951 (0.797400 + 0.082551),0.860804 (0.778500 + 0.082304),0.867937 (0.785700 + 0.082237),0.874564 (0.792000 + 0.082564),0.873656 (0.791100 + 0.082556),0.870040 (0.787500 + 0.082540),0.859325 (0.776700 + 0.082625),0.879647 (0.797400 + 0.082247),0.865449 (0.783000 + 0.082449),0.876182 (0.793800 + 0.082382),0.865974 (0.783900 + 0.082074),0.861929 (0.779400 + 0.082529),0.871895 (0.789300 + 0.082595),0.879112 (0.796500 + 0.082612),0.859217 (0.776700 + 0.082517),0.875455 (0.792900 + 0.082555),0.865374 (0.783000 + 0.082374),0.875620 (0.792900 + 0.082720),0.875620 (0.792900 + 0.082720),0.876398 (0.793800 + 0.082598),0.867477 (0.784800 + 0.082677),0.882582 (0.800100 + 0.082482),0.876369 (0.793800 + 0.082569),0.881733 (0.799200 + 0.082533),0.875455 (0.792900 + 0.082555),0.865614 (0.783000 + 0.082614),0.862692 (0.780300 + 0.082392),0.863668 (0.781200 + 0.082468),0.876369 (0.793800 + 0.082569),0.877406 (0.794700 + 0.082706),0.861011 (0.778500 + 0.082511),0.861718 (0.779400 + 0.082318),0.876241 (0.793800 + 0.082441),0.871032 (0.788400 + 0.082632)
80,0.884518 (0.801900 + 0.082618),0.868139 (0.785700 + 0.082439),0.858509 (0.776700 + 0.081809),0.865610 (0.783000 + 0.082610),0.863854 (0.781200 + 0.082654),0.878115 (0.795600 + 0.082515),0.873646 (0.791100 + 0.082546),0.868027 (0.785700 + 0.082327),0.879898 (0.797400 + 0.082498),0.862526 (0.780300 + 0.082226),0.865419 (0.783000 + 0.082419),0.853338 (0.771300 + 0.082039),0.859986 (0.777600 + 0.082386),0.877266 (0.794700 + 0.082566),0.860965 (0.778500 + 0.082465),0.861852 (0.779400 + 0.082452),0.873329 (0.791100 + 0.082229),0.871072 (0.788400 + 0.082672),0.871013 (0.788400 + 0.082613),0.881733 (0.799200 + 0.082533),0.851899 (0.769500 + 0.082399),0.857502 (0.774900 + 0.082602),0.869934 (0.787500 + 0.082434),0.872609 (0.790200 + 0.082409),0.859365 (0.776700 + 0.082665),0.848051 (0.765900 + 0.082151),0.869810 (0.787500 + 0.082310),0.881754 (0.799200 + 0.082554),0.877260 (0.794700 + 0.082560),0.867225 (0.784800 + 0.082425),0.862618 (0.780300 + 0.082318),0.876398 (0.793800 + 0.082598),0.869608 (0.787500 + 0.082108),0.859129 (0.776700 + 0.082429),0.861851 (0.779400 + 0.082451),0.866505 (0.783900 + 0.082605),0.874697 (0.792000 + 0.082697),0.858341 (0.775800 + 0.082541),0.864456 (0.782100 + 0.082356),0.857126 (0.774900 + 0.082226),0.873721 (0.791100 + 0.082621),0.860732 (0.778500 + 0.082232),0.870688 (0.788400 + 0.082288),0.882611 (0.800100 + 0.082511),0.876361 (0.793800 + 0.082561),0.859755 (0.777600 + 0.082155),0.879036 (0.796500 + 0.082536),0.882611 (0.800100 + 0.082511),0.867265 (0.784800 + 0.082465),0.862865 (0.780300 + 0.082565),0.879647 (0.797400 + 0.082247),0.863541 (0.781200 + 0.082341),0.877290 (0.794700 + 0.082590),0.871730 (0.789300 + 0.082430),0.878327 (0.795600 + 0.082727),0.876182 (0.793800 + 0.082382),0.862496 (0.780300 + 0.082196),0.866246 (0.783900 + 0.082346),0.870861 (0.788400 + 0.082461),0.870040 (0.787500 + 0.082540),0.876398 (0.793800 + 0.082598),0.876246 (0.793800 + 0.082446),0.856381 (0.774000 + 0.082381),0.881754 (0.799200 + 0.082554),0.868045 (0.785700 + 0.082345),0.862134 (0.779400 + 0.082734),0.869289 (0.786600 + 0.082689),0.883476 (0.801000 + 0.082476),0.869175 (0.786600 + 0.082575),0.883509 (0.801000 + 0.082509)
81,0.884518 (0.801900 + 0.082618),0.847454 (0.765000 + 0.082454),0.865552 (0.783000 + 0.082553),0.877136 (0.794700 + 0.082436),0.862884 (0.780300 + 0.082584),0.857323 (0.774900 + 0.082423),0.871937 (0.789300 + 0.082637),0.869917 (0.787500 + 0.082417),0.857173 (0.774900 + 0.082273),0.880786 (0.798300 + 0.082486),0.884451 (0.801900 + 0.082551),0.865473 (0.783000 + 0.082473),0.861889 (0.779400 + 0.082489),0.861827 (0.779400 + 0.082427),0.881733 (0.799200 + 0.082533),0.871454 (0.789300 + 0.082154),0.861578 (0.779400 + 0.082178),0.862633 (0.780300 + 0.082333),0.871483 (0.789300 + 0.082183),0.878063 (0.795600 + 0.082463),0.867966 (0.785700 + 0.082266),0.865793 (0.783000 + 0.082793),0.862496 (0.780300 + 0.082196),0.876361 (0.793800 + 0.082561),0.878128 (0.795600 + 0.082528),0.857667 (0.774900 + 0.082767),0.860858 (0.778500 + 0.082358),0.879898 (0.797400 + 0.082498),0.869277 (0.786600 + 0.082677),0.859966 (0.777600 + 0.082366),0.877100 (0.794700 + 0.082400),0.887196 (0.804600 + 0.082596),0.868882 (0.786600 + 0.082282),0.875564 (0.792900 + 0.082664),0.861237 (0.778500 + 0.082737),0.869066 (0.786600 + 0.082466),0.866157 (0.783900 + 0.082257),0.858080 (0.775800 + 0.082280),0.860192 (0.777600 + 0.082592),0.869965 (0.787500 + 0.082465),0.869003 (0.786600 + 0.082403),0.877260 (0.794700 + 0.082560),0.862618 (0.780300 + 0.082318),0.873508 (0.791100 + 0.082408),0.861508 (0.779400 + 0.082108),0.876398 (0.793800 + 0.082598),0.883476 (0.801000 + 0.082476),0.881754 (0.799200 + 0.082554),0.879647 (0.797400 + 0.082247),0.872714 (0.790200 + 0.082514),0.866469 (0.783900 + 0.082569),0.880842 (0.798300 + 0.082542),0.874492 (0.792000 + 0.082492),0.881733 (0.799200 + 0.082533),0.863541 (0.781200 + 0.082341),0.877313 (0.794700 + 0.082614),0.864694 (0.782100 + 0.082594),0.881029 (0.798300 + 0.082729),0.883509 (0.801000 + 0.082509),0.876499 (0.793800 + 0.082699),0.878152 (0.795600 + 0.082552),0.876361 (0.793800 + 0.082561),0.870040 (0.787500 + 0.082540),0.870861 (0.788400 + 0.082461),0.869934 (0.787500 + 0.082434),0.867327 (0.784800 + 0.082527),0.857543 (0.774900 + 0.082643),0.862565 (0.780300 + 0.082265),0.876242 (0.793800 + 0.082442),0.869858 (0.787500 + 0.082358)
82,0.887196 (0.804600 + 0.082596),0.881754 (0.799200 + 0.082554),0.868088 (0.785700 + 0.082388),0.832657 (0.750600 + 0.082057),0.853429 (0.771300 + 0.082129),0.861785 (0.779400 + 0.082385),0.857336 (0.774900 + 0.082436),0.871714 (0.789300 + 0.082414),0.872682 (0.790200 + 0.082482),0.861715 (0.779400 + 0.082316),0.885420 (0.802800 + 0.082620),0.863377 (0.781200 + 0.082178),0.869031 (0.786600 + 0.082431),0.879893 (0.797400 + 0.082493),0.879002 (0.796500 + 0.082502),0.877953 (0.795600 + 0.082353),0.872561 (0.790200 + 0.082361),0.878152 (0.795600 + 0.082552),0.871937 (0.789300 + 0.082637),0.879114 (0.796500 + 0.082614),0.879943 (0.797400 + 0.082543),0.866221 (0.783900 + 0.082321),0.852555 (0.770400 + 0.082155),0.881733 (0.799200 + 0.082533),0.876361 (0.793800 + 0.082561),0.860988 (0.778500 + 0.082489),0.855249 (0.773100 + 0.082149),0.875087 (0.792900 + 0.082187),0.860758 (0.778500 + 0.082258),0.876398 (0.793800 + 0.082598),0.866469 (0.783900 + 0.082569),0.858688 (0.776700 + 0.081988),0.865364 (0.783000 + 0.082364),0.884518 (0.801900 + 0.082618),0.887196 (0.804600 + 0.082596),0.867268 (0.784800 + 0.082468),0.875424 (0.792900 + 0.082524),0.866824 (0.784800 + 0.082024),0.862572 (0.780300 + 0.082272),0.873730 (0.791100 + 0.082630),0.868222 (0.785700 + 0.082522),0.863038 (0.781200 + 0.081838),0.859966 (0.777600 + 0.082366),0.855590 (0.773100 + 0.082490),0.877136 (0.794700 + 0.082436),0.858903 (0.776700 + 0.082203),0.868282 (0.785700 + 0.082582),0.879937 (0.797400 + 0.082537),0.871750 (0.789300 + 0.082450),0.880842 (0.798300 + 0.082542),0.869003 (0.786600 + 0.082403),0.865359 (0.783000 + 0.082359),0.854467 (0.772200 + 0.082267),0.868004 (0.785700 + 0.082304),0.875564 (0.792900 + 0.082664),0.864503 (0.782100 + 0.082403),0.877141 (0.794700 + 0.082441),0.858235 (0.775800 + 0.082435),0.884451 (0.801900 + 0.082551),0.881751 (0.799200 + 0.082551),0.868881 (0.786600 + 0.082281),0.862565 (0.780300 + 0.082265),0.862565 (0.780300 + 0.082265),0.881705 (0.799200 + 0.082505),0.857936 (0.775800 + 0.082136),0.873824 (0.791100 + 0.082724),0.859842 (0.777600 + 0.082242),0.867181 (0.784800 + 0.082381),0.865685 (0.783000 + 0.082685),0.882654 (0.800100 + 0.082554)
83,0.887196 (0.804600 + 0.082596),0.875424 (0.792900 + 0.082524),0.887196 (0.804600 + 0.082596),0.859757 (0.777600 + 0.082157),0.876360 (0.793800 + 0.082560),0.869914 (0.787500 + 0.082414),0.879083 (0.796500 + 0.082583),0.873421 (0.791100 + 0.082322),0.876347 (0.793800 + 0.082547),0.884518 (0.801900 + 0.082618),0.877141 (0.794700 + 0.082441),0.879955 (0.797400 + 0.082556),0.884437 (0.801900 + 0.082537),0.861747 (0.779400 + 0.082347),0.861715 (0.779400 + 0.082316),0.877126 (0.794700 + 0.082426),0.860652 (0.778500 + 0.082152),0.869987 (0.787500 + 0.082487),0.876297 (0.793800 + 0.082497),0.872513 (0.790200 + 0.082313),0.868272 (0.785700 + 0.082572),0.865415 (0.783000 + 0.082415),0.864601 (0.782100 + 0.082501),0.853765 (0.772200 + 0.081565),0.854214 (0.772200 + 0.082014),0.871933 (0.789300 + 0.082633),0.860863 (0.778500 + 0.082363),0.882724 (0.800100 + 0.082624),0.877244 (0.794700 + 0.082544),0.860716 (0.778500 + 0.082216),0.866455 (0.783900 + 0.082555),0.884506 (0.801900 + 0.082606),0.879032 (0.796500 + 0.082532),0.877244 (0.794700 + 0.082544),0.876347 (0.793800 + 0.082547),0.859721 (0.777600 + 0.082121),0.867201 (0.784800 + 0.082401),0.885420 (0.802800 + 0.082620),0.881741 (0.799200 + 0.082541),0.858078 (0.775800 + 0.082279),0.866387 (0.783900 + 0.082487),0.878993 (0.796500 + 0.082493),0.880912 (0.798300 + 0.082612),0.872549 (0.790200 + 0.082349),0.878055 (0.795600 + 0.082455),0.866498 (0.783900 + 0.082598),0.866154 (0.783900 + 0.082254),0.870991 (0.788400 + 0.082591),0.882765 (0.800100 + 0.082665),0.872034 (0.789300 + 0.082734),0.865368 (0.783000 + 0.082368),0.878152 (0.795600 + 0.082552),0.858067 (0.775800 + 0.082267),0.867991 (0.785700 + 0.082291),0.855959 (0.773100 + 0.082859),0.881879 (0.799200 + 0.082679),0.863374 (0.781200 + 0.082174),0.871013 (0.788400 + 0.082613),0.871925 (0.789300 + 0.082625),0.875430 (0.792900 + 0.082530),0.871636 (0.789300 + 0.082336),0.858853 (0.776700 + 0.082153),0.865586 (0.783000 + 0.082586),0.880908 (0.798300 + 0.082608),0.881699 (0.799200 + 0.082499),0.872442 (0.790200 + 0.082242),0.873600 (0.791100 + 0.082500),0.884451 (0.801900 + 0.082551),0.882654 (0.800100 + 0.082554),0.860024 (0.777600 + 0.082424)
84,0.887196 (0.804600 + 0.082596),0.843638 (0.761400 + 0.082238),0.866660 (0.783900 + 0.082760),0.877234 (0.794700 + 0.082534),0.869882 (0.787500 + 0.082382),0.887196 (0.804600 + 0.082596),0.860814 (0.778500 + 0.082314),0.874513 (0.792000 + 0.082513),0.865333 (0.783000 + 0.082333),0.855431 (0.773100 + 0.082331),0.873667 (0.791100 + 0.082567),0.878111 (0.795600 + 0.082511),0.882767 (0.800100 + 0.082667),0.863572 (0.781200 + 0.082372),0.865648 (0.783000 + 0.082648),0.878194 (0.795600 + 0.082594),0.878081 (0.795600 + 0.082481),0.882724 (0.800100 + 0.082624),0.877126 (0.794700 + 0.082426),0.870027 (0.787500 + 0.082527),0.876318 (0.793800 + 0.082518),0.865294 (0.783000 + 0.082294),0.880030 (0.797400 + 0.082630),0.865252 (0.783000 + 0.082252),0.885420 (0.802800 + 0.082620),0.880981 (0.798300 + 0.082681),0.877281 (0.794700 + 0.082581),0.879032 (0.796500 + 0.082532),0.887196 (0.804600 + 0.082596),0.880779 (0.798300 + 0.082479),0.863524 (0.781200 + 0.082324),0.878956 (0.796500 + 0.082456),0.862470 (0.780300 + 0.082170),0.859889 (0.777600 + 0.082289),0.864726 (0.782100 + 0.082626),0.867091 (0.784800 + 0.082291),0.860801 (0.778500 + 0.082301),0.866395 (0.783900 + 0.082495),0.879938 (0.797400 + 0.082538),0.867124 (0.784800 + 0.082324),0.857927 (0.775800 + 0.082127),0.866421 (0.783900 + 0.082521),0.870981 (0.788400 + 0.082580),0.881803 (0.799200 + 0.082603),0.880900 (0.798300 + 0.082600),0.881879 (0.799200 + 0.082679),0.881879 (0.799200 + 0.082679),0.875376 (0.792900 + 0.082476),0.852844 (0.770400 + 0.082444),0.882767 (0.800100 + 0.082667),0.867095 (0.784800 + 0.082295),0.870028 (0.787500 + 0.082528),0.857458 (0.774900 + 0.082558),0.864437 (0.782100 + 0.082337),0.865067 (0.783000 + 0.082068),0.874351 (0.792000 + 0.082351),0.884518 (0.801900 + 0.082618),0.885420 (0.802800 + 0.082620),0.877126 (0.794700 + 0.082426),0.877261 (0.794700 + 0.082561),0.877124 (0.794700 + 0.082425),0.859228 (0.776700 + 0.082528),0.884437 (0.801900 + 0.082537),0.873544 (0.791100 + 0.082444),0.872071 (0.789300 + 0.082771),0.868113 (0.785700 + 0.082413),0.858995 (0.776700 + 0.082295),0.867424 (0.784800 + 0.082625),0.872549 (0.790200 + 0.082349),0.877297 (0.794700 + 0.082597)
85,0.887196 (0.804600 + 0.082596),0.865294 (0.783000 + 0.082294),0.870316 (0.787500 + 0.082816),0.865384 (0.783000 + 0.082384),0.879919 (0.797400 + 0.082519),0.877248 (0.794700 + 0.082548),0.866467 (0.783900 + 0.082567),0.875528 (0.792900 + 0.082628),0.880981 (0.798300 + 0.082681),0.860887 (0.778500 + 0.082387),0.871691 (0.789300 + 0.082391),0.866427 (0.783900 + 0.082527),0.859498 (0.777600 + 0.081898),0.859900 (0.777600 + 0.082300),0.863513 (0.781200 + 0.082313),0.862558 (0.780300 + 0.082258),0.866463 (0.783900 + 0.082563),0.865640 (0.783000 + 0.082640),0.878037 (0.795600 + 0.082437),0.879083 (0.796500 + 0.082583),0.862759 (0.780300 + 0.082459),0.866415 (0.783900 + 0.082515),0.880936 (0.798300 + 0.082636),0.870055 (0.787500 + 0.082555),0.881778 (0.799200 + 0.082578),0.869012 (0.786600 + 0.082412),0.868131 (0.785700 + 0.082431),0.882767 (0.800100 + 0.082667),0.871612 (0.789300 + 0.082312),0.866455 (0.783900 + 0.082555),0.857195 (0.774900 + 0.082295),0.878194 (0.795600 + 0.082594),0.885420 (0.802800 + 0.082620),0.844421 (0.762300 + 0.082121),0.880814 (0.798300 + 0.082514),0.867205 (0.784800 + 0.082405),0.880004 (0.797400 + 0.082604),0.873716 (0.791100 + 0.082616),0.868134 (0.785700 + 0.082434),0.880869 (0.798300 + 0.082569),0.882586 (0.800100 + 0.082486),0.870877 (0.788400 + 0.082477),0.865662 (0.783000 + 0.082662),0.885420 (0.802800 + 0.082620),0.878194 (0.795600 + 0.082594),0.860089 (0.777600 + 0.082489),0.879763 (0.797400 + 0.082363),0.875440 (0.792900 + 0.082540),0.867050 (0.784800 + 0.082250),0.887196 (0.804600 + 0.082596),0.881803 (0.799200 + 0.082603),0.881838 (0.799200 + 0.082638),0.863732 (0.781200 + 0.082532),0.876261 (0.793800 + 0.082461),0.867500 (0.784800 + 0.082700),0.883653 (0.801000 + 0.082653),0.866090 (0.783900 + 0.082190),0.879075 (0.796500 + 0.082575),0.874649 (0.792000 + 0.082649),0.869918 (0.787500 + 0.082418),0.866465 (0.783900 + 0.082565),0.869882 (0.787500 + 0.082382),0.867124 (0.784800 + 0.082324),0.880900 (0.798300 + 0.082600),0.879032 (0.796500 + 0.082532),0.860940 (0.778500 + 0.082440),0.884506 (0.801900 + 0.082606),0.859874 (0.777600 + 0.082274),0.868233 (0.785700 + 0.082533),0.865637 (0.783000 + 0.082637)
86,0.887196 (0.804600 + 0.082596),0.880828 (0.798300 + 0.082528),0.877191 (0.794700 + 0.082491),0.883574 (0.801000 + 0.082574),0.877308 (0.794700 + 0.082608),0.855578 (0.773100 + 0.082478),0.882751 (0.800100 + 0.082651),0.871071 (0.788400 + 0.082671),0.866444 (0.783900 + 0.082545),0.870842 (0.788400 + 0.082442),0.869823 (0.787500 + 0.082323),0.869067 (0.786600 + 0.082467),0.879202 (0.796500 + 0.082702),0.874433 (0.792000 + 0.082433),0.869896 (0.787500 + 0.082396),0.870666 (0.788400 + 0.082266),0.857017 (0.774900 + 0.082117),0.866455 (0.783900 + 0.082555),0.881778 (0.799200 + 0.082578),0.859936 (0.777600 + 0.082336),0.880030 (0.797400 + 0.082630),0.875384 (0.792900 + 0.082484),0.870747 (0.788400 + 0.082347),0.877236 (0.794700 + 0.082537),0.869806 (0.787500 + 0.082306),0.885420 (0.802800 + 0.082620),0.879084 (0.796500 + 0.082584),0.873652 (0.791100 + 0.082552),0.855487 (0.773100 + 0.082387),0.870671 (0.788400 + 0.082271),0.872830 (0.790200 + 0.082630),0.881778 (0.799200 + 0.082578),0.876399 (0.793800 + 0.082599),0.875407 (0.792900 + 0.082507),0.884506 (0.801900 + 0.082606),0.868228 (0.785700 + 0.082528),0.866170 (0.783900 + 0.082270),0.879959 (0.797400 + 0.082559),0.878137 (0.795600 + 0.082537),0.872746 (0.790200 + 0.082546),0.872574 (0.790200 + 0.082374),0.854801 (0.772200 + 0.082601),0.858056 (0.775800 + 0.082256),0.881754 (0.799200 + 0.082554),0.875377 (0.792900 + 0.082477),0.871658 (0.789300 + 0.082358),0.877248 (0.794700 + 0.082548),0.876443 (0.793800 + 0.082643),0.864652 (0.782100 + 0.082552),0.860132 (0.777600 + 0.082532),0.870316 (0.787500 + 0.082816),0.884506 (0.801900 + 0.082606),0.881838 (0.799200 + 0.082638),0.885420 (0.802800 + 0.082620),0.881752 (0.799200 + 0.082552),0.871717 (0.789300 + 0.082417),0.871779 (0.789300 + 0.082479),0.867881 (0.785700 + 0.082181),0.879051 (0.796500 + 0.082551),0.881803 (0.799200 + 0.082603),0.880936 (0.798300 + 0.082636),0.866627 (0.783900 + 0.082727),0.875440 (0.792900 + 0.082540),0.867040 (0.784800 + 0.082240),0.880892 (0.798300 + 0.082592),0.879763 (0.797400 + 0.082363),0.867205 (0.784800 + 0.082405),0.857590 (0.774900 + 0.082690),0.871691 (0.789300 + 0.082391),0.883653 (0.801000 + 0.082653)
87,0.887196 (0.804600 + 0.082596),0.873601 (0.791100 + 0.082501),0.871815 (0.789300 + 0.082515),0.877308 (0.794700 + 0.082608),0.875384 (0.792900 + 0.082484),0.883659 (0.801000 + 0.082659),0.858238 (0.775800 + 0.082438),0.876416 (0.793800 + 0.082616),0.861697 (0.779400 + 0.082297),0.869203 (0.786600 + 0.082603),0.871553 (0.789300 + 0.082253),0.876272 (0.793800 + 0.082472),0.879955 (0.797400 + 0.082556),0.887196 (0.804600 + 0.082596),0.866436 (0.783900 + 0.082536),0.876299 (0.793800 + 0.082499),0.861689 (0.779400 + 0.082289),0.885420 (0.802800 + 0.082620),0.870926 (0.788400 + 0.082526),0.868085 (0.785700 + 0.082385),0.869157 (0.786600 + 0.082557),0.881752 (0.799200 + 0.082552),0.879763 (0.797400 + 0.082363),0.886255 (0.803700 + 0.082555),0.878038 (0.795600 + 0.082438),0.868908 (0.786600 + 0.082308),0.877363 (0.794700 + 0.082663),0.885420 (0.802800 + 0.082620),0.859189 (0.776700 + 0.082489),0.879030 (0.796500 + 0.082530),0.879051 (0.796500 + 0.082551),0.880892 (0.798300 + 0.082592),0.869693 (0.787500 + 0.082193),0.881752 (0.799200 + 0.082552),0.881778 (0.799200 + 0.082578),0.873632 (0.791100 + 0.082532),0.885420 (0.802800 + 0.082620),0.859907 (0.777600 + 0.082307),0.879763 (0.797400 + 0.082363),0.882725 (0.800100 + 0.082625),0.849256 (0.766800 + 0.082456),0.879984 (0.797400 + 0.082584),0.877912 (0.795600 + 0.082312),0.857890 (0.775800 + 0.082090),0.879763 (0.797400 + 0.082363),0.883682 (0.801000 + 0.082682),0.876247 (0.793800 + 0.082447),0.865695 (0.783000 + 0.082695),0.859028 (0.776700 + 0.082328),0.865354 (0.783000 + 0.082355),0.867592 (0.784800 + 0.082792),0.881754 (0.799200 + 0.082554),0.877308 (0.794700 + 0.082608),0.883618 (0.801000 + 0.082618),0.862606 (0.780300 + 0.082306),0.864783 (0.782100 + 0.082683),0.864459 (0.782100 + 0.082359),0.877209 (0.794700 + 0.082510),0.881770 (0.799200 + 0.082570),0.865232 (0.783000 + 0.082232),0.869806 (0.787500 + 0.082306),0.880936 (0.798300 + 0.082636),0.873036 (0.790200 + 0.082836),0.869823 (0.787500 + 0.082323),0.871758 (0.789300 + 0.082458),0.869901 (0.787500 + 0.082401),0.855366 (0.773100 + 0.082266),0.872957 (0.790200 + 0.082757),0.886288 (0.803700 + 0.082589),0.874457 (0.792000 + 0.082457)
88,0.887196 (0.804600 + 0.082596),0.880981 (0.798300 + 0.082681),0.878130 (0.795600 + 0.082530),0.866261 (0.783900 + 0.082361),0.877363 (0.794700 + 0.082663),0.886255 (0.803700 + 0.082555),0.885420 (0.802800 + 0.082620),0.876114 (0.793800 + 0.082314),0.874532 (0.792000 + 0.082532),0.876338 (0.793800 + 0.082538),0.870706 (0.788400 + 0.082306),0.885432 (0.802800 + 0.082632),0.881740 (0.799200 + 0.082540),0.869669 (0.787500 + 0.082169),0.850998 (0.768600 + 0.082398),0.881726 (0.799200 + 0.082526),0.874444 (0.792000 + 0.082444),0.879066 (0.796500 + 0.082566),0.885420 (0.802800 + 0.082620),0.863786 (0.781200 + 0.082586),0.879009 (0.796500 + 0.082509),0.874514 (0.792000 + 0.082514),0.888096 (0.805500 + 0.082596),0.876364 (0.793800 + 0.082564),0.881799 (0.799200 + 0.082599),0.863807 (0.781200 + 0.082607),0.871721 (0.789300 + 0.082421),0.883617 (0.801000 + 0.082617),0.878950 (0.796500 + 0.082450),0.878137 (0.795600 + 0.082537),0.882586 (0.800100 + 0.082486),0.880981 (0.798300 + 0.082681),0.870928 (0.788400 + 0.082528),0.865519 (0.783000 + 0.082519),0.876264 (0.793800 + 0.082464),0.880892 (0.798300 + 0.082592),0.879051 (0.796500 + 0.082551),0.878142 (0.795600 + 0.082542),0.877244 (0.794700 + 0.082544),0.883606 (0.801000 + 0.082606),0.860060 (0.777600 + 0.082460),0.868138 (0.785700 + 0.082438),0.883597 (0.801000 + 0.082597),0.880002 (0.797400 + 0.082603),0.884509 (0.801900 + 0.082609),0.862892 (0.780300 + 0.082592),0.879897 (0.797400 + 0.082498),0.872745 (0.790200 + 0.082545),0.878137 (0.795600 + 0.082537),0.879059 (0.796500 + 0.082559),0.858478 (0.775800 + 0.082678),0.863534 (0.781200 + 0.082334),0.873036 (0.790200 + 0.082836),0.883659 (0.801000 + 0.082659),0.885420 (0.802800 + 0.082620),0.873786 (0.791100 + 0.082686),0.861314 (0.778500 + 0.082814),0.877183 (0.794700 + 0.082483),0.878936 (0.796500 + 0.082436),0.870017 (0.787500 + 0.082517),0.875204 (0.792900 + 0.082304),0.880981 (0.798300 + 0.082681),0.881732 (0.799200 + 0.082532),0.880843 (0.798300 + 0.082543),0.883458 (0.801000 + 0.082459),0.878151 (0.795600 + 0.082551),0.886320 (0.803700 + 0.082620),0.879914 (0.797400 + 0.082514),0.857338 (0.774900 + 0.082438),0.857845 (0.775800 + 0.082045)
89,0.888096 (0.805500 + 0.082596),0.883611 (0.801000 + 0.082611),0.865274 (0.783000 + 0.082274),0.864383 (0.782100 + 0.082283),0.885420 (0.802800 + 0.082620),0.873098 (0.791100 + 0.081998),0.888955 (0.806400 + 0.082555),0.870931 (0.788400 + 0.082531),0.865552 (0.783000 + 0.082552),0.887196 (0.804600 + 0.082596),0.867704 (0.785700 + 0.082004),0.880981 (0.798300 + 0.082681),0.885331 (0.802800 + 0.082531),0.860075 (0.777600 + 0.082475),0.879051 (0.796500 + 0.082551),0.873742 (0.791100 + 0.082642),0.870133 (0.787500 + 0.082633),0.884506 (0.801900 + 0.082606),0.866480 (0.783900 + 0.082580),0.866449 (0.783900 + 0.082549),0.865558 (0.783000 + 0.082558),0.864494 (0.782100 + 0.082394),0.862681 (0.780300 + 0.082381),0.866434 (0.783900 + 0.082534),0.866605 (0.783900 + 0.082705),0.883546 (0.801000 + 0.082546),0.876247 (0.793800 + 0.082447),0.881754 (0.799200 + 0.082554),0.884506 (0.801900 + 0.082606),0.880926 (0.798300 + 0.082626),0.851496 (0.768600 + 0.082896),0.885420 (0.802800 + 0.082620),0.879018 (0.796500 + 0.082518),0.882767 (0.800100 + 0.082667),0.863461 (0.781200 + 0.082262),0.864662 (0.782100 + 0.082562),0.866226 (0.783900 + 0.082326),0.884390 (0.801900 + 0.082491),0.869902 (0.787500 + 0.082402),0.874239 (0.792000 + 0.082239),0.873556 (0.791100 + 0.082456),0.857156 (0.774900 + 0.082256),0.868159 (0.785700 + 0.082459),0.884518 (0.801900 + 0.082618),0.881800 (0.799200 + 0.082600),0.879861 (0.797400 + 0.082461),0.877302 (0.794700 + 0.082602),0.879827 (0.797400 + 0.082427),0.865292 (0.783000 + 0.082292),0.864629 (0.782100 + 0.082529),0.862596 (0.780300 + 0.082296),0.872759 (0.790200 + 0.082559),0.860989 (0.778500 + 0.082489),0.861666 (0.779400 + 0.082266),0.880749 (0.798300 + 0.082449),0.885432 (0.802800 + 0.082632),0.861881 (0.779400 + 0.082481),0.870989 (0.788400 + 0.082589),0.878121 (0.795600 + 0.082521),0.861857 (0.779400 + 0.082457),0.869669 (0.787500 + 0.082169),0.878130 (0.795600 + 0.082530),0.866585 (0.783900 + 0.082685),0.880981 (0.798300 + 0.082681),0.878137 (0.795600 + 0.082537),0.881726 (0.799200 + 0.082526),0.885420 (0.802800 + 0.082620),0.874626 (0.792000 + 0.082626),0.885420 (0.802800 + 0.082620),0.883541 (0.801000 + 0.082541)
90,0.888955 (0.806400 + 0.082555),0.878800 (0.796500 + 0.082300),0.880857 (0.798300 + 0.082557),0.869085 (0.786600 + 0.082485),0.874675 (0.792000 + 0.082675),0.852991 (0.770400 + 0.082591),0.880981 (0.798300 + 0.082681),0.886219 (0.803700 + 0.082519),0.884514 (0.801900 + 0.082614),0.874491 (0.792000 + 0.082491),0.870846 (0.788400 + 0.082446),0.881788 (0.799200 + 0.082588),0.886255 (0.803700 + 0.082555),0.860798 (0.778500 + 0.082298),0.874655 (0.792000 + 0.082655),0.861812 (0.779400 + 0.082412),0.886320 (0.803700 + 0.082620),0.885420 (0.802800 + 0.082620),0.882767 (0.800100 + 0.082667),0.887182 (0.804600 + 0.082582),0.879984 (0.797400 + 0.082584),0.868969 (0.786600 + 0.082369),0.867495 (0.785700 + 0.081795),0.854752 (0.772200 + 0.082552),0.872755 (0.790200 + 0.082555),0.886255 (0.803700 + 0.082555),0.881732 (0.799200 + 0.082532),0.879827 (0.797400 + 0.082427),0.866585 (0.783900 + 0.082685),0.863949 (0.781200 + 0.082749),0.883610 (0.801000 + 0.082610),0.887280 (0.804600 + 0.082680),0.872765 (0.790200 + 0.082565),0.877221 (0.794700 + 0.082521),0.883526 (0.801000 + 0.082526),0.850080 (0.767700 + 0.082380),0.859991 (0.777600 + 0.082391),0.876978 (0.794700 + 0.082278),0.882708 (0.800100 + 0.082608),0.853809 (0.771300 + 0.082509),0.859834 (0.777600 + 0.082234),0.875018 (0.792900 + 0.082118),0.878834 (0.796500 + 0.082334),0.881826 (0.799200 + 0.082626),0.879906 (0.797400 + 0.082506),0.887094 (0.804600 + 0.082494),0.854208 (0.772200 + 0.082008),0.878137 (0.795600 + 0.082537),0.878130 (0.795600 + 0.082530),0.859930 (0.777600 + 0.082330),0.867106 (0.784800 + 0.082306),0.863731 (0.781200 + 0.082531),0.869168 (0.786600 + 0.082568),0.865542 (0.783000 + 0.082542),0.869874 (0.787500 + 0.082374),0.876261 (0.793800 + 0.082461),0.884506 (0.801900 + 0.082606),0.851513 (0.769500 + 0.082013),0.876035 (0.793800 + 0.082235),0.871892 (0.789300 + 0.082592),0.870415 (0.788400 + 0.082015),0.880011 (0.797400 + 0.082611),0.882702 (0.800100 + 0.082602),0.865450 (0.783000 + 0.082450),0.885419 (0.802800 + 0.082619),0.870960 (0.788400 + 0.082560),0.877092 (0.794700 + 0.082392),0.882704 (0.800100 + 0.082604),0.871753 (0.789300 + 0.082453),0.861898 (0.779400 + 0.082498)
91,0.888955 (0.806400 + 0.082555),0.886356 (0.803700 + 0.082657),0.882712 (0.800100 + 0.082612),0.873627 (0.791100 + 0.082528),0.885454 (0.802800 + 0.082654),0.880011 (0.797400 + 0.082611),0.873350 (0.791100 + 0.082250),0.872449 (0.790200 + 0.082249),0.863689 (0.781200 + 0.082489),0.882702 (0.800100 + 0.082602),0.886320 (0.803700 + 0.082620),0.884514 (0.801900 + 0.082614),0.882767 (0.800100 + 0.082667),0.871567 (0.789300 + 0.082267),0.872789 (0.790200 + 0.082589),0.884506 (0.801900 + 0.082606),0.872755 (0.790200 + 0.082555),0.861144 (0.778500 + 0.082644),0.878104 (0.795600 + 0.082504),0.882620 (0.800100 + 0.082520),0.884518 (0.801900 + 0.082618),0.880958 (0.798300 + 0.082658),0.885420 (0.802800 + 0.082620),0.863717 (0.781200 + 0.082518),0.865228 (0.783000 + 0.082228),0.877092 (0.794700 + 0.082392),0.858938 (0.776700 + 0.082238),0.854549 (0.772200 + 0.082349),0.881678 (0.799200 + 0.082478),0.857457 (0.774900 + 0.082558),0.861036 (0.778500 + 0.082536),0.878314 (0.795600 + 0.082715),0.883593 (0.801000 + 0.082593),0.866120 (0.783900 + 0.082220),0.876352 (0.793800 + 0.082552),0.869900 (0.787500 + 0.082400),0.879086 (0.796500 + 0.082586),0.872778 (0.790200 + 0.082578),0.867373 (0.784800 + 0.082574),0.865430 (0.783000 + 0.082430),0.872435 (0.790200 + 0.082235),0.885420 (0.802800 + 0.082620),0.880011 (0.797400 + 0.082611),0.877292 (0.794700 + 0.082592),0.865276 (0.783000 + 0.082276),0.879065 (0.796500 + 0.082565),0.875018 (0.792900 + 0.082118),0.869075 (0.786600 + 0.082475),0.884514 (0.801900 + 0.082614),0.879933 (0.797400 + 0.082533),0.868949 (0.786600 + 0.082349),0.853744 (0.771300 + 0.082444),0.866589 (0.783900 + 0.082689),0.870064 (0.787500 + 0.082564),0.872526 (0.790200 + 0.082326),0.868358 (0.785700 + 0.082658),0.866296 (0.783900 + 0.082396),0.870613 (0.788400 + 0.082213),0.875541 (0.792900 + 0.082641),0.879056 (0.796500 + 0.082556),0.860827 (0.778500 + 0.082327),0.881813 (0.799200 + 0.082613),0.866685 (0.783900 + 0.082785),0.852335 (0.770400 + 0.081935),0.857858 (0.775800 + 0.082058),0.871120 (0.788400 + 0.082720),0.879996 (0.797400 + 0.082596),0.867361 (0.784800 + 0.082561),0.874708 (0.792000 + 0.082708),0.886255 (0.803700 + 0.082555)
92,0.888955 (0.806400 + 0.082555),0.883631 (0.801000 + 0.082631),0.879141 (0.796500 + 0.082641),0.886229 (0.803700 + 0.082529),0.884446 (0.801900 + 0.082546),0.883593 (0.801000 + 0.082593),0.879060 (0.796500 + 0.082560),0.868081 (0.785700 + 0.082381),0.874606 (0.792000 + 0.082607),0.869660 (0.787500 + 0.082160),0.865606 (0.783000 + 0.082606),0.885420 (0.802800 + 0.082620),0.882712 (0.800100 + 0.082612),0.877148 (0.794700 + 0.082448),0.866026 (0.783900 + 0.082126),0.873732 (0.791100 + 0.082632),0.869968 (0.787500 + 0.082468),0.880011 (0.797400 + 0.082611),0.879086 (0.796500 + 0.082586),0.881803 (0.799200 + 0.082603),0.883554 (0.801000 + 0.082554),0.867700 (0.785700 + 0.082000),0.865572 (0.783000 + 0.082572),0.880884 (0.798300 + 0.082584),0.881024 (0.798300 + 0.082724),0.882767 (0.800100 + 0.082667),0.880011 (0.797400 + 0.082611),0.886320 (0.803700 + 0.082620),0.884506 (0.801900 + 0.082606),0.862840 (0.780300 + 0.082540),0.875449 (0.792900 + 0.082549),0.879086 (0.796500 + 0.082586),0.863508 (0.781200 + 0.082308),0.886320 (0.803700 + 0.082620),0.881678 (0.799200 + 0.082478),0.872688 (0.790200 + 0.082488),0.862504 (0.780300 + 0.082204),0.885454 (0.802800 + 0.082654),0.877292 (0.794700 + 0.082592),0.858962 (0.776700 + 0.082262),0.866088 (0.783900 + 0.082188),0.881678 (0.799200 + 0.082478),0.880958 (0.798300 + 0.082658),0.876932 (0.794700 + 0.082232),0.868952 (0.786600 + 0.082352),0.884518 (0.801900 + 0.082618),0.872435 (0.790200 + 0.082235),0.886255 (0.803700 + 0.082555),0.882767 (0.800100 + 0.082667),0.877389 (0.794700 + 0.082689),0.882721 (0.800100 + 0.082621),0.886320 (0.803700 + 0.082620),0.884518 (0.801900 + 0.082618),0.887280 (0.804600 + 0.082680),0.861942 (0.779400 + 0.082542),0.867438 (0.784800 + 0.082638),0.869749 (0.787500 + 0.082249),0.884506 (0.801900 + 0.082606),0.879065 (0.796500 + 0.082565),0.871903 (0.789300 + 0.082603),0.864000 (0.781200 + 0.082800),0.868355 (0.785700 + 0.082655),0.886228 (0.803700 + 0.082528),0.886255 (0.803700 + 0.082555),0.869769 (0.787500 + 0.082269),0.861012 (0.778500 + 0.082512),0.873487 (0.791100 + 0.082387),0.866720 (0.783900 + 0.082820),0.885320 (0.802800 + 0.082520),0.868282 (0.785700 + 0.082582)
93,0.888955 (0.806400 + 0.082555),0.875549 (0.792900 + 0.082649),0.887276 (0.804600 + 0.082676),0.861696 (0.779400 + 0.082296),0.879120 (0.796500 + 0.082620),0.877432 (0.794700 + 0.082732),0.888077 (0.805500 + 0.082577),0.853757 (0.771300 + 0.082457),0.884506 (0.801900 + 0.082606),0.868968 (0.786600 + 0.082368),0.859978 (0.777600 + 0.082378),0.887219 (0.804600 + 0.082619),0.885420 (0.802800 + 0.082620),0.882767 (0.800100 + 0.082667),0.859012 (0.776700 + 0.082312),0.885320 (0.802800 + 0.082520),0.885320 (0.802800 + 0.082520),0.860060 (0.777600 + 0.082460),0.872972 (0.790200 + 0.082772),0.887185 (0.804600 + 0.082585),0.869026 (0.786600 + 0.082426),0.885404 (0.802800 + 0.082604),0.881628 (0.799200 + 0.082428),0.876346 (0.793800 + 0.082546),0.863621 (0.781200 + 0.082421),0.886229 (0.803700 + 0.082529),0.864591 (0.782100 + 0.082491),0.886320 (0.803700 + 0.082620),0.886320 (0.803700 + 0.082620),0.880838 (0.798300 + 0.082538),0.876054 (0.793800 + 0.082254),0.864381 (0.782100 + 0.082281),0.879124 (0.796500 + 0.082624),0.876376 (0.793800 + 0.082576),0.888955 (0.806400 + 0.082555),0.886320 (0.803700 + 0.082620),0.885454 (0.802800 + 0.082654),0.880909 (0.798300 + 0.082609),0.864313 (0.782100 + 0.082213),0.878220 (0.795600 + 0.082621),0.856445 (0.774000 + 0.082445),0.859094 (0.776700 + 0.082394),0.879086 (0.796500 + 0.082586),0.886233 (0.803700 + 0.082533),0.879051 (0.796500 + 0.082551),0.887280 (0.804600 + 0.082680),0.871554 (0.789300 + 0.082254),0.884506 (0.801900 + 0.082606),0.854489 (0.772200 + 0.082289),0.886255 (0.803700 + 0.082555),0.872418 (0.790200 + 0.082218),0.881790 (0.799200 + 0.082590),0.870001 (0.787500 + 0.082501),0.872548 (0.790200 + 0.082348),0.863671 (0.781200 + 0.082471),0.876346 (0.793800 + 0.082546),0.865590 (0.783000 + 0.082590),0.882709 (0.800100 + 0.082609),0.866166 (0.783900 + 0.082266),0.886320 (0.803700 + 0.082620),0.866485 (0.783900 + 0.082585),0.886320 (0.803700 + 0.082620),0.869831 (0.787500 + 0.082331),0.885420 (0.802800 + 0.082620),0.877307 (0.794700 + 0.082607),0.864227 (0.782100 + 0.082127),0.884518 (0.801900 + 0.082618),0.879123 (0.796500 + 0.082623),0.868204 (0.785700 + 0.082504),0.884517 (0.801900 + 0.082617)
94,0.888955 (0.806400 + 0.082555),0.872712 (0.790200 + 0.082512),0.887280 (0.804600 + 0.082680),0.884526 (0.801900 + 0.082626),0.888955 (0.806400 + 0.082555),0.880015 (0.797400 + 0.082615),0.866227 (0.783900 + 0.082327),0.870879 (0.788400 + 0.082479),0.865360 (0.783000 + 0.082360),0.887281 (0.804600 + 0.082681),0.859176 (0.776700 + 0.082476),0.857316 (0.774900 + 0.082416),0.884518 (0.801900 + 0.082618),0.884426 (0.801900 + 0.082526),0.866018 (0.783900 + 0.082118),0.886320 (0.803700 + 0.082620),0.860133 (0.777600 + 0.082533),0.870001 (0.787500 + 0.082501),0.869026 (0.786600 + 0.082426),0.884445 (0.801900 + 0.082545),0.859942 (0.777600 + 0.082342),0.868262 (0.785700 + 0.082562),0.866159 (0.783900 + 0.082259),0.886320 (0.803700 + 0.082620),0.858420 (0.775800 + 0.082620),0.862041 (0.779400 + 0.082641),0.871119 (0.788400 + 0.082719),0.872574 (0.790200 + 0.082374),0.873559 (0.791100 + 0.082459),0.887182 (0.804600 + 0.082582),0.886314 (0.803700 + 0.082614),0.886255 (0.803700 + 0.082555),0.888955 (0.806400 + 0.082555),0.862170 (0.780300 + 0.081870),0.860635 (0.778500 + 0.082135),0.857542 (0.774900 + 0.082642),0.887167 (0.804600 + 0.082567),0.878195 (0.795600 + 0.082595),0.851627 (0.769500 + 0.082127),0.866290 (0.783900 + 0.082390),0.882681 (0.800100 + 0.082581),0.856504 (0.774000 + 0.082504),0.876314 (0.793800 + 0.082514),0.879738 (0.797400 + 0.082338),0.886320 (0.803700 + 0.082620),0.887185 (0.804600 + 0.082585),0.856558 (0.774000 + 0.082558),0.858980 (0.776700 + 0.082280),0.867274 (0.784800 + 0.082474),0.866328 (0.783900 + 0.082428),0.886233 (0.803700 + 0.082533),0.873368 (0.791100 + 0.082268),0.883617 (0.801000 + 0.082617),0.866155 (0.783900 + 0.082255),0.888955 (0.806400 + 0.082555),0.885320 (0.802800 + 0.082520),0.886255 (0.803700 + 0.082555),0.888955 (0.806400 + 0.082555),0.886320 (0.803700 + 0.082620),0.886307 (0.803700 + 0.082607),0.866330 (0.783900 + 0.082430),0.865695 (0.783000 + 0.082695),0.871690 (0.789300 + 0.082390),0.882702 (0.800100 + 0.082602),0.882586 (0.800100 + 0.082486),0.886320 (0.803700 + 0.082620),0.888955 (0.806400 + 0.082555),0.871852 (0.789300 + 0.082552),0.864313 (0.782100 + 0.082213),0.887276 (0.804600 + 0.082676)
95,0.888955 (0.806400 + 0.082555),0.880620 (0.798300 + 0.082320),0.869190 (0.786600 + 0.082590),0.887167 (0.804600 + 0.082567),0.886255 (0.803700 + 0.082555),0.869182 (0.786600 + 0.082582),0.872605 (0.790200 + 0.082405),0.886315 (0.803700 + 0.082615),0.885320 (0.802800 + 0.082520),0.859006 (0.776700 + 0.082306),0.870816 (0.788400 + 0.082416),0.853055 (0.770400 + 0.082655),0.873368 (0.791100 + 0.082268),0.882555 (0.800100 + 0.082455),0.870933 (0.788400 + 0.082533),0.887167 (0.804600 + 0.082567),0.862919 (0.780300 + 0.082619),0.864827 (0.782100 + 0.082727),0.863341 (0.780300 + 0.083041),0.886233 (0.803700 + 0.082533),0.865712 (0.783000 + 0.082712),0.867169 (0.784800 + 0.082370),0.865226 (0.783000 + 0.082226),0.887276 (0.804600 + 0.082676),0.880015 (0.797400 + 0.082615),0.867392 (0.784800 + 0.082593),0.867258 (0.784800 + 0.082459),0.855461 (0.773100 + 0.082361),0.878195 (0.795600 + 0.082595),0.873487 (0.791100 + 0.082387),0.867079 (0.784800 + 0.082279),0.888955 (0.806400 + 0.082555),0.882702 (0.800100 + 0.082602),0.861746 (0.779400 + 0.082346),0.886320 (0.803700 + 0.082620),0.886255 (0.803700 + 0.082555),0.886233 (0.803700 + 0.082533),0.886320 (0.803700 + 0.082620),0.863601 (0.781200 + 0.082401),0.873559 (0.791100 + 0.082459),0.879067 (0.796500 + 0.082567),0.881771 (0.799200 + 0.082571),0.870704 (0.788400 + 0.082304),0.880015 (0.797400 + 0.082615),0.886320 (0.803700 + 0.082620),0.874380 (0.792000 + 0.082380),0.886370 (0.803700 + 0.082670),0.888955 (0.806400 + 0.082555),0.883617 (0.801000 + 0.082617),0.866488 (0.783900 + 0.082588),0.866278 (0.783900 + 0.082378),0.886320 (0.803700 + 0.082620),0.856372 (0.774000 + 0.082372),0.877099 (0.794700 + 0.082399),0.871719 (0.789300 + 0.082419),0.887177 (0.804600 + 0.082577),0.854922 (0.772200 + 0.082722),0.867215 (0.784800 + 0.082415),0.885443 (0.802800 + 0.082643),0.872587 (0.790200 + 0.082387),0.866281 (0.783900 + 0.082381),0.861894 (0.779400 + 0.082494),0.864588 (0.782100 + 0.082488),0.879127 (0.796500 + 0.082627),0.866688 (0.783900 + 0.082788),0.868110 (0.785700 + 0.082410),0.880932 (0.798300 + 0.082632),0.888955 (0.806400 + 0.082555),0.884518 (0.801900 + 0.082618),0.865503 (0.783000 + 0.082503)
96,0.888955 (0.806400 + 0.082555),0.887167 (0.804600 + 0.082567),0.855849 (0.773100 + 0.082749),0.870816 (0.788400 + 0.082416),0.878195 (0.795600 + 0.082595),0.886267 (0.803700 + 0.082567),0.866547 (0.783900 + 0.082647),0.867783 (0.785700 + 0.082083),0.888940 (0.806400 + 0.082540),0.872770 (0.790200 + 0.082570),0.888955 (0.806400 + 0.082555),0.863586 (0.781200 + 0.082386),0.872605 (0.790200 + 0.082405),0.875256 (0.792900 + 0.082356),0.876335 (0.793800 + 0.082535),0.870969 (0.788400 + 0.082569),0.859833 (0.777600 + 0.082233),0.882439 (0.800100 + 0.082339),0.877281 (0.794700 + 0.082581),0.867271 (0.784800 + 0.082471),0.878956 (0.796500 + 0.082456),0.872587 (0.790200 + 0.082387),0.870910 (0.788400 + 0.082510),0.882555 (0.800100 + 0.082455),0.854310 (0.772200 + 0.082110),0.886233 (0.803700 + 0.082533),0.857167 (0.774900 + 0.082268),0.852914 (0.770400 + 0.082514),0.856340 (0.774000 + 0.082340),0.870069 (0.787500 + 0.082569),0.863627 (0.781200 + 0.082427),0.888955 (0.806400 + 0.082555),0.888955 (0.806400 + 0.082555),0.885197 (0.802800 + 0.082397),0.884561 (0.801900 + 0.082661),0.884527 (0.801900 + 0.082627),0.857982 (0.775800 + 0.082182),0.886320 (0.803700 + 0.082620),0.866955 (0.784800 + 0.082155),0.873623 (0.791100 + 0.082523),0.871809 (0.789300 + 0.082509),0.879933 (0.797400 + 0.082533),0.875512 (0.792900 + 0.082612),0.886233 (0.803700 + 0.082533),0.859974 (0.777600 + 0.082374),0.881886 (0.799200 + 0.082686),0.881727 (0.799200 + 0.082527),0.859011 (0.776700 + 0.082311),0.882586 (0.800100 + 0.082486),0.850220 (0.767700 + 0.082520),0.859767 (0.777600 + 0.082167),0.851807 (0.769500 + 0.082307),0.862632 (0.780300 + 0.082332),0.887276 (0.804600 + 0.082676),0.878165 (0.795600 + 0.082565),0.862920 (0.780300 + 0.082620),0.854689 (0.772200 + 0.082489),0.864824 (0.782100 + 0.082724),0.875223 (0.792900 + 0.082323),0.886320 (0.803700 + 0.082620),0.880932 (0.798300 + 0.082632),0.878945 (0.796500 + 0.082446),0.871720 (0.789300 + 0.082420),0.886320 (0.803700 + 0.082620),0.888955 (0.806400 + 0.082555),0.881646 (0.799200 + 0.082446),0.868151 (0.785700 + 0.082451),0.859118 (0.776700 + 0.082418),0.868125 (0.785700 + 0.082425),0.865470 (0.783000 + 0.082470)
97,0.888955 (0.806400 + 0.082555),0.869979 (0.787500 + 0.082479),0.874206 (0.792000 + 0.082206),0.868789 (0.786600 + 0.082189),0.875223 (0.792900 + 0.082323),0.886412 (0.803700 + 0.082712),0.874531 (0.792000 + 0.082531),0.862637 (0.780300 + 0.082337),0.867374 (0.784800 + 0.082574),0.855154 (0.773100 + 0.082054),0.888955 (0.806400 + 0.082555),0.852932 (0.770400 + 0.082532),0.869825 (0.787500 + 0.082325),0.857294 (0.774900 + 0.082394),0.870969 (0.788400 + 0.082569),0.870987 (0.788400 + 0.082587),0.875391 (0.792900 + 0.082491),0.885380 (0.802800 + 0.082580),0.871843 (0.789300 + 0.082543),0.872605 (0.790200 + 0.082405),0.860121 (0.777600 + 0.082521),0.856783 (0.774000 + 0.082783),0.863535 (0.781200 + 0.082336),0.884561 (0.801900 + 0.082661),0.870069 (0.787500 + 0.082569),0.878262 (0.795600 + 0.082662),0.879119 (0.796500 + 0.082619),0.858946 (0.776700 + 0.082246),0.876335 (0.793800 + 0.082535),0.879852 (0.797400 + 0.082452),0.876532 (0.793800 + 0.082732),0.888955 (0.806400 + 0.082555),0.886233 (0.803700 + 0.082533),0.886320 (0.803700 + 0.082620),0.888955 (0.806400 + 0.082555),0.888955 (0.806400 + 0.082555),0.886233 (0.803700 + 0.082533),0.868279 (0.785700 + 0.082579),0.870883 (0.788400 + 0.082483),0.867199 (0.784800 + 0.082399),0.869086 (0.786600 + 0.082486),0.888955 (0.806400 + 0.082555),0.888955 (0.806400 + 0.082555),0.859670 (0.777600 + 0.082070),0.877349 (0.794700 + 0.082649),0.880987 (0.798300 + 0.082687),0.869837 (0.787500 + 0.082337),0.876383 (0.793800 + 0.082583),0.883614 (0.801000 + 0.082615),0.887009 (0.804600 + 0.082409),0.883614 (0.801000 + 0.082615),0.888940 (0.806400 + 0.082540),0.888955 (0.806400 + 0.082555),0.857687 (0.775800 + 0.081887),0.861597 (0.779400 + 0.082197),0.886314 (0.803700 + 0.082614),0.880687 (0.798300 + 0.082387),0.867263 (0.784800 + 0.082463),0.874516 (0.792000 + 0.082516),0.888955 (0.806400 + 0.082555),0.888955 (0.806400 + 0.082555),0.879933 (0.797400 + 0.082533),0.888955 (0.806400 + 0.082555),0.876283 (0.793800 + 0.082483),0.888077 (0.805500 + 0.082577),0.871742 (0.789300 + 0.082442),0.870780 (0.788400 + 0.082380),0.876383 (0.793800 + 0.082583),0.863879 (0.781200 + 0.082679),0.886320 (0.803700 + 0.082620)
98,0.888955 (0.806400 + 0.082555),0.861996 (0.779400 + 0.082596),0.869178 (0.786600 + 0.082578),0.888955 (0.806400 + 0.082555),0.886314 (0.803700 + 0.082614),0.870071 (0.787500 + 0.082571),0.871852 (0.789300 + 0.082552),0.888955 (0.806400 + 0.082555),0.885380 (0.802800 + 0.082580),0.865694 (0.783000 + 0.082694),0.877149 (0.794700 + 0.082449),0.863820 (0.781200 + 0.082620),0.881861 (0.799200 + 0.082661),0.871619 (0.789300 + 0.082319),0.873673 (0.791100 + 0.082573),0.869979 (0.787500 + 0.082479),0.871411 (0.789300 + 0.082111),0.883614 (0.801000 + 0.082614),0.880755 (0.798300 + 0.082455),0.864612 (0.782100 + 0.082512),0.860783 (0.778500 + 0.082283),0.865271 (0.783000 + 0.082271),0.886320 (0.803700 + 0.082620),0.872763 (0.790200 + 0.082563),0.876361 (0.793800 + 0.082561),0.888955 (0.806400 + 0.082555),0.866507 (0.783900 + 0.082607),0.881690 (0.799200 + 0.082490),0.850085 (0.767700 + 0.082385),0.876532 (0.793800 + 0.082732),0.869979 (0.787500 + 0.082479),0.873837 (0.791100 + 0.082737),0.880687 (0.798300 + 0.082387),0.888955 (0.806400 + 0.082555),0.871034 (0.788400 + 0.082634),0.884561 (0.801900 + 0.082661),0.875391 (0.792900 + 0.082491),0.868950 (0.786600 + 0.082350),0.867370 (0.784800 + 0.082570),0.876125 (0.793800 + 0.082325),0.874616 (0.792000 + 0.082616),0.885380 (0.802800 + 0.082580),0.869054 (0.786600 + 0.082454),0.857051 (0.774900 + 0.082151),0.863443 (0.781200 + 0.082243),0.872763 (0.790200 + 0.082563),0.866411 (0.783900 + 0.082511),0.874396 (0.792000 + 0.082396),0.874434 (0.792000 + 0.082434),0.878146 (0.795600 + 0.082546),0.876458 (0.793800 + 0.082658),0.886314 (0.803700 + 0.082614),0.886320 (0.803700 + 0.082620),0.888955 (0.806400 + 0.082555),0.865373 (0.783000 + 0.082373),0.865416 (0.783000 + 0.082416),0.888955 (0.806400 + 0.082555),0.873492 (0.791100 + 0.082392),0.872605 (0.790200 + 0.082405),0.876283 (0.793800 + 0.082483),0.876383 (0.793800 + 0.082583),0.871605 (0.789300 + 0.082305),0.886314 (0.803700 + 0.082614),0.884502 (0.801900 + 0.082602),0.861709 (0.779400 + 0.082309),0.888955 (0.806400 + 0.082555),0.888955 (0.806400 + 0.082555),0.861759 (0.779400 + 0.082359),0.865446 (0.783000 + 0.082446),0.887219 (0.804600 + 0.082619)
99,0.888955 (0.806400 + 0.082555),0.886314 (0.803700 + 0.082614),0.877299 (0.794700 + 0.082599),0.873691 (0.791100 + 0.082591),0.879980 (0.797400 + 0.082580),0.888955 (0.806400 + 0.082555),0.888955 (0.806400 + 0.082555),0.888955 (0.806400 + 0.082555),0.878945 (0.796500 + 0.082446),0.888955 (0.806400 + 0.082555),0.867210 (0.784800 + 0.082410),0.879808 (0.797400 + 0.082408),0.874413 (0.792000 + 0.082413),0.848221 (0.765900 + 0.082321),0.884549 (0.801900 + 0.082649),0.886314 (0.803700 + 0.082614),0.888955 (0.806400 + 0.082555),0.864591 (0.782100 + 0.082491),0.876357 (0.793800 + 0.082557),0.888955 (0.806400 + 0.082555),0.888955 (0.806400 + 0.082555),0.880687 (0.798300 + 0.082387),0.865429 (0.783000 + 0.082429),0.874396 (0.792000 + 0.082396),0.857952 (0.775800 + 0.082152),0.883554 (0.801000 + 0.082554),0.854265 (0.772200 + 0.082065),0.876322 (0.793800 + 0.082522),0.873537 (0.791100 + 0.082437),0.877329 (0.794700 + 0.082629),0.869107 (0.786600 + 0.082507),0.876361 (0.793800 + 0.082561),0.865694 (0.783000 + 0.082694),0.883614 (0.801000 + 0.082614),0.870810 (0.788400 + 0.082410),0.884561 (0.801900 + 0.082661),0.878956 (0.796500 + 0.082456),0.884495 (0.801900 + 0.082595),0.867937 (0.785700 + 0.082237),0.888955 (0.806400 + 0.082555),0.880687 (0.798300 + 0.082387),0.866271 (0.783900 + 0.082371),0.883527 (0.801000 + 0.082527),0.881750 (0.799200 + 0.082550),0.876303 (0.793800 + 0.082503),0.869105 (0.786600 + 0.082505),0.873445 (0.791100 + 0.082345),0.879065 (0.796500 + 0.082565),0.879933 (0.797400 + 0.082533),0.883562 (0.801000 + 0.082562),0.865522 (0.783000 + 0.082522),0.880701 (0.798300 + 0.082401),0.867294 (0.784800 + 0.082494),0.869865 (0.787500 + 0.082365),0.883527 (0.801000 + 0.082527),0.888955 (0.806400 + 0.082555),0.863513 (0.781200 + 0.082313),0.862867 (0.780300 + 0.082567),0.875510 (0.792900 + 0.082610),0.865321 (0.783000 + 0.082321),0.869628 (0.787500 + 0.082128),0.879949 (0.797400 + 0.082550),0.888955 (0.806400 + 0.082555),0.875072 (0.792900 + 0.082172),0.888955 (0.806400 + 0.082555),0.869113 (0.786600 + 0.082513),0.864465 (0.782100 + 0.082365),0.861430 (0.779400 + 0.082030),0.853731 (0.771300 + 0.082431),0.888955 (0.806400 + 0.082555)
100,0.888955 (0.806400 + 0.082555),0.866349 (0.783900 + 0.082449),0.860773 (0.778500 + 0.082273),0.888955 (0.806400 + 0.082555),0.888955 (0.806400 + 0.082555),0.877238 (0.794700 + 0.082538),0.858554 (0.776700 + 0.081854),0.884561 (0.801900 + 0.082661),0.880701 (0.798300 + 0.082401),0.888955 (0.806400 + 0.082555),0.869865 (0.787500 + 0.082365),0.871746 (0.789300 + 0.082446),0.880825 (0.798300 + 0.082525),0.882561 (0.800100 + 0.082461),0.882599 (0.800100 + 0.082499),0.880687 (0.798300 + 0.082387),0.888955 (0.806400 + 0.082555),0.863656 (0.781200 + 0.082456),0.883683 (0.801000 + 0.082684),0.845610 (0.763200 + 0.082410),0.875072 (0.792900 + 0.082172),0.881777 (0.799200 + 0.082577),0.880858 (0.798300 + 0.082558),0.870093 (0.787500 + 0.082593),0.888103 (0.805500 + 0.082603),0.888103 (0.805500 + 0.082603),0.884502 (0.801900 + 0.082602),0.881686 (0.799200 + 0.082486),0.874625 (0.792000 + 0.082625),0.888955 (0.806400 + 0.082555),0.880687 (0.798300 + 0.082387),0.878945 (0.796500 + 0.082446),0.879111 (0.796500 + 0.082611),0.884561 (0.801900 + 0.082661),0.888103 (0.805500 + 0.082603),0.858838 (0.776700 + 0.082138),0.877241 (0.794700 + 0.082541),0.867123 (0.784800 + 0.082324),0.876279 (0.793800 + 0.082479),0.867240 (0.784800 + 0.082440),0.871712 (0.789300 + 0.082412),0.875391 (0.792900 + 0.082491),0.869074 (0.786600 + 0.082474),0.881802 (0.799200 + 0.082602),0.884502 (0.801900 + 0.082602),0.863576 (0.781200 + 0.082376),0.867317 (0.784800 + 0.082518),0.868919 (0.786600 + 0.082319),0.886273 (0.803700 + 0.082573),0.886314 (0.803700 + 0.082614),0.884502 (0.801900 + 0.082602),0.876378 (0.793800 + 0.082578),0.860782 (0.778500 + 0.082282),0.886314 (0.803700 + 0.082614),0.888955 (0.806400 + 0.082555),0.867371 (0.784800 + 0.082571),0.864465 (0.782100 + 0.082365),0.883554 (0.801000 + 0.082554),0.872643 (0.790200 + 0.082443),0.879086 (0.796500 + 0.082586),0.888955 (0.806400 + 0.082555),0.877329 (0.794700 + 0.082629),0.888955 (0.806400 + 0.082555),0.888955 (0.806400 + 0.082555),0.870810 (0.788400 + 0.082410),0.875147 (0.792900 + 0.082247),0.874274 (0.792000 + 0.082274),0.888077 (0.805500 + 0.082577),0.883593 (0.801000 + 0.082593),0.859100 (0.776700 + 0.082400)
