Generation,Entry1,Entry2,Entry3,Entry4,Entry5,Entry6,Entry7,Entry8,Entry9,Entry10,Entry11,Entry12,Entry13,Entry14,Entry15,Entry16,Entry17,Entry18,Entry19,Entry20,Entry21,Entry22,Entry23,Entry24,Entry25,Entry26,Entry27,Entry28,Entry29,Entry30,Entry31,Entry32,Entry33,Entry34,Entry35,Entry36,Entry37,Entry38,Entry39,Entry40,Entry41,Entry42,Entry43,Entry44,Entry45,Entry46,Entry47,Entry48,Entry49,Entry50
1,0.814403 (0.730800 + 0.083603),0.815119 (0.732600 + 0.082519),0.822992 (0.740700 + 0.082292),0.821938 (0.739800 + 0.082138),0.807602 (0.726300 + 0.081302),0.825696 (0.742500 + 0.083196),0.835713 (0.753300 + 0.082413),0.820775 (0.738900 + 0.081875),0.831074 (0.749700 + 0.081374),0.811472 (0.729000 + 0.082472),0.821551 (0.739800 + 0.081751),0.826165 (0.744300 + 0.081865),0.816634 (0.734400 + 0.082234),0.810035 (0.727200 + 0.082835),0.820342 (0.738000 + 0.082342),0.812729 (0.729900 + 0.082829),0.823729 (0.741600 + 0.082129),0.814092 (0.731700 + 0.082392),0.815913 (0.732600 + 0.083313),0.805399 (0.722700 + 0.082699),0.818735 (0.736200 + 0.082535),0.823936 (0.742500 + 0.081436),0.830907 (0.748800 + 0.082107),0.797002 (0.715500 + 0.081502),0.810173 (0.729000 + 0.081173),0.810388 (0.729000 + 0.081388),0.819468 (0.736200 + 0.083268),0.814635 (0.732600 + 0.082035),0.816270 (0.733500 + 0.082770),0.826321 (0.744300 + 0.082021),0.828232 (0.745200 + 0.083032),0.820169 (0.738900 + 0.081269),0.808008 (0.726300 + 0.081708),0.817556 (0.734400 + 0.083156),0.829582 (0.747900 + 0.081682),0.815799 (0.734400 + 0.081399),0.816323 (0.734400 + 0.081923),0.812669 (0.730800 + 0.081869),0.814100 (0.731700 + 0.082400),0.821900 (0.738900 + 0.083000),0.812851 (0.729900 + 0.082951),0.829499 (0.746100 + 0.083399),0.819803 (0.737100 + 0.082703),0.827642 (0.744300 + 0.083342),0.818316 (0.736200 + 0.082116),0.825016 (0.744300 + 0.080716),0.815989 (0.733500 + 0.082489),0.819754 (0.737100 + 0.082654),0.825872 (0.743400 + 0.082472),0.825909 (0.743400 + 0.082509)
2,0.814403 (0.730800 + 0.083603),0.815119 (0.732600 + 0.082519),0.822992 (0.740700 + 0.082292),0.821938 (0.739800 + 0.082138),0.807602 (0.726300 + 0.081302),0.825696 (0.742500 + 0.083196),0.835713 (0.753300 + 0.082413),0.820775 (0.738900 + 0.081875),0.831074 (0.749700 + 0.081374),0.811472 (0.729000 + 0.082472),0.821551 (0.739800 + 0.081751),0.826165 (0.744300 + 0.081865),0.816634 (0.734400 + 0.082234),0.810035 (0.727200 + 0.082835),0.820342 (0.738000 + 0.082342),0.812729 (0.729900 + 0.082829),0.823729 (0.741600 + 0.082129),0.814092 (0.731700 + 0.082392),0.815913 (0.732600 + 0.083313),0.805399 (0.722700 + 0.082699),0.818735 (0.736200 + 0.082535),0.823936 (0.742500 + 0.081436),0.830907 (0.748800 + 0.082107),0.797002 (0.715500 + 0.081502),0.810173 (0.729000 + 0.081173),0.810388 (0.729000 + 0.081388),0.819468 (0.736200 + 0.083268),0.814635 (0.732600 + 0.082035),0.816270 (0.733500 + 0.082770),0.826321 (0.744300 + 0.082021),0.828232 (0.745200 + 0.083032),0.820169 (0.738900 + 0.081269),0.808008 (0.726300 + 0.081708),0.817556 (0.734400 + 0.083156),0.829582 (0.747900 + 0.081682),0.815799 (0.734400 + 0.081399),0.816323 (0.734400 + 0.081923),0.812669 (0.730800 + 0.081869),0.814100 (0.731700 + 0.082400),0.821900 (0.738900 + 0.083000),0.812851 (0.729900 + 0.082951),0.829499 (0.746100 + 0.083399),0.819803 (0.737100 + 0.082703),0.827642 (0.744300 + 0.083342),0.818316 (0.736200 + 0.082116),0.825016 (0.744300 + 0.080716),0.815989 (0.733500 + 0.082489),0.819754 (0.737100 + 0.082654),0.825872 (0.743400 + 0.082472),0.825909 (0.743400 + 0.082509)
3,0.835713 (0.753300 + 0.082413),0.823694 (0.740700 + 0.082994),0.804145 (0.721800 + 0.082345),0.828686 (0.747000 + 0.081686),0.822379 (0.739800 + 0.082579),0.822227 (0.741600 + 0.080627),0.810276 (0.728100 + 0.082176),0.825016 (0.744300 + 0.080716),0.825016 (0.744300 + 0.080716),0.825146 (0.743400 + 0.081746),0.810035 (0.727200 + 0.082835),0.816619 (0.735300 + 0.081319),0.812767 (0.729900 + 0.082867),0.820975 (0.738000 + 0.082975),0.812774 (0.731700 + 0.081074),0.822278 (0.739800 + 0.082478),0.822749 (0.740700 + 0.082049),0.829111 (0.747000 + 0.082111),0.821150 (0.738900 + 0.082250),0.820926 (0.738000 + 0.082926),0.822946 (0.740700 + 0.082246),0.816277 (0.734400 + 0.081877),0.828195 (0.746100 + 0.082095),0.814875 (0.732600 + 0.082275),0.818572 (0.737100 + 0.081472),0.821629 (0.738900 + 0.082729),0.824646 (0.742500 + 0.082146),0.836371 (0.754200 + 0.082171),0.825623 (0.744300 + 0.081323),0.808016 (0.726300 + 0.081716),0.827184 (0.744300 + 0.082884),0.820372 (0.737100 + 0.083272),0.822753 (0.739800 + 0.082953),0.822944 (0.740700 + 0.082244),0.821771 (0.738900 + 0.082871),0.830248 (0.747900 + 0.082348),0.821767 (0.739800 + 0.081967),0.814325 (0.730800 + 0.083526),0.828500 (0.746100 + 0.082400),0.816244 (0.733500 + 0.082744),0.831240 (0.748800 + 0.082440),0.820078 (0.737100 + 0.082978),0.814327 (0.731700 + 0.082627),0.822749 (0.740700 + 0.082049),0.827586 (0.745200 + 0.082386),0.810999 (0.729000 + 0.081999),0.825307 (0.742500 + 0.082807),0.813243 (0.730800 + 0.082443),0.823439 (0.740700 + 0.082739),0.818736 (0.736200 + 0.082536)
4,0.836371 (0.754200 + 0.082171),0.826987 (0.744300 + 0.082687),0.825633 (0.743400 + 0.082233),0.835942 (0.753300 + 0.082642),0.829724 (0.747900 + 0.081824),0.825464 (0.743400 + 0.082064),0.831217 (0.747900 + 0.083317),0.827645 (0.746100 + 0.081545),0.824629 (0.742500 + 0.082129),0.827143 (0.745200 + 0.081943),0.828793 (0.747000 + 0.081793),0.824140 (0.742500 + 0.081640),0.814812 (0.733500 + 0.081312),0.822597 (0.739800 + 0.082797),0.833242 (0.752400 + 0.080842),0.823622 (0.741600 + 0.082022),0.830763 (0.747900 + 0.082863),0.826367 (0.745200 + 0.081167),0.836006 (0.754200 + 0.081806),0.821516 (0.738900 + 0.082616),0.832843 (0.751500 + 0.081343),0.828155 (0.747000 + 0.081155),0.815388 (0.734400 + 0.080988),0.818542 (0.736200 + 0.082342),0.832563 (0.750600 + 0.081963),0.819513 (0.737100 + 0.082413),0.833707 (0.752400 + 0.081307),0.832355 (0.749700 + 0.082655),0.813190 (0.730800 + 0.082390),0.829217 (0.746100 + 0.083117),0.821500 (0.739800 + 0.081700),0.820665 (0.738900 + 0.081765),0.827055 (0.744300 + 0.082755),0.810554 (0.728100 + 0.082454),0.826221 (0.744300 + 0.081921),0.824423 (0.742500 + 0.081924),0.822629 (0.741600 + 0.081029),0.830987 (0.748800 + 0.082187),0.821361 (0.740700 + 0.080660),0.823738 (0.741600 + 0.082138),0.825895 (0.743400 + 0.082495),0.817460 (0.735300 + 0.082160),0.813522 (0.730800 + 0.082722),0.816706 (0.733500 + 0.083206),0.812739 (0.730800 + 0.081939),0.823677 (0.741600 + 0.082077),0.842219 (0.760500 + 0.081719),0.814026 (0.731700 + 0.082326),0.823990 (0.741600 + 0.082390),0.828826 (0.746100 + 0.082726)
5,0.842219 (0.760500 + 0.081719),0.833317 (0.751500 + 0.081817),0.830930 (0.748800 + 0.082130),0.823538 (0.740700 + 0.082838),0.836863 (0.755100 + 0.081763),0.827834 (0.746100 + 0.081734),0.824140 (0.742500 + 0.081640),0.823837 (0.742500 + 0.081337),0.819229 (0.737100 + 0.082129),0.825616 (0.744300 + 0.081316),0.817272 (0.735300 + 0.081972),0.831217 (0.747900 + 0.083317),0.825464 (0.743400 + 0.082064),0.819030 (0.737100 + 0.081930),0.814703 (0.731700 + 0.083003),0.822932 (0.741600 + 0.081332),0.817540 (0.735300 + 0.082240),0.833540 (0.751500 + 0.082040),0.824345 (0.742500 + 0.081845),0.830512 (0.748800 + 0.081712),0.825800 (0.743400 + 0.082400),0.818205 (0.735300 + 0.082905),0.815521 (0.733500 + 0.082021),0.829708 (0.747900 + 0.081808),0.840524 (0.758700 + 0.081824),0.820080 (0.738000 + 0.082080),0.822474 (0.739800 + 0.082674),0.829217 (0.746100 + 0.083117),0.829217 (0.746100 + 0.083117),0.833723 (0.751500 + 0.082223),0.831637 (0.749700 + 0.081937),0.824275 (0.741600 + 0.082675),0.832618 (0.750600 + 0.082018),0.832155 (0.749700 + 0.082455),0.830878 (0.748800 + 0.082078),0.820798 (0.738000 + 0.082798),0.828005 (0.745200 + 0.082805),0.840087 (0.759600 + 0.080487),0.830642 (0.748800 + 0.081842),0.825464 (0.743400 + 0.082064),0.823677 (0.741600 + 0.082077),0.829010 (0.746100 + 0.082910),0.827681 (0.745200 + 0.082481),0.822749 (0.740700 + 0.082049),0.831830 (0.749700 + 0.082130),0.825631 (0.743400 + 0.082231),0.827755 (0.746100 + 0.081655),0.825200 (0.742500 + 0.082700),0.841402 (0.760500 + 0.080902),0.818484 (0.736200 + 0.082284)
6,0.842219 (0.760500 + 0.081719),0.818859 (0.738000 + 0.080859),0.822106 (0.740700 + 0.081406),0.825880 (0.745200 + 0.080680),0.832324 (0.750600 + 0.081724),0.831637 (0.749700 + 0.081937),0.823228 (0.741600 + 0.081628),0.827186 (0.745200 + 0.081986),0.834991 (0.754200 + 0.080791),0.829897 (0.747000 + 0.082897),0.811804 (0.729900 + 0.081904),0.823457 (0.741600 + 0.081858),0.832893 (0.751500 + 0.081393),0.821371 (0.739800 + 0.081571),0.827244 (0.744300 + 0.082944),0.820474 (0.739800 + 0.080674),0.819955 (0.738000 + 0.081955),0.825200 (0.743400 + 0.081800),0.829850 (0.747900 + 0.081950),0.818887 (0.736200 + 0.082687),0.818714 (0.736200 + 0.082514),0.822055 (0.739800 + 0.082255),0.825464 (0.743400 + 0.082064),0.840087 (0.759600 + 0.080487),0.830878 (0.748800 + 0.082078),0.819616 (0.738900 + 0.080716),0.817930 (0.736200 + 0.081730),0.822565 (0.740700 + 0.081865),0.823792 (0.741600 + 0.082192),0.841402 (0.760500 + 0.080902),0.825631 (0.743400 + 0.082231),0.823262 (0.740700 + 0.082562),0.830704 (0.748800 + 0.081904),0.844355 (0.762300 + 0.082055),0.833157 (0.751500 + 0.081657),0.841402 (0.760500 + 0.080902),0.830930 (0.748800 + 0.082130),0.830780 (0.747900 + 0.082880),0.818503 (0.736200 + 0.082303),0.828718 (0.747900 + 0.080818),0.832537 (0.750600 + 0.081937),0.832169 (0.750600 + 0.081569),0.835884 (0.754200 + 0.081684),0.819258 (0.736200 + 0.083058),0.841175 (0.757800 + 0.083375),0.825616 (0.744300 + 0.081316),0.833317 (0.751500 + 0.081817),0.833441 (0.750600 + 0.082841),0.819520 (0.737100 + 0.082420),0.808041 (0.727200 + 0.080841)
7,0.844355 (0.762300 + 0.082055),0.822259 (0.741600 + 0.080659),0.831253 (0.749700 + 0.081553),0.833315 (0.752400 + 0.080915),0.839063 (0.757800 + 0.081263),0.839737 (0.758700 + 0.081037),0.841154 (0.760500 + 0.080654),0.822282 (0.739800 + 0.082482),0.822721 (0.739800 + 0.082921),0.826595 (0.744300 + 0.082295),0.825049 (0.743400 + 0.081649),0.828883 (0.746100 + 0.082783),0.827949 (0.747000 + 0.080949),0.833116 (0.751500 + 0.081616),0.813647 (0.730800 + 0.082847),0.816122 (0.734400 + 0.081722),0.825448 (0.744300 + 0.081148),0.840320 (0.758700 + 0.081620),0.821855 (0.739800 + 0.082055),0.820610 (0.738000 + 0.082610),0.825290 (0.742500 + 0.082790),0.826372 (0.744300 + 0.082072),0.827744 (0.745200 + 0.082544),0.833412 (0.752400 + 0.081012),0.825839 (0.743400 + 0.082439),0.840087 (0.759600 + 0.080487),0.832137 (0.750600 + 0.081537),0.831570 (0.750600 + 0.080970),0.821515 (0.739800 + 0.081715),0.823539 (0.742500 + 0.081039),0.824851 (0.743400 + 0.081451),0.831104 (0.748800 + 0.082304),0.821918 (0.739800 + 0.082118),0.827468 (0.746100 + 0.081368),0.822833 (0.740700 + 0.082133),0.830780 (0.747900 + 0.082880),0.827186 (0.745200 + 0.081986),0.830930 (0.748800 + 0.082130),0.825631 (0.743400 + 0.082231),0.832382 (0.750600 + 0.081782),0.831376 (0.747900 + 0.083476),0.836366 (0.755100 + 0.081267),0.818350 (0.735300 + 0.083050),0.821101 (0.739800 + 0.081301),0.829058 (0.747900 + 0.081158),0.837135 (0.754200 + 0.082935),0.830384 (0.747000 + 0.083384),0.845881 (0.765000 + 0.080881),0.843140 (0.761400 + 0.081740),0.837230 (0.754200 + 0.083030)
8,0.845881 (0.765000 + 0.080881),0.834995 (0.753300 + 0.081695),0.825769 (0.743400 + 0.082369),0.832382 (0.749700 + 0.082682),0.814392 (0.732600 + 0.081792),0.832733 (0.749700 + 0.083033),0.818951 (0.736200 + 0.082751),0.832962 (0.751500 + 0.081462),0.832967 (0.752400 + 0.080567),0.826300 (0.745200 + 0.081100),0.836149 (0.755100 + 0.081049),0.820070 (0.738000 + 0.082070),0.819335 (0.737100 + 0.082235),0.826300 (0.744300 + 0.082000),0.829848 (0.748800 + 0.081048),0.835676 (0.754200 + 0.081476),0.808305 (0.726300 + 0.082006),0.839257 (0.757800 + 0.081457),0.825587 (0.743400 + 0.082187),0.831221 (0.749700 + 0.081521),0.831599 (0.749700 + 0.081899),0.821330 (0.738900 + 0.082430),0.828284 (0.745200 + 0.083084),0.829771 (0.748800 + 0.080971),0.844079 (0.763200 + 0.080879),0.838424 (0.756900 + 0.081524),0.833511 (0.752400 + 0.081111),0.828056 (0.746100 + 0.081956),0.829839 (0.748800 + 0.081039),0.838068 (0.756900 + 0.081168),0.821885 (0.738900 + 0.082985),0.839832 (0.756900 + 0.082932),0.823445 (0.740700 + 0.082745),0.819809 (0.737100 + 0.082709),0.835884 (0.754200 + 0.081684),0.827119 (0.745200 + 0.081919),0.839338 (0.757800 + 0.081538),0.842648 (0.760500 + 0.082148),0.827083 (0.746100 + 0.080983),0.820323 (0.739800 + 0.080523),0.825458 (0.744300 + 0.081158),0.842460 (0.760500 + 0.081960),0.840087 (0.759600 + 0.080487),0.830937 (0.749700 + 0.081237),0.836821 (0.756000 + 0.080821),0.832382 (0.750600 + 0.081782),0.832382 (0.750600 + 0.081782),0.833412 (0.752400 + 0.081012),0.825049 (0.743400 + 0.081649),0.833580 (0.752400 + 0.081180)
9,0.845881 (0.765000 + 0.080881),0.820666 (0.739800 + 0.080866),0.831330 (0.749700 + 0.081629),0.834742 (0.753300 + 0.081442),0.833069 (0.750600 + 0.082469),0.822583 (0.740700 + 0.081883),0.828908 (0.747900 + 0.081008),0.822533 (0.740700 + 0.081833),0.834516 (0.751500 + 0.083016),0.829736 (0.748800 + 0.080936),0.842193 (0.761400 + 0.080793),0.821896 (0.739800 + 0.082096),0.820602 (0.738000 + 0.082602),0.832298 (0.749700 + 0.082598),0.839310 (0.757800 + 0.081510),0.840118 (0.758700 + 0.081418),0.827341 (0.745200 + 0.082141),0.831662 (0.748800 + 0.082862),0.825549 (0.743400 + 0.082149),0.821480 (0.739800 + 0.081680),0.842981 (0.762300 + 0.080681),0.832739 (0.751500 + 0.081239),0.832733 (0.749700 + 0.083033),0.841402 (0.760500 + 0.080902),0.835900 (0.755100 + 0.080800),0.823060 (0.741600 + 0.081460),0.827471 (0.746100 + 0.081371),0.839338 (0.757800 + 0.081538),0.839338 (0.757800 + 0.081538),0.828907 (0.747900 + 0.081007),0.830338 (0.749700 + 0.080638),0.837168 (0.755100 + 0.082068),0.840571 (0.757800 + 0.082771),0.837495 (0.756900 + 0.080595),0.831631 (0.749700 + 0.081931),0.831178 (0.748800 + 0.082378),0.835985 (0.754200 + 0.081785),0.829670 (0.747900 + 0.081770),0.823762 (0.740700 + 0.083062),0.844079 (0.763200 + 0.080879),0.845881 (0.765000 + 0.080881),0.843569 (0.761400 + 0.082169),0.825325 (0.742500 + 0.082826),0.834271 (0.752400 + 0.081871),0.827009 (0.744300 + 0.082709),0.838417 (0.757800 + 0.080617),0.829631 (0.748800 + 0.080831),0.821366 (0.740700 + 0.080666),0.825171 (0.743400 + 0.081771),0.834973 (0.754200 + 0.080773)
10,0.845881 (0.765000 + 0.080881),0.830438 (0.747900 + 0.082538),0.832280 (0.750600 + 0.081680),0.830127 (0.748800 + 0.081327),0.832743 (0.751500 + 0.081243),0.833736 (0.752400 + 0.081336),0.841637 (0.760500 + 0.081137),0.838771 (0.756000 + 0.082771),0.838597 (0.756900 + 0.081697),0.843569 (0.761400 + 0.082169),0.843569 (0.761400 + 0.082169),0.818159 (0.737100 + 0.081059),0.831519 (0.749700 + 0.081819),0.838000 (0.756900 + 0.081100),0.838764 (0.757800 + 0.080964),0.825547 (0.743400 + 0.082147),0.839891 (0.757800 + 0.082091),0.826801 (0.745200 + 0.081601),0.832984 (0.751500 + 0.081484),0.831409 (0.749700 + 0.081708),0.827471 (0.746100 + 0.081371),0.831353 (0.748800 + 0.082553),0.820986 (0.738900 + 0.082086),0.841333 (0.759600 + 0.081733),0.828051 (0.747000 + 0.081051),0.818632 (0.737100 + 0.081532),0.832654 (0.751500 + 0.081154),0.819600 (0.738000 + 0.081600),0.829952 (0.749700 + 0.080252),0.839524 (0.758700 + 0.080824),0.833037 (0.752400 + 0.080637),0.825323 (0.743400 + 0.081923),0.833531 (0.752400 + 0.081131),0.840534 (0.759600 + 0.080934),0.821831 (0.740700 + 0.081131),0.831201 (0.749700 + 0.081501),0.831523 (0.749700 + 0.081823),0.832888 (0.751500 + 0.081388),0.835298 (0.754200 + 0.081098),0.834589 (0.752400 + 0.082189),0.831202 (0.748800 + 0.082402),0.822259 (0.740700 + 0.081559),0.838867 (0.757800 + 0.081067),0.845594 (0.763200 + 0.082394),0.840613 (0.759600 + 0.081013),0.826369 (0.743400 + 0.082969),0.823629 (0.741600 + 0.082029),0.840431 (0.759600 + 0.080831),0.823819 (0.742500 + 0.081319),0.832415 (0.751500 + 0.080915)
11,0.845881 (0.765000 + 0.080881),0.835236 (0.754200 + 0.081036),0.840380 (0.759600 + 0.080780),0.834751 (0.753300 + 0.081451),0.837327 (0.756000 + 0.081327),0.837321 (0.756000 + 0.081321),0.836440 (0.756000 + 0.080440),0.830757 (0.748800 + 0.081957),0.829413 (0.747000 + 0.082413),0.830097 (0.747900 + 0.082197),0.842563 (0.760500 + 0.082063),0.842122 (0.760500 + 0.081622),0.833451 (0.752400 + 0.081051),0.839524 (0.758700 + 0.080824),0.839524 (0.758700 + 0.080824),0.824953 (0.743400 + 0.081553),0.836051 (0.755100 + 0.080951),0.842480 (0.761400 + 0.081081),0.823566 (0.742500 + 0.081066),0.842243 (0.759600 + 0.082643),0.838816 (0.757800 + 0.081016),0.835446 (0.754200 + 0.081246),0.822755 (0.741600 + 0.081155),0.830625 (0.749700 + 0.080925),0.834132 (0.753300 + 0.080832),0.832409 (0.750600 + 0.081809),0.836607 (0.756000 + 0.080607),0.823002 (0.742500 + 0.080502),0.831039 (0.748800 + 0.082239),0.835106 (0.754200 + 0.080906),0.840613 (0.759600 + 0.081013),0.832888 (0.751500 + 0.081388),0.823819 (0.742500 + 0.081319),0.830802 (0.749700 + 0.081102),0.833037 (0.752400 + 0.080637),0.827535 (0.746100 + 0.081435),0.840736 (0.759600 + 0.081136),0.840431 (0.759600 + 0.080831),0.832415 (0.751500 + 0.080915),0.834106 (0.753300 + 0.080806),0.828716 (0.747000 + 0.081716),0.837165 (0.756900 + 0.080265),0.835069 (0.754200 + 0.080869),0.829966 (0.747900 + 0.082066),0.838660 (0.756900 + 0.081760),0.836308 (0.755100 + 0.081208),0.835089 (0.753300 + 0.081789),0.833545 (0.752400 + 0.081145),0.830557 (0.749700 + 0.080857),0.834268 (0.753300 + 0.080968)
12,0.845881 (0.765000 + 0.080881),0.830691 (0.749700 + 0.080991),0.848496 (0.767700 + 0.080796),0.837165 (0.756900 + 0.080265),0.839524 (0.758700 + 0.080824),0.832749 (0.752400 + 0.080349),0.840548 (0.759600 + 0.080948),0.830702 (0.749700 + 0.081002),0.824927 (0.743400 + 0.081527),0.834777 (0.753300 + 0.081477),0.839570 (0.757800 + 0.081770),0.832026 (0.750600 + 0.081426),0.834506 (0.753300 + 0.081206),0.847542 (0.766800 + 0.080742),0.835106 (0.754200 + 0.080906),0.837999 (0.756900 + 0.081099),0.835900 (0.755100 + 0.080800),0.825818 (0.743400 + 0.082418),0.838039 (0.756900 + 0.081139),0.830614 (0.749700 + 0.080914),0.835446 (0.754200 + 0.081246),0.840240 (0.759600 + 0.080640),0.839492 (0.758700 + 0.080792),0.831008 (0.749700 + 0.081308),0.835665 (0.755100 + 0.080566),0.845881 (0.765000 + 0.080881),0.826280 (0.746100 + 0.080180),0.834151 (0.753300 + 0.080851),0.846871 (0.765900 + 0.080971),0.837160 (0.756900 + 0.080260),0.834653 (0.753300 + 0.081353),0.836308 (0.755100 + 0.081208),0.835446 (0.754200 + 0.081246),0.840986 (0.760500 + 0.080486),0.834609 (0.753300 + 0.081309),0.830522 (0.747900 + 0.082623),0.831183 (0.750600 + 0.080583),0.831435 (0.749700 + 0.081735),0.845450 (0.763200 + 0.082250),0.844087 (0.763200 + 0.080887),0.832493 (0.751500 + 0.080994),0.835211 (0.752400 + 0.082811),0.826318 (0.745200 + 0.081118),0.828508 (0.747000 + 0.081508),0.837392 (0.756000 + 0.081392),0.843409 (0.761400 + 0.082009),0.829662 (0.749700 + 0.079962),0.830852 (0.749700 + 0.081152),0.831160 (0.750600 + 0.080561),0.840380 (0.759600 + 0.080780)
13,0.848496 (0.767700 + 0.080796),0.839518 (0.758700 + 0.080818),0.828262 (0.747900 + 0.080362),0.833328 (0.751500 + 0.081828),0.849646 (0.768600 + 0.081046),0.844102 (0.763200 + 0.080902),0.819864 (0.738900 + 0.080964),0.832982 (0.751500 + 0.081482),0.828262 (0.747000 + 0.081262),0.841387 (0.760500 + 0.080887),0.836217 (0.755100 + 0.081117),0.834190 (0.753300 + 0.080890),0.839834 (0.758700 + 0.081134),0.844928 (0.764100 + 0.080828),0.840276 (0.759600 + 0.080676),0.837284 (0.756900 + 0.080384),0.848599 (0.767700 + 0.080899),0.837323 (0.756000 + 0.081323),0.839249 (0.758700 + 0.080549),0.836683 (0.756000 + 0.080683),0.830682 (0.747900 + 0.082782),0.834703 (0.753300 + 0.081403),0.832404 (0.751500 + 0.080904),0.836599 (0.756000 + 0.080599),0.837165 (0.756900 + 0.080265),0.833299 (0.752400 + 0.080899),0.844502 (0.763200 + 0.081302),0.834222 (0.752400 + 0.081822),0.821198 (0.740700 + 0.080498),0.834754 (0.754200 + 0.080554),0.826247 (0.745200 + 0.081047),0.843933 (0.763200 + 0.080733),0.828450 (0.747900 + 0.080550),0.849159 (0.767700 + 0.081459),0.824880 (0.744300 + 0.080580),0.838891 (0.758700 + 0.080191),0.841185 (0.760500 + 0.080685),0.834063 (0.753300 + 0.080763),0.833308 (0.752400 + 0.080908),0.836740 (0.756000 + 0.080740),0.828830 (0.747900 + 0.080930),0.835986 (0.755100 + 0.080886),0.836564 (0.756000 + 0.080564),0.835958 (0.754200 + 0.081758),0.849468 (0.767700 + 0.081768),0.825464 (0.743400 + 0.082064),0.836308 (0.755100 + 0.081208),0.826166 (0.744300 + 0.081866),0.832208 (0.750600 + 0.081608),0.843864 (0.763200 + 0.080664)
14,0.849646 (0.768600 + 0.081046),0.845290 (0.764100 + 0.081190),0.844261 (0.763200 + 0.081061),0.836232 (0.754200 + 0.082032),0.847568 (0.766800 + 0.080768),0.840497 (0.759600 + 0.080898),0.823698 (0.743400 + 0.080298),0.844553 (0.764100 + 0.080453),0.841701 (0.760500 + 0.081201),0.839332 (0.758700 + 0.080633),0.836008 (0.755100 + 0.080908),0.826494 (0.746100 + 0.080394),0.834084 (0.752400 + 0.081684),0.826466 (0.746100 + 0.080366),0.829822 (0.748800 + 0.081022),0.841389 (0.760500 + 0.080889),0.836525 (0.755100 + 0.081425),0.838045 (0.756900 + 0.081145),0.828197 (0.747000 + 0.081198),0.827265 (0.746100 + 0.081165),0.833308 (0.752400 + 0.080908),0.843393 (0.761400 + 0.081993),0.829778 (0.749700 + 0.080078),0.834776 (0.754200 + 0.080576),0.829894 (0.748800 + 0.081094),0.830553 (0.749700 + 0.080853),0.837859 (0.756900 + 0.080959),0.848599 (0.767700 + 0.080899),0.832208 (0.750600 + 0.081608),0.836599 (0.756000 + 0.080599),0.843933 (0.763200 + 0.080733),0.843808 (0.763200 + 0.080609),0.844347 (0.764100 + 0.080247),0.832301 (0.751500 + 0.080801),0.835402 (0.755100 + 0.080302),0.840707 (0.759600 + 0.081107),0.848629 (0.767700 + 0.080929),0.843736 (0.762300 + 0.081436),0.832568 (0.752400 + 0.080168),0.839682 (0.758700 + 0.080983),0.844324 (0.763200 + 0.081124),0.851050 (0.770400 + 0.080650),0.845074 (0.764100 + 0.080974),0.820604 (0.739800 + 0.080804),0.831994 (0.750600 + 0.081394),0.831524 (0.750600 + 0.080924),0.819494 (0.738000 + 0.081494),0.835941 (0.755100 + 0.080841),0.840276 (0.759600 + 0.080676),0.831567 (0.751500 + 0.080067)
15,0.851050 (0.770400 + 0.080650),0.853813 (0.773100 + 0.080713),0.835727 (0.755100 + 0.080627),0.845828 (0.765000 + 0.080828),0.837646 (0.756900 + 0.080746),0.843311 (0.763200 + 0.080111),0.837688 (0.756900 + 0.080788),0.843886 (0.763200 + 0.080686),0.832208 (0.750600 + 0.081608),0.834910 (0.753300 + 0.081610),0.828629 (0.747900 + 0.080729),0.844728 (0.764100 + 0.080628),0.842757 (0.762300 + 0.080457),0.844661 (0.764100 + 0.080561),0.843045 (0.762300 + 0.080745),0.833237 (0.753300 + 0.079937),0.835158 (0.754200 + 0.080958),0.854092 (0.773100 + 0.080992),0.840407 (0.759600 + 0.080807),0.851050 (0.770400 + 0.080650),0.831316 (0.750600 + 0.080716),0.828060 (0.747900 + 0.080160),0.827079 (0.747000 + 0.080079),0.843087 (0.762300 + 0.080787),0.832206 (0.751500 + 0.080706),0.846841 (0.765900 + 0.080941),0.837998 (0.756900 + 0.081098),0.845236 (0.765000 + 0.080236),0.834788 (0.754200 + 0.080588),0.838410 (0.757800 + 0.080610),0.837339 (0.756000 + 0.081339),0.838767 (0.757800 + 0.080967),0.833230 (0.751500 + 0.081730),0.833523 (0.752400 + 0.081123),0.839157 (0.757800 + 0.081357),0.838942 (0.757800 + 0.081142),0.834063 (0.753300 + 0.080763),0.831098 (0.750600 + 0.080499),0.831567 (0.751500 + 0.080067),0.848685 (0.767700 + 0.080985),0.835045 (0.754200 + 0.080845),0.850450 (0.769500 + 0.080950),0.829850 (0.748800 + 0.081050),0.840596 (0.759600 + 0.080996),0.825245 (0.744300 + 0.080945),0.843884 (0.763200 + 0.080684),0.824995 (0.744300 + 0.080695),0.843736 (0.762300 + 0.081436),0.840276 (0.759600 + 0.080676),0.835850 (0.755100 + 0.080751)
16,0.854092 (0.773100 + 0.080992),0.839789 (0.759600 + 0.080189),0.837339 (0.756000 + 0.081339),0.836563 (0.755100 + 0.081463),0.807122 (0.726300 + 0.080822),0.830997 (0.750600 + 0.080397),0.839921 (0.759600 + 0.080321),0.842864 (0.762300 + 0.080564),0.840710 (0.759600 + 0.081110),0.837606 (0.756900 + 0.080706),0.835450 (0.754200 + 0.081250),0.831370 (0.750600 + 0.080770),0.840596 (0.759600 + 0.080996),0.852069 (0.771300 + 0.080769),0.839931 (0.759600 + 0.080331),0.844237 (0.763200 + 0.081037),0.840507 (0.759600 + 0.080907),0.823287 (0.742500 + 0.080788),0.834959 (0.754200 + 0.080759),0.846423 (0.765900 + 0.080523),0.853025 (0.772200 + 0.080825),0.831079 (0.750600 + 0.080479),0.827014 (0.746100 + 0.080914),0.836518 (0.756000 + 0.080518),0.842386 (0.761400 + 0.080986),0.838123 (0.756900 + 0.081223),0.835881 (0.755100 + 0.080781),0.850450 (0.769500 + 0.080950),0.851050 (0.770400 + 0.080650),0.841276 (0.760500 + 0.080776),0.835609 (0.755100 + 0.080509),0.841758 (0.760500 + 0.081258),0.827930 (0.747000 + 0.080930),0.853813 (0.773100 + 0.080713),0.834141 (0.753300 + 0.080841),0.844114 (0.763200 + 0.080914),0.841310 (0.760500 + 0.080810),0.845595 (0.765000 + 0.080595),0.842728 (0.762300 + 0.080428),0.850749 (0.769500 + 0.081249),0.832583 (0.752400 + 0.080183),0.835911 (0.755100 + 0.080811),0.838069 (0.756900 + 0.081169),0.850084 (0.769500 + 0.080584),0.836782 (0.756000 + 0.080782),0.840830 (0.760500 + 0.080330),0.839483 (0.758700 + 0.080783),0.843529 (0.763200 + 0.080329),0.835593 (0.755100 + 0.080493),0.845236 (0.765000 + 0.080236)
17,0.854092 (0.773100 + 0.080992),0.841276 (0.760500 + 0.080776),0.850084 (0.769500 + 0.080584),0.837243 (0.756900 + 0.080343),0.844708 (0.764100 + 0.080608),0.832940 (0.752400 + 0.080540),0.829365 (0.748800 + 0.080565),0.835853 (0.754200 + 0.081653),0.841236 (0.760500 + 0.080736),0.850749 (0.769500 + 0.081249),0.844269 (0.763200 + 0.081069),0.844468 (0.763200 + 0.081268),0.834708 (0.754200 + 0.080508),0.823643 (0.743400 + 0.080243),0.835420 (0.754200 + 0.081220),0.835010 (0.754200 + 0.080810),0.853025 (0.772200 + 0.080825),0.846423 (0.765900 + 0.080523),0.842056 (0.761400 + 0.080656),0.836658 (0.756000 + 0.080658),0.840481 (0.759600 + 0.080881),0.835807 (0.755100 + 0.080707),0.841310 (0.760500 + 0.080810),0.830213 (0.749700 + 0.080513),0.838956 (0.757800 + 0.081156),0.836608 (0.756000 + 0.080608),0.828055 (0.747000 + 0.081055),0.838856 (0.757800 + 0.081056),0.836759 (0.756000 + 0.080759),0.834128 (0.753300 + 0.080828),0.842108 (0.761400 + 0.080708),0.839668 (0.758700 + 0.080968),0.842821 (0.762300 + 0.080521),0.842534 (0.762300 + 0.080234),0.848567 (0.767700 + 0.080867),0.846124 (0.765900 + 0.080224),0.838486 (0.757800 + 0.080686),0.842727 (0.762300 + 0.080427),0.836385 (0.755100 + 0.081285),0.840507 (0.759600 + 0.080907),0.832453 (0.751500 + 0.080953),0.848631 (0.767700 + 0.080931),0.846296 (0.765900 + 0.080396),0.836410 (0.756000 + 0.080410),0.845206 (0.765000 + 0.080206),0.847283 (0.766800 + 0.080483),0.838529 (0.757800 + 0.080729),0.839211 (0.757800 + 0.081411),0.848252 (0.767700 + 0.080552),0.833237 (0.753300 + 0.079937)
18,0.854092 (0.773100 + 0.080992),0.842242 (0.761400 + 0.080842),0.840448 (0.759600 + 0.080848),0.835312 (0.754200 + 0.081112),0.834870 (0.754200 + 0.080670),0.838212 (0.757800 + 0.080412),0.843731 (0.763200 + 0.080531),0.838968 (0.758700 + 0.080268),0.846679 (0.765900 + 0.080779),0.839472 (0.757800 + 0.081672),0.835028 (0.755100 + 0.079928),0.839410 (0.758700 + 0.080710),0.825933 (0.745200 + 0.080733),0.836665 (0.756000 + 0.080665),0.827672 (0.747900 + 0.079772),0.835128 (0.754200 + 0.080928),0.849132 (0.768600 + 0.080532),0.836672 (0.756000 + 0.080672),0.833055 (0.752400 + 0.080655),0.839369 (0.758700 + 0.080669),0.855010 (0.774000 + 0.081010),0.845403 (0.765000 + 0.080403),0.838513 (0.757800 + 0.080713),0.842166 (0.761400 + 0.080766),0.850006 (0.769500 + 0.080506),0.837198 (0.756000 + 0.081198),0.851181 (0.771300 + 0.079881),0.842237 (0.761400 + 0.080837),0.847233 (0.765900 + 0.081333),0.848252 (0.767700 + 0.080552),0.848252 (0.767700 + 0.080552),0.850749 (0.769500 + 0.081249),0.848631 (0.767700 + 0.080931),0.851025 (0.770400 + 0.080625),0.839440 (0.758700 + 0.080740),0.839963 (0.759600 + 0.080363),0.827130 (0.746100 + 0.081030),0.850327 (0.769500 + 0.080827),0.846423 (0.765900 + 0.080523),0.841236 (0.760500 + 0.080736),0.834165 (0.753300 + 0.080865),0.839343 (0.758700 + 0.080643),0.837850 (0.756900 + 0.080950),0.843979 (0.763200 + 0.080779),0.846985 (0.765900 + 0.081085),0.851159 (0.770400 + 0.080759),0.849228 (0.768600 + 0.080629),0.820450 (0.738900 + 0.081550),0.829439 (0.748800 + 0.080639),0.842279 (0.762300 + 0.079979)
19,0.855010 (0.774000 + 0.081010),0.854092 (0.773100 + 0.080992),0.848252 (0.767700 + 0.080552),0.847691 (0.766800 + 0.080891),0.840975 (0.760500 + 0.080475),0.826423 (0.745200 + 0.081223),0.848288 (0.767700 + 0.080588),0.845166 (0.765000 + 0.080166),0.841451 (0.761400 + 0.080051),0.835832 (0.755100 + 0.080732),0.845597 (0.765000 + 0.080597),0.826373 (0.745200 + 0.081173),0.834707 (0.754200 + 0.080507),0.833493 (0.752400 + 0.081093),0.831350 (0.751500 + 0.079850),0.844073 (0.763200 + 0.080873),0.841590 (0.760500 + 0.081090),0.842154 (0.761400 + 0.080754),0.846049 (0.765000 + 0.081049),0.832075 (0.751500 + 0.080575),0.838737 (0.757800 + 0.080937),0.839600 (0.759600 + 0.080000),0.831241 (0.750600 + 0.080641),0.850544 (0.769500 + 0.081044),0.849194 (0.768600 + 0.080594),0.848631 (0.767700 + 0.080931),0.837198 (0.756000 + 0.081198),0.831722 (0.751500 + 0.080222),0.839849 (0.758700 + 0.081149),0.837658 (0.756900 + 0.080758),0.841356 (0.760500 + 0.080856),0.837198 (0.756000 + 0.081198),0.848252 (0.767700 + 0.080552),0.854092 (0.773100 + 0.080992),0.839440 (0.758700 + 0.080740),0.844305 (0.764100 + 0.080205),0.843952 (0.763200 + 0.080752),0.834158 (0.753300 + 0.080858),0.831352 (0.750600 + 0.080752),0.843484 (0.763200 + 0.080284),0.839729 (0.759600 + 0.080129),0.847777 (0.767700 + 0.080077),0.842700 (0.762300 + 0.080400),0.848008 (0.766800 + 0.081208),0.850044 (0.769500 + 0.080544),0.850749 (0.769500 + 0.081249),0.838968 (0.758700 + 0.080268),0.832960 (0.752400 + 0.080560),0.842339 (0.761400 + 0.080939),0.842824 (0.762300 + 0.080524)
20,0.855010 (0.774000 + 0.081010),0.833670 (0.753300 + 0.080370),0.844412 (0.763200 + 0.081212),0.843442 (0.763200 + 0.080242),0.851144 (0.770400 + 0.080744),0.854092 (0.773100 + 0.080992),0.842244 (0.761400 + 0.080844),0.847777 (0.767700 + 0.080077),0.847777 (0.767700 + 0.080077),0.854092 (0.773100 + 0.080992),0.845597 (0.765000 + 0.080597),0.839064 (0.758700 + 0.080364),0.846172 (0.765000 + 0.081172),0.841412 (0.760500 + 0.080912),0.846926 (0.765900 + 0.081026),0.846226 (0.765900 + 0.080326),0.845177 (0.764100 + 0.081077),0.846871 (0.765900 + 0.080971),0.834707 (0.754200 + 0.080507),0.849947 (0.768600 + 0.081347),0.854558 (0.774000 + 0.080558),0.851025 (0.770400 + 0.080625),0.847357 (0.766800 + 0.080557),0.846135 (0.765000 + 0.081135),0.848493 (0.767700 + 0.080793),0.856133 (0.774900 + 0.081233),0.846615 (0.765900 + 0.080715),0.842379 (0.761400 + 0.080979),0.847728 (0.766800 + 0.080928),0.847669 (0.766800 + 0.080869),0.836751 (0.756000 + 0.080751),0.848666 (0.767700 + 0.080966),0.838652 (0.757800 + 0.080852),0.833890 (0.753300 + 0.080590),0.843969 (0.763200 + 0.080769),0.845910 (0.765000 + 0.080910),0.848707 (0.767700 + 0.081007),0.837535 (0.756900 + 0.080635),0.839454 (0.758700 + 0.080754),0.835353 (0.755100 + 0.080253),0.846797 (0.766800 + 0.079997),0.836650 (0.756000 + 0.080650),0.840335 (0.759600 + 0.080735),0.848894 (0.768600 + 0.080295),0.837163 (0.756000 + 0.081163),0.846049 (0.765000 + 0.081049),0.842154 (0.761400 + 0.080754),0.851564 (0.770400 + 0.081164),0.840240 (0.759600 + 0.080640),0.839794 (0.759600 + 0.080194)
21,0.856133 (0.774900 + 0.081233),0.838404 (0.757800 + 0.080604),0.845244 (0.764100 + 0.081144),0.844450 (0.763200 + 0.081250),0.844624 (0.764100 + 0.080524),0.846780 (0.765900 + 0.080880),0.853299 (0.773100 + 0.080199),0.842326 (0.761400 + 0.080926),0.854213 (0.773100 + 0.081113),0.841157 (0.760500 + 0.080657),0.838863 (0.758700 + 0.080163),0.836488 (0.756000 + 0.080488),0.840333 (0.759600 + 0.080733),0.854558 (0.774000 + 0.080558),0.842117 (0.761400 + 0.080717),0.840128 (0.759600 + 0.080528),0.826873 (0.747000 + 0.079873),0.854092 (0.773100 + 0.080992),0.846871 (0.765900 + 0.080971),0.841657 (0.760500 + 0.081157),0.841108 (0.760500 + 0.080608),0.833237 (0.752400 + 0.080837),0.851144 (0.770400 + 0.080744),0.835190 (0.755100 + 0.080090),0.845851 (0.765000 + 0.080851),0.839978 (0.758700 + 0.081278),0.820982 (0.740700 + 0.080282),0.854281 (0.773100 + 0.081181),0.848623 (0.767700 + 0.080923),0.848666 (0.767700 + 0.080966),0.844412 (0.763200 + 0.081212),0.853077 (0.772200 + 0.080877),0.844855 (0.764100 + 0.080755),0.845957 (0.765900 + 0.080057),0.851100 (0.770400 + 0.080700),0.855695 (0.774900 + 0.080795),0.845928 (0.765000 + 0.080928),0.848707 (0.767700 + 0.081007),0.846226 (0.765900 + 0.080326),0.844799 (0.764100 + 0.080699),0.844067 (0.763200 + 0.080867),0.843541 (0.763200 + 0.080341),0.841412 (0.760500 + 0.080912),0.847916 (0.766800 + 0.081116),0.846557 (0.765900 + 0.080657),0.846711 (0.765900 + 0.080811),0.846597 (0.765900 + 0.080697),0.833246 (0.752400 + 0.080846),0.830354 (0.749700 + 0.080654),0.838478 (0.757800 + 0.080678)
22,0.856133 (0.774900 + 0.081233),0.848666 (0.767700 + 0.080966),0.844450 (0.763200 + 0.081250),0.845907 (0.765000 + 0.080907),0.840334 (0.759600 + 0.080734),0.845853 (0.765000 + 0.080853),0.850915 (0.770400 + 0.080515),0.843210 (0.762300 + 0.080910),0.838117 (0.756900 + 0.081217),0.849558 (0.768600 + 0.080958),0.856762 (0.775800 + 0.080962),0.836100 (0.755100 + 0.081000),0.833378 (0.752400 + 0.080978),0.837696 (0.756900 + 0.080796),0.839727 (0.758700 + 0.081027),0.847659 (0.766800 + 0.080859),0.844924 (0.764100 + 0.080824),0.833839 (0.753300 + 0.080539),0.838958 (0.757800 + 0.081158),0.830990 (0.750600 + 0.080390),0.845550 (0.765000 + 0.080550),0.846780 (0.765900 + 0.080880),0.846780 (0.765900 + 0.080880),0.846462 (0.765900 + 0.080562),0.831505 (0.750600 + 0.080905),0.849110 (0.768600 + 0.080510),0.847453 (0.767700 + 0.079753),0.840238 (0.759600 + 0.080638),0.844746 (0.764100 + 0.080646),0.832216 (0.751500 + 0.080716),0.840116 (0.759600 + 0.080516),0.838752 (0.757800 + 0.080952),0.852107 (0.771300 + 0.080807),0.850502 (0.769500 + 0.081002),0.837122 (0.756900 + 0.080222),0.854558 (0.774000 + 0.080558),0.840934 (0.760500 + 0.080434),0.850635 (0.769500 + 0.081135),0.841864 (0.761400 + 0.080464),0.834581 (0.754200 + 0.080381),0.844391 (0.763200 + 0.081191),0.833451 (0.752400 + 0.081051),0.835177 (0.755100 + 0.080077),0.844412 (0.763200 + 0.081212),0.841108 (0.760500 + 0.080608),0.846545 (0.765900 + 0.080645),0.842026 (0.761400 + 0.080626),0.835847 (0.755100 + 0.080747),0.842436 (0.762300 + 0.080136),0.842333 (0.761400 + 0.080933)
23,0.856762 (0.775800 + 0.080962),0.849121 (0.768600 + 0.080521),0.848623 (0.767700 + 0.080923),0.851072 (0.770400 + 0.080672),0.841208 (0.760500 + 0.080708),0.856762 (0.775800 + 0.080962),0.850635 (0.769500 + 0.081135),0.835856 (0.755100 + 0.080756),0.841067 (0.760500 + 0.080567),0.843225 (0.762300 + 0.080925),0.836685 (0.756000 + 0.080685),0.855288 (0.774900 + 0.080388),0.838308 (0.757800 + 0.080508),0.837715 (0.756900 + 0.080815),0.841716 (0.761400 + 0.080316),0.851662 (0.771300 + 0.080362),0.839291 (0.757800 + 0.081491),0.828959 (0.747900 + 0.081059),0.837633 (0.757800 + 0.079833),0.846595 (0.765900 + 0.080695),0.848621 (0.767700 + 0.080921),0.828197 (0.747900 + 0.080297),0.848742 (0.767700 + 0.081042),0.843269 (0.762300 + 0.080969),0.851850 (0.771300 + 0.080550),0.848047 (0.766800 + 0.081247),0.836626 (0.756000 + 0.080626),0.833451 (0.752400 + 0.081051),0.844024 (0.763200 + 0.080824),0.836482 (0.756000 + 0.080482),0.847612 (0.766800 + 0.080812),0.845412 (0.765000 + 0.080412),0.843106 (0.763200 + 0.079906),0.843517 (0.762300 + 0.081218),0.842454 (0.762300 + 0.080154),0.856517 (0.775800 + 0.080717),0.839468 (0.758700 + 0.080768),0.849780 (0.768600 + 0.081180),0.840377 (0.760500 + 0.079877),0.838291 (0.756900 + 0.081391),0.840934 (0.760500 + 0.080434),0.855002 (0.774000 + 0.081002),0.837301 (0.756900 + 0.080401),0.844967 (0.764100 + 0.080867),0.850800 (0.769500 + 0.081299),0.857346 (0.776700 + 0.080646),0.855166 (0.774000 + 0.081166),0.835021 (0.754200 + 0.080821),0.844612 (0.765000 + 0.079612),0.842123 (0.761400 + 0.080723)
24,0.857346 (0.776700 + 0.080646),0.831271 (0.750600 + 0.080671),0.851281 (0.770400 + 0.080881),0.840844 (0.760500 + 0.080344),0.836794 (0.756000 + 0.080794),0.850340 (0.769500 + 0.080840),0.832006 (0.751500 + 0.080506),0.851850 (0.771300 + 0.080550),0.846595 (0.765900 + 0.080695),0.843329 (0.762300 + 0.081029),0.837543 (0.756900 + 0.080643),0.845220 (0.764100 + 0.081120),0.844249 (0.763200 + 0.081049),0.845832 (0.765000 + 0.080832),0.847973 (0.766800 + 0.081173),0.843260 (0.763200 + 0.080060),0.834723 (0.754200 + 0.080523),0.845771 (0.765000 + 0.080771),0.849376 (0.768600 + 0.080776),0.835543 (0.756000 + 0.079543),0.842391 (0.762300 + 0.080091),0.841214 (0.760500 + 0.080714),0.850501 (0.769500 + 0.081001),0.844861 (0.764100 + 0.080761),0.853211 (0.772200 + 0.081011),0.844651 (0.764100 + 0.080551),0.833186 (0.752400 + 0.080786),0.851072 (0.770400 + 0.080672),0.844214 (0.764100 + 0.080114),0.839726 (0.758700 + 0.081026),0.849028 (0.767700 + 0.081328),0.845735 (0.765900 + 0.079835),0.857435 (0.776700 + 0.080735),0.850964 (0.770400 + 0.080564),0.835409 (0.755100 + 0.080309),0.834252 (0.753300 + 0.080952),0.844481 (0.763200 + 0.081281),0.849217 (0.768600 + 0.080617),0.836607 (0.756000 + 0.080607),0.846193 (0.765900 + 0.080293),0.842482 (0.762300 + 0.080182),0.855288 (0.774900 + 0.080388),0.837715 (0.756900 + 0.080815),0.835707 (0.755100 + 0.080607),0.844039 (0.763200 + 0.080839),0.841008 (0.760500 + 0.080508),0.838526 (0.758700 + 0.079827),0.850360 (0.769500 + 0.080860),0.830804 (0.750600 + 0.080204),0.838859 (0.757800 + 0.081059)
25,0.857435 (0.776700 + 0.080735),0.845337 (0.764100 + 0.081237),0.843984 (0.764100 + 0.079884),0.848222 (0.767700 + 0.080522),0.843747 (0.763200 + 0.080547),0.845258 (0.765000 + 0.080258),0.844990 (0.764100 + 0.080890),0.837371 (0.756900 + 0.080471),0.843193 (0.762300 + 0.080893),0.852085 (0.771300 + 0.080785),0.844789 (0.764100 + 0.080689),0.848389 (0.767700 + 0.080689),0.838551 (0.758700 + 0.079851),0.838115 (0.757800 + 0.080315),0.845921 (0.765000 + 0.080921),0.846030 (0.765000 + 0.081030),0.847172 (0.766800 + 0.080372),0.852026 (0.771300 + 0.080726),0.844682 (0.764100 + 0.080582),0.847355 (0.766800 + 0.080555),0.841281 (0.761400 + 0.079881),0.825364 (0.745200 + 0.080164),0.848617 (0.768600 + 0.080017),0.840567 (0.759600 + 0.080967),0.839721 (0.759600 + 0.080121),0.822581 (0.742500 + 0.080081),0.829459 (0.749700 + 0.079759),0.851258 (0.770400 + 0.080858),0.841407 (0.761400 + 0.080007),0.850964 (0.770400 + 0.080564),0.850340 (0.769500 + 0.080840),0.857309 (0.776700 + 0.080609),0.852098 (0.771300 + 0.080798),0.857238 (0.776700 + 0.080538),0.837523 (0.756900 + 0.080623),0.843284 (0.763200 + 0.080084),0.839215 (0.758700 + 0.080515),0.844332 (0.764100 + 0.080232),0.818668 (0.738900 + 0.079768),0.833340 (0.753300 + 0.080040),0.846385 (0.765900 + 0.080485),0.855643 (0.774900 + 0.080743),0.851850 (0.771300 + 0.080550),0.846193 (0.765900 + 0.080293),0.844039 (0.763200 + 0.080839),0.851571 (0.770400 + 0.081171),0.855248 (0.774900 + 0.080348),0.838388 (0.758700 + 0.079688),0.842057 (0.761400 + 0.080657),0.836106 (0.756000 + 0.080106)
26,0.857435 (0.776700 + 0.080735),0.847278 (0.766800 + 0.080478),0.845573 (0.765000 + 0.080573),0.844029 (0.764100 + 0.079930),0.842253 (0.761400 + 0.080853),0.836689 (0.756000 + 0.080689),0.841236 (0.760500 + 0.080736),0.857435 (0.776700 + 0.080735),0.855396 (0.774900 + 0.080496),0.839721 (0.759600 + 0.080121),0.846385 (0.765900 + 0.080485),0.851782 (0.771300 + 0.080482),0.852068 (0.771300 + 0.080768),0.845831 (0.765000 + 0.080831),0.859129 (0.778500 + 0.080629),0.844769 (0.764100 + 0.080669),0.838648 (0.757800 + 0.080848),0.845500 (0.765000 + 0.080500),0.842853 (0.762300 + 0.080553),0.838284 (0.757800 + 0.080484),0.851506 (0.771300 + 0.080206),0.842455 (0.762300 + 0.080155),0.848586 (0.767700 + 0.080886),0.844223 (0.763200 + 0.081023),0.848080 (0.767700 + 0.080380),0.840957 (0.760500 + 0.080457),0.853986 (0.773100 + 0.080886),0.850176 (0.769500 + 0.080676),0.846449 (0.765900 + 0.080549),0.840732 (0.759600 + 0.081132),0.822352 (0.742500 + 0.079852),0.845544 (0.765000 + 0.080544),0.854139 (0.773100 + 0.081039),0.851800 (0.771300 + 0.080500),0.839633 (0.758700 + 0.080933),0.846445 (0.765900 + 0.080545),0.823818 (0.743400 + 0.080418),0.843269 (0.762300 + 0.080969),0.840812 (0.760500 + 0.080312),0.846030 (0.765000 + 0.081030),0.846030 (0.765000 + 0.081030),0.851850 (0.771300 + 0.080550),0.849276 (0.768600 + 0.080676),0.841359 (0.760500 + 0.080859),0.836476 (0.756000 + 0.080476),0.850964 (0.770400 + 0.080564),0.846030 (0.765000 + 0.081030),0.839010 (0.758700 + 0.080310),0.857435 (0.776700 + 0.080735),0.857110 (0.775800 + 0.081310)
27,0.859129 (0.778500 + 0.080629),0.845288 (0.765000 + 0.080288),0.850039 (0.769500 + 0.080539),0.849327 (0.768600 + 0.080727),0.836911 (0.756900 + 0.080011),0.860247 (0.779400 + 0.080847),0.847997 (0.766800 + 0.081197),0.838872 (0.758700 + 0.080172),0.842303 (0.761400 + 0.080903),0.850274 (0.769500 + 0.080774),0.845377 (0.765000 + 0.080377),0.843892 (0.763200 + 0.080692),0.859939 (0.779400 + 0.080539),0.853034 (0.772200 + 0.080834),0.839824 (0.759600 + 0.080224),0.842584 (0.761400 + 0.081184),0.852099 (0.771300 + 0.080799),0.841359 (0.760500 + 0.080859),0.834257 (0.753300 + 0.080957),0.850194 (0.769500 + 0.080694),0.832005 (0.751500 + 0.080506),0.831057 (0.750600 + 0.080457),0.855528 (0.774900 + 0.080628),0.845842 (0.765000 + 0.080842),0.845278 (0.765000 + 0.080278),0.844223 (0.763200 + 0.081023),0.857110 (0.775800 + 0.081310),0.835415 (0.755100 + 0.080315),0.844763 (0.764100 + 0.080663),0.852814 (0.772200 + 0.080614),0.845273 (0.765000 + 0.080273),0.843620 (0.763200 + 0.080420),0.849521 (0.769500 + 0.080021),0.834198 (0.753300 + 0.080898),0.843069 (0.762300 + 0.080770),0.845613 (0.765000 + 0.080613),0.851507 (0.770400 + 0.081107),0.849471 (0.768600 + 0.080871),0.843651 (0.763200 + 0.080451),0.850654 (0.770400 + 0.080254),0.838465 (0.757800 + 0.080665),0.855605 (0.774900 + 0.080705),0.841221 (0.760500 + 0.080721),0.857435 (0.776700 + 0.080735),0.841236 (0.760500 + 0.080736),0.852704 (0.772200 + 0.080504),0.846030 (0.765000 + 0.081030),0.853862 (0.773100 + 0.080762),0.841258 (0.760500 + 0.080758),0.841869 (0.761400 + 0.080469)
28,0.860247 (0.779400 + 0.080847),0.845683 (0.765000 + 0.080683),0.853277 (0.773100 + 0.080177),0.852814 (0.772200 + 0.080614),0.849327 (0.768600 + 0.080727),0.846547 (0.765900 + 0.080647),0.853680 (0.773100 + 0.080580),0.838943 (0.757800 + 0.081143),0.851760 (0.771300 + 0.080460),0.855528 (0.774900 + 0.080628),0.838872 (0.758700 + 0.080172),0.841941 (0.762300 + 0.079641),0.844544 (0.764100 + 0.080444),0.834041 (0.753300 + 0.080741),0.848158 (0.767700 + 0.080459),0.849347 (0.768600 + 0.080747),0.843895 (0.763200 + 0.080695),0.831165 (0.750600 + 0.080565),0.842541 (0.761400 + 0.081141),0.843892 (0.763200 + 0.080692),0.842584 (0.761400 + 0.081184),0.849533 (0.768600 + 0.080933),0.842507 (0.762300 + 0.080207),0.847278 (0.765900 + 0.081378),0.833798 (0.753300 + 0.080498),0.844084 (0.764100 + 0.079984),0.847593 (0.766800 + 0.080793),0.841190 (0.760500 + 0.080690),0.850040 (0.769500 + 0.080540),0.852814 (0.772200 + 0.080614),0.852704 (0.772200 + 0.080504),0.844633 (0.764100 + 0.080533),0.852157 (0.771300 + 0.080857),0.847006 (0.765900 + 0.081106),0.842602 (0.762300 + 0.080302),0.860501 (0.780300 + 0.080201),0.838489 (0.757800 + 0.080689),0.845505 (0.765000 + 0.080505),0.851232 (0.770400 + 0.080832),0.840953 (0.760500 + 0.080453),0.842354 (0.762300 + 0.080054),0.841755 (0.761400 + 0.080355),0.856393 (0.774900 + 0.081493),0.855685 (0.774900 + 0.080785),0.850413 (0.769500 + 0.080913),0.859182 (0.778500 + 0.080683),0.840574 (0.760500 + 0.080074),0.852750 (0.772200 + 0.080550),0.841921 (0.761400 + 0.080521),0.844555 (0.764100 + 0.080455)
29,0.860501 (0.780300 + 0.080201),0.855565 (0.774900 + 0.080665),0.849290 (0.768600 + 0.080690),0.849347 (0.768600 + 0.080747),0.844555 (0.764100 + 0.080455),0.844537 (0.764100 + 0.080437),0.847116 (0.766800 + 0.080316),0.844331 (0.763200 + 0.081131),0.850401 (0.769500 + 0.080901),0.844413 (0.764100 + 0.080313),0.841334 (0.760500 + 0.080834),0.846010 (0.765900 + 0.080110),0.847583 (0.766800 + 0.080783),0.844992 (0.764100 + 0.080892),0.846148 (0.765900 + 0.080248),0.839841 (0.759600 + 0.080241),0.850124 (0.769500 + 0.080624),0.846092 (0.765900 + 0.080192),0.841447 (0.760500 + 0.080947),0.836305 (0.756000 + 0.080305),0.858004 (0.777600 + 0.080404),0.841911 (0.760500 + 0.081411),0.849288 (0.768600 + 0.080688),0.848158 (0.767700 + 0.080459),0.846547 (0.765900 + 0.080647),0.848995 (0.768600 + 0.080395),0.839166 (0.758700 + 0.080466),0.850170 (0.769500 + 0.080670),0.848929 (0.768600 + 0.080330),0.842975 (0.762300 + 0.080676),0.851239 (0.770400 + 0.080839),0.838573 (0.758700 + 0.079873),0.845971 (0.765000 + 0.080971),0.845748 (0.765000 + 0.080748),0.840788 (0.759600 + 0.081188),0.852203 (0.771300 + 0.080903),0.848668 (0.768600 + 0.080068),0.849016 (0.768600 + 0.080416),0.836759 (0.756900 + 0.079859),0.853277 (0.773100 + 0.080177),0.839168 (0.758700 + 0.080468),0.850040 (0.769500 + 0.080540),0.842507 (0.762300 + 0.080207),0.844733 (0.763200 + 0.081533),0.857834 (0.777600 + 0.080234),0.860247 (0.779400 + 0.080847),0.845505 (0.765000 + 0.080505),0.853616 (0.773100 + 0.080516),0.847263 (0.766800 + 0.080463),0.858235 (0.777600 + 0.080635)
30,0.860501 (0.780300 + 0.080201),0.845781 (0.765900 + 0.079881),0.853012 (0.772200 + 0.080812),0.857834 (0.777600 + 0.080234),0.857834 (0.777600 + 0.080234),0.848659 (0.767700 + 0.080959),0.849267 (0.768600 + 0.080667),0.848938 (0.768600 + 0.080338),0.847154 (0.766800 + 0.080354),0.849993 (0.768600 + 0.081393),0.842323 (0.761400 + 0.080923),0.853277 (0.773100 + 0.080177),0.846782 (0.766800 + 0.079982),0.845746 (0.765000 + 0.080745),0.850254 (0.769500 + 0.080754),0.833188 (0.753300 + 0.079888),0.841438 (0.760500 + 0.080938),0.845230 (0.765000 + 0.080230),0.848010 (0.767700 + 0.080310),0.851781 (0.771300 + 0.080481),0.833911 (0.753300 + 0.080611),0.843153 (0.762300 + 0.080853),0.842101 (0.762300 + 0.079801),0.837386 (0.756900 + 0.080486),0.845759 (0.765000 + 0.080759),0.856036 (0.775800 + 0.080236),0.846975 (0.766800 + 0.080175),0.856813 (0.776700 + 0.080113),0.852111 (0.771300 + 0.080811),0.844967 (0.764100 + 0.080867),0.837673 (0.756900 + 0.080773),0.832356 (0.752400 + 0.079956),0.853001 (0.772200 + 0.080801),0.846359 (0.765900 + 0.080459),0.837342 (0.756900 + 0.080442),0.838147 (0.757800 + 0.080347),0.845273 (0.764100 + 0.081173),0.837945 (0.757800 + 0.080145),0.859490 (0.779400 + 0.080090),0.845177 (0.765000 + 0.080177),0.846060 (0.765900 + 0.080160),0.854929 (0.774000 + 0.080929),0.861102 (0.780300 + 0.080802),0.846148 (0.765900 + 0.080248),0.844537 (0.764100 + 0.080437),0.858235 (0.777600 + 0.080635),0.839812 (0.759600 + 0.080212),0.844713 (0.764100 + 0.080613),0.844378 (0.764100 + 0.080278),0.861609 (0.782100 + 0.079509)
31,0.861609 (0.782100 + 0.079509),0.838998 (0.758700 + 0.080298),0.845068 (0.765000 + 0.080068),0.849347 (0.769500 + 0.079847),0.853638 (0.774000 + 0.079638),0.841481 (0.760500 + 0.080981),0.835858 (0.755100 + 0.080758),0.846717 (0.766800 + 0.079917),0.848938 (0.768600 + 0.080338),0.849878 (0.769500 + 0.080378),0.856208 (0.775800 + 0.080408),0.848317 (0.767700 + 0.080617),0.832920 (0.752400 + 0.080520),0.858244 (0.777600 + 0.080644),0.845605 (0.765000 + 0.080605),0.849521 (0.769500 + 0.080020),0.846290 (0.765900 + 0.080390),0.856132 (0.775800 + 0.080332),0.834941 (0.755100 + 0.079841),0.849483 (0.768600 + 0.080883),0.847080 (0.766800 + 0.080280),0.857525 (0.776700 + 0.080825),0.843058 (0.762300 + 0.080758),0.830968 (0.750600 + 0.080368),0.845648 (0.765000 + 0.080648),0.853001 (0.772200 + 0.080801),0.834009 (0.754200 + 0.079809),0.840821 (0.760500 + 0.080321),0.839904 (0.759600 + 0.080304),0.852639 (0.772200 + 0.080439),0.844420 (0.764100 + 0.080320),0.850274 (0.770400 + 0.079874),0.845517 (0.765900 + 0.079617),0.848010 (0.767700 + 0.080310),0.829726 (0.749700 + 0.080026),0.840658 (0.760500 + 0.080158),0.847143 (0.765900 + 0.081243),0.839661 (0.759600 + 0.080061),0.846198 (0.765900 + 0.080298),0.843671 (0.764100 + 0.079571),0.834849 (0.755100 + 0.079749),0.847889 (0.766800 + 0.081089),0.842822 (0.762300 + 0.080522),0.840742 (0.760500 + 0.080242),0.826401 (0.747000 + 0.079401),0.861102 (0.780300 + 0.080802),0.857834 (0.777600 + 0.080234),0.838368 (0.757800 + 0.080568),0.852791 (0.772200 + 0.080591),0.859488 (0.778500 + 0.080988)
32,0.861609 (0.782100 + 0.079509),0.840338 (0.760500 + 0.079838),0.858410 (0.778500 + 0.079910),0.832847 (0.753300 + 0.079547),0.838398 (0.757800 + 0.080598),0.843642 (0.763200 + 0.080442),0.848598 (0.767700 + 0.080898),0.861866 (0.781200 + 0.080666),0.845875 (0.765900 + 0.079975),0.848176 (0.767700 + 0.080476),0.846891 (0.766800 + 0.080091),0.853638 (0.774000 + 0.079638),0.853001 (0.772200 + 0.080801),0.847563 (0.766800 + 0.080763),0.845916 (0.765900 + 0.080016),0.854945 (0.774000 + 0.080945),0.837690 (0.757800 + 0.079890),0.859488 (0.778500 + 0.080988),0.859488 (0.778500 + 0.080988),0.856749 (0.776700 + 0.080049),0.852395 (0.771300 + 0.081095),0.853540 (0.773100 + 0.080440),0.843127 (0.762300 + 0.080827),0.861609 (0.782100 + 0.079509),0.858244 (0.777600 + 0.080644),0.846336 (0.766800 + 0.079536),0.850282 (0.770400 + 0.079882),0.847342 (0.766800 + 0.080542),0.843173 (0.762300 + 0.080873),0.853638 (0.774000 + 0.079638),0.849878 (0.769500 + 0.080378),0.845966 (0.765900 + 0.080066),0.841062 (0.760500 + 0.080562),0.846498 (0.765900 + 0.080598),0.833825 (0.753300 + 0.080525),0.849014 (0.768600 + 0.080414),0.839370 (0.758700 + 0.080670),0.857093 (0.776700 + 0.080393),0.843777 (0.763200 + 0.080577),0.852770 (0.773100 + 0.079670),0.837548 (0.756900 + 0.080648),0.832352 (0.752400 + 0.079952),0.840829 (0.760500 + 0.080329),0.835584 (0.756000 + 0.079584),0.836019 (0.756000 + 0.080019),0.851704 (0.772200 + 0.079504),0.846620 (0.765900 + 0.080720),0.842169 (0.762300 + 0.079869),0.833512 (0.753300 + 0.080212),0.848938 (0.768600 + 0.080338)
33,0.861866 (0.781200 + 0.080666),0.842477 (0.762300 + 0.080177),0.859605 (0.778500 + 0.081105),0.858574 (0.777600 + 0.080974),0.848060 (0.768600 + 0.079460),0.835944 (0.756000 + 0.079944),0.846393 (0.765900 + 0.080493),0.848958 (0.768600 + 0.080358),0.854122 (0.774000 + 0.080122),0.853638 (0.774000 + 0.079638),0.861609 (0.782100 + 0.079509),0.861609 (0.782100 + 0.079509),0.846498 (0.765900 + 0.080598),0.858405 (0.777600 + 0.080805),0.852150 (0.771300 + 0.080850),0.845026 (0.765000 + 0.080026),0.856599 (0.776700 + 0.079899),0.830219 (0.749700 + 0.080519),0.845689 (0.765000 + 0.080689),0.840231 (0.759600 + 0.080631),0.854437 (0.774900 + 0.079537),0.839925 (0.760500 + 0.079425),0.850282 (0.770400 + 0.079882),0.859488 (0.778500 + 0.080988),0.836456 (0.756000 + 0.080456),0.837168 (0.756900 + 0.080267),0.852521 (0.772200 + 0.080321),0.842607 (0.762300 + 0.080307),0.852299 (0.772200 + 0.080099),0.836615 (0.756000 + 0.080615),0.849253 (0.768600 + 0.080653),0.846860 (0.765900 + 0.080959),0.856243 (0.775800 + 0.080443),0.858410 (0.778500 + 0.079910),0.853638 (0.774000 + 0.079638),0.850282 (0.770400 + 0.079882),0.837588 (0.757800 + 0.079788),0.839091 (0.758700 + 0.080391),0.848948 (0.768600 + 0.080348),0.846032 (0.765000 + 0.081032),0.846335 (0.765900 + 0.080435),0.847462 (0.767700 + 0.079762),0.855211 (0.775800 + 0.079411),0.853663 (0.773100 + 0.080563),0.850294 (0.770400 + 0.079894),0.843940 (0.763200 + 0.080740),0.842288 (0.761400 + 0.080888),0.847159 (0.766800 + 0.080359),0.836794 (0.756000 + 0.080794),0.841841 (0.762300 + 0.079541)
34,0.861866 (0.781200 + 0.080666),0.842301 (0.761400 + 0.080901),0.853786 (0.773100 + 0.080686),0.837939 (0.758700 + 0.079239),0.842205 (0.761400 + 0.080805),0.851025 (0.770400 + 0.080625),0.835567 (0.755100 + 0.080467),0.854692 (0.774900 + 0.079792),0.852071 (0.771300 + 0.080771),0.846625 (0.765900 + 0.080725),0.849439 (0.769500 + 0.079939),0.857013 (0.776700 + 0.080313),0.850588 (0.770400 + 0.080188),0.838170 (0.757800 + 0.080370),0.853190 (0.773100 + 0.080090),0.855359 (0.774900 + 0.080459),0.847462 (0.767700 + 0.079762),0.861609 (0.782100 + 0.079509),0.850282 (0.770400 + 0.079882),0.859269 (0.778500 + 0.080769),0.859488 (0.778500 + 0.080988),0.844948 (0.764100 + 0.080848),0.847841 (0.767700 + 0.080141),0.845653 (0.765900 + 0.079753),0.847757 (0.767700 + 0.080057),0.859520 (0.778500 + 0.081020),0.853259 (0.772200 + 0.081059),0.847158 (0.766800 + 0.080358),0.861849 (0.780300 + 0.081549),0.843478 (0.762300 + 0.081178),0.853954 (0.774000 + 0.079954),0.839740 (0.758700 + 0.081041),0.836778 (0.756900 + 0.079878),0.844997 (0.765000 + 0.079997),0.845958 (0.766800 + 0.079158),0.842798 (0.763200 + 0.079598),0.856599 (0.776700 + 0.079899),0.858327 (0.778500 + 0.079827),0.847179 (0.767700 + 0.079479),0.844507 (0.764100 + 0.080407),0.849206 (0.769500 + 0.079706),0.854598 (0.774000 + 0.080598),0.850282 (0.770400 + 0.079882),0.852995 (0.773100 + 0.079895),0.850515 (0.770400 + 0.080115),0.849228 (0.769500 + 0.079728),0.854475 (0.774900 + 0.079575),0.841499 (0.761400 + 0.080099),0.846455 (0.765900 + 0.080555),0.837446 (0.756900 + 0.080546)
35,0.861866 (0.781200 + 0.080666),0.845918 (0.765000 + 0.080918),0.850583 (0.770400 + 0.080183),0.854436 (0.774000 + 0.080436),0.853317 (0.773100 + 0.080217),0.842487 (0.761400 + 0.081087),0.854692 (0.774900 + 0.079792),0.847588 (0.766800 + 0.080788),0.839436 (0.758700 + 0.080736),0.850049 (0.770400 + 0.079649),0.842800 (0.763200 + 0.079600),0.852679 (0.772200 + 0.080479),0.851238 (0.771300 + 0.079938),0.858733 (0.778500 + 0.080233),0.845625 (0.765000 + 0.080625),0.861866 (0.781200 + 0.080666),0.848491 (0.767700 + 0.080791),0.858812 (0.779400 + 0.079412),0.845864 (0.765900 + 0.079964),0.848557 (0.768600 + 0.079957),0.848877 (0.768600 + 0.080277),0.849236 (0.769500 + 0.079736),0.849427 (0.768600 + 0.080827),0.847824 (0.767700 + 0.080124),0.853061 (0.773100 + 0.079961),0.852879 (0.772200 + 0.080679),0.845234 (0.765900 + 0.079334),0.859520 (0.778500 + 0.081020),0.858327 (0.778500 + 0.079827),0.849613 (0.769500 + 0.080113),0.856549 (0.775800 + 0.080749),0.849534 (0.769500 + 0.080034),0.848711 (0.768600 + 0.080111),0.855487 (0.774000 + 0.081487),0.852654 (0.773100 + 0.079554),0.852071 (0.771300 + 0.080771),0.845653 (0.765900 + 0.079753),0.853764 (0.773100 + 0.080664),0.852618 (0.772200 + 0.080418),0.842127 (0.762300 + 0.079827),0.848962 (0.768600 + 0.080362),0.846076 (0.765900 + 0.080176),0.851404 (0.771300 + 0.080104),0.848725 (0.768600 + 0.080125),0.839695 (0.759600 + 0.080095),0.853432 (0.773100 + 0.080332),0.857674 (0.777600 + 0.080074),0.838456 (0.758700 + 0.079756),0.845888 (0.765000 + 0.080888),0.850001 (0.770400 + 0.079601)
36,0.861866 (0.781200 + 0.080666),0.847488 (0.766800 + 0.080688),0.845710 (0.765900 + 0.079810),0.846777 (0.766800 + 0.079977),0.843477 (0.763200 + 0.080277),0.842599 (0.761400 + 0.081199),0.854570 (0.774900 + 0.079670),0.861866 (0.781200 + 0.080666),0.852071 (0.771300 + 0.080771),0.852045 (0.771300 + 0.080745),0.849196 (0.768600 + 0.080596),0.859813 (0.779400 + 0.080413),0.845187 (0.765900 + 0.079287),0.848974 (0.769500 + 0.079474),0.845331 (0.765000 + 0.080331),0.854667 (0.774900 + 0.079768),0.845563 (0.765900 + 0.079663),0.855487 (0.774000 + 0.081487),0.847212 (0.767700 + 0.079512),0.855487 (0.774000 + 0.081487),0.848725 (0.768600 + 0.080125),0.861866 (0.781200 + 0.080666),0.861866 (0.781200 + 0.080666),0.858812 (0.779400 + 0.079412),0.851404 (0.771300 + 0.080104),0.845773 (0.765000 + 0.080773),0.849518 (0.769500 + 0.080018),0.857964 (0.777600 + 0.080364),0.845468 (0.765900 + 0.079568),0.851862 (0.772200 + 0.079662),0.835963 (0.756000 + 0.079963),0.842173 (0.762300 + 0.079873),0.855487 (0.774000 + 0.081487),0.858215 (0.777600 + 0.080615),0.850001 (0.770400 + 0.079601),0.857381 (0.776700 + 0.080681),0.850718 (0.770400 + 0.080318),0.859991 (0.779400 + 0.080591),0.844447 (0.764100 + 0.080347),0.860549 (0.779400 + 0.081149),0.844600 (0.764100 + 0.080500),0.832083 (0.752400 + 0.079683),0.860533 (0.780300 + 0.080233),0.843646 (0.763200 + 0.080446),0.851559 (0.771300 + 0.080259),0.858812 (0.779400 + 0.079412),0.854436 (0.774000 + 0.080436),0.851951 (0.770400 + 0.081551),0.851946 (0.771300 + 0.080646),0.846435 (0.765900 + 0.080535)
37,0.861866 (0.781200 + 0.080666),0.852112 (0.771300 + 0.080812),0.853679 (0.774000 + 0.079679),0.850250 (0.770400 + 0.079851),0.852280 (0.772200 + 0.080080),0.848074 (0.767700 + 0.080374),0.850731 (0.770400 + 0.080331),0.848580 (0.768600 + 0.079980),0.844710 (0.763200 + 0.081510),0.861866 (0.781200 + 0.080666),0.855215 (0.774900 + 0.080315),0.859813 (0.779400 + 0.080413),0.858812 (0.779400 + 0.079412),0.852676 (0.773100 + 0.079576),0.848374 (0.767700 + 0.080674),0.843399 (0.763200 + 0.080199),0.843718 (0.762300 + 0.081418),0.851685 (0.771300 + 0.080385),0.832459 (0.752400 + 0.080059),0.844648 (0.764100 + 0.080548),0.861858 (0.781200 + 0.080658),0.844588 (0.764100 + 0.080488),0.852807 (0.772200 + 0.080607),0.843043 (0.762300 + 0.080743),0.855524 (0.775800 + 0.079724),0.851954 (0.771300 + 0.080654),0.838332 (0.758700 + 0.079632),0.855356 (0.774900 + 0.080456),0.857526 (0.776700 + 0.080826),0.848896 (0.768600 + 0.080296),0.852522 (0.772200 + 0.080322),0.845613 (0.765900 + 0.079713),0.854436 (0.774000 + 0.080436),0.849291 (0.768600 + 0.080691),0.846138 (0.765000 + 0.081138),0.856877 (0.776700 + 0.080177),0.854421 (0.774000 + 0.080421),0.854548 (0.774000 + 0.080548),0.839025 (0.759600 + 0.079425),0.851564 (0.771300 + 0.080264),0.848470 (0.767700 + 0.080770),0.857381 (0.776700 + 0.080681),0.837182 (0.756000 + 0.081182),0.848586 (0.766800 + 0.081786),0.846387 (0.765900 + 0.080487),0.842313 (0.762300 + 0.080013),0.844707 (0.764100 + 0.080607),0.844774 (0.764100 + 0.080674),0.845549 (0.765000 + 0.080549),0.849986 (0.769500 + 0.080486)
38,0.861866 (0.781200 + 0.080666),0.848225 (0.767700 + 0.080525),0.847907 (0.767700 + 0.080207),0.862326 (0.781200 + 0.081126),0.835568 (0.756000 + 0.079568),0.849518 (0.769500 + 0.080018),0.845672 (0.765000 + 0.080672),0.852555 (0.772200 + 0.080355),0.850062 (0.769500 + 0.080562),0.846440 (0.765900 + 0.080541),0.855425 (0.774900 + 0.080525),0.850620 (0.771300 + 0.079320),0.844700 (0.764100 + 0.080600),0.838325 (0.757800 + 0.080525),0.845745 (0.765900 + 0.079845),0.851171 (0.770400 + 0.080771),0.853378 (0.773100 + 0.080278),0.856399 (0.775800 + 0.080599),0.851083 (0.771300 + 0.079783),0.846425 (0.765900 + 0.080525),0.848371 (0.767700 + 0.080671),0.853835 (0.773100 + 0.080735),0.849954 (0.770400 + 0.079554),0.846534 (0.765900 + 0.080634),0.853551 (0.773100 + 0.080451),0.857022 (0.776700 + 0.080322),0.841328 (0.761400 + 0.079928),0.844810 (0.765000 + 0.079810),0.851758 (0.771300 + 0.080458),0.849291 (0.768600 + 0.080691),0.861866 (0.781200 + 0.080666),0.838152 (0.757800 + 0.080353),0.852859 (0.772200 + 0.080659),0.853950 (0.774000 + 0.079950),0.836780 (0.757800 + 0.078980),0.852807 (0.772200 + 0.080607),0.851564 (0.771300 + 0.080264),0.860881 (0.780300 + 0.080582),0.846289 (0.765900 + 0.080389),0.852843 (0.772200 + 0.080643),0.849363 (0.768600 + 0.080763),0.851929 (0.770400 + 0.081529),0.845553 (0.765000 + 0.080553),0.846438 (0.765900 + 0.080538),0.853479 (0.773100 + 0.080379),0.846669 (0.765900 + 0.080769),0.852807 (0.772200 + 0.080607),0.857080 (0.776700 + 0.080380),0.847129 (0.766800 + 0.080329),0.853559 (0.773100 + 0.080459)
39,0.862326 (0.781200 + 0.081126),0.841121 (0.760500 + 0.080621),0.847524 (0.766800 + 0.080724),0.852843 (0.772200 + 0.080643),0.861866 (0.781200 + 0.080666),0.856180 (0.775800 + 0.080380),0.857191 (0.777600 + 0.079591),0.845547 (0.765000 + 0.080547),0.851860 (0.771300 + 0.080560),0.846534 (0.765900 + 0.080634),0.846534 (0.765900 + 0.080634),0.851758 (0.771300 + 0.080458),0.851758 (0.771300 + 0.080458),0.847647 (0.766800 + 0.080847),0.848168 (0.767700 + 0.080468),0.827181 (0.747000 + 0.080181),0.850261 (0.770400 + 0.079861),0.853192 (0.773100 + 0.080092),0.849733 (0.769500 + 0.080233),0.841218 (0.760500 + 0.080718),0.858188 (0.778500 + 0.079688),0.856096 (0.775800 + 0.080296),0.852468 (0.773100 + 0.079368),0.844617 (0.763200 + 0.081417),0.851758 (0.771300 + 0.080458),0.852725 (0.772200 + 0.080525),0.862535 (0.782100 + 0.080435),0.845614 (0.765000 + 0.080614),0.839378 (0.758700 + 0.080678),0.857962 (0.777600 + 0.080363),0.848302 (0.767700 + 0.080602),0.853378 (0.773100 + 0.080278),0.862326 (0.781200 + 0.081126),0.849688 (0.769500 + 0.080188),0.851834 (0.771300 + 0.080534),0.844226 (0.765000 + 0.079226),0.846579 (0.765900 + 0.080679),0.861866 (0.781200 + 0.080666),0.849518 (0.769500 + 0.080018),0.841018 (0.760500 + 0.080518),0.849028 (0.768600 + 0.080428),0.855401 (0.775800 + 0.079601),0.862273 (0.782100 + 0.080173),0.852843 (0.772200 + 0.080643),0.861866 (0.781200 + 0.080666),0.842817 (0.762300 + 0.080517),0.849736 (0.769500 + 0.080236),0.849108 (0.768600 + 0.080508),0.858559 (0.777600 + 0.080959),0.829088 (0.748800 + 0.080288)
40,0.862535 (0.782100 + 0.080435),0.861866 (0.781200 + 0.080666),0.861866 (0.781200 + 0.080666),0.849688 (0.769500 + 0.080188),0.849688 (0.769500 + 0.080188),0.864343 (0.783900 + 0.080443),0.849951 (0.769500 + 0.080451),0.855063 (0.774900 + 0.080163),0.855401 (0.775800 + 0.079601),0.858188 (0.778500 + 0.079688),0.852843 (0.772200 + 0.080643),0.861407 (0.781200 + 0.080207),0.850118 (0.770400 + 0.079718),0.851704 (0.771300 + 0.080404),0.851717 (0.771300 + 0.080417),0.859833 (0.779400 + 0.080434),0.853077 (0.772200 + 0.080877),0.852725 (0.772200 + 0.080525),0.844226 (0.765000 + 0.079226),0.843093 (0.763200 + 0.079893),0.853862 (0.773100 + 0.080762),0.856112 (0.775800 + 0.080312),0.850163 (0.769500 + 0.080663),0.849692 (0.770400 + 0.079292),0.853065 (0.773100 + 0.079965),0.861476 (0.781200 + 0.080276),0.852686 (0.772200 + 0.080486),0.848965 (0.769500 + 0.079465),0.843187 (0.763200 + 0.079987),0.861250 (0.781200 + 0.080050),0.862273 (0.782100 + 0.080173),0.848007 (0.767700 + 0.080307),0.848039 (0.767700 + 0.080339),0.854771 (0.774000 + 0.080771),0.867197 (0.786600 + 0.080596),0.862273 (0.782100 + 0.080173),0.861866 (0.781200 + 0.080666),0.851555 (0.771300 + 0.080256),0.860721 (0.780300 + 0.080421),0.851443 (0.770400 + 0.081043),0.859849 (0.779400 + 0.080449),0.855867 (0.775800 + 0.080067),0.844226 (0.765000 + 0.079226),0.849991 (0.769500 + 0.080491),0.843221 (0.764100 + 0.079121),0.856958 (0.776700 + 0.080258),0.841793 (0.762300 + 0.079493),0.843797 (0.764100 + 0.079697),0.851761 (0.771300 + 0.080461),0.849733 (0.769500 + 0.080233)
41,0.867197 (0.786600 + 0.080596),0.848295 (0.767700 + 0.080595),0.856849 (0.776700 + 0.080150),0.834593 (0.754200 + 0.080393),0.854476 (0.774000 + 0.080476),0.844073 (0.764100 + 0.079973),0.856872 (0.776700 + 0.080172),0.850546 (0.770400 + 0.080146),0.848983 (0.768600 + 0.080383),0.867197 (0.786600 + 0.080596),0.844796 (0.764100 + 0.080696),0.857735 (0.776700 + 0.081035),0.853383 (0.773100 + 0.080283),0.860721 (0.780300 + 0.080421),0.849038 (0.768600 + 0.080438),0.852955 (0.773100 + 0.079855),0.849904 (0.769500 + 0.080404),0.835712 (0.755100 + 0.080612),0.853204 (0.773100 + 0.080104),0.852395 (0.772200 + 0.080195),0.851621 (0.771300 + 0.080321),0.845312 (0.765000 + 0.080312),0.853541 (0.773100 + 0.080441),0.858221 (0.777600 + 0.080621),0.862558 (0.782100 + 0.080458),0.857932 (0.777600 + 0.080332),0.853400 (0.773100 + 0.080300),0.858831 (0.779400 + 0.079431),0.844481 (0.765000 + 0.079481),0.866328 (0.785700 + 0.080628),0.856204 (0.775800 + 0.080404),0.848343 (0.767700 + 0.080643),0.848608 (0.768600 + 0.080009),0.846243 (0.765900 + 0.080343),0.847032 (0.766800 + 0.080232),0.862102 (0.782100 + 0.080002),0.850742 (0.770400 + 0.080342),0.858188 (0.778500 + 0.079688),0.858188 (0.778500 + 0.079688),0.845334 (0.765000 + 0.080334),0.851531 (0.771300 + 0.080231),0.845669 (0.765000 + 0.080669),0.849371 (0.769500 + 0.079871),0.852507 (0.772200 + 0.080307),0.861866 (0.781200 + 0.080666),0.849451 (0.769500 + 0.079951),0.847777 (0.767700 + 0.080077),0.849872 (0.769500 + 0.080372),0.847788 (0.768600 + 0.079188),0.839278 (0.758700 + 0.080578)
42,0.867197 (0.786600 + 0.080596),0.853541 (0.773100 + 0.080441),0.848983 (0.768600 + 0.080383),0.852483 (0.772200 + 0.080283),0.860145 (0.780300 + 0.079845),0.857137 (0.777600 + 0.079537),0.847934 (0.767700 + 0.080234),0.867197 (0.786600 + 0.080596),0.867197 (0.786600 + 0.080596),0.842505 (0.762300 + 0.080205),0.843435 (0.763200 + 0.080235),0.849768 (0.769500 + 0.080268),0.847182 (0.766800 + 0.080382),0.860035 (0.779400 + 0.080635),0.850173 (0.769500 + 0.080673),0.853217 (0.773100 + 0.080117),0.849239 (0.769500 + 0.079739),0.857735 (0.776700 + 0.081035),0.847032 (0.766800 + 0.080232),0.851531 (0.771300 + 0.080231),0.847903 (0.767700 + 0.080203),0.841371 (0.761400 + 0.079971),0.850431 (0.770400 + 0.080031),0.839753 (0.759600 + 0.080153),0.851533 (0.771300 + 0.080233),0.860387 (0.780300 + 0.080087),0.849819 (0.769500 + 0.080319),0.855685 (0.775800 + 0.079885),0.853224 (0.773100 + 0.080124),0.845043 (0.765000 + 0.080043),0.854185 (0.774000 + 0.080185),0.852344 (0.772200 + 0.080144),0.846674 (0.766800 + 0.079874),0.848114 (0.767700 + 0.080414),0.846801 (0.766800 + 0.080001),0.861529 (0.781200 + 0.080329),0.868076 (0.787500 + 0.080576),0.842312 (0.762300 + 0.080012),0.866457 (0.786600 + 0.079857),0.840891 (0.760500 + 0.080391),0.853413 (0.773100 + 0.080313),0.853279 (0.773100 + 0.080179),0.849991 (0.769500 + 0.080491),0.827283 (0.747000 + 0.080283),0.843562 (0.763200 + 0.080362),0.865434 (0.784800 + 0.080634),0.851527 (0.771300 + 0.080227),0.854373 (0.774000 + 0.080373),0.859550 (0.779400 + 0.080150),0.842892 (0.763200 + 0.079692)
43,0.868076 (0.787500 + 0.080576),0.861529 (0.781200 + 0.080329),0.860387 (0.780300 + 0.080087),0.847182 (0.766800 + 0.080382),0.868076 (0.787500 + 0.080576),0.843943 (0.763200 + 0.080743),0.844202 (0.764100 + 0.080102),0.852895 (0.772200 + 0.080695),0.845093 (0.765000 + 0.080093),0.859469 (0.779400 + 0.080069),0.866320 (0.785700 + 0.080620),0.849926 (0.769500 + 0.080426),0.848942 (0.768600 + 0.080342),0.840685 (0.760500 + 0.080185),0.843435 (0.763200 + 0.080235),0.854394 (0.774000 + 0.080394),0.846794 (0.766800 + 0.079994),0.867197 (0.786600 + 0.080596),0.853279 (0.773100 + 0.080179),0.849895 (0.769500 + 0.080395),0.867197 (0.786600 + 0.080596),0.858333 (0.778500 + 0.079833),0.850913 (0.771300 + 0.079613),0.859982 (0.779400 + 0.080582),0.837967 (0.757800 + 0.080167),0.853217 (0.773100 + 0.080117),0.853217 (0.773100 + 0.080117),0.860387 (0.780300 + 0.080087),0.848114 (0.767700 + 0.080414),0.849502 (0.769500 + 0.080002),0.846768 (0.766800 + 0.079968),0.867197 (0.786600 + 0.080596),0.867197 (0.786600 + 0.080596),0.854277 (0.774000 + 0.080277),0.859330 (0.779400 + 0.079930),0.845677 (0.765000 + 0.080677),0.858136 (0.777600 + 0.080536),0.861491 (0.781200 + 0.080291),0.862239 (0.782100 + 0.080139),0.849847 (0.769500 + 0.080347),0.848300 (0.767700 + 0.080600),0.842529 (0.762300 + 0.080229),0.855060 (0.774900 + 0.080161),0.850544 (0.770400 + 0.080144),0.852165 (0.772200 + 0.079965),0.856027 (0.775800 + 0.080227),0.852241 (0.772200 + 0.080041),0.855321 (0.774900 + 0.080421),0.840496 (0.760500 + 0.079996),0.845124 (0.765000 + 0.080124)
44,0.868076 (0.787500 + 0.080576),0.841834 (0.761400 + 0.080434),0.848957 (0.769500 + 0.079457),0.836080 (0.756000 + 0.080080),0.848343 (0.767700 + 0.080643),0.858241 (0.777600 + 0.080641),0.853451 (0.773100 + 0.080351),0.853549 (0.773100 + 0.080449),0.847676 (0.767700 + 0.079976),0.857929 (0.777600 + 0.080329),0.851422 (0.771300 + 0.080122),0.867197 (0.786600 + 0.080596),0.853409 (0.773100 + 0.080309),0.845762 (0.765900 + 0.079862),0.855337 (0.774900 + 0.080437),0.849031 (0.768600 + 0.080431),0.865940 (0.785700 + 0.080240),0.858748 (0.778500 + 0.080248),0.851793 (0.771300 + 0.080493),0.842562 (0.762300 + 0.080262),0.848484 (0.767700 + 0.080784),0.867197 (0.786600 + 0.080596),0.842517 (0.762300 + 0.080217),0.854136 (0.774000 + 0.080136),0.855360 (0.774900 + 0.080460),0.843637 (0.764100 + 0.079538),0.857605 (0.777600 + 0.080005),0.867197 (0.786600 + 0.080596),0.852895 (0.772200 + 0.080695),0.855429 (0.774900 + 0.080529),0.856202 (0.775800 + 0.080402),0.860798 (0.780300 + 0.080498),0.852679 (0.773100 + 0.079579),0.848987 (0.768600 + 0.080387),0.849798 (0.769500 + 0.080298),0.856627 (0.776700 + 0.079928),0.858494 (0.778500 + 0.079994),0.849068 (0.768600 + 0.080468),0.850060 (0.769500 + 0.080560),0.857146 (0.776700 + 0.080446),0.855931 (0.775800 + 0.080131),0.848915 (0.768600 + 0.080315),0.851221 (0.770400 + 0.080821),0.857687 (0.777600 + 0.080087),0.858108 (0.777600 + 0.080508),0.843226 (0.763200 + 0.080026),0.856817 (0.776700 + 0.080117),0.843436 (0.763200 + 0.080236),0.857906 (0.777600 + 0.080306),0.855082 (0.774900 + 0.080182)
45,0.868076 (0.787500 + 0.080576),0.849995 (0.769500 + 0.080495),0.853549 (0.773100 + 0.080449),0.853297 (0.773100 + 0.080197),0.853169 (0.773100 + 0.080069),0.859048 (0.778500 + 0.080548),0.850619 (0.770400 + 0.080219),0.842352 (0.762300 + 0.080052),0.841070 (0.760500 + 0.080570),0.857951 (0.777600 + 0.080351),0.844190 (0.764100 + 0.080091),0.848840 (0.768600 + 0.080241),0.854838 (0.774900 + 0.079938),0.852371 (0.772200 + 0.080171),0.845366 (0.765000 + 0.080366),0.849459 (0.769500 + 0.079959),0.867129 (0.786600 + 0.080529),0.862860 (0.782100 + 0.080760),0.865148 (0.784800 + 0.080348),0.856802 (0.776700 + 0.080102),0.843962 (0.764100 + 0.079862),0.852729 (0.772200 + 0.080529),0.855310 (0.774900 + 0.080410),0.846425 (0.766800 + 0.079625),0.848312 (0.767700 + 0.080612),0.843548 (0.763200 + 0.080348),0.860776 (0.780300 + 0.080476),0.845198 (0.765000 + 0.080198),0.856392 (0.775800 + 0.080592),0.844241 (0.764100 + 0.080141),0.866320 (0.785700 + 0.080620),0.850356 (0.770400 + 0.079956),0.849798 (0.769500 + 0.080298),0.858748 (0.778500 + 0.080248),0.857146 (0.776700 + 0.080446),0.835557 (0.755100 + 0.080457),0.851032 (0.771300 + 0.079732),0.859945 (0.779400 + 0.080545),0.849434 (0.769500 + 0.079934),0.849809 (0.769500 + 0.080309),0.846302 (0.765900 + 0.080402),0.857320 (0.776700 + 0.080620),0.852549 (0.772200 + 0.080349),0.866223 (0.785700 + 0.080523),0.847833 (0.767700 + 0.080133),0.868076 (0.787500 + 0.080576),0.852298 (0.773100 + 0.079198),0.844042 (0.764100 + 0.079943),0.848082 (0.767700 + 0.080382),0.859062 (0.778500 + 0.080562)
46,0.868076 (0.787500 + 0.080576),0.852369 (0.772200 + 0.080169),0.866383 (0.785700 + 0.080683),0.842793 (0.762300 + 0.080493),0.857817 (0.777600 + 0.080217),0.846801 (0.766800 + 0.080001),0.863508 (0.783000 + 0.080508),0.859232 (0.779400 + 0.079832),0.849478 (0.768600 + 0.080878),0.868076 (0.787500 + 0.080576),0.859945 (0.779400 + 0.080545),0.846222 (0.765900 + 0.080322),0.849074 (0.768600 + 0.080474),0.845991 (0.765900 + 0.080091),0.840183 (0.759600 + 0.080583),0.839631 (0.759600 + 0.080031),0.863455 (0.783000 + 0.080455),0.861691 (0.781200 + 0.080491),0.855779 (0.775800 + 0.079979),0.867197 (0.786600 + 0.080596),0.865400 (0.784800 + 0.080600),0.852423 (0.772200 + 0.080223),0.841163 (0.761400 + 0.079763),0.856135 (0.775800 + 0.080335),0.859332 (0.779400 + 0.079932),0.866185 (0.785700 + 0.080485),0.851171 (0.771300 + 0.079871),0.855412 (0.774900 + 0.080512),0.867129 (0.786600 + 0.080529),0.866320 (0.785700 + 0.080620),0.852549 (0.772200 + 0.080349),0.857861 (0.777600 + 0.080261),0.852969 (0.773100 + 0.079869),0.852625 (0.772200 + 0.080425),0.860049 (0.779400 + 0.080649),0.850619 (0.770400 + 0.080219),0.842352 (0.762300 + 0.080052),0.867197 (0.786600 + 0.080596),0.861939 (0.781200 + 0.080739),0.858067 (0.777600 + 0.080467),0.859988 (0.779400 + 0.080588),0.851809 (0.771300 + 0.080509),0.856053 (0.775800 + 0.080253),0.844449 (0.764100 + 0.080349),0.849181 (0.768600 + 0.080581),0.851817 (0.771300 + 0.080517),0.841286 (0.761400 + 0.079886),0.849454 (0.769500 + 0.079954),0.865128 (0.784800 + 0.080328),0.849867 (0.770400 + 0.079467)
47,0.868076 (0.787500 + 0.080576),0.849255 (0.768600 + 0.080655),0.854481 (0.774000 + 0.080481),0.867129 (0.786600 + 0.080529),0.859332 (0.779400 + 0.079932),0.857126 (0.776700 + 0.080426),0.852549 (0.772200 + 0.080349),0.851704 (0.771300 + 0.080404),0.853492 (0.773100 + 0.080392),0.868076 (0.787500 + 0.080576),0.852741 (0.772200 + 0.080542),0.850775 (0.770400 + 0.080375),0.851341 (0.771300 + 0.080041),0.852779 (0.773100 + 0.079679),0.846520 (0.765900 + 0.080620),0.859332 (0.779400 + 0.079932),0.852549 (0.772200 + 0.080349),0.852812 (0.772200 + 0.080612),0.868036 (0.787500 + 0.080536),0.868084 (0.787500 + 0.080584),0.865499 (0.784800 + 0.080699),0.866320 (0.785700 + 0.080620),0.867197 (0.786600 + 0.080596),0.854277 (0.774000 + 0.080277),0.857011 (0.776700 + 0.080311),0.840092 (0.759600 + 0.080493),0.861664 (0.781200 + 0.080464),0.836792 (0.756900 + 0.079892),0.866211 (0.785700 + 0.080510),0.868076 (0.787500 + 0.080576),0.857022 (0.776700 + 0.080322),0.850089 (0.769500 + 0.080589),0.856535 (0.775800 + 0.080735),0.858819 (0.778500 + 0.080319),0.851805 (0.771300 + 0.080505),0.858884 (0.778500 + 0.080384),0.844741 (0.764100 + 0.080641),0.856114 (0.775800 + 0.080314),0.841600 (0.761400 + 0.080200),0.860500 (0.781200 + 0.079300),0.865322 (0.784800 + 0.080522),0.858656 (0.778500 + 0.080156),0.850964 (0.770400 + 0.080564),0.853937 (0.774000 + 0.079937),0.863493 (0.783000 + 0.080493),0.861640 (0.781200 + 0.080440),0.849131 (0.768600 + 0.080531),0.840746 (0.760500 + 0.080246),0.837403 (0.756900 + 0.080503),0.842852 (0.762300 + 0.080552)
48,0.868084 (0.787500 + 0.080584),0.854627 (0.774000 + 0.080627),0.858996 (0.778500 + 0.080496),0.851479 (0.771300 + 0.080179),0.858086 (0.777600 + 0.080486),0.842011 (0.761400 + 0.080611),0.858998 (0.778500 + 0.080498),0.860972 (0.780300 + 0.080672),0.844635 (0.764100 + 0.080535),0.853937 (0.774000 + 0.079937),0.853937 (0.774000 + 0.079937),0.868076 (0.787500 + 0.080576),0.859332 (0.779400 + 0.079932),0.865163 (0.784800 + 0.080363),0.852757 (0.772200 + 0.080557),0.848299 (0.767700 + 0.080599),0.842709 (0.762300 + 0.080410),0.847288 (0.766800 + 0.080488),0.851821 (0.771300 + 0.080521),0.856447 (0.775800 + 0.080647),0.863438 (0.783000 + 0.080438),0.868076 (0.787500 + 0.080576),0.866320 (0.785700 + 0.080620),0.854462 (0.774000 + 0.080462),0.856420 (0.775800 + 0.080620),0.847906 (0.767700 + 0.080206),0.857474 (0.777600 + 0.079874),0.858793 (0.778500 + 0.080293),0.859955 (0.779400 + 0.080555),0.853098 (0.773100 + 0.079998),0.856420 (0.776700 + 0.079720),0.840600 (0.760500 + 0.080100),0.848251 (0.767700 + 0.080551),0.848960 (0.768600 + 0.080360),0.858236 (0.777600 + 0.080636),0.868076 (0.787500 + 0.080576),0.848669 (0.768600 + 0.080069),0.853917 (0.774000 + 0.079917),0.861945 (0.782100 + 0.079845),0.850780 (0.770400 + 0.080380),0.862285 (0.782100 + 0.080185),0.848049 (0.767700 + 0.080349),0.865262 (0.784800 + 0.080462),0.868084 (0.787500 + 0.080584),0.868076 (0.787500 + 0.080576),0.859140 (0.778500 + 0.080640),0.843658 (0.763200 + 0.080458),0.853291 (0.773100 + 0.080191),0.867129 (0.786600 + 0.080529),0.847395 (0.766800 + 0.080595)
49,0.868084 (0.787500 + 0.080584),0.861638 (0.781200 + 0.080438),0.841540 (0.761400 + 0.080140),0.867129 (0.786600 + 0.080529),0.868076 (0.787500 + 0.080576),0.856447 (0.775800 + 0.080647),0.854627 (0.774000 + 0.080627),0.845498 (0.765900 + 0.079598),0.859941 (0.779400 + 0.080541),0.856121 (0.775800 + 0.080321),0.854304 (0.774000 + 0.080304),0.853630 (0.773100 + 0.080530),0.855086 (0.774900 + 0.080186),0.865288 (0.784800 + 0.080488),0.859651 (0.779400 + 0.080251),0.859988 (0.779400 + 0.080588),0.856441 (0.775800 + 0.080641),0.847325 (0.766800 + 0.080525),0.866320 (0.785700 + 0.080620),0.857230 (0.776700 + 0.080530),0.856242 (0.775800 + 0.080442),0.838868 (0.758700 + 0.080168),0.857569 (0.776700 + 0.080869),0.852805 (0.772200 + 0.080605),0.846734 (0.766800 + 0.079934),0.868076 (0.787500 + 0.080576),0.847308 (0.766800 + 0.080508),0.854975 (0.774900 + 0.080075),0.850702 (0.770400 + 0.080302),0.851821 (0.771300 + 0.080521),0.850098 (0.769500 + 0.080597),0.846209 (0.765900 + 0.080309),0.868076 (0.787500 + 0.080576),0.863438 (0.783000 + 0.080438),0.845718 (0.765000 + 0.080718),0.865226 (0.784800 + 0.080426),0.853247 (0.773100 + 0.080147),0.852638 (0.772200 + 0.080438),0.860972 (0.780300 + 0.080672),0.852595 (0.772200 + 0.080395),0.854979 (0.774900 + 0.080079),0.855228 (0.774900 + 0.080328),0.857479 (0.777600 + 0.079879),0.853052 (0.772200 + 0.080852),0.841386 (0.761400 + 0.079986),0.856117 (0.775800 + 0.080317),0.854978 (0.774900 + 0.080078),0.855032 (0.774900 + 0.080132),0.861899 (0.782100 + 0.079799),0.864566 (0.783900 + 0.080666)
50,0.868084 (0.787500 + 0.080584),0.867129 (0.786600 + 0.080529),0.845628 (0.765900 + 0.079728),0.859941 (0.779400 + 0.080541),0.868084 (0.787500 + 0.080584),0.851623 (0.771300 + 0.080323),0.866320 (0.785700 + 0.080620),0.850501 (0.770400 + 0.080101),0.851548 (0.771300 + 0.080248),0.856596 (0.776700 + 0.079896),0.847482 (0.766800 + 0.080682),0.853074 (0.773100 + 0.079974),0.862498 (0.782100 + 0.080398),0.858089 (0.777600 + 0.080489),0.861790 (0.781200 + 0.080590),0.850893 (0.770400 + 0.080493),0.850053 (0.769500 + 0.080553),0.849945 (0.769500 + 0.080445),0.846938 (0.766800 + 0.080138),0.858313 (0.777600 + 0.080713),0.848077 (0.767700 + 0.080377),0.856280 (0.775800 + 0.080480),0.854390 (0.774000 + 0.080390),0.851271 (0.771300 + 0.079971),0.858082 (0.777600 + 0.080482),0.847807 (0.767700 + 0.080107),0.861723 (0.781200 + 0.080523),0.865226 (0.784800 + 0.080426),0.845498 (0.765900 + 0.079598),0.858834 (0.778500 + 0.080334),0.857230 (0.776700 + 0.080530),0.846775 (0.766800 + 0.079975),0.859869 (0.779400 + 0.080469),0.865236 (0.784800 + 0.080436),0.846724 (0.766800 + 0.079924),0.853514 (0.773100 + 0.080414),0.862520 (0.782100 + 0.080420),0.859941 (0.779400 + 0.080541),0.850702 (0.770400 + 0.080302),0.865262 (0.784800 + 0.080462),0.867197 (0.786600 + 0.080596),0.860280 (0.780300 + 0.079980),0.850493 (0.770400 + 0.080093),0.851766 (0.771300 + 0.080466),0.859651 (0.779400 + 0.080251),0.856210 (0.775800 + 0.080410),0.854643 (0.774000 + 0.080643),0.855060 (0.774900 + 0.080160),0.843260 (0.763200 + 0.080060),0.854350 (0.774000 + 0.080350)
51,0.868084 (0.787500 + 0.080584),0.849487 (0.769500 + 0.079987),0.862609 (0.782100 + 0.080509),0.848985 (0.768600 + 0.080385),0.859984 (0.779400 + 0.080584),0.848462 (0.768600 + 0.079862),0.857057 (0.776700 + 0.080357),0.846405 (0.765900 + 0.080505),0.853569 (0.773100 + 0.080469),0.859869 (0.779400 + 0.080469),0.840833 (0.760500 + 0.080333),0.852573 (0.772200 + 0.080373),0.855308 (0.774900 + 0.080408),0.841832 (0.761400 + 0.080432),0.855420 (0.774900 + 0.080520),0.865252 (0.784800 + 0.080452),0.851614 (0.771300 + 0.080314),0.870639 (0.790200 + 0.080439),0.850964 (0.770400 + 0.080564),0.852639 (0.772200 + 0.080439),0.855829 (0.775800 + 0.080029),0.865273 (0.784800 + 0.080473),0.858970 (0.778500 + 0.080470),0.858790 (0.778500 + 0.080290),0.865514 (0.784800 + 0.080714),0.848498 (0.768600 + 0.079899),0.845278 (0.765000 + 0.080278),0.841750 (0.761400 + 0.080350),0.850501 (0.770400 + 0.080101),0.846218 (0.765900 + 0.080318),0.848857 (0.768600 + 0.080257),0.848640 (0.767700 + 0.080940),0.855430 (0.774900 + 0.080530),0.854329 (0.774000 + 0.080329),0.857237 (0.776700 + 0.080537),0.865374 (0.784800 + 0.080574),0.851506 (0.771300 + 0.080206),0.853920 (0.773100 + 0.080820),0.862108 (0.782100 + 0.080008),0.852748 (0.772200 + 0.080548),0.851706 (0.771300 + 0.080406),0.860772 (0.780300 + 0.080472),0.853603 (0.773100 + 0.080503),0.851695 (0.772200 + 0.079495),0.851926 (0.771300 + 0.080626),0.852456 (0.772200 + 0.080256),0.851791 (0.771300 + 0.080491),0.868818 (0.788400 + 0.080418),0.855103 (0.774900 + 0.080203),0.856281 (0.775800 + 0.080481)
52,0.870639 (0.790200 + 0.080439),0.870639 (0.790200 + 0.080439),0.852573 (0.772200 + 0.080373),0.851706 (0.771300 + 0.080406),0.841750 (0.761400 + 0.080350),0.851636 (0.771300 + 0.080336),0.859934 (0.779400 + 0.080534),0.845763 (0.765900 + 0.079863),0.858943 (0.778500 + 0.080443),0.852404 (0.772200 + 0.080204),0.853903 (0.774000 + 0.079903),0.855365 (0.774900 + 0.080465),0.853423 (0.773100 + 0.080323),0.864315 (0.783900 + 0.080415),0.853633 (0.773100 + 0.080533),0.861521 (0.781200 + 0.080321),0.855466 (0.774900 + 0.080566),0.867716 (0.787500 + 0.080216),0.855868 (0.775800 + 0.080068),0.860284 (0.780300 + 0.079984),0.851553 (0.771300 + 0.080253),0.853633 (0.773100 + 0.080533),0.847093 (0.766800 + 0.080293),0.862108 (0.782100 + 0.080008),0.852456 (0.772200 + 0.080256),0.846954 (0.766800 + 0.080154),0.860572 (0.780300 + 0.080272),0.849127 (0.768600 + 0.080527),0.855232 (0.774900 + 0.080332),0.850064 (0.769500 + 0.080564),0.867129 (0.786600 + 0.080529),0.850048 (0.769500 + 0.080548),0.865273 (0.784800 + 0.080473),0.847457 (0.766800 + 0.080657),0.860746 (0.780300 + 0.080446),0.851264 (0.771300 + 0.079964),0.866267 (0.785700 + 0.080567),0.861438 (0.781200 + 0.080238),0.852433 (0.772200 + 0.080233),0.861522 (0.781200 + 0.080322),0.865100 (0.784800 + 0.080300),0.864371 (0.783900 + 0.080471),0.849921 (0.769500 + 0.080421),0.841917 (0.761400 + 0.080517),0.863418 (0.783000 + 0.080418),0.855352 (0.774900 + 0.080453),0.859009 (0.778500 + 0.080509),0.850118 (0.769500 + 0.080618),0.858934 (0.778500 + 0.080434),0.858790 (0.778500 + 0.080290)
53,0.870639 (0.790200 + 0.080439),0.855868 (0.775800 + 0.080068),0.853382 (0.773100 + 0.080282),0.858988 (0.778500 + 0.080488),0.859802 (0.779400 + 0.080402),0.839038 (0.758700 + 0.080338),0.862440 (0.782100 + 0.080340),0.856638 (0.776700 + 0.079938),0.852726 (0.772200 + 0.080526),0.850418 (0.770400 + 0.080018),0.860696 (0.780300 + 0.080396),0.863026 (0.783000 + 0.080026),0.845214 (0.765000 + 0.080214),0.854499 (0.774000 + 0.080499),0.851636 (0.771300 + 0.080336),0.859633 (0.779400 + 0.080233),0.845002 (0.765000 + 0.080002),0.863416 (0.783000 + 0.080416),0.858990 (0.778500 + 0.080490),0.864371 (0.783900 + 0.080471),0.864371 (0.783900 + 0.080471),0.859010 (0.778500 + 0.080510),0.858848 (0.778500 + 0.080348),0.852737 (0.772200 + 0.080537),0.869391 (0.789300 + 0.080091),0.870639 (0.790200 + 0.080439),0.865273 (0.784800 + 0.080473),0.863308 (0.783000 + 0.080308),0.857077 (0.776700 + 0.080377),0.860746 (0.780300 + 0.080446),0.848873 (0.768600 + 0.080273),0.856141 (0.775800 + 0.080341),0.850663 (0.770400 + 0.080263),0.856134 (0.775800 + 0.080334),0.859905 (0.779400 + 0.080505),0.851636 (0.771300 + 0.080336),0.836215 (0.756000 + 0.080215),0.849885 (0.769500 + 0.080385),0.851726 (0.772200 + 0.079526),0.865273 (0.784800 + 0.080473),0.849297 (0.769500 + 0.079797),0.858956 (0.778500 + 0.080456),0.859869 (0.779400 + 0.080469),0.858984 (0.778500 + 0.080484),0.865553 (0.785700 + 0.079853),0.845891 (0.765900 + 0.079991),0.855379 (0.774900 + 0.080479),0.841923 (0.761400 + 0.080523),0.860332 (0.780300 + 0.080032),0.857669 (0.777600 + 0.080069)
54,0.870639 (0.790200 + 0.080439),0.846711 (0.766800 + 0.079911),0.851619 (0.771300 + 0.080319),0.847090 (0.766800 + 0.080290),0.849194 (0.769500 + 0.079694),0.860696 (0.780300 + 0.080396),0.860332 (0.780300 + 0.080032),0.873088 (0.792900 + 0.080188),0.847702 (0.767700 + 0.080002),0.845672 (0.765000 + 0.080672),0.850222 (0.770400 + 0.079822),0.868034 (0.787500 + 0.080534),0.863456 (0.783000 + 0.080456),0.858992 (0.778500 + 0.080492),0.865227 (0.784800 + 0.080427),0.862266 (0.782100 + 0.080166),0.858633 (0.778500 + 0.080133),0.856305 (0.775800 + 0.080505),0.855472 (0.775800 + 0.079672),0.870639 (0.790200 + 0.080439),0.865273 (0.784800 + 0.080473),0.860749 (0.780300 + 0.080449),0.861505 (0.781200 + 0.080305),0.858848 (0.778500 + 0.080348),0.855822 (0.775800 + 0.080022),0.852010 (0.772200 + 0.079810),0.855109 (0.774900 + 0.080209),0.854617 (0.774900 + 0.079717),0.871257 (0.791100 + 0.080157),0.851853 (0.771300 + 0.080553),0.861903 (0.781200 + 0.080703),0.860777 (0.780300 + 0.080477),0.859743 (0.779400 + 0.080343),0.860708 (0.780300 + 0.080408),0.853550 (0.773100 + 0.080450),0.841728 (0.761400 + 0.080328),0.864416 (0.783900 + 0.080516),0.863026 (0.783000 + 0.080026),0.859010 (0.778500 + 0.080510),0.857871 (0.777600 + 0.080271),0.856340 (0.775800 + 0.080540),0.853072 (0.773100 + 0.079972),0.860409 (0.780300 + 0.080109),0.867030 (0.786600 + 0.080430),0.859751 (0.779400 + 0.080351),0.855131 (0.774900 + 0.080231),0.861439 (0.781200 + 0.080239),0.859803 (0.779400 + 0.080403),0.848112 (0.767700 + 0.080412),0.858987 (0.778500 + 0.080487)
55,0.873088 (0.792900 + 0.080188),0.843763 (0.763200 + 0.080563),0.849747 (0.769500 + 0.080247),0.860519 (0.780300 + 0.080219),0.853919 (0.774000 + 0.079919),0.848229 (0.767700 + 0.080529),0.863051 (0.783000 + 0.080051),0.862266 (0.782100 + 0.080166),0.859803 (0.779400 + 0.080403),0.857214 (0.776700 + 0.080514),0.842766 (0.762300 + 0.080466),0.865227 (0.784800 + 0.080427),0.863308 (0.783000 + 0.080308),0.846384 (0.765900 + 0.080484),0.867098 (0.786600 + 0.080498),0.874860 (0.794700 + 0.080160),0.851899 (0.772200 + 0.079699),0.870639 (0.790200 + 0.080439),0.870639 (0.790200 + 0.080439),0.858834 (0.778500 + 0.080334),0.844451 (0.764100 + 0.080351),0.865297 (0.784800 + 0.080497),0.860474 (0.780300 + 0.080174),0.850812 (0.770400 + 0.080412),0.853298 (0.773100 + 0.080198),0.851633 (0.771300 + 0.080334),0.861655 (0.781200 + 0.080455),0.863300 (0.783000 + 0.080300),0.859470 (0.779400 + 0.080070),0.860657 (0.780300 + 0.080357),0.846686 (0.765900 + 0.080786),0.860777 (0.780300 + 0.080477),0.845648 (0.765000 + 0.080648),0.870639 (0.790200 + 0.080439),0.865273 (0.784800 + 0.080473),0.856305 (0.775800 + 0.080505),0.855131 (0.774900 + 0.080231),0.847999 (0.767700 + 0.080299),0.869869 (0.789300 + 0.080569),0.851002 (0.770400 + 0.080602),0.859751 (0.779400 + 0.080351),0.848069 (0.767700 + 0.080370),0.855283 (0.774900 + 0.080383),0.855291 (0.774900 + 0.080391),0.857602 (0.777600 + 0.080002),0.844279 (0.764100 + 0.080180),0.852781 (0.772200 + 0.080581),0.853347 (0.773100 + 0.080247),0.853606 (0.774000 + 0.079606),0.852160 (0.772200 + 0.079960)
56,0.874860 (0.794700 + 0.080160),0.864402 (0.783900 + 0.080502),0.864206 (0.783900 + 0.080306),0.859803 (0.779400 + 0.080403),0.856305 (0.775800 + 0.080505),0.874180 (0.793800 + 0.080380),0.854506 (0.774000 + 0.080506),0.858605 (0.778500 + 0.080105),0.864157 (0.783900 + 0.080257),0.857540 (0.777600 + 0.079940),0.848262 (0.768600 + 0.079663),0.850866 (0.770400 + 0.080466),0.839120 (0.758700 + 0.080420),0.843704 (0.763200 + 0.080504),0.855240 (0.774900 + 0.080341),0.845959 (0.765900 + 0.080059),0.873171 (0.792900 + 0.080271),0.865227 (0.784800 + 0.080427),0.854411 (0.774000 + 0.080411),0.833039 (0.753300 + 0.079738),0.859005 (0.778500 + 0.080505),0.864358 (0.783900 + 0.080458),0.874338 (0.793800 + 0.080538),0.875210 (0.794700 + 0.080511),0.872532 (0.792000 + 0.080532),0.862441 (0.782100 + 0.080341),0.865396 (0.784800 + 0.080596),0.874196 (0.793800 + 0.080396),0.859751 (0.779400 + 0.080351),0.859332 (0.779400 + 0.079932),0.860244 (0.780300 + 0.079944),0.866504 (0.786600 + 0.079904),0.849013 (0.768600 + 0.080413),0.863136 (0.783000 + 0.080136),0.861521 (0.781200 + 0.080321),0.856318 (0.775800 + 0.080518),0.872488 (0.792000 + 0.080488),0.861521 (0.781200 + 0.080321),0.849052 (0.768600 + 0.080453),0.855300 (0.774900 + 0.080400),0.856885 (0.776700 + 0.080185),0.846907 (0.766800 + 0.080107),0.865004 (0.784800 + 0.080205),0.854475 (0.774000 + 0.080475),0.843477 (0.763200 + 0.080277),0.854436 (0.774000 + 0.080436),0.849245 (0.768600 + 0.080645),0.865196 (0.784800 + 0.080396),0.845871 (0.765900 + 0.079971),0.853378 (0.773100 + 0.080278)
57,0.875210 (0.794700 + 0.080511),0.869706 (0.789300 + 0.080406),0.853441 (0.773100 + 0.080341),0.868862 (0.788400 + 0.080462),0.857810 (0.777600 + 0.080210),0.864376 (0.783900 + 0.080476),0.866179 (0.785700 + 0.080479),0.860271 (0.780300 + 0.079971),0.848768 (0.768600 + 0.080168),0.842031 (0.762300 + 0.079731),0.874308 (0.793800 + 0.080508),0.842400 (0.762300 + 0.080100),0.847114 (0.766800 + 0.080314),0.852517 (0.772200 + 0.080317),0.859000 (0.778500 + 0.080500),0.857953 (0.777600 + 0.080353),0.858648 (0.778500 + 0.080148),0.857172 (0.776700 + 0.080472),0.859865 (0.779400 + 0.080465),0.854440 (0.774000 + 0.080440),0.850727 (0.770400 + 0.080327),0.868923 (0.788400 + 0.080523),0.851619 (0.771300 + 0.080320),0.874860 (0.794700 + 0.080160),0.865196 (0.784800 + 0.080396),0.845447 (0.765000 + 0.080447),0.859489 (0.779400 + 0.080089),0.857020 (0.776700 + 0.080320),0.861648 (0.781200 + 0.080448),0.875208 (0.794700 + 0.080508),0.858801 (0.778500 + 0.080301),0.848680 (0.768600 + 0.080080),0.858173 (0.777600 + 0.080573),0.854200 (0.774000 + 0.080200),0.858738 (0.778500 + 0.080238),0.859599 (0.779400 + 0.080199),0.853943 (0.773100 + 0.080843),0.870626 (0.790200 + 0.080426),0.872502 (0.792000 + 0.080502),0.860747 (0.780300 + 0.080447),0.849971 (0.769500 + 0.080471),0.867030 (0.786600 + 0.080430),0.856054 (0.775800 + 0.080254),0.860244 (0.780300 + 0.079944),0.859063 (0.779400 + 0.079663),0.853485 (0.773100 + 0.080385),0.865227 (0.784800 + 0.080427),0.867047 (0.786600 + 0.080447),0.855187 (0.774900 + 0.080287),0.859081 (0.778500 + 0.080581)
58,0.875210 (0.794700 + 0.080511),0.865255 (0.784800 + 0.080455),0.866194 (0.785700 + 0.080494),0.846814 (0.766800 + 0.080014),0.856244 (0.775800 + 0.080444),0.854331 (0.774000 + 0.080331),0.844526 (0.764100 + 0.080426),0.856255 (0.775800 + 0.080455),0.863568 (0.783000 + 0.080568),0.868045 (0.787500 + 0.080545),0.872419 (0.792000 + 0.080419),0.850317 (0.770400 + 0.079917),0.865068 (0.784800 + 0.080268),0.874037 (0.793800 + 0.080237),0.860764 (0.780300 + 0.080464),0.855051 (0.774900 + 0.080151),0.866179 (0.785700 + 0.080479),0.859746 (0.779400 + 0.080346),0.855637 (0.774900 + 0.080737),0.870626 (0.790200 + 0.080426),0.860244 (0.780300 + 0.079944),0.856965 (0.776700 + 0.080265),0.871584 (0.791100 + 0.080484),0.848998 (0.768600 + 0.080398),0.862422 (0.782100 + 0.080322),0.851587 (0.771300 + 0.080287),0.862497 (0.782100 + 0.080397),0.852219 (0.772200 + 0.080019),0.867033 (0.786600 + 0.080433),0.853007 (0.773100 + 0.079907),0.854898 (0.774900 + 0.079998),0.867996 (0.787500 + 0.080496),0.857269 (0.776700 + 0.080569),0.845127 (0.765000 + 0.080127),0.874967 (0.794700 + 0.080267),0.853170 (0.773100 + 0.080070),0.858976 (0.778500 + 0.080476),0.840801 (0.760500 + 0.080301),0.855189 (0.774900 + 0.080289),0.856066 (0.775800 + 0.080266),0.852931 (0.772200 + 0.080731),0.840464 (0.760500 + 0.079964),0.864387 (0.783900 + 0.080487),0.855298 (0.774900 + 0.080398),0.869660 (0.789300 + 0.080360),0.842447 (0.762300 + 0.080147),0.866140 (0.785700 + 0.080440),0.874000 (0.793800 + 0.080200),0.866086 (0.785700 + 0.080386),0.862736 (0.782100 + 0.080636)
59,0.875210 (0.794700 + 0.080511),0.855011 (0.774900 + 0.080111),0.862167 (0.782100 + 0.080067),0.859236 (0.779400 + 0.079836),0.866140 (0.785700 + 0.080440),0.866140 (0.785700 + 0.080440),0.864387 (0.783900 + 0.080487),0.853082 (0.773100 + 0.079982),0.866196 (0.785700 + 0.080496),0.868878 (0.788400 + 0.080478),0.854096 (0.774000 + 0.080096),0.856409 (0.775800 + 0.080609),0.865273 (0.784800 + 0.080473),0.849833 (0.769500 + 0.080333),0.854340 (0.774000 + 0.080340),0.871362 (0.791100 + 0.080262),0.874196 (0.793800 + 0.080396),0.873162 (0.792900 + 0.080262),0.845873 (0.765900 + 0.079973),0.847813 (0.767700 + 0.080113),0.845100 (0.765000 + 0.080100),0.870626 (0.790200 + 0.080426),0.865255 (0.784800 + 0.080455),0.857875 (0.777600 + 0.080275),0.856848 (0.776700 + 0.080148),0.858937 (0.778500 + 0.080437),0.865255 (0.784800 + 0.080455),0.867843 (0.787500 + 0.080343),0.847857 (0.767700 + 0.080157),0.853484 (0.773100 + 0.080384),0.863294 (0.783000 + 0.080294),0.859778 (0.779400 + 0.080378),0.854268 (0.774000 + 0.080268),0.855318 (0.774900 + 0.080418),0.874182 (0.793800 + 0.080382),0.860742 (0.780300 + 0.080442),0.866086 (0.785700 + 0.080386),0.844985 (0.765000 + 0.079985),0.859591 (0.779400 + 0.080191),0.855260 (0.774900 + 0.080361),0.842102 (0.761400 + 0.080702),0.858842 (0.778500 + 0.080342),0.851699 (0.771300 + 0.080399),0.848046 (0.767700 + 0.080346),0.860685 (0.780300 + 0.080385),0.875820 (0.795600 + 0.080220),0.863414 (0.783000 + 0.080414),0.863879 (0.783900 + 0.079979),0.869686 (0.789300 + 0.080386),0.852798 (0.772200 + 0.080598)
60,0.875820 (0.795600 + 0.080220),0.862620 (0.782100 + 0.080520),0.855798 (0.775800 + 0.079998),0.843282 (0.763200 + 0.080082),0.863537 (0.783000 + 0.080537),0.858825 (0.778500 + 0.080325),0.857758 (0.777600 + 0.080158),0.855872 (0.775800 + 0.080072),0.861596 (0.781200 + 0.080396),0.859942 (0.780300 + 0.079642),0.859236 (0.779400 + 0.079836),0.863460 (0.783000 + 0.080461),0.856178 (0.775800 + 0.080378),0.858789 (0.778500 + 0.080289),0.866877 (0.786600 + 0.080277),0.868825 (0.788400 + 0.080425),0.876126 (0.795600 + 0.080526),0.858128 (0.777600 + 0.080528),0.863106 (0.783000 + 0.080106),0.874037 (0.793800 + 0.080237),0.863050 (0.783000 + 0.080050),0.854533 (0.774000 + 0.080533),0.849059 (0.768600 + 0.080459),0.860641 (0.780300 + 0.080341),0.867130 (0.786600 + 0.080530),0.856793 (0.776700 + 0.080093),0.854304 (0.774000 + 0.080304),0.874037 (0.793800 + 0.080237),0.863050 (0.783000 + 0.080050),0.853302 (0.773100 + 0.080202),0.853341 (0.773100 + 0.080241),0.855318 (0.774900 + 0.080418),0.850680 (0.770400 + 0.080280),0.866845 (0.786600 + 0.080245),0.861284 (0.781200 + 0.080084),0.854361 (0.774000 + 0.080361),0.851268 (0.771300 + 0.079968),0.855837 (0.775800 + 0.080037),0.857921 (0.777600 + 0.080321),0.849532 (0.769500 + 0.080032),0.858142 (0.777600 + 0.080542),0.871362 (0.791100 + 0.080262),0.858937 (0.778500 + 0.080437),0.865244 (0.784800 + 0.080444),0.852661 (0.772200 + 0.080461),0.860012 (0.780300 + 0.079712),0.867843 (0.787500 + 0.080343),0.859749 (0.779400 + 0.080349),0.862167 (0.782100 + 0.080067),0.868705 (0.788400 + 0.080305)
61,0.876126 (0.795600 + 0.080526),0.871362 (0.791100 + 0.080262),0.868705 (0.788400 + 0.080305),0.865306 (0.784800 + 0.080506),0.849230 (0.769500 + 0.079730),0.855585 (0.775800 + 0.079785),0.864289 (0.783900 + 0.080389),0.845905 (0.765900 + 0.080005),0.876897 (0.796500 + 0.080397),0.851601 (0.771300 + 0.080301),0.862653 (0.782100 + 0.080553),0.858691 (0.778500 + 0.080191),0.848816 (0.768600 + 0.080216),0.852917 (0.773100 + 0.079817),0.865921 (0.785700 + 0.080221),0.870636 (0.790200 + 0.080436),0.849792 (0.769500 + 0.080292),0.859688 (0.779400 + 0.080288),0.873905 (0.793800 + 0.080105),0.863204 (0.783000 + 0.080204),0.862264 (0.782100 + 0.080164),0.864361 (0.783900 + 0.080461),0.867912 (0.787500 + 0.080412),0.851360 (0.771300 + 0.080060),0.866661 (0.786600 + 0.080061),0.848738 (0.768600 + 0.080138),0.844230 (0.764100 + 0.080130),0.863537 (0.783000 + 0.080537),0.858937 (0.778500 + 0.080437),0.847121 (0.766800 + 0.080321),0.851339 (0.771300 + 0.080039),0.866845 (0.786600 + 0.080245),0.868705 (0.788400 + 0.080305),0.860588 (0.780300 + 0.080288),0.853818 (0.774000 + 0.079818),0.855195 (0.774900 + 0.080295),0.867130 (0.786600 + 0.080530),0.859725 (0.779400 + 0.080325),0.847558 (0.767700 + 0.079858),0.871362 (0.791100 + 0.080262),0.866845 (0.786600 + 0.080245),0.858787 (0.778500 + 0.080287),0.855080 (0.774900 + 0.080180),0.865070 (0.784800 + 0.080270),0.859594 (0.779400 + 0.080194),0.857022 (0.776700 + 0.080322),0.867599 (0.787500 + 0.080099),0.864003 (0.783900 + 0.080103),0.849715 (0.769500 + 0.080215),0.847564 (0.767700 + 0.079864)
62,0.876897 (0.796500 + 0.080397),0.854167 (0.774000 + 0.080167),0.858761 (0.778500 + 0.080261),0.858652 (0.778500 + 0.080153),0.857204 (0.776700 + 0.080504),0.864249 (0.783900 + 0.080349),0.854130 (0.774000 + 0.080130),0.846995 (0.766800 + 0.080195),0.860324 (0.780300 + 0.080024),0.858791 (0.778500 + 0.080291),0.859499 (0.779400 + 0.080099),0.858715 (0.778500 + 0.080215),0.867372 (0.787500 + 0.079872),0.864970 (0.784800 + 0.080170),0.858870 (0.778500 + 0.080370),0.860613 (0.780300 + 0.080313),0.867128 (0.786600 + 0.080528),0.877787 (0.797400 + 0.080387),0.864908 (0.784800 + 0.080108),0.854816 (0.774900 + 0.079917),0.851947 (0.772200 + 0.079747),0.859610 (0.779400 + 0.080210),0.861704 (0.781200 + 0.080505),0.862382 (0.782100 + 0.080282),0.855138 (0.774900 + 0.080238),0.871362 (0.791100 + 0.080262),0.852479 (0.772200 + 0.080279),0.872320 (0.792000 + 0.080320),0.852313 (0.772200 + 0.080113),0.866943 (0.786600 + 0.080343),0.859452 (0.779400 + 0.080052),0.850876 (0.770400 + 0.080476),0.850804 (0.770400 + 0.080404),0.848999 (0.768600 + 0.080399),0.876082 (0.795600 + 0.080482),0.866834 (0.786600 + 0.080234),0.859712 (0.779400 + 0.080312),0.843281 (0.763200 + 0.080081),0.863395 (0.783000 + 0.080395),0.865111 (0.784800 + 0.080311),0.869735 (0.789300 + 0.080435),0.858098 (0.777600 + 0.080498),0.857779 (0.777600 + 0.080179),0.863211 (0.783000 + 0.080211),0.845599 (0.765900 + 0.079699),0.871362 (0.791100 + 0.080262),0.851464 (0.771300 + 0.080164),0.859511 (0.779400 + 0.080111),0.851311 (0.771300 + 0.080011),0.851631 (0.771300 + 0.080331)
63,0.877787 (0.797400 + 0.080387),0.865991 (0.785700 + 0.080291),0.854407 (0.774000 + 0.080407),0.869735 (0.789300 + 0.080435),0.852910 (0.773100 + 0.079810),0.857780 (0.777600 + 0.080180),0.862330 (0.782100 + 0.080230),0.858537 (0.778500 + 0.080038),0.868090 (0.787500 + 0.080590),0.853310 (0.773100 + 0.080210),0.853061 (0.773100 + 0.079961),0.857151 (0.776700 + 0.080451),0.850767 (0.770400 + 0.080367),0.859738 (0.779400 + 0.080338),0.859030 (0.778500 + 0.080530),0.853647 (0.773100 + 0.080547),0.872246 (0.792000 + 0.080246),0.865035 (0.784800 + 0.080235),0.859299 (0.779400 + 0.079899),0.867372 (0.787500 + 0.079872),0.864908 (0.784800 + 0.080108),0.860171 (0.780300 + 0.079872),0.859780 (0.779400 + 0.080380),0.861537 (0.781200 + 0.080337),0.868771 (0.788400 + 0.080371),0.841581 (0.761400 + 0.080181),0.858090 (0.777600 + 0.080490),0.867751 (0.787500 + 0.080251),0.867441 (0.787500 + 0.079941),0.859649 (0.779400 + 0.080249),0.851439 (0.771300 + 0.080139),0.862370 (0.782100 + 0.080270),0.868705 (0.788400 + 0.080305),0.850453 (0.770400 + 0.080053),0.871319 (0.791100 + 0.080219),0.850650 (0.770400 + 0.080250),0.862884 (0.783000 + 0.079884),0.852251 (0.772200 + 0.080051),0.859702 (0.779400 + 0.080302),0.856016 (0.775800 + 0.080216),0.874107 (0.793800 + 0.080307),0.850223 (0.770400 + 0.079823),0.860677 (0.780300 + 0.080377),0.843383 (0.763200 + 0.080183),0.858652 (0.778500 + 0.080153),0.863211 (0.783000 + 0.080211),0.872320 (0.792000 + 0.080320),0.853021 (0.773100 + 0.079921),0.849552 (0.769500 + 0.080052),0.853032 (0.773100 + 0.079932)
64,0.877787 (0.797400 + 0.080387),0.858869 (0.778500 + 0.080369),0.853545 (0.773100 + 0.080445),0.859553 (0.779400 + 0.080153),0.854127 (0.774000 + 0.080127),0.860558 (0.780300 + 0.080259),0.861529 (0.781200 + 0.080329),0.871276 (0.791100 + 0.080176),0.848857 (0.768600 + 0.080257),0.871333 (0.791100 + 0.080234),0.868525 (0.788400 + 0.080125),0.853303 (0.773100 + 0.080203),0.854226 (0.774000 + 0.080226),0.862317 (0.782100 + 0.080217),0.864890 (0.784800 + 0.080090),0.859587 (0.779400 + 0.080187),0.858613 (0.778500 + 0.080113),0.846084 (0.765900 + 0.080184),0.860197 (0.780300 + 0.079898),0.852411 (0.772200 + 0.080211),0.856979 (0.776700 + 0.080279),0.852410 (0.772200 + 0.080210),0.865816 (0.785700 + 0.080116),0.855089 (0.774900 + 0.080189),0.856855 (0.776700 + 0.080155),0.860485 (0.780300 + 0.080185),0.847135 (0.766800 + 0.080335),0.867751 (0.787500 + 0.080251),0.841934 (0.762300 + 0.079634),0.871205 (0.791100 + 0.080105),0.873504 (0.792900 + 0.080604),0.865171 (0.784800 + 0.080371),0.845105 (0.765000 + 0.080105),0.866947 (0.786600 + 0.080347),0.857370 (0.777600 + 0.079770),0.867736 (0.787500 + 0.080236),0.867854 (0.787500 + 0.080354),0.853369 (0.773100 + 0.080268),0.869603 (0.789300 + 0.080303),0.850307 (0.770400 + 0.079907),0.854407 (0.774000 + 0.080407),0.853066 (0.773100 + 0.079966),0.868090 (0.787500 + 0.080590),0.853147 (0.773100 + 0.080047),0.859730 (0.779400 + 0.080330),0.867796 (0.787500 + 0.080296),0.875820 (0.795600 + 0.080220),0.865035 (0.784800 + 0.080235),0.862884 (0.783000 + 0.079884),0.857403 (0.776700 + 0.080703)
65,0.877787 (0.797400 + 0.080387),0.847639 (0.767700 + 0.079939),0.854890 (0.774900 + 0.079990),0.860210 (0.780300 + 0.079910),0.845101 (0.765000 + 0.080101),0.862208 (0.782100 + 0.080108),0.853225 (0.773100 + 0.080125),0.858022 (0.777600 + 0.080422),0.850384 (0.770400 + 0.079984),0.861529 (0.781200 + 0.080329),0.859553 (0.779400 + 0.080153),0.858887 (0.778500 + 0.080387),0.854026 (0.774000 + 0.080026),0.865963 (0.785700 + 0.080263),0.866080 (0.785700 + 0.080380),0.871205 (0.791100 + 0.080105),0.850374 (0.770400 + 0.079974),0.857817 (0.777600 + 0.080217),0.857894 (0.777600 + 0.080294),0.876928 (0.796500 + 0.080428),0.862429 (0.782100 + 0.080329),0.865935 (0.785700 + 0.080235),0.864923 (0.784800 + 0.080124),0.853146 (0.773100 + 0.080046),0.852470 (0.772200 + 0.080270),0.864897 (0.784800 + 0.080097),0.854350 (0.774000 + 0.080350),0.850245 (0.770400 + 0.079845),0.857534 (0.777600 + 0.079934),0.867842 (0.787500 + 0.080342),0.861914 (0.782100 + 0.079814),0.858637 (0.778500 + 0.080137),0.860647 (0.780300 + 0.080347),0.861950 (0.782100 + 0.079850),0.861237 (0.781200 + 0.080037),0.856914 (0.776700 + 0.080214),0.864869 (0.784800 + 0.080070),0.867617 (0.787500 + 0.080117),0.870542 (0.790200 + 0.080342),0.861325 (0.781200 + 0.080125),0.856674 (0.776700 + 0.079974),0.868705 (0.788400 + 0.080305),0.864902 (0.784800 + 0.080102),0.871205 (0.791100 + 0.080105),0.859587 (0.779400 + 0.080187),0.863195 (0.783000 + 0.080195),0.847135 (0.766800 + 0.080335),0.842216 (0.762300 + 0.079916),0.859751 (0.779400 + 0.080351),0.870513 (0.790200 + 0.080313)
66,0.877787 (0.797400 + 0.080387),0.861218 (0.781200 + 0.080018),0.857629 (0.777600 + 0.080029),0.861409 (0.781200 + 0.080209),0.854304 (0.774000 + 0.080304),0.846824 (0.766800 + 0.080024),0.863137 (0.783000 + 0.080137),0.858091 (0.777600 + 0.080491),0.868351 (0.788400 + 0.079951),0.867842 (0.787500 + 0.080342),0.852470 (0.772200 + 0.080270),0.864866 (0.784800 + 0.080066),0.861644 (0.781200 + 0.080444),0.848882 (0.768600 + 0.080282),0.847791 (0.767700 + 0.080091),0.853502 (0.773100 + 0.080402),0.844709 (0.765000 + 0.079709),0.873187 (0.792900 + 0.080287),0.852795 (0.773100 + 0.079695),0.854669 (0.774900 + 0.079769),0.854017 (0.774000 + 0.080017),0.863147 (0.783000 + 0.080147),0.859504 (0.779400 + 0.080104),0.855853 (0.775800 + 0.080053),0.862144 (0.782100 + 0.080044),0.871277 (0.791100 + 0.080177),0.860376 (0.780300 + 0.080076),0.866667 (0.786600 + 0.080067),0.859901 (0.779400 + 0.080501),0.862356 (0.782100 + 0.080256),0.876928 (0.796500 + 0.080428),0.846856 (0.766800 + 0.080056),0.855579 (0.775800 + 0.079779),0.856829 (0.776700 + 0.080129),0.862085 (0.782100 + 0.079985),0.870399 (0.790200 + 0.080199),0.855733 (0.775800 + 0.079933),0.842718 (0.762300 + 0.080418),0.866080 (0.785700 + 0.080380),0.863179 (0.783000 + 0.080179),0.857784 (0.777600 + 0.080184),0.864951 (0.784800 + 0.080151),0.852539 (0.772200 + 0.080339),0.867904 (0.787500 + 0.080404),0.866687 (0.786600 + 0.080087),0.855936 (0.775800 + 0.080136),0.851255 (0.771300 + 0.079955),0.854401 (0.774000 + 0.080401),0.859282 (0.779400 + 0.079882),0.862675 (0.782100 + 0.080575)
67,0.877787 (0.797400 + 0.080387),0.850176 (0.770400 + 0.079776),0.862406 (0.782100 + 0.080305),0.846085 (0.765900 + 0.080185),0.854243 (0.774000 + 0.080243),0.854108 (0.774000 + 0.080108),0.865465 (0.784800 + 0.080665),0.858514 (0.778500 + 0.080014),0.865801 (0.785700 + 0.080101),0.865856 (0.785700 + 0.080156),0.853035 (0.773100 + 0.079935),0.866667 (0.786600 + 0.080067),0.863147 (0.783000 + 0.080147),0.857372 (0.777600 + 0.079772),0.859687 (0.779400 + 0.080287),0.864196 (0.783900 + 0.080296),0.853310 (0.773100 + 0.080210),0.852517 (0.772200 + 0.080317),0.848521 (0.768600 + 0.079921),0.854146 (0.774000 + 0.080146),0.862208 (0.782100 + 0.080108),0.855950 (0.775800 + 0.080150),0.862285 (0.782100 + 0.080185),0.853474 (0.773100 + 0.080374),0.849507 (0.769500 + 0.080007),0.845934 (0.765900 + 0.080034),0.854865 (0.774900 + 0.079965),0.855261 (0.774900 + 0.080361),0.856779 (0.776700 + 0.080079),0.869223 (0.789300 + 0.079923),0.863995 (0.783900 + 0.080095),0.861422 (0.781200 + 0.080222),0.858915 (0.778500 + 0.080415),0.866667 (0.786600 + 0.080067),0.855936 (0.775800 + 0.080136),0.854755 (0.774900 + 0.079855),0.861071 (0.781200 + 0.079871),0.866891 (0.786600 + 0.080291),0.860304 (0.780300 + 0.080004),0.854241 (0.774000 + 0.080241),0.858574 (0.778500 + 0.080074),0.847715 (0.767700 + 0.080015),0.863749 (0.783900 + 0.079849),0.870346 (0.790200 + 0.080146),0.859008 (0.778500 + 0.080508),0.861260 (0.781200 + 0.080060),0.851437 (0.771300 + 0.080137),0.861429 (0.781200 + 0.080230),0.874904 (0.794700 + 0.080204),0.866030 (0.785700 + 0.080330)
68,0.877787 (0.797400 + 0.080387),0.852523 (0.772200 + 0.080323),0.849312 (0.769500 + 0.079812),0.848030 (0.768600 + 0.079430),0.851001 (0.771300 + 0.079701),0.860410 (0.780300 + 0.080110),0.858333 (0.778500 + 0.079833),0.854557 (0.774900 + 0.079657),0.853282 (0.773100 + 0.080182),0.853263 (0.773100 + 0.080163),0.843906 (0.764100 + 0.079806),0.860198 (0.780300 + 0.079898),0.864063 (0.783900 + 0.080163),0.860178 (0.780300 + 0.079878),0.866887 (0.786600 + 0.080287),0.864732 (0.784800 + 0.079932),0.863985 (0.783900 + 0.080085),0.857595 (0.777600 + 0.079995),0.856078 (0.775800 + 0.080278),0.866667 (0.786600 + 0.080067),0.858915 (0.778500 + 0.080415),0.859399 (0.779400 + 0.079999),0.860573 (0.780300 + 0.080273),0.852360 (0.772200 + 0.080160),0.857747 (0.777600 + 0.080147),0.847081 (0.766800 + 0.080281),0.857578 (0.777600 + 0.079978),0.863147 (0.783000 + 0.080147),0.862208 (0.782100 + 0.080108),0.861375 (0.781200 + 0.080175),0.856140 (0.775800 + 0.080340),0.865642 (0.785700 + 0.079942),0.866811 (0.786600 + 0.080211),0.856679 (0.776700 + 0.079979),0.860403 (0.780300 + 0.080103),0.852485 (0.772200 + 0.080285),0.855897 (0.775800 + 0.080097),0.853706 (0.774000 + 0.079706),0.853315 (0.773100 + 0.080215),0.874904 (0.794700 + 0.080204),0.861422 (0.781200 + 0.080222),0.860262 (0.780300 + 0.079962),0.867871 (0.787500 + 0.080371),0.854940 (0.774900 + 0.080040),0.866904 (0.786600 + 0.080304),0.848438 (0.768600 + 0.079838),0.850621 (0.770400 + 0.080221),0.857597 (0.777600 + 0.079997),0.860453 (0.780300 + 0.080153),0.861341 (0.781200 + 0.080141)
69,0.877787 (0.797400 + 0.080387),0.850614 (0.770400 + 0.080214),0.858746 (0.778500 + 0.080246),0.854082 (0.774000 + 0.080082),0.853432 (0.773100 + 0.080332),0.852240 (0.772200 + 0.080040),0.851688 (0.771300 + 0.080388),0.866736 (0.786600 + 0.080136),0.858628 (0.778500 + 0.080128),0.862337 (0.782100 + 0.080237),0.862280 (0.782100 + 0.080180),0.860623 (0.780300 + 0.080323),0.862304 (0.782100 + 0.080204),0.864293 (0.783900 + 0.080393),0.865819 (0.785700 + 0.080119),0.864125 (0.783900 + 0.080225),0.861201 (0.781200 + 0.080001),0.869467 (0.789300 + 0.080167),0.863148 (0.783000 + 0.080148),0.870406 (0.790200 + 0.080206),0.856607 (0.776700 + 0.079907),0.858540 (0.778500 + 0.080040),0.861221 (0.781200 + 0.080021),0.857826 (0.777600 + 0.080226),0.857625 (0.777600 + 0.080025),0.862367 (0.782100 + 0.080267),0.872167 (0.792000 + 0.080167),0.839364 (0.759600 + 0.079764),0.857637 (0.777600 + 0.080037),0.863147 (0.783000 + 0.080147),0.861341 (0.781200 + 0.080141),0.855686 (0.775800 + 0.079886),0.865647 (0.785700 + 0.079947),0.855013 (0.774900 + 0.080113),0.848054 (0.767700 + 0.080354),0.857079 (0.776700 + 0.080379),0.860385 (0.780300 + 0.080085),0.855966 (0.775800 + 0.080166),0.859925 (0.779400 + 0.080525),0.851302 (0.771300 + 0.080002),0.853123 (0.773100 + 0.080023),0.848759 (0.768600 + 0.080159),0.858647 (0.778500 + 0.080147),0.853832 (0.774000 + 0.079832),0.849040 (0.768600 + 0.080440),0.853239 (0.773100 + 0.080139),0.852584 (0.773100 + 0.079484),0.863985 (0.783900 + 0.080085),0.874904 (0.794700 + 0.080204),0.863120 (0.783000 + 0.080120)
70,0.877787 (0.797400 + 0.080387),0.852332 (0.772200 + 0.080132),0.859186 (0.779400 + 0.079786),0.866737 (0.786600 + 0.080137),0.852429 (0.772200 + 0.080229),0.865085 (0.784800 + 0.080285),0.849135 (0.769500 + 0.079635),0.867515 (0.787500 + 0.080015),0.852724 (0.772200 + 0.080524),0.854069 (0.774000 + 0.080069),0.865619 (0.785700 + 0.079919),0.866777 (0.786600 + 0.080177),0.851313 (0.771300 + 0.080013),0.857657 (0.777600 + 0.080057),0.852617 (0.772200 + 0.080417),0.855702 (0.775800 + 0.079902),0.862608 (0.782100 + 0.080508),0.865819 (0.785700 + 0.080119),0.865647 (0.785700 + 0.079947),0.862006 (0.782100 + 0.079906),0.856266 (0.775800 + 0.080466),0.855691 (0.775800 + 0.079891),0.847483 (0.767700 + 0.079783),0.862858 (0.783000 + 0.079858),0.862933 (0.783000 + 0.079933),0.846054 (0.765900 + 0.080154),0.843301 (0.763200 + 0.080101),0.854306 (0.774000 + 0.080306),0.857652 (0.777600 + 0.080052),0.856661 (0.776700 + 0.079961),0.851683 (0.771300 + 0.080383),0.852904 (0.773100 + 0.079804),0.866686 (0.786600 + 0.080086),0.862398 (0.782100 + 0.080298),0.859830 (0.779400 + 0.080430),0.856813 (0.776700 + 0.080113),0.850500 (0.770400 + 0.080100),0.862189 (0.782100 + 0.080089),0.861503 (0.781200 + 0.080303),0.857780 (0.777600 + 0.080180),0.865973 (0.785700 + 0.080273),0.851218 (0.771300 + 0.079918),0.867522 (0.787500 + 0.080022),0.864746 (0.784800 + 0.079946),0.865647 (0.785700 + 0.079947),0.865000 (0.784800 + 0.080200),0.866703 (0.786600 + 0.080103),0.862304 (0.782100 + 0.080204),0.860385 (0.780300 + 0.080085),0.852024 (0.772200 + 0.079824)
71,0.877787 (0.797400 + 0.080387),0.866602 (0.786600 + 0.080002),0.852805 (0.773100 + 0.079705),0.859362 (0.779400 + 0.079962),0.857652 (0.777600 + 0.080052),0.873051 (0.792900 + 0.080151),0.839931 (0.759600 + 0.080331),0.852630 (0.772200 + 0.080430),0.849625 (0.769500 + 0.080125),0.863282 (0.783000 + 0.080282),0.872219 (0.792000 + 0.080219),0.859830 (0.779400 + 0.080430),0.859830 (0.779400 + 0.080430),0.853240 (0.773100 + 0.080140),0.852504 (0.772200 + 0.080304),0.857276 (0.777600 + 0.079676),0.854927 (0.774900 + 0.080027),0.853230 (0.773100 + 0.080130),0.862240 (0.782100 + 0.080140),0.859569 (0.779400 + 0.080169),0.854305 (0.774000 + 0.080305),0.843071 (0.763200 + 0.079871),0.859677 (0.779400 + 0.080277),0.859116 (0.779400 + 0.079716),0.863349 (0.783000 + 0.080349),0.851609 (0.771300 + 0.080309),0.852033 (0.772200 + 0.079833),0.859238 (0.779400 + 0.079838),0.855487 (0.774900 + 0.080587),0.849168 (0.769500 + 0.079668),0.855052 (0.774900 + 0.080152),0.858556 (0.778500 + 0.080056),0.854759 (0.774900 + 0.079859),0.860656 (0.780300 + 0.080356),0.859209 (0.779400 + 0.079809),0.862978 (0.783000 + 0.079978),0.848452 (0.768600 + 0.079852),0.853356 (0.773100 + 0.080256),0.856750 (0.776700 + 0.080050),0.862918 (0.783000 + 0.079918),0.838651 (0.758700 + 0.079951),0.859163 (0.779400 + 0.079763),0.868401 (0.788400 + 0.080001),0.851240 (0.771300 + 0.079940),0.865959 (0.785700 + 0.080259),0.865819 (0.785700 + 0.080119),0.854069 (0.774000 + 0.080069),0.865647 (0.785700 + 0.079947),0.862933 (0.783000 + 0.079933),0.859306 (0.779400 + 0.079906)
72,0.877787 (0.797400 + 0.080387),0.853212 (0.773100 + 0.080112),0.857729 (0.777600 + 0.080129),0.845172 (0.765000 + 0.080172),0.852155 (0.772200 + 0.079955),0.861966 (0.782100 + 0.079866),0.853967 (0.774000 + 0.079967),0.855776 (0.775800 + 0.079976),0.865173 (0.784800 + 0.080373),0.861087 (0.781200 + 0.079888),0.859958 (0.779400 + 0.080558),0.857276 (0.777600 + 0.079676),0.851609 (0.771300 + 0.080309),0.857629 (0.777600 + 0.080029),0.852065 (0.772200 + 0.079865),0.873214 (0.792900 + 0.080314),0.855192 (0.774900 + 0.080292),0.870465 (0.790200 + 0.080265),0.858776 (0.778500 + 0.080276),0.850813 (0.770400 + 0.080413),0.862908 (0.783000 + 0.079908),0.870122 (0.790200 + 0.079922),0.873144 (0.792900 + 0.080244),0.845855 (0.765900 + 0.079955),0.848428 (0.768600 + 0.079829),0.855785 (0.775800 + 0.079985),0.855135 (0.774900 + 0.080235),0.843934 (0.764100 + 0.079834),0.859238 (0.779400 + 0.079838),0.855221 (0.774900 + 0.080321),0.856117 (0.775800 + 0.080317),0.856326 (0.776700 + 0.079626),0.864347 (0.783900 + 0.080447),0.853830 (0.774000 + 0.079830),0.864263 (0.783900 + 0.080363),0.867003 (0.786600 + 0.080403),0.846556 (0.766800 + 0.079756),0.854157 (0.774000 + 0.080157),0.873946 (0.793800 + 0.080146),0.859326 (0.779400 + 0.079926),0.854790 (0.774900 + 0.079890),0.859534 (0.779400 + 0.080134),0.849748 (0.769500 + 0.080248),0.859625 (0.779400 + 0.080225),0.871565 (0.791100 + 0.080465),0.857399 (0.777600 + 0.079799),0.857857 (0.777600 + 0.080257),0.856646 (0.776700 + 0.079946),0.861684 (0.782100 + 0.079584),0.854093 (0.774000 + 0.080093)
73,0.877787 (0.797400 + 0.080387),0.861556 (0.781200 + 0.080356),0.864957 (0.784800 + 0.080157),0.857857 (0.777600 + 0.080257),0.852830 (0.773100 + 0.079730),0.859958 (0.779400 + 0.080558),0.855135 (0.774900 + 0.080235),0.853990 (0.774000 + 0.079990),0.853498 (0.773100 + 0.080398),0.846973 (0.766800 + 0.080173),0.858451 (0.778500 + 0.079951),0.863129 (0.783000 + 0.080129),0.847599 (0.767700 + 0.079899),0.860501 (0.780300 + 0.080201),0.859446 (0.779400 + 0.080046),0.877787 (0.797400 + 0.080387),0.858776 (0.778500 + 0.080276),0.853032 (0.773100 + 0.079932),0.863290 (0.783000 + 0.080290),0.873214 (0.792900 + 0.080314),0.855135 (0.774900 + 0.080235),0.846783 (0.766800 + 0.079983),0.865829 (0.785700 + 0.080129),0.842491 (0.762300 + 0.080191),0.867801 (0.787500 + 0.080301),0.865173 (0.784800 + 0.080373),0.857659 (0.777600 + 0.080059),0.865048 (0.784800 + 0.080248),0.868076 (0.787500 + 0.080576),0.854908 (0.774900 + 0.080008),0.845008 (0.765000 + 0.080008),0.857718 (0.777600 + 0.080118),0.859163 (0.779400 + 0.079763),0.863381 (0.783000 + 0.080381),0.859318 (0.779400 + 0.079918),0.858414 (0.778500 + 0.079914),0.856943 (0.776700 + 0.080243),0.867641 (0.787500 + 0.080141),0.846746 (0.766800 + 0.079946),0.861684 (0.782100 + 0.079584),0.857729 (0.777600 + 0.080129),0.847547 (0.767700 + 0.079847),0.861029 (0.781200 + 0.079829),0.854358 (0.774000 + 0.080358),0.866067 (0.785700 + 0.080366),0.856588 (0.776700 + 0.079889),0.863263 (0.783000 + 0.080263),0.854028 (0.774000 + 0.080028),0.852838 (0.772200 + 0.080638),0.855995 (0.775800 + 0.080195)
74,0.877787 (0.797400 + 0.080387),0.860809 (0.780300 + 0.080509),0.841129 (0.761400 + 0.079729),0.849652 (0.769500 + 0.080152),0.850292 (0.769500 + 0.080792),0.855512 (0.775800 + 0.079712),0.851662 (0.771300 + 0.080362),0.868076 (0.787500 + 0.080576),0.868076 (0.787500 + 0.080576),0.867641 (0.787500 + 0.080141),0.857733 (0.777600 + 0.080133),0.852125 (0.772200 + 0.079925),0.859511 (0.779400 + 0.080111),0.848590 (0.768600 + 0.079990),0.852682 (0.773100 + 0.079582),0.859352 (0.779400 + 0.079952),0.860549 (0.780300 + 0.080249),0.856886 (0.776700 + 0.080186),0.861556 (0.781200 + 0.080356),0.854453 (0.774000 + 0.080453),0.862671 (0.782100 + 0.080571),0.841416 (0.761400 + 0.080016),0.858472 (0.778500 + 0.079972),0.871279 (0.791100 + 0.080179),0.871450 (0.791100 + 0.080350),0.867641 (0.787500 + 0.080141),0.859958 (0.779400 + 0.080558),0.867984 (0.787500 + 0.080484),0.855481 (0.775800 + 0.079681),0.866671 (0.786600 + 0.080071),0.855680 (0.775800 + 0.079880),0.862713 (0.783000 + 0.079713),0.866293 (0.785700 + 0.080593),0.860436 (0.780300 + 0.080136),0.839071 (0.758700 + 0.080371),0.847074 (0.766800 + 0.080274),0.854882 (0.774900 + 0.079983),0.850926 (0.770400 + 0.080526),0.865276 (0.784800 + 0.080476),0.850102 (0.770400 + 0.079702),0.857845 (0.777600 + 0.080245),0.862619 (0.782100 + 0.080519),0.863321 (0.783000 + 0.080321),0.858130 (0.778500 + 0.079630),0.853641 (0.774000 + 0.079641),0.864127 (0.783900 + 0.080227),0.847074 (0.766800 + 0.080274),0.852248 (0.772200 + 0.080048),0.857570 (0.777600 + 0.079970),0.858825 (0.778500 + 0.080325)
75,0.877787 (0.797400 + 0.080387),0.861169 (0.781200 + 0.079969),0.862941 (0.783000 + 0.079941),0.855283 (0.774900 + 0.080383),0.868560 (0.788400 + 0.080160),0.852368 (0.772200 + 0.080168),0.862414 (0.782100 + 0.080314),0.865138 (0.784800 + 0.080338),0.858870 (0.778500 + 0.080370),0.859922 (0.779400 + 0.080522),0.857282 (0.776700 + 0.080582),0.863802 (0.783900 + 0.079902),0.855010 (0.774900 + 0.080110),0.864474 (0.783900 + 0.080574),0.859029 (0.779400 + 0.079629),0.859654 (0.779400 + 0.080254),0.864294 (0.783900 + 0.080394),0.863863 (0.783900 + 0.079963),0.865660 (0.785700 + 0.079960),0.861614 (0.781200 + 0.080414),0.877845 (0.797400 + 0.080445),0.855761 (0.775800 + 0.079961),0.858639 (0.778500 + 0.080139),0.850513 (0.770400 + 0.080113),0.854909 (0.774900 + 0.080009),0.846277 (0.766800 + 0.079477),0.846214 (0.765900 + 0.080314),0.862535 (0.782100 + 0.080435),0.852627 (0.772200 + 0.080427),0.863892 (0.783900 + 0.079992),0.864460 (0.784800 + 0.079660),0.840841 (0.760500 + 0.080341),0.849652 (0.769500 + 0.080152),0.858953 (0.778500 + 0.080453),0.845074 (0.765000 + 0.080074),0.861381 (0.781200 + 0.080181),0.863620 (0.783000 + 0.080620),0.857955 (0.777600 + 0.080355),0.846610 (0.765900 + 0.080710),0.866137 (0.785700 + 0.080437),0.864790 (0.784800 + 0.079990),0.855087 (0.774900 + 0.080187),0.864745 (0.784800 + 0.079945),0.841919 (0.761400 + 0.080519),0.851846 (0.772200 + 0.079646),0.860062 (0.780300 + 0.079762),0.857108 (0.776700 + 0.080408),0.854065 (0.774000 + 0.080065),0.844071 (0.765000 + 0.079071),0.846452 (0.766800 + 0.079652)
76,0.877845 (0.797400 + 0.080445),0.858466 (0.778500 + 0.079966),0.858936 (0.778500 + 0.080436),0.854963 (0.774900 + 0.080063),0.869045 (0.788400 + 0.080645),0.862619 (0.782100 + 0.080519),0.866671 (0.786600 + 0.080071),0.855893 (0.775800 + 0.080093),0.861878 (0.782100 + 0.079778),0.868706 (0.788400 + 0.080306),0.861250 (0.781200 + 0.080050),0.856701 (0.776700 + 0.080001),0.857915 (0.777600 + 0.080315),0.857739 (0.777600 + 0.080139),0.865229 (0.784800 + 0.080429),0.853132 (0.773100 + 0.080032),0.867928 (0.787500 + 0.080428),0.851608 (0.771300 + 0.080308),0.850589 (0.770400 + 0.080189),0.862714 (0.782100 + 0.080614),0.846338 (0.766800 + 0.079538),0.859752 (0.779400 + 0.080352),0.863620 (0.783000 + 0.080620),0.877787 (0.797400 + 0.080387),0.877787 (0.797400 + 0.080387),0.861347 (0.781200 + 0.080147),0.854977 (0.774900 + 0.080077),0.859247 (0.779400 + 0.079847),0.846699 (0.766800 + 0.079899),0.857872 (0.777600 + 0.080272),0.857563 (0.777600 + 0.079963),0.866177 (0.785700 + 0.080477),0.866016 (0.785700 + 0.080316),0.856089 (0.775800 + 0.080289),0.844882 (0.765000 + 0.079882),0.858557 (0.778500 + 0.080057),0.852223 (0.772200 + 0.080023),0.866137 (0.785700 + 0.080437),0.863067 (0.783000 + 0.080067),0.860400 (0.780300 + 0.080100),0.870341 (0.790200 + 0.080141),0.857912 (0.777600 + 0.080312),0.865138 (0.784800 + 0.080338),0.865191 (0.784800 + 0.080391),0.850306 (0.770400 + 0.079906),0.868745 (0.788400 + 0.080345),0.863601 (0.783900 + 0.079701),0.861244 (0.781200 + 0.080044),0.867612 (0.787500 + 0.080112),0.854974 (0.774900 + 0.080074)
77,0.877845 (0.797400 + 0.080445),0.855195 (0.774900 + 0.080295),0.868932 (0.788400 + 0.080532),0.852212 (0.772200 + 0.080012),0.856498 (0.775800 + 0.080698),0.868024 (0.787500 + 0.080524),0.857233 (0.776700 + 0.080533),0.867808 (0.787500 + 0.080308),0.866177 (0.785700 + 0.080477),0.862380 (0.782100 + 0.080280),0.864204 (0.783900 + 0.080304),0.862619 (0.782100 + 0.080519),0.859247 (0.779400 + 0.079847),0.868932 (0.788400 + 0.080532),0.870703 (0.790200 + 0.080502),0.867812 (0.787500 + 0.080312),0.849683 (0.769500 + 0.080182),0.856284 (0.775800 + 0.080484),0.861172 (0.781200 + 0.079972),0.877787 (0.797400 + 0.080387),0.852782 (0.772200 + 0.080582),0.849484 (0.769500 + 0.079984),0.864269 (0.783900 + 0.080369),0.863067 (0.783000 + 0.080067),0.861250 (0.781200 + 0.080050),0.874106 (0.793800 + 0.080306),0.861547 (0.781200 + 0.080347),0.865007 (0.784800 + 0.080207),0.855801 (0.775800 + 0.080001),0.854179 (0.774000 + 0.080179),0.872623 (0.792000 + 0.080623),0.868819 (0.788400 + 0.080419),0.859681 (0.779400 + 0.080281),0.872092 (0.792000 + 0.080092),0.859200 (0.778500 + 0.080700),0.847572 (0.767700 + 0.079872),0.857821 (0.777600 + 0.080221),0.855518 (0.775800 + 0.079718),0.869016 (0.788400 + 0.080616),0.860458 (0.780300 + 0.080158),0.873425 (0.792900 + 0.080525),0.857621 (0.777600 + 0.080021),0.854846 (0.774900 + 0.079946),0.850221 (0.770400 + 0.079821),0.855102 (0.774900 + 0.080202),0.843850 (0.764100 + 0.079750),0.869934 (0.789300 + 0.080634),0.854963 (0.774900 + 0.080063),0.861347 (0.781200 + 0.080147),0.848847 (0.768600 + 0.080247)
78,0.877845 (0.797400 + 0.080445),0.854399 (0.774000 + 0.080399),0.864302 (0.783900 + 0.080402),0.861584 (0.781200 + 0.080384),0.857442 (0.776700 + 0.080742),0.852480 (0.772200 + 0.080280),0.855291 (0.774900 + 0.080391),0.859681 (0.779400 + 0.080281),0.852782 (0.772200 + 0.080582),0.854251 (0.774000 + 0.080251),0.854922 (0.774900 + 0.080022),0.853169 (0.773100 + 0.080069),0.869594 (0.789300 + 0.080294),0.877787 (0.797400 + 0.080387),0.869934 (0.789300 + 0.080634),0.872623 (0.792000 + 0.080623),0.867812 (0.787500 + 0.080312),0.852034 (0.772200 + 0.079834),0.869100 (0.788400 + 0.080700),0.852382 (0.772200 + 0.080182),0.856915 (0.776700 + 0.080215),0.868100 (0.787500 + 0.080600),0.874359 (0.793800 + 0.080559),0.862269 (0.782100 + 0.080169),0.867924 (0.787500 + 0.080424),0.871720 (0.791100 + 0.080620),0.875990 (0.795600 + 0.080390),0.868932 (0.788400 + 0.080532),0.869016 (0.788400 + 0.080616),0.855449 (0.774900 + 0.080549),0.860180 (0.780300 + 0.079880),0.858836 (0.778500 + 0.080336),0.856979 (0.776700 + 0.080279),0.868932 (0.788400 + 0.080532),0.877845 (0.797400 + 0.080445),0.871426 (0.791100 + 0.080326),0.853478 (0.773100 + 0.080378),0.848805 (0.768600 + 0.080205),0.856426 (0.775800 + 0.080626),0.860820 (0.780300 + 0.080520),0.862671 (0.782100 + 0.080571),0.859843 (0.779400 + 0.080443),0.853267 (0.773100 + 0.080167),0.854315 (0.774000 + 0.080315),0.856207 (0.776700 + 0.079507),0.845146 (0.765000 + 0.080146),0.859074 (0.779400 + 0.079674),0.866877 (0.786600 + 0.080277),0.865143 (0.784800 + 0.080343),0.859894 (0.779400 + 0.080494)
79,0.877845 (0.797400 + 0.080445),0.868932 (0.788400 + 0.080532),0.862671 (0.782100 + 0.080571),0.855055 (0.774900 + 0.080155),0.877845 (0.797400 + 0.080445),0.857304 (0.776700 + 0.080604),0.848145 (0.767700 + 0.080445),0.871426 (0.791100 + 0.080326),0.865143 (0.784800 + 0.080343),0.866772 (0.786600 + 0.080172),0.848781 (0.768600 + 0.080181),0.844990 (0.765000 + 0.079990),0.855993 (0.775800 + 0.080193),0.851253 (0.771300 + 0.079953),0.858384 (0.777600 + 0.080784),0.863602 (0.783000 + 0.080602),0.860606 (0.780300 + 0.080306),0.854453 (0.774000 + 0.080453),0.868095 (0.787500 + 0.080595),0.873425 (0.792900 + 0.080525),0.868122 (0.787500 + 0.080622),0.854451 (0.774000 + 0.080451),0.858513 (0.778500 + 0.080013),0.856155 (0.775800 + 0.080355),0.865457 (0.784800 + 0.080657),0.857216 (0.777600 + 0.079616),0.875211 (0.794700 + 0.080511),0.878720 (0.798300 + 0.080420),0.870551 (0.790200 + 0.080351),0.867912 (0.787500 + 0.080412),0.865317 (0.784800 + 0.080517),0.865143 (0.784800 + 0.080343),0.846344 (0.766800 + 0.079544),0.860673 (0.780300 + 0.080373),0.858530 (0.778500 + 0.080030),0.858958 (0.778500 + 0.080458),0.867051 (0.786600 + 0.080451),0.864112 (0.783900 + 0.080212),0.856979 (0.776700 + 0.080279),0.872623 (0.792000 + 0.080623),0.858815 (0.778500 + 0.080315),0.873259 (0.792900 + 0.080359),0.866300 (0.785700 + 0.080600),0.860687 (0.780300 + 0.080387),0.868105 (0.787500 + 0.080605),0.868932 (0.788400 + 0.080532),0.865143 (0.784800 + 0.080343),0.858245 (0.778500 + 0.079745),0.851403 (0.771300 + 0.080103),0.854825 (0.774900 + 0.079925)
80,0.878720 (0.798300 + 0.080420),0.856176 (0.775800 + 0.080376),0.867736 (0.787500 + 0.080236),0.857496 (0.776700 + 0.080796),0.852142 (0.772200 + 0.079942),0.861042 (0.780300 + 0.080742),0.875990 (0.795600 + 0.080390),0.874496 (0.793800 + 0.080696),0.874033 (0.793800 + 0.080233),0.864082 (0.783900 + 0.080182),0.847232 (0.766800 + 0.080432),0.850599 (0.770400 + 0.080199),0.867185 (0.786600 + 0.080585),0.856119 (0.775800 + 0.080319),0.865457 (0.784800 + 0.080657),0.865495 (0.785700 + 0.079795),0.864180 (0.783900 + 0.080280),0.864289 (0.783900 + 0.080389),0.857984 (0.777600 + 0.080384),0.855933 (0.775800 + 0.080133),0.840753 (0.760500 + 0.080253),0.871469 (0.791100 + 0.080369),0.860788 (0.780300 + 0.080488),0.867912 (0.787500 + 0.080412),0.878720 (0.798300 + 0.080420),0.856302 (0.775800 + 0.080502),0.868095 (0.787500 + 0.080595),0.861630 (0.781200 + 0.080430),0.861435 (0.781200 + 0.080235),0.858176 (0.777600 + 0.080576),0.864378 (0.783900 + 0.080478),0.855978 (0.775800 + 0.080179),0.861779 (0.781200 + 0.080579),0.861293 (0.781200 + 0.080093),0.856089 (0.775800 + 0.080289),0.878720 (0.798300 + 0.080420),0.878720 (0.798300 + 0.080420),0.865486 (0.784800 + 0.080686),0.879695 (0.799200 + 0.080495),0.872623 (0.792000 + 0.080623),0.868932 (0.788400 + 0.080532),0.861433 (0.781200 + 0.080233),0.865517 (0.784800 + 0.080717),0.862520 (0.782100 + 0.080420),0.861080 (0.780300 + 0.080780),0.869688 (0.789300 + 0.080388),0.870055 (0.789300 + 0.080755),0.868863 (0.788400 + 0.080463),0.875990 (0.795600 + 0.080390),0.877845 (0.797400 + 0.080445)
81,0.879695 (0.799200 + 0.080495),0.869213 (0.788400 + 0.080813),0.872360 (0.792000 + 0.080360),0.856986 (0.776700 + 0.080286),0.861702 (0.781200 + 0.080502),0.878720 (0.798300 + 0.080420),0.878720 (0.798300 + 0.080420),0.867317 (0.786600 + 0.080717),0.860568 (0.780300 + 0.080268),0.859828 (0.779400 + 0.080428),0.872595 (0.792000 + 0.080595),0.875223 (0.794700 + 0.080523),0.860996 (0.780300 + 0.080696),0.854794 (0.774900 + 0.079894),0.849630 (0.769500 + 0.080130),0.865198 (0.784800 + 0.080398),0.851409 (0.771300 + 0.080109),0.874496 (0.793800 + 0.080696),0.879695 (0.799200 + 0.080495),0.867912 (0.787500 + 0.080412),0.863048 (0.783000 + 0.080048),0.860716 (0.780300 + 0.080417),0.862649 (0.782100 + 0.080549),0.855197 (0.774900 + 0.080297),0.861779 (0.781200 + 0.080579),0.869323 (0.789300 + 0.080023),0.866772 (0.786600 + 0.080172),0.859733 (0.779400 + 0.080333),0.861433 (0.781200 + 0.080233),0.866156 (0.785700 + 0.080456),0.869091 (0.788400 + 0.080691),0.856694 (0.776700 + 0.079994),0.877789 (0.797400 + 0.080389),0.865849 (0.785700 + 0.080149),0.853134 (0.773100 + 0.080034),0.869060 (0.788400 + 0.080660),0.859558 (0.779400 + 0.080158),0.871469 (0.791100 + 0.080369),0.878720 (0.798300 + 0.080420),0.868932 (0.788400 + 0.080532),0.845558 (0.765000 + 0.080558),0.875990 (0.795600 + 0.080390),0.874033 (0.793800 + 0.080233),0.862522 (0.782100 + 0.080422),0.851341 (0.771300 + 0.080041),0.869016 (0.788400 + 0.080616),0.877789 (0.797400 + 0.080389),0.859888 (0.779400 + 0.080488),0.852906 (0.773100 + 0.079806),0.875990 (0.795600 + 0.080390)
82,0.879695 (0.799200 + 0.080495),0.876914 (0.796500 + 0.080414),0.873470 (0.792900 + 0.080570),0.874298 (0.793800 + 0.080498),0.865517 (0.784800 + 0.080717),0.859734 (0.779400 + 0.080334),0.877102 (0.796500 + 0.080602),0.858764 (0.778500 + 0.080264),0.855209 (0.774900 + 0.080309),0.861494 (0.781200 + 0.080294),0.865579 (0.784800 + 0.080779),0.861200 (0.780300 + 0.080900),0.860810 (0.780300 + 0.080510),0.858848 (0.778500 + 0.080348),0.866944 (0.786600 + 0.080344),0.860702 (0.780300 + 0.080402),0.849690 (0.769500 + 0.080190),0.870055 (0.789300 + 0.080755),0.868091 (0.787500 + 0.080591),0.854492 (0.774000 + 0.080492),0.859117 (0.778500 + 0.080617),0.865849 (0.785700 + 0.080149),0.869060 (0.788400 + 0.080660),0.860510 (0.780300 + 0.080210),0.862808 (0.782100 + 0.080708),0.875223 (0.794700 + 0.080523),0.854538 (0.774000 + 0.080538),0.870560 (0.790200 + 0.080360),0.863450 (0.783000 + 0.080450),0.875990 (0.795600 + 0.080390),0.854349 (0.774000 + 0.080349),0.867209 (0.786600 + 0.080609),0.868074 (0.787500 + 0.080574),0.879695 (0.799200 + 0.080495),0.875990 (0.795600 + 0.080390),0.865228 (0.784800 + 0.080428),0.859483 (0.779400 + 0.080083),0.875990 (0.795600 + 0.080390),0.879695 (0.799200 + 0.080495),0.856784 (0.776700 + 0.080084),0.840541 (0.760500 + 0.080041),0.853304 (0.773100 + 0.080204),0.867099 (0.786600 + 0.080499),0.864174 (0.783900 + 0.080274),0.879695 (0.799200 + 0.080495),0.849972 (0.769500 + 0.080472),0.879695 (0.799200 + 0.080495),0.868976 (0.788400 + 0.080576),0.868041 (0.787500 + 0.080541),0.856699 (0.776700 + 0.079999)
83,0.879695 (0.799200 + 0.080495),0.855498 (0.774900 + 0.080598),0.863748 (0.783000 + 0.080748),0.868295 (0.787500 + 0.080795),0.874033 (0.793800 + 0.080233),0.868041 (0.787500 + 0.080541),0.870560 (0.790200 + 0.080360),0.879695 (0.799200 + 0.080495),0.859483 (0.779400 + 0.080083),0.853262 (0.773100 + 0.080162),0.857722 (0.777600 + 0.080122),0.865457 (0.784800 + 0.080657),0.858966 (0.778500 + 0.080466),0.877873 (0.797400 + 0.080473),0.863936 (0.783000 + 0.080936),0.856232 (0.775800 + 0.080432),0.871599 (0.791100 + 0.080499),0.879695 (0.799200 + 0.080495),0.873470 (0.792900 + 0.080570),0.879695 (0.799200 + 0.080495),0.867099 (0.786600 + 0.080499),0.863074 (0.783000 + 0.080075),0.878839 (0.798300 + 0.080539),0.862220 (0.782100 + 0.080120),0.867209 (0.786600 + 0.080609),0.879695 (0.799200 + 0.080495),0.868091 (0.787500 + 0.080591),0.870560 (0.790200 + 0.080360),0.858946 (0.778500 + 0.080446),0.860666 (0.780300 + 0.080366),0.862779 (0.782100 + 0.080679),0.879695 (0.799200 + 0.080495),0.875990 (0.795600 + 0.080390),0.856611 (0.776700 + 0.079911),0.857115 (0.776700 + 0.080415),0.871535 (0.791100 + 0.080435),0.878720 (0.798300 + 0.080420),0.871800 (0.791100 + 0.080700),0.870680 (0.790200 + 0.080480),0.868171 (0.787500 + 0.080671),0.858099 (0.777600 + 0.080499),0.871570 (0.791100 + 0.080470),0.858810 (0.778500 + 0.080310),0.878839 (0.798300 + 0.080539),0.867874 (0.787500 + 0.080374),0.868932 (0.788400 + 0.080532),0.872668 (0.792000 + 0.080668),0.845307 (0.765000 + 0.080307),0.875990 (0.795600 + 0.080390),0.869561 (0.789300 + 0.080261)
84,0.879695 (0.799200 + 0.080495),0.874033 (0.793800 + 0.080233),0.849651 (0.769500 + 0.080151),0.867999 (0.787500 + 0.080499),0.875990 (0.795600 + 0.080390),0.859267 (0.779400 + 0.079867),0.875990 (0.795600 + 0.080390),0.878839 (0.798300 + 0.080539),0.849760 (0.769500 + 0.080260),0.864515 (0.783900 + 0.080615),0.849469 (0.769500 + 0.079969),0.868866 (0.788400 + 0.080466),0.877069 (0.796500 + 0.080569),0.870889 (0.790200 + 0.080689),0.877787 (0.797400 + 0.080387),0.860708 (0.780300 + 0.080408),0.870657 (0.790200 + 0.080457),0.870013 (0.789300 + 0.080713),0.876050 (0.795600 + 0.080450),0.856013 (0.775800 + 0.080213),0.870611 (0.790200 + 0.080411),0.879695 (0.799200 + 0.080495),0.878839 (0.798300 + 0.080539),0.860666 (0.780300 + 0.080366),0.870680 (0.790200 + 0.080480),0.848717 (0.768600 + 0.080117),0.861543 (0.781200 + 0.080343),0.871535 (0.791100 + 0.080435),0.854158 (0.774000 + 0.080158),0.871832 (0.791100 + 0.080732),0.877102 (0.796500 + 0.080602),0.872547 (0.792000 + 0.080547),0.857989 (0.777600 + 0.080389),0.869223 (0.788400 + 0.080823),0.852624 (0.772200 + 0.080424),0.861250 (0.781200 + 0.080050),0.857624 (0.777600 + 0.080024),0.878839 (0.798300 + 0.080539),0.856611 (0.776700 + 0.079911),0.866822 (0.786600 + 0.080222),0.863352 (0.783000 + 0.080352),0.879695 (0.799200 + 0.080495),0.863074 (0.783000 + 0.080075),0.879695 (0.799200 + 0.080495),0.875990 (0.795600 + 0.080390),0.868788 (0.788400 + 0.080388),0.854486 (0.774000 + 0.080487),0.870013 (0.789300 + 0.080713),0.876928 (0.796500 + 0.080428),0.868604 (0.788400 + 0.080204)
85,0.879695 (0.799200 + 0.080495),0.858728 (0.778500 + 0.080228),0.873083 (0.792900 + 0.080183),0.850680 (0.770400 + 0.080280),0.857093 (0.776700 + 0.080393),0.859406 (0.779400 + 0.080006),0.856740 (0.776700 + 0.080040),0.875313 (0.794700 + 0.080613),0.879695 (0.799200 + 0.080495),0.868352 (0.787500 + 0.080852),0.862537 (0.782100 + 0.080437),0.878839 (0.798300 + 0.080539),0.875990 (0.795600 + 0.080390),0.855364 (0.774900 + 0.080464),0.869753 (0.789300 + 0.080453),0.849386 (0.769500 + 0.079886),0.847833 (0.767700 + 0.080133),0.863059 (0.783000 + 0.080059),0.857854 (0.777600 + 0.080254),0.851711 (0.771300 + 0.080411),0.863475 (0.783000 + 0.080475),0.877988 (0.797400 + 0.080588),0.870764 (0.790200 + 0.080564),0.876233 (0.795600 + 0.080633),0.873353 (0.792900 + 0.080454),0.877787 (0.797400 + 0.080387),0.879695 (0.799200 + 0.080495),0.863280 (0.783000 + 0.080280),0.865814 (0.785700 + 0.080114),0.876964 (0.796500 + 0.080464),0.876981 (0.796500 + 0.080481),0.845649 (0.765900 + 0.079749),0.859457 (0.779400 + 0.080057),0.878839 (0.798300 + 0.080539),0.853206 (0.773100 + 0.080106),0.844158 (0.764100 + 0.080058),0.861949 (0.781200 + 0.080749),0.867757 (0.787500 + 0.080257),0.860721 (0.780300 + 0.080421),0.879695 (0.799200 + 0.080495),0.876065 (0.795600 + 0.080465),0.878839 (0.798300 + 0.080539),0.879695 (0.799200 + 0.080495),0.857808 (0.777600 + 0.080208),0.871827 (0.791100 + 0.080727),0.850752 (0.770400 + 0.080352),0.845049 (0.765000 + 0.080049),0.878839 (0.798300 + 0.080539),0.864351 (0.783900 + 0.080452),0.858745 (0.778500 + 0.080245)
86,0.879695 (0.799200 + 0.080495),0.873083 (0.792900 + 0.080183),0.857891 (0.777600 + 0.080291),0.879695 (0.799200 + 0.080495),0.878839 (0.798300 + 0.080539),0.879695 (0.799200 + 0.080495),0.857296 (0.776700 + 0.080596),0.878839 (0.798300 + 0.080539),0.873353 (0.792900 + 0.080454),0.859510 (0.779400 + 0.080110),0.844271 (0.764100 + 0.080171),0.878839 (0.798300 + 0.080539),0.857830 (0.777600 + 0.080230),0.877787 (0.797400 + 0.080387),0.879695 (0.799200 + 0.080495),0.864259 (0.783900 + 0.080359),0.865796 (0.785700 + 0.080096),0.879695 (0.799200 + 0.080495),0.861949 (0.781200 + 0.080749),0.878742 (0.798300 + 0.080442),0.872947 (0.792000 + 0.080947),0.876964 (0.796500 + 0.080464),0.865149 (0.784800 + 0.080349),0.878839 (0.798300 + 0.080539),0.879695 (0.799200 + 0.080495),0.878839 (0.798300 + 0.080539),0.866313 (0.785700 + 0.080613),0.879695 (0.799200 + 0.080495),0.860721 (0.780300 + 0.080421),0.869753 (0.789300 + 0.080453),0.878839 (0.798300 + 0.080539),0.855976 (0.775800 + 0.080176),0.864222 (0.783900 + 0.080322),0.879695 (0.799200 + 0.080495),0.879695 (0.799200 + 0.080495),0.866096 (0.785700 + 0.080396),0.856845 (0.776700 + 0.080145),0.858901 (0.778500 + 0.080401),0.858765 (0.778500 + 0.080265),0.863309 (0.783000 + 0.080309),0.866108 (0.785700 + 0.080408),0.876233 (0.795600 + 0.080633),0.875313 (0.794700 + 0.080613),0.852076 (0.772200 + 0.079876),0.864341 (0.783900 + 0.080441),0.879695 (0.799200 + 0.080495),0.867757 (0.787500 + 0.080257),0.877787 (0.797400 + 0.080387),0.878839 (0.798300 + 0.080539),0.872449 (0.792000 + 0.080449)
87,0.879695 (0.799200 + 0.080495),0.878839 (0.798300 + 0.080539),0.876964 (0.796500 + 0.080464),0.864932 (0.784800 + 0.080132),0.861306 (0.781200 + 0.080106),0.857891 (0.777600 + 0.080291),0.876964 (0.796500 + 0.080464),0.865229 (0.784800 + 0.080429),0.859889 (0.779400 + 0.080489),0.873579 (0.792900 + 0.080679),0.865763 (0.785700 + 0.080063),0.860610 (0.780300 + 0.080310),0.858050 (0.777600 + 0.080450),0.876964 (0.796500 + 0.080464),0.879695 (0.799200 + 0.080495),0.879695 (0.799200 + 0.080495),0.876233 (0.795600 + 0.080633),0.859097 (0.778500 + 0.080597),0.865700 (0.785700 + 0.080000),0.858812 (0.778500 + 0.080312),0.858737 (0.778500 + 0.080237),0.879695 (0.799200 + 0.080495),0.859958 (0.779400 + 0.080558),0.868099 (0.787500 + 0.080599),0.851510 (0.771300 + 0.080210),0.878720 (0.798300 + 0.080420),0.872568 (0.792000 + 0.080568),0.858765 (0.778500 + 0.080265),0.866108 (0.785700 + 0.080408),0.873058 (0.792900 + 0.080158),0.869608 (0.789300 + 0.080308),0.873407 (0.792900 + 0.080507),0.858744 (0.778500 + 0.080244),0.876233 (0.795600 + 0.080633),0.864341 (0.783900 + 0.080441),0.877787 (0.797400 + 0.080387),0.879695 (0.799200 + 0.080495),0.879695 (0.799200 + 0.080495),0.865149 (0.784800 + 0.080349),0.876964 (0.796500 + 0.080464),0.857104 (0.776700 + 0.080405),0.857803 (0.777600 + 0.080203),0.879695 (0.799200 + 0.080495),0.876233 (0.795600 + 0.080633),0.877787 (0.797400 + 0.080387),0.878839 (0.798300 + 0.080539),0.875313 (0.794700 + 0.080613),0.857222 (0.776700 + 0.080522),0.878839 (0.798300 + 0.080539),0.859246 (0.779400 + 0.079846)
88,0.879695 (0.799200 + 0.080495),0.879695 (0.799200 + 0.080495),0.856929 (0.776700 + 0.080229),0.879695 (0.799200 + 0.080495),0.877787 (0.797400 + 0.080387),0.864341 (0.783900 + 0.080441),0.879695 (0.799200 + 0.080495),0.877069 (0.796500 + 0.080569),0.878839 (0.798300 + 0.080539),0.876233 (0.795600 + 0.080633),0.876142 (0.795600 + 0.080542),0.878839 (0.798300 + 0.080539),0.879695 (0.799200 + 0.080495),0.861415 (0.781200 + 0.080215),0.863531 (0.783000 + 0.080531),0.854316 (0.774000 + 0.080316),0.876964 (0.796500 + 0.080464),0.858922 (0.778500 + 0.080422),0.875313 (0.794700 + 0.080613),0.855045 (0.774900 + 0.080145),0.856212 (0.775800 + 0.080412),0.873154 (0.792900 + 0.080254),0.878699 (0.798300 + 0.080398),0.856988 (0.776700 + 0.080288),0.861306 (0.781200 + 0.080106),0.864341 (0.783900 + 0.080441),0.878839 (0.798300 + 0.080539),0.878839 (0.798300 + 0.080539),0.875238 (0.794700 + 0.080538),0.864994 (0.784800 + 0.080194),0.876964 (0.796500 + 0.080464),0.879695 (0.799200 + 0.080495),0.876233 (0.795600 + 0.080633),0.869608 (0.789300 + 0.080308),0.860619 (0.780300 + 0.080319),0.878839 (0.798300 + 0.080539),0.849604 (0.769500 + 0.080104),0.872245 (0.792000 + 0.080245),0.878707 (0.798300 + 0.080407),0.846421 (0.765900 + 0.080521),0.876964 (0.796500 + 0.080464),0.859101 (0.778500 + 0.080601),0.863555 (0.783000 + 0.080555),0.864360 (0.783900 + 0.080460),0.879695 (0.799200 + 0.080495),0.848391 (0.768600 + 0.079791),0.878839 (0.798300 + 0.080539),0.855235 (0.774900 + 0.080335),0.877225 (0.796500 + 0.080725),0.877787 (0.797400 + 0.080387)
89,0.879695 (0.799200 + 0.080495),0.868858 (0.788400 + 0.080458),0.837968 (0.757800 + 0.080168),0.861649 (0.781200 + 0.080449),0.879695 (0.799200 + 0.080495),0.876964 (0.796500 + 0.080464),0.879695 (0.799200 + 0.080495),0.862661 (0.782100 + 0.080561),0.871534 (0.791100 + 0.080434),0.864344 (0.783900 + 0.080444),0.879695 (0.799200 + 0.080495),0.849480 (0.769500 + 0.079980),0.868739 (0.788400 + 0.080339),0.856076 (0.775800 + 0.080276),0.878839 (0.798300 + 0.080539),0.877787 (0.797400 + 0.080387),0.879695 (0.799200 + 0.080495),0.879695 (0.799200 + 0.080495),0.868658 (0.788400 + 0.080258),0.862561 (0.782100 + 0.080461),0.875257 (0.794700 + 0.080557),0.862395 (0.782100 + 0.080295),0.860499 (0.780300 + 0.080199),0.855962 (0.775800 + 0.080162),0.860749 (0.780300 + 0.080449),0.853779 (0.774000 + 0.079779),0.878839 (0.798300 + 0.080539),0.879695 (0.799200 + 0.080495),0.875313 (0.794700 + 0.080613),0.878839 (0.798300 + 0.080539),0.877787 (0.797400 + 0.080387),0.877787 (0.797400 + 0.080387),0.872492 (0.792000 + 0.080492),0.876822 (0.796500 + 0.080322),0.863449 (0.783000 + 0.080449),0.876964 (0.796500 + 0.080464),0.859101 (0.778500 + 0.080601),0.861869 (0.781200 + 0.080669),0.870627 (0.790200 + 0.080427),0.879695 (0.799200 + 0.080495),0.878699 (0.798300 + 0.080398),0.876233 (0.795600 + 0.080633),0.865116 (0.784800 + 0.080316),0.859621 (0.779400 + 0.080221),0.870527 (0.790200 + 0.080327),0.879695 (0.799200 + 0.080495),0.876964 (0.796500 + 0.080464),0.853538 (0.773100 + 0.080438),0.877069 (0.796500 + 0.080569),0.862723 (0.782100 + 0.080623)
90,0.879695 (0.799200 + 0.080495),0.857650 (0.777600 + 0.080050),0.854337 (0.774000 + 0.080337),0.868011 (0.787500 + 0.080511),0.857590 (0.777600 + 0.079990),0.864346 (0.783900 + 0.080446),0.849337 (0.769500 + 0.079837),0.878839 (0.798300 + 0.080539),0.879695 (0.799200 + 0.080495),0.879695 (0.799200 + 0.080495),0.879695 (0.799200 + 0.080495),0.877787 (0.797400 + 0.080387),0.863449 (0.783000 + 0.080449),0.879695 (0.799200 + 0.080495),0.879695 (0.799200 + 0.080495),0.858507 (0.778500 + 0.080008),0.863449 (0.783000 + 0.080449),0.879695 (0.799200 + 0.080495),0.877787 (0.797400 + 0.080387),0.879695 (0.799200 + 0.080495),0.857258 (0.776700 + 0.080558),0.857807 (0.777600 + 0.080207),0.876973 (0.796500 + 0.080473),0.878839 (0.798300 + 0.080539),0.879695 (0.799200 + 0.080495),0.879695 (0.799200 + 0.080495),0.851575 (0.771300 + 0.080275),0.860835 (0.780300 + 0.080535),0.854244 (0.774000 + 0.080244),0.879695 (0.799200 + 0.080495),0.879695 (0.799200 + 0.080495),0.868997 (0.788400 + 0.080597),0.879695 (0.799200 + 0.080495),0.878707 (0.798300 + 0.080407),0.879686 (0.799200 + 0.080486),0.868950 (0.788400 + 0.080550),0.879695 (0.799200 + 0.080495),0.878839 (0.798300 + 0.080539),0.879695 (0.799200 + 0.080495),0.873300 (0.792900 + 0.080400),0.857637 (0.777600 + 0.080037),0.877069 (0.796500 + 0.080569),0.857849 (0.777600 + 0.080249),0.879695 (0.799200 + 0.080495),0.877787 (0.797400 + 0.080387),0.878839 (0.798300 + 0.080539),0.866826 (0.786600 + 0.080226),0.862151 (0.782100 + 0.080051),0.862662 (0.782100 + 0.080562),0.879695 (0.799200 + 0.080495)
91,0.879695 (0.799200 + 0.080495),0.878839 (0.798300 + 0.080539),0.878839 (0.798300 + 0.080539),0.878839 (0.798300 + 0.080539),0.879695 (0.799200 + 0.080495),0.862400 (0.782100 + 0.080300),0.864765 (0.784800 + 0.079965),0.879686 (0.799200 + 0.080486),0.878839 (0.798300 + 0.080539),0.867128 (0.786600 + 0.080528),0.879695 (0.799200 + 0.080495),0.856695 (0.776700 + 0.079995),0.859892 (0.779400 + 0.080492),0.853676 (0.773100 + 0.080576),0.868950 (0.788400 + 0.080550),0.866146 (0.785700 + 0.080446),0.861570 (0.781200 + 0.080370),0.879686 (0.799200 + 0.080486),0.877069 (0.796500 + 0.080569),0.877787 (0.797400 + 0.080387),0.864346 (0.783900 + 0.080446),0.865022 (0.784800 + 0.080222),0.845321 (0.765000 + 0.080321),0.879695 (0.799200 + 0.080495),0.858977 (0.778500 + 0.080477),0.879695 (0.799200 + 0.080495),0.857958 (0.777600 + 0.080358),0.879695 (0.799200 + 0.080495),0.863449 (0.783000 + 0.080449),0.873472 (0.792900 + 0.080572),0.867973 (0.787500 + 0.080473),0.878799 (0.798300 + 0.080499),0.880634 (0.800100 + 0.080535),0.864345 (0.783900 + 0.080445),0.871461 (0.791100 + 0.080361),0.864346 (0.783900 + 0.080446),0.849663 (0.769500 + 0.080163),0.867013 (0.786600 + 0.080413),0.872531 (0.792000 + 0.080531),0.868097 (0.787500 + 0.080597),0.867995 (0.787500 + 0.080495),0.862603 (0.782100 + 0.080502),0.857047 (0.776700 + 0.080347),0.879695 (0.799200 + 0.080495),0.879695 (0.799200 + 0.080495),0.858750 (0.778500 + 0.080250),0.879695 (0.799200 + 0.080495),0.879695 (0.799200 + 0.080495),0.879695 (0.799200 + 0.080495),0.879695 (0.799200 + 0.080495)
92,0.880634 (0.800100 + 0.080535),0.875249 (0.794700 + 0.080549),0.872540 (0.792000 + 0.080540),0.868723 (0.788400 + 0.080323),0.879686 (0.799200 + 0.080486),0.864682 (0.783900 + 0.080782),0.878839 (0.798300 + 0.080539),0.852917 (0.772200 + 0.080717),0.868032 (0.787500 + 0.080532),0.860888 (0.780300 + 0.080588),0.879695 (0.799200 + 0.080495),0.855466 (0.774900 + 0.080566),0.856949 (0.776700 + 0.080249),0.870561 (0.790200 + 0.080361),0.879695 (0.799200 + 0.080495),0.878839 (0.798300 + 0.080539),0.878839 (0.798300 + 0.080539),0.877787 (0.797400 + 0.080387),0.878839 (0.798300 + 0.080539),0.868713 (0.788400 + 0.080313),0.859540 (0.779400 + 0.080140),0.866259 (0.785700 + 0.080559),0.854075 (0.774000 + 0.080075),0.872531 (0.792000 + 0.080531),0.879695 (0.799200 + 0.080495),0.865320 (0.784800 + 0.080520),0.868101 (0.787500 + 0.080601),0.873427 (0.792900 + 0.080527),0.873443 (0.792900 + 0.080543),0.880634 (0.800100 + 0.080535),0.871461 (0.791100 + 0.080361),0.856060 (0.775800 + 0.080260),0.876993 (0.796500 + 0.080493),0.872531 (0.792000 + 0.080531),0.872531 (0.792000 + 0.080531),0.879695 (0.799200 + 0.080495),0.879695 (0.799200 + 0.080495),0.852343 (0.772200 + 0.080143),0.866734 (0.786600 + 0.080134),0.879695 (0.799200 + 0.080495),0.879686 (0.799200 + 0.080486),0.879686 (0.799200 + 0.080486),0.872531 (0.792000 + 0.080531),0.857955 (0.777600 + 0.080355),0.851809 (0.771300 + 0.080509),0.858516 (0.778500 + 0.080017),0.866348 (0.785700 + 0.080648),0.867973 (0.787500 + 0.080473),0.867995 (0.787500 + 0.080495),0.877787 (0.797400 + 0.080387)
93,0.880634 (0.800100 + 0.080535),0.868846 (0.788400 + 0.080446),0.856090 (0.775800 + 0.080290),0.878839 (0.798300 + 0.080539),0.872531 (0.792000 + 0.080531),0.866089 (0.785700 + 0.080389),0.857016 (0.776700 + 0.080316),0.872540 (0.792000 + 0.080540),0.858838 (0.778500 + 0.080338),0.871461 (0.791100 + 0.080361),0.879695 (0.799200 + 0.080495),0.878839 (0.798300 + 0.080539),0.869581 (0.789300 + 0.080281),0.878041 (0.797400 + 0.080641),0.874242 (0.793800 + 0.080442),0.875249 (0.794700 + 0.080549),0.850497 (0.770400 + 0.080097),0.879695 (0.799200 + 0.080495),0.865405 (0.784800 + 0.080605),0.877787 (0.797400 + 0.080387),0.872531 (0.792000 + 0.080531),0.878839 (0.798300 + 0.080539),0.873427 (0.792900 + 0.080527),0.858900 (0.778500 + 0.080400),0.871407 (0.791100 + 0.080307),0.880634 (0.800100 + 0.080535),0.879695 (0.799200 + 0.080495),0.879686 (0.799200 + 0.080486),0.878839 (0.798300 + 0.080539),0.866348 (0.785700 + 0.080648),0.865431 (0.784800 + 0.080631),0.879686 (0.799200 + 0.080486),0.852775 (0.772200 + 0.080575),0.859771 (0.779400 + 0.080371),0.879695 (0.799200 + 0.080495),0.880634 (0.800100 + 0.080535),0.873443 (0.792900 + 0.080543),0.878839 (0.798300 + 0.080539),0.880634 (0.800100 + 0.080535),0.868074 (0.787500 + 0.080574),0.872509 (0.792000 + 0.080509),0.853283 (0.773100 + 0.080183),0.872531 (0.792000 + 0.080531),0.856856 (0.776700 + 0.080156),0.879695 (0.799200 + 0.080495),0.861472 (0.781200 + 0.080272),0.865165 (0.784800 + 0.080365),0.871461 (0.791100 + 0.080361),0.879695 (0.799200 + 0.080495),0.869812 (0.789300 + 0.080512)
94,0.880634 (0.800100 + 0.080535),0.879686 (0.799200 + 0.080486),0.878839 (0.798300 + 0.080539),0.873443 (0.792900 + 0.080543),0.869698 (0.789300 + 0.080398),0.878839 (0.798300 + 0.080539),0.874242 (0.793800 + 0.080442),0.880634 (0.800100 + 0.080535),0.880634 (0.800100 + 0.080535),0.875249 (0.794700 + 0.080549),0.880634 (0.800100 + 0.080535),0.860251 (0.780300 + 0.079951),0.878839 (0.798300 + 0.080539),0.869967 (0.789300 + 0.080667),0.879695 (0.799200 + 0.080495),0.870637 (0.790200 + 0.080437),0.866604 (0.786600 + 0.080004),0.878839 (0.798300 + 0.080539),0.870559 (0.790200 + 0.080359),0.872360 (0.792000 + 0.080360),0.880589 (0.800100 + 0.080490),0.880634 (0.800100 + 0.080535),0.878839 (0.798300 + 0.080539),0.847767 (0.767700 + 0.080067),0.879695 (0.799200 + 0.080495),0.865305 (0.784800 + 0.080505),0.879695 (0.799200 + 0.080495),0.870687 (0.790200 + 0.080487),0.878839 (0.798300 + 0.080539),0.879695 (0.799200 + 0.080495),0.878839 (0.798300 + 0.080539),0.851592 (0.771300 + 0.080292),0.880634 (0.800100 + 0.080535),0.871407 (0.791100 + 0.080307),0.879695 (0.799200 + 0.080495),0.875249 (0.794700 + 0.080549),0.867037 (0.786600 + 0.080437),0.880634 (0.800100 + 0.080535),0.880634 (0.800100 + 0.080535),0.869812 (0.789300 + 0.080512),0.879695 (0.799200 + 0.080495),0.880634 (0.800100 + 0.080535),0.864203 (0.783900 + 0.080303),0.865119 (0.784800 + 0.080319),0.872531 (0.792000 + 0.080531),0.880634 (0.800100 + 0.080535),0.879695 (0.799200 + 0.080495),0.860815 (0.780300 + 0.080515),0.859028 (0.778500 + 0.080528),0.874242 (0.793800 + 0.080442)
95,0.880634 (0.800100 + 0.080535),0.880634 (0.800100 + 0.080535),0.874242 (0.793800 + 0.080442),0.877992 (0.797400 + 0.080592),0.868755 (0.788400 + 0.080355),0.850812 (0.770400 + 0.080412),0.848786 (0.768600 + 0.080186),0.880634 (0.800100 + 0.080535),0.880589 (0.800100 + 0.080490),0.879695 (0.799200 + 0.080495),0.880634 (0.800100 + 0.080535),0.879695 (0.799200 + 0.080495),0.880634 (0.800100 + 0.080534),0.879695 (0.799200 + 0.080495),0.879695 (0.799200 + 0.080495),0.880634 (0.800100 + 0.080535),0.880634 (0.800100 + 0.080535),0.880634 (0.800100 + 0.080535),0.879695 (0.799200 + 0.080495),0.879695 (0.799200 + 0.080495),0.867980 (0.787500 + 0.080481),0.867210 (0.786600 + 0.080610),0.862491 (0.782100 + 0.080391),0.870637 (0.790200 + 0.080437),0.880634 (0.800100 + 0.080535),0.868513 (0.788400 + 0.080113),0.858018 (0.777600 + 0.080418),0.880634 (0.800100 + 0.080535),0.880634 (0.800100 + 0.080535),0.857023 (0.776700 + 0.080323),0.872490 (0.792000 + 0.080490),0.864349 (0.783900 + 0.080450),0.862851 (0.783000 + 0.079851),0.880634 (0.800100 + 0.080535),0.872531 (0.792000 + 0.080531),0.863450 (0.783000 + 0.080450),0.861493 (0.781200 + 0.080293),0.866176 (0.785700 + 0.080476),0.859612 (0.779400 + 0.080212),0.873106 (0.792900 + 0.080206),0.874242 (0.793800 + 0.080442),0.879695 (0.799200 + 0.080495),0.880634 (0.800100 + 0.080535),0.862653 (0.782100 + 0.080553),0.866940 (0.786600 + 0.080340),0.880634 (0.800100 + 0.080535),0.879695 (0.799200 + 0.080495),0.880634 (0.800100 + 0.080535),0.880634 (0.800100 + 0.080535),0.864364 (0.783900 + 0.080464)
96,0.880634 (0.800100 + 0.080535),0.879695 (0.799200 + 0.080495),0.879695 (0.799200 + 0.080495),0.864313 (0.783900 + 0.080413),0.855469 (0.774900 + 0.080569),0.859758 (0.779400 + 0.080358),0.880634 (0.800100 + 0.080535),0.880634 (0.800100 + 0.080535),0.880634 (0.800100 + 0.080535),0.871494 (0.791100 + 0.080394),0.879695 (0.799200 + 0.080495),0.880634 (0.800100 + 0.080535),0.880634 (0.800100 + 0.080535),0.880634 (0.800100 + 0.080535),0.873389 (0.792900 + 0.080489),0.866085 (0.785700 + 0.080385),0.856090 (0.775800 + 0.080290),0.880634 (0.800100 + 0.080535),0.860957 (0.780300 + 0.080657),0.878676 (0.798300 + 0.080376),0.855392 (0.774900 + 0.080492),0.878730 (0.798300 + 0.080430),0.859753 (0.779400 + 0.080353),0.861378 (0.781200 + 0.080178),0.877935 (0.797400 + 0.080535),0.876937 (0.796500 + 0.080437),0.878839 (0.798300 + 0.080539),0.880634 (0.800100 + 0.080535),0.880634 (0.800100 + 0.080535),0.877934 (0.797400 + 0.080534),0.866137 (0.785700 + 0.080437),0.868696 (0.788400 + 0.080296),0.880589 (0.800100 + 0.080490),0.880634 (0.800100 + 0.080535),0.880634 (0.800100 + 0.080535),0.861765 (0.781200 + 0.080565),0.868755 (0.788400 + 0.080355),0.860621 (0.780300 + 0.080321),0.880634 (0.800100 + 0.080535),0.853402 (0.773100 + 0.080302),0.880634 (0.800100 + 0.080535),0.872531 (0.792000 + 0.080531),0.879695 (0.799200 + 0.080495),0.858249 (0.777600 + 0.080649),0.866867 (0.786600 + 0.080267),0.879695 (0.799200 + 0.080495),0.861685 (0.781200 + 0.080485),0.875168 (0.794700 + 0.080468),0.874069 (0.793800 + 0.080269),0.880634 (0.800100 + 0.080535)
97,0.880634 (0.800100 + 0.080535),0.877934 (0.797400 + 0.080534),0.862641 (0.782100 + 0.080540),0.878839 (0.798300 + 0.080539),0.880634 (0.800100 + 0.080535),0.880634 (0.800100 + 0.080535),0.877935 (0.797400 + 0.080535),0.871494 (0.791100 + 0.080394),0.855142 (0.774900 + 0.080242),0.879695 (0.799200 + 0.080495),0.880634 (0.800100 + 0.080535),0.859757 (0.779400 + 0.080357),0.858759 (0.778500 + 0.080259),0.856388 (0.775800 + 0.080588),0.867089 (0.786600 + 0.080489),0.878730 (0.798300 + 0.080430),0.880634 (0.800100 + 0.080535),0.869725 (0.789300 + 0.080425),0.873407 (0.792900 + 0.080508),0.875143 (0.794700 + 0.080443),0.871639 (0.791100 + 0.080539),0.858968 (0.778500 + 0.080468),0.880634 (0.800100 + 0.080535),0.880634 (0.800100 + 0.080535),0.874237 (0.793800 + 0.080437),0.880589 (0.800100 + 0.080490),0.851914 (0.771300 + 0.080614),0.880634 (0.800100 + 0.080535),0.880634 (0.800100 + 0.080535),0.857971 (0.777600 + 0.080371),0.880589 (0.800100 + 0.080490),0.874223 (0.793800 + 0.080423),0.853410 (0.773100 + 0.080310),0.868755 (0.788400 + 0.080355),0.880634 (0.800100 + 0.080535),0.872421 (0.792000 + 0.080421),0.868743 (0.788400 + 0.080343),0.880634 (0.800100 + 0.080535),0.880634 (0.800100 + 0.080535),0.869753 (0.789300 + 0.080453),0.862712 (0.782100 + 0.080612),0.880589 (0.800100 + 0.080490),0.879695 (0.799200 + 0.080495),0.849802 (0.769500 + 0.080302),0.858273 (0.777600 + 0.080673),0.880634 (0.800100 + 0.080535),0.863286 (0.783000 + 0.080286),0.864198 (0.783900 + 0.080298),0.878839 (0.798300 + 0.080539),0.866085 (0.785700 + 0.080385)
98,0.880634 (0.800100 + 0.080535),0.859895 (0.779400 + 0.080495),0.876140 (0.795600 + 0.080540),0.880634 (0.800100 + 0.080535),0.866085 (0.785700 + 0.080385),0.868774 (0.788400 + 0.080374),0.879849 (0.799200 + 0.080649),0.865195 (0.784800 + 0.080395),0.881494 (0.801000 + 0.080494),0.874223 (0.793800 + 0.080423),0.861620 (0.781200 + 0.080420),0.880634 (0.800100 + 0.080535),0.880634 (0.800100 + 0.080535),0.876983 (0.796500 + 0.080483),0.879695 (0.799200 + 0.080495),0.880634 (0.800100 + 0.080535),0.880634 (0.800100 + 0.080535),0.879700 (0.799200 + 0.080500),0.876057 (0.795600 + 0.080457),0.879695 (0.799200 + 0.080495),0.876983 (0.796500 + 0.080483),0.880634 (0.800100 + 0.080535),0.849815 (0.769500 + 0.080315),0.872626 (0.792000 + 0.080626),0.855126 (0.774900 + 0.080226),0.880589 (0.800100 + 0.080490),0.871494 (0.791100 + 0.080394),0.848976 (0.768600 + 0.080376),0.867862 (0.787500 + 0.080362),0.862609 (0.782100 + 0.080509),0.880634 (0.800100 + 0.080535),0.880634 (0.800100 + 0.080535),0.880634 (0.800100 + 0.080535),0.880634 (0.800100 + 0.080535),0.871494 (0.791100 + 0.080394),0.880634 (0.800100 + 0.080535),0.880634 (0.800100 + 0.080535),0.880634 (0.800100 + 0.080535),0.869687 (0.789300 + 0.080387),0.880634 (0.800100 + 0.080535),0.866107 (0.785700 + 0.080407),0.880634 (0.800100 + 0.080535),0.864227 (0.783900 + 0.080327),0.850146 (0.769500 + 0.080646),0.880634 (0.800100 + 0.080535),0.868296 (0.788400 + 0.079896),0.864111 (0.783900 + 0.080211),0.881472 (0.801000 + 0.080472),0.859745 (0.779400 + 0.080345),0.878839 (0.798300 + 0.080539)
99,0.881494 (0.801000 + 0.080494),0.875297 (0.794700 + 0.080597),0.847999 (0.767700 + 0.080299),0.881494 (0.801000 + 0.080494),0.864168 (0.783900 + 0.080268),0.880634 (0.800100 + 0.080535),0.856276 (0.775800 + 0.080476),0.854676 (0.774000 + 0.080676),0.880634 (0.800100 + 0.080535),0.857270 (0.776700 + 0.080570),0.864262 (0.783900 + 0.080362),0.880634 (0.800100 + 0.080535),0.879786 (0.799200 + 0.080586),0.879743 (0.799200 + 0.080543),0.873315 (0.792900 + 0.080415),0.859775 (0.779400 + 0.080375),0.857203 (0.776700 + 0.080503),0.880634 (0.800100 + 0.080535),0.880634 (0.800100 + 0.080535),0.857888 (0.777600 + 0.080288),0.858415 (0.777600 + 0.080815),0.864020 (0.783900 + 0.080120),0.852542 (0.772200 + 0.080342),0.875148 (0.794700 + 0.080448),0.865096 (0.784800 + 0.080296),0.880634 (0.800100 + 0.080535),0.880634 (0.800100 + 0.080535),0.875267 (0.794700 + 0.080567),0.880634 (0.800100 + 0.080535),0.875185 (0.794700 + 0.080485),0.872456 (0.792000 + 0.080456),0.858975 (0.778500 + 0.080475),0.853825 (0.773100 + 0.080725),0.882417 (0.801900 + 0.080517),0.854303 (0.774000 + 0.080303),0.880634 (0.800100 + 0.080535),0.876140 (0.795600 + 0.080540),0.859560 (0.779400 + 0.080160),0.880634 (0.800100 + 0.080535),0.880634 (0.800100 + 0.080535),0.871494 (0.791100 + 0.080394),0.881494 (0.801000 + 0.080494),0.880634 (0.800100 + 0.080535),0.880634 (0.800100 + 0.080535),0.868755 (0.788400 + 0.080355),0.864218 (0.783900 + 0.080318),0.880634 (0.800100 + 0.080535),0.864410 (0.783900 + 0.080511),0.860459 (0.780300 + 0.080159),0.881494 (0.801000 + 0.080494)
100,0.882417 (0.801900 + 0.080517),0.852281 (0.772200 + 0.080081),0.865152 (0.784800 + 0.080352),0.863232 (0.783000 + 0.080232),0.864360 (0.783900 + 0.080460),0.880634 (0.800100 + 0.080535),0.880634 (0.800100 + 0.080535),0.875108 (0.794700 + 0.080408),0.879700 (0.799200 + 0.080500),0.880634 (0.800100 + 0.080535),0.860660 (0.780300 + 0.080360),0.879804 (0.799200 + 0.080604),0.857007 (0.776700 + 0.080307),0.859686 (0.779400 + 0.080286),0.862650 (0.782100 + 0.080550),0.856004 (0.775800 + 0.080204),0.855122 (0.774900 + 0.080222),0.860628 (0.780300 + 0.080328),0.857201 (0.776700 + 0.080501),0.868948 (0.788400 + 0.080548),0.879643 (0.799200 + 0.080443),0.880674 (0.800100 + 0.080574),0.877017 (0.796500 + 0.080517),0.851735 (0.771300 + 0.080435),0.860658 (0.780300 + 0.080358),0.863172 (0.783000 + 0.080172),0.856046 (0.775800 + 0.080246),0.880633 (0.800100 + 0.080533),0.877998 (0.797400 + 0.080598),0.871494 (0.791100 + 0.080394),0.870429 (0.790200 + 0.080229),0.880634 (0.800100 + 0.080535),0.875185 (0.794700 + 0.080485),0.871494 (0.791100 + 0.080394),0.880554 (0.800100 + 0.080454),0.880634 (0.800100 + 0.080535),0.855396 (0.774900 + 0.080496),0.880634 (0.800100 + 0.080535),0.862688 (0.782100 + 0.080588),0.880634 (0.800100 + 0.080535),0.868793 (0.788400 + 0.080393),0.855824 (0.775800 + 0.080024),0.865096 (0.784800 + 0.080296),0.880634 (0.800100 + 0.080535),0.879743 (0.799200 + 0.080543),0.862446 (0.782100 + 0.080346),0.876983 (0.796500 + 0.080483),0.872347 (0.792000 + 0.080347),0.876084 (0.795600 + 0.080484),0.881494 (0.801000 + 0.080494)
