Generation,Entry1,Entry2,Entry3,Entry4,Entry5,Entry6,Entry7,Entry8,Entry9,Entry10,Entry11,Entry12,Entry13,Entry14,Entry15,Entry16,Entry17,Entry18,Entry19,Entry20,Entry21,Entry22,Entry23,Entry24,Entry25,Entry26,Entry27,Entry28,Entry29,Entry30,Entry31,Entry32,Entry33,Entry34,Entry35,Entry36,Entry37,Entry38,Entry39,Entry40,Entry41,Entry42,Entry43,Entry44,Entry45,Entry46,Entry47,Entry48,Entry49,Entry50,Entry51,Entry52,Entry53,Entry54,Entry55,Entry56,Entry57,Entry58,Entry59,Entry60,Entry61,Entry62,Entry63,Entry64,Entry65,Entry66,Entry67,Entry68,Entry69,Entry70,Entry71,Entry72,Entry73,Entry74,Entry75,Entry76,Entry77,Entry78,Entry79,Entry80,Entry81,Entry82,Entry83,Entry84,Entry85,Entry86,Entry87,Entry88,Entry89,Entry90
1,0.806000 (0.806000 + 0.000000),0.819000 (0.819000 + 0.000000),0.810000 (0.810000 + 0.000000),0.804000 (0.804000 + 0.000000),0.810000 (0.810000 + 0.000000),0.819000 (0.819000 + 0.000000),0.800000 (0.800000 + 0.000000),0.818000 (0.818000 + 0.000000),0.803000 (0.803000 + 0.000000),0.810000 (0.810000 + 0.000000),0.805000 (0.805000 + 0.000000),0.814000 (0.814000 + 0.000000),0.788000 (0.788000 + 0.000000),0.819000 (0.819000 + 0.000000),0.807000 (0.807000 + 0.000000),0.792000 (0.792000 + 0.000000),0.819000 (0.819000 + 0.000000),0.821000 (0.821000 + 0.000000),0.815000 (0.815000 + 0.000000),0.826000 (0.826000 + 0.000000),0.810000 (0.810000 + 0.000000),0.824000 (0.824000 + 0.000000),0.819000 (0.819000 + 0.000000),0.821000 (0.821000 + 0.000000),0.830000 (0.830000 + 0.000000),0.801000 (0.801000 + 0.000000),0.822000 (0.822000 + 0.000000),0.809000 (0.809000 + 0.000000),0.818000 (0.818000 + 0.000000),0.812000 (0.812000 + 0.000000),0.837000 (0.837000 + 0.000000),0.810000 (0.810000 + 0.000000),0.812000 (0.812000 + 0.000000),0.817000 (0.817000 + 0.000000),0.807000 (0.807000 + 0.000000),0.805000 (0.805000 + 0.000000),0.832000 (0.832000 + 0.000000),0.808000 (0.808000 + 0.000000),0.802000 (0.802000 + 0.000000),0.824000 (0.824000 + 0.000000),0.799000 (0.799000 + 0.000000),0.810000 (0.810000 + 0.000000),0.816000 (0.816000 + 0.000000),0.821000 (0.821000 + 0.000000),0.814000 (0.814000 + 0.000000),0.797000 (0.797000 + 0.000000),0.809000 (0.809000 + 0.000000),0.824000 (0.824000 + 0.000000),0.820000 (0.820000 + 0.000000),0.806000 (0.806000 + 0.000000),0.793000 (0.793000 + 0.000000),0.811000 (0.811000 + 0.000000),0.835000 (0.835000 + 0.000000),0.814000 (0.814000 + 0.000000),0.802000 (0.802000 + 0.000000),0.812000 (0.812000 + 0.000000),0.826000 (0.826000 + 0.000000),0.795000 (0.795000 + 0.000000),0.817000 (0.817000 + 0.000000),0.826000 (0.826000 + 0.000000),0.811000 (0.811000 + 0.000000),0.799000 (0.799000 + 0.000000),0.805000 (0.805000 + 0.000000),0.821000 (0.821000 + 0.000000),0.812000 (0.812000 + 0.000000),0.788000 (0.788000 + 0.000000),0.818000 (0.818000 + 0.000000),0.816000 (0.816000 + 0.000000),0.806000 (0.806000 + 0.000000),0.808000 (0.808000 + 0.000000),0.823000 (0.823000 + 0.000000),0.827000 (0.827000 + 0.000000),0.818000 (0.818000 + 0.000000),0.829000 (0.829000 + 0.000000),0.813000 (0.813000 + 0.000000),0.818000 (0.818000 + 0.000000),0.812000 (0.812000 + 0.000000),0.811000 (0.811000 + 0.000000),0.801000 (0.801000 + 0.000000),0.819000 (0.819000 + 0.000000),0.805000 (0.805000 + 0.000000),0.821000 (0.821000 + 0.000000),0.823000 (0.823000 + 0.000000),0.825000 (0.825000 + 0.000000),0.825000 (0.825000 + 0.000000),0.797000 (0.797000 + 0.000000),0.818000 (0.818000 + 0.000000),0.802000 (0.802000 + 0.000000),0.810000 (0.810000 + 0.000000),0.808000 (0.808000 + 0.000000)
2,0.806000 (0.806000 + 0.000000),0.819000 (0.819000 + 0.000000),0.810000 (0.810000 + 0.000000),0.804000 (0.804000 + 0.000000),0.810000 (0.810000 + 0.000000),0.819000 (0.819000 + 0.000000),0.800000 (0.800000 + 0.000000),0.818000 (0.818000 + 0.000000),0.803000 (0.803000 + 0.000000),0.810000 (0.810000 + 0.000000),0.805000 (0.805000 + 0.000000),0.814000 (0.814000 + 0.000000),0.788000 (0.788000 + 0.000000),0.819000 (0.819000 + 0.000000),0.807000 (0.807000 + 0.000000),0.792000 (0.792000 + 0.000000),0.819000 (0.819000 + 0.000000),0.821000 (0.821000 + 0.000000),0.815000 (0.815000 + 0.000000),0.826000 (0.826000 + 0.000000),0.810000 (0.810000 + 0.000000),0.824000 (0.824000 + 0.000000),0.819000 (0.819000 + 0.000000),0.821000 (0.821000 + 0.000000),0.830000 (0.830000 + 0.000000),0.801000 (0.801000 + 0.000000),0.822000 (0.822000 + 0.000000),0.809000 (0.809000 + 0.000000),0.818000 (0.818000 + 0.000000),0.812000 (0.812000 + 0.000000),0.837000 (0.837000 + 0.000000),0.810000 (0.810000 + 0.000000),0.812000 (0.812000 + 0.000000),0.817000 (0.817000 + 0.000000),0.807000 (0.807000 + 0.000000),0.805000 (0.805000 + 0.000000),0.832000 (0.832000 + 0.000000),0.808000 (0.808000 + 0.000000),0.802000 (0.802000 + 0.000000),0.824000 (0.824000 + 0.000000),0.799000 (0.799000 + 0.000000),0.810000 (0.810000 + 0.000000),0.816000 (0.816000 + 0.000000),0.821000 (0.821000 + 0.000000),0.814000 (0.814000 + 0.000000),0.797000 (0.797000 + 0.000000),0.809000 (0.809000 + 0.000000),0.824000 (0.824000 + 0.000000),0.820000 (0.820000 + 0.000000),0.806000 (0.806000 + 0.000000),0.793000 (0.793000 + 0.000000),0.811000 (0.811000 + 0.000000),0.835000 (0.835000 + 0.000000),0.814000 (0.814000 + 0.000000),0.802000 (0.802000 + 0.000000),0.812000 (0.812000 + 0.000000),0.826000 (0.826000 + 0.000000),0.795000 (0.795000 + 0.000000),0.817000 (0.817000 + 0.000000),0.826000 (0.826000 + 0.000000),0.811000 (0.811000 + 0.000000),0.799000 (0.799000 + 0.000000),0.805000 (0.805000 + 0.000000),0.821000 (0.821000 + 0.000000),0.812000 (0.812000 + 0.000000),0.788000 (0.788000 + 0.000000),0.818000 (0.818000 + 0.000000),0.816000 (0.816000 + 0.000000),0.806000 (0.806000 + 0.000000),0.808000 (0.808000 + 0.000000),0.823000 (0.823000 + 0.000000),0.827000 (0.827000 + 0.000000),0.818000 (0.818000 + 0.000000),0.829000 (0.829000 + 0.000000),0.813000 (0.813000 + 0.000000),0.818000 (0.818000 + 0.000000),0.812000 (0.812000 + 0.000000),0.811000 (0.811000 + 0.000000),0.801000 (0.801000 + 0.000000),0.819000 (0.819000 + 0.000000),0.805000 (0.805000 + 0.000000),0.821000 (0.821000 + 0.000000),0.823000 (0.823000 + 0.000000),0.825000 (0.825000 + 0.000000),0.825000 (0.825000 + 0.000000),0.797000 (0.797000 + 0.000000),0.818000 (0.818000 + 0.000000),0.802000 (0.802000 + 0.000000),0.810000 (0.810000 + 0.000000),0.808000 (0.808000 + 0.000000)
3,0.837000 (0.837000 + 0.000000),0.815000 (0.815000 + 0.000000),0.810000 (0.810000 + 0.000000),0.825000 (0.825000 + 0.000000),0.827000 (0.827000 + 0.000000),0.832000 (0.832000 + 0.000000),0.821000 (0.821000 + 0.000000),0.821000 (0.821000 + 0.000000),0.794000 (0.794000 + 0.000000),0.819000 (0.819000 + 0.000000),0.811000 (0.811000 + 0.000000),0.824000 (0.824000 + 0.000000),0.825000 (0.825000 + 0.000000),0.819000 (0.819000 + 0.000000),0.793000 (0.793000 + 0.000000),0.825000 (0.825000 + 0.000000),0.821000 (0.821000 + 0.000000),0.821000 (0.821000 + 0.000000),0.811000 (0.811000 + 0.000000),0.827000 (0.827000 + 0.000000),0.829000 (0.829000 + 0.000000),0.821000 (0.821000 + 0.000000),0.814000 (0.814000 + 0.000000),0.806000 (0.806000 + 0.000000),0.830000 (0.830000 + 0.000000),0.813000 (0.813000 + 0.000000),0.822000 (0.822000 + 0.000000),0.795000 (0.795000 + 0.000000),0.824000 (0.824000 + 0.000000),0.825000 (0.825000 + 0.000000),0.818000 (0.818000 + 0.000000),0.813000 (0.813000 + 0.000000),0.830000 (0.830000 + 0.000000),0.806000 (0.806000 + 0.000000),0.834000 (0.834000 + 0.000000),0.822000 (0.822000 + 0.000000),0.811000 (0.811000 + 0.000000),0.819000 (0.819000 + 0.000000),0.827000 (0.827000 + 0.000000),0.800000 (0.800000 + 0.000000),0.820000 (0.820000 + 0.000000),0.819000 (0.819000 + 0.000000),0.821000 (0.821000 + 0.000000),0.817000 (0.817000 + 0.000000),0.809000 (0.809000 + 0.000000),0.821000 (0.821000 + 0.000000),0.804000 (0.804000 + 0.000000),0.825000 (0.825000 + 0.000000),0.813000 (0.813000 + 0.000000),0.814000 (0.814000 + 0.000000),0.798000 (0.798000 + 0.000000),0.820000 (0.820000 + 0.000000),0.809000 (0.809000 + 0.000000),0.810000 (0.810000 + 0.000000),0.828000 (0.828000 + 0.000000),0.835000 (0.835000 + 0.000000),0.819000 (0.819000 + 0.000000),0.828000 (0.828000 + 0.000000),0.806000 (0.806000 + 0.000000),0.831000 (0.831000 + 0.000000),0.817000 (0.817000 + 0.000000),0.820000 (0.820000 + 0.000000),0.811000 (0.811000 + 0.000000),0.825000 (0.825000 + 0.000000),0.806000 (0.806000 + 0.000000),0.816000 (0.816000 + 0.000000),0.824000 (0.824000 + 0.000000),0.815000 (0.815000 + 0.000000),0.830000 (0.830000 + 0.000000),0.816000 (0.816000 + 0.000000),0.823000 (0.823000 + 0.000000),0.806000 (0.806000 + 0.000000),0.822000 (0.822000 + 0.000000),0.817000 (0.817000 + 0.566667),0.840000 (0.840000 + 0.000000),0.810000 (0.810000 + 0.485380),0.812000 (0.812000 + 0.483333),0.812000 (0.812000 + 0.400000),0.804000 (0.804000 + 0.383333),0.826000 (0.826000 + 0.000000),0.821000 (0.821000 + 0.000000),0.821000 (0.821000 + 0.000000),0.815000 (0.815000 + 0.000000),0.813000 (0.813000 + 0.000000),0.812000 (0.812000 + 0.611111),0.807000 (0.807000 + 0.000000),0.803000 (0.803000 + 0.000000),0.822000 (0.822000 + 0.611111),0.813000 (0.813000 + 0.511111),0.826000 (0.826000 + 0.661376)
4,0.840000 (0.840000 + 0.000000),0.812000 (0.812000 + 0.000000),0.814000 (0.814000 + 0.000000),0.822000 (0.822000 + 0.000000),0.798000 (0.798000 + 0.000000),0.826000 (0.826000 + 0.000000),0.822000 (0.822000 + 0.000000),0.822000 (0.822000 + 0.000000),0.828000 (0.828000 + 0.000000),0.826000 (0.826000 + 0.000000),0.815000 (0.815000 + 0.000000),0.837000 (0.837000 + 0.000000),0.827000 (0.827000 + 0.000000),0.818000 (0.818000 + 0.000000),0.818000 (0.818000 + 0.000000),0.808000 (0.808000 + 0.000000),0.814000 (0.814000 + 0.000000),0.812000 (0.812000 + 0.000000),0.822000 (0.822000 + 0.000000),0.829000 (0.829000 + 0.000000),0.834000 (0.834000 + 0.000000),0.815000 (0.815000 + 0.000000),0.819000 (0.819000 + 0.000000),0.829000 (0.829000 + 0.000000),0.813000 (0.813000 + 0.000000),0.808000 (0.808000 + 0.000000),0.839000 (0.839000 + 0.000000),0.828000 (0.828000 + 0.000000),0.834000 (0.834000 + 0.000000),0.812000 (0.812000 + 0.000000),0.833000 (0.833000 + 0.000000),0.823000 (0.823000 + 0.000000),0.836000 (0.836000 + 0.000000),0.818000 (0.818000 + 0.000000),0.820000 (0.820000 + 0.000000),0.815000 (0.815000 + 0.000000),0.805000 (0.805000 + 0.000000),0.813000 (0.813000 + 0.000000),0.823000 (0.823000 + 0.000000),0.810000 (0.810000 + 0.000000),0.815000 (0.815000 + 0.566667),0.833000 (0.833000 + 0.000000),0.822000 (0.822000 + 0.511111),0.823000 (0.823000 + 0.416667),0.815000 (0.815000 + 0.000000),0.816000 (0.816000 + 0.555556),0.824000 (0.824000 + 0.266667),0.832000 (0.832000 + 0.000000),0.830000 (0.830000 + 0.733333),0.820000 (0.820000 + 0.305556),0.814000 (0.814000 + 0.000000),0.825000 (0.825000 + 0.466667),0.824000 (0.824000 + 0.261111),0.811000 (0.811000 + 0.000000),0.820000 (0.820000 + 0.594444),0.816000 (0.816000 + 0.583333),0.823000 (0.823000 + 0.000000),0.827000 (0.827000 + 0.000000),0.831000 (0.831000 + 0.433862),0.837000 (0.837000 + 0.000000),0.821000 (0.821000 + 0.613757),0.825000 (0.825000 + 0.508772),0.831000 (0.831000 + 0.000000),0.821000 (0.821000 + 0.650000),0.827000 (0.827000 + 0.000000),0.813000 (0.813000 + 0.000000),0.815000 (0.815000 + 0.000000),0.824000 (0.824000 + 0.000000),0.826000 (0.826000 + 0.000000),0.835000 (0.835000 + 0.000000),0.826000 (0.826000 + 0.000000),0.818000 (0.818000 + 0.000000),0.828000 (0.828000 + 0.000000),0.825000 (0.825000 + 0.000000),0.810000 (0.810000 + 0.000000),0.808000 (0.808000 + 0.000000),0.810000 (0.810000 + 0.000000),0.824000 (0.824000 + 0.000000),0.819000 (0.819000 + 0.000000),0.819000 (0.819000 + 0.000000),0.811000 (0.811000 + 0.000000),0.811000 (0.811000 + 0.000000),0.815000 (0.815000 + 0.000000),0.827000 (0.827000 + 0.000000),0.822000 (0.822000 + 0.000000),0.820000 (0.820000 + 0.000000),0.808000 (0.808000 + 0.000000),0.834000 (0.834000 + 0.000000),0.818000 (0.818000 + 0.000000),0.815000 (0.815000 + 0.000000)
5,0.840000 (0.840000 + 0.000000),0.816000 (0.816000 + 0.000000),0.827000 (0.827000 + 0.000000),0.819000 (0.819000 + 0.000000),0.820000 (0.820000 + 0.000000),0.829000 (0.829000 + 0.000000),0.827000 (0.827000 + 0.000000),0.822000 (0.822000 + 0.000000),0.836000 (0.836000 + 0.000000),0.819000 (0.819000 + 0.000000),0.820000 (0.820000 + 0.000000),0.809000 (0.809000 + 0.000000),0.817000 (0.817000 + 0.000000),0.820000 (0.820000 + 0.000000),0.831000 (0.831000 + 0.000000),0.821000 (0.821000 + 0.000000),0.825000 (0.825000 + 0.000000),0.817000 (0.817000 + 0.000000),0.833000 (0.833000 + 0.000000),0.822000 (0.822000 + 0.000000),0.826000 (0.826000 + 0.000000),0.837000 (0.837000 + 0.000000),0.842000 (0.842000 + 0.000000),0.827000 (0.827000 + 0.000000),0.846000 (0.846000 + 0.000000),0.828000 (0.828000 + 0.000000),0.831000 (0.831000 + 0.000000),0.808000 (0.808000 + 0.000000),0.838000 (0.838000 + 0.000000),0.827000 (0.827000 + 0.000000),0.824000 (0.824000 + 0.000000),0.824000 (0.824000 + 0.000000),0.812000 (0.812000 + 0.000000),0.844000 (0.844000 + 0.000000),0.829000 (0.829000 + 0.000000),0.833000 (0.833000 + 0.000000),0.815000 (0.815000 + 0.000000),0.836000 (0.836000 + 0.000000),0.823000 (0.823000 + 0.000000),0.813000 (0.813000 + 0.000000),0.830000 (0.830000 + 0.000000),0.812000 (0.812000 + 0.000000),0.823000 (0.823000 + 0.000000),0.831000 (0.831000 + 0.000000),0.803000 (0.803000 + 0.000000),0.834000 (0.834000 + 0.000000),0.819000 (0.819000 + 0.000000),0.828000 (0.828000 + 0.000000),0.818000 (0.818000 + 0.000000),0.833000 (0.833000 + 0.000000),0.815000 (0.815000 + 0.000000),0.834000 (0.834000 + 0.000000),0.818000 (0.818000 + 0.000000),0.830000 (0.830000 + 0.000000),0.839000 (0.839000 + 0.000000),0.809000 (0.809000 + 0.000000),0.827000 (0.827000 + 0.000000),0.817000 (0.817000 + 0.000000),0.828000 (0.828000 + 0.000000),0.807000 (0.807000 + 0.611111),0.817000 (0.817000 + 0.400000),0.817000 (0.817000 + 0.611111),0.808000 (0.808000 + 0.000000),0.824000 (0.824000 + 0.661376),0.836000 (0.836000 + 0.485380),0.829000 (0.829000 + 0.000000),0.835000 (0.835000 + 0.566667),0.815000 (0.815000 + 0.383333),0.821000 (0.821000 + 0.511111),0.836000 (0.836000 + 0.483333),0.818000 (0.818000 + 0.000000),0.817000 (0.817000 + 0.000000),0.811000 (0.811000 + 0.000000),0.834000 (0.834000 + 0.000000),0.835000 (0.835000 + 0.000000),0.838000 (0.838000 + 0.000000),0.815000 (0.815000 + 0.000000),0.841000 (0.841000 + 0.000000),0.800000 (0.800000 + 0.000000),0.841000 (0.841000 + 0.000000),0.815000 (0.815000 + 0.000000),0.832000 (0.832000 + 0.000000),0.813000 (0.813000 + 0.000000),0.815000 (0.815000 + 0.000000),0.817000 (0.817000 + 0.000000),0.833000 (0.833000 + 0.000000),0.831000 (0.831000 + 0.000000),0.821000 (0.821000 + 0.000000),0.817000 (0.817000 + 0.000000),0.835000 (0.835000 + 0.000000)
6,0.846000 (0.846000 + 0.000000),0.837000 (0.837000 + 0.000000),0.833000 (0.833000 + 0.000000),0.840000 (0.840000 + 0.000000),0.840000 (0.840000 + 0.000000),0.827000 (0.827000 + 0.000000),0.823000 (0.823000 + 0.000000),0.832000 (0.832000 + 0.000000),0.827000 (0.827000 + 0.000000),0.822000 (0.822000 + 0.000000),0.816000 (0.816000 + 0.000000),0.835000 (0.835000 + 0.000000),0.833000 (0.833000 + 0.000000),0.840000 (0.840000 + 0.000000),0.837000 (0.837000 + 0.000000),0.822000 (0.822000 + 0.000000),0.834000 (0.834000 + 0.000000),0.809000 (0.809000 + 0.000000),0.826000 (0.826000 + 0.000000),0.832000 (0.832000 + 0.000000),0.840000 (0.840000 + 0.000000),0.826000 (0.826000 + 0.000000),0.828000 (0.828000 + 0.000000),0.841000 (0.841000 + 0.000000),0.820000 (0.820000 + 0.000000),0.821000 (0.821000 + 0.000000),0.823000 (0.823000 + 0.000000),0.811000 (0.811000 + 0.000000),0.824000 (0.824000 + 0.000000),0.827000 (0.827000 + 0.000000),0.831000 (0.831000 + 0.000000),0.825000 (0.825000 + 0.000000),0.836000 (0.836000 + 0.000000),0.829000 (0.829000 + 0.000000),0.824000 (0.824000 + 0.000000),0.841000 (0.841000 + 0.000000),0.825000 (0.825000 + 0.000000),0.810000 (0.810000 + 0.000000),0.818000 (0.818000 + 0.000000),0.836000 (0.836000 + 0.000000),0.820000 (0.820000 + 0.000000),0.809000 (0.809000 + 0.000000),0.827000 (0.827000 + 0.000000),0.827000 (0.827000 + 0.000000),0.834000 (0.834000 + 0.000000),0.829000 (0.829000 + 0.000000),0.830000 (0.830000 + 0.000000),0.825000 (0.825000 + 0.000000),0.827000 (0.827000 + 0.000000),0.833000 (0.833000 + 0.000000),0.831000 (0.831000 + 0.000000),0.838000 (0.838000 + 0.000000),0.816000 (0.816000 + 0.000000),0.842000 (0.842000 + 0.000000),0.834000 (0.834000 + 0.000000),0.832000 (0.832000 + 0.000000),0.834000 (0.834000 + 0.000000),0.814000 (0.814000 + 0.000000),0.818000 (0.818000 + 0.000000),0.834000 (0.834000 + 0.000000),0.840000 (0.840000 + 0.000000),0.830000 (0.830000 + 0.000000),0.819000 (0.819000 + 0.000000),0.834000 (0.834000 + 0.000000),0.840000 (0.840000 + 0.000000),0.825000 (0.825000 + 0.650000),0.808000 (0.808000 + 0.000000),0.839000 (0.839000 + 0.613757),0.837000 (0.837000 + 0.000000),0.841000 (0.841000 + 0.000000),0.841000 (0.841000 + 0.000000),0.818000 (0.818000 + 0.000000),0.846000 (0.846000 + 0.000000),0.821000 (0.821000 + 0.566667),0.825000 (0.825000 + 0.733333),0.828000 (0.828000 + 0.416667),0.826000 (0.826000 + 0.511111),0.844000 (0.844000 + 0.000000),0.844000 (0.844000 + 0.555556),0.825000 (0.825000 + 0.583333),0.829000 (0.829000 + 0.508772),0.818000 (0.818000 + 0.305556),0.836000 (0.836000 + 0.266667),0.814000 (0.814000 + 0.000000),0.815000 (0.815000 + 0.466667),0.825000 (0.825000 + 0.261111),0.798000 (0.798000 + 0.594444),0.811000 (0.811000 + 0.433862),0.829000 (0.829000 + 0.000000),0.813000 (0.813000 + 0.000000)
7,0.846000 (0.846000 + 0.000000),0.848000 (0.848000 + 0.000000),0.829000 (0.829000 + 0.000000),0.837000 (0.837000 + 0.000000),0.817000 (0.817000 + 0.000000),0.839000 (0.839000 + 0.000000),0.832000 (0.832000 + 0.000000),0.821000 (0.821000 + 0.000000),0.827000 (0.827000 + 0.000000),0.840000 (0.840000 + 0.000000),0.825000 (0.825000 + 0.000000),0.818000 (0.818000 + 0.000000),0.840000 (0.840000 + 0.000000),0.821000 (0.821000 + 0.000000),0.836000 (0.836000 + 0.000000),0.836000 (0.836000 + 0.000000),0.834000 (0.834000 + 0.000000),0.836000 (0.836000 + 0.000000),0.804000 (0.804000 + 0.000000),0.834000 (0.834000 + 0.000000),0.827000 (0.827000 + 0.000000),0.833000 (0.833000 + 0.000000),0.829000 (0.829000 + 0.000000),0.835000 (0.835000 + 0.000000),0.834000 (0.834000 + 0.000000),0.839000 (0.839000 + 0.000000),0.828000 (0.828000 + 0.000000),0.827000 (0.827000 + 0.000000),0.827000 (0.827000 + 0.000000),0.850000 (0.850000 + 0.000000),0.818000 (0.818000 + 0.000000),0.825000 (0.825000 + 0.000000),0.816000 (0.816000 + 0.000000),0.833000 (0.833000 + 0.000000),0.809000 (0.809000 + 0.000000),0.829000 (0.829000 + 0.000000),0.828000 (0.828000 + 0.000000),0.825000 (0.825000 + 0.000000),0.833000 (0.833000 + 0.000000),0.833000 (0.833000 + 0.000000),0.830000 (0.830000 + 0.000000),0.828000 (0.828000 + 0.566667),0.838000 (0.838000 + 0.611111),0.834000 (0.834000 + 0.485380),0.829000 (0.829000 + 0.000000),0.828000 (0.828000 + 0.000000),0.819000 (0.819000 + 0.000000),0.821000 (0.821000 + 0.000000),0.846000 (0.846000 + 0.000000),0.840000 (0.840000 + 0.400000),0.837000 (0.837000 + 0.383333),0.834000 (0.834000 + 0.511111),0.823000 (0.823000 + 0.483333),0.825000 (0.825000 + 0.661376),0.826000 (0.826000 + 0.000000),0.830000 (0.830000 + 0.611111),0.844000 (0.844000 + 0.000000),0.824000 (0.824000 + 0.000000),0.836000 (0.836000 + 0.000000),0.823000 (0.823000 + 0.000000),0.827000 (0.827000 + 0.000000),0.835000 (0.835000 + 0.000000),0.824000 (0.824000 + 0.000000),0.841000 (0.841000 + 0.000000),0.826000 (0.826000 + 0.000000),0.818000 (0.818000 + 0.000000),0.837000 (0.837000 + 0.000000),0.845000 (0.845000 + 0.000000),0.830000 (0.830000 + 0.000000),0.838000 (0.838000 + 0.000000),0.834000 (0.834000 + 0.000000),0.834000 (0.834000 + 0.000000),0.827000 (0.827000 + 0.000000),0.819000 (0.819000 + 0.516667),0.830000 (0.830000 + 0.377778),0.819000 (0.819000 + 0.000000),0.825000 (0.825000 + 0.500000),0.846000 (0.846000 + 0.338889),0.836000 (0.836000 + 0.578947),0.837000 (0.837000 + 0.461111),0.838000 (0.838000 + 0.483333),0.833000 (0.833000 + 0.000000),0.829000 (0.829000 + 0.500000),0.826000 (0.826000 + 0.616667),0.846000 (0.846000 + 0.000000),0.837000 (0.837000 + 0.483333),0.827000 (0.827000 + 0.590643),0.838000 (0.838000 + 0.555556),0.820000 (0.820000 + 0.000000),0.819000 (0.819000 + 0.377778)
8,0.850000 (0.850000 + 0.000000),0.825000 (0.825000 + 0.000000),0.817000 (0.817000 + 0.000000),0.834000 (0.834000 + 0.000000),0.836000 (0.836000 + 0.000000),0.826000 (0.826000 + 0.000000),0.828000 (0.828000 + 0.000000),0.832000 (0.832000 + 0.000000),0.818000 (0.818000 + 0.000000),0.831000 (0.831000 + 0.000000),0.825000 (0.825000 + 0.000000),0.839000 (0.839000 + 0.000000),0.835000 (0.835000 + 0.000000),0.837000 (0.837000 + 0.000000),0.853000 (0.853000 + 0.000000),0.823000 (0.823000 + 0.000000),0.821000 (0.821000 + 0.000000),0.832000 (0.832000 + 0.000000),0.834000 (0.834000 + 0.000000),0.839000 (0.839000 + 0.000000),0.843000 (0.843000 + 0.000000),0.815000 (0.815000 + 0.000000),0.818000 (0.818000 + 0.000000),0.819000 (0.819000 + 0.000000),0.818000 (0.818000 + 0.000000),0.822000 (0.822000 + 0.000000),0.838000 (0.838000 + 0.000000),0.828000 (0.828000 + 0.000000),0.831000 (0.831000 + 0.000000),0.838000 (0.838000 + 0.000000),0.829000 (0.829000 + 0.000000),0.825000 (0.825000 + 0.000000),0.833000 (0.833000 + 0.000000),0.833000 (0.833000 + 0.000000),0.836000 (0.836000 + 0.000000),0.820000 (0.820000 + 0.000000),0.828000 (0.828000 + 0.000000),0.842000 (0.842000 + 0.000000),0.819000 (0.819000 + 0.000000),0.823000 (0.823000 + 0.000000),0.814000 (0.814000 + 0.000000),0.820000 (0.820000 + 0.000000),0.828000 (0.828000 + 0.000000),0.841000 (0.841000 + 0.000000),0.845000 (0.845000 + 0.000000),0.835000 (0.835000 + 0.000000),0.829000 (0.829000 + 0.000000),0.828000 (0.828000 + 0.000000),0.825000 (0.825000 + 0.000000),0.823000 (0.823000 + 0.000000),0.812000 (0.812000 + 0.000000),0.828000 (0.828000 + 0.000000),0.839000 (0.839000 + 0.000000),0.831000 (0.831000 + 0.000000),0.824000 (0.824000 + 0.000000),0.833000 (0.833000 + 0.000000),0.833000 (0.833000 + 0.000000),0.832000 (0.832000 + 0.000000),0.831000 (0.831000 + 0.000000),0.816000 (0.816000 + 0.000000),0.834000 (0.834000 + 0.000000),0.833000 (0.833000 + 0.000000),0.836000 (0.836000 + 0.000000),0.842000 (0.842000 + 0.000000),0.832000 (0.832000 + 0.000000),0.825000 (0.825000 + 0.000000),0.833000 (0.833000 + 0.000000),0.840000 (0.840000 + 0.000000),0.828000 (0.828000 + 0.000000),0.837000 (0.837000 + 0.000000),0.835000 (0.835000 + 0.000000),0.830000 (0.830000 + 0.000000),0.825000 (0.825000 + 0.000000),0.827000 (0.827000 + 0.000000),0.822000 (0.822000 + 0.000000),0.833000 (0.833000 + 0.000000),0.821000 (0.821000 + 0.000000),0.850000 (0.850000 + 0.000000),0.836000 (0.836000 + 0.000000),0.821000 (0.821000 + 0.000000),0.839000 (0.839000 + 0.000000),0.829000 (0.829000 + 0.000000),0.820000 (0.820000 + 0.000000),0.846000 (0.846000 + 0.000000),0.845000 (0.845000 + 0.000000),0.828000 (0.828000 + 0.000000),0.844000 (0.844000 + 0.000000),0.826000 (0.826000 + 0.000000),0.823000 (0.823000 + 0.000000),0.839000 (0.839000 + 0.000000)
9,0.853000 (0.853000 + 0.000000),0.846000 (0.846000 + 0.000000),0.836000 (0.836000 + 0.000000),0.820000 (0.820000 + 0.000000),0.830000 (0.830000 + 0.000000),0.827000 (0.827000 + 0.000000),0.839000 (0.839000 + 0.000000),0.836000 (0.836000 + 0.000000),0.834000 (0.834000 + 0.000000),0.828000 (0.828000 + 0.000000),0.852000 (0.852000 + 0.000000),0.825000 (0.825000 + 0.000000),0.841000 (0.841000 + 0.000000),0.830000 (0.830000 + 0.000000),0.841000 (0.841000 + 0.000000),0.823000 (0.823000 + 0.000000),0.835000 (0.835000 + 0.000000),0.836000 (0.836000 + 0.000000),0.853000 (0.853000 + 0.000000),0.835000 (0.835000 + 0.000000),0.821000 (0.821000 + 0.000000),0.819000 (0.819000 + 0.000000),0.824000 (0.824000 + 0.000000),0.835000 (0.835000 + 0.000000),0.826000 (0.826000 + 0.000000),0.839000 (0.839000 + 0.000000),0.831000 (0.831000 + 0.000000),0.822000 (0.822000 + 0.000000),0.834000 (0.834000 + 0.000000),0.843000 (0.843000 + 0.000000),0.825000 (0.825000 + 0.000000),0.830000 (0.830000 + 0.000000),0.825000 (0.825000 + 0.000000),0.814000 (0.814000 + 0.000000),0.832000 (0.832000 + 0.000000),0.856000 (0.856000 + 0.000000),0.806000 (0.806000 + 0.000000),0.824000 (0.824000 + 0.000000),0.824000 (0.824000 + 0.000000),0.839000 (0.839000 + 0.000000),0.834000 (0.834000 + 0.000000),0.815000 (0.815000 + 0.000000),0.833000 (0.833000 + 0.000000),0.828000 (0.828000 + 0.000000),0.838000 (0.838000 + 0.000000),0.836000 (0.836000 + 0.000000),0.823000 (0.823000 + 0.000000),0.830000 (0.830000 + 0.000000),0.834000 (0.834000 + 0.000000),0.843000 (0.843000 + 0.000000),0.829000 (0.829000 + 0.000000),0.842000 (0.842000 + 0.000000),0.835000 (0.835000 + 0.000000),0.824000 (0.824000 + 0.000000),0.840000 (0.840000 + 0.000000),0.836000 (0.836000 + 0.000000),0.823000 (0.823000 + 0.555556),0.823000 (0.823000 + 0.616667),0.834000 (0.834000 + 0.483333),0.829000 (0.829000 + 0.377778),0.830000 (0.830000 + 0.377778),0.836000 (0.836000 + 0.000000),0.836000 (0.836000 + 0.000000),0.824000 (0.824000 + 0.500000),0.830000 (0.830000 + 0.461111),0.836000 (0.836000 + 0.500000),0.822000 (0.822000 + 0.516667),0.835000 (0.835000 + 0.590643),0.827000 (0.827000 + 0.000000),0.843000 (0.843000 + 0.578947),0.820000 (0.820000 + 0.000000),0.832000 (0.832000 + 0.338889),0.823000 (0.823000 + 0.483333),0.819000 (0.819000 + 0.000000),0.848000 (0.848000 + 0.000000),0.826000 (0.826000 + 0.000000),0.823000 (0.823000 + 0.000000),0.824000 (0.824000 + 0.000000),0.831000 (0.831000 + 0.000000),0.827000 (0.827000 + 0.000000),0.825000 (0.825000 + 0.000000),0.829000 (0.829000 + 0.000000),0.819000 (0.819000 + 0.000000),0.821000 (0.821000 + 0.000000),0.846000 (0.846000 + 0.000000),0.822000 (0.822000 + 0.000000),0.841000 (0.841000 + 0.000000),0.817000 (0.817000 + 0.000000),0.843000 (0.843000 + 0.000000),0.829000 (0.829000 + 0.000000)
10,0.856000 (0.856000 + 0.000000),0.831000 (0.831000 + 0.000000),0.825000 (0.825000 + 0.000000),0.808000 (0.808000 + 0.000000),0.837000 (0.837000 + 0.000000),0.836000 (0.836000 + 0.000000),0.824000 (0.824000 + 0.000000),0.835000 (0.835000 + 0.000000),0.842000 (0.842000 + 0.000000),0.826000 (0.826000 + 0.000000),0.826000 (0.826000 + 0.000000),0.837000 (0.837000 + 0.000000),0.817000 (0.817000 + 0.000000),0.833000 (0.833000 + 0.000000),0.847000 (0.847000 + 0.000000),0.837000 (0.837000 + 0.000000),0.821000 (0.821000 + 0.000000),0.838000 (0.838000 + 0.000000),0.823000 (0.823000 + 0.000000),0.819000 (0.819000 + 0.000000),0.831000 (0.831000 + 0.000000),0.839000 (0.839000 + 0.000000),0.833000 (0.833000 + 0.000000),0.827000 (0.827000 + 0.000000),0.840000 (0.840000 + 0.000000),0.846000 (0.846000 + 0.000000),0.831000 (0.831000 + 0.000000),0.826000 (0.826000 + 0.000000),0.834000 (0.834000 + 0.000000),0.827000 (0.827000 + 0.000000),0.828000 (0.828000 + 0.000000),0.832000 (0.832000 + 0.000000),0.820000 (0.820000 + 0.000000),0.844000 (0.844000 + 0.000000),0.838000 (0.838000 + 0.000000),0.839000 (0.839000 + 0.000000),0.837000 (0.837000 + 0.000000),0.830000 (0.830000 + 0.000000),0.837000 (0.837000 + 0.000000),0.826000 (0.826000 + 0.000000),0.823000 (0.823000 + 0.000000),0.821000 (0.821000 + 0.000000),0.851000 (0.851000 + 0.000000),0.844000 (0.844000 + 0.000000),0.826000 (0.826000 + 0.000000),0.828000 (0.828000 + 0.000000),0.827000 (0.827000 + 0.000000),0.824000 (0.824000 + 0.000000),0.836000 (0.836000 + 0.000000),0.825000 (0.825000 + 0.000000),0.830000 (0.830000 + 0.000000),0.836000 (0.836000 + 0.000000),0.834000 (0.834000 + 0.000000),0.820000 (0.820000 + 0.000000),0.827000 (0.827000 + 0.000000),0.823000 (0.823000 + 0.000000),0.832000 (0.832000 + 0.000000),0.840000 (0.840000 + 0.000000),0.817000 (0.817000 + 0.000000),0.835000 (0.835000 + 0.000000),0.825000 (0.825000 + 0.000000),0.833000 (0.833000 + 0.000000),0.818000 (0.818000 + 0.000000),0.829000 (0.829000 + 0.000000),0.842000 (0.842000 + 0.000000),0.847000 (0.847000 + 0.000000),0.839000 (0.839000 + 0.000000),0.839000 (0.839000 + 0.000000),0.830000 (0.830000 + 0.000000),0.844000 (0.844000 + 0.000000),0.821000 (0.821000 + 0.000000),0.832000 (0.832000 + 0.000000),0.832000 (0.832000 + 0.000000),0.819000 (0.819000 + 0.000000),0.819000 (0.819000 + 0.000000),0.836000 (0.836000 + 0.000000),0.827000 (0.827000 + 0.000000),0.837000 (0.837000 + 0.000000),0.834000 (0.834000 + 0.000000),0.845000 (0.845000 + 0.000000),0.830000 (0.830000 + 0.000000),0.846000 (0.846000 + 0.000000),0.841000 (0.841000 + 0.000000),0.844000 (0.844000 + 0.000000),0.843000 (0.843000 + 0.000000),0.812000 (0.812000 + 0.000000),0.842000 (0.842000 + 0.000000),0.840000 (0.840000 + 0.000000),0.827000 (0.827000 + 0.000000),0.835000 (0.835000 + 0.000000)
11,0.856000 (0.856000 + 0.000000),0.824000 (0.824000 + 0.000000),0.828000 (0.828000 + 0.000000),0.834000 (0.834000 + 0.000000),0.843000 (0.843000 + 0.000000),0.834000 (0.834000 + 0.000000),0.834000 (0.834000 + 0.000000),0.833000 (0.833000 + 0.000000),0.838000 (0.838000 + 0.000000),0.840000 (0.840000 + 0.000000),0.827000 (0.827000 + 0.000000),0.825000 (0.825000 + 0.000000),0.842000 (0.842000 + 0.000000),0.848000 (0.848000 + 0.000000),0.836000 (0.836000 + 0.000000),0.835000 (0.835000 + 0.000000),0.827000 (0.827000 + 0.000000),0.826000 (0.826000 + 0.000000),0.840000 (0.840000 + 0.000000),0.833000 (0.833000 + 0.000000),0.825000 (0.825000 + 0.000000),0.829000 (0.829000 + 0.000000),0.830000 (0.830000 + 0.000000),0.835000 (0.835000 + 0.000000),0.832000 (0.832000 + 0.000000),0.837000 (0.837000 + 0.000000),0.832000 (0.832000 + 0.000000),0.832000 (0.832000 + 0.000000),0.837000 (0.837000 + 0.000000),0.833000 (0.833000 + 0.000000),0.827000 (0.827000 + 0.000000),0.829000 (0.829000 + 0.000000),0.835000 (0.835000 + 0.000000),0.836000 (0.836000 + 0.000000),0.843000 (0.843000 + 0.000000),0.829000 (0.829000 + 0.000000),0.841000 (0.841000 + 0.000000),0.828000 (0.828000 + 0.000000),0.847000 (0.847000 + 0.000000),0.841000 (0.841000 + 0.500000),0.812000 (0.812000 + 0.461111),0.842000 (0.842000 + 0.483333),0.844000 (0.844000 + 0.000000),0.846000 (0.846000 + 0.000000),0.830000 (0.830000 + 0.377778),0.831000 (0.831000 + 0.338889),0.834000 (0.834000 + 0.000000),0.824000 (0.824000 + 0.578947),0.834000 (0.834000 + 0.516667),0.828000 (0.828000 + 0.590643),0.828000 (0.828000 + 0.000000),0.845000 (0.845000 + 0.555556),0.833000 (0.833000 + 0.616667),0.838000 (0.838000 + 0.500000),0.844000 (0.844000 + 0.483333),0.842000 (0.842000 + 0.377778),0.832000 (0.832000 + 0.000000),0.839000 (0.839000 + 0.000000),0.827000 (0.827000 + 0.000000),0.837000 (0.837000 + 0.000000),0.830000 (0.830000 + 0.000000),0.822000 (0.822000 + 0.000000),0.840000 (0.840000 + 0.000000),0.827000 (0.827000 + 0.000000),0.829000 (0.829000 + 0.000000),0.831000 (0.831000 + 0.000000),0.829000 (0.829000 + 0.000000),0.844000 (0.844000 + 0.000000),0.844000 (0.844000 + 0.000000),0.848000 (0.848000 + 0.000000),0.830000 (0.830000 + 0.000000),0.825000 (0.825000 + 0.000000),0.839000 (0.839000 + 0.000000),0.843000 (0.843000 + 0.000000),0.842000 (0.842000 + 0.000000),0.836000 (0.836000 + 0.000000),0.859000 (0.859000 + 0.000000),0.833000 (0.833000 + 0.000000),0.828000 (0.828000 + 0.000000),0.831000 (0.831000 + 0.000000),0.838000 (0.838000 + 0.000000),0.841000 (0.841000 + 0.000000),0.828000 (0.828000 + 68001926933095336902656.000000),0.837000 (0.837000 + 0.000000),0.837000 (0.837000 + 0.000000),0.838000 (0.838000 + 0.000000),0.835000 (0.835000 + 0.000000),0.822000 (0.822000 + 0.000000),0.829000 (0.829000 + 0.000000),0.833000 (0.833000 + 0.000000)
12,0.859000 (0.859000 + 0.000000),0.826000 (0.826000 + 0.000000),0.839000 (0.839000 + 0.000000),0.833000 (0.833000 + 0.000000),0.829000 (0.829000 + 0.000000),0.819000 (0.819000 + 0.000000),0.827000 (0.827000 + 0.000000),0.845000 (0.845000 + 0.000000),0.846000 (0.846000 + 0.000000),0.837000 (0.837000 + 0.000000),0.839000 (0.839000 + 0.000000),0.831000 (0.831000 + 0.000000),0.850000 (0.850000 + 0.000000),0.833000 (0.833000 + 0.000000),0.840000 (0.840000 + 0.000000),0.821000 (0.821000 + 0.000000),0.832000 (0.832000 + 0.000000),0.826000 (0.826000 + 0.000000),0.846000 (0.846000 + 0.000000),0.840000 (0.840000 + 0.000000),0.828000 (0.828000 + 0.000000),0.833000 (0.833000 + 0.000000),0.824000 (0.824000 + 0.000000),0.810000 (0.810000 + 0.000000),0.845000 (0.845000 + 0.000000),0.843000 (0.843000 + 0.000000),0.829000 (0.829000 + 0.000000),0.823000 (0.823000 + 0.000000),0.827000 (0.827000 + 0.000000),0.845000 (0.845000 + 0.000000),0.837000 (0.837000 + 0.000000),0.840000 (0.840000 + 0.000000),0.847000 (0.847000 + 0.000000),0.825000 (0.825000 + 0.000000),0.837000 (0.837000 + 0.000000),0.839000 (0.839000 + 0.000000),0.839000 (0.839000 + 0.000000),0.829000 (0.829000 + 0.000000),0.837000 (0.837000 + 0.000000),0.846000 (0.846000 + 0.000000),0.838000 (0.838000 + 0.000000),0.843000 (0.843000 + 0.000000),0.836000 (0.836000 + 0.000000),0.830000 (0.830000 + 0.000000),0.841000 (0.841000 + 0.000000),0.838000 (0.838000 + 0.000000),0.831000 (0.831000 + 0.000000),0.846000 (0.846000 + 0.000000),0.838000 (0.838000 + 0.000000),0.846000 (0.846000 + 0.000000),0.839000 (0.839000 + 0.000000),0.826000 (0.826000 + 0.000000),0.834000 (0.834000 + 0.000000),0.825000 (0.825000 + 0.000000),0.848000 (0.848000 + 0.000000),0.844000 (0.844000 + 0.000000),0.843000 (0.843000 + 0.000000),0.832000 (0.832000 + 0.000000),0.839000 (0.839000 + 0.000000),0.839000 (0.839000 + 0.000000),0.849000 (0.849000 + 0.000000),0.843000 (0.843000 + 0.000000),0.852000 (0.852000 + 0.000000),0.844000 (0.844000 + 0.000000),0.814000 (0.814000 + 0.000000),0.840000 (0.840000 + 0.000000),0.845000 (0.845000 + 0.000000),0.834000 (0.834000 + 0.000000),0.839000 (0.839000 + 0.000000),0.856000 (0.856000 + 0.000000),0.856000 (0.856000 + 0.000000),0.825000 (0.825000 + 0.000000),0.827000 (0.827000 + 0.000000),0.826000 (0.826000 + 0.000000),0.819000 (0.819000 + 0.000000),0.832000 (0.832000 + 0.000000),0.846000 (0.846000 + 0.000000),0.836000 (0.836000 + 0.000000),0.835000 (0.835000 + 0.000000),0.842000 (0.842000 + 0.000000),0.828000 (0.828000 + 0.000000),0.813000 (0.813000 + 0.000000),0.830000 (0.830000 + 0.000000),0.825000 (0.825000 + 0.000000),0.843000 (0.843000 + 0.000000),0.847000 (0.847000 + 0.000000),0.839000 (0.839000 + 0.000000),0.814000 (0.814000 + 0.000000),0.836000 (0.836000 + 0.000000),0.832000 (0.832000 + 0.000000)
13,0.859000 (0.859000 + 0.000000),0.843000 (0.843000 + 0.000000),0.837000 (0.837000 + 0.000000),0.816000 (0.816000 + 0.000000),0.828000 (0.828000 + 0.000000),0.837000 (0.837000 + 0.000000),0.822000 (0.822000 + 0.000000),0.845000 (0.845000 + 0.000000),0.825000 (0.825000 + 0.000000),0.834000 (0.834000 + 0.000000),0.823000 (0.823000 + 0.000000),0.832000 (0.832000 + 0.000000),0.842000 (0.842000 + 0.000000),0.833000 (0.833000 + 0.000000),0.842000 (0.842000 + 0.000000),0.841000 (0.841000 + 0.000000),0.846000 (0.846000 + 0.000000),0.840000 (0.840000 + 0.000000),0.839000 (0.839000 + 0.000000),0.839000 (0.839000 + 0.000000),0.831000 (0.831000 + 0.000000),0.838000 (0.838000 + 0.000000),0.839000 (0.839000 + 0.000000),0.826000 (0.826000 + 0.000000),0.848000 (0.848000 + 0.000000),0.848000 (0.848000 + 0.000000),0.830000 (0.830000 + 0.000000),0.846000 (0.846000 + 0.000000),0.840000 (0.840000 + 0.000000),0.839000 (0.839000 + 0.000000),0.833000 (0.833000 + 0.000000),0.852000 (0.852000 + 0.000000),0.833000 (0.833000 + 0.000000),0.813000 (0.813000 + 0.000000),0.828000 (0.828000 + 0.000000),0.830000 (0.830000 + 0.000000),0.837000 (0.837000 + 0.000000),0.851000 (0.851000 + 0.000000),0.826000 (0.826000 + 0.000000),0.852000 (0.852000 + 0.578947),0.837000 (0.837000 + 0.483333),0.842000 (0.842000 + 0.616667),0.848000 (0.848000 + 0.461111),0.845000 (0.845000 + 0.338889),0.843000 (0.843000 + 0.000000),0.825000 (0.825000 + 0.500000),0.828000 (0.828000 + 0.516667),0.826000 (0.826000 + 0.000000),0.825000 (0.825000 + 0.500000),0.851000 (0.851000 + 0.483333),0.819000 (0.819000 + 0.377778),0.837000 (0.837000 + 0.377778),0.820000 (0.820000 + 0.590643),0.828000 (0.828000 + 0.000000),0.838000 (0.838000 + 0.555556),0.845000 (0.845000 + 0.000000),0.832000 (0.832000 + 0.000000),0.824000 (0.824000 + 0.000000),0.833000 (0.833000 + 0.000000),0.844000 (0.844000 + 0.000000),0.827000 (0.827000 + 0.000000),0.820000 (0.820000 + 0.000000),0.840000 (0.840000 + 0.000000),0.832000 (0.832000 + 0.000000),0.838000 (0.838000 + 0.000000),0.837000 (0.837000 + 0.000000),0.830000 (0.830000 + 0.000000),0.815000 (0.815000 + 0.000000),0.844000 (0.844000 + 0.000000),0.832000 (0.832000 + 68001926933095336902656.000000),0.835000 (0.835000 + 0.000000),0.841000 (0.841000 + 0.000000),0.852000 (0.852000 + 0.000000),0.830000 (0.830000 + 0.631579),0.822000 (0.822000 + 0.450000),0.842000 (0.842000 + 0.432749),0.838000 (0.838000 + 0.416667),0.824000 (0.824000 + 0.461111),0.839000 (0.839000 + 0.577778),0.844000 (0.844000 + 0.397661),0.848000 (0.848000 + 0.438596),0.819000 (0.819000 + 0.432749),0.839000 (0.839000 + 0.516667),0.828000 (0.828000 + 0.605556),0.836000 (0.836000 + 0.288889),0.843000 (0.843000 + 0.566667),0.835000 (0.835000 + 0.633333),0.843000 (0.843000 + 0.477778),0.825000 (0.825000 + 0.514620),0.840000 (0.840000 + 0.505556)
14,0.859000 (0.859000 + 0.000000),0.835000 (0.835000 + 0.000000),0.835000 (0.835000 + 0.000000),0.830000 (0.830000 + 0.000000),0.823000 (0.823000 + 0.000000),0.833000 (0.833000 + 0.000000),0.841000 (0.841000 + 0.000000),0.828000 (0.828000 + 0.000000),0.840000 (0.840000 + 0.000000),0.841000 (0.841000 + 0.000000),0.833000 (0.833000 + 0.000000),0.844000 (0.844000 + 0.000000),0.844000 (0.844000 + 0.000000),0.826000 (0.826000 + 0.000000),0.846000 (0.846000 + 0.000000),0.828000 (0.828000 + 0.000000),0.847000 (0.847000 + 0.000000),0.822000 (0.822000 + 0.000000),0.833000 (0.833000 + 0.000000),0.843000 (0.843000 + 0.000000),0.843000 (0.843000 + 0.000000),0.833000 (0.833000 + 0.000000),0.837000 (0.837000 + 0.000000),0.838000 (0.838000 + 0.000000),0.825000 (0.825000 + 0.000000),0.854000 (0.854000 + 0.000000),0.835000 (0.835000 + 0.000000),0.839000 (0.839000 + 0.000000),0.819000 (0.819000 + 0.000000),0.836000 (0.836000 + 0.000000),0.832000 (0.832000 + 0.000000),0.835000 (0.835000 + 0.000000),0.824000 (0.824000 + 0.000000),0.814000 (0.814000 + 0.000000),0.839000 (0.839000 + 0.000000),0.839000 (0.839000 + 0.000000),0.827000 (0.827000 + 0.000000),0.845000 (0.845000 + 0.000000),0.843000 (0.843000 + 0.000000),0.836000 (0.836000 + 0.000000),0.841000 (0.841000 + 0.000000),0.845000 (0.845000 + 0.000000),0.835000 (0.835000 + 0.000000),0.825000 (0.825000 + 0.000000),0.834000 (0.834000 + 0.000000),0.833000 (0.833000 + 0.000000),0.830000 (0.830000 + 0.000000),0.844000 (0.844000 + 0.000000),0.849000 (0.849000 + 0.000000),0.844000 (0.844000 + 0.000000),0.844000 (0.844000 + 0.000000),0.834000 (0.834000 + 0.000000),0.834000 (0.834000 + 0.000000),0.832000 (0.832000 + 0.000000),0.845000 (0.845000 + 0.000000),0.835000 (0.835000 + 0.000000),0.837000 (0.837000 + 0.000000),0.851000 (0.851000 + 0.000000),0.848000 (0.848000 + 0.000000),0.824000 (0.824000 + 0.000000),0.831000 (0.831000 + 0.000000),0.836000 (0.836000 + 0.000000),0.840000 (0.840000 + 0.000000),0.850000 (0.850000 + 0.000000),0.832000 (0.832000 + 0.000000),0.845000 (0.845000 + 0.000000),0.843000 (0.843000 + 0.000000),0.821000 (0.821000 + 0.000000),0.831000 (0.831000 + 0.000000),0.843000 (0.843000 + 0.000000),0.841000 (0.841000 + 0.000000),0.842000 (0.842000 + 0.000000),0.839000 (0.839000 + 0.000000),0.828000 (0.828000 + 0.000000),0.833000 (0.833000 + 0.000000),0.844000 (0.844000 + 0.000000),0.841000 (0.841000 + 0.000000),0.851000 (0.851000 + 0.000000),0.838000 (0.838000 + 0.000000),0.832000 (0.832000 + 0.000000),0.837000 (0.837000 + 0.000000),0.840000 (0.840000 + 0.000000),0.833000 (0.833000 + 0.000000),0.842000 (0.842000 + 0.000000),0.840000 (0.840000 + 0.000000),0.838000 (0.838000 + 0.000000),0.831000 (0.831000 + 0.000000),0.827000 (0.827000 + 0.000000),0.825000 (0.825000 + 0.000000),0.837000 (0.837000 + 0.000000)
15,0.859000 (0.859000 + 0.000000),0.848000 (0.848000 + 0.000000),0.844000 (0.844000 + 0.000000),0.842000 (0.842000 + 0.000000),0.834000 (0.834000 + 0.000000),0.837000 (0.837000 + 0.000000),0.830000 (0.830000 + 0.000000),0.844000 (0.844000 + 0.000000),0.833000 (0.833000 + 0.000000),0.836000 (0.836000 + 0.000000),0.846000 (0.846000 + 0.000000),0.840000 (0.840000 + 0.000000),0.826000 (0.826000 + 0.000000),0.846000 (0.846000 + 0.000000),0.844000 (0.844000 + 0.000000),0.841000 (0.841000 + 0.000000),0.833000 (0.833000 + 0.000000),0.836000 (0.836000 + 0.000000),0.838000 (0.838000 + 0.000000),0.840000 (0.840000 + 0.000000),0.830000 (0.830000 + 0.000000),0.840000 (0.840000 + 0.000000),0.836000 (0.836000 + 0.000000),0.862000 (0.862000 + 0.000000),0.836000 (0.836000 + 0.000000),0.830000 (0.830000 + 0.000000),0.833000 (0.833000 + 0.000000),0.842000 (0.842000 + 0.000000),0.832000 (0.832000 + 0.000000),0.824000 (0.824000 + 0.000000),0.838000 (0.838000 + 0.000000),0.830000 (0.830000 + 0.000000),0.845000 (0.845000 + 0.000000),0.832000 (0.832000 + 0.000000),0.814000 (0.814000 + 0.000000),0.838000 (0.838000 + 0.000000),0.811000 (0.811000 + 0.000000),0.844000 (0.844000 + 0.000000),0.832000 (0.832000 + 0.000000),0.838000 (0.838000 + 0.000000),0.841000 (0.841000 + 0.000000),0.835000 (0.835000 + 0.000000),0.837000 (0.837000 + 0.000000),0.844000 (0.844000 + 0.000000),0.860000 (0.860000 + 68001926933095336902656.000000),0.839000 (0.839000 + 0.000000),0.841000 (0.841000 + 0.000000),0.824000 (0.824000 + 0.000000),0.826000 (0.826000 + 0.000000),0.849000 (0.849000 + 0.000000),0.847000 (0.847000 + 0.000000),0.829000 (0.829000 + 0.000000),0.818000 (0.818000 + 0.000000),0.837000 (0.837000 + 0.000000),0.843000 (0.843000 + 0.000000),0.844000 (0.844000 + 0.000000),0.847000 (0.847000 + 0.505556),0.837000 (0.837000 + 0.577778),0.838000 (0.838000 + 0.633333),0.845000 (0.845000 + 0.461111),0.835000 (0.835000 + 0.566667),0.846000 (0.846000 + 0.288889),0.838000 (0.838000 + 0.397661),0.840000 (0.840000 + 0.416667),0.839000 (0.839000 + 0.432749),0.833000 (0.833000 + 0.432749),0.842000 (0.842000 + 0.450000),0.827000 (0.827000 + 0.605556),0.833000 (0.833000 + 0.514620),0.853000 (0.853000 + 0.631579),0.856000 (0.856000 + 0.477778),0.841000 (0.841000 + 0.438596),0.839000 (0.839000 + 0.516667),0.822000 (0.822000 + 0.000000),0.840000 (0.840000 + 0.000000),0.834000 (0.834000 + 0.000000),0.845000 (0.845000 + 0.000000),0.844000 (0.844000 + 0.000000),0.840000 (0.840000 + 0.000000),0.841000 (0.841000 + 0.000000),0.837000 (0.837000 + 0.000000),0.850000 (0.850000 + 0.000000),0.843000 (0.843000 + 0.000000),0.835000 (0.835000 + 0.000000),0.841000 (0.841000 + 0.000000),0.836000 (0.836000 + 0.000000),0.849000 (0.849000 + 0.000000),0.832000 (0.832000 + 0.000000),0.841000 (0.841000 + 0.000000),0.824000 (0.824000 + 0.000000)
16,0.862000 (0.862000 + 0.000000),0.847000 (0.847000 + 0.000000),0.838000 (0.838000 + 0.000000),0.849000 (0.849000 + 0.000000),0.826000 (0.826000 + 0.000000),0.838000 (0.838000 + 0.000000),0.840000 (0.840000 + 0.000000),0.843000 (0.843000 + 0.000000),0.839000 (0.839000 + 0.000000),0.848000 (0.848000 + 0.000000),0.830000 (0.830000 + 0.000000),0.837000 (0.837000 + 0.000000),0.841000 (0.841000 + 0.000000),0.836000 (0.836000 + 0.000000),0.852000 (0.852000 + 0.000000),0.834000 (0.834000 + 0.000000),0.841000 (0.841000 + 0.000000),0.843000 (0.843000 + 0.000000),0.837000 (0.837000 + 0.000000),0.821000 (0.821000 + 0.000000),0.853000 (0.853000 + 0.000000),0.835000 (0.835000 + 0.000000),0.830000 (0.830000 + 0.000000),0.854000 (0.854000 + 0.000000),0.846000 (0.846000 + 0.000000),0.837000 (0.837000 + 0.000000),0.852000 (0.852000 + 0.000000),0.837000 (0.837000 + 0.000000),0.826000 (0.826000 + 0.000000),0.825000 (0.825000 + 0.000000),0.835000 (0.835000 + 0.000000),0.850000 (0.850000 + 0.000000),0.846000 (0.846000 + 0.000000),0.840000 (0.840000 + 0.000000),0.844000 (0.844000 + 0.000000),0.841000 (0.841000 + 0.000000),0.841000 (0.841000 + 0.000000),0.849000 (0.849000 + 0.000000),0.837000 (0.837000 + 0.000000),0.843000 (0.843000 + 0.000000),0.842000 (0.842000 + 0.000000),0.848000 (0.848000 + 0.000000),0.850000 (0.850000 + 0.000000),0.839000 (0.839000 + 0.000000),0.849000 (0.849000 + 0.000000),0.854000 (0.854000 + 0.000000),0.825000 (0.825000 + 0.000000),0.832000 (0.832000 + 0.000000),0.849000 (0.849000 + 0.000000),0.820000 (0.820000 + 0.000000),0.834000 (0.834000 + 0.000000),0.836000 (0.836000 + 0.000000),0.818000 (0.818000 + 0.000000),0.832000 (0.832000 + 0.000000),0.840000 (0.840000 + 0.000000),0.842000 (0.842000 + 0.000000),0.839000 (0.839000 + 0.000000),0.845000 (0.845000 + 0.000000),0.836000 (0.836000 + 0.000000),0.849000 (0.849000 + 0.000000),0.839000 (0.839000 + 0.000000),0.826000 (0.826000 + 0.000000),0.844000 (0.844000 + 0.000000),0.842000 (0.842000 + 0.000000),0.821000 (0.821000 + 0.000000),0.849000 (0.849000 + 0.000000),0.841000 (0.841000 + 0.000000),0.843000 (0.843000 + 0.000000),0.833000 (0.833000 + 0.000000),0.842000 (0.842000 + 0.000000),0.837000 (0.837000 + 0.000000),0.829000 (0.829000 + 0.000000),0.842000 (0.842000 + 0.000000),0.835000 (0.835000 + 0.000000),0.845000 (0.845000 + 0.000000),0.842000 (0.842000 + 0.000000),0.826000 (0.826000 + 0.000000),0.843000 (0.843000 + 0.000000),0.835000 (0.835000 + 0.000000),0.840000 (0.840000 + 0.000000),0.812000 (0.812000 + 0.000000),0.846000 (0.846000 + 0.000000),0.838000 (0.838000 + 0.000000),0.850000 (0.850000 + 0.000000),0.850000 (0.850000 + 0.000000),0.839000 (0.839000 + 0.000000),0.849000 (0.849000 + 0.000000),0.826000 (0.826000 + 0.000000),0.842000 (0.842000 + 0.000000),0.839000 (0.839000 + 0.000000)
17,0.862000 (0.862000 + 0.000000),0.834000 (0.834000 + 0.000000),0.830000 (0.830000 + 0.000000),0.841000 (0.841000 + 0.000000),0.839000 (0.839000 + 0.000000),0.827000 (0.827000 + 0.000000),0.842000 (0.842000 + 0.000000),0.827000 (0.827000 + 0.000000),0.849000 (0.849000 + 0.000000),0.834000 (0.834000 + 0.000000),0.840000 (0.840000 + 0.000000),0.834000 (0.834000 + 0.000000),0.831000 (0.831000 + 0.000000),0.843000 (0.843000 + 0.000000),0.846000 (0.846000 + 0.000000),0.841000 (0.841000 + 0.000000),0.841000 (0.841000 + 0.000000),0.829000 (0.829000 + 0.000000),0.844000 (0.844000 + 0.000000),0.837000 (0.837000 + 0.000000),0.850000 (0.850000 + 0.000000),0.832000 (0.832000 + 0.000000),0.843000 (0.843000 + 0.000000),0.842000 (0.842000 + 0.000000),0.839000 (0.839000 + 0.000000),0.854000 (0.854000 + 0.000000),0.837000 (0.837000 + 0.000000),0.828000 (0.828000 + 0.000000),0.840000 (0.840000 + 0.000000),0.840000 (0.840000 + 0.000000),0.842000 (0.842000 + 0.000000),0.845000 (0.845000 + 0.000000),0.832000 (0.832000 + 0.000000),0.833000 (0.833000 + 0.000000),0.854000 (0.854000 + 0.000000),0.835000 (0.835000 + 0.000000),0.839000 (0.839000 + 0.000000),0.828000 (0.828000 + 0.000000),0.848000 (0.848000 + 0.000000),0.842000 (0.842000 + 0.432749),0.843000 (0.843000 + 0.505556),0.830000 (0.830000 + 0.397661),0.850000 (0.850000 + 0.461111),0.848000 (0.848000 + 0.605556),0.857000 (0.857000 + 0.514620),0.843000 (0.843000 + 0.631579),0.843000 (0.843000 + 0.566667),0.842000 (0.842000 + 0.633333),0.846000 (0.846000 + 0.288889),0.840000 (0.840000 + 0.450000),0.864000 (0.864000 + 0.477778),0.835000 (0.835000 + 0.432749),0.845000 (0.845000 + 0.438596),0.851000 (0.851000 + 0.516667),0.838000 (0.838000 + 0.577778),0.847000 (0.847000 + 0.416667),0.834000 (0.834000 + 0.000000),0.824000 (0.824000 + 0.000000),0.847000 (0.847000 + 0.000000),0.833000 (0.833000 + 0.000000),0.835000 (0.835000 + 0.000000),0.855000 (0.855000 + 0.000000),0.840000 (0.840000 + 0.000000),0.844000 (0.844000 + 0.000000),0.844000 (0.844000 + 0.000000),0.845000 (0.845000 + 0.000000),0.834000 (0.834000 + 0.000000),0.855000 (0.855000 + 0.000000),0.842000 (0.842000 + 0.000000),0.835000 (0.835000 + 0.000000),0.842000 (0.842000 + 0.000000),0.844000 (0.844000 + 0.000000),0.844000 (0.844000 + 0.000000),0.847000 (0.847000 + 0.502924),0.838000 (0.838000 + 0.561404),0.845000 (0.845000 + 0.433333),0.843000 (0.843000 + 0.494444),0.839000 (0.839000 + 0.000000),0.832000 (0.832000 + 0.294444),0.845000 (0.845000 + 0.550000),0.839000 (0.839000 + 0.467836),0.832000 (0.832000 + 0.544444),0.839000 (0.839000 + 0.372222),0.820000 (0.820000 + 0.466667),0.842000 (0.842000 + 0.687831),0.823000 (0.823000 + 0.438889),0.835000 (0.835000 + 0.461111),0.835000 (0.835000 + 0.456140),0.847000 (0.847000 + 0.505556),0.846000 (0.846000 + 0.345029)
18,0.864000 (0.864000 + 0.477778),0.832000 (0.832000 + 0.000000),0.840000 (0.840000 + 0.000000),0.835000 (0.835000 + 0.000000),0.844000 (0.844000 + 0.000000),0.840000 (0.840000 + 0.000000),0.838000 (0.838000 + 0.000000),0.837000 (0.837000 + 0.000000),0.833000 (0.833000 + 0.000000),0.849000 (0.849000 + 0.000000),0.852000 (0.852000 + 0.000000),0.842000 (0.842000 + 0.000000),0.842000 (0.842000 + 0.000000),0.834000 (0.834000 + 0.000000),0.845000 (0.845000 + 0.000000),0.821000 (0.821000 + 0.000000),0.845000 (0.845000 + 0.000000),0.828000 (0.828000 + 0.000000),0.838000 (0.838000 + 0.000000),0.830000 (0.830000 + 0.000000),0.826000 (0.826000 + 0.000000),0.847000 (0.847000 + 0.000000),0.850000 (0.850000 + 0.000000),0.850000 (0.850000 + 0.000000),0.842000 (0.842000 + 0.000000),0.834000 (0.834000 + 0.000000),0.821000 (0.821000 + 0.000000),0.840000 (0.840000 + 0.000000),0.832000 (0.832000 + 0.000000),0.830000 (0.830000 + 0.000000),0.842000 (0.842000 + 0.000000),0.856000 (0.856000 + 0.000000),0.850000 (0.850000 + 0.000000),0.843000 (0.843000 + 0.000000),0.840000 (0.840000 + 0.000000),0.847000 (0.847000 + 0.000000),0.841000 (0.841000 + 0.000000),0.838000 (0.838000 + 0.000000),0.840000 (0.840000 + 0.000000),0.835000 (0.835000 + 0.000000),0.846000 (0.846000 + 0.000000),0.829000 (0.829000 + 0.000000),0.836000 (0.836000 + 0.000000),0.834000 (0.834000 + 0.000000),0.858000 (0.858000 + 0.000000),0.840000 (0.840000 + 0.000000),0.849000 (0.849000 + 0.000000),0.848000 (0.848000 + 0.000000),0.840000 (0.840000 + 0.000000),0.864000 (0.864000 + 0.000000),0.844000 (0.844000 + 0.000000),0.845000 (0.845000 + 0.000000),0.841000 (0.841000 + 0.000000),0.849000 (0.849000 + 0.000000),0.835000 (0.835000 + 0.000000),0.844000 (0.844000 + 0.000000),0.832000 (0.832000 + 0.000000),0.831000 (0.831000 + 0.000000),0.835000 (0.835000 + 0.000000),0.851000 (0.851000 + 0.000000),0.833000 (0.833000 + 0.000000),0.846000 (0.846000 + 0.000000),0.846000 (0.846000 + 0.000000),0.826000 (0.826000 + 0.000000),0.833000 (0.833000 + 0.000000),0.832000 (0.832000 + 0.000000),0.837000 (0.837000 + 0.000000),0.840000 (0.840000 + 0.000000),0.833000 (0.833000 + 0.000000),0.835000 (0.835000 + 0.000000),0.852000 (0.852000 + 0.000000),0.840000 (0.840000 + 0.000000),0.850000 (0.850000 + 0.000000),0.830000 (0.830000 + 0.000000),0.846000 (0.846000 + 0.000000),0.858000 (0.858000 + 0.000000),0.839000 (0.839000 + 0.000000),0.850000 (0.850000 + 0.000000),0.840000 (0.840000 + 0.000000),0.847000 (0.847000 + 0.000000),0.829000 (0.829000 + 0.000000),0.839000 (0.839000 + 0.000000),0.830000 (0.830000 + 0.000000),0.843000 (0.843000 + 0.000000),0.832000 (0.832000 + 0.000000),0.843000 (0.843000 + 0.000000),0.840000 (0.840000 + 0.000000),0.852000 (0.852000 + 0.000000),0.850000 (0.850000 + 0.000000),0.839000 (0.839000 + 0.000000)
19,0.864000 (0.864000 + 0.477778),0.833000 (0.833000 + 0.000000),0.838000 (0.838000 + 0.000000),0.844000 (0.844000 + 0.000000),0.853000 (0.853000 + 0.000000),0.842000 (0.842000 + 0.000000),0.845000 (0.845000 + 0.000000),0.837000 (0.837000 + 0.000000),0.842000 (0.842000 + 0.000000),0.843000 (0.843000 + 0.000000),0.840000 (0.840000 + 0.000000),0.840000 (0.840000 + 0.000000),0.850000 (0.850000 + 0.000000),0.840000 (0.840000 + 0.000000),0.854000 (0.854000 + 0.000000),0.841000 (0.841000 + 0.000000),0.860000 (0.860000 + 0.000000),0.852000 (0.852000 + 0.000000),0.840000 (0.840000 + 0.000000),0.869000 (0.869000 + 0.000000),0.846000 (0.846000 + 0.000000),0.821000 (0.821000 + 0.000000),0.844000 (0.844000 + 0.000000),0.829000 (0.829000 + 0.000000),0.833000 (0.833000 + 0.000000),0.840000 (0.840000 + 0.000000),0.859000 (0.859000 + 0.000000),0.826000 (0.826000 + 0.000000),0.828000 (0.828000 + 0.000000),0.841000 (0.841000 + 0.000000),0.845000 (0.845000 + 0.000000),0.834000 (0.834000 + 0.000000),0.834000 (0.834000 + 0.000000),0.851000 (0.851000 + 0.000000),0.847000 (0.847000 + 0.000000),0.846000 (0.846000 + 0.000000),0.834000 (0.834000 + 0.000000),0.830000 (0.830000 + 0.000000),0.847000 (0.847000 + 0.000000),0.852000 (0.852000 + 0.000000),0.834000 (0.834000 + 0.000000),0.846000 (0.846000 + 0.000000),0.862000 (0.862000 + 0.000000),0.858000 (0.858000 + 0.000000),0.853000 (0.853000 + 0.000000),0.833000 (0.833000 + 0.000000),0.834000 (0.834000 + 0.000000),0.848000 (0.848000 + 0.000000),0.837000 (0.837000 + 0.000000),0.849000 (0.849000 + 0.000000),0.841000 (0.841000 + 0.000000),0.851000 (0.851000 + 0.000000),0.847000 (0.847000 + 0.000000),0.839000 (0.839000 + 0.000000),0.835000 (0.835000 + 0.000000),0.845000 (0.845000 + 0.000000),0.845000 (0.845000 + 0.502924),0.836000 (0.836000 + 0.000000),0.842000 (0.842000 + 0.294444),0.832000 (0.832000 + 0.433333),0.849000 (0.849000 + 0.438889),0.853000 (0.853000 + 0.345029),0.841000 (0.841000 + 0.505556),0.848000 (0.848000 + 0.544444),0.819000 (0.819000 + 0.561404),0.827000 (0.827000 + 0.550000),0.831000 (0.831000 + 0.461111),0.844000 (0.844000 + 0.467836),0.843000 (0.843000 + 0.372222),0.847000 (0.847000 + 0.466667),0.849000 (0.849000 + 0.687831),0.826000 (0.826000 + 0.494444),0.831000 (0.831000 + 0.456140),0.847000 (0.847000 + 0.483333),0.838000 (0.838000 + 0.000000),0.842000 (0.842000 + 0.000000),0.840000 (0.840000 + 0.427778),0.854000 (0.854000 + 0.587302),0.850000 (0.850000 + 0.000000),0.845000 (0.845000 + 0.479532),0.846000 (0.846000 + 0.000000),0.846000 (0.846000 + 0.000000),0.852000 (0.852000 + 0.000000),0.840000 (0.840000 + 0.000000),0.853000 (0.853000 + 0.438889),0.850000 (0.850000 + 0.000000),0.840000 (0.840000 + 0.000000),0.835000 (0.835000 + 0.426901),0.832000 (0.832000 + 0.533333),0.852000 (0.852000 + 0.233333)
20,0.869000 (0.869000 + 0.000000),0.864000 (0.864000 + 0.000000),0.846000 (0.846000 + 0.000000),0.848000 (0.848000 + 0.000000),0.827000 (0.827000 + 0.000000),0.849000 (0.849000 + 0.000000),0.840000 (0.840000 + 0.000000),0.846000 (0.846000 + 0.000000),0.849000 (0.849000 + 0.000000),0.845000 (0.845000 + 0.000000),0.849000 (0.849000 + 0.000000),0.852000 (0.852000 + 0.000000),0.840000 (0.840000 + 0.000000),0.835000 (0.835000 + 0.000000),0.860000 (0.860000 + 0.000000),0.847000 (0.847000 + 0.000000),0.859000 (0.859000 + 0.000000),0.849000 (0.849000 + 0.000000),0.839000 (0.839000 + 0.000000),0.836000 (0.836000 + 0.000000),0.851000 (0.851000 + 0.000000),0.841000 (0.841000 + 0.000000),0.845000 (0.845000 + 0.000000),0.846000 (0.846000 + 0.000000),0.853000 (0.853000 + 0.000000),0.843000 (0.843000 + 0.000000),0.834000 (0.834000 + 0.000000),0.853000 (0.853000 + 0.000000),0.845000 (0.845000 + 0.000000),0.856000 (0.856000 + 0.000000),0.850000 (0.850000 + 0.000000),0.833000 (0.833000 + 0.000000),0.841000 (0.841000 + 0.000000),0.864000 (0.864000 + 0.000000),0.838000 (0.838000 + 0.000000),0.856000 (0.856000 + 0.000000),0.869000 (0.869000 + 0.000000),0.847000 (0.847000 + 0.000000),0.857000 (0.857000 + 0.000000),0.841000 (0.841000 + 0.000000),0.844000 (0.844000 + 0.000000),0.847000 (0.847000 + 0.000000),0.838000 (0.838000 + 0.000000),0.847000 (0.847000 + 0.000000),0.849000 (0.849000 + 0.000000),0.835000 (0.835000 + 0.000000),0.837000 (0.837000 + 0.000000),0.859000 (0.859000 + 0.000000),0.846000 (0.846000 + 0.000000),0.855000 (0.855000 + 0.000000),0.834000 (0.834000 + 0.000000),0.858000 (0.858000 + 0.000000),0.845000 (0.845000 + 0.000000),0.829000 (0.829000 + 0.000000),0.843000 (0.843000 + 0.000000),0.827000 (0.827000 + 0.000000),0.829000 (0.829000 + 0.000000),0.849000 (0.849000 + 0.000000),0.852000 (0.852000 + 0.000000),0.858000 (0.858000 + 0.000000),0.844000 (0.844000 + 0.000000),0.850000 (0.850000 + 0.000000),0.834000 (0.834000 + 0.000000),0.854000 (0.854000 + 0.000000),0.846000 (0.846000 + 0.477778),0.837000 (0.837000 + 0.000000),0.845000 (0.845000 + 0.000000),0.850000 (0.850000 + 0.000000),0.833000 (0.833000 + 0.000000),0.840000 (0.840000 + 0.000000),0.843000 (0.843000 + 0.000000),0.852000 (0.852000 + 0.000000),0.839000 (0.839000 + 0.000000),0.850000 (0.850000 + 0.000000),0.844000 (0.844000 + 0.000000),0.863000 (0.863000 + 0.000000),0.840000 (0.840000 + 0.000000),0.831000 (0.831000 + 0.000000),0.851000 (0.851000 + 0.000000),0.841000 (0.841000 + 0.000000),0.854000 (0.854000 + 0.000000),0.846000 (0.846000 + 0.000000),0.836000 (0.836000 + 0.000000),0.839000 (0.839000 + 0.000000),0.841000 (0.841000 + 0.000000),0.848000 (0.848000 + 0.000000),0.841000 (0.841000 + 0.000000),0.844000 (0.844000 + 0.000000),0.844000 (0.844000 + 0.000000),0.841000 (0.841000 + 0.000000)
21,0.869000 (0.869000 + 0.000000),0.862000 (0.862000 + 0.000000),0.845000 (0.845000 + 0.000000),0.842000 (0.842000 + 0.000000),0.850000 (0.850000 + 0.000000),0.859000 (0.859000 + 0.000000),0.844000 (0.844000 + 0.000000),0.848000 (0.848000 + 0.000000),0.857000 (0.857000 + 0.000000),0.840000 (0.840000 + 0.000000),0.831000 (0.831000 + 0.000000),0.849000 (0.849000 + 0.000000),0.870000 (0.870000 + 0.000000),0.851000 (0.851000 + 0.000000),0.845000 (0.845000 + 0.000000),0.856000 (0.856000 + 0.000000),0.852000 (0.852000 + 0.000000),0.860000 (0.860000 + 0.000000),0.837000 (0.837000 + 0.000000),0.846000 (0.846000 + 0.000000),0.849000 (0.849000 + 0.000000),0.841000 (0.841000 + 0.000000),0.841000 (0.841000 + 0.000000),0.836000 (0.836000 + 0.000000),0.863000 (0.863000 + 0.000000),0.852000 (0.852000 + 0.000000),0.825000 (0.825000 + 0.000000),0.858000 (0.858000 + 0.000000),0.845000 (0.845000 + 0.000000),0.849000 (0.849000 + 0.000000),0.860000 (0.860000 + 0.000000),0.842000 (0.842000 + 0.000000),0.854000 (0.854000 + 0.000000),0.853000 (0.853000 + 0.000000),0.835000 (0.835000 + 0.000000),0.849000 (0.849000 + 0.000000),0.833000 (0.833000 + 0.000000),0.841000 (0.841000 + 0.000000),0.846000 (0.846000 + 0.000000),0.840000 (0.840000 + 0.438889),0.839000 (0.839000 + 0.544444),0.840000 (0.840000 + 0.561404),0.839000 (0.839000 + 0.550000),0.863000 (0.863000 + 0.687831),0.858000 (0.858000 + 0.502924),0.853000 (0.853000 + 0.433333),0.847000 (0.847000 + 0.505556),0.847000 (0.847000 + 0.494444),0.826000 (0.826000 + 0.372222),0.844000 (0.844000 + 0.345029),0.839000 (0.839000 + 0.000000),0.842000 (0.842000 + 0.461111),0.845000 (0.845000 + 0.294444),0.837000 (0.837000 + 0.467836),0.849000 (0.849000 + 0.456140),0.856000 (0.856000 + 0.466667),0.843000 (0.843000 + 0.233333),0.854000 (0.854000 + 0.000000),0.841000 (0.841000 + 0.427778),0.859000 (0.859000 + 0.533333),0.846000 (0.846000 + 0.000000),0.856000 (0.856000 + 0.426901),0.842000 (0.842000 + 0.000000),0.852000 (0.852000 + 0.000000),0.849000 (0.849000 + 0.483333),0.851000 (0.851000 + 0.438889),0.840000 (0.840000 + 0.479532),0.853000 (0.853000 + 0.587302),0.846000 (0.846000 + 0.000000),0.839000 (0.839000 + 0.000000),0.843000 (0.843000 + 0.000000),0.853000 (0.853000 + 0.000000),0.851000 (0.851000 + 0.000000),0.844000 (0.844000 + 0.377778),0.858000 (0.858000 + 0.450000),0.849000 (0.849000 + 0.450000),0.840000 (0.840000 + 0.497355),0.831000 (0.831000 + 0.477778),0.861000 (0.861000 + 0.438889),0.844000 (0.844000 + 0.555556),0.848000 (0.848000 + 0.467836),0.843000 (0.843000 + 0.411111),0.843000 (0.843000 + 0.438889),0.843000 (0.843000 + 0.327778),0.851000 (0.851000 + 0.467836),0.836000 (0.836000 + 0.311111),0.844000 (0.844000 + 0.450000),0.847000 (0.847000 + 0.527778),0.838000 (0.838000 + 0.483333),0.851000 (0.851000 + 0.309942)
22,0.870000 (0.870000 + 0.000000),0.848000 (0.848000 + 0.000000),0.852000 (0.852000 + 0.000000),0.848000 (0.848000 + 0.000000),0.852000 (0.852000 + 0.000000),0.859000 (0.859000 + 0.000000),0.860000 (0.860000 + 0.000000),0.835000 (0.835000 + 0.000000),0.847000 (0.847000 + 0.000000),0.868000 (0.868000 + 0.000000),0.837000 (0.837000 + 0.000000),0.845000 (0.845000 + 0.000000),0.827000 (0.827000 + 0.000000),0.843000 (0.843000 + 0.000000),0.853000 (0.853000 + 0.000000),0.857000 (0.857000 + 0.000000),0.851000 (0.851000 + 0.000000),0.852000 (0.852000 + 0.000000),0.840000 (0.840000 + 0.000000),0.853000 (0.853000 + 0.000000),0.847000 (0.847000 + 0.000000),0.843000 (0.843000 + 0.000000),0.846000 (0.846000 + 0.000000),0.845000 (0.845000 + 0.000000),0.842000 (0.842000 + 0.000000),0.843000 (0.843000 + 0.000000),0.843000 (0.843000 + 0.000000),0.864000 (0.864000 + 0.000000),0.845000 (0.845000 + 0.000000),0.846000 (0.846000 + 0.000000),0.849000 (0.849000 + 0.000000),0.831000 (0.831000 + 0.000000),0.847000 (0.847000 + 0.000000),0.845000 (0.845000 + 0.000000),0.851000 (0.851000 + 0.000000),0.852000 (0.852000 + 0.000000),0.839000 (0.839000 + 0.000000),0.863000 (0.863000 + 0.000000),0.846000 (0.846000 + 0.000000),0.851000 (0.851000 + 0.000000),0.829000 (0.829000 + 0.000000),0.845000 (0.845000 + 0.000000),0.839000 (0.839000 + 0.000000),0.859000 (0.859000 + 0.000000),0.853000 (0.853000 + 0.000000),0.847000 (0.847000 + 0.000000),0.851000 (0.851000 + 0.000000),0.826000 (0.826000 + 0.000000),0.832000 (0.832000 + 0.000000),0.849000 (0.849000 + 0.000000),0.840000 (0.840000 + 0.000000),0.856000 (0.856000 + 0.000000),0.853000 (0.853000 + 0.000000),0.854000 (0.854000 + 0.000000),0.859000 (0.859000 + 0.000000),0.837000 (0.837000 + 0.000000),0.856000 (0.856000 + 0.000000),0.850000 (0.850000 + 0.000000),0.856000 (0.856000 + 0.000000),0.852000 (0.852000 + 0.000000),0.862000 (0.862000 + 0.000000),0.853000 (0.853000 + 0.000000),0.847000 (0.847000 + 0.000000),0.869000 (0.869000 + 0.000000),0.842000 (0.842000 + 0.000000),0.845000 (0.845000 + 0.000000),0.833000 (0.833000 + 0.000000),0.847000 (0.847000 + 0.000000),0.855000 (0.855000 + 0.000000),0.852000 (0.852000 + 0.000000),0.851000 (0.851000 + 0.000000),0.840000 (0.840000 + 0.000000),0.851000 (0.851000 + 0.000000),0.840000 (0.840000 + 0.000000),0.853000 (0.853000 + 0.000000),0.849000 (0.849000 + 0.000000),0.843000 (0.843000 + 0.000000),0.849000 (0.849000 + 0.000000),0.848000 (0.848000 + 0.000000),0.850000 (0.850000 + 0.000000),0.846000 (0.846000 + 0.000000),0.843000 (0.843000 + 0.000000),0.838000 (0.838000 + 0.000000),0.855000 (0.855000 + 0.000000),0.833000 (0.833000 + 0.000000),0.853000 (0.853000 + 0.000000),0.859000 (0.859000 + 0.000000),0.847000 (0.847000 + 0.000000),0.847000 (0.847000 + 0.000000),0.856000 (0.856000 + 0.000000)
23,0.870000 (0.870000 + 0.000000),0.842000 (0.842000 + 0.000000),0.829000 (0.829000 + 0.000000),0.846000 (0.846000 + 0.000000),0.859000 (0.859000 + 0.000000),0.850000 (0.850000 + 0.000000),0.859000 (0.859000 + 0.000000),0.845000 (0.845000 + 0.000000),0.860000 (0.860000 + 0.000000),0.868000 (0.868000 + 0.000000),0.847000 (0.847000 + 0.000000),0.841000 (0.841000 + 0.000000),0.853000 (0.853000 + 0.000000),0.852000 (0.852000 + 0.000000),0.863000 (0.863000 + 0.000000),0.856000 (0.856000 + 0.000000),0.863000 (0.863000 + 0.000000),0.847000 (0.847000 + 0.000000),0.842000 (0.842000 + 0.000000),0.846000 (0.846000 + 0.000000),0.850000 (0.850000 + 0.000000),0.849000 (0.849000 + 0.000000),0.843000 (0.843000 + 0.000000),0.853000 (0.853000 + 0.000000),0.843000 (0.843000 + 0.000000),0.842000 (0.842000 + 0.000000),0.850000 (0.850000 + 0.000000),0.850000 (0.850000 + 0.000000),0.849000 (0.849000 + 0.000000),0.853000 (0.853000 + 0.000000),0.835000 (0.835000 + 0.000000),0.847000 (0.847000 + 0.000000),0.831000 (0.831000 + 0.000000),0.864000 (0.864000 + 0.000000),0.853000 (0.853000 + 0.000000),0.854000 (0.854000 + 0.000000),0.860000 (0.860000 + 0.000000),0.856000 (0.856000 + 0.000000),0.841000 (0.841000 + 0.000000),0.850000 (0.850000 + 0.000000),0.854000 (0.854000 + 0.479532),0.841000 (0.841000 + 0.000000),0.838000 (0.838000 + 0.438889),0.840000 (0.840000 + 0.427778),0.863000 (0.863000 + 0.483333),0.853000 (0.853000 + 0.000000),0.847000 (0.847000 + 0.000000),0.857000 (0.857000 + 0.000000),0.854000 (0.854000 + 0.000000),0.851000 (0.851000 + 0.000000),0.854000 (0.854000 + 0.000000),0.848000 (0.848000 + 0.533333),0.845000 (0.845000 + 0.000000),0.869000 (0.869000 + 0.233333),0.845000 (0.845000 + 0.587302),0.842000 (0.842000 + 0.426901),0.846000 (0.846000 + 0.467836),0.846000 (0.846000 + 0.377778),0.846000 (0.846000 + 0.477778),0.854000 (0.854000 + 0.450000),0.859000 (0.859000 + 0.309942),0.858000 (0.858000 + 0.327778),0.841000 (0.841000 + 0.438889),0.853000 (0.853000 + 0.527778),0.863000 (0.863000 + 0.497355),0.866000 (0.866000 + 0.311111),0.839000 (0.839000 + 0.450000),0.863000 (0.863000 + 0.411111),0.849000 (0.849000 + 0.555556),0.849000 (0.849000 + 0.467836),0.854000 (0.854000 + 0.438889),0.855000 (0.855000 + 0.450000),0.842000 (0.842000 + 0.483333),0.842000 (0.842000 + 0.421053),0.855000 (0.855000 + 0.000000),0.850000 (0.850000 + 0.422222),0.849000 (0.849000 + 0.611111),0.819000 (0.819000 + 0.416667),0.865000 (0.865000 + 0.527778),0.853000 (0.853000 + 0.416667),0.853000 (0.853000 + 0.485380),0.870000 (0.870000 + 0.333333),0.869000 (0.869000 + 0.000000),0.840000 (0.840000 + 0.450000),0.849000 (0.849000 + 0.527778),0.849000 (0.849000 + 0.455556),0.837000 (0.837000 + 0.622222),0.841000 (0.841000 + 0.516667),0.841000 (0.841000 + 0.444444),0.864000 (0.864000 + 0.573099)
24,0.870000 (0.870000 + 0.333333),0.842000 (0.842000 + 0.000000),0.852000 (0.852000 + 0.000000),0.844000 (0.844000 + 0.000000),0.844000 (0.844000 + 0.000000),0.846000 (0.846000 + 0.000000),0.835000 (0.835000 + 0.000000),0.848000 (0.848000 + 0.000000),0.846000 (0.846000 + 0.000000),0.860000 (0.860000 + 0.000000),0.862000 (0.862000 + 0.000000),0.846000 (0.846000 + 0.000000),0.840000 (0.840000 + 0.000000),0.856000 (0.856000 + 0.000000),0.835000 (0.835000 + 0.000000),0.863000 (0.863000 + 0.000000),0.854000 (0.854000 + 0.000000),0.854000 (0.854000 + 0.000000),0.843000 (0.843000 + 0.000000),0.855000 (0.855000 + 0.000000),0.832000 (0.832000 + 0.000000),0.850000 (0.850000 + 0.000000),0.859000 (0.859000 + 0.000000),0.839000 (0.839000 + 0.000000),0.866000 (0.866000 + 0.000000),0.834000 (0.834000 + 0.000000),0.846000 (0.846000 + 0.000000),0.851000 (0.851000 + 0.000000),0.845000 (0.845000 + 0.000000),0.859000 (0.859000 + 0.000000),0.828000 (0.828000 + 0.000000),0.846000 (0.846000 + 0.000000),0.848000 (0.848000 + 0.000000),0.849000 (0.849000 + 0.000000),0.845000 (0.845000 + 0.000000),0.843000 (0.843000 + 0.000000),0.853000 (0.853000 + 0.000000),0.855000 (0.855000 + 0.000000),0.869000 (0.869000 + 0.000000),0.855000 (0.855000 + 0.000000),0.856000 (0.856000 + 0.000000),0.862000 (0.862000 + 0.000000),0.855000 (0.855000 + 0.000000),0.857000 (0.857000 + 0.000000),0.851000 (0.851000 + 0.000000),0.859000 (0.859000 + 0.000000),0.850000 (0.850000 + 0.000000),0.839000 (0.839000 + 0.000000),0.849000 (0.849000 + 0.000000),0.842000 (0.842000 + 0.000000),0.847000 (0.847000 + 0.000000),0.857000 (0.857000 + 0.000000),0.847000 (0.847000 + 0.000000),0.836000 (0.836000 + 0.000000),0.849000 (0.849000 + 0.000000),0.859000 (0.859000 + 0.000000),0.846000 (0.846000 + 0.000000),0.858000 (0.858000 + 0.000000),0.848000 (0.848000 + 0.000000),0.836000 (0.836000 + 0.000000),0.837000 (0.837000 + 0.000000),0.832000 (0.832000 + 0.000000),0.850000 (0.850000 + 0.000000),0.853000 (0.853000 + 0.000000),0.836000 (0.836000 + 0.000000),0.822000 (0.822000 + 0.000000),0.859000 (0.859000 + 0.000000),0.859000 (0.859000 + 0.000000),0.840000 (0.840000 + 0.000000),0.835000 (0.835000 + 0.000000),0.853000 (0.853000 + 0.000000),0.848000 (0.848000 + 0.000000),0.850000 (0.850000 + 0.000000),0.855000 (0.855000 + 0.000000),0.849000 (0.849000 + 0.000000),0.855000 (0.855000 + 0.000000),0.851000 (0.851000 + 0.000000),0.852000 (0.852000 + 0.000000),0.862000 (0.862000 + 0.000000),0.836000 (0.836000 + 0.000000),0.845000 (0.845000 + 0.000000),0.854000 (0.854000 + 0.000000),0.839000 (0.839000 + 0.000000),0.855000 (0.855000 + 0.000000),0.855000 (0.855000 + 0.000000),0.855000 (0.855000 + 0.000000),0.857000 (0.857000 + 0.000000),0.842000 (0.842000 + 0.000000),0.840000 (0.840000 + 0.000000),0.848000 (0.848000 + 0.000000)
25,0.870000 (0.870000 + 0.333333),0.863000 (0.863000 + 0.000000),0.840000 (0.840000 + 0.000000),0.858000 (0.858000 + 0.000000),0.860000 (0.860000 + 0.000000),0.859000 (0.859000 + 0.000000),0.862000 (0.862000 + 0.000000),0.863000 (0.863000 + 0.000000),0.832000 (0.832000 + 0.000000),0.856000 (0.856000 + 0.000000),0.850000 (0.850000 + 0.000000),0.852000 (0.852000 + 0.000000),0.847000 (0.847000 + 0.000000),0.861000 (0.861000 + 0.000000),0.851000 (0.851000 + 0.000000),0.858000 (0.858000 + 0.000000),0.861000 (0.861000 + 0.000000),0.843000 (0.843000 + 0.000000),0.853000 (0.853000 + 0.000000),0.840000 (0.840000 + 0.000000),0.847000 (0.847000 + 0.000000),0.846000 (0.846000 + 0.000000),0.855000 (0.855000 + 0.000000),0.839000 (0.839000 + 0.000000),0.836000 (0.836000 + 0.000000),0.826000 (0.826000 + 0.000000),0.854000 (0.854000 + 0.000000),0.847000 (0.847000 + 0.000000),0.851000 (0.851000 + 0.000000),0.855000 (0.855000 + 0.000000),0.833000 (0.833000 + 0.000000),0.849000 (0.849000 + 0.000000),0.847000 (0.847000 + 0.000000),0.854000 (0.854000 + 0.000000),0.839000 (0.839000 + 0.000000),0.847000 (0.847000 + 0.000000),0.862000 (0.862000 + 0.000000),0.866000 (0.866000 + 0.000000),0.850000 (0.850000 + 0.000000),0.855000 (0.855000 + 0.467836),0.849000 (0.849000 + 0.497355),0.851000 (0.851000 + 0.477778),0.850000 (0.850000 + 0.309942),0.853000 (0.853000 + 0.377778),0.841000 (0.841000 + 0.483333),0.843000 (0.843000 + 0.450000),0.841000 (0.841000 + 0.327778),0.850000 (0.850000 + 0.450000),0.869000 (0.869000 + 0.450000),0.853000 (0.853000 + 0.411111),0.840000 (0.840000 + 0.438889),0.850000 (0.850000 + 0.438889),0.848000 (0.848000 + 0.555556),0.860000 (0.860000 + 0.527778),0.845000 (0.845000 + 0.311111),0.857000 (0.857000 + 0.467836),0.853000 (0.853000 + 0.622222),0.853000 (0.853000 + 0.444444),0.848000 (0.848000 + 0.421053),0.835000 (0.835000 + 0.333333),0.850000 (0.850000 + 0.527778),0.851000 (0.851000 + 0.000000),0.852000 (0.852000 + 0.416667),0.846000 (0.846000 + 0.516667),0.855000 (0.855000 + 0.455556),0.862000 (0.862000 + 0.416667),0.867000 (0.867000 + 0.485380),0.849000 (0.849000 + 0.527778),0.859000 (0.859000 + 0.422222),0.853000 (0.853000 + 0.450000),0.870000 (0.870000 + 0.611111),0.865000 (0.865000 + 0.000000),0.850000 (0.850000 + 0.573099),0.862000 (0.862000 + 0.000000),0.859000 (0.859000 + 0.000000),0.847000 (0.847000 + 0.000000),0.868000 (0.868000 + 0.000000),0.841000 (0.841000 + 0.000000),0.852000 (0.852000 + 0.000000),0.851000 (0.851000 + 0.000000),0.858000 (0.858000 + 0.000000),0.861000 (0.861000 + 0.000000),0.853000 (0.853000 + 0.000000),0.847000 (0.847000 + 0.000000),0.851000 (0.851000 + 0.000000),0.840000 (0.840000 + 0.000000),0.848000 (0.848000 + 0.000000),0.844000 (0.844000 + 0.000000),0.846000 (0.846000 + 0.000000),0.846000 (0.846000 + 0.000000)
26,0.870000 (0.870000 + 0.333333),0.859000 (0.859000 + 0.000000),0.847000 (0.847000 + 0.000000),0.845000 (0.845000 + 0.000000),0.855000 (0.855000 + 0.000000),0.853000 (0.853000 + 0.000000),0.853000 (0.853000 + 0.000000),0.851000 (0.851000 + 0.000000),0.838000 (0.838000 + 0.000000),0.867000 (0.867000 + 0.000000),0.839000 (0.839000 + 0.000000),0.848000 (0.848000 + 0.000000),0.856000 (0.856000 + 0.000000),0.869000 (0.869000 + 0.000000),0.858000 (0.858000 + 0.000000),0.858000 (0.858000 + 0.000000),0.850000 (0.850000 + 0.000000),0.848000 (0.848000 + 0.000000),0.869000 (0.869000 + 0.000000),0.854000 (0.854000 + 0.000000),0.863000 (0.863000 + 0.000000),0.847000 (0.847000 + 0.000000),0.857000 (0.857000 + 0.000000),0.854000 (0.854000 + 0.000000),0.861000 (0.861000 + 0.000000),0.853000 (0.853000 + 0.000000),0.866000 (0.866000 + 0.000000),0.856000 (0.856000 + 0.000000),0.865000 (0.865000 + 0.000000),0.862000 (0.862000 + 0.000000),0.856000 (0.856000 + 0.000000),0.864000 (0.864000 + 0.000000),0.856000 (0.856000 + 0.000000),0.869000 (0.869000 + 0.000000),0.862000 (0.862000 + 0.000000),0.855000 (0.855000 + 0.000000),0.847000 (0.847000 + 0.000000),0.848000 (0.848000 + 0.000000),0.837000 (0.837000 + 0.000000),0.841000 (0.841000 + 0.000000),0.859000 (0.859000 + 0.000000),0.847000 (0.847000 + 0.000000),0.854000 (0.854000 + 0.000000),0.854000 (0.854000 + 0.000000),0.853000 (0.853000 + 0.000000),0.854000 (0.854000 + 0.000000),0.861000 (0.861000 + 0.000000),0.841000 (0.841000 + 0.000000),0.848000 (0.848000 + 0.000000),0.849000 (0.849000 + 0.000000),0.866000 (0.866000 + 0.000000),0.857000 (0.857000 + 0.000000),0.854000 (0.854000 + 0.000000),0.856000 (0.856000 + 0.000000),0.854000 (0.854000 + 0.000000),0.862000 (0.862000 + 0.000000),0.855000 (0.855000 + 0.000000),0.855000 (0.855000 + 0.000000),0.850000 (0.850000 + 0.000000),0.866000 (0.866000 + 0.000000),0.851000 (0.851000 + 0.000000),0.851000 (0.851000 + 0.000000),0.845000 (0.845000 + 0.000000),0.861000 (0.861000 + 0.000000),0.846000 (0.846000 + 0.000000),0.859000 (0.859000 + 0.000000),0.841000 (0.841000 + 0.000000),0.838000 (0.838000 + 0.000000),0.827000 (0.827000 + 0.000000),0.863000 (0.863000 + 0.000000),0.850000 (0.850000 + 0.000000),0.853000 (0.853000 + 0.000000),0.844000 (0.844000 + 0.000000),0.873000 (0.873000 + 0.000000),0.856000 (0.856000 + 0.000000),0.854000 (0.854000 + 0.000000),0.862000 (0.862000 + 0.000000),0.859000 (0.859000 + 0.000000),0.849000 (0.849000 + 0.000000),0.862000 (0.862000 + 0.000000),0.862000 (0.862000 + 0.000000),0.841000 (0.841000 + 0.333333),0.864000 (0.864000 + 0.000000),0.852000 (0.852000 + 0.000000),0.855000 (0.855000 + 0.000000),0.856000 (0.856000 + 0.000000),0.847000 (0.847000 + 0.000000),0.848000 (0.848000 + 0.000000),0.856000 (0.856000 + 0.000000),0.845000 (0.845000 + 0.000000)
27,0.873000 (0.873000 + 0.000000),0.845000 (0.845000 + 0.000000),0.858000 (0.858000 + 0.000000),0.847000 (0.847000 + 0.000000),0.862000 (0.862000 + 0.000000),0.848000 (0.848000 + 0.000000),0.859000 (0.859000 + 0.000000),0.866000 (0.866000 + 0.000000),0.855000 (0.855000 + 0.000000),0.863000 (0.863000 + 0.000000),0.847000 (0.847000 + 0.000000),0.869000 (0.869000 + 0.000000),0.848000 (0.848000 + 0.000000),0.847000 (0.847000 + 0.000000),0.853000 (0.853000 + 0.000000),0.866000 (0.866000 + 0.000000),0.872000 (0.872000 + 0.000000),0.844000 (0.844000 + 0.000000),0.862000 (0.862000 + 0.000000),0.861000 (0.861000 + 0.000000),0.859000 (0.859000 + 0.000000),0.851000 (0.851000 + 0.000000),0.855000 (0.855000 + 0.000000),0.857000 (0.857000 + 0.000000),0.852000 (0.852000 + 0.000000),0.857000 (0.857000 + 0.000000),0.863000 (0.863000 + 0.000000),0.845000 (0.845000 + 0.000000),0.854000 (0.854000 + 0.000000),0.856000 (0.856000 + 0.000000),0.847000 (0.847000 + 0.000000),0.856000 (0.856000 + 0.000000),0.859000 (0.859000 + 0.000000),0.857000 (0.857000 + 0.000000),0.853000 (0.853000 + 0.000000),0.849000 (0.849000 + 0.000000),0.843000 (0.843000 + 0.000000),0.867000 (0.867000 + 0.000000),0.866000 (0.866000 + 0.000000),0.860000 (0.860000 + 0.421053),0.875000 (0.875000 + 0.333333),0.856000 (0.856000 + 0.455556),0.851000 (0.851000 + 0.444444),0.857000 (0.857000 + 0.422222),0.854000 (0.854000 + 0.622222),0.851000 (0.851000 + 0.450000),0.856000 (0.856000 + 0.611111),0.860000 (0.860000 + 0.000000),0.863000 (0.863000 + 0.416667),0.858000 (0.858000 + 0.527778),0.846000 (0.846000 + 0.000000),0.845000 (0.845000 + 0.516667),0.867000 (0.867000 + 0.485380),0.856000 (0.856000 + 0.416667),0.848000 (0.848000 + 0.573099),0.848000 (0.848000 + 0.527778),0.857000 (0.857000 + 0.000000),0.853000 (0.853000 + 0.000000),0.848000 (0.848000 + 0.000000),0.852000 (0.852000 + 0.000000),0.851000 (0.851000 + 0.000000),0.848000 (0.848000 + 0.000000),0.843000 (0.843000 + 0.000000),0.849000 (0.849000 + 0.000000),0.861000 (0.861000 + 0.000000),0.861000 (0.861000 + 0.000000),0.870000 (0.870000 + 0.000000),0.865000 (0.865000 + 0.000000),0.854000 (0.854000 + 0.000000),0.863000 (0.863000 + 0.000000),0.858000 (0.858000 + 0.000000),0.862000 (0.862000 + 0.000000),0.853000 (0.853000 + 0.000000),0.852000 (0.852000 + 0.266667),0.857000 (0.857000 + 0.494444),0.874000 (0.874000 + 0.311111),0.855000 (0.855000 + 0.483333),0.863000 (0.863000 + 0.461111),0.850000 (0.850000 + 0.450292),0.849000 (0.849000 + 0.461111),0.854000 (0.854000 + 0.494444),0.852000 (0.852000 + 0.394444),0.858000 (0.858000 + 0.600000),0.862000 (0.862000 + 0.467836),0.848000 (0.848000 + 0.397661),0.837000 (0.837000 + 0.422222),0.855000 (0.855000 + 0.455556),0.846000 (0.846000 + 0.555556),0.855000 (0.855000 + 0.477778),0.862000 (0.862000 + 0.567251)
28,0.875000 (0.875000 + 0.333333),0.849000 (0.849000 + 0.000000),0.854000 (0.854000 + 0.000000),0.859000 (0.859000 + 0.000000),0.856000 (0.856000 + 0.000000),0.852000 (0.852000 + 0.000000),0.848000 (0.848000 + 0.000000),0.861000 (0.861000 + 0.000000),0.861000 (0.861000 + 0.000000),0.871000 (0.871000 + 0.000000),0.861000 (0.861000 + 0.000000),0.838000 (0.838000 + 0.000000),0.857000 (0.857000 + 0.000000),0.857000 (0.857000 + 0.000000),0.857000 (0.857000 + 0.000000),0.868000 (0.868000 + 0.000000),0.872000 (0.872000 + 0.000000),0.867000 (0.867000 + 0.000000),0.862000 (0.862000 + 0.000000),0.854000 (0.854000 + 0.000000),0.854000 (0.854000 + 0.000000),0.850000 (0.850000 + 0.000000),0.856000 (0.856000 + 0.000000),0.859000 (0.859000 + 0.000000),0.847000 (0.847000 + 0.000000),0.856000 (0.856000 + 0.000000),0.860000 (0.860000 + 0.000000),0.865000 (0.865000 + 0.000000),0.862000 (0.862000 + 0.000000),0.859000 (0.859000 + 0.000000),0.843000 (0.843000 + 0.000000),0.845000 (0.845000 + 0.000000),0.842000 (0.842000 + 0.000000),0.858000 (0.858000 + 0.000000),0.862000 (0.862000 + 0.000000),0.861000 (0.861000 + 0.000000),0.859000 (0.859000 + 0.000000),0.852000 (0.852000 + 0.000000),0.861000 (0.861000 + 0.000000),0.858000 (0.858000 + 0.000000),0.861000 (0.861000 + 0.000000),0.858000 (0.858000 + 0.000000),0.857000 (0.857000 + 0.000000),0.859000 (0.859000 + 0.000000),0.850000 (0.850000 + 0.000000),0.847000 (0.847000 + 0.000000),0.846000 (0.846000 + 0.000000),0.847000 (0.847000 + 0.000000),0.861000 (0.861000 + 0.000000),0.843000 (0.843000 + 0.000000),0.865000 (0.865000 + 0.000000),0.857000 (0.857000 + 0.000000),0.859000 (0.859000 + 0.000000),0.856000 (0.856000 + 0.000000),0.860000 (0.860000 + 0.000000),0.873000 (0.873000 + 0.000000),0.855000 (0.855000 + 0.000000),0.855000 (0.855000 + 0.000000),0.861000 (0.861000 + 0.000000),0.848000 (0.848000 + 0.000000),0.870000 (0.870000 + 0.000000),0.861000 (0.861000 + 0.000000),0.847000 (0.847000 + 0.000000),0.858000 (0.858000 + 0.000000),0.855000 (0.855000 + 0.000000),0.862000 (0.862000 + 0.000000),0.855000 (0.855000 + 0.000000),0.862000 (0.862000 + 0.000000),0.854000 (0.854000 + 0.000000),0.866000 (0.866000 + 0.000000),0.870000 (0.870000 + 0.000000),0.872000 (0.872000 + 0.000000),0.863000 (0.863000 + 0.000000),0.864000 (0.864000 + 0.000000),0.848000 (0.848000 + 0.000000),0.846000 (0.846000 + 0.000000),0.851000 (0.851000 + 0.000000),0.859000 (0.859000 + 0.000000),0.852000 (0.852000 + 0.000000),0.863000 (0.863000 + 0.000000),0.865000 (0.865000 + 0.000000),0.861000 (0.861000 + 0.000000),0.847000 (0.847000 + 0.000000),0.843000 (0.843000 + 0.000000),0.851000 (0.851000 + 0.000000),0.854000 (0.854000 + 0.000000),0.865000 (0.865000 + 0.333333),0.856000 (0.856000 + 0.000000),0.857000 (0.857000 + 0.000000),0.856000 (0.856000 + 0.000000)
29,0.875000 (0.875000 + 0.333333),0.850000 (0.850000 + 0.000000),0.853000 (0.853000 + 0.000000),0.858000 (0.858000 + 0.000000),0.860000 (0.860000 + 0.000000),0.843000 (0.843000 + 0.000000),0.859000 (0.859000 + 0.000000),0.853000 (0.853000 + 0.000000),0.865000 (0.865000 + 0.000000),0.861000 (0.861000 + 0.000000),0.861000 (0.861000 + 0.000000),0.862000 (0.862000 + 0.000000),0.858000 (0.858000 + 0.000000),0.854000 (0.854000 + 0.000000),0.847000 (0.847000 + 0.000000),0.849000 (0.849000 + 0.000000),0.844000 (0.844000 + 0.000000),0.871000 (0.871000 + 0.000000),0.860000 (0.860000 + 0.000000),0.858000 (0.858000 + 0.000000),0.849000 (0.849000 + 0.000000),0.862000 (0.862000 + 0.000000),0.843000 (0.843000 + 0.000000),0.857000 (0.857000 + 0.000000),0.848000 (0.848000 + 0.000000),0.870000 (0.870000 + 0.000000),0.859000 (0.859000 + 0.000000),0.867000 (0.867000 + 0.000000),0.852000 (0.852000 + 0.000000),0.853000 (0.853000 + 0.000000),0.859000 (0.859000 + 0.000000),0.853000 (0.853000 + 0.000000),0.854000 (0.854000 + 0.000000),0.869000 (0.869000 + 0.000000),0.857000 (0.857000 + 0.000000),0.855000 (0.855000 + 0.000000),0.866000 (0.866000 + 0.000000),0.864000 (0.864000 + 0.000000),0.861000 (0.861000 + 0.000000),0.870000 (0.870000 + 0.000000),0.850000 (0.850000 + 0.000000),0.850000 (0.850000 + 0.000000),0.855000 (0.855000 + 0.000000),0.845000 (0.845000 + 0.000000),0.858000 (0.858000 + 0.000000),0.845000 (0.845000 + 0.000000),0.852000 (0.852000 + 0.000000),0.873000 (0.873000 + 0.000000),0.849000 (0.849000 + 0.000000),0.861000 (0.861000 + 0.000000),0.865000 (0.865000 + 0.000000),0.856000 (0.856000 + 0.000000),0.847000 (0.847000 + 0.000000),0.860000 (0.860000 + 0.000000),0.861000 (0.861000 + 0.000000),0.840000 (0.840000 + 0.000000),0.855000 (0.855000 + 0.455556),0.861000 (0.861000 + 0.397661),0.861000 (0.861000 + 0.394444),0.855000 (0.855000 + 0.494444),0.852000 (0.852000 + 0.600000),0.856000 (0.856000 + 0.567251),0.846000 (0.846000 + 0.311111),0.858000 (0.858000 + 0.266667),0.847000 (0.847000 + 0.477778),0.853000 (0.853000 + 0.483333),0.852000 (0.852000 + 0.461111),0.861000 (0.861000 + 0.555556),0.854000 (0.854000 + 0.467836),0.865000 (0.865000 + 0.450292),0.860000 (0.860000 + 0.461111),0.857000 (0.857000 + 0.422222),0.871000 (0.871000 + 0.494444),0.859000 (0.859000 + 0.000000),0.854000 (0.854000 + 0.000000),0.854000 (0.854000 + 0.000000),0.856000 (0.856000 + 0.000000),0.861000 (0.861000 + 0.000000),0.864000 (0.864000 + 0.000000),0.861000 (0.861000 + 0.000000),0.872000 (0.872000 + 0.000000),0.852000 (0.852000 + 0.000000),0.859000 (0.859000 + 0.000000),0.852000 (0.852000 + 0.000000),0.854000 (0.854000 + 0.000000),0.865000 (0.865000 + 0.000000),0.850000 (0.850000 + 0.000000),0.863000 (0.863000 + 0.000000),0.859000 (0.859000 + 0.000000),0.855000 (0.855000 + 0.000000)
30,0.875000 (0.875000 + 0.333333),0.857000 (0.857000 + 0.000000),0.858000 (0.858000 + 0.000000),0.857000 (0.857000 + 0.000000),0.854000 (0.854000 + 0.000000),0.860000 (0.860000 + 0.000000),0.870000 (0.870000 + 0.000000),0.847000 (0.847000 + 0.000000),0.867000 (0.867000 + 0.000000),0.870000 (0.870000 + 0.000000),0.853000 (0.853000 + 0.000000),0.876000 (0.876000 + 0.000000),0.853000 (0.853000 + 0.000000),0.854000 (0.854000 + 0.000000),0.846000 (0.846000 + 0.000000),0.870000 (0.870000 + 0.000000),0.859000 (0.859000 + 0.000000),0.864000 (0.864000 + 0.000000),0.850000 (0.850000 + 0.000000),0.849000 (0.849000 + 0.000000),0.857000 (0.857000 + 0.000000),0.862000 (0.862000 + 0.000000),0.839000 (0.839000 + 0.000000),0.850000 (0.850000 + 0.000000),0.854000 (0.854000 + 0.000000),0.864000 (0.864000 + 0.000000),0.870000 (0.870000 + 0.000000),0.848000 (0.848000 + 0.000000),0.859000 (0.859000 + 0.000000),0.867000 (0.867000 + 0.000000),0.849000 (0.849000 + 0.000000),0.853000 (0.853000 + 0.000000),0.850000 (0.850000 + 0.000000),0.864000 (0.864000 + 0.000000),0.864000 (0.864000 + 0.000000),0.855000 (0.855000 + 0.000000),0.856000 (0.856000 + 0.000000),0.871000 (0.871000 + 0.000000),0.866000 (0.866000 + 0.000000),0.858000 (0.858000 + 0.000000),0.852000 (0.852000 + 0.000000),0.862000 (0.862000 + 0.000000),0.867000 (0.867000 + 0.000000),0.861000 (0.861000 + 0.000000),0.853000 (0.853000 + 0.000000),0.840000 (0.840000 + 0.000000),0.857000 (0.857000 + 0.000000),0.865000 (0.865000 + 0.000000),0.865000 (0.865000 + 0.000000),0.852000 (0.852000 + 0.000000),0.860000 (0.860000 + 0.000000),0.852000 (0.852000 + 0.000000),0.870000 (0.870000 + 0.000000),0.852000 (0.852000 + 0.000000),0.845000 (0.845000 + 0.000000),0.857000 (0.857000 + 0.000000),0.862000 (0.862000 + 0.000000),0.857000 (0.857000 + 0.000000),0.869000 (0.869000 + 0.000000),0.839000 (0.839000 + 0.000000),0.866000 (0.866000 + 0.000000),0.873000 (0.873000 + 0.000000),0.853000 (0.853000 + 0.000000),0.860000 (0.860000 + 0.000000),0.843000 (0.843000 + 0.000000),0.861000 (0.861000 + 0.000000),0.857000 (0.857000 + 0.000000),0.849000 (0.849000 + 0.000000),0.853000 (0.853000 + 0.000000),0.868000 (0.868000 + 0.000000),0.857000 (0.857000 + 0.000000),0.854000 (0.854000 + 0.000000),0.846000 (0.846000 + 0.000000),0.869000 (0.869000 + 0.000000),0.874000 (0.874000 + 0.000000),0.851000 (0.851000 + 0.000000),0.849000 (0.849000 + 0.000000),0.849000 (0.849000 + 0.000000),0.865000 (0.865000 + 0.000000),0.844000 (0.844000 + 0.000000),0.846000 (0.846000 + 0.000000),0.870000 (0.870000 + 0.333333),0.864000 (0.864000 + 0.000000),0.855000 (0.855000 + 0.000000),0.847000 (0.847000 + 0.000000),0.862000 (0.862000 + 0.000000),0.867000 (0.867000 + 0.000000),0.865000 (0.865000 + 0.000000),0.844000 (0.844000 + 0.000000),0.866000 (0.866000 + 0.000000)
31,0.876000 (0.876000 + 0.000000),0.855000 (0.855000 + 0.000000),0.845000 (0.845000 + 0.000000),0.857000 (0.857000 + 0.000000),0.853000 (0.853000 + 0.000000),0.869000 (0.869000 + 0.000000),0.857000 (0.857000 + 0.000000),0.850000 (0.850000 + 0.000000),0.864000 (0.864000 + 0.000000),0.862000 (0.862000 + 0.000000),0.857000 (0.857000 + 0.000000),0.866000 (0.866000 + 0.000000),0.857000 (0.857000 + 0.000000),0.865000 (0.865000 + 0.000000),0.848000 (0.848000 + 0.000000),0.854000 (0.854000 + 0.000000),0.869000 (0.869000 + 0.000000),0.865000 (0.865000 + 0.000000),0.862000 (0.862000 + 0.000000),0.849000 (0.849000 + 0.000000),0.851000 (0.851000 + 0.000000),0.851000 (0.851000 + 0.000000),0.853000 (0.853000 + 0.000000),0.871000 (0.871000 + 0.000000),0.847000 (0.847000 + 0.000000),0.865000 (0.865000 + 0.000000),0.853000 (0.853000 + 0.000000),0.858000 (0.858000 + 0.000000),0.840000 (0.840000 + 0.000000),0.858000 (0.858000 + 0.000000),0.859000 (0.859000 + 0.000000),0.865000 (0.865000 + 0.000000),0.863000 (0.863000 + 0.000000),0.850000 (0.850000 + 0.000000),0.852000 (0.852000 + 0.000000),0.873000 (0.873000 + 0.000000),0.868000 (0.868000 + 0.000000),0.853000 (0.853000 + 0.000000),0.855000 (0.855000 + 0.000000),0.852000 (0.852000 + 0.450292),0.867000 (0.867000 + 0.311111),0.859000 (0.859000 + 0.394444),0.858000 (0.858000 + 0.266667),0.862000 (0.862000 + 0.483333),0.867000 (0.867000 + 0.455556),0.845000 (0.845000 + 0.600000),0.844000 (0.844000 + 0.567251),0.861000 (0.861000 + 0.494444),0.855000 (0.855000 + 0.397661),0.864000 (0.864000 + 0.477778),0.852000 (0.852000 + 0.461111),0.861000 (0.861000 + 0.555556),0.870000 (0.870000 + 0.422222),0.858000 (0.858000 + 0.467836),0.858000 (0.858000 + 0.494444),0.857000 (0.857000 + 0.461111),0.845000 (0.845000 + 0.000000),0.861000 (0.861000 + 0.000000),0.843000 (0.843000 + 0.000000),0.858000 (0.858000 + 0.000000),0.862000 (0.862000 + 0.000000),0.858000 (0.858000 + 0.000000),0.862000 (0.862000 + 0.000000),0.861000 (0.861000 + 0.000000),0.848000 (0.848000 + 0.000000),0.857000 (0.857000 + 0.000000),0.865000 (0.865000 + 0.000000),0.866000 (0.866000 + 0.000000),0.856000 (0.856000 + 0.000000),0.856000 (0.856000 + 0.000000),0.867000 (0.867000 + 0.000000),0.853000 (0.853000 + 0.000000),0.856000 (0.856000 + 0.000000),0.862000 (0.862000 + 0.000000),0.862000 (0.862000 + 0.000000),0.870000 (0.870000 + 0.000000),0.853000 (0.853000 + 0.000000),0.854000 (0.854000 + 0.000000),0.855000 (0.855000 + 0.000000),0.860000 (0.860000 + 0.000000),0.863000 (0.863000 + 0.000000),0.857000 (0.857000 + 0.000000),0.866000 (0.866000 + 0.000000),0.858000 (0.858000 + 0.000000),0.868000 (0.868000 + 0.000000),0.859000 (0.859000 + 0.000000),0.861000 (0.861000 + 0.000000),0.855000 (0.855000 + 0.000000),0.864000 (0.864000 + 0.000000),0.854000 (0.854000 + 0.000000)
32,0.876000 (0.876000 + 0.000000),0.873000 (0.873000 + 0.000000),0.862000 (0.862000 + 0.000000),0.850000 (0.850000 + 0.000000),0.851000 (0.851000 + 0.000000),0.836000 (0.836000 + 0.000000),0.862000 (0.862000 + 0.000000),0.852000 (0.852000 + 0.000000),0.859000 (0.859000 + 0.000000),0.868000 (0.868000 + 0.000000),0.846000 (0.846000 + 0.000000),0.874000 (0.874000 + 0.000000),0.859000 (0.859000 + 0.000000),0.852000 (0.852000 + 0.000000),0.857000 (0.857000 + 0.000000),0.839000 (0.839000 + 0.000000),0.863000 (0.863000 + 0.000000),0.859000 (0.859000 + 0.000000),0.869000 (0.869000 + 0.000000),0.847000 (0.847000 + 0.000000),0.860000 (0.860000 + 0.000000),0.865000 (0.865000 + 0.000000),0.858000 (0.858000 + 0.000000),0.863000 (0.863000 + 0.000000),0.844000 (0.844000 + 0.000000),0.848000 (0.848000 + 0.000000),0.857000 (0.857000 + 0.000000),0.859000 (0.859000 + 0.000000),0.861000 (0.861000 + 0.000000),0.858000 (0.858000 + 0.000000),0.860000 (0.860000 + 0.000000),0.856000 (0.856000 + 0.000000),0.850000 (0.850000 + 0.000000),0.870000 (0.870000 + 0.000000),0.875000 (0.875000 + 0.000000),0.854000 (0.854000 + 0.000000),0.868000 (0.868000 + 0.000000),0.859000 (0.859000 + 0.000000),0.853000 (0.853000 + 0.000000),0.870000 (0.870000 + 0.000000),0.857000 (0.857000 + 0.000000),0.842000 (0.842000 + 0.000000),0.859000 (0.859000 + 0.000000),0.865000 (0.865000 + 0.000000),0.854000 (0.854000 + 0.000000),0.868000 (0.868000 + 0.000000),0.858000 (0.858000 + 0.000000),0.855000 (0.855000 + 0.000000),0.852000 (0.852000 + 0.000000),0.868000 (0.868000 + 0.000000),0.842000 (0.842000 + 0.000000),0.866000 (0.866000 + 0.000000),0.860000 (0.860000 + 0.000000),0.848000 (0.848000 + 0.000000),0.859000 (0.859000 + 0.000000),0.868000 (0.868000 + 0.000000),0.867000 (0.867000 + 0.000000),0.849000 (0.849000 + 0.000000),0.855000 (0.855000 + 0.000000),0.846000 (0.846000 + 0.000000),0.866000 (0.866000 + 0.000000),0.860000 (0.860000 + 0.000000),0.853000 (0.853000 + 0.000000),0.854000 (0.854000 + 0.000000),0.848000 (0.848000 + 0.000000),0.852000 (0.852000 + 0.000000),0.850000 (0.850000 + 0.000000),0.864000 (0.864000 + 0.000000),0.856000 (0.856000 + 0.000000),0.871000 (0.871000 + 0.000000),0.858000 (0.858000 + 0.000000),0.847000 (0.847000 + 0.000000),0.847000 (0.847000 + 0.000000),0.865000 (0.865000 + 0.000000),0.849000 (0.849000 + 0.000000),0.853000 (0.853000 + 0.000000),0.857000 (0.857000 + 0.000000),0.864000 (0.864000 + 0.000000),0.855000 (0.855000 + 0.000000),0.865000 (0.865000 + 0.000000),0.858000 (0.858000 + 0.000000),0.860000 (0.860000 + 0.000000),0.862000 (0.862000 + 0.000000),0.861000 (0.861000 + 0.000000),0.865000 (0.865000 + 0.333333),0.853000 (0.853000 + 0.000000),0.854000 (0.854000 + 0.000000),0.864000 (0.864000 + 0.000000),0.853000 (0.853000 + 0.333333),0.859000 (0.859000 + 0.000000)
33,0.876000 (0.876000 + 0.000000),0.846000 (0.846000 + 0.000000),0.865000 (0.865000 + 0.000000),0.853000 (0.853000 + 0.000000),0.850000 (0.850000 + 0.000000),0.852000 (0.852000 + 0.000000),0.868000 (0.868000 + 0.000000),0.862000 (0.862000 + 0.000000),0.862000 (0.862000 + 0.000000),0.862000 (0.862000 + 0.000000),0.863000 (0.863000 + 0.000000),0.850000 (0.850000 + 0.000000),0.870000 (0.870000 + 0.000000),0.873000 (0.873000 + 0.000000),0.867000 (0.867000 + 0.000000),0.876000 (0.876000 + 0.000000),0.871000 (0.871000 + 0.000000),0.859000 (0.859000 + 0.000000),0.859000 (0.859000 + 0.000000),0.855000 (0.855000 + 0.000000),0.855000 (0.855000 + 0.000000),0.855000 (0.855000 + 0.000000),0.867000 (0.867000 + 0.000000),0.853000 (0.853000 + 0.000000),0.855000 (0.855000 + 0.000000),0.868000 (0.868000 + 0.000000),0.850000 (0.850000 + 0.000000),0.865000 (0.865000 + 0.000000),0.862000 (0.862000 + 0.000000),0.870000 (0.870000 + 0.000000),0.863000 (0.863000 + 0.000000),0.853000 (0.853000 + 0.000000),0.863000 (0.863000 + 0.000000),0.862000 (0.862000 + 0.000000),0.843000 (0.843000 + 0.000000),0.854000 (0.854000 + 0.000000),0.855000 (0.855000 + 0.000000),0.860000 (0.860000 + 0.000000),0.857000 (0.857000 + 0.000000),0.865000 (0.865000 + 0.000000),0.857000 (0.857000 + 0.000000),0.858000 (0.858000 + 0.000000),0.859000 (0.859000 + 0.000000),0.847000 (0.847000 + 0.000000),0.867000 (0.867000 + 0.000000),0.850000 (0.850000 + 0.000000),0.851000 (0.851000 + 0.000000),0.859000 (0.859000 + 0.000000),0.865000 (0.865000 + 0.000000),0.843000 (0.843000 + 0.000000),0.868000 (0.868000 + 0.000000),0.868000 (0.868000 + 0.000000),0.855000 (0.855000 + 0.000000),0.857000 (0.857000 + 0.000000),0.846000 (0.846000 + 0.000000),0.854000 (0.854000 + 0.000000),0.847000 (0.847000 + 0.000000),0.861000 (0.861000 + 0.000000),0.859000 (0.859000 + 0.000000),0.865000 (0.865000 + 0.000000),0.866000 (0.866000 + 0.000000),0.856000 (0.856000 + 0.000000),0.859000 (0.859000 + 0.000000),0.865000 (0.865000 + 0.000000),0.854000 (0.854000 + 0.000000),0.857000 (0.857000 + 0.000000),0.844000 (0.844000 + 0.000000),0.863000 (0.863000 + 0.000000),0.858000 (0.858000 + 0.000000),0.866000 (0.866000 + 0.000000),0.848000 (0.848000 + 0.000000),0.867000 (0.867000 + 0.000000),0.860000 (0.860000 + 0.000000),0.849000 (0.849000 + 0.000000),0.872000 (0.872000 + 0.000000),0.858000 (0.858000 + 0.000000),0.875000 (0.875000 + 0.000000),0.867000 (0.867000 + 0.000000),0.851000 (0.851000 + 0.000000),0.869000 (0.869000 + 0.000000),0.863000 (0.863000 + 0.000000),0.847000 (0.847000 + 0.000000),0.858000 (0.858000 + 0.000000),0.859000 (0.859000 + 0.000000),0.865000 (0.865000 + 0.000000),0.867000 (0.867000 + 0.000000),0.855000 (0.855000 + 0.000000),0.843000 (0.843000 + 0.000000),0.855000 (0.855000 + 0.000000),0.863000 (0.863000 + 0.000000)
34,0.876000 (0.876000 + 0.000000),0.858000 (0.858000 + 0.000000),0.863000 (0.863000 + 0.000000),0.869000 (0.869000 + 0.000000),0.868000 (0.868000 + 0.000000),0.865000 (0.865000 + 0.000000),0.852000 (0.852000 + 0.000000),0.863000 (0.863000 + 0.000000),0.860000 (0.860000 + 0.000000),0.854000 (0.854000 + 0.000000),0.863000 (0.863000 + 0.000000),0.863000 (0.863000 + 0.000000),0.846000 (0.846000 + 0.000000),0.853000 (0.853000 + 0.000000),0.856000 (0.856000 + 0.000000),0.853000 (0.853000 + 0.000000),0.863000 (0.863000 + 0.000000),0.855000 (0.855000 + 0.000000),0.850000 (0.850000 + 0.000000),0.850000 (0.850000 + 0.000000),0.848000 (0.848000 + 0.000000),0.866000 (0.866000 + 0.000000),0.853000 (0.853000 + 0.000000),0.857000 (0.857000 + 0.000000),0.857000 (0.857000 + 0.000000),0.852000 (0.852000 + 0.000000),0.859000 (0.859000 + 0.000000),0.867000 (0.867000 + 0.000000),0.867000 (0.867000 + 0.000000),0.877000 (0.877000 + 0.000000),0.850000 (0.850000 + 0.000000),0.867000 (0.867000 + 0.000000),0.867000 (0.867000 + 0.000000),0.854000 (0.854000 + 0.000000),0.864000 (0.864000 + 0.000000),0.853000 (0.853000 + 0.000000),0.864000 (0.864000 + 0.000000),0.865000 (0.865000 + 0.000000),0.849000 (0.849000 + 0.000000),0.856000 (0.856000 + 0.000000),0.870000 (0.870000 + 0.000000),0.854000 (0.854000 + 0.000000),0.858000 (0.858000 + 0.000000),0.842000 (0.842000 + 0.000000),0.860000 (0.860000 + 0.000000),0.861000 (0.861000 + 0.000000),0.857000 (0.857000 + 0.000000),0.856000 (0.856000 + 0.000000),0.856000 (0.856000 + 0.000000),0.861000 (0.861000 + 0.000000),0.853000 (0.853000 + 0.000000),0.858000 (0.858000 + 0.000000),0.878000 (0.878000 + 0.000000),0.856000 (0.856000 + 0.000000),0.854000 (0.854000 + 0.000000),0.860000 (0.860000 + 0.000000),0.864000 (0.864000 + 0.000000),0.880000 (0.880000 + 0.000000),0.862000 (0.862000 + 0.000000),0.874000 (0.874000 + 0.000000),0.851000 (0.851000 + 0.000000),0.841000 (0.841000 + 0.000000),0.864000 (0.864000 + 0.000000),0.866000 (0.866000 + 0.000000),0.865000 (0.865000 + 0.000000),0.847000 (0.847000 + 0.000000),0.848000 (0.848000 + 0.000000),0.869000 (0.869000 + 0.000000),0.864000 (0.864000 + 0.000000),0.846000 (0.846000 + 0.000000),0.848000 (0.848000 + 0.000000),0.849000 (0.849000 + 0.000000),0.854000 (0.854000 + 0.000000),0.856000 (0.856000 + 0.000000),0.846000 (0.846000 + 0.000000),0.856000 (0.856000 + 0.000000),0.850000 (0.850000 + 0.000000),0.855000 (0.855000 + 0.000000),0.868000 (0.868000 + 0.000000),0.849000 (0.849000 + 0.000000),0.859000 (0.859000 + 0.000000),0.858000 (0.858000 + 0.000000),0.846000 (0.846000 + 0.000000),0.869000 (0.869000 + 0.000000),0.855000 (0.855000 + 0.000000),0.854000 (0.854000 + 0.000000),0.856000 (0.856000 + 0.000000),0.848000 (0.848000 + 0.000000),0.868000 (0.868000 + 0.000000),0.847000 (0.847000 + 0.000000)
35,0.880000 (0.880000 + 0.000000),0.863000 (0.863000 + 0.000000),0.861000 (0.861000 + 0.000000),0.852000 (0.852000 + 0.000000),0.852000 (0.852000 + 0.000000),0.864000 (0.864000 + 0.000000),0.857000 (0.857000 + 0.000000),0.856000 (0.856000 + 0.000000),0.848000 (0.848000 + 0.000000),0.837000 (0.837000 + 0.000000),0.862000 (0.862000 + 0.000000),0.853000 (0.853000 + 0.000000),0.854000 (0.854000 + 0.000000),0.856000 (0.856000 + 0.000000),0.865000 (0.865000 + 0.000000),0.870000 (0.870000 + 0.000000),0.856000 (0.856000 + 0.000000),0.854000 (0.854000 + 0.000000),0.858000 (0.858000 + 0.000000),0.855000 (0.855000 + 0.000000),0.855000 (0.855000 + 0.000000),0.844000 (0.844000 + 0.000000),0.855000 (0.855000 + 0.000000),0.860000 (0.860000 + 0.000000),0.863000 (0.863000 + 0.000000),0.846000 (0.846000 + 0.000000),0.835000 (0.835000 + 0.000000),0.863000 (0.863000 + 0.000000),0.859000 (0.859000 + 0.000000),0.851000 (0.851000 + 0.000000),0.866000 (0.866000 + 0.000000),0.855000 (0.855000 + 0.000000),0.864000 (0.864000 + 0.000000),0.869000 (0.869000 + 0.000000),0.850000 (0.850000 + 0.000000),0.858000 (0.858000 + 0.000000),0.862000 (0.862000 + 0.000000),0.867000 (0.867000 + 0.000000),0.864000 (0.864000 + 0.000000),0.854000 (0.854000 + 0.000000),0.874000 (0.874000 + 0.000000),0.871000 (0.871000 + 0.000000),0.862000 (0.862000 + 0.000000),0.858000 (0.858000 + 0.000000),0.844000 (0.844000 + 0.000000),0.861000 (0.861000 + 0.000000),0.849000 (0.849000 + 0.000000),0.856000 (0.856000 + 0.000000),0.855000 (0.855000 + 0.000000),0.853000 (0.853000 + 0.000000),0.852000 (0.852000 + 0.000000),0.857000 (0.857000 + 0.000000),0.863000 (0.863000 + 0.000000),0.868000 (0.868000 + 0.000000),0.858000 (0.858000 + 0.000000),0.849000 (0.849000 + 0.000000),0.864000 (0.864000 + 0.000000),0.858000 (0.858000 + 0.000000),0.862000 (0.862000 + 0.000000),0.856000 (0.856000 + 0.000000),0.848000 (0.848000 + 0.000000),0.855000 (0.855000 + 0.000000),0.856000 (0.856000 + 0.000000),0.857000 (0.857000 + 0.000000),0.849000 (0.849000 + 0.000000),0.862000 (0.862000 + 0.000000),0.847000 (0.847000 + 0.000000),0.847000 (0.847000 + 0.000000),0.865000 (0.865000 + 0.000000),0.854000 (0.854000 + 0.000000),0.865000 (0.865000 + 0.000000),0.859000 (0.859000 + 0.000000),0.859000 (0.859000 + 0.000000),0.853000 (0.853000 + 0.421053),0.848000 (0.848000 + 0.422222),0.856000 (0.856000 + 0.526316),0.877000 (0.877000 + 0.444444),0.865000 (0.865000 + 0.394444),0.865000 (0.865000 + 0.483333),0.871000 (0.871000 + 0.497076),0.858000 (0.858000 + 0.000000),0.863000 (0.863000 + 0.477778),0.865000 (0.865000 + 0.316667),0.863000 (0.863000 + 0.527778),0.863000 (0.863000 + 0.000000),0.855000 (0.855000 + 0.455556),0.872000 (0.872000 + 0.500000),0.855000 (0.855000 + 0.405556),0.865000 (0.865000 + 0.500000),0.858000 (0.858000 + 0.450000)
36,0.880000 (0.880000 + 0.000000),0.866000 (0.866000 + 0.000000),0.863000 (0.863000 + 0.000000),0.849000 (0.849000 + 0.000000),0.851000 (0.851000 + 0.000000),0.855000 (0.855000 + 0.000000),0.858000 (0.858000 + 0.000000),0.863000 (0.863000 + 0.000000),0.868000 (0.868000 + 0.000000),0.857000 (0.857000 + 0.000000),0.867000 (0.867000 + 0.000000),0.861000 (0.861000 + 0.000000),0.855000 (0.855000 + 0.000000),0.854000 (0.854000 + 0.000000),0.852000 (0.852000 + 0.000000),0.848000 (0.848000 + 0.000000),0.864000 (0.864000 + 0.000000),0.858000 (0.858000 + 0.000000),0.870000 (0.870000 + 0.000000),0.857000 (0.857000 + 0.000000),0.862000 (0.862000 + 0.000000),0.846000 (0.846000 + 0.000000),0.860000 (0.860000 + 0.000000),0.850000 (0.850000 + 0.000000),0.857000 (0.857000 + 0.000000),0.845000 (0.845000 + 0.000000),0.860000 (0.860000 + 0.000000),0.850000 (0.850000 + 0.000000),0.860000 (0.860000 + 0.000000),0.868000 (0.868000 + 0.000000),0.863000 (0.863000 + 0.000000),0.856000 (0.856000 + 0.000000),0.860000 (0.860000 + 0.000000),0.861000 (0.861000 + 0.000000),0.866000 (0.866000 + 0.000000),0.866000 (0.866000 + 0.000000),0.859000 (0.859000 + 0.000000),0.855000 (0.855000 + 0.000000),0.849000 (0.849000 + 0.000000),0.871000 (0.871000 + 0.000000),0.849000 (0.849000 + 0.000000),0.848000 (0.848000 + 0.000000),0.861000 (0.861000 + 0.000000),0.863000 (0.863000 + 0.000000),0.855000 (0.855000 + 0.000000),0.866000 (0.866000 + 0.000000),0.858000 (0.858000 + 0.000000),0.856000 (0.856000 + 0.000000),0.853000 (0.853000 + 0.000000),0.859000 (0.859000 + 0.000000),0.861000 (0.861000 + 0.000000),0.858000 (0.858000 + 0.000000),0.842000 (0.842000 + 0.000000),0.864000 (0.864000 + 0.000000),0.854000 (0.854000 + 0.000000),0.858000 (0.858000 + 0.000000),0.851000 (0.851000 + 0.000000),0.864000 (0.864000 + 0.000000),0.851000 (0.851000 + 0.000000),0.863000 (0.863000 + 0.000000),0.852000 (0.852000 + 0.000000),0.867000 (0.867000 + 0.000000),0.858000 (0.858000 + 0.000000),0.864000 (0.864000 + 0.000000),0.862000 (0.862000 + 0.000000),0.861000 (0.861000 + 0.000000),0.855000 (0.855000 + 0.000000),0.854000 (0.854000 + 0.000000),0.853000 (0.853000 + 0.000000),0.861000 (0.861000 + 0.000000),0.859000 (0.859000 + 0.000000),0.869000 (0.869000 + 0.000000),0.865000 (0.865000 + 0.000000),0.850000 (0.850000 + 0.000000),0.860000 (0.860000 + 0.000000),0.860000 (0.860000 + 0.000000),0.859000 (0.859000 + 0.000000),0.859000 (0.859000 + 0.000000),0.860000 (0.860000 + 0.000000),0.851000 (0.851000 + 0.000000),0.870000 (0.870000 + 0.000000),0.853000 (0.853000 + 0.000000),0.871000 (0.871000 + 0.000000),0.864000 (0.864000 + 0.000000),0.855000 (0.855000 + 0.000000),0.854000 (0.854000 + 0.000000),0.857000 (0.857000 + 0.000000),0.850000 (0.850000 + 0.000000),0.852000 (0.852000 + 0.000000),0.860000 (0.860000 + 0.000000)
37,0.880000 (0.880000 + 0.000000),0.874000 (0.874000 + 0.000000),0.858000 (0.858000 + 0.000000),0.863000 (0.863000 + 0.000000),0.858000 (0.858000 + 0.000000),0.859000 (0.859000 + 0.000000),0.855000 (0.855000 + 0.000000),0.863000 (0.863000 + 0.000000),0.858000 (0.858000 + 0.000000),0.852000 (0.852000 + 0.000000),0.856000 (0.856000 + 0.000000),0.853000 (0.853000 + 0.000000),0.852000 (0.852000 + 0.000000),0.859000 (0.859000 + 0.000000),0.867000 (0.867000 + 0.000000),0.854000 (0.854000 + 0.000000),0.863000 (0.863000 + 0.000000),0.861000 (0.861000 + 0.000000),0.864000 (0.864000 + 0.000000),0.851000 (0.851000 + 0.000000),0.869000 (0.869000 + 0.000000),0.866000 (0.866000 + 0.000000),0.861000 (0.861000 + 0.000000),0.869000 (0.869000 + 0.000000),0.853000 (0.853000 + 0.000000),0.862000 (0.862000 + 0.000000),0.858000 (0.858000 + 0.000000),0.870000 (0.870000 + 0.000000),0.858000 (0.858000 + 0.000000),0.858000 (0.858000 + 0.000000),0.838000 (0.838000 + 0.000000),0.861000 (0.861000 + 0.000000),0.854000 (0.854000 + 0.000000),0.840000 (0.840000 + 0.000000),0.871000 (0.871000 + 0.000000),0.864000 (0.864000 + 0.000000),0.863000 (0.863000 + 0.000000),0.849000 (0.849000 + 0.000000),0.857000 (0.857000 + 0.000000),0.856000 (0.856000 + 0.000000),0.850000 (0.850000 + 0.000000),0.869000 (0.869000 + 0.000000),0.864000 (0.864000 + 0.000000),0.861000 (0.861000 + 0.000000),0.860000 (0.860000 + 0.000000),0.868000 (0.868000 + 0.000000),0.865000 (0.865000 + 0.000000),0.858000 (0.858000 + 0.000000),0.856000 (0.856000 + 0.000000),0.875000 (0.875000 + 0.000000),0.870000 (0.870000 + 0.000000),0.863000 (0.863000 + 0.000000),0.858000 (0.858000 + 0.000000),0.867000 (0.867000 + 0.000000),0.842000 (0.842000 + 0.000000),0.857000 (0.857000 + 0.000000),0.863000 (0.863000 + 0.394444),0.860000 (0.860000 + 0.500000),0.863000 (0.863000 + 0.421053),0.856000 (0.856000 + 0.000000),0.858000 (0.858000 + 0.405556),0.857000 (0.857000 + 0.000000),0.859000 (0.859000 + 0.455556),0.857000 (0.857000 + 0.500000),0.838000 (0.838000 + 0.527778),0.857000 (0.857000 + 0.316667),0.857000 (0.857000 + 0.497076),0.857000 (0.857000 + 0.477778),0.862000 (0.862000 + 0.483333),0.855000 (0.855000 + 0.444444),0.856000 (0.856000 + 0.422222),0.863000 (0.863000 + 0.526316),0.862000 (0.862000 + 0.450000),0.844000 (0.844000 + 0.000000),0.857000 (0.857000 + 0.000000),0.863000 (0.863000 + 0.000000),0.856000 (0.856000 + 0.000000),0.854000 (0.854000 + 0.000000),0.861000 (0.861000 + 0.000000),0.870000 (0.870000 + 0.000000),0.857000 (0.857000 + 0.000000),0.857000 (0.857000 + 0.000000),0.861000 (0.861000 + 0.000000),0.869000 (0.869000 + 0.000000),0.858000 (0.858000 + 0.000000),0.865000 (0.865000 + 0.000000),0.857000 (0.857000 + 0.000000),0.853000 (0.853000 + 0.000000),0.860000 (0.860000 + 0.000000),0.863000 (0.863000 + 0.000000)
38,0.880000 (0.880000 + 0.000000),0.849000 (0.849000 + 0.000000),0.854000 (0.854000 + 0.000000),0.861000 (0.861000 + 0.000000),0.850000 (0.850000 + 0.000000),0.869000 (0.869000 + 0.000000),0.851000 (0.851000 + 0.000000),0.862000 (0.862000 + 0.000000),0.855000 (0.855000 + 0.000000),0.863000 (0.863000 + 0.000000),0.863000 (0.863000 + 0.000000),0.863000 (0.863000 + 0.000000),0.859000 (0.859000 + 0.000000),0.858000 (0.858000 + 0.000000),0.850000 (0.850000 + 0.000000),0.841000 (0.841000 + 0.000000),0.848000 (0.848000 + 0.000000),0.870000 (0.870000 + 0.000000),0.861000 (0.861000 + 0.000000),0.864000 (0.864000 + 0.000000),0.851000 (0.851000 + 0.000000),0.840000 (0.840000 + 0.000000),0.856000 (0.856000 + 0.000000),0.849000 (0.849000 + 0.000000),0.857000 (0.857000 + 0.000000),0.862000 (0.862000 + 0.000000),0.859000 (0.859000 + 0.000000),0.857000 (0.857000 + 0.000000),0.853000 (0.853000 + 0.000000),0.862000 (0.862000 + 0.000000),0.853000 (0.853000 + 0.000000),0.870000 (0.870000 + 0.000000),0.862000 (0.862000 + 0.000000),0.866000 (0.866000 + 0.000000),0.861000 (0.861000 + 0.000000),0.862000 (0.862000 + 0.000000),0.851000 (0.851000 + 0.000000),0.868000 (0.868000 + 0.000000),0.852000 (0.852000 + 0.000000),0.869000 (0.869000 + 0.000000),0.859000 (0.859000 + 0.000000),0.857000 (0.857000 + 0.000000),0.854000 (0.854000 + 0.000000),0.858000 (0.858000 + 0.000000),0.867000 (0.867000 + 0.000000),0.857000 (0.857000 + 0.000000),0.860000 (0.860000 + 0.000000),0.868000 (0.868000 + 0.000000),0.841000 (0.841000 + 0.000000),0.857000 (0.857000 + 0.000000),0.863000 (0.863000 + 0.000000),0.866000 (0.866000 + 0.000000),0.857000 (0.857000 + 0.000000),0.871000 (0.871000 + 0.000000),0.855000 (0.855000 + 0.000000),0.852000 (0.852000 + 0.000000),0.841000 (0.841000 + 0.000000),0.857000 (0.857000 + 0.000000),0.859000 (0.859000 + 0.000000),0.872000 (0.872000 + 0.000000),0.852000 (0.852000 + 0.000000),0.866000 (0.866000 + 0.000000),0.864000 (0.864000 + 0.000000),0.858000 (0.858000 + 0.000000),0.860000 (0.860000 + 0.000000),0.867000 (0.867000 + 0.000000),0.865000 (0.865000 + 0.000000),0.870000 (0.870000 + 0.000000),0.863000 (0.863000 + 0.000000),0.857000 (0.857000 + 0.000000),0.852000 (0.852000 + 0.000000),0.852000 (0.852000 + 0.000000),0.857000 (0.857000 + 0.000000),0.856000 (0.856000 + 0.000000),0.853000 (0.853000 + 0.000000),0.870000 (0.870000 + 0.000000),0.860000 (0.860000 + 0.000000),0.868000 (0.868000 + 0.000000),0.870000 (0.870000 + 0.000000),0.870000 (0.870000 + 0.000000),0.850000 (0.850000 + 0.000000),0.864000 (0.864000 + 0.000000),0.863000 (0.863000 + 0.000000),0.869000 (0.869000 + 0.000000),0.856000 (0.856000 + 0.000000),0.870000 (0.870000 + 0.000000),0.875000 (0.875000 + 0.000000),0.858000 (0.858000 + 0.000000),0.858000 (0.858000 + 0.000000),0.852000 (0.852000 + 0.000000)
39,0.880000 (0.880000 + 0.000000),0.862000 (0.862000 + 0.000000),0.861000 (0.861000 + 0.000000),0.866000 (0.866000 + 0.000000),0.849000 (0.849000 + 0.000000),0.864000 (0.864000 + 0.000000),0.862000 (0.862000 + 0.000000),0.859000 (0.859000 + 0.000000),0.878000 (0.878000 + 0.000000),0.869000 (0.869000 + 0.000000),0.857000 (0.857000 + 0.000000),0.860000 (0.860000 + 0.000000),0.854000 (0.854000 + 0.000000),0.878000 (0.878000 + 0.000000),0.859000 (0.859000 + 0.000000),0.869000 (0.869000 + 0.000000),0.858000 (0.858000 + 0.000000),0.855000 (0.855000 + 0.000000),0.856000 (0.856000 + 0.000000),0.865000 (0.865000 + 0.000000),0.854000 (0.854000 + 0.000000),0.859000 (0.859000 + 0.000000),0.869000 (0.869000 + 0.000000),0.860000 (0.860000 + 0.000000),0.856000 (0.856000 + 0.000000),0.843000 (0.843000 + 0.000000),0.855000 (0.855000 + 0.000000),0.865000 (0.865000 + 0.000000),0.862000 (0.862000 + 0.000000),0.863000 (0.863000 + 0.000000),0.859000 (0.859000 + 0.000000),0.857000 (0.857000 + 0.000000),0.866000 (0.866000 + 0.000000),0.846000 (0.846000 + 0.000000),0.863000 (0.863000 + 0.000000),0.867000 (0.867000 + 0.000000),0.874000 (0.874000 + 0.000000),0.857000 (0.857000 + 0.000000),0.855000 (0.855000 + 0.000000),0.858000 (0.858000 + 0.444444),0.860000 (0.860000 + 0.500000),0.862000 (0.862000 + 0.421053),0.856000 (0.856000 + 0.000000),0.861000 (0.861000 + 0.422222),0.859000 (0.859000 + 0.394444),0.865000 (0.865000 + 0.500000),0.871000 (0.871000 + 0.526316),0.861000 (0.861000 + 0.455556),0.844000 (0.844000 + 0.000000),0.856000 (0.856000 + 0.483333),0.855000 (0.855000 + 0.527778),0.862000 (0.862000 + 0.477778),0.850000 (0.850000 + 0.450000),0.855000 (0.855000 + 0.316667),0.862000 (0.862000 + 0.497076),0.855000 (0.855000 + 0.405556),0.860000 (0.860000 + 0.000000),0.867000 (0.867000 + 0.000000),0.862000 (0.862000 + 0.000000),0.866000 (0.866000 + 0.000000),0.862000 (0.862000 + 0.000000),0.857000 (0.857000 + 0.000000),0.867000 (0.867000 + 0.000000),0.863000 (0.863000 + 0.000000),0.855000 (0.855000 + 0.000000),0.852000 (0.852000 + 0.000000),0.860000 (0.860000 + 0.000000),0.863000 (0.863000 + 0.000000),0.868000 (0.868000 + 0.000000),0.873000 (0.873000 + 0.000000),0.843000 (0.843000 + 0.000000),0.856000 (0.856000 + 0.000000),0.846000 (0.846000 + 0.000000),0.869000 (0.869000 + 0.000000),0.859000 (0.859000 + 0.000000),0.851000 (0.851000 + 0.000000),0.858000 (0.858000 + 0.000000),0.869000 (0.869000 + 0.000000),0.866000 (0.866000 + 0.000000),0.861000 (0.861000 + 0.000000),0.869000 (0.869000 + 0.000000),0.851000 (0.851000 + 0.000000),0.852000 (0.852000 + 0.000000),0.870000 (0.870000 + 0.000000),0.862000 (0.862000 + 0.000000),0.867000 (0.867000 + 0.000000),0.873000 (0.873000 + 0.000000),0.858000 (0.858000 + 0.000000),0.862000 (0.862000 + 0.000000),0.866000 (0.866000 + 0.000000)
40,0.880000 (0.880000 + 0.000000),0.872000 (0.872000 + 0.000000),0.868000 (0.868000 + 0.000000),0.861000 (0.861000 + 0.000000),0.855000 (0.855000 + 0.000000),0.864000 (0.864000 + 0.000000),0.858000 (0.858000 + 0.000000),0.871000 (0.871000 + 0.000000),0.854000 (0.854000 + 0.000000),0.857000 (0.857000 + 0.000000),0.850000 (0.850000 + 0.000000),0.859000 (0.859000 + 0.000000),0.861000 (0.861000 + 0.000000),0.864000 (0.864000 + 0.000000),0.854000 (0.854000 + 0.000000),0.843000 (0.843000 + 0.000000),0.855000 (0.855000 + 0.000000),0.860000 (0.860000 + 0.000000),0.857000 (0.857000 + 0.000000),0.867000 (0.867000 + 0.000000),0.862000 (0.862000 + 0.000000),0.865000 (0.865000 + 0.000000),0.862000 (0.862000 + 0.000000),0.861000 (0.861000 + 0.000000),0.863000 (0.863000 + 0.000000),0.858000 (0.858000 + 0.000000),0.864000 (0.864000 + 0.000000),0.853000 (0.853000 + 0.000000),0.853000 (0.853000 + 0.000000),0.868000 (0.868000 + 0.000000),0.840000 (0.840000 + 0.000000),0.865000 (0.865000 + 0.000000),0.851000 (0.851000 + 0.000000),0.862000 (0.862000 + 0.000000),0.855000 (0.855000 + 0.000000),0.846000 (0.846000 + 0.000000),0.876000 (0.876000 + 0.000000),0.859000 (0.859000 + 0.000000),0.856000 (0.856000 + 0.000000),0.861000 (0.861000 + 0.000000),0.865000 (0.865000 + 0.000000),0.856000 (0.856000 + 0.000000),0.862000 (0.862000 + 0.000000),0.865000 (0.865000 + 0.000000),0.858000 (0.858000 + 0.000000),0.866000 (0.866000 + 0.000000),0.855000 (0.855000 + 0.000000),0.844000 (0.844000 + 0.000000),0.859000 (0.859000 + 0.000000),0.862000 (0.862000 + 0.000000),0.846000 (0.846000 + 0.000000),0.853000 (0.853000 + 0.000000),0.863000 (0.863000 + 0.000000),0.861000 (0.861000 + 0.000000),0.851000 (0.851000 + 0.000000),0.865000 (0.865000 + 0.000000),0.864000 (0.864000 + 0.000000),0.856000 (0.856000 + 0.000000),0.858000 (0.858000 + 0.000000),0.859000 (0.859000 + 0.000000),0.861000 (0.861000 + 0.000000),0.852000 (0.852000 + 0.000000),0.868000 (0.868000 + 0.000000),0.860000 (0.860000 + 0.000000),0.864000 (0.864000 + 0.000000),0.850000 (0.850000 + 0.000000),0.865000 (0.865000 + 0.000000),0.860000 (0.860000 + 0.000000),0.860000 (0.860000 + 0.000000),0.864000 (0.864000 + 0.000000),0.859000 (0.859000 + 0.000000),0.869000 (0.869000 + 0.000000),0.857000 (0.857000 + 0.000000),0.865000 (0.865000 + 0.000000),0.858000 (0.858000 + 0.000000),0.864000 (0.864000 + 0.000000),0.878000 (0.878000 + 0.000000),0.858000 (0.858000 + 0.000000),0.859000 (0.859000 + 0.000000),0.862000 (0.862000 + 0.000000),0.849000 (0.849000 + 0.000000),0.871000 (0.871000 + 0.000000),0.866000 (0.866000 + 0.000000),0.851000 (0.851000 + 0.000000),0.856000 (0.856000 + 0.000000),0.857000 (0.857000 + 0.000000),0.851000 (0.851000 + 0.000000),0.863000 (0.863000 + 0.000000),0.853000 (0.853000 + 0.000000),0.870000 (0.870000 + 0.000000)
41,0.880000 (0.880000 + 0.000000),0.861000 (0.861000 + 0.000000),0.868000 (0.868000 + 0.000000),0.862000 (0.862000 + 0.000000),0.850000 (0.850000 + 0.000000),0.867000 (0.867000 + 0.000000),0.869000 (0.869000 + 0.000000),0.862000 (0.862000 + 0.000000),0.862000 (0.862000 + 0.000000),0.871000 (0.871000 + 0.000000),0.855000 (0.855000 + 0.000000),0.852000 (0.852000 + 0.000000),0.868000 (0.868000 + 0.000000),0.871000 (0.871000 + 0.000000),0.861000 (0.861000 + 0.000000),0.855000 (0.855000 + 0.000000),0.858000 (0.858000 + 0.000000),0.858000 (0.858000 + 0.000000),0.854000 (0.854000 + 0.000000),0.861000 (0.861000 + 0.000000),0.859000 (0.859000 + 0.000000),0.862000 (0.862000 + 0.000000),0.870000 (0.870000 + 0.000000),0.856000 (0.856000 + 0.000000),0.860000 (0.860000 + 0.000000),0.859000 (0.859000 + 0.000000),0.866000 (0.866000 + 0.000000),0.858000 (0.858000 + 0.000000),0.858000 (0.858000 + 0.000000),0.860000 (0.860000 + 0.000000),0.860000 (0.860000 + 0.000000),0.845000 (0.845000 + 0.000000),0.858000 (0.858000 + 0.000000),0.867000 (0.867000 + 0.000000),0.871000 (0.871000 + 0.000000),0.851000 (0.851000 + 0.000000),0.845000 (0.845000 + 0.000000),0.865000 (0.865000 + 0.000000),0.857000 (0.857000 + 0.000000),0.857000 (0.857000 + 0.000000),0.859000 (0.859000 + 0.000000),0.868000 (0.868000 + 0.000000),0.856000 (0.856000 + 0.000000),0.855000 (0.855000 + 0.000000),0.854000 (0.854000 + 0.000000),0.853000 (0.853000 + 0.000000),0.863000 (0.863000 + 0.000000),0.863000 (0.863000 + 0.000000),0.858000 (0.858000 + 0.000000),0.849000 (0.849000 + 0.000000),0.855000 (0.855000 + 0.000000),0.854000 (0.854000 + 0.000000),0.860000 (0.860000 + 0.000000),0.862000 (0.862000 + 0.000000),0.855000 (0.855000 + 0.000000),0.858000 (0.858000 + 0.000000),0.860000 (0.860000 + 0.000000),0.862000 (0.862000 + 0.000000),0.858000 (0.858000 + 0.000000),0.866000 (0.866000 + 0.000000),0.852000 (0.852000 + 0.000000),0.865000 (0.865000 + 0.000000),0.862000 (0.862000 + 0.000000),0.862000 (0.862000 + 0.000000),0.859000 (0.859000 + 0.000000),0.859000 (0.859000 + 0.000000),0.862000 (0.862000 + 0.000000),0.857000 (0.857000 + 0.000000),0.865000 (0.865000 + 0.000000),0.854000 (0.854000 + 0.000000),0.860000 (0.860000 + 0.000000),0.862000 (0.862000 + 0.000000),0.856000 (0.856000 + 0.000000),0.860000 (0.860000 + 0.000000),0.865000 (0.865000 + 0.000000),0.847000 (0.847000 + 0.000000),0.868000 (0.868000 + 0.000000),0.865000 (0.865000 + 0.000000),0.863000 (0.863000 + 0.000000),0.866000 (0.866000 + 0.000000),0.854000 (0.854000 + 0.000000),0.860000 (0.860000 + 0.000000),0.851000 (0.851000 + 0.000000),0.855000 (0.855000 + 0.000000),0.858000 (0.858000 + 0.000000),0.850000 (0.850000 + 0.000000),0.850000 (0.850000 + 0.000000),0.876000 (0.876000 + 0.000000),0.862000 (0.862000 + 0.000000),0.865000 (0.865000 + 0.000000)
42,0.880000 (0.880000 + 0.000000),0.866000 (0.866000 + 0.000000),0.863000 (0.863000 + 0.000000),0.861000 (0.861000 + 0.000000),0.855000 (0.855000 + 0.000000),0.859000 (0.859000 + 0.000000),0.862000 (0.862000 + 0.000000),0.865000 (0.865000 + 0.000000),0.860000 (0.860000 + 0.000000),0.861000 (0.861000 + 0.000000),0.860000 (0.860000 + 0.000000),0.849000 (0.849000 + 0.000000),0.858000 (0.858000 + 0.000000),0.870000 (0.870000 + 0.000000),0.862000 (0.862000 + 0.000000),0.859000 (0.859000 + 0.000000),0.861000 (0.861000 + 0.000000),0.869000 (0.869000 + 0.000000),0.860000 (0.860000 + 0.000000),0.866000 (0.866000 + 0.000000),0.855000 (0.855000 + 0.000000),0.880000 (0.880000 + 0.000000),0.880000 (0.880000 + 0.000000),0.860000 (0.860000 + 0.000000),0.863000 (0.863000 + 0.000000),0.858000 (0.858000 + 0.000000),0.847000 (0.847000 + 0.000000),0.855000 (0.855000 + 0.000000),0.846000 (0.846000 + 0.000000),0.847000 (0.847000 + 0.000000),0.867000 (0.867000 + 0.000000),0.859000 (0.859000 + 0.000000),0.842000 (0.842000 + 0.000000),0.856000 (0.856000 + 0.000000),0.863000 (0.863000 + 0.000000),0.870000 (0.870000 + 0.000000),0.868000 (0.868000 + 0.000000),0.855000 (0.855000 + 0.000000),0.868000 (0.868000 + 0.000000),0.863000 (0.863000 + 0.000000),0.862000 (0.862000 + 0.000000),0.871000 (0.871000 + 0.000000),0.848000 (0.848000 + 0.000000),0.856000 (0.856000 + 0.000000),0.849000 (0.849000 + 0.000000),0.871000 (0.871000 + 0.000000),0.862000 (0.862000 + 0.000000),0.869000 (0.869000 + 0.000000),0.862000 (0.862000 + 0.000000),0.871000 (0.871000 + 0.000000),0.871000 (0.871000 + 0.000000),0.860000 (0.860000 + 0.000000),0.868000 (0.868000 + 0.000000),0.866000 (0.866000 + 0.000000),0.854000 (0.854000 + 0.000000),0.852000 (0.852000 + 0.000000),0.867000 (0.867000 + 0.000000),0.864000 (0.864000 + 0.000000),0.847000 (0.847000 + 0.000000),0.860000 (0.860000 + 0.000000),0.871000 (0.871000 + 0.000000),0.866000 (0.866000 + 0.000000),0.874000 (0.874000 + 0.000000),0.857000 (0.857000 + 0.000000),0.862000 (0.862000 + 0.000000),0.857000 (0.857000 + 0.000000),0.862000 (0.862000 + 0.000000),0.861000 (0.861000 + 0.000000),0.860000 (0.860000 + 0.000000),0.858000 (0.858000 + 0.000000),0.861000 (0.861000 + 0.000000),0.865000 (0.865000 + 0.000000),0.862000 (0.862000 + 0.000000),0.868000 (0.868000 + 0.000000),0.872000 (0.872000 + 0.000000),0.862000 (0.862000 + 0.000000),0.846000 (0.846000 + 0.000000),0.866000 (0.866000 + 0.000000),0.865000 (0.865000 + 0.000000),0.855000 (0.855000 + 0.000000),0.868000 (0.868000 + 0.000000),0.871000 (0.871000 + 0.000000),0.861000 (0.861000 + 0.000000),0.861000 (0.861000 + 0.000000),0.857000 (0.857000 + 0.000000),0.862000 (0.862000 + 0.000000),0.862000 (0.862000 + 0.000000),0.870000 (0.870000 + 0.000000),0.857000 (0.857000 + 0.000000),0.854000 (0.854000 + 0.000000)
43,0.880000 (0.880000 + 0.000000),0.869000 (0.869000 + 0.000000),0.861000 (0.861000 + 0.000000),0.867000 (0.867000 + 0.000000),0.858000 (0.858000 + 0.000000),0.849000 (0.849000 + 0.000000),0.865000 (0.865000 + 0.000000),0.860000 (0.860000 + 0.000000),0.851000 (0.851000 + 0.000000),0.871000 (0.871000 + 0.000000),0.862000 (0.862000 + 0.000000),0.865000 (0.865000 + 0.000000),0.865000 (0.865000 + 0.000000),0.873000 (0.873000 + 0.000000),0.863000 (0.863000 + 0.000000),0.858000 (0.858000 + 0.000000),0.856000 (0.856000 + 0.000000),0.868000 (0.868000 + 0.000000),0.857000 (0.857000 + 0.000000),0.860000 (0.860000 + 0.000000),0.858000 (0.858000 + 0.000000),0.855000 (0.855000 + 0.000000),0.856000 (0.856000 + 0.000000),0.866000 (0.866000 + 0.000000),0.871000 (0.871000 + 0.000000),0.860000 (0.860000 + 0.000000),0.855000 (0.855000 + 0.000000),0.861000 (0.861000 + 0.000000),0.852000 (0.852000 + 0.000000),0.847000 (0.847000 + 0.000000),0.858000 (0.858000 + 0.000000),0.869000 (0.869000 + 0.000000),0.875000 (0.875000 + 0.000000),0.861000 (0.861000 + 0.000000),0.860000 (0.860000 + 0.000000),0.860000 (0.860000 + 0.000000),0.845000 (0.845000 + 0.000000),0.855000 (0.855000 + 0.000000),0.866000 (0.866000 + 0.000000),0.859000 (0.859000 + 0.000000),0.863000 (0.863000 + 0.000000),0.874000 (0.874000 + 0.000000),0.852000 (0.852000 + 0.000000),0.864000 (0.864000 + 0.000000),0.858000 (0.858000 + 0.000000),0.862000 (0.862000 + 0.000000),0.860000 (0.860000 + 0.000000),0.861000 (0.861000 + 0.000000),0.860000 (0.860000 + 0.000000),0.866000 (0.866000 + 0.000000),0.863000 (0.863000 + 0.000000),0.858000 (0.858000 + 0.000000),0.869000 (0.869000 + 0.000000),0.872000 (0.872000 + 0.000000),0.866000 (0.866000 + 0.000000),0.873000 (0.873000 + 0.000000),0.860000 (0.860000 + 0.000000),0.866000 (0.866000 + 0.000000),0.862000 (0.862000 + 0.000000),0.864000 (0.864000 + 0.000000),0.854000 (0.854000 + 0.000000),0.860000 (0.860000 + 0.000000),0.854000 (0.854000 + 0.000000),0.858000 (0.858000 + 0.000000),0.861000 (0.861000 + 0.000000),0.864000 (0.864000 + 0.000000),0.859000 (0.859000 + 0.000000),0.863000 (0.863000 + 0.000000),0.855000 (0.855000 + 0.000000),0.858000 (0.858000 + 0.000000),0.874000 (0.874000 + 0.000000),0.870000 (0.870000 + 0.000000),0.870000 (0.870000 + 0.000000),0.873000 (0.873000 + 0.000000),0.864000 (0.864000 + 0.000000),0.880000 (0.880000 + 0.000000),0.861000 (0.861000 + 0.000000),0.856000 (0.856000 + 0.000000),0.873000 (0.873000 + 0.000000),0.847000 (0.847000 + 0.000000),0.858000 (0.858000 + 0.000000),0.845000 (0.845000 + 0.000000),0.871000 (0.871000 + 0.000000),0.865000 (0.865000 + 0.000000),0.846000 (0.846000 + 0.000000),0.871000 (0.871000 + 0.000000),0.874000 (0.874000 + 0.000000),0.864000 (0.864000 + 0.000000),0.868000 (0.868000 + 0.000000),0.867000 (0.867000 + 0.000000)
44,0.880000 (0.880000 + 0.000000),0.863000 (0.863000 + 0.000000),0.860000 (0.860000 + 0.000000),0.867000 (0.867000 + 0.000000),0.858000 (0.858000 + 0.000000),0.866000 (0.866000 + 0.000000),0.864000 (0.864000 + 0.000000),0.859000 (0.859000 + 0.000000),0.858000 (0.858000 + 0.000000),0.865000 (0.865000 + 0.000000),0.862000 (0.862000 + 0.000000),0.863000 (0.863000 + 0.000000),0.871000 (0.871000 + 0.000000),0.862000 (0.862000 + 0.000000),0.857000 (0.857000 + 0.000000),0.850000 (0.850000 + 0.000000),0.858000 (0.858000 + 0.000000),0.868000 (0.868000 + 0.000000),0.862000 (0.862000 + 0.000000),0.862000 (0.862000 + 0.000000),0.862000 (0.862000 + 0.000000),0.849000 (0.849000 + 0.000000),0.863000 (0.863000 + 0.000000),0.860000 (0.860000 + 0.000000),0.880000 (0.880000 + 0.000000),0.868000 (0.868000 + 0.000000),0.865000 (0.865000 + 0.000000),0.860000 (0.860000 + 0.000000),0.869000 (0.869000 + 0.000000),0.843000 (0.843000 + 0.000000),0.858000 (0.858000 + 0.000000),0.870000 (0.870000 + 0.000000),0.862000 (0.862000 + 0.000000),0.860000 (0.860000 + 0.000000),0.873000 (0.873000 + 0.000000),0.862000 (0.862000 + 0.000000),0.872000 (0.872000 + 0.000000),0.858000 (0.858000 + 0.000000),0.868000 (0.868000 + 0.000000),0.862000 (0.862000 + 0.000000),0.873000 (0.873000 + 0.000000),0.869000 (0.869000 + 0.000000),0.857000 (0.857000 + 0.000000),0.872000 (0.872000 + 0.000000),0.866000 (0.866000 + 0.000000),0.860000 (0.860000 + 0.000000),0.859000 (0.859000 + 0.000000),0.860000 (0.860000 + 0.000000),0.864000 (0.864000 + 0.000000),0.856000 (0.856000 + 0.000000),0.859000 (0.859000 + 0.000000),0.850000 (0.850000 + 0.000000),0.879000 (0.879000 + 0.000000),0.873000 (0.873000 + 0.000000),0.864000 (0.864000 + 0.000000),0.853000 (0.853000 + 0.000000),0.850000 (0.850000 + 0.000000),0.863000 (0.863000 + 0.000000),0.851000 (0.851000 + 0.000000),0.880000 (0.880000 + 0.000000),0.854000 (0.854000 + 0.000000),0.871000 (0.871000 + 0.000000),0.864000 (0.864000 + 0.000000),0.861000 (0.861000 + 0.000000),0.857000 (0.857000 + 0.000000),0.864000 (0.864000 + 0.000000),0.872000 (0.872000 + 0.000000),0.857000 (0.857000 + 0.000000),0.858000 (0.858000 + 0.000000),0.848000 (0.848000 + 0.000000),0.865000 (0.865000 + 0.000000),0.849000 (0.849000 + 0.000000),0.865000 (0.865000 + 0.000000),0.866000 (0.866000 + 0.000000),0.868000 (0.868000 + 0.000000),0.873000 (0.873000 + 0.000000),0.875000 (0.875000 + 0.000000),0.853000 (0.853000 + 0.000000),0.855000 (0.855000 + 0.000000),0.860000 (0.860000 + 0.000000),0.861000 (0.861000 + 0.000000),0.864000 (0.864000 + 0.000000),0.850000 (0.850000 + 0.000000),0.876000 (0.876000 + 0.000000),0.858000 (0.858000 + 0.000000),0.864000 (0.864000 + 0.000000),0.869000 (0.869000 + 0.000000),0.870000 (0.870000 + 0.000000),0.869000 (0.869000 + 0.000000),0.857000 (0.857000 + 0.000000)
45,0.880000 (0.880000 + 0.000000),0.863000 (0.863000 + 0.000000),0.860000 (0.860000 + 0.000000),0.866000 (0.866000 + 0.000000),0.861000 (0.861000 + 0.000000),0.850000 (0.850000 + 0.000000),0.849000 (0.849000 + 0.000000),0.867000 (0.867000 + 0.000000),0.856000 (0.856000 + 0.000000),0.860000 (0.860000 + 0.000000),0.858000 (0.858000 + 0.000000),0.859000 (0.859000 + 0.000000),0.858000 (0.858000 + 0.000000),0.860000 (0.860000 + 0.000000),0.860000 (0.860000 + 0.000000),0.849000 (0.849000 + 0.000000),0.856000 (0.856000 + 0.000000),0.866000 (0.866000 + 0.000000),0.863000 (0.863000 + 0.000000),0.868000 (0.868000 + 0.000000),0.860000 (0.860000 + 0.000000),0.866000 (0.866000 + 0.000000),0.868000 (0.868000 + 0.000000),0.862000 (0.862000 + 0.000000),0.870000 (0.870000 + 0.000000),0.871000 (0.871000 + 0.000000),0.851000 (0.851000 + 0.000000),0.864000 (0.864000 + 0.000000),0.864000 (0.864000 + 0.000000),0.870000 (0.870000 + 0.000000),0.868000 (0.868000 + 0.000000),0.869000 (0.869000 + 0.000000),0.864000 (0.864000 + 0.000000),0.859000 (0.859000 + 0.000000),0.850000 (0.850000 + 0.000000),0.865000 (0.865000 + 0.000000),0.862000 (0.862000 + 0.000000),0.866000 (0.866000 + 0.000000),0.856000 (0.856000 + 0.000000),0.870000 (0.870000 + 0.000000),0.871000 (0.871000 + 0.000000),0.866000 (0.866000 + 0.000000),0.857000 (0.857000 + 0.000000),0.848000 (0.848000 + 0.000000),0.853000 (0.853000 + 0.000000),0.875000 (0.875000 + 0.000000),0.869000 (0.869000 + 0.000000),0.864000 (0.864000 + 0.000000),0.852000 (0.852000 + 0.000000),0.844000 (0.844000 + 0.000000),0.852000 (0.852000 + 0.000000),0.856000 (0.856000 + 0.000000),0.859000 (0.859000 + 0.000000),0.856000 (0.856000 + 0.000000),0.860000 (0.860000 + 0.000000),0.873000 (0.873000 + 0.000000),0.869000 (0.869000 + 0.000000),0.857000 (0.857000 + 0.000000),0.853000 (0.853000 + 0.000000),0.863000 (0.863000 + 0.000000),0.855000 (0.855000 + 0.000000),0.847000 (0.847000 + 0.000000),0.870000 (0.870000 + 0.000000),0.861000 (0.861000 + 0.000000),0.860000 (0.860000 + 0.000000),0.864000 (0.864000 + 0.000000),0.855000 (0.855000 + 0.000000),0.880000 (0.880000 + 0.000000),0.864000 (0.864000 + 0.000000),0.865000 (0.865000 + 0.000000),0.862000 (0.862000 + 0.000000),0.853000 (0.853000 + 0.000000),0.862000 (0.862000 + 0.000000),0.873000 (0.873000 + 0.000000),0.878000 (0.878000 + 0.000000),0.852000 (0.852000 + 0.000000),0.867000 (0.867000 + 0.000000),0.869000 (0.869000 + 0.000000),0.867000 (0.867000 + 0.000000),0.863000 (0.863000 + 0.000000),0.856000 (0.856000 + 0.000000),0.872000 (0.872000 + 0.000000),0.859000 (0.859000 + 0.000000),0.856000 (0.856000 + 0.000000),0.858000 (0.858000 + 0.000000),0.859000 (0.859000 + 0.000000),0.872000 (0.872000 + 0.000000),0.871000 (0.871000 + 0.000000),0.858000 (0.858000 + 0.000000),0.854000 (0.854000 + 0.000000)
46,0.880000 (0.880000 + 0.000000),0.851000 (0.851000 + 0.000000),0.866000 (0.866000 + 0.000000),0.862000 (0.862000 + 0.000000),0.863000 (0.863000 + 0.000000),0.876000 (0.876000 + 0.000000),0.867000 (0.867000 + 0.000000),0.866000 (0.866000 + 0.000000),0.865000 (0.865000 + 0.000000),0.866000 (0.866000 + 0.000000),0.870000 (0.870000 + 0.000000),0.855000 (0.855000 + 0.000000),0.860000 (0.860000 + 0.000000),0.872000 (0.872000 + 0.000000),0.858000 (0.858000 + 0.000000),0.871000 (0.871000 + 0.000000),0.863000 (0.863000 + 0.000000),0.859000 (0.859000 + 0.000000),0.872000 (0.872000 + 0.000000),0.866000 (0.866000 + 0.000000),0.873000 (0.873000 + 0.000000),0.868000 (0.868000 + 0.000000),0.863000 (0.863000 + 0.000000),0.861000 (0.861000 + 0.000000),0.864000 (0.864000 + 0.000000),0.858000 (0.858000 + 0.000000),0.872000 (0.872000 + 0.000000),0.865000 (0.865000 + 0.000000),0.850000 (0.850000 + 0.000000),0.860000 (0.860000 + 0.000000),0.868000 (0.868000 + 0.000000),0.859000 (0.859000 + 0.000000),0.864000 (0.864000 + 0.000000),0.859000 (0.859000 + 0.000000),0.865000 (0.865000 + 0.000000),0.865000 (0.865000 + 0.000000),0.874000 (0.874000 + 0.000000),0.859000 (0.859000 + 0.000000),0.872000 (0.872000 + 0.000000),0.869000 (0.869000 + 0.000000),0.877000 (0.877000 + 0.000000),0.850000 (0.850000 + 0.000000),0.858000 (0.858000 + 0.000000),0.866000 (0.866000 + 0.000000),0.856000 (0.856000 + 0.000000),0.869000 (0.869000 + 0.000000),0.872000 (0.872000 + 0.000000),0.860000 (0.860000 + 0.000000),0.859000 (0.859000 + 0.000000),0.863000 (0.863000 + 0.000000),0.854000 (0.854000 + 0.000000),0.859000 (0.859000 + 0.000000),0.865000 (0.865000 + 0.000000),0.865000 (0.865000 + 0.000000),0.857000 (0.857000 + 0.000000),0.861000 (0.861000 + 0.000000),0.865000 (0.865000 + 0.000000),0.858000 (0.858000 + 0.000000),0.853000 (0.853000 + 0.000000),0.863000 (0.863000 + 0.000000),0.858000 (0.858000 + 0.000000),0.870000 (0.870000 + 0.000000),0.852000 (0.852000 + 0.000000),0.857000 (0.857000 + 0.000000),0.867000 (0.867000 + 0.000000),0.857000 (0.857000 + 0.000000),0.867000 (0.867000 + 0.000000),0.861000 (0.861000 + 0.000000),0.864000 (0.864000 + 0.000000),0.860000 (0.860000 + 0.000000),0.869000 (0.869000 + 0.000000),0.873000 (0.873000 + 0.000000),0.862000 (0.862000 + 0.000000),0.851000 (0.851000 + 0.000000),0.867000 (0.867000 + 0.000000),0.861000 (0.861000 + 0.000000),0.851000 (0.851000 + 0.000000),0.859000 (0.859000 + 0.000000),0.868000 (0.868000 + 0.000000),0.861000 (0.861000 + 0.000000),0.855000 (0.855000 + 0.000000),0.862000 (0.862000 + 0.000000),0.861000 (0.861000 + 0.000000),0.879000 (0.879000 + 0.000000),0.862000 (0.862000 + 0.000000),0.846000 (0.846000 + 0.000000),0.857000 (0.857000 + 0.000000),0.844000 (0.844000 + 0.000000),0.858000 (0.858000 + 0.000000),0.852000 (0.852000 + 0.000000)
47,0.880000 (0.880000 + 0.000000),0.858000 (0.858000 + 0.000000),0.861000 (0.861000 + 0.000000),0.853000 (0.853000 + 0.000000),0.854000 (0.854000 + 0.000000),0.869000 (0.869000 + 0.000000),0.864000 (0.864000 + 0.000000),0.872000 (0.872000 + 0.000000),0.866000 (0.866000 + 0.000000),0.860000 (0.860000 + 0.000000),0.869000 (0.869000 + 0.000000),0.873000 (0.873000 + 0.000000),0.874000 (0.874000 + 0.000000),0.875000 (0.875000 + 0.000000),0.858000 (0.858000 + 0.000000),0.859000 (0.859000 + 0.000000),0.859000 (0.859000 + 0.000000),0.862000 (0.862000 + 0.000000),0.873000 (0.873000 + 0.000000),0.856000 (0.856000 + 0.000000),0.858000 (0.858000 + 0.000000),0.865000 (0.865000 + 0.000000),0.864000 (0.864000 + 0.000000),0.866000 (0.866000 + 0.000000),0.864000 (0.864000 + 0.000000),0.872000 (0.872000 + 0.000000),0.868000 (0.868000 + 0.000000),0.860000 (0.860000 + 0.000000),0.863000 (0.863000 + 0.000000),0.872000 (0.872000 + 0.000000),0.859000 (0.859000 + 0.000000),0.861000 (0.861000 + 0.000000),0.864000 (0.864000 + 0.000000),0.867000 (0.867000 + 0.000000),0.865000 (0.865000 + 0.000000),0.852000 (0.852000 + 0.000000),0.865000 (0.865000 + 0.000000),0.866000 (0.866000 + 0.000000),0.871000 (0.871000 + 0.000000),0.879000 (0.879000 + 0.000000),0.864000 (0.864000 + 0.000000),0.869000 (0.869000 + 0.000000),0.854000 (0.854000 + 0.000000),0.860000 (0.860000 + 0.000000),0.852000 (0.852000 + 0.000000),0.850000 (0.850000 + 0.000000),0.857000 (0.857000 + 0.000000),0.862000 (0.862000 + 0.000000),0.861000 (0.861000 + 0.000000),0.860000 (0.860000 + 0.000000),0.850000 (0.850000 + 0.000000),0.869000 (0.869000 + 0.000000),0.840000 (0.840000 + 0.000000),0.870000 (0.870000 + 0.000000),0.855000 (0.855000 + 0.000000),0.858000 (0.858000 + 0.000000),0.861000 (0.861000 + 0.000000),0.852000 (0.852000 + 0.000000),0.854000 (0.854000 + 0.000000),0.865000 (0.865000 + 0.000000),0.867000 (0.867000 + 0.000000),0.859000 (0.859000 + 0.000000),0.867000 (0.867000 + 0.000000),0.871000 (0.871000 + 0.000000),0.876000 (0.876000 + 0.000000),0.865000 (0.865000 + 0.000000),0.874000 (0.874000 + 0.000000),0.872000 (0.872000 + 0.000000),0.863000 (0.863000 + 0.000000),0.856000 (0.856000 + 0.000000),0.871000 (0.871000 + 0.000000),0.860000 (0.860000 + 0.000000),0.858000 (0.858000 + 0.000000),0.865000 (0.865000 + 0.000000),0.865000 (0.865000 + 0.000000),0.868000 (0.868000 + 0.000000),0.870000 (0.870000 + 0.000000),0.853000 (0.853000 + 0.000000),0.852000 (0.852000 + 0.000000),0.856000 (0.856000 + 0.000000),0.858000 (0.858000 + 0.000000),0.863000 (0.863000 + 0.000000),0.867000 (0.867000 + 0.000000),0.867000 (0.867000 + 0.000000),0.868000 (0.868000 + 0.000000),0.861000 (0.861000 + 0.000000),0.857000 (0.857000 + 0.000000),0.870000 (0.870000 + 0.000000),0.851000 (0.851000 + 0.000000),0.872000 (0.872000 + 0.000000)
48,0.880000 (0.880000 + 0.000000),0.873000 (0.873000 + 0.000000),0.861000 (0.861000 + 0.000000),0.864000 (0.864000 + 0.000000),0.863000 (0.863000 + 0.000000),0.862000 (0.862000 + 0.000000),0.866000 (0.866000 + 0.000000),0.868000 (0.868000 + 0.000000),0.854000 (0.854000 + 0.000000),0.866000 (0.866000 + 0.000000),0.848000 (0.848000 + 0.000000),0.866000 (0.866000 + 0.000000),0.868000 (0.868000 + 0.000000),0.867000 (0.867000 + 0.000000),0.858000 (0.858000 + 0.000000),0.863000 (0.863000 + 0.000000),0.854000 (0.854000 + 0.000000),0.878000 (0.878000 + 0.000000),0.853000 (0.853000 + 0.000000),0.870000 (0.870000 + 0.000000),0.863000 (0.863000 + 0.000000),0.872000 (0.872000 + 0.000000),0.872000 (0.872000 + 0.000000),0.862000 (0.862000 + 0.000000),0.865000 (0.865000 + 0.000000),0.862000 (0.862000 + 0.000000),0.862000 (0.862000 + 0.000000),0.853000 (0.853000 + 0.000000),0.872000 (0.872000 + 0.000000),0.852000 (0.852000 + 0.000000),0.866000 (0.866000 + 0.000000),0.858000 (0.858000 + 0.000000),0.858000 (0.858000 + 0.000000),0.847000 (0.847000 + 0.000000),0.866000 (0.866000 + 0.000000),0.865000 (0.865000 + 0.000000),0.864000 (0.864000 + 0.000000),0.871000 (0.871000 + 0.000000),0.863000 (0.863000 + 0.000000),0.865000 (0.865000 + 0.000000),0.852000 (0.852000 + 0.000000),0.876000 (0.876000 + 0.000000),0.864000 (0.864000 + 0.000000),0.869000 (0.869000 + 0.000000),0.865000 (0.865000 + 0.000000),0.871000 (0.871000 + 0.000000),0.860000 (0.860000 + 0.000000),0.862000 (0.862000 + 0.000000),0.859000 (0.859000 + 0.000000),0.861000 (0.861000 + 0.000000),0.878000 (0.878000 + 0.000000),0.863000 (0.863000 + 0.000000),0.863000 (0.863000 + 0.000000),0.863000 (0.863000 + 0.000000),0.863000 (0.863000 + 0.000000),0.863000 (0.863000 + 0.000000),0.871000 (0.871000 + 0.000000),0.861000 (0.861000 + 0.000000),0.858000 (0.858000 + 0.000000),0.880000 (0.880000 + 0.000000),0.872000 (0.872000 + 0.000000),0.853000 (0.853000 + 0.000000),0.862000 (0.862000 + 0.000000),0.866000 (0.866000 + 0.000000),0.857000 (0.857000 + 0.000000),0.875000 (0.875000 + 0.000000),0.866000 (0.866000 + 0.000000),0.856000 (0.856000 + 0.000000),0.852000 (0.852000 + 0.000000),0.873000 (0.873000 + 0.000000),0.872000 (0.872000 + 0.000000),0.862000 (0.862000 + 0.000000),0.850000 (0.850000 + 0.000000),0.879000 (0.879000 + 0.000000),0.865000 (0.865000 + 0.000000),0.860000 (0.860000 + 0.000000),0.859000 (0.859000 + 0.000000),0.879000 (0.879000 + 0.000000),0.860000 (0.860000 + 0.000000),0.857000 (0.857000 + 0.000000),0.866000 (0.866000 + 0.000000),0.868000 (0.868000 + 0.000000),0.866000 (0.866000 + 0.000000),0.867000 (0.867000 + 0.000000),0.859000 (0.859000 + 0.000000),0.875000 (0.875000 + 0.000000),0.862000 (0.862000 + 0.000000),0.854000 (0.854000 + 0.000000),0.863000 (0.863000 + 0.000000),0.857000 (0.857000 + 0.000000)
49,0.880000 (0.880000 + 0.000000),0.854000 (0.854000 + 0.000000),0.865000 (0.865000 + 0.000000),0.858000 (0.858000 + 0.000000),0.862000 (0.862000 + 0.000000),0.870000 (0.870000 + 0.000000),0.859000 (0.859000 + 0.000000),0.876000 (0.876000 + 0.000000),0.866000 (0.866000 + 0.000000),0.849000 (0.849000 + 0.000000),0.856000 (0.856000 + 0.000000),0.869000 (0.869000 + 0.000000),0.858000 (0.858000 + 0.000000),0.861000 (0.861000 + 0.000000),0.862000 (0.862000 + 0.000000),0.858000 (0.858000 + 0.000000),0.869000 (0.869000 + 0.000000),0.840000 (0.840000 + 0.000000),0.865000 (0.865000 + 0.000000),0.862000 (0.862000 + 0.000000),0.868000 (0.868000 + 0.000000),0.868000 (0.868000 + 0.000000),0.862000 (0.862000 + 0.000000),0.872000 (0.872000 + 0.000000),0.863000 (0.863000 + 0.000000),0.863000 (0.863000 + 0.000000),0.869000 (0.869000 + 0.000000),0.861000 (0.861000 + 0.000000),0.869000 (0.869000 + 0.000000),0.851000 (0.851000 + 0.000000),0.838000 (0.838000 + 0.000000),0.864000 (0.864000 + 0.000000),0.875000 (0.875000 + 0.000000),0.851000 (0.851000 + 0.000000),0.859000 (0.859000 + 0.000000),0.860000 (0.860000 + 0.000000),0.861000 (0.861000 + 0.000000),0.866000 (0.866000 + 0.000000),0.863000 (0.863000 + 0.000000),0.857000 (0.857000 + 0.000000),0.856000 (0.856000 + 0.000000),0.857000 (0.857000 + 0.000000),0.858000 (0.858000 + 0.000000),0.867000 (0.867000 + 0.000000),0.866000 (0.866000 + 0.000000),0.860000 (0.860000 + 0.000000),0.865000 (0.865000 + 0.000000),0.871000 (0.871000 + 0.000000),0.861000 (0.861000 + 0.000000),0.857000 (0.857000 + 0.000000),0.852000 (0.852000 + 0.000000),0.852000 (0.852000 + 0.000000),0.868000 (0.868000 + 0.000000),0.860000 (0.860000 + 0.000000),0.864000 (0.864000 + 0.000000),0.849000 (0.849000 + 0.000000),0.870000 (0.870000 + 0.000000),0.862000 (0.862000 + 0.000000),0.847000 (0.847000 + 0.000000),0.870000 (0.870000 + 0.000000),0.853000 (0.853000 + 0.000000),0.853000 (0.853000 + 0.000000),0.858000 (0.858000 + 0.000000),0.869000 (0.869000 + 0.000000),0.862000 (0.862000 + 0.000000),0.874000 (0.874000 + 0.000000),0.850000 (0.850000 + 0.000000),0.851000 (0.851000 + 0.000000),0.865000 (0.865000 + 0.000000),0.858000 (0.858000 + 0.000000),0.856000 (0.856000 + 0.000000),0.866000 (0.866000 + 0.000000),0.869000 (0.869000 + 0.000000),0.865000 (0.865000 + 0.472222),0.880000 (0.880000 + 0.455556),0.872000 (0.872000 + 0.388889),0.859000 (0.859000 + 0.422222),0.867000 (0.867000 + 0.522222),0.869000 (0.869000 + 0.432749),0.863000 (0.863000 + 0.433333),0.871000 (0.871000 + 0.467836),0.882000 (0.882000 + 0.372222),0.863000 (0.863000 + 0.534392),0.856000 (0.856000 + 0.494444),0.867000 (0.867000 + 0.472222),0.863000 (0.863000 + 0.455556),0.861000 (0.861000 + 0.555556),0.862000 (0.862000 + 0.000000),0.858000 (0.858000 + 0.450000),0.859000 (0.859000 + 0.416667)
50,0.882000 (0.882000 + 0.372222),0.860000 (0.860000 + 0.000000),0.873000 (0.873000 + 0.000000),0.854000 (0.854000 + 0.000000),0.858000 (0.858000 + 0.000000),0.877000 (0.877000 + 0.000000),0.863000 (0.863000 + 0.000000),0.868000 (0.868000 + 0.000000),0.855000 (0.855000 + 0.000000),0.865000 (0.865000 + 0.000000),0.856000 (0.856000 + 0.000000),0.862000 (0.862000 + 0.000000),0.863000 (0.863000 + 0.000000),0.860000 (0.860000 + 0.000000),0.862000 (0.862000 + 0.000000),0.865000 (0.865000 + 0.000000),0.872000 (0.872000 + 0.000000),0.866000 (0.866000 + 0.000000),0.855000 (0.855000 + 0.000000),0.871000 (0.871000 + 0.000000),0.881000 (0.881000 + 0.000000),0.871000 (0.871000 + 0.000000),0.861000 (0.861000 + 0.000000),0.868000 (0.868000 + 0.000000),0.866000 (0.866000 + 0.000000),0.857000 (0.857000 + 0.000000),0.852000 (0.852000 + 0.000000),0.857000 (0.857000 + 0.000000),0.852000 (0.852000 + 0.000000),0.881000 (0.881000 + 0.000000),0.870000 (0.870000 + 0.000000),0.868000 (0.868000 + 0.000000),0.859000 (0.859000 + 0.000000),0.852000 (0.852000 + 0.000000),0.864000 (0.864000 + 0.000000),0.861000 (0.861000 + 0.000000),0.867000 (0.867000 + 0.000000),0.878000 (0.878000 + 0.000000),0.855000 (0.855000 + 0.000000),0.860000 (0.860000 + 0.000000),0.868000 (0.868000 + 0.000000),0.854000 (0.854000 + 0.000000),0.864000 (0.864000 + 0.000000),0.863000 (0.863000 + 0.000000),0.854000 (0.854000 + 0.000000),0.869000 (0.869000 + 0.000000),0.861000 (0.861000 + 0.000000),0.856000 (0.856000 + 0.000000),0.872000 (0.872000 + 0.000000),0.872000 (0.872000 + 0.000000),0.863000 (0.863000 + 0.000000),0.870000 (0.870000 + 0.000000),0.878000 (0.878000 + 0.000000),0.866000 (0.866000 + 0.000000),0.860000 (0.860000 + 0.000000),0.868000 (0.868000 + 0.000000),0.861000 (0.861000 + 0.000000),0.870000 (0.870000 + 0.000000),0.877000 (0.877000 + 0.000000),0.864000 (0.864000 + 0.000000),0.847000 (0.847000 + 0.000000),0.869000 (0.869000 + 0.000000),0.871000 (0.871000 + 0.000000),0.858000 (0.858000 + 0.000000),0.862000 (0.862000 + 0.000000),0.852000 (0.852000 + 0.000000),0.867000 (0.867000 + 0.000000),0.861000 (0.861000 + 0.000000),0.864000 (0.864000 + 0.000000),0.865000 (0.865000 + 0.000000),0.852000 (0.852000 + 0.000000),0.874000 (0.874000 + 0.000000),0.853000 (0.853000 + 0.000000),0.867000 (0.867000 + 0.000000),0.867000 (0.867000 + 0.000000),0.852000 (0.852000 + 0.000000),0.844000 (0.844000 + 0.000000),0.872000 (0.872000 + 0.000000),0.866000 (0.866000 + 0.000000),0.862000 (0.862000 + 0.000000),0.862000 (0.862000 + 0.000000),0.850000 (0.850000 + 0.000000),0.843000 (0.843000 + 0.000000),0.853000 (0.853000 + 0.000000),0.871000 (0.871000 + 0.000000),0.866000 (0.866000 + 0.000000),0.861000 (0.861000 + 0.000000),0.861000 (0.861000 + 0.000000),0.865000 (0.865000 + 0.000000),0.864000 (0.864000 + 0.000000)
51,0.882000 (0.882000 + 0.372222),0.859000 (0.859000 + 0.000000),0.846000 (0.846000 + 0.000000),0.857000 (0.857000 + 0.000000),0.867000 (0.867000 + 0.000000),0.852000 (0.852000 + 0.000000),0.849000 (0.849000 + 0.000000),0.867000 (0.867000 + 0.000000),0.857000 (0.857000 + 0.000000),0.869000 (0.869000 + 0.000000),0.857000 (0.857000 + 0.000000),0.866000 (0.866000 + 0.000000),0.858000 (0.858000 + 0.000000),0.862000 (0.862000 + 0.000000),0.873000 (0.873000 + 0.000000),0.859000 (0.859000 + 0.000000),0.864000 (0.864000 + 0.000000),0.848000 (0.848000 + 0.000000),0.854000 (0.854000 + 0.000000),0.850000 (0.850000 + 0.000000),0.871000 (0.871000 + 0.000000),0.864000 (0.864000 + 0.000000),0.867000 (0.867000 + 0.000000),0.853000 (0.853000 + 0.000000),0.858000 (0.858000 + 0.000000),0.856000 (0.856000 + 0.000000),0.865000 (0.865000 + 0.000000),0.853000 (0.853000 + 0.000000),0.853000 (0.853000 + 0.000000),0.864000 (0.864000 + 0.000000),0.864000 (0.864000 + 0.000000),0.844000 (0.844000 + 0.000000),0.847000 (0.847000 + 0.000000),0.871000 (0.871000 + 0.000000),0.860000 (0.860000 + 0.000000),0.863000 (0.863000 + 0.000000),0.872000 (0.872000 + 0.000000),0.862000 (0.862000 + 0.000000),0.862000 (0.862000 + 0.000000),0.855000 (0.855000 + 0.000000),0.865000 (0.865000 + 0.000000),0.865000 (0.865000 + 0.000000),0.864000 (0.864000 + 0.000000),0.866000 (0.866000 + 0.000000),0.856000 (0.856000 + 0.000000),0.865000 (0.865000 + 0.000000),0.863000 (0.863000 + 0.000000),0.866000 (0.866000 + 0.000000),0.864000 (0.864000 + 0.000000),0.868000 (0.868000 + 0.000000),0.858000 (0.858000 + 0.000000),0.874000 (0.874000 + 0.000000),0.858000 (0.858000 + 0.000000),0.866000 (0.866000 + 0.000000),0.845000 (0.845000 + 0.000000),0.878000 (0.878000 + 0.000000),0.867000 (0.867000 + 0.450000),0.863000 (0.863000 + 0.472222),0.865000 (0.865000 + 0.433333),0.847000 (0.847000 + 0.472222),0.873000 (0.873000 + 0.432749),0.859000 (0.859000 + 0.372222),0.873000 (0.873000 + 0.494444),0.857000 (0.857000 + 0.416667),0.858000 (0.858000 + 0.534392),0.878000 (0.878000 + 0.455556),0.865000 (0.865000 + 0.555556),0.863000 (0.863000 + 0.455556),0.852000 (0.852000 + 0.000000),0.857000 (0.857000 + 0.522222),0.866000 (0.866000 + 0.467836),0.858000 (0.858000 + 0.422222),0.860000 (0.860000 + 0.388889),0.863000 (0.863000 + 0.000000),0.865000 (0.865000 + 0.000000),0.859000 (0.859000 + 0.000000),0.856000 (0.856000 + 0.000000),0.858000 (0.858000 + 0.000000),0.858000 (0.858000 + 0.000000),0.867000 (0.867000 + 0.000000),0.872000 (0.872000 + 0.000000),0.857000 (0.857000 + 0.000000),0.851000 (0.851000 + 0.000000),0.871000 (0.871000 + 0.000000),0.865000 (0.865000 + 0.000000),0.863000 (0.863000 + 0.000000),0.860000 (0.860000 + 0.000000),0.869000 (0.869000 + 0.000000),0.880000 (0.880000 + 0.000000),0.862000 (0.862000 + 0.000000)
52,0.882000 (0.882000 + 0.372222),0.864000 (0.864000 + 0.000000),0.864000 (0.864000 + 0.000000),0.876000 (0.876000 + 0.000000),0.865000 (0.865000 + 0.000000),0.863000 (0.863000 + 0.000000),0.863000 (0.863000 + 0.000000),0.871000 (0.871000 + 0.000000),0.866000 (0.866000 + 0.000000),0.869000 (0.869000 + 0.000000),0.862000 (0.862000 + 0.000000),0.844000 (0.844000 + 0.000000),0.879000 (0.879000 + 0.000000),0.848000 (0.848000 + 0.000000),0.865000 (0.865000 + 0.000000),0.871000 (0.871000 + 0.000000),0.866000 (0.866000 + 0.000000),0.863000 (0.863000 + 0.000000),0.875000 (0.875000 + 0.000000),0.866000 (0.866000 + 0.000000),0.866000 (0.866000 + 0.000000),0.864000 (0.864000 + 0.000000),0.864000 (0.864000 + 0.000000),0.867000 (0.867000 + 0.000000),0.859000 (0.859000 + 0.000000),0.869000 (0.869000 + 0.000000),0.875000 (0.875000 + 0.000000),0.869000 (0.869000 + 0.000000),0.868000 (0.868000 + 0.000000),0.855000 (0.855000 + 0.000000),0.867000 (0.867000 + 0.000000),0.875000 (0.875000 + 0.000000),0.867000 (0.867000 + 0.000000),0.864000 (0.864000 + 0.000000),0.853000 (0.853000 + 0.000000),0.861000 (0.861000 + 0.000000),0.874000 (0.874000 + 0.000000),0.862000 (0.862000 + 0.000000),0.861000 (0.861000 + 0.000000),0.870000 (0.870000 + 0.000000),0.877000 (0.877000 + 0.000000),0.858000 (0.858000 + 0.000000),0.859000 (0.859000 + 0.000000),0.862000 (0.862000 + 0.000000),0.863000 (0.863000 + 0.000000),0.856000 (0.856000 + 0.000000),0.867000 (0.867000 + 0.000000),0.852000 (0.852000 + 0.000000),0.875000 (0.875000 + 0.000000),0.860000 (0.860000 + 0.000000),0.864000 (0.864000 + 0.000000),0.856000 (0.856000 + 0.000000),0.857000 (0.857000 + 0.000000),0.867000 (0.867000 + 0.000000),0.864000 (0.864000 + 0.000000),0.865000 (0.865000 + 0.000000),0.845000 (0.845000 + 0.000000),0.866000 (0.866000 + 0.000000),0.853000 (0.853000 + 0.000000),0.851000 (0.851000 + 0.000000),0.862000 (0.862000 + 0.000000),0.860000 (0.860000 + 0.000000),0.866000 (0.866000 + 0.000000),0.868000 (0.868000 + 0.000000),0.869000 (0.869000 + 0.000000),0.855000 (0.855000 + 0.000000),0.864000 (0.864000 + 0.000000),0.855000 (0.855000 + 0.000000),0.853000 (0.853000 + 0.000000),0.843000 (0.843000 + 0.000000),0.860000 (0.860000 + 0.000000),0.867000 (0.867000 + 0.000000),0.859000 (0.859000 + 0.000000),0.869000 (0.869000 + 0.000000),0.864000 (0.864000 + 0.372222),0.856000 (0.856000 + 0.000000),0.879000 (0.879000 + 0.000000),0.860000 (0.860000 + 0.000000),0.863000 (0.863000 + 0.000000),0.859000 (0.859000 + 0.000000),0.859000 (0.859000 + 0.000000),0.869000 (0.869000 + 0.000000),0.864000 (0.864000 + 0.000000),0.861000 (0.861000 + 0.000000),0.857000 (0.857000 + 0.000000),0.864000 (0.864000 + 0.000000),0.866000 (0.866000 + 0.000000),0.860000 (0.860000 + 0.000000),0.863000 (0.863000 + 0.000000),0.862000 (0.862000 + 0.000000)
53,0.882000 (0.882000 + 0.372222),0.861000 (0.861000 + 0.000000),0.868000 (0.868000 + 0.000000),0.851000 (0.851000 + 0.000000),0.866000 (0.866000 + 0.000000),0.878000 (0.878000 + 0.000000),0.861000 (0.861000 + 0.000000),0.849000 (0.849000 + 0.000000),0.855000 (0.855000 + 0.000000),0.863000 (0.863000 + 0.000000),0.864000 (0.864000 + 0.000000),0.863000 (0.863000 + 0.000000),0.862000 (0.862000 + 0.000000),0.863000 (0.863000 + 0.000000),0.855000 (0.855000 + 0.000000),0.877000 (0.877000 + 0.000000),0.851000 (0.851000 + 0.000000),0.869000 (0.869000 + 0.000000),0.866000 (0.866000 + 0.000000),0.861000 (0.861000 + 0.000000),0.868000 (0.868000 + 0.000000),0.864000 (0.864000 + 0.000000),0.869000 (0.869000 + 0.000000),0.852000 (0.852000 + 0.000000),0.853000 (0.853000 + 0.000000),0.860000 (0.860000 + 0.000000),0.870000 (0.870000 + 0.000000),0.869000 (0.869000 + 0.000000),0.866000 (0.866000 + 0.000000),0.869000 (0.869000 + 0.000000),0.867000 (0.867000 + 0.000000),0.858000 (0.858000 + 0.000000),0.866000 (0.866000 + 0.000000),0.853000 (0.853000 + 0.000000),0.887000 (0.887000 + 0.000000),0.868000 (0.868000 + 0.000000),0.864000 (0.864000 + 0.000000),0.845000 (0.845000 + 0.000000),0.860000 (0.860000 + 0.000000),0.879000 (0.879000 + 0.472222),0.865000 (0.865000 + 0.388889),0.864000 (0.864000 + 0.416667),0.861000 (0.861000 + 0.432749),0.851000 (0.851000 + 0.534392),0.866000 (0.866000 + 0.522222),0.871000 (0.871000 + 0.450000),0.867000 (0.867000 + 0.372222),0.873000 (0.873000 + 0.455556),0.860000 (0.860000 + 0.472222),0.870000 (0.870000 + 0.555556),0.864000 (0.864000 + 0.000000),0.851000 (0.851000 + 0.455556),0.860000 (0.860000 + 0.433333),0.865000 (0.865000 + 0.494444),0.861000 (0.861000 + 0.467836),0.866000 (0.866000 + 0.422222),0.877000 (0.877000 + 0.000000),0.860000 (0.860000 + 0.000000),0.875000 (0.875000 + 0.000000),0.864000 (0.864000 + 0.000000),0.858000 (0.858000 + 0.000000),0.867000 (0.867000 + 0.000000),0.861000 (0.861000 + 0.000000),0.852000 (0.852000 + 0.000000),0.842000 (0.842000 + 0.000000),0.861000 (0.861000 + 0.000000),0.869000 (0.869000 + 0.000000),0.855000 (0.855000 + 0.000000),0.865000 (0.865000 + 0.000000),0.862000 (0.862000 + 0.000000),0.855000 (0.855000 + 0.000000),0.870000 (0.870000 + 0.000000),0.866000 (0.866000 + 0.000000),0.870000 (0.870000 + 0.000000),0.858000 (0.858000 + 0.000000),0.876000 (0.876000 + 0.000000),0.853000 (0.853000 + 0.000000),0.852000 (0.852000 + 0.000000),0.852000 (0.852000 + 0.000000),0.865000 (0.865000 + 0.000000),0.868000 (0.868000 + 0.000000),0.875000 (0.875000 + 0.000000),0.856000 (0.856000 + 0.000000),0.869000 (0.869000 + 0.000000),0.880000 (0.880000 + 0.000000),0.860000 (0.860000 + 0.000000),0.864000 (0.864000 + 0.000000),0.869000 (0.869000 + 0.000000),0.854000 (0.854000 + 0.000000),0.870000 (0.870000 + 0.000000)
54,0.887000 (0.887000 + 0.000000),0.854000 (0.854000 + 0.000000),0.872000 (0.872000 + 0.000000),0.870000 (0.870000 + 0.000000),0.857000 (0.857000 + 0.000000),0.868000 (0.868000 + 0.000000),0.863000 (0.863000 + 0.000000),0.854000 (0.854000 + 0.000000),0.866000 (0.866000 + 0.000000),0.882000 (0.882000 + 0.000000),0.860000 (0.860000 + 0.000000),0.869000 (0.869000 + 0.000000),0.857000 (0.857000 + 0.000000),0.871000 (0.871000 + 0.000000),0.865000 (0.865000 + 0.000000),0.866000 (0.866000 + 0.000000),0.859000 (0.859000 + 0.000000),0.871000 (0.871000 + 0.000000),0.873000 (0.873000 + 0.000000),0.849000 (0.849000 + 0.000000),0.871000 (0.871000 + 0.000000),0.852000 (0.852000 + 0.000000),0.857000 (0.857000 + 0.000000),0.861000 (0.861000 + 0.000000),0.870000 (0.870000 + 0.000000),0.876000 (0.876000 + 0.000000),0.854000 (0.854000 + 0.000000),0.876000 (0.876000 + 0.000000),0.870000 (0.870000 + 0.000000),0.860000 (0.860000 + 0.000000),0.853000 (0.853000 + 0.000000),0.865000 (0.865000 + 0.000000),0.873000 (0.873000 + 0.000000),0.855000 (0.855000 + 0.000000),0.865000 (0.865000 + 0.000000),0.877000 (0.877000 + 0.000000),0.864000 (0.864000 + 0.000000),0.868000 (0.868000 + 0.000000),0.868000 (0.868000 + 0.000000),0.868000 (0.868000 + 0.000000),0.856000 (0.856000 + 0.000000),0.857000 (0.857000 + 0.000000),0.864000 (0.864000 + 0.000000),0.877000 (0.877000 + 0.000000),0.863000 (0.863000 + 0.000000),0.875000 (0.875000 + 0.000000),0.861000 (0.861000 + 0.000000),0.866000 (0.866000 + 0.000000),0.860000 (0.860000 + 0.000000),0.860000 (0.860000 + 0.000000),0.858000 (0.858000 + 0.000000),0.855000 (0.855000 + 0.000000),0.863000 (0.863000 + 0.000000),0.861000 (0.861000 + 0.000000),0.861000 (0.861000 + 0.000000),0.864000 (0.864000 + 0.000000),0.863000 (0.863000 + 0.000000),0.858000 (0.858000 + 0.000000),0.852000 (0.852000 + 0.000000),0.858000 (0.858000 + 0.000000),0.852000 (0.852000 + 0.000000),0.852000 (0.852000 + 0.000000),0.867000 (0.867000 + 0.000000),0.865000 (0.865000 + 0.000000),0.849000 (0.849000 + 0.000000),0.861000 (0.861000 + 0.000000),0.877000 (0.877000 + 0.000000),0.849000 (0.849000 + 0.000000),0.879000 (0.879000 + 0.000000),0.865000 (0.865000 + 0.000000),0.874000 (0.874000 + 0.000000),0.856000 (0.856000 + 0.000000),0.862000 (0.862000 + 0.000000),0.864000 (0.864000 + 0.000000),0.862000 (0.862000 + 0.000000),0.851000 (0.851000 + 0.000000),0.869000 (0.869000 + 0.000000),0.867000 (0.867000 + 0.000000),0.865000 (0.865000 + 0.000000),0.873000 (0.873000 + 0.000000),0.860000 (0.860000 + 0.000000),0.862000 (0.862000 + 0.372222),0.850000 (0.850000 + 0.000000),0.853000 (0.853000 + 0.000000),0.869000 (0.869000 + 0.000000),0.868000 (0.868000 + 0.000000),0.862000 (0.862000 + 0.000000),0.865000 (0.865000 + 0.000000),0.855000 (0.855000 + 0.000000),0.864000 (0.864000 + 0.000000)
55,0.887000 (0.887000 + 0.000000),0.856000 (0.856000 + 0.000000),0.859000 (0.859000 + 0.000000),0.875000 (0.875000 + 0.000000),0.870000 (0.870000 + 0.000000),0.863000 (0.863000 + 0.000000),0.862000 (0.862000 + 0.000000),0.875000 (0.875000 + 0.000000),0.864000 (0.864000 + 0.000000),0.860000 (0.860000 + 0.000000),0.863000 (0.863000 + 0.000000),0.876000 (0.876000 + 0.000000),0.852000 (0.852000 + 0.000000),0.868000 (0.868000 + 0.000000),0.862000 (0.862000 + 0.000000),0.875000 (0.875000 + 0.000000),0.862000 (0.862000 + 0.000000),0.868000 (0.868000 + 0.000000),0.858000 (0.858000 + 0.000000),0.856000 (0.856000 + 0.000000),0.867000 (0.867000 + 0.000000),0.876000 (0.876000 + 0.000000),0.887000 (0.887000 + 0.000000),0.877000 (0.877000 + 0.000000),0.858000 (0.858000 + 0.000000),0.864000 (0.864000 + 0.000000),0.873000 (0.873000 + 0.000000),0.861000 (0.861000 + 0.000000),0.858000 (0.858000 + 0.000000),0.858000 (0.858000 + 0.000000),0.870000 (0.870000 + 0.000000),0.867000 (0.867000 + 0.000000),0.861000 (0.861000 + 0.000000),0.867000 (0.867000 + 0.000000),0.872000 (0.872000 + 0.000000),0.861000 (0.861000 + 0.000000),0.863000 (0.863000 + 0.000000),0.862000 (0.862000 + 0.000000),0.879000 (0.879000 + 0.000000),0.885000 (0.885000 + 0.000000),0.858000 (0.858000 + 0.000000),0.854000 (0.854000 + 0.000000),0.871000 (0.871000 + 0.000000),0.853000 (0.853000 + 0.000000),0.871000 (0.871000 + 0.000000),0.864000 (0.864000 + 0.000000),0.856000 (0.856000 + 0.000000),0.869000 (0.869000 + 0.000000),0.852000 (0.852000 + 0.000000),0.855000 (0.855000 + 0.000000),0.856000 (0.856000 + 0.000000),0.850000 (0.850000 + 0.000000),0.868000 (0.868000 + 0.000000),0.850000 (0.850000 + 0.000000),0.861000 (0.861000 + 0.000000),0.865000 (0.865000 + 0.000000),0.861000 (0.861000 + 0.000000),0.858000 (0.858000 + 0.000000),0.870000 (0.870000 + 0.000000),0.860000 (0.860000 + 0.000000),0.864000 (0.864000 + 0.000000),0.851000 (0.851000 + 0.000000),0.851000 (0.851000 + 0.000000),0.872000 (0.872000 + 0.000000),0.870000 (0.870000 + 0.000000),0.877000 (0.877000 + 0.000000),0.867000 (0.867000 + 0.000000),0.855000 (0.855000 + 0.000000),0.861000 (0.861000 + 0.000000),0.855000 (0.855000 + 0.000000),0.875000 (0.875000 + 0.000000),0.868000 (0.868000 + 0.000000),0.865000 (0.865000 + 0.000000),0.853000 (0.853000 + 0.000000),0.879000 (0.879000 + 0.000000),0.872000 (0.872000 + 0.000000),0.864000 (0.864000 + 0.000000),0.855000 (0.855000 + 0.000000),0.864000 (0.864000 + 0.000000),0.853000 (0.853000 + 0.000000),0.853000 (0.853000 + 0.000000),0.849000 (0.849000 + 0.000000),0.851000 (0.851000 + 0.000000),0.862000 (0.862000 + 0.000000),0.865000 (0.865000 + 0.000000),0.877000 (0.877000 + 0.000000),0.867000 (0.867000 + 0.000000),0.882000 (0.882000 + 0.000000),0.871000 (0.871000 + 0.000000),0.856000 (0.856000 + 0.000000)
56,0.887000 (0.887000 + 0.000000),0.863000 (0.863000 + 0.000000),0.885000 (0.885000 + 0.000000),0.870000 (0.870000 + 0.000000),0.852000 (0.852000 + 0.000000),0.870000 (0.870000 + 0.000000),0.872000 (0.872000 + 0.000000),0.851000 (0.851000 + 0.000000),0.871000 (0.871000 + 0.000000),0.867000 (0.867000 + 0.000000),0.859000 (0.859000 + 0.000000),0.870000 (0.870000 + 0.000000),0.869000 (0.869000 + 0.000000),0.875000 (0.875000 + 0.000000),0.862000 (0.862000 + 0.000000),0.867000 (0.867000 + 0.000000),0.856000 (0.856000 + 0.000000),0.856000 (0.856000 + 0.000000),0.872000 (0.872000 + 0.000000),0.861000 (0.861000 + 0.000000),0.872000 (0.872000 + 0.000000),0.887000 (0.887000 + 0.000000),0.870000 (0.870000 + 0.000000),0.876000 (0.876000 + 0.000000),0.848000 (0.848000 + 0.000000),0.863000 (0.863000 + 0.000000),0.871000 (0.871000 + 0.000000),0.866000 (0.866000 + 0.000000),0.873000 (0.873000 + 0.000000),0.857000 (0.857000 + 0.000000),0.864000 (0.864000 + 0.000000),0.879000 (0.879000 + 0.000000),0.857000 (0.857000 + 0.000000),0.874000 (0.874000 + 0.000000),0.882000 (0.882000 + 0.000000),0.861000 (0.861000 + 0.000000),0.866000 (0.866000 + 0.000000),0.870000 (0.870000 + 0.000000),0.874000 (0.874000 + 0.000000),0.874000 (0.874000 + 0.000000),0.864000 (0.864000 + 0.000000),0.875000 (0.875000 + 0.000000),0.866000 (0.866000 + 0.000000),0.861000 (0.861000 + 0.000000),0.861000 (0.861000 + 0.000000),0.856000 (0.856000 + 0.000000),0.864000 (0.864000 + 0.000000),0.875000 (0.875000 + 0.000000),0.869000 (0.869000 + 0.000000),0.871000 (0.871000 + 0.000000),0.847000 (0.847000 + 0.000000),0.872000 (0.872000 + 0.000000),0.861000 (0.861000 + 0.000000),0.858000 (0.858000 + 0.000000),0.871000 (0.871000 + 0.000000),0.861000 (0.861000 + 0.000000),0.863000 (0.863000 + 0.000000),0.873000 (0.873000 + 0.000000),0.885000 (0.885000 + 0.000000),0.864000 (0.864000 + 0.000000),0.864000 (0.864000 + 0.000000),0.852000 (0.852000 + 0.000000),0.857000 (0.857000 + 0.000000),0.865000 (0.865000 + 0.000000),0.877000 (0.877000 + 0.000000),0.872000 (0.872000 + 0.000000),0.875000 (0.875000 + 0.000000),0.849000 (0.849000 + 0.000000),0.877000 (0.877000 + 0.000000),0.870000 (0.870000 + 0.000000),0.879000 (0.879000 + 0.000000),0.857000 (0.857000 + 0.000000),0.867000 (0.867000 + 0.000000),0.861000 (0.861000 + 0.000000),0.871000 (0.871000 + 0.000000),0.865000 (0.865000 + 0.000000),0.874000 (0.874000 + 0.000000),0.859000 (0.859000 + 0.000000),0.865000 (0.865000 + 0.000000),0.863000 (0.863000 + 0.000000),0.872000 (0.872000 + 0.000000),0.857000 (0.857000 + 0.000000),0.868000 (0.868000 + 0.000000),0.873000 (0.873000 + 0.000000),0.865000 (0.865000 + 0.000000),0.861000 (0.861000 + 0.000000),0.854000 (0.854000 + 0.000000),0.852000 (0.852000 + 0.000000),0.872000 (0.872000 + 0.000000),0.863000 (0.863000 + 0.000000)
57,0.887000 (0.887000 + 0.000000),0.872000 (0.872000 + 0.000000),0.869000 (0.869000 + 0.000000),0.862000 (0.862000 + 0.000000),0.871000 (0.871000 + 0.000000),0.873000 (0.873000 + 0.000000),0.875000 (0.875000 + 0.000000),0.869000 (0.869000 + 0.000000),0.852000 (0.852000 + 0.000000),0.870000 (0.870000 + 0.000000),0.860000 (0.860000 + 0.000000),0.856000 (0.856000 + 0.000000),0.879000 (0.879000 + 0.000000),0.867000 (0.867000 + 0.000000),0.863000 (0.863000 + 0.000000),0.859000 (0.859000 + 0.000000),0.864000 (0.864000 + 0.000000),0.864000 (0.864000 + 0.000000),0.860000 (0.860000 + 0.000000),0.875000 (0.875000 + 0.000000),0.870000 (0.870000 + 0.000000),0.860000 (0.860000 + 0.000000),0.872000 (0.872000 + 0.000000),0.856000 (0.856000 + 0.000000),0.878000 (0.878000 + 0.000000),0.875000 (0.875000 + 0.000000),0.870000 (0.870000 + 0.000000),0.873000 (0.873000 + 0.000000),0.871000 (0.871000 + 0.000000),0.875000 (0.875000 + 0.000000),0.864000 (0.864000 + 0.000000),0.850000 (0.850000 + 0.000000),0.864000 (0.864000 + 0.000000),0.862000 (0.862000 + 0.000000),0.860000 (0.860000 + 0.000000),0.873000 (0.873000 + 0.000000),0.876000 (0.876000 + 0.000000),0.864000 (0.864000 + 0.000000),0.868000 (0.868000 + 0.000000),0.870000 (0.870000 + 0.000000),0.859000 (0.859000 + 0.000000),0.875000 (0.875000 + 0.000000),0.876000 (0.876000 + 0.000000),0.876000 (0.876000 + 0.000000),0.860000 (0.860000 + 0.000000),0.866000 (0.866000 + 0.000000),0.874000 (0.874000 + 0.000000),0.849000 (0.849000 + 0.000000),0.854000 (0.854000 + 0.000000),0.874000 (0.874000 + 0.000000),0.869000 (0.869000 + 0.000000),0.860000 (0.860000 + 0.000000),0.857000 (0.857000 + 0.000000),0.877000 (0.877000 + 0.000000),0.860000 (0.860000 + 0.000000),0.866000 (0.866000 + 0.000000),0.875000 (0.875000 + 0.000000),0.867000 (0.867000 + 0.000000),0.847000 (0.847000 + 0.000000),0.859000 (0.859000 + 0.000000),0.862000 (0.862000 + 0.000000),0.869000 (0.869000 + 0.000000),0.880000 (0.880000 + 0.000000),0.881000 (0.881000 + 0.000000),0.870000 (0.870000 + 0.000000),0.852000 (0.852000 + 0.000000),0.863000 (0.863000 + 0.000000),0.863000 (0.863000 + 0.000000),0.858000 (0.858000 + 0.000000),0.871000 (0.871000 + 0.000000),0.867000 (0.867000 + 0.000000),0.865000 (0.865000 + 0.000000),0.858000 (0.858000 + 0.000000),0.868000 (0.868000 + 0.000000),0.871000 (0.871000 + 0.000000),0.866000 (0.866000 + 0.000000),0.866000 (0.866000 + 0.000000),0.861000 (0.861000 + 0.000000),0.877000 (0.877000 + 0.000000),0.862000 (0.862000 + 0.000000),0.877000 (0.877000 + 0.000000),0.869000 (0.869000 + 0.000000),0.878000 (0.878000 + 0.000000),0.874000 (0.874000 + 0.000000),0.869000 (0.869000 + 0.000000),0.871000 (0.871000 + 0.000000),0.847000 (0.847000 + 0.000000),0.865000 (0.865000 + 0.000000),0.864000 (0.864000 + 0.000000),0.862000 (0.862000 + 0.000000)
58,0.887000 (0.887000 + 0.000000),0.867000 (0.867000 + 0.000000),0.871000 (0.871000 + 0.000000),0.871000 (0.871000 + 0.000000),0.861000 (0.861000 + 0.000000),0.872000 (0.872000 + 0.000000),0.862000 (0.862000 + 0.000000),0.861000 (0.861000 + 0.000000),0.858000 (0.858000 + 0.000000),0.865000 (0.865000 + 0.000000),0.870000 (0.870000 + 0.000000),0.863000 (0.863000 + 0.000000),0.865000 (0.865000 + 0.000000),0.870000 (0.870000 + 0.000000),0.868000 (0.868000 + 0.000000),0.865000 (0.865000 + 0.000000),0.846000 (0.846000 + 0.000000),0.877000 (0.877000 + 0.000000),0.853000 (0.853000 + 0.000000),0.869000 (0.869000 + 0.000000),0.867000 (0.867000 + 0.000000),0.872000 (0.872000 + 0.000000),0.872000 (0.872000 + 0.000000),0.878000 (0.878000 + 0.000000),0.864000 (0.864000 + 0.000000),0.887000 (0.887000 + 0.000000),0.878000 (0.878000 + 0.000000),0.863000 (0.863000 + 0.000000),0.871000 (0.871000 + 0.000000),0.877000 (0.877000 + 0.000000),0.869000 (0.869000 + 0.000000),0.876000 (0.876000 + 0.000000),0.848000 (0.848000 + 0.000000),0.877000 (0.877000 + 0.000000),0.863000 (0.863000 + 0.000000),0.881000 (0.881000 + 0.000000),0.866000 (0.866000 + 0.000000),0.869000 (0.869000 + 0.000000),0.870000 (0.870000 + 0.000000),0.859000 (0.859000 + 0.000000),0.867000 (0.867000 + 0.000000),0.866000 (0.866000 + 0.000000),0.863000 (0.863000 + 0.000000),0.878000 (0.878000 + 0.000000),0.867000 (0.867000 + 0.000000),0.871000 (0.871000 + 0.000000),0.872000 (0.872000 + 0.000000),0.869000 (0.869000 + 0.000000),0.870000 (0.870000 + 0.000000),0.857000 (0.857000 + 0.000000),0.874000 (0.874000 + 0.000000),0.879000 (0.879000 + 0.000000),0.874000 (0.874000 + 0.000000),0.863000 (0.863000 + 0.000000),0.861000 (0.861000 + 0.000000),0.869000 (0.869000 + 0.000000),0.860000 (0.860000 + 0.000000),0.864000 (0.864000 + 0.000000),0.870000 (0.870000 + 0.000000),0.871000 (0.871000 + 0.000000),0.872000 (0.872000 + 0.000000),0.868000 (0.868000 + 0.000000),0.852000 (0.852000 + 0.000000),0.871000 (0.871000 + 0.000000),0.868000 (0.868000 + 0.000000),0.869000 (0.869000 + 0.000000),0.860000 (0.860000 + 0.000000),0.855000 (0.855000 + 0.000000),0.858000 (0.858000 + 0.000000),0.876000 (0.876000 + 0.000000),0.861000 (0.861000 + 0.000000),0.871000 (0.871000 + 0.000000),0.885000 (0.885000 + 0.000000),0.862000 (0.862000 + 0.000000),0.880000 (0.880000 + 0.000000),0.887000 (0.887000 + 0.000000),0.867000 (0.867000 + 0.000000),0.859000 (0.859000 + 0.000000),0.879000 (0.879000 + 0.000000),0.859000 (0.859000 + 0.000000),0.879000 (0.879000 + 0.000000),0.873000 (0.873000 + 0.000000),0.871000 (0.871000 + 0.000000),0.863000 (0.863000 + 0.000000),0.862000 (0.862000 + 0.000000),0.871000 (0.871000 + 0.000000),0.872000 (0.872000 + 0.000000),0.849000 (0.849000 + 0.000000),0.858000 (0.858000 + 0.000000),0.864000 (0.864000 + 0.000000)
59,0.887000 (0.887000 + 0.000000),0.872000 (0.872000 + 0.000000),0.856000 (0.856000 + 0.000000),0.866000 (0.866000 + 0.000000),0.869000 (0.869000 + 0.000000),0.864000 (0.864000 + 0.000000),0.856000 (0.856000 + 0.000000),0.870000 (0.870000 + 0.000000),0.862000 (0.862000 + 0.000000),0.858000 (0.858000 + 0.000000),0.874000 (0.874000 + 0.000000),0.887000 (0.887000 + 0.000000),0.878000 (0.878000 + 0.000000),0.871000 (0.871000 + 0.000000),0.870000 (0.870000 + 0.000000),0.866000 (0.866000 + 0.000000),0.863000 (0.863000 + 0.000000),0.866000 (0.866000 + 0.000000),0.858000 (0.858000 + 0.000000),0.846000 (0.846000 + 0.000000),0.870000 (0.870000 + 0.000000),0.859000 (0.859000 + 0.000000),0.869000 (0.869000 + 0.000000),0.877000 (0.877000 + 0.000000),0.877000 (0.877000 + 0.000000),0.872000 (0.872000 + 0.000000),0.859000 (0.859000 + 0.000000),0.870000 (0.870000 + 0.000000),0.887000 (0.887000 + 0.000000),0.870000 (0.870000 + 0.000000),0.852000 (0.852000 + 0.000000),0.876000 (0.876000 + 0.000000),0.885000 (0.885000 + 0.000000),0.855000 (0.855000 + 0.000000),0.868000 (0.868000 + 0.000000),0.864000 (0.864000 + 0.000000),0.878000 (0.878000 + 0.000000),0.870000 (0.870000 + 0.000000),0.860000 (0.860000 + 0.000000),0.874000 (0.874000 + 0.000000),0.870000 (0.870000 + 0.000000),0.868000 (0.868000 + 0.000000),0.862000 (0.862000 + 0.000000),0.872000 (0.872000 + 0.000000),0.852000 (0.852000 + 0.000000),0.867000 (0.867000 + 0.000000),0.867000 (0.867000 + 0.000000),0.879000 (0.879000 + 0.000000),0.849000 (0.849000 + 0.000000),0.860000 (0.860000 + 0.000000),0.870000 (0.870000 + 0.000000),0.866000 (0.866000 + 0.000000),0.875000 (0.875000 + 0.000000),0.870000 (0.870000 + 0.000000),0.878000 (0.878000 + 0.000000),0.868000 (0.868000 + 0.000000),0.869000 (0.869000 + 0.000000),0.877000 (0.877000 + 0.000000),0.868000 (0.868000 + 0.000000),0.865000 (0.865000 + 0.000000),0.862000 (0.862000 + 0.000000),0.877000 (0.877000 + 0.000000),0.867000 (0.867000 + 0.000000),0.870000 (0.870000 + 0.000000),0.869000 (0.869000 + 0.000000),0.860000 (0.860000 + 0.000000),0.861000 (0.861000 + 0.000000),0.874000 (0.874000 + 0.000000),0.855000 (0.855000 + 0.000000),0.860000 (0.860000 + 0.000000),0.864000 (0.864000 + 0.000000),0.873000 (0.873000 + 0.000000),0.847000 (0.847000 + 0.000000),0.860000 (0.860000 + 0.000000),0.861000 (0.861000 + 0.000000),0.871000 (0.871000 + 0.000000),0.878000 (0.878000 + 0.000000),0.883000 (0.883000 + 0.000000),0.873000 (0.873000 + 0.000000),0.853000 (0.853000 + 0.000000),0.866000 (0.866000 + 0.000000),0.860000 (0.860000 + 0.000000),0.866000 (0.866000 + 0.000000),0.882000 (0.882000 + 0.000000),0.856000 (0.856000 + 0.000000),0.858000 (0.858000 + 0.000000),0.885000 (0.885000 + 0.000000),0.882000 (0.882000 + 0.000000),0.876000 (0.876000 + 0.000000),0.860000 (0.860000 + 0.000000)
60,0.887000 (0.887000 + 0.000000),0.874000 (0.874000 + 0.000000),0.873000 (0.873000 + 0.000000),0.869000 (0.869000 + 0.000000),0.887000 (0.887000 + 0.000000),0.887000 (0.887000 + 0.000000),0.871000 (0.871000 + 0.000000),0.878000 (0.878000 + 0.000000),0.868000 (0.868000 + 0.000000),0.865000 (0.865000 + 0.000000),0.870000 (0.870000 + 0.000000),0.866000 (0.866000 + 0.000000),0.864000 (0.864000 + 0.000000),0.865000 (0.865000 + 0.000000),0.875000 (0.875000 + 0.000000),0.880000 (0.880000 + 0.000000),0.885000 (0.885000 + 0.000000),0.868000 (0.868000 + 0.000000),0.851000 (0.851000 + 0.000000),0.868000 (0.868000 + 0.000000),0.868000 (0.868000 + 0.000000),0.872000 (0.872000 + 0.000000),0.875000 (0.875000 + 0.000000),0.859000 (0.859000 + 0.000000),0.874000 (0.874000 + 0.000000),0.871000 (0.871000 + 0.000000),0.881000 (0.881000 + 0.000000),0.885000 (0.885000 + 0.000000),0.873000 (0.873000 + 0.000000),0.879000 (0.879000 + 0.000000),0.859000 (0.859000 + 0.000000),0.877000 (0.877000 + 0.000000),0.879000 (0.879000 + 0.000000),0.868000 (0.868000 + 0.000000),0.855000 (0.855000 + 0.000000),0.865000 (0.865000 + 0.000000),0.871000 (0.871000 + 0.000000),0.868000 (0.868000 + 0.000000),0.885000 (0.885000 + 0.000000),0.887000 (0.887000 + 0.000000),0.878000 (0.878000 + 0.000000),0.875000 (0.875000 + 0.000000),0.879000 (0.879000 + 0.000000),0.858000 (0.858000 + 0.000000),0.870000 (0.870000 + 0.000000),0.869000 (0.869000 + 0.000000),0.872000 (0.872000 + 0.000000),0.877000 (0.877000 + 0.000000),0.864000 (0.864000 + 0.000000),0.850000 (0.850000 + 0.000000),0.868000 (0.868000 + 0.000000),0.870000 (0.870000 + 0.000000),0.862000 (0.862000 + 0.000000),0.871000 (0.871000 + 0.000000),0.858000 (0.858000 + 0.000000),0.866000 (0.866000 + 0.000000),0.870000 (0.870000 + 0.000000),0.878000 (0.878000 + 0.000000),0.867000 (0.867000 + 0.000000),0.854000 (0.854000 + 0.000000),0.874000 (0.874000 + 0.000000),0.867000 (0.867000 + 0.000000),0.871000 (0.871000 + 0.000000),0.860000 (0.860000 + 0.000000),0.868000 (0.868000 + 0.000000),0.859000 (0.859000 + 0.000000),0.868000 (0.868000 + 0.000000),0.861000 (0.861000 + 0.000000),0.881000 (0.881000 + 0.000000),0.859000 (0.859000 + 0.000000),0.860000 (0.860000 + 0.000000),0.868000 (0.868000 + 0.000000),0.866000 (0.866000 + 0.000000),0.874000 (0.874000 + 0.000000),0.871000 (0.871000 + 0.000000),0.875000 (0.875000 + 0.000000),0.884000 (0.884000 + 0.000000),0.858000 (0.858000 + 0.000000),0.873000 (0.873000 + 0.000000),0.860000 (0.860000 + 0.000000),0.861000 (0.861000 + 0.000000),0.870000 (0.870000 + 0.000000),0.873000 (0.873000 + 0.000000),0.863000 (0.863000 + 0.000000),0.877000 (0.877000 + 0.000000),0.870000 (0.870000 + 0.000000),0.866000 (0.866000 + 0.000000),0.867000 (0.867000 + 0.000000),0.863000 (0.863000 + 0.000000),0.882000 (0.882000 + 0.000000)
61,0.887000 (0.887000 + 0.000000),0.869000 (0.869000 + 0.000000),0.874000 (0.874000 + 0.000000),0.879000 (0.879000 + 0.000000),0.883000 (0.883000 + 0.000000),0.879000 (0.879000 + 0.000000),0.851000 (0.851000 + 0.000000),0.867000 (0.867000 + 0.000000),0.871000 (0.871000 + 0.000000),0.876000 (0.876000 + 0.000000),0.874000 (0.874000 + 0.000000),0.874000 (0.874000 + 0.000000),0.871000 (0.871000 + 0.000000),0.870000 (0.870000 + 0.000000),0.875000 (0.875000 + 0.000000),0.881000 (0.881000 + 0.000000),0.869000 (0.869000 + 0.000000),0.876000 (0.876000 + 0.000000),0.874000 (0.874000 + 0.000000),0.879000 (0.879000 + 0.000000),0.873000 (0.873000 + 0.000000),0.872000 (0.872000 + 0.000000),0.871000 (0.871000 + 0.000000),0.866000 (0.866000 + 0.000000),0.874000 (0.874000 + 0.000000),0.855000 (0.855000 + 0.000000),0.874000 (0.874000 + 0.000000),0.875000 (0.875000 + 0.000000),0.862000 (0.862000 + 0.000000),0.876000 (0.876000 + 0.000000),0.868000 (0.868000 + 0.000000),0.872000 (0.872000 + 0.000000),0.868000 (0.868000 + 0.000000),0.886000 (0.886000 + 0.000000),0.870000 (0.870000 + 0.000000),0.876000 (0.876000 + 0.000000),0.883000 (0.883000 + 0.000000),0.861000 (0.861000 + 0.000000),0.862000 (0.862000 + 0.000000),0.863000 (0.863000 + 0.000000),0.868000 (0.868000 + 0.000000),0.875000 (0.875000 + 0.000000),0.868000 (0.868000 + 0.000000),0.873000 (0.873000 + 0.000000),0.869000 (0.869000 + 0.000000),0.880000 (0.880000 + 0.000000),0.882000 (0.882000 + 0.000000),0.883000 (0.883000 + 0.000000),0.870000 (0.870000 + 0.000000),0.878000 (0.878000 + 0.000000),0.869000 (0.869000 + 0.000000),0.887000 (0.887000 + 0.000000),0.869000 (0.869000 + 0.000000),0.879000 (0.879000 + 0.000000),0.868000 (0.868000 + 0.000000),0.851000 (0.851000 + 0.000000),0.872000 (0.872000 + 0.000000),0.870000 (0.870000 + 0.000000),0.856000 (0.856000 + 0.000000),0.862000 (0.862000 + 0.000000),0.866000 (0.866000 + 0.000000),0.858000 (0.858000 + 0.000000),0.868000 (0.868000 + 0.000000),0.854000 (0.854000 + 0.000000),0.860000 (0.860000 + 0.000000),0.875000 (0.875000 + 0.000000),0.869000 (0.869000 + 0.000000),0.876000 (0.876000 + 0.000000),0.863000 (0.863000 + 0.000000),0.862000 (0.862000 + 0.000000),0.869000 (0.869000 + 0.000000),0.880000 (0.880000 + 0.000000),0.851000 (0.851000 + 0.000000),0.873000 (0.873000 + 0.000000),0.874000 (0.874000 + 0.000000),0.877000 (0.877000 + 0.000000),0.874000 (0.874000 + 0.000000),0.877000 (0.877000 + 0.000000),0.876000 (0.876000 + 0.000000),0.861000 (0.861000 + 0.000000),0.868000 (0.868000 + 0.000000),0.881000 (0.881000 + 0.000000),0.865000 (0.865000 + 0.000000),0.867000 (0.867000 + 0.000000),0.861000 (0.861000 + 0.000000),0.873000 (0.873000 + 0.000000),0.876000 (0.876000 + 0.000000),0.878000 (0.878000 + 0.000000),0.863000 (0.863000 + 0.000000),0.866000 (0.866000 + 0.000000)
62,0.887000 (0.887000 + 0.000000),0.875000 (0.875000 + 0.000000),0.885000 (0.885000 + 0.000000),0.887000 (0.887000 + 0.000000),0.869000 (0.869000 + 0.000000),0.882000 (0.882000 + 0.000000),0.861000 (0.861000 + 0.000000),0.861000 (0.861000 + 0.000000),0.863000 (0.863000 + 0.000000),0.859000 (0.859000 + 0.000000),0.880000 (0.880000 + 0.000000),0.867000 (0.867000 + 0.000000),0.859000 (0.859000 + 0.000000),0.876000 (0.876000 + 0.000000),0.875000 (0.875000 + 0.000000),0.875000 (0.875000 + 0.000000),0.876000 (0.876000 + 0.000000),0.873000 (0.873000 + 0.000000),0.886000 (0.886000 + 0.000000),0.864000 (0.864000 + 0.000000),0.873000 (0.873000 + 0.000000),0.871000 (0.871000 + 0.000000),0.868000 (0.868000 + 0.000000),0.880000 (0.880000 + 0.000000),0.872000 (0.872000 + 0.000000),0.880000 (0.880000 + 0.000000),0.871000 (0.871000 + 0.000000),0.880000 (0.880000 + 0.000000),0.876000 (0.876000 + 0.000000),0.874000 (0.874000 + 0.000000),0.868000 (0.868000 + 0.000000),0.872000 (0.872000 + 0.000000),0.877000 (0.877000 + 0.000000),0.878000 (0.878000 + 0.000000),0.884000 (0.884000 + 0.000000),0.868000 (0.868000 + 0.000000),0.869000 (0.869000 + 0.000000),0.873000 (0.873000 + 0.000000),0.871000 (0.871000 + 0.000000),0.871000 (0.871000 + 0.000000),0.864000 (0.864000 + 0.000000),0.883000 (0.883000 + 0.000000),0.883000 (0.883000 + 0.000000),0.871000 (0.871000 + 0.000000),0.866000 (0.866000 + 0.000000),0.880000 (0.880000 + 0.000000),0.855000 (0.855000 + 0.000000),0.885000 (0.885000 + 0.000000),0.874000 (0.874000 + 0.000000),0.873000 (0.873000 + 0.000000),0.862000 (0.862000 + 0.000000),0.884000 (0.884000 + 0.000000),0.871000 (0.871000 + 0.000000),0.870000 (0.870000 + 0.000000),0.874000 (0.874000 + 0.000000),0.875000 (0.875000 + 0.000000),0.871000 (0.871000 + 0.000000),0.881000 (0.881000 + 0.000000),0.862000 (0.862000 + 0.000000),0.879000 (0.879000 + 0.000000),0.872000 (0.872000 + 0.000000),0.872000 (0.872000 + 0.000000),0.871000 (0.871000 + 0.000000),0.877000 (0.877000 + 0.000000),0.871000 (0.871000 + 0.000000),0.866000 (0.866000 + 0.000000),0.882000 (0.882000 + 0.000000),0.873000 (0.873000 + 0.000000),0.885000 (0.885000 + 0.000000),0.880000 (0.880000 + 0.000000),0.866000 (0.866000 + 0.000000),0.872000 (0.872000 + 0.000000),0.879000 (0.879000 + 0.000000),0.874000 (0.874000 + 0.000000),0.887000 (0.887000 + 0.000000),0.879000 (0.879000 + 0.000000),0.867000 (0.867000 + 0.000000),0.867000 (0.867000 + 0.000000),0.862000 (0.862000 + 0.000000),0.891000 (0.891000 + 0.000000),0.866000 (0.866000 + 0.000000),0.875000 (0.875000 + 0.000000),0.869000 (0.869000 + 0.000000),0.879000 (0.879000 + 0.000000),0.871000 (0.871000 + 0.000000),0.880000 (0.880000 + 0.000000),0.859000 (0.859000 + 0.000000),0.876000 (0.876000 + 0.000000),0.874000 (0.874000 + 0.000000),0.851000 (0.851000 + 0.000000)
63,0.891000 (0.891000 + 0.000000),0.856000 (0.856000 + 0.000000),0.868000 (0.868000 + 0.000000),0.870000 (0.870000 + 0.000000),0.874000 (0.874000 + 0.000000),0.873000 (0.873000 + 0.000000),0.871000 (0.871000 + 0.000000),0.879000 (0.879000 + 0.000000),0.879000 (0.879000 + 0.000000),0.864000 (0.864000 + 0.000000),0.872000 (0.872000 + 0.000000),0.862000 (0.862000 + 0.000000),0.863000 (0.863000 + 0.000000),0.865000 (0.865000 + 0.000000),0.860000 (0.860000 + 0.000000),0.868000 (0.868000 + 0.000000),0.863000 (0.863000 + 0.000000),0.884000 (0.884000 + 0.000000),0.884000 (0.884000 + 0.000000),0.886000 (0.886000 + 0.000000),0.856000 (0.856000 + 0.000000),0.860000 (0.860000 + 0.000000),0.876000 (0.876000 + 0.000000),0.863000 (0.863000 + 0.000000),0.871000 (0.871000 + 0.000000),0.874000 (0.874000 + 0.000000),0.877000 (0.877000 + 0.000000),0.867000 (0.867000 + 0.000000),0.860000 (0.860000 + 0.000000),0.872000 (0.872000 + 0.000000),0.866000 (0.866000 + 0.000000),0.875000 (0.875000 + 0.000000),0.876000 (0.876000 + 0.000000),0.865000 (0.865000 + 0.000000),0.877000 (0.877000 + 0.000000),0.866000 (0.866000 + 0.000000),0.884000 (0.884000 + 0.000000),0.877000 (0.877000 + 0.000000),0.879000 (0.879000 + 0.000000),0.872000 (0.872000 + 0.000000),0.873000 (0.873000 + 0.000000),0.855000 (0.855000 + 0.000000),0.863000 (0.863000 + 0.000000),0.861000 (0.861000 + 0.000000),0.879000 (0.879000 + 0.000000),0.861000 (0.861000 + 0.000000),0.887000 (0.887000 + 0.000000),0.873000 (0.873000 + 0.000000),0.877000 (0.877000 + 0.000000),0.874000 (0.874000 + 0.000000),0.872000 (0.872000 + 0.000000),0.871000 (0.871000 + 0.000000),0.885000 (0.885000 + 0.000000),0.865000 (0.865000 + 0.000000),0.865000 (0.865000 + 0.000000),0.887000 (0.887000 + 0.000000),0.862000 (0.862000 + 0.000000),0.875000 (0.875000 + 0.000000),0.865000 (0.865000 + 0.000000),0.875000 (0.875000 + 0.000000),0.887000 (0.887000 + 0.000000),0.884000 (0.884000 + 0.000000),0.869000 (0.869000 + 0.000000),0.856000 (0.856000 + 0.000000),0.873000 (0.873000 + 0.000000),0.868000 (0.868000 + 0.000000),0.865000 (0.865000 + 0.000000),0.875000 (0.875000 + 0.000000),0.887000 (0.887000 + 0.000000),0.880000 (0.880000 + 0.000000),0.883000 (0.883000 + 0.000000),0.881000 (0.881000 + 0.000000),0.876000 (0.876000 + 0.000000),0.873000 (0.873000 + 0.388889),0.873000 (0.873000 + 0.400000),0.872000 (0.872000 + 0.338889),0.877000 (0.877000 + 0.450292),0.887000 (0.887000 + 0.518519),0.876000 (0.876000 + 0.455556),0.887000 (0.887000 + 0.488889),0.879000 (0.879000 + 0.455556),0.868000 (0.868000 + 0.433333),0.880000 (0.880000 + 0.494444),0.859000 (0.859000 + 0.527778),0.858000 (0.858000 + 0.000000),0.856000 (0.856000 + 0.450000),0.871000 (0.871000 + 0.488889),0.879000 (0.879000 + 0.550000),0.879000 (0.879000 + 0.472222),0.882000 (0.882000 + 0.350000)
64,0.891000 (0.891000 + 0.000000),0.875000 (0.875000 + 0.000000),0.851000 (0.851000 + 0.000000),0.874000 (0.874000 + 0.000000),0.887000 (0.887000 + 0.000000),0.875000 (0.875000 + 0.000000),0.868000 (0.868000 + 0.000000),0.882000 (0.882000 + 0.000000),0.880000 (0.880000 + 0.000000),0.870000 (0.870000 + 0.000000),0.877000 (0.877000 + 0.000000),0.860000 (0.860000 + 0.000000),0.866000 (0.866000 + 0.000000),0.866000 (0.866000 + 0.000000),0.867000 (0.867000 + 0.000000),0.877000 (0.877000 + 0.000000),0.862000 (0.862000 + 0.000000),0.884000 (0.884000 + 0.000000),0.887000 (0.887000 + 0.000000),0.876000 (0.876000 + 0.000000),0.873000 (0.873000 + 0.000000),0.868000 (0.868000 + 0.000000),0.860000 (0.860000 + 0.000000),0.885000 (0.885000 + 0.000000),0.863000 (0.863000 + 0.000000),0.869000 (0.869000 + 0.000000),0.859000 (0.859000 + 0.000000),0.879000 (0.879000 + 0.000000),0.868000 (0.868000 + 0.000000),0.869000 (0.869000 + 0.000000),0.865000 (0.865000 + 0.000000),0.873000 (0.873000 + 0.000000),0.867000 (0.867000 + 0.000000),0.872000 (0.872000 + 0.000000),0.864000 (0.864000 + 0.000000),0.866000 (0.866000 + 0.000000),0.875000 (0.875000 + 0.000000),0.866000 (0.866000 + 0.000000),0.881000 (0.881000 + 0.000000),0.877000 (0.877000 + 0.000000),0.864000 (0.864000 + 0.000000),0.874000 (0.874000 + 0.000000),0.869000 (0.869000 + 0.000000),0.869000 (0.869000 + 0.000000),0.879000 (0.879000 + 0.000000),0.876000 (0.876000 + 0.000000),0.860000 (0.860000 + 0.000000),0.883000 (0.883000 + 0.000000),0.876000 (0.876000 + 0.000000),0.870000 (0.870000 + 0.000000),0.877000 (0.877000 + 0.000000),0.887000 (0.887000 + 0.000000),0.857000 (0.857000 + 0.000000),0.871000 (0.871000 + 0.000000),0.869000 (0.869000 + 0.000000),0.876000 (0.876000 + 0.000000),0.880000 (0.880000 + 0.000000),0.884000 (0.884000 + 0.000000),0.884000 (0.884000 + 0.000000),0.866000 (0.866000 + 0.000000),0.863000 (0.863000 + 0.000000),0.859000 (0.859000 + 0.000000),0.863000 (0.863000 + 0.000000),0.858000 (0.858000 + 0.000000),0.859000 (0.859000 + 0.000000),0.867000 (0.867000 + 0.000000),0.874000 (0.874000 + 0.000000),0.866000 (0.866000 + 0.000000),0.864000 (0.864000 + 0.000000),0.875000 (0.875000 + 0.000000),0.874000 (0.874000 + 0.000000),0.887000 (0.887000 + 0.000000),0.857000 (0.857000 + 0.000000),0.870000 (0.870000 + 0.000000),0.879000 (0.879000 + 0.000000),0.855000 (0.855000 + 0.000000),0.870000 (0.870000 + 0.000000),0.877000 (0.877000 + 0.000000),0.866000 (0.866000 + 0.000000),0.869000 (0.869000 + 0.000000),0.867000 (0.867000 + 0.000000),0.865000 (0.865000 + 0.000000),0.873000 (0.873000 + 0.000000),0.874000 (0.874000 + 0.000000),0.887000 (0.887000 + 0.000000),0.879000 (0.879000 + 0.000000),0.869000 (0.869000 + 0.000000),0.879000 (0.879000 + 0.000000),0.862000 (0.862000 + 0.000000),0.876000 (0.876000 + 0.000000)
65,0.891000 (0.891000 + 0.000000),0.880000 (0.880000 + 0.000000),0.874000 (0.874000 + 0.000000),0.881000 (0.881000 + 0.000000),0.870000 (0.870000 + 0.000000),0.862000 (0.862000 + 0.000000),0.866000 (0.866000 + 0.000000),0.871000 (0.871000 + 0.000000),0.869000 (0.869000 + 0.000000),0.877000 (0.877000 + 0.000000),0.867000 (0.867000 + 0.000000),0.872000 (0.872000 + 0.000000),0.885000 (0.885000 + 0.000000),0.860000 (0.860000 + 0.000000),0.869000 (0.869000 + 0.000000),0.883000 (0.883000 + 0.000000),0.869000 (0.869000 + 0.000000),0.879000 (0.879000 + 0.000000),0.871000 (0.871000 + 0.000000),0.864000 (0.864000 + 0.000000),0.855000 (0.855000 + 0.000000),0.867000 (0.867000 + 0.000000),0.882000 (0.882000 + 0.000000),0.884000 (0.884000 + 0.000000),0.860000 (0.860000 + 0.000000),0.859000 (0.859000 + 0.000000),0.869000 (0.869000 + 0.000000),0.864000 (0.864000 + 0.000000),0.861000 (0.861000 + 0.000000),0.880000 (0.880000 + 0.000000),0.875000 (0.875000 + 0.000000),0.881000 (0.881000 + 0.000000),0.887000 (0.887000 + 0.000000),0.888000 (0.888000 + 0.000000),0.874000 (0.874000 + 0.000000),0.876000 (0.876000 + 0.000000),0.866000 (0.866000 + 0.000000),0.881000 (0.881000 + 0.000000),0.869000 (0.869000 + 0.000000),0.880000 (0.880000 + 0.000000),0.878000 (0.878000 + 0.000000),0.868000 (0.868000 + 0.000000),0.873000 (0.873000 + 0.000000),0.864000 (0.864000 + 0.000000),0.867000 (0.867000 + 0.000000),0.879000 (0.879000 + 0.000000),0.863000 (0.863000 + 0.000000),0.885000 (0.885000 + 0.000000),0.871000 (0.871000 + 0.000000),0.866000 (0.866000 + 0.000000),0.881000 (0.881000 + 0.000000),0.887000 (0.887000 + 0.000000),0.867000 (0.867000 + 0.000000),0.879000 (0.879000 + 0.000000),0.877000 (0.877000 + 0.000000),0.868000 (0.868000 + 0.000000),0.867000 (0.867000 + 0.518519),0.874000 (0.874000 + 0.488889),0.868000 (0.868000 + 0.494444),0.858000 (0.858000 + 0.000000),0.875000 (0.875000 + 0.455556),0.880000 (0.880000 + 0.550000),0.866000 (0.866000 + 0.472222),0.857000 (0.857000 + 0.450292),0.869000 (0.869000 + 0.433333),0.874000 (0.874000 + 0.455556),0.862000 (0.862000 + 0.400000),0.879000 (0.879000 + 0.488889),0.857000 (0.857000 + 0.338889),0.861000 (0.861000 + 0.527778),0.861000 (0.861000 + 0.450000),0.869000 (0.869000 + 0.388889),0.875000 (0.875000 + 0.350000),0.867000 (0.867000 + 0.000000),0.888000 (0.888000 + 0.000000),0.875000 (0.875000 + 0.000000),0.882000 (0.882000 + 0.000000),0.864000 (0.864000 + 0.000000),0.875000 (0.875000 + 0.000000),0.870000 (0.870000 + 0.000000),0.871000 (0.871000 + 0.000000),0.882000 (0.882000 + 0.000000),0.864000 (0.864000 + 0.000000),0.874000 (0.874000 + 0.000000),0.874000 (0.874000 + 0.000000),0.868000 (0.868000 + 0.000000),0.862000 (0.862000 + 0.000000),0.887000 (0.887000 + 0.000000),0.873000 (0.873000 + 0.000000),0.880000 (0.880000 + 0.000000)
66,0.891000 (0.891000 + 0.000000),0.882000 (0.882000 + 0.000000),0.867000 (0.867000 + 0.000000),0.867000 (0.867000 + 0.000000),0.858000 (0.858000 + 0.000000),0.864000 (0.864000 + 0.000000),0.871000 (0.871000 + 0.000000),0.876000 (0.876000 + 0.000000),0.876000 (0.876000 + 0.000000),0.859000 (0.859000 + 0.000000),0.863000 (0.863000 + 0.000000),0.871000 (0.871000 + 0.000000),0.863000 (0.863000 + 0.000000),0.881000 (0.881000 + 0.000000),0.864000 (0.864000 + 0.000000),0.865000 (0.865000 + 0.000000),0.870000 (0.870000 + 0.000000),0.878000 (0.878000 + 0.000000),0.869000 (0.869000 + 0.000000),0.869000 (0.869000 + 0.000000),0.860000 (0.860000 + 0.000000),0.873000 (0.873000 + 0.000000),0.854000 (0.854000 + 0.000000),0.857000 (0.857000 + 0.000000),0.864000 (0.864000 + 0.000000),0.864000 (0.864000 + 0.000000),0.859000 (0.859000 + 0.000000),0.870000 (0.870000 + 0.000000),0.870000 (0.870000 + 0.000000),0.868000 (0.868000 + 0.000000),0.876000 (0.876000 + 0.000000),0.857000 (0.857000 + 0.000000),0.877000 (0.877000 + 0.000000),0.871000 (0.871000 + 0.000000),0.874000 (0.874000 + 0.000000),0.880000 (0.880000 + 0.000000),0.855000 (0.855000 + 0.000000),0.887000 (0.887000 + 0.000000),0.877000 (0.877000 + 0.000000),0.880000 (0.880000 + 0.000000),0.855000 (0.855000 + 0.000000),0.880000 (0.880000 + 0.000000),0.887000 (0.887000 + 0.000000),0.870000 (0.870000 + 0.000000),0.866000 (0.866000 + 0.000000),0.864000 (0.864000 + 0.000000),0.884000 (0.884000 + 0.000000),0.873000 (0.873000 + 0.000000),0.874000 (0.874000 + 0.000000),0.870000 (0.870000 + 0.000000),0.881000 (0.881000 + 0.000000),0.877000 (0.877000 + 0.000000),0.865000 (0.865000 + 0.000000),0.861000 (0.861000 + 0.000000),0.858000 (0.858000 + 0.000000),0.868000 (0.868000 + 0.000000),0.879000 (0.879000 + 0.000000),0.885000 (0.885000 + 0.000000),0.863000 (0.863000 + 0.000000),0.865000 (0.865000 + 0.000000),0.875000 (0.875000 + 0.000000),0.868000 (0.868000 + 0.000000),0.884000 (0.884000 + 0.000000),0.881000 (0.881000 + 0.000000),0.872000 (0.872000 + 0.000000),0.885000 (0.885000 + 0.000000),0.861000 (0.861000 + 0.000000),0.874000 (0.874000 + 0.000000),0.862000 (0.862000 + 0.000000),0.877000 (0.877000 + 0.000000),0.884000 (0.884000 + 0.000000),0.857000 (0.857000 + 0.000000),0.883000 (0.883000 + 0.000000),0.880000 (0.880000 + 0.000000),0.887000 (0.887000 + 0.000000),0.856000 (0.856000 + 0.000000),0.874000 (0.874000 + 0.000000),0.884000 (0.884000 + 0.000000),0.879000 (0.879000 + 0.000000),0.888000 (0.888000 + 0.000000),0.862000 (0.862000 + 0.000000),0.868000 (0.868000 + 0.000000),0.879000 (0.879000 + 0.000000),0.878000 (0.878000 + 0.000000),0.887000 (0.887000 + 0.000000),0.859000 (0.859000 + 0.000000),0.867000 (0.867000 + 0.000000),0.874000 (0.874000 + 0.000000),0.880000 (0.880000 + 0.000000),0.874000 (0.874000 + 0.000000)
67,0.891000 (0.891000 + 0.000000),0.872000 (0.872000 + 0.000000),0.873000 (0.873000 + 0.000000),0.871000 (0.871000 + 0.000000),0.887000 (0.887000 + 0.000000),0.871000 (0.871000 + 0.000000),0.865000 (0.865000 + 0.000000),0.874000 (0.874000 + 0.000000),0.888000 (0.888000 + 0.000000),0.865000 (0.865000 + 0.000000),0.874000 (0.874000 + 0.000000),0.875000 (0.875000 + 0.000000),0.879000 (0.879000 + 0.000000),0.875000 (0.875000 + 0.000000),0.868000 (0.868000 + 0.000000),0.870000 (0.870000 + 0.000000),0.875000 (0.875000 + 0.000000),0.882000 (0.882000 + 0.000000),0.877000 (0.877000 + 0.000000),0.881000 (0.881000 + 0.000000),0.886000 (0.886000 + 0.000000),0.869000 (0.869000 + 0.000000),0.884000 (0.884000 + 0.000000),0.857000 (0.857000 + 0.000000),0.869000 (0.869000 + 0.000000),0.868000 (0.868000 + 0.000000),0.871000 (0.871000 + 0.000000),0.875000 (0.875000 + 0.000000),0.865000 (0.865000 + 0.000000),0.856000 (0.856000 + 0.000000),0.872000 (0.872000 + 0.000000),0.866000 (0.866000 + 0.000000),0.867000 (0.867000 + 0.000000),0.873000 (0.873000 + 0.000000),0.873000 (0.873000 + 0.000000),0.862000 (0.862000 + 0.000000),0.874000 (0.874000 + 0.000000),0.866000 (0.866000 + 0.000000),0.862000 (0.862000 + 0.000000),0.873000 (0.873000 + 0.550000),0.881000 (0.881000 + 0.455556),0.870000 (0.870000 + 0.518519),0.865000 (0.865000 + 0.433333),0.877000 (0.877000 + 0.472222),0.879000 (0.879000 + 0.400000),0.877000 (0.877000 + 0.488889),0.881000 (0.881000 + 0.488889),0.864000 (0.864000 + 0.494444),0.881000 (0.881000 + 0.338889),0.858000 (0.858000 + 0.000000),0.870000 (0.870000 + 0.450292),0.870000 (0.870000 + 0.455556),0.874000 (0.874000 + 0.527778),0.853000 (0.853000 + 0.450000),0.878000 (0.878000 + 0.388889),0.880000 (0.880000 + 0.350000),0.876000 (0.876000 + 0.000000),0.863000 (0.863000 + 0.000000),0.865000 (0.865000 + 0.000000),0.867000 (0.867000 + 0.000000),0.864000 (0.864000 + 0.000000),0.863000 (0.863000 + 0.000000),0.869000 (0.869000 + 0.000000),0.872000 (0.872000 + 0.000000),0.861000 (0.861000 + 0.000000),0.873000 (0.873000 + 0.000000),0.861000 (0.861000 + 0.000000),0.879000 (0.879000 + 0.000000),0.869000 (0.869000 + 0.000000),0.875000 (0.875000 + 0.000000),0.872000 (0.872000 + 0.000000),0.878000 (0.878000 + 0.000000),0.868000 (0.868000 + 0.000000),0.871000 (0.871000 + 0.000000),0.865000 (0.865000 + 0.000000),0.863000 (0.863000 + 0.000000),0.872000 (0.872000 + 0.000000),0.869000 (0.869000 + 0.000000),0.863000 (0.863000 + 0.000000),0.871000 (0.871000 + 0.000000),0.861000 (0.861000 + 0.000000),0.855000 (0.855000 + 0.000000),0.856000 (0.856000 + 0.000000),0.865000 (0.865000 + 0.000000),0.864000 (0.864000 + 0.000000),0.877000 (0.877000 + 0.000000),0.868000 (0.868000 + 0.000000),0.868000 (0.868000 + 0.000000),0.888000 (0.888000 + 0.000000),0.883000 (0.883000 + 0.000000)
68,0.891000 (0.891000 + 0.000000),0.858000 (0.858000 + 0.000000),0.867000 (0.867000 + 0.000000),0.876000 (0.876000 + 0.000000),0.868000 (0.868000 + 0.000000),0.871000 (0.871000 + 0.000000),0.864000 (0.864000 + 0.000000),0.864000 (0.864000 + 0.000000),0.870000 (0.870000 + 0.000000),0.869000 (0.869000 + 0.000000),0.873000 (0.873000 + 0.000000),0.873000 (0.873000 + 0.000000),0.860000 (0.860000 + 0.000000),0.879000 (0.879000 + 0.000000),0.876000 (0.876000 + 0.000000),0.866000 (0.866000 + 0.000000),0.869000 (0.869000 + 0.000000),0.888000 (0.888000 + 0.000000),0.874000 (0.874000 + 0.000000),0.875000 (0.875000 + 0.000000),0.876000 (0.876000 + 0.000000),0.863000 (0.863000 + 0.000000),0.870000 (0.870000 + 0.000000),0.868000 (0.868000 + 0.000000),0.865000 (0.865000 + 0.000000),0.867000 (0.867000 + 0.000000),0.868000 (0.868000 + 0.000000),0.876000 (0.876000 + 0.000000),0.870000 (0.870000 + 0.000000),0.867000 (0.867000 + 0.000000),0.865000 (0.865000 + 0.000000),0.871000 (0.871000 + 0.000000),0.861000 (0.861000 + 0.000000),0.871000 (0.871000 + 0.000000),0.856000 (0.856000 + 0.000000),0.867000 (0.867000 + 0.000000),0.859000 (0.859000 + 0.000000),0.848000 (0.848000 + 0.000000),0.844000 (0.844000 + 0.000000),0.884000 (0.884000 + 0.000000),0.869000 (0.869000 + 0.000000),0.876000 (0.876000 + 0.000000),0.870000 (0.870000 + 0.000000),0.878000 (0.878000 + 0.000000),0.877000 (0.877000 + 0.000000),0.872000 (0.872000 + 0.000000),0.858000 (0.858000 + 0.000000),0.861000 (0.861000 + 0.000000),0.870000 (0.870000 + 0.000000),0.878000 (0.878000 + 0.000000),0.872000 (0.872000 + 0.000000),0.849000 (0.849000 + 0.000000),0.854000 (0.854000 + 0.000000),0.863000 (0.863000 + 0.000000),0.870000 (0.870000 + 0.000000),0.887000 (0.887000 + 0.000000),0.856000 (0.856000 + 0.000000),0.880000 (0.880000 + 0.000000),0.864000 (0.864000 + 0.000000),0.871000 (0.871000 + 0.000000),0.881000 (0.881000 + 0.000000),0.867000 (0.867000 + 0.000000),0.851000 (0.851000 + 0.000000),0.862000 (0.862000 + 0.000000),0.879000 (0.879000 + 0.000000),0.865000 (0.865000 + 0.000000),0.858000 (0.858000 + 0.000000),0.871000 (0.871000 + 0.000000),0.865000 (0.865000 + 0.000000),0.876000 (0.876000 + 0.000000),0.871000 (0.871000 + 0.000000),0.887000 (0.887000 + 0.000000),0.881000 (0.881000 + 0.000000),0.882000 (0.882000 + 0.000000),0.874000 (0.874000 + 0.000000),0.864000 (0.864000 + 0.000000),0.879000 (0.879000 + 0.000000),0.885000 (0.885000 + 0.000000),0.867000 (0.867000 + 0.000000),0.862000 (0.862000 + 0.000000),0.876000 (0.876000 + 0.000000),0.872000 (0.872000 + 0.000000),0.865000 (0.865000 + 0.000000),0.888000 (0.888000 + 0.000000),0.872000 (0.872000 + 0.000000),0.867000 (0.867000 + 0.000000),0.888000 (0.888000 + 0.000000),0.864000 (0.864000 + 0.000000),0.864000 (0.864000 + 0.000000),0.864000 (0.864000 + 0.000000)
69,0.891000 (0.891000 + 0.000000),0.862000 (0.862000 + 0.000000),0.871000 (0.871000 + 0.000000),0.888000 (0.888000 + 0.000000),0.888000 (0.888000 + 0.000000),0.859000 (0.859000 + 0.000000),0.863000 (0.863000 + 0.000000),0.882000 (0.882000 + 0.000000),0.869000 (0.869000 + 0.000000),0.872000 (0.872000 + 0.000000),0.873000 (0.873000 + 0.000000),0.888000 (0.888000 + 0.000000),0.878000 (0.878000 + 0.000000),0.864000 (0.864000 + 0.000000),0.867000 (0.867000 + 0.000000),0.890000 (0.890000 + 0.000000),0.861000 (0.861000 + 0.000000),0.864000 (0.864000 + 0.000000),0.855000 (0.855000 + 0.000000),0.863000 (0.863000 + 0.000000),0.859000 (0.859000 + 0.000000),0.870000 (0.870000 + 0.000000),0.880000 (0.880000 + 0.000000),0.862000 (0.862000 + 0.000000),0.857000 (0.857000 + 0.000000),0.869000 (0.869000 + 0.000000),0.873000 (0.873000 + 0.000000),0.865000 (0.865000 + 0.000000),0.866000 (0.866000 + 0.000000),0.872000 (0.872000 + 0.000000),0.871000 (0.871000 + 0.000000),0.867000 (0.867000 + 0.000000),0.887000 (0.887000 + 0.000000),0.862000 (0.862000 + 0.000000),0.880000 (0.880000 + 0.000000),0.872000 (0.872000 + 0.000000),0.878000 (0.878000 + 0.000000),0.855000 (0.855000 + 0.000000),0.862000 (0.862000 + 0.000000),0.867000 (0.867000 + 0.000000),0.887000 (0.887000 + 0.000000),0.871000 (0.871000 + 0.000000),0.881000 (0.881000 + 0.000000),0.868000 (0.868000 + 0.000000),0.871000 (0.871000 + 0.000000),0.860000 (0.860000 + 0.000000),0.851000 (0.851000 + 0.000000),0.866000 (0.866000 + 0.000000),0.879000 (0.879000 + 0.000000),0.869000 (0.869000 + 0.000000),0.858000 (0.858000 + 0.000000),0.875000 (0.875000 + 0.000000),0.877000 (0.877000 + 0.000000),0.864000 (0.864000 + 0.000000),0.869000 (0.869000 + 0.000000),0.861000 (0.861000 + 0.000000),0.860000 (0.860000 + 0.000000),0.871000 (0.871000 + 0.000000),0.887000 (0.887000 + 0.000000),0.874000 (0.874000 + 0.000000),0.881000 (0.881000 + 0.000000),0.870000 (0.870000 + 0.000000),0.868000 (0.868000 + 0.000000),0.870000 (0.870000 + 0.000000),0.859000 (0.859000 + 0.000000),0.871000 (0.871000 + 0.000000),0.882000 (0.882000 + 0.000000),0.866000 (0.866000 + 0.000000),0.871000 (0.871000 + 0.000000),0.867000 (0.867000 + 0.000000),0.876000 (0.876000 + 0.000000),0.869000 (0.869000 + 0.000000),0.874000 (0.874000 + 0.000000),0.886000 (0.886000 + 0.000000),0.872000 (0.872000 + 0.000000),0.876000 (0.876000 + 0.000000),0.876000 (0.876000 + 0.000000),0.871000 (0.871000 + 0.000000),0.878000 (0.878000 + 0.000000),0.862000 (0.862000 + 0.000000),0.881000 (0.881000 + 0.000000),0.860000 (0.860000 + 0.000000),0.872000 (0.872000 + 0.000000),0.856000 (0.856000 + 0.000000),0.870000 (0.870000 + 0.000000),0.865000 (0.865000 + 0.000000),0.878000 (0.878000 + 0.000000),0.856000 (0.856000 + 0.000000),0.873000 (0.873000 + 0.000000),0.880000 (0.880000 + 0.000000)
70,0.891000 (0.891000 + 0.000000),0.872000 (0.872000 + 0.000000),0.868000 (0.868000 + 0.000000),0.873000 (0.873000 + 0.000000),0.888000 (0.888000 + 0.000000),0.883000 (0.883000 + 0.000000),0.848000 (0.848000 + 0.000000),0.873000 (0.873000 + 0.000000),0.870000 (0.870000 + 0.000000),0.854000 (0.854000 + 0.000000),0.880000 (0.880000 + 0.000000),0.868000 (0.868000 + 0.000000),0.873000 (0.873000 + 0.000000),0.863000 (0.863000 + 0.000000),0.876000 (0.876000 + 0.000000),0.856000 (0.856000 + 0.000000),0.878000 (0.878000 + 0.000000),0.870000 (0.870000 + 0.000000),0.858000 (0.858000 + 0.000000),0.865000 (0.865000 + 0.000000),0.880000 (0.880000 + 0.000000),0.871000 (0.871000 + 0.000000),0.875000 (0.875000 + 0.000000),0.858000 (0.858000 + 0.000000),0.868000 (0.868000 + 0.000000),0.859000 (0.859000 + 0.000000),0.861000 (0.861000 + 0.000000),0.869000 (0.869000 + 0.000000),0.865000 (0.865000 + 0.000000),0.879000 (0.879000 + 0.000000),0.863000 (0.863000 + 0.000000),0.862000 (0.862000 + 0.000000),0.866000 (0.866000 + 0.000000),0.892000 (0.892000 + 0.000000),0.868000 (0.868000 + 0.000000),0.866000 (0.866000 + 0.000000),0.876000 (0.876000 + 0.000000),0.872000 (0.872000 + 0.000000),0.885000 (0.885000 + 0.000000),0.865000 (0.865000 + 0.000000),0.855000 (0.855000 + 0.000000),0.863000 (0.863000 + 0.000000),0.858000 (0.858000 + 0.000000),0.879000 (0.879000 + 0.000000),0.863000 (0.863000 + 0.000000),0.875000 (0.875000 + 0.000000),0.872000 (0.872000 + 0.000000),0.877000 (0.877000 + 0.000000),0.873000 (0.873000 + 0.000000),0.874000 (0.874000 + 0.000000),0.878000 (0.878000 + 0.000000),0.878000 (0.878000 + 0.000000),0.865000 (0.865000 + 0.000000),0.887000 (0.887000 + 0.000000),0.874000 (0.874000 + 0.000000),0.880000 (0.880000 + 0.000000),0.879000 (0.879000 + 0.000000),0.867000 (0.867000 + 0.000000),0.870000 (0.870000 + 0.000000),0.871000 (0.871000 + 0.000000),0.874000 (0.874000 + 0.000000),0.867000 (0.867000 + 0.000000),0.888000 (0.888000 + 0.000000),0.858000 (0.858000 + 0.000000),0.860000 (0.860000 + 0.000000),0.887000 (0.887000 + 0.000000),0.859000 (0.859000 + 0.000000),0.859000 (0.859000 + 0.000000),0.869000 (0.869000 + 0.000000),0.877000 (0.877000 + 0.000000),0.871000 (0.871000 + 0.000000),0.864000 (0.864000 + 0.000000),0.878000 (0.878000 + 0.000000),0.876000 (0.876000 + 0.000000),0.865000 (0.865000 + 0.000000),0.866000 (0.866000 + 0.000000),0.881000 (0.881000 + 0.000000),0.873000 (0.873000 + 0.000000),0.877000 (0.877000 + 0.000000),0.865000 (0.865000 + 0.000000),0.870000 (0.870000 + 0.000000),0.872000 (0.872000 + 0.000000),0.877000 (0.877000 + 0.000000),0.872000 (0.872000 + 0.000000),0.884000 (0.884000 + 0.000000),0.870000 (0.870000 + 0.000000),0.881000 (0.881000 + 0.000000),0.865000 (0.865000 + 0.000000),0.857000 (0.857000 + 0.000000),0.867000 (0.867000 + 0.000000)
71,0.892000 (0.892000 + 0.000000),0.867000 (0.867000 + 0.000000),0.863000 (0.863000 + 0.000000),0.872000 (0.872000 + 0.000000),0.866000 (0.866000 + 0.000000),0.872000 (0.872000 + 0.000000),0.863000 (0.863000 + 0.000000),0.856000 (0.856000 + 0.000000),0.880000 (0.880000 + 0.000000),0.872000 (0.872000 + 0.000000),0.871000 (0.871000 + 0.000000),0.865000 (0.865000 + 0.000000),0.870000 (0.870000 + 0.000000),0.876000 (0.876000 + 0.000000),0.872000 (0.872000 + 0.000000),0.873000 (0.873000 + 0.000000),0.866000 (0.866000 + 0.000000),0.875000 (0.875000 + 0.000000),0.873000 (0.873000 + 0.000000),0.867000 (0.867000 + 0.000000),0.874000 (0.874000 + 0.000000),0.859000 (0.859000 + 0.000000),0.865000 (0.865000 + 0.000000),0.885000 (0.885000 + 0.000000),0.862000 (0.862000 + 0.000000),0.866000 (0.866000 + 0.000000),0.871000 (0.871000 + 0.000000),0.869000 (0.869000 + 0.000000),0.861000 (0.861000 + 0.000000),0.861000 (0.861000 + 0.000000),0.871000 (0.871000 + 0.000000),0.848000 (0.848000 + 0.000000),0.873000 (0.873000 + 0.000000),0.878000 (0.878000 + 0.000000),0.867000 (0.867000 + 0.000000),0.874000 (0.874000 + 0.000000),0.870000 (0.870000 + 0.000000),0.864000 (0.864000 + 0.000000),0.867000 (0.867000 + 0.000000),0.872000 (0.872000 + 0.000000),0.871000 (0.871000 + 0.000000),0.863000 (0.863000 + 0.000000),0.869000 (0.869000 + 0.000000),0.877000 (0.877000 + 0.000000),0.861000 (0.861000 + 0.000000),0.855000 (0.855000 + 0.000000),0.886000 (0.886000 + 0.000000),0.878000 (0.878000 + 0.000000),0.877000 (0.877000 + 0.000000),0.874000 (0.874000 + 0.000000),0.870000 (0.870000 + 0.000000),0.883000 (0.883000 + 0.000000),0.877000 (0.877000 + 0.000000),0.869000 (0.869000 + 0.000000),0.864000 (0.864000 + 0.000000),0.869000 (0.869000 + 0.000000),0.874000 (0.874000 + 0.000000),0.875000 (0.875000 + 0.000000),0.862000 (0.862000 + 0.000000),0.866000 (0.866000 + 0.000000),0.877000 (0.877000 + 0.000000),0.870000 (0.870000 + 0.000000),0.881000 (0.881000 + 0.000000),0.869000 (0.869000 + 0.000000),0.871000 (0.871000 + 0.000000),0.879000 (0.879000 + 0.000000),0.873000 (0.873000 + 0.000000),0.878000 (0.878000 + 0.000000),0.881000 (0.881000 + 0.000000),0.864000 (0.864000 + 0.000000),0.875000 (0.875000 + 0.000000),0.861000 (0.861000 + 0.000000),0.863000 (0.863000 + 0.000000),0.884000 (0.884000 + 0.000000),0.891000 (0.891000 + 0.000000),0.868000 (0.868000 + 0.000000),0.880000 (0.880000 + 0.000000),0.891000 (0.891000 + 0.000000),0.862000 (0.862000 + 0.000000),0.868000 (0.868000 + 0.000000),0.887000 (0.887000 + 0.000000),0.871000 (0.871000 + 0.000000),0.878000 (0.878000 + 0.000000),0.874000 (0.874000 + 0.000000),0.868000 (0.868000 + 0.000000),0.880000 (0.880000 + 0.000000),0.864000 (0.864000 + 0.000000),0.869000 (0.869000 + 0.000000),0.865000 (0.865000 + 0.000000),0.868000 (0.868000 + 0.000000)
72,0.892000 (0.892000 + 0.000000),0.870000 (0.870000 + 0.000000),0.873000 (0.873000 + 0.000000),0.875000 (0.875000 + 0.000000),0.863000 (0.863000 + 0.000000),0.877000 (0.877000 + 0.000000),0.865000 (0.865000 + 0.000000),0.868000 (0.868000 + 0.000000),0.868000 (0.868000 + 0.000000),0.869000 (0.869000 + 0.000000),0.862000 (0.862000 + 0.000000),0.872000 (0.872000 + 0.000000),0.872000 (0.872000 + 0.000000),0.882000 (0.882000 + 0.000000),0.872000 (0.872000 + 0.000000),0.879000 (0.879000 + 0.000000),0.874000 (0.874000 + 0.000000),0.879000 (0.879000 + 0.000000),0.878000 (0.878000 + 0.000000),0.854000 (0.854000 + 0.000000),0.869000 (0.869000 + 0.000000),0.881000 (0.881000 + 0.000000),0.878000 (0.878000 + 0.000000),0.867000 (0.867000 + 0.000000),0.880000 (0.880000 + 0.000000),0.878000 (0.878000 + 0.000000),0.867000 (0.867000 + 0.000000),0.865000 (0.865000 + 0.000000),0.865000 (0.865000 + 0.000000),0.864000 (0.864000 + 0.000000),0.866000 (0.866000 + 0.000000),0.867000 (0.867000 + 0.000000),0.869000 (0.869000 + 0.000000),0.881000 (0.881000 + 0.000000),0.879000 (0.879000 + 0.000000),0.868000 (0.868000 + 0.000000),0.866000 (0.866000 + 0.000000),0.869000 (0.869000 + 0.000000),0.868000 (0.868000 + 0.000000),0.876000 (0.876000 + 0.000000),0.873000 (0.873000 + 0.000000),0.868000 (0.868000 + 0.000000),0.845000 (0.845000 + 0.000000),0.867000 (0.867000 + 0.000000),0.861000 (0.861000 + 0.000000),0.858000 (0.858000 + 0.000000),0.875000 (0.875000 + 0.000000),0.864000 (0.864000 + 0.000000),0.860000 (0.860000 + 0.000000),0.870000 (0.870000 + 0.000000),0.869000 (0.869000 + 0.000000),0.868000 (0.868000 + 0.000000),0.881000 (0.881000 + 0.000000),0.881000 (0.881000 + 0.000000),0.878000 (0.878000 + 0.000000),0.872000 (0.872000 + 0.000000),0.865000 (0.865000 + 0.000000),0.875000 (0.875000 + 0.000000),0.877000 (0.877000 + 0.000000),0.863000 (0.863000 + 0.000000),0.885000 (0.885000 + 0.000000),0.875000 (0.875000 + 0.000000),0.870000 (0.870000 + 0.000000),0.862000 (0.862000 + 0.000000),0.873000 (0.873000 + 0.000000),0.878000 (0.878000 + 0.000000),0.877000 (0.877000 + 0.000000),0.868000 (0.868000 + 0.000000),0.871000 (0.871000 + 0.000000),0.892000 (0.892000 + 0.000000),0.874000 (0.874000 + 0.000000),0.875000 (0.875000 + 0.000000),0.881000 (0.881000 + 0.000000),0.863000 (0.863000 + 0.000000),0.870000 (0.870000 + 0.000000),0.867000 (0.867000 + 0.000000),0.875000 (0.875000 + 0.000000),0.866000 (0.866000 + 0.000000),0.884000 (0.884000 + 0.000000),0.869000 (0.869000 + 0.000000),0.873000 (0.873000 + 0.000000),0.865000 (0.865000 + 0.000000),0.863000 (0.863000 + 0.000000),0.851000 (0.851000 + 0.000000),0.870000 (0.870000 + 0.000000),0.880000 (0.880000 + 0.000000),0.861000 (0.861000 + 0.000000),0.866000 (0.866000 + 0.000000),0.863000 (0.863000 + 0.000000),0.865000 (0.865000 + 0.000000)
73,0.892000 (0.892000 + 0.000000),0.869000 (0.869000 + 0.000000),0.855000 (0.855000 + 0.000000),0.875000 (0.875000 + 0.000000),0.882000 (0.882000 + 0.000000),0.869000 (0.869000 + 0.000000),0.871000 (0.871000 + 0.000000),0.860000 (0.860000 + 0.000000),0.861000 (0.861000 + 0.000000),0.869000 (0.869000 + 0.000000),0.876000 (0.876000 + 0.000000),0.865000 (0.865000 + 0.000000),0.878000 (0.878000 + 0.000000),0.858000 (0.858000 + 0.000000),0.850000 (0.850000 + 0.000000),0.876000 (0.876000 + 0.000000),0.873000 (0.873000 + 0.000000),0.880000 (0.880000 + 0.000000),0.861000 (0.861000 + 0.000000),0.854000 (0.854000 + 0.000000),0.877000 (0.877000 + 0.000000),0.874000 (0.874000 + 0.000000),0.871000 (0.871000 + 0.000000),0.874000 (0.874000 + 0.000000),0.854000 (0.854000 + 0.000000),0.873000 (0.873000 + 0.000000),0.868000 (0.868000 + 0.000000),0.862000 (0.862000 + 0.000000),0.870000 (0.870000 + 0.000000),0.866000 (0.866000 + 0.000000),0.876000 (0.876000 + 0.000000),0.867000 (0.867000 + 0.000000),0.879000 (0.879000 + 0.000000),0.854000 (0.854000 + 0.000000),0.872000 (0.872000 + 0.000000),0.878000 (0.878000 + 0.000000),0.887000 (0.887000 + 0.000000),0.879000 (0.879000 + 0.000000),0.863000 (0.863000 + 0.000000),0.875000 (0.875000 + 0.000000),0.870000 (0.870000 + 0.000000),0.877000 (0.877000 + 0.000000),0.862000 (0.862000 + 0.000000),0.882000 (0.882000 + 0.000000),0.868000 (0.868000 + 0.000000),0.866000 (0.866000 + 0.000000),0.863000 (0.863000 + 0.000000),0.869000 (0.869000 + 0.000000),0.878000 (0.878000 + 0.000000),0.878000 (0.878000 + 0.000000),0.875000 (0.875000 + 0.000000),0.858000 (0.858000 + 0.000000),0.866000 (0.866000 + 0.000000),0.875000 (0.875000 + 0.000000),0.868000 (0.868000 + 0.000000),0.869000 (0.869000 + 0.000000),0.876000 (0.876000 + 0.000000),0.871000 (0.871000 + 0.000000),0.866000 (0.866000 + 0.000000),0.866000 (0.866000 + 0.000000),0.871000 (0.871000 + 0.000000),0.870000 (0.870000 + 0.000000),0.882000 (0.882000 + 0.000000),0.865000 (0.865000 + 0.000000),0.873000 (0.873000 + 0.000000),0.866000 (0.866000 + 0.000000),0.874000 (0.874000 + 0.000000),0.880000 (0.880000 + 0.000000),0.873000 (0.873000 + 0.000000),0.884000 (0.884000 + 0.000000),0.869000 (0.869000 + 0.000000),0.871000 (0.871000 + 0.000000),0.876000 (0.876000 + 0.000000),0.871000 (0.871000 + 0.000000),0.871000 (0.871000 + 0.000000),0.880000 (0.880000 + 0.000000),0.868000 (0.868000 + 0.000000),0.860000 (0.860000 + 0.000000),0.860000 (0.860000 + 0.000000),0.864000 (0.864000 + 0.000000),0.864000 (0.864000 + 0.000000),0.875000 (0.875000 + 0.000000),0.863000 (0.863000 + 0.000000),0.881000 (0.881000 + 0.000000),0.864000 (0.864000 + 0.000000),0.871000 (0.871000 + 0.000000),0.874000 (0.874000 + 0.000000),0.868000 (0.868000 + 0.000000),0.874000 (0.874000 + 0.000000),0.873000 (0.873000 + 0.000000)
74,0.892000 (0.892000 + 0.000000),0.862000 (0.862000 + 0.000000),0.870000 (0.870000 + 0.000000),0.852000 (0.852000 + 0.000000),0.868000 (0.868000 + 0.000000),0.876000 (0.876000 + 0.000000),0.877000 (0.877000 + 0.000000),0.876000 (0.876000 + 0.000000),0.875000 (0.875000 + 0.000000),0.873000 (0.873000 + 0.000000),0.862000 (0.862000 + 0.000000),0.867000 (0.867000 + 0.000000),0.880000 (0.880000 + 0.000000),0.876000 (0.876000 + 0.000000),0.879000 (0.879000 + 0.000000),0.880000 (0.880000 + 0.000000),0.873000 (0.873000 + 0.000000),0.873000 (0.873000 + 0.000000),0.862000 (0.862000 + 0.000000),0.865000 (0.865000 + 0.000000),0.864000 (0.864000 + 0.000000),0.877000 (0.877000 + 0.000000),0.867000 (0.867000 + 0.000000),0.858000 (0.858000 + 0.000000),0.865000 (0.865000 + 0.000000),0.870000 (0.870000 + 0.000000),0.866000 (0.866000 + 0.000000),0.868000 (0.868000 + 0.000000),0.872000 (0.872000 + 0.000000),0.870000 (0.870000 + 0.000000),0.883000 (0.883000 + 0.000000),0.862000 (0.862000 + 0.000000),0.881000 (0.881000 + 0.000000),0.863000 (0.863000 + 0.000000),0.866000 (0.866000 + 0.000000),0.878000 (0.878000 + 0.000000),0.861000 (0.861000 + 0.000000),0.865000 (0.865000 + 0.000000),0.869000 (0.869000 + 0.000000),0.875000 (0.875000 + 0.000000),0.854000 (0.854000 + 0.000000),0.883000 (0.883000 + 0.000000),0.878000 (0.878000 + 0.000000),0.873000 (0.873000 + 0.000000),0.870000 (0.870000 + 0.000000),0.869000 (0.869000 + 0.000000),0.872000 (0.872000 + 0.000000),0.849000 (0.849000 + 0.000000),0.872000 (0.872000 + 0.000000),0.865000 (0.865000 + 0.000000),0.876000 (0.876000 + 0.000000),0.874000 (0.874000 + 0.000000),0.874000 (0.874000 + 0.000000),0.873000 (0.873000 + 0.000000),0.867000 (0.867000 + 0.000000),0.889000 (0.889000 + 0.000000),0.862000 (0.862000 + 0.000000),0.862000 (0.862000 + 0.000000),0.862000 (0.862000 + 0.000000),0.872000 (0.872000 + 0.000000),0.874000 (0.874000 + 0.000000),0.892000 (0.892000 + 0.000000),0.878000 (0.878000 + 0.000000),0.874000 (0.874000 + 0.000000),0.871000 (0.871000 + 0.000000),0.871000 (0.871000 + 0.000000),0.875000 (0.875000 + 0.000000),0.876000 (0.876000 + 0.000000),0.871000 (0.871000 + 0.000000),0.877000 (0.877000 + 0.000000),0.867000 (0.867000 + 0.000000),0.859000 (0.859000 + 0.000000),0.866000 (0.866000 + 0.000000),0.882000 (0.882000 + 0.000000),0.869000 (0.869000 + 0.000000),0.878000 (0.878000 + 0.000000),0.861000 (0.861000 + 0.000000),0.876000 (0.876000 + 0.000000),0.877000 (0.877000 + 0.000000),0.867000 (0.867000 + 0.000000),0.879000 (0.879000 + 0.000000),0.892000 (0.892000 + 0.000000),0.880000 (0.880000 + 0.000000),0.866000 (0.866000 + 0.000000),0.866000 (0.866000 + 0.000000),0.887000 (0.887000 + 0.000000),0.867000 (0.867000 + 0.000000),0.862000 (0.862000 + 0.000000),0.871000 (0.871000 + 0.000000),0.865000 (0.865000 + 0.000000)
75,0.892000 (0.892000 + 0.000000),0.854000 (0.854000 + 0.000000),0.877000 (0.877000 + 0.000000),0.875000 (0.875000 + 0.000000),0.873000 (0.873000 + 0.000000),0.874000 (0.874000 + 0.000000),0.877000 (0.877000 + 0.000000),0.865000 (0.865000 + 0.000000),0.871000 (0.871000 + 0.000000),0.886000 (0.886000 + 0.000000),0.877000 (0.877000 + 0.000000),0.879000 (0.879000 + 0.000000),0.891000 (0.891000 + 0.000000),0.873000 (0.873000 + 0.000000),0.868000 (0.868000 + 0.000000),0.873000 (0.873000 + 0.000000),0.872000 (0.872000 + 0.000000),0.892000 (0.892000 + 0.000000),0.867000 (0.867000 + 0.000000),0.861000 (0.861000 + 0.000000),0.872000 (0.872000 + 0.000000),0.872000 (0.872000 + 0.000000),0.864000 (0.864000 + 0.000000),0.871000 (0.871000 + 0.000000),0.880000 (0.880000 + 0.000000),0.861000 (0.861000 + 0.000000),0.874000 (0.874000 + 0.000000),0.882000 (0.882000 + 0.000000),0.879000 (0.879000 + 0.000000),0.870000 (0.870000 + 0.000000),0.867000 (0.867000 + 0.000000),0.876000 (0.876000 + 0.000000),0.860000 (0.860000 + 0.000000),0.867000 (0.867000 + 0.000000),0.871000 (0.871000 + 0.000000),0.862000 (0.862000 + 0.000000),0.874000 (0.874000 + 0.000000),0.876000 (0.876000 + 0.000000),0.872000 (0.872000 + 0.000000),0.881000 (0.881000 + 0.000000),0.848000 (0.848000 + 0.000000),0.857000 (0.857000 + 0.000000),0.867000 (0.867000 + 0.000000),0.865000 (0.865000 + 0.000000),0.864000 (0.864000 + 0.000000),0.870000 (0.870000 + 0.000000),0.872000 (0.872000 + 0.000000),0.878000 (0.878000 + 0.000000),0.867000 (0.867000 + 0.000000),0.873000 (0.873000 + 0.000000),0.878000 (0.878000 + 0.000000),0.869000 (0.869000 + 0.000000),0.862000 (0.862000 + 0.000000),0.871000 (0.871000 + 0.000000),0.857000 (0.857000 + 0.000000),0.875000 (0.875000 + 0.000000),0.871000 (0.871000 + 0.000000),0.886000 (0.886000 + 0.000000),0.863000 (0.863000 + 0.000000),0.892000 (0.892000 + 0.000000),0.882000 (0.882000 + 0.000000),0.879000 (0.879000 + 0.000000),0.875000 (0.875000 + 0.000000),0.867000 (0.867000 + 0.000000),0.874000 (0.874000 + 0.000000),0.864000 (0.864000 + 0.000000),0.882000 (0.882000 + 0.000000),0.875000 (0.875000 + 0.000000),0.873000 (0.873000 + 0.000000),0.869000 (0.869000 + 0.000000),0.878000 (0.878000 + 0.000000),0.879000 (0.879000 + 0.000000),0.889000 (0.889000 + 0.000000),0.877000 (0.877000 + 0.000000),0.869000 (0.869000 + 0.000000),0.869000 (0.869000 + 0.000000),0.872000 (0.872000 + 0.000000),0.860000 (0.860000 + 0.000000),0.874000 (0.874000 + 0.000000),0.871000 (0.871000 + 0.000000),0.866000 (0.866000 + 0.000000),0.863000 (0.863000 + 0.000000),0.885000 (0.885000 + 0.000000),0.872000 (0.872000 + 0.000000),0.871000 (0.871000 + 0.000000),0.872000 (0.872000 + 0.000000),0.863000 (0.863000 + 0.000000),0.880000 (0.880000 + 0.000000),0.881000 (0.881000 + 0.000000),0.872000 (0.872000 + 0.000000)
76,0.892000 (0.892000 + 0.000000),0.878000 (0.878000 + 0.000000),0.867000 (0.867000 + 0.000000),0.863000 (0.863000 + 0.000000),0.861000 (0.861000 + 0.000000),0.864000 (0.864000 + 0.000000),0.874000 (0.874000 + 0.000000),0.878000 (0.878000 + 0.000000),0.879000 (0.879000 + 0.000000),0.879000 (0.879000 + 0.000000),0.865000 (0.865000 + 0.000000),0.871000 (0.871000 + 0.000000),0.892000 (0.892000 + 0.000000),0.863000 (0.863000 + 0.000000),0.875000 (0.875000 + 0.000000),0.883000 (0.883000 + 0.000000),0.879000 (0.879000 + 0.000000),0.876000 (0.876000 + 0.000000),0.866000 (0.866000 + 0.000000),0.888000 (0.888000 + 0.000000),0.858000 (0.858000 + 0.000000),0.891000 (0.891000 + 0.000000),0.891000 (0.891000 + 0.000000),0.873000 (0.873000 + 0.000000),0.885000 (0.885000 + 0.000000),0.867000 (0.867000 + 0.000000),0.874000 (0.874000 + 0.000000),0.876000 (0.876000 + 0.000000),0.874000 (0.874000 + 0.000000),0.858000 (0.858000 + 0.000000),0.881000 (0.881000 + 0.000000),0.880000 (0.880000 + 0.000000),0.889000 (0.889000 + 0.000000),0.882000 (0.882000 + 0.000000),0.882000 (0.882000 + 0.000000),0.871000 (0.871000 + 0.000000),0.876000 (0.876000 + 0.000000),0.887000 (0.887000 + 0.000000),0.870000 (0.870000 + 0.000000),0.879000 (0.879000 + 0.000000),0.869000 (0.869000 + 0.000000),0.876000 (0.876000 + 0.000000),0.881000 (0.881000 + 0.000000),0.865000 (0.865000 + 0.000000),0.877000 (0.877000 + 0.000000),0.876000 (0.876000 + 0.000000),0.875000 (0.875000 + 0.000000),0.859000 (0.859000 + 0.000000),0.872000 (0.872000 + 0.000000),0.870000 (0.870000 + 0.000000),0.864000 (0.864000 + 0.000000),0.873000 (0.873000 + 0.000000),0.880000 (0.880000 + 0.000000),0.856000 (0.856000 + 0.000000),0.884000 (0.884000 + 0.000000),0.882000 (0.882000 + 0.000000),0.869000 (0.869000 + 0.000000),0.890000 (0.890000 + 0.000000),0.869000 (0.869000 + 0.000000),0.878000 (0.878000 + 0.000000),0.870000 (0.870000 + 0.000000),0.869000 (0.869000 + 0.000000),0.875000 (0.875000 + 0.000000),0.863000 (0.863000 + 0.000000),0.882000 (0.882000 + 0.000000),0.874000 (0.874000 + 0.000000),0.879000 (0.879000 + 0.000000),0.869000 (0.869000 + 0.000000),0.865000 (0.865000 + 0.000000),0.871000 (0.871000 + 0.000000),0.863000 (0.863000 + 0.000000),0.874000 (0.874000 + 0.000000),0.870000 (0.870000 + 0.000000),0.879000 (0.879000 + 0.000000),0.872000 (0.872000 + 0.000000),0.873000 (0.873000 + 0.000000),0.857000 (0.857000 + 0.000000),0.852000 (0.852000 + 0.000000),0.866000 (0.866000 + 0.000000),0.872000 (0.872000 + 0.000000),0.873000 (0.873000 + 0.000000),0.874000 (0.874000 + 0.000000),0.871000 (0.871000 + 0.000000),0.882000 (0.882000 + 0.000000),0.871000 (0.871000 + 0.000000),0.857000 (0.857000 + 0.000000),0.887000 (0.887000 + 0.000000),0.886000 (0.886000 + 0.000000),0.872000 (0.872000 + 0.000000),0.891000 (0.891000 + 0.000000)
77,0.892000 (0.892000 + 0.000000),0.856000 (0.856000 + 0.000000),0.871000 (0.871000 + 0.000000),0.885000 (0.885000 + 0.000000),0.880000 (0.880000 + 0.000000),0.860000 (0.860000 + 0.000000),0.868000 (0.868000 + 0.000000),0.874000 (0.874000 + 0.000000),0.863000 (0.863000 + 0.000000),0.874000 (0.874000 + 0.000000),0.862000 (0.862000 + 0.000000),0.853000 (0.853000 + 0.000000),0.873000 (0.873000 + 0.000000),0.874000 (0.874000 + 0.000000),0.879000 (0.879000 + 0.000000),0.874000 (0.874000 + 0.000000),0.886000 (0.886000 + 0.000000),0.872000 (0.872000 + 0.000000),0.873000 (0.873000 + 0.000000),0.872000 (0.872000 + 0.000000),0.879000 (0.879000 + 0.000000),0.882000 (0.882000 + 0.000000),0.875000 (0.875000 + 0.000000),0.874000 (0.874000 + 0.000000),0.872000 (0.872000 + 0.000000),0.878000 (0.878000 + 0.000000),0.875000 (0.875000 + 0.000000),0.876000 (0.876000 + 0.000000),0.860000 (0.860000 + 0.000000),0.864000 (0.864000 + 0.000000),0.881000 (0.881000 + 0.000000),0.861000 (0.861000 + 0.000000),0.891000 (0.891000 + 0.000000),0.890000 (0.890000 + 0.000000),0.873000 (0.873000 + 0.000000),0.882000 (0.882000 + 0.000000),0.857000 (0.857000 + 0.000000),0.863000 (0.863000 + 0.000000),0.874000 (0.874000 + 0.000000),0.887000 (0.887000 + 0.000000),0.882000 (0.882000 + 0.000000),0.886000 (0.886000 + 0.000000),0.887000 (0.887000 + 0.000000),0.891000 (0.891000 + 0.000000),0.864000 (0.864000 + 0.000000),0.891000 (0.891000 + 0.000000),0.874000 (0.874000 + 0.000000),0.880000 (0.880000 + 0.000000),0.855000 (0.855000 + 0.000000),0.883000 (0.883000 + 0.000000),0.870000 (0.870000 + 0.000000),0.878000 (0.878000 + 0.000000),0.873000 (0.873000 + 0.000000),0.855000 (0.855000 + 0.000000),0.883000 (0.883000 + 0.000000),0.886000 (0.886000 + 0.000000),0.876000 (0.876000 + 0.000000),0.881000 (0.881000 + 0.000000),0.887000 (0.887000 + 0.000000),0.892000 (0.892000 + 0.000000),0.885000 (0.885000 + 0.000000),0.865000 (0.865000 + 0.000000),0.866000 (0.866000 + 0.000000),0.886000 (0.886000 + 0.000000),0.852000 (0.852000 + 0.000000),0.888000 (0.888000 + 0.000000),0.879000 (0.879000 + 0.000000),0.869000 (0.869000 + 0.000000),0.885000 (0.885000 + 0.000000),0.888000 (0.888000 + 0.000000),0.869000 (0.869000 + 0.000000),0.872000 (0.872000 + 0.000000),0.876000 (0.876000 + 0.000000),0.868000 (0.868000 + 0.479532),0.881000 (0.881000 + 0.466667),0.875000 (0.875000 + 0.526316),0.874000 (0.874000 + 0.444444),0.872000 (0.872000 + 0.472222),0.875000 (0.875000 + 0.483333),0.879000 (0.879000 + 0.494444),0.856000 (0.856000 + 0.455556),0.844000 (0.844000 + 0.322222),0.867000 (0.867000 + 0.500000),0.874000 (0.874000 + 0.522222),0.867000 (0.867000 + 0.000000),0.877000 (0.877000 + 0.000000),0.853000 (0.853000 + 0.422222),0.879000 (0.879000 + 0.432749),0.876000 (0.876000 + 0.421053),0.868000 (0.868000 + 0.000000)
78,0.892000 (0.892000 + 0.000000),0.879000 (0.879000 + 0.000000),0.879000 (0.879000 + 0.000000),0.879000 (0.879000 + 0.000000),0.869000 (0.869000 + 0.000000),0.882000 (0.882000 + 0.000000),0.888000 (0.888000 + 0.000000),0.875000 (0.875000 + 0.000000),0.870000 (0.870000 + 0.000000),0.866000 (0.866000 + 0.000000),0.872000 (0.872000 + 0.000000),0.858000 (0.858000 + 0.000000),0.878000 (0.878000 + 0.000000),0.892000 (0.892000 + 0.000000),0.874000 (0.874000 + 0.000000),0.874000 (0.874000 + 0.000000),0.871000 (0.871000 + 0.000000),0.870000 (0.870000 + 0.000000),0.869000 (0.869000 + 0.000000),0.884000 (0.884000 + 0.000000),0.884000 (0.884000 + 0.000000),0.879000 (0.879000 + 0.000000),0.875000 (0.875000 + 0.000000),0.877000 (0.877000 + 0.000000),0.889000 (0.889000 + 0.000000),0.884000 (0.884000 + 0.000000),0.892000 (0.892000 + 0.000000),0.874000 (0.874000 + 0.000000),0.874000 (0.874000 + 0.000000),0.880000 (0.880000 + 0.000000),0.879000 (0.879000 + 0.000000),0.873000 (0.873000 + 0.000000),0.862000 (0.862000 + 0.000000),0.891000 (0.891000 + 0.000000),0.882000 (0.882000 + 0.000000),0.873000 (0.873000 + 0.000000),0.882000 (0.882000 + 0.000000),0.879000 (0.879000 + 0.000000),0.863000 (0.863000 + 0.000000),0.879000 (0.879000 + 0.000000),0.879000 (0.879000 + 0.000000),0.893000 (0.893000 + 0.000000),0.884000 (0.884000 + 0.000000),0.877000 (0.877000 + 0.000000),0.866000 (0.866000 + 0.000000),0.890000 (0.890000 + 0.000000),0.887000 (0.887000 + 0.000000),0.867000 (0.867000 + 0.000000),0.874000 (0.874000 + 0.000000),0.882000 (0.882000 + 0.000000),0.876000 (0.876000 + 0.000000),0.886000 (0.886000 + 0.000000),0.886000 (0.886000 + 0.000000),0.875000 (0.875000 + 0.000000),0.866000 (0.866000 + 0.000000),0.875000 (0.875000 + 0.000000),0.857000 (0.857000 + 0.000000),0.874000 (0.874000 + 0.000000),0.880000 (0.880000 + 0.000000),0.873000 (0.873000 + 0.000000),0.876000 (0.876000 + 0.000000),0.883000 (0.883000 + 0.000000),0.886000 (0.886000 + 0.000000),0.861000 (0.861000 + 0.000000),0.867000 (0.867000 + 0.000000),0.892000 (0.892000 + 0.000000),0.883000 (0.883000 + 0.000000),0.887000 (0.887000 + 0.000000),0.886000 (0.886000 + 0.000000),0.865000 (0.865000 + 0.000000),0.868000 (0.868000 + 0.000000),0.871000 (0.871000 + 0.000000),0.872000 (0.872000 + 0.000000),0.878000 (0.878000 + 0.000000),0.885000 (0.885000 + 0.000000),0.876000 (0.876000 + 0.000000),0.874000 (0.874000 + 0.000000),0.863000 (0.863000 + 0.000000),0.876000 (0.876000 + 0.000000),0.877000 (0.877000 + 0.000000),0.892000 (0.892000 + 0.000000),0.864000 (0.864000 + 0.000000),0.882000 (0.882000 + 0.000000),0.880000 (0.880000 + 0.000000),0.859000 (0.859000 + 0.000000),0.871000 (0.871000 + 0.000000),0.883000 (0.883000 + 0.000000),0.881000 (0.881000 + 0.000000),0.875000 (0.875000 + 0.000000),0.865000 (0.865000 + 0.000000)
79,0.893000 (0.893000 + 0.000000),0.875000 (0.875000 + 0.000000),0.875000 (0.875000 + 0.000000),0.867000 (0.867000 + 0.000000),0.889000 (0.889000 + 0.000000),0.877000 (0.877000 + 0.000000),0.883000 (0.883000 + 0.000000),0.881000 (0.881000 + 0.000000),0.868000 (0.868000 + 0.000000),0.880000 (0.880000 + 0.000000),0.877000 (0.877000 + 0.000000),0.882000 (0.882000 + 0.000000),0.886000 (0.886000 + 0.000000),0.872000 (0.872000 + 0.000000),0.890000 (0.890000 + 0.000000),0.883000 (0.883000 + 0.000000),0.876000 (0.876000 + 0.000000),0.876000 (0.876000 + 0.000000),0.857000 (0.857000 + 0.000000),0.891000 (0.891000 + 0.000000),0.878000 (0.878000 + 0.000000),0.868000 (0.868000 + 0.000000),0.874000 (0.874000 + 0.000000),0.892000 (0.892000 + 0.000000),0.866000 (0.866000 + 0.000000),0.874000 (0.874000 + 0.000000),0.882000 (0.882000 + 0.000000),0.860000 (0.860000 + 0.000000),0.871000 (0.871000 + 0.000000),0.876000 (0.876000 + 0.000000),0.876000 (0.876000 + 0.000000),0.879000 (0.879000 + 0.000000),0.872000 (0.872000 + 0.000000),0.872000 (0.872000 + 0.000000),0.874000 (0.874000 + 0.000000),0.881000 (0.881000 + 0.000000),0.881000 (0.881000 + 0.000000),0.882000 (0.882000 + 0.000000),0.862000 (0.862000 + 0.000000),0.871000 (0.871000 + 0.000000),0.872000 (0.872000 + 0.000000),0.878000 (0.878000 + 0.000000),0.865000 (0.865000 + 0.000000),0.867000 (0.867000 + 0.000000),0.886000 (0.886000 + 0.000000),0.886000 (0.886000 + 0.000000),0.876000 (0.876000 + 0.000000),0.882000 (0.882000 + 0.000000),0.879000 (0.879000 + 0.000000),0.878000 (0.878000 + 0.000000),0.871000 (0.871000 + 0.000000),0.875000 (0.875000 + 0.000000),0.892000 (0.892000 + 0.000000),0.892000 (0.892000 + 0.000000),0.875000 (0.875000 + 0.000000),0.881000 (0.881000 + 0.000000),0.872000 (0.872000 + 0.472222),0.866000 (0.866000 + 0.455556),0.865000 (0.865000 + 0.421053),0.881000 (0.881000 + 0.444444),0.874000 (0.874000 + 0.422222),0.876000 (0.876000 + 0.479532),0.880000 (0.880000 + 0.432749),0.875000 (0.875000 + 0.494444),0.882000 (0.882000 + 0.483333),0.871000 (0.871000 + 0.000000),0.887000 (0.887000 + 0.466667),0.857000 (0.857000 + 0.000000),0.868000 (0.868000 + 0.522222),0.870000 (0.870000 + 0.000000),0.874000 (0.874000 + 0.526316),0.881000 (0.881000 + 0.500000),0.890000 (0.890000 + 0.322222),0.891000 (0.891000 + 0.000000),0.875000 (0.875000 + 0.000000),0.867000 (0.867000 + 0.000000),0.874000 (0.874000 + 0.000000),0.852000 (0.852000 + 0.000000),0.866000 (0.866000 + 0.000000),0.881000 (0.881000 + 0.000000),0.859000 (0.859000 + 0.000000),0.869000 (0.869000 + 0.000000),0.884000 (0.884000 + 0.000000),0.861000 (0.861000 + 0.000000),0.885000 (0.885000 + 0.000000),0.867000 (0.867000 + 0.000000),0.876000 (0.876000 + 0.000000),0.882000 (0.882000 + 0.000000),0.866000 (0.866000 + 0.000000),0.879000 (0.879000 + 0.000000)
80,0.893000 (0.893000 + 0.000000),0.884000 (0.884000 + 0.000000),0.885000 (0.885000 + 0.000000),0.890000 (0.890000 + 0.000000),0.880000 (0.880000 + 0.000000),0.872000 (0.872000 + 0.000000),0.868000 (0.868000 + 0.000000),0.877000 (0.877000 + 0.000000),0.863000 (0.863000 + 0.000000),0.865000 (0.865000 + 0.000000),0.876000 (0.876000 + 0.000000),0.881000 (0.881000 + 0.000000),0.865000 (0.865000 + 0.000000),0.880000 (0.880000 + 0.000000),0.880000 (0.880000 + 0.000000),0.869000 (0.869000 + 0.000000),0.876000 (0.876000 + 0.000000),0.871000 (0.871000 + 0.000000),0.859000 (0.859000 + 0.000000),0.884000 (0.884000 + 0.000000),0.867000 (0.867000 + 0.000000),0.881000 (0.881000 + 0.000000),0.869000 (0.869000 + 0.000000),0.879000 (0.879000 + 0.000000),0.872000 (0.872000 + 0.000000),0.886000 (0.886000 + 0.000000),0.884000 (0.884000 + 0.000000),0.881000 (0.881000 + 0.000000),0.876000 (0.876000 + 0.000000),0.867000 (0.867000 + 0.000000),0.882000 (0.882000 + 0.000000),0.873000 (0.873000 + 0.000000),0.891000 (0.891000 + 0.000000),0.890000 (0.890000 + 0.000000),0.846000 (0.846000 + 0.000000),0.863000 (0.863000 + 0.000000),0.881000 (0.881000 + 0.000000),0.886000 (0.886000 + 0.000000),0.891000 (0.891000 + 0.000000),0.884000 (0.884000 + 0.000000),0.892000 (0.892000 + 0.000000),0.867000 (0.867000 + 0.000000),0.873000 (0.873000 + 0.000000),0.876000 (0.876000 + 0.000000),0.868000 (0.868000 + 0.000000),0.886000 (0.886000 + 0.000000),0.865000 (0.865000 + 0.000000),0.881000 (0.881000 + 0.000000),0.892000 (0.892000 + 0.000000),0.878000 (0.878000 + 0.000000),0.884000 (0.884000 + 0.000000),0.868000 (0.868000 + 0.000000),0.871000 (0.871000 + 0.000000),0.876000 (0.876000 + 0.000000),0.867000 (0.867000 + 0.000000),0.886000 (0.886000 + 0.000000),0.875000 (0.875000 + 0.000000),0.858000 (0.858000 + 0.000000),0.859000 (0.859000 + 0.000000),0.874000 (0.874000 + 0.000000),0.871000 (0.871000 + 0.000000),0.878000 (0.878000 + 0.000000),0.891000 (0.891000 + 0.000000),0.878000 (0.878000 + 0.000000),0.877000 (0.877000 + 0.000000),0.889000 (0.889000 + 0.000000),0.870000 (0.870000 + 0.000000),0.877000 (0.877000 + 0.000000),0.871000 (0.871000 + 0.000000),0.883000 (0.883000 + 0.000000),0.874000 (0.874000 + 0.000000),0.872000 (0.872000 + 0.000000),0.865000 (0.865000 + 0.000000),0.881000 (0.881000 + 0.000000),0.885000 (0.885000 + 0.000000),0.859000 (0.859000 + 0.000000),0.878000 (0.878000 + 0.000000),0.889000 (0.889000 + 0.000000),0.883000 (0.883000 + 0.000000),0.885000 (0.885000 + 0.000000),0.877000 (0.877000 + 0.000000),0.880000 (0.880000 + 0.000000),0.877000 (0.877000 + 0.000000),0.869000 (0.869000 + 0.000000),0.874000 (0.874000 + 0.000000),0.863000 (0.863000 + 0.000000),0.881000 (0.881000 + 0.000000),0.875000 (0.875000 + 0.000000),0.881000 (0.881000 + 0.000000),0.880000 (0.880000 + 0.000000)
81,0.893000 (0.893000 + 0.000000),0.862000 (0.862000 + 0.000000),0.877000 (0.877000 + 0.000000),0.881000 (0.881000 + 0.000000),0.872000 (0.872000 + 0.000000),0.877000 (0.877000 + 0.000000),0.892000 (0.892000 + 0.000000),0.866000 (0.866000 + 0.000000),0.859000 (0.859000 + 0.000000),0.866000 (0.866000 + 0.000000),0.877000 (0.877000 + 0.000000),0.867000 (0.867000 + 0.000000),0.872000 (0.872000 + 0.000000),0.889000 (0.889000 + 0.000000),0.884000 (0.884000 + 0.000000),0.850000 (0.850000 + 0.000000),0.872000 (0.872000 + 0.000000),0.890000 (0.890000 + 0.000000),0.863000 (0.863000 + 0.000000),0.876000 (0.876000 + 0.000000),0.875000 (0.875000 + 0.000000),0.889000 (0.889000 + 0.000000),0.892000 (0.892000 + 0.000000),0.886000 (0.886000 + 0.000000),0.880000 (0.880000 + 0.000000),0.890000 (0.890000 + 0.000000),0.885000 (0.885000 + 0.000000),0.861000 (0.861000 + 0.000000),0.887000 (0.887000 + 0.000000),0.880000 (0.880000 + 0.000000),0.879000 (0.879000 + 0.000000),0.873000 (0.873000 + 0.000000),0.872000 (0.872000 + 0.000000),0.875000 (0.875000 + 0.000000),0.875000 (0.875000 + 0.000000),0.859000 (0.859000 + 0.000000),0.877000 (0.877000 + 0.000000),0.871000 (0.871000 + 0.000000),0.866000 (0.866000 + 0.000000),0.871000 (0.871000 + 0.526316),0.867000 (0.867000 + 0.483333),0.873000 (0.873000 + 0.000000),0.867000 (0.867000 + 0.472222),0.879000 (0.879000 + 0.500000),0.874000 (0.874000 + 0.522222),0.869000 (0.869000 + 0.421053),0.872000 (0.872000 + 0.322222),0.885000 (0.885000 + 0.466667),0.885000 (0.885000 + 0.432749),0.877000 (0.877000 + 0.444444),0.868000 (0.868000 + 0.494444),0.873000 (0.873000 + 0.000000),0.864000 (0.864000 + 0.422222),0.884000 (0.884000 + 0.455556),0.891000 (0.891000 + 0.479532),0.865000 (0.865000 + 0.000000),0.876000 (0.876000 + 0.000000),0.892000 (0.892000 + 0.000000),0.876000 (0.876000 + 0.000000),0.884000 (0.884000 + 0.000000),0.882000 (0.882000 + 0.000000),0.883000 (0.883000 + 0.000000),0.869000 (0.869000 + 0.000000),0.862000 (0.862000 + 0.000000),0.867000 (0.867000 + 0.000000),0.873000 (0.873000 + 0.000000),0.882000 (0.882000 + 0.000000),0.893000 (0.893000 + 0.000000),0.862000 (0.862000 + 0.000000),0.893000 (0.893000 + 0.000000),0.880000 (0.880000 + 0.000000),0.858000 (0.858000 + 0.000000),0.869000 (0.869000 + 0.000000),0.881000 (0.881000 + 0.000000),0.869000 (0.869000 + 0.000000),0.867000 (0.867000 + 0.000000),0.871000 (0.871000 + 0.000000),0.880000 (0.880000 + 0.000000),0.876000 (0.876000 + 0.000000),0.886000 (0.886000 + 0.000000),0.882000 (0.882000 + 0.000000),0.870000 (0.870000 + 0.000000),0.883000 (0.883000 + 0.000000),0.869000 (0.869000 + 0.000000),0.869000 (0.869000 + 0.000000),0.873000 (0.873000 + 0.000000),0.879000 (0.879000 + 0.000000),0.871000 (0.871000 + 0.000000),0.867000 (0.867000 + 0.000000),0.876000 (0.876000 + 0.000000)
82,0.893000 (0.893000 + 0.000000),0.882000 (0.882000 + 0.000000),0.878000 (0.878000 + 0.000000),0.875000 (0.875000 + 0.000000),0.881000 (0.881000 + 0.000000),0.872000 (0.872000 + 0.000000),0.883000 (0.883000 + 0.000000),0.877000 (0.877000 + 0.000000),0.864000 (0.864000 + 0.000000),0.861000 (0.861000 + 0.000000),0.858000 (0.858000 + 0.000000),0.873000 (0.873000 + 0.000000),0.874000 (0.874000 + 0.000000),0.882000 (0.882000 + 0.000000),0.876000 (0.876000 + 0.000000),0.881000 (0.881000 + 0.000000),0.861000 (0.861000 + 0.000000),0.877000 (0.877000 + 0.000000),0.884000 (0.884000 + 0.000000),0.868000 (0.868000 + 0.000000),0.871000 (0.871000 + 0.000000),0.865000 (0.865000 + 0.000000),0.878000 (0.878000 + 0.000000),0.892000 (0.892000 + 0.000000),0.881000 (0.881000 + 0.000000),0.883000 (0.883000 + 0.000000),0.885000 (0.885000 + 0.000000),0.865000 (0.865000 + 0.000000),0.874000 (0.874000 + 0.000000),0.864000 (0.864000 + 0.000000),0.872000 (0.872000 + 0.000000),0.890000 (0.890000 + 0.000000),0.884000 (0.884000 + 0.000000),0.879000 (0.879000 + 0.000000),0.868000 (0.868000 + 0.000000),0.862000 (0.862000 + 0.000000),0.872000 (0.872000 + 0.000000),0.876000 (0.876000 + 0.000000),0.876000 (0.876000 + 0.000000),0.879000 (0.879000 + 0.000000),0.890000 (0.890000 + 0.000000),0.880000 (0.880000 + 0.000000),0.867000 (0.867000 + 0.000000),0.864000 (0.864000 + 0.000000),0.875000 (0.875000 + 0.000000),0.875000 (0.875000 + 0.000000),0.886000 (0.886000 + 0.000000),0.892000 (0.892000 + 0.000000),0.864000 (0.864000 + 0.000000),0.855000 (0.855000 + 0.000000),0.850000 (0.850000 + 0.000000),0.860000 (0.860000 + 0.000000),0.865000 (0.865000 + 0.000000),0.870000 (0.870000 + 0.000000),0.892000 (0.892000 + 0.000000),0.882000 (0.882000 + 0.000000),0.873000 (0.873000 + 0.000000),0.880000 (0.880000 + 0.000000),0.876000 (0.876000 + 0.000000),0.860000 (0.860000 + 0.000000),0.875000 (0.875000 + 0.000000),0.885000 (0.885000 + 0.000000),0.872000 (0.872000 + 0.000000),0.854000 (0.854000 + 0.000000),0.857000 (0.857000 + 0.000000),0.879000 (0.879000 + 0.000000),0.875000 (0.875000 + 0.000000),0.887000 (0.887000 + 0.000000),0.886000 (0.886000 + 0.000000),0.859000 (0.859000 + 0.000000),0.877000 (0.877000 + 0.000000),0.878000 (0.878000 + 0.000000),0.877000 (0.877000 + 0.000000),0.876000 (0.876000 + 0.000000),0.877000 (0.877000 + 0.000000),0.872000 (0.872000 + 0.000000),0.883000 (0.883000 + 0.000000),0.867000 (0.867000 + 0.000000),0.861000 (0.861000 + 0.000000),0.868000 (0.868000 + 0.000000),0.879000 (0.879000 + 0.000000),0.883000 (0.883000 + 0.000000),0.860000 (0.860000 + 0.000000),0.882000 (0.882000 + 0.000000),0.875000 (0.875000 + 0.000000),0.867000 (0.867000 + 0.000000),0.879000 (0.879000 + 0.000000),0.872000 (0.872000 + 0.000000),0.876000 (0.876000 + 0.000000),0.884000 (0.884000 + 0.000000)
83,0.893000 (0.893000 + 0.000000),0.884000 (0.884000 + 0.000000),0.889000 (0.889000 + 0.000000),0.874000 (0.874000 + 0.000000),0.885000 (0.885000 + 0.000000),0.859000 (0.859000 + 0.000000),0.869000 (0.869000 + 0.000000),0.879000 (0.879000 + 0.000000),0.861000 (0.861000 + 0.000000),0.875000 (0.875000 + 0.000000),0.873000 (0.873000 + 0.000000),0.872000 (0.872000 + 0.000000),0.863000 (0.863000 + 0.000000),0.875000 (0.875000 + 0.000000),0.870000 (0.870000 + 0.000000),0.884000 (0.884000 + 0.000000),0.853000 (0.853000 + 0.000000),0.853000 (0.853000 + 0.000000),0.874000 (0.874000 + 0.000000),0.872000 (0.872000 + 0.000000),0.883000 (0.883000 + 0.000000),0.875000 (0.875000 + 0.000000),0.883000 (0.883000 + 0.000000),0.882000 (0.882000 + 0.000000),0.879000 (0.879000 + 0.000000),0.876000 (0.876000 + 0.000000),0.878000 (0.878000 + 0.000000),0.884000 (0.884000 + 0.000000),0.879000 (0.879000 + 0.000000),0.883000 (0.883000 + 0.000000),0.876000 (0.876000 + 0.000000),0.858000 (0.858000 + 0.000000),0.876000 (0.876000 + 0.000000),0.892000 (0.892000 + 0.000000),0.881000 (0.881000 + 0.000000),0.877000 (0.877000 + 0.000000),0.867000 (0.867000 + 0.000000),0.861000 (0.861000 + 0.000000),0.878000 (0.878000 + 0.000000),0.884000 (0.884000 + 0.000000),0.871000 (0.871000 + 0.000000),0.883000 (0.883000 + 0.000000),0.863000 (0.863000 + 0.000000),0.874000 (0.874000 + 0.000000),0.886000 (0.886000 + 0.000000),0.882000 (0.882000 + 0.000000),0.859000 (0.859000 + 0.000000),0.878000 (0.878000 + 0.000000),0.889000 (0.889000 + 0.000000),0.872000 (0.872000 + 0.000000),0.874000 (0.874000 + 0.000000),0.859000 (0.859000 + 0.000000),0.881000 (0.881000 + 0.000000),0.892000 (0.892000 + 0.000000),0.881000 (0.881000 + 0.000000),0.883000 (0.883000 + 0.000000),0.862000 (0.862000 + 0.000000),0.887000 (0.887000 + 0.000000),0.879000 (0.879000 + 0.000000),0.874000 (0.874000 + 0.000000),0.883000 (0.883000 + 0.000000),0.874000 (0.874000 + 0.000000),0.876000 (0.876000 + 0.000000),0.875000 (0.875000 + 0.000000),0.869000 (0.869000 + 0.000000),0.867000 (0.867000 + 0.000000),0.868000 (0.868000 + 0.000000),0.880000 (0.880000 + 0.000000),0.875000 (0.875000 + 0.000000),0.880000 (0.880000 + 0.000000),0.879000 (0.879000 + 0.000000),0.873000 (0.873000 + 0.000000),0.867000 (0.867000 + 0.000000),0.875000 (0.875000 + 0.000000),0.872000 (0.872000 + 0.000000),0.879000 (0.879000 + 0.000000),0.880000 (0.880000 + 0.000000),0.856000 (0.856000 + 0.000000),0.862000 (0.862000 + 0.000000),0.880000 (0.880000 + 0.000000),0.892000 (0.892000 + 0.000000),0.872000 (0.872000 + 0.000000),0.876000 (0.876000 + 0.000000),0.876000 (0.876000 + 0.000000),0.867000 (0.867000 + 0.000000),0.883000 (0.883000 + 0.000000),0.892000 (0.892000 + 0.000000),0.880000 (0.880000 + 0.000000),0.888000 (0.888000 + 0.000000),0.867000 (0.867000 + 0.000000)
84,0.893000 (0.893000 + 0.000000),0.856000 (0.856000 + 0.000000),0.861000 (0.861000 + 0.000000),0.865000 (0.865000 + 0.000000),0.855000 (0.855000 + 0.000000),0.870000 (0.870000 + 0.000000),0.869000 (0.869000 + 0.000000),0.872000 (0.872000 + 0.000000),0.878000 (0.878000 + 0.000000),0.889000 (0.889000 + 0.000000),0.872000 (0.872000 + 0.000000),0.874000 (0.874000 + 0.000000),0.864000 (0.864000 + 0.000000),0.889000 (0.889000 + 0.000000),0.877000 (0.877000 + 0.000000),0.884000 (0.884000 + 0.000000),0.863000 (0.863000 + 0.000000),0.874000 (0.874000 + 0.000000),0.892000 (0.892000 + 0.000000),0.858000 (0.858000 + 0.000000),0.876000 (0.876000 + 0.000000),0.871000 (0.871000 + 0.000000),0.876000 (0.876000 + 0.000000),0.866000 (0.866000 + 0.000000),0.883000 (0.883000 + 0.000000),0.885000 (0.885000 + 0.000000),0.882000 (0.882000 + 0.000000),0.861000 (0.861000 + 0.000000),0.869000 (0.869000 + 0.000000),0.875000 (0.875000 + 0.000000),0.880000 (0.880000 + 0.000000),0.878000 (0.878000 + 0.000000),0.877000 (0.877000 + 0.000000),0.881000 (0.881000 + 0.000000),0.884000 (0.884000 + 0.000000),0.884000 (0.884000 + 0.000000),0.886000 (0.886000 + 0.000000),0.879000 (0.879000 + 0.000000),0.879000 (0.879000 + 0.000000),0.882000 (0.882000 + 0.000000),0.873000 (0.873000 + 0.000000),0.867000 (0.867000 + 0.000000),0.870000 (0.870000 + 0.000000),0.892000 (0.892000 + 0.000000),0.884000 (0.884000 + 0.000000),0.887000 (0.887000 + 0.000000),0.878000 (0.878000 + 0.000000),0.878000 (0.878000 + 0.000000),0.886000 (0.886000 + 0.000000),0.890000 (0.890000 + 0.000000),0.875000 (0.875000 + 0.000000),0.870000 (0.870000 + 0.000000),0.877000 (0.877000 + 0.000000),0.888000 (0.888000 + 0.000000),0.878000 (0.878000 + 0.000000),0.870000 (0.870000 + 0.000000),0.869000 (0.869000 + 0.000000),0.873000 (0.873000 + 0.000000),0.859000 (0.859000 + 0.000000),0.866000 (0.866000 + 0.000000),0.863000 (0.863000 + 0.000000),0.866000 (0.866000 + 0.000000),0.882000 (0.882000 + 0.000000),0.880000 (0.880000 + 0.000000),0.877000 (0.877000 + 0.000000),0.884000 (0.884000 + 0.000000),0.866000 (0.866000 + 0.000000),0.874000 (0.874000 + 0.000000),0.876000 (0.876000 + 0.000000),0.872000 (0.872000 + 0.000000),0.867000 (0.867000 + 0.000000),0.887000 (0.887000 + 0.000000),0.880000 (0.880000 + 0.000000),0.865000 (0.865000 + 0.000000),0.878000 (0.878000 + 0.000000),0.885000 (0.885000 + 0.000000),0.866000 (0.866000 + 0.000000),0.876000 (0.876000 + 0.000000),0.865000 (0.865000 + 0.000000),0.867000 (0.867000 + 0.000000),0.872000 (0.872000 + 0.000000),0.876000 (0.876000 + 0.000000),0.864000 (0.864000 + 0.000000),0.878000 (0.878000 + 0.000000),0.875000 (0.875000 + 0.000000),0.878000 (0.878000 + 0.000000),0.886000 (0.886000 + 0.000000),0.867000 (0.867000 + 0.000000),0.856000 (0.856000 + 0.000000),0.890000 (0.890000 + 0.000000)
85,0.893000 (0.893000 + 0.000000),0.862000 (0.862000 + 0.000000),0.859000 (0.859000 + 0.000000),0.881000 (0.881000 + 0.000000),0.877000 (0.877000 + 0.000000),0.884000 (0.884000 + 0.000000),0.875000 (0.875000 + 0.000000),0.885000 (0.885000 + 0.000000),0.882000 (0.882000 + 0.000000),0.871000 (0.871000 + 0.000000),0.876000 (0.876000 + 0.000000),0.879000 (0.879000 + 0.000000),0.890000 (0.890000 + 0.000000),0.857000 (0.857000 + 0.000000),0.875000 (0.875000 + 0.000000),0.880000 (0.880000 + 0.000000),0.873000 (0.873000 + 0.000000),0.866000 (0.866000 + 0.000000),0.877000 (0.877000 + 0.000000),0.889000 (0.889000 + 0.000000),0.881000 (0.881000 + 0.000000),0.890000 (0.890000 + 0.000000),0.885000 (0.885000 + 0.000000),0.868000 (0.868000 + 0.000000),0.860000 (0.860000 + 0.000000),0.874000 (0.874000 + 0.000000),0.875000 (0.875000 + 0.000000),0.860000 (0.860000 + 0.000000),0.879000 (0.879000 + 0.000000),0.886000 (0.886000 + 0.000000),0.870000 (0.870000 + 0.000000),0.866000 (0.866000 + 0.000000),0.862000 (0.862000 + 0.000000),0.862000 (0.862000 + 0.000000),0.873000 (0.873000 + 0.000000),0.890000 (0.890000 + 0.000000),0.867000 (0.867000 + 0.000000),0.873000 (0.873000 + 0.000000),0.872000 (0.872000 + 0.000000),0.880000 (0.880000 + 0.000000),0.872000 (0.872000 + 0.000000),0.867000 (0.867000 + 0.000000),0.871000 (0.871000 + 0.000000),0.875000 (0.875000 + 0.000000),0.878000 (0.878000 + 0.000000),0.892000 (0.892000 + 0.000000),0.878000 (0.878000 + 0.000000),0.892000 (0.892000 + 0.000000),0.886000 (0.886000 + 0.000000),0.874000 (0.874000 + 0.000000),0.872000 (0.872000 + 0.000000),0.858000 (0.858000 + 0.000000),0.863000 (0.863000 + 0.000000),0.870000 (0.870000 + 0.000000),0.871000 (0.871000 + 0.000000),0.875000 (0.875000 + 0.000000),0.860000 (0.860000 + 0.000000),0.882000 (0.882000 + 0.000000),0.885000 (0.885000 + 0.000000),0.870000 (0.870000 + 0.000000),0.884000 (0.884000 + 0.000000),0.866000 (0.866000 + 0.000000),0.869000 (0.869000 + 0.000000),0.876000 (0.876000 + 0.000000),0.885000 (0.885000 + 0.000000),0.875000 (0.875000 + 0.000000),0.888000 (0.888000 + 0.000000),0.872000 (0.872000 + 0.000000),0.880000 (0.880000 + 0.000000),0.870000 (0.870000 + 0.000000),0.859000 (0.859000 + 0.000000),0.879000 (0.879000 + 0.000000),0.862000 (0.862000 + 0.000000),0.867000 (0.867000 + 0.000000),0.877000 (0.877000 + 0.000000),0.875000 (0.875000 + 0.000000),0.866000 (0.866000 + 0.000000),0.876000 (0.876000 + 0.000000),0.876000 (0.876000 + 0.000000),0.873000 (0.873000 + 0.000000),0.875000 (0.875000 + 0.000000),0.867000 (0.867000 + 0.000000),0.882000 (0.882000 + 0.000000),0.881000 (0.881000 + 0.000000),0.874000 (0.874000 + 0.000000),0.874000 (0.874000 + 0.000000),0.887000 (0.887000 + 0.000000),0.868000 (0.868000 + 0.000000),0.874000 (0.874000 + 0.000000),0.860000 (0.860000 + 0.000000)
86,0.893000 (0.893000 + 0.000000),0.864000 (0.864000 + 0.000000),0.878000 (0.878000 + 0.000000),0.879000 (0.879000 + 0.000000),0.874000 (0.874000 + 0.000000),0.883000 (0.883000 + 0.000000),0.878000 (0.878000 + 0.000000),0.877000 (0.877000 + 0.000000),0.875000 (0.875000 + 0.000000),0.874000 (0.874000 + 0.000000),0.879000 (0.879000 + 0.000000),0.873000 (0.873000 + 0.000000),0.883000 (0.883000 + 0.000000),0.858000 (0.858000 + 0.000000),0.875000 (0.875000 + 0.000000),0.892000 (0.892000 + 0.000000),0.887000 (0.887000 + 0.000000),0.881000 (0.881000 + 0.000000),0.886000 (0.886000 + 0.000000),0.879000 (0.879000 + 0.000000),0.875000 (0.875000 + 0.000000),0.882000 (0.882000 + 0.000000),0.871000 (0.871000 + 0.000000),0.870000 (0.870000 + 0.000000),0.871000 (0.871000 + 0.000000),0.881000 (0.881000 + 0.000000),0.890000 (0.890000 + 0.000000),0.886000 (0.886000 + 0.000000),0.881000 (0.881000 + 0.000000),0.862000 (0.862000 + 0.000000),0.859000 (0.859000 + 0.000000),0.875000 (0.875000 + 0.000000),0.873000 (0.873000 + 0.000000),0.882000 (0.882000 + 0.000000),0.874000 (0.874000 + 0.000000),0.877000 (0.877000 + 0.000000),0.861000 (0.861000 + 0.000000),0.872000 (0.872000 + 0.000000),0.863000 (0.863000 + 0.000000),0.869000 (0.869000 + 0.000000),0.882000 (0.882000 + 0.000000),0.875000 (0.875000 + 0.000000),0.890000 (0.890000 + 0.000000),0.873000 (0.873000 + 0.000000),0.863000 (0.863000 + 0.000000),0.869000 (0.869000 + 0.000000),0.868000 (0.868000 + 0.000000),0.869000 (0.869000 + 0.000000),0.874000 (0.874000 + 0.000000),0.886000 (0.886000 + 0.000000),0.875000 (0.875000 + 0.000000),0.886000 (0.886000 + 0.000000),0.880000 (0.880000 + 0.000000),0.885000 (0.885000 + 0.000000),0.882000 (0.882000 + 0.000000),0.876000 (0.876000 + 0.000000),0.883000 (0.883000 + 0.000000),0.867000 (0.867000 + 0.000000),0.881000 (0.881000 + 0.000000),0.885000 (0.885000 + 0.000000),0.892000 (0.892000 + 0.000000),0.876000 (0.876000 + 0.000000),0.864000 (0.864000 + 0.000000),0.862000 (0.862000 + 0.000000),0.875000 (0.875000 + 0.000000),0.882000 (0.882000 + 0.000000),0.875000 (0.875000 + 0.000000),0.870000 (0.870000 + 0.000000),0.878000 (0.878000 + 0.000000),0.872000 (0.872000 + 0.000000),0.866000 (0.866000 + 0.000000),0.876000 (0.876000 + 0.000000),0.876000 (0.876000 + 0.000000),0.875000 (0.875000 + 0.000000),0.869000 (0.869000 + 0.000000),0.874000 (0.874000 + 0.000000),0.859000 (0.859000 + 0.000000),0.885000 (0.885000 + 0.000000),0.872000 (0.872000 + 0.000000),0.880000 (0.880000 + 0.000000),0.864000 (0.864000 + 0.000000),0.870000 (0.870000 + 0.000000),0.872000 (0.872000 + 0.000000),0.890000 (0.890000 + 0.000000),0.890000 (0.890000 + 0.000000),0.862000 (0.862000 + 0.000000),0.874000 (0.874000 + 0.000000),0.876000 (0.876000 + 0.000000),0.877000 (0.877000 + 0.000000),0.880000 (0.880000 + 0.000000)
87,0.893000 (0.893000 + 0.000000),0.867000 (0.867000 + 0.000000),0.868000 (0.868000 + 0.000000),0.873000 (0.873000 + 0.000000),0.874000 (0.874000 + 0.000000),0.878000 (0.878000 + 0.000000),0.866000 (0.866000 + 0.000000),0.870000 (0.870000 + 0.000000),0.870000 (0.870000 + 0.000000),0.880000 (0.880000 + 0.000000),0.876000 (0.876000 + 0.000000),0.882000 (0.882000 + 0.000000),0.877000 (0.877000 + 0.000000),0.874000 (0.874000 + 0.000000),0.879000 (0.879000 + 0.000000),0.872000 (0.872000 + 0.000000),0.861000 (0.861000 + 0.000000),0.867000 (0.867000 + 0.000000),0.863000 (0.863000 + 0.000000),0.876000 (0.876000 + 0.000000),0.865000 (0.865000 + 0.000000),0.882000 (0.882000 + 0.000000),0.876000 (0.876000 + 0.000000),0.865000 (0.865000 + 0.000000),0.878000 (0.878000 + 0.000000),0.868000 (0.868000 + 0.000000),0.878000 (0.878000 + 0.000000),0.881000 (0.881000 + 0.000000),0.875000 (0.875000 + 0.000000),0.886000 (0.886000 + 0.000000),0.876000 (0.876000 + 0.000000),0.878000 (0.878000 + 0.000000),0.861000 (0.861000 + 0.000000),0.864000 (0.864000 + 0.000000),0.867000 (0.867000 + 0.000000),0.878000 (0.878000 + 0.000000),0.865000 (0.865000 + 0.000000),0.871000 (0.871000 + 0.000000),0.867000 (0.867000 + 0.000000),0.867000 (0.867000 + 0.000000),0.886000 (0.886000 + 0.000000),0.882000 (0.882000 + 0.000000),0.879000 (0.879000 + 0.000000),0.867000 (0.867000 + 0.000000),0.865000 (0.865000 + 0.000000),0.884000 (0.884000 + 0.000000),0.872000 (0.872000 + 0.000000),0.883000 (0.883000 + 0.000000),0.877000 (0.877000 + 0.000000),0.880000 (0.880000 + 0.000000),0.872000 (0.872000 + 0.000000),0.854000 (0.854000 + 0.000000),0.872000 (0.872000 + 0.000000),0.878000 (0.878000 + 0.000000),0.868000 (0.868000 + 0.000000),0.866000 (0.866000 + 0.000000),0.870000 (0.870000 + 0.000000),0.870000 (0.870000 + 0.000000),0.880000 (0.880000 + 0.000000),0.875000 (0.875000 + 0.000000),0.884000 (0.884000 + 0.000000),0.876000 (0.876000 + 0.000000),0.878000 (0.878000 + 0.000000),0.870000 (0.870000 + 0.000000),0.884000 (0.884000 + 0.000000),0.867000 (0.867000 + 0.000000),0.866000 (0.866000 + 0.000000),0.877000 (0.877000 + 0.000000),0.887000 (0.887000 + 0.000000),0.867000 (0.867000 + 0.000000),0.888000 (0.888000 + 0.000000),0.879000 (0.879000 + 0.000000),0.865000 (0.865000 + 0.000000),0.873000 (0.873000 + 0.000000),0.883000 (0.883000 + 0.000000),0.867000 (0.867000 + 0.000000),0.886000 (0.886000 + 0.000000),0.868000 (0.868000 + 0.000000),0.874000 (0.874000 + 0.000000),0.853000 (0.853000 + 0.000000),0.879000 (0.879000 + 0.000000),0.874000 (0.874000 + 0.000000),0.873000 (0.873000 + 0.000000),0.874000 (0.874000 + 0.000000),0.856000 (0.856000 + 0.000000),0.882000 (0.882000 + 0.000000),0.879000 (0.879000 + 0.000000),0.858000 (0.858000 + 0.000000),0.889000 (0.889000 + 0.000000),0.860000 (0.860000 + 0.000000)
88,0.893000 (0.893000 + 0.000000),0.874000 (0.874000 + 0.000000),0.873000 (0.873000 + 0.000000),0.877000 (0.877000 + 0.000000),0.856000 (0.856000 + 0.000000),0.885000 (0.885000 + 0.000000),0.873000 (0.873000 + 0.000000),0.879000 (0.879000 + 0.000000),0.881000 (0.881000 + 0.000000),0.878000 (0.878000 + 0.000000),0.873000 (0.873000 + 0.000000),0.866000 (0.866000 + 0.000000),0.878000 (0.878000 + 0.000000),0.862000 (0.862000 + 0.000000),0.882000 (0.882000 + 0.000000),0.874000 (0.874000 + 0.000000),0.872000 (0.872000 + 0.000000),0.852000 (0.852000 + 0.000000),0.880000 (0.880000 + 0.000000),0.878000 (0.878000 + 0.000000),0.871000 (0.871000 + 0.000000),0.862000 (0.862000 + 0.000000),0.870000 (0.870000 + 0.000000),0.879000 (0.879000 + 0.000000),0.874000 (0.874000 + 0.000000),0.868000 (0.868000 + 0.000000),0.870000 (0.870000 + 0.000000),0.877000 (0.877000 + 0.000000),0.864000 (0.864000 + 0.000000),0.852000 (0.852000 + 0.000000),0.860000 (0.860000 + 0.000000),0.874000 (0.874000 + 0.000000),0.862000 (0.862000 + 0.000000),0.879000 (0.879000 + 0.000000),0.860000 (0.860000 + 0.000000),0.861000 (0.861000 + 0.000000),0.873000 (0.873000 + 0.000000),0.880000 (0.880000 + 0.000000),0.879000 (0.879000 + 0.000000),0.886000 (0.886000 + 0.000000),0.877000 (0.877000 + 0.000000),0.870000 (0.870000 + 0.000000),0.879000 (0.879000 + 0.000000),0.869000 (0.869000 + 0.000000),0.872000 (0.872000 + 0.000000),0.868000 (0.868000 + 0.000000),0.879000 (0.879000 + 0.000000),0.880000 (0.880000 + 0.000000),0.881000 (0.881000 + 0.000000),0.863000 (0.863000 + 0.000000),0.880000 (0.880000 + 0.000000),0.866000 (0.866000 + 0.000000),0.863000 (0.863000 + 0.000000),0.859000 (0.859000 + 0.000000),0.873000 (0.873000 + 0.000000),0.878000 (0.878000 + 0.000000),0.878000 (0.878000 + 0.000000),0.873000 (0.873000 + 0.000000),0.883000 (0.883000 + 0.000000),0.865000 (0.865000 + 0.000000),0.886000 (0.886000 + 0.000000),0.864000 (0.864000 + 0.000000),0.875000 (0.875000 + 0.000000),0.888000 (0.888000 + 0.000000),0.870000 (0.870000 + 0.000000),0.878000 (0.878000 + 0.000000),0.871000 (0.871000 + 0.000000),0.885000 (0.885000 + 0.000000),0.868000 (0.868000 + 0.000000),0.871000 (0.871000 + 0.000000),0.884000 (0.884000 + 0.000000),0.872000 (0.872000 + 0.000000),0.872000 (0.872000 + 0.000000),0.878000 (0.878000 + 0.000000),0.879000 (0.879000 + 0.000000),0.864000 (0.864000 + 0.000000),0.880000 (0.880000 + 0.000000),0.881000 (0.881000 + 0.000000),0.887000 (0.887000 + 0.000000),0.876000 (0.876000 + 0.000000),0.875000 (0.875000 + 0.000000),0.885000 (0.885000 + 0.000000),0.871000 (0.871000 + 0.000000),0.884000 (0.884000 + 0.000000),0.879000 (0.879000 + 0.000000),0.863000 (0.863000 + 0.000000),0.873000 (0.873000 + 0.000000),0.885000 (0.885000 + 0.000000),0.856000 (0.856000 + 0.000000),0.883000 (0.883000 + 0.000000)
89,0.893000 (0.893000 + 0.000000),0.870000 (0.870000 + 0.000000),0.886000 (0.886000 + 0.000000),0.878000 (0.878000 + 0.000000),0.867000 (0.867000 + 0.000000),0.882000 (0.882000 + 0.000000),0.871000 (0.871000 + 0.000000),0.886000 (0.886000 + 0.000000),0.884000 (0.884000 + 0.000000),0.859000 (0.859000 + 0.000000),0.870000 (0.870000 + 0.000000),0.856000 (0.856000 + 0.000000),0.871000 (0.871000 + 0.000000),0.860000 (0.860000 + 0.000000),0.864000 (0.864000 + 0.000000),0.881000 (0.881000 + 0.000000),0.876000 (0.876000 + 0.000000),0.884000 (0.884000 + 0.000000),0.883000 (0.883000 + 0.000000),0.876000 (0.876000 + 0.000000),0.885000 (0.885000 + 0.000000),0.869000 (0.869000 + 0.000000),0.879000 (0.879000 + 0.000000),0.873000 (0.873000 + 0.000000),0.869000 (0.869000 + 0.000000),0.883000 (0.883000 + 0.000000),0.881000 (0.881000 + 0.000000),0.869000 (0.869000 + 0.000000),0.873000 (0.873000 + 0.000000),0.867000 (0.867000 + 0.000000),0.873000 (0.873000 + 0.000000),0.880000 (0.880000 + 0.000000),0.887000 (0.887000 + 0.000000),0.883000 (0.883000 + 0.000000),0.877000 (0.877000 + 0.000000),0.869000 (0.869000 + 0.000000),0.873000 (0.873000 + 0.000000),0.866000 (0.866000 + 0.000000),0.873000 (0.873000 + 0.000000),0.871000 (0.871000 + 0.000000),0.875000 (0.875000 + 0.000000),0.876000 (0.876000 + 0.000000),0.887000 (0.887000 + 0.000000),0.871000 (0.871000 + 0.000000),0.877000 (0.877000 + 0.000000),0.864000 (0.864000 + 0.000000),0.871000 (0.871000 + 0.000000),0.872000 (0.872000 + 0.000000),0.869000 (0.869000 + 0.000000),0.888000 (0.888000 + 0.000000),0.873000 (0.873000 + 0.000000),0.877000 (0.877000 + 0.000000),0.868000 (0.868000 + 0.000000),0.874000 (0.874000 + 0.000000),0.874000 (0.874000 + 0.000000),0.863000 (0.863000 + 0.000000),0.879000 (0.879000 + 0.000000),0.880000 (0.880000 + 0.000000),0.881000 (0.881000 + 0.000000),0.877000 (0.877000 + 0.000000),0.859000 (0.859000 + 0.000000),0.873000 (0.873000 + 0.000000),0.880000 (0.880000 + 0.000000),0.862000 (0.862000 + 0.000000),0.878000 (0.878000 + 0.000000),0.886000 (0.886000 + 0.000000),0.881000 (0.881000 + 0.000000),0.885000 (0.885000 + 0.000000),0.867000 (0.867000 + 0.000000),0.873000 (0.873000 + 0.000000),0.876000 (0.876000 + 0.000000),0.878000 (0.878000 + 0.000000),0.875000 (0.875000 + 0.000000),0.857000 (0.857000 + 0.000000),0.880000 (0.880000 + 0.000000),0.867000 (0.867000 + 0.000000),0.876000 (0.876000 + 0.000000),0.868000 (0.868000 + 0.000000),0.879000 (0.879000 + 0.000000),0.879000 (0.879000 + 0.000000),0.869000 (0.869000 + 0.000000),0.877000 (0.877000 + 0.000000),0.883000 (0.883000 + 0.000000),0.865000 (0.865000 + 0.000000),0.878000 (0.878000 + 0.000000),0.857000 (0.857000 + 0.000000),0.871000 (0.871000 + 0.000000),0.878000 (0.878000 + 0.000000),0.875000 (0.875000 + 0.000000),0.877000 (0.877000 + 0.000000)
90,0.893000 (0.893000 + 0.000000),0.857000 (0.857000 + 0.000000),0.879000 (0.879000 + 0.000000),0.876000 (0.876000 + 0.000000),0.883000 (0.883000 + 0.000000),0.874000 (0.874000 + 0.000000),0.879000 (0.879000 + 0.000000),0.865000 (0.865000 + 0.000000),0.869000 (0.869000 + 0.000000),0.857000 (0.857000 + 0.000000),0.863000 (0.863000 + 0.000000),0.883000 (0.883000 + 0.000000),0.875000 (0.875000 + 0.000000),0.871000 (0.871000 + 0.000000),0.870000 (0.870000 + 0.000000),0.872000 (0.872000 + 0.000000),0.873000 (0.873000 + 0.000000),0.870000 (0.870000 + 0.000000),0.870000 (0.870000 + 0.000000),0.873000 (0.873000 + 0.000000),0.875000 (0.875000 + 0.000000),0.871000 (0.871000 + 0.000000),0.882000 (0.882000 + 0.000000),0.880000 (0.880000 + 0.000000),0.875000 (0.875000 + 0.000000),0.883000 (0.883000 + 0.000000),0.866000 (0.866000 + 0.000000),0.881000 (0.881000 + 0.000000),0.874000 (0.874000 + 0.000000),0.873000 (0.873000 + 0.000000),0.889000 (0.889000 + 0.000000),0.886000 (0.886000 + 0.000000),0.883000 (0.883000 + 0.000000),0.862000 (0.862000 + 0.000000),0.875000 (0.875000 + 0.000000),0.868000 (0.868000 + 0.000000),0.887000 (0.887000 + 0.000000),0.880000 (0.880000 + 0.000000),0.880000 (0.880000 + 0.000000),0.877000 (0.877000 + 0.000000),0.865000 (0.865000 + 0.000000),0.881000 (0.881000 + 0.000000),0.855000 (0.855000 + 0.000000),0.876000 (0.876000 + 0.000000),0.858000 (0.858000 + 0.000000),0.871000 (0.871000 + 0.000000),0.854000 (0.854000 + 0.000000),0.872000 (0.872000 + 0.000000),0.859000 (0.859000 + 0.000000),0.868000 (0.868000 + 0.000000),0.876000 (0.876000 + 0.000000),0.872000 (0.872000 + 0.000000),0.875000 (0.875000 + 0.000000),0.867000 (0.867000 + 0.000000),0.883000 (0.883000 + 0.000000),0.885000 (0.885000 + 0.000000),0.879000 (0.879000 + 0.000000),0.861000 (0.861000 + 0.000000),0.876000 (0.876000 + 0.000000),0.869000 (0.869000 + 0.000000),0.873000 (0.873000 + 0.000000),0.883000 (0.883000 + 0.000000),0.870000 (0.870000 + 0.000000),0.872000 (0.872000 + 0.000000),0.879000 (0.879000 + 0.000000),0.881000 (0.881000 + 0.000000),0.870000 (0.870000 + 0.000000),0.862000 (0.862000 + 0.000000),0.871000 (0.871000 + 0.000000),0.879000 (0.879000 + 0.000000),0.870000 (0.870000 + 0.000000),0.848000 (0.848000 + 0.000000),0.871000 (0.871000 + 0.000000),0.865000 (0.865000 + 0.000000),0.873000 (0.873000 + 0.000000),0.884000 (0.884000 + 0.000000),0.873000 (0.873000 + 0.000000),0.865000 (0.865000 + 0.000000),0.864000 (0.864000 + 0.000000),0.879000 (0.879000 + 0.000000),0.880000 (0.880000 + 0.000000),0.881000 (0.881000 + 0.000000),0.867000 (0.867000 + 0.000000),0.863000 (0.863000 + 0.000000),0.868000 (0.868000 + 0.000000),0.868000 (0.868000 + 0.000000),0.872000 (0.872000 + 0.000000),0.874000 (0.874000 + 0.000000),0.865000 (0.865000 + 0.000000),0.877000 (0.877000 + 0.000000)
91,0.893000 (0.893000 + 0.000000),0.884000 (0.884000 + 0.000000),0.869000 (0.869000 + 0.000000),0.888000 (0.888000 + 0.000000),0.867000 (0.867000 + 0.000000),0.875000 (0.875000 + 0.000000),0.875000 (0.875000 + 0.000000),0.872000 (0.872000 + 0.000000),0.883000 (0.883000 + 0.000000),0.880000 (0.880000 + 0.000000),0.873000 (0.873000 + 0.000000),0.871000 (0.871000 + 0.000000),0.860000 (0.860000 + 0.000000),0.871000 (0.871000 + 0.000000),0.873000 (0.873000 + 0.000000),0.885000 (0.885000 + 0.000000),0.893000 (0.893000 + 0.000000),0.863000 (0.863000 + 0.000000),0.874000 (0.874000 + 0.000000),0.883000 (0.883000 + 0.000000),0.880000 (0.880000 + 0.000000),0.867000 (0.867000 + 0.000000),0.876000 (0.876000 + 0.000000),0.870000 (0.870000 + 0.000000),0.867000 (0.867000 + 0.000000),0.868000 (0.868000 + 0.000000),0.868000 (0.868000 + 0.000000),0.886000 (0.886000 + 0.000000),0.876000 (0.876000 + 0.000000),0.884000 (0.884000 + 0.000000),0.884000 (0.884000 + 0.000000),0.885000 (0.885000 + 0.000000),0.860000 (0.860000 + 0.000000),0.876000 (0.876000 + 0.000000),0.862000 (0.862000 + 0.000000),0.870000 (0.870000 + 0.000000),0.864000 (0.864000 + 0.000000),0.883000 (0.883000 + 0.000000),0.872000 (0.872000 + 0.000000),0.862000 (0.862000 + 0.000000),0.858000 (0.858000 + 0.000000),0.868000 (0.868000 + 0.000000),0.884000 (0.884000 + 0.000000),0.877000 (0.877000 + 0.000000),0.883000 (0.883000 + 0.000000),0.873000 (0.873000 + 0.000000),0.885000 (0.885000 + 0.000000),0.869000 (0.869000 + 0.000000),0.866000 (0.866000 + 0.000000),0.867000 (0.867000 + 0.000000),0.870000 (0.870000 + 0.000000),0.887000 (0.887000 + 0.000000),0.877000 (0.877000 + 0.000000),0.860000 (0.860000 + 0.000000),0.872000 (0.872000 + 0.000000),0.882000 (0.882000 + 0.000000),0.881000 (0.881000 + 0.000000),0.869000 (0.869000 + 0.000000),0.876000 (0.876000 + 0.000000),0.866000 (0.866000 + 0.000000),0.873000 (0.873000 + 0.000000),0.879000 (0.879000 + 0.000000),0.871000 (0.871000 + 0.000000),0.876000 (0.876000 + 0.000000),0.869000 (0.869000 + 0.000000),0.880000 (0.880000 + 0.000000),0.870000 (0.870000 + 0.000000),0.883000 (0.883000 + 0.000000),0.869000 (0.869000 + 0.000000),0.886000 (0.886000 + 0.000000),0.878000 (0.878000 + 0.000000),0.877000 (0.877000 + 0.000000),0.880000 (0.880000 + 0.000000),0.881000 (0.881000 + 0.000000),0.873000 (0.873000 + 0.000000),0.872000 (0.872000 + 0.000000),0.880000 (0.880000 + 0.000000),0.875000 (0.875000 + 0.000000),0.881000 (0.881000 + 0.000000),0.863000 (0.863000 + 0.000000),0.876000 (0.876000 + 0.000000),0.883000 (0.883000 + 0.000000),0.882000 (0.882000 + 0.000000),0.882000 (0.882000 + 0.000000),0.874000 (0.874000 + 0.000000),0.890000 (0.890000 + 0.000000),0.879000 (0.879000 + 0.000000),0.875000 (0.875000 + 0.000000),0.875000 (0.875000 + 0.000000),0.870000 (0.870000 + 0.000000)
92,0.893000 (0.893000 + 0.000000),0.891000 (0.891000 + 0.000000),0.882000 (0.882000 + 0.000000),0.864000 (0.864000 + 0.000000),0.880000 (0.880000 + 0.000000),0.879000 (0.879000 + 0.000000),0.874000 (0.874000 + 0.000000),0.880000 (0.880000 + 0.000000),0.861000 (0.861000 + 0.000000),0.861000 (0.861000 + 0.000000),0.859000 (0.859000 + 0.000000),0.871000 (0.871000 + 0.000000),0.883000 (0.883000 + 0.000000),0.868000 (0.868000 + 0.000000),0.876000 (0.876000 + 0.000000),0.885000 (0.885000 + 0.000000),0.867000 (0.867000 + 0.000000),0.884000 (0.884000 + 0.000000),0.883000 (0.883000 + 0.000000),0.882000 (0.882000 + 0.000000),0.868000 (0.868000 + 0.000000),0.888000 (0.888000 + 0.000000),0.880000 (0.880000 + 0.000000),0.864000 (0.864000 + 0.000000),0.874000 (0.874000 + 0.000000),0.871000 (0.871000 + 0.000000),0.878000 (0.878000 + 0.000000),0.879000 (0.879000 + 0.000000),0.882000 (0.882000 + 0.000000),0.866000 (0.866000 + 0.000000),0.862000 (0.862000 + 0.000000),0.883000 (0.883000 + 0.000000),0.880000 (0.880000 + 0.000000),0.861000 (0.861000 + 0.000000),0.871000 (0.871000 + 0.000000),0.878000 (0.878000 + 0.000000),0.876000 (0.876000 + 0.000000),0.851000 (0.851000 + 0.000000),0.880000 (0.880000 + 0.000000),0.879000 (0.879000 + 0.000000),0.871000 (0.871000 + 0.000000),0.883000 (0.883000 + 0.000000),0.879000 (0.879000 + 0.000000),0.866000 (0.866000 + 0.000000),0.867000 (0.867000 + 0.000000),0.866000 (0.866000 + 0.000000),0.871000 (0.871000 + 0.000000),0.878000 (0.878000 + 0.000000),0.871000 (0.871000 + 0.000000),0.874000 (0.874000 + 0.000000),0.873000 (0.873000 + 0.000000),0.876000 (0.876000 + 0.000000),0.872000 (0.872000 + 0.000000),0.882000 (0.882000 + 0.000000),0.871000 (0.871000 + 0.000000),0.867000 (0.867000 + 0.000000),0.876000 (0.876000 + 0.000000),0.871000 (0.871000 + 0.000000),0.872000 (0.872000 + 0.000000),0.885000 (0.885000 + 0.000000),0.873000 (0.873000 + 0.000000),0.879000 (0.879000 + 0.000000),0.881000 (0.881000 + 0.000000),0.882000 (0.882000 + 0.000000),0.872000 (0.872000 + 0.000000),0.878000 (0.878000 + 0.000000),0.881000 (0.881000 + 0.000000),0.881000 (0.881000 + 0.000000),0.867000 (0.867000 + 0.000000),0.879000 (0.879000 + 0.000000),0.874000 (0.874000 + 0.000000),0.868000 (0.868000 + 0.000000),0.877000 (0.877000 + 0.000000),0.872000 (0.872000 + 0.000000),0.874000 (0.874000 + 0.000000),0.883000 (0.883000 + 0.000000),0.884000 (0.884000 + 0.000000),0.875000 (0.875000 + 0.000000),0.874000 (0.874000 + 0.000000),0.875000 (0.875000 + 0.000000),0.871000 (0.871000 + 0.000000),0.882000 (0.882000 + 0.000000),0.870000 (0.870000 + 0.000000),0.875000 (0.875000 + 0.000000),0.878000 (0.878000 + 0.000000),0.885000 (0.885000 + 0.000000),0.871000 (0.871000 + 0.000000),0.883000 (0.883000 + 0.000000),0.883000 (0.883000 + 0.000000),0.862000 (0.862000 + 0.000000)
93,0.893000 (0.893000 + 0.000000),0.864000 (0.864000 + 0.000000),0.881000 (0.881000 + 0.000000),0.876000 (0.876000 + 0.000000),0.868000 (0.868000 + 0.000000),0.884000 (0.884000 + 0.000000),0.883000 (0.883000 + 0.000000),0.876000 (0.876000 + 0.000000),0.877000 (0.877000 + 0.000000),0.853000 (0.853000 + 0.000000),0.875000 (0.875000 + 0.000000),0.854000 (0.854000 + 0.000000),0.879000 (0.879000 + 0.000000),0.883000 (0.883000 + 0.000000),0.871000 (0.871000 + 0.000000),0.868000 (0.868000 + 0.000000),0.867000 (0.867000 + 0.000000),0.882000 (0.882000 + 0.000000),0.876000 (0.876000 + 0.000000),0.882000 (0.882000 + 0.000000),0.873000 (0.873000 + 0.000000),0.880000 (0.880000 + 0.000000),0.871000 (0.871000 + 0.000000),0.868000 (0.868000 + 0.000000),0.871000 (0.871000 + 0.000000),0.864000 (0.864000 + 0.000000),0.849000 (0.849000 + 0.000000),0.874000 (0.874000 + 0.000000),0.879000 (0.879000 + 0.000000),0.891000 (0.891000 + 0.000000),0.859000 (0.859000 + 0.000000),0.871000 (0.871000 + 0.000000),0.888000 (0.888000 + 0.000000),0.856000 (0.856000 + 0.000000),0.882000 (0.882000 + 0.000000),0.882000 (0.882000 + 0.000000),0.885000 (0.885000 + 0.000000),0.884000 (0.884000 + 0.000000),0.873000 (0.873000 + 0.000000),0.866000 (0.866000 + 0.000000),0.881000 (0.881000 + 0.000000),0.887000 (0.887000 + 0.000000),0.875000 (0.875000 + 0.000000),0.874000 (0.874000 + 0.000000),0.887000 (0.887000 + 0.000000),0.868000 (0.868000 + 0.000000),0.875000 (0.875000 + 0.000000),0.873000 (0.873000 + 0.000000),0.875000 (0.875000 + 0.000000),0.883000 (0.883000 + 0.000000),0.874000 (0.874000 + 0.000000),0.873000 (0.873000 + 0.000000),0.865000 (0.865000 + 0.000000),0.861000 (0.861000 + 0.000000),0.876000 (0.876000 + 0.000000),0.865000 (0.865000 + 0.000000),0.857000 (0.857000 + 0.000000),0.865000 (0.865000 + 0.000000),0.872000 (0.872000 + 0.000000),0.873000 (0.873000 + 0.000000),0.874000 (0.874000 + 0.000000),0.871000 (0.871000 + 0.000000),0.873000 (0.873000 + 0.000000),0.884000 (0.884000 + 0.000000),0.872000 (0.872000 + 0.000000),0.868000 (0.868000 + 0.000000),0.867000 (0.867000 + 0.000000),0.885000 (0.885000 + 0.000000),0.877000 (0.877000 + 0.000000),0.879000 (0.879000 + 0.000000),0.869000 (0.869000 + 0.000000),0.885000 (0.885000 + 0.000000),0.874000 (0.874000 + 0.000000),0.877000 (0.877000 + 0.000000),0.879000 (0.879000 + 0.000000),0.868000 (0.868000 + 0.000000),0.867000 (0.867000 + 0.000000),0.871000 (0.871000 + 0.000000),0.879000 (0.879000 + 0.000000),0.883000 (0.883000 + 0.000000),0.871000 (0.871000 + 0.000000),0.885000 (0.885000 + 0.000000),0.864000 (0.864000 + 0.000000),0.867000 (0.867000 + 0.000000),0.882000 (0.882000 + 0.000000),0.876000 (0.876000 + 0.000000),0.883000 (0.883000 + 0.000000),0.876000 (0.876000 + 0.000000),0.864000 (0.864000 + 0.000000),0.880000 (0.880000 + 0.000000)
94,0.893000 (0.893000 + 0.000000),0.879000 (0.879000 + 0.000000),0.882000 (0.882000 + 0.000000),0.885000 (0.885000 + 0.000000),0.876000 (0.876000 + 0.000000),0.881000 (0.881000 + 0.000000),0.872000 (0.872000 + 0.000000),0.876000 (0.876000 + 0.000000),0.867000 (0.867000 + 0.000000),0.881000 (0.881000 + 0.000000),0.883000 (0.883000 + 0.000000),0.864000 (0.864000 + 0.000000),0.870000 (0.870000 + 0.000000),0.875000 (0.875000 + 0.000000),0.878000 (0.878000 + 0.000000),0.879000 (0.879000 + 0.000000),0.894000 (0.894000 + 0.000000),0.885000 (0.885000 + 0.000000),0.879000 (0.879000 + 0.000000),0.884000 (0.884000 + 0.000000),0.875000 (0.875000 + 0.000000),0.879000 (0.879000 + 0.000000),0.853000 (0.853000 + 0.000000),0.875000 (0.875000 + 0.000000),0.864000 (0.864000 + 0.000000),0.873000 (0.873000 + 0.000000),0.861000 (0.861000 + 0.000000),0.870000 (0.870000 + 0.000000),0.878000 (0.878000 + 0.000000),0.877000 (0.877000 + 0.000000),0.888000 (0.888000 + 0.000000),0.871000 (0.871000 + 0.000000),0.881000 (0.881000 + 0.000000),0.883000 (0.883000 + 0.000000),0.882000 (0.882000 + 0.000000),0.867000 (0.867000 + 0.000000),0.877000 (0.877000 + 0.000000),0.874000 (0.874000 + 0.000000),0.870000 (0.870000 + 0.000000),0.878000 (0.878000 + 0.000000),0.872000 (0.872000 + 0.000000),0.881000 (0.881000 + 0.000000),0.877000 (0.877000 + 0.000000),0.870000 (0.870000 + 0.000000),0.877000 (0.877000 + 0.000000),0.884000 (0.884000 + 0.000000),0.863000 (0.863000 + 0.000000),0.874000 (0.874000 + 0.000000),0.873000 (0.873000 + 0.000000),0.873000 (0.873000 + 0.000000),0.856000 (0.856000 + 0.000000),0.880000 (0.880000 + 0.000000),0.869000 (0.869000 + 0.000000),0.876000 (0.876000 + 0.000000),0.869000 (0.869000 + 0.000000),0.858000 (0.858000 + 0.000000),0.881000 (0.881000 + 0.000000),0.878000 (0.878000 + 0.000000),0.879000 (0.879000 + 0.000000),0.868000 (0.868000 + 0.000000),0.885000 (0.885000 + 0.000000),0.860000 (0.860000 + 0.000000),0.870000 (0.870000 + 0.000000),0.881000 (0.881000 + 0.000000),0.889000 (0.889000 + 0.000000),0.879000 (0.879000 + 0.000000),0.882000 (0.882000 + 0.000000),0.866000 (0.866000 + 0.000000),0.883000 (0.883000 + 0.000000),0.877000 (0.877000 + 0.000000),0.871000 (0.871000 + 0.000000),0.874000 (0.874000 + 0.000000),0.875000 (0.875000 + 0.000000),0.883000 (0.883000 + 0.000000),0.883000 (0.883000 + 0.000000),0.883000 (0.883000 + 0.000000),0.874000 (0.874000 + 0.000000),0.878000 (0.878000 + 0.000000),0.878000 (0.878000 + 0.000000),0.871000 (0.871000 + 0.000000),0.879000 (0.879000 + 0.000000),0.880000 (0.880000 + 0.000000),0.857000 (0.857000 + 0.000000),0.868000 (0.868000 + 0.000000),0.887000 (0.887000 + 0.000000),0.871000 (0.871000 + 0.000000),0.882000 (0.882000 + 0.000000),0.867000 (0.867000 + 0.000000),0.868000 (0.868000 + 0.000000),0.885000 (0.885000 + 0.000000)
95,0.894000 (0.894000 + 0.000000),0.883000 (0.883000 + 0.000000),0.872000 (0.872000 + 0.000000),0.873000 (0.873000 + 0.000000),0.876000 (0.876000 + 0.000000),0.863000 (0.863000 + 0.000000),0.889000 (0.889000 + 0.000000),0.871000 (0.871000 + 0.000000),0.883000 (0.883000 + 0.000000),0.873000 (0.873000 + 0.000000),0.888000 (0.888000 + 0.000000),0.882000 (0.882000 + 0.000000),0.877000 (0.877000 + 0.000000),0.882000 (0.882000 + 0.000000),0.872000 (0.872000 + 0.000000),0.874000 (0.874000 + 0.000000),0.873000 (0.873000 + 0.000000),0.866000 (0.866000 + 0.000000),0.875000 (0.875000 + 0.000000),0.870000 (0.870000 + 0.000000),0.874000 (0.874000 + 0.000000),0.870000 (0.870000 + 0.000000),0.877000 (0.877000 + 0.000000),0.875000 (0.875000 + 0.000000),0.876000 (0.876000 + 0.000000),0.894000 (0.894000 + 0.000000),0.882000 (0.882000 + 0.000000),0.879000 (0.879000 + 0.000000),0.877000 (0.877000 + 0.000000),0.870000 (0.870000 + 0.000000),0.881000 (0.881000 + 0.000000),0.869000 (0.869000 + 0.000000),0.864000 (0.864000 + 0.000000),0.874000 (0.874000 + 0.000000),0.877000 (0.877000 + 0.000000),0.872000 (0.872000 + 0.000000),0.866000 (0.866000 + 0.000000),0.866000 (0.866000 + 0.000000),0.847000 (0.847000 + 0.000000),0.880000 (0.880000 + 0.000000),0.876000 (0.876000 + 0.000000),0.882000 (0.882000 + 0.000000),0.877000 (0.877000 + 0.000000),0.870000 (0.870000 + 0.000000),0.867000 (0.867000 + 0.000000),0.875000 (0.875000 + 0.000000),0.865000 (0.865000 + 0.000000),0.864000 (0.864000 + 0.000000),0.885000 (0.885000 + 0.000000),0.875000 (0.875000 + 0.000000),0.872000 (0.872000 + 0.000000),0.885000 (0.885000 + 0.000000),0.873000 (0.873000 + 0.000000),0.885000 (0.885000 + 0.000000),0.881000 (0.881000 + 0.000000),0.870000 (0.870000 + 0.000000),0.877000 (0.877000 + 0.000000),0.888000 (0.888000 + 0.000000),0.874000 (0.874000 + 0.000000),0.871000 (0.871000 + 0.000000),0.868000 (0.868000 + 0.000000),0.882000 (0.882000 + 0.000000),0.873000 (0.873000 + 0.000000),0.875000 (0.875000 + 0.000000),0.875000 (0.875000 + 0.000000),0.870000 (0.870000 + 0.000000),0.881000 (0.881000 + 0.000000),0.882000 (0.882000 + 0.000000),0.878000 (0.878000 + 0.000000),0.883000 (0.883000 + 0.000000),0.878000 (0.878000 + 0.000000),0.883000 (0.883000 + 0.000000),0.874000 (0.874000 + 0.000000),0.884000 (0.884000 + 0.000000),0.878000 (0.878000 + 0.000000),0.865000 (0.865000 + 0.000000),0.879000 (0.879000 + 0.000000),0.883000 (0.883000 + 0.000000),0.880000 (0.880000 + 0.000000),0.874000 (0.874000 + 0.000000),0.876000 (0.876000 + 0.000000),0.865000 (0.865000 + 0.000000),0.867000 (0.867000 + 0.000000),0.874000 (0.874000 + 0.000000),0.884000 (0.884000 + 0.000000),0.888000 (0.888000 + 0.000000),0.881000 (0.881000 + 0.000000),0.869000 (0.869000 + 0.000000),0.889000 (0.889000 + 0.000000),0.876000 (0.876000 + 0.000000)
96,0.894000 (0.894000 + 0.000000),0.873000 (0.873000 + 0.000000),0.869000 (0.869000 + 0.000000),0.879000 (0.879000 + 0.000000),0.878000 (0.878000 + 0.000000),0.878000 (0.878000 + 0.000000),0.877000 (0.877000 + 0.000000),0.873000 (0.873000 + 0.000000),0.872000 (0.872000 + 0.000000),0.884000 (0.884000 + 0.000000),0.875000 (0.875000 + 0.000000),0.880000 (0.880000 + 0.000000),0.870000 (0.870000 + 0.000000),0.880000 (0.880000 + 0.000000),0.879000 (0.879000 + 0.000000),0.881000 (0.881000 + 0.000000),0.881000 (0.881000 + 0.000000),0.866000 (0.866000 + 0.000000),0.873000 (0.873000 + 0.000000),0.877000 (0.877000 + 0.000000),0.881000 (0.881000 + 0.000000),0.880000 (0.880000 + 0.000000),0.879000 (0.879000 + 0.000000),0.879000 (0.879000 + 0.000000),0.872000 (0.872000 + 0.000000),0.881000 (0.881000 + 0.000000),0.876000 (0.876000 + 0.000000),0.894000 (0.894000 + 0.000000),0.882000 (0.882000 + 0.000000),0.888000 (0.888000 + 0.000000),0.883000 (0.883000 + 0.000000),0.875000 (0.875000 + 0.000000),0.870000 (0.870000 + 0.000000),0.878000 (0.878000 + 0.000000),0.857000 (0.857000 + 0.000000),0.886000 (0.886000 + 0.000000),0.875000 (0.875000 + 0.000000),0.881000 (0.881000 + 0.000000),0.880000 (0.880000 + 0.000000),0.869000 (0.869000 + 0.000000),0.878000 (0.878000 + 0.000000),0.888000 (0.888000 + 0.000000),0.872000 (0.872000 + 0.000000),0.883000 (0.883000 + 0.000000),0.879000 (0.879000 + 0.000000),0.879000 (0.879000 + 0.000000),0.878000 (0.878000 + 0.000000),0.883000 (0.883000 + 0.000000),0.883000 (0.883000 + 0.000000),0.881000 (0.881000 + 0.000000),0.879000 (0.879000 + 0.000000),0.883000 (0.883000 + 0.000000),0.871000 (0.871000 + 0.000000),0.863000 (0.863000 + 0.000000),0.871000 (0.871000 + 0.000000),0.864000 (0.864000 + 0.000000),0.872000 (0.872000 + 0.000000),0.866000 (0.866000 + 0.000000),0.861000 (0.861000 + 0.000000),0.883000 (0.883000 + 0.000000),0.884000 (0.884000 + 0.000000),0.872000 (0.872000 + 0.000000),0.885000 (0.885000 + 0.000000),0.871000 (0.871000 + 0.000000),0.882000 (0.882000 + 0.000000),0.885000 (0.885000 + 0.000000),0.876000 (0.876000 + 0.000000),0.848000 (0.848000 + 0.000000),0.876000 (0.876000 + 0.000000),0.881000 (0.881000 + 0.000000),0.872000 (0.872000 + 0.000000),0.882000 (0.882000 + 0.000000),0.870000 (0.870000 + 0.000000),0.873000 (0.873000 + 0.000000),0.879000 (0.879000 + 0.000000),0.872000 (0.872000 + 0.000000),0.862000 (0.862000 + 0.000000),0.869000 (0.869000 + 0.000000),0.864000 (0.864000 + 0.000000),0.880000 (0.880000 + 0.000000),0.879000 (0.879000 + 0.000000),0.882000 (0.882000 + 0.000000),0.869000 (0.869000 + 0.000000),0.865000 (0.865000 + 0.000000),0.872000 (0.872000 + 0.000000),0.875000 (0.875000 + 0.000000),0.861000 (0.861000 + 0.000000),0.877000 (0.877000 + 0.000000),0.883000 (0.883000 + 0.000000),0.869000 (0.869000 + 0.000000)
97,0.894000 (0.894000 + 0.000000),0.882000 (0.882000 + 0.000000),0.889000 (0.889000 + 0.000000),0.875000 (0.875000 + 0.000000),0.872000 (0.872000 + 0.000000),0.867000 (0.867000 + 0.000000),0.867000 (0.867000 + 0.000000),0.876000 (0.876000 + 0.000000),0.877000 (0.877000 + 0.000000),0.882000 (0.882000 + 0.000000),0.884000 (0.884000 + 0.000000),0.874000 (0.874000 + 0.000000),0.870000 (0.870000 + 0.000000),0.881000 (0.881000 + 0.000000),0.871000 (0.871000 + 0.000000),0.877000 (0.877000 + 0.000000),0.863000 (0.863000 + 0.000000),0.887000 (0.887000 + 0.000000),0.883000 (0.883000 + 0.000000),0.864000 (0.864000 + 0.000000),0.876000 (0.876000 + 0.000000),0.879000 (0.879000 + 0.000000),0.882000 (0.882000 + 0.000000),0.861000 (0.861000 + 0.000000),0.885000 (0.885000 + 0.000000),0.881000 (0.881000 + 0.000000),0.864000 (0.864000 + 0.000000),0.880000 (0.880000 + 0.000000),0.895000 (0.895000 + 0.000000),0.885000 (0.885000 + 0.000000),0.880000 (0.880000 + 0.000000),0.865000 (0.865000 + 0.000000),0.875000 (0.875000 + 0.000000),0.883000 (0.883000 + 0.000000),0.869000 (0.869000 + 0.000000),0.866000 (0.866000 + 0.000000),0.878000 (0.878000 + 0.000000),0.875000 (0.875000 + 0.000000),0.876000 (0.876000 + 0.000000),0.866000 (0.866000 + 0.000000),0.872000 (0.872000 + 0.000000),0.874000 (0.874000 + 0.000000),0.881000 (0.881000 + 0.000000),0.884000 (0.884000 + 0.000000),0.883000 (0.883000 + 0.000000),0.881000 (0.881000 + 0.000000),0.874000 (0.874000 + 0.000000),0.864000 (0.864000 + 0.000000),0.877000 (0.877000 + 0.000000),0.873000 (0.873000 + 0.000000),0.872000 (0.872000 + 0.000000),0.879000 (0.879000 + 0.000000),0.876000 (0.876000 + 0.000000),0.870000 (0.870000 + 0.000000),0.885000 (0.885000 + 0.000000),0.880000 (0.880000 + 0.000000),0.890000 (0.890000 + 0.000000),0.878000 (0.878000 + 0.000000),0.885000 (0.885000 + 0.000000),0.879000 (0.879000 + 0.000000),0.875000 (0.875000 + 0.000000),0.883000 (0.883000 + 0.000000),0.885000 (0.885000 + 0.000000),0.881000 (0.881000 + 0.000000),0.864000 (0.864000 + 0.000000),0.868000 (0.868000 + 0.000000),0.867000 (0.867000 + 0.000000),0.884000 (0.884000 + 0.000000),0.863000 (0.863000 + 0.000000),0.880000 (0.880000 + 0.000000),0.883000 (0.883000 + 0.000000),0.893000 (0.893000 + 0.000000),0.884000 (0.884000 + 0.000000),0.881000 (0.881000 + 0.000000),0.880000 (0.880000 + 0.000000),0.879000 (0.879000 + 0.000000),0.868000 (0.868000 + 0.000000),0.874000 (0.874000 + 0.000000),0.879000 (0.879000 + 0.000000),0.876000 (0.876000 + 0.000000),0.865000 (0.865000 + 0.000000),0.869000 (0.869000 + 0.000000),0.879000 (0.879000 + 0.000000),0.869000 (0.869000 + 0.000000),0.875000 (0.875000 + 0.000000),0.885000 (0.885000 + 0.000000),0.877000 (0.877000 + 0.000000),0.894000 (0.894000 + 0.000000),0.894000 (0.894000 + 0.000000),0.869000 (0.869000 + 0.000000)
98,0.895000 (0.895000 + 0.000000),0.887000 (0.887000 + 0.000000),0.875000 (0.875000 + 0.000000),0.876000 (0.876000 + 0.000000),0.878000 (0.878000 + 0.000000),0.884000 (0.884000 + 0.000000),0.881000 (0.881000 + 0.000000),0.877000 (0.877000 + 0.000000),0.878000 (0.878000 + 0.000000),0.866000 (0.866000 + 0.000000),0.878000 (0.878000 + 0.000000),0.867000 (0.867000 + 0.000000),0.885000 (0.885000 + 0.000000),0.884000 (0.884000 + 0.000000),0.877000 (0.877000 + 0.000000),0.881000 (0.881000 + 0.000000),0.883000 (0.883000 + 0.000000),0.882000 (0.882000 + 0.000000),0.885000 (0.885000 + 0.000000),0.870000 (0.870000 + 0.000000),0.880000 (0.880000 + 0.000000),0.873000 (0.873000 + 0.000000),0.883000 (0.883000 + 0.000000),0.876000 (0.876000 + 0.000000),0.873000 (0.873000 + 0.000000),0.883000 (0.883000 + 0.000000),0.862000 (0.862000 + 0.000000),0.883000 (0.883000 + 0.000000),0.876000 (0.876000 + 0.000000),0.894000 (0.894000 + 0.000000),0.882000 (0.882000 + 0.000000),0.883000 (0.883000 + 0.000000),0.870000 (0.870000 + 0.000000),0.870000 (0.870000 + 0.000000),0.871000 (0.871000 + 0.000000),0.866000 (0.866000 + 0.000000),0.885000 (0.885000 + 0.000000),0.874000 (0.874000 + 0.000000),0.877000 (0.877000 + 0.000000),0.877000 (0.877000 + 0.000000),0.856000 (0.856000 + 0.000000),0.873000 (0.873000 + 0.000000),0.872000 (0.872000 + 0.000000),0.888000 (0.888000 + 0.000000),0.859000 (0.859000 + 0.000000),0.877000 (0.877000 + 0.000000),0.873000 (0.873000 + 0.000000),0.883000 (0.883000 + 0.000000),0.884000 (0.884000 + 0.000000),0.866000 (0.866000 + 0.000000),0.871000 (0.871000 + 0.000000),0.894000 (0.894000 + 0.000000),0.894000 (0.894000 + 0.000000),0.879000 (0.879000 + 0.000000),0.878000 (0.878000 + 0.000000),0.871000 (0.871000 + 0.000000),0.880000 (0.880000 + 0.000000),0.879000 (0.879000 + 0.000000),0.885000 (0.885000 + 0.000000),0.871000 (0.871000 + 0.000000),0.874000 (0.874000 + 0.000000),0.875000 (0.875000 + 0.000000),0.873000 (0.873000 + 0.000000),0.880000 (0.880000 + 0.000000),0.877000 (0.877000 + 0.000000),0.876000 (0.876000 + 0.000000),0.877000 (0.877000 + 0.000000),0.876000 (0.876000 + 0.000000),0.878000 (0.878000 + 0.000000),0.862000 (0.862000 + 0.000000),0.875000 (0.875000 + 0.000000),0.869000 (0.869000 + 0.000000),0.877000 (0.877000 + 0.000000),0.863000 (0.863000 + 0.000000),0.866000 (0.866000 + 0.000000),0.874000 (0.874000 + 0.000000),0.871000 (0.871000 + 0.000000),0.878000 (0.878000 + 0.000000),0.859000 (0.859000 + 0.000000),0.890000 (0.890000 + 0.000000),0.866000 (0.866000 + 0.000000),0.878000 (0.878000 + 0.000000),0.881000 (0.881000 + 0.000000),0.866000 (0.866000 + 0.000000),0.886000 (0.886000 + 0.000000),0.880000 (0.880000 + 0.000000),0.885000 (0.885000 + 0.000000),0.869000 (0.869000 + 0.000000),0.886000 (0.886000 + 0.000000),0.873000 (0.873000 + 0.000000)
99,0.895000 (0.895000 + 0.000000),0.869000 (0.869000 + 0.000000),0.874000 (0.874000 + 0.000000),0.880000 (0.880000 + 0.000000),0.873000 (0.873000 + 0.000000),0.886000 (0.886000 + 0.000000),0.876000 (0.876000 + 0.000000),0.873000 (0.873000 + 0.000000),0.866000 (0.866000 + 0.000000),0.895000 (0.895000 + 0.000000),0.885000 (0.885000 + 0.000000),0.872000 (0.872000 + 0.000000),0.867000 (0.867000 + 0.000000),0.871000 (0.871000 + 0.000000),0.881000 (0.881000 + 0.000000),0.880000 (0.880000 + 0.000000),0.881000 (0.881000 + 0.000000),0.873000 (0.873000 + 0.000000),0.877000 (0.877000 + 0.000000),0.881000 (0.881000 + 0.000000),0.873000 (0.873000 + 0.000000),0.881000 (0.881000 + 0.000000),0.886000 (0.886000 + 0.000000),0.872000 (0.872000 + 0.000000),0.889000 (0.889000 + 0.000000),0.876000 (0.876000 + 0.000000),0.880000 (0.880000 + 0.000000),0.871000 (0.871000 + 0.000000),0.877000 (0.877000 + 0.000000),0.881000 (0.881000 + 0.000000),0.876000 (0.876000 + 0.000000),0.886000 (0.886000 + 0.000000),0.880000 (0.880000 + 0.000000),0.861000 (0.861000 + 0.000000),0.870000 (0.870000 + 0.000000),0.878000 (0.878000 + 0.000000),0.886000 (0.886000 + 0.000000),0.880000 (0.880000 + 0.000000),0.857000 (0.857000 + 0.000000),0.861000 (0.861000 + 0.000000),0.876000 (0.876000 + 0.000000),0.884000 (0.884000 + 0.000000),0.873000 (0.873000 + 0.000000),0.878000 (0.878000 + 0.000000),0.875000 (0.875000 + 0.000000),0.877000 (0.877000 + 0.000000),0.884000 (0.884000 + 0.000000),0.887000 (0.887000 + 0.000000),0.874000 (0.874000 + 0.000000),0.866000 (0.866000 + 0.000000),0.879000 (0.879000 + 0.000000),0.881000 (0.881000 + 0.000000),0.884000 (0.884000 + 0.000000),0.871000 (0.871000 + 0.000000),0.880000 (0.880000 + 0.000000),0.884000 (0.884000 + 0.000000),0.879000 (0.879000 + 0.000000),0.872000 (0.872000 + 0.000000),0.880000 (0.880000 + 0.000000),0.883000 (0.883000 + 0.000000),0.877000 (0.877000 + 0.000000),0.885000 (0.885000 + 0.000000),0.885000 (0.885000 + 0.000000),0.885000 (0.885000 + 0.000000),0.870000 (0.870000 + 0.000000),0.889000 (0.889000 + 0.000000),0.873000 (0.873000 + 0.000000),0.871000 (0.871000 + 0.000000),0.881000 (0.881000 + 0.000000),0.883000 (0.883000 + 0.000000),0.876000 (0.876000 + 0.000000),0.880000 (0.880000 + 0.000000),0.872000 (0.872000 + 0.000000),0.883000 (0.883000 + 0.000000),0.872000 (0.872000 + 0.000000),0.878000 (0.878000 + 0.000000),0.865000 (0.865000 + 0.000000),0.874000 (0.874000 + 0.000000),0.869000 (0.869000 + 0.000000),0.884000 (0.884000 + 0.000000),0.881000 (0.881000 + 0.000000),0.877000 (0.877000 + 0.000000),0.880000 (0.880000 + 0.000000),0.869000 (0.869000 + 0.000000),0.857000 (0.857000 + 0.000000),0.883000 (0.883000 + 0.000000),0.876000 (0.876000 + 0.000000),0.859000 (0.859000 + 0.000000),0.874000 (0.874000 + 0.000000),0.880000 (0.880000 + 0.000000)
100,0.895000 (0.895000 + 0.000000),0.872000 (0.872000 + 0.000000),0.882000 (0.882000 + 0.000000),0.882000 (0.882000 + 0.000000),0.870000 (0.870000 + 0.000000),0.883000 (0.883000 + 0.000000),0.879000 (0.879000 + 0.000000),0.887000 (0.887000 + 0.000000),0.887000 (0.887000 + 0.000000),0.882000 (0.882000 + 0.000000),0.879000 (0.879000 + 0.000000),0.865000 (0.865000 + 0.000000),0.880000 (0.880000 + 0.000000),0.879000 (0.879000 + 0.000000),0.872000 (0.872000 + 0.000000),0.884000 (0.884000 + 0.000000),0.880000 (0.880000 + 0.000000),0.875000 (0.875000 + 0.000000),0.865000 (0.865000 + 0.000000),0.887000 (0.887000 + 0.000000),0.874000 (0.874000 + 0.000000),0.879000 (0.879000 + 0.000000),0.882000 (0.882000 + 0.000000),0.878000 (0.878000 + 0.000000),0.874000 (0.874000 + 0.000000),0.871000 (0.871000 + 0.000000),0.885000 (0.885000 + 0.000000),0.888000 (0.888000 + 0.000000),0.876000 (0.876000 + 0.000000),0.886000 (0.886000 + 0.000000),0.880000 (0.880000 + 0.000000),0.872000 (0.872000 + 0.000000),0.882000 (0.882000 + 0.000000),0.879000 (0.879000 + 0.000000),0.890000 (0.890000 + 0.000000),0.890000 (0.890000 + 0.000000),0.885000 (0.885000 + 0.000000),0.877000 (0.877000 + 0.000000),0.872000 (0.872000 + 0.000000),0.886000 (0.886000 + 0.000000),0.885000 (0.885000 + 0.000000),0.881000 (0.881000 + 0.000000),0.861000 (0.861000 + 0.000000),0.866000 (0.866000 + 0.000000),0.886000 (0.886000 + 0.000000),0.877000 (0.877000 + 0.000000),0.880000 (0.880000 + 0.000000),0.885000 (0.885000 + 0.000000),0.871000 (0.871000 + 0.000000),0.884000 (0.884000 + 0.000000),0.883000 (0.883000 + 0.000000),0.886000 (0.886000 + 0.000000),0.861000 (0.861000 + 0.000000),0.885000 (0.885000 + 0.000000),0.885000 (0.885000 + 0.000000),0.885000 (0.885000 + 0.000000),0.873000 (0.873000 + 0.000000),0.864000 (0.864000 + 0.000000),0.873000 (0.873000 + 0.000000),0.886000 (0.886000 + 0.000000),0.871000 (0.871000 + 0.000000),0.878000 (0.878000 + 0.000000),0.871000 (0.871000 + 0.000000),0.862000 (0.862000 + 0.000000),0.873000 (0.873000 + 0.000000),0.863000 (0.863000 + 0.000000),0.883000 (0.883000 + 0.000000),0.877000 (0.877000 + 0.000000),0.865000 (0.865000 + 0.000000),0.875000 (0.875000 + 0.000000),0.888000 (0.888000 + 0.000000),0.877000 (0.877000 + 0.000000),0.862000 (0.862000 + 0.000000),0.873000 (0.873000 + 0.000000),0.876000 (0.876000 + 0.000000),0.879000 (0.879000 + 0.000000),0.859000 (0.859000 + 0.000000),0.887000 (0.887000 + 0.000000),0.879000 (0.879000 + 0.000000),0.878000 (0.878000 + 0.000000),0.886000 (0.886000 + 0.000000),0.877000 (0.877000 + 0.000000),0.875000 (0.875000 + 0.000000),0.873000 (0.873000 + 0.000000),0.872000 (0.872000 + 0.000000),0.886000 (0.886000 + 0.000000),0.872000 (0.872000 + 0.000000),0.881000 (0.881000 + 0.000000),0.867000 (0.867000 + 0.000000),0.880000 (0.880000 + 0.000000)
