Generation,Entry1,Entry2,Entry3,Entry4,Entry5,Entry6,Entry7,Entry8,Entry9,Entry10,Entry11,Entry12,Entry13,Entry14,Entry15,Entry16,Entry17,Entry18,Entry19,Entry20,Entry21,Entry22,Entry23,Entry24,Entry25,Entry26,Entry27,Entry28,Entry29,Entry30,Entry31,Entry32,Entry33,Entry34,Entry35,Entry36,Entry37,Entry38,Entry39,Entry40,Entry41,Entry42,Entry43,Entry44,Entry45,Entry46,Entry47,Entry48,Entry49,Entry50,Entry51,Entry52,Entry53,Entry54,Entry55,Entry56,Entry57,Entry58,Entry59,Entry60
1,0.810000 (0.810000 + 0.000000),0.814000 (0.814000 + 0.000000),0.814000 (0.814000 + 0.000000),0.813000 (0.813000 + 0.000000),0.822000 (0.822000 + 0.000000),0.803000 (0.803000 + 0.000000),0.801000 (0.801000 + 0.000000),0.810000 (0.810000 + 0.000000),0.807000 (0.807000 + 0.000000),0.819000 (0.819000 + 0.000000),0.815000 (0.815000 + 0.000000),0.820000 (0.820000 + 0.000000),0.805000 (0.805000 + 0.000000),0.823000 (0.823000 + 0.000000),0.807000 (0.807000 + 0.000000),0.811000 (0.811000 + 0.000000),0.796000 (0.796000 + 0.000000),0.809000 (0.809000 + 0.000000),0.825000 (0.825000 + 0.000000),0.824000 (0.824000 + 0.000000),0.808000 (0.808000 + 0.000000),0.806000 (0.806000 + 0.000000),0.829000 (0.829000 + 0.000000),0.797000 (0.797000 + 0.000000),0.812000 (0.812000 + 0.000000),0.810000 (0.810000 + 0.000000),0.825000 (0.825000 + 0.000000),0.821000 (0.821000 + 0.000000),0.817000 (0.817000 + 0.000000),0.830000 (0.830000 + 0.000000),0.813000 (0.813000 + 0.000000),0.811000 (0.811000 + 0.000000),0.819000 (0.819000 + 0.000000),0.805000 (0.805000 + 0.000000),0.818000 (0.818000 + 0.000000),0.814000 (0.814000 + 0.000000),0.813000 (0.813000 + 0.000000),0.821000 (0.821000 + 0.000000),0.822000 (0.822000 + 0.000000),0.822000 (0.822000 + 0.000000),0.826000 (0.826000 + 0.000000),0.818000 (0.818000 + 0.000000),0.810000 (0.810000 + 0.000000),0.795000 (0.795000 + 0.000000),0.813000 (0.813000 + 0.000000),0.812000 (0.812000 + 0.000000),0.833000 (0.833000 + 0.000000),0.801000 (0.801000 + 0.000000),0.832000 (0.832000 + 0.000000),0.807000 (0.807000 + 0.000000),0.801000 (0.801000 + 0.000000),0.809000 (0.809000 + 0.000000),0.807000 (0.807000 + 0.000000),0.806000 (0.806000 + 0.000000),0.804000 (0.804000 + 0.000000),0.819000 (0.819000 + 0.000000),0.802000 (0.802000 + 0.000000),0.829000 (0.829000 + 0.000000),0.816000 (0.816000 + 0.000000),0.823000 (0.823000 + 0.000000)
2,0.810000 (0.810000 + 0.000000),0.814000 (0.814000 + 0.000000),0.814000 (0.814000 + 0.000000),0.813000 (0.813000 + 0.000000),0.822000 (0.822000 + 0.000000),0.803000 (0.803000 + 0.000000),0.801000 (0.801000 + 0.000000),0.810000 (0.810000 + 0.000000),0.807000 (0.807000 + 0.000000),0.819000 (0.819000 + 0.000000),0.815000 (0.815000 + 0.000000),0.820000 (0.820000 + 0.000000),0.805000 (0.805000 + 0.000000),0.823000 (0.823000 + 0.000000),0.807000 (0.807000 + 0.000000),0.811000 (0.811000 + 0.000000),0.796000 (0.796000 + 0.000000),0.809000 (0.809000 + 0.000000),0.825000 (0.825000 + 0.000000),0.824000 (0.824000 + 0.000000),0.808000 (0.808000 + 0.000000),0.806000 (0.806000 + 0.000000),0.829000 (0.829000 + 0.000000),0.797000 (0.797000 + 0.000000),0.812000 (0.812000 + 0.000000),0.810000 (0.810000 + 0.000000),0.825000 (0.825000 + 0.000000),0.821000 (0.821000 + 0.000000),0.817000 (0.817000 + 0.000000),0.830000 (0.830000 + 0.000000),0.813000 (0.813000 + 0.000000),0.811000 (0.811000 + 0.000000),0.819000 (0.819000 + 0.000000),0.805000 (0.805000 + 0.000000),0.818000 (0.818000 + 0.000000),0.814000 (0.814000 + 0.000000),0.813000 (0.813000 + 0.000000),0.821000 (0.821000 + 0.000000),0.822000 (0.822000 + 0.000000),0.822000 (0.822000 + 0.000000),0.826000 (0.826000 + 0.000000),0.818000 (0.818000 + 0.000000),0.810000 (0.810000 + 0.000000),0.795000 (0.795000 + 0.000000),0.813000 (0.813000 + 0.000000),0.812000 (0.812000 + 0.000000),0.833000 (0.833000 + 0.000000),0.801000 (0.801000 + 0.000000),0.832000 (0.832000 + 0.000000),0.807000 (0.807000 + 0.000000),0.801000 (0.801000 + 0.000000),0.809000 (0.809000 + 0.000000),0.807000 (0.807000 + 0.000000),0.806000 (0.806000 + 0.000000),0.804000 (0.804000 + 0.000000),0.819000 (0.819000 + 0.000000),0.802000 (0.802000 + 0.000000),0.829000 (0.829000 + 0.000000),0.816000 (0.816000 + 0.000000),0.823000 (0.823000 + 0.000000)
3,0.833000 (0.833000 + 0.000000),0.826000 (0.826000 + 0.000000),0.832000 (0.832000 + 0.000000),0.832000 (0.832000 + 0.000000),0.818000 (0.818000 + 0.000000),0.812000 (0.812000 + 0.000000),0.807000 (0.807000 + 0.000000),0.834000 (0.834000 + 0.000000),0.808000 (0.808000 + 0.000000),0.813000 (0.813000 + 0.000000),0.814000 (0.814000 + 0.000000),0.834000 (0.834000 + 0.000000),0.822000 (0.822000 + 0.000000),0.808000 (0.808000 + 0.000000),0.821000 (0.821000 + 0.000000),0.819000 (0.819000 + 0.000000),0.817000 (0.817000 + 0.000000),0.820000 (0.820000 + 0.000000),0.829000 (0.829000 + 0.000000),0.836000 (0.836000 + 0.000000),0.837000 (0.837000 + 0.000000),0.822000 (0.822000 + 0.000000),0.824000 (0.824000 + 0.000000),0.821000 (0.821000 + 0.000000),0.815000 (0.815000 + 0.000000),0.815000 (0.815000 + 0.000000),0.815000 (0.815000 + 0.000000),0.840000 (0.840000 + 0.000000),0.823000 (0.823000 + 0.000000),0.810000 (0.810000 + 0.000000),0.809000 (0.809000 + 0.000000),0.821000 (0.821000 + 0.000000),0.809000 (0.809000 + 0.000000),0.819000 (0.819000 + 0.000000),0.825000 (0.825000 + 0.000000),0.808000 (0.808000 + 0.000000),0.817000 (0.817000 + 0.000000),0.828000 (0.828000 + 0.000000),0.814000 (0.814000 + 0.000000),0.819000 (0.819000 + 0.000000),0.818000 (0.818000 + 0.000000),0.824000 (0.824000 + 0.000000),0.828000 (0.828000 + 0.000000),0.825000 (0.825000 + 0.000000),0.811000 (0.811000 + 0.000000),0.821000 (0.821000 + 0.000000),0.824000 (0.824000 + 0.000000),0.820000 (0.820000 + 0.000000),0.818000 (0.818000 + 0.000000),0.815000 (0.815000 + 0.000000),0.820000 (0.820000 + 0.000000),0.808000 (0.808000 + 0.000000),0.832000 (0.832000 + 0.366667),0.819000 (0.819000 + 0.455556),0.805000 (0.805000 + 0.544444),0.837000 (0.837000 + 0.527778),0.817000 (0.817000 + 0.411111),0.833000 (0.833000 + 0.561111),0.833000 (0.833000 + 0.461111),0.822000 (0.822000 + 0.461988)
4,0.840000 (0.840000 + 0.000000),0.809000 (0.809000 + 0.000000),0.814000 (0.814000 + 0.000000),0.815000 (0.815000 + 0.000000),0.815000 (0.815000 + 0.000000),0.809000 (0.809000 + 0.000000),0.814000 (0.814000 + 0.000000),0.829000 (0.829000 + 0.000000),0.821000 (0.821000 + 0.000000),0.802000 (0.802000 + 0.000000),0.815000 (0.815000 + 0.000000),0.829000 (0.829000 + 0.000000),0.828000 (0.828000 + 0.000000),0.843000 (0.843000 + 0.000000),0.805000 (0.805000 + 0.000000),0.825000 (0.825000 + 0.000000),0.833000 (0.833000 + 0.000000),0.822000 (0.822000 + 0.000000),0.834000 (0.834000 + 0.000000),0.808000 (0.808000 + 0.000000),0.833000 (0.833000 + 0.000000),0.827000 (0.827000 + 0.000000),0.837000 (0.837000 + 0.000000),0.825000 (0.825000 + 0.000000),0.818000 (0.818000 + 0.000000),0.821000 (0.821000 + 0.000000),0.828000 (0.828000 + 0.000000),0.815000 (0.815000 + 0.000000),0.833000 (0.833000 + 0.000000),0.833000 (0.833000 + 0.000000),0.825000 (0.825000 + 0.000000),0.812000 (0.812000 + 0.000000),0.816000 (0.816000 + 0.000000),0.834000 (0.834000 + 0.000000),0.821000 (0.821000 + 0.000000),0.810000 (0.810000 + 0.000000),0.824000 (0.824000 + 0.000000),0.829000 (0.829000 + 0.000000),0.817000 (0.817000 + 0.000000),0.833000 (0.833000 + 0.000000),0.834000 (0.834000 + 0.000000),0.809000 (0.809000 + 0.000000),0.827000 (0.827000 + 0.000000),0.826000 (0.826000 + 0.000000),0.848000 (0.848000 + 0.000000),0.827000 (0.827000 + 0.000000),0.822000 (0.822000 + 0.000000),0.837000 (0.837000 + 0.000000),0.810000 (0.810000 + 0.000000),0.809000 (0.809000 + 0.000000),0.820000 (0.820000 + 0.000000),0.814000 (0.814000 + 0.000000),0.822000 (0.822000 + 0.000000),0.811000 (0.811000 + 0.000000),0.829000 (0.829000 + 0.000000),0.827000 (0.827000 + 0.000000),0.830000 (0.830000 + 0.622222),0.827000 (0.827000 + 0.000000),0.818000 (0.818000 + 0.450000),0.826000 (0.826000 + 0.522222)
5,0.848000 (0.848000 + 0.000000),0.826000 (0.826000 + 0.000000),0.835000 (0.835000 + 0.000000),0.832000 (0.832000 + 0.000000),0.834000 (0.834000 + 0.000000),0.807000 (0.807000 + 0.000000),0.824000 (0.824000 + 0.000000),0.833000 (0.833000 + 0.000000),0.814000 (0.814000 + 0.508772),0.838000 (0.838000 + 0.292398),0.812000 (0.812000 + 0.555556),0.840000 (0.840000 + 0.508772),0.831000 (0.831000 + 0.533333),0.833000 (0.833000 + 0.400000),0.838000 (0.838000 + 0.372222),0.834000 (0.834000 + 0.505556),0.809000 (0.809000 + 0.400000),0.811000 (0.811000 + 0.416667),0.823000 (0.823000 + 0.533333),0.836000 (0.836000 + 0.497076),0.836000 (0.836000 + 0.611111),0.820000 (0.820000 + 0.400000),0.823000 (0.823000 + 0.339181),0.819000 (0.819000 + 0.394444),0.827000 (0.827000 + 0.000000),0.828000 (0.828000 + 0.000000),0.821000 (0.821000 + 0.000000),0.815000 (0.815000 + 0.000000),0.817000 (0.817000 + 0.000000),0.821000 (0.821000 + 0.000000),0.825000 (0.825000 + 0.000000),0.825000 (0.825000 + 0.000000),0.824000 (0.824000 + 0.000000),0.817000 (0.817000 + 0.000000),0.822000 (0.822000 + 0.000000),0.828000 (0.828000 + 0.000000),0.837000 (0.837000 + 0.000000),0.821000 (0.821000 + 0.000000),0.817000 (0.817000 + 0.000000),0.820000 (0.820000 + 0.000000),0.832000 (0.832000 + 0.000000),0.828000 (0.828000 + 0.000000),0.830000 (0.830000 + 0.000000),0.821000 (0.821000 + 0.000000),0.816000 (0.816000 + 0.000000),0.822000 (0.822000 + 0.000000),0.833000 (0.833000 + 0.000000),0.809000 (0.809000 + 0.000000),0.820000 (0.820000 + 0.000000),0.816000 (0.816000 + 0.000000),0.827000 (0.827000 + 0.000000),0.821000 (0.821000 + 0.000000),0.836000 (0.836000 + 0.000000),0.826000 (0.826000 + 0.000000),0.818000 (0.818000 + 0.000000),0.833000 (0.833000 + 0.000000),0.825000 (0.825000 + 0.000000),0.836000 (0.836000 + 0.000000),0.831000 (0.831000 + 0.000000),0.834000 (0.834000 + 0.000000)
6,0.848000 (0.848000 + 0.000000),0.833000 (0.833000 + 0.000000),0.837000 (0.837000 + 0.000000),0.837000 (0.837000 + 0.000000),0.819000 (0.819000 + 0.000000),0.834000 (0.834000 + 0.000000),0.824000 (0.824000 + 0.000000),0.826000 (0.826000 + 0.000000),0.818000 (0.818000 + 0.000000),0.828000 (0.828000 + 0.000000),0.820000 (0.820000 + 0.000000),0.805000 (0.805000 + 0.000000),0.831000 (0.831000 + 0.000000),0.834000 (0.834000 + 0.000000),0.830000 (0.830000 + 0.000000),0.834000 (0.834000 + 0.000000),0.832000 (0.832000 + 0.000000),0.824000 (0.824000 + 0.000000),0.829000 (0.829000 + 0.000000),0.810000 (0.810000 + 0.000000),0.839000 (0.839000 + 0.000000),0.820000 (0.820000 + 0.000000),0.818000 (0.818000 + 0.000000),0.826000 (0.826000 + 0.000000),0.826000 (0.826000 + 0.000000),0.838000 (0.838000 + 0.000000),0.838000 (0.838000 + 0.000000),0.815000 (0.815000 + 0.000000),0.813000 (0.813000 + 0.000000),0.826000 (0.826000 + 0.000000),0.826000 (0.826000 + 0.000000),0.835000 (0.835000 + 0.000000),0.836000 (0.836000 + 0.000000),0.835000 (0.835000 + 0.000000),0.848000 (0.848000 + 0.000000),0.835000 (0.835000 + 0.000000),0.835000 (0.835000 + 0.000000),0.832000 (0.832000 + 0.000000),0.825000 (0.825000 + 0.000000),0.826000 (0.826000 + 0.000000),0.815000 (0.815000 + 0.000000),0.816000 (0.816000 + 0.000000),0.832000 (0.832000 + 0.000000),0.825000 (0.825000 + 0.000000),0.816000 (0.816000 + 0.000000),0.828000 (0.828000 + 0.000000),0.819000 (0.819000 + 0.000000),0.815000 (0.815000 + 0.000000),0.821000 (0.821000 + 0.000000),0.830000 (0.830000 + 0.000000),0.821000 (0.821000 + 0.000000),0.829000 (0.829000 + 0.000000),0.820000 (0.820000 + 0.000000),0.838000 (0.838000 + 0.000000),0.836000 (0.836000 + 0.000000),0.835000 (0.835000 + 0.000000),0.830000 (0.830000 + 0.000000),0.842000 (0.842000 + 0.000000),0.814000 (0.814000 + 0.000000),0.829000 (0.829000 + 0.000000)
7,0.848000 (0.848000 + 0.000000),0.837000 (0.837000 + 0.000000),0.835000 (0.835000 + 0.000000),0.828000 (0.828000 + 0.000000),0.830000 (0.830000 + 0.000000),0.830000 (0.830000 + 0.000000),0.848000 (0.848000 + 0.000000),0.827000 (0.827000 + 0.000000),0.840000 (0.840000 + 0.000000),0.815000 (0.815000 + 0.000000),0.831000 (0.831000 + 0.000000),0.825000 (0.825000 + 0.000000),0.827000 (0.827000 + 0.000000),0.824000 (0.824000 + 0.555556),0.839000 (0.839000 + 0.400000),0.835000 (0.835000 + 0.508772),0.825000 (0.825000 + 0.611111),0.830000 (0.830000 + 0.533333),0.818000 (0.818000 + 0.400000),0.837000 (0.837000 + 0.400000),0.830000 (0.830000 + 0.292398),0.838000 (0.838000 + 0.339181),0.819000 (0.819000 + 0.505556),0.833000 (0.833000 + 0.416667),0.835000 (0.835000 + 0.394444),0.824000 (0.824000 + 0.533333),0.838000 (0.838000 + 0.508772),0.808000 (0.808000 + 0.497076),0.827000 (0.827000 + 0.372222),0.829000 (0.829000 + 0.000000),0.835000 (0.835000 + 0.000000),0.829000 (0.829000 + 0.000000),0.826000 (0.826000 + 0.000000),0.820000 (0.820000 + 0.000000),0.836000 (0.836000 + 0.000000),0.834000 (0.834000 + 0.000000),0.838000 (0.838000 + 0.000000),0.834000 (0.834000 + 0.000000),0.823000 (0.823000 + 0.000000),0.835000 (0.835000 + 0.000000),0.827000 (0.827000 + 0.000000),0.826000 (0.826000 + 0.000000),0.831000 (0.831000 + 0.000000),0.835000 (0.835000 + 0.000000),0.832000 (0.832000 + 0.000000),0.831000 (0.831000 + 0.000000),0.820000 (0.820000 + 0.000000),0.820000 (0.820000 + 0.000000),0.844000 (0.844000 + 0.000000),0.841000 (0.841000 + 0.000000),0.828000 (0.828000 + 0.000000),0.840000 (0.840000 + 0.000000),0.853000 (0.853000 + 0.000000),0.822000 (0.822000 + 0.000000),0.824000 (0.824000 + 0.000000),0.834000 (0.834000 + 0.000000),0.825000 (0.825000 + 0.000000),0.818000 (0.818000 + 0.000000),0.812000 (0.812000 + 0.000000),0.838000 (0.838000 + 0.000000)
8,0.853000 (0.853000 + 0.000000),0.827000 (0.827000 + 0.000000),0.832000 (0.832000 + 0.000000),0.821000 (0.821000 + 0.000000),0.831000 (0.831000 + 0.000000),0.839000 (0.839000 + 0.000000),0.821000 (0.821000 + 0.000000),0.833000 (0.833000 + 0.000000),0.821000 (0.821000 + 0.000000),0.816000 (0.816000 + 0.000000),0.821000 (0.821000 + 0.000000),0.823000 (0.823000 + 0.000000),0.836000 (0.836000 + 0.000000),0.842000 (0.842000 + 0.000000),0.833000 (0.833000 + 0.000000),0.831000 (0.831000 + 0.000000),0.836000 (0.836000 + 0.000000),0.826000 (0.826000 + 0.000000),0.831000 (0.831000 + 0.000000),0.818000 (0.818000 + 0.000000),0.833000 (0.833000 + 0.000000),0.826000 (0.826000 + 0.000000),0.838000 (0.838000 + 0.000000),0.828000 (0.828000 + 0.000000),0.831000 (0.831000 + 0.000000),0.820000 (0.820000 + 0.000000),0.820000 (0.820000 + 0.000000),0.837000 (0.837000 + 0.000000),0.828000 (0.828000 + 0.000000),0.825000 (0.825000 + 0.000000),0.827000 (0.827000 + 0.000000),0.832000 (0.832000 + 0.000000),0.807000 (0.807000 + 0.000000),0.820000 (0.820000 + 0.000000),0.831000 (0.831000 + 0.000000),0.853000 (0.853000 + 0.000000),0.831000 (0.831000 + 0.000000),0.826000 (0.826000 + 0.000000),0.837000 (0.837000 + 0.000000),0.824000 (0.824000 + 0.000000),0.838000 (0.838000 + 0.000000),0.831000 (0.831000 + 0.000000),0.839000 (0.839000 + 0.000000),0.837000 (0.837000 + 0.000000),0.830000 (0.830000 + 0.000000),0.833000 (0.833000 + 0.000000),0.843000 (0.843000 + 0.000000),0.841000 (0.841000 + 0.000000),0.830000 (0.830000 + 0.000000),0.831000 (0.831000 + 0.000000),0.833000 (0.833000 + 0.000000),0.825000 (0.825000 + 0.000000),0.830000 (0.830000 + 0.000000),0.823000 (0.823000 + 0.000000),0.819000 (0.819000 + 0.000000),0.837000 (0.837000 + 0.000000),0.835000 (0.835000 + 0.000000),0.838000 (0.838000 + 0.000000),0.807000 (0.807000 + 0.000000),0.820000 (0.820000 + 0.000000)
9,0.853000 (0.853000 + 0.000000),0.853000 (0.853000 + 0.000000),0.830000 (0.830000 + 0.000000),0.838000 (0.838000 + 0.000000),0.844000 (0.844000 + 0.000000),0.834000 (0.834000 + 0.000000),0.836000 (0.836000 + 0.000000),0.831000 (0.831000 + 0.000000),0.834000 (0.834000 + 0.000000),0.830000 (0.830000 + 0.000000),0.820000 (0.820000 + 0.000000),0.827000 (0.827000 + 0.000000),0.832000 (0.832000 + 0.000000),0.838000 (0.838000 + 0.000000),0.836000 (0.836000 + 0.000000),0.838000 (0.838000 + 0.000000),0.853000 (0.853000 + 0.000000),0.826000 (0.826000 + 0.339181),0.823000 (0.823000 + 0.000000),0.830000 (0.830000 + 0.400000),0.838000 (0.838000 + 0.416667),0.833000 (0.833000 + 0.497076),0.832000 (0.832000 + 0.508772),0.832000 (0.832000 + 0.000000),0.826000 (0.826000 + 0.394444),0.824000 (0.824000 + 0.372222),0.849000 (0.849000 + 0.000000),0.831000 (0.831000 + 0.508772),0.829000 (0.829000 + 0.400000),0.830000 (0.830000 + 0.000000),0.830000 (0.830000 + 0.400000),0.820000 (0.820000 + 0.555556),0.814000 (0.814000 + 0.611111),0.827000 (0.827000 + 0.292398),0.836000 (0.836000 + 0.533333),0.821000 (0.821000 + 0.533333),0.828000 (0.828000 + 0.505556),0.833000 (0.833000 + 0.000000),0.836000 (0.836000 + 0.000000),0.825000 (0.825000 + 0.000000),0.838000 (0.838000 + 0.000000),0.834000 (0.834000 + 0.000000),0.841000 (0.841000 + 0.000000),0.830000 (0.830000 + 0.000000),0.843000 (0.843000 + 0.000000),0.830000 (0.830000 + 0.000000),0.829000 (0.829000 + 0.000000),0.814000 (0.814000 + 0.000000),0.820000 (0.820000 + 0.000000),0.833000 (0.833000 + 0.000000),0.829000 (0.829000 + 0.000000),0.830000 (0.830000 + 0.000000),0.830000 (0.830000 + 0.000000),0.839000 (0.839000 + 0.000000),0.821000 (0.821000 + 0.000000),0.840000 (0.840000 + 0.000000),0.840000 (0.840000 + 0.000000),0.839000 (0.839000 + 0.000000),0.833000 (0.833000 + 0.000000),0.833000 (0.833000 + 0.000000)
10,0.853000 (0.853000 + 0.000000),0.837000 (0.837000 + 0.000000),0.832000 (0.832000 + 0.000000),0.833000 (0.833000 + 0.000000),0.833000 (0.833000 + 0.000000),0.827000 (0.827000 + 0.000000),0.843000 (0.843000 + 0.000000),0.826000 (0.826000 + 0.000000),0.838000 (0.838000 + 0.000000),0.838000 (0.838000 + 0.000000),0.831000 (0.831000 + 0.000000),0.833000 (0.833000 + 0.000000),0.837000 (0.837000 + 0.000000),0.827000 (0.827000 + 0.000000),0.832000 (0.832000 + 0.000000),0.837000 (0.837000 + 0.000000),0.827000 (0.827000 + 0.000000),0.832000 (0.832000 + 0.000000),0.836000 (0.836000 + 0.000000),0.820000 (0.820000 + 0.000000),0.828000 (0.828000 + 0.000000),0.833000 (0.833000 + 0.000000),0.831000 (0.831000 + 0.000000),0.831000 (0.831000 + 0.000000),0.830000 (0.830000 + 0.000000),0.830000 (0.830000 + 0.000000),0.822000 (0.822000 + 0.000000),0.837000 (0.837000 + 0.000000),0.834000 (0.834000 + 0.000000),0.850000 (0.850000 + 0.000000),0.826000 (0.826000 + 0.000000),0.829000 (0.829000 + 0.000000),0.824000 (0.824000 + 0.000000),0.826000 (0.826000 + 0.000000),0.844000 (0.844000 + 0.000000),0.841000 (0.841000 + 0.000000),0.821000 (0.821000 + 0.000000),0.839000 (0.839000 + 0.000000),0.855000 (0.855000 + 0.000000),0.849000 (0.849000 + 0.000000),0.838000 (0.838000 + 0.000000),0.826000 (0.826000 + 0.000000),0.844000 (0.844000 + 0.000000),0.836000 (0.836000 + 0.000000),0.834000 (0.834000 + 0.000000),0.827000 (0.827000 + 0.000000),0.834000 (0.834000 + 0.000000),0.835000 (0.835000 + 0.000000),0.827000 (0.827000 + 0.000000),0.831000 (0.831000 + 0.000000),0.833000 (0.833000 + 0.000000),0.853000 (0.853000 + 0.000000),0.833000 (0.833000 + 0.000000),0.841000 (0.841000 + 0.000000),0.826000 (0.826000 + 0.000000),0.849000 (0.849000 + 0.000000),0.844000 (0.844000 + 0.000000),0.838000 (0.838000 + 0.000000),0.832000 (0.832000 + 0.000000),0.831000 (0.831000 + 0.000000)
11,0.855000 (0.855000 + 0.000000),0.827000 (0.827000 + 0.000000),0.834000 (0.834000 + 0.000000),0.828000 (0.828000 + 0.000000),0.844000 (0.844000 + 0.000000),0.840000 (0.840000 + 0.000000),0.830000 (0.830000 + 0.000000),0.826000 (0.826000 + 0.000000),0.846000 (0.846000 + 0.000000),0.837000 (0.837000 + 0.000000),0.840000 (0.840000 + 0.000000),0.838000 (0.838000 + 0.000000),0.828000 (0.828000 + 0.000000),0.826000 (0.826000 + 0.505556),0.831000 (0.831000 + 0.416667),0.843000 (0.843000 + 0.400000),0.838000 (0.838000 + 0.372222),0.839000 (0.839000 + 0.292398),0.819000 (0.819000 + 0.000000),0.837000 (0.837000 + 0.533333),0.844000 (0.844000 + 0.497076),0.827000 (0.827000 + 0.533333),0.837000 (0.837000 + 0.508772),0.857000 (0.857000 + 0.000000),0.821000 (0.821000 + 0.339181),0.840000 (0.840000 + 0.394444),0.848000 (0.848000 + 0.000000),0.834000 (0.834000 + 0.400000),0.832000 (0.832000 + 0.400000),0.824000 (0.824000 + 0.555556),0.850000 (0.850000 + 0.000000),0.844000 (0.844000 + 0.508772),0.830000 (0.830000 + 0.611111),0.842000 (0.842000 + 0.000000),0.832000 (0.832000 + 0.000000),0.844000 (0.844000 + 0.000000),0.813000 (0.813000 + 0.000000),0.832000 (0.832000 + 0.000000),0.834000 (0.834000 + 0.000000),0.839000 (0.839000 + 0.000000),0.843000 (0.843000 + 0.000000),0.846000 (0.846000 + 0.000000),0.841000 (0.841000 + 0.000000),0.853000 (0.853000 + 0.000000),0.827000 (0.827000 + 0.000000),0.837000 (0.837000 + 0.000000),0.830000 (0.830000 + 0.000000),0.829000 (0.829000 + 0.000000),0.849000 (0.849000 + 0.000000),0.827000 (0.827000 + 0.000000),0.836000 (0.836000 + 0.000000),0.835000 (0.835000 + 0.000000),0.820000 (0.820000 + 0.000000),0.845000 (0.845000 + 0.000000),0.822000 (0.822000 + 0.000000),0.849000 (0.849000 + 0.000000),0.834000 (0.834000 + 0.000000),0.821000 (0.821000 + 0.000000),0.833000 (0.833000 + 0.000000),0.830000 (0.830000 + 0.000000)
12,0.857000 (0.857000 + 0.000000),0.834000 (0.834000 + 0.000000),0.843000 (0.843000 + 0.000000),0.848000 (0.848000 + 0.000000),0.843000 (0.843000 + 0.000000),0.841000 (0.841000 + 0.000000),0.837000 (0.837000 + 0.000000),0.855000 (0.855000 + 0.000000),0.816000 (0.816000 + 0.000000),0.843000 (0.843000 + 0.000000),0.835000 (0.835000 + 0.000000),0.845000 (0.845000 + 0.000000),0.828000 (0.828000 + 0.000000),0.826000 (0.826000 + 0.000000),0.841000 (0.841000 + 0.000000),0.818000 (0.818000 + 0.000000),0.838000 (0.838000 + 0.000000),0.833000 (0.833000 + 0.000000),0.833000 (0.833000 + 0.000000),0.844000 (0.844000 + 0.000000),0.841000 (0.841000 + 0.000000),0.843000 (0.843000 + 0.000000),0.837000 (0.837000 + 0.000000),0.839000 (0.839000 + 0.000000),0.822000 (0.822000 + 0.000000),0.841000 (0.841000 + 0.000000),0.829000 (0.829000 + 0.000000),0.844000 (0.844000 + 0.000000),0.828000 (0.828000 + 0.000000),0.829000 (0.829000 + 0.000000),0.834000 (0.834000 + 0.000000),0.846000 (0.846000 + 0.000000),0.844000 (0.844000 + 0.000000),0.834000 (0.834000 + 0.000000),0.835000 (0.835000 + 0.000000),0.834000 (0.834000 + 0.000000),0.832000 (0.832000 + 0.000000),0.832000 (0.832000 + 0.000000),0.826000 (0.826000 + 0.000000),0.829000 (0.829000 + 0.000000),0.856000 (0.856000 + 0.000000),0.842000 (0.842000 + 0.000000),0.825000 (0.825000 + 0.000000),0.831000 (0.831000 + 0.000000),0.839000 (0.839000 + 0.000000),0.830000 (0.830000 + 0.000000),0.831000 (0.831000 + 0.000000),0.841000 (0.841000 + 0.000000),0.837000 (0.837000 + 0.000000),0.825000 (0.825000 + 0.000000),0.841000 (0.841000 + 0.000000),0.850000 (0.850000 + 0.000000),0.849000 (0.849000 + 0.000000),0.834000 (0.834000 + 0.000000),0.844000 (0.844000 + 0.000000),0.846000 (0.846000 + 0.000000),0.857000 (0.857000 + 0.000000),0.826000 (0.826000 + 0.000000),0.850000 (0.850000 + 0.000000),0.847000 (0.847000 + 0.000000)
13,0.857000 (0.857000 + 0.000000),0.837000 (0.837000 + 0.000000),0.829000 (0.829000 + 0.000000),0.839000 (0.839000 + 0.000000),0.842000 (0.842000 + 0.000000),0.841000 (0.841000 + 0.000000),0.836000 (0.836000 + 0.000000),0.845000 (0.845000 + 0.000000),0.843000 (0.843000 + 0.000000),0.840000 (0.840000 + 0.000000),0.842000 (0.842000 + 0.000000),0.845000 (0.845000 + 0.000000),0.847000 (0.847000 + 0.000000),0.839000 (0.839000 + 0.000000),0.835000 (0.835000 + 0.000000),0.838000 (0.838000 + 0.000000),0.833000 (0.833000 + 0.000000),0.847000 (0.847000 + 0.000000),0.834000 (0.834000 + 0.000000),0.834000 (0.834000 + 0.000000),0.833000 (0.833000 + 0.000000),0.842000 (0.842000 + 0.000000),0.845000 (0.845000 + 0.000000),0.833000 (0.833000 + 0.000000),0.856000 (0.856000 + 0.000000),0.841000 (0.841000 + 0.497076),0.833000 (0.833000 + 0.292398),0.844000 (0.844000 + 0.533333),0.832000 (0.832000 + 0.000000),0.840000 (0.840000 + 0.533333),0.845000 (0.845000 + 0.339181),0.844000 (0.844000 + 0.505556),0.841000 (0.841000 + 0.000000),0.832000 (0.832000 + 0.611111),0.841000 (0.841000 + 0.400000),0.838000 (0.838000 + 0.400000),0.832000 (0.832000 + 0.000000),0.824000 (0.824000 + 0.508772),0.852000 (0.852000 + 0.400000),0.829000 (0.829000 + 0.394444),0.832000 (0.832000 + 0.000000),0.846000 (0.846000 + 0.416667),0.831000 (0.831000 + 0.508772),0.840000 (0.840000 + 0.555556),0.833000 (0.833000 + 0.372222),0.843000 (0.843000 + 0.000000),0.841000 (0.841000 + 0.000000),0.857000 (0.857000 + 0.000000),0.846000 (0.846000 + 0.000000),0.826000 (0.826000 + 0.000000),0.850000 (0.850000 + 0.000000),0.855000 (0.855000 + 0.000000),0.843000 (0.843000 + 0.000000),0.843000 (0.843000 + 0.000000),0.846000 (0.846000 + 0.000000),0.848000 (0.848000 + 0.000000),0.833000 (0.833000 + 0.000000),0.836000 (0.836000 + 0.000000),0.839000 (0.839000 + 0.000000),0.835000 (0.835000 + 0.000000)
14,0.857000 (0.857000 + 0.000000),0.857000 (0.857000 + 0.000000),0.857000 (0.857000 + 0.000000),0.843000 (0.843000 + 0.000000),0.851000 (0.851000 + 0.000000),0.845000 (0.845000 + 0.000000),0.850000 (0.850000 + 0.000000),0.845000 (0.845000 + 0.000000),0.845000 (0.845000 + 0.000000),0.840000 (0.840000 + 0.000000),0.840000 (0.840000 + 0.000000),0.836000 (0.836000 + 0.000000),0.846000 (0.846000 + 0.000000),0.839000 (0.839000 + 0.000000),0.845000 (0.845000 + 0.000000),0.855000 (0.855000 + 0.000000),0.837000 (0.837000 + 0.000000),0.841000 (0.841000 + 0.000000),0.855000 (0.855000 + 0.000000),0.826000 (0.826000 + 0.000000),0.835000 (0.835000 + 0.000000),0.857000 (0.857000 + 0.000000),0.824000 (0.824000 + 0.000000),0.844000 (0.844000 + 0.000000),0.839000 (0.839000 + 0.000000),0.840000 (0.840000 + 0.000000),0.840000 (0.840000 + 0.000000),0.837000 (0.837000 + 0.000000),0.850000 (0.850000 + 0.000000),0.830000 (0.830000 + 0.000000),0.841000 (0.841000 + 0.000000),0.844000 (0.844000 + 0.000000),0.835000 (0.835000 + 0.000000),0.846000 (0.846000 + 0.000000),0.850000 (0.850000 + 0.000000),0.848000 (0.848000 + 0.000000),0.837000 (0.837000 + 0.000000),0.843000 (0.843000 + 0.000000),0.849000 (0.849000 + 0.000000),0.844000 (0.844000 + 0.000000),0.829000 (0.829000 + 0.000000),0.836000 (0.836000 + 0.000000),0.849000 (0.849000 + 0.000000),0.844000 (0.844000 + 0.000000),0.835000 (0.835000 + 0.000000),0.844000 (0.844000 + 0.000000),0.833000 (0.833000 + 0.000000),0.840000 (0.840000 + 0.000000),0.831000 (0.831000 + 0.000000),0.834000 (0.834000 + 0.000000),0.849000 (0.849000 + 0.000000),0.843000 (0.843000 + 0.000000),0.842000 (0.842000 + 0.000000),0.838000 (0.838000 + 0.000000),0.823000 (0.823000 + 0.000000),0.838000 (0.838000 + 0.000000),0.850000 (0.850000 + 0.000000),0.850000 (0.850000 + 0.000000),0.849000 (0.849000 + 0.000000),0.840000 (0.840000 + 0.000000)
15,0.857000 (0.857000 + 0.000000),0.828000 (0.828000 + 0.000000),0.841000 (0.841000 + 0.000000),0.846000 (0.846000 + 0.000000),0.844000 (0.844000 + 0.000000),0.833000 (0.833000 + 0.000000),0.855000 (0.855000 + 0.000000),0.842000 (0.842000 + 0.000000),0.834000 (0.834000 + 0.000000),0.842000 (0.842000 + 0.000000),0.851000 (0.851000 + 0.000000),0.829000 (0.829000 + 0.000000),0.859000 (0.859000 + 0.000000),0.820000 (0.820000 + 0.000000),0.852000 (0.852000 + 0.000000),0.833000 (0.833000 + 0.000000),0.832000 (0.832000 + 0.000000),0.843000 (0.843000 + 0.000000),0.813000 (0.813000 + 0.000000),0.837000 (0.837000 + 0.000000),0.844000 (0.844000 + 0.000000),0.849000 (0.849000 + 0.000000),0.835000 (0.835000 + 0.000000),0.845000 (0.845000 + 0.000000),0.870000 (0.870000 + 0.000000),0.844000 (0.844000 + 0.000000),0.845000 (0.845000 + 0.000000),0.846000 (0.846000 + 0.000000),0.830000 (0.830000 + 0.000000),0.857000 (0.857000 + 0.000000),0.857000 (0.857000 + 0.000000),0.831000 (0.831000 + 0.000000),0.836000 (0.836000 + 0.000000),0.843000 (0.843000 + 0.000000),0.842000 (0.842000 + 0.000000),0.840000 (0.840000 + 0.000000),0.838000 (0.838000 + 0.000000),0.836000 (0.836000 + 0.000000),0.841000 (0.841000 + 0.000000),0.836000 (0.836000 + 0.000000),0.846000 (0.846000 + 0.000000),0.845000 (0.845000 + 0.000000),0.841000 (0.841000 + 0.000000),0.847000 (0.847000 + 0.000000),0.839000 (0.839000 + 0.000000),0.839000 (0.839000 + 0.000000),0.839000 (0.839000 + 0.000000),0.849000 (0.849000 + 0.000000),0.822000 (0.822000 + 0.000000),0.855000 (0.855000 + 0.000000),0.841000 (0.841000 + 0.000000),0.839000 (0.839000 + 0.000000),0.855000 (0.855000 + 0.000000),0.850000 (0.850000 + 0.000000),0.834000 (0.834000 + 0.000000),0.841000 (0.841000 + 0.000000),0.839000 (0.839000 + 0.000000),0.857000 (0.857000 + 0.000000),0.850000 (0.850000 + 0.000000),0.837000 (0.837000 + 0.000000)
16,0.870000 (0.870000 + 0.000000),0.836000 (0.836000 + 0.000000),0.844000 (0.844000 + 0.000000),0.860000 (0.860000 + 0.000000),0.861000 (0.861000 + 0.000000),0.845000 (0.845000 + 0.000000),0.851000 (0.851000 + 0.000000),0.840000 (0.840000 + 0.000000),0.857000 (0.857000 + 0.000000),0.855000 (0.855000 + 0.000000),0.857000 (0.857000 + 0.000000),0.845000 (0.845000 + 0.000000),0.853000 (0.853000 + 0.000000),0.861000 (0.861000 + 0.000000),0.824000 (0.824000 + 0.000000),0.846000 (0.846000 + 0.000000),0.843000 (0.843000 + 0.000000),0.844000 (0.844000 + 0.000000),0.859000 (0.859000 + 0.000000),0.839000 (0.839000 + 0.000000),0.845000 (0.845000 + 0.000000),0.825000 (0.825000 + 0.000000),0.841000 (0.841000 + 0.000000),0.854000 (0.854000 + 0.000000),0.848000 (0.848000 + 0.000000),0.856000 (0.856000 + 0.000000),0.847000 (0.847000 + 0.000000),0.841000 (0.841000 + 0.000000),0.847000 (0.847000 + 0.000000),0.834000 (0.834000 + 0.000000),0.834000 (0.834000 + 0.000000),0.854000 (0.854000 + 0.000000),0.855000 (0.855000 + 0.000000),0.855000 (0.855000 + 0.000000),0.834000 (0.834000 + 0.000000),0.849000 (0.849000 + 0.000000),0.836000 (0.836000 + 0.000000),0.855000 (0.855000 + 0.000000),0.846000 (0.846000 + 0.000000),0.859000 (0.859000 + 0.000000),0.852000 (0.852000 + 0.000000),0.838000 (0.838000 + 0.000000),0.844000 (0.844000 + 0.000000),0.857000 (0.857000 + 0.000000),0.870000 (0.870000 + 0.000000),0.834000 (0.834000 + 0.000000),0.849000 (0.849000 + 0.000000),0.849000 (0.849000 + 0.000000),0.856000 (0.856000 + 0.000000),0.847000 (0.847000 + 0.000000),0.854000 (0.854000 + 0.000000),0.844000 (0.844000 + 0.000000),0.834000 (0.834000 + 0.000000),0.854000 (0.854000 + 0.000000),0.832000 (0.832000 + 0.000000),0.855000 (0.855000 + 0.000000),0.826000 (0.826000 + 0.000000),0.857000 (0.857000 + 0.000000),0.851000 (0.851000 + 0.000000),0.834000 (0.834000 + 0.000000)
17,0.870000 (0.870000 + 0.000000),0.843000 (0.843000 + 0.000000),0.848000 (0.848000 + 0.000000),0.854000 (0.854000 + 0.000000),0.841000 (0.841000 + 0.000000),0.846000 (0.846000 + 0.000000),0.847000 (0.847000 + 0.000000),0.870000 (0.870000 + 0.000000),0.870000 (0.870000 + 0.000000),0.842000 (0.842000 + 0.000000),0.844000 (0.844000 + 0.000000),0.857000 (0.857000 + 0.000000),0.852000 (0.852000 + 0.000000),0.854000 (0.854000 + 0.000000),0.849000 (0.849000 + 0.000000),0.840000 (0.840000 + 0.000000),0.856000 (0.856000 + 0.000000),0.836000 (0.836000 + 0.000000),0.836000 (0.836000 + 0.000000),0.843000 (0.843000 + 0.000000),0.854000 (0.854000 + 0.000000),0.846000 (0.846000 + 0.000000),0.858000 (0.858000 + 0.000000),0.854000 (0.854000 + 0.000000),0.854000 (0.854000 + 0.000000),0.857000 (0.857000 + 0.000000),0.844000 (0.844000 + 0.000000),0.848000 (0.848000 + 0.000000),0.847000 (0.847000 + 0.000000),0.847000 (0.847000 + 0.000000),0.859000 (0.859000 + 0.000000),0.843000 (0.843000 + 0.000000),0.834000 (0.834000 + 0.000000),0.860000 (0.860000 + 0.000000),0.845000 (0.845000 + 0.000000),0.856000 (0.856000 + 0.000000),0.836000 (0.836000 + 0.000000),0.836000 (0.836000 + 0.000000),0.841000 (0.841000 + 0.000000),0.850000 (0.850000 + 0.000000),0.847000 (0.847000 + 0.000000),0.843000 (0.843000 + 0.000000),0.867000 (0.867000 + 0.000000),0.840000 (0.840000 + 0.000000),0.847000 (0.847000 + 0.000000),0.849000 (0.849000 + 0.000000),0.840000 (0.840000 + 0.000000),0.845000 (0.845000 + 0.000000),0.842000 (0.842000 + 0.000000),0.846000 (0.846000 + 0.000000),0.836000 (0.836000 + 0.000000),0.845000 (0.845000 + 0.000000),0.852000 (0.852000 + 0.000000),0.843000 (0.843000 + 0.000000),0.854000 (0.854000 + 0.000000),0.849000 (0.849000 + 0.000000),0.841000 (0.841000 + 0.000000),0.854000 (0.854000 + 0.000000),0.843000 (0.843000 + 0.000000),0.858000 (0.858000 + 0.000000)
18,0.870000 (0.870000 + 0.000000),0.841000 (0.841000 + 0.000000),0.863000 (0.863000 + 0.000000),0.848000 (0.848000 + 0.000000),0.853000 (0.853000 + 0.000000),0.839000 (0.839000 + 0.000000),0.847000 (0.847000 + 0.000000),0.862000 (0.862000 + 0.000000),0.855000 (0.855000 + 0.000000),0.843000 (0.843000 + 0.000000),0.850000 (0.850000 + 0.000000),0.848000 (0.848000 + 0.000000),0.837000 (0.837000 + 0.000000),0.866000 (0.866000 + 0.000000),0.844000 (0.844000 + 0.000000),0.859000 (0.859000 + 0.000000),0.857000 (0.857000 + 0.000000),0.858000 (0.858000 + 0.000000),0.851000 (0.851000 + 0.000000),0.870000 (0.870000 + 0.000000),0.860000 (0.860000 + 0.000000),0.846000 (0.846000 + 0.000000),0.847000 (0.847000 + 0.000000),0.850000 (0.850000 + 0.000000),0.858000 (0.858000 + 0.000000),0.851000 (0.851000 + 0.000000),0.842000 (0.842000 + 0.000000),0.850000 (0.850000 + 0.000000),0.842000 (0.842000 + 0.000000),0.853000 (0.853000 + 0.000000),0.855000 (0.855000 + 0.000000),0.853000 (0.853000 + 0.000000),0.840000 (0.840000 + 0.000000),0.865000 (0.865000 + 0.000000),0.854000 (0.854000 + 0.000000),0.847000 (0.847000 + 0.000000),0.836000 (0.836000 + 0.000000),0.870000 (0.870000 + 0.000000),0.848000 (0.848000 + 0.000000),0.843000 (0.843000 + 0.000000),0.824000 (0.824000 + 0.000000),0.840000 (0.840000 + 0.000000),0.840000 (0.840000 + 0.000000),0.857000 (0.857000 + 0.000000),0.848000 (0.848000 + 0.000000),0.853000 (0.853000 + 0.000000),0.858000 (0.858000 + 0.000000),0.846000 (0.846000 + 0.000000),0.854000 (0.854000 + 0.000000),0.849000 (0.849000 + 0.000000),0.846000 (0.846000 + 0.000000),0.838000 (0.838000 + 0.000000),0.851000 (0.851000 + 0.000000),0.852000 (0.852000 + 0.000000),0.851000 (0.851000 + 0.000000),0.841000 (0.841000 + 0.000000),0.867000 (0.867000 + 0.000000),0.841000 (0.841000 + 0.000000),0.826000 (0.826000 + 0.000000),0.860000 (0.860000 + 0.000000)
19,0.870000 (0.870000 + 0.000000),0.847000 (0.847000 + 0.000000),0.859000 (0.859000 + 0.000000),0.867000 (0.867000 + 0.000000),0.841000 (0.841000 + 0.000000),0.857000 (0.857000 + 0.000000),0.855000 (0.855000 + 0.000000),0.840000 (0.840000 + 0.000000),0.864000 (0.864000 + 0.000000),0.872000 (0.872000 + 0.000000),0.852000 (0.852000 + 0.000000),0.843000 (0.843000 + 0.000000),0.859000 (0.859000 + 0.000000),0.850000 (0.850000 + 0.000000),0.861000 (0.861000 + 0.000000),0.870000 (0.870000 + 0.000000),0.870000 (0.870000 + 0.000000),0.861000 (0.861000 + 0.000000),0.848000 (0.848000 + 0.000000),0.864000 (0.864000 + 0.000000),0.834000 (0.834000 + 0.000000),0.868000 (0.868000 + 0.000000),0.852000 (0.852000 + 0.000000),0.850000 (0.850000 + 0.000000),0.855000 (0.855000 + 0.000000),0.848000 (0.848000 + 0.000000),0.851000 (0.851000 + 0.000000),0.853000 (0.853000 + 0.000000),0.848000 (0.848000 + 0.000000),0.834000 (0.834000 + 0.000000),0.847000 (0.847000 + 0.000000),0.865000 (0.865000 + 0.000000),0.838000 (0.838000 + 0.000000),0.852000 (0.852000 + 0.000000),0.845000 (0.845000 + 0.000000),0.851000 (0.851000 + 0.000000),0.855000 (0.855000 + 0.000000),0.858000 (0.858000 + 0.000000),0.861000 (0.861000 + 0.000000),0.857000 (0.857000 + 0.000000),0.852000 (0.852000 + 0.000000),0.842000 (0.842000 + 0.000000),0.853000 (0.853000 + 0.000000),0.855000 (0.855000 + 0.000000),0.843000 (0.843000 + 0.000000),0.855000 (0.855000 + 0.000000),0.850000 (0.850000 + 0.000000),0.840000 (0.840000 + 0.000000),0.858000 (0.858000 + 0.000000),0.852000 (0.852000 + 0.000000),0.870000 (0.870000 + 0.000000),0.854000 (0.854000 + 0.000000),0.868000 (0.868000 + 0.000000),0.860000 (0.860000 + 0.000000),0.858000 (0.858000 + 0.000000),0.855000 (0.855000 + 0.000000),0.859000 (0.859000 + 0.000000),0.861000 (0.861000 + 0.000000),0.857000 (0.857000 + 0.000000),0.836000 (0.836000 + 0.000000)
20,0.872000 (0.872000 + 0.000000),0.857000 (0.857000 + 0.000000),0.867000 (0.867000 + 0.000000),0.854000 (0.854000 + 0.000000),0.843000 (0.843000 + 0.000000),0.847000 (0.847000 + 0.000000),0.851000 (0.851000 + 0.000000),0.845000 (0.845000 + 0.000000),0.872000 (0.872000 + 0.000000),0.857000 (0.857000 + 0.000000),0.853000 (0.853000 + 0.000000),0.842000 (0.842000 + 0.000000),0.873000 (0.873000 + 0.000000),0.857000 (0.857000 + 0.000000),0.844000 (0.844000 + 0.000000),0.858000 (0.858000 + 0.000000),0.856000 (0.856000 + 0.000000),0.849000 (0.849000 + 0.000000),0.850000 (0.850000 + 0.000000),0.870000 (0.870000 + 0.000000),0.850000 (0.850000 + 0.000000),0.862000 (0.862000 + 0.000000),0.859000 (0.859000 + 0.000000),0.841000 (0.841000 + 0.000000),0.852000 (0.852000 + 0.000000),0.847000 (0.847000 + 0.000000),0.859000 (0.859000 + 0.000000),0.848000 (0.848000 + 0.000000),0.844000 (0.844000 + 0.000000),0.844000 (0.844000 + 0.000000),0.840000 (0.840000 + 0.000000),0.850000 (0.850000 + 0.000000),0.856000 (0.856000 + 0.000000),0.863000 (0.863000 + 0.000000),0.856000 (0.856000 + 0.000000),0.863000 (0.863000 + 0.000000),0.870000 (0.870000 + 0.000000),0.846000 (0.846000 + 0.000000),0.860000 (0.860000 + 0.000000),0.855000 (0.855000 + 0.000000),0.875000 (0.875000 + 0.000000),0.850000 (0.850000 + 0.000000),0.856000 (0.856000 + 0.000000),0.872000 (0.872000 + 0.000000),0.856000 (0.856000 + 0.000000),0.864000 (0.864000 + 0.000000),0.852000 (0.852000 + 0.000000),0.872000 (0.872000 + 0.000000),0.870000 (0.870000 + 0.000000),0.857000 (0.857000 + 0.000000),0.857000 (0.857000 + 0.000000),0.851000 (0.851000 + 0.000000),0.855000 (0.855000 + 0.000000),0.857000 (0.857000 + 0.000000),0.842000 (0.842000 + 0.000000),0.877000 (0.877000 + 0.000000),0.860000 (0.860000 + 0.000000),0.856000 (0.856000 + 0.000000),0.852000 (0.852000 + 0.000000),0.855000 (0.855000 + 0.000000)
21,0.877000 (0.877000 + 0.000000),0.867000 (0.867000 + 0.000000),0.867000 (0.867000 + 0.000000),0.850000 (0.850000 + 0.000000),0.858000 (0.858000 + 0.000000),0.857000 (0.857000 + 0.000000),0.842000 (0.842000 + 0.000000),0.842000 (0.842000 + 0.000000),0.864000 (0.864000 + 0.000000),0.872000 (0.872000 + 0.000000),0.857000 (0.857000 + 0.000000),0.835000 (0.835000 + 0.000000),0.853000 (0.853000 + 0.000000),0.853000 (0.853000 + 0.000000),0.865000 (0.865000 + 0.000000),0.852000 (0.852000 + 0.000000),0.857000 (0.857000 + 0.000000),0.865000 (0.865000 + 0.000000),0.837000 (0.837000 + 0.000000),0.875000 (0.875000 + 0.000000),0.856000 (0.856000 + 0.000000),0.865000 (0.865000 + 0.000000),0.860000 (0.860000 + 0.000000),0.844000 (0.844000 + 0.000000),0.851000 (0.851000 + 0.000000),0.853000 (0.853000 + 0.000000),0.842000 (0.842000 + 0.000000),0.850000 (0.850000 + 0.000000),0.849000 (0.849000 + 0.000000),0.875000 (0.875000 + 0.000000),0.857000 (0.857000 + 0.000000),0.852000 (0.852000 + 0.000000),0.859000 (0.859000 + 0.000000),0.855000 (0.855000 + 0.000000),0.860000 (0.860000 + 0.000000),0.854000 (0.854000 + 0.000000),0.858000 (0.858000 + 0.000000),0.858000 (0.858000 + 0.000000),0.852000 (0.852000 + 0.000000),0.853000 (0.853000 + 0.000000),0.853000 (0.853000 + 0.000000),0.864000 (0.864000 + 0.000000),0.873000 (0.873000 + 0.000000),0.830000 (0.830000 + 0.000000),0.851000 (0.851000 + 0.000000),0.871000 (0.871000 + 0.000000),0.854000 (0.854000 + 0.000000),0.861000 (0.861000 + 0.000000),0.852000 (0.852000 + 0.000000),0.854000 (0.854000 + 0.000000),0.841000 (0.841000 + 0.000000),0.863000 (0.863000 + 0.000000),0.841000 (0.841000 + 0.000000),0.866000 (0.866000 + 0.000000),0.869000 (0.869000 + 0.000000),0.856000 (0.856000 + 0.000000),0.835000 (0.835000 + 0.000000),0.879000 (0.879000 + 0.000000),0.865000 (0.865000 + 0.000000),0.847000 (0.847000 + 0.000000)
22,0.879000 (0.879000 + 0.000000),0.866000 (0.866000 + 0.000000),0.857000 (0.857000 + 0.000000),0.854000 (0.854000 + 0.000000),0.844000 (0.844000 + 0.000000),0.863000 (0.863000 + 0.000000),0.844000 (0.844000 + 0.000000),0.857000 (0.857000 + 0.000000),0.861000 (0.861000 + 0.000000),0.861000 (0.861000 + 0.000000),0.857000 (0.857000 + 0.000000),0.847000 (0.847000 + 0.000000),0.861000 (0.861000 + 0.000000),0.867000 (0.867000 + 0.000000),0.864000 (0.864000 + 0.000000),0.877000 (0.877000 + 0.000000),0.845000 (0.845000 + 0.000000),0.860000 (0.860000 + 0.000000),0.864000 (0.864000 + 0.000000),0.857000 (0.857000 + 0.000000),0.850000 (0.850000 + 0.000000),0.872000 (0.872000 + 0.000000),0.867000 (0.867000 + 0.000000),0.869000 (0.869000 + 0.000000),0.864000 (0.864000 + 0.000000),0.860000 (0.860000 + 0.000000),0.875000 (0.875000 + 0.000000),0.872000 (0.872000 + 0.000000),0.879000 (0.879000 + 0.000000),0.879000 (0.879000 + 0.000000),0.862000 (0.862000 + 0.000000),0.859000 (0.859000 + 0.000000),0.847000 (0.847000 + 0.000000),0.868000 (0.868000 + 0.000000),0.857000 (0.857000 + 0.000000),0.856000 (0.856000 + 0.000000),0.846000 (0.846000 + 0.000000),0.862000 (0.862000 + 0.000000),0.867000 (0.867000 + 0.000000),0.849000 (0.849000 + 0.000000),0.857000 (0.857000 + 0.000000),0.859000 (0.859000 + 0.000000),0.856000 (0.856000 + 0.000000),0.865000 (0.865000 + 0.000000),0.851000 (0.851000 + 0.000000),0.857000 (0.857000 + 0.000000),0.870000 (0.870000 + 0.000000),0.853000 (0.853000 + 0.000000),0.853000 (0.853000 + 0.000000),0.859000 (0.859000 + 0.000000),0.873000 (0.873000 + 0.000000),0.870000 (0.870000 + 0.000000),0.851000 (0.851000 + 0.000000),0.857000 (0.857000 + 0.000000),0.853000 (0.853000 + 0.000000),0.864000 (0.864000 + 0.000000),0.868000 (0.868000 + 0.000000),0.865000 (0.865000 + 0.000000),0.851000 (0.851000 + 0.000000),0.858000 (0.858000 + 0.000000)
23,0.879000 (0.879000 + 0.000000),0.859000 (0.859000 + 0.000000),0.857000 (0.857000 + 0.000000),0.853000 (0.853000 + 0.000000),0.867000 (0.867000 + 0.000000),0.864000 (0.864000 + 0.000000),0.858000 (0.858000 + 0.000000),0.863000 (0.863000 + 0.000000),0.857000 (0.857000 + 0.000000),0.845000 (0.845000 + 0.000000),0.833000 (0.833000 + 0.000000),0.866000 (0.866000 + 0.000000),0.866000 (0.866000 + 0.000000),0.840000 (0.840000 + 0.000000),0.857000 (0.857000 + 0.000000),0.837000 (0.837000 + 0.000000),0.869000 (0.869000 + 0.000000),0.858000 (0.858000 + 0.000000),0.865000 (0.865000 + 0.000000),0.861000 (0.861000 + 0.000000),0.868000 (0.868000 + 0.000000),0.865000 (0.865000 + 0.000000),0.866000 (0.866000 + 0.000000),0.855000 (0.855000 + 0.000000),0.863000 (0.863000 + 0.000000),0.861000 (0.861000 + 0.000000),0.869000 (0.869000 + 0.000000),0.859000 (0.859000 + 0.000000),0.869000 (0.869000 + 0.000000),0.868000 (0.868000 + 0.000000),0.869000 (0.869000 + 0.000000),0.843000 (0.843000 + 0.000000),0.844000 (0.844000 + 0.000000),0.880000 (0.880000 + 0.000000),0.869000 (0.869000 + 0.000000),0.850000 (0.850000 + 0.000000),0.865000 (0.865000 + 0.000000),0.853000 (0.853000 + 0.000000),0.864000 (0.864000 + 0.000000),0.859000 (0.859000 + 0.000000),0.842000 (0.842000 + 0.000000),0.873000 (0.873000 + 0.000000),0.847000 (0.847000 + 0.000000),0.862000 (0.862000 + 0.000000),0.863000 (0.863000 + 0.000000),0.855000 (0.855000 + 0.000000),0.843000 (0.843000 + 0.000000),0.867000 (0.867000 + 0.000000),0.856000 (0.856000 + 0.000000),0.868000 (0.868000 + 0.000000),0.861000 (0.861000 + 0.000000),0.861000 (0.861000 + 0.000000),0.862000 (0.862000 + 0.000000),0.860000 (0.860000 + 0.000000),0.854000 (0.854000 + 0.000000),0.855000 (0.855000 + 0.000000),0.868000 (0.868000 + 0.000000),0.854000 (0.854000 + 0.000000),0.847000 (0.847000 + 0.000000),0.872000 (0.872000 + 0.000000)
24,0.880000 (0.880000 + 0.000000),0.856000 (0.856000 + 0.000000),0.870000 (0.870000 + 0.000000),0.865000 (0.865000 + 0.000000),0.859000 (0.859000 + 0.000000),0.865000 (0.865000 + 0.000000),0.856000 (0.856000 + 0.000000),0.868000 (0.868000 + 0.000000),0.866000 (0.866000 + 0.000000),0.867000 (0.867000 + 0.000000),0.869000 (0.869000 + 0.000000),0.850000 (0.850000 + 0.000000),0.852000 (0.852000 + 0.000000),0.847000 (0.847000 + 0.000000),0.873000 (0.873000 + 0.000000),0.869000 (0.869000 + 0.000000),0.868000 (0.868000 + 0.000000),0.873000 (0.873000 + 0.000000),0.867000 (0.867000 + 0.000000),0.861000 (0.861000 + 0.000000),0.854000 (0.854000 + 0.000000),0.870000 (0.870000 + 0.000000),0.865000 (0.865000 + 0.000000),0.857000 (0.857000 + 0.000000),0.859000 (0.859000 + 0.000000),0.872000 (0.872000 + 0.000000),0.844000 (0.844000 + 0.000000),0.866000 (0.866000 + 0.000000),0.850000 (0.850000 + 0.000000),0.862000 (0.862000 + 0.000000),0.859000 (0.859000 + 0.000000),0.870000 (0.870000 + 0.000000),0.855000 (0.855000 + 0.000000),0.860000 (0.860000 + 0.000000),0.840000 (0.840000 + 0.000000),0.873000 (0.873000 + 0.000000),0.872000 (0.872000 + 0.000000),0.862000 (0.862000 + 0.000000),0.876000 (0.876000 + 0.000000),0.856000 (0.856000 + 0.000000),0.857000 (0.857000 + 0.000000),0.864000 (0.864000 + 0.000000),0.858000 (0.858000 + 0.000000),0.873000 (0.873000 + 0.000000),0.873000 (0.873000 + 0.000000),0.869000 (0.869000 + 0.000000),0.860000 (0.860000 + 0.000000),0.868000 (0.868000 + 0.000000),0.862000 (0.862000 + 0.000000),0.869000 (0.869000 + 0.000000),0.870000 (0.870000 + 0.000000),0.854000 (0.854000 + 0.000000),0.857000 (0.857000 + 0.000000),0.857000 (0.857000 + 0.000000),0.865000 (0.865000 + 0.000000),0.867000 (0.867000 + 0.000000),0.870000 (0.870000 + 0.000000),0.860000 (0.860000 + 0.000000),0.852000 (0.852000 + 0.000000),0.858000 (0.858000 + 0.000000)
25,0.880000 (0.880000 + 0.000000),0.857000 (0.857000 + 0.000000),0.860000 (0.860000 + 0.000000),0.865000 (0.865000 + 0.000000),0.853000 (0.853000 + 0.000000),0.863000 (0.863000 + 0.000000),0.874000 (0.874000 + 0.000000),0.872000 (0.872000 + 0.000000),0.854000 (0.854000 + 0.000000),0.863000 (0.863000 + 0.000000),0.856000 (0.856000 + 0.000000),0.869000 (0.869000 + 0.000000),0.855000 (0.855000 + 0.000000),0.866000 (0.866000 + 0.000000),0.857000 (0.857000 + 0.000000),0.873000 (0.873000 + 0.000000),0.873000 (0.873000 + 0.000000),0.863000 (0.863000 + 0.000000),0.850000 (0.850000 + 0.000000),0.863000 (0.863000 + 0.000000),0.867000 (0.867000 + 0.000000),0.872000 (0.872000 + 0.000000),0.866000 (0.866000 + 0.000000),0.851000 (0.851000 + 0.000000),0.875000 (0.875000 + 0.000000),0.858000 (0.858000 + 0.000000),0.850000 (0.850000 + 0.000000),0.869000 (0.869000 + 0.000000),0.874000 (0.874000 + 0.000000),0.869000 (0.869000 + 0.000000),0.860000 (0.860000 + 0.000000),0.862000 (0.862000 + 0.000000),0.868000 (0.868000 + 0.000000),0.859000 (0.859000 + 0.000000),0.873000 (0.873000 + 0.000000),0.870000 (0.870000 + 0.000000),0.860000 (0.860000 + 0.000000),0.874000 (0.874000 + 0.000000),0.851000 (0.851000 + 0.000000),0.862000 (0.862000 + 0.000000),0.868000 (0.868000 + 0.000000),0.870000 (0.870000 + 0.000000),0.867000 (0.867000 + 0.000000),0.854000 (0.854000 + 0.000000),0.843000 (0.843000 + 0.000000),0.877000 (0.877000 + 0.000000),0.870000 (0.870000 + 0.000000),0.867000 (0.867000 + 0.000000),0.861000 (0.861000 + 0.000000),0.867000 (0.867000 + 0.000000),0.862000 (0.862000 + 0.000000),0.857000 (0.857000 + 0.000000),0.855000 (0.855000 + 0.000000),0.864000 (0.864000 + 0.000000),0.860000 (0.860000 + 0.000000),0.871000 (0.871000 + 0.000000),0.862000 (0.862000 + 0.000000),0.853000 (0.853000 + 0.000000),0.867000 (0.867000 + 0.000000),0.858000 (0.858000 + 0.000000)
26,0.880000 (0.880000 + 0.000000),0.868000 (0.868000 + 0.000000),0.860000 (0.860000 + 0.000000),0.879000 (0.879000 + 0.000000),0.868000 (0.868000 + 0.000000),0.872000 (0.872000 + 0.000000),0.853000 (0.853000 + 0.000000),0.874000 (0.874000 + 0.000000),0.863000 (0.863000 + 0.000000),0.861000 (0.861000 + 0.000000),0.873000 (0.873000 + 0.000000),0.864000 (0.864000 + 0.000000),0.870000 (0.870000 + 0.000000),0.870000 (0.870000 + 0.000000),0.858000 (0.858000 + 0.000000),0.862000 (0.862000 + 0.000000),0.866000 (0.866000 + 0.000000),0.864000 (0.864000 + 0.000000),0.867000 (0.867000 + 0.000000),0.861000 (0.861000 + 0.000000),0.874000 (0.874000 + 0.000000),0.874000 (0.874000 + 0.000000),0.870000 (0.870000 + 0.000000),0.873000 (0.873000 + 0.000000),0.858000 (0.858000 + 0.000000),0.861000 (0.861000 + 0.000000),0.862000 (0.862000 + 0.000000),0.859000 (0.859000 + 0.000000),0.861000 (0.861000 + 0.000000),0.862000 (0.862000 + 0.000000),0.873000 (0.873000 + 0.000000),0.867000 (0.867000 + 0.000000),0.876000 (0.876000 + 0.000000),0.868000 (0.868000 + 0.000000),0.874000 (0.874000 + 0.000000),0.874000 (0.874000 + 0.000000),0.862000 (0.862000 + 0.000000),0.876000 (0.876000 + 0.000000),0.879000 (0.879000 + 0.000000),0.867000 (0.867000 + 0.000000),0.873000 (0.873000 + 0.000000),0.871000 (0.871000 + 0.000000),0.877000 (0.877000 + 0.000000),0.842000 (0.842000 + 0.000000),0.854000 (0.854000 + 0.000000),0.862000 (0.862000 + 0.000000),0.857000 (0.857000 + 0.000000),0.859000 (0.859000 + 0.000000),0.870000 (0.870000 + 0.000000),0.867000 (0.867000 + 0.000000),0.861000 (0.861000 + 0.000000),0.860000 (0.860000 + 0.000000),0.851000 (0.851000 + 0.000000),0.863000 (0.863000 + 0.000000),0.854000 (0.854000 + 0.000000),0.873000 (0.873000 + 0.000000),0.869000 (0.869000 + 0.000000),0.874000 (0.874000 + 0.000000),0.872000 (0.872000 + 0.000000),0.851000 (0.851000 + 0.000000)
27,0.880000 (0.880000 + 0.000000),0.865000 (0.865000 + 0.000000),0.860000 (0.860000 + 0.000000),0.858000 (0.858000 + 0.000000),0.873000 (0.873000 + 0.000000),0.874000 (0.874000 + 0.000000),0.867000 (0.867000 + 0.000000),0.865000 (0.865000 + 0.000000),0.863000 (0.863000 + 0.000000),0.873000 (0.873000 + 0.000000),0.864000 (0.864000 + 0.000000),0.868000 (0.868000 + 0.000000),0.859000 (0.859000 + 0.000000),0.874000 (0.874000 + 0.000000),0.867000 (0.867000 + 0.000000),0.876000 (0.876000 + 0.000000),0.869000 (0.869000 + 0.000000),0.868000 (0.868000 + 0.000000),0.878000 (0.878000 + 0.000000),0.865000 (0.865000 + 0.000000),0.877000 (0.877000 + 0.000000),0.869000 (0.869000 + 0.000000),0.857000 (0.857000 + 0.000000),0.858000 (0.858000 + 0.000000),0.874000 (0.874000 + 0.000000),0.866000 (0.866000 + 0.000000),0.861000 (0.861000 + 0.000000),0.865000 (0.865000 + 0.000000),0.833000 (0.833000 + 0.000000),0.866000 (0.866000 + 0.000000),0.860000 (0.860000 + 0.000000),0.864000 (0.864000 + 0.000000),0.853000 (0.853000 + 0.000000),0.859000 (0.859000 + 0.000000),0.879000 (0.879000 + 0.000000),0.871000 (0.871000 + 0.000000),0.865000 (0.865000 + 0.000000),0.873000 (0.873000 + 0.000000),0.865000 (0.865000 + 0.000000),0.855000 (0.855000 + 0.000000),0.876000 (0.876000 + 0.000000),0.871000 (0.871000 + 0.000000),0.860000 (0.860000 + 0.000000),0.863000 (0.863000 + 0.000000),0.862000 (0.862000 + 0.000000),0.860000 (0.860000 + 0.000000),0.855000 (0.855000 + 0.000000),0.878000 (0.878000 + 0.000000),0.862000 (0.862000 + 0.000000),0.874000 (0.874000 + 0.000000),0.860000 (0.860000 + 0.000000),0.876000 (0.876000 + 0.000000),0.873000 (0.873000 + 0.000000),0.873000 (0.873000 + 0.000000),0.873000 (0.873000 + 0.000000),0.867000 (0.867000 + 0.000000),0.864000 (0.864000 + 0.000000),0.873000 (0.873000 + 0.000000),0.861000 (0.861000 + 0.000000),0.864000 (0.864000 + 0.000000)
28,0.880000 (0.880000 + 0.000000),0.873000 (0.873000 + 0.000000),0.856000 (0.856000 + 0.000000),0.867000 (0.867000 + 0.000000),0.868000 (0.868000 + 0.000000),0.871000 (0.871000 + 0.000000),0.870000 (0.870000 + 0.000000),0.877000 (0.877000 + 0.000000),0.885000 (0.885000 + 0.000000),0.861000 (0.861000 + 0.000000),0.860000 (0.860000 + 0.000000),0.857000 (0.857000 + 0.000000),0.847000 (0.847000 + 0.000000),0.862000 (0.862000 + 0.000000),0.877000 (0.877000 + 0.000000),0.862000 (0.862000 + 0.000000),0.859000 (0.859000 + 0.000000),0.874000 (0.874000 + 0.000000),0.862000 (0.862000 + 0.000000),0.884000 (0.884000 + 0.000000),0.874000 (0.874000 + 0.000000),0.855000 (0.855000 + 0.000000),0.867000 (0.867000 + 0.000000),0.872000 (0.872000 + 0.000000),0.870000 (0.870000 + 0.000000),0.872000 (0.872000 + 0.000000),0.874000 (0.874000 + 0.000000),0.875000 (0.875000 + 0.000000),0.861000 (0.861000 + 0.000000),0.870000 (0.870000 + 0.000000),0.880000 (0.880000 + 0.000000),0.874000 (0.874000 + 0.000000),0.861000 (0.861000 + 0.000000),0.867000 (0.867000 + 0.000000),0.870000 (0.870000 + 0.000000),0.865000 (0.865000 + 0.000000),0.856000 (0.856000 + 0.000000),0.863000 (0.863000 + 0.000000),0.865000 (0.865000 + 0.000000),0.858000 (0.858000 + 0.000000),0.869000 (0.869000 + 0.000000),0.864000 (0.864000 + 0.000000),0.859000 (0.859000 + 0.000000),0.873000 (0.873000 + 0.000000),0.859000 (0.859000 + 0.000000),0.871000 (0.871000 + 0.000000),0.872000 (0.872000 + 0.000000),0.856000 (0.856000 + 0.000000),0.864000 (0.864000 + 0.000000),0.866000 (0.866000 + 0.000000),0.866000 (0.866000 + 0.000000),0.874000 (0.874000 + 0.000000),0.864000 (0.864000 + 0.000000),0.873000 (0.873000 + 0.000000),0.864000 (0.864000 + 0.000000),0.872000 (0.872000 + 0.000000),0.854000 (0.854000 + 0.000000),0.853000 (0.853000 + 0.000000),0.874000 (0.874000 + 0.000000),0.872000 (0.872000 + 0.000000)
29,0.885000 (0.885000 + 0.000000),0.870000 (0.870000 + 0.000000),0.871000 (0.871000 + 0.000000),0.865000 (0.865000 + 0.000000),0.860000 (0.860000 + 0.000000),0.871000 (0.871000 + 0.000000),0.878000 (0.878000 + 0.000000),0.858000 (0.858000 + 0.000000),0.865000 (0.865000 + 0.000000),0.861000 (0.861000 + 0.000000),0.870000 (0.870000 + 0.000000),0.873000 (0.873000 + 0.000000),0.863000 (0.863000 + 0.000000),0.875000 (0.875000 + 0.000000),0.862000 (0.862000 + 0.000000),0.878000 (0.878000 + 0.000000),0.869000 (0.869000 + 0.000000),0.869000 (0.869000 + 0.000000),0.873000 (0.873000 + 0.000000),0.871000 (0.871000 + 0.000000),0.873000 (0.873000 + 0.000000),0.875000 (0.875000 + 0.000000),0.885000 (0.885000 + 0.000000),0.873000 (0.873000 + 0.000000),0.868000 (0.868000 + 0.000000),0.864000 (0.864000 + 0.000000),0.865000 (0.865000 + 0.000000),0.861000 (0.861000 + 0.000000),0.861000 (0.861000 + 0.000000),0.874000 (0.874000 + 0.000000),0.873000 (0.873000 + 0.000000),0.870000 (0.870000 + 0.000000),0.867000 (0.867000 + 0.000000),0.866000 (0.866000 + 0.000000),0.864000 (0.864000 + 0.000000),0.873000 (0.873000 + 0.000000),0.867000 (0.867000 + 0.000000),0.861000 (0.861000 + 0.000000),0.872000 (0.872000 + 0.000000),0.857000 (0.857000 + 0.000000),0.877000 (0.877000 + 0.000000),0.865000 (0.865000 + 0.000000),0.872000 (0.872000 + 0.000000),0.874000 (0.874000 + 0.000000),0.872000 (0.872000 + 0.000000),0.862000 (0.862000 + 0.000000),0.867000 (0.867000 + 0.000000),0.869000 (0.869000 + 0.000000),0.869000 (0.869000 + 0.000000),0.872000 (0.872000 + 0.000000),0.864000 (0.864000 + 0.000000),0.877000 (0.877000 + 0.000000),0.857000 (0.857000 + 0.000000),0.877000 (0.877000 + 0.000000),0.855000 (0.855000 + 0.000000),0.858000 (0.858000 + 0.000000),0.847000 (0.847000 + 0.000000),0.873000 (0.873000 + 0.000000),0.852000 (0.852000 + 0.000000),0.870000 (0.870000 + 0.000000)
30,0.885000 (0.885000 + 0.000000),0.883000 (0.883000 + 0.000000),0.870000 (0.870000 + 0.000000),0.857000 (0.857000 + 0.000000),0.863000 (0.863000 + 0.000000),0.872000 (0.872000 + 0.000000),0.865000 (0.865000 + 0.000000),0.864000 (0.864000 + 0.000000),0.873000 (0.873000 + 0.000000),0.856000 (0.856000 + 0.000000),0.862000 (0.862000 + 0.000000),0.852000 (0.852000 + 0.000000),0.874000 (0.874000 + 0.000000),0.854000 (0.854000 + 0.000000),0.866000 (0.866000 + 0.000000),0.870000 (0.870000 + 0.000000),0.874000 (0.874000 + 0.000000),0.867000 (0.867000 + 0.000000),0.865000 (0.865000 + 0.000000),0.871000 (0.871000 + 0.000000),0.859000 (0.859000 + 0.000000),0.868000 (0.868000 + 0.000000),0.862000 (0.862000 + 0.000000),0.867000 (0.867000 + 0.000000),0.864000 (0.864000 + 0.000000),0.853000 (0.853000 + 0.000000),0.850000 (0.850000 + 0.000000),0.871000 (0.871000 + 0.000000),0.872000 (0.872000 + 0.000000),0.863000 (0.863000 + 0.000000),0.867000 (0.867000 + 0.000000),0.870000 (0.870000 + 0.000000),0.878000 (0.878000 + 0.000000),0.847000 (0.847000 + 0.000000),0.864000 (0.864000 + 0.000000),0.851000 (0.851000 + 0.000000),0.870000 (0.870000 + 0.000000),0.868000 (0.868000 + 0.000000),0.881000 (0.881000 + 0.000000),0.861000 (0.861000 + 0.000000),0.869000 (0.869000 + 0.000000),0.861000 (0.861000 + 0.000000),0.869000 (0.869000 + 0.000000),0.870000 (0.870000 + 0.000000),0.863000 (0.863000 + 0.000000),0.854000 (0.854000 + 0.000000),0.873000 (0.873000 + 0.000000),0.877000 (0.877000 + 0.000000),0.878000 (0.878000 + 0.000000),0.878000 (0.878000 + 0.000000),0.877000 (0.877000 + 0.000000),0.873000 (0.873000 + 0.000000),0.863000 (0.863000 + 0.000000),0.870000 (0.870000 + 0.000000),0.860000 (0.860000 + 0.000000),0.876000 (0.876000 + 0.000000),0.869000 (0.869000 + 0.000000),0.855000 (0.855000 + 0.000000),0.876000 (0.876000 + 0.000000),0.881000 (0.881000 + 0.000000)
31,0.885000 (0.885000 + 0.000000),0.863000 (0.863000 + 0.000000),0.875000 (0.875000 + 0.000000),0.861000 (0.861000 + 0.000000),0.845000 (0.845000 + 0.000000),0.876000 (0.876000 + 0.000000),0.872000 (0.872000 + 0.000000),0.867000 (0.867000 + 0.000000),0.864000 (0.864000 + 0.000000),0.854000 (0.854000 + 0.000000),0.874000 (0.874000 + 0.000000),0.861000 (0.861000 + 0.000000),0.851000 (0.851000 + 0.000000),0.877000 (0.877000 + 0.000000),0.876000 (0.876000 + 0.000000),0.876000 (0.876000 + 0.000000),0.868000 (0.868000 + 0.000000),0.867000 (0.867000 + 0.000000),0.864000 (0.864000 + 0.000000),0.877000 (0.877000 + 0.000000),0.860000 (0.860000 + 0.000000),0.859000 (0.859000 + 0.000000),0.861000 (0.861000 + 0.000000),0.871000 (0.871000 + 0.000000),0.860000 (0.860000 + 0.000000),0.870000 (0.870000 + 0.000000),0.864000 (0.864000 + 0.000000),0.865000 (0.865000 + 0.000000),0.884000 (0.884000 + 0.000000),0.857000 (0.857000 + 0.000000),0.856000 (0.856000 + 0.000000),0.868000 (0.868000 + 0.000000),0.869000 (0.869000 + 0.000000),0.855000 (0.855000 + 0.000000),0.867000 (0.867000 + 0.000000),0.870000 (0.870000 + 0.000000),0.867000 (0.867000 + 0.000000),0.878000 (0.878000 + 0.000000),0.865000 (0.865000 + 0.000000),0.871000 (0.871000 + 0.000000),0.871000 (0.871000 + 0.000000),0.875000 (0.875000 + 0.000000),0.861000 (0.861000 + 0.000000),0.881000 (0.881000 + 0.000000),0.871000 (0.871000 + 0.000000),0.866000 (0.866000 + 0.000000),0.868000 (0.868000 + 0.000000),0.869000 (0.869000 + 0.000000),0.875000 (0.875000 + 0.000000),0.860000 (0.860000 + 0.000000),0.878000 (0.878000 + 0.000000),0.867000 (0.867000 + 0.000000),0.877000 (0.877000 + 0.000000),0.856000 (0.856000 + 0.000000),0.879000 (0.879000 + 0.000000),0.860000 (0.860000 + 0.000000),0.861000 (0.861000 + 0.000000),0.882000 (0.882000 + 0.000000),0.863000 (0.863000 + 0.000000),0.869000 (0.869000 + 0.000000)
32,0.885000 (0.885000 + 0.000000),0.863000 (0.863000 + 0.000000),0.860000 (0.860000 + 0.000000),0.859000 (0.859000 + 0.000000),0.862000 (0.862000 + 0.000000),0.869000 (0.869000 + 0.000000),0.856000 (0.856000 + 0.000000),0.868000 (0.868000 + 0.000000),0.845000 (0.845000 + 0.000000),0.872000 (0.872000 + 0.000000),0.866000 (0.866000 + 0.000000),0.876000 (0.876000 + 0.000000),0.869000 (0.869000 + 0.000000),0.877000 (0.877000 + 0.000000),0.871000 (0.871000 + 0.000000),0.868000 (0.868000 + 0.000000),0.860000 (0.860000 + 0.000000),0.858000 (0.858000 + 0.000000),0.873000 (0.873000 + 0.000000),0.873000 (0.873000 + 0.000000),0.869000 (0.869000 + 0.000000),0.872000 (0.872000 + 0.000000),0.880000 (0.880000 + 0.000000),0.871000 (0.871000 + 0.000000),0.864000 (0.864000 + 0.000000),0.866000 (0.866000 + 0.000000),0.879000 (0.879000 + 0.000000),0.873000 (0.873000 + 0.000000),0.868000 (0.868000 + 0.000000),0.878000 (0.878000 + 0.000000),0.865000 (0.865000 + 0.000000),0.871000 (0.871000 + 0.000000),0.875000 (0.875000 + 0.000000),0.869000 (0.869000 + 0.000000),0.873000 (0.873000 + 0.000000),0.858000 (0.858000 + 0.000000),0.866000 (0.866000 + 0.000000),0.877000 (0.877000 + 0.000000),0.876000 (0.876000 + 0.000000),0.862000 (0.862000 + 0.000000),0.867000 (0.867000 + 0.000000),0.870000 (0.870000 + 0.000000),0.875000 (0.875000 + 0.000000),0.866000 (0.866000 + 0.000000),0.877000 (0.877000 + 0.000000),0.868000 (0.868000 + 0.000000),0.866000 (0.866000 + 0.000000),0.858000 (0.858000 + 0.000000),0.855000 (0.855000 + 0.000000),0.853000 (0.853000 + 0.000000),0.862000 (0.862000 + 0.000000),0.881000 (0.881000 + 0.000000),0.866000 (0.866000 + 0.000000),0.868000 (0.868000 + 0.000000),0.869000 (0.869000 + 0.000000),0.872000 (0.872000 + 0.000000),0.875000 (0.875000 + 0.000000),0.875000 (0.875000 + 0.000000),0.870000 (0.870000 + 0.000000),0.871000 (0.871000 + 0.000000)
33,0.885000 (0.885000 + 0.000000),0.877000 (0.877000 + 0.000000),0.874000 (0.874000 + 0.000000),0.876000 (0.876000 + 0.000000),0.874000 (0.874000 + 0.000000),0.869000 (0.869000 + 0.000000),0.866000 (0.866000 + 0.000000),0.885000 (0.885000 + 0.000000),0.865000 (0.865000 + 0.000000),0.870000 (0.870000 + 0.000000),0.873000 (0.873000 + 0.000000),0.882000 (0.882000 + 0.000000),0.861000 (0.861000 + 0.000000),0.878000 (0.878000 + 0.000000),0.876000 (0.876000 + 0.000000),0.878000 (0.878000 + 0.000000),0.869000 (0.869000 + 0.000000),0.869000 (0.869000 + 0.000000),0.864000 (0.864000 + 0.000000),0.874000 (0.874000 + 0.000000),0.882000 (0.882000 + 0.000000),0.867000 (0.867000 + 0.000000),0.865000 (0.865000 + 0.000000),0.882000 (0.882000 + 0.000000),0.857000 (0.857000 + 0.000000),0.865000 (0.865000 + 0.000000),0.859000 (0.859000 + 0.000000),0.880000 (0.880000 + 0.000000),0.864000 (0.864000 + 0.000000),0.868000 (0.868000 + 0.000000),0.869000 (0.869000 + 0.000000),0.853000 (0.853000 + 0.000000),0.873000 (0.873000 + 0.000000),0.869000 (0.869000 + 0.000000),0.866000 (0.866000 + 0.000000),0.869000 (0.869000 + 0.000000),0.876000 (0.876000 + 0.000000),0.859000 (0.859000 + 0.000000),0.877000 (0.877000 + 0.000000),0.883000 (0.883000 + 0.000000),0.865000 (0.865000 + 0.000000),0.874000 (0.874000 + 0.000000),0.864000 (0.864000 + 0.000000),0.867000 (0.867000 + 0.000000),0.872000 (0.872000 + 0.000000),0.873000 (0.873000 + 0.000000),0.875000 (0.875000 + 0.000000),0.856000 (0.856000 + 0.000000),0.866000 (0.866000 + 0.000000),0.870000 (0.870000 + 0.000000),0.859000 (0.859000 + 0.000000),0.878000 (0.878000 + 0.000000),0.864000 (0.864000 + 0.000000),0.874000 (0.874000 + 0.000000),0.866000 (0.866000 + 0.000000),0.876000 (0.876000 + 0.000000),0.862000 (0.862000 + 0.000000),0.861000 (0.861000 + 0.000000),0.863000 (0.863000 + 0.000000),0.870000 (0.870000 + 0.000000)
34,0.885000 (0.885000 + 0.000000),0.873000 (0.873000 + 0.000000),0.867000 (0.867000 + 0.000000),0.869000 (0.869000 + 0.000000),0.869000 (0.869000 + 0.000000),0.869000 (0.869000 + 0.000000),0.870000 (0.870000 + 0.000000),0.861000 (0.861000 + 0.000000),0.862000 (0.862000 + 0.000000),0.879000 (0.879000 + 0.000000),0.859000 (0.859000 + 0.000000),0.875000 (0.875000 + 0.000000),0.865000 (0.865000 + 0.000000),0.886000 (0.886000 + 0.000000),0.879000 (0.879000 + 0.000000),0.882000 (0.882000 + 0.000000),0.864000 (0.864000 + 0.000000),0.866000 (0.866000 + 0.000000),0.882000 (0.882000 + 0.000000),0.882000 (0.882000 + 0.000000),0.879000 (0.879000 + 0.000000),0.876000 (0.876000 + 0.000000),0.870000 (0.870000 + 0.000000),0.853000 (0.853000 + 0.000000),0.864000 (0.864000 + 0.000000),0.851000 (0.851000 + 0.000000),0.855000 (0.855000 + 0.000000),0.881000 (0.881000 + 0.000000),0.858000 (0.858000 + 0.000000),0.864000 (0.864000 + 0.000000),0.866000 (0.866000 + 0.000000),0.867000 (0.867000 + 0.000000),0.859000 (0.859000 + 0.000000),0.880000 (0.880000 + 0.000000),0.873000 (0.873000 + 0.000000),0.874000 (0.874000 + 0.000000),0.874000 (0.874000 + 0.000000),0.872000 (0.872000 + 0.000000),0.874000 (0.874000 + 0.000000),0.871000 (0.871000 + 0.000000),0.866000 (0.866000 + 0.000000),0.876000 (0.876000 + 0.000000),0.869000 (0.869000 + 0.000000),0.870000 (0.870000 + 0.000000),0.881000 (0.881000 + 0.000000),0.860000 (0.860000 + 0.000000),0.857000 (0.857000 + 0.000000),0.862000 (0.862000 + 0.000000),0.862000 (0.862000 + 0.000000),0.868000 (0.868000 + 0.000000),0.856000 (0.856000 + 0.000000),0.856000 (0.856000 + 0.000000),0.867000 (0.867000 + 0.000000),0.872000 (0.872000 + 0.000000),0.860000 (0.860000 + 0.000000),0.852000 (0.852000 + 0.000000),0.855000 (0.855000 + 0.000000),0.874000 (0.874000 + 0.000000),0.859000 (0.859000 + 0.000000),0.863000 (0.863000 + 0.000000)
35,0.886000 (0.886000 + 0.000000),0.869000 (0.869000 + 0.000000),0.865000 (0.865000 + 0.000000),0.856000 (0.856000 + 0.000000),0.873000 (0.873000 + 0.000000),0.856000 (0.856000 + 0.000000),0.883000 (0.883000 + 0.000000),0.863000 (0.863000 + 0.000000),0.871000 (0.871000 + 0.000000),0.879000 (0.879000 + 0.000000),0.872000 (0.872000 + 0.000000),0.873000 (0.873000 + 0.000000),0.872000 (0.872000 + 0.000000),0.861000 (0.861000 + 0.000000),0.858000 (0.858000 + 0.000000),0.871000 (0.871000 + 0.000000),0.855000 (0.855000 + 0.000000),0.876000 (0.876000 + 0.000000),0.868000 (0.868000 + 0.000000),0.866000 (0.866000 + 0.000000),0.872000 (0.872000 + 0.000000),0.874000 (0.874000 + 0.000000),0.878000 (0.878000 + 0.000000),0.872000 (0.872000 + 0.000000),0.868000 (0.868000 + 0.000000),0.858000 (0.858000 + 0.000000),0.850000 (0.850000 + 0.000000),0.859000 (0.859000 + 0.000000),0.870000 (0.870000 + 0.000000),0.864000 (0.864000 + 0.000000),0.872000 (0.872000 + 0.000000),0.869000 (0.869000 + 0.000000),0.869000 (0.869000 + 0.000000),0.863000 (0.863000 + 0.000000),0.860000 (0.860000 + 0.000000),0.861000 (0.861000 + 0.000000),0.868000 (0.868000 + 0.000000),0.878000 (0.878000 + 0.000000),0.868000 (0.868000 + 0.000000),0.872000 (0.872000 + 0.000000),0.867000 (0.867000 + 0.000000),0.867000 (0.867000 + 0.000000),0.854000 (0.854000 + 0.000000),0.872000 (0.872000 + 0.000000),0.863000 (0.863000 + 0.000000),0.876000 (0.876000 + 0.000000),0.880000 (0.880000 + 0.000000),0.854000 (0.854000 + 0.000000),0.865000 (0.865000 + 0.000000),0.871000 (0.871000 + 0.000000),0.880000 (0.880000 + 0.000000),0.867000 (0.867000 + 0.000000),0.872000 (0.872000 + 0.000000),0.866000 (0.866000 + 0.000000),0.875000 (0.875000 + 0.000000),0.861000 (0.861000 + 0.000000),0.869000 (0.869000 + 0.000000),0.853000 (0.853000 + 0.000000),0.872000 (0.872000 + 0.000000),0.868000 (0.868000 + 0.000000)
36,0.886000 (0.886000 + 0.000000),0.868000 (0.868000 + 0.000000),0.876000 (0.876000 + 0.000000),0.865000 (0.865000 + 0.000000),0.870000 (0.870000 + 0.000000),0.883000 (0.883000 + 0.000000),0.875000 (0.875000 + 0.000000),0.880000 (0.880000 + 0.000000),0.871000 (0.871000 + 0.000000),0.868000 (0.868000 + 0.000000),0.869000 (0.869000 + 0.000000),0.877000 (0.877000 + 0.000000),0.870000 (0.870000 + 0.000000),0.869000 (0.869000 + 0.000000),0.860000 (0.860000 + 0.000000),0.872000 (0.872000 + 0.000000),0.877000 (0.877000 + 0.000000),0.855000 (0.855000 + 0.000000),0.872000 (0.872000 + 0.000000),0.864000 (0.864000 + 0.000000),0.856000 (0.856000 + 0.000000),0.863000 (0.863000 + 0.000000),0.872000 (0.872000 + 0.000000),0.870000 (0.870000 + 0.000000),0.872000 (0.872000 + 0.000000),0.873000 (0.873000 + 0.000000),0.878000 (0.878000 + 0.000000),0.869000 (0.869000 + 0.000000),0.864000 (0.864000 + 0.000000),0.865000 (0.865000 + 0.000000),0.872000 (0.872000 + 0.000000),0.867000 (0.867000 + 0.000000),0.867000 (0.867000 + 0.000000),0.867000 (0.867000 + 0.000000),0.882000 (0.882000 + 0.000000),0.876000 (0.876000 + 0.000000),0.869000 (0.869000 + 0.000000),0.870000 (0.870000 + 0.000000),0.866000 (0.866000 + 0.000000),0.869000 (0.869000 + 0.000000),0.863000 (0.863000 + 0.000000),0.863000 (0.863000 + 0.000000),0.876000 (0.876000 + 0.000000),0.877000 (0.877000 + 0.000000),0.859000 (0.859000 + 0.000000),0.863000 (0.863000 + 0.000000),0.873000 (0.873000 + 0.000000),0.872000 (0.872000 + 0.000000),0.877000 (0.877000 + 0.000000),0.868000 (0.868000 + 0.000000),0.863000 (0.863000 + 0.000000),0.875000 (0.875000 + 0.000000),0.875000 (0.875000 + 0.000000),0.864000 (0.864000 + 0.000000),0.867000 (0.867000 + 0.000000),0.879000 (0.879000 + 0.000000),0.858000 (0.858000 + 0.000000),0.861000 (0.861000 + 0.000000),0.872000 (0.872000 + 0.000000),0.867000 (0.867000 + 0.000000)
37,0.886000 (0.886000 + 0.000000),0.858000 (0.858000 + 0.000000),0.868000 (0.868000 + 0.000000),0.872000 (0.872000 + 0.000000),0.861000 (0.861000 + 0.000000),0.867000 (0.867000 + 0.000000),0.881000 (0.881000 + 0.000000),0.880000 (0.880000 + 0.000000),0.868000 (0.868000 + 0.000000),0.866000 (0.866000 + 0.000000),0.858000 (0.858000 + 0.000000),0.863000 (0.863000 + 0.000000),0.860000 (0.860000 + 0.000000),0.872000 (0.872000 + 0.000000),0.871000 (0.871000 + 0.000000),0.871000 (0.871000 + 0.000000),0.875000 (0.875000 + 0.000000),0.866000 (0.866000 + 0.000000),0.871000 (0.871000 + 0.000000),0.861000 (0.861000 + 0.000000),0.859000 (0.859000 + 0.000000),0.861000 (0.861000 + 0.000000),0.863000 (0.863000 + 0.000000),0.872000 (0.872000 + 0.000000),0.867000 (0.867000 + 0.000000),0.861000 (0.861000 + 0.000000),0.867000 (0.867000 + 0.000000),0.869000 (0.869000 + 0.000000),0.870000 (0.870000 + 0.000000),0.876000 (0.876000 + 0.000000),0.865000 (0.865000 + 0.000000),0.856000 (0.856000 + 0.000000),0.858000 (0.858000 + 0.000000),0.857000 (0.857000 + 0.000000),0.870000 (0.870000 + 0.000000),0.868000 (0.868000 + 0.000000),0.872000 (0.872000 + 0.000000),0.861000 (0.861000 + 0.000000),0.876000 (0.876000 + 0.000000),0.878000 (0.878000 + 0.000000),0.878000 (0.878000 + 0.000000),0.858000 (0.858000 + 0.000000),0.869000 (0.869000 + 0.000000),0.865000 (0.865000 + 0.000000),0.873000 (0.873000 + 0.000000),0.868000 (0.868000 + 0.000000),0.876000 (0.876000 + 0.000000),0.872000 (0.872000 + 0.000000),0.872000 (0.872000 + 0.000000),0.883000 (0.883000 + 0.000000),0.883000 (0.883000 + 0.000000),0.859000 (0.859000 + 0.000000),0.873000 (0.873000 + 0.000000),0.883000 (0.883000 + 0.000000),0.877000 (0.877000 + 0.000000),0.880000 (0.880000 + 0.000000),0.859000 (0.859000 + 0.000000),0.878000 (0.878000 + 0.000000),0.870000 (0.870000 + 0.000000),0.871000 (0.871000 + 0.000000)
38,0.886000 (0.886000 + 0.000000),0.874000 (0.874000 + 0.000000),0.879000 (0.879000 + 0.000000),0.867000 (0.867000 + 0.000000),0.875000 (0.875000 + 0.000000),0.872000 (0.872000 + 0.000000),0.874000 (0.874000 + 0.000000),0.876000 (0.876000 + 0.000000),0.877000 (0.877000 + 0.000000),0.868000 (0.868000 + 0.000000),0.882000 (0.882000 + 0.000000),0.871000 (0.871000 + 0.000000),0.865000 (0.865000 + 0.000000),0.878000 (0.878000 + 0.000000),0.873000 (0.873000 + 0.000000),0.865000 (0.865000 + 0.000000),0.877000 (0.877000 + 0.000000),0.853000 (0.853000 + 0.000000),0.868000 (0.868000 + 0.000000),0.876000 (0.876000 + 0.000000),0.872000 (0.872000 + 0.000000),0.858000 (0.858000 + 0.000000),0.872000 (0.872000 + 0.000000),0.870000 (0.870000 + 0.000000),0.868000 (0.868000 + 0.000000),0.876000 (0.876000 + 0.000000),0.858000 (0.858000 + 0.000000),0.872000 (0.872000 + 0.000000),0.863000 (0.863000 + 0.000000),0.855000 (0.855000 + 0.000000),0.853000 (0.853000 + 0.000000),0.877000 (0.877000 + 0.000000),0.867000 (0.867000 + 0.000000),0.863000 (0.863000 + 0.000000),0.861000 (0.861000 + 0.000000),0.871000 (0.871000 + 0.000000),0.871000 (0.871000 + 0.000000),0.866000 (0.866000 + 0.000000),0.881000 (0.881000 + 0.000000),0.864000 (0.864000 + 0.000000),0.861000 (0.861000 + 0.000000),0.853000 (0.853000 + 0.000000),0.880000 (0.880000 + 0.000000),0.869000 (0.869000 + 0.000000),0.885000 (0.885000 + 0.000000),0.856000 (0.856000 + 0.000000),0.872000 (0.872000 + 0.000000),0.879000 (0.879000 + 0.000000),0.872000 (0.872000 + 0.000000),0.876000 (0.876000 + 0.000000),0.873000 (0.873000 + 0.000000),0.864000 (0.864000 + 0.000000),0.854000 (0.854000 + 0.000000),0.867000 (0.867000 + 0.000000),0.862000 (0.862000 + 0.000000),0.869000 (0.869000 + 0.000000),0.860000 (0.860000 + 0.000000),0.881000 (0.881000 + 0.000000),0.867000 (0.867000 + 0.000000),0.870000 (0.870000 + 0.000000)
39,0.886000 (0.886000 + 0.000000),0.876000 (0.876000 + 0.000000),0.879000 (0.879000 + 0.000000),0.865000 (0.865000 + 0.000000),0.880000 (0.880000 + 0.000000),0.868000 (0.868000 + 0.000000),0.861000 (0.861000 + 0.000000),0.877000 (0.877000 + 0.000000),0.867000 (0.867000 + 0.000000),0.870000 (0.870000 + 0.000000),0.866000 (0.866000 + 0.000000),0.877000 (0.877000 + 0.000000),0.877000 (0.877000 + 0.000000),0.870000 (0.870000 + 0.000000),0.867000 (0.867000 + 0.000000),0.858000 (0.858000 + 0.000000),0.865000 (0.865000 + 0.000000),0.874000 (0.874000 + 0.000000),0.858000 (0.858000 + 0.000000),0.876000 (0.876000 + 0.000000),0.876000 (0.876000 + 0.000000),0.876000 (0.876000 + 0.000000),0.878000 (0.878000 + 0.000000),0.881000 (0.881000 + 0.000000),0.864000 (0.864000 + 0.000000),0.849000 (0.849000 + 0.000000),0.876000 (0.876000 + 0.000000),0.877000 (0.877000 + 0.000000),0.874000 (0.874000 + 0.000000),0.871000 (0.871000 + 0.000000),0.867000 (0.867000 + 0.000000),0.868000 (0.868000 + 0.000000),0.865000 (0.865000 + 0.000000),0.881000 (0.881000 + 0.000000),0.864000 (0.864000 + 0.000000),0.877000 (0.877000 + 0.000000),0.866000 (0.866000 + 0.000000),0.863000 (0.863000 + 0.000000),0.879000 (0.879000 + 0.000000),0.868000 (0.868000 + 0.000000),0.856000 (0.856000 + 0.000000),0.869000 (0.869000 + 0.000000),0.887000 (0.887000 + 0.000000),0.860000 (0.860000 + 0.000000),0.865000 (0.865000 + 0.000000),0.864000 (0.864000 + 0.000000),0.876000 (0.876000 + 0.000000),0.861000 (0.861000 + 0.000000),0.853000 (0.853000 + 0.000000),0.860000 (0.860000 + 0.000000),0.865000 (0.865000 + 0.000000),0.880000 (0.880000 + 0.000000),0.865000 (0.865000 + 0.000000),0.876000 (0.876000 + 0.000000),0.876000 (0.876000 + 0.000000),0.861000 (0.861000 + 0.000000),0.853000 (0.853000 + 0.000000),0.870000 (0.870000 + 0.000000),0.873000 (0.873000 + 0.000000),0.856000 (0.856000 + 0.000000)
40,0.887000 (0.887000 + 0.000000),0.878000 (0.878000 + 0.000000),0.853000 (0.853000 + 0.000000),0.869000 (0.869000 + 0.000000),0.862000 (0.862000 + 0.000000),0.858000 (0.858000 + 0.000000),0.859000 (0.859000 + 0.000000),0.866000 (0.866000 + 0.000000),0.878000 (0.878000 + 0.000000),0.865000 (0.865000 + 0.000000),0.873000 (0.873000 + 0.000000),0.857000 (0.857000 + 0.000000),0.857000 (0.857000 + 0.000000),0.873000 (0.873000 + 0.000000),0.870000 (0.870000 + 0.000000),0.870000 (0.870000 + 0.000000),0.866000 (0.866000 + 0.000000),0.865000 (0.865000 + 0.000000),0.868000 (0.868000 + 0.000000),0.871000 (0.871000 + 0.000000),0.887000 (0.887000 + 0.000000),0.870000 (0.870000 + 0.000000),0.866000 (0.866000 + 0.000000),0.882000 (0.882000 + 0.000000),0.867000 (0.867000 + 0.000000),0.863000 (0.863000 + 0.000000),0.870000 (0.870000 + 0.000000),0.861000 (0.861000 + 0.000000),0.875000 (0.875000 + 0.000000),0.867000 (0.867000 + 0.000000),0.866000 (0.866000 + 0.000000),0.871000 (0.871000 + 0.000000),0.883000 (0.883000 + 0.000000),0.852000 (0.852000 + 0.000000),0.871000 (0.871000 + 0.000000),0.876000 (0.876000 + 0.000000),0.880000 (0.880000 + 0.000000),0.871000 (0.871000 + 0.000000),0.863000 (0.863000 + 0.000000),0.859000 (0.859000 + 0.000000),0.874000 (0.874000 + 0.000000),0.867000 (0.867000 + 0.000000),0.880000 (0.880000 + 0.000000),0.879000 (0.879000 + 0.000000),0.863000 (0.863000 + 0.000000),0.865000 (0.865000 + 0.000000),0.863000 (0.863000 + 0.000000),0.858000 (0.858000 + 0.000000),0.870000 (0.870000 + 0.000000),0.872000 (0.872000 + 0.000000),0.866000 (0.866000 + 0.000000),0.878000 (0.878000 + 0.000000),0.863000 (0.863000 + 0.000000),0.870000 (0.870000 + 0.000000),0.880000 (0.880000 + 0.000000),0.862000 (0.862000 + 0.000000),0.879000 (0.879000 + 0.000000),0.886000 (0.886000 + 0.000000),0.858000 (0.858000 + 0.000000),0.876000 (0.876000 + 0.000000)
41,0.887000 (0.887000 + 0.000000),0.858000 (0.858000 + 0.000000),0.860000 (0.860000 + 0.000000),0.876000 (0.876000 + 0.000000),0.868000 (0.868000 + 0.000000),0.858000 (0.858000 + 0.000000),0.877000 (0.877000 + 0.000000),0.850000 (0.850000 + 0.000000),0.868000 (0.868000 + 0.000000),0.861000 (0.861000 + 0.000000),0.870000 (0.870000 + 0.000000),0.859000 (0.859000 + 0.000000),0.878000 (0.878000 + 0.000000),0.868000 (0.868000 + 0.000000),0.855000 (0.855000 + 0.000000),0.871000 (0.871000 + 0.000000),0.856000 (0.856000 + 0.000000),0.868000 (0.868000 + 0.000000),0.864000 (0.864000 + 0.000000),0.876000 (0.876000 + 0.000000),0.872000 (0.872000 + 0.000000),0.854000 (0.854000 + 0.000000),0.868000 (0.868000 + 0.000000),0.862000 (0.862000 + 0.000000),0.870000 (0.870000 + 0.000000),0.867000 (0.867000 + 0.000000),0.865000 (0.865000 + 0.000000),0.887000 (0.887000 + 0.000000),0.870000 (0.870000 + 0.000000),0.854000 (0.854000 + 0.000000),0.857000 (0.857000 + 0.000000),0.858000 (0.858000 + 0.000000),0.870000 (0.870000 + 0.000000),0.876000 (0.876000 + 0.000000),0.858000 (0.858000 + 0.000000),0.860000 (0.860000 + 0.000000),0.878000 (0.878000 + 0.000000),0.863000 (0.863000 + 0.000000),0.874000 (0.874000 + 0.000000),0.849000 (0.849000 + 0.000000),0.868000 (0.868000 + 0.000000),0.861000 (0.861000 + 0.000000),0.874000 (0.874000 + 0.000000),0.866000 (0.866000 + 0.000000),0.857000 (0.857000 + 0.000000),0.860000 (0.860000 + 0.000000),0.860000 (0.860000 + 0.000000),0.880000 (0.880000 + 0.000000),0.854000 (0.854000 + 0.000000),0.873000 (0.873000 + 0.000000),0.877000 (0.877000 + 0.000000),0.876000 (0.876000 + 0.000000),0.887000 (0.887000 + 0.000000),0.864000 (0.864000 + 0.000000),0.867000 (0.867000 + 0.000000),0.870000 (0.870000 + 0.000000),0.864000 (0.864000 + 0.000000),0.873000 (0.873000 + 0.000000),0.878000 (0.878000 + 0.000000),0.866000 (0.866000 + 0.000000)
42,0.887000 (0.887000 + 0.000000),0.874000 (0.874000 + 0.000000),0.867000 (0.867000 + 0.000000),0.873000 (0.873000 + 0.000000),0.872000 (0.872000 + 0.000000),0.868000 (0.868000 + 0.000000),0.869000 (0.869000 + 0.000000),0.876000 (0.876000 + 0.000000),0.864000 (0.864000 + 0.000000),0.862000 (0.862000 + 0.000000),0.883000 (0.883000 + 0.000000),0.880000 (0.880000 + 0.000000),0.861000 (0.861000 + 0.000000),0.868000 (0.868000 + 0.000000),0.863000 (0.863000 + 0.000000),0.874000 (0.874000 + 0.000000),0.864000 (0.864000 + 0.000000),0.855000 (0.855000 + 0.000000),0.867000 (0.867000 + 0.000000),0.874000 (0.874000 + 0.000000),0.839000 (0.839000 + 0.000000),0.853000 (0.853000 + 0.000000),0.867000 (0.867000 + 0.000000),0.865000 (0.865000 + 0.000000),0.858000 (0.858000 + 0.000000),0.868000 (0.868000 + 0.000000),0.874000 (0.874000 + 0.000000),0.858000 (0.858000 + 0.000000),0.865000 (0.865000 + 0.000000),0.871000 (0.871000 + 0.000000),0.864000 (0.864000 + 0.000000),0.878000 (0.878000 + 0.000000),0.863000 (0.863000 + 0.000000),0.865000 (0.865000 + 0.000000),0.881000 (0.881000 + 0.000000),0.864000 (0.864000 + 0.000000),0.853000 (0.853000 + 0.000000),0.873000 (0.873000 + 0.000000),0.868000 (0.868000 + 0.000000),0.864000 (0.864000 + 0.000000),0.862000 (0.862000 + 0.000000),0.860000 (0.860000 + 0.000000),0.861000 (0.861000 + 0.000000),0.872000 (0.872000 + 0.000000),0.870000 (0.870000 + 0.000000),0.872000 (0.872000 + 0.000000),0.866000 (0.866000 + 0.000000),0.873000 (0.873000 + 0.000000),0.881000 (0.881000 + 0.000000),0.857000 (0.857000 + 0.000000),0.849000 (0.849000 + 0.000000),0.873000 (0.873000 + 0.000000),0.870000 (0.870000 + 0.000000),0.868000 (0.868000 + 0.000000),0.860000 (0.860000 + 0.000000),0.862000 (0.862000 + 0.000000),0.853000 (0.853000 + 0.000000),0.878000 (0.878000 + 0.000000),0.877000 (0.877000 + 0.000000),0.856000 (0.856000 + 0.000000)
43,0.887000 (0.887000 + 0.000000),0.870000 (0.870000 + 0.000000),0.865000 (0.865000 + 0.000000),0.863000 (0.863000 + 0.000000),0.869000 (0.869000 + 0.000000),0.879000 (0.879000 + 0.000000),0.872000 (0.872000 + 0.000000),0.873000 (0.873000 + 0.000000),0.873000 (0.873000 + 0.000000),0.869000 (0.869000 + 0.000000),0.875000 (0.875000 + 0.000000),0.872000 (0.872000 + 0.000000),0.876000 (0.876000 + 0.000000),0.860000 (0.860000 + 0.000000),0.876000 (0.876000 + 0.000000),0.863000 (0.863000 + 0.000000),0.876000 (0.876000 + 0.000000),0.864000 (0.864000 + 0.000000),0.865000 (0.865000 + 0.000000),0.853000 (0.853000 + 0.000000),0.867000 (0.867000 + 0.000000),0.872000 (0.872000 + 0.000000),0.866000 (0.866000 + 0.000000),0.871000 (0.871000 + 0.000000),0.871000 (0.871000 + 0.000000),0.881000 (0.881000 + 0.000000),0.870000 (0.870000 + 0.000000),0.867000 (0.867000 + 0.000000),0.878000 (0.878000 + 0.000000),0.871000 (0.871000 + 0.000000),0.861000 (0.861000 + 0.000000),0.865000 (0.865000 + 0.000000),0.871000 (0.871000 + 0.000000),0.878000 (0.878000 + 0.000000),0.860000 (0.860000 + 0.000000),0.864000 (0.864000 + 0.000000),0.863000 (0.863000 + 0.000000),0.868000 (0.868000 + 0.000000),0.865000 (0.865000 + 0.000000),0.860000 (0.860000 + 0.000000),0.865000 (0.865000 + 0.000000),0.860000 (0.860000 + 0.000000),0.868000 (0.868000 + 0.000000),0.864000 (0.864000 + 0.000000),0.868000 (0.868000 + 0.000000),0.880000 (0.880000 + 0.000000),0.868000 (0.868000 + 0.000000),0.877000 (0.877000 + 0.000000),0.875000 (0.875000 + 0.000000),0.869000 (0.869000 + 0.000000),0.861000 (0.861000 + 0.000000),0.877000 (0.877000 + 0.000000),0.874000 (0.874000 + 0.000000),0.873000 (0.873000 + 0.000000),0.875000 (0.875000 + 0.000000),0.870000 (0.870000 + 0.000000),0.879000 (0.879000 + 0.000000),0.866000 (0.866000 + 0.000000),0.870000 (0.870000 + 0.000000),0.866000 (0.866000 + 0.000000)
44,0.887000 (0.887000 + 0.000000),0.863000 (0.863000 + 0.000000),0.875000 (0.875000 + 0.000000),0.872000 (0.872000 + 0.000000),0.872000 (0.872000 + 0.000000),0.865000 (0.865000 + 0.000000),0.890000 (0.890000 + 0.000000),0.875000 (0.875000 + 0.000000),0.877000 (0.877000 + 0.000000),0.861000 (0.861000 + 0.000000),0.867000 (0.867000 + 0.000000),0.865000 (0.865000 + 0.000000),0.864000 (0.864000 + 0.000000),0.868000 (0.868000 + 0.000000),0.860000 (0.860000 + 0.000000),0.860000 (0.860000 + 0.000000),0.865000 (0.865000 + 0.000000),0.867000 (0.867000 + 0.000000),0.870000 (0.870000 + 0.000000),0.865000 (0.865000 + 0.000000),0.877000 (0.877000 + 0.000000),0.872000 (0.872000 + 0.000000),0.867000 (0.867000 + 0.000000),0.869000 (0.869000 + 0.000000),0.876000 (0.876000 + 0.000000),0.885000 (0.885000 + 0.000000),0.853000 (0.853000 + 0.000000),0.871000 (0.871000 + 0.000000),0.857000 (0.857000 + 0.000000),0.873000 (0.873000 + 0.000000),0.876000 (0.876000 + 0.000000),0.874000 (0.874000 + 0.000000),0.873000 (0.873000 + 0.000000),0.863000 (0.863000 + 0.000000),0.872000 (0.872000 + 0.000000),0.869000 (0.869000 + 0.000000),0.871000 (0.871000 + 0.000000),0.869000 (0.869000 + 0.000000),0.870000 (0.870000 + 0.000000),0.856000 (0.856000 + 0.000000),0.870000 (0.870000 + 0.000000),0.863000 (0.863000 + 0.000000),0.857000 (0.857000 + 0.000000),0.877000 (0.877000 + 0.000000),0.865000 (0.865000 + 0.000000),0.872000 (0.872000 + 0.000000),0.868000 (0.868000 + 0.000000),0.863000 (0.863000 + 0.000000),0.877000 (0.877000 + 0.000000),0.873000 (0.873000 + 0.000000),0.861000 (0.861000 + 0.000000),0.869000 (0.869000 + 0.000000),0.860000 (0.860000 + 0.000000),0.855000 (0.855000 + 0.000000),0.875000 (0.875000 + 0.000000),0.868000 (0.868000 + 0.000000),0.872000 (0.872000 + 0.000000),0.873000 (0.873000 + 0.000000),0.873000 (0.873000 + 0.000000),0.850000 (0.850000 + 0.000000)
45,0.890000 (0.890000 + 0.000000),0.887000 (0.887000 + 0.000000),0.877000 (0.877000 + 0.000000),0.877000 (0.877000 + 0.000000),0.882000 (0.882000 + 0.000000),0.857000 (0.857000 + 0.000000),0.871000 (0.871000 + 0.000000),0.856000 (0.856000 + 0.000000),0.869000 (0.869000 + 0.000000),0.890000 (0.890000 + 0.000000),0.869000 (0.869000 + 0.000000),0.877000 (0.877000 + 0.000000),0.864000 (0.864000 + 0.000000),0.876000 (0.876000 + 0.000000),0.866000 (0.866000 + 0.000000),0.871000 (0.871000 + 0.000000),0.878000 (0.878000 + 0.000000),0.866000 (0.866000 + 0.000000),0.861000 (0.861000 + 0.000000),0.867000 (0.867000 + 0.000000),0.870000 (0.870000 + 0.000000),0.868000 (0.868000 + 0.000000),0.861000 (0.861000 + 0.000000),0.867000 (0.867000 + 0.000000),0.870000 (0.870000 + 0.000000),0.873000 (0.873000 + 0.000000),0.861000 (0.861000 + 0.000000),0.850000 (0.850000 + 0.000000),0.863000 (0.863000 + 0.000000),0.866000 (0.866000 + 0.000000),0.872000 (0.872000 + 0.000000),0.873000 (0.873000 + 0.000000),0.856000 (0.856000 + 0.000000),0.868000 (0.868000 + 0.000000),0.863000 (0.863000 + 0.000000),0.861000 (0.861000 + 0.000000),0.866000 (0.866000 + 0.000000),0.876000 (0.876000 + 0.000000),0.874000 (0.874000 + 0.000000),0.877000 (0.877000 + 0.000000),0.866000 (0.866000 + 0.000000),0.845000 (0.845000 + 0.000000),0.864000 (0.864000 + 0.000000),0.859000 (0.859000 + 0.000000),0.872000 (0.872000 + 0.000000),0.866000 (0.866000 + 0.000000),0.872000 (0.872000 + 0.000000),0.869000 (0.869000 + 0.000000),0.855000 (0.855000 + 0.000000),0.875000 (0.875000 + 0.000000),0.872000 (0.872000 + 0.000000),0.855000 (0.855000 + 0.000000),0.862000 (0.862000 + 0.000000),0.869000 (0.869000 + 0.000000),0.865000 (0.865000 + 0.000000),0.869000 (0.869000 + 0.000000),0.863000 (0.863000 + 0.000000),0.864000 (0.864000 + 0.000000),0.873000 (0.873000 + 0.000000),0.865000 (0.865000 + 0.000000)
46,0.890000 (0.890000 + 0.000000),0.875000 (0.875000 + 0.000000),0.876000 (0.876000 + 0.000000),0.873000 (0.873000 + 0.000000),0.876000 (0.876000 + 0.000000),0.866000 (0.866000 + 0.000000),0.861000 (0.861000 + 0.000000),0.863000 (0.863000 + 0.000000),0.857000 (0.857000 + 0.000000),0.865000 (0.865000 + 0.000000),0.871000 (0.871000 + 0.000000),0.876000 (0.876000 + 0.000000),0.867000 (0.867000 + 0.000000),0.870000 (0.870000 + 0.000000),0.856000 (0.856000 + 0.000000),0.865000 (0.865000 + 0.000000),0.863000 (0.863000 + 0.000000),0.860000 (0.860000 + 0.000000),0.872000 (0.872000 + 0.000000),0.866000 (0.866000 + 0.000000),0.869000 (0.869000 + 0.000000),0.871000 (0.871000 + 0.000000),0.874000 (0.874000 + 0.000000),0.881000 (0.881000 + 0.000000),0.873000 (0.873000 + 0.000000),0.866000 (0.866000 + 0.000000),0.876000 (0.876000 + 0.000000),0.874000 (0.874000 + 0.000000),0.857000 (0.857000 + 0.000000),0.858000 (0.858000 + 0.000000),0.871000 (0.871000 + 0.000000),0.877000 (0.877000 + 0.000000),0.869000 (0.869000 + 0.000000),0.866000 (0.866000 + 0.000000),0.853000 (0.853000 + 0.000000),0.867000 (0.867000 + 0.000000),0.880000 (0.880000 + 0.000000),0.868000 (0.868000 + 0.000000),0.877000 (0.877000 + 0.000000),0.890000 (0.890000 + 0.000000),0.887000 (0.887000 + 0.000000),0.879000 (0.879000 + 0.000000),0.872000 (0.872000 + 0.000000),0.866000 (0.866000 + 0.000000),0.846000 (0.846000 + 0.000000),0.870000 (0.870000 + 0.000000),0.874000 (0.874000 + 0.000000),0.862000 (0.862000 + 0.000000),0.861000 (0.861000 + 0.000000),0.863000 (0.863000 + 0.000000),0.874000 (0.874000 + 0.000000),0.874000 (0.874000 + 0.000000),0.871000 (0.871000 + 0.000000),0.858000 (0.858000 + 0.000000),0.862000 (0.862000 + 0.000000),0.880000 (0.880000 + 0.000000),0.855000 (0.855000 + 0.000000),0.863000 (0.863000 + 0.000000),0.871000 (0.871000 + 0.000000),0.873000 (0.873000 + 0.000000)
47,0.890000 (0.890000 + 0.000000),0.870000 (0.870000 + 0.000000),0.890000 (0.890000 + 0.000000),0.857000 (0.857000 + 0.000000),0.876000 (0.876000 + 0.000000),0.871000 (0.871000 + 0.000000),0.865000 (0.865000 + 0.000000),0.879000 (0.879000 + 0.000000),0.867000 (0.867000 + 0.000000),0.874000 (0.874000 + 0.000000),0.863000 (0.863000 + 0.000000),0.843000 (0.843000 + 0.000000),0.866000 (0.866000 + 0.000000),0.856000 (0.856000 + 0.000000),0.874000 (0.874000 + 0.000000),0.853000 (0.853000 + 0.000000),0.872000 (0.872000 + 0.000000),0.864000 (0.864000 + 0.000000),0.877000 (0.877000 + 0.000000),0.866000 (0.866000 + 0.000000),0.871000 (0.871000 + 0.000000),0.869000 (0.869000 + 0.000000),0.865000 (0.865000 + 0.000000),0.863000 (0.863000 + 0.000000),0.872000 (0.872000 + 0.000000),0.867000 (0.867000 + 0.000000),0.875000 (0.875000 + 0.000000),0.865000 (0.865000 + 0.000000),0.863000 (0.863000 + 0.000000),0.875000 (0.875000 + 0.000000),0.875000 (0.875000 + 0.000000),0.877000 (0.877000 + 0.000000),0.871000 (0.871000 + 0.000000),0.882000 (0.882000 + 0.000000),0.869000 (0.869000 + 0.000000),0.870000 (0.870000 + 0.000000),0.868000 (0.868000 + 0.000000),0.878000 (0.878000 + 0.000000),0.886000 (0.886000 + 0.000000),0.861000 (0.861000 + 0.000000),0.878000 (0.878000 + 0.000000),0.882000 (0.882000 + 0.000000),0.872000 (0.872000 + 0.000000),0.881000 (0.881000 + 0.000000),0.872000 (0.872000 + 0.000000),0.859000 (0.859000 + 0.000000),0.863000 (0.863000 + 0.000000),0.865000 (0.865000 + 0.000000),0.870000 (0.870000 + 0.000000),0.870000 (0.870000 + 0.000000),0.876000 (0.876000 + 0.000000),0.862000 (0.862000 + 0.000000),0.883000 (0.883000 + 0.000000),0.880000 (0.880000 + 0.000000),0.876000 (0.876000 + 0.000000),0.876000 (0.876000 + 0.000000),0.875000 (0.875000 + 0.000000),0.863000 (0.863000 + 0.000000),0.863000 (0.863000 + 0.000000),0.879000 (0.879000 + 0.000000)
48,0.890000 (0.890000 + 0.000000),0.884000 (0.884000 + 0.000000),0.858000 (0.858000 + 0.000000),0.864000 (0.864000 + 0.000000),0.870000 (0.870000 + 0.000000),0.876000 (0.876000 + 0.000000),0.865000 (0.865000 + 0.000000),0.877000 (0.877000 + 0.000000),0.867000 (0.867000 + 0.000000),0.855000 (0.855000 + 0.000000),0.878000 (0.878000 + 0.000000),0.865000 (0.865000 + 0.000000),0.871000 (0.871000 + 0.000000),0.850000 (0.850000 + 0.000000),0.858000 (0.858000 + 0.000000),0.866000 (0.866000 + 0.000000),0.868000 (0.868000 + 0.000000),0.878000 (0.878000 + 0.000000),0.867000 (0.867000 + 0.000000),0.871000 (0.871000 + 0.000000),0.862000 (0.862000 + 0.000000),0.880000 (0.880000 + 0.000000),0.859000 (0.859000 + 0.000000),0.874000 (0.874000 + 0.000000),0.881000 (0.881000 + 0.000000),0.863000 (0.863000 + 0.000000),0.867000 (0.867000 + 0.000000),0.871000 (0.871000 + 0.000000),0.876000 (0.876000 + 0.000000),0.874000 (0.874000 + 0.000000),0.877000 (0.877000 + 0.000000),0.872000 (0.872000 + 0.000000),0.877000 (0.877000 + 0.000000),0.879000 (0.879000 + 0.000000),0.875000 (0.875000 + 0.000000),0.871000 (0.871000 + 0.000000),0.890000 (0.890000 + 0.000000),0.883000 (0.883000 + 0.000000),0.871000 (0.871000 + 0.000000),0.864000 (0.864000 + 0.000000),0.872000 (0.872000 + 0.000000),0.881000 (0.881000 + 0.000000),0.864000 (0.864000 + 0.000000),0.874000 (0.874000 + 0.000000),0.863000 (0.863000 + 0.000000),0.882000 (0.882000 + 0.000000),0.876000 (0.876000 + 0.000000),0.869000 (0.869000 + 0.000000),0.868000 (0.868000 + 0.000000),0.848000 (0.848000 + 0.000000),0.866000 (0.866000 + 0.000000),0.876000 (0.876000 + 0.000000),0.872000 (0.872000 + 0.000000),0.868000 (0.868000 + 0.000000),0.860000 (0.860000 + 0.000000),0.882000 (0.882000 + 0.000000),0.873000 (0.873000 + 0.000000),0.875000 (0.875000 + 0.000000),0.875000 (0.875000 + 0.000000),0.866000 (0.866000 + 0.000000)
49,0.890000 (0.890000 + 0.000000),0.882000 (0.882000 + 0.000000),0.857000 (0.857000 + 0.000000),0.870000 (0.870000 + 0.000000),0.876000 (0.876000 + 0.000000),0.878000 (0.878000 + 0.000000),0.878000 (0.878000 + 0.000000),0.872000 (0.872000 + 0.000000),0.865000 (0.865000 + 0.000000),0.878000 (0.878000 + 0.000000),0.867000 (0.867000 + 0.000000),0.879000 (0.879000 + 0.000000),0.876000 (0.876000 + 0.000000),0.871000 (0.871000 + 0.000000),0.866000 (0.866000 + 0.000000),0.872000 (0.872000 + 0.000000),0.877000 (0.877000 + 0.000000),0.876000 (0.876000 + 0.000000),0.877000 (0.877000 + 0.000000),0.890000 (0.890000 + 0.000000),0.865000 (0.865000 + 0.000000),0.877000 (0.877000 + 0.000000),0.869000 (0.869000 + 0.000000),0.886000 (0.886000 + 0.000000),0.879000 (0.879000 + 0.000000),0.871000 (0.871000 + 0.000000),0.869000 (0.869000 + 0.000000),0.881000 (0.881000 + 0.000000),0.868000 (0.868000 + 0.000000),0.871000 (0.871000 + 0.000000),0.863000 (0.863000 + 0.000000),0.871000 (0.871000 + 0.000000),0.871000 (0.871000 + 0.000000),0.874000 (0.874000 + 0.000000),0.881000 (0.881000 + 0.000000),0.882000 (0.882000 + 0.000000),0.888000 (0.888000 + 0.000000),0.876000 (0.876000 + 0.000000),0.885000 (0.885000 + 0.000000),0.874000 (0.874000 + 0.000000),0.859000 (0.859000 + 0.000000),0.872000 (0.872000 + 0.000000),0.873000 (0.873000 + 0.000000),0.880000 (0.880000 + 0.000000),0.869000 (0.869000 + 0.000000),0.864000 (0.864000 + 0.000000),0.873000 (0.873000 + 0.000000),0.882000 (0.882000 + 0.000000),0.866000 (0.866000 + 0.000000),0.864000 (0.864000 + 0.000000),0.855000 (0.855000 + 0.000000),0.871000 (0.871000 + 0.000000),0.862000 (0.862000 + 0.000000),0.875000 (0.875000 + 0.000000),0.875000 (0.875000 + 0.000000),0.875000 (0.875000 + 0.000000),0.876000 (0.876000 + 0.000000),0.871000 (0.871000 + 0.000000),0.857000 (0.857000 + 0.000000),0.863000 (0.863000 + 0.000000)
50,0.890000 (0.890000 + 0.000000),0.879000 (0.879000 + 0.000000),0.877000 (0.877000 + 0.000000),0.876000 (0.876000 + 0.000000),0.862000 (0.862000 + 0.000000),0.879000 (0.879000 + 0.000000),0.874000 (0.874000 + 0.000000),0.874000 (0.874000 + 0.000000),0.868000 (0.868000 + 0.000000),0.892000 (0.892000 + 0.000000),0.871000 (0.871000 + 0.000000),0.848000 (0.848000 + 0.000000),0.870000 (0.870000 + 0.000000),0.877000 (0.877000 + 0.000000),0.884000 (0.884000 + 0.000000),0.869000 (0.869000 + 0.000000),0.869000 (0.869000 + 0.000000),0.878000 (0.878000 + 0.000000),0.878000 (0.878000 + 0.000000),0.860000 (0.860000 + 0.000000),0.866000 (0.866000 + 0.000000),0.858000 (0.858000 + 0.000000),0.888000 (0.888000 + 0.000000),0.869000 (0.869000 + 0.000000),0.873000 (0.873000 + 0.000000),0.869000 (0.869000 + 0.000000),0.865000 (0.865000 + 0.000000),0.862000 (0.862000 + 0.000000),0.881000 (0.881000 + 0.000000),0.879000 (0.879000 + 0.000000),0.892000 (0.892000 + 0.000000),0.875000 (0.875000 + 0.000000),0.872000 (0.872000 + 0.000000),0.881000 (0.881000 + 0.000000),0.871000 (0.871000 + 0.000000),0.867000 (0.867000 + 0.000000),0.868000 (0.868000 + 0.000000),0.885000 (0.885000 + 0.000000),0.870000 (0.870000 + 0.000000),0.853000 (0.853000 + 0.000000),0.882000 (0.882000 + 0.000000),0.870000 (0.870000 + 0.000000),0.863000 (0.863000 + 0.000000),0.879000 (0.879000 + 0.000000),0.880000 (0.880000 + 0.000000),0.878000 (0.878000 + 0.000000),0.869000 (0.869000 + 0.000000),0.867000 (0.867000 + 0.000000),0.885000 (0.885000 + 0.000000),0.862000 (0.862000 + 0.000000),0.877000 (0.877000 + 0.000000),0.874000 (0.874000 + 0.000000),0.866000 (0.866000 + 0.000000),0.867000 (0.867000 + 0.000000),0.880000 (0.880000 + 0.000000),0.862000 (0.862000 + 0.000000),0.861000 (0.861000 + 0.000000),0.880000 (0.880000 + 0.000000),0.877000 (0.877000 + 0.000000),0.868000 (0.868000 + 0.000000)
51,0.892000 (0.892000 + 0.000000),0.879000 (0.879000 + 0.000000),0.867000 (0.867000 + 0.000000),0.859000 (0.859000 + 0.000000),0.876000 (0.876000 + 0.000000),0.880000 (0.880000 + 0.000000),0.878000 (0.878000 + 0.000000),0.884000 (0.884000 + 0.000000),0.890000 (0.890000 + 0.000000),0.861000 (0.861000 + 0.000000),0.860000 (0.860000 + 0.000000),0.885000 (0.885000 + 0.000000),0.882000 (0.882000 + 0.000000),0.878000 (0.878000 + 0.000000),0.864000 (0.864000 + 0.000000),0.869000 (0.869000 + 0.000000),0.859000 (0.859000 + 0.000000),0.870000 (0.870000 + 0.000000),0.878000 (0.878000 + 0.000000),0.881000 (0.881000 + 0.000000),0.878000 (0.878000 + 0.000000),0.873000 (0.873000 + 0.000000),0.876000 (0.876000 + 0.000000),0.875000 (0.875000 + 0.000000),0.877000 (0.877000 + 0.000000),0.866000 (0.866000 + 0.000000),0.870000 (0.870000 + 0.000000),0.874000 (0.874000 + 0.000000),0.875000 (0.875000 + 0.000000),0.875000 (0.875000 + 0.000000),0.867000 (0.867000 + 0.000000),0.879000 (0.879000 + 0.000000),0.885000 (0.885000 + 0.000000),0.875000 (0.875000 + 0.000000),0.886000 (0.886000 + 0.000000),0.871000 (0.871000 + 0.000000),0.866000 (0.866000 + 0.000000),0.872000 (0.872000 + 0.000000),0.861000 (0.861000 + 0.000000),0.873000 (0.873000 + 0.000000),0.864000 (0.864000 + 0.000000),0.889000 (0.889000 + 0.000000),0.852000 (0.852000 + 0.000000),0.877000 (0.877000 + 0.000000),0.861000 (0.861000 + 0.000000),0.869000 (0.869000 + 0.000000),0.857000 (0.857000 + 0.000000),0.871000 (0.871000 + 0.000000),0.877000 (0.877000 + 0.000000),0.866000 (0.866000 + 0.000000),0.874000 (0.874000 + 0.000000),0.878000 (0.878000 + 0.000000),0.854000 (0.854000 + 0.000000),0.882000 (0.882000 + 0.000000),0.861000 (0.861000 + 0.000000),0.861000 (0.861000 + 0.000000),0.878000 (0.878000 + 0.000000),0.876000 (0.876000 + 0.000000),0.890000 (0.890000 + 0.000000),0.878000 (0.878000 + 0.000000)
52,0.892000 (0.892000 + 0.000000),0.853000 (0.853000 + 0.000000),0.867000 (0.867000 + 0.000000),0.871000 (0.871000 + 0.000000),0.871000 (0.871000 + 0.000000),0.867000 (0.867000 + 0.000000),0.855000 (0.855000 + 0.000000),0.863000 (0.863000 + 0.000000),0.878000 (0.878000 + 0.000000),0.873000 (0.873000 + 0.000000),0.861000 (0.861000 + 0.000000),0.878000 (0.878000 + 0.000000),0.880000 (0.880000 + 0.000000),0.887000 (0.887000 + 0.000000),0.861000 (0.861000 + 0.000000),0.889000 (0.889000 + 0.000000),0.875000 (0.875000 + 0.000000),0.882000 (0.882000 + 0.000000),0.877000 (0.877000 + 0.000000),0.882000 (0.882000 + 0.000000),0.876000 (0.876000 + 0.000000),0.872000 (0.872000 + 0.000000),0.880000 (0.880000 + 0.000000),0.861000 (0.861000 + 0.000000),0.873000 (0.873000 + 0.000000),0.874000 (0.874000 + 0.000000),0.873000 (0.873000 + 0.000000),0.859000 (0.859000 + 0.000000),0.871000 (0.871000 + 0.000000),0.880000 (0.880000 + 0.000000),0.878000 (0.878000 + 0.000000),0.867000 (0.867000 + 0.000000),0.878000 (0.878000 + 0.000000),0.890000 (0.890000 + 0.000000),0.875000 (0.875000 + 0.000000),0.868000 (0.868000 + 0.000000),0.881000 (0.881000 + 0.000000),0.866000 (0.866000 + 0.000000),0.877000 (0.877000 + 0.000000),0.866000 (0.866000 + 0.000000),0.879000 (0.879000 + 0.000000),0.866000 (0.866000 + 0.000000),0.870000 (0.870000 + 0.000000),0.891000 (0.891000 + 0.000000),0.876000 (0.876000 + 0.000000),0.873000 (0.873000 + 0.000000),0.873000 (0.873000 + 0.000000),0.879000 (0.879000 + 0.000000),0.872000 (0.872000 + 0.000000),0.892000 (0.892000 + 0.000000),0.876000 (0.876000 + 0.000000),0.881000 (0.881000 + 0.000000),0.857000 (0.857000 + 0.000000),0.885000 (0.885000 + 0.000000),0.882000 (0.882000 + 0.000000),0.870000 (0.870000 + 0.000000),0.864000 (0.864000 + 0.000000),0.878000 (0.878000 + 0.000000),0.878000 (0.878000 + 0.000000),0.875000 (0.875000 + 0.000000)
53,0.892000 (0.892000 + 0.000000),0.880000 (0.880000 + 0.000000),0.870000 (0.870000 + 0.000000),0.878000 (0.878000 + 0.000000),0.871000 (0.871000 + 0.000000),0.868000 (0.868000 + 0.000000),0.877000 (0.877000 + 0.000000),0.877000 (0.877000 + 0.000000),0.872000 (0.872000 + 0.000000),0.882000 (0.882000 + 0.000000),0.890000 (0.890000 + 0.000000),0.876000 (0.876000 + 0.000000),0.886000 (0.886000 + 0.000000),0.873000 (0.873000 + 0.000000),0.884000 (0.884000 + 0.000000),0.874000 (0.874000 + 0.000000),0.876000 (0.876000 + 0.000000),0.880000 (0.880000 + 0.000000),0.865000 (0.865000 + 0.000000),0.879000 (0.879000 + 0.000000),0.871000 (0.871000 + 0.000000),0.884000 (0.884000 + 0.000000),0.870000 (0.870000 + 0.000000),0.882000 (0.882000 + 0.000000),0.882000 (0.882000 + 0.000000),0.878000 (0.878000 + 0.000000),0.872000 (0.872000 + 0.000000),0.869000 (0.869000 + 0.000000),0.869000 (0.869000 + 0.000000),0.879000 (0.879000 + 0.000000),0.867000 (0.867000 + 0.000000),0.877000 (0.877000 + 0.000000),0.881000 (0.881000 + 0.000000),0.881000 (0.881000 + 0.000000),0.866000 (0.866000 + 0.000000),0.877000 (0.877000 + 0.000000),0.874000 (0.874000 + 0.000000),0.876000 (0.876000 + 0.000000),0.876000 (0.876000 + 0.000000),0.881000 (0.881000 + 0.000000),0.878000 (0.878000 + 0.000000),0.888000 (0.888000 + 0.000000),0.871000 (0.871000 + 0.000000),0.860000 (0.860000 + 0.000000),0.873000 (0.873000 + 0.000000),0.879000 (0.879000 + 0.000000),0.871000 (0.871000 + 0.000000),0.884000 (0.884000 + 0.000000),0.874000 (0.874000 + 0.000000),0.868000 (0.868000 + 0.000000),0.878000 (0.878000 + 0.000000),0.859000 (0.859000 + 0.000000),0.875000 (0.875000 + 0.000000),0.855000 (0.855000 + 0.000000),0.884000 (0.884000 + 0.000000),0.878000 (0.878000 + 0.000000),0.872000 (0.872000 + 0.000000),0.875000 (0.875000 + 0.000000),0.889000 (0.889000 + 0.000000),0.880000 (0.880000 + 0.000000)
54,0.892000 (0.892000 + 0.000000),0.870000 (0.870000 + 0.000000),0.876000 (0.876000 + 0.000000),0.874000 (0.874000 + 0.000000),0.877000 (0.877000 + 0.000000),0.880000 (0.880000 + 0.000000),0.874000 (0.874000 + 0.000000),0.881000 (0.881000 + 0.000000),0.882000 (0.882000 + 0.000000),0.876000 (0.876000 + 0.000000),0.876000 (0.876000 + 0.000000),0.865000 (0.865000 + 0.000000),0.892000 (0.892000 + 0.000000),0.870000 (0.870000 + 0.000000),0.865000 (0.865000 + 0.000000),0.877000 (0.877000 + 0.000000),0.875000 (0.875000 + 0.000000),0.877000 (0.877000 + 0.000000),0.844000 (0.844000 + 0.000000),0.871000 (0.871000 + 0.000000),0.880000 (0.880000 + 0.000000),0.859000 (0.859000 + 0.000000),0.883000 (0.883000 + 0.000000),0.872000 (0.872000 + 0.000000),0.865000 (0.865000 + 0.000000),0.872000 (0.872000 + 0.000000),0.882000 (0.882000 + 0.000000),0.880000 (0.880000 + 0.000000),0.871000 (0.871000 + 0.000000),0.892000 (0.892000 + 0.000000),0.888000 (0.888000 + 0.000000),0.880000 (0.880000 + 0.000000),0.882000 (0.882000 + 0.000000),0.877000 (0.877000 + 0.000000),0.863000 (0.863000 + 0.000000),0.865000 (0.865000 + 0.000000),0.879000 (0.879000 + 0.000000),0.882000 (0.882000 + 0.000000),0.866000 (0.866000 + 0.000000),0.878000 (0.878000 + 0.000000),0.869000 (0.869000 + 0.000000),0.882000 (0.882000 + 0.000000),0.877000 (0.877000 + 0.000000),0.869000 (0.869000 + 0.000000),0.872000 (0.872000 + 0.000000),0.884000 (0.884000 + 0.000000),0.879000 (0.879000 + 0.000000),0.868000 (0.868000 + 0.000000),0.864000 (0.864000 + 0.000000),0.877000 (0.877000 + 0.000000),0.852000 (0.852000 + 0.000000),0.878000 (0.878000 + 0.000000),0.877000 (0.877000 + 0.000000),0.870000 (0.870000 + 0.000000),0.880000 (0.880000 + 0.000000),0.881000 (0.881000 + 0.000000),0.869000 (0.869000 + 0.000000),0.871000 (0.871000 + 0.000000),0.873000 (0.873000 + 0.000000),0.881000 (0.881000 + 0.000000)
55,0.892000 (0.892000 + 0.000000),0.861000 (0.861000 + 0.000000),0.878000 (0.878000 + 0.000000),0.878000 (0.878000 + 0.000000),0.883000 (0.883000 + 0.000000),0.876000 (0.876000 + 0.000000),0.870000 (0.870000 + 0.000000),0.874000 (0.874000 + 0.000000),0.884000 (0.884000 + 0.000000),0.880000 (0.880000 + 0.000000),0.892000 (0.892000 + 0.000000),0.876000 (0.876000 + 0.000000),0.879000 (0.879000 + 0.000000),0.874000 (0.874000 + 0.000000),0.882000 (0.882000 + 0.000000),0.866000 (0.866000 + 0.000000),0.878000 (0.878000 + 0.000000),0.873000 (0.873000 + 0.000000),0.876000 (0.876000 + 0.000000),0.870000 (0.870000 + 0.000000),0.864000 (0.864000 + 0.000000),0.878000 (0.878000 + 0.000000),0.879000 (0.879000 + 0.000000),0.885000 (0.885000 + 0.000000),0.867000 (0.867000 + 0.000000),0.881000 (0.881000 + 0.000000),0.881000 (0.881000 + 0.000000),0.892000 (0.892000 + 0.000000),0.882000 (0.882000 + 0.000000),0.872000 (0.872000 + 0.000000),0.881000 (0.881000 + 0.000000),0.886000 (0.886000 + 0.000000),0.864000 (0.864000 + 0.000000),0.883000 (0.883000 + 0.000000),0.861000 (0.861000 + 0.000000),0.873000 (0.873000 + 0.000000),0.873000 (0.873000 + 0.000000),0.874000 (0.874000 + 0.000000),0.877000 (0.877000 + 0.000000),0.881000 (0.881000 + 0.000000),0.877000 (0.877000 + 0.000000),0.867000 (0.867000 + 0.000000),0.872000 (0.872000 + 0.000000),0.871000 (0.871000 + 0.000000),0.880000 (0.880000 + 0.000000),0.874000 (0.874000 + 0.000000),0.870000 (0.870000 + 0.000000),0.888000 (0.888000 + 0.000000),0.882000 (0.882000 + 0.000000),0.872000 (0.872000 + 0.000000),0.878000 (0.878000 + 0.000000),0.877000 (0.877000 + 0.000000),0.871000 (0.871000 + 0.000000),0.880000 (0.880000 + 0.000000),0.881000 (0.881000 + 0.000000),0.868000 (0.868000 + 0.000000),0.879000 (0.879000 + 0.000000),0.880000 (0.880000 + 0.000000),0.872000 (0.872000 + 0.000000),0.868000 (0.868000 + 0.000000)
56,0.892000 (0.892000 + 0.000000),0.892000 (0.892000 + 0.000000),0.888000 (0.888000 + 0.000000),0.872000 (0.872000 + 0.000000),0.882000 (0.882000 + 0.000000),0.874000 (0.874000 + 0.000000),0.877000 (0.877000 + 0.000000),0.888000 (0.888000 + 0.000000),0.859000 (0.859000 + 0.000000),0.863000 (0.863000 + 0.000000),0.875000 (0.875000 + 0.000000),0.872000 (0.872000 + 0.000000),0.873000 (0.873000 + 0.000000),0.873000 (0.873000 + 0.000000),0.892000 (0.892000 + 0.000000),0.877000 (0.877000 + 0.000000),0.863000 (0.863000 + 0.000000),0.876000 (0.876000 + 0.000000),0.878000 (0.878000 + 0.000000),0.867000 (0.867000 + 0.000000),0.866000 (0.866000 + 0.000000),0.883000 (0.883000 + 0.000000),0.881000 (0.881000 + 0.000000),0.882000 (0.882000 + 0.000000),0.875000 (0.875000 + 0.000000),0.874000 (0.874000 + 0.000000),0.886000 (0.886000 + 0.000000),0.879000 (0.879000 + 0.000000),0.886000 (0.886000 + 0.000000),0.892000 (0.892000 + 0.000000),0.865000 (0.865000 + 0.000000),0.888000 (0.888000 + 0.000000),0.885000 (0.885000 + 0.000000),0.872000 (0.872000 + 0.000000),0.877000 (0.877000 + 0.000000),0.879000 (0.879000 + 0.000000),0.879000 (0.879000 + 0.000000),0.884000 (0.884000 + 0.000000),0.860000 (0.860000 + 0.000000),0.863000 (0.863000 + 0.000000),0.865000 (0.865000 + 0.000000),0.876000 (0.876000 + 0.000000),0.886000 (0.886000 + 0.000000),0.883000 (0.883000 + 0.000000),0.871000 (0.871000 + 0.000000),0.886000 (0.886000 + 0.000000),0.870000 (0.870000 + 0.000000),0.872000 (0.872000 + 0.000000),0.873000 (0.873000 + 0.000000),0.878000 (0.878000 + 0.000000),0.885000 (0.885000 + 0.000000),0.872000 (0.872000 + 0.000000),0.884000 (0.884000 + 0.000000),0.881000 (0.881000 + 0.000000),0.878000 (0.878000 + 0.000000),0.875000 (0.875000 + 0.000000),0.873000 (0.873000 + 0.000000),0.875000 (0.875000 + 0.000000),0.876000 (0.876000 + 0.000000),0.873000 (0.873000 + 0.000000)
57,0.892000 (0.892000 + 0.000000),0.879000 (0.879000 + 0.000000),0.870000 (0.870000 + 0.000000),0.883000 (0.883000 + 0.000000),0.894000 (0.894000 + 0.000000),0.882000 (0.882000 + 0.000000),0.871000 (0.871000 + 0.000000),0.873000 (0.873000 + 0.000000),0.888000 (0.888000 + 0.000000),0.885000 (0.885000 + 0.000000),0.883000 (0.883000 + 0.000000),0.876000 (0.876000 + 0.000000),0.886000 (0.886000 + 0.000000),0.860000 (0.860000 + 0.000000),0.878000 (0.878000 + 0.000000),0.892000 (0.892000 + 0.000000),0.879000 (0.879000 + 0.000000),0.875000 (0.875000 + 0.000000),0.886000 (0.886000 + 0.000000),0.878000 (0.878000 + 0.000000),0.888000 (0.888000 + 0.000000),0.869000 (0.869000 + 0.000000),0.874000 (0.874000 + 0.000000),0.876000 (0.876000 + 0.000000),0.876000 (0.876000 + 0.000000),0.888000 (0.888000 + 0.000000),0.857000 (0.857000 + 0.000000),0.866000 (0.866000 + 0.000000),0.876000 (0.876000 + 0.000000),0.872000 (0.872000 + 0.000000),0.886000 (0.886000 + 0.000000),0.857000 (0.857000 + 0.000000),0.887000 (0.887000 + 0.000000),0.865000 (0.865000 + 0.000000),0.877000 (0.877000 + 0.000000),0.876000 (0.876000 + 0.000000),0.878000 (0.878000 + 0.000000),0.886000 (0.886000 + 0.000000),0.868000 (0.868000 + 0.000000),0.877000 (0.877000 + 0.000000),0.865000 (0.865000 + 0.000000),0.867000 (0.867000 + 0.000000),0.883000 (0.883000 + 0.000000),0.867000 (0.867000 + 0.000000),0.884000 (0.884000 + 0.000000),0.877000 (0.877000 + 0.000000),0.876000 (0.876000 + 0.000000),0.880000 (0.880000 + 0.000000),0.878000 (0.878000 + 0.000000),0.871000 (0.871000 + 0.000000),0.864000 (0.864000 + 0.000000),0.888000 (0.888000 + 0.000000),0.854000 (0.854000 + 0.000000),0.884000 (0.884000 + 0.000000),0.892000 (0.892000 + 0.000000),0.878000 (0.878000 + 0.000000),0.873000 (0.873000 + 0.000000),0.862000 (0.862000 + 0.000000),0.886000 (0.886000 + 0.000000),0.865000 (0.865000 + 0.000000)
58,0.894000 (0.894000 + 0.000000),0.878000 (0.878000 + 0.000000),0.866000 (0.866000 + 0.000000),0.888000 (0.888000 + 0.000000),0.870000 (0.870000 + 0.000000),0.871000 (0.871000 + 0.000000),0.880000 (0.880000 + 0.000000),0.877000 (0.877000 + 0.000000),0.876000 (0.876000 + 0.000000),0.888000 (0.888000 + 0.000000),0.884000 (0.884000 + 0.000000),0.872000 (0.872000 + 0.000000),0.875000 (0.875000 + 0.000000),0.882000 (0.882000 + 0.000000),0.889000 (0.889000 + 0.000000),0.888000 (0.888000 + 0.000000),0.851000 (0.851000 + 0.000000),0.879000 (0.879000 + 0.000000),0.884000 (0.884000 + 0.000000),0.872000 (0.872000 + 0.000000),0.876000 (0.876000 + 0.000000),0.881000 (0.881000 + 0.000000),0.884000 (0.884000 + 0.000000),0.894000 (0.894000 + 0.000000),0.876000 (0.876000 + 0.000000),0.871000 (0.871000 + 0.000000),0.887000 (0.887000 + 0.000000),0.880000 (0.880000 + 0.000000),0.871000 (0.871000 + 0.000000),0.871000 (0.871000 + 0.000000),0.862000 (0.862000 + 0.000000),0.877000 (0.877000 + 0.000000),0.871000 (0.871000 + 0.000000),0.873000 (0.873000 + 0.000000),0.865000 (0.865000 + 0.000000),0.871000 (0.871000 + 0.000000),0.859000 (0.859000 + 0.000000),0.885000 (0.885000 + 0.000000),0.874000 (0.874000 + 0.000000),0.873000 (0.873000 + 0.000000),0.861000 (0.861000 + 0.000000),0.871000 (0.871000 + 0.000000),0.869000 (0.869000 + 0.000000),0.865000 (0.865000 + 0.000000),0.875000 (0.875000 + 0.000000),0.869000 (0.869000 + 0.000000),0.872000 (0.872000 + 0.000000),0.892000 (0.892000 + 0.000000),0.892000 (0.892000 + 0.000000),0.876000 (0.876000 + 0.000000),0.866000 (0.866000 + 0.000000),0.880000 (0.880000 + 0.000000),0.872000 (0.872000 + 0.000000),0.892000 (0.892000 + 0.000000),0.888000 (0.888000 + 0.000000),0.876000 (0.876000 + 0.000000),0.882000 (0.882000 + 0.000000),0.881000 (0.881000 + 0.000000),0.884000 (0.884000 + 0.000000),0.884000 (0.884000 + 0.000000)
59,0.894000 (0.894000 + 0.000000),0.887000 (0.887000 + 0.000000),0.880000 (0.880000 + 0.000000),0.878000 (0.878000 + 0.000000),0.874000 (0.874000 + 0.000000),0.888000 (0.888000 + 0.000000),0.871000 (0.871000 + 0.000000),0.870000 (0.870000 + 0.000000),0.888000 (0.888000 + 0.000000),0.888000 (0.888000 + 0.000000),0.884000 (0.884000 + 0.000000),0.888000 (0.888000 + 0.000000),0.872000 (0.872000 + 0.000000),0.880000 (0.880000 + 0.000000),0.868000 (0.868000 + 0.000000),0.883000 (0.883000 + 0.000000),0.878000 (0.878000 + 0.000000),0.862000 (0.862000 + 0.000000),0.875000 (0.875000 + 0.000000),0.875000 (0.875000 + 0.000000),0.885000 (0.885000 + 0.000000),0.862000 (0.862000 + 0.000000),0.871000 (0.871000 + 0.000000),0.876000 (0.876000 + 0.000000),0.876000 (0.876000 + 0.000000),0.880000 (0.880000 + 0.000000),0.882000 (0.882000 + 0.000000),0.878000 (0.878000 + 0.000000),0.873000 (0.873000 + 0.000000),0.887000 (0.887000 + 0.000000),0.883000 (0.883000 + 0.000000),0.878000 (0.878000 + 0.000000),0.876000 (0.876000 + 0.000000),0.886000 (0.886000 + 0.000000),0.860000 (0.860000 + 0.000000),0.883000 (0.883000 + 0.000000),0.880000 (0.880000 + 0.000000),0.879000 (0.879000 + 0.000000),0.879000 (0.879000 + 0.000000),0.870000 (0.870000 + 0.000000),0.877000 (0.877000 + 0.000000),0.892000 (0.892000 + 0.000000),0.888000 (0.888000 + 0.000000),0.883000 (0.883000 + 0.000000),0.875000 (0.875000 + 0.000000),0.857000 (0.857000 + 0.000000),0.872000 (0.872000 + 0.000000),0.879000 (0.879000 + 0.000000),0.884000 (0.884000 + 0.000000),0.874000 (0.874000 + 0.000000),0.882000 (0.882000 + 0.000000),0.887000 (0.887000 + 0.000000),0.881000 (0.881000 + 0.000000),0.863000 (0.863000 + 0.000000),0.869000 (0.869000 + 0.000000),0.881000 (0.881000 + 0.000000),0.879000 (0.879000 + 0.000000),0.892000 (0.892000 + 0.000000),0.874000 (0.874000 + 0.000000),0.870000 (0.870000 + 0.000000)
60,0.894000 (0.894000 + 0.000000),0.875000 (0.875000 + 0.000000),0.872000 (0.872000 + 0.000000),0.874000 (0.874000 + 0.000000),0.884000 (0.884000 + 0.000000),0.874000 (0.874000 + 0.000000),0.876000 (0.876000 + 0.000000),0.886000 (0.886000 + 0.000000),0.887000 (0.887000 + 0.000000),0.862000 (0.862000 + 0.000000),0.877000 (0.877000 + 0.000000),0.875000 (0.875000 + 0.000000),0.873000 (0.873000 + 0.000000),0.882000 (0.882000 + 0.000000),0.885000 (0.885000 + 0.000000),0.883000 (0.883000 + 0.000000),0.894000 (0.894000 + 0.000000),0.883000 (0.883000 + 0.000000),0.893000 (0.893000 + 0.000000),0.875000 (0.875000 + 0.000000),0.861000 (0.861000 + 0.000000),0.873000 (0.873000 + 0.000000),0.880000 (0.880000 + 0.000000),0.862000 (0.862000 + 0.000000),0.864000 (0.864000 + 0.000000),0.888000 (0.888000 + 0.000000),0.853000 (0.853000 + 0.000000),0.871000 (0.871000 + 0.000000),0.881000 (0.881000 + 0.000000),0.871000 (0.871000 + 0.000000),0.886000 (0.886000 + 0.000000),0.880000 (0.880000 + 0.000000),0.883000 (0.883000 + 0.000000),0.878000 (0.878000 + 0.000000),0.877000 (0.877000 + 0.000000),0.859000 (0.859000 + 0.000000),0.861000 (0.861000 + 0.000000),0.874000 (0.874000 + 0.000000),0.882000 (0.882000 + 0.000000),0.870000 (0.870000 + 0.000000),0.878000 (0.878000 + 0.000000),0.886000 (0.886000 + 0.000000),0.880000 (0.880000 + 0.000000),0.885000 (0.885000 + 0.000000),0.870000 (0.870000 + 0.000000),0.885000 (0.885000 + 0.000000),0.877000 (0.877000 + 0.000000),0.881000 (0.881000 + 0.000000),0.869000 (0.869000 + 0.000000),0.884000 (0.884000 + 0.000000),0.886000 (0.886000 + 0.000000),0.883000 (0.883000 + 0.000000),0.876000 (0.876000 + 0.000000),0.888000 (0.888000 + 0.000000),0.888000 (0.888000 + 0.000000),0.860000 (0.860000 + 0.000000),0.885000 (0.885000 + 0.000000),0.871000 (0.871000 + 0.000000),0.882000 (0.882000 + 0.000000),0.883000 (0.883000 + 0.000000)
61,0.894000 (0.894000 + 0.000000),0.882000 (0.882000 + 0.000000),0.871000 (0.871000 + 0.000000),0.881000 (0.881000 + 0.000000),0.879000 (0.879000 + 0.000000),0.863000 (0.863000 + 0.000000),0.882000 (0.882000 + 0.000000),0.858000 (0.858000 + 0.000000),0.874000 (0.874000 + 0.000000),0.881000 (0.881000 + 0.000000),0.862000 (0.862000 + 0.000000),0.881000 (0.881000 + 0.000000),0.871000 (0.871000 + 0.000000),0.857000 (0.857000 + 0.000000),0.870000 (0.870000 + 0.000000),0.883000 (0.883000 + 0.000000),0.875000 (0.875000 + 0.000000),0.865000 (0.865000 + 0.000000),0.859000 (0.859000 + 0.000000),0.876000 (0.876000 + 0.000000),0.870000 (0.870000 + 0.000000),0.863000 (0.863000 + 0.000000),0.879000 (0.879000 + 0.000000),0.871000 (0.871000 + 0.000000),0.887000 (0.887000 + 0.000000),0.872000 (0.872000 + 0.000000),0.858000 (0.858000 + 0.000000),0.887000 (0.887000 + 0.000000),0.881000 (0.881000 + 0.000000),0.886000 (0.886000 + 0.000000),0.892000 (0.892000 + 0.000000),0.862000 (0.862000 + 0.000000),0.867000 (0.867000 + 0.000000),0.858000 (0.858000 + 0.000000),0.882000 (0.882000 + 0.000000),0.876000 (0.876000 + 0.000000),0.873000 (0.873000 + 0.000000),0.884000 (0.884000 + 0.000000),0.880000 (0.880000 + 0.000000),0.847000 (0.847000 + 0.000000),0.864000 (0.864000 + 0.000000),0.878000 (0.878000 + 0.000000),0.884000 (0.884000 + 0.000000),0.880000 (0.880000 + 0.000000),0.872000 (0.872000 + 0.000000),0.879000 (0.879000 + 0.000000),0.882000 (0.882000 + 0.000000),0.871000 (0.871000 + 0.000000),0.863000 (0.863000 + 0.000000),0.887000 (0.887000 + 0.000000),0.882000 (0.882000 + 0.000000),0.859000 (0.859000 + 0.000000),0.876000 (0.876000 + 0.000000),0.870000 (0.870000 + 0.000000),0.875000 (0.875000 + 0.000000),0.865000 (0.865000 + 0.000000),0.886000 (0.886000 + 0.000000),0.888000 (0.888000 + 0.000000),0.877000 (0.877000 + 0.000000),0.883000 (0.883000 + 0.000000)
62,0.894000 (0.894000 + 0.000000),0.891000 (0.891000 + 0.000000),0.886000 (0.886000 + 0.000000),0.875000 (0.875000 + 0.000000),0.887000 (0.887000 + 0.000000),0.872000 (0.872000 + 0.000000),0.858000 (0.858000 + 0.000000),0.874000 (0.874000 + 0.000000),0.860000 (0.860000 + 0.000000),0.876000 (0.876000 + 0.000000),0.864000 (0.864000 + 0.000000),0.884000 (0.884000 + 0.000000),0.858000 (0.858000 + 0.000000),0.866000 (0.866000 + 0.000000),0.867000 (0.867000 + 0.000000),0.865000 (0.865000 + 0.000000),0.886000 (0.886000 + 0.000000),0.871000 (0.871000 + 0.000000),0.886000 (0.886000 + 0.000000),0.865000 (0.865000 + 0.000000),0.884000 (0.884000 + 0.000000),0.867000 (0.867000 + 0.000000),0.880000 (0.880000 + 0.000000),0.881000 (0.881000 + 0.000000),0.868000 (0.868000 + 0.000000),0.874000 (0.874000 + 0.000000),0.880000 (0.880000 + 0.000000),0.879000 (0.879000 + 0.000000),0.874000 (0.874000 + 0.000000),0.884000 (0.884000 + 0.000000),0.871000 (0.871000 + 0.000000),0.880000 (0.880000 + 0.000000),0.868000 (0.868000 + 0.000000),0.867000 (0.867000 + 0.000000),0.871000 (0.871000 + 0.000000),0.863000 (0.863000 + 0.000000),0.874000 (0.874000 + 0.000000),0.877000 (0.877000 + 0.000000),0.862000 (0.862000 + 0.000000),0.868000 (0.868000 + 0.000000),0.868000 (0.868000 + 0.000000),0.870000 (0.870000 + 0.000000),0.873000 (0.873000 + 0.000000),0.878000 (0.878000 + 0.000000),0.873000 (0.873000 + 0.000000),0.873000 (0.873000 + 0.000000),0.869000 (0.869000 + 0.000000),0.866000 (0.866000 + 0.000000),0.888000 (0.888000 + 0.000000),0.858000 (0.858000 + 0.000000),0.868000 (0.868000 + 0.000000),0.884000 (0.884000 + 0.000000),0.870000 (0.870000 + 0.000000),0.874000 (0.874000 + 0.000000),0.867000 (0.867000 + 0.000000),0.891000 (0.891000 + 0.000000),0.871000 (0.871000 + 0.000000),0.878000 (0.878000 + 0.000000),0.863000 (0.863000 + 0.000000),0.886000 (0.886000 + 0.000000)
63,0.894000 (0.894000 + 0.000000),0.877000 (0.877000 + 0.000000),0.884000 (0.884000 + 0.000000),0.865000 (0.865000 + 0.000000),0.873000 (0.873000 + 0.000000),0.894000 (0.894000 + 0.000000),0.888000 (0.888000 + 0.000000),0.879000 (0.879000 + 0.000000),0.878000 (0.878000 + 0.000000),0.872000 (0.872000 + 0.000000),0.875000 (0.875000 + 0.000000),0.871000 (0.871000 + 0.000000),0.869000 (0.869000 + 0.000000),0.874000 (0.874000 + 0.000000),0.894000 (0.894000 + 0.000000),0.881000 (0.881000 + 0.000000),0.878000 (0.878000 + 0.000000),0.884000 (0.884000 + 0.000000),0.884000 (0.884000 + 0.000000),0.882000 (0.882000 + 0.000000),0.860000 (0.860000 + 0.000000),0.879000 (0.879000 + 0.000000),0.860000 (0.860000 + 0.000000),0.877000 (0.877000 + 0.000000),0.877000 (0.877000 + 0.000000),0.873000 (0.873000 + 0.000000),0.864000 (0.864000 + 0.000000),0.878000 (0.878000 + 0.000000),0.874000 (0.874000 + 0.000000),0.873000 (0.873000 + 0.000000),0.866000 (0.866000 + 0.000000),0.875000 (0.875000 + 0.000000),0.874000 (0.874000 + 0.000000),0.881000 (0.881000 + 0.000000),0.868000 (0.868000 + 0.000000),0.887000 (0.887000 + 0.000000),0.880000 (0.880000 + 0.000000),0.877000 (0.877000 + 0.000000),0.877000 (0.877000 + 0.000000),0.874000 (0.874000 + 0.000000),0.873000 (0.873000 + 0.000000),0.869000 (0.869000 + 0.000000),0.876000 (0.876000 + 0.000000),0.877000 (0.877000 + 0.000000),0.862000 (0.862000 + 0.000000),0.871000 (0.871000 + 0.000000),0.867000 (0.867000 + 0.000000),0.887000 (0.887000 + 0.000000),0.865000 (0.865000 + 0.000000),0.879000 (0.879000 + 0.000000),0.881000 (0.881000 + 0.000000),0.886000 (0.886000 + 0.000000),0.878000 (0.878000 + 0.000000),0.867000 (0.867000 + 0.000000),0.876000 (0.876000 + 0.000000),0.870000 (0.870000 + 0.000000),0.876000 (0.876000 + 0.000000),0.887000 (0.887000 + 0.000000),0.886000 (0.886000 + 0.000000),0.874000 (0.874000 + 0.000000)
64,0.894000 (0.894000 + 0.000000),0.847000 (0.847000 + 0.000000),0.852000 (0.852000 + 0.000000),0.878000 (0.878000 + 0.000000),0.882000 (0.882000 + 0.000000),0.894000 (0.894000 + 0.000000),0.878000 (0.878000 + 0.000000),0.887000 (0.887000 + 0.000000),0.871000 (0.871000 + 0.000000),0.894000 (0.894000 + 0.000000),0.875000 (0.875000 + 0.000000),0.868000 (0.868000 + 0.000000),0.879000 (0.879000 + 0.000000),0.878000 (0.878000 + 0.000000),0.851000 (0.851000 + 0.000000),0.877000 (0.877000 + 0.000000),0.876000 (0.876000 + 0.000000),0.871000 (0.871000 + 0.000000),0.860000 (0.860000 + 0.000000),0.875000 (0.875000 + 0.000000),0.873000 (0.873000 + 0.000000),0.867000 (0.867000 + 0.000000),0.876000 (0.876000 + 0.000000),0.885000 (0.885000 + 0.000000),0.877000 (0.877000 + 0.000000),0.865000 (0.865000 + 0.000000),0.880000 (0.880000 + 0.000000),0.866000 (0.866000 + 0.000000),0.884000 (0.884000 + 0.000000),0.868000 (0.868000 + 0.000000),0.879000 (0.879000 + 0.000000),0.869000 (0.869000 + 0.000000),0.872000 (0.872000 + 0.000000),0.881000 (0.881000 + 0.000000),0.863000 (0.863000 + 0.000000),0.874000 (0.874000 + 0.000000),0.868000 (0.868000 + 0.000000),0.878000 (0.878000 + 0.000000),0.879000 (0.879000 + 0.000000),0.877000 (0.877000 + 0.000000),0.864000 (0.864000 + 0.000000),0.867000 (0.867000 + 0.000000),0.867000 (0.867000 + 0.000000),0.869000 (0.869000 + 0.000000),0.885000 (0.885000 + 0.000000),0.894000 (0.894000 + 0.000000),0.884000 (0.884000 + 0.000000),0.896000 (0.896000 + 0.000000),0.880000 (0.880000 + 0.000000),0.874000 (0.874000 + 0.000000),0.874000 (0.874000 + 0.000000),0.864000 (0.864000 + 0.000000),0.873000 (0.873000 + 0.000000),0.877000 (0.877000 + 0.000000),0.869000 (0.869000 + 0.000000),0.876000 (0.876000 + 0.000000),0.883000 (0.883000 + 0.000000),0.875000 (0.875000 + 0.000000),0.875000 (0.875000 + 0.000000),0.876000 (0.876000 + 0.000000)
65,0.896000 (0.896000 + 0.000000),0.864000 (0.864000 + 0.000000),0.891000 (0.891000 + 0.000000),0.875000 (0.875000 + 0.000000),0.863000 (0.863000 + 0.000000),0.885000 (0.885000 + 0.000000),0.884000 (0.884000 + 0.000000),0.881000 (0.881000 + 0.000000),0.877000 (0.877000 + 0.000000),0.872000 (0.872000 + 0.000000),0.859000 (0.859000 + 0.000000),0.873000 (0.873000 + 0.000000),0.876000 (0.876000 + 0.000000),0.868000 (0.868000 + 0.000000),0.878000 (0.878000 + 0.000000),0.874000 (0.874000 + 0.000000),0.883000 (0.883000 + 0.000000),0.875000 (0.875000 + 0.000000),0.889000 (0.889000 + 0.000000),0.877000 (0.877000 + 0.000000),0.872000 (0.872000 + 0.000000),0.859000 (0.859000 + 0.000000),0.883000 (0.883000 + 0.000000),0.865000 (0.865000 + 0.000000),0.880000 (0.880000 + 0.000000),0.873000 (0.873000 + 0.000000),0.862000 (0.862000 + 0.000000),0.871000 (0.871000 + 0.000000),0.896000 (0.896000 + 0.000000),0.869000 (0.869000 + 0.000000),0.864000 (0.864000 + 0.000000),0.879000 (0.879000 + 0.000000),0.860000 (0.860000 + 0.000000),0.872000 (0.872000 + 0.000000),0.874000 (0.874000 + 0.000000),0.887000 (0.887000 + 0.000000),0.867000 (0.867000 + 0.000000),0.865000 (0.865000 + 0.000000),0.865000 (0.865000 + 0.000000),0.873000 (0.873000 + 0.000000),0.874000 (0.874000 + 0.000000),0.869000 (0.869000 + 0.000000),0.870000 (0.870000 + 0.000000),0.879000 (0.879000 + 0.000000),0.878000 (0.878000 + 0.000000),0.869000 (0.869000 + 0.000000),0.860000 (0.860000 + 0.000000),0.869000 (0.869000 + 0.000000),0.858000 (0.858000 + 0.000000),0.885000 (0.885000 + 0.000000),0.863000 (0.863000 + 0.000000),0.868000 (0.868000 + 0.000000),0.869000 (0.869000 + 0.000000),0.879000 (0.879000 + 0.000000),0.882000 (0.882000 + 0.000000),0.877000 (0.877000 + 0.000000),0.875000 (0.875000 + 0.000000),0.877000 (0.877000 + 0.000000),0.883000 (0.883000 + 0.000000),0.874000 (0.874000 + 0.000000)
66,0.896000 (0.896000 + 0.000000),0.873000 (0.873000 + 0.000000),0.869000 (0.869000 + 0.000000),0.875000 (0.875000 + 0.000000),0.874000 (0.874000 + 0.000000),0.873000 (0.873000 + 0.000000),0.878000 (0.878000 + 0.000000),0.886000 (0.886000 + 0.000000),0.872000 (0.872000 + 0.000000),0.879000 (0.879000 + 0.000000),0.867000 (0.867000 + 0.000000),0.870000 (0.870000 + 0.000000),0.896000 (0.896000 + 0.000000),0.872000 (0.872000 + 0.000000),0.874000 (0.874000 + 0.000000),0.856000 (0.856000 + 0.000000),0.879000 (0.879000 + 0.000000),0.879000 (0.879000 + 0.000000),0.873000 (0.873000 + 0.000000),0.876000 (0.876000 + 0.000000),0.880000 (0.880000 + 0.000000),0.885000 (0.885000 + 0.000000),0.862000 (0.862000 + 0.000000),0.859000 (0.859000 + 0.000000),0.877000 (0.877000 + 0.000000),0.892000 (0.892000 + 0.000000),0.871000 (0.871000 + 0.000000),0.872000 (0.872000 + 0.000000),0.853000 (0.853000 + 0.000000),0.868000 (0.868000 + 0.000000),0.875000 (0.875000 + 0.000000),0.880000 (0.880000 + 0.000000),0.882000 (0.882000 + 0.000000),0.883000 (0.883000 + 0.000000),0.868000 (0.868000 + 0.000000),0.879000 (0.879000 + 0.000000),0.887000 (0.887000 + 0.000000),0.867000 (0.867000 + 0.000000),0.866000 (0.866000 + 0.000000),0.879000 (0.879000 + 0.000000),0.889000 (0.889000 + 0.000000),0.879000 (0.879000 + 0.000000),0.863000 (0.863000 + 0.000000),0.873000 (0.873000 + 0.000000),0.868000 (0.868000 + 0.000000),0.863000 (0.863000 + 0.000000),0.882000 (0.882000 + 0.000000),0.874000 (0.874000 + 0.000000),0.872000 (0.872000 + 0.000000),0.884000 (0.884000 + 0.000000),0.873000 (0.873000 + 0.000000),0.881000 (0.881000 + 0.000000),0.870000 (0.870000 + 0.000000),0.889000 (0.889000 + 0.000000),0.868000 (0.868000 + 0.000000),0.875000 (0.875000 + 0.000000),0.879000 (0.879000 + 0.000000),0.873000 (0.873000 + 0.000000),0.887000 (0.887000 + 0.000000),0.896000 (0.896000 + 0.000000)
67,0.896000 (0.896000 + 0.000000),0.881000 (0.881000 + 0.000000),0.877000 (0.877000 + 0.000000),0.869000 (0.869000 + 0.000000),0.869000 (0.869000 + 0.000000),0.871000 (0.871000 + 0.000000),0.865000 (0.865000 + 0.000000),0.886000 (0.886000 + 0.000000),0.878000 (0.878000 + 0.000000),0.881000 (0.881000 + 0.000000),0.866000 (0.866000 + 0.000000),0.864000 (0.864000 + 0.000000),0.876000 (0.876000 + 0.000000),0.873000 (0.873000 + 0.000000),0.879000 (0.879000 + 0.000000),0.861000 (0.861000 + 0.000000),0.877000 (0.877000 + 0.000000),0.869000 (0.869000 + 0.000000),0.869000 (0.869000 + 0.000000),0.885000 (0.885000 + 0.000000),0.868000 (0.868000 + 0.000000),0.873000 (0.873000 + 0.000000),0.874000 (0.874000 + 0.000000),0.896000 (0.896000 + 0.000000),0.870000 (0.870000 + 0.000000),0.868000 (0.868000 + 0.000000),0.863000 (0.863000 + 0.000000),0.874000 (0.874000 + 0.000000),0.880000 (0.880000 + 0.000000),0.856000 (0.856000 + 0.000000),0.877000 (0.877000 + 0.000000),0.879000 (0.879000 + 0.000000),0.879000 (0.879000 + 0.000000),0.891000 (0.891000 + 0.000000),0.868000 (0.868000 + 0.000000),0.870000 (0.870000 + 0.000000),0.877000 (0.877000 + 0.000000),0.871000 (0.871000 + 0.000000),0.885000 (0.885000 + 0.000000),0.893000 (0.893000 + 0.000000),0.875000 (0.875000 + 0.000000),0.879000 (0.879000 + 0.000000),0.887000 (0.887000 + 0.000000),0.869000 (0.869000 + 0.000000),0.856000 (0.856000 + 0.000000),0.887000 (0.887000 + 0.000000),0.890000 (0.890000 + 0.000000),0.859000 (0.859000 + 0.000000),0.861000 (0.861000 + 0.000000),0.863000 (0.863000 + 0.000000),0.883000 (0.883000 + 0.000000),0.887000 (0.887000 + 0.000000),0.862000 (0.862000 + 0.000000),0.879000 (0.879000 + 0.000000),0.880000 (0.880000 + 0.000000),0.869000 (0.869000 + 0.000000),0.888000 (0.888000 + 0.000000),0.877000 (0.877000 + 0.000000),0.878000 (0.878000 + 0.000000),0.865000 (0.865000 + 0.000000)
68,0.896000 (0.896000 + 0.000000),0.880000 (0.880000 + 0.000000),0.878000 (0.878000 + 0.000000),0.893000 (0.893000 + 0.000000),0.876000 (0.876000 + 0.000000),0.881000 (0.881000 + 0.000000),0.877000 (0.877000 + 0.000000),0.892000 (0.892000 + 0.000000),0.890000 (0.890000 + 0.000000),0.862000 (0.862000 + 0.000000),0.879000 (0.879000 + 0.000000),0.876000 (0.876000 + 0.000000),0.878000 (0.878000 + 0.000000),0.879000 (0.879000 + 0.000000),0.867000 (0.867000 + 0.000000),0.865000 (0.865000 + 0.000000),0.872000 (0.872000 + 0.000000),0.876000 (0.876000 + 0.000000),0.877000 (0.877000 + 0.000000),0.881000 (0.881000 + 0.000000),0.891000 (0.891000 + 0.000000),0.885000 (0.885000 + 0.000000),0.874000 (0.874000 + 0.000000),0.887000 (0.887000 + 0.000000),0.886000 (0.886000 + 0.000000),0.871000 (0.871000 + 0.000000),0.874000 (0.874000 + 0.000000),0.881000 (0.881000 + 0.000000),0.870000 (0.870000 + 0.000000),0.885000 (0.885000 + 0.000000),0.872000 (0.872000 + 0.000000),0.885000 (0.885000 + 0.000000),0.871000 (0.871000 + 0.000000),0.890000 (0.890000 + 0.000000),0.877000 (0.877000 + 0.000000),0.869000 (0.869000 + 0.000000),0.879000 (0.879000 + 0.000000),0.859000 (0.859000 + 0.000000),0.861000 (0.861000 + 0.000000),0.894000 (0.894000 + 0.000000),0.893000 (0.893000 + 0.000000),0.879000 (0.879000 + 0.000000),0.875000 (0.875000 + 0.000000),0.877000 (0.877000 + 0.000000),0.892000 (0.892000 + 0.000000),0.878000 (0.878000 + 0.000000),0.878000 (0.878000 + 0.000000),0.884000 (0.884000 + 0.000000),0.880000 (0.880000 + 0.000000),0.874000 (0.874000 + 0.000000),0.875000 (0.875000 + 0.000000),0.882000 (0.882000 + 0.000000),0.876000 (0.876000 + 0.000000),0.870000 (0.870000 + 0.000000),0.875000 (0.875000 + 0.000000),0.875000 (0.875000 + 0.000000),0.866000 (0.866000 + 0.000000),0.879000 (0.879000 + 0.000000),0.874000 (0.874000 + 0.000000),0.855000 (0.855000 + 0.000000)
69,0.896000 (0.896000 + 0.000000),0.881000 (0.881000 + 0.000000),0.880000 (0.880000 + 0.000000),0.883000 (0.883000 + 0.000000),0.868000 (0.868000 + 0.000000),0.898000 (0.898000 + 0.000000),0.875000 (0.875000 + 0.000000),0.874000 (0.874000 + 0.000000),0.879000 (0.879000 + 0.000000),0.888000 (0.888000 + 0.000000),0.886000 (0.886000 + 0.000000),0.892000 (0.892000 + 0.000000),0.895000 (0.895000 + 0.000000),0.883000 (0.883000 + 0.000000),0.877000 (0.877000 + 0.000000),0.889000 (0.889000 + 0.000000),0.862000 (0.862000 + 0.000000),0.894000 (0.894000 + 0.000000),0.879000 (0.879000 + 0.000000),0.871000 (0.871000 + 0.000000),0.884000 (0.884000 + 0.000000),0.889000 (0.889000 + 0.000000),0.893000 (0.893000 + 0.000000),0.864000 (0.864000 + 0.000000),0.871000 (0.871000 + 0.000000),0.880000 (0.880000 + 0.000000),0.881000 (0.881000 + 0.000000),0.890000 (0.890000 + 0.000000),0.879000 (0.879000 + 0.000000),0.867000 (0.867000 + 0.000000),0.880000 (0.880000 + 0.000000),0.879000 (0.879000 + 0.000000),0.886000 (0.886000 + 0.000000),0.880000 (0.880000 + 0.000000),0.891000 (0.891000 + 0.000000),0.874000 (0.874000 + 0.000000),0.877000 (0.877000 + 0.000000),0.885000 (0.885000 + 0.000000),0.867000 (0.867000 + 0.000000),0.878000 (0.878000 + 0.000000),0.860000 (0.860000 + 0.000000),0.881000 (0.881000 + 0.000000),0.881000 (0.881000 + 0.000000),0.884000 (0.884000 + 0.000000),0.879000 (0.879000 + 0.000000),0.880000 (0.880000 + 0.000000),0.882000 (0.882000 + 0.000000),0.882000 (0.882000 + 0.000000),0.864000 (0.864000 + 0.000000),0.883000 (0.883000 + 0.000000),0.878000 (0.878000 + 0.000000),0.882000 (0.882000 + 0.000000),0.881000 (0.881000 + 0.000000),0.887000 (0.887000 + 0.000000),0.882000 (0.882000 + 0.000000),0.882000 (0.882000 + 0.000000),0.878000 (0.878000 + 0.000000),0.858000 (0.858000 + 0.000000),0.887000 (0.887000 + 0.000000),0.878000 (0.878000 + 0.000000)
70,0.898000 (0.898000 + 0.000000),0.895000 (0.895000 + 0.000000),0.870000 (0.870000 + 0.000000),0.881000 (0.881000 + 0.000000),0.868000 (0.868000 + 0.000000),0.868000 (0.868000 + 0.000000),0.893000 (0.893000 + 0.000000),0.879000 (0.879000 + 0.000000),0.882000 (0.882000 + 0.000000),0.890000 (0.890000 + 0.000000),0.861000 (0.861000 + 0.000000),0.879000 (0.879000 + 0.000000),0.873000 (0.873000 + 0.000000),0.893000 (0.893000 + 0.000000),0.883000 (0.883000 + 0.000000),0.877000 (0.877000 + 0.000000),0.882000 (0.882000 + 0.000000),0.886000 (0.886000 + 0.000000),0.883000 (0.883000 + 0.000000),0.864000 (0.864000 + 0.000000),0.883000 (0.883000 + 0.000000),0.876000 (0.876000 + 0.000000),0.893000 (0.893000 + 0.000000),0.867000 (0.867000 + 0.000000),0.895000 (0.895000 + 0.000000),0.868000 (0.868000 + 0.000000),0.870000 (0.870000 + 0.000000),0.882000 (0.882000 + 0.000000),0.882000 (0.882000 + 0.000000),0.877000 (0.877000 + 0.000000),0.865000 (0.865000 + 0.000000),0.882000 (0.882000 + 0.000000),0.875000 (0.875000 + 0.000000),0.881000 (0.881000 + 0.000000),0.892000 (0.892000 + 0.000000),0.883000 (0.883000 + 0.000000),0.887000 (0.887000 + 0.000000),0.889000 (0.889000 + 0.000000),0.872000 (0.872000 + 0.000000),0.861000 (0.861000 + 0.000000),0.883000 (0.883000 + 0.000000),0.896000 (0.896000 + 0.000000),0.883000 (0.883000 + 0.000000),0.880000 (0.880000 + 0.000000),0.880000 (0.880000 + 0.000000),0.874000 (0.874000 + 0.000000),0.866000 (0.866000 + 0.000000),0.877000 (0.877000 + 0.000000),0.880000 (0.880000 + 0.000000),0.883000 (0.883000 + 0.000000),0.889000 (0.889000 + 0.000000),0.867000 (0.867000 + 0.000000),0.878000 (0.878000 + 0.000000),0.875000 (0.875000 + 0.000000),0.889000 (0.889000 + 0.000000),0.896000 (0.896000 + 0.000000),0.889000 (0.889000 + 0.000000),0.860000 (0.860000 + 0.000000),0.871000 (0.871000 + 0.000000),0.894000 (0.894000 + 0.000000)
71,0.898000 (0.898000 + 0.000000),0.872000 (0.872000 + 0.000000),0.880000 (0.880000 + 0.000000),0.886000 (0.886000 + 0.000000),0.875000 (0.875000 + 0.000000),0.882000 (0.882000 + 0.000000),0.880000 (0.880000 + 0.000000),0.889000 (0.889000 + 0.000000),0.870000 (0.870000 + 0.000000),0.875000 (0.875000 + 0.000000),0.894000 (0.894000 + 0.000000),0.870000 (0.870000 + 0.000000),0.892000 (0.892000 + 0.000000),0.881000 (0.881000 + 0.000000),0.888000 (0.888000 + 0.000000),0.859000 (0.859000 + 0.000000),0.887000 (0.887000 + 0.000000),0.871000 (0.871000 + 0.000000),0.884000 (0.884000 + 0.000000),0.889000 (0.889000 + 0.000000),0.876000 (0.876000 + 0.000000),0.896000 (0.896000 + 0.000000),0.896000 (0.896000 + 0.000000),0.886000 (0.886000 + 0.000000),0.887000 (0.887000 + 0.000000),0.872000 (0.872000 + 0.000000),0.874000 (0.874000 + 0.000000),0.898000 (0.898000 + 0.000000),0.896000 (0.896000 + 0.000000),0.892000 (0.892000 + 0.000000),0.883000 (0.883000 + 0.000000),0.880000 (0.880000 + 0.000000),0.874000 (0.874000 + 0.000000),0.870000 (0.870000 + 0.000000),0.895000 (0.895000 + 0.000000),0.877000 (0.877000 + 0.000000),0.876000 (0.876000 + 0.000000),0.889000 (0.889000 + 0.000000),0.864000 (0.864000 + 0.000000),0.895000 (0.895000 + 0.000000),0.892000 (0.892000 + 0.000000),0.876000 (0.876000 + 0.000000),0.897000 (0.897000 + 0.000000),0.898000 (0.898000 + 0.000000),0.889000 (0.889000 + 0.000000),0.896000 (0.896000 + 0.000000),0.870000 (0.870000 + 0.000000),0.877000 (0.877000 + 0.000000),0.873000 (0.873000 + 0.000000),0.883000 (0.883000 + 0.000000),0.866000 (0.866000 + 0.000000),0.879000 (0.879000 + 0.000000),0.868000 (0.868000 + 0.000000),0.895000 (0.895000 + 0.000000),0.896000 (0.896000 + 0.000000),0.875000 (0.875000 + 0.000000),0.884000 (0.884000 + 0.000000),0.882000 (0.882000 + 0.000000),0.877000 (0.877000 + 0.000000),0.882000 (0.882000 + 0.000000)
72,0.898000 (0.898000 + 0.000000),0.892000 (0.892000 + 0.000000),0.876000 (0.876000 + 0.000000),0.890000 (0.890000 + 0.000000),0.879000 (0.879000 + 0.000000),0.897000 (0.897000 + 0.000000),0.897000 (0.897000 + 0.000000),0.870000 (0.870000 + 0.000000),0.891000 (0.891000 + 0.000000),0.898000 (0.898000 + 0.000000),0.873000 (0.873000 + 0.000000),0.872000 (0.872000 + 0.000000),0.898000 (0.898000 + 0.000000),0.895000 (0.895000 + 0.000000),0.884000 (0.884000 + 0.000000),0.887000 (0.887000 + 0.000000),0.871000 (0.871000 + 0.000000),0.895000 (0.895000 + 0.000000),0.870000 (0.870000 + 0.000000),0.896000 (0.896000 + 0.000000),0.886000 (0.886000 + 0.000000),0.894000 (0.894000 + 0.000000),0.892000 (0.892000 + 0.000000),0.896000 (0.896000 + 0.000000),0.898000 (0.898000 + 0.000000),0.876000 (0.876000 + 0.000000),0.871000 (0.871000 + 0.000000),0.896000 (0.896000 + 0.000000),0.865000 (0.865000 + 0.000000),0.874000 (0.874000 + 0.000000),0.877000 (0.877000 + 0.000000),0.860000 (0.860000 + 0.000000),0.880000 (0.880000 + 0.000000),0.877000 (0.877000 + 0.000000),0.885000 (0.885000 + 0.000000),0.896000 (0.896000 + 0.000000),0.896000 (0.896000 + 0.000000),0.896000 (0.896000 + 0.000000),0.871000 (0.871000 + 0.000000),0.890000 (0.890000 + 0.000000),0.897000 (0.897000 + 0.000000),0.888000 (0.888000 + 0.000000),0.887000 (0.887000 + 0.000000),0.879000 (0.879000 + 0.000000),0.896000 (0.896000 + 0.000000),0.872000 (0.872000 + 0.000000),0.866000 (0.866000 + 0.000000),0.892000 (0.892000 + 0.000000),0.879000 (0.879000 + 0.000000),0.896000 (0.896000 + 0.000000),0.875000 (0.875000 + 0.000000),0.871000 (0.871000 + 0.000000),0.873000 (0.873000 + 0.000000),0.895000 (0.895000 + 0.000000),0.892000 (0.892000 + 0.000000),0.875000 (0.875000 + 0.000000),0.889000 (0.889000 + 0.000000),0.871000 (0.871000 + 0.000000),0.881000 (0.881000 + 0.000000),0.896000 (0.896000 + 0.000000)
73,0.898000 (0.898000 + 0.000000),0.869000 (0.869000 + 0.000000),0.863000 (0.863000 + 0.000000),0.877000 (0.877000 + 0.000000),0.888000 (0.888000 + 0.000000),0.896000 (0.896000 + 0.000000),0.857000 (0.857000 + 0.000000),0.867000 (0.867000 + 0.000000),0.887000 (0.887000 + 0.000000),0.897000 (0.897000 + 0.000000),0.897000 (0.897000 + 0.000000),0.884000 (0.884000 + 0.000000),0.895000 (0.895000 + 0.000000),0.887000 (0.887000 + 0.000000),0.857000 (0.857000 + 0.000000),0.893000 (0.893000 + 0.000000),0.875000 (0.875000 + 0.000000),0.863000 (0.863000 + 0.000000),0.859000 (0.859000 + 0.000000),0.887000 (0.887000 + 0.000000),0.887000 (0.887000 + 0.000000),0.882000 (0.882000 + 0.000000),0.877000 (0.877000 + 0.000000),0.878000 (0.878000 + 0.000000),0.878000 (0.878000 + 0.000000),0.896000 (0.896000 + 0.000000),0.865000 (0.865000 + 0.000000),0.896000 (0.896000 + 0.000000),0.887000 (0.887000 + 0.000000),0.881000 (0.881000 + 0.000000),0.871000 (0.871000 + 0.000000),0.878000 (0.878000 + 0.000000),0.869000 (0.869000 + 0.000000),0.886000 (0.886000 + 0.000000),0.896000 (0.896000 + 0.000000),0.865000 (0.865000 + 0.000000),0.872000 (0.872000 + 0.000000),0.896000 (0.896000 + 0.000000),0.898000 (0.898000 + 0.000000),0.896000 (0.896000 + 0.000000),0.897000 (0.897000 + 0.000000),0.897000 (0.897000 + 0.000000),0.890000 (0.890000 + 0.000000),0.898000 (0.898000 + 0.000000),0.882000 (0.882000 + 0.000000),0.865000 (0.865000 + 0.000000),0.895000 (0.895000 + 0.000000),0.897000 (0.897000 + 0.000000),0.896000 (0.896000 + 0.000000),0.876000 (0.876000 + 0.000000),0.898000 (0.898000 + 0.000000),0.888000 (0.888000 + 0.000000),0.880000 (0.880000 + 0.000000),0.885000 (0.885000 + 0.000000),0.892000 (0.892000 + 0.000000),0.871000 (0.871000 + 0.000000),0.897000 (0.897000 + 0.000000),0.888000 (0.888000 + 0.000000),0.895000 (0.895000 + 0.000000),0.885000 (0.885000 + 0.000000)
74,0.898000 (0.898000 + 0.000000),0.868000 (0.868000 + 0.000000),0.889000 (0.889000 + 0.000000),0.888000 (0.888000 + 0.000000),0.868000 (0.868000 + 0.000000),0.896000 (0.896000 + 0.000000),0.896000 (0.896000 + 0.000000),0.868000 (0.868000 + 0.000000),0.892000 (0.892000 + 0.000000),0.879000 (0.879000 + 0.000000),0.870000 (0.870000 + 0.000000),0.877000 (0.877000 + 0.000000),0.898000 (0.898000 + 0.000000),0.861000 (0.861000 + 0.000000),0.886000 (0.886000 + 0.000000),0.895000 (0.895000 + 0.000000),0.869000 (0.869000 + 0.000000),0.878000 (0.878000 + 0.000000),0.869000 (0.869000 + 0.000000),0.888000 (0.888000 + 0.000000),0.887000 (0.887000 + 0.000000),0.883000 (0.883000 + 0.000000),0.897000 (0.897000 + 0.000000),0.880000 (0.880000 + 0.000000),0.878000 (0.878000 + 0.000000),0.877000 (0.877000 + 0.000000),0.870000 (0.870000 + 0.000000),0.896000 (0.896000 + 0.000000),0.896000 (0.896000 + 0.000000),0.880000 (0.880000 + 0.000000),0.873000 (0.873000 + 0.000000),0.877000 (0.877000 + 0.000000),0.889000 (0.889000 + 0.000000),0.861000 (0.861000 + 0.000000),0.861000 (0.861000 + 0.000000),0.878000 (0.878000 + 0.000000),0.870000 (0.870000 + 0.000000),0.898000 (0.898000 + 0.000000),0.869000 (0.869000 + 0.000000),0.873000 (0.873000 + 0.000000),0.888000 (0.888000 + 0.000000),0.896000 (0.896000 + 0.000000),0.896000 (0.896000 + 0.000000),0.862000 (0.862000 + 0.000000),0.871000 (0.871000 + 0.000000),0.876000 (0.876000 + 0.000000),0.867000 (0.867000 + 0.000000),0.886000 (0.886000 + 0.000000),0.860000 (0.860000 + 0.000000),0.893000 (0.893000 + 0.000000),0.876000 (0.876000 + 0.000000),0.896000 (0.896000 + 0.000000),0.881000 (0.881000 + 0.000000),0.870000 (0.870000 + 0.000000),0.877000 (0.877000 + 0.000000),0.896000 (0.896000 + 0.000000),0.897000 (0.897000 + 0.000000),0.874000 (0.874000 + 0.000000),0.897000 (0.897000 + 0.000000),0.896000 (0.896000 + 0.000000)
75,0.898000 (0.898000 + 0.000000),0.872000 (0.872000 + 0.000000),0.871000 (0.871000 + 0.000000),0.898000 (0.898000 + 0.000000),0.896000 (0.896000 + 0.000000),0.898000 (0.898000 + 0.000000),0.871000 (0.871000 + 0.000000),0.872000 (0.872000 + 0.000000),0.873000 (0.873000 + 0.000000),0.891000 (0.891000 + 0.000000),0.870000 (0.870000 + 0.000000),0.870000 (0.870000 + 0.000000),0.891000 (0.891000 + 0.000000),0.872000 (0.872000 + 0.000000),0.886000 (0.886000 + 0.000000),0.897000 (0.897000 + 0.000000),0.896000 (0.896000 + 0.000000),0.886000 (0.886000 + 0.000000),0.894000 (0.894000 + 0.000000),0.886000 (0.886000 + 0.000000),0.872000 (0.872000 + 0.000000),0.863000 (0.863000 + 0.000000),0.865000 (0.865000 + 0.000000),0.872000 (0.872000 + 0.000000),0.862000 (0.862000 + 0.000000),0.888000 (0.888000 + 0.000000),0.881000 (0.881000 + 0.000000),0.897000 (0.897000 + 0.000000),0.897000 (0.897000 + 0.000000),0.866000 (0.866000 + 0.000000),0.896000 (0.896000 + 0.000000),0.876000 (0.876000 + 0.000000),0.873000 (0.873000 + 0.000000),0.877000 (0.877000 + 0.000000),0.882000 (0.882000 + 0.000000),0.872000 (0.872000 + 0.000000),0.878000 (0.878000 + 0.000000),0.880000 (0.880000 + 0.000000),0.896000 (0.896000 + 0.000000),0.868000 (0.868000 + 0.000000),0.870000 (0.870000 + 0.000000),0.869000 (0.869000 + 0.000000),0.861000 (0.861000 + 0.000000),0.896000 (0.896000 + 0.000000),0.896000 (0.896000 + 0.000000),0.862000 (0.862000 + 0.000000),0.867000 (0.867000 + 0.000000),0.863000 (0.863000 + 0.000000),0.897000 (0.897000 + 0.000000),0.876000 (0.876000 + 0.000000),0.873000 (0.873000 + 0.000000),0.874000 (0.874000 + 0.000000),0.877000 (0.877000 + 0.000000),0.896000 (0.896000 + 0.000000),0.870000 (0.870000 + 0.000000),0.879000 (0.879000 + 0.000000),0.872000 (0.872000 + 0.000000),0.892000 (0.892000 + 0.000000),0.870000 (0.870000 + 0.000000),0.896000 (0.896000 + 0.000000)
76,0.898000 (0.898000 + 0.000000),0.852000 (0.852000 + 0.000000),0.879000 (0.879000 + 0.000000),0.893000 (0.893000 + 0.000000),0.884000 (0.884000 + 0.000000),0.877000 (0.877000 + 0.000000),0.868000 (0.868000 + 0.000000),0.874000 (0.874000 + 0.000000),0.898000 (0.898000 + 0.000000),0.891000 (0.891000 + 0.000000),0.873000 (0.873000 + 0.000000),0.883000 (0.883000 + 0.000000),0.874000 (0.874000 + 0.000000),0.867000 (0.867000 + 0.000000),0.879000 (0.879000 + 0.000000),0.896000 (0.896000 + 0.000000),0.896000 (0.896000 + 0.000000),0.882000 (0.882000 + 0.000000),0.873000 (0.873000 + 0.000000),0.898000 (0.898000 + 0.000000),0.898000 (0.898000 + 0.000000),0.877000 (0.877000 + 0.000000),0.876000 (0.876000 + 0.000000),0.877000 (0.877000 + 0.000000),0.897000 (0.897000 + 0.000000),0.896000 (0.896000 + 0.000000),0.896000 (0.896000 + 0.000000),0.879000 (0.879000 + 0.000000),0.893000 (0.893000 + 0.000000),0.886000 (0.886000 + 0.000000),0.862000 (0.862000 + 0.000000),0.882000 (0.882000 + 0.000000),0.882000 (0.882000 + 0.000000),0.897000 (0.897000 + 0.000000),0.898000 (0.898000 + 0.000000),0.861000 (0.861000 + 0.000000),0.864000 (0.864000 + 0.000000),0.875000 (0.875000 + 0.000000),0.882000 (0.882000 + 0.000000),0.897000 (0.897000 + 0.000000),0.896000 (0.896000 + 0.000000),0.891000 (0.891000 + 0.000000),0.877000 (0.877000 + 0.000000),0.893000 (0.893000 + 0.000000),0.870000 (0.870000 + 0.000000),0.886000 (0.886000 + 0.000000),0.876000 (0.876000 + 0.000000),0.879000 (0.879000 + 0.000000),0.870000 (0.870000 + 0.000000),0.896000 (0.896000 + 0.000000),0.870000 (0.870000 + 0.000000),0.873000 (0.873000 + 0.000000),0.888000 (0.888000 + 0.000000),0.867000 (0.867000 + 0.000000),0.863000 (0.863000 + 0.000000),0.892000 (0.892000 + 0.000000),0.883000 (0.883000 + 0.000000),0.891000 (0.891000 + 0.000000),0.896000 (0.896000 + 0.000000),0.896000 (0.896000 + 0.000000)
77,0.898000 (0.898000 + 0.000000),0.897000 (0.897000 + 0.000000),0.870000 (0.870000 + 0.000000),0.897000 (0.897000 + 0.000000),0.878000 (0.878000 + 0.000000),0.891000 (0.891000 + 0.000000),0.877000 (0.877000 + 0.000000),0.896000 (0.896000 + 0.000000),0.881000 (0.881000 + 0.000000),0.872000 (0.872000 + 0.000000),0.879000 (0.879000 + 0.000000),0.878000 (0.878000 + 0.000000),0.860000 (0.860000 + 0.000000),0.897000 (0.897000 + 0.000000),0.857000 (0.857000 + 0.000000),0.896000 (0.896000 + 0.000000),0.888000 (0.888000 + 0.000000),0.865000 (0.865000 + 0.000000),0.883000 (0.883000 + 0.000000),0.893000 (0.893000 + 0.000000),0.873000 (0.873000 + 0.000000),0.897000 (0.897000 + 0.000000),0.896000 (0.896000 + 0.000000),0.879000 (0.879000 + 0.000000),0.888000 (0.888000 + 0.000000),0.886000 (0.886000 + 0.000000),0.877000 (0.877000 + 0.000000),0.883000 (0.883000 + 0.000000),0.858000 (0.858000 + 0.000000),0.898000 (0.898000 + 0.000000),0.897000 (0.897000 + 0.000000),0.886000 (0.886000 + 0.000000),0.895000 (0.895000 + 0.000000),0.895000 (0.895000 + 0.000000),0.883000 (0.883000 + 0.000000),0.882000 (0.882000 + 0.000000),0.884000 (0.884000 + 0.000000),0.873000 (0.873000 + 0.000000),0.893000 (0.893000 + 0.000000),0.896000 (0.896000 + 0.000000),0.879000 (0.879000 + 0.000000),0.876000 (0.876000 + 0.000000),0.879000 (0.879000 + 0.000000),0.893000 (0.893000 + 0.000000),0.888000 (0.888000 + 0.000000),0.891000 (0.891000 + 0.000000),0.897000 (0.897000 + 0.000000),0.884000 (0.884000 + 0.000000),0.886000 (0.886000 + 0.000000),0.876000 (0.876000 + 0.000000),0.877000 (0.877000 + 0.000000),0.866000 (0.866000 + 0.000000),0.861000 (0.861000 + 0.000000),0.869000 (0.869000 + 0.000000),0.898000 (0.898000 + 0.000000),0.891000 (0.891000 + 0.000000),0.898000 (0.898000 + 0.000000),0.896000 (0.896000 + 0.000000),0.856000 (0.856000 + 0.000000),0.872000 (0.872000 + 0.000000)
78,0.898000 (0.898000 + 0.000000),0.875000 (0.875000 + 0.000000),0.889000 (0.889000 + 0.000000),0.895000 (0.895000 + 0.000000),0.897000 (0.897000 + 0.000000),0.886000 (0.886000 + 0.000000),0.866000 (0.866000 + 0.000000),0.893000 (0.893000 + 0.000000),0.869000 (0.869000 + 0.000000),0.897000 (0.897000 + 0.000000),0.849000 (0.849000 + 0.000000),0.896000 (0.896000 + 0.000000),0.896000 (0.896000 + 0.000000),0.879000 (0.879000 + 0.000000),0.862000 (0.862000 + 0.000000),0.898000 (0.898000 + 0.000000),0.868000 (0.868000 + 0.000000),0.873000 (0.873000 + 0.000000),0.893000 (0.893000 + 0.000000),0.898000 (0.898000 + 0.000000),0.872000 (0.872000 + 0.000000),0.896000 (0.896000 + 0.000000),0.875000 (0.875000 + 0.000000),0.897000 (0.897000 + 0.000000),0.881000 (0.881000 + 0.000000),0.896000 (0.896000 + 0.000000),0.887000 (0.887000 + 0.000000),0.871000 (0.871000 + 0.000000),0.890000 (0.890000 + 0.000000),0.897000 (0.897000 + 0.000000),0.898000 (0.898000 + 0.000000),0.877000 (0.877000 + 0.000000),0.896000 (0.896000 + 0.000000),0.889000 (0.889000 + 0.000000),0.885000 (0.885000 + 0.000000),0.883000 (0.883000 + 0.000000),0.892000 (0.892000 + 0.000000),0.897000 (0.897000 + 0.000000),0.898000 (0.898000 + 0.000000),0.888000 (0.888000 + 0.000000),0.865000 (0.865000 + 0.000000),0.898000 (0.898000 + 0.000000),0.888000 (0.888000 + 0.000000),0.886000 (0.886000 + 0.000000),0.883000 (0.883000 + 0.000000),0.884000 (0.884000 + 0.000000),0.883000 (0.883000 + 0.000000),0.896000 (0.896000 + 0.000000),0.891000 (0.891000 + 0.000000),0.893000 (0.893000 + 0.000000),0.868000 (0.868000 + 0.000000),0.896000 (0.896000 + 0.000000),0.896000 (0.896000 + 0.000000),0.863000 (0.863000 + 0.000000),0.873000 (0.873000 + 0.000000),0.898000 (0.898000 + 0.000000),0.896000 (0.896000 + 0.000000),0.898000 (0.898000 + 0.000000),0.878000 (0.878000 + 0.000000),0.898000 (0.898000 + 0.000000)
79,0.898000 (0.898000 + 0.000000),0.877000 (0.877000 + 0.000000),0.887000 (0.887000 + 0.000000),0.894000 (0.894000 + 0.000000),0.873000 (0.873000 + 0.000000),0.890000 (0.890000 + 0.000000),0.869000 (0.869000 + 0.000000),0.878000 (0.878000 + 0.000000),0.898000 (0.898000 + 0.000000),0.877000 (0.877000 + 0.000000),0.864000 (0.864000 + 0.000000),0.898000 (0.898000 + 0.000000),0.875000 (0.875000 + 0.000000),0.896000 (0.896000 + 0.000000),0.876000 (0.876000 + 0.000000),0.861000 (0.861000 + 0.000000),0.897000 (0.897000 + 0.000000),0.890000 (0.890000 + 0.000000),0.888000 (0.888000 + 0.000000),0.875000 (0.875000 + 0.000000),0.869000 (0.869000 + 0.000000),0.892000 (0.892000 + 0.000000),0.874000 (0.874000 + 0.000000),0.898000 (0.898000 + 0.000000),0.896000 (0.896000 + 0.000000),0.885000 (0.885000 + 0.000000),0.896000 (0.896000 + 0.000000),0.876000 (0.876000 + 0.000000),0.872000 (0.872000 + 0.000000),0.896000 (0.896000 + 0.000000),0.879000 (0.879000 + 0.000000),0.892000 (0.892000 + 0.000000),0.896000 (0.896000 + 0.000000),0.897000 (0.897000 + 0.000000),0.897000 (0.897000 + 0.000000),0.897000 (0.897000 + 0.000000),0.871000 (0.871000 + 0.000000),0.880000 (0.880000 + 0.000000),0.890000 (0.890000 + 0.000000),0.851000 (0.851000 + 0.000000),0.891000 (0.891000 + 0.000000),0.885000 (0.885000 + 0.000000),0.897000 (0.897000 + 0.000000),0.888000 (0.888000 + 0.000000),0.877000 (0.877000 + 0.000000),0.872000 (0.872000 + 0.000000),0.880000 (0.880000 + 0.000000),0.869000 (0.869000 + 0.000000),0.884000 (0.884000 + 0.000000),0.879000 (0.879000 + 0.000000),0.872000 (0.872000 + 0.000000),0.872000 (0.872000 + 0.000000),0.898000 (0.898000 + 0.000000),0.872000 (0.872000 + 0.000000),0.889000 (0.889000 + 0.000000),0.897000 (0.897000 + 0.000000),0.897000 (0.897000 + 0.000000),0.872000 (0.872000 + 0.000000),0.884000 (0.884000 + 0.000000),0.887000 (0.887000 + 0.000000)
80,0.898000 (0.898000 + 0.000000),0.897000 (0.897000 + 0.000000),0.885000 (0.885000 + 0.000000),0.901000 (0.901000 + 0.000000),0.869000 (0.869000 + 0.000000),0.857000 (0.857000 + 0.000000),0.890000 (0.890000 + 0.000000),0.898000 (0.898000 + 0.000000),0.896000 (0.896000 + 0.000000),0.888000 (0.888000 + 0.000000),0.870000 (0.870000 + 0.000000),0.897000 (0.897000 + 0.000000),0.897000 (0.897000 + 0.000000),0.897000 (0.897000 + 0.000000),0.871000 (0.871000 + 0.000000),0.860000 (0.860000 + 0.000000),0.896000 (0.896000 + 0.000000),0.882000 (0.882000 + 0.000000),0.890000 (0.890000 + 0.000000),0.896000 (0.896000 + 0.000000),0.898000 (0.898000 + 0.000000),0.863000 (0.863000 + 0.000000),0.877000 (0.877000 + 0.000000),0.898000 (0.898000 + 0.000000),0.896000 (0.896000 + 0.000000),0.872000 (0.872000 + 0.000000),0.869000 (0.869000 + 0.000000),0.867000 (0.867000 + 0.000000),0.896000 (0.896000 + 0.000000),0.875000 (0.875000 + 0.000000),0.873000 (0.873000 + 0.000000),0.867000 (0.867000 + 0.000000),0.873000 (0.873000 + 0.000000),0.894000 (0.894000 + 0.000000),0.890000 (0.890000 + 0.000000),0.873000 (0.873000 + 0.000000),0.862000 (0.862000 + 0.000000),0.890000 (0.890000 + 0.000000),0.898000 (0.898000 + 0.000000),0.869000 (0.869000 + 0.000000),0.880000 (0.880000 + 0.000000),0.872000 (0.872000 + 0.000000),0.869000 (0.869000 + 0.000000),0.888000 (0.888000 + 0.000000),0.882000 (0.882000 + 0.000000),0.898000 (0.898000 + 0.000000),0.880000 (0.880000 + 0.000000),0.888000 (0.888000 + 0.000000),0.898000 (0.898000 + 0.000000),0.885000 (0.885000 + 0.000000),0.885000 (0.885000 + 0.000000),0.877000 (0.877000 + 0.000000),0.896000 (0.896000 + 0.000000),0.890000 (0.890000 + 0.000000),0.898000 (0.898000 + 0.000000),0.876000 (0.876000 + 0.000000),0.894000 (0.894000 + 0.000000),0.891000 (0.891000 + 0.000000),0.877000 (0.877000 + 0.000000),0.856000 (0.856000 + 0.000000)
81,,,,,,,,,,,,,,,,,,,,,,,,,,,,,,,,,,,,,,,,,,,,,,,,,,,,,,,,,,,,
82,,,,,,,,,,,,,,,,,,,,,,,,,,,,,,,,,,,,,,,,,,,,,,,,,,,,,,,,,,,,
83,,,,,,,,,,,,,,,,,,,,,,,,,,,,,,,,,,,,,,,,,,,,,,,,,,,,,,,,,,,,
84,,,,,,,,,,,,,,,,,,,,,,,,,,,,,,,,,,,,,,,,,,,,,,,,,,,,,,,,,,,,
85,,,,,,,,,,,,,,,,,,,,,,,,,,,,,,,,,,,,,,,,,,,,,,,,,,,,,,,,,,,,
86,,,,,,,,,,,,,,,,,,,,,,,,,,,,,,,,,,,,,,,,,,,,,,,,,,,,,,,,,,,,
87,,,,,,,,,,,,,,,,,,,,,,,,,,,,,,,,,,,,,,,,,,,,,,,,,,,,,,,,,,,,
88,,,,,,,,,,,,,,,,,,,,,,,,,,,,,,,,,,,,,,,,,,,,,,,,,,,,,,,,,,,,
89,,,,,,,,,,,,,,,,,,,,,,,,,,,,,,,,,,,,,,,,,,,,,,,,,,,,,,,,,,,,
90,,,,,,,,,,,,,,,,,,,,,,,,,,,,,,,,,,,,,,,,,,,,,,,,,,,,,,,,,,,,
91,,,,,,,,,,,,,,,,,,,,,,,,,,,,,,,,,,,,,,,,,,,,,,,,,,,,,,,,,,,,
92,,,,,,,,,,,,,,,,,,,,,,,,,,,,,,,,,,,,,,,,,,,,,,,,,,,,,,,,,,,,
93,,,,,,,,,,,,,,,,,,,,,,,,,,,,,,,,,,,,,,,,,,,,,,,,,,,,,,,,,,,,
94,,,,,,,,,,,,,,,,,,,,,,,,,,,,,,,,,,,,,,,,,,,,,,,,,,,,,,,,,,,,
95,,,,,,,,,,,,,,,,,,,,,,,,,,,,,,,,,,,,,,,,,,,,,,,,,,,,,,,,,,,,
96,,,,,,,,,,,,,,,,,,,,,,,,,,,,,,,,,,,,,,,,,,,,,,,,,,,,,,,,,,,,
97,,,,,,,,,,,,,,,,,,,,,,,,,,,,,,,,,,,,,,,,,,,,,,,,,,,,,,,,,,,,
98,,,,,,,,,,,,,,,,,,,,,,,,,,,,,,,,,,,,,,,,,,,,,,,,,,,,,,,,,,,,
99,,,,,,,,,,,,,,,,,,,,,,,,,,,,,,,,,,,,,,,,,,,,,,,,,,,,,,,,,,,,
100,,,,,,,,,,,,,,,,,,,,,,,,,,,,,,,,,,,,,,,,,,,,,,,,,,,,,,,,,,,,
