Generation,Entry1,Entry2,Entry3,Entry4,Entry5,Entry6,Entry7,Entry8,Entry9,Entry10,Entry11,Entry12,Entry13,Entry14,Entry15,Entry16,Entry17,Entry18,Entry19,Entry20,Entry21,Entry22,Entry23,Entry24,Entry25,Entry26,Entry27,Entry28,Entry29,Entry30,Entry31,Entry32,Entry33,Entry34,Entry35,Entry36,Entry37,Entry38,Entry39,Entry40,Entry41,Entry42,Entry43,Entry44,Entry45,Entry46,Entry47,Entry48,Entry49,Entry50,Entry51,Entry52,Entry53,Entry54,Entry55,Entry56,Entry57,Entry58,Entry59,Entry60,Entry61,Entry62,Entry63,Entry64,Entry65,Entry66,Entry67,Entry68,Entry69,Entry70,Entry71,Entry72,Entry73,Entry74,Entry75,Entry76,Entry77,Entry78,Entry79,Entry80
1,0.796830 (0.715500 + 0.081330),0.803225 (0.720900 + 0.082325),0.807201 (0.724500 + 0.082701),0.830671 (0.747900 + 0.082771),0.814069 (0.731700 + 0.082369),0.793334 (0.711000 + 0.082334),0.808918 (0.726300 + 0.082618),0.805836 (0.723600 + 0.082236),0.794035 (0.711900 + 0.082135),0.811012 (0.729000 + 0.082012),0.801121 (0.718200 + 0.082921),0.824479 (0.741600 + 0.082879),0.799801 (0.717300 + 0.082501),0.808441 (0.726300 + 0.082141),0.796140 (0.713700 + 0.082440),0.819365 (0.737100 + 0.082265),0.811282 (0.729900 + 0.081382),0.809668 (0.728100 + 0.081568),0.804135 (0.721800 + 0.082335),0.800403 (0.717300 + 0.083103),0.808603 (0.725400 + 0.083203),0.818458 (0.735300 + 0.083158),0.802558 (0.720000 + 0.082558),0.813595 (0.731700 + 0.081895),0.811543 (0.729900 + 0.081643),0.806516 (0.724500 + 0.082016),0.806616 (0.724500 + 0.082116),0.801915 (0.720000 + 0.081915),0.800832 (0.718200 + 0.082632),0.810383 (0.728100 + 0.082283),0.814149 (0.731700 + 0.082449),0.811254 (0.728100 + 0.083154),0.804923 (0.723600 + 0.081323),0.804035 (0.722700 + 0.081335),0.803888 (0.721800 + 0.082088),0.799983 (0.717300 + 0.082683),0.807303 (0.725400 + 0.081903),0.797901 (0.717300 + 0.080601),0.813569 (0.731700 + 0.081869),0.808580 (0.726300 + 0.082281),0.816655 (0.734400 + 0.082255),0.802395 (0.720000 + 0.082395),0.807259 (0.725400 + 0.081859),0.796947 (0.714600 + 0.082347),0.806526 (0.723600 + 0.082926),0.805439 (0.722700 + 0.082739),0.812274 (0.729900 + 0.082374),0.808815 (0.726300 + 0.082515),0.800178 (0.718200 + 0.081978),0.818851 (0.736200 + 0.082651),0.797405 (0.716400 + 0.081005),0.818419 (0.735300 + 0.083119),0.796954 (0.714600 + 0.082354),0.816172 (0.733500 + 0.082672),0.798172 (0.716400 + 0.081772),0.802742 (0.720900 + 0.081842),0.805843 (0.723600 + 0.082243),0.792377 (0.710100 + 0.082277),0.799432 (0.718200 + 0.081232),0.804229 (0.722700 + 0.081529),0.801721 (0.720000 + 0.081721),0.810184 (0.728100 + 0.082084),0.814422 (0.732600 + 0.081822),0.803408 (0.721800 + 0.081608),0.815772 (0.733500 + 0.082272),0.807306 (0.724500 + 0.082806),0.806030 (0.722700 + 0.083330),0.798577 (0.716400 + 0.082177),0.795413 (0.713700 + 0.081714),0.807198 (0.724500 + 0.082698),0.813719 (0.731700 + 0.082019),0.803806 (0.721800 + 0.082006),0.806464 (0.723600 + 0.082864),0.810066 (0.728100 + 0.081966),0.815804 (0.734400 + 0.081404),0.797490 (0.714600 + 0.082890),0.808508 (0.726300 + 0.082208),0.805049 (0.723600 + 0.081449),0.805944 (0.723600 + 0.082344),0.815329 (0.734400 + 0.080929)
2,0.796830 (0.715500 + 0.081330),0.803225 (0.720900 + 0.082325),0.807201 (0.724500 + 0.082701),0.830671 (0.747900 + 0.082771),0.814069 (0.731700 + 0.082369),0.793334 (0.711000 + 0.082334),0.808918 (0.726300 + 0.082618),0.805836 (0.723600 + 0.082236),0.794035 (0.711900 + 0.082135),0.811012 (0.729000 + 0.082012),0.801121 (0.718200 + 0.082921),0.824479 (0.741600 + 0.082879),0.799801 (0.717300 + 0.082501),0.808441 (0.726300 + 0.082141),0.796140 (0.713700 + 0.082440),0.819365 (0.737100 + 0.082265),0.811282 (0.729900 + 0.081382),0.809668 (0.728100 + 0.081568),0.804135 (0.721800 + 0.082335),0.800403 (0.717300 + 0.083103),0.808603 (0.725400 + 0.083203),0.818458 (0.735300 + 0.083158),0.802558 (0.720000 + 0.082558),0.813595 (0.731700 + 0.081895),0.811543 (0.729900 + 0.081643),0.806516 (0.724500 + 0.082016),0.806616 (0.724500 + 0.082116),0.801915 (0.720000 + 0.081915),0.800832 (0.718200 + 0.082632),0.810383 (0.728100 + 0.082283),0.814149 (0.731700 + 0.082449),0.811254 (0.728100 + 0.083154),0.804923 (0.723600 + 0.081323),0.804035 (0.722700 + 0.081335),0.803888 (0.721800 + 0.082088),0.799983 (0.717300 + 0.082683),0.807303 (0.725400 + 0.081903),0.797901 (0.717300 + 0.080601),0.813569 (0.731700 + 0.081869),0.808580 (0.726300 + 0.082281),0.816655 (0.734400 + 0.082255),0.802395 (0.720000 + 0.082395),0.807259 (0.725400 + 0.081859),0.796947 (0.714600 + 0.082347),0.806526 (0.723600 + 0.082926),0.805439 (0.722700 + 0.082739),0.812274 (0.729900 + 0.082374),0.808815 (0.726300 + 0.082515),0.800178 (0.718200 + 0.081978),0.818851 (0.736200 + 0.082651),0.797405 (0.716400 + 0.081005),0.818419 (0.735300 + 0.083119),0.796954 (0.714600 + 0.082354),0.816172 (0.733500 + 0.082672),0.798172 (0.716400 + 0.081772),0.802742 (0.720900 + 0.081842),0.805843 (0.723600 + 0.082243),0.792377 (0.710100 + 0.082277),0.799432 (0.718200 + 0.081232),0.804229 (0.722700 + 0.081529),0.801721 (0.720000 + 0.081721),0.810184 (0.728100 + 0.082084),0.814422 (0.732600 + 0.081822),0.803408 (0.721800 + 0.081608),0.815772 (0.733500 + 0.082272),0.807306 (0.724500 + 0.082806),0.806030 (0.722700 + 0.083330),0.798577 (0.716400 + 0.082177),0.795413 (0.713700 + 0.081714),0.807198 (0.724500 + 0.082698),0.813719 (0.731700 + 0.082019),0.803806 (0.721800 + 0.082006),0.806464 (0.723600 + 0.082864),0.810066 (0.728100 + 0.081966),0.815804 (0.734400 + 0.081404),0.797490 (0.714600 + 0.082890),0.808508 (0.726300 + 0.082208),0.805049 (0.723600 + 0.081449),0.805944 (0.723600 + 0.082344),0.815329 (0.734400 + 0.080929)
3,0.830671 (0.747900 + 0.082771),0.809668 (0.728100 + 0.081568),0.808815 (0.726300 + 0.082515),0.819488 (0.737100 + 0.082388),0.818281 (0.736200 + 0.082081),0.820956 (0.738000 + 0.082956),0.819575 (0.737100 + 0.082475),0.810383 (0.728100 + 0.082283),0.810383 (0.728100 + 0.082283),0.815329 (0.734400 + 0.080929),0.804143 (0.723600 + 0.080543),0.812203 (0.729900 + 0.082304),0.798870 (0.717300 + 0.081570),0.804982 (0.723600 + 0.081382),0.826954 (0.744300 + 0.082654),0.812912 (0.730800 + 0.082112),0.813179 (0.730800 + 0.082379),0.816404 (0.735300 + 0.081104),0.815430 (0.733500 + 0.081930),0.814905 (0.732600 + 0.082305),0.809586 (0.726300 + 0.083286),0.801422 (0.719100 + 0.082322),0.815398 (0.733500 + 0.081898),0.799420 (0.717300 + 0.082120),0.809621 (0.727200 + 0.082421),0.812771 (0.730800 + 0.081971),0.804426 (0.721800 + 0.082626),0.800413 (0.718200 + 0.082213),0.807305 (0.725400 + 0.081905),0.801726 (0.719100 + 0.082626),0.806331 (0.722700 + 0.083631),0.803941 (0.722700 + 0.081241),0.809868 (0.727200 + 0.082668),0.814069 (0.731700 + 0.082369),0.818127 (0.736200 + 0.081927),0.819292 (0.736200 + 0.083092),0.808603 (0.725400 + 0.083203),0.804767 (0.721800 + 0.082967),0.817987 (0.735300 + 0.082687),0.811470 (0.729000 + 0.082470),0.825517 (0.743400 + 0.082117),0.811113 (0.728100 + 0.083013),0.800975 (0.718200 + 0.082775),0.806680 (0.724500 + 0.082180),0.816749 (0.734400 + 0.082349),0.815563 (0.733500 + 0.082063),0.803870 (0.720900 + 0.082970),0.819109 (0.736200 + 0.082909),0.815010 (0.732600 + 0.082410),0.804512 (0.721800 + 0.082712),0.801607 (0.719100 + 0.082507),0.800479 (0.719100 + 0.081379),0.825387 (0.742500 + 0.082887),0.805992 (0.724500 + 0.081492),0.809680 (0.727200 + 0.082480),0.806946 (0.725400 + 0.081546),0.816593 (0.734400 + 0.082193),0.809476 (0.727200 + 0.082276),0.807966 (0.725400 + 0.082566),0.809702 (0.726300 + 0.083402),0.802881 (0.720900 + 0.081981),0.805439 (0.722700 + 0.082739),0.809358 (0.727200 + 0.082158),0.798529 (0.715500 + 0.083029),0.800121 (0.717300 + 0.082821),0.825262 (0.742500 + 0.082762),0.808636 (0.726300 + 0.082336),0.823249 (0.739800 + 0.083449),0.817218 (0.734400 + 0.082818),0.793869 (0.711000 + 0.082869),0.814425 (0.732600 + 0.081825),0.812439 (0.729900 + 0.082539),0.809446 (0.728100 + 0.081346),0.819020 (0.737100 + 0.081920),0.812940 (0.729900 + 0.083040),0.786021 (0.703800 + 0.082221),0.808741 (0.728100 + 0.080641),0.818180 (0.735300 + 0.082880),0.815099 (0.733500 + 0.081599),0.801458 (0.719100 + 0.082358)
4,0.830671 (0.747900 + 0.082771),0.808029 (0.726300 + 0.081729),0.799010 (0.716400 + 0.082610),0.828959 (0.746100 + 0.082859),0.818038 (0.736200 + 0.081839),0.801370 (0.719100 + 0.082270),0.824044 (0.740700 + 0.083344),0.814913 (0.732600 + 0.082313),0.824166 (0.741600 + 0.082566),0.809913 (0.727200 + 0.082712),0.808309 (0.725400 + 0.082909),0.814789 (0.731700 + 0.083089),0.812010 (0.729000 + 0.083011),0.816942 (0.735300 + 0.081642),0.812335 (0.730800 + 0.081535),0.809571 (0.727200 + 0.082371),0.817639 (0.735300 + 0.082339),0.833682 (0.750600 + 0.083082),0.809268 (0.726300 + 0.082968),0.821415 (0.738900 + 0.082515),0.797992 (0.717300 + 0.080692),0.819020 (0.737100 + 0.081920),0.807845 (0.726300 + 0.081545),0.821606 (0.738900 + 0.082706),0.814302 (0.731700 + 0.082602),0.824423 (0.742500 + 0.081923),0.816402 (0.733500 + 0.082902),0.812079 (0.729900 + 0.082179),0.815724 (0.733500 + 0.082224),0.803334 (0.720900 + 0.082434),0.824942 (0.742500 + 0.082442),0.815827 (0.734400 + 0.081427),0.812616 (0.729900 + 0.082716),0.811696 (0.729900 + 0.081797),0.806847 (0.723600 + 0.083247),0.809407 (0.727200 + 0.082207),0.811632 (0.729000 + 0.082632),0.815626 (0.733500 + 0.082126),0.800544 (0.718200 + 0.082344),0.809343 (0.727200 + 0.082143),0.816877 (0.734400 + 0.082477),0.810850 (0.728100 + 0.082750),0.821033 (0.738000 + 0.083033),0.816284 (0.735300 + 0.080984),0.807349 (0.725400 + 0.081949),0.823564 (0.740700 + 0.082864),0.800732 (0.719100 + 0.081632),0.811869 (0.729000 + 0.082869),0.808347 (0.726300 + 0.082047),0.824892 (0.743400 + 0.081492),0.807403 (0.725400 + 0.082003),0.813867 (0.732600 + 0.081267),0.815165 (0.733500 + 0.081665),0.806841 (0.725400 + 0.081441),0.808046 (0.726300 + 0.081746),0.819987 (0.738000 + 0.081987),0.810817 (0.729000 + 0.081817),0.812478 (0.729900 + 0.082578),0.824853 (0.743400 + 0.081453),0.818625 (0.736200 + 0.082425),0.812018 (0.729900 + 0.082118),0.827065 (0.745200 + 0.081865),0.809603 (0.727200 + 0.082403),0.794026 (0.711900 + 0.082126),0.814128 (0.730800 + 0.083328),0.813623 (0.731700 + 0.081923),0.804740 (0.721800 + 0.082940),0.804477 (0.721800 + 0.082677),0.816534 (0.734400 + 0.082134),0.823848 (0.741600 + 0.082248),0.807844 (0.725400 + 0.082445),0.803022 (0.720900 + 0.082122),0.801218 (0.719100 + 0.082118),0.810282 (0.728100 + 0.082182),0.813699 (0.731700 + 0.081999),0.822431 (0.740700 + 0.081731),0.816379 (0.734400 + 0.081979),0.815829 (0.733500 + 0.082329),0.824136 (0.741600 + 0.082536),0.813864 (0.731700 + 0.082164)
5,0.833682 (0.750600 + 0.083082),0.821606 (0.738900 + 0.082706),0.816534 (0.734400 + 0.082134),0.815322 (0.732600 + 0.082722),0.806762 (0.724500 + 0.082262),0.819913 (0.737100 + 0.082813),0.822316 (0.741600 + 0.080716),0.811632 (0.729000 + 0.082632),0.809343 (0.727200 + 0.082143),0.821152 (0.738900 + 0.082252),0.814141 (0.730800 + 0.083341),0.816899 (0.734400 + 0.082499),0.814282 (0.732600 + 0.081682),0.817688 (0.735300 + 0.082388),0.830873 (0.747900 + 0.082973),0.810354 (0.728100 + 0.082254),0.814833 (0.733500 + 0.081333),0.818009 (0.735300 + 0.082709),0.813156 (0.731700 + 0.081456),0.818826 (0.736200 + 0.082626),0.828556 (0.746100 + 0.082456),0.812158 (0.729900 + 0.082258),0.812785 (0.730800 + 0.081985),0.810833 (0.728100 + 0.082733),0.808276 (0.725400 + 0.082876),0.811502 (0.729900 + 0.081602),0.818571 (0.736200 + 0.082371),0.819491 (0.736200 + 0.083291),0.814874 (0.733500 + 0.081374),0.829628 (0.747000 + 0.082628),0.814729 (0.732600 + 0.082129),0.808744 (0.726300 + 0.082444),0.810833 (0.729000 + 0.081833),0.820319 (0.738000 + 0.082319),0.820977 (0.738000 + 0.082977),0.815866 (0.733500 + 0.082366),0.822652 (0.739800 + 0.082852),0.812328 (0.729900 + 0.082428),0.819356 (0.738000 + 0.081356),0.833682 (0.750600 + 0.083082),0.812335 (0.730800 + 0.081535),0.815938 (0.732600 + 0.083338),0.805381 (0.722700 + 0.082681),0.812478 (0.729900 + 0.082578),0.803022 (0.720900 + 0.082122),0.806590 (0.724500 + 0.082090),0.827992 (0.746100 + 0.081892),0.815232 (0.732600 + 0.082632),0.810925 (0.729900 + 0.081025),0.813393 (0.730800 + 0.082593),0.823315 (0.740700 + 0.082615),0.836427 (0.754200 + 0.082227),0.809462 (0.727200 + 0.082262),0.814712 (0.732600 + 0.082112),0.830480 (0.747900 + 0.082580),0.821033 (0.738000 + 0.083033),0.828959 (0.746100 + 0.082859),0.822274 (0.738900 + 0.083374),0.825601 (0.744300 + 0.081301),0.811399 (0.729000 + 0.082399),0.824285 (0.742500 + 0.081785),0.816552 (0.734400 + 0.082152),0.815257 (0.733500 + 0.081757),0.802877 (0.720900 + 0.081977),0.813932 (0.731700 + 0.082232),0.819549 (0.736200 + 0.083349),0.811919 (0.730800 + 0.081119),0.816953 (0.735300 + 0.081653),0.817627 (0.735300 + 0.082327),0.820149 (0.738000 + 0.082149),0.815811 (0.733500 + 0.082311),0.818191 (0.735300 + 0.082891),0.818192 (0.736200 + 0.081992),0.811693 (0.729900 + 0.081793),0.812857 (0.730800 + 0.082057),0.815169 (0.732600 + 0.082569),0.803832 (0.721800 + 0.082032),0.830176 (0.747000 + 0.083176),0.818070 (0.735300 + 0.082770),0.830692 (0.747900 + 0.082792)
6,0.836427 (0.754200 + 0.082227),0.818077 (0.735300 + 0.082777),0.798945 (0.717300 + 0.081645),0.818544 (0.736200 + 0.082344),0.823373 (0.740700 + 0.082673),0.813709 (0.730800 + 0.082909),0.817084 (0.734400 + 0.082684),0.810857 (0.729000 + 0.081857),0.827399 (0.745200 + 0.082199),0.821978 (0.740700 + 0.081278),0.810190 (0.727200 + 0.082990),0.807684 (0.725400 + 0.082284),0.815439 (0.733500 + 0.081939),0.823117 (0.740700 + 0.082417),0.812350 (0.729900 + 0.082450),0.813112 (0.730800 + 0.082312),0.815232 (0.732600 + 0.082632),0.812283 (0.729900 + 0.082383),0.817706 (0.736200 + 0.081506),0.808703 (0.727200 + 0.081503),0.820091 (0.738900 + 0.081191),0.816552 (0.734400 + 0.082152),0.816552 (0.734400 + 0.082152),0.816477 (0.733500 + 0.082977),0.827544 (0.745200 + 0.082344),0.824659 (0.742500 + 0.082159),0.821777 (0.738900 + 0.082877),0.815092 (0.732600 + 0.082492),0.807504 (0.725400 + 0.082104),0.820152 (0.738000 + 0.082152),0.819036 (0.736200 + 0.082836),0.820120 (0.738000 + 0.082120),0.814114 (0.732600 + 0.081514),0.814750 (0.732600 + 0.082151),0.809844 (0.728100 + 0.081744),0.810900 (0.728100 + 0.082800),0.813040 (0.731700 + 0.081340),0.830176 (0.747000 + 0.083176),0.821033 (0.738000 + 0.083033),0.830278 (0.748800 + 0.081478),0.826512 (0.744300 + 0.082212),0.829379 (0.747000 + 0.082379),0.824448 (0.740700 + 0.083748),0.817204 (0.735300 + 0.081904),0.808665 (0.727200 + 0.081465),0.821192 (0.738900 + 0.082292),0.811502 (0.729900 + 0.081602),0.824809 (0.742500 + 0.082309),0.822065 (0.740700 + 0.081365),0.826658 (0.744300 + 0.082358),0.812380 (0.729900 + 0.082480),0.836427 (0.754200 + 0.082227),0.812478 (0.729900 + 0.082578),0.813597 (0.730800 + 0.082797),0.825789 (0.743400 + 0.082389),0.823288 (0.740700 + 0.082588),0.830458 (0.747000 + 0.083458),0.820701 (0.738000 + 0.082701),0.820237 (0.738000 + 0.082237),0.828556 (0.746100 + 0.082456),0.820112 (0.738000 + 0.082112),0.826115 (0.743400 + 0.082715),0.802433 (0.720000 + 0.082433),0.817365 (0.734400 + 0.082965),0.822934 (0.739800 + 0.083134),0.822874 (0.740700 + 0.082174),0.824056 (0.742500 + 0.081556),0.815081 (0.732600 + 0.082481),0.818708 (0.736200 + 0.082508),0.820785 (0.738000 + 0.082785),0.811712 (0.729000 + 0.082712),0.825477 (0.742500 + 0.082977),0.817400 (0.734400 + 0.083000),0.811562 (0.729900 + 0.081662),0.813663 (0.731700 + 0.081963),0.810648 (0.729000 + 0.081648),0.821671 (0.738900 + 0.082771),0.830538 (0.748800 + 0.081738),0.815126 (0.733500 + 0.081626),0.837144 (0.755100 + 0.082044)
7,0.837144 (0.755100 + 0.082044),0.817891 (0.735300 + 0.082591),0.811193 (0.728100 + 0.083093),0.828080 (0.745200 + 0.082880),0.817613 (0.737100 + 0.080513),0.827640 (0.745200 + 0.082440),0.828631 (0.745200 + 0.083431),0.830011 (0.748800 + 0.081211),0.806927 (0.724500 + 0.082427),0.811487 (0.729000 + 0.082487),0.819973 (0.738000 + 0.081973),0.832025 (0.749700 + 0.082325),0.818926 (0.736200 + 0.082726),0.821921 (0.739800 + 0.082121),0.810128 (0.728100 + 0.082028),0.824056 (0.742500 + 0.081556),0.821671 (0.738900 + 0.082771),0.818272 (0.736200 + 0.082072),0.817627 (0.735300 + 0.082327),0.809133 (0.726300 + 0.082833),0.820458 (0.738900 + 0.081558),0.818987 (0.737100 + 0.081887),0.800023 (0.716400 + 0.083623),0.813839 (0.730800 + 0.083039),0.827877 (0.746100 + 0.081777),0.807526 (0.726300 + 0.081226),0.832528 (0.749700 + 0.082828),0.830585 (0.747900 + 0.082685),0.821001 (0.738000 + 0.083001),0.830621 (0.747000 + 0.083621),0.817714 (0.735300 + 0.082414),0.815224 (0.732600 + 0.082624),0.821772 (0.740700 + 0.081072),0.816626 (0.734400 + 0.082226),0.822998 (0.741600 + 0.081398),0.818243 (0.736200 + 0.082043),0.821432 (0.738900 + 0.082532),0.816671 (0.734400 + 0.082271),0.828704 (0.746100 + 0.082604),0.821759 (0.739800 + 0.081959),0.810757 (0.728100 + 0.082657),0.809099 (0.727200 + 0.081899),0.827547 (0.745200 + 0.082347),0.814213 (0.732600 + 0.081613),0.810486 (0.728100 + 0.082386),0.815062 (0.732600 + 0.082462),0.819263 (0.736200 + 0.083063),0.827544 (0.745200 + 0.082344),0.820091 (0.738900 + 0.081191),0.829320 (0.747000 + 0.082320),0.823586 (0.741600 + 0.081986),0.812729 (0.731700 + 0.081029),0.814457 (0.731700 + 0.082757),0.809154 (0.726300 + 0.082854),0.821033 (0.738000 + 0.083033),0.813881 (0.731700 + 0.082181),0.818748 (0.737100 + 0.081648),0.824629 (0.742500 + 0.082129),0.811132 (0.728100 + 0.083032),0.814275 (0.732600 + 0.081675),0.818933 (0.736200 + 0.082733),0.823152 (0.740700 + 0.082452),0.815711 (0.733500 + 0.082211),0.821394 (0.738900 + 0.082494),0.815001 (0.732600 + 0.082401),0.831531 (0.749700 + 0.081831),0.824397 (0.741600 + 0.082797),0.811179 (0.729000 + 0.082179),0.828369 (0.746100 + 0.082270),0.823068 (0.741600 + 0.081468),0.832612 (0.749700 + 0.082912),0.814294 (0.731700 + 0.082594),0.826640 (0.744300 + 0.082340),0.804947 (0.722700 + 0.082247),0.813437 (0.732600 + 0.080837),0.813393 (0.730800 + 0.082593),0.825364 (0.742500 + 0.082864),0.812567 (0.730800 + 0.081767),0.826149 (0.743400 + 0.082749),0.820958 (0.739800 + 0.081158)
8,0.837144 (0.755100 + 0.082044),0.821666 (0.739800 + 0.081866),0.825990 (0.743400 + 0.082590),0.825287 (0.742500 + 0.082787),0.810563 (0.729000 + 0.081563),0.809996 (0.728100 + 0.081896),0.831877 (0.749700 + 0.082177),0.810515 (0.728100 + 0.082415),0.831046 (0.748800 + 0.082246),0.823734 (0.741600 + 0.082134),0.819430 (0.737100 + 0.082330),0.819617 (0.737100 + 0.082517),0.817672 (0.734400 + 0.083272),0.822500 (0.740700 + 0.081800),0.820656 (0.738900 + 0.081756),0.813327 (0.730800 + 0.082527),0.825588 (0.743400 + 0.082188),0.825031 (0.743400 + 0.081631),0.821662 (0.740700 + 0.080962),0.805803 (0.723600 + 0.082203),0.815012 (0.733500 + 0.081512),0.824209 (0.741600 + 0.082609),0.832342 (0.749700 + 0.082642),0.809189 (0.728100 + 0.081089),0.801630 (0.720000 + 0.081630),0.833151 (0.749700 + 0.083451),0.832216 (0.749700 + 0.082516),0.828081 (0.745200 + 0.082881),0.805233 (0.723600 + 0.081633),0.819021 (0.736200 + 0.082821),0.817515 (0.735300 + 0.082215),0.824564 (0.742500 + 0.082064),0.819263 (0.736200 + 0.083063),0.826346 (0.744300 + 0.082046),0.826863 (0.744300 + 0.082563),0.815142 (0.732600 + 0.082542),0.812966 (0.729900 + 0.083066),0.826242 (0.743400 + 0.082842),0.824998 (0.742500 + 0.082498),0.820354 (0.738900 + 0.081454),0.811882 (0.729000 + 0.082882),0.823967 (0.741600 + 0.082367),0.811943 (0.729900 + 0.082043),0.825366 (0.742500 + 0.082866),0.819871 (0.738000 + 0.081871),0.809147 (0.727200 + 0.081947),0.813433 (0.731700 + 0.081733),0.811886 (0.729900 + 0.081987),0.818393 (0.737100 + 0.081293),0.837144 (0.755100 + 0.082044),0.826274 (0.743400 + 0.082874),0.815834 (0.734400 + 0.081434),0.822376 (0.739800 + 0.082576),0.817987 (0.737100 + 0.080887),0.818274 (0.736200 + 0.082074),0.827640 (0.745200 + 0.082440),0.816671 (0.734400 + 0.082271),0.819893 (0.738000 + 0.081893),0.817537 (0.734400 + 0.083137),0.816561 (0.734400 + 0.082161),0.822688 (0.739800 + 0.082888),0.822052 (0.738900 + 0.083152),0.827909 (0.745200 + 0.082709),0.822855 (0.740700 + 0.082155),0.821408 (0.738900 + 0.082508),0.824197 (0.741600 + 0.082597),0.811450 (0.729000 + 0.082450),0.824673 (0.742500 + 0.082173),0.814900 (0.732600 + 0.082300),0.824056 (0.742500 + 0.081556),0.817613 (0.737100 + 0.080513),0.820025 (0.738000 + 0.082025),0.833232 (0.750600 + 0.082632),0.813343 (0.730800 + 0.082543),0.813395 (0.730800 + 0.082595),0.824905 (0.742500 + 0.082405),0.820061 (0.738000 + 0.082061),0.822111 (0.739800 + 0.082311),0.822460 (0.740700 + 0.081760),0.827771 (0.745200 + 0.082571)
9,0.837144 (0.755100 + 0.082044),0.818575 (0.736200 + 0.082375),0.814610 (0.732600 + 0.082010),0.826845 (0.745200 + 0.081645),0.802393 (0.720900 + 0.081493),0.811073 (0.729900 + 0.081173),0.824087 (0.741600 + 0.082487),0.837144 (0.755100 + 0.082044),0.832216 (0.749700 + 0.082516),0.820474 (0.738900 + 0.081574),0.836892 (0.754200 + 0.082692),0.825007 (0.742500 + 0.082507),0.807065 (0.724500 + 0.082565),0.833232 (0.750600 + 0.082632),0.818274 (0.736200 + 0.082074),0.807161 (0.725400 + 0.081761),0.844769 (0.762300 + 0.082469),0.814901 (0.732600 + 0.082301),0.820622 (0.738000 + 0.082622),0.818573 (0.736200 + 0.082373),0.836020 (0.753300 + 0.082720),0.838195 (0.755100 + 0.083095),0.817765 (0.736200 + 0.081565),0.831623 (0.749700 + 0.081923),0.827925 (0.745200 + 0.082725),0.820835 (0.738900 + 0.081935),0.826189 (0.743400 + 0.082789),0.819802 (0.737100 + 0.082702),0.809593 (0.727200 + 0.082393),0.817258 (0.733500 + 0.083758),0.822213 (0.739800 + 0.082413),0.833151 (0.749700 + 0.083451),0.825287 (0.742500 + 0.082787),0.818712 (0.737100 + 0.081612),0.835664 (0.753300 + 0.082364),0.828694 (0.746100 + 0.082594),0.821520 (0.738900 + 0.082620),0.816181 (0.735300 + 0.080881),0.818154 (0.735300 + 0.082854),0.823931 (0.741600 + 0.082331),0.809660 (0.728100 + 0.081560),0.829590 (0.746100 + 0.083490),0.811402 (0.729900 + 0.081502),0.824995 (0.742500 + 0.082495),0.822057 (0.739800 + 0.082257),0.834492 (0.752400 + 0.082092),0.821356 (0.739800 + 0.081556),0.810522 (0.728100 + 0.082422),0.813150 (0.730800 + 0.082350),0.820313 (0.738900 + 0.081414),0.825379 (0.743400 + 0.081979),0.817487 (0.735300 + 0.082188),0.819825 (0.737100 + 0.082725),0.826212 (0.743400 + 0.082812),0.826932 (0.744300 + 0.082632),0.816752 (0.735300 + 0.081452),0.820089 (0.737100 + 0.082989),0.823415 (0.740700 + 0.082715),0.815567 (0.732600 + 0.082967),0.816485 (0.734400 + 0.082085),0.819430 (0.737100 + 0.082330),0.820321 (0.738000 + 0.082321),0.807632 (0.725400 + 0.082232),0.822051 (0.740700 + 0.081351),0.823809 (0.740700 + 0.083109),0.831046 (0.748800 + 0.082246),0.825588 (0.743400 + 0.082188),0.828360 (0.746100 + 0.082260),0.827553 (0.745200 + 0.082353),0.821666 (0.739800 + 0.081866),0.811450 (0.729000 + 0.082450),0.808911 (0.726300 + 0.082611),0.815855 (0.732600 + 0.083255),0.820338 (0.737100 + 0.083238),0.813846 (0.730800 + 0.083046),0.814571 (0.732600 + 0.081972),0.826972 (0.744300 + 0.082672),0.816847 (0.734400 + 0.082447),0.817931 (0.735300 + 0.082631),0.823534 (0.740700 + 0.082834)
10,0.844769 (0.762300 + 0.082469),0.831107 (0.748800 + 0.082307),0.828874 (0.746100 + 0.082774),0.822466 (0.739800 + 0.082666),0.813139 (0.730800 + 0.082339),0.833797 (0.751500 + 0.082297),0.828573 (0.746100 + 0.082473),0.815670 (0.733500 + 0.082170),0.834238 (0.751500 + 0.082738),0.828980 (0.747000 + 0.081980),0.824176 (0.741600 + 0.082576),0.824162 (0.741600 + 0.082562),0.837772 (0.755100 + 0.082672),0.821553 (0.738900 + 0.082653),0.840956 (0.758700 + 0.082256),0.825287 (0.742500 + 0.082787),0.807161 (0.725400 + 0.081761),0.832294 (0.749700 + 0.082594),0.826333 (0.744300 + 0.082033),0.823809 (0.740700 + 0.083109),0.837144 (0.755100 + 0.082044),0.832066 (0.749700 + 0.082366),0.826624 (0.743400 + 0.083224),0.837915 (0.755100 + 0.082815),0.821132 (0.738900 + 0.082233),0.824700 (0.742500 + 0.082200),0.807192 (0.725400 + 0.081792),0.819689 (0.737100 + 0.082589),0.817162 (0.734400 + 0.082762),0.819241 (0.737100 + 0.082141),0.824876 (0.742500 + 0.082376),0.830559 (0.747900 + 0.082659),0.820415 (0.737100 + 0.083315),0.828694 (0.746100 + 0.082594),0.818596 (0.736200 + 0.082396),0.825287 (0.742500 + 0.082787),0.821520 (0.738900 + 0.082620),0.838333 (0.755100 + 0.083233),0.833051 (0.749700 + 0.083351),0.817576 (0.735300 + 0.082276),0.832508 (0.749700 + 0.082808),0.820371 (0.738000 + 0.082371),0.823669 (0.741600 + 0.082069),0.823453 (0.740700 + 0.082753),0.830981 (0.748800 + 0.082181),0.825573 (0.744300 + 0.081273),0.816932 (0.734400 + 0.082532),0.822178 (0.739800 + 0.082378),0.820513 (0.738000 + 0.082513),0.828949 (0.747000 + 0.081949),0.827910 (0.746100 + 0.081810),0.819017 (0.737100 + 0.081917),0.821466 (0.739800 + 0.081666),0.823414 (0.740700 + 0.082714),0.823108 (0.741600 + 0.081508),0.834062 (0.751500 + 0.082562),0.815903 (0.733500 + 0.082403),0.812026 (0.729900 + 0.082126),0.827262 (0.746100 + 0.081162),0.823888 (0.741600 + 0.082288),0.816938 (0.733500 + 0.083438),0.822851 (0.740700 + 0.082151),0.838033 (0.755100 + 0.082933),0.824050 (0.741600 + 0.082451),0.816767 (0.734400 + 0.082367),0.824440 (0.743400 + 0.081040),0.827003 (0.744300 + 0.082703),0.815223 (0.733500 + 0.081723),0.827082 (0.745200 + 0.081882),0.822042 (0.739800 + 0.082242),0.819565 (0.736200 + 0.083365),0.813311 (0.730800 + 0.082511),0.825132 (0.742500 + 0.082632),0.828350 (0.747000 + 0.081350),0.813561 (0.729900 + 0.083661),0.822163 (0.738900 + 0.083263),0.812560 (0.730800 + 0.081760),0.821029 (0.738900 + 0.082129),0.828509 (0.747000 + 0.081509),0.826845 (0.745200 + 0.081645)
11,0.844769 (0.762300 + 0.082469),0.827504 (0.745200 + 0.082304),0.810208 (0.728100 + 0.082108),0.822106 (0.738900 + 0.083206),0.822979 (0.739800 + 0.083179),0.821536 (0.738900 + 0.082636),0.837425 (0.755100 + 0.082325),0.816744 (0.734400 + 0.082344),0.822477 (0.739800 + 0.082677),0.821539 (0.740700 + 0.080839),0.823957 (0.741600 + 0.082357),0.819092 (0.737100 + 0.081992),0.821698 (0.739800 + 0.081898),0.825371 (0.744300 + 0.081071),0.825375 (0.742500 + 0.082875),0.822889 (0.741600 + 0.081289),0.821464 (0.739800 + 0.081664),0.842736 (0.760500 + 0.082236),0.832459 (0.749700 + 0.082759),0.829349 (0.747000 + 0.082349),0.827546 (0.745200 + 0.082346),0.822504 (0.740700 + 0.081804),0.826732 (0.744300 + 0.082431),0.810098 (0.727200 + 0.082898),0.831232 (0.748800 + 0.082432),0.818976 (0.736200 + 0.082776),0.832841 (0.749700 + 0.083141),0.832028 (0.749700 + 0.082328),0.831107 (0.748800 + 0.082307),0.829021 (0.747000 + 0.082021),0.830555 (0.747900 + 0.082656),0.832555 (0.750600 + 0.081955),0.828899 (0.747000 + 0.081899),0.819246 (0.736200 + 0.083046),0.829309 (0.747000 + 0.082309),0.843615 (0.761400 + 0.082215),0.822402 (0.739800 + 0.082602),0.827084 (0.744300 + 0.082784),0.815633 (0.733500 + 0.082133),0.839540 (0.756900 + 0.082640),0.847198 (0.764100 + 0.083098),0.835577 (0.753300 + 0.082277),0.827366 (0.744300 + 0.083066),0.828094 (0.746100 + 0.081994),0.820704 (0.738900 + 0.081804),0.838333 (0.755100 + 0.083233),0.821770 (0.739800 + 0.081970),0.831834 (0.749700 + 0.082134),0.842099 (0.759600 + 0.082499),0.827003 (0.744300 + 0.082703),0.823204 (0.740700 + 0.082504),0.835989 (0.753300 + 0.082689),0.824766 (0.742500 + 0.082266),0.827182 (0.745200 + 0.081982),0.821408 (0.738900 + 0.082508),0.833900 (0.750600 + 0.083300),0.818408 (0.736200 + 0.082208),0.831632 (0.748800 + 0.082832),0.825217 (0.743400 + 0.081817),0.817423 (0.735300 + 0.082123),0.816312 (0.734400 + 0.081912),0.817372 (0.735300 + 0.082072),0.835240 (0.753300 + 0.081940),0.841840 (0.760500 + 0.081340),0.829256 (0.747000 + 0.082257),0.827175 (0.746100 + 0.081075),0.828526 (0.746100 + 0.082426),0.822638 (0.739800 + 0.082838),0.828386 (0.746100 + 0.082286),0.830291 (0.747900 + 0.082391),0.818858 (0.736200 + 0.082658),0.837915 (0.755100 + 0.082815),0.821132 (0.738900 + 0.082233),0.824613 (0.743400 + 0.081213),0.826570 (0.745200 + 0.081370),0.837070 (0.753300 + 0.083770),0.834805 (0.752400 + 0.082405),0.822479 (0.740700 + 0.081779),0.824482 (0.743400 + 0.081082),0.829240 (0.747000 + 0.082240)
12,0.847198 (0.764100 + 0.083098),0.823051 (0.740700 + 0.082351),0.821062 (0.738900 + 0.082162),0.819559 (0.737100 + 0.082459),0.817258 (0.734400 + 0.082858),0.836768 (0.754200 + 0.082568),0.838080 (0.756000 + 0.082080),0.831461 (0.748800 + 0.082661),0.843730 (0.762300 + 0.081430),0.828941 (0.746100 + 0.082841),0.828316 (0.746100 + 0.082216),0.825202 (0.742500 + 0.082702),0.835171 (0.752400 + 0.082771),0.829288 (0.747000 + 0.082288),0.819963 (0.738900 + 0.081063),0.831679 (0.749700 + 0.081979),0.838504 (0.756000 + 0.082504),0.832673 (0.750600 + 0.082073),0.840516 (0.757800 + 0.082716),0.836005 (0.753300 + 0.082705),0.825649 (0.743400 + 0.082249),0.836893 (0.754200 + 0.082693),0.822997 (0.740700 + 0.082297),0.824482 (0.743400 + 0.081082),0.823957 (0.741600 + 0.082357),0.820167 (0.737100 + 0.083067),0.840705 (0.757800 + 0.082905),0.832459 (0.749700 + 0.082759),0.821539 (0.740700 + 0.080839),0.841840 (0.760500 + 0.081340),0.833900 (0.750600 + 0.083300),0.823425 (0.739800 + 0.083625),0.840344 (0.757800 + 0.082544),0.827059 (0.744300 + 0.082759),0.826231 (0.744300 + 0.081931),0.841234 (0.758700 + 0.082534),0.835215 (0.753300 + 0.081915),0.823361 (0.742500 + 0.080861),0.831436 (0.748800 + 0.082636),0.838333 (0.755100 + 0.083233),0.838333 (0.755100 + 0.083233),0.838831 (0.756000 + 0.082831),0.817198 (0.735300 + 0.081898),0.824414 (0.742500 + 0.081914),0.826924 (0.744300 + 0.082624),0.833145 (0.750600 + 0.082545),0.825956 (0.744300 + 0.081656),0.811574 (0.729000 + 0.082574),0.829379 (0.747000 + 0.082379),0.826252 (0.744300 + 0.081952),0.829348 (0.746100 + 0.083248),0.827977 (0.746100 + 0.081877),0.825821 (0.744300 + 0.081521),0.831217 (0.748800 + 0.082417),0.825644 (0.743400 + 0.082244),0.838366 (0.756000 + 0.082366),0.832160 (0.749700 + 0.082459),0.836152 (0.754200 + 0.081952),0.836438 (0.754200 + 0.082238),0.832014 (0.749700 + 0.082314),0.829925 (0.747900 + 0.082025),0.835989 (0.753300 + 0.082689),0.835989 (0.753300 + 0.082689),0.830969 (0.748800 + 0.082169),0.822080 (0.740700 + 0.081380),0.827567 (0.745200 + 0.082367),0.843316 (0.760500 + 0.082816),0.828429 (0.747000 + 0.081429),0.834652 (0.752400 + 0.082252),0.836262 (0.754200 + 0.082062),0.822550 (0.741600 + 0.080950),0.829562 (0.747000 + 0.082562),0.822423 (0.739800 + 0.082623),0.842736 (0.760500 + 0.082236),0.832028 (0.749700 + 0.082328),0.825619 (0.742500 + 0.083119),0.818076 (0.736200 + 0.081876),0.842736 (0.760500 + 0.082236),0.825371 (0.744300 + 0.081071),0.833225 (0.751500 + 0.081725)
13,0.847198 (0.764100 + 0.083098),0.837288 (0.754200 + 0.083088),0.806865 (0.724500 + 0.082365),0.826402 (0.744300 + 0.082102),0.847056 (0.764100 + 0.082956),0.833988 (0.751500 + 0.082488),0.831337 (0.748800 + 0.082537),0.836160 (0.754200 + 0.081960),0.831116 (0.748800 + 0.082316),0.820092 (0.738000 + 0.082092),0.828585 (0.746100 + 0.082485),0.832421 (0.749700 + 0.082721),0.841413 (0.758700 + 0.082713),0.826984 (0.746100 + 0.080884),0.827417 (0.745200 + 0.082217),0.839596 (0.756900 + 0.082696),0.825429 (0.742500 + 0.082929),0.833900 (0.750600 + 0.083300),0.833900 (0.750600 + 0.083300),0.839614 (0.756900 + 0.082714),0.828097 (0.745200 + 0.082897),0.840179 (0.757800 + 0.082379),0.821243 (0.738000 + 0.083243),0.832060 (0.749700 + 0.082360),0.833945 (0.751500 + 0.082445),0.838161 (0.755100 + 0.083062),0.827935 (0.746100 + 0.081835),0.828040 (0.746100 + 0.081940),0.820504 (0.738900 + 0.081604),0.838102 (0.755100 + 0.083002),0.820994 (0.738000 + 0.082995),0.831674 (0.748800 + 0.082874),0.818492 (0.735300 + 0.083192),0.831294 (0.749700 + 0.081594),0.844343 (0.763200 + 0.081143),0.812645 (0.730800 + 0.081845),0.826655 (0.744300 + 0.082355),0.826269 (0.744300 + 0.081969),0.829828 (0.747900 + 0.081928),0.825116 (0.742500 + 0.082616),0.816664 (0.734400 + 0.082264),0.825194 (0.743400 + 0.081794),0.808256 (0.726300 + 0.081956),0.842736 (0.760500 + 0.082236),0.836152 (0.754200 + 0.081952),0.829553 (0.747000 + 0.082553),0.838333 (0.755100 + 0.083233),0.832105 (0.749700 + 0.082405),0.834021 (0.751500 + 0.082521),0.827422 (0.745200 + 0.082222),0.819015 (0.736200 + 0.082815),0.840347 (0.757800 + 0.082547),0.839281 (0.756900 + 0.082381),0.821785 (0.739800 + 0.081985),0.819062 (0.737100 + 0.081961),0.836778 (0.754200 + 0.082578),0.831956 (0.749700 + 0.082256),0.830105 (0.747900 + 0.082205),0.836285 (0.754200 + 0.082085),0.830192 (0.748800 + 0.081392),0.836337 (0.755100 + 0.081237),0.847198 (0.764100 + 0.083098),0.817371 (0.736200 + 0.081171),0.836847 (0.754200 + 0.082647),0.822519 (0.740700 + 0.081819),0.823488 (0.740700 + 0.082788),0.821494 (0.738900 + 0.082594),0.844184 (0.761400 + 0.082784),0.823230 (0.740700 + 0.082530),0.840247 (0.757800 + 0.082447),0.831296 (0.748800 + 0.082496),0.838443 (0.756000 + 0.082443),0.836113 (0.753300 + 0.082813),0.832107 (0.749700 + 0.082407),0.842497 (0.760500 + 0.081996),0.822362 (0.739800 + 0.082562),0.835758 (0.753300 + 0.082458),0.819943 (0.738000 + 0.081943),0.836556 (0.754200 + 0.082356),0.826314 (0.744300 + 0.082014)
14,0.847198 (0.764100 + 0.083098),0.825785 (0.742500 + 0.083285),0.842951 (0.760500 + 0.082451),0.818074 (0.737100 + 0.080974),0.828040 (0.746100 + 0.081940),0.840427 (0.757800 + 0.082627),0.833987 (0.751500 + 0.082487),0.842872 (0.760500 + 0.082372),0.832536 (0.750600 + 0.081936),0.840307 (0.757800 + 0.082507),0.826736 (0.744300 + 0.082436),0.837963 (0.756000 + 0.081963),0.829619 (0.747000 + 0.082619),0.840748 (0.758700 + 0.082048),0.835220 (0.753300 + 0.081920),0.841856 (0.759600 + 0.082256),0.838568 (0.756000 + 0.082568),0.835438 (0.753300 + 0.082138),0.843032 (0.760500 + 0.082532),0.821315 (0.739800 + 0.081515),0.846373 (0.764100 + 0.082273),0.831069 (0.748800 + 0.082269),0.829500 (0.747900 + 0.081600),0.817405 (0.735300 + 0.082105),0.832634 (0.750600 + 0.082034),0.824877 (0.743400 + 0.081477),0.841144 (0.758700 + 0.082444),0.826016 (0.743400 + 0.082616),0.825618 (0.743400 + 0.082218),0.831309 (0.748800 + 0.082509),0.835369 (0.752400 + 0.082969),0.831112 (0.748800 + 0.082312),0.828418 (0.746100 + 0.082318),0.836778 (0.754200 + 0.082578),0.835926 (0.754200 + 0.081726),0.828847 (0.746100 + 0.082747),0.819164 (0.736200 + 0.082964),0.838965 (0.756900 + 0.082065),0.829803 (0.747000 + 0.082803),0.845143 (0.762300 + 0.082843),0.839822 (0.756900 + 0.082922),0.819165 (0.737100 + 0.082065),0.831318 (0.748800 + 0.082518),0.832672 (0.750600 + 0.082072),0.817883 (0.734400 + 0.083483),0.832896 (0.750600 + 0.082296),0.835475 (0.752400 + 0.083075),0.832095 (0.749700 + 0.082395),0.831551 (0.748800 + 0.082751),0.811760 (0.729900 + 0.081860),0.850294 (0.767700 + 0.082594),0.831128 (0.748800 + 0.082328),0.835592 (0.754200 + 0.081392),0.828576 (0.746100 + 0.082476),0.842914 (0.760500 + 0.082414),0.844184 (0.761400 + 0.082784),0.825194 (0.743400 + 0.081794),0.828967 (0.747000 + 0.081967),0.826605 (0.744300 + 0.082305),0.847198 (0.764100 + 0.083098),0.844343 (0.763200 + 0.081143),0.835758 (0.753300 + 0.082458),0.818438 (0.735300 + 0.083138),0.832308 (0.749700 + 0.082608),0.842654 (0.760500 + 0.082154),0.828041 (0.745200 + 0.082841),0.844652 (0.761400 + 0.083252),0.831782 (0.749700 + 0.082082),0.820235 (0.738000 + 0.082235),0.835862 (0.753300 + 0.082562),0.836464 (0.754200 + 0.082264),0.834300 (0.751500 + 0.082800),0.833974 (0.750600 + 0.083374),0.829763 (0.748800 + 0.080964),0.817950 (0.735300 + 0.082650),0.830802 (0.748800 + 0.082002),0.831593 (0.748800 + 0.082793),0.834124 (0.751500 + 0.082624),0.827922 (0.745200 + 0.082723),0.834854 (0.752400 + 0.082454)
15,0.850294 (0.767700 + 0.082594),0.842951 (0.760500 + 0.082451),0.832132 (0.749700 + 0.082432),0.827038 (0.744300 + 0.082738),0.836535 (0.754200 + 0.082335),0.833886 (0.751500 + 0.082386),0.813607 (0.731700 + 0.081907),0.843374 (0.760500 + 0.082874),0.839156 (0.756900 + 0.082256),0.835018 (0.752400 + 0.082618),0.831111 (0.748800 + 0.082312),0.843032 (0.760500 + 0.082532),0.844547 (0.763200 + 0.081347),0.847348 (0.765000 + 0.082348),0.834777 (0.752400 + 0.082377),0.832421 (0.749700 + 0.082721),0.836481 (0.754200 + 0.082281),0.833895 (0.752400 + 0.081495),0.825279 (0.743400 + 0.081879),0.841807 (0.759600 + 0.082207),0.820495 (0.738000 + 0.082495),0.828435 (0.746100 + 0.082335),0.844460 (0.762300 + 0.082160),0.830313 (0.747900 + 0.082413),0.841738 (0.759600 + 0.082138),0.820681 (0.738000 + 0.082681),0.833966 (0.751500 + 0.082466),0.830614 (0.749700 + 0.080914),0.839785 (0.756900 + 0.082885),0.846438 (0.764100 + 0.082338),0.840485 (0.759600 + 0.080885),0.840372 (0.757800 + 0.082572),0.828093 (0.746100 + 0.081994),0.820653 (0.738000 + 0.082654),0.832639 (0.750600 + 0.082039),0.836400 (0.754200 + 0.082200),0.830166 (0.747900 + 0.082266),0.836558 (0.754200 + 0.082358),0.834035 (0.752400 + 0.081635),0.842654 (0.760500 + 0.082154),0.820235 (0.738000 + 0.082235),0.825939 (0.743400 + 0.082539),0.839558 (0.756900 + 0.082658),0.840816 (0.758700 + 0.082116),0.827602 (0.745200 + 0.082402),0.823032 (0.741600 + 0.081432),0.831996 (0.750600 + 0.081396),0.840505 (0.758700 + 0.081805),0.819651 (0.737100 + 0.082551),0.830699 (0.747900 + 0.082799),0.836190 (0.754200 + 0.081990),0.824486 (0.742500 + 0.081986),0.842085 (0.759600 + 0.082485),0.829367 (0.747000 + 0.082367),0.829128 (0.747000 + 0.082128),0.844343 (0.763200 + 0.081143),0.842872 (0.760500 + 0.082372),0.831074 (0.748800 + 0.082274),0.833901 (0.751500 + 0.082401),0.830217 (0.747000 + 0.083217),0.838102 (0.755100 + 0.083002),0.837425 (0.754200 + 0.083225),0.831584 (0.748800 + 0.082784),0.847198 (0.764100 + 0.083098),0.844652 (0.761400 + 0.083252),0.839129 (0.756900 + 0.082229),0.834646 (0.752400 + 0.082246),0.826145 (0.743400 + 0.082745),0.825194 (0.743400 + 0.081794),0.852727 (0.770400 + 0.082327),0.839098 (0.756000 + 0.083098),0.824708 (0.741600 + 0.083108),0.828445 (0.746100 + 0.082345),0.836670 (0.754200 + 0.082470),0.839249 (0.756900 + 0.082349),0.828847 (0.746100 + 0.082747),0.826988 (0.745200 + 0.081788),0.841312 (0.758700 + 0.082612),0.822109 (0.740700 + 0.081409),0.853525 (0.771300 + 0.082225)
16,0.853525 (0.771300 + 0.082225),0.835556 (0.754200 + 0.081356),0.841538 (0.760500 + 0.081038),0.832765 (0.749700 + 0.083065),0.836745 (0.754200 + 0.082545),0.836132 (0.753300 + 0.082832),0.830813 (0.748800 + 0.082013),0.839716 (0.757800 + 0.081916),0.836621 (0.754200 + 0.082421),0.842770 (0.760500 + 0.082270),0.838868 (0.756900 + 0.081968),0.841411 (0.758700 + 0.082711),0.843554 (0.760500 + 0.083054),0.820246 (0.738900 + 0.081346),0.830217 (0.747000 + 0.083217),0.839281 (0.756900 + 0.082381),0.850015 (0.767700 + 0.082315),0.840027 (0.758700 + 0.081327),0.832030 (0.749700 + 0.082330),0.840780 (0.758700 + 0.082080),0.822047 (0.739800 + 0.082247),0.827698 (0.745200 + 0.082498),0.837544 (0.756000 + 0.081544),0.843588 (0.762300 + 0.081288),0.832128 (0.749700 + 0.082428),0.837550 (0.755100 + 0.082450),0.844370 (0.761400 + 0.082970),0.838151 (0.756000 + 0.082151),0.837428 (0.755100 + 0.082328),0.831930 (0.749700 + 0.082230),0.830269 (0.747900 + 0.082369),0.839837 (0.756900 + 0.082937),0.833305 (0.750600 + 0.082705),0.835230 (0.752400 + 0.082830),0.836366 (0.753300 + 0.083066),0.830185 (0.747000 + 0.083185),0.828627 (0.746100 + 0.082527),0.840024 (0.757800 + 0.082224),0.840542 (0.757800 + 0.082742),0.826588 (0.744300 + 0.082288),0.841123 (0.758700 + 0.082423),0.831919 (0.749700 + 0.082219),0.828318 (0.747000 + 0.081318),0.847970 (0.765900 + 0.082070),0.836911 (0.754200 + 0.082711),0.832854 (0.750600 + 0.082254),0.832551 (0.750600 + 0.081951),0.828514 (0.746100 + 0.082414),0.836181 (0.753300 + 0.082881),0.839983 (0.757800 + 0.082183),0.840372 (0.757800 + 0.082572),0.833029 (0.750600 + 0.082429),0.845213 (0.764100 + 0.081114),0.822966 (0.741600 + 0.081366),0.833559 (0.751500 + 0.082059),0.837407 (0.755100 + 0.082307),0.826555 (0.744300 + 0.082255),0.833863 (0.751500 + 0.082363),0.828906 (0.747000 + 0.081906),0.834812 (0.752400 + 0.082412),0.840471 (0.757800 + 0.082671),0.840169 (0.758700 + 0.081469),0.832729 (0.750600 + 0.082129),0.831781 (0.748800 + 0.082981),0.835207 (0.752400 + 0.082807),0.838359 (0.756000 + 0.082359),0.837121 (0.755100 + 0.082021),0.824147 (0.741600 + 0.082547),0.830069 (0.748800 + 0.081269),0.845829 (0.763200 + 0.082629),0.827613 (0.745200 + 0.082413),0.831647 (0.750600 + 0.081047),0.843755 (0.762300 + 0.081455),0.842426 (0.761400 + 0.081026),0.832894 (0.750600 + 0.082294),0.847198 (0.765000 + 0.082198),0.836435 (0.754200 + 0.082235),0.836345 (0.754200 + 0.082145),0.849358 (0.766800 + 0.082558),0.839593 (0.756900 + 0.082693)
17,0.853525 (0.771300 + 0.082225),0.823580 (0.741600 + 0.081980),0.820261 (0.738900 + 0.081361),0.852899 (0.770400 + 0.082499),0.832787 (0.749700 + 0.083087),0.839552 (0.756900 + 0.082652),0.825581 (0.743400 + 0.082181),0.845720 (0.763200 + 0.082520),0.830856 (0.749700 + 0.081156),0.842737 (0.761400 + 0.081338),0.829554 (0.747000 + 0.082554),0.852315 (0.769500 + 0.082815),0.830911 (0.748800 + 0.082111),0.834560 (0.752400 + 0.082160),0.845381 (0.763200 + 0.082181),0.840169 (0.758700 + 0.081469),0.840169 (0.758700 + 0.081469),0.846464 (0.764100 + 0.082364),0.838604 (0.756000 + 0.082604),0.846077 (0.763200 + 0.082877),0.827549 (0.744300 + 0.083249),0.843643 (0.761400 + 0.082243),0.825962 (0.743400 + 0.082562),0.828189 (0.745200 + 0.082989),0.826208 (0.743400 + 0.082808),0.838586 (0.756000 + 0.082586),0.836223 (0.753300 + 0.082923),0.835524 (0.753300 + 0.082224),0.829006 (0.747900 + 0.081106),0.827570 (0.746100 + 0.081470),0.819914 (0.738000 + 0.081914),0.836745 (0.754200 + 0.082545),0.827497 (0.744300 + 0.083197),0.844841 (0.762300 + 0.082541),0.827397 (0.745200 + 0.082197),0.842149 (0.759600 + 0.082549),0.837179 (0.755100 + 0.082079),0.847384 (0.765000 + 0.082384),0.824189 (0.741600 + 0.082589),0.833547 (0.750600 + 0.082947),0.838268 (0.756900 + 0.081368),0.826501 (0.744300 + 0.082201),0.819081 (0.738000 + 0.081081),0.846348 (0.763200 + 0.083148),0.839335 (0.756900 + 0.082435),0.857193 (0.774900 + 0.082293),0.835391 (0.753300 + 0.082091),0.828872 (0.746100 + 0.082772),0.821249 (0.739800 + 0.081449),0.827144 (0.744300 + 0.082844),0.826860 (0.744300 + 0.082560),0.847556 (0.765000 + 0.082556),0.837691 (0.755100 + 0.082591),0.835654 (0.753300 + 0.082354),0.835645 (0.753300 + 0.082345),0.836736 (0.754200 + 0.082536),0.827317 (0.746100 + 0.081217),0.833311 (0.750600 + 0.082711),0.830403 (0.747900 + 0.082503),0.843755 (0.762300 + 0.081455),0.838868 (0.756900 + 0.081968),0.839113 (0.756900 + 0.082213),0.833106 (0.750600 + 0.082506),0.823229 (0.741600 + 0.081629),0.832051 (0.749700 + 0.082351),0.837602 (0.756000 + 0.081602),0.836836 (0.755100 + 0.081736),0.831180 (0.748800 + 0.082380),0.827244 (0.745200 + 0.082044),0.834373 (0.753300 + 0.081073),0.829473 (0.747000 + 0.082473),0.841424 (0.758700 + 0.082724),0.840628 (0.758700 + 0.081928),0.842484 (0.759600 + 0.082884),0.830051 (0.747000 + 0.083051),0.837161 (0.756000 + 0.081161),0.833423 (0.751500 + 0.081923),0.840028 (0.758700 + 0.081328),0.834530 (0.752400 + 0.082130),0.829510 (0.747000 + 0.082510)
18,0.857193 (0.774900 + 0.082293),0.826680 (0.744300 + 0.082380),0.828157 (0.745200 + 0.082957),0.839088 (0.756000 + 0.083088),0.836821 (0.755100 + 0.081721),0.837472 (0.755100 + 0.082372),0.828463 (0.746100 + 0.082363),0.845591 (0.763200 + 0.082391),0.834447 (0.752400 + 0.082047),0.856495 (0.774000 + 0.082495),0.844333 (0.761400 + 0.082933),0.833994 (0.751500 + 0.082494),0.836598 (0.754200 + 0.082398),0.839750 (0.756900 + 0.082850),0.828361 (0.746100 + 0.082261),0.817681 (0.734400 + 0.083281),0.844412 (0.762300 + 0.082112),0.830761 (0.748800 + 0.081961),0.835180 (0.752400 + 0.082780),0.847384 (0.765000 + 0.082384),0.840169 (0.758700 + 0.081469),0.834530 (0.752400 + 0.082130),0.829510 (0.747000 + 0.082510),0.834517 (0.753300 + 0.081217),0.831660 (0.749700 + 0.081960),0.829902 (0.748800 + 0.081102),0.851499 (0.769500 + 0.081999),0.838874 (0.756000 + 0.082874),0.831498 (0.749700 + 0.081798),0.848861 (0.766800 + 0.082061),0.839133 (0.756000 + 0.083133),0.840010 (0.756900 + 0.083110),0.834943 (0.752400 + 0.082543),0.846595 (0.764100 + 0.082495),0.831193 (0.748800 + 0.082393),0.827805 (0.745200 + 0.082605),0.842525 (0.759600 + 0.082925),0.834785 (0.752400 + 0.082385),0.847567 (0.765000 + 0.082567),0.841730 (0.759600 + 0.082130),0.840469 (0.757800 + 0.082669),0.837526 (0.756000 + 0.081526),0.807893 (0.725400 + 0.082493),0.846887 (0.764100 + 0.082787),0.843643 (0.761400 + 0.082243),0.833027 (0.750600 + 0.082427),0.841747 (0.758700 + 0.083047),0.844504 (0.762300 + 0.082204),0.837199 (0.754200 + 0.082999),0.834560 (0.752400 + 0.082160),0.844627 (0.762300 + 0.082328),0.833196 (0.750600 + 0.082596),0.841297 (0.758700 + 0.082597),0.834325 (0.752400 + 0.081925),0.842265 (0.761400 + 0.080866),0.843940 (0.761400 + 0.082540),0.825287 (0.742500 + 0.082787),0.845945 (0.763200 + 0.082745),0.835123 (0.753300 + 0.081823),0.833797 (0.751500 + 0.082297),0.837502 (0.756000 + 0.081502),0.838872 (0.756900 + 0.081972),0.824289 (0.741600 + 0.082689),0.819898 (0.738900 + 0.080998),0.843476 (0.761400 + 0.082076),0.845002 (0.762300 + 0.082702),0.834523 (0.751500 + 0.083023),0.852315 (0.769500 + 0.082815),0.835654 (0.753300 + 0.082354),0.830552 (0.747900 + 0.082652),0.838147 (0.755100 + 0.083047),0.838892 (0.756900 + 0.081992),0.825663 (0.743400 + 0.082263),0.825716 (0.743400 + 0.082316),0.859104 (0.776700 + 0.082404),0.834928 (0.752400 + 0.082528),0.845975 (0.763200 + 0.082775),0.830110 (0.747900 + 0.082210),0.846683 (0.764100 + 0.082583),0.839274 (0.757800 + 0.081474)
19,0.859104 (0.776700 + 0.082404),0.828838 (0.747900 + 0.080938),0.828689 (0.746100 + 0.082589),0.844708 (0.762300 + 0.082408),0.839989 (0.757800 + 0.082189),0.838373 (0.756000 + 0.082373),0.831193 (0.748800 + 0.082393),0.850715 (0.767700 + 0.083015),0.838892 (0.756900 + 0.081992),0.840757 (0.758700 + 0.082057),0.829977 (0.747900 + 0.082077),0.843643 (0.761400 + 0.082243),0.839547 (0.756900 + 0.082647),0.845975 (0.763200 + 0.082775),0.843031 (0.760500 + 0.082531),0.854632 (0.772200 + 0.082432),0.831185 (0.749700 + 0.081485),0.839287 (0.756900 + 0.082387),0.821143 (0.739800 + 0.081343),0.848362 (0.765900 + 0.082462),0.822917 (0.740700 + 0.082217),0.838080 (0.756000 + 0.082080),0.828557 (0.746100 + 0.082457),0.843077 (0.760500 + 0.082577),0.830672 (0.747900 + 0.082772),0.831124 (0.748800 + 0.082324),0.849612 (0.766800 + 0.082812),0.837444 (0.755100 + 0.082344),0.829873 (0.747900 + 0.081973),0.828418 (0.746100 + 0.082318),0.840990 (0.758700 + 0.082290),0.829341 (0.747000 + 0.082341),0.836969 (0.755100 + 0.081869),0.846173 (0.763200 + 0.082973),0.833696 (0.751500 + 0.082196),0.842581 (0.760500 + 0.082081),0.849174 (0.766800 + 0.082374),0.829894 (0.747900 + 0.081994),0.846016 (0.763200 + 0.082816),0.833055 (0.750600 + 0.082456),0.840760 (0.757800 + 0.082960),0.853375 (0.771300 + 0.082075),0.824988 (0.743400 + 0.081588),0.829983 (0.748800 + 0.081183),0.822479 (0.740700 + 0.081779),0.822032 (0.740700 + 0.081332),0.850017 (0.766800 + 0.083217),0.838894 (0.756900 + 0.081994),0.841520 (0.759600 + 0.081920),0.846007 (0.763200 + 0.082807),0.831159 (0.749700 + 0.081459),0.828685 (0.746100 + 0.082585),0.834668 (0.752400 + 0.082268),0.845824 (0.763200 + 0.082624),0.836395 (0.754200 + 0.082195),0.833257 (0.750600 + 0.082657),0.840971 (0.758700 + 0.082271),0.828595 (0.746100 + 0.082495),0.838634 (0.756000 + 0.082634),0.838174 (0.755100 + 0.083074),0.844117 (0.761400 + 0.082717),0.838217 (0.756000 + 0.082217),0.844333 (0.761400 + 0.082933),0.840334 (0.757800 + 0.082534),0.839376 (0.756900 + 0.082476),0.846499 (0.764100 + 0.082399),0.835786 (0.753300 + 0.082486),0.839964 (0.757800 + 0.082164),0.847463 (0.765000 + 0.082463),0.834186 (0.751500 + 0.082686),0.847578 (0.765000 + 0.082578),0.830999 (0.747900 + 0.083099),0.824679 (0.742500 + 0.082179),0.836360 (0.754200 + 0.082160),0.846865 (0.764100 + 0.082765),0.842066 (0.759600 + 0.082466),0.850751 (0.768600 + 0.082151),0.847384 (0.765000 + 0.082384),0.849439 (0.766800 + 0.082639),0.831863 (0.748800 + 0.083063)
20,0.859104 (0.776700 + 0.082404),0.837444 (0.755100 + 0.082344),0.838200 (0.756000 + 0.082200),0.836343 (0.753300 + 0.083043),0.838989 (0.756000 + 0.082989),0.853318 (0.771300 + 0.082018),0.851236 (0.768600 + 0.082636),0.846527 (0.764100 + 0.082427),0.831991 (0.749700 + 0.082291),0.838768 (0.756000 + 0.082768),0.846829 (0.764100 + 0.082729),0.832285 (0.749700 + 0.082585),0.840658 (0.758700 + 0.081958),0.834274 (0.751500 + 0.082774),0.840587 (0.758700 + 0.081887),0.845650 (0.763200 + 0.082450),0.844638 (0.761400 + 0.083238),0.837000 (0.754200 + 0.082800),0.848062 (0.765900 + 0.082162),0.850017 (0.766800 + 0.083217),0.848362 (0.765900 + 0.082462),0.834284 (0.752400 + 0.081884),0.848584 (0.765900 + 0.082684),0.845421 (0.762300 + 0.083121),0.826467 (0.744300 + 0.082167),0.821615 (0.738900 + 0.082716),0.861714 (0.779400 + 0.082314),0.846606 (0.764100 + 0.082506),0.846122 (0.763200 + 0.082922),0.849174 (0.766800 + 0.082374),0.836102 (0.753300 + 0.082802),0.829489 (0.747000 + 0.082489),0.843573 (0.761400 + 0.082173),0.832930 (0.750600 + 0.082330),0.853177 (0.770400 + 0.082777),0.847145 (0.765000 + 0.082145),0.840852 (0.758700 + 0.082152),0.830344 (0.747900 + 0.082444),0.830872 (0.747900 + 0.082972),0.841870 (0.759600 + 0.082270),0.835614 (0.753300 + 0.082314),0.838079 (0.755100 + 0.082979),0.834127 (0.751500 + 0.082627),0.844504 (0.762300 + 0.082204),0.828536 (0.746100 + 0.082436),0.834440 (0.752400 + 0.082040),0.841941 (0.759600 + 0.082341),0.844610 (0.762300 + 0.082311),0.835676 (0.753300 + 0.082376),0.844364 (0.762300 + 0.082064),0.845972 (0.763200 + 0.082772),0.840359 (0.757800 + 0.082559),0.841915 (0.758700 + 0.083215),0.824016 (0.741600 + 0.082416),0.855717 (0.773100 + 0.082617),0.829159 (0.747000 + 0.082159),0.841007 (0.758700 + 0.082307),0.831208 (0.748800 + 0.082408),0.830793 (0.748800 + 0.081994),0.839297 (0.756900 + 0.082397),0.839115 (0.756900 + 0.082215),0.848285 (0.765900 + 0.082385),0.843666 (0.760500 + 0.083166),0.841993 (0.759600 + 0.082393),0.842916 (0.760500 + 0.082416),0.841285 (0.759600 + 0.081685),0.853375 (0.771300 + 0.082075),0.843005 (0.760500 + 0.082505),0.835856 (0.752400 + 0.083456),0.857276 (0.774900 + 0.082376),0.829413 (0.747900 + 0.081513),0.837507 (0.755100 + 0.082407),0.849862 (0.767700 + 0.082162),0.843041 (0.760500 + 0.082541),0.840581 (0.757800 + 0.082781),0.845753 (0.763200 + 0.082553),0.830303 (0.748800 + 0.081503),0.845365 (0.763200 + 0.082165),0.837141 (0.754200 + 0.082941),0.837028 (0.754200 + 0.082828)
21,0.861714 (0.779400 + 0.082314),0.858375 (0.775800 + 0.082575),0.834014 (0.750600 + 0.083414),0.851847 (0.768600 + 0.083247),0.843530 (0.761400 + 0.082130),0.845421 (0.762300 + 0.083121),0.830344 (0.747900 + 0.082444),0.855247 (0.773100 + 0.082147),0.832244 (0.749700 + 0.082544),0.839260 (0.756900 + 0.082360),0.826894 (0.745200 + 0.081694),0.829921 (0.747900 + 0.082021),0.839614 (0.756900 + 0.082714),0.851578 (0.769500 + 0.082078),0.848581 (0.765900 + 0.082681),0.849264 (0.766800 + 0.082464),0.839595 (0.757800 + 0.081795),0.836326 (0.754200 + 0.082126),0.841729 (0.758700 + 0.083029),0.837316 (0.755100 + 0.082216),0.839859 (0.757800 + 0.082059),0.847010 (0.764100 + 0.082910),0.839921 (0.756900 + 0.083021),0.844534 (0.762300 + 0.082234),0.842138 (0.759600 + 0.082538),0.836459 (0.754200 + 0.082259),0.844610 (0.762300 + 0.082311),0.844962 (0.762300 + 0.082662),0.833229 (0.750600 + 0.082629),0.839279 (0.756000 + 0.083279),0.841861 (0.759600 + 0.082261),0.832600 (0.750600 + 0.082000),0.846929 (0.765000 + 0.081929),0.834509 (0.752400 + 0.082109),0.834664 (0.752400 + 0.082264),0.843133 (0.760500 + 0.082633),0.844681 (0.761400 + 0.083281),0.842183 (0.759600 + 0.082583),0.841591 (0.758700 + 0.082891),0.845125 (0.763200 + 0.081925),0.838167 (0.756000 + 0.082167),0.835456 (0.753300 + 0.082156),0.849563 (0.767700 + 0.081863),0.861714 (0.779400 + 0.082314),0.843654 (0.761400 + 0.082254),0.831043 (0.748800 + 0.082243),0.851265 (0.768600 + 0.082665),0.838997 (0.756900 + 0.082097),0.843470 (0.760500 + 0.082970),0.842122 (0.759600 + 0.082523),0.840210 (0.757800 + 0.082410),0.845437 (0.763200 + 0.082237),0.851219 (0.768600 + 0.082619),0.845460 (0.763200 + 0.082260),0.838612 (0.756000 + 0.082612),0.835379 (0.753300 + 0.082079),0.846470 (0.764100 + 0.082371),0.857276 (0.774900 + 0.082376),0.834274 (0.751500 + 0.082774),0.840544 (0.757800 + 0.082744),0.838090 (0.756000 + 0.082090),0.828751 (0.746100 + 0.082651),0.841432 (0.758700 + 0.082732),0.840781 (0.757800 + 0.082981),0.849008 (0.766800 + 0.082208),0.849247 (0.766800 + 0.082447),0.847194 (0.765000 + 0.082194),0.843573 (0.761400 + 0.082173),0.846829 (0.764100 + 0.082729),0.838104 (0.755100 + 0.083004),0.833301 (0.750600 + 0.082701),0.841731 (0.758700 + 0.083031),0.850197 (0.767700 + 0.082497),0.840415 (0.758700 + 0.081715),0.842244 (0.759600 + 0.082644),0.844364 (0.762300 + 0.082064),0.837028 (0.754200 + 0.082828),0.843599 (0.761400 + 0.082199),0.834178 (0.751500 + 0.082678),0.843003 (0.760500 + 0.082503)
22,0.861714 (0.779400 + 0.082314),0.833577 (0.751500 + 0.082077),0.845061 (0.762300 + 0.082761),0.848653 (0.765900 + 0.082753),0.841175 (0.758700 + 0.082475),0.834968 (0.753300 + 0.081668),0.839923 (0.756900 + 0.083023),0.839068 (0.756000 + 0.083068),0.832794 (0.750600 + 0.082194),0.843999 (0.761400 + 0.082599),0.836984 (0.754200 + 0.082784),0.853749 (0.771300 + 0.082449),0.849036 (0.766800 + 0.082236),0.843705 (0.761400 + 0.082305),0.834070 (0.752400 + 0.081670),0.850798 (0.768600 + 0.082198),0.845033 (0.762300 + 0.082733),0.856279 (0.773100 + 0.083179),0.843880 (0.761400 + 0.082480),0.843873 (0.761400 + 0.082473),0.845067 (0.762300 + 0.082767),0.840126 (0.757800 + 0.082326),0.846974 (0.765000 + 0.081974),0.842463 (0.759600 + 0.082863),0.851154 (0.768600 + 0.082554),0.847192 (0.765000 + 0.082192),0.858257 (0.775800 + 0.082457),0.837701 (0.755100 + 0.082601),0.842244 (0.759600 + 0.082644),0.866183 (0.783000 + 0.083183),0.834134 (0.751500 + 0.082634),0.834048 (0.751500 + 0.082548),0.846472 (0.764100 + 0.082372),0.842964 (0.760500 + 0.082464),0.836300 (0.754200 + 0.082100),0.835654 (0.753300 + 0.082354),0.835014 (0.752400 + 0.082614),0.831247 (0.748800 + 0.082447),0.842261 (0.760500 + 0.081761),0.848692 (0.765900 + 0.082792),0.839039 (0.756900 + 0.082139),0.855247 (0.773100 + 0.082147),0.851219 (0.768600 + 0.082619),0.837937 (0.756000 + 0.081937),0.840825 (0.757800 + 0.083025),0.853801 (0.771300 + 0.082501),0.833230 (0.750600 + 0.082630),0.834876 (0.752400 + 0.082476),0.841399 (0.758700 + 0.082699),0.853079 (0.771300 + 0.081779),0.837355 (0.755100 + 0.082255),0.834914 (0.752400 + 0.082514),0.856602 (0.774000 + 0.082602),0.843344 (0.761400 + 0.081944),0.846088 (0.764100 + 0.081988),0.850197 (0.767700 + 0.082497),0.840210 (0.757800 + 0.082410),0.846719 (0.765000 + 0.081719),0.829921 (0.747900 + 0.082021),0.837529 (0.754200 + 0.083329),0.845688 (0.763200 + 0.082488),0.850917 (0.767700 + 0.083217),0.841014 (0.758700 + 0.082314),0.832660 (0.750600 + 0.082060),0.840964 (0.758700 + 0.082264),0.841728 (0.759600 + 0.082128),0.841990 (0.759600 + 0.082390),0.846892 (0.764100 + 0.082792),0.848181 (0.765900 + 0.082281),0.833157 (0.750600 + 0.082557),0.845865 (0.763200 + 0.082665),0.844420 (0.761400 + 0.083020),0.859875 (0.777600 + 0.082275),0.829813 (0.747000 + 0.082813),0.856100 (0.774000 + 0.082100),0.830494 (0.747900 + 0.082594),0.843609 (0.761400 + 0.082209),0.846243 (0.764100 + 0.082143),0.853813 (0.771300 + 0.082513),0.848812 (0.765900 + 0.082912)
23,0.866183 (0.783000 + 0.083183),0.843828 (0.761400 + 0.082428),0.845770 (0.763200 + 0.082570),0.846737 (0.763200 + 0.083537),0.843235 (0.760500 + 0.082735),0.848665 (0.765900 + 0.082765),0.848985 (0.766800 + 0.082185),0.836149 (0.754200 + 0.081949),0.849875 (0.767700 + 0.082175),0.838944 (0.756000 + 0.082944),0.839906 (0.757800 + 0.082106),0.837227 (0.755100 + 0.082127),0.849089 (0.766800 + 0.082289),0.836788 (0.754200 + 0.082588),0.848051 (0.765900 + 0.082151),0.833039 (0.750600 + 0.082439),0.843003 (0.760500 + 0.082503),0.853533 (0.771300 + 0.082233),0.843850 (0.760500 + 0.083350),0.850303 (0.768600 + 0.081703),0.849126 (0.766800 + 0.082326),0.844024 (0.761400 + 0.082624),0.848144 (0.765900 + 0.082244),0.830010 (0.747900 + 0.082111),0.845797 (0.763200 + 0.082597),0.841174 (0.758700 + 0.082474),0.841541 (0.759600 + 0.081941),0.855727 (0.773100 + 0.082627),0.831695 (0.748800 + 0.082895),0.846534 (0.764100 + 0.082434),0.849364 (0.766800 + 0.082564),0.847449 (0.765000 + 0.082449),0.849847 (0.766800 + 0.083047),0.858941 (0.776700 + 0.082241),0.833760 (0.751500 + 0.082260),0.844578 (0.762300 + 0.082278),0.832300 (0.749700 + 0.082600),0.852556 (0.769500 + 0.083056),0.831991 (0.749700 + 0.082291),0.861057 (0.778500 + 0.082557),0.829947 (0.747900 + 0.082048),0.845316 (0.762300 + 0.083016),0.848858 (0.765900 + 0.082958),0.848814 (0.765900 + 0.082914),0.844559 (0.761400 + 0.083159),0.848438 (0.765900 + 0.082538),0.835629 (0.753300 + 0.082329),0.853208 (0.770400 + 0.082808),0.853204 (0.770400 + 0.082804),0.840858 (0.758700 + 0.082158),0.846428 (0.764100 + 0.082328),0.841297 (0.758700 + 0.082598),0.833386 (0.750600 + 0.082786),0.835454 (0.753300 + 0.082154),0.848520 (0.765900 + 0.082620),0.836508 (0.753300 + 0.083208),0.868864 (0.785700 + 0.083164),0.846073 (0.764100 + 0.081973),0.844986 (0.763200 + 0.081786),0.855309 (0.773100 + 0.082209),0.841857 (0.759600 + 0.082257),0.862614 (0.780300 + 0.082314),0.827880 (0.745200 + 0.082680),0.842640 (0.760500 + 0.082140),0.844341 (0.762300 + 0.082041),0.829569 (0.747000 + 0.082569),0.842964 (0.760500 + 0.082464),0.848092 (0.765900 + 0.082192),0.841533 (0.758700 + 0.082833),0.844631 (0.762300 + 0.082331),0.848737 (0.765900 + 0.082837),0.837904 (0.756000 + 0.081904),0.836984 (0.754200 + 0.082784),0.830097 (0.747900 + 0.082197),0.848445 (0.765900 + 0.082545),0.847964 (0.765000 + 0.082964),0.840307 (0.757800 + 0.082507),0.834756 (0.752400 + 0.082356),0.841252 (0.758700 + 0.082552),0.857469 (0.774900 + 0.082569)
24,0.868864 (0.785700 + 0.083164),0.843926 (0.761400 + 0.082527),0.832191 (0.749700 + 0.082491),0.836561 (0.754200 + 0.082361),0.846703 (0.764100 + 0.082603),0.846599 (0.764100 + 0.082499),0.844280 (0.762300 + 0.081980),0.854942 (0.772200 + 0.082742),0.844348 (0.762300 + 0.082048),0.827918 (0.745200 + 0.082718),0.833450 (0.751500 + 0.081950),0.834827 (0.752400 + 0.082427),0.847415 (0.765000 + 0.082415),0.844141 (0.761400 + 0.082741),0.852805 (0.770400 + 0.082405),0.839063 (0.756900 + 0.082163),0.853213 (0.771300 + 0.081913),0.858354 (0.775800 + 0.082554),0.862299 (0.780300 + 0.081999),0.838687 (0.756000 + 0.082687),0.848962 (0.766800 + 0.082162),0.851119 (0.767700 + 0.083419),0.842388 (0.760500 + 0.081888),0.841035 (0.758700 + 0.082336),0.849116 (0.766800 + 0.082316),0.841214 (0.758700 + 0.082514),0.842635 (0.759600 + 0.083035),0.846369 (0.764100 + 0.082269),0.847666 (0.765000 + 0.082666),0.855723 (0.773100 + 0.082623),0.860216 (0.777600 + 0.082616),0.842445 (0.760500 + 0.081945),0.844538 (0.762300 + 0.082238),0.858568 (0.775800 + 0.082768),0.855765 (0.773100 + 0.082665),0.833001 (0.750600 + 0.082401),0.847206 (0.765000 + 0.082206),0.844011 (0.761400 + 0.082611),0.859377 (0.777600 + 0.081777),0.837792 (0.755100 + 0.082692),0.839805 (0.756900 + 0.082905),0.851531 (0.769500 + 0.082031),0.837116 (0.754200 + 0.082916),0.840848 (0.757800 + 0.083048),0.839810 (0.757800 + 0.082010),0.842667 (0.760500 + 0.082167),0.852244 (0.769500 + 0.082744),0.843827 (0.761400 + 0.082427),0.838241 (0.756000 + 0.082241),0.846059 (0.763200 + 0.082859),0.838523 (0.756000 + 0.082523),0.833938 (0.751500 + 0.082438),0.849250 (0.766800 + 0.082450),0.834587 (0.752400 + 0.082187),0.850699 (0.768600 + 0.082099),0.836949 (0.754200 + 0.082749),0.822951 (0.739800 + 0.083151),0.849031 (0.766800 + 0.082231),0.853849 (0.771300 + 0.082549),0.853557 (0.770400 + 0.083157),0.838497 (0.756900 + 0.081597),0.833918 (0.751500 + 0.082418),0.847507 (0.765000 + 0.082507),0.861057 (0.778500 + 0.082557),0.841297 (0.758700 + 0.082598),0.848813 (0.765900 + 0.082913),0.830374 (0.747900 + 0.082474),0.839912 (0.756900 + 0.083012),0.842600 (0.759600 + 0.083000),0.850081 (0.767700 + 0.082381),0.840454 (0.757800 + 0.082654),0.850834 (0.767700 + 0.083134),0.849429 (0.766800 + 0.082629),0.860680 (0.777600 + 0.083080),0.841890 (0.759600 + 0.082290),0.849545 (0.767700 + 0.081846),0.860903 (0.777600 + 0.083303),0.841286 (0.758700 + 0.082586),0.843726 (0.761400 + 0.082326),0.849311 (0.766800 + 0.082511)
25,0.868864 (0.785700 + 0.083164),0.854513 (0.772200 + 0.082313),0.843055 (0.760500 + 0.082555),0.854917 (0.773100 + 0.081817),0.843067 (0.760500 + 0.082567),0.846403 (0.764100 + 0.082303),0.852608 (0.769500 + 0.083108),0.838789 (0.756000 + 0.082789),0.838098 (0.756000 + 0.082098),0.857873 (0.774900 + 0.082973),0.848523 (0.765900 + 0.082623),0.849216 (0.766800 + 0.082416),0.842624 (0.760500 + 0.082124),0.851127 (0.769500 + 0.081627),0.845614 (0.763200 + 0.082414),0.846563 (0.764100 + 0.082463),0.855078 (0.772200 + 0.082878),0.858109 (0.775800 + 0.082309),0.844856 (0.762300 + 0.082556),0.834476 (0.751500 + 0.082976),0.851847 (0.769500 + 0.082347),0.849995 (0.767700 + 0.082295),0.843653 (0.761400 + 0.082253),0.845708 (0.764100 + 0.081609),0.849784 (0.766800 + 0.082984),0.858904 (0.775800 + 0.083104),0.835788 (0.753300 + 0.082488),0.855445 (0.773100 + 0.082345),0.840896 (0.758700 + 0.082196),0.857016 (0.774900 + 0.082116),0.841994 (0.759600 + 0.082394),0.839204 (0.757800 + 0.081404),0.825675 (0.743400 + 0.082275),0.850239 (0.767700 + 0.082539),0.849196 (0.766800 + 0.082396),0.844266 (0.761400 + 0.082866),0.855005 (0.772200 + 0.082805),0.848460 (0.765900 + 0.082560),0.843762 (0.761400 + 0.082362),0.839192 (0.756000 + 0.083192),0.856701 (0.774000 + 0.082701),0.853032 (0.770400 + 0.082632),0.843745 (0.760500 + 0.083245),0.848579 (0.766800 + 0.081779),0.853617 (0.770400 + 0.083217),0.858454 (0.775800 + 0.082654),0.843610 (0.761400 + 0.082210),0.850151 (0.767700 + 0.082451),0.854810 (0.772200 + 0.082610),0.846628 (0.764100 + 0.082528),0.852127 (0.769500 + 0.082627),0.844451 (0.761400 + 0.083051),0.839293 (0.756900 + 0.082393),0.846375 (0.764100 + 0.082275),0.855837 (0.773100 + 0.082737),0.854879 (0.772200 + 0.082679),0.835912 (0.753300 + 0.082612),0.843655 (0.760500 + 0.083155),0.849092 (0.766800 + 0.082292),0.843755 (0.761400 + 0.082355),0.831408 (0.748800 + 0.082608),0.856089 (0.774000 + 0.082089),0.849519 (0.766800 + 0.082719),0.860549 (0.778500 + 0.082049),0.845853 (0.763200 + 0.082653),0.832789 (0.750600 + 0.082189),0.848073 (0.765900 + 0.082173),0.855339 (0.772200 + 0.083139),0.857461 (0.774900 + 0.082561),0.842819 (0.759600 + 0.083219),0.853579 (0.771300 + 0.082279),0.851816 (0.769500 + 0.082316),0.853119 (0.770400 + 0.082719),0.855305 (0.773100 + 0.082205),0.845208 (0.763200 + 0.082008),0.846459 (0.764100 + 0.082359),0.839567 (0.756900 + 0.082667),0.843775 (0.761400 + 0.082375),0.856978 (0.774000 + 0.082978),0.845767 (0.763200 + 0.082567)
26,0.868864 (0.785700 + 0.083164),0.866331 (0.783900 + 0.082431),0.840469 (0.757800 + 0.082669),0.844779 (0.762300 + 0.082479),0.840938 (0.757800 + 0.083138),0.850288 (0.768600 + 0.081688),0.851726 (0.768600 + 0.083126),0.854879 (0.772200 + 0.082679),0.843745 (0.760500 + 0.083245),0.850463 (0.768600 + 0.081863),0.848575 (0.765900 + 0.082675),0.834786 (0.752400 + 0.082386),0.838650 (0.756000 + 0.082650),0.859570 (0.776700 + 0.082870),0.837116 (0.754200 + 0.082916),0.845178 (0.762300 + 0.082878),0.842087 (0.760500 + 0.081587),0.857419 (0.774900 + 0.082519),0.847493 (0.765000 + 0.082493),0.829256 (0.747000 + 0.082256),0.829050 (0.747000 + 0.082050),0.848382 (0.765900 + 0.082482),0.846697 (0.764100 + 0.082597),0.845574 (0.763200 + 0.082374),0.834222 (0.752400 + 0.081823),0.842036 (0.759600 + 0.082436),0.856516 (0.774000 + 0.082516),0.846337 (0.763200 + 0.083137),0.868940 (0.785700 + 0.083240),0.852223 (0.769500 + 0.082723),0.842660 (0.759600 + 0.083061),0.853473 (0.771300 + 0.082173),0.861475 (0.779400 + 0.082075),0.844743 (0.762300 + 0.082443),0.852332 (0.769500 + 0.082832),0.841699 (0.759600 + 0.082099),0.857458 (0.774900 + 0.082558),0.834495 (0.752400 + 0.082095),0.852647 (0.770400 + 0.082247),0.838354 (0.756000 + 0.082354),0.860867 (0.779400 + 0.081467),0.843904 (0.761400 + 0.082504),0.832599 (0.749700 + 0.082898),0.841448 (0.759600 + 0.081848),0.843315 (0.760500 + 0.082815),0.858109 (0.775800 + 0.082309),0.855191 (0.773100 + 0.082091),0.844172 (0.761400 + 0.082772),0.849665 (0.767700 + 0.081965),0.849688 (0.767700 + 0.081988),0.856391 (0.773100 + 0.083291),0.841408 (0.759600 + 0.081808),0.856105 (0.774000 + 0.082105),0.843080 (0.760500 + 0.082580),0.859378 (0.776700 + 0.082678),0.853939 (0.771300 + 0.082639),0.850035 (0.767700 + 0.082335),0.855675 (0.773100 + 0.082575),0.848330 (0.765900 + 0.082430),0.838080 (0.756000 + 0.082080),0.852367 (0.770400 + 0.081967),0.837946 (0.755100 + 0.082846),0.849956 (0.767700 + 0.082256),0.853710 (0.771300 + 0.082410),0.835284 (0.753300 + 0.081984),0.823047 (0.740700 + 0.082347),0.844859 (0.763200 + 0.081659),0.846399 (0.763200 + 0.083199),0.849742 (0.766800 + 0.082943),0.848445 (0.766800 + 0.081645),0.843808 (0.761400 + 0.082408),0.833388 (0.751500 + 0.081888),0.851980 (0.769500 + 0.082480),0.852729 (0.769500 + 0.083229),0.838735 (0.756000 + 0.082735),0.845777 (0.763200 + 0.082577),0.842838 (0.760500 + 0.082338),0.854513 (0.772200 + 0.082313),0.854513 (0.772200 + 0.082313),0.855191 (0.772200 + 0.082991)
27,0.868940 (0.785700 + 0.083240),0.850869 (0.767700 + 0.083169),0.850879 (0.768600 + 0.082279),0.850232 (0.768600 + 0.081633),0.854132 (0.772200 + 0.081932),0.855925 (0.773100 + 0.082825),0.830817 (0.747900 + 0.082917),0.848015 (0.765000 + 0.083015),0.847240 (0.765000 + 0.082240),0.847493 (0.765000 + 0.082493),0.847493 (0.765000 + 0.082493),0.827927 (0.746100 + 0.081827),0.853603 (0.771300 + 0.082303),0.853473 (0.771300 + 0.082173),0.845777 (0.763200 + 0.082577),0.844207 (0.762300 + 0.081907),0.843132 (0.760500 + 0.082632),0.838962 (0.756000 + 0.082962),0.863016 (0.780300 + 0.082716),0.849583 (0.767700 + 0.081883),0.847470 (0.765000 + 0.082470),0.856855 (0.774900 + 0.081955),0.842706 (0.760500 + 0.082206),0.866414 (0.783900 + 0.082514),0.854512 (0.771300 + 0.083212),0.856436 (0.774000 + 0.082436),0.852705 (0.770400 + 0.082305),0.841724 (0.758700 + 0.083024),0.842408 (0.759600 + 0.082808),0.849956 (0.767700 + 0.082256),0.848382 (0.765900 + 0.082482),0.849567 (0.768600 + 0.080967),0.867432 (0.784800 + 0.082632),0.848078 (0.765900 + 0.082178),0.852648 (0.770400 + 0.082248),0.844132 (0.762300 + 0.081832),0.852658 (0.770400 + 0.082258),0.851139 (0.768600 + 0.082539),0.842977 (0.760500 + 0.082477),0.846697 (0.764100 + 0.082597),0.846399 (0.763200 + 0.083199),0.856516 (0.774000 + 0.082516),0.853939 (0.771300 + 0.082639),0.836524 (0.754200 + 0.082324),0.857508 (0.774900 + 0.082608),0.843995 (0.761400 + 0.082595),0.841067 (0.758700 + 0.082367),0.856221 (0.774000 + 0.082221),0.840056 (0.757800 + 0.082256),0.841753 (0.759600 + 0.082153),0.843324 (0.760500 + 0.082824),0.844332 (0.763200 + 0.081132),0.843745 (0.760500 + 0.083245),0.839739 (0.757800 + 0.081939),0.843821 (0.761400 + 0.082421),0.845736 (0.763200 + 0.082536),0.845485 (0.762300 + 0.083185),0.854495 (0.772200 + 0.082295),0.842018 (0.758700 + 0.083318),0.851202 (0.768600 + 0.082602),0.867031 (0.783900 + 0.083131),0.853143 (0.770400 + 0.082743),0.851787 (0.769500 + 0.082287),0.844890 (0.762300 + 0.082590),0.855685 (0.773100 + 0.082585),0.855191 (0.773100 + 0.082091),0.840516 (0.758700 + 0.081816),0.843939 (0.762300 + 0.081639),0.849230 (0.766800 + 0.082430),0.850138 (0.766800 + 0.083338),0.844184 (0.762300 + 0.081884),0.841788 (0.759600 + 0.082188),0.862945 (0.780300 + 0.082645),0.853554 (0.771300 + 0.082254),0.846607 (0.764100 + 0.082507),0.834350 (0.751500 + 0.082850),0.848435 (0.765900 + 0.082535),0.848694 (0.766800 + 0.081894),0.853311 (0.770400 + 0.082911),0.842324 (0.760500 + 0.081824)
28,0.868940 (0.785700 + 0.083240),0.867852 (0.785700 + 0.082152),0.849082 (0.766800 + 0.082282),0.864965 (0.782100 + 0.082865),0.847083 (0.765000 + 0.082083),0.853276 (0.770400 + 0.082876),0.852179 (0.769500 + 0.082679),0.855254 (0.772200 + 0.083054),0.844582 (0.762300 + 0.082282),0.856436 (0.774000 + 0.082436),0.856221 (0.774000 + 0.082221),0.840073 (0.757800 + 0.082273),0.838958 (0.756000 + 0.082958),0.853689 (0.771300 + 0.082389),0.847130 (0.765000 + 0.082130),0.850745 (0.768600 + 0.082145),0.848733 (0.765900 + 0.082833),0.849166 (0.766800 + 0.082366),0.844870 (0.762300 + 0.082570),0.837721 (0.756000 + 0.081721),0.846426 (0.763200 + 0.083226),0.850273 (0.767700 + 0.082573),0.845524 (0.763200 + 0.082324),0.854717 (0.773100 + 0.081617),0.855486 (0.773100 + 0.082386),0.842711 (0.759600 + 0.083111),0.859238 (0.776700 + 0.082538),0.866414 (0.783900 + 0.082514),0.838324 (0.756000 + 0.082324),0.845591 (0.763200 + 0.082392),0.861652 (0.778500 + 0.083152),0.855693 (0.774000 + 0.081693),0.843939 (0.762300 + 0.081639),0.855694 (0.773100 + 0.082594),0.850258 (0.767700 + 0.082558),0.840371 (0.757800 + 0.082571),0.866414 (0.783900 + 0.082514),0.848198 (0.765900 + 0.082298),0.849548 (0.766800 + 0.082748),0.852859 (0.771300 + 0.081559),0.847781 (0.765000 + 0.082781),0.849670 (0.767700 + 0.081970),0.843614 (0.761400 + 0.082214),0.854555 (0.772200 + 0.082355),0.841075 (0.758700 + 0.082375),0.828820 (0.746100 + 0.082720),0.849384 (0.766800 + 0.082584),0.845320 (0.762300 + 0.083020),0.863784 (0.781200 + 0.082584),0.846943 (0.764100 + 0.082843),0.836616 (0.755100 + 0.081516),0.855969 (0.773100 + 0.082869),0.853194 (0.770400 + 0.082794),0.856516 (0.774000 + 0.082516),0.856516 (0.774000 + 0.082516),0.853130 (0.770400 + 0.082730),0.844332 (0.763200 + 0.081132),0.848052 (0.765000 + 0.083052),0.849296 (0.766800 + 0.082496),0.856643 (0.774000 + 0.082643),0.851757 (0.769500 + 0.082256),0.846290 (0.764100 + 0.082190),0.846111 (0.764100 + 0.082011),0.867217 (0.784800 + 0.082417),0.867450 (0.784800 + 0.082650),0.866521 (0.783900 + 0.082622),0.867825 (0.784800 + 0.083025),0.854806 (0.772200 + 0.082606),0.849937 (0.767700 + 0.082237),0.847988 (0.765900 + 0.082088),0.832086 (0.749700 + 0.082386),0.840887 (0.759600 + 0.081287),0.843662 (0.760500 + 0.083162),0.838016 (0.756000 + 0.082016),0.859787 (0.777600 + 0.082187),0.867364 (0.784800 + 0.082564),0.869102 (0.786600 + 0.082502),0.860527 (0.777600 + 0.082927),0.849182 (0.766800 + 0.082382),0.845763 (0.763200 + 0.082563)
29,0.869102 (0.786600 + 0.082502),0.848358 (0.765900 + 0.082458),0.845090 (0.762300 + 0.082791),0.839520 (0.756900 + 0.082620),0.839934 (0.756900 + 0.083034),0.863784 (0.781200 + 0.082584),0.854584 (0.773100 + 0.081484),0.857911 (0.775800 + 0.082111),0.856735 (0.774000 + 0.082735),0.854855 (0.772200 + 0.082655),0.843166 (0.760500 + 0.082666),0.853246 (0.771300 + 0.081946),0.856794 (0.774900 + 0.081894),0.843809 (0.761400 + 0.082409),0.851574 (0.769500 + 0.082074),0.852340 (0.769500 + 0.082840),0.859841 (0.777600 + 0.082241),0.861241 (0.778500 + 0.082741),0.847319 (0.765000 + 0.082319),0.856436 (0.774000 + 0.082436),0.867217 (0.784800 + 0.082417),0.868207 (0.785700 + 0.082507),0.850570 (0.767700 + 0.082870),0.844675 (0.762300 + 0.082375),0.855750 (0.773100 + 0.082650),0.859716 (0.777600 + 0.082116),0.836007 (0.753300 + 0.082707),0.850885 (0.768600 + 0.082285),0.849412 (0.766800 + 0.082612),0.847583 (0.765000 + 0.082583),0.846244 (0.763200 + 0.083044),0.852594 (0.770400 + 0.082194),0.851031 (0.768600 + 0.082431),0.847102 (0.764100 + 0.083002),0.839482 (0.756900 + 0.082582),0.845051 (0.762300 + 0.082751),0.861794 (0.780300 + 0.081494),0.847462 (0.765900 + 0.081562),0.847671 (0.765000 + 0.082671),0.847687 (0.765900 + 0.081787),0.848270 (0.765900 + 0.082370),0.851543 (0.769500 + 0.082043),0.847988 (0.765900 + 0.082088),0.849519 (0.766800 + 0.082720),0.868423 (0.785700 + 0.082723),0.850895 (0.769500 + 0.081395),0.842090 (0.759600 + 0.082490),0.847132 (0.765000 + 0.082132),0.849795 (0.767700 + 0.082095),0.850612 (0.767700 + 0.082912),0.857425 (0.774000 + 0.083425),0.861169 (0.778500 + 0.082669),0.848733 (0.765900 + 0.082833),0.853113 (0.770400 + 0.082713),0.844175 (0.762300 + 0.081875),0.866753 (0.783900 + 0.082853),0.855424 (0.773100 + 0.082324),0.865072 (0.782100 + 0.082972),0.863881 (0.782100 + 0.081781),0.867825 (0.784800 + 0.083025),0.846213 (0.763200 + 0.083013),0.855954 (0.774000 + 0.081954),0.863003 (0.780300 + 0.082703),0.850380 (0.768600 + 0.081780),0.857669 (0.774900 + 0.082769),0.840933 (0.758700 + 0.082233),0.848198 (0.765900 + 0.082298),0.867625 (0.784800 + 0.082825),0.839761 (0.757800 + 0.081961),0.845552 (0.763200 + 0.082352),0.843101 (0.760500 + 0.082601),0.844916 (0.762300 + 0.082616),0.849133 (0.766800 + 0.082333),0.851613 (0.768600 + 0.083013),0.851812 (0.769500 + 0.082312),0.855553 (0.773100 + 0.082453),0.852019 (0.768600 + 0.083419),0.843940 (0.761400 + 0.082540),0.843114 (0.760500 + 0.082614),0.856580 (0.774000 + 0.082580)
30,0.869102 (0.786600 + 0.082502),0.851213 (0.768600 + 0.082613),0.837132 (0.755100 + 0.082032),0.849278 (0.766800 + 0.082478),0.860322 (0.777600 + 0.082722),0.848249 (0.765900 + 0.082349),0.862768 (0.781200 + 0.081568),0.854662 (0.772200 + 0.082462),0.859677 (0.777600 + 0.082077),0.853665 (0.771300 + 0.082365),0.850318 (0.768600 + 0.081719),0.850911 (0.768600 + 0.082311),0.843471 (0.761400 + 0.082071),0.853929 (0.772200 + 0.081729),0.854448 (0.772200 + 0.082248),0.851709 (0.769500 + 0.082209),0.847775 (0.765900 + 0.081875),0.867726 (0.784800 + 0.082926),0.860209 (0.777600 + 0.082609),0.850166 (0.767700 + 0.082466),0.865713 (0.783000 + 0.082713),0.858858 (0.776700 + 0.082158),0.867136 (0.784800 + 0.082336),0.840466 (0.757800 + 0.082666),0.845700 (0.763200 + 0.082500),0.845051 (0.762300 + 0.082751),0.853038 (0.770400 + 0.082638),0.874014 (0.791100 + 0.082914),0.860890 (0.779400 + 0.081490),0.864909 (0.782100 + 0.082809),0.850426 (0.768600 + 0.081826),0.868207 (0.785700 + 0.082507),0.856749 (0.774000 + 0.082749),0.863859 (0.781200 + 0.082659),0.845795 (0.763200 + 0.082595),0.857786 (0.774900 + 0.082886),0.851939 (0.769500 + 0.082439),0.869994 (0.787500 + 0.082494),0.852510 (0.769500 + 0.083010),0.851441 (0.768600 + 0.082841),0.852069 (0.769500 + 0.082569),0.852277 (0.770400 + 0.081877),0.853430 (0.770400 + 0.083030),0.867825 (0.784800 + 0.083025),0.840056 (0.757800 + 0.082256),0.867625 (0.784800 + 0.082825),0.850885 (0.768600 + 0.082285),0.858945 (0.775800 + 0.083145),0.852066 (0.770400 + 0.081666),0.840641 (0.758700 + 0.081941),0.852649 (0.770400 + 0.082249),0.846134 (0.764100 + 0.082034),0.867217 (0.784800 + 0.082417),0.854855 (0.772200 + 0.082655),0.834208 (0.751500 + 0.082708),0.861947 (0.779400 + 0.082547),0.840425 (0.758700 + 0.081725),0.859362 (0.776700 + 0.082663),0.847055 (0.764100 + 0.082955),0.864494 (0.782100 + 0.082394),0.861683 (0.779400 + 0.082283),0.850591 (0.767700 + 0.082891),0.865724 (0.783000 + 0.082724),0.862937 (0.780300 + 0.082637),0.843748 (0.761400 + 0.082348),0.851705 (0.769500 + 0.082205),0.857442 (0.774000 + 0.083442),0.852747 (0.770400 + 0.082347),0.862382 (0.779400 + 0.082982),0.846222 (0.764100 + 0.082122),0.854012 (0.771300 + 0.082712),0.867178 (0.784800 + 0.082378),0.854768 (0.772200 + 0.082568),0.849060 (0.766800 + 0.082260),0.851304 (0.768600 + 0.082704),0.860057 (0.777600 + 0.082458),0.859466 (0.776700 + 0.082766),0.863921 (0.781200 + 0.082721),0.845059 (0.762300 + 0.082759),0.856013 (0.774000 + 0.082013)
31,0.874014 (0.791100 + 0.082914),0.863617 (0.781200 + 0.082418),0.851286 (0.768600 + 0.082686),0.850885 (0.768600 + 0.082285),0.850591 (0.767700 + 0.082891),0.867625 (0.784800 + 0.082825),0.861947 (0.779400 + 0.082547),0.860453 (0.777600 + 0.082853),0.870544 (0.787500 + 0.083044),0.869748 (0.787500 + 0.082248),0.853882 (0.771300 + 0.082582),0.867432 (0.784800 + 0.082632),0.849285 (0.766800 + 0.082485),0.867217 (0.784800 + 0.082417),0.853059 (0.770400 + 0.082659),0.842227 (0.760500 + 0.081727),0.859074 (0.776700 + 0.082374),0.860150 (0.778500 + 0.081650),0.859051 (0.776700 + 0.082351),0.853087 (0.770400 + 0.082687),0.846390 (0.764100 + 0.082290),0.862499 (0.780300 + 0.082199),0.857140 (0.774900 + 0.082240),0.864909 (0.782100 + 0.082809),0.867178 (0.784800 + 0.082378),0.850464 (0.767700 + 0.082764),0.855729 (0.773100 + 0.082629),0.856551 (0.774000 + 0.082551),0.847321 (0.765900 + 0.081421),0.852452 (0.769500 + 0.082952),0.856186 (0.773100 + 0.083086),0.855297 (0.773100 + 0.082197),0.865732 (0.783000 + 0.082733),0.849413 (0.767700 + 0.081713),0.840634 (0.758700 + 0.081934),0.844560 (0.762300 + 0.082260),0.856701 (0.774000 + 0.082701),0.862382 (0.779400 + 0.082982),0.867625 (0.784800 + 0.082825),0.845556 (0.764100 + 0.081456),0.860525 (0.778500 + 0.082025),0.863000 (0.780300 + 0.082700),0.853049 (0.770400 + 0.082649),0.848936 (0.766800 + 0.082136),0.843326 (0.760500 + 0.082826),0.864909 (0.782100 + 0.082809),0.851705 (0.769500 + 0.082205),0.834255 (0.752400 + 0.081855),0.857646 (0.774900 + 0.082746),0.844328 (0.762300 + 0.082028),0.855699 (0.773100 + 0.082599),0.866447 (0.783900 + 0.082547),0.847546 (0.765000 + 0.082546),0.859568 (0.777600 + 0.081968),0.874122 (0.791100 + 0.083022),0.857053 (0.774000 + 0.083053),0.861164 (0.778500 + 0.082665),0.866022 (0.783000 + 0.083022),0.855764 (0.773100 + 0.082664),0.852019 (0.768600 + 0.083419),0.857680 (0.774900 + 0.082780),0.863911 (0.781200 + 0.082711),0.857235 (0.774900 + 0.082335),0.869031 (0.786600 + 0.082431),0.863507 (0.780300 + 0.083207),0.867675 (0.784800 + 0.082875),0.854590 (0.772200 + 0.082390),0.870340 (0.787500 + 0.082840),0.863993 (0.781200 + 0.082794),0.835895 (0.753300 + 0.082595),0.855631 (0.774000 + 0.081631),0.836461 (0.754200 + 0.082261),0.842459 (0.760500 + 0.081959),0.848962 (0.766800 + 0.082162),0.843195 (0.760500 + 0.082695),0.859351 (0.776700 + 0.082651),0.870393 (0.787500 + 0.082893),0.859887 (0.777600 + 0.082287),0.850139 (0.767700 + 0.082439),0.857710 (0.774900 + 0.082810)
32,0.874122 (0.791100 + 0.083022),0.855358 (0.773100 + 0.082258),0.838532 (0.756000 + 0.082532),0.861965 (0.779400 + 0.082565),0.859074 (0.776700 + 0.082374),0.855631 (0.774000 + 0.081631),0.839095 (0.756900 + 0.082195),0.867625 (0.784800 + 0.082825),0.867625 (0.784800 + 0.082825),0.859088 (0.776700 + 0.082388),0.845719 (0.763200 + 0.082519),0.855517 (0.773100 + 0.082417),0.849812 (0.767700 + 0.082112),0.853055 (0.770400 + 0.082655),0.842262 (0.759600 + 0.082662),0.874014 (0.791100 + 0.082914),0.844515 (0.761400 + 0.083115),0.864642 (0.782100 + 0.082542),0.865013 (0.782100 + 0.082913),0.853899 (0.771300 + 0.082599),0.852358 (0.770400 + 0.081958),0.844934 (0.763200 + 0.081734),0.848137 (0.765900 + 0.082237),0.855514 (0.773100 + 0.082414),0.853248 (0.770400 + 0.082848),0.864909 (0.782100 + 0.082809),0.843213 (0.760500 + 0.082714),0.867625 (0.784800 + 0.082825),0.863000 (0.780300 + 0.082700),0.848375 (0.765900 + 0.082475),0.862216 (0.779400 + 0.082816),0.855763 (0.773100 + 0.082663),0.849678 (0.766800 + 0.082878),0.857693 (0.774900 + 0.082793),0.853981 (0.771300 + 0.082681),0.869408 (0.786600 + 0.082808),0.855906 (0.773100 + 0.082806),0.869031 (0.786600 + 0.082431),0.848962 (0.766800 + 0.082162),0.870076 (0.787500 + 0.082576),0.855350 (0.772200 + 0.083150),0.856027 (0.773100 + 0.082927),0.847260 (0.765900 + 0.081360),0.859647 (0.776700 + 0.082947),0.857006 (0.774900 + 0.082106),0.853263 (0.771300 + 0.081963),0.861108 (0.778500 + 0.082608),0.856978 (0.774000 + 0.082978),0.859250 (0.776700 + 0.082550),0.870544 (0.787500 + 0.083044),0.847546 (0.765000 + 0.082546),0.841570 (0.759600 + 0.081970),0.853315 (0.771300 + 0.082015),0.864046 (0.781200 + 0.082846),0.858521 (0.776700 + 0.081822),0.849969 (0.767700 + 0.082269),0.863840 (0.781200 + 0.082640),0.843924 (0.761400 + 0.082524),0.853881 (0.771300 + 0.082581),0.870375 (0.787500 + 0.082875),0.850077 (0.766800 + 0.083277),0.855132 (0.773100 + 0.082032),0.841191 (0.758700 + 0.082491),0.853265 (0.770400 + 0.082865),0.856882 (0.774000 + 0.082882),0.854535 (0.772200 + 0.082335),0.843266 (0.761400 + 0.081866),0.867625 (0.784800 + 0.082825),0.849640 (0.766800 + 0.082840),0.857737 (0.774900 + 0.082837),0.861202 (0.778500 + 0.082702),0.854902 (0.772200 + 0.082702),0.868728 (0.785700 + 0.083028),0.856027 (0.774000 + 0.082027),0.859202 (0.776700 + 0.082502),0.860060 (0.777600 + 0.082460),0.864482 (0.782100 + 0.082382),0.867460 (0.784800 + 0.082660),0.860052 (0.777600 + 0.082452),0.853839 (0.771300 + 0.082539)
33,0.874122 (0.791100 + 0.083022),0.849612 (0.767700 + 0.081912),0.864046 (0.781200 + 0.082846),0.857649 (0.774900 + 0.082749),0.847524 (0.765000 + 0.082524),0.876715 (0.793800 + 0.082915),0.863659 (0.781200 + 0.082460),0.854647 (0.772200 + 0.082447),0.862948 (0.780300 + 0.082648),0.865661 (0.783000 + 0.082661),0.870324 (0.787500 + 0.082824),0.859522 (0.776700 + 0.082822),0.856508 (0.774000 + 0.082508),0.858046 (0.774900 + 0.083146),0.844958 (0.762300 + 0.082658),0.859588 (0.776700 + 0.082888),0.847546 (0.765000 + 0.082546),0.848346 (0.765900 + 0.082446),0.861273 (0.779400 + 0.081873),0.849109 (0.766800 + 0.082309),0.869559 (0.786600 + 0.082959),0.874122 (0.791100 + 0.083022),0.864016 (0.781200 + 0.082816),0.871897 (0.789300 + 0.082597),0.860052 (0.777600 + 0.082452),0.853038 (0.771300 + 0.081738),0.852165 (0.769500 + 0.082665),0.853396 (0.770400 + 0.082996),0.850775 (0.768600 + 0.082175),0.859257 (0.776700 + 0.082557),0.866365 (0.783900 + 0.082465),0.850995 (0.769500 + 0.081495),0.852178 (0.769500 + 0.082678),0.864642 (0.782100 + 0.082542),0.869408 (0.786600 + 0.082808),0.864720 (0.782100 + 0.082620),0.853353 (0.770400 + 0.082953),0.861042 (0.778500 + 0.082542),0.859125 (0.776700 + 0.082425),0.862995 (0.780300 + 0.082695),0.846926 (0.765000 + 0.081926),0.870076 (0.787500 + 0.082576),0.863840 (0.781200 + 0.082640),0.867625 (0.784800 + 0.082825),0.860060 (0.777600 + 0.082460),0.872441 (0.789300 + 0.083141),0.866630 (0.783900 + 0.082730),0.869211 (0.786600 + 0.082611),0.855461 (0.772200 + 0.083261),0.862767 (0.780300 + 0.082467),0.863774 (0.781200 + 0.082574),0.868342 (0.785700 + 0.082642),0.862008 (0.779400 + 0.082608),0.868554 (0.785700 + 0.082854),0.859372 (0.776700 + 0.082672),0.861128 (0.778500 + 0.082628),0.837553 (0.755100 + 0.082453),0.862120 (0.779400 + 0.082720),0.857845 (0.774900 + 0.082945),0.846485 (0.764100 + 0.082385),0.863787 (0.781200 + 0.082587),0.866630 (0.783900 + 0.082730),0.861497 (0.778500 + 0.082997),0.870351 (0.787500 + 0.082851),0.873197 (0.790200 + 0.082997),0.853992 (0.771300 + 0.082692),0.863219 (0.780300 + 0.082919),0.854518 (0.772200 + 0.082319),0.863030 (0.781200 + 0.081830),0.848650 (0.765900 + 0.082750),0.865786 (0.783000 + 0.082786),0.872060 (0.789300 + 0.082760),0.861202 (0.778500 + 0.082702),0.871006 (0.788400 + 0.082606),0.851235 (0.768600 + 0.082635),0.867820 (0.785700 + 0.082120),0.862015 (0.779400 + 0.082616),0.849319 (0.766800 + 0.082519),0.850462 (0.767700 + 0.082762),0.846432 (0.764100 + 0.082332)
34,0.876715 (0.793800 + 0.082915),0.868524 (0.785700 + 0.082824),0.862859 (0.781200 + 0.081659),0.853985 (0.772200 + 0.081785),0.854858 (0.772200 + 0.082658),0.860285 (0.777600 + 0.082685),0.842487 (0.760500 + 0.081987),0.846978 (0.764100 + 0.082878),0.861819 (0.779400 + 0.082419),0.857644 (0.774900 + 0.082744),0.871897 (0.789300 + 0.082597),0.859596 (0.776700 + 0.082896),0.852199 (0.770400 + 0.081799),0.855891 (0.773100 + 0.082791),0.855797 (0.774000 + 0.081797),0.852462 (0.769500 + 0.082962),0.867596 (0.784800 + 0.082796),0.861337 (0.778500 + 0.082837),0.869010 (0.786600 + 0.082410),0.867196 (0.783900 + 0.083296),0.862041 (0.779400 + 0.082641),0.872060 (0.789300 + 0.082760),0.840447 (0.757800 + 0.082647),0.856672 (0.774000 + 0.082672),0.844962 (0.763200 + 0.081762),0.856055 (0.773100 + 0.082955),0.859345 (0.776700 + 0.082645),0.857742 (0.774900 + 0.082842),0.854994 (0.772200 + 0.082794),0.849178 (0.766800 + 0.082378),0.850491 (0.767700 + 0.082791),0.870230 (0.787500 + 0.082730),0.847305 (0.765900 + 0.081405),0.864959 (0.782100 + 0.082859),0.855766 (0.773100 + 0.082666),0.867625 (0.784800 + 0.082825),0.860302 (0.777600 + 0.082702),0.874122 (0.791100 + 0.083022),0.856132 (0.773100 + 0.083032),0.869351 (0.786600 + 0.082751),0.859229 (0.776700 + 0.082529),0.863030 (0.781200 + 0.081830),0.862995 (0.780300 + 0.082695),0.847480 (0.765000 + 0.082480),0.848740 (0.765900 + 0.082840),0.868227 (0.785700 + 0.082527),0.868650 (0.785700 + 0.082950),0.873783 (0.791100 + 0.082683),0.860707 (0.778500 + 0.082207),0.852118 (0.769500 + 0.082617),0.856225 (0.773100 + 0.083125),0.865795 (0.783000 + 0.082795),0.866356 (0.783900 + 0.082456),0.864459 (0.782100 + 0.082359),0.857275 (0.774000 + 0.083276),0.863555 (0.781200 + 0.082355),0.858539 (0.775800 + 0.082739),0.862080 (0.779400 + 0.082680),0.861104 (0.778500 + 0.082604),0.867820 (0.785700 + 0.082120),0.848689 (0.765900 + 0.082789),0.853080 (0.770400 + 0.082680),0.846950 (0.764100 + 0.082850),0.870076 (0.787500 + 0.082576),0.873197 (0.790200 + 0.082997),0.865780 (0.783000 + 0.082780),0.864850 (0.783000 + 0.081850),0.862428 (0.779400 + 0.083028),0.869031 (0.786600 + 0.082431),0.865433 (0.783000 + 0.082433),0.861109 (0.778500 + 0.082609),0.846379 (0.764100 + 0.082279),0.851158 (0.768600 + 0.082558),0.862066 (0.779400 + 0.082666),0.866072 (0.783900 + 0.082172),0.867625 (0.784800 + 0.082825),0.849429 (0.766800 + 0.082629),0.863026 (0.780300 + 0.082726),0.871220 (0.788400 + 0.082820),0.854443 (0.773100 + 0.081343)
35,0.876715 (0.793800 + 0.082915),0.869427 (0.786600 + 0.082827),0.856819 (0.774000 + 0.082819),0.863320 (0.780300 + 0.083021),0.861059 (0.778500 + 0.082559),0.862922 (0.780300 + 0.082622),0.860852 (0.778500 + 0.082352),0.871220 (0.788400 + 0.082820),0.865892 (0.783000 + 0.082892),0.869010 (0.786600 + 0.082410),0.838702 (0.756900 + 0.081802),0.861925 (0.779400 + 0.082525),0.864477 (0.781200 + 0.083277),0.872042 (0.789300 + 0.082742),0.860705 (0.777600 + 0.083105),0.860018 (0.777600 + 0.082418),0.869211 (0.786600 + 0.082611),0.871897 (0.789300 + 0.082597),0.862428 (0.779400 + 0.083028),0.856311 (0.774000 + 0.082311),0.862420 (0.780300 + 0.082120),0.869083 (0.786600 + 0.082483),0.861108 (0.778500 + 0.082608),0.857940 (0.774900 + 0.083040),0.855497 (0.773100 + 0.082397),0.853057 (0.771300 + 0.081757),0.871160 (0.788400 + 0.082760),0.865509 (0.783000 + 0.082509),0.862207 (0.779400 + 0.082807),0.856311 (0.774900 + 0.081411),0.847035 (0.764100 + 0.082935),0.861691 (0.779400 + 0.082291),0.865004 (0.782100 + 0.082904),0.867895 (0.784800 + 0.083095),0.861066 (0.778500 + 0.082566),0.868326 (0.785700 + 0.082626),0.862027 (0.779400 + 0.082627),0.863010 (0.780300 + 0.082710),0.858169 (0.775800 + 0.082369),0.851489 (0.768600 + 0.082889),0.849287 (0.766800 + 0.082487),0.866723 (0.783900 + 0.082823),0.862053 (0.779400 + 0.082653),0.870567 (0.788400 + 0.082167),0.866799 (0.783900 + 0.082899),0.862546 (0.780300 + 0.082246),0.872221 (0.789300 + 0.082921),0.864477 (0.781200 + 0.083277),0.846369 (0.763200 + 0.083169),0.854594 (0.772200 + 0.082394),0.851211 (0.768600 + 0.082611),0.856957 (0.774000 + 0.082957),0.859971 (0.776700 + 0.083271),0.863647 (0.781200 + 0.082447),0.855881 (0.773100 + 0.082781),0.854350 (0.771300 + 0.083050),0.870075 (0.787500 + 0.082575),0.860249 (0.777600 + 0.082649),0.871220 (0.788400 + 0.082820),0.860867 (0.778500 + 0.082367),0.870065 (0.787500 + 0.082565),0.863800 (0.781200 + 0.082600),0.858568 (0.775800 + 0.082768),0.854321 (0.772200 + 0.082121),0.869010 (0.786600 + 0.082410),0.864946 (0.782100 + 0.082846),0.850957 (0.768600 + 0.082357),0.856377 (0.773100 + 0.083277),0.859216 (0.776700 + 0.082516),0.866268 (0.783900 + 0.082368),0.853604 (0.771300 + 0.082305),0.852942 (0.770400 + 0.082542),0.854782 (0.772200 + 0.082582),0.855616 (0.773100 + 0.082516),0.869339 (0.786600 + 0.082739),0.868650 (0.785700 + 0.082950),0.864103 (0.781200 + 0.082903),0.851682 (0.769500 + 0.082182),0.848827 (0.766800 + 0.082027),0.855289 (0.773100 + 0.082189)
36,0.876715 (0.793800 + 0.082915),0.844763 (0.762300 + 0.082463),0.854639 (0.772200 + 0.082439),0.867596 (0.784800 + 0.082796),0.864014 (0.781200 + 0.082814),0.863533 (0.780300 + 0.083233),0.860557 (0.778500 + 0.082057),0.864604 (0.782100 + 0.082504),0.862680 (0.780300 + 0.082380),0.864093 (0.781200 + 0.082893),0.857219 (0.774900 + 0.082320),0.859721 (0.777600 + 0.082121),0.871970 (0.789300 + 0.082670),0.862212 (0.779400 + 0.082812),0.861925 (0.779400 + 0.082525),0.866412 (0.783900 + 0.082512),0.857605 (0.774900 + 0.082705),0.861641 (0.779400 + 0.082241),0.861826 (0.779400 + 0.082426),0.854836 (0.772200 + 0.082636),0.866098 (0.783900 + 0.082198),0.861168 (0.778500 + 0.082668),0.852642 (0.770400 + 0.082242),0.852642 (0.770400 + 0.082242),0.871090 (0.788400 + 0.082690),0.873231 (0.790200 + 0.083031),0.856186 (0.774000 + 0.082186),0.865239 (0.783000 + 0.082239),0.864392 (0.782100 + 0.082292),0.864309 (0.782100 + 0.082209),0.853252 (0.770400 + 0.082852),0.857759 (0.774900 + 0.082859),0.864055 (0.781200 + 0.082855),0.865757 (0.783000 + 0.082757),0.862922 (0.780300 + 0.082622),0.866723 (0.783900 + 0.082823),0.860852 (0.778500 + 0.082352),0.857664 (0.774900 + 0.082764),0.858697 (0.775800 + 0.082897),0.862984 (0.780300 + 0.082684),0.873500 (0.791100 + 0.082400),0.864166 (0.781200 + 0.082966),0.864863 (0.782100 + 0.082763),0.865004 (0.782100 + 0.082904),0.855616 (0.773100 + 0.082516),0.856620 (0.774000 + 0.082620),0.863424 (0.780300 + 0.083124),0.858755 (0.775800 + 0.082955),0.854865 (0.772200 + 0.082665),0.854267 (0.772200 + 0.082067),0.870706 (0.788400 + 0.082306),0.863563 (0.781200 + 0.082363),0.852005 (0.769500 + 0.082505),0.849437 (0.766800 + 0.082637),0.862922 (0.780300 + 0.082622),0.873500 (0.791100 + 0.082400),0.866148 (0.783900 + 0.082248),0.867322 (0.784800 + 0.082522),0.863532 (0.781200 + 0.082333),0.861474 (0.778500 + 0.082974),0.869211 (0.786600 + 0.082611),0.856451 (0.774000 + 0.082451),0.862088 (0.779400 + 0.082688),0.873882 (0.791100 + 0.082783),0.848554 (0.765900 + 0.082654),0.863893 (0.781200 + 0.082693),0.867439 (0.784800 + 0.082639),0.866630 (0.783900 + 0.082730),0.863197 (0.780300 + 0.082897),0.869530 (0.786600 + 0.082930),0.856189 (0.774000 + 0.082189),0.855073 (0.772200 + 0.082873),0.862709 (0.779400 + 0.083309),0.856744 (0.774000 + 0.082744),0.858637 (0.775800 + 0.082837),0.855893 (0.773100 + 0.082793),0.845700 (0.763200 + 0.082500),0.868533 (0.785700 + 0.082833),0.864907 (0.782100 + 0.082807),0.857304 (0.774900 + 0.082404)
37,0.876715 (0.793800 + 0.082915),0.868588 (0.785700 + 0.082888),0.861278 (0.778500 + 0.082778),0.860079 (0.777600 + 0.082479),0.855360 (0.773100 + 0.082260),0.855812 (0.773100 + 0.082712),0.869364 (0.786600 + 0.082764),0.862686 (0.780300 + 0.082386),0.871228 (0.788400 + 0.082828),0.865682 (0.783000 + 0.082682),0.857891 (0.774900 + 0.082991),0.852834 (0.770400 + 0.082434),0.858288 (0.775800 + 0.082488),0.861129 (0.778500 + 0.082629),0.866485 (0.783900 + 0.082585),0.841468 (0.759600 + 0.081868),0.850272 (0.767700 + 0.082572),0.855724 (0.773100 + 0.082624),0.871356 (0.788400 + 0.082956),0.864347 (0.782100 + 0.082247),0.859645 (0.776700 + 0.082945),0.861734 (0.779400 + 0.082334),0.862833 (0.780300 + 0.082533),0.851005 (0.768600 + 0.082406),0.863683 (0.781200 + 0.082483),0.870260 (0.787500 + 0.082760),0.862638 (0.779400 + 0.083238),0.866659 (0.783900 + 0.082759),0.860233 (0.778500 + 0.081733),0.867112 (0.784800 + 0.082313),0.853143 (0.771300 + 0.081843),0.851125 (0.768600 + 0.082525),0.863969 (0.781200 + 0.082769),0.861312 (0.778500 + 0.082812),0.874476 (0.792000 + 0.082476),0.867228 (0.784800 + 0.082428),0.848880 (0.766800 + 0.082080),0.865962 (0.783000 + 0.082962),0.873500 (0.791100 + 0.082400),0.867341 (0.784800 + 0.082541),0.853767 (0.771300 + 0.082467),0.855963 (0.774000 + 0.081963),0.854664 (0.772200 + 0.082464),0.866630 (0.783900 + 0.082730),0.864860 (0.782100 + 0.082760),0.847683 (0.765900 + 0.081783),0.856852 (0.774900 + 0.081952),0.864166 (0.781200 + 0.082966),0.847792 (0.765900 + 0.081892),0.863832 (0.781200 + 0.082632),0.866545 (0.783900 + 0.082645),0.856825 (0.774000 + 0.082825),0.864314 (0.782100 + 0.082214),0.874061 (0.791100 + 0.082961),0.839720 (0.756900 + 0.082820),0.870143 (0.787500 + 0.082643),0.863083 (0.780300 + 0.082783),0.858974 (0.776700 + 0.082274),0.858626 (0.775800 + 0.082826),0.866499 (0.783900 + 0.082599),0.862958 (0.780300 + 0.082658),0.868418 (0.785700 + 0.082718),0.870755 (0.788400 + 0.082355),0.869363 (0.786600 + 0.082763),0.873181 (0.790200 + 0.082981),0.853271 (0.770400 + 0.082871),0.858755 (0.775800 + 0.082955),0.865507 (0.783000 + 0.082507),0.858559 (0.775800 + 0.082759),0.861552 (0.778500 + 0.083052),0.852636 (0.770400 + 0.082236),0.864042 (0.781200 + 0.082842),0.853715 (0.771300 + 0.082415),0.860409 (0.777600 + 0.082809),0.861899 (0.779400 + 0.082499),0.854281 (0.771300 + 0.082981),0.857380 (0.774900 + 0.082480),0.860196 (0.777600 + 0.082596),0.870142 (0.787500 + 0.082642),0.864353 (0.781200 + 0.083153)
38,0.876715 (0.793800 + 0.082915),0.872788 (0.790200 + 0.082588),0.861416 (0.779400 + 0.082016),0.856854 (0.774000 + 0.082854),0.852764 (0.770400 + 0.082364),0.857324 (0.774900 + 0.082424),0.861032 (0.779400 + 0.081632),0.853962 (0.771300 + 0.082662),0.872589 (0.790200 + 0.082389),0.855029 (0.772200 + 0.082829),0.864752 (0.782100 + 0.082652),0.864602 (0.782100 + 0.082502),0.857519 (0.774900 + 0.082619),0.864223 (0.781200 + 0.083023),0.854852 (0.772200 + 0.082653),0.873500 (0.791100 + 0.082400),0.864314 (0.782100 + 0.082214),0.848722 (0.766800 + 0.081922),0.858559 (0.775800 + 0.082759),0.864568 (0.782100 + 0.082468),0.839916 (0.757800 + 0.082116),0.864616 (0.782100 + 0.082516),0.863653 (0.781200 + 0.082453),0.862454 (0.780300 + 0.082154),0.872221 (0.789300 + 0.082921),0.859508 (0.776700 + 0.082808),0.853638 (0.771300 + 0.082338),0.866539 (0.783900 + 0.082639),0.866815 (0.783900 + 0.082916),0.862071 (0.779400 + 0.082671),0.857706 (0.774900 + 0.082806),0.865268 (0.783000 + 0.082268),0.856863 (0.774000 + 0.082863),0.861976 (0.779400 + 0.082576),0.859520 (0.777600 + 0.081920),0.859475 (0.776700 + 0.082776),0.860797 (0.778500 + 0.082297),0.860979 (0.778500 + 0.082479),0.853170 (0.770400 + 0.082770),0.863997 (0.781200 + 0.082797),0.869218 (0.786600 + 0.082618),0.864879 (0.782100 + 0.082779),0.874014 (0.791100 + 0.082914),0.858331 (0.775800 + 0.082531),0.863969 (0.781200 + 0.082769),0.848641 (0.765900 + 0.082741),0.873794 (0.791100 + 0.082694),0.871146 (0.788400 + 0.082746),0.868588 (0.785700 + 0.082888),0.852021 (0.769500 + 0.082521),0.865682 (0.783000 + 0.082682),0.843217 (0.760500 + 0.082717),0.857410 (0.774900 + 0.082510),0.854372 (0.772200 + 0.082172),0.856987 (0.774900 + 0.082087),0.853570 (0.771300 + 0.082270),0.859686 (0.776700 + 0.082986),0.872194 (0.789300 + 0.082894),0.867400 (0.784800 + 0.082600),0.864314 (0.781200 + 0.083114),0.846218 (0.764100 + 0.082118),0.864949 (0.782100 + 0.082849),0.877867 (0.795600 + 0.082267),0.871532 (0.789300 + 0.082232),0.865030 (0.782100 + 0.082930),0.854581 (0.772200 + 0.082381),0.870152 (0.787500 + 0.082652),0.872331 (0.789300 + 0.083031),0.867691 (0.784800 + 0.082891),0.861934 (0.779400 + 0.082534),0.865415 (0.783000 + 0.082415),0.866309 (0.783900 + 0.082409),0.871172 (0.788400 + 0.082772),0.863305 (0.780300 + 0.083005),0.865721 (0.783000 + 0.082721),0.861705 (0.778500 + 0.083205),0.853814 (0.771300 + 0.082514),0.851173 (0.768600 + 0.082573),0.872058 (0.789300 + 0.082758),0.858347 (0.775800 + 0.082547)
39,0.877867 (0.795600 + 0.082267),0.863672 (0.781200 + 0.082473),0.871511 (0.789300 + 0.082211),0.866546 (0.783900 + 0.082646),0.860006 (0.777600 + 0.082406),0.861207 (0.779400 + 0.081807),0.867400 (0.784800 + 0.082600),0.866789 (0.783900 + 0.082889),0.856396 (0.774000 + 0.082396),0.872786 (0.790200 + 0.082586),0.862677 (0.780300 + 0.082377),0.863948 (0.781200 + 0.082748),0.866284 (0.783900 + 0.082384),0.862902 (0.780300 + 0.082603),0.851889 (0.769500 + 0.082389),0.864122 (0.782100 + 0.082022),0.847894 (0.765000 + 0.082894),0.872180 (0.789300 + 0.082880),0.863955 (0.781200 + 0.082755),0.870112 (0.787500 + 0.082612),0.866620 (0.783900 + 0.082720),0.864896 (0.782100 + 0.082796),0.871065 (0.788400 + 0.082665),0.874910 (0.792000 + 0.082910),0.854926 (0.772200 + 0.082726),0.868228 (0.785700 + 0.082528),0.864938 (0.782100 + 0.082838),0.859271 (0.776700 + 0.082571),0.852951 (0.770400 + 0.082551),0.856544 (0.774000 + 0.082544),0.865721 (0.783000 + 0.082721),0.856723 (0.774000 + 0.082723),0.860399 (0.777600 + 0.082799),0.864993 (0.782100 + 0.082893),0.869066 (0.786600 + 0.082466),0.855696 (0.773100 + 0.082596),0.875799 (0.792900 + 0.082899),0.876715 (0.793800 + 0.082915),0.871172 (0.788400 + 0.082772),0.861370 (0.779400 + 0.081970),0.873902 (0.791100 + 0.082802),0.848199 (0.765900 + 0.082299),0.868769 (0.786600 + 0.082169),0.861346 (0.778500 + 0.082847),0.871915 (0.789300 + 0.082615),0.874014 (0.791100 + 0.082914),0.864602 (0.782100 + 0.082502),0.858317 (0.775800 + 0.082517),0.857726 (0.774900 + 0.082826),0.860374 (0.777600 + 0.082774),0.850078 (0.767700 + 0.082378),0.853815 (0.771300 + 0.082515),0.867417 (0.784800 + 0.082617),0.867129 (0.784800 + 0.082329),0.862922 (0.780300 + 0.082622),0.870008 (0.787500 + 0.082508),0.848417 (0.765900 + 0.082517),0.861913 (0.779400 + 0.082513),0.858358 (0.775800 + 0.082558),0.874014 (0.791100 + 0.082914),0.868588 (0.785700 + 0.082888),0.850511 (0.767700 + 0.082811),0.853105 (0.770400 + 0.082705),0.861876 (0.779400 + 0.082476),0.866868 (0.783900 + 0.082968),0.863739 (0.782100 + 0.081639),0.851713 (0.769500 + 0.082213),0.878526 (0.795600 + 0.082926),0.863915 (0.781200 + 0.082715),0.856459 (0.774000 + 0.082459),0.852612 (0.770400 + 0.082212),0.860498 (0.777600 + 0.082898),0.863508 (0.781200 + 0.082308),0.858612 (0.775800 + 0.082812),0.871907 (0.789300 + 0.082607),0.863035 (0.780300 + 0.082735),0.851709 (0.769500 + 0.082209),0.849632 (0.766800 + 0.082832),0.856673 (0.774000 + 0.082674),0.861681 (0.779400 + 0.082281)
40,0.878526 (0.795600 + 0.082926),0.863783 (0.781200 + 0.082583),0.866448 (0.783900 + 0.082548),0.871065 (0.788400 + 0.082665),0.872619 (0.790200 + 0.082419),0.864903 (0.782100 + 0.082803),0.866605 (0.783900 + 0.082705),0.860155 (0.777600 + 0.082555),0.857331 (0.774900 + 0.082431),0.861679 (0.779400 + 0.082279),0.851608 (0.768600 + 0.083008),0.871172 (0.788400 + 0.082772),0.853105 (0.770400 + 0.082705),0.859875 (0.777600 + 0.082275),0.870407 (0.787500 + 0.082907),0.862984 (0.780300 + 0.082684),0.862334 (0.779400 + 0.082934),0.853302 (0.770400 + 0.082902),0.875716 (0.792900 + 0.082816),0.871208 (0.788400 + 0.082808),0.865853 (0.783000 + 0.082853),0.858629 (0.775800 + 0.082829),0.859575 (0.776700 + 0.082875),0.861070 (0.778500 + 0.082570),0.866868 (0.783900 + 0.082968),0.861680 (0.779400 + 0.082280),0.850028 (0.767700 + 0.082328),0.872109 (0.789300 + 0.082809),0.864791 (0.782100 + 0.082691),0.866650 (0.783900 + 0.082750),0.865656 (0.783000 + 0.082656),0.863880 (0.781200 + 0.082680),0.857313 (0.774900 + 0.082413),0.866290 (0.783900 + 0.082390),0.854604 (0.772200 + 0.082405),0.859934 (0.777600 + 0.082334),0.871218 (0.788400 + 0.082818),0.846563 (0.764100 + 0.082463),0.862903 (0.780300 + 0.082603),0.856678 (0.774000 + 0.082678),0.865855 (0.783000 + 0.082855),0.862664 (0.780300 + 0.082364),0.866914 (0.784800 + 0.082114),0.863125 (0.780300 + 0.082825),0.871235 (0.788400 + 0.082835),0.858820 (0.776700 + 0.082120),0.862865 (0.780300 + 0.082565),0.858650 (0.775800 + 0.082850),0.871081 (0.788400 + 0.082681),0.870885 (0.788400 + 0.082485),0.873317 (0.791100 + 0.082217),0.875406 (0.792900 + 0.082506),0.853866 (0.771300 + 0.082566),0.859739 (0.777600 + 0.082139),0.867530 (0.784800 + 0.082731),0.875799 (0.792900 + 0.082899),0.874014 (0.791100 + 0.082914),0.859347 (0.776700 + 0.082647),0.854722 (0.772200 + 0.082522),0.863899 (0.782100 + 0.081799),0.873231 (0.790200 + 0.083031),0.866546 (0.783900 + 0.082646),0.845462 (0.763200 + 0.082262),0.876301 (0.793800 + 0.082501),0.857385 (0.774900 + 0.082485),0.854834 (0.772200 + 0.082634),0.870394 (0.788400 + 0.081994),0.860380 (0.777600 + 0.082780),0.872168 (0.789300 + 0.082868),0.869694 (0.786600 + 0.083094),0.862642 (0.780300 + 0.082342),0.864953 (0.782100 + 0.082853),0.858716 (0.776700 + 0.082016),0.863859 (0.781200 + 0.082659),0.854841 (0.772200 + 0.082641),0.859094 (0.776700 + 0.082394),0.863686 (0.781200 + 0.082486),0.878526 (0.795600 + 0.082926),0.871172 (0.788400 + 0.082772),0.866189 (0.783900 + 0.082290)
41,0.878526 (0.795600 + 0.082926),0.871274 (0.788400 + 0.082874),0.852235 (0.769500 + 0.082735),0.860136 (0.777600 + 0.082536),0.862818 (0.780300 + 0.082518),0.852790 (0.770400 + 0.082390),0.860104 (0.777600 + 0.082504),0.866055 (0.783000 + 0.083055),0.858681 (0.775800 + 0.082881),0.852257 (0.769500 + 0.082757),0.865453 (0.783000 + 0.082453),0.873128 (0.790200 + 0.082928),0.867973 (0.785700 + 0.082273),0.863716 (0.781200 + 0.082516),0.849389 (0.766800 + 0.082589),0.865921 (0.783000 + 0.082921),0.859492 (0.776700 + 0.082792),0.864953 (0.782100 + 0.082853),0.866936 (0.783900 + 0.083036),0.874522 (0.792000 + 0.082522),0.851539 (0.768600 + 0.082939),0.863525 (0.781200 + 0.082325),0.871299 (0.788400 + 0.082899),0.874014 (0.791100 + 0.082914),0.850239 (0.767700 + 0.082539),0.874014 (0.791100 + 0.082914),0.849976 (0.767700 + 0.082276),0.867931 (0.785700 + 0.082231),0.867286 (0.784800 + 0.082486),0.857491 (0.774900 + 0.082591),0.861056 (0.778500 + 0.082556),0.871905 (0.789300 + 0.082605),0.862239 (0.779400 + 0.082839),0.865667 (0.783000 + 0.082667),0.851253 (0.768600 + 0.082653),0.854460 (0.772200 + 0.082260),0.863956 (0.781200 + 0.082756),0.865236 (0.783000 + 0.082236),0.866452 (0.783900 + 0.082552),0.865559 (0.783000 + 0.082559),0.865116 (0.782100 + 0.083016),0.865426 (0.783000 + 0.082426),0.870309 (0.787500 + 0.082809),0.858488 (0.775800 + 0.082688),0.850426 (0.767700 + 0.082726),0.849101 (0.766800 + 0.082301),0.869932 (0.787500 + 0.082432),0.859231 (0.776700 + 0.082531),0.862225 (0.779400 + 0.082825),0.858086 (0.775800 + 0.082286),0.852301 (0.769500 + 0.082801),0.868116 (0.785700 + 0.082416),0.862096 (0.779400 + 0.082696),0.850823 (0.768600 + 0.082223),0.862005 (0.779400 + 0.082605),0.868413 (0.785700 + 0.082713),0.862342 (0.779400 + 0.082942),0.866420 (0.783900 + 0.082520),0.870121 (0.787500 + 0.082621),0.863839 (0.781200 + 0.082639),0.864797 (0.782100 + 0.082697),0.865085 (0.783000 + 0.082085),0.848397 (0.765900 + 0.082497),0.850957 (0.768600 + 0.082357),0.869578 (0.786600 + 0.082978),0.857665 (0.774900 + 0.082765),0.868487 (0.785700 + 0.082787),0.870399 (0.787500 + 0.082899),0.870324 (0.787500 + 0.082824),0.851500 (0.769500 + 0.082000),0.863973 (0.781200 + 0.082773),0.872567 (0.790200 + 0.082367),0.851262 (0.768600 + 0.082662),0.846191 (0.764100 + 0.082091),0.857622 (0.775800 + 0.081822),0.864136 (0.781200 + 0.082936),0.869195 (0.786600 + 0.082595),0.865725 (0.783000 + 0.082725),0.864031 (0.781200 + 0.082831),0.862642 (0.780300 + 0.082342)
42,0.878526 (0.795600 + 0.082926),0.858465 (0.776700 + 0.081765),0.869932 (0.787500 + 0.082432),0.860120 (0.777600 + 0.082520),0.865725 (0.783000 + 0.082725),0.856838 (0.774000 + 0.082838),0.858534 (0.775800 + 0.082734),0.863016 (0.780300 + 0.082716),0.851063 (0.768600 + 0.082463),0.845790 (0.763200 + 0.082590),0.866837 (0.783900 + 0.082937),0.858559 (0.775800 + 0.082759),0.867124 (0.784800 + 0.082324),0.864887 (0.782100 + 0.082787),0.846637 (0.764100 + 0.082537),0.870324 (0.787500 + 0.082824),0.862342 (0.779400 + 0.082942),0.871274 (0.788400 + 0.082874),0.866425 (0.783900 + 0.082525),0.865220 (0.783000 + 0.082220),0.864757 (0.782100 + 0.082657),0.863792 (0.781200 + 0.082592),0.863353 (0.780300 + 0.083053),0.878526 (0.795600 + 0.082926),0.858022 (0.775800 + 0.082222),0.853775 (0.771300 + 0.082475),0.867518 (0.784800 + 0.082718),0.852706 (0.770400 + 0.082306),0.870324 (0.787500 + 0.082824),0.859122 (0.776700 + 0.082422),0.859441 (0.776700 + 0.082741),0.858670 (0.775800 + 0.082870),0.857799 (0.774900 + 0.082899),0.869159 (0.786600 + 0.082559),0.874049 (0.791100 + 0.082949),0.868864 (0.785700 + 0.083163),0.854204 (0.771300 + 0.082904),0.872377 (0.790200 + 0.082177),0.856587 (0.774000 + 0.082587),0.865667 (0.783000 + 0.082667),0.865236 (0.783000 + 0.082236),0.853012 (0.770400 + 0.082612),0.871711 (0.789300 + 0.082411),0.848514 (0.765900 + 0.082614),0.874786 (0.792000 + 0.082786),0.871177 (0.788400 + 0.082777),0.869418 (0.786600 + 0.082818),0.870170 (0.787500 + 0.082670),0.847445 (0.765000 + 0.082445),0.853898 (0.771300 + 0.082598),0.851214 (0.768600 + 0.082614),0.871274 (0.788400 + 0.082874),0.862225 (0.779400 + 0.082825),0.837170 (0.755100 + 0.082070),0.858511 (0.775800 + 0.082711),0.859400 (0.776700 + 0.082700),0.863071 (0.780300 + 0.082771),0.868354 (0.785700 + 0.082654),0.849475 (0.766800 + 0.082675),0.869222 (0.786600 + 0.082622),0.851025 (0.768600 + 0.082425),0.861121 (0.778500 + 0.082621),0.859310 (0.776700 + 0.082610),0.856690 (0.774000 + 0.082690),0.842433 (0.759600 + 0.082833),0.868141 (0.785700 + 0.082441),0.871376 (0.788400 + 0.082976),0.861166 (0.778500 + 0.082666),0.851745 (0.769500 + 0.082245),0.861484 (0.778500 + 0.082984),0.867286 (0.784800 + 0.082486),0.873763 (0.791100 + 0.082663),0.857212 (0.774900 + 0.082312),0.863657 (0.781200 + 0.082457),0.852739 (0.770400 + 0.082339),0.860260 (0.777600 + 0.082660),0.860019 (0.777600 + 0.082419),0.861815 (0.779400 + 0.082415),0.860253 (0.777600 + 0.082653),0.865062 (0.782100 + 0.082962)
43,0.878526 (0.795600 + 0.082926),0.864800 (0.782100 + 0.082700),0.858976 (0.776700 + 0.082276),0.866665 (0.783900 + 0.082765),0.866281 (0.783900 + 0.082381),0.871274 (0.788400 + 0.082874),0.865062 (0.782100 + 0.082962),0.841744 (0.759600 + 0.082144),0.864794 (0.782100 + 0.082693),0.874634 (0.792000 + 0.082634),0.865519 (0.783000 + 0.082519),0.854669 (0.772200 + 0.082469),0.864897 (0.782100 + 0.082797),0.863669 (0.781200 + 0.082469),0.859029 (0.776700 + 0.082329),0.863766 (0.781200 + 0.082566),0.868019 (0.785700 + 0.082319),0.865492 (0.783000 + 0.082492),0.859463 (0.776700 + 0.082763),0.868419 (0.785700 + 0.082719),0.868640 (0.785700 + 0.082940),0.867356 (0.784800 + 0.082556),0.861080 (0.778500 + 0.082580),0.863112 (0.780300 + 0.082812),0.868465 (0.786600 + 0.081865),0.860400 (0.777600 + 0.082800),0.858932 (0.776700 + 0.082232),0.862105 (0.779400 + 0.082705),0.868608 (0.785700 + 0.082908),0.863921 (0.781200 + 0.082722),0.869108 (0.786600 + 0.082508),0.868078 (0.785700 + 0.082378),0.863921 (0.781200 + 0.082721),0.861413 (0.778500 + 0.082913),0.851132 (0.768600 + 0.082532),0.862719 (0.780300 + 0.082419),0.871360 (0.788400 + 0.082960),0.867923 (0.784800 + 0.083123),0.853374 (0.770400 + 0.082974),0.851075 (0.768600 + 0.082475),0.855516 (0.773100 + 0.082416),0.865837 (0.783000 + 0.082837),0.871083 (0.788400 + 0.082683),0.865738 (0.783000 + 0.082738),0.847180 (0.765000 + 0.082180),0.861181 (0.778500 + 0.082681),0.863122 (0.780300 + 0.082822),0.867474 (0.784800 + 0.082674),0.860055 (0.777600 + 0.082455),0.857954 (0.774900 + 0.083054),0.871791 (0.789300 + 0.082491),0.872346 (0.790200 + 0.082146),0.858894 (0.776700 + 0.082195),0.865352 (0.783000 + 0.082352),0.870491 (0.787500 + 0.082991),0.863353 (0.780300 + 0.083053),0.863353 (0.780300 + 0.083053),0.845725 (0.763200 + 0.082525),0.851220 (0.768600 + 0.082620),0.867887 (0.785700 + 0.082187),0.852837 (0.770400 + 0.082437),0.869452 (0.786600 + 0.082852),0.860410 (0.777600 + 0.082810),0.850833 (0.768600 + 0.082233),0.867999 (0.785700 + 0.082299),0.852156 (0.769500 + 0.082656),0.861891 (0.779400 + 0.082491),0.867692 (0.784800 + 0.082893),0.865090 (0.782100 + 0.082990),0.873033 (0.790200 + 0.082833),0.864912 (0.782100 + 0.082812),0.862601 (0.780300 + 0.082301),0.860492 (0.777600 + 0.082892),0.872140 (0.789300 + 0.082840),0.850751 (0.768600 + 0.082151),0.855916 (0.773100 + 0.082816),0.863917 (0.781200 + 0.082718),0.848265 (0.765900 + 0.082365),0.864634 (0.782100 + 0.082534),0.867698 (0.784800 + 0.082898)
44,0.878526 (0.795600 + 0.082926),0.872721 (0.790200 + 0.082521),0.861750 (0.779400 + 0.082350),0.857347 (0.774900 + 0.082447),0.869327 (0.786600 + 0.082727),0.860940 (0.778500 + 0.082440),0.858179 (0.775800 + 0.082379),0.856918 (0.774900 + 0.082018),0.857236 (0.774900 + 0.082336),0.853420 (0.771300 + 0.082120),0.853324 (0.771300 + 0.082024),0.862316 (0.779400 + 0.082916),0.870390 (0.787500 + 0.082890),0.857907 (0.775800 + 0.082107),0.855978 (0.774000 + 0.081978),0.864814 (0.782100 + 0.082714),0.861879 (0.779400 + 0.082479),0.857821 (0.774900 + 0.082921),0.867521 (0.784800 + 0.082721),0.868608 (0.785700 + 0.082908),0.861080 (0.778500 + 0.082580),0.861420 (0.778500 + 0.082920),0.863355 (0.780300 + 0.083055),0.861095 (0.778500 + 0.082595),0.855775 (0.773100 + 0.082675),0.863498 (0.781200 + 0.082298),0.859506 (0.776700 + 0.082806),0.862391 (0.779400 + 0.082991),0.865667 (0.783000 + 0.082667),0.866963 (0.784800 + 0.082163),0.863518 (0.781200 + 0.082318),0.854559 (0.771300 + 0.083260),0.846115 (0.764100 + 0.082015),0.861044 (0.778500 + 0.082544),0.867994 (0.785700 + 0.082294),0.859947 (0.777600 + 0.082347),0.858436 (0.775800 + 0.082636),0.873385 (0.791100 + 0.082285),0.866608 (0.783900 + 0.082708),0.864364 (0.781200 + 0.083164),0.860156 (0.777600 + 0.082556),0.857065 (0.774900 + 0.082165),0.872848 (0.790200 + 0.082648),0.853879 (0.771300 + 0.082579),0.866338 (0.783900 + 0.082438),0.868581 (0.785700 + 0.082881),0.858158 (0.775800 + 0.082358),0.853785 (0.771300 + 0.082485),0.857662 (0.774900 + 0.082762),0.859597 (0.776700 + 0.082897),0.866477 (0.783900 + 0.082577),0.855752 (0.773100 + 0.082652),0.859470 (0.776700 + 0.082770),0.862057 (0.779400 + 0.082657),0.863518 (0.781200 + 0.082318),0.865732 (0.783000 + 0.082732),0.846295 (0.764100 + 0.082195),0.859020 (0.776700 + 0.082320),0.853981 (0.771300 + 0.082681),0.852617 (0.769500 + 0.083117),0.863968 (0.781200 + 0.082768),0.872695 (0.790200 + 0.082495),0.861645 (0.779400 + 0.082245),0.861554 (0.778500 + 0.083054),0.872068 (0.789300 + 0.082768),0.858593 (0.776700 + 0.081893),0.859045 (0.776700 + 0.082345),0.865868 (0.783000 + 0.082868),0.863162 (0.780300 + 0.082862),0.872678 (0.790200 + 0.082478),0.869588 (0.786600 + 0.082988),0.866676 (0.783900 + 0.082776),0.865247 (0.783000 + 0.082248),0.865090 (0.782100 + 0.082990),0.859463 (0.776700 + 0.082763),0.853100 (0.770400 + 0.082700),0.867923 (0.784800 + 0.083123),0.864507 (0.782100 + 0.082407),0.869563 (0.786600 + 0.082963),0.860597 (0.777600 + 0.082997)
45,0.878526 (0.795600 + 0.082926),0.859743 (0.776700 + 0.083043),0.867227 (0.784800 + 0.082428),0.849129 (0.766800 + 0.082329),0.848479 (0.765900 + 0.082579),0.857391 (0.774900 + 0.082491),0.861644 (0.778500 + 0.083144),0.857935 (0.774900 + 0.083035),0.863518 (0.781200 + 0.082318),0.862728 (0.780300 + 0.082428),0.863605 (0.781200 + 0.082406),0.861637 (0.779400 + 0.082237),0.862517 (0.780300 + 0.082217),0.878526 (0.795600 + 0.082926),0.848218 (0.765900 + 0.082318),0.843787 (0.761400 + 0.082387),0.859473 (0.776700 + 0.082773),0.868475 (0.785700 + 0.082775),0.861883 (0.779400 + 0.082483),0.865977 (0.783000 + 0.082977),0.854367 (0.772200 + 0.082167),0.863639 (0.781200 + 0.082439),0.860352 (0.777600 + 0.082752),0.867994 (0.785700 + 0.082294),0.866477 (0.783900 + 0.082577),0.872695 (0.790200 + 0.082495),0.878526 (0.795600 + 0.082926),0.860442 (0.777600 + 0.082842),0.855371 (0.773100 + 0.082271),0.864269 (0.782100 + 0.082169),0.857163 (0.774900 + 0.082263),0.863431 (0.781200 + 0.082231),0.867689 (0.784800 + 0.082889),0.853738 (0.771300 + 0.082438),0.850822 (0.768600 + 0.082222),0.864102 (0.781200 + 0.082902),0.873856 (0.791100 + 0.082756),0.855210 (0.773100 + 0.082110),0.849486 (0.766800 + 0.082687),0.860480 (0.777600 + 0.082880),0.864037 (0.781200 + 0.082837),0.866963 (0.784800 + 0.082163),0.855775 (0.773100 + 0.082675),0.864635 (0.782100 + 0.082535),0.867258 (0.784800 + 0.082458),0.859470 (0.776700 + 0.082770),0.862301 (0.779400 + 0.082901),0.859956 (0.777600 + 0.082356),0.866477 (0.783900 + 0.082577),0.869934 (0.787500 + 0.082434),0.864771 (0.782100 + 0.082671),0.860890 (0.778500 + 0.082390),0.857751 (0.774900 + 0.082851),0.865532 (0.783000 + 0.082532),0.858932 (0.776700 + 0.082232),0.861877 (0.779400 + 0.082477),0.856316 (0.774000 + 0.082316),0.855681 (0.773100 + 0.082581),0.863808 (0.781200 + 0.082608),0.861944 (0.779400 + 0.082544),0.867040 (0.784800 + 0.082240),0.844873 (0.763200 + 0.081673),0.859216 (0.776700 + 0.082516),0.852994 (0.770400 + 0.082594),0.864602 (0.782100 + 0.082502),0.866853 (0.783900 + 0.082953),0.850762 (0.768600 + 0.082162),0.856472 (0.774000 + 0.082472),0.869845 (0.787500 + 0.082345),0.870509 (0.787500 + 0.083009),0.867836 (0.784800 + 0.083036),0.849793 (0.766800 + 0.082993),0.854918 (0.772200 + 0.082718),0.858538 (0.775800 + 0.082738),0.866477 (0.783900 + 0.082577),0.865701 (0.783000 + 0.082701),0.848398 (0.765900 + 0.082498),0.850805 (0.768600 + 0.082205),0.872695 (0.790200 + 0.082495),0.862633 (0.780300 + 0.082333)
46,0.878526 (0.795600 + 0.082926),0.870907 (0.788400 + 0.082507),0.869911 (0.787500 + 0.082411),0.860830 (0.778500 + 0.082330),0.855982 (0.773100 + 0.082882),0.854763 (0.772200 + 0.082563),0.860289 (0.778500 + 0.081789),0.854137 (0.771300 + 0.082837),0.872217 (0.789300 + 0.082917),0.859076 (0.776700 + 0.082376),0.856002 (0.773100 + 0.082902),0.867676 (0.784800 + 0.082876),0.871760 (0.789300 + 0.082460),0.861566 (0.779400 + 0.082166),0.865828 (0.783000 + 0.082828),0.863167 (0.780300 + 0.082867),0.854636 (0.772200 + 0.082436),0.865005 (0.782100 + 0.082905),0.858001 (0.775800 + 0.082201),0.854781 (0.772200 + 0.082581),0.866622 (0.783900 + 0.082722),0.870138 (0.787500 + 0.082638),0.866611 (0.783900 + 0.082711),0.857183 (0.774900 + 0.082283),0.861687 (0.779400 + 0.082287),0.851008 (0.768600 + 0.082408),0.873827 (0.791100 + 0.082727),0.857350 (0.774900 + 0.082450),0.862570 (0.780300 + 0.082270),0.860237 (0.777600 + 0.082637),0.861870 (0.779400 + 0.082470),0.859922 (0.777600 + 0.082322),0.864129 (0.781200 + 0.082929),0.864440 (0.782100 + 0.082340),0.857929 (0.775800 + 0.082129),0.858305 (0.775800 + 0.082505),0.869460 (0.786600 + 0.082860),0.871043 (0.788400 + 0.082643),0.860128 (0.777600 + 0.082528),0.868630 (0.785700 + 0.082930),0.854499 (0.772200 + 0.082299),0.867689 (0.784800 + 0.082889),0.867689 (0.784800 + 0.082889),0.867176 (0.784800 + 0.082376),0.858297 (0.775800 + 0.082497),0.868947 (0.786600 + 0.082347),0.858502 (0.775800 + 0.082702),0.849791 (0.767700 + 0.082092),0.850434 (0.767700 + 0.082734),0.878526 (0.795600 + 0.082926),0.861877 (0.779400 + 0.082477),0.865573 (0.783000 + 0.082573),0.872971 (0.790200 + 0.082771),0.849959 (0.767700 + 0.082259),0.856474 (0.774000 + 0.082474),0.850389 (0.767700 + 0.082689),0.875609 (0.792900 + 0.082709),0.860309 (0.777600 + 0.082709),0.867887 (0.785700 + 0.082187),0.856740 (0.774000 + 0.082740),0.851718 (0.769500 + 0.082218),0.869613 (0.787500 + 0.082113),0.867507 (0.784800 + 0.082707),0.859592 (0.776700 + 0.082892),0.865469 (0.783000 + 0.082469),0.867078 (0.783900 + 0.083178),0.865019 (0.782100 + 0.082919),0.851623 (0.769500 + 0.082123),0.860723 (0.777600 + 0.083124),0.863892 (0.781200 + 0.082693),0.848027 (0.765900 + 0.082127),0.861988 (0.779400 + 0.082588),0.857548 (0.774900 + 0.082648),0.867365 (0.784800 + 0.082565),0.865619 (0.783000 + 0.082619),0.849998 (0.767700 + 0.082298),0.871166 (0.788400 + 0.082766),0.857261 (0.774900 + 0.082361),0.865977 (0.783000 + 0.082977),0.867258 (0.784800 + 0.082458)
47,0.878526 (0.795600 + 0.082926),0.856663 (0.774000 + 0.082663),0.852988 (0.770400 + 0.082588),0.864074 (0.781200 + 0.082874),0.866611 (0.783900 + 0.082711),0.862707 (0.780300 + 0.082407),0.870911 (0.788400 + 0.082511),0.860683 (0.778500 + 0.082183),0.855435 (0.773100 + 0.082335),0.861771 (0.779400 + 0.082371),0.875609 (0.792900 + 0.082709),0.855148 (0.773100 + 0.082048),0.846674 (0.764100 + 0.082574),0.864618 (0.782100 + 0.082518),0.859076 (0.776700 + 0.082376),0.864350 (0.781200 + 0.083150),0.863525 (0.781200 + 0.082325),0.865020 (0.782100 + 0.082920),0.875759 (0.792900 + 0.082859),0.850722 (0.767700 + 0.083022),0.860871 (0.778500 + 0.082371),0.859806 (0.777600 + 0.082206),0.863667 (0.781200 + 0.082467),0.867600 (0.784800 + 0.082800),0.869217 (0.786600 + 0.082617),0.871045 (0.788400 + 0.082645),0.857739 (0.775800 + 0.081939),0.867639 (0.784800 + 0.082839),0.864607 (0.782100 + 0.082507),0.870953 (0.788400 + 0.082553),0.857533 (0.774900 + 0.082633),0.855535 (0.773100 + 0.082435),0.863463 (0.781200 + 0.082263),0.859731 (0.776700 + 0.083031),0.871122 (0.788400 + 0.082722),0.862054 (0.779400 + 0.082654),0.864051 (0.781200 + 0.082851),0.873141 (0.790200 + 0.082941),0.863900 (0.781200 + 0.082700),0.861808 (0.779400 + 0.082408),0.848966 (0.766800 + 0.082166),0.869911 (0.787500 + 0.082411),0.865019 (0.782100 + 0.082919),0.873827 (0.791100 + 0.082727),0.872217 (0.789300 + 0.082917),0.857403 (0.774900 + 0.082503),0.857184 (0.774000 + 0.083184),0.866808 (0.783900 + 0.082908),0.864820 (0.782100 + 0.082720),0.862826 (0.780300 + 0.082526),0.856381 (0.774000 + 0.082382),0.857432 (0.774900 + 0.082532),0.866124 (0.783000 + 0.083124),0.864955 (0.783000 + 0.081955),0.854115 (0.772200 + 0.081915),0.865657 (0.783000 + 0.082657),0.864637 (0.782100 + 0.082537),0.853330 (0.770400 + 0.082930),0.861168 (0.778500 + 0.082668),0.852985 (0.770400 + 0.082585),0.878460 (0.795600 + 0.082860),0.855154 (0.772200 + 0.082954),0.862031 (0.779400 + 0.082631),0.868532 (0.785700 + 0.082832),0.871413 (0.788400 + 0.083013),0.866871 (0.783900 + 0.082971),0.851974 (0.769500 + 0.082474),0.853092 (0.770400 + 0.082692),0.861979 (0.779400 + 0.082579),0.863046 (0.780300 + 0.082746),0.863789 (0.781200 + 0.082589),0.878526 (0.795600 + 0.082926),0.854788 (0.772200 + 0.082588),0.849671 (0.766800 + 0.082871),0.854473 (0.772200 + 0.082273),0.856843 (0.774000 + 0.082843),0.861055 (0.778500 + 0.082555),0.856602 (0.774000 + 0.082602),0.869085 (0.786600 + 0.082485),0.856436 (0.774000 + 0.082436)
48,0.878526 (0.795600 + 0.082926),0.860293 (0.777600 + 0.082693),0.868683 (0.785700 + 0.082983),0.855517 (0.773100 + 0.082417),0.849414 (0.766800 + 0.082614),0.848512 (0.765900 + 0.082612),0.854050 (0.771300 + 0.082750),0.862661 (0.780300 + 0.082361),0.861630 (0.779400 + 0.082230),0.868354 (0.785700 + 0.082654),0.862739 (0.780300 + 0.082439),0.862054 (0.779400 + 0.082654),0.872217 (0.789300 + 0.082917),0.863510 (0.781200 + 0.082310),0.872874 (0.790200 + 0.082674),0.861832 (0.779400 + 0.082432),0.863192 (0.780300 + 0.082892),0.853913 (0.772200 + 0.081713),0.855641 (0.773100 + 0.082541),0.857037 (0.774900 + 0.082137),0.860607 (0.777600 + 0.083007),0.863062 (0.780300 + 0.082762),0.875746 (0.792900 + 0.082847),0.865866 (0.783000 + 0.082866),0.867206 (0.784800 + 0.082406),0.855679 (0.773100 + 0.082579),0.871639 (0.789300 + 0.082339),0.856569 (0.774000 + 0.082569),0.865626 (0.783000 + 0.082626),0.868508 (0.785700 + 0.082808),0.862905 (0.780300 + 0.082605),0.878526 (0.795600 + 0.082926),0.858500 (0.775800 + 0.082700),0.872465 (0.789300 + 0.083165),0.870379 (0.787500 + 0.082879),0.871434 (0.788400 + 0.083034),0.865696 (0.783000 + 0.082696),0.868196 (0.785700 + 0.082496),0.838327 (0.756000 + 0.082327),0.858583 (0.775800 + 0.082783),0.856713 (0.774000 + 0.082713),0.859997 (0.777600 + 0.082397),0.848006 (0.765000 + 0.083006),0.864618 (0.782100 + 0.082518),0.860683 (0.778500 + 0.082183),0.851442 (0.768600 + 0.082842),0.860877 (0.778500 + 0.082377),0.855157 (0.772200 + 0.082957),0.862498 (0.780300 + 0.082198),0.854547 (0.772200 + 0.082347),0.867504 (0.784800 + 0.082704),0.873827 (0.791100 + 0.082727),0.869085 (0.786600 + 0.082485),0.857666 (0.774900 + 0.082766),0.871523 (0.788400 + 0.083123),0.855470 (0.772200 + 0.083270),0.861463 (0.779400 + 0.082063),0.869911 (0.787500 + 0.082411),0.856436 (0.774000 + 0.082436),0.869999 (0.787500 + 0.082499),0.867889 (0.784800 + 0.083089),0.869229 (0.786600 + 0.082629),0.858743 (0.775800 + 0.082943),0.864261 (0.782100 + 0.082161),0.861950 (0.779400 + 0.082550),0.861403 (0.778500 + 0.082903),0.873848 (0.791100 + 0.082748),0.858752 (0.776700 + 0.082052),0.866558 (0.783900 + 0.082658),0.859806 (0.777600 + 0.082206),0.856843 (0.774000 + 0.082843),0.872696 (0.790200 + 0.082496),0.851371 (0.768600 + 0.082771),0.863826 (0.781200 + 0.082626),0.857419 (0.774900 + 0.082519),0.866832 (0.783900 + 0.082932),0.853869 (0.771300 + 0.082569),0.871183 (0.788400 + 0.082783),0.867935 (0.785700 + 0.082235),0.864657 (0.782100 + 0.082557)
49,0.878526 (0.795600 + 0.082926),0.860756 (0.778500 + 0.082256),0.864180 (0.782100 + 0.082080),0.844272 (0.761400 + 0.082872),0.879210 (0.796500 + 0.082710),0.853612 (0.771300 + 0.082312),0.867374 (0.784800 + 0.082574),0.872696 (0.790200 + 0.082496),0.868683 (0.785700 + 0.082983),0.856579 (0.774000 + 0.082579),0.865419 (0.783000 + 0.082419),0.854824 (0.772200 + 0.082624),0.872789 (0.790200 + 0.082589),0.866733 (0.783900 + 0.082833),0.877580 (0.794700 + 0.082880),0.861832 (0.779400 + 0.082432),0.863192 (0.780300 + 0.082892),0.864760 (0.782100 + 0.082660),0.861776 (0.779400 + 0.082376),0.865616 (0.783000 + 0.082616),0.851781 (0.769500 + 0.082281),0.856038 (0.774000 + 0.082038),0.866937 (0.783900 + 0.083037),0.857184 (0.774900 + 0.082284),0.861541 (0.778500 + 0.083041),0.867694 (0.784800 + 0.082894),0.866350 (0.783900 + 0.082450),0.862282 (0.779400 + 0.082882),0.856120 (0.774000 + 0.082120),0.860000 (0.777600 + 0.082400),0.870362 (0.787500 + 0.082862),0.852196 (0.769500 + 0.082696),0.862222 (0.779400 + 0.082822),0.871595 (0.789300 + 0.082295),0.874829 (0.792000 + 0.082829),0.859253 (0.776700 + 0.082553),0.861336 (0.778500 + 0.082836),0.864034 (0.781200 + 0.082834),0.868127 (0.785700 + 0.082427),0.855448 (0.773100 + 0.082348),0.869480 (0.786600 + 0.082880),0.851217 (0.768600 + 0.082617),0.871033 (0.788400 + 0.082633),0.867141 (0.784800 + 0.082341),0.856301 (0.774000 + 0.082301),0.856726 (0.774000 + 0.082726),0.871207 (0.788400 + 0.082807),0.846608 (0.764100 + 0.082508),0.860470 (0.777600 + 0.082871),0.878526 (0.795600 + 0.082926),0.862498 (0.780300 + 0.082198),0.864935 (0.782100 + 0.082835),0.864792 (0.782100 + 0.082692),0.873848 (0.791100 + 0.082748),0.872696 (0.790200 + 0.082496),0.857526 (0.774900 + 0.082626),0.864587 (0.782100 + 0.082487),0.859960 (0.777600 + 0.082360),0.862870 (0.780300 + 0.082570),0.860052 (0.777600 + 0.082452),0.843038 (0.760500 + 0.082538),0.851235 (0.768600 + 0.082635),0.855610 (0.773100 + 0.082510),0.854582 (0.772200 + 0.082382),0.861772 (0.779400 + 0.082372),0.864958 (0.782100 + 0.082858),0.863023 (0.780300 + 0.082723),0.868217 (0.785700 + 0.082517),0.855952 (0.773100 + 0.082852),0.850290 (0.767700 + 0.082590),0.857857 (0.775800 + 0.082057),0.878526 (0.795600 + 0.082926),0.856713 (0.774000 + 0.082713),0.861743 (0.779400 + 0.082343),0.860401 (0.777600 + 0.082801),0.858260 (0.775800 + 0.082460),0.857193 (0.774900 + 0.082293),0.867297 (0.784800 + 0.082498),0.847198 (0.765000 + 0.082198),0.862894 (0.780300 + 0.082594)
50,0.879210 (0.796500 + 0.082710),0.851164 (0.768600 + 0.082564),0.865419 (0.783000 + 0.082419),0.870190 (0.787500 + 0.082690),0.860406 (0.777600 + 0.082806),0.856348 (0.774000 + 0.082348),0.850998 (0.768600 + 0.082398),0.878526 (0.795600 + 0.082926),0.878526 (0.795600 + 0.082926),0.850536 (0.767700 + 0.082836),0.862666 (0.780300 + 0.082366),0.873703 (0.791100 + 0.082603),0.852941 (0.770400 + 0.082541),0.873848 (0.791100 + 0.082748),0.857163 (0.774900 + 0.082263),0.853829 (0.771300 + 0.082529),0.867526 (0.784800 + 0.082726),0.869898 (0.787500 + 0.082398),0.872562 (0.790200 + 0.082362),0.877088 (0.794700 + 0.082388),0.850262 (0.767700 + 0.082562),0.860364 (0.777600 + 0.082764),0.867253 (0.784800 + 0.082453),0.867718 (0.784800 + 0.082918),0.867273 (0.784800 + 0.082473),0.855484 (0.773100 + 0.082384),0.851600 (0.769500 + 0.082100),0.878526 (0.795600 + 0.082926),0.868127 (0.785700 + 0.082427),0.862917 (0.780300 + 0.082617),0.858334 (0.775800 + 0.082534),0.869250 (0.786600 + 0.082650),0.856792 (0.774000 + 0.082792),0.851071 (0.768600 + 0.082471),0.862750 (0.780300 + 0.082450),0.862245 (0.779400 + 0.082845),0.864791 (0.782100 + 0.082691),0.863915 (0.781200 + 0.082715),0.859827 (0.777600 + 0.082227),0.872789 (0.790200 + 0.082589),0.878526 (0.795600 + 0.082926),0.862602 (0.780300 + 0.082302),0.861169 (0.778500 + 0.082669),0.861970 (0.779400 + 0.082570),0.862640 (0.780300 + 0.082340),0.875788 (0.792900 + 0.082888),0.862557 (0.780300 + 0.082257),0.860470 (0.777600 + 0.082871),0.852822 (0.770400 + 0.082422),0.871207 (0.788400 + 0.082807),0.864650 (0.782100 + 0.082550),0.875388 (0.792900 + 0.082488),0.852449 (0.770400 + 0.082049),0.853696 (0.771300 + 0.082396),0.859914 (0.777600 + 0.082314),0.851353 (0.768600 + 0.082753),0.861409 (0.778500 + 0.082909),0.861846 (0.779400 + 0.082446),0.860680 (0.777600 + 0.083080),0.854073 (0.771300 + 0.082773),0.868611 (0.785700 + 0.082911),0.869093 (0.786600 + 0.082493),0.883004 (0.800100 + 0.082904),0.858368 (0.775800 + 0.082568),0.856543 (0.774000 + 0.082543),0.868127 (0.785700 + 0.082427),0.868127 (0.785700 + 0.082427),0.871595 (0.789300 + 0.082295),0.857526 (0.774900 + 0.082626),0.875746 (0.792900 + 0.082847),0.860187 (0.777600 + 0.082587),0.855973 (0.773100 + 0.082873),0.860945 (0.778500 + 0.082445),0.859705 (0.777600 + 0.082105),0.855689 (0.773100 + 0.082589),0.873639 (0.791100 + 0.082539),0.862723 (0.780300 + 0.082423),0.865034 (0.782100 + 0.082934),0.860296 (0.777600 + 0.082696),0.872870 (0.790200 + 0.082670)
51,0.883004 (0.800100 + 0.082904),0.861761 (0.779400 + 0.082361),0.853000 (0.770400 + 0.082600),0.871207 (0.788400 + 0.082807),0.868127 (0.785700 + 0.082427),0.863354 (0.780300 + 0.083054),0.862417 (0.780300 + 0.082117),0.867398 (0.784800 + 0.082598),0.849369 (0.766800 + 0.082569),0.856046 (0.773100 + 0.082946),0.863990 (0.781200 + 0.082790),0.854907 (0.772200 + 0.082707),0.843651 (0.761400 + 0.082251),0.878526 (0.795600 + 0.082926),0.862666 (0.780300 + 0.082366),0.860033 (0.777600 + 0.082433),0.853258 (0.770400 + 0.082858),0.858337 (0.775800 + 0.082537),0.866294 (0.783900 + 0.082394),0.864243 (0.781200 + 0.083043),0.855171 (0.772200 + 0.082971),0.852798 (0.770400 + 0.082398),0.854585 (0.772200 + 0.082385),0.842774 (0.760500 + 0.082274),0.871619 (0.789300 + 0.082319),0.870107 (0.787500 + 0.082607),0.866635 (0.783900 + 0.082735),0.859351 (0.777600 + 0.081751),0.857495 (0.774900 + 0.082595),0.868104 (0.785700 + 0.082404),0.860201 (0.777600 + 0.082601),0.850256 (0.768600 + 0.081656),0.860964 (0.778500 + 0.082464),0.861489 (0.778500 + 0.082989),0.871248 (0.788400 + 0.082849),0.860296 (0.777600 + 0.082696),0.860296 (0.777600 + 0.082696),0.857808 (0.774900 + 0.082908),0.862602 (0.780300 + 0.082302),0.859679 (0.777600 + 0.082079),0.864805 (0.782100 + 0.082705),0.873703 (0.791100 + 0.082603),0.878526 (0.795600 + 0.082926),0.859443 (0.776700 + 0.082743),0.870860 (0.788400 + 0.082460),0.856477 (0.774000 + 0.082477),0.862058 (0.779400 + 0.082658),0.874752 (0.792000 + 0.082752),0.853047 (0.770400 + 0.082647),0.873703 (0.791100 + 0.082603),0.867526 (0.784800 + 0.082726),0.871944 (0.789300 + 0.082644),0.857716 (0.774900 + 0.082816),0.868972 (0.786600 + 0.082372),0.869250 (0.786600 + 0.082650),0.863795 (0.781200 + 0.082595),0.868250 (0.785700 + 0.082550),0.858285 (0.775800 + 0.082485),0.864320 (0.782100 + 0.082220),0.873845 (0.791100 + 0.082745),0.872932 (0.790200 + 0.082732),0.851114 (0.768600 + 0.082514),0.883793 (0.801000 + 0.082793),0.874396 (0.792000 + 0.082396),0.859447 (0.776700 + 0.082747),0.866773 (0.783900 + 0.082873),0.875761 (0.792900 + 0.082861),0.872274 (0.789300 + 0.082974),0.869803 (0.787500 + 0.082303),0.842936 (0.760500 + 0.082436),0.855098 (0.772200 + 0.082898),0.855123 (0.772200 + 0.082923),0.871098 (0.788400 + 0.082698),0.883004 (0.800100 + 0.082904),0.860680 (0.777600 + 0.083080),0.855989 (0.773100 + 0.082889),0.863330 (0.780300 + 0.083030),0.865093 (0.782100 + 0.082993),0.866007 (0.783900 + 0.082107),0.852143 (0.769500 + 0.082643)
52,0.883793 (0.801000 + 0.082793),0.868127 (0.785700 + 0.082427),0.868127 (0.785700 + 0.082427),0.860905 (0.778500 + 0.082405),0.861553 (0.779400 + 0.082153),0.863625 (0.781200 + 0.082425),0.858498 (0.775800 + 0.082698),0.858042 (0.774900 + 0.083142),0.859930 (0.777600 + 0.082330),0.869070 (0.786600 + 0.082470),0.860585 (0.777600 + 0.082985),0.871660 (0.789300 + 0.082360),0.857988 (0.775800 + 0.082188),0.850568 (0.767700 + 0.082868),0.860658 (0.777600 + 0.083058),0.873703 (0.791100 + 0.082603),0.873703 (0.791100 + 0.082603),0.861945 (0.779400 + 0.082545),0.861304 (0.778500 + 0.082805),0.862344 (0.779400 + 0.082944),0.860673 (0.778500 + 0.082173),0.865837 (0.783000 + 0.082837),0.862317 (0.780300 + 0.082017),0.866132 (0.783900 + 0.082232),0.859378 (0.776700 + 0.082678),0.868354 (0.785700 + 0.082654),0.867795 (0.784800 + 0.082995),0.859057 (0.776700 + 0.082357),0.864656 (0.782100 + 0.082556),0.865585 (0.783000 + 0.082585),0.852237 (0.769500 + 0.082737),0.863487 (0.781200 + 0.082287),0.869214 (0.786600 + 0.082614),0.840120 (0.757800 + 0.082320),0.868132 (0.785700 + 0.082432),0.854489 (0.771300 + 0.083189),0.872274 (0.789300 + 0.082974),0.862797 (0.780300 + 0.082497),0.855859 (0.773100 + 0.082759),0.848406 (0.765900 + 0.082506),0.862430 (0.779400 + 0.083030),0.861219 (0.778500 + 0.082719),0.884181 (0.801900 + 0.082281),0.880231 (0.797400 + 0.082831),0.857641 (0.774900 + 0.082741),0.865927 (0.783000 + 0.082927),0.861404 (0.778500 + 0.082904),0.861917 (0.779400 + 0.082517),0.855104 (0.773100 + 0.082004),0.859514 (0.776700 + 0.082814),0.862073 (0.779400 + 0.082673),0.860147 (0.777600 + 0.082547),0.860216 (0.777600 + 0.082616),0.855830 (0.773100 + 0.082730),0.864842 (0.782100 + 0.082742),0.841375 (0.759600 + 0.081775),0.861388 (0.778500 + 0.082888),0.858521 (0.775800 + 0.082721),0.857400 (0.774900 + 0.082500),0.874526 (0.792000 + 0.082526),0.874937 (0.792000 + 0.082937),0.860043 (0.777600 + 0.082443),0.869551 (0.786600 + 0.082951),0.862627 (0.780300 + 0.082327),0.870221 (0.787500 + 0.082721),0.859749 (0.776700 + 0.083049),0.853271 (0.770400 + 0.082871),0.873126 (0.790200 + 0.082926),0.860327 (0.777600 + 0.082727),0.862899 (0.780300 + 0.082599),0.837300 (0.755100 + 0.082200),0.855636 (0.773100 + 0.082536),0.862717 (0.780300 + 0.082417),0.862894 (0.780300 + 0.082594),0.864679 (0.782100 + 0.082579),0.865584 (0.783000 + 0.082584),0.856648 (0.774000 + 0.082648),0.864981 (0.782100 + 0.082881),0.862224 (0.779400 + 0.082824),0.864867 (0.782100 + 0.082767)
53,0.884181 (0.801900 + 0.082281),0.868487 (0.785700 + 0.082787),0.854358 (0.771300 + 0.083058),0.861459 (0.778500 + 0.082959),0.864445 (0.782100 + 0.082345),0.868784 (0.786600 + 0.082184),0.866370 (0.783900 + 0.082470),0.867248 (0.784800 + 0.082448),0.862169 (0.779400 + 0.082769),0.873703 (0.791100 + 0.082603),0.862073 (0.779400 + 0.082673),0.867987 (0.785700 + 0.082287),0.883226 (0.801000 + 0.082226),0.860006 (0.777600 + 0.082406),0.846625 (0.764100 + 0.082525),0.849501 (0.766800 + 0.082701),0.862652 (0.780300 + 0.082352),0.856300 (0.774000 + 0.082300),0.873962 (0.791100 + 0.082862),0.855432 (0.773100 + 0.082332),0.870780 (0.788400 + 0.082380),0.868127 (0.785700 + 0.082427),0.852396 (0.769500 + 0.082896),0.866542 (0.783900 + 0.082642),0.868400 (0.785700 + 0.082700),0.862968 (0.780300 + 0.082668),0.861590 (0.779400 + 0.082190),0.866487 (0.783900 + 0.082587),0.845084 (0.762300 + 0.082784),0.868327 (0.785700 + 0.082627),0.837285 (0.754200 + 0.083085),0.861267 (0.778500 + 0.082767),0.856143 (0.773100 + 0.083043),0.872182 (0.789300 + 0.082882),0.857736 (0.774900 + 0.082836),0.861658 (0.779400 + 0.082258),0.871455 (0.788400 + 0.083055),0.869433 (0.786600 + 0.082833),0.859339 (0.776700 + 0.082639),0.856738 (0.774900 + 0.081839),0.839862 (0.757800 + 0.082062),0.852880 (0.770400 + 0.082480),0.861853 (0.779400 + 0.082453),0.867795 (0.784800 + 0.082995),0.856886 (0.774900 + 0.081986),0.859495 (0.776700 + 0.082795),0.865690 (0.783000 + 0.082690),0.859892 (0.777600 + 0.082293),0.862893 (0.780300 + 0.082593),0.857190 (0.774900 + 0.082290),0.853202 (0.770400 + 0.082802),0.869198 (0.786600 + 0.082598),0.870186 (0.787500 + 0.082686),0.859061 (0.777600 + 0.081461),0.862832 (0.780300 + 0.082532),0.870334 (0.787500 + 0.082834),0.856719 (0.774000 + 0.082719),0.861307 (0.778500 + 0.082807),0.851948 (0.769500 + 0.082448),0.876219 (0.793800 + 0.082419),0.865951 (0.783000 + 0.082951),0.859971 (0.777600 + 0.082371),0.868988 (0.786600 + 0.082388),0.854366 (0.772200 + 0.082166),0.865263 (0.783000 + 0.082263),0.867718 (0.785700 + 0.082017),0.846461 (0.765000 + 0.081462),0.871200 (0.788400 + 0.082800),0.872034 (0.789300 + 0.082734),0.874675 (0.792000 + 0.082675),0.862869 (0.780300 + 0.082570),0.853933 (0.771300 + 0.082633),0.853674 (0.771300 + 0.082374),0.864332 (0.781200 + 0.083132),0.856258 (0.774000 + 0.082258),0.859272 (0.776700 + 0.082572),0.862053 (0.779400 + 0.082653),0.859831 (0.777600 + 0.082231),0.855492 (0.773100 + 0.082392),0.871919 (0.789300 + 0.082619)
54,0.884181 (0.801900 + 0.082281),0.858952 (0.776700 + 0.082252),0.865677 (0.783000 + 0.082677),0.862969 (0.780300 + 0.082669),0.860891 (0.778500 + 0.082391),0.863655 (0.781200 + 0.082455),0.862464 (0.780300 + 0.082164),0.864165 (0.781200 + 0.082965),0.856103 (0.774000 + 0.082103),0.858585 (0.775800 + 0.082785),0.864773 (0.782100 + 0.082673),0.873703 (0.791100 + 0.082603),0.859339 (0.776700 + 0.082639),0.867007 (0.784800 + 0.082207),0.865813 (0.783000 + 0.082813),0.865050 (0.782100 + 0.082950),0.867494 (0.784800 + 0.082695),0.856552 (0.774000 + 0.082552),0.871226 (0.788400 + 0.082826),0.876219 (0.793800 + 0.082419),0.876219 (0.793800 + 0.082419),0.857800 (0.774900 + 0.082900),0.865537 (0.783000 + 0.082537),0.848712 (0.766800 + 0.081912),0.867248 (0.784800 + 0.082448),0.868787 (0.786600 + 0.082187),0.860054 (0.777600 + 0.082454),0.858909 (0.776700 + 0.082209),0.864023 (0.781200 + 0.082823),0.858293 (0.776700 + 0.081593),0.856018 (0.774000 + 0.082018),0.870850 (0.788400 + 0.082450),0.865974 (0.783000 + 0.082974),0.864080 (0.781200 + 0.082880),0.861789 (0.779400 + 0.082389),0.868792 (0.786600 + 0.082192),0.859363 (0.776700 + 0.082663),0.846841 (0.764100 + 0.082741),0.856467 (0.774000 + 0.082467),0.864669 (0.782100 + 0.082569),0.859064 (0.776700 + 0.082364),0.862146 (0.779400 + 0.082746),0.848314 (0.765900 + 0.082414),0.859282 (0.776700 + 0.082582),0.873051 (0.790200 + 0.082851),0.858128 (0.775800 + 0.082328),0.862159 (0.779400 + 0.082759),0.862900 (0.780300 + 0.082600),0.863631 (0.781200 + 0.082431),0.853908 (0.771300 + 0.082608),0.864572 (0.782100 + 0.082472),0.877971 (0.795600 + 0.082371),0.873163 (0.790200 + 0.082963),0.859498 (0.776700 + 0.082798),0.872166 (0.789300 + 0.082866),0.860231 (0.777600 + 0.082631),0.865108 (0.782100 + 0.083008),0.871200 (0.788400 + 0.082800),0.857190 (0.774900 + 0.082290),0.863177 (0.780300 + 0.082877),0.866226 (0.783900 + 0.082326),0.861693 (0.779400 + 0.082293),0.850366 (0.767700 + 0.082666),0.869090 (0.786600 + 0.082490),0.860084 (0.777600 + 0.082484),0.864566 (0.782100 + 0.082466),0.864075 (0.781200 + 0.082875),0.876711 (0.793800 + 0.082911),0.853501 (0.771300 + 0.082201),0.873433 (0.791100 + 0.082333),0.859847 (0.777600 + 0.082247),0.864232 (0.781200 + 0.083032),0.869618 (0.787500 + 0.082118),0.864664 (0.782100 + 0.082564),0.874025 (0.791100 + 0.082925),0.845328 (0.763200 + 0.082128),0.844552 (0.762300 + 0.082252),0.868263 (0.785700 + 0.082563),0.864642 (0.782100 + 0.082542),0.858519 (0.775800 + 0.082719)
55,0.884181 (0.801900 + 0.082281),0.870136 (0.787500 + 0.082636),0.850946 (0.768600 + 0.082346),0.861845 (0.779400 + 0.082445),0.863744 (0.781200 + 0.082544),0.866258 (0.783900 + 0.082358),0.861021 (0.778500 + 0.082521),0.862950 (0.780300 + 0.082650),0.862917 (0.780300 + 0.082617),0.866804 (0.783900 + 0.082904),0.852888 (0.770400 + 0.082488),0.858039 (0.775800 + 0.082239),0.858416 (0.775800 + 0.082616),0.867243 (0.783900 + 0.083343),0.861867 (0.779400 + 0.082467),0.866433 (0.783900 + 0.082533),0.870929 (0.788400 + 0.082529),0.861830 (0.779400 + 0.082430),0.864751 (0.782100 + 0.082651),0.860878 (0.778500 + 0.082378),0.871979 (0.789300 + 0.082679),0.857808 (0.775800 + 0.082008),0.864940 (0.782100 + 0.082840),0.872627 (0.790200 + 0.082427),0.868590 (0.785700 + 0.082890),0.858335 (0.775800 + 0.082535),0.866007 (0.783900 + 0.082107),0.863958 (0.781200 + 0.082758),0.859035 (0.776700 + 0.082335),0.861126 (0.778500 + 0.082626),0.873701 (0.791100 + 0.082601),0.876105 (0.793800 + 0.082305),0.868652 (0.785700 + 0.082952),0.868358 (0.785700 + 0.082658),0.870717 (0.788400 + 0.082317),0.854645 (0.772200 + 0.082445),0.862966 (0.780300 + 0.082666),0.854707 (0.772200 + 0.082507),0.863797 (0.781200 + 0.082598),0.865633 (0.783000 + 0.082633),0.873882 (0.791100 + 0.082783),0.867007 (0.784800 + 0.082207),0.865050 (0.782100 + 0.082950),0.860090 (0.777600 + 0.082490),0.869406 (0.786600 + 0.082806),0.876219 (0.793800 + 0.082419),0.874025 (0.791100 + 0.082925),0.854477 (0.771300 + 0.083177),0.867403 (0.784800 + 0.082603),0.871743 (0.789300 + 0.082443),0.867190 (0.784800 + 0.082390),0.862950 (0.780300 + 0.082650),0.867440 (0.784800 + 0.082640),0.861417 (0.778500 + 0.082917),0.875728 (0.792900 + 0.082828),0.856270 (0.774000 + 0.082270),0.863120 (0.780300 + 0.082820),0.877208 (0.794700 + 0.082508),0.858241 (0.775800 + 0.082441),0.859339 (0.776700 + 0.082639),0.864664 (0.782100 + 0.082564),0.870123 (0.787500 + 0.082623),0.860845 (0.778500 + 0.082345),0.857057 (0.774900 + 0.082157),0.867248 (0.784800 + 0.082448),0.870128 (0.787500 + 0.082628),0.858235 (0.775800 + 0.082435),0.858689 (0.775800 + 0.082889),0.865297 (0.783000 + 0.082297),0.864295 (0.782100 + 0.082195),0.860513 (0.777600 + 0.082913),0.862788 (0.780300 + 0.082488),0.867401 (0.784800 + 0.082601),0.869428 (0.786600 + 0.082828),0.861281 (0.778500 + 0.082781),0.867655 (0.784800 + 0.082855),0.849436 (0.767700 + 0.081736),0.851141 (0.768600 + 0.082541),0.863774 (0.781200 + 0.082574),0.861206 (0.778500 + 0.082706)
56,0.884181 (0.801900 + 0.082281),0.865928 (0.783900 + 0.082028),0.858196 (0.775800 + 0.082396),0.859046 (0.776700 + 0.082346),0.871905 (0.789300 + 0.082605),0.863531 (0.781200 + 0.082331),0.863554 (0.781200 + 0.082354),0.864667 (0.782100 + 0.082566),0.862360 (0.779400 + 0.082960),0.872515 (0.790200 + 0.082315),0.870166 (0.787500 + 0.082666),0.860788 (0.778500 + 0.082288),0.855969 (0.773100 + 0.082869),0.867384 (0.784800 + 0.082584),0.849655 (0.766800 + 0.082855),0.858996 (0.776700 + 0.082296),0.860066 (0.777600 + 0.082466),0.856416 (0.774000 + 0.082416),0.869218 (0.786600 + 0.082618),0.868463 (0.785700 + 0.082763),0.852929 (0.770400 + 0.082529),0.857606 (0.774900 + 0.082706),0.865938 (0.783000 + 0.082938),0.867524 (0.784800 + 0.082724),0.858359 (0.775800 + 0.082559),0.865275 (0.783000 + 0.082275),0.870841 (0.788400 + 0.082441),0.850052 (0.767700 + 0.082352),0.852024 (0.769500 + 0.082524),0.860164 (0.777600 + 0.082564),0.871887 (0.789300 + 0.082587),0.867922 (0.785700 + 0.082222),0.865633 (0.783000 + 0.082633),0.879311 (0.796500 + 0.082811),0.867057 (0.784800 + 0.082257),0.859973 (0.777600 + 0.082373),0.860247 (0.777600 + 0.082647),0.847984 (0.765900 + 0.082084),0.868159 (0.785700 + 0.082459),0.871775 (0.789300 + 0.082475),0.869895 (0.787500 + 0.082395),0.853940 (0.771300 + 0.082640),0.871765 (0.789300 + 0.082465),0.862817 (0.780300 + 0.082517),0.862471 (0.780300 + 0.082171),0.860835 (0.778500 + 0.082335),0.851346 (0.768600 + 0.082746),0.868822 (0.786600 + 0.082222),0.877872 (0.795600 + 0.082272),0.856701 (0.774000 + 0.082701),0.867360 (0.784800 + 0.082560),0.860152 (0.777600 + 0.082552),0.864650 (0.782100 + 0.082550),0.864971 (0.782100 + 0.082871),0.865861 (0.783000 + 0.082861),0.866512 (0.783900 + 0.082612),0.873591 (0.791100 + 0.082491),0.866672 (0.783900 + 0.082772),0.872614 (0.790200 + 0.082414),0.865765 (0.783000 + 0.082765),0.864815 (0.782100 + 0.082715),0.862958 (0.780300 + 0.082658),0.866384 (0.783900 + 0.082484),0.858502 (0.775800 + 0.082702),0.865297 (0.783000 + 0.082297),0.862973 (0.780300 + 0.082673),0.856374 (0.774000 + 0.082374),0.867348 (0.784800 + 0.082549),0.868443 (0.785700 + 0.082743),0.878104 (0.795600 + 0.082504),0.861602 (0.778500 + 0.083102),0.860290 (0.777600 + 0.082690),0.873783 (0.791100 + 0.082683),0.864737 (0.782100 + 0.082637),0.874532 (0.792000 + 0.082532),0.853029 (0.770400 + 0.082629),0.862523 (0.780300 + 0.082223),0.873701 (0.791100 + 0.082601),0.870136 (0.787500 + 0.082636),0.866385 (0.783900 + 0.082485)
57,0.884181 (0.801900 + 0.082281),0.866385 (0.783900 + 0.082485),0.865928 (0.783900 + 0.082028),0.872609 (0.790200 + 0.082409),0.851111 (0.768600 + 0.082511),0.872902 (0.790200 + 0.082702),0.852844 (0.771300 + 0.081544),0.852655 (0.770400 + 0.082255),0.874021 (0.791100 + 0.082921),0.861256 (0.778500 + 0.082756),0.855741 (0.773100 + 0.082641),0.864501 (0.782100 + 0.082401),0.848734 (0.765900 + 0.082834),0.857660 (0.774900 + 0.082760),0.857402 (0.774900 + 0.082502),0.871887 (0.789300 + 0.082587),0.860066 (0.777600 + 0.082466),0.855315 (0.773100 + 0.082215),0.860055 (0.777600 + 0.082455),0.869232 (0.786600 + 0.082632),0.856312 (0.774000 + 0.082312),0.847033 (0.765000 + 0.082033),0.857566 (0.774900 + 0.082666),0.852718 (0.770400 + 0.082318),0.856438 (0.774000 + 0.082438),0.872779 (0.790200 + 0.082579),0.866321 (0.783900 + 0.082421),0.867384 (0.784800 + 0.082584),0.860104 (0.777600 + 0.082504),0.867313 (0.784800 + 0.082513),0.870114 (0.788400 + 0.081714),0.871159 (0.788400 + 0.082759),0.876086 (0.793800 + 0.082286),0.869087 (0.786600 + 0.082487),0.858508 (0.775800 + 0.082708),0.859328 (0.776700 + 0.082628),0.870732 (0.788400 + 0.082332),0.870024 (0.787500 + 0.082524),0.862751 (0.780300 + 0.082451),0.854016 (0.772200 + 0.081816),0.863828 (0.781200 + 0.082628),0.860739 (0.778500 + 0.082239),0.865692 (0.783000 + 0.082692),0.853698 (0.771300 + 0.082398),0.849824 (0.766800 + 0.083024),0.857401 (0.774900 + 0.082501),0.862532 (0.780300 + 0.082232),0.869621 (0.787500 + 0.082121),0.868651 (0.785700 + 0.082951),0.857364 (0.774900 + 0.082464),0.858841 (0.775800 + 0.083041),0.849556 (0.766800 + 0.082756),0.852953 (0.770400 + 0.082553),0.871072 (0.788400 + 0.082672),0.864530 (0.782100 + 0.082430),0.858262 (0.775800 + 0.082462),0.843538 (0.761400 + 0.082138),0.849269 (0.766800 + 0.082469),0.862561 (0.780300 + 0.082261),0.860480 (0.777600 + 0.082880),0.861967 (0.779400 + 0.082567),0.867110 (0.784800 + 0.082311),0.857586 (0.774900 + 0.082686),0.851109 (0.768600 + 0.082509),0.860274 (0.777600 + 0.082674),0.859162 (0.776700 + 0.082462),0.858223 (0.775800 + 0.082423),0.857150 (0.774900 + 0.082250),0.870932 (0.788400 + 0.082532),0.857495 (0.774900 + 0.082595),0.866590 (0.783900 + 0.082690),0.860894 (0.778500 + 0.082394),0.854610 (0.772200 + 0.082410),0.862545 (0.780300 + 0.082245),0.852805 (0.770400 + 0.082405),0.867321 (0.784800 + 0.082521),0.867635 (0.784800 + 0.082835),0.851358 (0.769500 + 0.081858),0.853152 (0.770400 + 0.082752),0.857731 (0.775800 + 0.081931)
58,0.884181 (0.801900 + 0.082281),0.862872 (0.780300 + 0.082572),0.870024 (0.787500 + 0.082524),0.868847 (0.786600 + 0.082247),0.863638 (0.781200 + 0.082438),0.868261 (0.785700 + 0.082561),0.859114 (0.776700 + 0.082414),0.856002 (0.774000 + 0.082002),0.864684 (0.782100 + 0.082584),0.868811 (0.786600 + 0.082211),0.861431 (0.779400 + 0.082031),0.839101 (0.756900 + 0.082201),0.858357 (0.775800 + 0.082557),0.869232 (0.786600 + 0.082632),0.852086 (0.769500 + 0.082586),0.867110 (0.784800 + 0.082311),0.867110 (0.784800 + 0.082311),0.852985 (0.770400 + 0.082585),0.861399 (0.779400 + 0.081999),0.859281 (0.776700 + 0.082581),0.859958 (0.777600 + 0.082358),0.863531 (0.782100 + 0.081431),0.870022 (0.787500 + 0.082522),0.850578 (0.768600 + 0.081978),0.852655 (0.770400 + 0.082255),0.861298 (0.778500 + 0.082798),0.848067 (0.765900 + 0.082167),0.865086 (0.783000 + 0.082086),0.880744 (0.798300 + 0.082443),0.854558 (0.772200 + 0.082358),0.864960 (0.782100 + 0.082860),0.867313 (0.784800 + 0.082513),0.856438 (0.774000 + 0.082438),0.859551 (0.776700 + 0.082851),0.851131 (0.768600 + 0.082531),0.862549 (0.780300 + 0.082249),0.857037 (0.774900 + 0.082137),0.860621 (0.778500 + 0.082121),0.865657 (0.783000 + 0.082657),0.869254 (0.786600 + 0.082654),0.856381 (0.774000 + 0.082381),0.863794 (0.781200 + 0.082594),0.873719 (0.791100 + 0.082620),0.862725 (0.780300 + 0.082425),0.850916 (0.768600 + 0.082316),0.867666 (0.784800 + 0.082866),0.868330 (0.785700 + 0.082630),0.861343 (0.778500 + 0.082843),0.857673 (0.774900 + 0.082773),0.850872 (0.768600 + 0.082272),0.853254 (0.771300 + 0.081954),0.870624 (0.788400 + 0.082224),0.857453 (0.774900 + 0.082553),0.856325 (0.773100 + 0.083225),0.855795 (0.773100 + 0.082695),0.850961 (0.768600 + 0.082361),0.860974 (0.778500 + 0.082474),0.867635 (0.784800 + 0.082835),0.857402 (0.774900 + 0.082502),0.867265 (0.784800 + 0.082465),0.867119 (0.784800 + 0.082320),0.871159 (0.788400 + 0.082759),0.858517 (0.775800 + 0.082717),0.861399 (0.778500 + 0.082899),0.855322 (0.773100 + 0.082222),0.864756 (0.783000 + 0.081756),0.851860 (0.769500 + 0.082360),0.862067 (0.779400 + 0.082667),0.864209 (0.781200 + 0.083009),0.870918 (0.788400 + 0.082518),0.855474 (0.773100 + 0.082374),0.864273 (0.782100 + 0.082173),0.851847 (0.769500 + 0.082347),0.858828 (0.776700 + 0.082128),0.867134 (0.784800 + 0.082334),0.849696 (0.767700 + 0.081996),0.858768 (0.776700 + 0.082068),0.870972 (0.788400 + 0.082572),0.853114 (0.770400 + 0.082714),0.855107 (0.773100 + 0.082007)
59,0.884181 (0.801900 + 0.082281),0.862527 (0.780300 + 0.082227),0.867797 (0.785700 + 0.082097),0.871621 (0.790200 + 0.081421),0.867120 (0.784800 + 0.082320),0.863682 (0.781200 + 0.082482),0.857437 (0.774900 + 0.082537),0.859551 (0.776700 + 0.082851),0.857453 (0.774900 + 0.082553),0.864368 (0.782100 + 0.082268),0.857574 (0.774900 + 0.082674),0.872600 (0.790200 + 0.082400),0.861350 (0.778500 + 0.082850),0.857902 (0.775800 + 0.082102),0.861348 (0.778500 + 0.082848),0.851097 (0.768600 + 0.082497),0.868190 (0.785700 + 0.082490),0.864473 (0.782100 + 0.082373),0.855014 (0.773100 + 0.081914),0.850100 (0.767700 + 0.082400),0.864306 (0.782100 + 0.082206),0.865821 (0.783000 + 0.082821),0.864557 (0.782100 + 0.082457),0.870918 (0.788400 + 0.082518),0.867245 (0.784800 + 0.082445),0.863833 (0.781200 + 0.082633),0.871761 (0.789300 + 0.082461),0.861880 (0.779400 + 0.082480),0.853015 (0.771300 + 0.081715),0.868004 (0.785700 + 0.082304),0.870022 (0.787500 + 0.082522),0.852440 (0.770400 + 0.082040),0.853527 (0.771300 + 0.082227),0.851710 (0.769500 + 0.082210),0.853756 (0.771300 + 0.082456),0.874439 (0.792000 + 0.082439),0.857679 (0.774900 + 0.082779),0.865746 (0.783000 + 0.082746),0.852848 (0.770400 + 0.082448),0.853689 (0.771300 + 0.082389),0.862708 (0.780300 + 0.082409),0.874415 (0.792000 + 0.082415),0.854286 (0.772200 + 0.082086),0.861657 (0.779400 + 0.082257),0.863638 (0.781200 + 0.082438),0.866329 (0.783900 + 0.082429),0.858546 (0.775800 + 0.082746),0.864502 (0.783000 + 0.081502),0.864260 (0.782100 + 0.082160),0.867635 (0.784800 + 0.082835),0.861431 (0.779400 + 0.082031),0.854912 (0.772200 + 0.082712),0.861273 (0.779400 + 0.081873),0.850628 (0.768600 + 0.082028),0.863956 (0.781200 + 0.082756),0.856613 (0.774000 + 0.082613),0.865223 (0.783000 + 0.082223),0.872237 (0.789300 + 0.082937),0.857179 (0.774900 + 0.082279),0.865970 (0.783900 + 0.082070),0.859041 (0.776700 + 0.082341),0.873531 (0.791100 + 0.082431),0.860665 (0.778500 + 0.082165),0.869355 (0.787500 + 0.081855),0.870990 (0.788400 + 0.082590),0.854417 (0.772200 + 0.082217),0.850127 (0.767700 + 0.082427),0.867119 (0.784800 + 0.082320),0.867577 (0.784800 + 0.082777),0.858210 (0.775800 + 0.082410),0.868125 (0.785700 + 0.082425),0.864553 (0.782100 + 0.082453),0.846913 (0.764100 + 0.082813),0.862912 (0.780300 + 0.082612),0.852284 (0.769500 + 0.082784),0.858324 (0.775800 + 0.082524),0.866720 (0.783900 + 0.082820),0.865903 (0.783900 + 0.082003),0.854808 (0.772200 + 0.082608),0.863531 (0.782100 + 0.081431)
60,0.884181 (0.801900 + 0.082281),0.862177 (0.779400 + 0.082777),0.853715 (0.771300 + 0.082415),0.851115 (0.768600 + 0.082515),0.861479 (0.779400 + 0.082079),0.862334 (0.780300 + 0.082034),0.872778 (0.790200 + 0.082578),0.867606 (0.784800 + 0.082807),0.870152 (0.787500 + 0.082652),0.870022 (0.787500 + 0.082522),0.844440 (0.762300 + 0.082140),0.857346 (0.774900 + 0.082446),0.855503 (0.773100 + 0.082403),0.861406 (0.778500 + 0.082906),0.861912 (0.779400 + 0.082512),0.867722 (0.784800 + 0.082922),0.857554 (0.774900 + 0.082654),0.860130 (0.777600 + 0.082530),0.853550 (0.771300 + 0.082250),0.850670 (0.768600 + 0.082070),0.866372 (0.783900 + 0.082472),0.863612 (0.781200 + 0.082412),0.867660 (0.784800 + 0.082860),0.862677 (0.780300 + 0.082377),0.863162 (0.780300 + 0.082862),0.865386 (0.783000 + 0.082386),0.869562 (0.787500 + 0.082062),0.866231 (0.784800 + 0.081431),0.865661 (0.783000 + 0.082661),0.856734 (0.774000 + 0.082734),0.866889 (0.784800 + 0.082089),0.855986 (0.774000 + 0.081986),0.870158 (0.787500 + 0.082658),0.860822 (0.778500 + 0.082322),0.865535 (0.783000 + 0.082535),0.868959 (0.786600 + 0.082359),0.873531 (0.791100 + 0.082431),0.868074 (0.785700 + 0.082374),0.858113 (0.775800 + 0.082313),0.872645 (0.790200 + 0.082445),0.870329 (0.787500 + 0.082829),0.869175 (0.786600 + 0.082575),0.852082 (0.769500 + 0.082582),0.868261 (0.785700 + 0.082561),0.859542 (0.777600 + 0.081942),0.858175 (0.775800 + 0.082375),0.862285 (0.780300 + 0.081985),0.865490 (0.783000 + 0.082490),0.872674 (0.790200 + 0.082474),0.864642 (0.782100 + 0.082542),0.860243 (0.777600 + 0.082643),0.866944 (0.784800 + 0.082144),0.871174 (0.788400 + 0.082774),0.866479 (0.783900 + 0.082579),0.852589 (0.770400 + 0.082189),0.874415 (0.792000 + 0.082415),0.865883 (0.783900 + 0.081983),0.855299 (0.773100 + 0.082199),0.853745 (0.771300 + 0.082445),0.867314 (0.784800 + 0.082514),0.867451 (0.784800 + 0.082651),0.866377 (0.783900 + 0.082477),0.871126 (0.788400 + 0.082726),0.875277 (0.792900 + 0.082377),0.860986 (0.778500 + 0.082486),0.860765 (0.778500 + 0.082265),0.859487 (0.776700 + 0.082787),0.863429 (0.781200 + 0.082229),0.851179 (0.768600 + 0.082579),0.861298 (0.778500 + 0.082798),0.865676 (0.783000 + 0.082676),0.866224 (0.783900 + 0.082324),0.863880 (0.781200 + 0.082680),0.871763 (0.789300 + 0.082463),0.869076 (0.786600 + 0.082476),0.861554 (0.779400 + 0.082154),0.864100 (0.781200 + 0.082900),0.864228 (0.782100 + 0.082128),0.855174 (0.773100 + 0.082074),0.859991 (0.777600 + 0.082391)
61,0.884181 (0.801900 + 0.082281),0.871139 (0.788400 + 0.082739),0.867894 (0.785700 + 0.082194),0.859465 (0.776700 + 0.082765),0.862677 (0.780300 + 0.082377),0.863935 (0.781200 + 0.082735),0.859706 (0.777600 + 0.082106),0.864674 (0.782100 + 0.082574),0.872176 (0.790200 + 0.081976),0.854740 (0.773100 + 0.081640),0.852564 (0.770400 + 0.082164),0.868155 (0.785700 + 0.082455),0.854534 (0.772200 + 0.082334),0.876015 (0.793800 + 0.082215),0.867306 (0.784800 + 0.082506),0.856241 (0.774000 + 0.082241),0.855903 (0.773100 + 0.082803),0.861880 (0.779400 + 0.082480),0.872674 (0.790200 + 0.082474),0.866656 (0.783900 + 0.082756),0.871770 (0.789300 + 0.082470),0.858652 (0.776700 + 0.081952),0.865324 (0.783000 + 0.082324),0.853644 (0.771300 + 0.082344),0.864172 (0.782100 + 0.082072),0.874415 (0.792000 + 0.082415),0.871763 (0.789300 + 0.082463),0.866440 (0.783900 + 0.082540),0.869109 (0.786600 + 0.082509),0.851500 (0.769500 + 0.082000),0.861009 (0.778500 + 0.082509),0.859709 (0.777600 + 0.082109),0.863868 (0.781200 + 0.082669),0.855655 (0.773100 + 0.082555),0.861999 (0.779400 + 0.082599),0.858068 (0.775800 + 0.082268),0.854173 (0.772200 + 0.081973),0.852569 (0.770400 + 0.082169),0.865743 (0.783000 + 0.082743),0.860776 (0.778500 + 0.082276),0.857085 (0.774900 + 0.082185),0.867460 (0.784800 + 0.082660),0.859886 (0.777600 + 0.082286),0.868751 (0.786600 + 0.082151),0.870017 (0.787500 + 0.082517),0.863480 (0.781200 + 0.082280),0.866405 (0.783900 + 0.082506),0.860243 (0.777600 + 0.082643),0.866377 (0.783900 + 0.082477),0.860395 (0.777600 + 0.082795),0.855603 (0.773100 + 0.082503),0.871500 (0.789300 + 0.082200),0.867650 (0.784800 + 0.082851),0.858270 (0.775800 + 0.082470),0.860108 (0.777600 + 0.082508),0.853902 (0.771300 + 0.082602),0.865285 (0.783000 + 0.082285),0.870046 (0.787500 + 0.082546),0.857795 (0.775800 + 0.081995),0.874722 (0.792000 + 0.082722),0.864545 (0.782100 + 0.082445),0.867222 (0.784800 + 0.082422),0.865697 (0.783900 + 0.081797),0.858501 (0.776700 + 0.081801),0.874531 (0.792000 + 0.082531),0.861189 (0.779400 + 0.081789),0.860296 (0.777600 + 0.082696),0.861966 (0.779400 + 0.082566),0.854767 (0.772200 + 0.082567),0.858802 (0.776700 + 0.082102),0.880064 (0.797400 + 0.082664),0.864737 (0.782100 + 0.082637),0.866188 (0.783900 + 0.082288),0.849401 (0.766800 + 0.082601),0.864649 (0.782100 + 0.082549),0.861268 (0.778500 + 0.082768),0.865947 (0.783900 + 0.082047),0.852181 (0.769500 + 0.082681),0.855625 (0.773100 + 0.082525),0.863577 (0.781200 + 0.082377)
62,0.884181 (0.801900 + 0.082281),0.868310 (0.785700 + 0.082610),0.869222 (0.786600 + 0.082622),0.867403 (0.784800 + 0.082603),0.867634 (0.785700 + 0.081933),0.859286 (0.776700 + 0.082586),0.849279 (0.767700 + 0.081579),0.866348 (0.783900 + 0.082448),0.857991 (0.775800 + 0.082191),0.852881 (0.771300 + 0.081581),0.855733 (0.774000 + 0.081733),0.855132 (0.773100 + 0.082032),0.863514 (0.781200 + 0.082314),0.862219 (0.780300 + 0.081919),0.859278 (0.776700 + 0.082578),0.867886 (0.785700 + 0.082186),0.862669 (0.780300 + 0.082369),0.866787 (0.784800 + 0.081987),0.861031 (0.778500 + 0.082531),0.854751 (0.772200 + 0.082551),0.856347 (0.774000 + 0.082347),0.844570 (0.762300 + 0.082270),0.875277 (0.792900 + 0.082377),0.852927 (0.770400 + 0.082527),0.867271 (0.784800 + 0.082471),0.859257 (0.776700 + 0.082557),0.868127 (0.785700 + 0.082427),0.856317 (0.774000 + 0.082317),0.865412 (0.783000 + 0.082412),0.867030 (0.784800 + 0.082230),0.863864 (0.781200 + 0.082664),0.857953 (0.775800 + 0.082153),0.854849 (0.772200 + 0.082649),0.865947 (0.783900 + 0.082047),0.865947 (0.783900 + 0.082047),0.870304 (0.787500 + 0.082804),0.862538 (0.780300 + 0.082238),0.869727 (0.787500 + 0.082227),0.850335 (0.768600 + 0.081735),0.871099 (0.788400 + 0.082699),0.851865 (0.769500 + 0.082365),0.867444 (0.784800 + 0.082644),0.868905 (0.786600 + 0.082305),0.863445 (0.781200 + 0.082245),0.873299 (0.791100 + 0.082199),0.863897 (0.781200 + 0.082697),0.857792 (0.774900 + 0.082892),0.856006 (0.774000 + 0.082006),0.868263 (0.785700 + 0.082563),0.861966 (0.779400 + 0.082566),0.861268 (0.778500 + 0.082768),0.854965 (0.772200 + 0.082765),0.866358 (0.783900 + 0.082458),0.865466 (0.783000 + 0.082466),0.849864 (0.767700 + 0.082164),0.867895 (0.785700 + 0.082195),0.853520 (0.771300 + 0.082220),0.860108 (0.777600 + 0.082508),0.853644 (0.771300 + 0.082344),0.872773 (0.790200 + 0.082573),0.859338 (0.776700 + 0.082638),0.862691 (0.780300 + 0.082391),0.860872 (0.778500 + 0.082372),0.867222 (0.784800 + 0.082422),0.867222 (0.784800 + 0.082422),0.867244 (0.784800 + 0.082444),0.862133 (0.780300 + 0.081833),0.849171 (0.766800 + 0.082371),0.855464 (0.773100 + 0.082364),0.872176 (0.790200 + 0.081976),0.863577 (0.781200 + 0.082377),0.870895 (0.788400 + 0.082495),0.865638 (0.783000 + 0.082638),0.864195 (0.782100 + 0.082095),0.860883 (0.778500 + 0.082383),0.865673 (0.783000 + 0.082673),0.860012 (0.777600 + 0.082412),0.846276 (0.764100 + 0.082176),0.852213 (0.769500 + 0.082713),0.863907 (0.781200 + 0.082707)
63,0.884181 (0.801900 + 0.082281),0.862669 (0.780300 + 0.082369),0.868310 (0.785700 + 0.082610),0.869075 (0.786600 + 0.082475),0.873707 (0.791100 + 0.082607),0.855928 (0.774000 + 0.081928),0.870497 (0.788400 + 0.082097),0.854432 (0.772200 + 0.082232),0.866168 (0.783900 + 0.082268),0.851771 (0.769500 + 0.082271),0.856793 (0.774000 + 0.082793),0.864578 (0.782100 + 0.082478),0.862457 (0.780300 + 0.082157),0.850782 (0.768600 + 0.082182),0.863369 (0.781200 + 0.082169),0.866787 (0.784800 + 0.081987),0.871165 (0.788400 + 0.082765),0.863809 (0.781200 + 0.082609),0.877901 (0.795600 + 0.082302),0.854513 (0.772200 + 0.082313),0.865499 (0.783000 + 0.082499),0.860826 (0.778500 + 0.082326),0.862022 (0.779400 + 0.082622),0.864686 (0.782100 + 0.082586),0.858900 (0.776700 + 0.082200),0.862739 (0.780300 + 0.082439),0.867894 (0.785700 + 0.082194),0.862770 (0.780300 + 0.082470),0.864262 (0.782100 + 0.082162),0.863833 (0.781200 + 0.082633),0.867874 (0.785700 + 0.082174),0.862860 (0.780300 + 0.082560),0.865115 (0.783000 + 0.082115),0.857368 (0.774900 + 0.082468),0.863745 (0.781200 + 0.082545),0.866144 (0.783900 + 0.082244),0.854226 (0.772200 + 0.082026),0.867688 (0.785700 + 0.081987),0.851037 (0.768600 + 0.082437),0.856975 (0.774900 + 0.082075),0.854591 (0.772200 + 0.082391),0.854948 (0.773100 + 0.081848),0.862782 (0.780300 + 0.082482),0.858536 (0.776700 + 0.081837),0.857346 (0.774900 + 0.082447),0.879071 (0.796500 + 0.082571),0.851859 (0.769500 + 0.082359),0.854502 (0.772200 + 0.082302),0.869931 (0.787500 + 0.082431),0.855267 (0.773100 + 0.082167),0.865819 (0.783900 + 0.081919),0.859721 (0.777600 + 0.082121),0.867080 (0.784800 + 0.082280),0.862533 (0.780300 + 0.082233),0.859934 (0.777600 + 0.082334),0.861414 (0.779400 + 0.082014),0.873746 (0.791100 + 0.082646),0.860481 (0.778500 + 0.081981),0.869797 (0.787500 + 0.082297),0.864399 (0.782100 + 0.082299),0.859163 (0.776700 + 0.082463),0.865466 (0.783000 + 0.082466),0.865466 (0.783000 + 0.082466),0.859310 (0.776700 + 0.082610),0.858419 (0.775800 + 0.082619),0.867444 (0.784800 + 0.082644),0.864223 (0.782100 + 0.082123),0.884181 (0.801900 + 0.082281),0.868659 (0.786600 + 0.082059),0.862920 (0.780300 + 0.082620),0.864460 (0.782100 + 0.082360),0.859606 (0.777600 + 0.082006),0.864988 (0.783000 + 0.081988),0.868001 (0.785700 + 0.082301),0.858507 (0.775800 + 0.082707),0.865249 (0.783000 + 0.082249),0.870423 (0.788400 + 0.082023),0.862017 (0.779400 + 0.082617),0.863532 (0.781200 + 0.082332),0.853180 (0.770400 + 0.082780)
64,0.884181 (0.801900 + 0.082281),0.864618 (0.782100 + 0.082518),0.852878 (0.770400 + 0.082478),0.877842 (0.795600 + 0.082242),0.856120 (0.774000 + 0.082120),0.870841 (0.788400 + 0.082441),0.856684 (0.774000 + 0.082684),0.868171 (0.785700 + 0.082471),0.880831 (0.798300 + 0.082531),0.862754 (0.780300 + 0.082454),0.860347 (0.778500 + 0.081847),0.856468 (0.774000 + 0.082468),0.872607 (0.790200 + 0.082407),0.860675 (0.778500 + 0.082175),0.871401 (0.789300 + 0.082101),0.870018 (0.788400 + 0.081618),0.873386 (0.791100 + 0.082286),0.852575 (0.770400 + 0.082175),0.872773 (0.790200 + 0.082573),0.859355 (0.776700 + 0.082655),0.850373 (0.768600 + 0.081773),0.857888 (0.775800 + 0.082088),0.860926 (0.778500 + 0.082426),0.859011 (0.776700 + 0.082311),0.865956 (0.783900 + 0.082057),0.865302 (0.783000 + 0.082302),0.864834 (0.783000 + 0.081834),0.864019 (0.781200 + 0.082819),0.856079 (0.774000 + 0.082079),0.863688 (0.781200 + 0.082488),0.863590 (0.781200 + 0.082390),0.850068 (0.767700 + 0.082368),0.856384 (0.774000 + 0.082384),0.858860 (0.776700 + 0.082160),0.867159 (0.784800 + 0.082359),0.863809 (0.781200 + 0.082609),0.863809 (0.781200 + 0.082609),0.860171 (0.777600 + 0.082571),0.866805 (0.784800 + 0.082005),0.869904 (0.787500 + 0.082404),0.851561 (0.769500 + 0.082061),0.848620 (0.766800 + 0.081820),0.873099 (0.791100 + 0.081999),0.851685 (0.769500 + 0.082185),0.854131 (0.772200 + 0.081931),0.864468 (0.782100 + 0.082368),0.873145 (0.791100 + 0.082045),0.868897 (0.786600 + 0.082298),0.867028 (0.784800 + 0.082228),0.854940 (0.773100 + 0.081840),0.864821 (0.782100 + 0.082721),0.854100 (0.772200 + 0.081900),0.860042 (0.777600 + 0.082442),0.861139 (0.778500 + 0.082639),0.865261 (0.783000 + 0.082261),0.858219 (0.775800 + 0.082419),0.857606 (0.775800 + 0.081806),0.862287 (0.780300 + 0.081987),0.857418 (0.775800 + 0.081618),0.855134 (0.773100 + 0.082034),0.856187 (0.774000 + 0.082187),0.863185 (0.781200 + 0.081985),0.867218 (0.785700 + 0.081518),0.859666 (0.777600 + 0.082066),0.865262 (0.783000 + 0.082262),0.862642 (0.780300 + 0.082342),0.860891 (0.778500 + 0.082391),0.861727 (0.779400 + 0.082327),0.865597 (0.783000 + 0.082597),0.857499 (0.774900 + 0.082599),0.847863 (0.765900 + 0.081963),0.871874 (0.789300 + 0.082574),0.864430 (0.782100 + 0.082330),0.864720 (0.782100 + 0.082620),0.867394 (0.784800 + 0.082594),0.859218 (0.776700 + 0.082518),0.853571 (0.771300 + 0.082271),0.862977 (0.780300 + 0.082677),0.858204 (0.775800 + 0.082404),0.865937 (0.783900 + 0.082037)
65,0.884181 (0.801900 + 0.082281),0.847989 (0.765900 + 0.082089),0.868673 (0.786600 + 0.082073),0.858124 (0.775800 + 0.082324),0.864187 (0.782100 + 0.082087),0.876805 (0.794700 + 0.082105),0.857972 (0.775800 + 0.082172),0.865851 (0.783900 + 0.081951),0.860225 (0.778500 + 0.081725),0.862145 (0.780300 + 0.081845),0.862077 (0.779400 + 0.082677),0.862839 (0.780300 + 0.082539),0.867831 (0.785700 + 0.082131),0.852036 (0.769500 + 0.082536),0.861102 (0.778500 + 0.082602),0.860209 (0.777600 + 0.082609),0.857888 (0.775800 + 0.082088),0.857415 (0.774900 + 0.082515),0.863986 (0.782100 + 0.081886),0.861408 (0.779400 + 0.082008),0.867677 (0.784800 + 0.082878),0.884181 (0.801900 + 0.082281),0.855631 (0.773100 + 0.082531),0.862826 (0.780300 + 0.082526),0.857415 (0.774900 + 0.082515),0.862569 (0.780300 + 0.082269),0.874402 (0.792000 + 0.082402),0.855088 (0.773100 + 0.081988),0.852878 (0.770400 + 0.082478),0.873521 (0.791100 + 0.082421),0.861887 (0.779400 + 0.082487),0.875123 (0.792900 + 0.082223),0.854145 (0.772200 + 0.081945),0.863495 (0.781200 + 0.082295),0.871588 (0.789300 + 0.082288),0.850606 (0.768600 + 0.082006),0.867482 (0.784800 + 0.082682),0.845339 (0.763200 + 0.082139),0.866548 (0.783900 + 0.082648),0.857220 (0.774900 + 0.082320),0.855490 (0.773100 + 0.082390),0.838944 (0.756900 + 0.082044),0.860812 (0.778500 + 0.082312),0.862249 (0.780300 + 0.081949),0.867159 (0.784800 + 0.082359),0.852626 (0.770400 + 0.082226),0.874640 (0.792000 + 0.082640),0.857888 (0.775800 + 0.082088),0.856468 (0.774000 + 0.082468),0.868049 (0.785700 + 0.082349),0.870309 (0.788400 + 0.081909),0.869915 (0.787500 + 0.082415),0.863447 (0.781200 + 0.082248),0.853629 (0.771300 + 0.082329),0.850158 (0.767700 + 0.082458),0.858138 (0.775800 + 0.082338),0.866215 (0.783900 + 0.082315),0.863238 (0.781200 + 0.082038),0.870073 (0.787500 + 0.082573),0.862356 (0.780300 + 0.082056),0.861376 (0.779400 + 0.081976),0.868262 (0.785700 + 0.082562),0.867405 (0.784800 + 0.082605),0.866862 (0.784800 + 0.082062),0.864127 (0.782100 + 0.082027),0.860045 (0.778500 + 0.081545),0.860600 (0.778500 + 0.082100),0.865481 (0.783000 + 0.082481),0.861115 (0.778500 + 0.082615),0.866284 (0.783900 + 0.082384),0.859197 (0.776700 + 0.082498),0.857943 (0.775800 + 0.082143),0.873099 (0.791100 + 0.081999),0.850717 (0.768600 + 0.082117),0.863562 (0.781200 + 0.082362),0.862664 (0.780300 + 0.082364),0.860757 (0.778500 + 0.082257),0.870109 (0.788400 + 0.081710),0.859095 (0.776700 + 0.082395),0.854077 (0.772200 + 0.081877)
66,0.884181 (0.801900 + 0.082281),0.855214 (0.773100 + 0.082114),0.855503 (0.773100 + 0.082403),0.868546 (0.785700 + 0.082846),0.863424 (0.781200 + 0.082224),0.864156 (0.782100 + 0.082056),0.855828 (0.774000 + 0.081828),0.855526 (0.773100 + 0.082426),0.864291 (0.782100 + 0.082191),0.862150 (0.779400 + 0.082750),0.872885 (0.790200 + 0.082685),0.854867 (0.773100 + 0.081767),0.871483 (0.789300 + 0.082183),0.862711 (0.780300 + 0.082411),0.859478 (0.776700 + 0.082778),0.847165 (0.765900 + 0.081265),0.859339 (0.777600 + 0.081739),0.870523 (0.788400 + 0.082123),0.846635 (0.764100 + 0.082535),0.867379 (0.784800 + 0.082579),0.858322 (0.775800 + 0.082522),0.857047 (0.774900 + 0.082147),0.864187 (0.782100 + 0.082087),0.875093 (0.792900 + 0.082193),0.864263 (0.782100 + 0.082163),0.859250 (0.776700 + 0.082550),0.851317 (0.769500 + 0.081817),0.868543 (0.786600 + 0.081943),0.851391 (0.769500 + 0.081891),0.876805 (0.794700 + 0.082105),0.870109 (0.788400 + 0.081710),0.846185 (0.764100 + 0.082085),0.859397 (0.776700 + 0.082697),0.873147 (0.791100 + 0.082047),0.860855 (0.778500 + 0.082355),0.855150 (0.773100 + 0.082050),0.852774 (0.770400 + 0.082374),0.861168 (0.779400 + 0.081768),0.870466 (0.788400 + 0.082066),0.868556 (0.786600 + 0.081956),0.851849 (0.769500 + 0.082349),0.868222 (0.785700 + 0.082522),0.875354 (0.792900 + 0.082454),0.862188 (0.780300 + 0.081888),0.866535 (0.784800 + 0.081735),0.860637 (0.778500 + 0.082137),0.866902 (0.784800 + 0.082102),0.862417 (0.780300 + 0.082117),0.866978 (0.784800 + 0.082178),0.870235 (0.788400 + 0.081835),0.862371 (0.780300 + 0.082071),0.863712 (0.781200 + 0.082512),0.870160 (0.787500 + 0.082660),0.847676 (0.765900 + 0.081776),0.869975 (0.787500 + 0.082475),0.864214 (0.782100 + 0.082114),0.860166 (0.777600 + 0.082566),0.866820 (0.784800 + 0.082020),0.853090 (0.771300 + 0.081791),0.866284 (0.783900 + 0.082384),0.863562 (0.781200 + 0.082362),0.860168 (0.777600 + 0.082568),0.871816 (0.789300 + 0.082516),0.849603 (0.767700 + 0.081903),0.857176 (0.774900 + 0.082276),0.858243 (0.775800 + 0.082443),0.860757 (0.778500 + 0.082257),0.865391 (0.783000 + 0.082391),0.867171 (0.784800 + 0.082371),0.852502 (0.770400 + 0.082102),0.851627 (0.769500 + 0.082127),0.852481 (0.770400 + 0.082081),0.858609 (0.776700 + 0.081909),0.856263 (0.774000 + 0.082263),0.844314 (0.762300 + 0.082014),0.869158 (0.786600 + 0.082558),0.864166 (0.782100 + 0.082066),0.862895 (0.780300 + 0.082595),0.855316 (0.773100 + 0.082216),0.877533 (0.795600 + 0.081933)
67,0.884181 (0.801900 + 0.082281),0.865872 (0.783900 + 0.081972),0.864466 (0.782100 + 0.082366),0.852375 (0.770400 + 0.081975),0.849749 (0.767700 + 0.082049),0.867202 (0.784800 + 0.082402),0.857087 (0.774900 + 0.082187),0.867438 (0.784800 + 0.082638),0.869903 (0.787500 + 0.082403),0.857120 (0.774900 + 0.082220),0.851802 (0.769500 + 0.082302),0.873017 (0.791100 + 0.081917),0.857876 (0.775800 + 0.082076),0.875201 (0.792900 + 0.082301),0.859439 (0.777600 + 0.081839),0.882510 (0.800100 + 0.082410),0.842335 (0.760500 + 0.081835),0.870325 (0.788400 + 0.081925),0.859388 (0.776700 + 0.082688),0.862921 (0.780300 + 0.082621),0.864286 (0.782100 + 0.082186),0.866978 (0.784800 + 0.082178),0.852774 (0.770400 + 0.082374),0.864446 (0.782100 + 0.082346),0.852747 (0.770400 + 0.082347),0.884181 (0.801900 + 0.082281),0.867171 (0.784800 + 0.082371),0.858229 (0.775800 + 0.082429),0.866931 (0.784800 + 0.082132),0.866284 (0.783900 + 0.082384),0.851627 (0.769500 + 0.082127),0.858527 (0.775800 + 0.082727),0.864342 (0.782100 + 0.082242),0.862170 (0.780300 + 0.081870),0.850331 (0.767700 + 0.082631),0.846105 (0.764100 + 0.082006),0.863642 (0.781200 + 0.082442),0.864340 (0.782100 + 0.082240),0.872987 (0.790200 + 0.082787),0.851628 (0.769500 + 0.082128),0.863704 (0.781200 + 0.082504),0.855431 (0.774000 + 0.081431),0.862672 (0.780300 + 0.082372),0.871816 (0.789300 + 0.082516),0.863712 (0.781200 + 0.082512),0.864321 (0.782100 + 0.082221),0.851940 (0.769500 + 0.082440),0.862733 (0.780300 + 0.082433),0.855556 (0.774000 + 0.081556),0.859609 (0.777600 + 0.082009),0.857130 (0.774900 + 0.082230),0.856919 (0.774900 + 0.082020),0.859983 (0.777600 + 0.082383),0.859035 (0.776700 + 0.082335),0.861941 (0.779400 + 0.082541),0.870466 (0.788400 + 0.082066),0.866902 (0.784800 + 0.082102),0.863155 (0.781200 + 0.081955),0.852114 (0.770400 + 0.081714),0.847979 (0.765900 + 0.082079),0.870043 (0.787500 + 0.082543),0.876214 (0.793800 + 0.082414),0.863288 (0.781200 + 0.082088),0.854313 (0.772200 + 0.082113),0.862364 (0.780300 + 0.082064),0.870735 (0.788400 + 0.082335),0.862279 (0.780300 + 0.081979),0.868543 (0.786600 + 0.081943),0.876805 (0.794700 + 0.082105),0.854311 (0.772200 + 0.082111),0.859547 (0.777600 + 0.081947),0.866519 (0.783900 + 0.082619),0.861004 (0.779400 + 0.081604),0.866978 (0.784800 + 0.082178),0.870235 (0.788400 + 0.081835),0.858781 (0.776700 + 0.082081),0.877938 (0.795600 + 0.082338),0.866118 (0.783900 + 0.082218),0.864861 (0.783000 + 0.081861),0.859374 (0.777600 + 0.081774)
68,0.884181 (0.801900 + 0.082281),0.860096 (0.777600 + 0.082496),0.871547 (0.789300 + 0.082247),0.860598 (0.778500 + 0.082098),0.859087 (0.776700 + 0.082387),0.867184 (0.784800 + 0.082384),0.856801 (0.774900 + 0.081901),0.856464 (0.774000 + 0.082464),0.877903 (0.795600 + 0.082303),0.847119 (0.765900 + 0.081219),0.868849 (0.786600 + 0.082249),0.863287 (0.781200 + 0.082087),0.858661 (0.776700 + 0.081961),0.852327 (0.770400 + 0.081927),0.856575 (0.774000 + 0.082575),0.859249 (0.776700 + 0.082549),0.869258 (0.787500 + 0.081758),0.872259 (0.790200 + 0.082059),0.858910 (0.776700 + 0.082210),0.864042 (0.782100 + 0.081942),0.871770 (0.789300 + 0.082470),0.842231 (0.760500 + 0.081731),0.840729 (0.759600 + 0.081129),0.870966 (0.788400 + 0.082566),0.849828 (0.767700 + 0.082128),0.862579 (0.780300 + 0.082279),0.869610 (0.787500 + 0.082110),0.857775 (0.774900 + 0.082875),0.853082 (0.771300 + 0.081782),0.868403 (0.785700 + 0.082703),0.872678 (0.790200 + 0.082478),0.864029 (0.782100 + 0.081929),0.863571 (0.781200 + 0.082372),0.860498 (0.778500 + 0.081998),0.857093 (0.774900 + 0.082193),0.866978 (0.784800 + 0.082178),0.852747 (0.770400 + 0.082347),0.859753 (0.777600 + 0.082153),0.877167 (0.794700 + 0.082467),0.864866 (0.783000 + 0.081866),0.860312 (0.778500 + 0.081812),0.847548 (0.765000 + 0.082548),0.864570 (0.782100 + 0.082470),0.860608 (0.778500 + 0.082108),0.876952 (0.794700 + 0.082252),0.857304 (0.774900 + 0.082404),0.866052 (0.783900 + 0.082152),0.857068 (0.774900 + 0.082168),0.875378 (0.792900 + 0.082478),0.862427 (0.780300 + 0.082127),0.858096 (0.776700 + 0.081396),0.864469 (0.782100 + 0.082369),0.854246 (0.772200 + 0.082046),0.855883 (0.774000 + 0.081883),0.871280 (0.789300 + 0.081980),0.876214 (0.793800 + 0.082414),0.870735 (0.788400 + 0.082335),0.851767 (0.769500 + 0.082267),0.859835 (0.777600 + 0.082235),0.875335 (0.792900 + 0.082435),0.856365 (0.774000 + 0.082365),0.862259 (0.780300 + 0.081959),0.872170 (0.790200 + 0.081970),0.869017 (0.786600 + 0.082417),0.863280 (0.781200 + 0.082080),0.876805 (0.794700 + 0.082105),0.861378 (0.779400 + 0.081978),0.866814 (0.784800 + 0.082014),0.859390 (0.777600 + 0.081790),0.876311 (0.793800 + 0.082511),0.869905 (0.787500 + 0.082405),0.864230 (0.782100 + 0.082130),0.860595 (0.778500 + 0.082095),0.866323 (0.783900 + 0.082423),0.852027 (0.770400 + 0.081627),0.859517 (0.777600 + 0.081917),0.850882 (0.768600 + 0.082282),0.866729 (0.784800 + 0.081930),0.864011 (0.782100 + 0.081911),0.884181 (0.801900 + 0.082281)
69,0.884181 (0.801900 + 0.082281),0.860430 (0.778500 + 0.081930),0.875146 (0.792900 + 0.082246),0.870530 (0.788400 + 0.082130),0.856876 (0.774900 + 0.081976),0.864407 (0.782100 + 0.082307),0.871770 (0.789300 + 0.082470),0.863456 (0.781200 + 0.082256),0.861090 (0.778500 + 0.082590),0.870640 (0.788400 + 0.082240),0.861912 (0.779400 + 0.082512),0.866984 (0.784800 + 0.082184),0.855145 (0.773100 + 0.082044),0.859829 (0.777600 + 0.082229),0.857161 (0.774900 + 0.082261),0.872550 (0.790200 + 0.082350),0.876264 (0.793800 + 0.082464),0.873358 (0.791100 + 0.082258),0.869431 (0.786600 + 0.082831),0.860441 (0.777600 + 0.082841),0.860684 (0.778500 + 0.082184),0.859208 (0.776700 + 0.082508),0.847054 (0.765000 + 0.082054),0.860096 (0.777600 + 0.082496),0.875378 (0.792900 + 0.082478),0.853262 (0.771300 + 0.081962),0.861389 (0.779400 + 0.081989),0.854355 (0.772200 + 0.082155),0.869789 (0.787500 + 0.082289),0.864556 (0.783000 + 0.081556),0.865312 (0.783000 + 0.082312),0.862606 (0.780300 + 0.082306),0.860865 (0.778500 + 0.082365),0.868041 (0.785700 + 0.082341),0.861583 (0.779400 + 0.082183),0.864661 (0.782100 + 0.082561),0.876367 (0.794700 + 0.081667),0.865698 (0.783000 + 0.082698),0.857328 (0.775800 + 0.081528),0.846701 (0.765000 + 0.081701),0.859692 (0.777600 + 0.082092),0.858154 (0.775800 + 0.082354),0.864441 (0.782100 + 0.082341),0.884181 (0.801900 + 0.082281),0.857304 (0.774900 + 0.082404),0.861879 (0.779400 + 0.082479),0.861303 (0.778500 + 0.082803),0.872678 (0.790200 + 0.082478),0.872678 (0.790200 + 0.082478),0.859244 (0.776700 + 0.082544),0.864188 (0.782100 + 0.082088),0.864067 (0.782100 + 0.081967),0.871449 (0.789300 + 0.082149),0.865579 (0.783900 + 0.081679),0.860205 (0.777600 + 0.082605),0.862407 (0.780300 + 0.082107),0.867911 (0.785700 + 0.082211),0.868943 (0.786600 + 0.082343),0.860340 (0.778500 + 0.081840),0.856901 (0.774900 + 0.082001),0.873722 (0.791100 + 0.082622),0.861580 (0.779400 + 0.082180),0.864090 (0.782100 + 0.081990),0.870850 (0.788400 + 0.082450),0.872636 (0.790200 + 0.082436),0.866012 (0.783900 + 0.082112),0.870779 (0.788400 + 0.082379),0.879713 (0.797400 + 0.082313),0.862413 (0.780300 + 0.082113),0.865207 (0.783000 + 0.082207),0.870900 (0.788400 + 0.082500),0.846980 (0.765000 + 0.081980),0.860360 (0.778500 + 0.081860),0.864866 (0.783000 + 0.081866),0.856592 (0.774900 + 0.081692),0.861712 (0.779400 + 0.082312),0.856114 (0.774000 + 0.082114),0.867265 (0.784800 + 0.082465),0.866880 (0.784800 + 0.082080),0.867184 (0.784800 + 0.082384)
70,0.884181 (0.801900 + 0.082281),0.865559 (0.783900 + 0.081659),0.867711 (0.785700 + 0.082011),0.865364 (0.783000 + 0.082364),0.863104 (0.780300 + 0.082804),0.875378 (0.792900 + 0.082478),0.848147 (0.765900 + 0.082247),0.861171 (0.778500 + 0.082671),0.867067 (0.784800 + 0.082267),0.843935 (0.761400 + 0.082535),0.874881 (0.792900 + 0.081981),0.864499 (0.782100 + 0.082399),0.863659 (0.781200 + 0.082459),0.863069 (0.781200 + 0.081869),0.867873 (0.785700 + 0.082173),0.861603 (0.779400 + 0.082203),0.868046 (0.785700 + 0.082346),0.864068 (0.782100 + 0.081968),0.861647 (0.779400 + 0.082247),0.884181 (0.801900 + 0.082281),0.869111 (0.786600 + 0.082511),0.870081 (0.788400 + 0.081681),0.860570 (0.778500 + 0.082070),0.871930 (0.789300 + 0.082630),0.859118 (0.776700 + 0.082418),0.865497 (0.783000 + 0.082497),0.867674 (0.785700 + 0.081974),0.864489 (0.782100 + 0.082389),0.873482 (0.791100 + 0.082382),0.873354 (0.791100 + 0.082254),0.867903 (0.785700 + 0.082203),0.884181 (0.801900 + 0.082281),0.862407 (0.780300 + 0.082107),0.874972 (0.792900 + 0.082072),0.861626 (0.779400 + 0.082226),0.860960 (0.779400 + 0.081560),0.875356 (0.792900 + 0.082456),0.866319 (0.783900 + 0.082419),0.866261 (0.783900 + 0.082362),0.858058 (0.775800 + 0.082258),0.858219 (0.775800 + 0.082419),0.862606 (0.780300 + 0.082306),0.859208 (0.776700 + 0.082508),0.868816 (0.786600 + 0.082216),0.855315 (0.773100 + 0.082215),0.871620 (0.789300 + 0.082320),0.860939 (0.778500 + 0.082439),0.853487 (0.771300 + 0.082187),0.868943 (0.786600 + 0.082343),0.860186 (0.778500 + 0.081686),0.864092 (0.782100 + 0.081991),0.856100 (0.774000 + 0.082100),0.858607 (0.776700 + 0.081907),0.860888 (0.778500 + 0.082388),0.862013 (0.779400 + 0.082613),0.867242 (0.784800 + 0.082442),0.857762 (0.774900 + 0.082862),0.860705 (0.779400 + 0.081305),0.859720 (0.777600 + 0.082120),0.867184 (0.784800 + 0.082384),0.863456 (0.781200 + 0.082256),0.873384 (0.791100 + 0.082285),0.863644 (0.781200 + 0.082444),0.866084 (0.783900 + 0.082184),0.866123 (0.783900 + 0.082223),0.847496 (0.765900 + 0.081596),0.863157 (0.781200 + 0.081958),0.862720 (0.780300 + 0.082420),0.865309 (0.783000 + 0.082309),0.849967 (0.767700 + 0.082267),0.866060 (0.783900 + 0.082160),0.865212 (0.783000 + 0.082212),0.857964 (0.775800 + 0.082164),0.871746 (0.789300 + 0.082446),0.858260 (0.776700 + 0.081561),0.867106 (0.784800 + 0.082306),0.866004 (0.783900 + 0.082104),0.854049 (0.772200 + 0.081849),0.868339 (0.786600 + 0.081739),0.877236 (0.794700 + 0.082536)
71,0.884181 (0.801900 + 0.082281),0.860820 (0.778500 + 0.082320),0.847111 (0.765000 + 0.082111),0.869281 (0.786600 + 0.082681),0.857018 (0.774900 + 0.082118),0.862298 (0.780300 + 0.081998),0.866452 (0.783900 + 0.082553),0.862669 (0.780300 + 0.082369),0.852927 (0.770400 + 0.082527),0.851382 (0.769500 + 0.081882),0.856735 (0.774900 + 0.081835),0.866309 (0.783900 + 0.082409),0.861460 (0.779400 + 0.082060),0.859716 (0.777600 + 0.082116),0.871571 (0.789300 + 0.082271),0.857995 (0.775800 + 0.082195),0.852096 (0.770400 + 0.081696),0.866319 (0.783900 + 0.082419),0.855315 (0.773100 + 0.082215),0.860559 (0.778500 + 0.082059),0.854413 (0.773100 + 0.081313),0.872579 (0.790200 + 0.082379),0.876372 (0.793800 + 0.082572),0.862339 (0.780300 + 0.082039),0.869319 (0.786600 + 0.082719),0.860960 (0.779400 + 0.081560),0.860960 (0.779400 + 0.081560),0.857964 (0.775800 + 0.082164),0.875356 (0.792900 + 0.082456),0.868085 (0.785700 + 0.082385),0.874138 (0.792000 + 0.082138),0.857740 (0.775800 + 0.081940),0.868245 (0.785700 + 0.082545),0.855262 (0.774000 + 0.081262),0.863386 (0.781200 + 0.082186),0.863356 (0.781200 + 0.082156),0.868815 (0.786600 + 0.082215),0.876913 (0.794700 + 0.082213),0.869031 (0.786600 + 0.082431),0.865344 (0.783000 + 0.082344),0.861567 (0.779400 + 0.082167),0.864508 (0.782100 + 0.082408),0.850226 (0.767700 + 0.082526),0.865520 (0.783000 + 0.082520),0.866428 (0.784800 + 0.081629),0.850800 (0.768600 + 0.082200),0.861799 (0.779400 + 0.082399),0.865238 (0.783000 + 0.082238),0.860802 (0.778500 + 0.082302),0.868219 (0.786600 + 0.081619),0.864325 (0.782100 + 0.082225),0.875356 (0.792900 + 0.082456),0.862606 (0.780300 + 0.082306),0.862081 (0.780300 + 0.081781),0.867116 (0.784800 + 0.082316),0.869731 (0.787500 + 0.082231),0.864260 (0.782100 + 0.082160),0.856099 (0.774000 + 0.082099),0.868358 (0.785700 + 0.082658),0.868085 (0.785700 + 0.082385),0.876178 (0.793800 + 0.082378),0.867674 (0.785700 + 0.081974),0.847021 (0.765000 + 0.082021),0.863678 (0.781200 + 0.082478),0.865309 (0.783000 + 0.082309),0.864193 (0.782100 + 0.082093),0.870584 (0.788400 + 0.082184),0.866288 (0.783900 + 0.082388),0.858707 (0.776700 + 0.082007),0.859221 (0.776700 + 0.082521),0.864363 (0.782100 + 0.082263),0.857053 (0.774900 + 0.082153),0.870692 (0.788400 + 0.082292),0.863616 (0.781200 + 0.082416),0.848259 (0.765900 + 0.082359),0.877224 (0.794700 + 0.082524),0.878716 (0.796500 + 0.082216),0.875232 (0.792900 + 0.082332),0.882369 (0.800100 + 0.082269),0.860824 (0.778500 + 0.082324)
72,0.884181 (0.801900 + 0.082281),0.869034 (0.786600 + 0.082434),0.865862 (0.783900 + 0.081962),0.871182 (0.788400 + 0.082782),0.857146 (0.774900 + 0.082246),0.869731 (0.787500 + 0.082231),0.850673 (0.768600 + 0.082073),0.848037 (0.765900 + 0.082137),0.864378 (0.782100 + 0.082278),0.864326 (0.782100 + 0.082226),0.867334 (0.784800 + 0.082534),0.853985 (0.772200 + 0.081785),0.850273 (0.768600 + 0.081673),0.863843 (0.781200 + 0.082644),0.864748 (0.783000 + 0.081748),0.854575 (0.773100 + 0.081475),0.857467 (0.775800 + 0.081667),0.867439 (0.784800 + 0.082639),0.872726 (0.790200 + 0.082526),0.864879 (0.782100 + 0.082779),0.858206 (0.776700 + 0.081506),0.857383 (0.774900 + 0.082483),0.858707 (0.776700 + 0.082007),0.860960 (0.779400 + 0.081560),0.866288 (0.783900 + 0.082388),0.871503 (0.789300 + 0.082203),0.857689 (0.775800 + 0.081890),0.866425 (0.783900 + 0.082525),0.861782 (0.779400 + 0.082382),0.872263 (0.790200 + 0.082063),0.854188 (0.772200 + 0.081988),0.866097 (0.783900 + 0.082197),0.863502 (0.781200 + 0.082302),0.861390 (0.779400 + 0.081990),0.864308 (0.782100 + 0.082208),0.867239 (0.784800 + 0.082439),0.860676 (0.778500 + 0.082176),0.855525 (0.773100 + 0.082425),0.868138 (0.786600 + 0.081538),0.865406 (0.783900 + 0.081506),0.862035 (0.779400 + 0.082635),0.856800 (0.774900 + 0.081901),0.864933 (0.783000 + 0.081933),0.863617 (0.781200 + 0.082418),0.862643 (0.780300 + 0.082343),0.861813 (0.779400 + 0.082413),0.871260 (0.789300 + 0.081960),0.860501 (0.778500 + 0.082001),0.862337 (0.780300 + 0.082037),0.850988 (0.768600 + 0.082388),0.865970 (0.783900 + 0.082070),0.863616 (0.781200 + 0.082416),0.866309 (0.783900 + 0.082409),0.878716 (0.796500 + 0.082216),0.868245 (0.785700 + 0.082545),0.860057 (0.777600 + 0.082457),0.874138 (0.792000 + 0.082138),0.851579 (0.769500 + 0.082079),0.854273 (0.772200 + 0.082073),0.863925 (0.782100 + 0.081825),0.856331 (0.774000 + 0.082331),0.865172 (0.783000 + 0.082172),0.863496 (0.781200 + 0.082297),0.853700 (0.771300 + 0.082401),0.856935 (0.774900 + 0.082035),0.854948 (0.773100 + 0.081848),0.869751 (0.787500 + 0.082251),0.877160 (0.794700 + 0.082460),0.867184 (0.784800 + 0.082384),0.857836 (0.775800 + 0.082036),0.868130 (0.785700 + 0.082430),0.863483 (0.781200 + 0.082283),0.868094 (0.785700 + 0.082394),0.872912 (0.790200 + 0.082712),0.854299 (0.772200 + 0.082099),0.853393 (0.771300 + 0.082093),0.875335 (0.793800 + 0.081535),0.856188 (0.774000 + 0.082188),0.858966 (0.776700 + 0.082266),0.860785 (0.778500 + 0.082285)
73,0.884181 (0.801900 + 0.082281),0.863503 (0.781200 + 0.082303),0.865661 (0.783000 + 0.082661),0.866408 (0.783900 + 0.082508),0.865480 (0.783000 + 0.082480),0.868951 (0.786600 + 0.082351),0.866347 (0.784800 + 0.081548),0.861647 (0.779400 + 0.082247),0.861653 (0.779400 + 0.082253),0.851534 (0.769500 + 0.082034),0.869491 (0.787500 + 0.081991),0.866500 (0.783900 + 0.082600),0.859395 (0.777600 + 0.081795),0.867729 (0.785700 + 0.082029),0.869412 (0.787500 + 0.081912),0.856778 (0.774900 + 0.081878),0.871577 (0.789300 + 0.082277),0.860801 (0.778500 + 0.082301),0.868828 (0.786600 + 0.082228),0.857525 (0.774900 + 0.082625),0.856407 (0.774000 + 0.082407),0.845021 (0.763200 + 0.081821),0.868760 (0.786600 + 0.082160),0.867263 (0.784800 + 0.082463),0.864092 (0.782100 + 0.081992),0.860022 (0.778500 + 0.081522),0.863424 (0.781200 + 0.082224),0.877649 (0.795600 + 0.082049),0.865634 (0.783900 + 0.081734),0.859554 (0.777600 + 0.081954),0.862356 (0.780300 + 0.082056),0.866425 (0.783900 + 0.082525),0.859841 (0.777600 + 0.082241),0.870114 (0.788400 + 0.081714),0.867697 (0.785700 + 0.081997),0.866969 (0.784800 + 0.082169),0.863304 (0.781200 + 0.082104),0.858112 (0.775800 + 0.082312),0.861820 (0.779400 + 0.082420),0.857364 (0.774900 + 0.082464),0.860746 (0.778500 + 0.082246),0.861944 (0.779400 + 0.082544),0.848458 (0.766800 + 0.081658),0.870979 (0.788400 + 0.082579),0.876372 (0.793800 + 0.082572),0.870879 (0.788400 + 0.082479),0.878735 (0.796500 + 0.082235),0.867103 (0.784800 + 0.082303),0.867239 (0.785700 + 0.081539),0.856296 (0.774000 + 0.082296),0.866918 (0.784800 + 0.082118),0.859928 (0.777600 + 0.082328),0.860146 (0.778500 + 0.081646),0.845565 (0.763200 + 0.082365),0.866104 (0.783900 + 0.082204),0.866737 (0.784800 + 0.081937),0.865471 (0.783000 + 0.082471),0.867918 (0.785700 + 0.082218),0.868072 (0.785700 + 0.082372),0.865278 (0.783000 + 0.082278),0.859285 (0.777600 + 0.081685),0.860633 (0.778500 + 0.082133),0.870170 (0.787500 + 0.082670),0.869830 (0.787500 + 0.082330),0.862693 (0.780300 + 0.082393),0.865718 (0.783000 + 0.082718),0.875601 (0.792900 + 0.082701),0.863502 (0.781200 + 0.082302),0.863925 (0.782100 + 0.081825),0.870550 (0.788400 + 0.082150),0.864764 (0.782100 + 0.082664),0.873316 (0.791100 + 0.082216),0.856139 (0.774000 + 0.082139),0.865786 (0.783900 + 0.081886),0.864007 (0.782100 + 0.081907),0.876372 (0.793800 + 0.082572),0.868948 (0.786600 + 0.082348),0.871260 (0.789300 + 0.081960),0.868094 (0.785700 + 0.082394),0.865167 (0.783000 + 0.082167)
74,0.884181 (0.801900 + 0.082281),0.867492 (0.785700 + 0.081792),0.869825 (0.787500 + 0.082326),0.859097 (0.776700 + 0.082397),0.865137 (0.783000 + 0.082137),0.864131 (0.782100 + 0.082031),0.868901 (0.786600 + 0.082301),0.871509 (0.789300 + 0.082209),0.869867 (0.787500 + 0.082367),0.869551 (0.787500 + 0.082051),0.875375 (0.792900 + 0.082475),0.869578 (0.787500 + 0.082079),0.851883 (0.769500 + 0.082383),0.859471 (0.777600 + 0.081871),0.866779 (0.784800 + 0.081979),0.870048 (0.787500 + 0.082548),0.879826 (0.797400 + 0.082426),0.851020 (0.768600 + 0.082420),0.863633 (0.781200 + 0.082433),0.860963 (0.778500 + 0.082463),0.864764 (0.782100 + 0.082664),0.853468 (0.771300 + 0.082168),0.862328 (0.780300 + 0.082029),0.857970 (0.775800 + 0.082170),0.862594 (0.780300 + 0.082294),0.868803 (0.786600 + 0.082203),0.854353 (0.772200 + 0.082153),0.868948 (0.786600 + 0.082348),0.868951 (0.786600 + 0.082351),0.869412 (0.787500 + 0.081912),0.867697 (0.785700 + 0.081997),0.869206 (0.786600 + 0.082606),0.859563 (0.777600 + 0.081963),0.876346 (0.794700 + 0.081646),0.858942 (0.776700 + 0.082242),0.866206 (0.783900 + 0.082306),0.872631 (0.790200 + 0.082431),0.865394 (0.783000 + 0.082394),0.866843 (0.784800 + 0.082043),0.864409 (0.782100 + 0.082309),0.860049 (0.777600 + 0.082449),0.864326 (0.782100 + 0.082226),0.867896 (0.785700 + 0.082196),0.861986 (0.779400 + 0.082586),0.873790 (0.792000 + 0.081790),0.864648 (0.783000 + 0.081648),0.858477 (0.776700 + 0.081777),0.866025 (0.783900 + 0.082125),0.865508 (0.783000 + 0.082508),0.865474 (0.783900 + 0.081574),0.864857 (0.783000 + 0.081857),0.867856 (0.785700 + 0.082156),0.869821 (0.787500 + 0.082321),0.861579 (0.779400 + 0.082179),0.865112 (0.783000 + 0.082112),0.860813 (0.778500 + 0.082313),0.863459 (0.781200 + 0.082259),0.869764 (0.787500 + 0.082264),0.854264 (0.772200 + 0.082064),0.859136 (0.776700 + 0.082436),0.857822 (0.775800 + 0.082022),0.850554 (0.768600 + 0.081954),0.864764 (0.782100 + 0.082664),0.866485 (0.783900 + 0.082585),0.861178 (0.779400 + 0.081778),0.869840 (0.787500 + 0.082340),0.864463 (0.782100 + 0.082363),0.862261 (0.780300 + 0.081961),0.867587 (0.785700 + 0.081887),0.870766 (0.788400 + 0.082366),0.855083 (0.773100 + 0.081983),0.870717 (0.788400 + 0.082317),0.870692 (0.788400 + 0.082292),0.866392 (0.783900 + 0.082492),0.869405 (0.786600 + 0.082805),0.867135 (0.784800 + 0.082335),0.862806 (0.780300 + 0.082506),0.866041 (0.783900 + 0.082141),0.877064 (0.794700 + 0.082364),0.859169 (0.777600 + 0.081569)
75,0.884181 (0.801900 + 0.082281),0.857654 (0.774900 + 0.082754),0.868676 (0.786600 + 0.082076),0.871208 (0.789300 + 0.081908),0.877400 (0.795600 + 0.081800),0.868803 (0.786600 + 0.082203),0.858642 (0.776700 + 0.081942),0.863334 (0.781200 + 0.082134),0.869466 (0.787500 + 0.081966),0.874163 (0.792000 + 0.082163),0.873198 (0.791100 + 0.082098),0.866670 (0.784800 + 0.081870),0.864438 (0.782100 + 0.082338),0.862111 (0.780300 + 0.081811),0.866356 (0.783900 + 0.082456),0.873790 (0.792000 + 0.081790),0.864409 (0.782100 + 0.082309),0.884181 (0.801900 + 0.082281),0.862404 (0.780300 + 0.082104),0.868991 (0.786600 + 0.082391),0.865621 (0.783000 + 0.082621),0.862061 (0.780300 + 0.081761),0.861896 (0.779400 + 0.082496),0.870934 (0.788400 + 0.082534),0.863377 (0.781200 + 0.082177),0.870743 (0.788400 + 0.082343),0.866598 (0.784800 + 0.081798),0.878880 (0.796500 + 0.082380),0.868951 (0.786600 + 0.082351),0.854515 (0.772200 + 0.082315),0.859055 (0.776700 + 0.082355),0.863120 (0.781200 + 0.081920),0.859517 (0.777600 + 0.081917),0.859243 (0.776700 + 0.082543),0.876378 (0.794700 + 0.081678),0.860100 (0.777600 + 0.082500),0.866000 (0.783900 + 0.082100),0.850023 (0.767700 + 0.082323),0.869284 (0.787500 + 0.081784),0.861413 (0.779400 + 0.082013),0.859075 (0.777600 + 0.081475),0.856700 (0.774900 + 0.081800),0.869111 (0.786600 + 0.082511),0.876911 (0.794700 + 0.082211),0.864454 (0.782100 + 0.082354),0.866041 (0.783900 + 0.082141),0.849180 (0.766800 + 0.082380),0.880001 (0.798300 + 0.081701),0.862832 (0.781200 + 0.081632),0.855148 (0.773100 + 0.082048),0.874102 (0.792000 + 0.082102),0.876346 (0.794700 + 0.081646),0.868951 (0.786600 + 0.082351),0.863003 (0.781200 + 0.081803),0.866206 (0.783900 + 0.082306),0.869787 (0.787500 + 0.082287),0.864580 (0.783000 + 0.081580),0.869821 (0.787500 + 0.082321),0.863459 (0.781200 + 0.082259),0.855363 (0.773100 + 0.082263),0.867949 (0.785700 + 0.082249),0.864051 (0.782100 + 0.081951),0.852385 (0.770400 + 0.081985),0.868859 (0.786600 + 0.082259),0.870988 (0.788400 + 0.082588),0.855255 (0.773100 + 0.082155),0.869129 (0.786600 + 0.082529),0.858349 (0.775800 + 0.082549),0.876317 (0.793800 + 0.082517),0.874716 (0.792000 + 0.082716),0.870698 (0.788400 + 0.082298),0.863366 (0.781200 + 0.082166),0.871656 (0.789300 + 0.082356),0.859563 (0.777600 + 0.081963),0.859169 (0.777600 + 0.081569),0.870056 (0.788400 + 0.081656),0.852456 (0.770400 + 0.082056),0.865416 (0.783000 + 0.082416),0.860729 (0.778500 + 0.082229),0.854196 (0.772200 + 0.081996)
76,0.884181 (0.801900 + 0.082281),0.864947 (0.783000 + 0.081947),0.867048 (0.784800 + 0.082248),0.868596 (0.786600 + 0.081996),0.873372 (0.791100 + 0.082272),0.870054 (0.788400 + 0.081654),0.869203 (0.787500 + 0.081703),0.870048 (0.787500 + 0.082548),0.861344 (0.779400 + 0.081944),0.863841 (0.781200 + 0.082641),0.858406 (0.776700 + 0.081706),0.878923 (0.796500 + 0.082423),0.850279 (0.768600 + 0.081679),0.860866 (0.778500 + 0.082366),0.865556 (0.783000 + 0.082556),0.884181 (0.801900 + 0.082281),0.855167 (0.774000 + 0.081167),0.848820 (0.766800 + 0.082020),0.869345 (0.787500 + 0.081845),0.857337 (0.774900 + 0.082437),0.858604 (0.776700 + 0.081904),0.876346 (0.794700 + 0.081646),0.860754 (0.779400 + 0.081354),0.862634 (0.780300 + 0.082334),0.872918 (0.790200 + 0.082718),0.862655 (0.780300 + 0.082355),0.871872 (0.790200 + 0.081672),0.872852 (0.791100 + 0.081752),0.867879 (0.785700 + 0.082179),0.871567 (0.789300 + 0.082267),0.866112 (0.783900 + 0.082212),0.854958 (0.773100 + 0.081858),0.861042 (0.778500 + 0.082542),0.857093 (0.774900 + 0.082193),0.872326 (0.790200 + 0.082126),0.855271 (0.773100 + 0.082171),0.863921 (0.782100 + 0.081821),0.868268 (0.785700 + 0.082568),0.848968 (0.766800 + 0.082168),0.872549 (0.790200 + 0.082349),0.875252 (0.793800 + 0.081452),0.872708 (0.790200 + 0.082508),0.868861 (0.786600 + 0.082261),0.860519 (0.778500 + 0.082019),0.869004 (0.787500 + 0.081504),0.877202 (0.795600 + 0.081602),0.849169 (0.767700 + 0.081469),0.868419 (0.786600 + 0.081819),0.878162 (0.795600 + 0.082562),0.863095 (0.781200 + 0.081895),0.866274 (0.783900 + 0.082374),0.867081 (0.784800 + 0.082281),0.863953 (0.782100 + 0.081853),0.871613 (0.789300 + 0.082313),0.868245 (0.785700 + 0.082545),0.850736 (0.768600 + 0.082136),0.869504 (0.787500 + 0.082004),0.864443 (0.782100 + 0.082343),0.877975 (0.795600 + 0.082375),0.865023 (0.783000 + 0.082023),0.873925 (0.792000 + 0.081925),0.874429 (0.792000 + 0.082429),0.859803 (0.777600 + 0.082203),0.865087 (0.783000 + 0.082087),0.877950 (0.795600 + 0.082350),0.876146 (0.793800 + 0.082346),0.869638 (0.787500 + 0.082138),0.851736 (0.769500 + 0.082236),0.858616 (0.776700 + 0.081916),0.870056 (0.788400 + 0.081656),0.880001 (0.798300 + 0.081701),0.884181 (0.801900 + 0.082281),0.871656 (0.789300 + 0.082356),0.870797 (0.788400 + 0.082397),0.859563 (0.777600 + 0.081963),0.870934 (0.788400 + 0.082534),0.866000 (0.783900 + 0.082100),0.871905 (0.789300 + 0.082605),0.860200 (0.778500 + 0.081700),0.867480 (0.784800 + 0.082680)
77,0.884181 (0.801900 + 0.082281),0.871554 (0.789300 + 0.082254),0.854948 (0.773100 + 0.081848),0.875893 (0.793800 + 0.082093),0.872740 (0.790200 + 0.082540),0.862898 (0.781200 + 0.081698),0.845403 (0.763200 + 0.082204),0.864929 (0.783000 + 0.081929),0.859610 (0.777600 + 0.082010),0.875252 (0.793800 + 0.081452),0.858127 (0.776700 + 0.081427),0.867487 (0.785700 + 0.081787),0.863602 (0.781200 + 0.082402),0.878923 (0.796500 + 0.082423),0.884181 (0.801900 + 0.082281),0.871243 (0.789300 + 0.081943),0.863132 (0.781200 + 0.081933),0.862100 (0.780300 + 0.081800),0.858290 (0.775800 + 0.082490),0.865141 (0.783000 + 0.082141),0.877599 (0.795600 + 0.081999),0.860903 (0.779400 + 0.081503),0.874197 (0.792000 + 0.082197),0.856635 (0.774900 + 0.081735),0.865806 (0.783900 + 0.081906),0.864137 (0.782100 + 0.082037),0.875277 (0.792900 + 0.082377),0.876157 (0.793800 + 0.082357),0.874592 (0.792000 + 0.082592),0.858633 (0.776700 + 0.081933),0.871579 (0.789300 + 0.082279),0.874616 (0.792000 + 0.082616),0.854682 (0.772200 + 0.082482),0.861700 (0.779400 + 0.082300),0.862864 (0.781200 + 0.081664),0.863231 (0.781200 + 0.082031),0.874439 (0.792000 + 0.082439),0.867991 (0.785700 + 0.082291),0.873629 (0.791100 + 0.082529),0.870785 (0.788400 + 0.082385),0.863602 (0.781200 + 0.082402),0.863883 (0.781200 + 0.082683),0.851965 (0.769500 + 0.082465),0.878162 (0.795600 + 0.082562),0.868596 (0.786600 + 0.081996),0.855039 (0.773100 + 0.081939),0.871640 (0.789300 + 0.082340),0.863430 (0.781200 + 0.082230),0.861983 (0.780300 + 0.081683),0.859559 (0.777600 + 0.081960),0.868007 (0.785700 + 0.082307),0.853006 (0.771300 + 0.081706),0.857448 (0.775800 + 0.081648),0.872354 (0.790200 + 0.082154),0.861126 (0.779400 + 0.081726),0.884181 (0.801900 + 0.082281),0.872326 (0.790200 + 0.082126),0.876146 (0.793800 + 0.082346),0.855064 (0.773100 + 0.081964),0.870658 (0.788400 + 0.082258),0.869279 (0.787500 + 0.081779),0.858886 (0.776700 + 0.082186),0.861177 (0.779400 + 0.081777),0.868891 (0.786600 + 0.082291),0.861024 (0.778500 + 0.082524),0.873372 (0.791100 + 0.082272),0.869638 (0.787500 + 0.082138),0.870621 (0.788400 + 0.082221),0.867096 (0.784800 + 0.082296),0.861068 (0.779400 + 0.081668),0.864434 (0.782100 + 0.082334),0.877975 (0.795600 + 0.082375),0.866112 (0.783900 + 0.082212),0.853351 (0.771300 + 0.082051),0.852700 (0.770400 + 0.082300),0.857215 (0.774900 + 0.082315),0.872326 (0.790200 + 0.082126),0.863599 (0.782100 + 0.081499),0.870726 (0.789300 + 0.081426),0.856624 (0.774900 + 0.081724)
78,0.884181 (0.801900 + 0.082281),0.871014 (0.788400 + 0.082614),0.876898 (0.794700 + 0.082198),0.861225 (0.779400 + 0.081825),0.870645 (0.788400 + 0.082245),0.868494 (0.786600 + 0.081894),0.864444 (0.782100 + 0.082344),0.866511 (0.784800 + 0.081711),0.873429 (0.791100 + 0.082329),0.876042 (0.793800 + 0.082242),0.864839 (0.783000 + 0.081839),0.867275 (0.784800 + 0.082475),0.873445 (0.791100 + 0.082345),0.872740 (0.790200 + 0.082540),0.869766 (0.787500 + 0.082266),0.869279 (0.787500 + 0.081779),0.865141 (0.783000 + 0.082141),0.878959 (0.797400 + 0.081559),0.853648 (0.771300 + 0.082348),0.864777 (0.782100 + 0.082677),0.870432 (0.788400 + 0.082032),0.875277 (0.792900 + 0.082377),0.853006 (0.771300 + 0.081706),0.860833 (0.778500 + 0.082333),0.863190 (0.781200 + 0.081990),0.870013 (0.787500 + 0.082513),0.864312 (0.783000 + 0.081312),0.855337 (0.773100 + 0.082237),0.864728 (0.783000 + 0.081728),0.870404 (0.788400 + 0.082004),0.857883 (0.775800 + 0.082083),0.867584 (0.785700 + 0.081884),0.848785 (0.766800 + 0.081985),0.864835 (0.783000 + 0.081835),0.869279 (0.787500 + 0.081779),0.858386 (0.776700 + 0.081686),0.862385 (0.780300 + 0.082085),0.870361 (0.788400 + 0.081961),0.867439 (0.784800 + 0.082639),0.854166 (0.772200 + 0.081966),0.863577 (0.781200 + 0.082377),0.862842 (0.780300 + 0.082542),0.874439 (0.792000 + 0.082439),0.863845 (0.781200 + 0.082645),0.874164 (0.792000 + 0.082164),0.877043 (0.794700 + 0.082343),0.863616 (0.781200 + 0.082416),0.872326 (0.790200 + 0.082126),0.861700 (0.779400 + 0.082300),0.884181 (0.801900 + 0.082281),0.870726 (0.789300 + 0.081426),0.866961 (0.784800 + 0.082161),0.868733 (0.786600 + 0.082133),0.867985 (0.785700 + 0.082285),0.855135 (0.773100 + 0.082035),0.874976 (0.792900 + 0.082076),0.852320 (0.770400 + 0.081920),0.865170 (0.783000 + 0.082170),0.861554 (0.779400 + 0.082154),0.858263 (0.775800 + 0.082463),0.873582 (0.792000 + 0.081582),0.870874 (0.788400 + 0.082474),0.851867 (0.769500 + 0.082367),0.863816 (0.781200 + 0.082616),0.853337 (0.771300 + 0.082037),0.870240 (0.788400 + 0.081840),0.864704 (0.782100 + 0.082604),0.864050 (0.782100 + 0.081950),0.871251 (0.789300 + 0.081951),0.864966 (0.783000 + 0.081966),0.873228 (0.791100 + 0.082128),0.867198 (0.784800 + 0.082398),0.858785 (0.776700 + 0.082085),0.860325 (0.778500 + 0.081825),0.861597 (0.779400 + 0.082197),0.864427 (0.782100 + 0.082327),0.866107 (0.783900 + 0.082207),0.873171 (0.791100 + 0.082071),0.860250 (0.778500 + 0.081750),0.861762 (0.779400 + 0.082362)
79,0.884181 (0.801900 + 0.082281),0.871985 (0.790200 + 0.081785),0.874671 (0.792900 + 0.081771),0.861622 (0.779400 + 0.082222),0.856805 (0.774900 + 0.081905),0.871014 (0.788400 + 0.082614),0.884181 (0.801900 + 0.082281),0.859660 (0.777600 + 0.082060),0.866809 (0.784800 + 0.082009),0.850904 (0.768600 + 0.082304),0.876266 (0.793800 + 0.082466),0.871852 (0.790200 + 0.081652),0.868733 (0.786600 + 0.082133),0.875033 (0.792900 + 0.082133),0.877103 (0.795600 + 0.081503),0.862664 (0.780300 + 0.082364),0.851452 (0.769500 + 0.081952),0.884181 (0.801900 + 0.082281),0.870645 (0.788400 + 0.082245),0.862304 (0.780300 + 0.082004),0.843083 (0.761400 + 0.081683),0.865038 (0.783000 + 0.082038),0.870197 (0.788400 + 0.081797),0.858133 (0.776700 + 0.081433),0.870240 (0.788400 + 0.081840),0.865734 (0.783000 + 0.082734),0.858916 (0.776700 + 0.082216),0.851569 (0.769500 + 0.082069),0.876178 (0.793800 + 0.082378),0.870303 (0.788400 + 0.081903),0.869943 (0.787500 + 0.082443),0.857796 (0.775800 + 0.081996),0.871414 (0.789300 + 0.082114),0.867076 (0.784800 + 0.082276),0.860120 (0.778500 + 0.081620),0.874048 (0.792000 + 0.082047),0.863436 (0.781200 + 0.082236),0.861662 (0.779400 + 0.082262),0.872078 (0.790200 + 0.081878),0.871149 (0.789300 + 0.081849),0.856958 (0.774900 + 0.082058),0.869091 (0.786600 + 0.082491),0.864484 (0.782100 + 0.082384),0.851629 (0.769500 + 0.082129),0.871251 (0.789300 + 0.081951),0.867156 (0.784800 + 0.082356),0.867584 (0.785700 + 0.081884),0.868109 (0.785700 + 0.082409),0.862107 (0.779400 + 0.082707),0.873439 (0.791100 + 0.082340),0.875325 (0.793800 + 0.081525),0.873282 (0.791100 + 0.082182),0.867085 (0.784800 + 0.082285),0.856727 (0.774900 + 0.081827),0.872078 (0.790200 + 0.081878),0.864441 (0.782100 + 0.082341),0.837685 (0.756000 + 0.081685),0.846316 (0.765000 + 0.081316),0.874036 (0.792000 + 0.082036),0.863370 (0.781200 + 0.082170),0.862407 (0.780300 + 0.082107),0.867068 (0.784800 + 0.082268),0.860741 (0.779400 + 0.081341),0.860535 (0.778500 + 0.082035),0.866025 (0.783900 + 0.082125),0.868464 (0.786600 + 0.081864),0.857797 (0.775800 + 0.081997),0.859674 (0.777600 + 0.082074),0.857361 (0.775800 + 0.081561),0.870184 (0.788400 + 0.081784),0.862279 (0.780300 + 0.081979),0.863259 (0.781200 + 0.082059),0.866117 (0.783900 + 0.082217),0.853282 (0.771300 + 0.081982),0.884181 (0.801900 + 0.082281),0.868675 (0.786600 + 0.082075),0.859219 (0.777600 + 0.081619),0.868214 (0.786600 + 0.081614),0.863236 (0.782100 + 0.081136),0.865911 (0.783900 + 0.082011)
80,0.884181 (0.801900 + 0.082281),0.856270 (0.774000 + 0.082270),0.868733 (0.786600 + 0.082133),0.864637 (0.782100 + 0.082537),0.872522 (0.790200 + 0.082322),0.871823 (0.790200 + 0.081623),0.870629 (0.788400 + 0.082229),0.874036 (0.792000 + 0.082036),0.866204 (0.783900 + 0.082304),0.864347 (0.783000 + 0.081347),0.856945 (0.774900 + 0.082045),0.875664 (0.793800 + 0.081864),0.867071 (0.784800 + 0.082271),0.860269 (0.778500 + 0.081769),0.872206 (0.790200 + 0.082006),0.874990 (0.792900 + 0.082090),0.858062 (0.775800 + 0.082262),0.862319 (0.780300 + 0.082019),0.868458 (0.786600 + 0.081858),0.859775 (0.777600 + 0.082175),0.861360 (0.779400 + 0.081960),0.866495 (0.784800 + 0.081695),0.863035 (0.781200 + 0.081835),0.865919 (0.783900 + 0.082019),0.866964 (0.784800 + 0.082164),0.865036 (0.783000 + 0.082036),0.867085 (0.784800 + 0.082285),0.859586 (0.777600 + 0.081986),0.860954 (0.778500 + 0.082454),0.868097 (0.786600 + 0.081497),0.867125 (0.784800 + 0.082325),0.868368 (0.786600 + 0.081768),0.858960 (0.777600 + 0.081360),0.871975 (0.790200 + 0.081775),0.865854 (0.783900 + 0.081954),0.869897 (0.787500 + 0.082398),0.868060 (0.786600 + 0.081460),0.871720 (0.789300 + 0.082421),0.858564 (0.776700 + 0.081864),0.872311 (0.790200 + 0.082111),0.866330 (0.783900 + 0.082430),0.859494 (0.777600 + 0.081894),0.861172 (0.779400 + 0.081772),0.872078 (0.790200 + 0.081878),0.871014 (0.788400 + 0.082614),0.871820 (0.790200 + 0.081620),0.877733 (0.795600 + 0.082133),0.869330 (0.787500 + 0.081830),0.865474 (0.783900 + 0.081574),0.863371 (0.781200 + 0.082171),0.860852 (0.779400 + 0.081452),0.864083 (0.782100 + 0.081983),0.874315 (0.792000 + 0.082315),0.873181 (0.791100 + 0.082081),0.877371 (0.795600 + 0.081771),0.859762 (0.777600 + 0.082162),0.858315 (0.776700 + 0.081615),0.867896 (0.785700 + 0.082196),0.865790 (0.783900 + 0.081890),0.864704 (0.782100 + 0.082604),0.874412 (0.792000 + 0.082412),0.862589 (0.780300 + 0.082289),0.866549 (0.783900 + 0.082649),0.865597 (0.783000 + 0.082597),0.862664 (0.780300 + 0.082364),0.867587 (0.785700 + 0.081887),0.868382 (0.786600 + 0.081782),0.864069 (0.782100 + 0.081969),0.860620 (0.778500 + 0.082120),0.862613 (0.780300 + 0.082313),0.884181 (0.801900 + 0.082281),0.856112 (0.774000 + 0.082112),0.859674 (0.777600 + 0.082074),0.876985 (0.794700 + 0.082285),0.866898 (0.784800 + 0.082098),0.852633 (0.770400 + 0.082233),0.872388 (0.790200 + 0.082188),0.867279 (0.785700 + 0.081579),0.879586 (0.797400 + 0.082186),0.875033 (0.792900 + 0.082133)
81,0.884181 (0.801900 + 0.082281),0.865995 (0.783900 + 0.082095),0.866963 (0.784800 + 0.082163),0.883892 (0.801900 + 0.081992),0.869998 (0.787500 + 0.082498),0.864032 (0.783000 + 0.081032),0.863380 (0.781200 + 0.082180),0.857402 (0.774900 + 0.082502),0.864011 (0.782100 + 0.081911),0.860742 (0.778500 + 0.082242),0.873554 (0.791100 + 0.082454),0.870060 (0.788400 + 0.081660),0.864422 (0.782100 + 0.082322),0.863999 (0.782100 + 0.081899),0.871521 (0.789300 + 0.082221),0.857532 (0.775800 + 0.081732),0.859216 (0.777600 + 0.081616),0.877733 (0.795600 + 0.082133),0.879586 (0.797400 + 0.082186),0.862302 (0.780300 + 0.082002),0.870758 (0.789300 + 0.081458),0.854059 (0.772200 + 0.081859),0.858500 (0.776700 + 0.081800),0.857723 (0.775800 + 0.081923),0.874194 (0.792000 + 0.082194),0.884181 (0.801900 + 0.082281),0.877371 (0.795600 + 0.081771),0.874943 (0.792900 + 0.082043),0.863238 (0.781200 + 0.082038),0.859785 (0.777600 + 0.082185),0.879575 (0.797400 + 0.082176),0.878817 (0.796500 + 0.082317),0.856150 (0.774000 + 0.082150),0.865043 (0.783000 + 0.082043),0.868368 (0.786600 + 0.081768),0.866472 (0.783900 + 0.082572),0.864437 (0.782100 + 0.082337),0.868007 (0.785700 + 0.082307),0.864637 (0.782100 + 0.082537),0.865020 (0.783000 + 0.082020),0.861981 (0.780300 + 0.081681),0.876789 (0.794700 + 0.082089),0.861497 (0.779400 + 0.082097),0.873461 (0.792000 + 0.081461),0.876574 (0.794700 + 0.081874),0.859228 (0.776700 + 0.082528),0.879336 (0.797400 + 0.081936),0.872523 (0.790200 + 0.082323),0.864512 (0.782100 + 0.082412),0.862288 (0.780300 + 0.081988),0.870383 (0.788400 + 0.081983),0.869082 (0.786600 + 0.082482),0.869015 (0.786600 + 0.082415),0.877957 (0.795600 + 0.082357),0.863159 (0.781200 + 0.081959),0.867012 (0.784800 + 0.082212),0.858787 (0.776700 + 0.082087),0.867403 (0.785700 + 0.081703),0.861490 (0.779400 + 0.082090),0.872206 (0.790200 + 0.082006),0.871720 (0.789300 + 0.082421),0.875122 (0.792900 + 0.082222),0.866073 (0.783900 + 0.082173),0.867587 (0.785700 + 0.081887),0.864704 (0.782100 + 0.082604),0.869866 (0.787500 + 0.082366),0.866234 (0.784800 + 0.081435),0.877890 (0.795600 + 0.082290),0.871746 (0.789300 + 0.082446),0.873323 (0.791100 + 0.082223),0.872577 (0.790200 + 0.082378),0.861767 (0.779400 + 0.082367),0.866451 (0.784800 + 0.081651),0.878448 (0.796500 + 0.081948),0.850793 (0.768600 + 0.082193),0.873116 (0.791100 + 0.082016),0.865730 (0.783900 + 0.081830),0.877371 (0.795600 + 0.081771),0.874036 (0.792000 + 0.082036),0.857137 (0.775800 + 0.081337)
82,0.884181 (0.801900 + 0.082281),0.861315 (0.779400 + 0.081915),0.859791 (0.778500 + 0.081291),0.869562 (0.787500 + 0.082062),0.873280 (0.791100 + 0.082180),0.861618 (0.779400 + 0.082218),0.868886 (0.786600 + 0.082286),0.872480 (0.790200 + 0.082280),0.878055 (0.795600 + 0.082455),0.871148 (0.789300 + 0.081848),0.875656 (0.793800 + 0.081856),0.858973 (0.776700 + 0.082273),0.866863 (0.784800 + 0.082063),0.863439 (0.781200 + 0.082239),0.860764 (0.778500 + 0.082264),0.868008 (0.785700 + 0.082308),0.858526 (0.776700 + 0.081826),0.876200 (0.794700 + 0.081500),0.864925 (0.783000 + 0.081925),0.856706 (0.774900 + 0.081806),0.879485 (0.797400 + 0.082085),0.860320 (0.778500 + 0.081820),0.866197 (0.783900 + 0.082297),0.874194 (0.792000 + 0.082194),0.860623 (0.778500 + 0.082123),0.870818 (0.788400 + 0.082418),0.858070 (0.775800 + 0.082270),0.866449 (0.783900 + 0.082549),0.874354 (0.792000 + 0.082354),0.883892 (0.801900 + 0.081992),0.869866 (0.787500 + 0.082366),0.855075 (0.773100 + 0.081975),0.864803 (0.783000 + 0.081803),0.863741 (0.782100 + 0.081641),0.863261 (0.781200 + 0.082061),0.866968 (0.784800 + 0.082168),0.864637 (0.782100 + 0.082537),0.855060 (0.773100 + 0.081960),0.859826 (0.777600 + 0.082226),0.866749 (0.784800 + 0.081949),0.866771 (0.784800 + 0.081971),0.873461 (0.792000 + 0.081461),0.873461 (0.792000 + 0.081461),0.867781 (0.785700 + 0.082081),0.862688 (0.781200 + 0.081488),0.866648 (0.784800 + 0.081848),0.873584 (0.792000 + 0.081584),0.884181 (0.801900 + 0.082281),0.883892 (0.801900 + 0.081992),0.870911 (0.788400 + 0.082511),0.870025 (0.787500 + 0.082525),0.868800 (0.786600 + 0.082200),0.871418 (0.789300 + 0.082118),0.863325 (0.781200 + 0.082125),0.879445 (0.797400 + 0.082045),0.876510 (0.794700 + 0.081810),0.866215 (0.783900 + 0.082315),0.851556 (0.770400 + 0.081156),0.864011 (0.782100 + 0.081911),0.868140 (0.785700 + 0.082440),0.865646 (0.783000 + 0.082646),0.879552 (0.797400 + 0.082152),0.858896 (0.776700 + 0.082196),0.856982 (0.774900 + 0.082082),0.859599 (0.777600 + 0.081999),0.872468 (0.790200 + 0.082268),0.859559 (0.777600 + 0.081959),0.865522 (0.783900 + 0.081622),0.864233 (0.782100 + 0.082133),0.857738 (0.775800 + 0.081938),0.875253 (0.792900 + 0.082353),0.874799 (0.792900 + 0.081899),0.871750 (0.790200 + 0.081550),0.877781 (0.795600 + 0.082181),0.882386 (0.800100 + 0.082286),0.863438 (0.781200 + 0.082239),0.865523 (0.783900 + 0.081623),0.868499 (0.786600 + 0.081899),0.871709 (0.789300 + 0.082409),0.864672 (0.783000 + 0.081672)
83,0.884181 (0.801900 + 0.082281),0.873009 (0.791100 + 0.081909),0.861274 (0.779400 + 0.081874),0.852051 (0.769500 + 0.082551),0.852985 (0.771300 + 0.081685),0.857362 (0.774900 + 0.082462),0.868130 (0.785700 + 0.082430),0.879552 (0.797400 + 0.082152),0.873569 (0.791100 + 0.082469),0.852744 (0.770400 + 0.082344),0.871709 (0.789300 + 0.082409),0.866936 (0.784800 + 0.082136),0.850927 (0.769500 + 0.081427),0.864704 (0.782100 + 0.082604),0.862554 (0.780300 + 0.082254),0.884181 (0.801900 + 0.082281),0.855181 (0.773100 + 0.082081),0.868698 (0.786600 + 0.082098),0.872932 (0.791100 + 0.081832),0.861738 (0.779400 + 0.082338),0.859613 (0.777600 + 0.082013),0.875075 (0.792900 + 0.082175),0.867246 (0.784800 + 0.082446),0.874420 (0.792000 + 0.082420),0.873312 (0.791100 + 0.082212),0.881446 (0.799200 + 0.082246),0.862396 (0.780300 + 0.082096),0.875594 (0.793800 + 0.081794),0.850291 (0.767700 + 0.082591),0.869772 (0.787500 + 0.082272),0.876256 (0.794700 + 0.081556),0.862353 (0.780300 + 0.082053),0.867196 (0.784800 + 0.082396),0.859502 (0.777600 + 0.081903),0.871704 (0.790200 + 0.081503),0.851723 (0.769500 + 0.082223),0.864637 (0.782100 + 0.082537),0.863927 (0.782100 + 0.081827),0.878151 (0.796500 + 0.081651),0.869500 (0.787500 + 0.082000),0.870645 (0.788400 + 0.082245),0.866665 (0.784800 + 0.081865),0.873746 (0.792000 + 0.081746),0.865923 (0.783900 + 0.082023),0.864293 (0.782100 + 0.082193),0.863438 (0.781200 + 0.082239),0.858526 (0.776700 + 0.081826),0.867260 (0.785700 + 0.081560),0.866024 (0.783900 + 0.082124),0.860040 (0.777600 + 0.082440),0.859571 (0.777600 + 0.081971),0.861525 (0.779400 + 0.082125),0.868336 (0.786600 + 0.081737),0.859886 (0.777600 + 0.082286),0.869786 (0.787500 + 0.082286),0.861397 (0.779400 + 0.081997),0.860408 (0.778500 + 0.081908),0.871352 (0.789300 + 0.082052),0.866569 (0.784800 + 0.081769),0.863502 (0.781200 + 0.082302),0.864157 (0.782100 + 0.082057),0.884181 (0.801900 + 0.082281),0.867781 (0.785700 + 0.082081),0.868076 (0.785700 + 0.082376),0.854740 (0.773100 + 0.081640),0.874054 (0.792000 + 0.082054),0.862380 (0.780300 + 0.082080),0.862620 (0.781200 + 0.081420),0.861605 (0.779400 + 0.082205),0.849706 (0.767700 + 0.082006),0.868314 (0.785700 + 0.082614),0.865385 (0.783000 + 0.082385),0.872350 (0.790200 + 0.082150),0.871148 (0.789300 + 0.081848),0.871148 (0.789300 + 0.081848),0.873677 (0.792000 + 0.081677),0.870579 (0.788400 + 0.082179),0.867850 (0.785700 + 0.082150),0.878583 (0.796500 + 0.082083),0.855747 (0.774000 + 0.081747)
84,0.884181 (0.801900 + 0.082281),0.867762 (0.785700 + 0.082062),0.861014 (0.779400 + 0.081614),0.864918 (0.783000 + 0.081918),0.868793 (0.786600 + 0.082193),0.866141 (0.783900 + 0.082241),0.859682 (0.777600 + 0.082082),0.861011 (0.779400 + 0.081611),0.866372 (0.784800 + 0.081572),0.868028 (0.786600 + 0.081428),0.867068 (0.784800 + 0.082268),0.859773 (0.778500 + 0.081273),0.857377 (0.775800 + 0.081577),0.870239 (0.788400 + 0.081839),0.863522 (0.781200 + 0.082322),0.873746 (0.792000 + 0.081746),0.867246 (0.784800 + 0.082446),0.864840 (0.783000 + 0.081840),0.866060 (0.783900 + 0.082160),0.860077 (0.778500 + 0.081577),0.857496 (0.775800 + 0.081696),0.866103 (0.783900 + 0.082203),0.866196 (0.783900 + 0.082296),0.870390 (0.788400 + 0.081990),0.855770 (0.774000 + 0.081770),0.868467 (0.786600 + 0.081867),0.869657 (0.787500 + 0.082157),0.848162 (0.765900 + 0.082262),0.879433 (0.797400 + 0.082033),0.867770 (0.785700 + 0.082070),0.854471 (0.773100 + 0.081371),0.876263 (0.794700 + 0.081563),0.869264 (0.787500 + 0.081764),0.859570 (0.777600 + 0.081970),0.866441 (0.784800 + 0.081641),0.866034 (0.783900 + 0.082134),0.862989 (0.781200 + 0.081789),0.872350 (0.790200 + 0.082150),0.871148 (0.789300 + 0.081848),0.866569 (0.784800 + 0.081769),0.863339 (0.781200 + 0.082139),0.872870 (0.791100 + 0.081770),0.856820 (0.774900 + 0.081920),0.879552 (0.797400 + 0.082152),0.869676 (0.787500 + 0.082176),0.866911 (0.784800 + 0.082111),0.880298 (0.798300 + 0.081998),0.872350 (0.790200 + 0.082150),0.856044 (0.774000 + 0.082044),0.871704 (0.790200 + 0.081503),0.858526 (0.776700 + 0.081826),0.859805 (0.777600 + 0.082205),0.864168 (0.782100 + 0.082068),0.873434 (0.791100 + 0.082334),0.859583 (0.777600 + 0.081983),0.872034 (0.790200 + 0.081834),0.870322 (0.788400 + 0.081922),0.878663 (0.796500 + 0.082163),0.863792 (0.781200 + 0.082592),0.874479 (0.792900 + 0.081579),0.876449 (0.794700 + 0.081749),0.868113 (0.785700 + 0.082413),0.866024 (0.783900 + 0.082124),0.875043 (0.792900 + 0.082143),0.868389 (0.786600 + 0.081789),0.860051 (0.777600 + 0.082451),0.858562 (0.776700 + 0.081862),0.875939 (0.793800 + 0.082139),0.862382 (0.780300 + 0.082082),0.869860 (0.787500 + 0.082360),0.870444 (0.788400 + 0.082044),0.861749 (0.780300 + 0.081449),0.864269 (0.782100 + 0.082169),0.861747 (0.779400 + 0.082347),0.863378 (0.781200 + 0.082178),0.875126 (0.792900 + 0.082226),0.866643 (0.784800 + 0.081843),0.860767 (0.778500 + 0.082267),0.862274 (0.780300 + 0.081974),0.878808 (0.796500 + 0.082308)
85,0.884181 (0.801900 + 0.082281),0.858455 (0.776700 + 0.081755),0.865434 (0.783000 + 0.082434),0.870303 (0.788400 + 0.081903),0.864932 (0.783000 + 0.081932),0.853192 (0.771300 + 0.081892),0.877527 (0.795600 + 0.081927),0.866103 (0.783900 + 0.082203),0.873614 (0.792000 + 0.081614),0.871614 (0.789300 + 0.082314),0.859492 (0.777600 + 0.081892),0.872453 (0.790200 + 0.082253),0.884181 (0.801900 + 0.082281),0.870162 (0.788400 + 0.081762),0.853302 (0.771300 + 0.082002),0.876601 (0.794700 + 0.081901),0.860562 (0.778500 + 0.082062),0.865451 (0.783000 + 0.082451),0.866493 (0.783900 + 0.082593),0.863635 (0.782100 + 0.081535),0.868005 (0.785700 + 0.082305),0.870433 (0.788400 + 0.082033),0.877312 (0.795600 + 0.081712),0.879552 (0.797400 + 0.082152),0.869470 (0.787500 + 0.081970),0.873760 (0.792000 + 0.081760),0.865582 (0.783900 + 0.081682),0.874728 (0.792900 + 0.081828),0.865700 (0.783900 + 0.081800),0.876148 (0.793800 + 0.082348),0.872121 (0.790200 + 0.081921),0.863129 (0.781200 + 0.081929),0.863985 (0.782100 + 0.081885),0.865237 (0.783000 + 0.082237),0.872038 (0.790200 + 0.081838),0.874421 (0.792000 + 0.082421),0.876865 (0.794700 + 0.082165),0.862588 (0.780300 + 0.082288),0.873705 (0.792000 + 0.081705),0.857181 (0.774900 + 0.082281),0.876846 (0.794700 + 0.082146),0.856883 (0.774900 + 0.081983),0.870225 (0.788400 + 0.081825),0.862084 (0.780300 + 0.081784),0.870581 (0.788400 + 0.082181),0.871931 (0.790200 + 0.081731),0.864654 (0.783000 + 0.081654),0.872870 (0.791100 + 0.081770),0.857351 (0.775800 + 0.081551),0.869223 (0.787500 + 0.081723),0.861711 (0.780300 + 0.081411),0.870592 (0.788400 + 0.082192),0.854110 (0.772200 + 0.081910),0.859977 (0.778500 + 0.081478),0.871004 (0.788400 + 0.082604),0.866643 (0.784800 + 0.081843),0.875043 (0.792900 + 0.082143),0.874479 (0.792900 + 0.081579),0.866034 (0.783900 + 0.082134),0.856877 (0.774900 + 0.081977),0.866911 (0.784800 + 0.082111),0.862099 (0.780300 + 0.081799),0.868093 (0.786600 + 0.081493),0.876849 (0.794700 + 0.082149),0.861219 (0.779400 + 0.081819),0.868956 (0.786600 + 0.082356),0.864361 (0.782100 + 0.082261),0.856624 (0.774900 + 0.081724),0.855131 (0.773100 + 0.082031),0.880298 (0.798300 + 0.081998),0.869860 (0.787500 + 0.082360),0.868389 (0.786600 + 0.081789),0.856341 (0.774000 + 0.082341),0.869946 (0.788400 + 0.081546),0.869709 (0.787500 + 0.082209),0.860449 (0.778500 + 0.081949),0.866615 (0.784800 + 0.081816),0.871896 (0.790200 + 0.081696),0.869078 (0.787500 + 0.081578),0.871633 (0.790200 + 0.081433)
86,0.884181 (0.801900 + 0.082281),0.880298 (0.798300 + 0.081998),0.876601 (0.794700 + 0.081901),0.859331 (0.777600 + 0.081731),0.865490 (0.783900 + 0.081590),0.857781 (0.775800 + 0.081981),0.876849 (0.794700 + 0.082149),0.863426 (0.781200 + 0.082226),0.874987 (0.792900 + 0.082087),0.867483 (0.785700 + 0.081783),0.881743 (0.800100 + 0.081643),0.862053 (0.780300 + 0.081753),0.866157 (0.783900 + 0.082257),0.872301 (0.790200 + 0.082100),0.856526 (0.774900 + 0.081626),0.872060 (0.790200 + 0.081860),0.868254 (0.786600 + 0.081654),0.867284 (0.785700 + 0.081584),0.860099 (0.778500 + 0.081599),0.868618 (0.786600 + 0.082018),0.866641 (0.784800 + 0.081841),0.865491 (0.783900 + 0.081591),0.877329 (0.795600 + 0.081729),0.859736 (0.777600 + 0.082136),0.863611 (0.781200 + 0.082411),0.868671 (0.786600 + 0.082071),0.859639 (0.778500 + 0.081139),0.870465 (0.788400 + 0.082065),0.872240 (0.790200 + 0.082040),0.855647 (0.774000 + 0.081647),0.864709 (0.783000 + 0.081709),0.847661 (0.765900 + 0.081761),0.863371 (0.781200 + 0.082172),0.864376 (0.782100 + 0.082276),0.861465 (0.779400 + 0.082065),0.863361 (0.782100 + 0.081261),0.858455 (0.776700 + 0.081755),0.858463 (0.776700 + 0.081763),0.857049 (0.774900 + 0.082149),0.859037 (0.777600 + 0.081437),0.871066 (0.789300 + 0.081766),0.870726 (0.788400 + 0.082326),0.881460 (0.799200 + 0.082260),0.856421 (0.774900 + 0.081521),0.862316 (0.780300 + 0.082016),0.880298 (0.798300 + 0.081998),0.870162 (0.788400 + 0.081762),0.878808 (0.796500 + 0.082308),0.855991 (0.774000 + 0.081991),0.855922 (0.774000 + 0.081922),0.862329 (0.780300 + 0.082029),0.870159 (0.788400 + 0.081759),0.867909 (0.785700 + 0.082209),0.867828 (0.785700 + 0.082128),0.867249 (0.785700 + 0.081549),0.876085 (0.794700 + 0.081385),0.868551 (0.786600 + 0.081952),0.864234 (0.782100 + 0.082134),0.867488 (0.785700 + 0.081788),0.862283 (0.780300 + 0.081983),0.859026 (0.776700 + 0.082326),0.860483 (0.778500 + 0.081983),0.880823 (0.799200 + 0.081623),0.857277 (0.775800 + 0.081477),0.877527 (0.795600 + 0.081927),0.855479 (0.773100 + 0.082379),0.866625 (0.784800 + 0.081825),0.867641 (0.785700 + 0.081941),0.866723 (0.784800 + 0.081923),0.868226 (0.786600 + 0.081626),0.872749 (0.791100 + 0.081649),0.870530 (0.788400 + 0.082130),0.868653 (0.786600 + 0.082053),0.876083 (0.793800 + 0.082283),0.866150 (0.783900 + 0.082251),0.869438 (0.787500 + 0.081938),0.868246 (0.786600 + 0.081646),0.876697 (0.794700 + 0.081997),0.865785 (0.783900 + 0.081885),0.854707 (0.773100 + 0.081607)
87,0.884181 (0.801900 + 0.082281),0.872240 (0.790200 + 0.082040),0.861192 (0.779400 + 0.081792),0.867721 (0.785700 + 0.082021),0.868413 (0.786600 + 0.081813),0.852130 (0.770400 + 0.081730),0.881457 (0.799200 + 0.082257),0.863918 (0.782100 + 0.081818),0.863649 (0.782100 + 0.081549),0.867904 (0.785700 + 0.082204),0.884104 (0.801900 + 0.082204),0.867614 (0.785700 + 0.081914),0.865546 (0.783900 + 0.081646),0.861647 (0.780300 + 0.081347),0.871412 (0.789300 + 0.082112),0.870232 (0.788400 + 0.081832),0.871720 (0.790200 + 0.081520),0.873958 (0.792000 + 0.081958),0.876015 (0.794700 + 0.081315),0.877329 (0.795600 + 0.081729),0.859037 (0.777600 + 0.081437),0.880298 (0.798300 + 0.081998),0.870726 (0.788400 + 0.082326),0.854490 (0.773100 + 0.081390),0.858100 (0.776700 + 0.081400),0.872237 (0.790200 + 0.082037),0.876750 (0.794700 + 0.082050),0.869018 (0.787500 + 0.081518),0.858498 (0.776700 + 0.081798),0.873925 (0.792000 + 0.081925),0.871154 (0.789300 + 0.081854),0.877527 (0.795600 + 0.081927),0.863371 (0.781200 + 0.082172),0.864223 (0.782100 + 0.082123),0.862618 (0.780300 + 0.082318),0.859046 (0.777600 + 0.081446),0.867483 (0.785700 + 0.081783),0.865313 (0.783000 + 0.082313),0.861122 (0.779400 + 0.081722),0.867284 (0.785700 + 0.081584),0.855322 (0.774000 + 0.081322),0.852731 (0.770400 + 0.082331),0.872749 (0.791100 + 0.081649),0.871248 (0.789300 + 0.081948),0.869070 (0.787500 + 0.081570),0.859416 (0.777600 + 0.081816),0.873048 (0.791100 + 0.081948),0.870726 (0.788400 + 0.082326),0.865491 (0.783900 + 0.081591),0.867488 (0.785700 + 0.081788),0.866657 (0.784800 + 0.081858),0.872240 (0.790200 + 0.082040),0.867828 (0.785700 + 0.082128),0.870199 (0.788400 + 0.081799),0.868582 (0.786600 + 0.081982),0.866042 (0.783900 + 0.082142),0.859345 (0.777600 + 0.081745),0.875140 (0.792900 + 0.082240),0.869538 (0.787500 + 0.082038),0.870726 (0.788400 + 0.082326),0.880298 (0.798300 + 0.081998),0.865286 (0.783900 + 0.081386),0.862736 (0.781200 + 0.081536),0.870510 (0.788400 + 0.082110),0.869239 (0.787500 + 0.081739),0.874114 (0.792000 + 0.082114),0.867804 (0.785700 + 0.082104),0.869432 (0.787500 + 0.081932),0.864507 (0.782100 + 0.082407),0.860210 (0.778500 + 0.081710),0.851396 (0.769500 + 0.081896),0.869510 (0.787500 + 0.082010),0.864715 (0.783000 + 0.081715),0.881460 (0.799200 + 0.082260),0.884181 (0.801900 + 0.082281),0.867173 (0.784800 + 0.082373),0.863743 (0.782100 + 0.081643),0.873264 (0.791100 + 0.082164),0.868308 (0.786600 + 0.081708),0.853261 (0.771300 + 0.081961)
88,0.884181 (0.801900 + 0.082281),0.871371 (0.789300 + 0.082071),0.871127 (0.789300 + 0.081827),0.867837 (0.786600 + 0.081237),0.862944 (0.781200 + 0.081744),0.877070 (0.794700 + 0.082371),0.874148 (0.792000 + 0.082148),0.870227 (0.788400 + 0.081827),0.860915 (0.779400 + 0.081515),0.870773 (0.788400 + 0.082373),0.859460 (0.777600 + 0.081860),0.856540 (0.774900 + 0.081640),0.864731 (0.783000 + 0.081731),0.864092 (0.782100 + 0.081992),0.866826 (0.784800 + 0.082026),0.858260 (0.776700 + 0.081560),0.860259 (0.778500 + 0.081759),0.860394 (0.778500 + 0.081894),0.875079 (0.792900 + 0.082179),0.867733 (0.785700 + 0.082032),0.858225 (0.776700 + 0.081525),0.870726 (0.788400 + 0.082326),0.854490 (0.773100 + 0.081390),0.869541 (0.787500 + 0.082041),0.858998 (0.777600 + 0.081398),0.868721 (0.786600 + 0.082121),0.872703 (0.791100 + 0.081603),0.860082 (0.778500 + 0.081582),0.856584 (0.774900 + 0.081684),0.857516 (0.775800 + 0.081716),0.878781 (0.796500 + 0.082281),0.868131 (0.785700 + 0.082431),0.856502 (0.774900 + 0.081602),0.877550 (0.795600 + 0.081950),0.878323 (0.796500 + 0.081823),0.865974 (0.783900 + 0.082074),0.875796 (0.793800 + 0.081996),0.871172 (0.789300 + 0.081873),0.867721 (0.785700 + 0.082021),0.862064 (0.780300 + 0.081764),0.885108 (0.802800 + 0.082308),0.878449 (0.796500 + 0.081949),0.868348 (0.786600 + 0.081748),0.860350 (0.778500 + 0.081850),0.872833 (0.791100 + 0.081733),0.859352 (0.777600 + 0.081752),0.865238 (0.783000 + 0.082238),0.869432 (0.787500 + 0.081932),0.869018 (0.787500 + 0.081518),0.869329 (0.787500 + 0.081829),0.864344 (0.782100 + 0.082244),0.879583 (0.797400 + 0.082183),0.884181 (0.801900 + 0.082281),0.864945 (0.783000 + 0.081945),0.866702 (0.784800 + 0.081902),0.872091 (0.790200 + 0.081891),0.864359 (0.782100 + 0.082259),0.870726 (0.788400 + 0.082326),0.867483 (0.785700 + 0.081783),0.861049 (0.779400 + 0.081650),0.884181 (0.801900 + 0.082281),0.863718 (0.782100 + 0.081618),0.855348 (0.773100 + 0.082248),0.874848 (0.792900 + 0.081948),0.856849 (0.774900 + 0.081949),0.884181 (0.801900 + 0.082281),0.867761 (0.785700 + 0.082061),0.856054 (0.774000 + 0.082054),0.864836 (0.783000 + 0.081836),0.875973 (0.793800 + 0.082173),0.870139 (0.788400 + 0.081739),0.869432 (0.787500 + 0.081932),0.870594 (0.788400 + 0.082194),0.867252 (0.785700 + 0.081552),0.864665 (0.783000 + 0.081665),0.867728 (0.785700 + 0.082028),0.861070 (0.778500 + 0.082570),0.858802 (0.776700 + 0.082102),0.864364 (0.782100 + 0.082264),0.856404 (0.774900 + 0.081504)
89,0.885108 (0.802800 + 0.082308),0.859158 (0.777600 + 0.081558),0.866940 (0.784800 + 0.082141),0.870227 (0.788400 + 0.081827),0.884181 (0.801900 + 0.082281),0.858957 (0.776700 + 0.082257),0.880298 (0.798300 + 0.081998),0.866582 (0.784800 + 0.081782),0.862511 (0.780300 + 0.082211),0.874670 (0.792900 + 0.081770),0.878664 (0.796500 + 0.082164),0.884181 (0.801900 + 0.082281),0.863127 (0.781200 + 0.081927),0.865442 (0.783900 + 0.081542),0.866808 (0.784800 + 0.082008),0.872914 (0.791100 + 0.081814),0.865247 (0.783000 + 0.082247),0.869668 (0.787500 + 0.082168),0.861679 (0.779400 + 0.082279),0.884181 (0.801900 + 0.082281),0.870726 (0.788400 + 0.082326),0.877070 (0.794700 + 0.082371),0.854626 (0.773100 + 0.081526),0.871416 (0.789300 + 0.082116),0.864989 (0.783000 + 0.081989),0.868950 (0.786600 + 0.082350),0.869103 (0.787500 + 0.081603),0.852538 (0.770400 + 0.082138),0.872833 (0.791100 + 0.081733),0.872540 (0.790200 + 0.082340),0.876067 (0.793800 + 0.082267),0.872398 (0.790200 + 0.082198),0.866817 (0.784800 + 0.082017),0.869333 (0.787500 + 0.081833),0.871296 (0.789300 + 0.081996),0.867578 (0.785700 + 0.081878),0.860630 (0.778500 + 0.082130),0.884181 (0.801900 + 0.082281),0.872176 (0.790200 + 0.081976),0.861204 (0.779400 + 0.081804),0.868390 (0.786600 + 0.081790),0.863099 (0.781200 + 0.081899),0.882026 (0.800100 + 0.081926),0.869091 (0.786600 + 0.082491),0.866345 (0.784800 + 0.081545),0.864278 (0.782100 + 0.082178),0.880326 (0.798300 + 0.082026),0.872139 (0.790200 + 0.081939),0.876549 (0.794700 + 0.081849),0.853412 (0.771300 + 0.082112),0.863987 (0.782100 + 0.081887),0.868602 (0.786600 + 0.082002),0.869686 (0.787500 + 0.082186),0.862064 (0.780300 + 0.081764),0.862870 (0.781200 + 0.081670),0.842566 (0.760500 + 0.082066),0.866908 (0.784800 + 0.082108),0.874752 (0.792900 + 0.081852),0.869335 (0.787500 + 0.081835),0.865046 (0.783000 + 0.082046),0.857260 (0.775800 + 0.081460),0.877550 (0.795600 + 0.081950),0.857764 (0.775800 + 0.081964),0.871676 (0.789300 + 0.082376),0.867504 (0.785700 + 0.081804),0.870726 (0.788400 + 0.082326),0.848141 (0.766800 + 0.081341),0.860264 (0.778500 + 0.081764),0.862527 (0.780300 + 0.082227),0.865066 (0.783000 + 0.082066),0.867659 (0.785700 + 0.081959),0.872176 (0.790200 + 0.081976),0.884181 (0.801900 + 0.082281),0.875838 (0.793800 + 0.082038),0.868219 (0.786600 + 0.081619),0.866455 (0.784800 + 0.081655),0.871827 (0.790200 + 0.081627),0.889578 (0.807300 + 0.082278),0.858650 (0.776700 + 0.081950),0.857470 (0.775800 + 0.081670)
90,0.889578 (0.807300 + 0.082278),0.863409 (0.781200 + 0.082209),0.865141 (0.783000 + 0.082141),0.884181 (0.801900 + 0.082281),0.860630 (0.778500 + 0.082130),0.854325 (0.772200 + 0.082125),0.868609 (0.786600 + 0.082009),0.872914 (0.791100 + 0.081814),0.866940 (0.784800 + 0.082141),0.858717 (0.776700 + 0.082017),0.856665 (0.774900 + 0.081765),0.877675 (0.795600 + 0.082075),0.871894 (0.790200 + 0.081694),0.867596 (0.785700 + 0.081896),0.860656 (0.778500 + 0.082156),0.867394 (0.785700 + 0.081694),0.873340 (0.791100 + 0.082240),0.858848 (0.776700 + 0.082148),0.868697 (0.786600 + 0.082097),0.878781 (0.796500 + 0.082281),0.858673 (0.776700 + 0.081973),0.872398 (0.790200 + 0.082198),0.846665 (0.765000 + 0.081665),0.873554 (0.791100 + 0.082454),0.867445 (0.785700 + 0.081745),0.869518 (0.787500 + 0.082018),0.871411 (0.789300 + 0.082111),0.859717 (0.777600 + 0.082118),0.851214 (0.769500 + 0.081714),0.878599 (0.796500 + 0.082099),0.879402 (0.797400 + 0.082002),0.880326 (0.798300 + 0.082026),0.872176 (0.790200 + 0.081976),0.858525 (0.776700 + 0.081825),0.879654 (0.797400 + 0.082254),0.865063 (0.783000 + 0.082063),0.863926 (0.782100 + 0.081826),0.874848 (0.792900 + 0.081948),0.866618 (0.784800 + 0.081818),0.879510 (0.797400 + 0.082110),0.877604 (0.795600 + 0.082004),0.880541 (0.798300 + 0.082241),0.860768 (0.778500 + 0.082268),0.854238 (0.772200 + 0.082038),0.864916 (0.783000 + 0.081916),0.873794 (0.792000 + 0.081794),0.863758 (0.782100 + 0.081658),0.870243 (0.788400 + 0.081843),0.857244 (0.775800 + 0.081444),0.884181 (0.801900 + 0.082281),0.885108 (0.802800 + 0.082308),0.872828 (0.791100 + 0.081728),0.861652 (0.779400 + 0.082252),0.884181 (0.801900 + 0.082281),0.871676 (0.789300 + 0.082376),0.860192 (0.778500 + 0.081692),0.857571 (0.775800 + 0.081771),0.871602 (0.789300 + 0.082302),0.858572 (0.776700 + 0.081872),0.862671 (0.781200 + 0.081471),0.854856 (0.773100 + 0.081756),0.871416 (0.789300 + 0.082116),0.848107 (0.766800 + 0.081307),0.867848 (0.785700 + 0.082148),0.876066 (0.793800 + 0.082266),0.859477 (0.777600 + 0.081876),0.855064 (0.773100 + 0.081964),0.872721 (0.791100 + 0.081621),0.873727 (0.792000 + 0.081727),0.884181 (0.801900 + 0.082281),0.884181 (0.801900 + 0.082281),0.862412 (0.780300 + 0.082112),0.877616 (0.795600 + 0.082016),0.866169 (0.783900 + 0.082269),0.865909 (0.783900 + 0.082009),0.859537 (0.777600 + 0.081937),0.870949 (0.789300 + 0.081649),0.862896 (0.781200 + 0.081696),0.860167 (0.778500 + 0.081667),0.874648 (0.792900 + 0.081748)
91,0.889578 (0.807300 + 0.082278),0.867892 (0.785700 + 0.082192),0.873700 (0.792000 + 0.081700),0.871268 (0.789300 + 0.081968),0.861895 (0.780300 + 0.081595),0.855297 (0.773100 + 0.082197),0.864173 (0.782100 + 0.082073),0.856551 (0.774900 + 0.081651),0.875659 (0.793800 + 0.081859),0.862479 (0.780300 + 0.082179),0.864331 (0.782100 + 0.082231),0.879578 (0.797400 + 0.082178),0.859505 (0.777600 + 0.081905),0.867665 (0.785700 + 0.081965),0.863145 (0.781200 + 0.081945),0.868779 (0.786600 + 0.082179),0.875197 (0.792900 + 0.082297),0.869015 (0.787500 + 0.081515),0.869830 (0.787500 + 0.082330),0.856948 (0.774900 + 0.082048),0.850607 (0.768600 + 0.082007),0.871628 (0.789300 + 0.082328),0.862441 (0.781200 + 0.081241),0.884181 (0.801900 + 0.082281),0.854079 (0.772200 + 0.081879),0.864022 (0.782100 + 0.081922),0.862024 (0.781200 + 0.080824),0.875235 (0.792900 + 0.082335),0.863876 (0.782100 + 0.081776),0.865001 (0.783000 + 0.082001),0.883892 (0.801900 + 0.081992),0.879319 (0.797400 + 0.081920),0.853649 (0.772200 + 0.081449),0.874218 (0.792000 + 0.082218),0.862752 (0.780300 + 0.082452),0.881468 (0.799200 + 0.082268),0.865598 (0.783900 + 0.081698),0.860654 (0.778500 + 0.082154),0.880544 (0.798300 + 0.082244),0.874848 (0.792900 + 0.081948),0.873554 (0.791100 + 0.082454),0.871602 (0.789300 + 0.082302),0.873340 (0.791100 + 0.082240),0.863409 (0.781200 + 0.082209),0.862047 (0.780300 + 0.081747),0.864136 (0.782100 + 0.082036),0.870623 (0.788400 + 0.082223),0.859497 (0.777600 + 0.081897),0.864900 (0.783000 + 0.081900),0.885108 (0.802800 + 0.082308),0.868390 (0.786600 + 0.081790),0.879654 (0.797400 + 0.082254),0.868697 (0.786600 + 0.082097),0.875105 (0.792900 + 0.082205),0.875159 (0.792900 + 0.082259),0.862132 (0.780300 + 0.081832),0.860291 (0.778500 + 0.081791),0.870619 (0.788400 + 0.082219),0.868630 (0.786600 + 0.082030),0.865152 (0.783000 + 0.082152),0.872678 (0.790200 + 0.082478),0.885108 (0.802800 + 0.082308),0.855043 (0.773100 + 0.081943),0.866169 (0.783900 + 0.082269),0.878599 (0.796500 + 0.082099),0.874038 (0.792000 + 0.082038),0.847579 (0.765900 + 0.081679),0.884104 (0.801900 + 0.082204),0.868712 (0.786600 + 0.082112),0.884181 (0.801900 + 0.082281),0.873554 (0.791100 + 0.082454),0.864021 (0.782100 + 0.081921),0.867133 (0.784800 + 0.082333),0.865890 (0.783900 + 0.081990),0.869370 (0.787500 + 0.081870),0.873554 (0.791100 + 0.082454),0.876638 (0.794700 + 0.081938),0.869754 (0.787500 + 0.082254),0.856386 (0.774900 + 0.081486),0.872321 (0.790200 + 0.082121)
92,0.889578 (0.807300 + 0.082278),0.879319 (0.797400 + 0.081920),0.865890 (0.783900 + 0.081990),0.857274 (0.775800 + 0.081474),0.883892 (0.801900 + 0.081992),0.884181 (0.801900 + 0.082281),0.873340 (0.791100 + 0.082240),0.866878 (0.784800 + 0.082079),0.863142 (0.781200 + 0.081942),0.879865 (0.797400 + 0.082465),0.867912 (0.785700 + 0.082212),0.868558 (0.786600 + 0.081958),0.862571 (0.781200 + 0.081371),0.866768 (0.784800 + 0.081969),0.862466 (0.780300 + 0.082166),0.884181 (0.801900 + 0.082281),0.876759 (0.794700 + 0.082059),0.875234 (0.792900 + 0.082334),0.871385 (0.789300 + 0.082085),0.884181 (0.801900 + 0.082281),0.874815 (0.792900 + 0.081915),0.867731 (0.785700 + 0.082031),0.869384 (0.787500 + 0.081884),0.851210 (0.769500 + 0.081710),0.866875 (0.784800 + 0.082075),0.885108 (0.802800 + 0.082308),0.880541 (0.798300 + 0.082241),0.873156 (0.791100 + 0.082056),0.873607 (0.792000 + 0.081607),0.871409 (0.789300 + 0.082109),0.882297 (0.800100 + 0.082197),0.874290 (0.792000 + 0.082290),0.876042 (0.793800 + 0.082242),0.863665 (0.781200 + 0.082465),0.869710 (0.787500 + 0.082210),0.869593 (0.787500 + 0.082093),0.857277 (0.774900 + 0.082377),0.868630 (0.786600 + 0.082030),0.875159 (0.792900 + 0.082259),0.860455 (0.778500 + 0.081955),0.871398 (0.789300 + 0.082098),0.885108 (0.802800 + 0.082308),0.867785 (0.785700 + 0.082085),0.873700 (0.792000 + 0.081700),0.873554 (0.791100 + 0.082454),0.878516 (0.796500 + 0.082016),0.879551 (0.797400 + 0.082151),0.867109 (0.784800 + 0.082309),0.872836 (0.791100 + 0.081736),0.876638 (0.794700 + 0.081938),0.878599 (0.796500 + 0.082099),0.874282 (0.792000 + 0.082282),0.868870 (0.786600 + 0.082270),0.884079 (0.801900 + 0.082179),0.876661 (0.794700 + 0.081961),0.865391 (0.783900 + 0.081492),0.865247 (0.783000 + 0.082247),0.854375 (0.772200 + 0.082175),0.867792 (0.785700 + 0.082092),0.871268 (0.789300 + 0.081968),0.862025 (0.780300 + 0.081725),0.876194 (0.793800 + 0.082394),0.862450 (0.780300 + 0.082150),0.873554 (0.791100 + 0.082454),0.880544 (0.798300 + 0.082244),0.880622 (0.798300 + 0.082322),0.871029 (0.789300 + 0.081729),0.875031 (0.792900 + 0.082131),0.854998 (0.773100 + 0.081898),0.857242 (0.775800 + 0.081442),0.889550 (0.807300 + 0.082250),0.857025 (0.774900 + 0.082125),0.851178 (0.769500 + 0.081678),0.879510 (0.797400 + 0.082110),0.869555 (0.787500 + 0.082055),0.854330 (0.772200 + 0.082130),0.862752 (0.780300 + 0.082452),0.862787 (0.780300 + 0.082487),0.866145 (0.783900 + 0.082245),0.862967 (0.781200 + 0.081767)
93,0.889578 (0.807300 + 0.082278),0.860552 (0.778500 + 0.082052),0.874174 (0.792000 + 0.082174),0.872065 (0.790200 + 0.081865),0.866762 (0.784800 + 0.081962),0.856610 (0.774900 + 0.081710),0.885108 (0.802800 + 0.082308),0.881030 (0.799200 + 0.081830),0.865290 (0.783000 + 0.082290),0.867778 (0.785700 + 0.082078),0.877575 (0.795600 + 0.081975),0.867620 (0.785700 + 0.081920),0.862475 (0.780300 + 0.082175),0.875047 (0.792900 + 0.082147),0.863759 (0.782100 + 0.081659),0.873301 (0.791100 + 0.082201),0.860220 (0.778500 + 0.081720),0.873554 (0.791100 + 0.082454),0.868830 (0.786600 + 0.082230),0.874982 (0.792900 + 0.082082),0.863598 (0.781200 + 0.082398),0.867838 (0.785700 + 0.082138),0.874343 (0.792000 + 0.082343),0.856231 (0.774000 + 0.082231),0.862928 (0.781200 + 0.081728),0.860408 (0.778500 + 0.081908),0.864322 (0.782100 + 0.082222),0.873299 (0.791100 + 0.082199),0.856382 (0.774000 + 0.082382),0.884181 (0.801900 + 0.082281),0.875879 (0.793800 + 0.082079),0.877802 (0.795600 + 0.082202),0.867953 (0.785700 + 0.082252),0.868454 (0.786600 + 0.081854),0.865125 (0.783000 + 0.082125),0.861724 (0.779400 + 0.082324),0.869944 (0.787500 + 0.082444),0.859289 (0.777600 + 0.081689),0.868500 (0.786600 + 0.081900),0.883892 (0.801900 + 0.081992),0.865010 (0.783000 + 0.082010),0.871191 (0.789300 + 0.081891),0.884181 (0.801900 + 0.082281),0.862374 (0.780300 + 0.082074),0.874150 (0.792000 + 0.082150),0.865426 (0.783900 + 0.081527),0.865237 (0.783000 + 0.082237),0.882401 (0.800100 + 0.082301),0.871331 (0.789300 + 0.082031),0.871242 (0.789300 + 0.081942),0.885108 (0.802800 + 0.082308),0.869476 (0.787500 + 0.081976),0.872964 (0.791100 + 0.081864),0.876910 (0.794700 + 0.082210),0.869790 (0.787500 + 0.082290),0.872045 (0.790200 + 0.081845),0.883076 (0.801000 + 0.082076),0.875647 (0.793800 + 0.081847),0.852957 (0.771300 + 0.081657),0.868838 (0.786600 + 0.082238),0.871386 (0.789300 + 0.082086),0.857774 (0.775800 + 0.081974),0.872565 (0.790200 + 0.082365),0.861342 (0.779400 + 0.081942),0.868648 (0.786600 + 0.082048),0.866752 (0.784800 + 0.081952),0.867792 (0.785700 + 0.082092),0.861746 (0.779400 + 0.082346),0.879692 (0.797400 + 0.082292),0.884181 (0.801900 + 0.082281),0.882297 (0.800100 + 0.082197),0.863891 (0.782100 + 0.081791),0.870667 (0.788400 + 0.082267),0.867040 (0.784800 + 0.082240),0.871552 (0.789300 + 0.082252),0.873153 (0.791100 + 0.082053),0.872459 (0.790200 + 0.082259),0.870826 (0.788400 + 0.082426),0.877920 (0.795600 + 0.082320),0.869351 (0.787500 + 0.081851)
94,0.889578 (0.807300 + 0.082278),0.876874 (0.794700 + 0.082174),0.867839 (0.785700 + 0.082139),0.865043 (0.783000 + 0.082043),0.877060 (0.794700 + 0.082360),0.868484 (0.786600 + 0.081884),0.866821 (0.784800 + 0.082021),0.885108 (0.802800 + 0.082308),0.862445 (0.780300 + 0.082145),0.871266 (0.789300 + 0.081966),0.858534 (0.776700 + 0.081834),0.889578 (0.807300 + 0.082278),0.871533 (0.789300 + 0.082233),0.882198 (0.800100 + 0.082098),0.883262 (0.801000 + 0.082262),0.865921 (0.783900 + 0.082021),0.852632 (0.770400 + 0.082232),0.877832 (0.795600 + 0.082232),0.877029 (0.794700 + 0.082329),0.871331 (0.789300 + 0.082031),0.860822 (0.778500 + 0.082322),0.868758 (0.786600 + 0.082158),0.863049 (0.781200 + 0.081849),0.867962 (0.785700 + 0.082262),0.878537 (0.796500 + 0.082037),0.875941 (0.793800 + 0.082141),0.879619 (0.797400 + 0.082219),0.874982 (0.792900 + 0.082082),0.870826 (0.788400 + 0.082426),0.866018 (0.783900 + 0.082118),0.870241 (0.788400 + 0.081841),0.879418 (0.797400 + 0.082018),0.882139 (0.800100 + 0.082039),0.874761 (0.792900 + 0.081861),0.868970 (0.786600 + 0.082369),0.870444 (0.788400 + 0.082044),0.879637 (0.797400 + 0.082237),0.876756 (0.794700 + 0.082056),0.856009 (0.774000 + 0.082009),0.868793 (0.786600 + 0.082193),0.883263 (0.801000 + 0.082263),0.881428 (0.799200 + 0.082228),0.870331 (0.788400 + 0.081931),0.863770 (0.782100 + 0.081670),0.858690 (0.776700 + 0.081990),0.876879 (0.794700 + 0.082180),0.874838 (0.792900 + 0.081938),0.877885 (0.795600 + 0.082285),0.856127 (0.774000 + 0.082127),0.863235 (0.781200 + 0.082035),0.868755 (0.786600 + 0.082155),0.879349 (0.797400 + 0.081949),0.880607 (0.798300 + 0.082307),0.882289 (0.800100 + 0.082189),0.863018 (0.781200 + 0.081818),0.870123 (0.788400 + 0.081723),0.869944 (0.787500 + 0.082444),0.880541 (0.798300 + 0.082241),0.868878 (0.786600 + 0.082278),0.880421 (0.798300 + 0.082121),0.884181 (0.801900 + 0.082281),0.864783 (0.783000 + 0.081783),0.874093 (0.792000 + 0.082093),0.874343 (0.792000 + 0.082343),0.868500 (0.786600 + 0.081900),0.874177 (0.792000 + 0.082177),0.856417 (0.774900 + 0.081517),0.875311 (0.792900 + 0.082411),0.866255 (0.783900 + 0.082355),0.874174 (0.792000 + 0.082174),0.868500 (0.786600 + 0.081900),0.884181 (0.801900 + 0.082281),0.885108 (0.802800 + 0.082308),0.857002 (0.774900 + 0.082102),0.869944 (0.787500 + 0.082444),0.873892 (0.792000 + 0.081892),0.861139 (0.779400 + 0.081739),0.874918 (0.792900 + 0.082018),0.863554 (0.781200 + 0.082354),0.883076 (0.801000 + 0.082076)
95,0.889578 (0.807300 + 0.082278),0.883263 (0.801000 + 0.082263),0.889578 (0.807300 + 0.082278),0.883076 (0.801000 + 0.082076),0.869944 (0.787500 + 0.082444),0.866279 (0.783900 + 0.082379),0.871438 (0.789300 + 0.082138),0.884181 (0.801900 + 0.082281),0.883263 (0.801000 + 0.082263),0.863433 (0.781200 + 0.082234),0.880541 (0.798300 + 0.082241),0.869744 (0.787500 + 0.082244),0.881415 (0.799200 + 0.082215),0.879506 (0.797400 + 0.082106),0.879633 (0.797400 + 0.082233),0.873046 (0.791100 + 0.081946),0.872358 (0.790200 + 0.082158),0.877060 (0.794700 + 0.082360),0.876879 (0.794700 + 0.082180),0.867949 (0.785700 + 0.082249),0.863770 (0.782100 + 0.081670),0.859775 (0.777600 + 0.082175),0.856858 (0.774900 + 0.081958),0.871380 (0.789300 + 0.082080),0.875117 (0.792900 + 0.082217),0.880502 (0.798300 + 0.082202),0.882395 (0.800100 + 0.082295),0.885108 (0.802800 + 0.082308),0.874900 (0.792900 + 0.082000),0.868465 (0.786600 + 0.081865),0.871195 (0.789300 + 0.081895),0.887733 (0.805500 + 0.082233),0.886772 (0.804600 + 0.082171),0.877756 (0.795600 + 0.082156),0.874037 (0.792000 + 0.082037),0.878816 (0.796500 + 0.082316),0.885879 (0.803700 + 0.082179),0.878722 (0.796500 + 0.082222),0.882303 (0.800100 + 0.082203),0.868878 (0.786600 + 0.082278),0.868878 (0.786600 + 0.082278),0.885108 (0.802800 + 0.082308),0.858574 (0.776700 + 0.081875),0.855890 (0.774000 + 0.081890),0.875089 (0.792900 + 0.082189),0.855031 (0.773100 + 0.081931),0.864085 (0.782100 + 0.081985),0.864762 (0.783000 + 0.081762),0.872452 (0.790200 + 0.082252),0.885108 (0.802800 + 0.082308),0.889550 (0.807300 + 0.082250),0.873223 (0.791100 + 0.082123),0.873172 (0.791100 + 0.082072),0.859772 (0.777600 + 0.082172),0.861019 (0.779400 + 0.081619),0.876903 (0.794700 + 0.082203),0.867893 (0.785700 + 0.082193),0.870378 (0.788400 + 0.081978),0.867618 (0.785700 + 0.081918),0.866992 (0.784800 + 0.082192),0.880533 (0.798300 + 0.082233),0.859675 (0.777600 + 0.082075),0.865498 (0.783900 + 0.081598),0.876889 (0.794700 + 0.082189),0.872085 (0.790200 + 0.081885),0.852418 (0.770400 + 0.082018),0.857177 (0.775800 + 0.081377),0.882395 (0.800100 + 0.082295),0.870716 (0.788400 + 0.082316),0.876821 (0.794700 + 0.082121),0.855871 (0.774000 + 0.081871),0.870730 (0.788400 + 0.082330),0.864083 (0.782100 + 0.081983),0.855825 (0.773100 + 0.082725),0.866142 (0.783900 + 0.082242),0.882198 (0.800100 + 0.082098),0.884181 (0.801900 + 0.082281),0.862001 (0.780300 + 0.081701),0.860630 (0.778500 + 0.082130),0.872612 (0.790200 + 0.082412)
96,0.889578 (0.807300 + 0.082278),0.880539 (0.798300 + 0.082239),0.874015 (0.792000 + 0.082015),0.853918 (0.772200 + 0.081718),0.859504 (0.777600 + 0.081904),0.874088 (0.792000 + 0.082088),0.871228 (0.789300 + 0.081928),0.858577 (0.776700 + 0.081877),0.846379 (0.764100 + 0.082279),0.868475 (0.786600 + 0.081875),0.881393 (0.799200 + 0.082193),0.881415 (0.799200 + 0.082215),0.862927 (0.781200 + 0.081727),0.870771 (0.788400 + 0.082371),0.869583 (0.787500 + 0.082083),0.877025 (0.794700 + 0.082325),0.867169 (0.784800 + 0.082369),0.879734 (0.797400 + 0.082334),0.880523 (0.798300 + 0.082223),0.865372 (0.783000 + 0.082372),0.879609 (0.797400 + 0.082209),0.853519 (0.771300 + 0.082219),0.861368 (0.779400 + 0.081968),0.879556 (0.797400 + 0.082156),0.876821 (0.794700 + 0.082121),0.889578 (0.807300 + 0.082278),0.868465 (0.786600 + 0.081865),0.862288 (0.780300 + 0.081988),0.866692 (0.784800 + 0.081892),0.883263 (0.801000 + 0.082263),0.879633 (0.797400 + 0.082233),0.864973 (0.783000 + 0.081973),0.878738 (0.796500 + 0.082238),0.864684 (0.783000 + 0.081684),0.883264 (0.801000 + 0.082264),0.869460 (0.787500 + 0.081960),0.875013 (0.792900 + 0.082113),0.859514 (0.777600 + 0.081914),0.884150 (0.801900 + 0.082250),0.883256 (0.801000 + 0.082256),0.865177 (0.783000 + 0.082177),0.867141 (0.784800 + 0.082341),0.877763 (0.795600 + 0.082163),0.863908 (0.782100 + 0.081808),0.880458 (0.798300 + 0.082158),0.874037 (0.792000 + 0.082037),0.877060 (0.794700 + 0.082360),0.862625 (0.780300 + 0.082325),0.861441 (0.779400 + 0.082041),0.883263 (0.801000 + 0.082263),0.887733 (0.805500 + 0.082233),0.874093 (0.792000 + 0.082093),0.869229 (0.786600 + 0.082629),0.864022 (0.782100 + 0.081922),0.864668 (0.783000 + 0.081668),0.859668 (0.777600 + 0.082068),0.868664 (0.786600 + 0.082064),0.886772 (0.804600 + 0.082171),0.880533 (0.798300 + 0.082233),0.853267 (0.771300 + 0.081967),0.859403 (0.777600 + 0.081803),0.880604 (0.798300 + 0.082304),0.870269 (0.788400 + 0.081869),0.889578 (0.807300 + 0.082278),0.883263 (0.801000 + 0.082263),0.874174 (0.792000 + 0.082174),0.860423 (0.778500 + 0.081923),0.870487 (0.788400 + 0.082087),0.877802 (0.795600 + 0.082202),0.879604 (0.797400 + 0.082204),0.883262 (0.801000 + 0.082262),0.877756 (0.795600 + 0.082156),0.878722 (0.796500 + 0.082222),0.860138 (0.778500 + 0.081638),0.854507 (0.772200 + 0.082307),0.882261 (0.800100 + 0.082161),0.863942 (0.782100 + 0.081842),0.881425 (0.799200 + 0.082225),0.854636 (0.772200 + 0.082436),0.882303 (0.800100 + 0.082203)
97,0.889578 (0.807300 + 0.082278),0.858153 (0.776700 + 0.081453),0.879654 (0.797400 + 0.082254),0.886772 (0.804600 + 0.082171),0.877763 (0.795600 + 0.082163),0.878808 (0.796500 + 0.082308),0.877783 (0.795600 + 0.082183),0.875815 (0.793800 + 0.082015),0.862293 (0.780300 + 0.081993),0.884196 (0.801900 + 0.082296),0.881345 (0.799200 + 0.082145),0.886772 (0.804600 + 0.082171),0.883263 (0.801000 + 0.082263),0.875084 (0.792900 + 0.082184),0.863019 (0.781200 + 0.081819),0.882006 (0.800100 + 0.081906),0.883263 (0.801000 + 0.082263),0.873113 (0.791100 + 0.082013),0.853471 (0.771300 + 0.082171),0.857947 (0.775800 + 0.082147),0.880493 (0.798300 + 0.082193),0.866889 (0.784800 + 0.082089),0.879646 (0.797400 + 0.082246),0.860941 (0.778500 + 0.082441),0.877940 (0.795600 + 0.082340),0.874178 (0.792000 + 0.082178),0.867640 (0.785700 + 0.081940),0.874174 (0.792000 + 0.082174),0.865867 (0.783900 + 0.081967),0.865741 (0.783000 + 0.082741),0.854030 (0.772200 + 0.081830),0.866988 (0.784800 + 0.082188),0.867343 (0.784800 + 0.082543),0.879633 (0.797400 + 0.082233),0.881538 (0.799200 + 0.082338),0.864435 (0.782100 + 0.082335),0.874039 (0.792000 + 0.082039),0.865378 (0.783000 + 0.082378),0.884056 (0.801900 + 0.082156),0.871480 (0.789300 + 0.082180),0.882272 (0.800100 + 0.082172),0.866532 (0.784800 + 0.081732),0.859290 (0.776700 + 0.082590),0.883235 (0.801000 + 0.082235),0.878684 (0.796500 + 0.082184),0.866985 (0.784800 + 0.082186),0.883264 (0.801000 + 0.082264),0.879477 (0.797400 + 0.082077),0.847227 (0.765000 + 0.082227),0.865184 (0.783000 + 0.082184),0.871189 (0.789300 + 0.081889),0.870168 (0.788400 + 0.081768),0.855229 (0.773100 + 0.082129),0.889578 (0.807300 + 0.082278),0.878631 (0.796500 + 0.082131),0.863352 (0.781200 + 0.082152),0.877863 (0.795600 + 0.082263),0.882303 (0.800100 + 0.082203),0.870771 (0.788400 + 0.082371),0.874078 (0.792000 + 0.082078),0.865891 (0.783900 + 0.081991),0.881425 (0.799200 + 0.082225),0.870383 (0.788400 + 0.081983),0.867842 (0.785700 + 0.082142),0.865904 (0.783900 + 0.082004),0.863126 (0.781200 + 0.081926),0.870302 (0.788400 + 0.081902),0.878692 (0.796500 + 0.082192),0.866725 (0.784800 + 0.081925),0.879609 (0.797400 + 0.082209),0.883263 (0.801000 + 0.082263),0.870378 (0.788400 + 0.081978),0.862510 (0.780300 + 0.082210),0.874210 (0.792000 + 0.082210),0.864249 (0.782100 + 0.082149),0.880433 (0.798300 + 0.082133),0.889589 (0.807300 + 0.082289),0.874192 (0.792000 + 0.082192),0.866913 (0.784800 + 0.082113),0.881455 (0.799200 + 0.082255)
98,0.889589 (0.807300 + 0.082289),0.876877 (0.794700 + 0.082177),0.863237 (0.781200 + 0.082037),0.865004 (0.783000 + 0.082004),0.862069 (0.780300 + 0.081769),0.878680 (0.796500 + 0.082180),0.862090 (0.780300 + 0.081790),0.882349 (0.800100 + 0.082249),0.880507 (0.798300 + 0.082207),0.866229 (0.783900 + 0.082329),0.865313 (0.783000 + 0.082313),0.869016 (0.786600 + 0.082416),0.863099 (0.781200 + 0.081899),0.863394 (0.781200 + 0.082194),0.862487 (0.780300 + 0.082187),0.879734 (0.797400 + 0.082334),0.884106 (0.801900 + 0.082206),0.864914 (0.783000 + 0.081914),0.876846 (0.794700 + 0.082146),0.859514 (0.777600 + 0.081914),0.868475 (0.786600 + 0.081875),0.872553 (0.790200 + 0.082353),0.868824 (0.786600 + 0.082224),0.874210 (0.792000 + 0.082210),0.874174 (0.792000 + 0.082174),0.854905 (0.773100 + 0.081805),0.877804 (0.795600 + 0.082204),0.879619 (0.797400 + 0.082219),0.880536 (0.798300 + 0.082236),0.866050 (0.783900 + 0.082150),0.864086 (0.782100 + 0.081986),0.880498 (0.798300 + 0.082198),0.870490 (0.788400 + 0.082090),0.864095 (0.782100 + 0.081995),0.861976 (0.780300 + 0.081676),0.876056 (0.793800 + 0.082256),0.883199 (0.801000 + 0.082199),0.875713 (0.793800 + 0.081913),0.872409 (0.790200 + 0.082209),0.872147 (0.790200 + 0.081947),0.862384 (0.780300 + 0.082084),0.885021 (0.802800 + 0.082221),0.876013 (0.793800 + 0.082213),0.856793 (0.774900 + 0.081893),0.871363 (0.789300 + 0.082063),0.876917 (0.794700 + 0.082217),0.868575 (0.786600 + 0.081975),0.884056 (0.801900 + 0.082156),0.866889 (0.784800 + 0.082089),0.860263 (0.778500 + 0.081763),0.867022 (0.784800 + 0.082222),0.866116 (0.783900 + 0.082216),0.863356 (0.781200 + 0.082156),0.868685 (0.786600 + 0.082085),0.878865 (0.796500 + 0.082365),0.868739 (0.786600 + 0.082139),0.880458 (0.798300 + 0.082158),0.858491 (0.776700 + 0.081791),0.861797 (0.779400 + 0.082397),0.874073 (0.792000 + 0.082073),0.869655 (0.787500 + 0.082155),0.867711 (0.785700 + 0.082011),0.864897 (0.783000 + 0.081897),0.857427 (0.775800 + 0.081627),0.879574 (0.797400 + 0.082175),0.875854 (0.793800 + 0.082054),0.879673 (0.797400 + 0.082273),0.879641 (0.797400 + 0.082241),0.880507 (0.798300 + 0.082207),0.882272 (0.800100 + 0.082172),0.874174 (0.792000 + 0.082174),0.864978 (0.783000 + 0.081978),0.867584 (0.784800 + 0.082784),0.880347 (0.798300 + 0.082047),0.864141 (0.782100 + 0.082041),0.885086 (0.802800 + 0.082286),0.876716 (0.794700 + 0.082016),0.870833 (0.788400 + 0.082433),0.876107 (0.793800 + 0.082307),0.879609 (0.797400 + 0.082209)
99,0.889589 (0.807300 + 0.082289),0.872238 (0.790200 + 0.082038),0.874340 (0.792000 + 0.082340),0.883199 (0.801000 + 0.082199),0.867754 (0.785700 + 0.082054),0.880498 (0.798300 + 0.082198),0.876107 (0.793800 + 0.082307),0.878849 (0.796500 + 0.082349),0.872280 (0.790200 + 0.082080),0.854739 (0.773100 + 0.081639),0.885925 (0.803700 + 0.082225),0.868790 (0.786600 + 0.082190),0.875932 (0.793800 + 0.082132),0.867650 (0.785700 + 0.081950),0.873308 (0.791100 + 0.082208),0.880502 (0.798300 + 0.082202),0.883263 (0.801000 + 0.082263),0.881133 (0.799200 + 0.081933),0.884169 (0.801900 + 0.082270),0.867591 (0.785700 + 0.081891),0.871570 (0.789300 + 0.082270),0.876846 (0.794700 + 0.082146),0.875854 (0.793800 + 0.082054),0.880533 (0.798300 + 0.082233),0.862471 (0.780300 + 0.082171),0.878684 (0.796500 + 0.082184),0.854525 (0.772200 + 0.082325),0.869642 (0.787500 + 0.082142),0.870701 (0.788400 + 0.082301),0.868823 (0.786600 + 0.082223),0.856843 (0.774900 + 0.081943),0.862551 (0.780300 + 0.082251),0.875140 (0.792900 + 0.082240),0.882272 (0.800100 + 0.082172),0.866229 (0.783900 + 0.082329),0.868231 (0.786600 + 0.081631),0.877804 (0.795600 + 0.082204),0.880694 (0.798300 + 0.082394),0.862202 (0.780300 + 0.081902),0.889566 (0.807300 + 0.082266),0.882197 (0.800100 + 0.082097),0.880502 (0.798300 + 0.082202),0.875090 (0.792900 + 0.082190),0.856616 (0.774900 + 0.081716),0.887949 (0.805500 + 0.082449),0.866997 (0.784800 + 0.082197),0.855399 (0.773100 + 0.082299),0.870406 (0.788400 + 0.082006),0.863261 (0.781200 + 0.082062),0.860439 (0.778500 + 0.081939),0.873360 (0.791100 + 0.082260),0.876029 (0.793800 + 0.082229),0.873252 (0.791100 + 0.082152),0.866039 (0.783900 + 0.082139),0.852973 (0.771300 + 0.081673),0.876935 (0.794700 + 0.082235),0.874033 (0.792000 + 0.082033),0.877769 (0.795600 + 0.082169),0.881454 (0.799200 + 0.082254),0.883199 (0.801000 + 0.082199),0.884106 (0.801900 + 0.082206),0.857022 (0.774900 + 0.082122),0.869630 (0.787500 + 0.082130),0.880368 (0.798300 + 0.082068),0.873029 (0.791100 + 0.081929),0.882272 (0.800100 + 0.082172),0.866889 (0.784800 + 0.082089),0.882349 (0.800100 + 0.082249),0.862384 (0.780300 + 0.082084),0.873515 (0.791100 + 0.082415),0.879557 (0.797400 + 0.082157),0.869518 (0.787500 + 0.082018),0.882407 (0.800100 + 0.082307),0.868788 (0.786600 + 0.082188),0.873964 (0.792000 + 0.081964),0.873197 (0.791100 + 0.082097),0.858994 (0.776700 + 0.082294),0.868715 (0.786600 + 0.082115),0.859622 (0.777600 + 0.082022),0.872462 (0.790200 + 0.082262)
100,0.889589 (0.807300 + 0.082289),0.881454 (0.799200 + 0.082254),0.880498 (0.798300 + 0.082198),0.875754 (0.793800 + 0.081954),0.876169 (0.793800 + 0.082369),0.877849 (0.795600 + 0.082249),0.879585 (0.797400 + 0.082185),0.883297 (0.801000 + 0.082297),0.868137 (0.785700 + 0.082437),0.881451 (0.799200 + 0.082251),0.879567 (0.797400 + 0.082167),0.868935 (0.786600 + 0.082335),0.852228 (0.770400 + 0.081828),0.869795 (0.787500 + 0.082295),0.889578 (0.807300 + 0.082278),0.857403 (0.775800 + 0.081603),0.865146 (0.783000 + 0.082146),0.880379 (0.798300 + 0.082079),0.878986 (0.796500 + 0.082486),0.862391 (0.780300 + 0.082091),0.872357 (0.790200 + 0.082157),0.882292 (0.800100 + 0.082192),0.877924 (0.795600 + 0.082324),0.859813 (0.777600 + 0.082213),0.859691 (0.777600 + 0.082091),0.878822 (0.796500 + 0.082322),0.880295 (0.798300 + 0.081995),0.875087 (0.792900 + 0.082187),0.879644 (0.797400 + 0.082244),0.876905 (0.794700 + 0.082205),0.865955 (0.783900 + 0.082055),0.874093 (0.792000 + 0.082093),0.873393 (0.791100 + 0.082293),0.868994 (0.786600 + 0.082394),0.883944 (0.801900 + 0.082044),0.889565 (0.807300 + 0.082265),0.863342 (0.781200 + 0.082142),0.861898 (0.780300 + 0.081598),0.866708 (0.784800 + 0.081908),0.882272 (0.800100 + 0.082172),0.873964 (0.792000 + 0.081964),0.879697 (0.797400 + 0.082297),0.879642 (0.797400 + 0.082242),0.864302 (0.782100 + 0.082202),0.867492 (0.785700 + 0.081792),0.857871 (0.775800 + 0.082071),0.886728 (0.804600 + 0.082128),0.884183 (0.801900 + 0.082283),0.879385 (0.797400 + 0.081985),0.874970 (0.792900 + 0.082070),0.866575 (0.784800 + 0.081775),0.884862 (0.802800 + 0.082062),0.880615 (0.798300 + 0.082315),0.867869 (0.785700 + 0.082169),0.877492 (0.795600 + 0.081892),0.879885 (0.797400 + 0.082485),0.882200 (0.800100 + 0.082100),0.884106 (0.801900 + 0.082206),0.875854 (0.793800 + 0.082054),0.872609 (0.790200 + 0.082409),0.868183 (0.786600 + 0.081583),0.861693 (0.779400 + 0.082293),0.864942 (0.783000 + 0.081943),0.866112 (0.783900 + 0.082212),0.864570 (0.783000 + 0.081570),0.871541 (0.789300 + 0.082241),0.874145 (0.792000 + 0.082145),0.870683 (0.788400 + 0.082283),0.874194 (0.792000 + 0.082194),0.869792 (0.787500 + 0.082292),0.861363 (0.779400 + 0.081963),0.864321 (0.782100 + 0.082220),0.875994 (0.793800 + 0.082194),0.874254 (0.792000 + 0.082254),0.854075 (0.772200 + 0.081875),0.875965 (0.793800 + 0.082165),0.861130 (0.779400 + 0.081730),0.877917 (0.795600 + 0.082317),0.862155 (0.780300 + 0.081855),0.861635 (0.779400 + 0.082235)
