Generation,Entry1,Entry2,Entry3,Entry4,Entry5,Entry6,Entry7,Entry8,Entry9,Entry10,Entry11,Entry12,Entry13,Entry14,Entry15,Entry16,Entry17,Entry18,Entry19,Entry20,Entry21,Entry22,Entry23,Entry24,Entry25,Entry26,Entry27,Entry28,Entry29,Entry30,Entry31,Entry32,Entry33,Entry34,Entry35,Entry36,Entry37,Entry38,Entry39,Entry40,Entry41,Entry42,Entry43,Entry44,Entry45,Entry46,Entry47,Entry48,Entry49,Entry50,Entry51,Entry52,Entry53,Entry54,Entry55,Entry56,Entry57,Entry58,Entry59,Entry60,Entry61,Entry62,Entry63,Entry64,Entry65,Entry66,Entry67,Entry68,Entry69,Entry70
1,0.817115 (0.734400 + 0.082715),0.804189 (0.721800 + 0.082389),0.816148 (0.734400 + 0.081748),0.802161 (0.720000 + 0.082161),0.811307 (0.728100 + 0.083207),0.795298 (0.711900 + 0.083398),0.804764 (0.722700 + 0.082065),0.791502 (0.710100 + 0.081402),0.818255 (0.736200 + 0.082055),0.784590 (0.703800 + 0.080790),0.811080 (0.729000 + 0.082080),0.811330 (0.729900 + 0.081430),0.812569 (0.729900 + 0.082669),0.800113 (0.718200 + 0.081913),0.789127 (0.706500 + 0.082627),0.805640 (0.723600 + 0.082040),0.803851 (0.721800 + 0.082051),0.803040 (0.720000 + 0.083040),0.801691 (0.720000 + 0.081691),0.801502 (0.718200 + 0.083302),0.800152 (0.717300 + 0.082852),0.805696 (0.724500 + 0.081196),0.827412 (0.745200 + 0.082212),0.813077 (0.730800 + 0.082277),0.816616 (0.735300 + 0.081316),0.817577 (0.735300 + 0.082277),0.799018 (0.716400 + 0.082618),0.805579 (0.723600 + 0.081979),0.815090 (0.732600 + 0.082490),0.795788 (0.712800 + 0.082988),0.794846 (0.712800 + 0.082046),0.803751 (0.721800 + 0.081951),0.808721 (0.727200 + 0.081521),0.817933 (0.735300 + 0.082634),0.800339 (0.718200 + 0.082139),0.816681 (0.734400 + 0.082281),0.816600 (0.734400 + 0.082200),0.804856 (0.722700 + 0.082156),0.798184 (0.715500 + 0.082684),0.803117 (0.720900 + 0.082217),0.805563 (0.722700 + 0.082863),0.801044 (0.719100 + 0.081944),0.802429 (0.721800 + 0.080629),0.801936 (0.719100 + 0.082836),0.800742 (0.719100 + 0.081642),0.803318 (0.720900 + 0.082418),0.811090 (0.729000 + 0.082090),0.814567 (0.732600 + 0.081967),0.813393 (0.730800 + 0.082593),0.807917 (0.726300 + 0.081617),0.814634 (0.731700 + 0.082934),0.798453 (0.715500 + 0.082953),0.805468 (0.723600 + 0.081868),0.806723 (0.724500 + 0.082223),0.801966 (0.720900 + 0.081066),0.792503 (0.711000 + 0.081503),0.808232 (0.725400 + 0.082832),0.809957 (0.728100 + 0.081857),0.807289 (0.724500 + 0.082789),0.806374 (0.724500 + 0.081874),0.802118 (0.720000 + 0.082118),0.784003 (0.702000 + 0.082003),0.803029 (0.721800 + 0.081229),0.807838 (0.726300 + 0.081538),0.800922 (0.719100 + 0.081822),0.795290 (0.712800 + 0.082490),0.806604 (0.724500 + 0.082104),0.804421 (0.721800 + 0.082621),0.815434 (0.732600 + 0.082834),0.811687 (0.730800 + 0.080887)
2,0.817115 (0.734400 + 0.082715),0.804189 (0.721800 + 0.082389),0.816148 (0.734400 + 0.081748),0.802161 (0.720000 + 0.082161),0.811307 (0.728100 + 0.083207),0.795298 (0.711900 + 0.083398),0.804764 (0.722700 + 0.082065),0.791502 (0.710100 + 0.081402),0.818255 (0.736200 + 0.082055),0.784590 (0.703800 + 0.080790),0.811080 (0.729000 + 0.082080),0.811330 (0.729900 + 0.081430),0.812569 (0.729900 + 0.082669),0.800113 (0.718200 + 0.081913),0.789127 (0.706500 + 0.082627),0.805640 (0.723600 + 0.082040),0.803851 (0.721800 + 0.082051),0.803040 (0.720000 + 0.083040),0.801691 (0.720000 + 0.081691),0.801502 (0.718200 + 0.083302),0.800152 (0.717300 + 0.082852),0.805696 (0.724500 + 0.081196),0.827412 (0.745200 + 0.082212),0.813077 (0.730800 + 0.082277),0.816616 (0.735300 + 0.081316),0.817577 (0.735300 + 0.082277),0.799018 (0.716400 + 0.082618),0.805579 (0.723600 + 0.081979),0.815090 (0.732600 + 0.082490),0.795788 (0.712800 + 0.082988),0.794846 (0.712800 + 0.082046),0.803751 (0.721800 + 0.081951),0.808721 (0.727200 + 0.081521),0.817933 (0.735300 + 0.082634),0.800339 (0.718200 + 0.082139),0.816681 (0.734400 + 0.082281),0.816600 (0.734400 + 0.082200),0.804856 (0.722700 + 0.082156),0.798184 (0.715500 + 0.082684),0.803117 (0.720900 + 0.082217),0.805563 (0.722700 + 0.082863),0.801044 (0.719100 + 0.081944),0.802429 (0.721800 + 0.080629),0.801936 (0.719100 + 0.082836),0.800742 (0.719100 + 0.081642),0.803318 (0.720900 + 0.082418),0.811090 (0.729000 + 0.082090),0.814567 (0.732600 + 0.081967),0.813393 (0.730800 + 0.082593),0.807917 (0.726300 + 0.081617),0.814634 (0.731700 + 0.082934),0.798453 (0.715500 + 0.082953),0.805468 (0.723600 + 0.081868),0.806723 (0.724500 + 0.082223),0.801966 (0.720900 + 0.081066),0.792503 (0.711000 + 0.081503),0.808232 (0.725400 + 0.082832),0.809957 (0.728100 + 0.081857),0.807289 (0.724500 + 0.082789),0.806374 (0.724500 + 0.081874),0.802118 (0.720000 + 0.082118),0.784003 (0.702000 + 0.082003),0.803029 (0.721800 + 0.081229),0.807838 (0.726300 + 0.081538),0.800922 (0.719100 + 0.081822),0.795290 (0.712800 + 0.082490),0.806604 (0.724500 + 0.082104),0.804421 (0.721800 + 0.082621),0.815434 (0.732600 + 0.082834),0.811687 (0.730800 + 0.080887)
3,0.827412 (0.745200 + 0.082212),0.815070 (0.733500 + 0.081570),0.802760 (0.720000 + 0.082760),0.796960 (0.713700 + 0.083260),0.807765 (0.726300 + 0.081465),0.809459 (0.728100 + 0.081359),0.802115 (0.720000 + 0.082116),0.810492 (0.728100 + 0.082392),0.813138 (0.730800 + 0.082338),0.807660 (0.725400 + 0.082260),0.806673 (0.723600 + 0.083073),0.813232 (0.730800 + 0.082432),0.807270 (0.725400 + 0.081870),0.813183 (0.730800 + 0.082383),0.808571 (0.726300 + 0.082271),0.822013 (0.739800 + 0.082213),0.802098 (0.720900 + 0.081198),0.812348 (0.729900 + 0.082448),0.808547 (0.725400 + 0.083147),0.812073 (0.729900 + 0.082173),0.804853 (0.722700 + 0.082153),0.816600 (0.734400 + 0.082200),0.804189 (0.721800 + 0.082389),0.804614 (0.723600 + 0.081014),0.810286 (0.728100 + 0.082186),0.822865 (0.740700 + 0.082165),0.801265 (0.719100 + 0.082165),0.803845 (0.721800 + 0.082045),0.805550 (0.723600 + 0.081950),0.814671 (0.732600 + 0.082071),0.794846 (0.712800 + 0.082046),0.817933 (0.735300 + 0.082634),0.817577 (0.735300 + 0.082277),0.815456 (0.731700 + 0.083756),0.792656 (0.711900 + 0.080756),0.799723 (0.716400 + 0.083323),0.810553 (0.729000 + 0.081553),0.801398 (0.719100 + 0.082298),0.804105 (0.722700 + 0.081405),0.812813 (0.730800 + 0.082013),0.805072 (0.723600 + 0.081472),0.805872 (0.723600 + 0.082273),0.807577 (0.725400 + 0.082177),0.800722 (0.718200 + 0.082522),0.819649 (0.738900 + 0.080749),0.811510 (0.729000 + 0.082510),0.803821 (0.722700 + 0.081121),0.818255 (0.736200 + 0.082055),0.815090 (0.732600 + 0.082490),0.813172 (0.730800 + 0.082372),0.816422 (0.734400 + 0.082022),0.824212 (0.741600 + 0.082612),0.818893 (0.737100 + 0.081793),0.796321 (0.714600 + 0.081721),0.800209 (0.718200 + 0.082009),0.797133 (0.715500 + 0.081633),0.802088 (0.720000 + 0.082088),0.808581 (0.726300 + 0.082281),0.801997 (0.719100 + 0.082897),0.807474 (0.726300 + 0.081174),0.806098 (0.723600 + 0.082498),0.814797 (0.732600 + 0.082197),0.812781 (0.729900 + 0.082881),0.808073 (0.726300 + 0.081773),0.807901 (0.725400 + 0.082501),0.812027 (0.729900 + 0.082127),0.821376 (0.739800 + 0.081576),0.802344 (0.720000 + 0.082344),0.806322 (0.723600 + 0.082722),0.805873 (0.723600 + 0.082273)
4,0.827412 (0.745200 + 0.082212),0.810061 (0.728100 + 0.081961),0.801574 (0.720000 + 0.081574),0.828496 (0.747000 + 0.081496),0.824203 (0.742500 + 0.081703),0.805295 (0.723600 + 0.081695),0.807485 (0.725400 + 0.082085),0.811792 (0.729900 + 0.081892),0.814989 (0.732600 + 0.082389),0.805529 (0.723600 + 0.081929),0.804832 (0.722700 + 0.082132),0.810297 (0.728100 + 0.082197),0.804135 (0.721800 + 0.082335),0.818511 (0.736200 + 0.082311),0.806098 (0.723600 + 0.082498),0.814405 (0.731700 + 0.082705),0.809558 (0.727200 + 0.082358),0.805008 (0.722700 + 0.082308),0.800763 (0.719100 + 0.081663),0.801309 (0.719100 + 0.082209),0.821360 (0.738000 + 0.083360),0.826753 (0.744300 + 0.082453),0.804105 (0.721800 + 0.082305),0.812123 (0.730800 + 0.081323),0.801984 (0.719100 + 0.082884),0.823663 (0.741600 + 0.082063),0.806918 (0.725400 + 0.081518),0.792218 (0.711000 + 0.081218),0.805274 (0.722700 + 0.082575),0.805429 (0.723600 + 0.081829),0.813398 (0.730800 + 0.082598),0.805292 (0.722700 + 0.082592),0.816398 (0.734400 + 0.081998),0.810062 (0.728100 + 0.081962),0.815320 (0.732600 + 0.082720),0.801124 (0.719100 + 0.082024),0.795938 (0.714600 + 0.081338),0.807241 (0.725400 + 0.081841),0.825523 (0.743400 + 0.082123),0.813183 (0.730800 + 0.082383),0.800209 (0.718200 + 0.082009),0.824810 (0.743400 + 0.081410),0.822825 (0.740700 + 0.082125),0.813191 (0.730800 + 0.082391),0.810407 (0.728100 + 0.082307),0.802686 (0.720900 + 0.081786),0.823727 (0.741600 + 0.082127),0.811998 (0.730800 + 0.081198),0.815300 (0.733500 + 0.081800),0.813714 (0.731700 + 0.082014),0.827156 (0.744300 + 0.082856),0.821042 (0.738000 + 0.083042),0.801579 (0.719100 + 0.082479),0.809105 (0.726300 + 0.082805),0.813444 (0.731700 + 0.081744),0.802660 (0.720000 + 0.082660),0.802475 (0.720900 + 0.081575),0.814224 (0.732600 + 0.081624),0.812593 (0.729900 + 0.082693),0.812329 (0.729900 + 0.082429),0.816313 (0.732600 + 0.083713),0.800434 (0.717300 + 0.083134),0.813663 (0.731700 + 0.081963),0.813139 (0.730800 + 0.082339),0.814903 (0.732600 + 0.082303),0.808901 (0.727200 + 0.081701),0.825345 (0.743400 + 0.081945),0.798440 (0.716400 + 0.082040),0.815631 (0.734400 + 0.081231),0.810340 (0.728100 + 0.082240)
5,0.828496 (0.747000 + 0.081496),0.823125 (0.739800 + 0.083325),0.820366 (0.738000 + 0.082366),0.804530 (0.722700 + 0.081830),0.811797 (0.729000 + 0.082797),0.803578 (0.721800 + 0.081779),0.806392 (0.725400 + 0.080992),0.811361 (0.729000 + 0.082361),0.822854 (0.740700 + 0.082154),0.803489 (0.721800 + 0.081689),0.821760 (0.740700 + 0.081060),0.813183 (0.730800 + 0.082383),0.813183 (0.730800 + 0.082383),0.825523 (0.743400 + 0.082123),0.815631 (0.734400 + 0.081231),0.830414 (0.747900 + 0.082514),0.812533 (0.729900 + 0.082633),0.824359 (0.742500 + 0.081859),0.814121 (0.732600 + 0.081521),0.809412 (0.727200 + 0.082212),0.810277 (0.728100 + 0.082177),0.810107 (0.728100 + 0.082007),0.800546 (0.718200 + 0.082346),0.818291 (0.736200 + 0.082092),0.818672 (0.737100 + 0.081572),0.797503 (0.715500 + 0.082003),0.826977 (0.745200 + 0.081777),0.823663 (0.741600 + 0.082063),0.812329 (0.729900 + 0.082429),0.821097 (0.738000 + 0.083097),0.824498 (0.742500 + 0.081998),0.812250 (0.729900 + 0.082350),0.797612 (0.716400 + 0.081212),0.802957 (0.721800 + 0.081158),0.815686 (0.733500 + 0.082186),0.825949 (0.743400 + 0.082549),0.811790 (0.729900 + 0.081890),0.807390 (0.725400 + 0.081990),0.804723 (0.722700 + 0.082023),0.814125 (0.732600 + 0.081525),0.815776 (0.734400 + 0.081376),0.804429 (0.722700 + 0.081729),0.829007 (0.747000 + 0.082007),0.825146 (0.743400 + 0.081746),0.824812 (0.742500 + 0.082312),0.812847 (0.730800 + 0.082047),0.813752 (0.731700 + 0.082052),0.810247 (0.728100 + 0.082147),0.817138 (0.735300 + 0.081838),0.803849 (0.722700 + 0.081149),0.801745 (0.720000 + 0.081745),0.816355 (0.734400 + 0.081955),0.803827 (0.721800 + 0.082027),0.799944 (0.717300 + 0.082644),0.807903 (0.726300 + 0.081603),0.800999 (0.719100 + 0.081899),0.815538 (0.731700 + 0.083838),0.815090 (0.733500 + 0.081590),0.814903 (0.732600 + 0.082303),0.806267 (0.724500 + 0.081767),0.808943 (0.728100 + 0.080843),0.825418 (0.742500 + 0.082918),0.812149 (0.729900 + 0.082249),0.822823 (0.740700 + 0.082123),0.802216 (0.720000 + 0.082216),0.806360 (0.724500 + 0.081860),0.822767 (0.740700 + 0.082067),0.806806 (0.724500 + 0.082306),0.829262 (0.747000 + 0.082262),0.810543 (0.727200 + 0.083343)
6,0.830414 (0.747900 + 0.082514),0.809412 (0.727200 + 0.082212),0.804364 (0.723600 + 0.080764),0.810053 (0.728100 + 0.081953),0.803469 (0.720900 + 0.082569),0.827018 (0.745200 + 0.081818),0.829664 (0.747900 + 0.081764),0.826407 (0.743400 + 0.083007),0.817040 (0.735300 + 0.081740),0.828794 (0.747000 + 0.081794),0.808510 (0.725400 + 0.083110),0.811347 (0.729000 + 0.082347),0.826364 (0.744300 + 0.082064),0.814447 (0.731700 + 0.082747),0.826170 (0.744300 + 0.081870),0.815372 (0.733500 + 0.081872),0.822681 (0.740700 + 0.081981),0.814130 (0.731700 + 0.082430),0.813628 (0.731700 + 0.081928),0.819686 (0.737100 + 0.082586),0.819907 (0.738000 + 0.081907),0.806582 (0.725400 + 0.081182),0.818667 (0.738000 + 0.080667),0.809442 (0.727200 + 0.082242),0.812079 (0.729900 + 0.082179),0.811184 (0.729000 + 0.082184),0.801556 (0.720000 + 0.081556),0.816543 (0.735300 + 0.081243),0.809692 (0.727200 + 0.082492),0.803342 (0.722700 + 0.080642),0.804534 (0.721800 + 0.082734),0.819212 (0.737100 + 0.082112),0.814853 (0.732600 + 0.082253),0.815387 (0.733500 + 0.081887),0.817213 (0.734400 + 0.082813),0.814160 (0.731700 + 0.082460),0.807961 (0.726300 + 0.081661),0.819110 (0.737100 + 0.082010),0.829422 (0.748800 + 0.080623),0.825418 (0.742500 + 0.082918),0.825418 (0.742500 + 0.082918),0.816639 (0.734400 + 0.082239),0.832201 (0.749700 + 0.082501),0.819474 (0.737100 + 0.082374),0.788542 (0.706500 + 0.082042),0.819246 (0.737100 + 0.082146),0.811458 (0.729900 + 0.081558),0.817071 (0.735300 + 0.081771),0.808489 (0.726300 + 0.082189),0.817845 (0.735300 + 0.082545),0.806232 (0.723600 + 0.082632),0.814803 (0.733500 + 0.081303),0.824348 (0.742500 + 0.081848),0.810841 (0.728100 + 0.082741),0.813995 (0.732600 + 0.081395),0.820475 (0.738000 + 0.082475),0.810951 (0.729000 + 0.081951),0.808589 (0.726300 + 0.082289),0.813265 (0.730800 + 0.082465),0.825431 (0.743400 + 0.082031),0.812875 (0.730800 + 0.082075),0.809681 (0.728100 + 0.081581),0.828455 (0.746100 + 0.082355),0.821738 (0.739800 + 0.081938),0.822854 (0.740700 + 0.082154),0.827351 (0.745200 + 0.082151),0.822945 (0.741600 + 0.081345),0.815700 (0.733500 + 0.082200),0.816729 (0.733500 + 0.083229),0.806419 (0.724500 + 0.081919)
7,0.832201 (0.749700 + 0.082501),0.809339 (0.727200 + 0.082139),0.823863 (0.741600 + 0.082263),0.816367 (0.735300 + 0.081067),0.818532 (0.736200 + 0.082332),0.830275 (0.747900 + 0.082375),0.818548 (0.736200 + 0.082348),0.825418 (0.742500 + 0.082918),0.820475 (0.738000 + 0.082475),0.823230 (0.741600 + 0.081630),0.813024 (0.730800 + 0.082224),0.821491 (0.739800 + 0.081691),0.828314 (0.746100 + 0.082214),0.812065 (0.729900 + 0.082165),0.828896 (0.747000 + 0.081896),0.822567 (0.739800 + 0.082767),0.803469 (0.720900 + 0.082569),0.823166 (0.740700 + 0.082466),0.814101 (0.732600 + 0.081501),0.815949 (0.733500 + 0.082449),0.817240 (0.734400 + 0.082840),0.826364 (0.744300 + 0.082064),0.815372 (0.733500 + 0.081872),0.814654 (0.732600 + 0.082054),0.826585 (0.744300 + 0.082285),0.814905 (0.732600 + 0.082305),0.807795 (0.725400 + 0.082395),0.820046 (0.737100 + 0.082946),0.826532 (0.744300 + 0.082232),0.818273 (0.736200 + 0.082073),0.823795 (0.741600 + 0.082195),0.817040 (0.735300 + 0.081740),0.814853 (0.732600 + 0.082253),0.826212 (0.743400 + 0.082812),0.814714 (0.732600 + 0.082114),0.814921 (0.732600 + 0.082321),0.803987 (0.721800 + 0.082187),0.832640 (0.750600 + 0.082040),0.813258 (0.731700 + 0.081558),0.819366 (0.738900 + 0.080466),0.828496 (0.747000 + 0.081496),0.829284 (0.747900 + 0.081384),0.823051 (0.741600 + 0.081451),0.811756 (0.729900 + 0.081856),0.833220 (0.750600 + 0.082620),0.799890 (0.717300 + 0.082590),0.810783 (0.728100 + 0.082683),0.811706 (0.729000 + 0.082706),0.832390 (0.749700 + 0.082690),0.823335 (0.741600 + 0.081735),0.818499 (0.736200 + 0.082299),0.828172 (0.747000 + 0.081172),0.814372 (0.732600 + 0.081772),0.815130 (0.732600 + 0.082530),0.828993 (0.747000 + 0.081993),0.821091 (0.739800 + 0.081291),0.819715 (0.738000 + 0.081715),0.824349 (0.741600 + 0.082749),0.812330 (0.731700 + 0.080630),0.815292 (0.733500 + 0.081792),0.823149 (0.742500 + 0.080649),0.816449 (0.733500 + 0.082949),0.815226 (0.732600 + 0.082626),0.804877 (0.721800 + 0.083077),0.826887 (0.744300 + 0.082587),0.819722 (0.738000 + 0.081722),0.814353 (0.731700 + 0.082653),0.821956 (0.739800 + 0.082156),0.803920 (0.721800 + 0.082120),0.822514 (0.739800 + 0.082714)
8,0.833220 (0.750600 + 0.082620),0.815159 (0.732600 + 0.082559),0.830911 (0.747900 + 0.083011),0.821178 (0.738900 + 0.082278),0.819915 (0.738000 + 0.081915),0.822366 (0.740700 + 0.081666),0.824401 (0.743400 + 0.081001),0.819556 (0.737100 + 0.082456),0.818115 (0.736200 + 0.081915),0.826132 (0.743400 + 0.082732),0.824153 (0.742500 + 0.081653),0.812839 (0.731700 + 0.081139),0.820662 (0.738900 + 0.081762),0.835776 (0.753300 + 0.082476),0.813215 (0.730800 + 0.082415),0.833332 (0.750600 + 0.082732),0.830275 (0.747900 + 0.082375),0.827670 (0.745200 + 0.082470),0.829393 (0.747000 + 0.082393),0.826138 (0.744300 + 0.081838),0.830331 (0.747000 + 0.083331),0.819366 (0.738900 + 0.080466),0.813024 (0.730800 + 0.082224),0.827084 (0.745200 + 0.081885),0.818158 (0.736200 + 0.081958),0.818928 (0.738000 + 0.080928),0.811058 (0.729900 + 0.081158),0.820358 (0.738000 + 0.082358),0.817992 (0.735300 + 0.082692),0.816123 (0.733500 + 0.082623),0.810035 (0.728100 + 0.081935),0.833931 (0.752400 + 0.081531),0.841560 (0.758700 + 0.082860),0.829017 (0.747900 + 0.081117),0.815389 (0.733500 + 0.081889),0.826982 (0.744300 + 0.082682),0.825363 (0.743400 + 0.081963),0.822933 (0.741600 + 0.081333),0.824938 (0.742500 + 0.082438),0.830275 (0.747900 + 0.082375),0.816449 (0.733500 + 0.082949),0.816782 (0.735300 + 0.081482),0.829548 (0.747000 + 0.082548),0.811829 (0.729900 + 0.081929),0.841498 (0.758700 + 0.082798),0.836845 (0.754200 + 0.082645),0.810459 (0.729000 + 0.081459),0.833250 (0.750600 + 0.082650),0.814450 (0.731700 + 0.082750),0.821194 (0.738900 + 0.082294),0.822717 (0.741600 + 0.081117),0.825908 (0.745200 + 0.080708),0.825619 (0.744300 + 0.081319),0.814565 (0.732600 + 0.081965),0.824106 (0.741600 + 0.082506),0.830614 (0.748800 + 0.081814),0.819932 (0.738000 + 0.081932),0.827320 (0.745200 + 0.082120),0.811339 (0.729000 + 0.082339),0.815613 (0.733500 + 0.082113),0.823037 (0.740700 + 0.082337),0.822505 (0.740700 + 0.081805),0.818714 (0.737100 + 0.081614),0.822031 (0.740700 + 0.081331),0.833016 (0.750600 + 0.082416),0.819990 (0.738000 + 0.081990),0.830872 (0.748800 + 0.082072),0.814003 (0.731700 + 0.082303),0.830102 (0.747900 + 0.082202),0.823251 (0.742500 + 0.080751)
9,0.841560 (0.758700 + 0.082860),0.814741 (0.732600 + 0.082141),0.828634 (0.746100 + 0.082534),0.825935 (0.744300 + 0.081635),0.828068 (0.746100 + 0.081968),0.829790 (0.747000 + 0.082790),0.824089 (0.741600 + 0.082489),0.818879 (0.737100 + 0.081779),0.834655 (0.752400 + 0.082255),0.836661 (0.753300 + 0.083361),0.829801 (0.747900 + 0.081901),0.836384 (0.754200 + 0.082184),0.817193 (0.735300 + 0.081893),0.812921 (0.729900 + 0.083021),0.818610 (0.737100 + 0.081510),0.807759 (0.726300 + 0.081459),0.831798 (0.750600 + 0.081198),0.826863 (0.745200 + 0.081663),0.828307 (0.746100 + 0.082207),0.820385 (0.739800 + 0.080585),0.820019 (0.737100 + 0.082919),0.811827 (0.730800 + 0.081027),0.824073 (0.741600 + 0.082473),0.815884 (0.733500 + 0.082384),0.833659 (0.750600 + 0.083059),0.831385 (0.748800 + 0.082585),0.800368 (0.718200 + 0.082168),0.831501 (0.748800 + 0.082701),0.832435 (0.749700 + 0.082735),0.822959 (0.741600 + 0.081359),0.811033 (0.729000 + 0.082033),0.818647 (0.736200 + 0.082447),0.816309 (0.734400 + 0.081909),0.820453 (0.738000 + 0.082453),0.825039 (0.744300 + 0.080739),0.829586 (0.747000 + 0.082586),0.828229 (0.746100 + 0.082129),0.813527 (0.731700 + 0.081827),0.821779 (0.740700 + 0.081079),0.829685 (0.747000 + 0.082685),0.808225 (0.727200 + 0.081025),0.830387 (0.747900 + 0.082487),0.819915 (0.738000 + 0.081915),0.819578 (0.738000 + 0.081578),0.824890 (0.741600 + 0.083290),0.827272 (0.745200 + 0.082072),0.822907 (0.740700 + 0.082207),0.823465 (0.740700 + 0.082765),0.835215 (0.752400 + 0.082815),0.834747 (0.753300 + 0.081447),0.820950 (0.738900 + 0.082050),0.819738 (0.737100 + 0.082638),0.825328 (0.742500 + 0.082828),0.826765 (0.746100 + 0.080665),0.835753 (0.753300 + 0.082453),0.805779 (0.723600 + 0.082179),0.825297 (0.743400 + 0.081897),0.825363 (0.743400 + 0.081963),0.806123 (0.724500 + 0.081623),0.823873 (0.741600 + 0.082273),0.825923 (0.744300 + 0.081623),0.829386 (0.747000 + 0.082386),0.823763 (0.741600 + 0.082163),0.827324 (0.744300 + 0.083024),0.827845 (0.746100 + 0.081745),0.816811 (0.734400 + 0.082411),0.822362 (0.740700 + 0.081662),0.817362 (0.735300 + 0.082062),0.811632 (0.729900 + 0.081732),0.815938 (0.733500 + 0.082438)
10,0.841560 (0.758700 + 0.082860),0.834473 (0.752400 + 0.082073),0.830669 (0.748800 + 0.081869),0.829463 (0.747000 + 0.082463),0.825331 (0.744300 + 0.081031),0.831069 (0.748800 + 0.082269),0.826825 (0.745200 + 0.081625),0.828239 (0.746100 + 0.082139),0.840969 (0.759600 + 0.081369),0.806064 (0.723600 + 0.082464),0.838066 (0.756000 + 0.082066),0.820233 (0.738000 + 0.082233),0.812730 (0.729900 + 0.082830),0.818240 (0.736200 + 0.082040),0.835351 (0.753300 + 0.082051),0.835494 (0.753300 + 0.082194),0.829142 (0.747900 + 0.081242),0.832114 (0.749700 + 0.082414),0.821835 (0.739800 + 0.082036),0.818338 (0.736200 + 0.082138),0.822768 (0.740700 + 0.082068),0.812357 (0.729900 + 0.082457),0.826863 (0.745200 + 0.081663),0.806649 (0.724500 + 0.082149),0.825371 (0.743400 + 0.081971),0.830760 (0.749700 + 0.081060),0.825659 (0.742500 + 0.083159),0.835785 (0.753300 + 0.082485),0.836554 (0.754200 + 0.082354),0.827276 (0.745200 + 0.082076),0.820003 (0.738000 + 0.082003),0.830476 (0.747900 + 0.082576),0.832630 (0.749700 + 0.082930),0.806749 (0.725400 + 0.081349),0.816133 (0.734400 + 0.081733),0.831808 (0.749700 + 0.082108),0.819658 (0.738000 + 0.081658),0.818381 (0.735300 + 0.083081),0.821041 (0.738900 + 0.082141),0.833659 (0.750600 + 0.083059),0.824089 (0.741600 + 0.082489),0.816316 (0.734400 + 0.081916),0.832461 (0.749700 + 0.082761),0.815607 (0.733500 + 0.082107),0.832200 (0.750600 + 0.081600),0.824092 (0.742500 + 0.081592),0.823752 (0.741600 + 0.082152),0.828947 (0.746100 + 0.082847),0.832950 (0.749700 + 0.083250),0.822256 (0.740700 + 0.081556),0.826065 (0.744300 + 0.081765),0.822336 (0.740700 + 0.081636),0.815106 (0.732600 + 0.082506),0.821708 (0.739800 + 0.081908),0.823810 (0.741600 + 0.082210),0.831611 (0.749700 + 0.081911),0.813404 (0.730800 + 0.082604),0.841560 (0.758700 + 0.082860),0.831332 (0.749700 + 0.081632),0.831919 (0.749700 + 0.082219),0.827082 (0.744300 + 0.082782),0.836384 (0.754200 + 0.082184),0.824073 (0.741600 + 0.082473),0.837300 (0.754200 + 0.083100),0.832762 (0.750600 + 0.082162),0.818292 (0.736200 + 0.082092),0.822319 (0.740700 + 0.081619),0.830782 (0.748800 + 0.081982),0.817069 (0.735300 + 0.081769),0.835481 (0.752400 + 0.083081)
11,0.841560 (0.758700 + 0.082860),0.843635 (0.761400 + 0.082235),0.815300 (0.733500 + 0.081800),0.824488 (0.741600 + 0.082888),0.813289 (0.731700 + 0.081589),0.828905 (0.747000 + 0.081905),0.832219 (0.750600 + 0.081619),0.820719 (0.738000 + 0.082719),0.821914 (0.738900 + 0.083014),0.832425 (0.749700 + 0.082725),0.819708 (0.737100 + 0.082608),0.807285 (0.725400 + 0.081885),0.833017 (0.750600 + 0.082417),0.839633 (0.756900 + 0.082733),0.823192 (0.740700 + 0.082492),0.816115 (0.734400 + 0.081715),0.823055 (0.740700 + 0.082355),0.830917 (0.747900 + 0.083017),0.823390 (0.740700 + 0.082690),0.824450 (0.742500 + 0.081950),0.832200 (0.750600 + 0.081600),0.835310 (0.753300 + 0.082010),0.811379 (0.729900 + 0.081479),0.814499 (0.733500 + 0.080999),0.824945 (0.742500 + 0.082445),0.835494 (0.753300 + 0.082194),0.825932 (0.743400 + 0.082532),0.831923 (0.748800 + 0.083123),0.816109 (0.734400 + 0.081709),0.826749 (0.744300 + 0.082449),0.828046 (0.746100 + 0.081946),0.824550 (0.741600 + 0.082950),0.826782 (0.745200 + 0.081582),0.826186 (0.744300 + 0.081886),0.818468 (0.735300 + 0.083169),0.806194 (0.724500 + 0.081694),0.835158 (0.752400 + 0.082758),0.832536 (0.750600 + 0.081936),0.824768 (0.743400 + 0.081368),0.820966 (0.738900 + 0.082066),0.827747 (0.745200 + 0.082547),0.815926 (0.734400 + 0.081526),0.823278 (0.740700 + 0.082578),0.818907 (0.736200 + 0.082707),0.834050 (0.752400 + 0.081650),0.816320 (0.734400 + 0.081920),0.830444 (0.747000 + 0.083444),0.826553 (0.743400 + 0.083153),0.818367 (0.736200 + 0.082167),0.836460 (0.753300 + 0.083160),0.833486 (0.751500 + 0.081986),0.841737 (0.759600 + 0.082137),0.820783 (0.738900 + 0.081883),0.809270 (0.727200 + 0.082070),0.832230 (0.750600 + 0.081630),0.820455 (0.737100 + 0.083355),0.821350 (0.738900 + 0.082450),0.827253 (0.745200 + 0.082053),0.822123 (0.739800 + 0.082323),0.826076 (0.743400 + 0.082676),0.811067 (0.729900 + 0.081167),0.827224 (0.745200 + 0.082024),0.825010 (0.743400 + 0.081610),0.824608 (0.742500 + 0.082108),0.835280 (0.753300 + 0.081980),0.833327 (0.751500 + 0.081827),0.823569 (0.741600 + 0.081969),0.823409 (0.741600 + 0.081809),0.814043 (0.732600 + 0.081443),0.824126 (0.742500 + 0.081626)
12,0.843635 (0.761400 + 0.082235),0.817458 (0.735300 + 0.082158),0.830402 (0.747900 + 0.082502),0.830482 (0.748800 + 0.081682),0.832851 (0.750600 + 0.082251),0.827743 (0.745200 + 0.082543),0.828905 (0.747000 + 0.081905),0.827196 (0.745200 + 0.081996),0.815406 (0.734400 + 0.081006),0.815936 (0.733500 + 0.082436),0.825799 (0.744300 + 0.081499),0.843635 (0.761400 + 0.082235),0.832219 (0.750600 + 0.081619),0.827637 (0.745200 + 0.082437),0.833898 (0.751500 + 0.082398),0.827142 (0.744300 + 0.082842),0.828755 (0.747000 + 0.081755),0.835833 (0.753300 + 0.082533),0.826366 (0.744300 + 0.082066),0.826342 (0.744300 + 0.082042),0.827434 (0.744300 + 0.083134),0.829413 (0.747000 + 0.082413),0.818557 (0.737100 + 0.081457),0.821482 (0.739800 + 0.081682),0.826965 (0.745200 + 0.081765),0.814033 (0.731700 + 0.082333),0.817226 (0.735300 + 0.081926),0.822335 (0.739800 + 0.082535),0.831468 (0.748800 + 0.082668),0.822567 (0.740700 + 0.081867),0.828552 (0.746100 + 0.082452),0.825104 (0.742500 + 0.082605),0.830852 (0.748800 + 0.082052),0.821999 (0.739800 + 0.082199),0.835163 (0.752400 + 0.082763),0.837208 (0.755100 + 0.082108),0.834000 (0.751500 + 0.082501),0.821096 (0.738900 + 0.082197),0.823690 (0.741600 + 0.082090),0.834661 (0.751500 + 0.083161),0.817121 (0.735300 + 0.081821),0.831802 (0.749700 + 0.082102),0.824634 (0.743400 + 0.081234),0.821022 (0.739800 + 0.081222),0.815284 (0.733500 + 0.081784),0.816158 (0.734400 + 0.081758),0.838419 (0.756000 + 0.082419),0.833344 (0.750600 + 0.082744),0.833722 (0.751500 + 0.082222),0.836874 (0.755100 + 0.081774),0.822079 (0.738900 + 0.083179),0.825990 (0.744300 + 0.081690),0.817851 (0.736200 + 0.081651),0.841560 (0.758700 + 0.082860),0.823791 (0.741600 + 0.082191),0.815998 (0.733500 + 0.082498),0.829508 (0.747000 + 0.082508),0.837773 (0.755100 + 0.082673),0.821791 (0.739800 + 0.081991),0.823030 (0.740700 + 0.082330),0.833200 (0.751500 + 0.081700),0.836845 (0.754200 + 0.082645),0.825031 (0.743400 + 0.081631),0.821106 (0.738900 + 0.082206),0.825724 (0.744300 + 0.081424),0.823825 (0.741600 + 0.082225),0.839161 (0.756000 + 0.083161),0.843404 (0.761400 + 0.082004),0.836460 (0.753300 + 0.083160),0.825395 (0.743400 + 0.081995)
13,0.843635 (0.761400 + 0.082235),0.834551 (0.752400 + 0.082151),0.838856 (0.756900 + 0.081956),0.824814 (0.742500 + 0.082314),0.833943 (0.752400 + 0.081543),0.839161 (0.756000 + 0.083161),0.847810 (0.765900 + 0.081910),0.817067 (0.735300 + 0.081767),0.823233 (0.740700 + 0.082533),0.837192 (0.755100 + 0.082092),0.819839 (0.738000 + 0.081839),0.841250 (0.758700 + 0.082550),0.832811 (0.750600 + 0.082211),0.818903 (0.737100 + 0.081803),0.832847 (0.750600 + 0.082247),0.818802 (0.737100 + 0.081702),0.827933 (0.745200 + 0.082733),0.831814 (0.748800 + 0.083014),0.827434 (0.744300 + 0.083134),0.833818 (0.751500 + 0.082318),0.830212 (0.747900 + 0.082312),0.832852 (0.750600 + 0.082252),0.823983 (0.741600 + 0.082383),0.822479 (0.740700 + 0.081779),0.833119 (0.750600 + 0.082519),0.836460 (0.753300 + 0.083160),0.827831 (0.745200 + 0.082631),0.826713 (0.744300 + 0.082413),0.832935 (0.750600 + 0.082335),0.828642 (0.746100 + 0.082542),0.825621 (0.743400 + 0.082221),0.841686 (0.758700 + 0.082986),0.818639 (0.737100 + 0.081539),0.837556 (0.755100 + 0.082456),0.831550 (0.748800 + 0.082750),0.843635 (0.761400 + 0.082235),0.838126 (0.755100 + 0.083026),0.822797 (0.740700 + 0.082097),0.835373 (0.753300 + 0.082073),0.830080 (0.747900 + 0.082180),0.825044 (0.742500 + 0.082544),0.836811 (0.755100 + 0.081711),0.840702 (0.757800 + 0.082902),0.843404 (0.761400 + 0.082004),0.826366 (0.744300 + 0.082066),0.826938 (0.745200 + 0.081738),0.828968 (0.746100 + 0.082868),0.832764 (0.750600 + 0.082164),0.825035 (0.743400 + 0.081635),0.827431 (0.745200 + 0.082231),0.825778 (0.744300 + 0.081478),0.825523 (0.743400 + 0.082123),0.811202 (0.729900 + 0.081303),0.827196 (0.745200 + 0.081996),0.830439 (0.748800 + 0.081639),0.828228 (0.747000 + 0.081228),0.825031 (0.743400 + 0.081631),0.837131 (0.755100 + 0.082031),0.834000 (0.751500 + 0.082501),0.836314 (0.753300 + 0.083014),0.844155 (0.761400 + 0.082755),0.822390 (0.740700 + 0.081690),0.838311 (0.755100 + 0.083211),0.840348 (0.757800 + 0.082548),0.817214 (0.734400 + 0.082814),0.815809 (0.734400 + 0.081409),0.828939 (0.747000 + 0.081939),0.821544 (0.739800 + 0.081744),0.833563 (0.751500 + 0.082063),0.835756 (0.753300 + 0.082456)
14,0.847810 (0.765900 + 0.081910),0.808160 (0.726300 + 0.081860),0.840256 (0.757800 + 0.082456),0.807771 (0.726300 + 0.081471),0.829299 (0.747000 + 0.082299),0.829870 (0.748800 + 0.081070),0.832472 (0.750600 + 0.081872),0.835267 (0.753300 + 0.081967),0.834754 (0.752400 + 0.082354),0.850507 (0.767700 + 0.082807),0.830981 (0.748800 + 0.082181),0.829244 (0.747000 + 0.082244),0.837556 (0.755100 + 0.082456),0.836767 (0.754200 + 0.082567),0.835776 (0.754200 + 0.081576),0.832470 (0.750600 + 0.081870),0.831325 (0.749700 + 0.081625),0.825692 (0.742500 + 0.083192),0.818892 (0.738000 + 0.080892),0.835333 (0.753300 + 0.082033),0.833324 (0.750600 + 0.082724),0.841761 (0.758700 + 0.083062),0.827912 (0.745200 + 0.082712),0.837023 (0.754200 + 0.082823),0.842492 (0.760500 + 0.081992),0.828347 (0.746100 + 0.082247),0.833804 (0.751500 + 0.082304),0.831623 (0.749700 + 0.081923),0.838342 (0.756000 + 0.082342),0.833027 (0.750600 + 0.082427),0.833134 (0.751500 + 0.081634),0.842561 (0.759600 + 0.082961),0.827804 (0.746100 + 0.081704),0.841557 (0.759600 + 0.081957),0.838581 (0.756000 + 0.082581),0.817105 (0.734400 + 0.082705),0.837449 (0.755100 + 0.082349),0.827306 (0.745200 + 0.082106),0.830052 (0.747000 + 0.083052),0.841250 (0.758700 + 0.082550),0.818199 (0.736200 + 0.082000),0.837556 (0.755100 + 0.082456),0.828079 (0.746100 + 0.081979),0.840243 (0.757800 + 0.082443),0.830124 (0.747900 + 0.082224),0.832764 (0.750600 + 0.082164),0.828131 (0.746100 + 0.082031),0.836846 (0.754200 + 0.082646),0.826343 (0.745200 + 0.081143),0.826430 (0.744300 + 0.082130),0.832671 (0.750600 + 0.082071),0.841724 (0.759600 + 0.082124),0.816150 (0.733500 + 0.082650),0.825259 (0.743400 + 0.081859),0.825861 (0.744300 + 0.081561),0.840243 (0.757800 + 0.082443),0.831065 (0.748800 + 0.082265),0.828167 (0.746100 + 0.082067),0.841764 (0.758700 + 0.083064),0.838742 (0.756000 + 0.082742),0.829172 (0.746100 + 0.083072),0.829718 (0.747000 + 0.082718),0.837732 (0.755100 + 0.082632),0.834025 (0.751500 + 0.082525),0.844077 (0.761400 + 0.082677),0.837095 (0.754200 + 0.082895),0.828268 (0.746100 + 0.082168),0.833341 (0.750600 + 0.082741),0.821331 (0.739800 + 0.081531),0.820789 (0.738900 + 0.081889)
15,0.850507 (0.767700 + 0.082807),0.847529 (0.765000 + 0.082529),0.838477 (0.756000 + 0.082477),0.833232 (0.750600 + 0.082632),0.830870 (0.748800 + 0.082070),0.827080 (0.744300 + 0.082780),0.836601 (0.754200 + 0.082401),0.828977 (0.746100 + 0.082877),0.833755 (0.750600 + 0.083155),0.838198 (0.756000 + 0.082198),0.834311 (0.751500 + 0.082811),0.852896 (0.770400 + 0.082496),0.844077 (0.761400 + 0.082677),0.834177 (0.751500 + 0.082677),0.830936 (0.748800 + 0.082136),0.841764 (0.758700 + 0.083064),0.841904 (0.759600 + 0.082304),0.840457 (0.757800 + 0.082657),0.833420 (0.751500 + 0.081920),0.830157 (0.747900 + 0.082257),0.826535 (0.744300 + 0.082235),0.837125 (0.754200 + 0.082925),0.835837 (0.754200 + 0.081638),0.821692 (0.739800 + 0.081892),0.832297 (0.750600 + 0.081697),0.827847 (0.746100 + 0.081747),0.835997 (0.753300 + 0.082697),0.840475 (0.758700 + 0.081775),0.847658 (0.765000 + 0.082658),0.829380 (0.747000 + 0.082380),0.845525 (0.763200 + 0.082325),0.824295 (0.742500 + 0.081795),0.834205 (0.751500 + 0.082705),0.839100 (0.756900 + 0.082200),0.835293 (0.753300 + 0.081993),0.822938 (0.740700 + 0.082238),0.828298 (0.746100 + 0.082198),0.820380 (0.738000 + 0.082380),0.838652 (0.756000 + 0.082652),0.834240 (0.751500 + 0.082740),0.831047 (0.748800 + 0.082247),0.822959 (0.740700 + 0.082259),0.815595 (0.733500 + 0.082095),0.819299 (0.738000 + 0.081299),0.840321 (0.757800 + 0.082521),0.836321 (0.754200 + 0.082121),0.826356 (0.744300 + 0.082056),0.844201 (0.761400 + 0.082801),0.822297 (0.740700 + 0.081597),0.835776 (0.754200 + 0.081576),0.827912 (0.745200 + 0.082712),0.835233 (0.753300 + 0.081933),0.830790 (0.748800 + 0.081990),0.840841 (0.758700 + 0.082141),0.836517 (0.754200 + 0.082317),0.830528 (0.748800 + 0.081728),0.836547 (0.754200 + 0.082347),0.831319 (0.748800 + 0.082519),0.819572 (0.737100 + 0.082472),0.839140 (0.756000 + 0.083140),0.828359 (0.746100 + 0.082259),0.839551 (0.756900 + 0.082651),0.822636 (0.739800 + 0.082836),0.825263 (0.743400 + 0.081863),0.830514 (0.747900 + 0.082614),0.839802 (0.756900 + 0.082902),0.843336 (0.761400 + 0.081936),0.850507 (0.767700 + 0.082807),0.828437 (0.746100 + 0.082337),0.847810 (0.765900 + 0.081910)
16,0.852896 (0.770400 + 0.082496),0.846317 (0.764100 + 0.082217),0.833561 (0.750600 + 0.082961),0.852279 (0.769500 + 0.082779),0.824779 (0.742500 + 0.082279),0.838793 (0.756000 + 0.082793),0.836666 (0.755100 + 0.081566),0.845167 (0.763200 + 0.081967),0.854053 (0.771300 + 0.082753),0.844601 (0.762300 + 0.082302),0.836826 (0.754200 + 0.082626),0.832465 (0.750600 + 0.081865),0.833854 (0.751500 + 0.082354),0.849280 (0.766800 + 0.082480),0.835648 (0.754200 + 0.081448),0.825138 (0.743400 + 0.081738),0.848733 (0.765900 + 0.082833),0.842561 (0.759600 + 0.082961),0.843488 (0.760500 + 0.082988),0.842556 (0.760500 + 0.082056),0.839818 (0.756900 + 0.082918),0.833572 (0.751500 + 0.082072),0.838372 (0.756000 + 0.082372),0.844069 (0.761400 + 0.082669),0.841007 (0.758700 + 0.082307),0.825448 (0.743400 + 0.082048),0.837701 (0.755100 + 0.082601),0.831380 (0.748800 + 0.082580),0.827132 (0.745200 + 0.081932),0.837431 (0.756000 + 0.081431),0.827278 (0.745200 + 0.082078),0.839867 (0.757800 + 0.082067),0.832382 (0.749700 + 0.082682),0.832419 (0.749700 + 0.082719),0.834384 (0.751500 + 0.082884),0.835544 (0.753300 + 0.082244),0.835562 (0.753300 + 0.082262),0.841324 (0.758700 + 0.082624),0.846652 (0.764100 + 0.082552),0.846233 (0.764100 + 0.082133),0.831016 (0.748800 + 0.082216),0.823440 (0.741600 + 0.081840),0.841269 (0.758700 + 0.082569),0.840751 (0.757800 + 0.082951),0.829197 (0.747000 + 0.082197),0.825782 (0.744300 + 0.081482),0.826000 (0.743400 + 0.082600),0.836321 (0.754200 + 0.082121),0.833232 (0.750600 + 0.082632),0.840115 (0.757800 + 0.082315),0.819060 (0.737100 + 0.081960),0.831318 (0.748800 + 0.082518),0.831501 (0.748800 + 0.082701),0.836294 (0.754200 + 0.082094),0.831497 (0.748800 + 0.082697),0.820535 (0.738000 + 0.082535),0.834706 (0.752400 + 0.082306),0.840795 (0.758700 + 0.082095),0.843146 (0.760500 + 0.082646),0.841388 (0.758700 + 0.082688),0.835571 (0.753300 + 0.082271),0.839829 (0.757800 + 0.082029),0.846355 (0.764100 + 0.082255),0.833129 (0.751500 + 0.081629),0.847745 (0.765000 + 0.082745),0.852896 (0.770400 + 0.082496),0.839551 (0.756900 + 0.082651),0.844201 (0.761400 + 0.082801),0.824351 (0.741600 + 0.082751),0.832590 (0.750600 + 0.081990)
17,0.854053 (0.771300 + 0.082753),0.841388 (0.758700 + 0.082688),0.837431 (0.756000 + 0.081431),0.837145 (0.754200 + 0.082945),0.840374 (0.757800 + 0.082574),0.831321 (0.748800 + 0.082521),0.832482 (0.751500 + 0.080982),0.841069 (0.758700 + 0.082369),0.836529 (0.754200 + 0.082329),0.829838 (0.747000 + 0.082838),0.852919 (0.770400 + 0.082519),0.840066 (0.757800 + 0.082266),0.835669 (0.753300 + 0.082369),0.829277 (0.747000 + 0.082277),0.842189 (0.759600 + 0.082589),0.844156 (0.761400 + 0.082756),0.849288 (0.766800 + 0.082488),0.827699 (0.746100 + 0.081600),0.850507 (0.767700 + 0.082807),0.837683 (0.756000 + 0.081683),0.829933 (0.747000 + 0.082933),0.828172 (0.745200 + 0.082972),0.852615 (0.770400 + 0.082215),0.845971 (0.763200 + 0.082771),0.834064 (0.752400 + 0.081664),0.837332 (0.755100 + 0.082232),0.840808 (0.757800 + 0.083008),0.833524 (0.751500 + 0.082024),0.836424 (0.754200 + 0.082224),0.848733 (0.765900 + 0.082833),0.834384 (0.751500 + 0.082884),0.839982 (0.757800 + 0.082182),0.844468 (0.762300 + 0.082168),0.845850 (0.763200 + 0.082650),0.848416 (0.765900 + 0.082516),0.840150 (0.757800 + 0.082350),0.836222 (0.754200 + 0.082023),0.847810 (0.765900 + 0.081910),0.841764 (0.758700 + 0.083064),0.837365 (0.755100 + 0.082265),0.844599 (0.762300 + 0.082299),0.844966 (0.762300 + 0.082666),0.844103 (0.761400 + 0.082703),0.841694 (0.758700 + 0.082994),0.827011 (0.745200 + 0.081811),0.834742 (0.752400 + 0.082342),0.845043 (0.762300 + 0.082743),0.833920 (0.751500 + 0.082420),0.838504 (0.756000 + 0.082504),0.841516 (0.759600 + 0.081916),0.837611 (0.755100 + 0.082511),0.854053 (0.771300 + 0.082753),0.844069 (0.761400 + 0.082669),0.843325 (0.760500 + 0.082825),0.835757 (0.753300 + 0.082457),0.838635 (0.756000 + 0.082635),0.831774 (0.748800 + 0.082974),0.851302 (0.768600 + 0.082702),0.841345 (0.758700 + 0.082645),0.829317 (0.747000 + 0.082317),0.841874 (0.759600 + 0.082274),0.834197 (0.751500 + 0.082697),0.827570 (0.746100 + 0.081470),0.831158 (0.748800 + 0.082358),0.829527 (0.747000 + 0.082527),0.838909 (0.756900 + 0.082009),0.841407 (0.758700 + 0.082707),0.849721 (0.766800 + 0.082921),0.836959 (0.755100 + 0.081859),0.829874 (0.747900 + 0.081974)
18,0.854053 (0.771300 + 0.082753),0.847810 (0.765900 + 0.081910),0.854053 (0.771300 + 0.082753),0.833192 (0.750600 + 0.082593),0.834992 (0.753300 + 0.081692),0.841814 (0.759600 + 0.082214),0.841005 (0.758700 + 0.082305),0.831703 (0.748800 + 0.082903),0.831287 (0.748800 + 0.082487),0.841429 (0.758700 + 0.082729),0.841622 (0.758700 + 0.082922),0.831414 (0.749700 + 0.081714),0.844550 (0.762300 + 0.082250),0.834740 (0.753300 + 0.081440),0.840882 (0.757800 + 0.083082),0.837390 (0.755100 + 0.082290),0.843065 (0.760500 + 0.082565),0.853127 (0.770400 + 0.082727),0.826379 (0.743400 + 0.082979),0.845971 (0.763200 + 0.082771),0.826725 (0.744300 + 0.082425),0.848148 (0.765900 + 0.082248),0.844852 (0.762300 + 0.082552),0.846880 (0.764100 + 0.082780),0.833633 (0.751500 + 0.082133),0.849568 (0.766800 + 0.082768),0.839045 (0.756900 + 0.082145),0.836230 (0.754200 + 0.082030),0.845461 (0.763200 + 0.082261),0.851302 (0.768600 + 0.082702),0.843190 (0.760500 + 0.082690),0.854053 (0.771300 + 0.082753),0.834384 (0.751500 + 0.082884),0.847810 (0.765900 + 0.081910),0.841764 (0.758700 + 0.083064),0.841407 (0.758700 + 0.082707),0.826147 (0.744300 + 0.081847),0.837666 (0.755100 + 0.082566),0.841788 (0.759600 + 0.082188),0.849292 (0.766800 + 0.082492),0.852874 (0.770400 + 0.082474),0.851315 (0.768600 + 0.082716),0.843806 (0.761400 + 0.082406),0.842725 (0.760500 + 0.082225),0.833701 (0.750600 + 0.083101),0.839622 (0.757800 + 0.081822),0.840554 (0.757800 + 0.082754),0.845167 (0.763200 + 0.081967),0.841725 (0.759600 + 0.082125),0.833428 (0.750600 + 0.082828),0.845783 (0.763200 + 0.082583),0.835103 (0.752400 + 0.082703),0.844886 (0.762300 + 0.082586),0.849502 (0.766800 + 0.082702),0.836492 (0.754200 + 0.082292),0.846987 (0.765000 + 0.081987),0.839582 (0.756900 + 0.082682),0.842309 (0.759600 + 0.082709),0.844287 (0.761400 + 0.082887),0.825707 (0.743400 + 0.082307),0.836214 (0.754200 + 0.082014),0.838195 (0.756000 + 0.082195),0.848659 (0.766800 + 0.081859),0.846508 (0.764100 + 0.082408),0.837841 (0.756000 + 0.081841),0.829272 (0.747900 + 0.081372),0.848656 (0.765900 + 0.082756),0.854093 (0.771300 + 0.082793),0.843131 (0.760500 + 0.082631),0.827013 (0.746100 + 0.080913)
19,0.854093 (0.771300 + 0.082793),0.842117 (0.759600 + 0.082517),0.844256 (0.761400 + 0.082856),0.844182 (0.761400 + 0.082782),0.826141 (0.743400 + 0.082741),0.845207 (0.762300 + 0.082907),0.836743 (0.755100 + 0.081643),0.844236 (0.762300 + 0.081936),0.846749 (0.764100 + 0.082649),0.847662 (0.765000 + 0.082662),0.841452 (0.758700 + 0.082752),0.828869 (0.747000 + 0.081870),0.831339 (0.748800 + 0.082539),0.836240 (0.754200 + 0.082040),0.844107 (0.761400 + 0.082707),0.849364 (0.766800 + 0.082564),0.831607 (0.748800 + 0.082807),0.836024 (0.754200 + 0.081824),0.850422 (0.767700 + 0.082722),0.852171 (0.769500 + 0.082671),0.846443 (0.764100 + 0.082343),0.847944 (0.765000 + 0.082944),0.837931 (0.756000 + 0.081931),0.841141 (0.758700 + 0.082441),0.848960 (0.766800 + 0.082160),0.833302 (0.751500 + 0.081802),0.849716 (0.766800 + 0.082916),0.841261 (0.758700 + 0.082561),0.845821 (0.763200 + 0.082621),0.839174 (0.756900 + 0.082274),0.848090 (0.765900 + 0.082190),0.856328 (0.774000 + 0.082328),0.833550 (0.751500 + 0.082050),0.853777 (0.771300 + 0.082477),0.836392 (0.754200 + 0.082192),0.829850 (0.747000 + 0.082850),0.837045 (0.754200 + 0.082845),0.837761 (0.755100 + 0.082661),0.840429 (0.757800 + 0.082629),0.841723 (0.759600 + 0.082123),0.830022 (0.747900 + 0.082122),0.840723 (0.757800 + 0.082923),0.850452 (0.767700 + 0.082752),0.826442 (0.745200 + 0.081242),0.834708 (0.752400 + 0.082308),0.825493 (0.743400 + 0.082093),0.837333 (0.755100 + 0.082233),0.845630 (0.763200 + 0.082430),0.839772 (0.756900 + 0.082872),0.843898 (0.761400 + 0.082498),0.850448 (0.767700 + 0.082748),0.851302 (0.768600 + 0.082702),0.852874 (0.770400 + 0.082474),0.830179 (0.747900 + 0.082279),0.836515 (0.754200 + 0.082315),0.825199 (0.743400 + 0.081799),0.846612 (0.764100 + 0.082512),0.840882 (0.757800 + 0.083082),0.823620 (0.741600 + 0.082020),0.843699 (0.761400 + 0.082299),0.827981 (0.746100 + 0.081881),0.839635 (0.757800 + 0.081835),0.843297 (0.761400 + 0.081897),0.833431 (0.750600 + 0.082831),0.847810 (0.765900 + 0.081910),0.851334 (0.768600 + 0.082734),0.838690 (0.756000 + 0.082690),0.841051 (0.758700 + 0.082351),0.846097 (0.763200 + 0.082897),0.858628 (0.776700 + 0.081928)
20,0.858628 (0.776700 + 0.081928),0.841139 (0.758700 + 0.082439),0.844817 (0.762300 + 0.082517),0.841868 (0.759600 + 0.082268),0.854093 (0.771300 + 0.082793),0.851979 (0.769500 + 0.082479),0.849231 (0.766800 + 0.082431),0.845824 (0.763200 + 0.082624),0.843136 (0.760500 + 0.082636),0.837660 (0.755100 + 0.082561),0.840891 (0.758700 + 0.082191),0.844815 (0.762300 + 0.082515),0.849358 (0.766800 + 0.082558),0.839371 (0.756900 + 0.082471),0.839926 (0.756900 + 0.083026),0.840682 (0.758700 + 0.081982),0.846635 (0.765000 + 0.081635),0.843145 (0.760500 + 0.082645),0.835854 (0.753300 + 0.082554),0.845821 (0.763200 + 0.082621),0.841452 (0.758700 + 0.082752),0.830909 (0.748800 + 0.082109),0.847680 (0.765000 + 0.082680),0.833783 (0.751500 + 0.082283),0.846926 (0.764100 + 0.082826),0.857698 (0.775800 + 0.081898),0.850794 (0.768600 + 0.082194),0.850298 (0.767700 + 0.082598),0.840723 (0.757800 + 0.082923),0.851472 (0.768600 + 0.082872),0.836487 (0.754200 + 0.082287),0.843118 (0.760500 + 0.082618),0.837683 (0.755100 + 0.082583),0.827148 (0.745200 + 0.081948),0.858375 (0.775800 + 0.082575),0.851270 (0.768600 + 0.082670),0.832142 (0.749700 + 0.082442),0.834879 (0.752400 + 0.082479),0.840379 (0.757800 + 0.082579),0.846486 (0.764100 + 0.082386),0.853495 (0.771300 + 0.082195),0.852171 (0.769500 + 0.082671),0.842917 (0.760500 + 0.082417),0.855010 (0.772200 + 0.082810),0.856355 (0.774000 + 0.082355),0.849805 (0.767700 + 0.082105),0.826599 (0.744300 + 0.082299),0.854987 (0.772200 + 0.082787),0.837296 (0.755100 + 0.082196),0.829865 (0.747900 + 0.081965),0.848380 (0.765900 + 0.082480),0.834523 (0.752400 + 0.082123),0.852177 (0.769500 + 0.082677),0.845821 (0.763200 + 0.082621),0.845821 (0.763200 + 0.082621),0.853928 (0.771300 + 0.082628),0.835081 (0.752400 + 0.082681),0.843184 (0.761400 + 0.081784),0.852400 (0.770400 + 0.082000),0.840167 (0.757800 + 0.082367),0.835198 (0.753300 + 0.081898),0.838780 (0.756900 + 0.081880),0.838973 (0.756900 + 0.082073),0.839712 (0.756900 + 0.082812),0.833141 (0.750600 + 0.082541),0.847656 (0.765000 + 0.082656),0.850428 (0.767700 + 0.082728),0.849364 (0.766800 + 0.082564),0.837333 (0.755100 + 0.082233),0.837695 (0.755100 + 0.082595)
21,0.858628 (0.776700 + 0.081928),0.848222 (0.765900 + 0.082322),0.848377 (0.766800 + 0.081577),0.839042 (0.756900 + 0.082142),0.840230 (0.757800 + 0.082430),0.841681 (0.758700 + 0.082981),0.852695 (0.770400 + 0.082295),0.837504 (0.755100 + 0.082404),0.850164 (0.767700 + 0.082464),0.846761 (0.764100 + 0.082661),0.849903 (0.767700 + 0.082203),0.852296 (0.769500 + 0.082796),0.847571 (0.765000 + 0.082571),0.835177 (0.753300 + 0.081877),0.838779 (0.756000 + 0.082779),0.861853 (0.779400 + 0.082453),0.853529 (0.771300 + 0.082229),0.844817 (0.762300 + 0.082517),0.833780 (0.751500 + 0.082280),0.841246 (0.758700 + 0.082546),0.824658 (0.741600 + 0.083058),0.838382 (0.756000 + 0.082382),0.862695 (0.780300 + 0.082395),0.858596 (0.776700 + 0.081896),0.845137 (0.763200 + 0.081937),0.852176 (0.770400 + 0.081776),0.846226 (0.764100 + 0.082126),0.841937 (0.760500 + 0.081437),0.846568 (0.764100 + 0.082468),0.840956 (0.758700 + 0.082256),0.840123 (0.757800 + 0.082323),0.835373 (0.753300 + 0.082073),0.844032 (0.761400 + 0.082632),0.837598 (0.755100 + 0.082498),0.837678 (0.755100 + 0.082578),0.834453 (0.752400 + 0.082053),0.845853 (0.763200 + 0.082653),0.832244 (0.749700 + 0.082544),0.851968 (0.769500 + 0.082468),0.849054 (0.766800 + 0.082254),0.840287 (0.757800 + 0.082487),0.846005 (0.763200 + 0.082805),0.845821 (0.763200 + 0.082621),0.833975 (0.751500 + 0.082476),0.850450 (0.767700 + 0.082750),0.848282 (0.765900 + 0.082382),0.838592 (0.756000 + 0.082592),0.846464 (0.764100 + 0.082364),0.845995 (0.763200 + 0.082795),0.847770 (0.765000 + 0.082770),0.836777 (0.755100 + 0.081677),0.854987 (0.772200 + 0.082787),0.840723 (0.757800 + 0.082923),0.848380 (0.765900 + 0.082480),0.855010 (0.772200 + 0.082810),0.847659 (0.765000 + 0.082659),0.841339 (0.758700 + 0.082639),0.833251 (0.750600 + 0.082651),0.840979 (0.758700 + 0.082279),0.867910 (0.785700 + 0.082210),0.839841 (0.757800 + 0.082041),0.842131 (0.759600 + 0.082531),0.844847 (0.762300 + 0.082547),0.850422 (0.767700 + 0.082722),0.847662 (0.765000 + 0.082662),0.839148 (0.756000 + 0.083148),0.835206 (0.753300 + 0.081906),0.838461 (0.756000 + 0.082461),0.850240 (0.767700 + 0.082540),0.863613 (0.781200 + 0.082413)
22,0.867910 (0.785700 + 0.082210),0.843040 (0.760500 + 0.082539),0.853501 (0.771300 + 0.082201),0.841935 (0.759600 + 0.082335),0.844892 (0.762300 + 0.082592),0.841874 (0.759600 + 0.082274),0.849439 (0.766800 + 0.082639),0.853529 (0.771300 + 0.082229),0.848377 (0.766800 + 0.081577),0.842963 (0.760500 + 0.082463),0.851347 (0.768600 + 0.082747),0.841950 (0.759600 + 0.082350),0.853986 (0.771300 + 0.082686),0.846412 (0.764100 + 0.082312),0.822395 (0.739800 + 0.082595),0.849123 (0.766800 + 0.082323),0.850094 (0.767700 + 0.082394),0.853758 (0.771300 + 0.082458),0.829590 (0.747000 + 0.082590),0.837128 (0.754200 + 0.082928),0.830094 (0.747900 + 0.082194),0.858321 (0.775800 + 0.082521),0.840028 (0.757800 + 0.082228),0.848228 (0.765900 + 0.082328),0.838804 (0.756000 + 0.082804),0.849519 (0.766800 + 0.082719),0.851327 (0.769500 + 0.081827),0.860033 (0.777600 + 0.082433),0.853450 (0.771300 + 0.082150),0.838149 (0.756000 + 0.082149),0.841875 (0.759600 + 0.082275),0.839710 (0.756900 + 0.082810),0.849471 (0.766800 + 0.082671),0.844408 (0.762300 + 0.082108),0.862808 (0.780300 + 0.082508),0.863520 (0.781200 + 0.082320),0.856341 (0.774000 + 0.082341),0.832705 (0.750600 + 0.082105),0.829999 (0.747900 + 0.082099),0.845744 (0.763200 + 0.082544),0.845995 (0.763200 + 0.082795),0.833772 (0.751500 + 0.082272),0.845705 (0.763200 + 0.082505),0.848172 (0.765900 + 0.082272),0.855134 (0.773100 + 0.082034),0.854837 (0.772200 + 0.082637),0.849177 (0.766800 + 0.082378),0.847662 (0.765000 + 0.082662),0.852296 (0.769500 + 0.082796),0.836219 (0.753300 + 0.082919),0.856434 (0.774000 + 0.082434),0.855688 (0.773100 + 0.082588),0.857023 (0.774900 + 0.082123),0.841656 (0.758700 + 0.082956),0.852467 (0.770400 + 0.082067),0.846774 (0.764100 + 0.082674),0.832051 (0.749700 + 0.082351),0.830510 (0.747900 + 0.082610),0.848519 (0.765900 + 0.082619),0.846684 (0.764100 + 0.082584),0.835607 (0.753300 + 0.082307),0.837501 (0.755100 + 0.082402),0.848435 (0.765900 + 0.082535),0.841248 (0.758700 + 0.082548),0.854655 (0.772200 + 0.082455),0.835261 (0.752400 + 0.082861),0.843653 (0.761400 + 0.082253),0.840722 (0.758700 + 0.082022),0.832464 (0.749700 + 0.082763),0.850164 (0.767700 + 0.082464)
23,0.867910 (0.785700 + 0.082210),0.843272 (0.760500 + 0.082772),0.861372 (0.779400 + 0.081972),0.847816 (0.765000 + 0.082816),0.849133 (0.766800 + 0.082333),0.853529 (0.771300 + 0.082229),0.846774 (0.764100 + 0.082674),0.837455 (0.755100 + 0.082355),0.847683 (0.765000 + 0.082683),0.857260 (0.774900 + 0.082360),0.839617 (0.757800 + 0.081817),0.859164 (0.776700 + 0.082464),0.855788 (0.773100 + 0.082688),0.839064 (0.756900 + 0.082164),0.847363 (0.765000 + 0.082363),0.840070 (0.757800 + 0.082270),0.839213 (0.756900 + 0.082313),0.847420 (0.765000 + 0.082420),0.844631 (0.762300 + 0.082331),0.845348 (0.763200 + 0.082148),0.854278 (0.772200 + 0.082078),0.845469 (0.763200 + 0.082269),0.860711 (0.778500 + 0.082211),0.846388 (0.764100 + 0.082288),0.841875 (0.759600 + 0.082275),0.835541 (0.753300 + 0.082241),0.846774 (0.764100 + 0.082674),0.848407 (0.765900 + 0.082507),0.843062 (0.760500 + 0.082562),0.840269 (0.758700 + 0.081570),0.838368 (0.756000 + 0.082368),0.838682 (0.756900 + 0.081782),0.856433 (0.774000 + 0.082433),0.845143 (0.762300 + 0.082843),0.844491 (0.762300 + 0.082191),0.843415 (0.760500 + 0.082915),0.841935 (0.759600 + 0.082335),0.838423 (0.756000 + 0.082423),0.844697 (0.762300 + 0.082397),0.861561 (0.779400 + 0.082161),0.842530 (0.760500 + 0.082030),0.843874 (0.761400 + 0.082474),0.853986 (0.771300 + 0.082686),0.852914 (0.770400 + 0.082514),0.843286 (0.761400 + 0.081886),0.862863 (0.780300 + 0.082563),0.848005 (0.765900 + 0.082105),0.857456 (0.774900 + 0.082556),0.851007 (0.768600 + 0.082407),0.850540 (0.767700 + 0.082840),0.847798 (0.765900 + 0.081898),0.844316 (0.762300 + 0.082016),0.831421 (0.749700 + 0.081721),0.853900 (0.771300 + 0.082600),0.846693 (0.764100 + 0.082593),0.854655 (0.772200 + 0.082455),0.853758 (0.771300 + 0.082458),0.850226 (0.767700 + 0.082526),0.855906 (0.773100 + 0.082806),0.845723 (0.763200 + 0.082523),0.847541 (0.765000 + 0.082541),0.840076 (0.757800 + 0.082276),0.847640 (0.765000 + 0.082640),0.862808 (0.780300 + 0.082508),0.857023 (0.774900 + 0.082123),0.843338 (0.761400 + 0.081938),0.850136 (0.767700 + 0.082436),0.843392 (0.761400 + 0.081992),0.851845 (0.769500 + 0.082345),0.851029 (0.768600 + 0.082429)
24,0.867910 (0.785700 + 0.082210),0.862820 (0.780300 + 0.082520),0.853407 (0.771300 + 0.082107),0.854278 (0.772200 + 0.082078),0.844491 (0.762300 + 0.082191),0.851105 (0.768600 + 0.082506),0.851997 (0.769500 + 0.082497),0.853067 (0.770400 + 0.082667),0.848046 (0.765900 + 0.082146),0.852231 (0.770400 + 0.081831),0.855449 (0.773100 + 0.082349),0.846593 (0.764100 + 0.082493),0.838063 (0.755100 + 0.082963),0.850698 (0.767700 + 0.082998),0.852650 (0.770400 + 0.082250),0.855364 (0.773100 + 0.082264),0.852899 (0.770400 + 0.082499),0.867910 (0.785700 + 0.082210),0.849050 (0.766800 + 0.082250),0.836636 (0.754200 + 0.082436),0.850709 (0.768600 + 0.082109),0.856465 (0.774000 + 0.082465),0.849405 (0.766800 + 0.082605),0.857714 (0.774900 + 0.082814),0.845463 (0.763200 + 0.082263),0.857119 (0.774900 + 0.082219),0.846533 (0.764100 + 0.082433),0.838468 (0.756000 + 0.082468),0.850458 (0.768600 + 0.081858),0.854355 (0.771300 + 0.083055),0.850701 (0.768600 + 0.082102),0.850582 (0.768600 + 0.081982),0.839153 (0.756900 + 0.082253),0.855388 (0.773100 + 0.082288),0.849895 (0.767700 + 0.082195),0.851839 (0.769500 + 0.082339),0.850467 (0.768600 + 0.081867),0.854587 (0.772200 + 0.082387),0.831609 (0.748800 + 0.082809),0.859164 (0.776700 + 0.082464),0.850766 (0.768600 + 0.082166),0.841621 (0.758700 + 0.082921),0.847392 (0.765000 + 0.082392),0.848344 (0.765900 + 0.082444),0.838106 (0.756000 + 0.082106),0.839473 (0.756900 + 0.082573),0.854775 (0.772200 + 0.082575),0.850704 (0.768600 + 0.082104),0.844457 (0.762300 + 0.082157),0.854377 (0.771300 + 0.083077),0.846198 (0.764100 + 0.082099),0.844804 (0.762300 + 0.082504),0.838499 (0.756000 + 0.082499),0.839984 (0.757800 + 0.082184),0.847935 (0.765900 + 0.082035),0.845488 (0.763200 + 0.082288),0.837207 (0.755100 + 0.082107),0.838395 (0.756000 + 0.082395),0.857681 (0.775800 + 0.081881),0.859009 (0.776700 + 0.082309),0.847203 (0.765000 + 0.082203),0.859917 (0.777600 + 0.082317),0.853789 (0.771300 + 0.082489),0.850062 (0.767700 + 0.082362),0.842877 (0.760500 + 0.082377),0.834891 (0.752400 + 0.082491),0.852466 (0.770400 + 0.082066),0.860711 (0.778500 + 0.082211),0.857023 (0.774900 + 0.082123),0.847373 (0.765000 + 0.082373)
25,0.867910 (0.785700 + 0.082210),0.847839 (0.765900 + 0.081939),0.854026 (0.771300 + 0.082726),0.857202 (0.774900 + 0.082302),0.867731 (0.785700 + 0.082031),0.855459 (0.773100 + 0.082359),0.859179 (0.776700 + 0.082480),0.863812 (0.782100 + 0.081712),0.845872 (0.763200 + 0.082672),0.850072 (0.767700 + 0.082372),0.860628 (0.777600 + 0.083028),0.862820 (0.780300 + 0.082520),0.853067 (0.770400 + 0.082667),0.858613 (0.776700 + 0.081913),0.845034 (0.762300 + 0.082735),0.858081 (0.775800 + 0.082281),0.844329 (0.762300 + 0.082029),0.859164 (0.776700 + 0.082464),0.852899 (0.770400 + 0.082499),0.850165 (0.767700 + 0.082465),0.847827 (0.765900 + 0.081927),0.844621 (0.762300 + 0.082321),0.844396 (0.762300 + 0.082096),0.849545 (0.766800 + 0.082745),0.841395 (0.758700 + 0.082695),0.850704 (0.768600 + 0.082104),0.847779 (0.765000 + 0.082779),0.848185 (0.765900 + 0.082285),0.850642 (0.768600 + 0.082042),0.844659 (0.762300 + 0.082359),0.851400 (0.768600 + 0.082800),0.850169 (0.767700 + 0.082469),0.854669 (0.772200 + 0.082469),0.851669 (0.769500 + 0.082169),0.849081 (0.766800 + 0.082281),0.854191 (0.772200 + 0.081991),0.852980 (0.770400 + 0.082580),0.853716 (0.771300 + 0.082416),0.841496 (0.759600 + 0.081896),0.852169 (0.769500 + 0.082669),0.854443 (0.771300 + 0.083143),0.857089 (0.774900 + 0.082189),0.851226 (0.769500 + 0.081726),0.857457 (0.774900 + 0.082557),0.851451 (0.769500 + 0.081951),0.851584 (0.769500 + 0.082084),0.839066 (0.756900 + 0.082166),0.855558 (0.773100 + 0.082458),0.852947 (0.770400 + 0.082547),0.830708 (0.748800 + 0.081908),0.845007 (0.762300 + 0.082707),0.848488 (0.765900 + 0.082588),0.843136 (0.760500 + 0.082636),0.852245 (0.769500 + 0.082745),0.853437 (0.771300 + 0.082137),0.851585 (0.769500 + 0.082085),0.845197 (0.763200 + 0.081997),0.861463 (0.779400 + 0.082063),0.863812 (0.781200 + 0.082612),0.850698 (0.767700 + 0.082998),0.850698 (0.767700 + 0.082998),0.849253 (0.766800 + 0.082453),0.851778 (0.769500 + 0.082278),0.857023 (0.774900 + 0.082123),0.855388 (0.773100 + 0.082288),0.860873 (0.778500 + 0.082373),0.851243 (0.768600 + 0.082643),0.856589 (0.774000 + 0.082589),0.851425 (0.769500 + 0.081925),0.867112 (0.784800 + 0.082312)
26,0.867910 (0.785700 + 0.082210),0.861942 (0.779400 + 0.082542),0.843786 (0.761400 + 0.082386),0.853716 (0.771300 + 0.082416),0.853716 (0.771300 + 0.082416),0.854301 (0.772200 + 0.082101),0.857590 (0.774900 + 0.082690),0.843824 (0.761400 + 0.082424),0.852106 (0.769500 + 0.082606),0.844737 (0.762300 + 0.082437),0.840830 (0.758700 + 0.082130),0.853067 (0.770400 + 0.082667),0.849545 (0.766800 + 0.082745),0.854534 (0.772200 + 0.082334),0.842310 (0.759600 + 0.082710),0.853714 (0.771300 + 0.082414),0.859079 (0.776700 + 0.082379),0.856997 (0.774000 + 0.082997),0.843001 (0.760500 + 0.082501),0.840733 (0.758700 + 0.082033),0.839739 (0.757800 + 0.081939),0.855799 (0.773100 + 0.082699),0.854399 (0.772200 + 0.082199),0.848998 (0.766800 + 0.082198),0.859679 (0.776700 + 0.082979),0.855388 (0.773100 + 0.082288),0.850468 (0.768600 + 0.081869),0.855378 (0.773100 + 0.082278),0.861792 (0.779400 + 0.082392),0.851149 (0.768600 + 0.082549),0.855263 (0.773100 + 0.082163),0.851325 (0.768600 + 0.082725),0.855322 (0.773100 + 0.082221),0.844309 (0.762300 + 0.082009),0.851778 (0.769500 + 0.082278),0.848056 (0.765900 + 0.082156),0.845270 (0.763200 + 0.082070),0.845698 (0.763200 + 0.082498),0.847317 (0.765000 + 0.082317),0.850741 (0.768600 + 0.082141),0.866841 (0.784800 + 0.082041),0.852501 (0.770400 + 0.082101),0.860472 (0.778500 + 0.081972),0.867112 (0.784800 + 0.082312),0.862820 (0.780300 + 0.082520),0.836622 (0.754200 + 0.082422),0.848808 (0.766800 + 0.082008),0.853683 (0.771300 + 0.082383),0.859766 (0.777600 + 0.082166),0.849084 (0.766800 + 0.082284),0.855526 (0.773100 + 0.082426),0.847477 (0.765000 + 0.082477),0.852846 (0.770400 + 0.082446),0.849115 (0.766800 + 0.082315),0.837115 (0.755100 + 0.082016),0.845052 (0.762300 + 0.082752),0.850117 (0.767700 + 0.082417),0.843470 (0.761400 + 0.082070),0.860989 (0.779400 + 0.081589),0.861127 (0.778500 + 0.082627),0.842774 (0.760500 + 0.082274),0.867112 (0.784800 + 0.082312),0.855558 (0.773100 + 0.082458),0.850406 (0.767700 + 0.082706),0.853872 (0.771300 + 0.082572),0.851869 (0.769500 + 0.082368),0.847369 (0.765000 + 0.082369),0.852867 (0.770400 + 0.082467),0.851317 (0.768600 + 0.082717),0.847216 (0.765000 + 0.082216)
27,0.867910 (0.785700 + 0.082210),0.853955 (0.771300 + 0.082655),0.843043 (0.761400 + 0.081643),0.856997 (0.774000 + 0.082997),0.838620 (0.756000 + 0.082620),0.847652 (0.765900 + 0.081752),0.851970 (0.769500 + 0.082470),0.860581 (0.778500 + 0.082081),0.855407 (0.773100 + 0.082307),0.851924 (0.769500 + 0.082424),0.848010 (0.765900 + 0.082109),0.855371 (0.773100 + 0.082271),0.851991 (0.769500 + 0.082491),0.858340 (0.775800 + 0.082540),0.861175 (0.779400 + 0.081775),0.857365 (0.774900 + 0.082465),0.843521 (0.761400 + 0.082121),0.859548 (0.777600 + 0.081948),0.853106 (0.771300 + 0.081806),0.845589 (0.763200 + 0.082389),0.835590 (0.753300 + 0.082290),0.846478 (0.764100 + 0.082378),0.869180 (0.786600 + 0.082580),0.863388 (0.781200 + 0.082188),0.842031 (0.759600 + 0.082431),0.847652 (0.765000 + 0.082652),0.861513 (0.778500 + 0.083013),0.854026 (0.771300 + 0.082726),0.850052 (0.767700 + 0.082352),0.862100 (0.779400 + 0.082700),0.856368 (0.774000 + 0.082368),0.854569 (0.772200 + 0.082369),0.849310 (0.766800 + 0.082510),0.859766 (0.777600 + 0.082166),0.853716 (0.771300 + 0.082416),0.847866 (0.765900 + 0.081966),0.860660 (0.778500 + 0.082160),0.842744 (0.760500 + 0.082244),0.864209 (0.782100 + 0.082109),0.846853 (0.764100 + 0.082753),0.852918 (0.770400 + 0.082518),0.859599 (0.777600 + 0.081999),0.858063 (0.775800 + 0.082263),0.852127 (0.769500 + 0.082627),0.855785 (0.773100 + 0.082685),0.846201 (0.764100 + 0.082101),0.866762 (0.784800 + 0.081963),0.848898 (0.766800 + 0.082098),0.861128 (0.778500 + 0.082628),0.860472 (0.778500 + 0.081972),0.850117 (0.767700 + 0.082417),0.858169 (0.775800 + 0.082369),0.853806 (0.771300 + 0.082506),0.842854 (0.760500 + 0.082354),0.853620 (0.771300 + 0.082320),0.853775 (0.771300 + 0.082475),0.850731 (0.768600 + 0.082131),0.854307 (0.772200 + 0.082107),0.862026 (0.779400 + 0.082626),0.853789 (0.771300 + 0.082489),0.854724 (0.772200 + 0.082524),0.841189 (0.758700 + 0.082489),0.847161 (0.765000 + 0.082161),0.842762 (0.760500 + 0.082262),0.852371 (0.770400 + 0.081971),0.867907 (0.785700 + 0.082207),0.855024 (0.772200 + 0.082824),0.841644 (0.759600 + 0.082044),0.848776 (0.766800 + 0.081976),0.856377 (0.774000 + 0.082377)
28,0.869180 (0.786600 + 0.082580),0.843970 (0.762300 + 0.081670),0.839957 (0.757800 + 0.082157),0.857127 (0.774900 + 0.082227),0.853462 (0.771300 + 0.082162),0.856997 (0.774000 + 0.082997),0.856377 (0.774000 + 0.082377),0.853718 (0.771300 + 0.082419),0.859475 (0.777600 + 0.081875),0.848402 (0.765900 + 0.082502),0.849096 (0.766800 + 0.082296),0.851427 (0.769500 + 0.081927),0.852174 (0.769500 + 0.082674),0.867907 (0.785700 + 0.082207),0.855803 (0.774000 + 0.081803),0.847272 (0.765000 + 0.082272),0.837451 (0.755100 + 0.082351),0.858063 (0.775800 + 0.082263),0.854569 (0.772200 + 0.082369),0.842363 (0.760500 + 0.081863),0.853977 (0.771300 + 0.082677),0.841128 (0.759600 + 0.081528),0.857245 (0.774900 + 0.082345),0.852605 (0.770400 + 0.082205),0.850720 (0.768600 + 0.082120),0.859767 (0.777600 + 0.082167),0.858468 (0.776700 + 0.081768),0.845594 (0.763200 + 0.082394),0.847361 (0.765000 + 0.082361),0.835643 (0.753300 + 0.082343),0.849798 (0.767700 + 0.082098),0.861873 (0.779400 + 0.082473),0.854871 (0.772200 + 0.082671),0.868097 (0.785700 + 0.082397),0.840339 (0.758700 + 0.081639),0.861128 (0.778500 + 0.082628),0.855785 (0.773100 + 0.082685),0.845585 (0.763200 + 0.082385),0.852523 (0.770400 + 0.082123),0.851820 (0.769500 + 0.082320),0.854811 (0.772200 + 0.082611),0.864209 (0.782100 + 0.082109),0.847805 (0.765900 + 0.081905),0.861533 (0.779400 + 0.082133),0.837850 (0.755100 + 0.082750),0.838860 (0.756900 + 0.081960),0.871116 (0.789300 + 0.081816),0.858340 (0.775800 + 0.082540),0.858340 (0.775800 + 0.082540),0.844488 (0.762300 + 0.082188),0.847968 (0.765900 + 0.082068),0.854710 (0.772200 + 0.082510),0.860668 (0.777600 + 0.083068),0.832283 (0.750600 + 0.081683),0.862458 (0.779400 + 0.083058),0.855418 (0.773100 + 0.082318),0.855458 (0.773100 + 0.082358),0.851030 (0.768600 + 0.082430),0.853818 (0.771300 + 0.082518),0.851918 (0.769500 + 0.082418),0.857142 (0.774900 + 0.082242),0.850080 (0.768600 + 0.081481),0.856944 (0.774900 + 0.082044),0.861118 (0.779400 + 0.081718),0.857091 (0.774900 + 0.082191),0.857962 (0.775800 + 0.082162),0.858303 (0.775800 + 0.082503),0.849999 (0.767700 + 0.082299),0.853620 (0.771300 + 0.082320),0.859684 (0.777600 + 0.082084)
29,0.871116 (0.789300 + 0.081816),0.848621 (0.765900 + 0.082721),0.840153 (0.757800 + 0.082353),0.836542 (0.754200 + 0.082342),0.854087 (0.771300 + 0.082787),0.871116 (0.789300 + 0.081816),0.853372 (0.771300 + 0.082072),0.847516 (0.765000 + 0.082516),0.848271 (0.765900 + 0.082371),0.855991 (0.774000 + 0.081992),0.841128 (0.759600 + 0.081528),0.864209 (0.782100 + 0.082109),0.868097 (0.785700 + 0.082397),0.846245 (0.764100 + 0.082145),0.846579 (0.764100 + 0.082479),0.856222 (0.774000 + 0.082222),0.855847 (0.774000 + 0.081847),0.857992 (0.775800 + 0.082192),0.853462 (0.771300 + 0.082162),0.846866 (0.765000 + 0.081866),0.850781 (0.768600 + 0.082181),0.846884 (0.765000 + 0.081884),0.841141 (0.758700 + 0.082441),0.852188 (0.770400 + 0.081788),0.841135 (0.758700 + 0.082435),0.852034 (0.769500 + 0.082534),0.854897 (0.772200 + 0.082697),0.861437 (0.778500 + 0.082937),0.850323 (0.767700 + 0.082623),0.834691 (0.753300 + 0.081391),0.846432 (0.764100 + 0.082332),0.857997 (0.775800 + 0.082197),0.835643 (0.753300 + 0.082343),0.843989 (0.762300 + 0.081689),0.866003 (0.783900 + 0.082103),0.864437 (0.782100 + 0.082337),0.860963 (0.778500 + 0.082463),0.869298 (0.787500 + 0.081798),0.843564 (0.761400 + 0.082164),0.858824 (0.776700 + 0.082124),0.854423 (0.772200 + 0.082223),0.852609 (0.770400 + 0.082209),0.856454 (0.774000 + 0.082454),0.841061 (0.758700 + 0.082361),0.846276 (0.764100 + 0.082176),0.847490 (0.765900 + 0.081590),0.853882 (0.771300 + 0.082582),0.867907 (0.785700 + 0.082207),0.854569 (0.772200 + 0.082369),0.866779 (0.784800 + 0.081979),0.840989 (0.758700 + 0.082289),0.849746 (0.766800 + 0.082946),0.850237 (0.767700 + 0.082537),0.871116 (0.789300 + 0.081816),0.861830 (0.780300 + 0.081530),0.863731 (0.781200 + 0.082531),0.863340 (0.781200 + 0.082140),0.854097 (0.772200 + 0.081897),0.859797 (0.777600 + 0.082197),0.858774 (0.776700 + 0.082074),0.849933 (0.767700 + 0.082233),0.855418 (0.773100 + 0.082318),0.855169 (0.773100 + 0.082069),0.858205 (0.775800 + 0.082405),0.847571 (0.765000 + 0.082571),0.851401 (0.769500 + 0.081901),0.844390 (0.762300 + 0.082090),0.840455 (0.758700 + 0.081755),0.860631 (0.777600 + 0.083031),0.851071 (0.768600 + 0.082472)
30,0.871116 (0.789300 + 0.081816),0.857992 (0.775800 + 0.082192),0.854097 (0.772200 + 0.081897),0.848293 (0.765900 + 0.082393),0.854041 (0.772200 + 0.081841),0.853005 (0.771300 + 0.081705),0.865642 (0.783900 + 0.081742),0.856273 (0.774000 + 0.082273),0.843412 (0.761400 + 0.082012),0.856195 (0.774000 + 0.082195),0.868608 (0.786600 + 0.082008),0.853572 (0.771300 + 0.082273),0.859882 (0.777600 + 0.082282),0.854133 (0.772200 + 0.081933),0.853423 (0.771300 + 0.082124),0.872213 (0.790200 + 0.082013),0.850191 (0.768600 + 0.081591),0.846140 (0.764100 + 0.082040),0.863889 (0.782100 + 0.081789),0.860774 (0.778500 + 0.082274),0.860833 (0.778500 + 0.082333),0.857943 (0.775800 + 0.082143),0.850476 (0.768600 + 0.081876),0.854586 (0.773100 + 0.081486),0.851071 (0.768600 + 0.082472),0.856709 (0.774000 + 0.082709),0.848450 (0.765900 + 0.082550),0.856929 (0.774900 + 0.082029),0.830757 (0.748800 + 0.081957),0.855438 (0.773100 + 0.082338),0.864580 (0.782100 + 0.082480),0.857949 (0.775800 + 0.082149),0.849632 (0.767700 + 0.081932),0.845969 (0.764100 + 0.081869),0.863185 (0.781200 + 0.081985),0.867647 (0.785700 + 0.081947),0.859666 (0.777600 + 0.082066),0.858414 (0.776700 + 0.081714),0.827405 (0.745200 + 0.082205),0.847973 (0.765900 + 0.082072),0.850043 (0.768600 + 0.081443),0.865507 (0.783900 + 0.081607),0.858147 (0.775800 + 0.082347),0.866779 (0.784800 + 0.081979),0.871116 (0.789300 + 0.081816),0.855474 (0.773100 + 0.082374),0.824354 (0.742500 + 0.081854),0.871116 (0.789300 + 0.081816),0.863340 (0.781200 + 0.082140),0.838074 (0.756000 + 0.082074),0.853198 (0.771300 + 0.081898),0.839241 (0.756900 + 0.082341),0.853800 (0.771300 + 0.082500),0.860905 (0.778500 + 0.082405),0.837866 (0.756000 + 0.081866),0.851241 (0.768600 + 0.082641),0.857734 (0.775800 + 0.081934),0.844821 (0.763200 + 0.081621),0.856247 (0.774000 + 0.082247),0.860743 (0.778500 + 0.082243),0.854801 (0.772200 + 0.082601),0.840003 (0.757800 + 0.082203),0.842857 (0.760500 + 0.082357),0.855994 (0.774000 + 0.081994),0.857265 (0.774900 + 0.082365),0.847102 (0.765000 + 0.082102),0.858031 (0.775800 + 0.082231),0.864556 (0.783000 + 0.081557),0.849259 (0.767700 + 0.081559),0.854664 (0.773100 + 0.081564)
31,0.872213 (0.790200 + 0.082013),0.847491 (0.765000 + 0.082491),0.853005 (0.771300 + 0.081705),0.872213 (0.790200 + 0.082013),0.867647 (0.785700 + 0.081947),0.852526 (0.770400 + 0.082126),0.845021 (0.763200 + 0.081821),0.863344 (0.781200 + 0.082144),0.843522 (0.761400 + 0.082122),0.873090 (0.791100 + 0.081990),0.858170 (0.775800 + 0.082370),0.837075 (0.755100 + 0.081975),0.852494 (0.770400 + 0.082094),0.857449 (0.775800 + 0.081649),0.855977 (0.774900 + 0.081077),0.859426 (0.777600 + 0.081826),0.866533 (0.784800 + 0.081733),0.845924 (0.764100 + 0.081825),0.851637 (0.769500 + 0.082137),0.849819 (0.767700 + 0.082119),0.849449 (0.766800 + 0.082649),0.861398 (0.779400 + 0.081998),0.835054 (0.753300 + 0.081754),0.858403 (0.776700 + 0.081703),0.851805 (0.769500 + 0.082305),0.863149 (0.781200 + 0.081949),0.868446 (0.786600 + 0.081846),0.850591 (0.768600 + 0.081991),0.852548 (0.770400 + 0.082148),0.861969 (0.780300 + 0.081669),0.860645 (0.779400 + 0.081245),0.857610 (0.775800 + 0.081810),0.848253 (0.765900 + 0.082353),0.843380 (0.761400 + 0.081980),0.849688 (0.767700 + 0.081988),0.850075 (0.767700 + 0.082375),0.858299 (0.776700 + 0.081599),0.861425 (0.779400 + 0.082025),0.855867 (0.774000 + 0.081867),0.853721 (0.771300 + 0.082421),0.863305 (0.781200 + 0.082105),0.863984 (0.782100 + 0.081884),0.865454 (0.783900 + 0.081554),0.856709 (0.774000 + 0.082709),0.854097 (0.772200 + 0.081897),0.854479 (0.772200 + 0.082279),0.868603 (0.786600 + 0.082003),0.849887 (0.767700 + 0.082187),0.840789 (0.758700 + 0.082089),0.865582 (0.783900 + 0.081682),0.852920 (0.771300 + 0.081620),0.846455 (0.764100 + 0.082355),0.858824 (0.776700 + 0.082124),0.850648 (0.768600 + 0.082048),0.851605 (0.769500 + 0.082105),0.854297 (0.772200 + 0.082097),0.851541 (0.769500 + 0.082041),0.857195 (0.774900 + 0.082295),0.850314 (0.768600 + 0.081714),0.845364 (0.763200 + 0.082164),0.856267 (0.774000 + 0.082267),0.857165 (0.774900 + 0.082265),0.865194 (0.783000 + 0.082194),0.845947 (0.764100 + 0.081847),0.850906 (0.768600 + 0.082306),0.857164 (0.774900 + 0.082264),0.848326 (0.765900 + 0.082426),0.852958 (0.771300 + 0.081658),0.849015 (0.766800 + 0.082215),0.857682 (0.775800 + 0.081882)
32,0.873090 (0.791100 + 0.081990),0.854975 (0.773100 + 0.081875),0.847601 (0.765000 + 0.082601),0.845613 (0.763200 + 0.082413),0.863908 (0.782100 + 0.081808),0.851171 (0.769500 + 0.081671),0.860035 (0.777600 + 0.082435),0.844952 (0.763200 + 0.081752),0.855379 (0.773100 + 0.082279),0.853377 (0.771300 + 0.082077),0.864996 (0.783000 + 0.081996),0.864837 (0.783000 + 0.081837),0.855400 (0.774000 + 0.081400),0.849053 (0.766800 + 0.082253),0.856878 (0.774900 + 0.081978),0.862243 (0.780300 + 0.081943),0.841483 (0.759600 + 0.081883),0.854541 (0.772200 + 0.082341),0.849113 (0.766800 + 0.082313),0.854352 (0.772200 + 0.082152),0.849523 (0.767700 + 0.081823),0.868610 (0.786600 + 0.082010),0.841362 (0.759600 + 0.081762),0.854479 (0.772200 + 0.082279),0.844369 (0.762300 + 0.082069),0.855044 (0.773100 + 0.081944),0.865784 (0.783900 + 0.081885),0.852548 (0.770400 + 0.082148),0.845358 (0.763200 + 0.082158),0.847658 (0.765900 + 0.081758),0.844215 (0.762300 + 0.081915),0.855279 (0.773100 + 0.082179),0.848389 (0.765900 + 0.082489),0.857366 (0.775800 + 0.081566),0.863252 (0.781200 + 0.082052),0.859985 (0.777600 + 0.082385),0.852179 (0.770400 + 0.081779),0.851290 (0.769500 + 0.081790),0.855867 (0.774000 + 0.081867),0.864014 (0.782100 + 0.081914),0.850168 (0.767700 + 0.082468),0.855478 (0.774000 + 0.081478),0.865454 (0.783900 + 0.081554),0.857449 (0.775800 + 0.081649),0.845947 (0.764100 + 0.081847),0.847966 (0.765900 + 0.082066),0.844105 (0.762300 + 0.081805),0.850899 (0.768600 + 0.082299),0.850073 (0.767700 + 0.082373),0.854264 (0.771300 + 0.082964),0.857164 (0.774900 + 0.082264),0.861292 (0.779400 + 0.081892),0.843175 (0.761400 + 0.081775),0.867647 (0.785700 + 0.081947),0.857499 (0.775800 + 0.081699),0.852499 (0.770400 + 0.082099),0.847953 (0.765900 + 0.082053),0.856245 (0.774000 + 0.082245),0.863926 (0.782100 + 0.081826),0.870435 (0.788400 + 0.082035),0.853607 (0.771300 + 0.082307),0.852161 (0.770400 + 0.081761),0.836988 (0.755100 + 0.081888),0.859560 (0.777600 + 0.081960),0.845803 (0.764100 + 0.081703),0.841620 (0.759600 + 0.082020),0.861468 (0.780300 + 0.081168),0.852328 (0.770400 + 0.081928),0.860273 (0.778500 + 0.081773),0.859886 (0.777600 + 0.082286)
33,0.873090 (0.791100 + 0.081990),0.855830 (0.774000 + 0.081830),0.849058 (0.767700 + 0.081358),0.860273 (0.778500 + 0.081773),0.855400 (0.774000 + 0.081400),0.852601 (0.771300 + 0.081302),0.847513 (0.765900 + 0.081613),0.863261 (0.781200 + 0.082061),0.842834 (0.760500 + 0.082334),0.854272 (0.772200 + 0.082072),0.834623 (0.753300 + 0.081322),0.856878 (0.774900 + 0.081978),0.854479 (0.772200 + 0.082279),0.849280 (0.767700 + 0.081580),0.853233 (0.771300 + 0.081933),0.828812 (0.747000 + 0.081812),0.844499 (0.762300 + 0.082199),0.862305 (0.780300 + 0.082005),0.843398 (0.761400 + 0.081998),0.855379 (0.773100 + 0.082279),0.855379 (0.773100 + 0.082279),0.855207 (0.773100 + 0.082107),0.863972 (0.782100 + 0.081872),0.844606 (0.763200 + 0.081406),0.849157 (0.767700 + 0.081457),0.862038 (0.780300 + 0.081738),0.856273 (0.774000 + 0.082273),0.857601 (0.775800 + 0.081801),0.855535 (0.773100 + 0.082435),0.860501 (0.778500 + 0.082001),0.868446 (0.786600 + 0.081846),0.861262 (0.779400 + 0.081862),0.837447 (0.755100 + 0.082347),0.857277 (0.774900 + 0.082377),0.859848 (0.777600 + 0.082249),0.851271 (0.769500 + 0.081771),0.864833 (0.783000 + 0.081833),0.847618 (0.765900 + 0.081717),0.854317 (0.772200 + 0.082117),0.851451 (0.769500 + 0.081951),0.863348 (0.781200 + 0.082149),0.860412 (0.778500 + 0.081913),0.857155 (0.774900 + 0.082255),0.864219 (0.782100 + 0.082119),0.869366 (0.787500 + 0.081866),0.843754 (0.762300 + 0.081454),0.856901 (0.774900 + 0.082001),0.839858 (0.757800 + 0.082058),0.849996 (0.767700 + 0.082296),0.861266 (0.779400 + 0.081866),0.869514 (0.787500 + 0.082015),0.859450 (0.777600 + 0.081850),0.868610 (0.786600 + 0.082010),0.856736 (0.774900 + 0.081836),0.849298 (0.767700 + 0.081598),0.846352 (0.764100 + 0.082252),0.850517 (0.768600 + 0.081917),0.863077 (0.781200 + 0.081878),0.857339 (0.774900 + 0.082439),0.851686 (0.769500 + 0.082186),0.856416 (0.774000 + 0.082416),0.863919 (0.782100 + 0.081819),0.857033 (0.774900 + 0.082133),0.857139 (0.774900 + 0.082239),0.856062 (0.774000 + 0.082062),0.852367 (0.769500 + 0.082867),0.847790 (0.765900 + 0.081890),0.872933 (0.791100 + 0.081833),0.852278 (0.770400 + 0.081878),0.854967 (0.772200 + 0.082767)
34,0.873090 (0.791100 + 0.081990),0.856053 (0.774000 + 0.082053),0.851296 (0.769500 + 0.081796),0.846476 (0.764100 + 0.082376),0.848920 (0.766800 + 0.082120),0.855134 (0.773100 + 0.082034),0.854207 (0.772200 + 0.082007),0.848844 (0.766800 + 0.082044),0.862430 (0.780300 + 0.082130),0.873090 (0.791100 + 0.081990),0.855830 (0.774000 + 0.081830),0.849739 (0.767700 + 0.082039),0.855646 (0.774000 + 0.081646),0.854471 (0.772200 + 0.082271),0.832329 (0.751500 + 0.080829),0.855202 (0.773100 + 0.082102),0.851674 (0.770400 + 0.081274),0.856062 (0.774000 + 0.082062),0.852278 (0.770400 + 0.081878),0.858484 (0.776700 + 0.081784),0.868421 (0.786600 + 0.081821),0.865981 (0.783900 + 0.082081),0.859359 (0.777600 + 0.081759),0.861109 (0.779400 + 0.081709),0.857966 (0.775800 + 0.082166),0.853980 (0.772200 + 0.081780),0.851370 (0.769500 + 0.081870),0.865751 (0.783900 + 0.081851),0.855224 (0.773100 + 0.082124),0.847189 (0.765000 + 0.082189),0.863358 (0.781200 + 0.082158),0.859496 (0.777600 + 0.081896),0.858890 (0.776700 + 0.082190),0.839870 (0.757800 + 0.082070),0.851808 (0.769500 + 0.082308),0.855039 (0.774000 + 0.081039),0.840899 (0.758700 + 0.082199),0.851045 (0.769500 + 0.081545),0.852440 (0.770400 + 0.082040),0.846413 (0.765000 + 0.081413),0.836264 (0.754200 + 0.082064),0.855728 (0.774000 + 0.081728),0.869366 (0.787500 + 0.081866),0.858120 (0.775800 + 0.082320),0.867821 (0.785700 + 0.082121),0.856379 (0.774000 + 0.082379),0.848135 (0.765900 + 0.082235),0.857836 (0.775800 + 0.082036),0.851887 (0.769500 + 0.082387),0.864189 (0.782100 + 0.082089),0.860199 (0.778500 + 0.081699),0.858773 (0.776700 + 0.082073),0.852729 (0.770400 + 0.082329),0.845990 (0.764100 + 0.081890),0.847224 (0.765000 + 0.082225),0.855434 (0.773100 + 0.082334),0.851580 (0.769500 + 0.082080),0.854276 (0.772200 + 0.082076),0.849330 (0.767700 + 0.081630),0.872933 (0.791100 + 0.081833),0.854272 (0.772200 + 0.082072),0.852724 (0.770400 + 0.082324),0.853787 (0.772200 + 0.081587),0.856570 (0.774000 + 0.082570),0.854232 (0.772200 + 0.082032),0.865957 (0.783900 + 0.082058),0.864968 (0.783000 + 0.081969),0.862245 (0.780300 + 0.081945),0.853918 (0.772200 + 0.081718),0.864091 (0.782100 + 0.081991)
35,0.873090 (0.791100 + 0.081990),0.853116 (0.771300 + 0.081816),0.853180 (0.770400 + 0.082780),0.855063 (0.773100 + 0.081963),0.853787 (0.772200 + 0.081587),0.848106 (0.766800 + 0.081306),0.848292 (0.766800 + 0.081492),0.841708 (0.759600 + 0.082108),0.848256 (0.765900 + 0.082356),0.857836 (0.775800 + 0.082036),0.839870 (0.757800 + 0.082070),0.858257 (0.776700 + 0.081557),0.866111 (0.783900 + 0.082211),0.867821 (0.785700 + 0.082121),0.841557 (0.759600 + 0.081957),0.860556 (0.778500 + 0.082056),0.838948 (0.756900 + 0.082048),0.865981 (0.783900 + 0.082081),0.857966 (0.775800 + 0.082166),0.861109 (0.779400 + 0.081709),0.864189 (0.782100 + 0.082089),0.863358 (0.781200 + 0.082158),0.855646 (0.774000 + 0.081646),0.870215 (0.788400 + 0.081815),0.851707 (0.769500 + 0.082207),0.860382 (0.778500 + 0.081882),0.863946 (0.782100 + 0.081846),0.852767 (0.771300 + 0.081467),0.863178 (0.781200 + 0.081978),0.849005 (0.766800 + 0.082205),0.862216 (0.780300 + 0.081916),0.849501 (0.767700 + 0.081801),0.854207 (0.772200 + 0.082007),0.850323 (0.768600 + 0.081723),0.854295 (0.772200 + 0.082095),0.865957 (0.783900 + 0.082058),0.852432 (0.770400 + 0.082032),0.849922 (0.767700 + 0.082222),0.856898 (0.774900 + 0.081998),0.860251 (0.778500 + 0.081751),0.849393 (0.767700 + 0.081693),0.857811 (0.775800 + 0.082011),0.871302 (0.789300 + 0.082002),0.857613 (0.774900 + 0.082713),0.857527 (0.775800 + 0.081727),0.847791 (0.765900 + 0.081891),0.865823 (0.783900 + 0.081923),0.860314 (0.778500 + 0.081814),0.836705 (0.755100 + 0.081605),0.859359 (0.777600 + 0.081759),0.859359 (0.777600 + 0.081759),0.855582 (0.774000 + 0.081582),0.863244 (0.781200 + 0.082044),0.861147 (0.779400 + 0.081747),0.870270 (0.788400 + 0.081870),0.860379 (0.778500 + 0.081879),0.861647 (0.779400 + 0.082247),0.855646 (0.774000 + 0.081646),0.852440 (0.770400 + 0.082040),0.853202 (0.771300 + 0.081902),0.846113 (0.764100 + 0.082013),0.856375 (0.774000 + 0.082375),0.847114 (0.765000 + 0.082114),0.845643 (0.764100 + 0.081543),0.860416 (0.778500 + 0.081917),0.855841 (0.774000 + 0.081841),0.863339 (0.781200 + 0.082139),0.865981 (0.783900 + 0.082081),0.872933 (0.791100 + 0.081833),0.860046 (0.778500 + 0.081546)
36,0.873090 (0.791100 + 0.081990),0.862379 (0.780300 + 0.082079),0.848639 (0.766800 + 0.081839),0.860416 (0.778500 + 0.081917),0.860382 (0.778500 + 0.081882),0.840701 (0.758700 + 0.082001),0.860213 (0.778500 + 0.081713),0.863218 (0.781200 + 0.082019),0.852467 (0.770400 + 0.082067),0.856181 (0.774000 + 0.082181),0.855612 (0.774000 + 0.081612),0.850635 (0.768600 + 0.082035),0.851151 (0.768600 + 0.082551),0.855277 (0.773100 + 0.082177),0.850203 (0.767700 + 0.082503),0.854238 (0.772200 + 0.082038),0.856898 (0.774900 + 0.081998),0.861249 (0.779400 + 0.081849),0.858991 (0.776700 + 0.082291),0.860416 (0.778500 + 0.081917),0.865957 (0.783900 + 0.082058),0.856042 (0.774000 + 0.082042),0.853561 (0.771300 + 0.082261),0.872933 (0.791100 + 0.081833),0.856252 (0.774000 + 0.082252),0.852053 (0.770400 + 0.081653),0.859445 (0.777600 + 0.081845),0.847099 (0.765000 + 0.082099),0.861145 (0.779400 + 0.081745),0.861109 (0.779400 + 0.081709),0.852645 (0.770400 + 0.082245),0.854977 (0.773100 + 0.081877),0.842332 (0.760500 + 0.081832),0.853079 (0.771300 + 0.081779),0.856114 (0.774000 + 0.082114),0.859091 (0.776700 + 0.082391),0.853347 (0.771300 + 0.082047),0.854295 (0.772200 + 0.082095),0.854295 (0.772200 + 0.082095),0.856823 (0.774900 + 0.081923),0.851324 (0.769500 + 0.081824),0.866849 (0.784800 + 0.082049),0.858384 (0.776700 + 0.081684),0.852789 (0.771300 + 0.081489),0.853881 (0.772200 + 0.081681),0.845109 (0.763200 + 0.081909),0.855599 (0.774000 + 0.081599),0.863241 (0.781200 + 0.082041),0.855950 (0.774000 + 0.081950),0.848654 (0.766800 + 0.081854),0.870270 (0.788400 + 0.081870),0.861331 (0.779400 + 0.081931),0.859570 (0.777600 + 0.081970),0.864681 (0.783000 + 0.081682),0.854975 (0.773100 + 0.081875),0.854269 (0.772200 + 0.082069),0.875672 (0.793800 + 0.081872),0.861355 (0.779400 + 0.081955),0.870248 (0.788400 + 0.081848),0.850509 (0.768600 + 0.081909),0.847085 (0.765000 + 0.082086),0.853583 (0.772200 + 0.081383),0.848883 (0.766800 + 0.082083),0.862305 (0.780300 + 0.082005),0.848353 (0.766800 + 0.081553),0.850326 (0.768600 + 0.081726),0.845149 (0.763200 + 0.081949),0.854564 (0.773100 + 0.081464),0.852230 (0.770400 + 0.081830),0.862189 (0.780300 + 0.081889)
37,0.875672 (0.793800 + 0.081872),0.862932 (0.781200 + 0.081732),0.855190 (0.773100 + 0.082090),0.857348 (0.774900 + 0.082448),0.853241 (0.771300 + 0.081941),0.849541 (0.767700 + 0.081841),0.859568 (0.777600 + 0.081968),0.866748 (0.784800 + 0.081948),0.848274 (0.765900 + 0.082374),0.864543 (0.783000 + 0.081543),0.851782 (0.769500 + 0.082282),0.845112 (0.763200 + 0.081912),0.862763 (0.780300 + 0.082463),0.860819 (0.778500 + 0.082319),0.857366 (0.775800 + 0.081566),0.849599 (0.767700 + 0.081899),0.853197 (0.771300 + 0.081897),0.858634 (0.776700 + 0.081934),0.851046 (0.769500 + 0.081546),0.845293 (0.763200 + 0.082093),0.865981 (0.783900 + 0.082081),0.860416 (0.778500 + 0.081917),0.873090 (0.791100 + 0.081990),0.851635 (0.769500 + 0.082135),0.860434 (0.778500 + 0.081934),0.851160 (0.769500 + 0.081660),0.847713 (0.765900 + 0.081813),0.849384 (0.767700 + 0.081684),0.839553 (0.757800 + 0.081753),0.854138 (0.772200 + 0.081938),0.858340 (0.776700 + 0.081640),0.872933 (0.791100 + 0.081833),0.873090 (0.791100 + 0.081990),0.853616 (0.771300 + 0.082316),0.848662 (0.766800 + 0.081862),0.854062 (0.772200 + 0.081862),0.853701 (0.771300 + 0.082401),0.852789 (0.771300 + 0.081489),0.855612 (0.774000 + 0.081612),0.854113 (0.772200 + 0.081913),0.856861 (0.774900 + 0.081961),0.870038 (0.788400 + 0.081638),0.850726 (0.768600 + 0.082126),0.861176 (0.779400 + 0.081776),0.858514 (0.776700 + 0.081815),0.862170 (0.780300 + 0.081870),0.857800 (0.775800 + 0.082000),0.868675 (0.786600 + 0.082075),0.863927 (0.782100 + 0.081827),0.842903 (0.761400 + 0.081503),0.856981 (0.774900 + 0.082081),0.855792 (0.774000 + 0.081792),0.856411 (0.774900 + 0.081511),0.854544 (0.773100 + 0.081444),0.828574 (0.747000 + 0.081574),0.854628 (0.773100 + 0.081528),0.858841 (0.776700 + 0.082141),0.861519 (0.779400 + 0.082119),0.857407 (0.775800 + 0.081607),0.866849 (0.784800 + 0.082049),0.865957 (0.783900 + 0.082058),0.859644 (0.777600 + 0.082044),0.846050 (0.764100 + 0.081950),0.845472 (0.763200 + 0.082272),0.865560 (0.783900 + 0.081660),0.860416 (0.778500 + 0.081917),0.862189 (0.780300 + 0.081889),0.856510 (0.774900 + 0.081610),0.860404 (0.778500 + 0.081904),0.856181 (0.774000 + 0.082181)
38,0.875672 (0.793800 + 0.081872),0.858634 (0.776700 + 0.081934),0.867369 (0.785700 + 0.081669),0.856622 (0.774900 + 0.081722),0.860774 (0.779400 + 0.081374),0.846241 (0.764100 + 0.082142),0.852788 (0.771300 + 0.081488),0.854945 (0.773100 + 0.081845),0.851452 (0.769500 + 0.081952),0.870098 (0.788400 + 0.081698),0.851404 (0.769500 + 0.081904),0.865828 (0.783900 + 0.081928),0.854205 (0.772200 + 0.082005),0.870038 (0.788400 + 0.081638),0.872933 (0.791100 + 0.081833),0.847251 (0.765000 + 0.082251),0.847714 (0.765900 + 0.081814),0.856750 (0.774900 + 0.081850),0.873090 (0.791100 + 0.081990),0.856754 (0.774900 + 0.081854),0.848728 (0.766800 + 0.081928),0.859459 (0.777600 + 0.081859),0.851443 (0.769500 + 0.081943),0.868675 (0.786600 + 0.082075),0.853555 (0.771300 + 0.082255),0.862814 (0.781200 + 0.081614),0.849132 (0.767700 + 0.081432),0.857659 (0.775800 + 0.081859),0.851328 (0.769500 + 0.081828),0.849836 (0.767700 + 0.082136),0.848877 (0.766800 + 0.082078),0.859431 (0.777600 + 0.081831),0.863218 (0.781200 + 0.082019),0.869258 (0.787500 + 0.081758),0.865288 (0.783900 + 0.081388),0.846151 (0.764100 + 0.082051),0.853285 (0.771300 + 0.081985),0.857946 (0.775800 + 0.082146),0.854507 (0.772200 + 0.082307),0.855902 (0.774000 + 0.081902),0.855676 (0.774000 + 0.081676),0.863330 (0.781200 + 0.082131),0.853526 (0.771300 + 0.082226),0.865784 (0.783900 + 0.081884),0.856223 (0.774000 + 0.082223),0.847024 (0.765000 + 0.082024),0.851201 (0.769500 + 0.081701),0.860960 (0.779400 + 0.081560),0.851956 (0.770400 + 0.081556),0.856087 (0.774000 + 0.082087),0.863056 (0.781200 + 0.081856),0.854035 (0.772200 + 0.081835),0.840650 (0.758700 + 0.081950),0.859573 (0.777600 + 0.081973),0.862023 (0.780300 + 0.081723),0.860938 (0.779400 + 0.081538),0.868431 (0.786600 + 0.081831),0.847790 (0.765900 + 0.081890),0.852043 (0.770400 + 0.081643),0.854885 (0.773100 + 0.081784),0.854205 (0.772200 + 0.082005),0.840417 (0.758700 + 0.081717),0.861343 (0.779400 + 0.081943),0.866724 (0.784800 + 0.081924),0.855196 (0.773100 + 0.082096),0.853701 (0.771300 + 0.082401),0.853701 (0.771300 + 0.082401),0.861590 (0.779400 + 0.082190),0.857699 (0.775800 + 0.081899),0.873105 (0.791100 + 0.082005)
39,0.875672 (0.793800 + 0.081872),0.851189 (0.769500 + 0.081689),0.853222 (0.771300 + 0.081922),0.858366 (0.776700 + 0.081666),0.857672 (0.775800 + 0.081872),0.854020 (0.772200 + 0.081821),0.864630 (0.783000 + 0.081630),0.862023 (0.780300 + 0.081723),0.857659 (0.775800 + 0.081859),0.864519 (0.783000 + 0.081519),0.865828 (0.783900 + 0.081928),0.858634 (0.776700 + 0.081934),0.848728 (0.766800 + 0.081928),0.837844 (0.756000 + 0.081844),0.853951 (0.772200 + 0.081751),0.857398 (0.775800 + 0.081598),0.841679 (0.759600 + 0.082079),0.865828 (0.783900 + 0.081928),0.852032 (0.770400 + 0.081632),0.842728 (0.760500 + 0.082228),0.861590 (0.779400 + 0.082190),0.852737 (0.770400 + 0.082337),0.844467 (0.762300 + 0.082167),0.854769 (0.773100 + 0.081669),0.847321 (0.765900 + 0.081421),0.852944 (0.771300 + 0.081644),0.845257 (0.763200 + 0.082057),0.851344 (0.769500 + 0.081844),0.854203 (0.772200 + 0.082003),0.858009 (0.775800 + 0.082209),0.848525 (0.766800 + 0.081725),0.853750 (0.772200 + 0.081550),0.862254 (0.780300 + 0.081954),0.861088 (0.779400 + 0.081688),0.873140 (0.791100 + 0.082040),0.840879 (0.758700 + 0.082179),0.851267 (0.769500 + 0.081767),0.854201 (0.772200 + 0.082001),0.848909 (0.766800 + 0.082110),0.860394 (0.778500 + 0.081894),0.868320 (0.786600 + 0.081720),0.857925 (0.775800 + 0.082125),0.868420 (0.786600 + 0.081820),0.849483 (0.767700 + 0.081783),0.854753 (0.773100 + 0.081653),0.863218 (0.781200 + 0.082019),0.873090 (0.791100 + 0.081990),0.864022 (0.782100 + 0.081922),0.852945 (0.771300 + 0.081645),0.859061 (0.777600 + 0.081461),0.860343 (0.778500 + 0.081843),0.866724 (0.784800 + 0.081924),0.857659 (0.775800 + 0.081859),0.862980 (0.781200 + 0.081780),0.873090 (0.791100 + 0.081990),0.855204 (0.773100 + 0.082104),0.845737 (0.764100 + 0.081637),0.864087 (0.782100 + 0.081987),0.867441 (0.785700 + 0.081741),0.848456 (0.766800 + 0.081656),0.856652 (0.774900 + 0.081752),0.869258 (0.787500 + 0.081758),0.854205 (0.772200 + 0.082005),0.863898 (0.782100 + 0.081798),0.856087 (0.774000 + 0.082087),0.865784 (0.783900 + 0.081884),0.873090 (0.791100 + 0.081990),0.856916 (0.774900 + 0.082016),0.868368 (0.786600 + 0.081768),0.856223 (0.774000 + 0.082223)
40,0.875672 (0.793800 + 0.081872),0.870038 (0.788400 + 0.081638),0.865120 (0.783000 + 0.082120),0.868320 (0.786600 + 0.081720),0.868320 (0.786600 + 0.081720),0.855630 (0.774000 + 0.081630),0.862935 (0.781200 + 0.081735),0.872933 (0.791100 + 0.081833),0.857527 (0.775800 + 0.081727),0.844103 (0.762300 + 0.081803),0.867602 (0.785700 + 0.081901),0.853042 (0.771300 + 0.081742),0.854268 (0.772200 + 0.082068),0.863067 (0.781200 + 0.081867),0.865064 (0.783000 + 0.082064),0.857832 (0.775800 + 0.082032),0.863919 (0.782100 + 0.081819),0.872225 (0.790200 + 0.082025),0.860705 (0.778500 + 0.082205),0.865828 (0.783900 + 0.081928),0.865828 (0.783900 + 0.081928),0.863191 (0.781200 + 0.081991),0.853120 (0.771300 + 0.081820),0.855785 (0.774000 + 0.081785),0.867494 (0.785700 + 0.081794),0.868368 (0.786600 + 0.081768),0.854205 (0.772200 + 0.082005),0.854033 (0.772200 + 0.081833),0.852637 (0.770400 + 0.082237),0.863116 (0.781200 + 0.081916),0.869258 (0.787500 + 0.081758),0.872056 (0.790200 + 0.081856),0.856615 (0.774900 + 0.081715),0.843017 (0.761400 + 0.081617),0.865784 (0.783900 + 0.081884),0.864087 (0.782100 + 0.081987),0.866724 (0.784800 + 0.081924),0.864636 (0.783000 + 0.081637),0.853067 (0.771300 + 0.081767),0.843540 (0.762300 + 0.081240),0.847176 (0.765000 + 0.082176),0.858335 (0.776700 + 0.081635),0.866325 (0.784800 + 0.081525),0.848909 (0.766800 + 0.082109),0.860394 (0.778500 + 0.081894),0.861590 (0.779400 + 0.082190),0.856223 (0.774000 + 0.082223),0.868320 (0.786600 + 0.081720),0.856622 (0.774900 + 0.081722),0.857986 (0.775800 + 0.082186),0.865735 (0.783900 + 0.081835),0.855019 (0.773100 + 0.081919),0.868585 (0.786600 + 0.081985),0.860304 (0.778500 + 0.081804),0.856469 (0.774900 + 0.081569),0.856652 (0.774900 + 0.081752),0.838641 (0.756900 + 0.081741),0.875672 (0.793800 + 0.081872),0.853141 (0.771300 + 0.081841),0.854515 (0.773100 + 0.081415),0.875672 (0.793800 + 0.081872),0.865389 (0.783900 + 0.081489),0.858765 (0.776700 + 0.082065),0.857024 (0.775800 + 0.081224),0.865002 (0.783000 + 0.082002),0.856500 (0.774900 + 0.081600),0.858673 (0.776700 + 0.081973),0.860268 (0.778500 + 0.081768),0.865259 (0.783000 + 0.082259),0.862153 (0.780300 + 0.081853)
41,0.875672 (0.793800 + 0.081872),0.868368 (0.786600 + 0.081768),0.851857 (0.770400 + 0.081457),0.869258 (0.787500 + 0.081758),0.861187 (0.779400 + 0.081787),0.846328 (0.764100 + 0.082228),0.839532 (0.757800 + 0.081732),0.867647 (0.785700 + 0.081947),0.857550 (0.775800 + 0.081750),0.860659 (0.778500 + 0.082159),0.865952 (0.783900 + 0.082052),0.857694 (0.775800 + 0.081894),0.864636 (0.783000 + 0.081637),0.868606 (0.786600 + 0.082006),0.864813 (0.783000 + 0.081813),0.857453 (0.775800 + 0.081653),0.859719 (0.777600 + 0.082119),0.865064 (0.783000 + 0.082064),0.865828 (0.783900 + 0.081928),0.853958 (0.772200 + 0.081758),0.858618 (0.777600 + 0.081018),0.857593 (0.775800 + 0.081793),0.839167 (0.756900 + 0.082267),0.858583 (0.776700 + 0.081883),0.864086 (0.782100 + 0.081986),0.858765 (0.776700 + 0.082065),0.858765 (0.776700 + 0.082065),0.862113 (0.780300 + 0.081813),0.864146 (0.782100 + 0.082046),0.872225 (0.790200 + 0.082025),0.854770 (0.773100 + 0.081670),0.849116 (0.767700 + 0.081416),0.848470 (0.766800 + 0.081670),0.871168 (0.789300 + 0.081868),0.846396 (0.765000 + 0.081396),0.865723 (0.783900 + 0.081823),0.874687 (0.792900 + 0.081788),0.864804 (0.783000 + 0.081804),0.863103 (0.781200 + 0.081903),0.865960 (0.783900 + 0.082060),0.862516 (0.781200 + 0.081316),0.865828 (0.783900 + 0.081928),0.867647 (0.785700 + 0.081947),0.857919 (0.775800 + 0.082119),0.873091 (0.791100 + 0.081991),0.854889 (0.773100 + 0.081789),0.870044 (0.788400 + 0.081644),0.868436 (0.786600 + 0.081836),0.871123 (0.789300 + 0.081823),0.864158 (0.782100 + 0.082058),0.863972 (0.782100 + 0.081872),0.864636 (0.783000 + 0.081637),0.864636 (0.783000 + 0.081637),0.875672 (0.793800 + 0.081872),0.865120 (0.783000 + 0.082120),0.849113 (0.767700 + 0.081413),0.849894 (0.767700 + 0.082194),0.865002 (0.783000 + 0.082002),0.863067 (0.781200 + 0.081867),0.852955 (0.771300 + 0.081656),0.852531 (0.770400 + 0.082131),0.863901 (0.782100 + 0.081801),0.856875 (0.774900 + 0.081975),0.871310 (0.789300 + 0.082010),0.860397 (0.778500 + 0.081897),0.861053 (0.779400 + 0.081653),0.868420 (0.786600 + 0.081820),0.855763 (0.774000 + 0.081763),0.847221 (0.765900 + 0.081321),0.847585 (0.765900 + 0.081685)
42,0.875672 (0.793800 + 0.081872),0.864158 (0.782100 + 0.082058),0.863972 (0.782100 + 0.081872),0.858221 (0.776700 + 0.081521),0.853249 (0.772200 + 0.081049),0.862063 (0.780300 + 0.081763),0.869258 (0.787500 + 0.081758),0.866816 (0.784800 + 0.082016),0.849342 (0.767700 + 0.081642),0.868632 (0.786600 + 0.082032),0.855827 (0.774000 + 0.081827),0.858771 (0.776700 + 0.082071),0.857468 (0.775800 + 0.081668),0.865155 (0.783000 + 0.082155),0.857459 (0.775800 + 0.081659),0.865723 (0.783900 + 0.081823),0.859719 (0.777600 + 0.082119),0.874577 (0.792900 + 0.081677),0.850563 (0.768600 + 0.081963),0.850691 (0.768600 + 0.082091),0.848636 (0.766800 + 0.081836),0.850119 (0.768600 + 0.081519),0.867647 (0.785700 + 0.081947),0.861288 (0.779400 + 0.081888),0.874651 (0.792900 + 0.081751),0.859302 (0.777600 + 0.081702),0.861324 (0.779400 + 0.081924),0.842201 (0.760500 + 0.081701),0.872866 (0.791100 + 0.081766),0.872198 (0.790200 + 0.081998),0.863972 (0.782100 + 0.081872),0.856383 (0.774900 + 0.081483),0.851605 (0.769500 + 0.082105),0.852386 (0.770400 + 0.081986),0.854688 (0.773100 + 0.081588),0.864887 (0.783000 + 0.081887),0.863134 (0.781200 + 0.081934),0.869424 (0.787500 + 0.081924),0.852347 (0.770400 + 0.081947),0.863200 (0.781200 + 0.082000),0.874603 (0.792900 + 0.081703),0.850580 (0.768600 + 0.081980),0.860298 (0.778500 + 0.081798),0.859301 (0.777600 + 0.081701),0.866686 (0.784800 + 0.081886),0.846758 (0.765000 + 0.081758),0.856537 (0.774900 + 0.081637),0.862171 (0.780300 + 0.081871),0.868368 (0.786600 + 0.081768),0.875672 (0.793800 + 0.081872),0.871168 (0.789300 + 0.081868),0.861187 (0.779400 + 0.081787),0.861187 (0.779400 + 0.081787),0.862077 (0.780300 + 0.081777),0.863901 (0.782100 + 0.081801),0.856894 (0.774900 + 0.081994),0.868368 (0.786600 + 0.081768),0.849430 (0.767700 + 0.081730),0.850296 (0.768600 + 0.081696),0.867307 (0.785700 + 0.081607),0.872288 (0.790200 + 0.082088),0.865731 (0.783900 + 0.081831),0.874577 (0.792900 + 0.081677),0.875672 (0.793800 + 0.081872),0.865002 (0.783000 + 0.082002),0.851628 (0.770400 + 0.081228),0.839834 (0.757800 + 0.082034),0.861405 (0.779400 + 0.082005),0.860427 (0.778500 + 0.081927),0.870222 (0.788400 + 0.081822)
43,0.875672 (0.793800 + 0.081872),0.869300 (0.787500 + 0.081800),0.850548 (0.768600 + 0.081949),0.854863 (0.773100 + 0.081763),0.842358 (0.760500 + 0.081858),0.866443 (0.784800 + 0.081644),0.864080 (0.782100 + 0.081980),0.864049 (0.782100 + 0.081949),0.846286 (0.765000 + 0.081286),0.838029 (0.756900 + 0.081129),0.852564 (0.771300 + 0.081264),0.850314 (0.768600 + 0.081715),0.865002 (0.783000 + 0.082002),0.855953 (0.774000 + 0.081953),0.861228 (0.779400 + 0.081828),0.860418 (0.778500 + 0.081918),0.863972 (0.782100 + 0.081872),0.859302 (0.777600 + 0.081702),0.860321 (0.778500 + 0.081821),0.855795 (0.774000 + 0.081795),0.853184 (0.771300 + 0.081884),0.852665 (0.771300 + 0.081365),0.858801 (0.776700 + 0.082101),0.856027 (0.774000 + 0.082027),0.845872 (0.764100 + 0.081772),0.849192 (0.767700 + 0.081492),0.875672 (0.793800 + 0.081872),0.849605 (0.767700 + 0.081905),0.860479 (0.778500 + 0.081979),0.872866 (0.791100 + 0.081766),0.853983 (0.772200 + 0.081783),0.874577 (0.792900 + 0.081677),0.860138 (0.778500 + 0.081638),0.867481 (0.785700 + 0.081781),0.867567 (0.785700 + 0.081867),0.852336 (0.770400 + 0.081936),0.869258 (0.787500 + 0.081758),0.850012 (0.768600 + 0.081412),0.852882 (0.771300 + 0.081582),0.854680 (0.773100 + 0.081580),0.860486 (0.778500 + 0.081986),0.871123 (0.789300 + 0.081823),0.864035 (0.782100 + 0.081935),0.859143 (0.777600 + 0.081543),0.866541 (0.784800 + 0.081741),0.865731 (0.783900 + 0.081831),0.853088 (0.771300 + 0.081788),0.869540 (0.787500 + 0.082040),0.860941 (0.779400 + 0.081541),0.866686 (0.784800 + 0.081886),0.870222 (0.788400 + 0.081822),0.870208 (0.788400 + 0.081808),0.865828 (0.783900 + 0.081928),0.870208 (0.788400 + 0.081808),0.855548 (0.774000 + 0.081548),0.868563 (0.786600 + 0.081963),0.869161 (0.787500 + 0.081661),0.855869 (0.774000 + 0.081869),0.856050 (0.774000 + 0.082050),0.850489 (0.768600 + 0.081889),0.860281 (0.778500 + 0.081781),0.856345 (0.774900 + 0.081445),0.868368 (0.786600 + 0.081768),0.854164 (0.772200 + 0.081964),0.867581 (0.785700 + 0.081881),0.844104 (0.762300 + 0.081804),0.861405 (0.779400 + 0.082005),0.855834 (0.774000 + 0.081834),0.874577 (0.792900 + 0.081677),0.850554 (0.768600 + 0.081954)
44,0.875672 (0.793800 + 0.081872),0.860276 (0.778500 + 0.081776),0.872933 (0.791100 + 0.081833),0.870394 (0.788400 + 0.081994),0.857672 (0.775800 + 0.081872),0.860682 (0.779400 + 0.081282),0.862810 (0.781200 + 0.081610),0.854870 (0.773100 + 0.081770),0.854869 (0.773100 + 0.081769),0.875672 (0.793800 + 0.081872),0.863972 (0.782100 + 0.081872),0.860902 (0.779400 + 0.081502),0.853092 (0.771300 + 0.081792),0.864017 (0.782100 + 0.081917),0.846657 (0.765000 + 0.081657),0.865148 (0.783000 + 0.082148),0.863010 (0.781200 + 0.081810),0.863165 (0.781200 + 0.081965),0.864792 (0.783000 + 0.081792),0.851116 (0.769500 + 0.081616),0.866323 (0.784800 + 0.081523),0.872871 (0.791100 + 0.081771),0.868582 (0.786600 + 0.081982),0.871228 (0.789300 + 0.081928),0.875784 (0.793800 + 0.081984),0.843800 (0.762300 + 0.081500),0.855157 (0.773100 + 0.082057),0.866443 (0.784800 + 0.081644),0.861625 (0.780300 + 0.081325),0.874577 (0.792900 + 0.081677),0.853365 (0.771300 + 0.082065),0.862846 (0.781200 + 0.081646),0.858390 (0.776700 + 0.081690),0.855147 (0.773100 + 0.082047),0.850744 (0.769500 + 0.081244),0.860235 (0.778500 + 0.081735),0.855113 (0.773100 + 0.082013),0.851450 (0.769500 + 0.081950),0.858329 (0.776700 + 0.081629),0.853178 (0.771300 + 0.081878),0.855300 (0.773100 + 0.082200),0.869300 (0.787500 + 0.081800),0.850945 (0.769500 + 0.081445),0.857527 (0.775800 + 0.081727),0.876318 (0.794700 + 0.081618),0.871972 (0.790200 + 0.081772),0.853003 (0.771300 + 0.081703),0.851772 (0.770400 + 0.081372),0.862933 (0.781200 + 0.081733),0.876394 (0.794700 + 0.081694),0.872955 (0.791100 + 0.081855),0.842011 (0.760500 + 0.081511),0.866420 (0.784800 + 0.081620),0.858539 (0.776700 + 0.081839),0.854863 (0.773100 + 0.081763),0.855518 (0.774000 + 0.081518),0.865828 (0.783900 + 0.081928),0.861175 (0.779400 + 0.081775),0.857535 (0.775800 + 0.081735),0.841898 (0.760500 + 0.081398),0.860488 (0.778500 + 0.081988),0.859632 (0.777600 + 0.082032),0.859492 (0.777600 + 0.081892),0.863961 (0.782100 + 0.081861),0.861285 (0.779400 + 0.081885),0.869161 (0.787500 + 0.081661),0.853983 (0.772200 + 0.081783),0.854063 (0.772200 + 0.081863),0.867449 (0.785700 + 0.081748),0.860216 (0.778500 + 0.081716)
45,0.876394 (0.794700 + 0.081694),0.843303 (0.761400 + 0.081903),0.853738 (0.772200 + 0.081538),0.848604 (0.766800 + 0.081804),0.854031 (0.772200 + 0.081831),0.864943 (0.783000 + 0.081943),0.861295 (0.779400 + 0.081895),0.865810 (0.783900 + 0.081910),0.861695 (0.780300 + 0.081395),0.872871 (0.791100 + 0.081771),0.864792 (0.783000 + 0.081792),0.845619 (0.764100 + 0.081519),0.850622 (0.768600 + 0.082023),0.857269 (0.775800 + 0.081469),0.849428 (0.767700 + 0.081728),0.873822 (0.792000 + 0.081822),0.862515 (0.781200 + 0.081315),0.845612 (0.764100 + 0.081512),0.859270 (0.777600 + 0.081670),0.856500 (0.774900 + 0.081600),0.867449 (0.785700 + 0.081748),0.875672 (0.793800 + 0.081872),0.854532 (0.773100 + 0.081432),0.867512 (0.785700 + 0.081812),0.853906 (0.772200 + 0.081706),0.858421 (0.776700 + 0.081721),0.857616 (0.775800 + 0.081816),0.859436 (0.777600 + 0.081836),0.844947 (0.763200 + 0.081747),0.855744 (0.774000 + 0.081744),0.871228 (0.789300 + 0.081928),0.857841 (0.775800 + 0.082042),0.869400 (0.787500 + 0.081900),0.846393 (0.765000 + 0.081393),0.851980 (0.770400 + 0.081580),0.864744 (0.783000 + 0.081744),0.852837 (0.771300 + 0.081537),0.860682 (0.779400 + 0.081282),0.851772 (0.770400 + 0.081372),0.861051 (0.779400 + 0.081651),0.872819 (0.791100 + 0.081719),0.862664 (0.781200 + 0.081464),0.863827 (0.782100 + 0.081727),0.875672 (0.793800 + 0.081872),0.842338 (0.760500 + 0.081838),0.863008 (0.781200 + 0.081808),0.851793 (0.770400 + 0.081393),0.842160 (0.760500 + 0.081660),0.862843 (0.781200 + 0.081643),0.855583 (0.774000 + 0.081583),0.845858 (0.764100 + 0.081758),0.854064 (0.772200 + 0.081864),0.852952 (0.771300 + 0.081652),0.853376 (0.771300 + 0.082076),0.871972 (0.790200 + 0.081772),0.875672 (0.793800 + 0.081872),0.875672 (0.793800 + 0.081872),0.853039 (0.771300 + 0.081739),0.852054 (0.770400 + 0.081654),0.868047 (0.786600 + 0.081447),0.837821 (0.756000 + 0.081821),0.848212 (0.766800 + 0.081412),0.869261 (0.787500 + 0.081761),0.875784 (0.793800 + 0.081984),0.872933 (0.791100 + 0.081833),0.864995 (0.783000 + 0.081995),0.853956 (0.772200 + 0.081756),0.854976 (0.773100 + 0.081876),0.875672 (0.793800 + 0.081872),0.839703 (0.757800 + 0.081903)
46,0.876394 (0.794700 + 0.081694),0.874718 (0.792900 + 0.081818),0.876503 (0.794700 + 0.081803),0.875520 (0.793800 + 0.081720),0.849361 (0.767700 + 0.081661),0.875672 (0.793800 + 0.081872),0.871972 (0.790200 + 0.081772),0.857367 (0.775800 + 0.081567),0.857264 (0.775800 + 0.081464),0.849350 (0.767700 + 0.081650),0.862778 (0.781200 + 0.081578),0.862055 (0.780300 + 0.081755),0.838255 (0.756900 + 0.081355),0.859243 (0.777600 + 0.081643),0.853821 (0.772200 + 0.081621),0.863111 (0.781200 + 0.081911),0.866802 (0.784800 + 0.082002),0.866355 (0.784800 + 0.081555),0.852363 (0.770400 + 0.081963),0.853606 (0.772200 + 0.081406),0.854285 (0.773100 + 0.081185),0.857387 (0.775800 + 0.081587),0.858233 (0.776700 + 0.081533),0.849925 (0.768600 + 0.081325),0.849413 (0.767700 + 0.081713),0.864750 (0.783000 + 0.081750),0.840056 (0.758700 + 0.081356),0.875641 (0.793800 + 0.081841),0.872850 (0.791100 + 0.081750),0.853999 (0.772200 + 0.081799),0.872955 (0.791100 + 0.081855),0.848231 (0.766800 + 0.081431),0.840812 (0.759600 + 0.081212),0.874577 (0.792900 + 0.081677),0.851491 (0.770400 + 0.081091),0.860143 (0.778500 + 0.081643),0.854432 (0.773100 + 0.081332),0.849422 (0.767700 + 0.081722),0.859918 (0.778500 + 0.081418),0.857489 (0.775800 + 0.081689),0.834894 (0.753300 + 0.081594),0.858201 (0.776700 + 0.081501),0.853019 (0.771300 + 0.081719),0.853081 (0.771300 + 0.081781),0.857594 (0.775800 + 0.081794),0.844977 (0.763200 + 0.081777),0.870109 (0.788400 + 0.081709),0.858929 (0.776700 + 0.082229),0.853884 (0.772200 + 0.081684),0.869400 (0.787500 + 0.081900),0.842830 (0.761400 + 0.081430),0.858456 (0.776700 + 0.081757),0.858507 (0.776700 + 0.081807),0.848300 (0.766800 + 0.081500),0.849714 (0.767700 + 0.082014),0.875672 (0.793800 + 0.081872),0.857346 (0.775800 + 0.081546),0.849364 (0.767700 + 0.081664),0.861283 (0.779400 + 0.081883),0.862310 (0.780300 + 0.082010),0.848760 (0.766800 + 0.081960),0.867512 (0.785700 + 0.081812),0.844947 (0.763200 + 0.081747),0.847663 (0.765900 + 0.081763),0.857161 (0.775800 + 0.081361),0.861677 (0.780300 + 0.081377),0.859488 (0.777600 + 0.081888),0.871058 (0.789300 + 0.081758),0.875672 (0.793800 + 0.081872),0.874687 (0.792900 + 0.081787)
47,0.876503 (0.794700 + 0.081803),0.867512 (0.785700 + 0.081812),0.874687 (0.792900 + 0.081787),0.864811 (0.783000 + 0.081811),0.857489 (0.775800 + 0.081689),0.853538 (0.772200 + 0.081338),0.870189 (0.788400 + 0.081789),0.858929 (0.776700 + 0.082229),0.858929 (0.776700 + 0.082229),0.853981 (0.772200 + 0.081781),0.850398 (0.768600 + 0.081798),0.856459 (0.774900 + 0.081559),0.857565 (0.775800 + 0.081765),0.867512 (0.785700 + 0.081812),0.853786 (0.772200 + 0.081586),0.839566 (0.757800 + 0.081766),0.849341 (0.767700 + 0.081641),0.858714 (0.777600 + 0.081114),0.852450 (0.770400 + 0.082050),0.860312 (0.778500 + 0.081812),0.875672 (0.793800 + 0.081872),0.855887 (0.774000 + 0.081887),0.857346 (0.775800 + 0.081546),0.867512 (0.785700 + 0.081812),0.862778 (0.781200 + 0.081578),0.862279 (0.780300 + 0.081979),0.858374 (0.776700 + 0.081674),0.852173 (0.770400 + 0.081773),0.860130 (0.778500 + 0.081630),0.842578 (0.761400 + 0.081178),0.855806 (0.774000 + 0.081806),0.876394 (0.794700 + 0.081694),0.875641 (0.793800 + 0.081841),0.870208 (0.788400 + 0.081808),0.874588 (0.792900 + 0.081688),0.858746 (0.776700 + 0.082046),0.861954 (0.780300 + 0.081654),0.862880 (0.781200 + 0.081680),0.848787 (0.767700 + 0.081087),0.857326 (0.775800 + 0.081526),0.860939 (0.779400 + 0.081539),0.848946 (0.767700 + 0.081246),0.841739 (0.760500 + 0.081239),0.876531 (0.794700 + 0.081831),0.856453 (0.774900 + 0.081553),0.851297 (0.769500 + 0.081797),0.863757 (0.782100 + 0.081657),0.875672 (0.793800 + 0.081872),0.861283 (0.779400 + 0.081883),0.876503 (0.794700 + 0.081803),0.875641 (0.793800 + 0.081841),0.870929 (0.789300 + 0.081629),0.870262 (0.788400 + 0.081862),0.854645 (0.773100 + 0.081545),0.863725 (0.782100 + 0.081625),0.855677 (0.774000 + 0.081677),0.845917 (0.764100 + 0.081817),0.843138 (0.761400 + 0.081738),0.873858 (0.792000 + 0.081858),0.851840 (0.770400 + 0.081440),0.872015 (0.790200 + 0.081815),0.866732 (0.784800 + 0.081932),0.849848 (0.768600 + 0.081248),0.850101 (0.768600 + 0.081501),0.874718 (0.792900 + 0.081818),0.875520 (0.793800 + 0.081720),0.858233 (0.776700 + 0.081533),0.861694 (0.780300 + 0.081394),0.848135 (0.766800 + 0.081335),0.869532 (0.787500 + 0.082032)
48,0.876531 (0.794700 + 0.081831),0.866535 (0.784800 + 0.081735),0.866666 (0.784800 + 0.081866),0.850812 (0.769500 + 0.081312),0.852749 (0.771300 + 0.081449),0.866535 (0.784800 + 0.081735),0.867249 (0.785700 + 0.081549),0.867425 (0.785700 + 0.081725),0.872145 (0.790200 + 0.081945),0.856712 (0.774900 + 0.081812),0.853127 (0.771300 + 0.081827),0.846581 (0.765000 + 0.081581),0.856315 (0.774900 + 0.081415),0.876503 (0.794700 + 0.081803),0.874588 (0.792900 + 0.081688),0.867901 (0.786600 + 0.081301),0.868453 (0.786600 + 0.081853),0.867165 (0.785700 + 0.081465),0.863947 (0.782100 + 0.081847),0.864492 (0.783000 + 0.081492),0.854573 (0.773100 + 0.081473),0.867272 (0.785700 + 0.081572),0.854798 (0.773100 + 0.081698),0.845796 (0.764100 + 0.081696),0.858564 (0.776700 + 0.081864),0.874577 (0.792900 + 0.081677),0.851549 (0.769500 + 0.082049),0.875672 (0.793800 + 0.081872),0.873858 (0.792000 + 0.081858),0.857627 (0.775800 + 0.081827),0.854673 (0.773100 + 0.081573),0.870345 (0.788400 + 0.081945),0.874577 (0.792900 + 0.081677),0.849368 (0.767700 + 0.081668),0.864110 (0.782100 + 0.082010),0.860130 (0.778500 + 0.081630),0.875641 (0.793800 + 0.081841),0.855618 (0.774000 + 0.081618),0.869275 (0.787500 + 0.081775),0.863602 (0.782100 + 0.081502),0.871170 (0.789300 + 0.081870),0.862148 (0.780300 + 0.081848),0.856024 (0.774000 + 0.082024),0.876394 (0.794700 + 0.081694),0.850444 (0.768600 + 0.081844),0.856840 (0.774900 + 0.081940),0.875549 (0.793800 + 0.081749),0.872015 (0.790200 + 0.081815),0.870189 (0.788400 + 0.081789),0.861382 (0.779400 + 0.081982),0.862847 (0.781200 + 0.081647),0.872999 (0.791100 + 0.081900),0.875631 (0.793800 + 0.081831),0.859971 (0.778500 + 0.081471),0.860961 (0.779400 + 0.081561),0.862170 (0.780300 + 0.081870),0.855955 (0.774000 + 0.081955),0.872876 (0.791100 + 0.081776),0.873759 (0.792000 + 0.081759),0.874687 (0.792900 + 0.081787),0.875641 (0.793800 + 0.081841),0.849299 (0.767700 + 0.081599),0.869222 (0.787500 + 0.081722),0.870208 (0.788400 + 0.081808),0.861954 (0.780300 + 0.081654),0.875672 (0.793800 + 0.081872),0.847392 (0.765900 + 0.081492),0.856632 (0.774900 + 0.081732),0.862216 (0.780300 + 0.081916),0.873640 (0.792000 + 0.081640)
49,0.876531 (0.794700 + 0.081831),0.874577 (0.792900 + 0.081677),0.871170 (0.789300 + 0.081870),0.850201 (0.768600 + 0.081601),0.866199 (0.784800 + 0.081399),0.856551 (0.774900 + 0.081651),0.871254 (0.789300 + 0.081954),0.858746 (0.776700 + 0.082046),0.872015 (0.790200 + 0.081815),0.874577 (0.792900 + 0.081677),0.870208 (0.788400 + 0.081808),0.872187 (0.790200 + 0.081988),0.860155 (0.778500 + 0.081655),0.857037 (0.775800 + 0.081237),0.856548 (0.774900 + 0.081649),0.876633 (0.794700 + 0.081933),0.866474 (0.784800 + 0.081674),0.854736 (0.773100 + 0.081636),0.876379 (0.794700 + 0.081679),0.849065 (0.767700 + 0.081365),0.861035 (0.779400 + 0.081635),0.852526 (0.771300 + 0.081226),0.866695 (0.784800 + 0.081895),0.863947 (0.782100 + 0.081847),0.869082 (0.787500 + 0.081582),0.856939 (0.775800 + 0.081139),0.876379 (0.794700 + 0.081679),0.872957 (0.791100 + 0.081857),0.866582 (0.784800 + 0.081782),0.852791 (0.771300 + 0.081491),0.867249 (0.785700 + 0.081549),0.865610 (0.783900 + 0.081710),0.851288 (0.769500 + 0.081788),0.871184 (0.789300 + 0.081884),0.865525 (0.783900 + 0.081626),0.854007 (0.772200 + 0.081807),0.872924 (0.791100 + 0.081824),0.876483 (0.794700 + 0.081783),0.841859 (0.760500 + 0.081359),0.875549 (0.793800 + 0.081749),0.872876 (0.791100 + 0.081776),0.875641 (0.793800 + 0.081841),0.875641 (0.793800 + 0.081841),0.861166 (0.779400 + 0.081766),0.869238 (0.787500 + 0.081738),0.855754 (0.774000 + 0.081754),0.876394 (0.794700 + 0.081694),0.862938 (0.781200 + 0.081738),0.860824 (0.779400 + 0.081424),0.865773 (0.783900 + 0.081873),0.876321 (0.794700 + 0.081621),0.852789 (0.771300 + 0.081489),0.857443 (0.775800 + 0.081643),0.866666 (0.784800 + 0.081866),0.869222 (0.787500 + 0.081722),0.875784 (0.793800 + 0.081984),0.859111 (0.777600 + 0.081511),0.869135 (0.787500 + 0.081635),0.843892 (0.762300 + 0.081592),0.852993 (0.771300 + 0.081693),0.867249 (0.785700 + 0.081549),0.866647 (0.784800 + 0.081847),0.868399 (0.786600 + 0.081799),0.872145 (0.790200 + 0.081945),0.862216 (0.780300 + 0.081916),0.873640 (0.792000 + 0.081640),0.866485 (0.784800 + 0.081686),0.872145 (0.790200 + 0.081945),0.866666 (0.784800 + 0.081866),0.863980 (0.782100 + 0.081880)
50,0.876633 (0.794700 + 0.081933),0.872015 (0.790200 + 0.081815),0.876394 (0.794700 + 0.081694),0.842946 (0.761400 + 0.081546),0.874577 (0.792900 + 0.081677),0.872725 (0.791100 + 0.081625),0.861973 (0.780300 + 0.081673),0.861168 (0.779400 + 0.081768),0.865028 (0.783000 + 0.082028),0.863993 (0.782100 + 0.081893),0.868374 (0.786600 + 0.081774),0.859940 (0.778500 + 0.081440),0.853175 (0.771300 + 0.081875),0.866647 (0.784800 + 0.081847),0.876394 (0.794700 + 0.081694),0.876379 (0.794700 + 0.081679),0.875549 (0.793800 + 0.081749),0.875641 (0.793800 + 0.081841),0.869222 (0.787500 + 0.081722),0.855564 (0.774000 + 0.081564),0.872056 (0.790200 + 0.081856),0.862995 (0.781200 + 0.081795),0.855865 (0.774000 + 0.081865),0.865813 (0.783900 + 0.081913),0.869227 (0.787500 + 0.081727),0.875641 (0.793800 + 0.081841),0.855737 (0.774000 + 0.081737),0.868325 (0.786600 + 0.081725),0.849148 (0.767700 + 0.081448),0.880051 (0.798300 + 0.081751),0.870350 (0.788400 + 0.081950),0.864721 (0.783000 + 0.081721),0.862806 (0.781200 + 0.081606),0.869227 (0.787500 + 0.081727),0.872910 (0.791100 + 0.081810),0.871170 (0.789300 + 0.081870),0.857453 (0.775800 + 0.081653),0.876379 (0.794700 + 0.081679),0.853746 (0.772200 + 0.081546),0.877437 (0.795600 + 0.081837),0.862993 (0.781200 + 0.081793),0.870891 (0.789300 + 0.081591),0.848455 (0.766800 + 0.081655),0.870361 (0.788400 + 0.081961),0.870203 (0.788400 + 0.081803),0.855331 (0.774000 + 0.081331),0.860321 (0.778500 + 0.081821),0.871838 (0.790200 + 0.081638),0.873935 (0.792000 + 0.081935),0.873640 (0.792000 + 0.081640),0.849295 (0.767700 + 0.081595),0.870233 (0.788400 + 0.081833),0.867497 (0.785700 + 0.081797),0.848343 (0.766800 + 0.081543),0.867254 (0.785700 + 0.081554),0.839915 (0.758700 + 0.081215),0.868474 (0.786600 + 0.081874),0.857173 (0.775800 + 0.081373),0.854008 (0.772200 + 0.081808),0.876410 (0.794700 + 0.081710),0.872779 (0.791100 + 0.081679),0.873672 (0.792000 + 0.081672),0.869126 (0.787500 + 0.081626),0.873640 (0.792000 + 0.081640),0.859226 (0.777600 + 0.081626),0.863854 (0.782100 + 0.081754),0.850476 (0.768600 + 0.081877),0.875641 (0.793800 + 0.081841),0.875784 (0.793800 + 0.081984),0.851787 (0.770400 + 0.081387)
51,0.880051 (0.798300 + 0.081751),0.880051 (0.798300 + 0.081751),0.872779 (0.791100 + 0.081679),0.871070 (0.789300 + 0.081770),0.876379 (0.794700 + 0.081679),0.863678 (0.782100 + 0.081578),0.861030 (0.779400 + 0.081630),0.856421 (0.774900 + 0.081521),0.873640 (0.792000 + 0.081640),0.844642 (0.763200 + 0.081442),0.869227 (0.787500 + 0.081727),0.867519 (0.785700 + 0.081819),0.872848 (0.791100 + 0.081748),0.876394 (0.794700 + 0.081694),0.858408 (0.776700 + 0.081708),0.873672 (0.792000 + 0.081672),0.870891 (0.789300 + 0.081591),0.875641 (0.793800 + 0.081841),0.876410 (0.794700 + 0.081710),0.857379 (0.775800 + 0.081579),0.868224 (0.786600 + 0.081624),0.847335 (0.765900 + 0.081435),0.843754 (0.762300 + 0.081454),0.876379 (0.794700 + 0.081679),0.875641 (0.793800 + 0.081841),0.865557 (0.783900 + 0.081657),0.856442 (0.774900 + 0.081542),0.870361 (0.788400 + 0.081961),0.875641 (0.793800 + 0.081841),0.871857 (0.790200 + 0.081657),0.862064 (0.780300 + 0.081764),0.868593 (0.786600 + 0.081993),0.861309 (0.780300 + 0.081009),0.865161 (0.783000 + 0.082161),0.863677 (0.782100 + 0.081577),0.855189 (0.773100 + 0.082089),0.860020 (0.778500 + 0.081520),0.875768 (0.793800 + 0.081968),0.856511 (0.774900 + 0.081611),0.870955 (0.789300 + 0.081655),0.845596 (0.764100 + 0.081496),0.854701 (0.773100 + 0.081601),0.860966 (0.779400 + 0.081566),0.873640 (0.792000 + 0.081640),0.860321 (0.778500 + 0.081821),0.867249 (0.785700 + 0.081549),0.870044 (0.788400 + 0.081644),0.870216 (0.788400 + 0.081816),0.868392 (0.786600 + 0.081792),0.869269 (0.787500 + 0.081769),0.867576 (0.785700 + 0.081876),0.848446 (0.766800 + 0.081646),0.844889 (0.763200 + 0.081689),0.870350 (0.788400 + 0.081950),0.872015 (0.790200 + 0.081815),0.862675 (0.781200 + 0.081475),0.856586 (0.774900 + 0.081686),0.873737 (0.792000 + 0.081737),0.854770 (0.773100 + 0.081670),0.867191 (0.785700 + 0.081491),0.870332 (0.788400 + 0.081932),0.872015 (0.790200 + 0.081815),0.843594 (0.762300 + 0.081294),0.861159 (0.779400 + 0.081759),0.854608 (0.773100 + 0.081508),0.876379 (0.794700 + 0.081679),0.838499 (0.756900 + 0.081599),0.871838 (0.790200 + 0.081638),0.876394 (0.794700 + 0.081694),0.872056 (0.790200 + 0.081856)
52,0.880051 (0.798300 + 0.081751),0.873689 (0.792000 + 0.081689),0.860292 (0.778500 + 0.081792),0.874737 (0.792900 + 0.081837),0.874582 (0.792900 + 0.081682),0.876379 (0.794700 + 0.081679),0.875641 (0.793800 + 0.081841),0.869285 (0.787500 + 0.081785),0.866579 (0.784800 + 0.081779),0.836662 (0.755100 + 0.081562),0.870025 (0.788400 + 0.081625),0.871182 (0.789300 + 0.081882),0.873612 (0.792000 + 0.081612),0.854787 (0.773100 + 0.081687),0.862704 (0.781200 + 0.081504),0.876394 (0.794700 + 0.081694),0.872015 (0.790200 + 0.081815),0.841816 (0.760500 + 0.081316),0.867665 (0.785700 + 0.081965),0.854676 (0.773100 + 0.081576),0.871961 (0.790200 + 0.081761),0.851397 (0.769500 + 0.081896),0.854457 (0.773100 + 0.081357),0.850051 (0.768600 + 0.081451),0.862869 (0.781200 + 0.081669),0.866385 (0.784800 + 0.081585),0.867573 (0.785700 + 0.081873),0.853140 (0.771300 + 0.081840),0.875641 (0.793800 + 0.081841),0.865787 (0.783900 + 0.081887),0.872122 (0.790200 + 0.081922),0.859232 (0.777600 + 0.081632),0.851413 (0.769500 + 0.081913),0.850293 (0.768600 + 0.081693),0.869976 (0.788400 + 0.081576),0.876394 (0.794700 + 0.081694),0.869227 (0.787500 + 0.081727),0.876379 (0.794700 + 0.081679),0.865161 (0.783000 + 0.082161),0.876379 (0.794700 + 0.081679),0.858283 (0.776700 + 0.081583),0.860177 (0.778500 + 0.081677),0.849218 (0.767700 + 0.081518),0.876379 (0.794700 + 0.081679),0.876394 (0.794700 + 0.081694),0.864642 (0.783000 + 0.081642),0.842974 (0.761400 + 0.081574),0.862846 (0.781200 + 0.081646),0.852019 (0.770400 + 0.081619),0.839533 (0.757800 + 0.081733),0.853836 (0.772200 + 0.081636),0.858085 (0.776700 + 0.081385),0.872779 (0.791100 + 0.081679),0.875641 (0.793800 + 0.081841),0.876394 (0.794700 + 0.081694),0.872017 (0.790200 + 0.081817),0.875549 (0.793800 + 0.081749),0.876394 (0.794700 + 0.081694),0.876379 (0.794700 + 0.081679),0.879093 (0.797400 + 0.081693),0.876468 (0.794700 + 0.081768),0.876379 (0.794700 + 0.081679),0.876410 (0.794700 + 0.081710),0.856576 (0.774900 + 0.081676),0.855611 (0.774000 + 0.081611),0.860174 (0.778500 + 0.081674),0.871838 (0.790200 + 0.081638),0.846417 (0.765000 + 0.081417),0.847973 (0.766800 + 0.081173),0.860987 (0.779400 + 0.081587)
53,0.880051 (0.798300 + 0.081751),0.875530 (0.793800 + 0.081730),0.874720 (0.792900 + 0.081820),0.865028 (0.783000 + 0.082028),0.878450 (0.796500 + 0.081950),0.876394 (0.794700 + 0.081694),0.871838 (0.790200 + 0.081638),0.876394 (0.794700 + 0.081694),0.864603 (0.783000 + 0.081603),0.869482 (0.787500 + 0.081982),0.853078 (0.771300 + 0.081778),0.864772 (0.783000 + 0.081772),0.880051 (0.798300 + 0.081751),0.869138 (0.787500 + 0.081638),0.853546 (0.772200 + 0.081346),0.851835 (0.770400 + 0.081435),0.871182 (0.789300 + 0.081882),0.876379 (0.794700 + 0.081679),0.869285 (0.787500 + 0.081785),0.857867 (0.776700 + 0.081168),0.871170 (0.789300 + 0.081870),0.848379 (0.766800 + 0.081579),0.842201 (0.760500 + 0.081701),0.876379 (0.794700 + 0.081679),0.875641 (0.793800 + 0.081841),0.877417 (0.795600 + 0.081817),0.855937 (0.774000 + 0.081937),0.855701 (0.774000 + 0.081701),0.854457 (0.773100 + 0.081357),0.876394 (0.794700 + 0.081694),0.876394 (0.794700 + 0.081694),0.874737 (0.792900 + 0.081837),0.874737 (0.792900 + 0.081837),0.872779 (0.791100 + 0.081679),0.862776 (0.781200 + 0.081576),0.880051 (0.798300 + 0.081751),0.857449 (0.775800 + 0.081649),0.866385 (0.784800 + 0.081585),0.876379 (0.794700 + 0.081679),0.855547 (0.774000 + 0.081547),0.876379 (0.794700 + 0.081679),0.856398 (0.774900 + 0.081498),0.872955 (0.791100 + 0.081855),0.850025 (0.768600 + 0.081425),0.851912 (0.770400 + 0.081512),0.876394 (0.794700 + 0.081694),0.872017 (0.790200 + 0.081817),0.872779 (0.791100 + 0.081679),0.876379 (0.794700 + 0.081679),0.874612 (0.792900 + 0.081712),0.871261 (0.789300 + 0.081961),0.876379 (0.794700 + 0.081679),0.849321 (0.767700 + 0.081621),0.838140 (0.756900 + 0.081240),0.863182 (0.782100 + 0.081082),0.851922 (0.770400 + 0.081522),0.852685 (0.771300 + 0.081385),0.847654 (0.765900 + 0.081754),0.869227 (0.787500 + 0.081727),0.841079 (0.759600 + 0.081479),0.857179 (0.775800 + 0.081379),0.846055 (0.764100 + 0.081955),0.868302 (0.786600 + 0.081702),0.880051 (0.798300 + 0.081751),0.876379 (0.794700 + 0.081679),0.856637 (0.774900 + 0.081737),0.865547 (0.783900 + 0.081647),0.874737 (0.792900 + 0.081837),0.876410 (0.794700 + 0.081710),0.872760 (0.791100 + 0.081660)
54,0.880051 (0.798300 + 0.081751),0.876379 (0.794700 + 0.081679),0.875641 (0.793800 + 0.081841),0.858257 (0.776700 + 0.081557),0.856188 (0.774900 + 0.081288),0.871870 (0.790200 + 0.081670),0.855637 (0.774000 + 0.081637),0.869487 (0.787500 + 0.081987),0.871761 (0.790200 + 0.081561),0.848313 (0.766800 + 0.081513),0.853328 (0.771300 + 0.082028),0.876383 (0.794700 + 0.081683),0.873689 (0.792000 + 0.081689),0.846981 (0.765000 + 0.081981),0.880051 (0.798300 + 0.081751),0.859272 (0.777600 + 0.081672),0.869969 (0.788400 + 0.081569),0.876379 (0.794700 + 0.081679),0.851093 (0.769500 + 0.081593),0.853623 (0.772200 + 0.081423),0.854757 (0.773100 + 0.081657),0.866404 (0.784800 + 0.081604),0.857125 (0.775800 + 0.081325),0.875641 (0.793800 + 0.081841),0.879056 (0.797400 + 0.081656),0.868435 (0.786600 + 0.081835),0.857431 (0.775800 + 0.081631),0.854459 (0.773100 + 0.081359),0.876379 (0.794700 + 0.081679),0.843759 (0.762300 + 0.081459),0.863639 (0.782100 + 0.081539),0.874476 (0.792900 + 0.081576),0.857719 (0.775800 + 0.081919),0.848680 (0.766800 + 0.081880),0.872779 (0.791100 + 0.081679),0.871838 (0.790200 + 0.081638),0.876379 (0.794700 + 0.081679),0.874514 (0.792900 + 0.081614),0.875641 (0.793800 + 0.081841),0.869227 (0.787500 + 0.081727),0.876379 (0.794700 + 0.081679),0.876379 (0.794700 + 0.081679),0.862914 (0.781200 + 0.081714),0.861122 (0.779400 + 0.081722),0.876394 (0.794700 + 0.081694),0.860887 (0.779400 + 0.081487),0.844828 (0.763200 + 0.081628),0.867428 (0.785700 + 0.081728),0.875538 (0.793800 + 0.081738),0.858189 (0.776700 + 0.081489),0.875641 (0.793800 + 0.081841),0.880051 (0.798300 + 0.081751),0.876394 (0.794700 + 0.081694),0.874537 (0.792900 + 0.081637),0.856321 (0.774900 + 0.081421),0.859813 (0.778500 + 0.081313),0.859147 (0.777600 + 0.081547),0.847684 (0.765900 + 0.081784),0.876379 (0.794700 + 0.081679),0.872760 (0.791100 + 0.081660),0.876379 (0.794700 + 0.081679),0.855219 (0.773100 + 0.082119),0.877417 (0.795600 + 0.081817),0.876379 (0.794700 + 0.081679),0.876379 (0.794700 + 0.081679),0.857884 (0.776700 + 0.081184),0.871838 (0.790200 + 0.081638),0.876383 (0.794700 + 0.081683),0.874871 (0.792900 + 0.081972),0.876394 (0.794700 + 0.081694)
55,0.880051 (0.798300 + 0.081751),0.873675 (0.792000 + 0.081675),0.877219 (0.795600 + 0.081619),0.859280 (0.777600 + 0.081680),0.876394 (0.794700 + 0.081694),0.844386 (0.763200 + 0.081186),0.875480 (0.793800 + 0.081680),0.865428 (0.783900 + 0.081528),0.849189 (0.767700 + 0.081489),0.864693 (0.783000 + 0.081693),0.877287 (0.795600 + 0.081687),0.856228 (0.774900 + 0.081328),0.854721 (0.773100 + 0.081621),0.871838 (0.790200 + 0.081638),0.848751 (0.767700 + 0.081051),0.857252 (0.775800 + 0.081452),0.875641 (0.793800 + 0.081841),0.876379 (0.794700 + 0.081679),0.876379 (0.794700 + 0.081679),0.880051 (0.798300 + 0.081751),0.876394 (0.794700 + 0.081694),0.876383 (0.794700 + 0.081683),0.875641 (0.793800 + 0.081841),0.876394 (0.794700 + 0.081694),0.852991 (0.771300 + 0.081691),0.876379 (0.794700 + 0.081679),0.874476 (0.792900 + 0.081576),0.876379 (0.794700 + 0.081679),0.880051 (0.798300 + 0.081751),0.867322 (0.785700 + 0.081622),0.852972 (0.771300 + 0.081673),0.859272 (0.777600 + 0.081672),0.876379 (0.794700 + 0.081679),0.876379 (0.794700 + 0.081679),0.876379 (0.794700 + 0.081679),0.876383 (0.794700 + 0.081683),0.880051 (0.798300 + 0.081751),0.874476 (0.792900 + 0.081576),0.854708 (0.773100 + 0.081608),0.870198 (0.788400 + 0.081798),0.876379 (0.794700 + 0.081679),0.875641 (0.793800 + 0.081841),0.875538 (0.793800 + 0.081738),0.854960 (0.773100 + 0.081860),0.866306 (0.784800 + 0.081506),0.854748 (0.773100 + 0.081648),0.876379 (0.794700 + 0.081679),0.876379 (0.794700 + 0.081679),0.881827 (0.800100 + 0.081727),0.876379 (0.794700 + 0.081679),0.880051 (0.798300 + 0.081751),0.876411 (0.794700 + 0.081711),0.855966 (0.774000 + 0.081966),0.848182 (0.766800 + 0.081382),0.878131 (0.796500 + 0.081631),0.876379 (0.794700 + 0.081679),0.876379 (0.794700 + 0.081679),0.864626 (0.783000 + 0.081626),0.880051 (0.798300 + 0.081751),0.876379 (0.794700 + 0.081679),0.871870 (0.790200 + 0.081670),0.855658 (0.774000 + 0.081658),0.876379 (0.794700 + 0.081679),0.859739 (0.778500 + 0.081239),0.857245 (0.775800 + 0.081445),0.876379 (0.794700 + 0.081679),0.875641 (0.793800 + 0.081841),0.860276 (0.778500 + 0.081776),0.861266 (0.779400 + 0.081866),0.871838 (0.790200 + 0.081638)
56,0.881827 (0.800100 + 0.081727),0.875641 (0.793800 + 0.081841),0.875641 (0.793800 + 0.081841),0.876379 (0.794700 + 0.081679),0.876379 (0.794700 + 0.081679),0.855713 (0.774000 + 0.081713),0.858529 (0.776700 + 0.081829),0.871838 (0.790200 + 0.081638),0.871838 (0.790200 + 0.081638),0.876379 (0.794700 + 0.081679),0.876414 (0.794700 + 0.081715),0.860176 (0.778500 + 0.081676),0.875430 (0.793800 + 0.081630),0.876379 (0.794700 + 0.081679),0.876379 (0.794700 + 0.081679),0.856496 (0.774900 + 0.081596),0.850199 (0.768600 + 0.081599),0.854882 (0.773100 + 0.081782),0.853848 (0.772200 + 0.081648),0.870074 (0.788400 + 0.081674),0.854839 (0.773100 + 0.081739),0.876379 (0.794700 + 0.081679),0.865611 (0.783900 + 0.081711),0.876379 (0.794700 + 0.081679),0.866306 (0.784800 + 0.081506),0.860651 (0.779400 + 0.081251),0.876379 (0.794700 + 0.081679),0.877287 (0.795600 + 0.081687),0.858279 (0.776700 + 0.081579),0.875641 (0.793800 + 0.081841),0.850295 (0.768600 + 0.081695),0.858369 (0.776700 + 0.081669),0.855413 (0.774000 + 0.081413),0.847257 (0.765900 + 0.081357),0.876379 (0.794700 + 0.081679),0.870956 (0.789300 + 0.081656),0.876394 (0.794700 + 0.081694),0.850519 (0.768600 + 0.081919),0.876379 (0.794700 + 0.081679),0.876379 (0.794700 + 0.081679),0.876383 (0.794700 + 0.081683),0.851229 (0.769500 + 0.081729),0.878170 (0.796500 + 0.081670),0.866499 (0.784800 + 0.081699),0.862032 (0.780300 + 0.081732),0.880051 (0.798300 + 0.081751),0.875451 (0.793800 + 0.081651),0.880051 (0.798300 + 0.081751),0.876379 (0.794700 + 0.081679),0.857495 (0.775800 + 0.081695),0.858408 (0.776700 + 0.081708),0.876379 (0.794700 + 0.081679),0.873675 (0.792000 + 0.081675),0.879056 (0.797400 + 0.081656),0.876343 (0.794700 + 0.081643),0.875641 (0.793800 + 0.081841),0.878208 (0.796500 + 0.081708),0.876379 (0.794700 + 0.081679),0.859280 (0.777600 + 0.081680),0.876394 (0.794700 + 0.081694),0.876526 (0.794700 + 0.081826),0.864495 (0.783000 + 0.081495),0.876379 (0.794700 + 0.081679),0.876379 (0.794700 + 0.081679),0.880051 (0.798300 + 0.081751),0.876394 (0.794700 + 0.081694),0.880937 (0.799200 + 0.081737),0.862705 (0.781200 + 0.081505),0.852938 (0.771300 + 0.081638),0.869162 (0.787500 + 0.081662)
57,0.881827 (0.800100 + 0.081727),0.840411 (0.758700 + 0.081711),0.879056 (0.797400 + 0.081656),0.880051 (0.798300 + 0.081751),0.870956 (0.789300 + 0.081656),0.876348 (0.794700 + 0.081648),0.850284 (0.768600 + 0.081684),0.847576 (0.765900 + 0.081677),0.875641 (0.793800 + 0.081841),0.876379 (0.794700 + 0.081679),0.876379 (0.794700 + 0.081679),0.876379 (0.794700 + 0.081679),0.876379 (0.794700 + 0.081679),0.875641 (0.793800 + 0.081841),0.854355 (0.773100 + 0.081255),0.847450 (0.765900 + 0.081550),0.880051 (0.798300 + 0.081751),0.880906 (0.799200 + 0.081705),0.869205 (0.787500 + 0.081706),0.879056 (0.797400 + 0.081656),0.873675 (0.792000 + 0.081675),0.852627 (0.771300 + 0.081327),0.861157 (0.779400 + 0.081757),0.876343 (0.794700 + 0.081643),0.874582 (0.792900 + 0.081682),0.872878 (0.791100 + 0.081778),0.877342 (0.795600 + 0.081742),0.872019 (0.790200 + 0.081819),0.876394 (0.794700 + 0.081694),0.860679 (0.779400 + 0.081279),0.855452 (0.774000 + 0.081452),0.873651 (0.792000 + 0.081651),0.866363 (0.784800 + 0.081563),0.876379 (0.794700 + 0.081679),0.876379 (0.794700 + 0.081679),0.876394 (0.794700 + 0.081694),0.880937 (0.799200 + 0.081737),0.876379 (0.794700 + 0.081679),0.876379 (0.794700 + 0.081679),0.845250 (0.764100 + 0.081150),0.869059 (0.787500 + 0.081559),0.876379 (0.794700 + 0.081679),0.880937 (0.799200 + 0.081737),0.876394 (0.794700 + 0.081694),0.876526 (0.794700 + 0.081826),0.880937 (0.799200 + 0.081737),0.863565 (0.782100 + 0.081465),0.877219 (0.795600 + 0.081619),0.858781 (0.776700 + 0.082081),0.881827 (0.800100 + 0.081727),0.880051 (0.798300 + 0.081751),0.853819 (0.772200 + 0.081619),0.878204 (0.796500 + 0.081704),0.881827 (0.800100 + 0.081727),0.878208 (0.796500 + 0.081708),0.877287 (0.795600 + 0.081687),0.875430 (0.793800 + 0.081630),0.876394 (0.794700 + 0.081694),0.855388 (0.774000 + 0.081388),0.858097 (0.776700 + 0.081397),0.860101 (0.778500 + 0.081601),0.876379 (0.794700 + 0.081679),0.866306 (0.784800 + 0.081506),0.860184 (0.778500 + 0.081684),0.850556 (0.768600 + 0.081956),0.876379 (0.794700 + 0.081679),0.876379 (0.794700 + 0.081679),0.842239 (0.760500 + 0.081739),0.876379 (0.794700 + 0.081679),0.880937 (0.799200 + 0.081737)
58,0.881827 (0.800100 + 0.081727),0.874510 (0.792900 + 0.081610),0.872800 (0.791100 + 0.081700),0.867471 (0.785700 + 0.081771),0.867330 (0.785700 + 0.081630),0.877342 (0.795600 + 0.081742),0.876394 (0.794700 + 0.081694),0.878170 (0.796500 + 0.081670),0.880937 (0.799200 + 0.081737),0.880937 (0.799200 + 0.081737),0.878208 (0.796500 + 0.081708),0.879056 (0.797400 + 0.081656),0.877219 (0.795600 + 0.081619),0.850176 (0.768600 + 0.081576),0.862916 (0.781200 + 0.081716),0.879056 (0.797400 + 0.081656),0.876343 (0.794700 + 0.081643),0.880051 (0.798300 + 0.081751),0.879056 (0.797400 + 0.081656),0.870956 (0.789300 + 0.081656),0.874582 (0.792900 + 0.081682),0.871992 (0.790200 + 0.081792),0.846080 (0.765000 + 0.081080),0.851931 (0.770400 + 0.081531),0.880051 (0.798300 + 0.081751),0.878170 (0.796500 + 0.081670),0.876379 (0.794700 + 0.081679),0.876383 (0.794700 + 0.081683),0.875452 (0.793800 + 0.081652),0.879056 (0.797400 + 0.081656),0.876343 (0.794700 + 0.081643),0.880937 (0.799200 + 0.081737),0.882696 (0.801000 + 0.081696),0.876379 (0.794700 + 0.081679),0.876379 (0.794700 + 0.081679),0.857533 (0.775800 + 0.081733),0.876379 (0.794700 + 0.081679),0.856437 (0.774900 + 0.081537),0.879056 (0.797400 + 0.081656),0.880937 (0.799200 + 0.081737),0.876379 (0.794700 + 0.081679),0.854441 (0.773100 + 0.081341),0.854293 (0.773100 + 0.081193),0.873651 (0.792000 + 0.081651),0.880051 (0.798300 + 0.081751),0.874537 (0.792900 + 0.081637),0.880051 (0.798300 + 0.081751),0.875641 (0.793800 + 0.081841),0.876394 (0.794700 + 0.081694),0.855638 (0.774000 + 0.081638),0.854383 (0.773100 + 0.081283),0.881827 (0.800100 + 0.081727),0.880051 (0.798300 + 0.081751),0.879957 (0.798300 + 0.081657),0.866399 (0.784800 + 0.081599),0.879056 (0.797400 + 0.081656),0.858283 (0.776700 + 0.081583),0.876379 (0.794700 + 0.081679),0.876379 (0.794700 + 0.081679),0.880906 (0.799200 + 0.081705),0.848453 (0.766800 + 0.081653),0.879957 (0.798300 + 0.081657),0.877374 (0.795600 + 0.081774),0.880937 (0.799200 + 0.081737),0.853754 (0.772200 + 0.081554),0.870939 (0.789300 + 0.081639),0.880051 (0.798300 + 0.081751),0.836115 (0.755100 + 0.081016),0.854487 (0.773100 + 0.081387),0.845845 (0.764100 + 0.081745)
59,0.882696 (0.801000 + 0.081696),0.870932 (0.789300 + 0.081632),0.862730 (0.781200 + 0.081530),0.882696 (0.801000 + 0.081696),0.879056 (0.797400 + 0.081656),0.880051 (0.798300 + 0.081751),0.880937 (0.799200 + 0.081737),0.881827 (0.800100 + 0.081727),0.852405 (0.770400 + 0.082005),0.880937 (0.799200 + 0.081737),0.880937 (0.799200 + 0.081737),0.877374 (0.795600 + 0.081774),0.879943 (0.798300 + 0.081643),0.879056 (0.797400 + 0.081656),0.876379 (0.794700 + 0.081679),0.880051 (0.798300 + 0.081751),0.880051 (0.798300 + 0.081751),0.858213 (0.776700 + 0.081513),0.880051 (0.798300 + 0.081751),0.858538 (0.776700 + 0.081838),0.881813 (0.800100 + 0.081713),0.880937 (0.799200 + 0.081737),0.867273 (0.785700 + 0.081573),0.881002 (0.799200 + 0.081802),0.877228 (0.795600 + 0.081628),0.880937 (0.799200 + 0.081737),0.877219 (0.795600 + 0.081619),0.856395 (0.774900 + 0.081495),0.881827 (0.800100 + 0.081727),0.880020 (0.798300 + 0.081720),0.862959 (0.781200 + 0.081760),0.880937 (0.799200 + 0.081737),0.879056 (0.797400 + 0.081656),0.881813 (0.800100 + 0.081713),0.876394 (0.794700 + 0.081694),0.852548 (0.771300 + 0.081248),0.857348 (0.775800 + 0.081548),0.880937 (0.799200 + 0.081737),0.877374 (0.795600 + 0.081774),0.876379 (0.794700 + 0.081679),0.853727 (0.772200 + 0.081527),0.875641 (0.793800 + 0.081841),0.876394 (0.794700 + 0.081694),0.882696 (0.801000 + 0.081696),0.881827 (0.800100 + 0.081727),0.882696 (0.801000 + 0.081696),0.875641 (0.793800 + 0.081841),0.876379 (0.794700 + 0.081679),0.878208 (0.796500 + 0.081708),0.852128 (0.770400 + 0.081728),0.876379 (0.794700 + 0.081679),0.879957 (0.798300 + 0.081657),0.859116 (0.777600 + 0.081516),0.876379 (0.794700 + 0.081679),0.876379 (0.794700 + 0.081679),0.880882 (0.799200 + 0.081682),0.864628 (0.783000 + 0.081628),0.855445 (0.774000 + 0.081445),0.880051 (0.798300 + 0.081751),0.846649 (0.765000 + 0.081649),0.881813 (0.800100 + 0.081713),0.842839 (0.761400 + 0.081439),0.856339 (0.774900 + 0.081439),0.880937 (0.799200 + 0.081737),0.860186 (0.778500 + 0.081686),0.876379 (0.794700 + 0.081679),0.876379 (0.794700 + 0.081679),0.855355 (0.774000 + 0.081355),0.882696 (0.801000 + 0.081696),0.845059 (0.763200 + 0.081859)
60,0.882696 (0.801000 + 0.081696),0.881827 (0.800100 + 0.081727),0.861742 (0.780300 + 0.081442),0.879957 (0.798300 + 0.081657),0.850360 (0.768600 + 0.081760),0.878104 (0.796500 + 0.081604),0.880020 (0.798300 + 0.081720),0.866382 (0.784800 + 0.081582),0.867283 (0.785700 + 0.081583),0.880906 (0.799200 + 0.081705),0.881827 (0.800100 + 0.081727),0.882696 (0.801000 + 0.081696),0.880882 (0.799200 + 0.081682),0.859203 (0.777600 + 0.081603),0.883540 (0.801900 + 0.081640),0.862918 (0.781200 + 0.081718),0.853848 (0.772200 + 0.081648),0.880937 (0.799200 + 0.081737),0.855640 (0.774000 + 0.081640),0.882778 (0.801000 + 0.081779),0.876379 (0.794700 + 0.081679),0.865468 (0.783900 + 0.081568),0.860091 (0.778500 + 0.081591),0.864759 (0.783000 + 0.081759),0.863018 (0.781200 + 0.081818),0.881827 (0.800100 + 0.081727),0.876343 (0.794700 + 0.081643),0.871785 (0.790200 + 0.081585),0.851990 (0.770400 + 0.081590),0.881813 (0.800100 + 0.081713),0.880937 (0.799200 + 0.081737),0.875511 (0.793800 + 0.081711),0.859231 (0.777600 + 0.081631),0.856778 (0.774900 + 0.081878),0.871715 (0.790200 + 0.081516),0.881813 (0.800100 + 0.081713),0.880906 (0.799200 + 0.081705),0.864586 (0.783000 + 0.081586),0.880051 (0.798300 + 0.081751),0.876379 (0.794700 + 0.081679),0.881813 (0.800100 + 0.081713),0.860202 (0.778500 + 0.081702),0.852622 (0.771300 + 0.081323),0.860211 (0.778500 + 0.081711),0.859113 (0.777600 + 0.081513),0.880937 (0.799200 + 0.081737),0.856581 (0.774900 + 0.081681),0.869604 (0.788400 + 0.081204),0.880051 (0.798300 + 0.081751),0.857807 (0.776700 + 0.081107),0.880937 (0.799200 + 0.081737),0.881827 (0.800100 + 0.081727),0.880020 (0.798300 + 0.081720),0.846605 (0.765000 + 0.081605),0.881827 (0.800100 + 0.081727),0.881827 (0.800100 + 0.081727),0.880051 (0.798300 + 0.081751),0.881002 (0.799200 + 0.081802),0.881813 (0.800100 + 0.081713),0.880051 (0.798300 + 0.081751),0.866427 (0.784800 + 0.081627),0.876394 (0.794700 + 0.081694),0.881002 (0.799200 + 0.081802),0.854666 (0.773100 + 0.081566),0.851979 (0.770400 + 0.081579),0.880882 (0.799200 + 0.081682),0.877219 (0.795600 + 0.081619),0.880020 (0.798300 + 0.081720),0.860157 (0.778500 + 0.081657),0.849109 (0.767700 + 0.081409)
61,0.883540 (0.801900 + 0.081640),0.846973 (0.765000 + 0.081973),0.852877 (0.771300 + 0.081577),0.865182 (0.783900 + 0.081282),0.853848 (0.772200 + 0.081648),0.878170 (0.796500 + 0.081670),0.880051 (0.798300 + 0.081751),0.882741 (0.801000 + 0.081741),0.875480 (0.793800 + 0.081680),0.855417 (0.774000 + 0.081417),0.880937 (0.799200 + 0.081737),0.865375 (0.783900 + 0.081475),0.857320 (0.775800 + 0.081520),0.857102 (0.775800 + 0.081302),0.882778 (0.801000 + 0.081779),0.868288 (0.786600 + 0.081688),0.862941 (0.781200 + 0.081741),0.880882 (0.799200 + 0.081682),0.854803 (0.773100 + 0.081703),0.880882 (0.799200 + 0.081682),0.883540 (0.801900 + 0.081640),0.881002 (0.799200 + 0.081802),0.880906 (0.799200 + 0.081705),0.880882 (0.799200 + 0.081682),0.860198 (0.778500 + 0.081698),0.882696 (0.801000 + 0.081696),0.882778 (0.801000 + 0.081779),0.871053 (0.789300 + 0.081753),0.862895 (0.781200 + 0.081695),0.850966 (0.769500 + 0.081466),0.881813 (0.800100 + 0.081713),0.881813 (0.800100 + 0.081713),0.880051 (0.798300 + 0.081751),0.857376 (0.775800 + 0.081576),0.862758 (0.781200 + 0.081558),0.869121 (0.787500 + 0.081621),0.856568 (0.774900 + 0.081669),0.843035 (0.761400 + 0.081635),0.862703 (0.781200 + 0.081503),0.880051 (0.798300 + 0.081751),0.861092 (0.779400 + 0.081692),0.883626 (0.801900 + 0.081727),0.875480 (0.793800 + 0.081680),0.854633 (0.773100 + 0.081533),0.881827 (0.800100 + 0.081727),0.861742 (0.780300 + 0.081442),0.855885 (0.774000 + 0.081885),0.871070 (0.789300 + 0.081771),0.857416 (0.775800 + 0.081616),0.881813 (0.800100 + 0.081713),0.881827 (0.800100 + 0.081727),0.880051 (0.798300 + 0.081751),0.879919 (0.798300 + 0.081619),0.854978 (0.773100 + 0.081878),0.851961 (0.770400 + 0.081561),0.845484 (0.764100 + 0.081384),0.862240 (0.780300 + 0.081940),0.852026 (0.770400 + 0.081626),0.861081 (0.779400 + 0.081682),0.860819 (0.779400 + 0.081419),0.882696 (0.801000 + 0.081696),0.863831 (0.782100 + 0.081731),0.881827 (0.800100 + 0.081727),0.879056 (0.797400 + 0.081656),0.877242 (0.795600 + 0.081642),0.881827 (0.800100 + 0.081727),0.850250 (0.768600 + 0.081650),0.868304 (0.786600 + 0.081704),0.852177 (0.770400 + 0.081777),0.881813 (0.800100 + 0.081713)
62,0.883626 (0.801900 + 0.081727),0.865615 (0.783900 + 0.081715),0.860181 (0.778500 + 0.081681),0.864799 (0.783000 + 0.081799),0.867308 (0.785700 + 0.081608),0.865822 (0.783900 + 0.081922),0.869223 (0.787500 + 0.081723),0.856705 (0.774900 + 0.081805),0.863151 (0.781200 + 0.081951),0.870895 (0.789300 + 0.081595),0.881827 (0.800100 + 0.081727),0.854835 (0.773100 + 0.081735),0.881813 (0.800100 + 0.081713),0.876379 (0.794700 + 0.081679),0.850215 (0.768600 + 0.081616),0.861121 (0.779400 + 0.081721),0.880882 (0.799200 + 0.081682),0.875515 (0.793800 + 0.081715),0.873763 (0.792000 + 0.081763),0.852769 (0.771300 + 0.081469),0.879919 (0.798300 + 0.081619),0.873536 (0.792000 + 0.081536),0.860847 (0.779400 + 0.081447),0.852137 (0.770400 + 0.081737),0.865533 (0.783900 + 0.081633),0.882778 (0.801000 + 0.081779),0.881813 (0.800100 + 0.081713),0.883626 (0.801900 + 0.081727),0.880051 (0.798300 + 0.081751),0.875574 (0.793800 + 0.081774),0.879919 (0.798300 + 0.081619),0.868304 (0.786600 + 0.081704),0.881813 (0.800100 + 0.081713),0.862090 (0.780300 + 0.081790),0.875480 (0.793800 + 0.081680),0.883540 (0.801900 + 0.081640),0.879919 (0.798300 + 0.081619),0.855744 (0.774000 + 0.081744),0.843503 (0.762300 + 0.081203),0.866559 (0.784800 + 0.081759),0.862151 (0.780300 + 0.081851),0.859167 (0.777600 + 0.081567),0.851134 (0.769500 + 0.081634),0.879919 (0.798300 + 0.081619),0.880882 (0.799200 + 0.081682),0.866210 (0.784800 + 0.081410),0.877393 (0.795600 + 0.081793),0.863007 (0.781200 + 0.081807),0.870942 (0.789300 + 0.081642),0.882778 (0.801000 + 0.081779),0.881813 (0.800100 + 0.081713),0.882778 (0.801000 + 0.081779),0.857417 (0.775800 + 0.081617),0.878205 (0.796500 + 0.081705),0.853201 (0.771300 + 0.081901),0.880937 (0.799200 + 0.081737),0.854422 (0.773100 + 0.081322),0.882741 (0.801000 + 0.081741),0.880051 (0.798300 + 0.081751),0.883540 (0.801900 + 0.081640),0.865375 (0.783900 + 0.081475),0.873789 (0.792000 + 0.081789),0.870069 (0.788400 + 0.081669),0.864696 (0.783000 + 0.081696),0.862764 (0.781200 + 0.081564),0.851072 (0.769500 + 0.081572),0.860024 (0.778500 + 0.081524),0.857185 (0.775800 + 0.081385),0.881813 (0.800100 + 0.081713),0.881827 (0.800100 + 0.081727)
63,0.883626 (0.801900 + 0.081727),0.859120 (0.777600 + 0.081520),0.868256 (0.786600 + 0.081656),0.867508 (0.785700 + 0.081808),0.860078 (0.778500 + 0.081578),0.870171 (0.788400 + 0.081771),0.868237 (0.786600 + 0.081637),0.879943 (0.798300 + 0.081643),0.857184 (0.775800 + 0.081384),0.861722 (0.780300 + 0.081422),0.849897 (0.768600 + 0.081297),0.854965 (0.773100 + 0.081865),0.853584 (0.772200 + 0.081384),0.875466 (0.793800 + 0.081666),0.855470 (0.774000 + 0.081470),0.854737 (0.773100 + 0.081637),0.835705 (0.754200 + 0.081505),0.879919 (0.798300 + 0.081619),0.879919 (0.798300 + 0.081619),0.881813 (0.800100 + 0.081713),0.844824 (0.763200 + 0.081624),0.881813 (0.800100 + 0.081713),0.879919 (0.798300 + 0.081619),0.855843 (0.774000 + 0.081843),0.865634 (0.783900 + 0.081734),0.858922 (0.777600 + 0.081322),0.853092 (0.771300 + 0.081792),0.852317 (0.770400 + 0.081917),0.875515 (0.793800 + 0.081715),0.865563 (0.783900 + 0.081663),0.856338 (0.774900 + 0.081438),0.878298 (0.796500 + 0.081798),0.864672 (0.783000 + 0.081672),0.866383 (0.784800 + 0.081583),0.873845 (0.792000 + 0.081845),0.859251 (0.777600 + 0.081652),0.869051 (0.787500 + 0.081551),0.854717 (0.773100 + 0.081617),0.882778 (0.801000 + 0.081779),0.881813 (0.800100 + 0.081713),0.854615 (0.773100 + 0.081515),0.853804 (0.772200 + 0.081604),0.860847 (0.779400 + 0.081447),0.864380 (0.783000 + 0.081380),0.855670 (0.774000 + 0.081670),0.882778 (0.801000 + 0.081779),0.854498 (0.773100 + 0.081398),0.880882 (0.799200 + 0.081682),0.880051 (0.798300 + 0.081751),0.848511 (0.766800 + 0.081711),0.882778 (0.801000 + 0.081779),0.881827 (0.800100 + 0.081727),0.881813 (0.800100 + 0.081713),0.883626 (0.801900 + 0.081727),0.883626 (0.801900 + 0.081727),0.861914 (0.780300 + 0.081614),0.852642 (0.771300 + 0.081342),0.882778 (0.801000 + 0.081779),0.864799 (0.783000 + 0.081799),0.883692 (0.801900 + 0.081792),0.863894 (0.782100 + 0.081794),0.883626 (0.801900 + 0.081727),0.857220 (0.775800 + 0.081420),0.880937 (0.799200 + 0.081737),0.881813 (0.800100 + 0.081713),0.859201 (0.777600 + 0.081601),0.879963 (0.798300 + 0.081663),0.863673 (0.782100 + 0.081573),0.858291 (0.776700 + 0.081591),0.854789 (0.773100 + 0.081689)
64,0.883692 (0.801900 + 0.081792),0.881002 (0.799200 + 0.081802),0.883603 (0.801900 + 0.081703),0.866519 (0.784800 + 0.081719),0.851761 (0.770400 + 0.081361),0.850945 (0.769500 + 0.081445),0.874537 (0.792900 + 0.081637),0.848446 (0.766800 + 0.081646),0.873694 (0.792000 + 0.081694),0.851199 (0.769500 + 0.081699),0.861914 (0.780300 + 0.081614),0.863763 (0.782100 + 0.081663),0.881813 (0.800100 + 0.081713),0.856787 (0.774900 + 0.081887),0.852704 (0.771300 + 0.081404),0.862835 (0.781200 + 0.081635),0.866529 (0.784800 + 0.081729),0.858202 (0.776700 + 0.081502),0.872959 (0.791100 + 0.081859),0.859196 (0.777600 + 0.081596),0.875403 (0.793800 + 0.081603),0.880937 (0.799200 + 0.081737),0.854618 (0.773100 + 0.081518),0.858400 (0.776700 + 0.081700),0.863663 (0.782100 + 0.081563),0.851751 (0.770400 + 0.081351),0.863662 (0.782100 + 0.081562),0.856360 (0.774900 + 0.081460),0.882778 (0.801000 + 0.081779),0.869056 (0.787500 + 0.081556),0.871994 (0.790200 + 0.081794),0.865637 (0.783900 + 0.081737),0.880757 (0.799200 + 0.081557),0.869051 (0.787500 + 0.081551),0.881813 (0.800100 + 0.081713),0.880051 (0.798300 + 0.081751),0.853812 (0.772200 + 0.081612),0.883626 (0.801900 + 0.081727),0.834792 (0.753300 + 0.081492),0.860079 (0.778500 + 0.081579),0.859190 (0.777600 + 0.081590),0.871846 (0.790200 + 0.081646),0.864695 (0.783000 + 0.081695),0.881813 (0.800100 + 0.081713),0.879943 (0.798300 + 0.081643),0.881813 (0.800100 + 0.081713),0.879919 (0.798300 + 0.081619),0.880937 (0.799200 + 0.081737),0.883603 (0.801900 + 0.081703),0.865563 (0.783900 + 0.081663),0.861914 (0.780300 + 0.081614),0.857191 (0.775800 + 0.081391),0.857454 (0.775800 + 0.081654),0.881813 (0.800100 + 0.081713),0.858702 (0.776700 + 0.082002),0.880937 (0.799200 + 0.081737),0.862081 (0.780300 + 0.081781),0.857448 (0.775800 + 0.081648),0.880051 (0.798300 + 0.081751),0.856560 (0.774900 + 0.081660),0.867357 (0.785700 + 0.081657),0.870990 (0.789300 + 0.081690),0.871880 (0.790200 + 0.081680),0.883603 (0.801900 + 0.081703),0.877422 (0.795600 + 0.081822),0.853946 (0.772200 + 0.081746),0.868046 (0.786600 + 0.081446),0.863699 (0.782100 + 0.081599),0.843730 (0.762300 + 0.081430),0.845741 (0.764100 + 0.081641)
65,0.883692 (0.801900 + 0.081792),0.847291 (0.765900 + 0.081391),0.861966 (0.780300 + 0.081666),0.883626 (0.801900 + 0.081727),0.880937 (0.799200 + 0.081737),0.880051 (0.798300 + 0.081751),0.877422 (0.795600 + 0.081822),0.881813 (0.800100 + 0.081713),0.865563 (0.783900 + 0.081663),0.869052 (0.787500 + 0.081552),0.866651 (0.784800 + 0.081851),0.872959 (0.791100 + 0.081859),0.869051 (0.787500 + 0.081551),0.858435 (0.776700 + 0.081735),0.853687 (0.772200 + 0.081487),0.852587 (0.771300 + 0.081287),0.863663 (0.782100 + 0.081563),0.878298 (0.796500 + 0.081798),0.880937 (0.799200 + 0.081737),0.860829 (0.779400 + 0.081429),0.852856 (0.771300 + 0.081556),0.870160 (0.788400 + 0.081760),0.880926 (0.799200 + 0.081726),0.861004 (0.779400 + 0.081604),0.881813 (0.800100 + 0.081713),0.883626 (0.801900 + 0.081727),0.862735 (0.781200 + 0.081535),0.861227 (0.779400 + 0.081827),0.878278 (0.796500 + 0.081778),0.858579 (0.776700 + 0.081879),0.858464 (0.776700 + 0.081764),0.876348 (0.794700 + 0.081648),0.861988 (0.780300 + 0.081688),0.859179 (0.777600 + 0.081579),0.863810 (0.782100 + 0.081710),0.880926 (0.799200 + 0.081726),0.869360 (0.787500 + 0.081860),0.880937 (0.799200 + 0.081737),0.877422 (0.795600 + 0.081822),0.873845 (0.792000 + 0.081845),0.883692 (0.801900 + 0.081792),0.880051 (0.798300 + 0.081751),0.860954 (0.779400 + 0.081554),0.877321 (0.795600 + 0.081721),0.864651 (0.783000 + 0.081651),0.880937 (0.799200 + 0.081737),0.872959 (0.791100 + 0.081859),0.881813 (0.800100 + 0.081713),0.880937 (0.799200 + 0.081737),0.881840 (0.800100 + 0.081740),0.862771 (0.781200 + 0.081571),0.873694 (0.792000 + 0.081694),0.856241 (0.774900 + 0.081341),0.866384 (0.784800 + 0.081584),0.863746 (0.782100 + 0.081646),0.879964 (0.798300 + 0.081664),0.862904 (0.781200 + 0.081704),0.868500 (0.786600 + 0.081900),0.857242 (0.775800 + 0.081442),0.857136 (0.775800 + 0.081336),0.879943 (0.798300 + 0.081643),0.880937 (0.799200 + 0.081737),0.855412 (0.774000 + 0.081412),0.875611 (0.793800 + 0.081811),0.854716 (0.773100 + 0.081616),0.850112 (0.768600 + 0.081512),0.857438 (0.775800 + 0.081638),0.865696 (0.783900 + 0.081796),0.861105 (0.779400 + 0.081705),0.878077 (0.796500 + 0.081577)
66,0.883692 (0.801900 + 0.081792),0.852139 (0.770400 + 0.081739),0.880780 (0.799200 + 0.081580),0.850148 (0.768600 + 0.081548),0.862104 (0.780300 + 0.081804),0.883626 (0.801900 + 0.081727),0.857456 (0.775800 + 0.081656),0.848433 (0.766800 + 0.081633),0.855273 (0.774000 + 0.081273),0.861966 (0.780300 + 0.081666),0.868500 (0.786600 + 0.081900),0.860204 (0.778500 + 0.081704),0.859078 (0.777600 + 0.081478),0.863663 (0.782100 + 0.081563),0.862771 (0.781200 + 0.081571),0.879038 (0.797400 + 0.081638),0.864738 (0.783000 + 0.081738),0.881827 (0.800100 + 0.081727),0.863691 (0.782100 + 0.081591),0.876348 (0.794700 + 0.081648),0.883626 (0.801900 + 0.081727),0.880051 (0.798300 + 0.081751),0.847509 (0.765900 + 0.081609),0.876517 (0.794700 + 0.081818),0.872806 (0.791100 + 0.081706),0.881841 (0.800100 + 0.081741),0.881002 (0.799200 + 0.081802),0.865605 (0.783900 + 0.081705),0.852065 (0.770400 + 0.081665),0.855439 (0.774000 + 0.081439),0.845562 (0.764100 + 0.081462),0.881840 (0.800100 + 0.081740),0.872959 (0.791100 + 0.081859),0.864687 (0.783000 + 0.081687),0.877477 (0.795600 + 0.081877),0.851184 (0.769500 + 0.081684),0.857273 (0.775800 + 0.081473),0.854654 (0.773100 + 0.081554),0.866384 (0.784800 + 0.081584),0.853825 (0.772200 + 0.081625),0.861966 (0.780300 + 0.081666),0.881813 (0.800100 + 0.081713),0.847623 (0.765900 + 0.081723),0.882778 (0.801000 + 0.081779),0.880926 (0.799200 + 0.081726),0.881854 (0.800100 + 0.081754),0.863211 (0.781200 + 0.082011),0.881813 (0.800100 + 0.081713),0.880937 (0.799200 + 0.081737),0.867529 (0.785700 + 0.081829),0.863702 (0.782100 + 0.081602),0.881002 (0.799200 + 0.081802),0.849235 (0.767700 + 0.081535),0.861790 (0.780300 + 0.081490),0.878175 (0.796500 + 0.081675),0.867492 (0.785700 + 0.081792),0.859330 (0.777600 + 0.081730),0.874558 (0.792900 + 0.081658),0.881816 (0.800100 + 0.081716),0.858224 (0.776700 + 0.081524),0.863629 (0.782100 + 0.081529),0.843951 (0.762300 + 0.081651),0.856503 (0.774900 + 0.081603),0.880926 (0.799200 + 0.081726),0.844755 (0.763200 + 0.081555),0.877422 (0.795600 + 0.081822),0.877422 (0.795600 + 0.081822),0.880051 (0.798300 + 0.081751),0.880937 (0.799200 + 0.081737),0.860302 (0.778500 + 0.081802)
67,0.883692 (0.801900 + 0.081792),0.875319 (0.793800 + 0.081519),0.849424 (0.767700 + 0.081724),0.880926 (0.799200 + 0.081726),0.881840 (0.800100 + 0.081740),0.879038 (0.797400 + 0.081638),0.881841 (0.800100 + 0.081741),0.881854 (0.800100 + 0.081754),0.874558 (0.792900 + 0.081658),0.861860 (0.780300 + 0.081560),0.880926 (0.799200 + 0.081726),0.847671 (0.765900 + 0.081771),0.861043 (0.779400 + 0.081643),0.860403 (0.778500 + 0.081903),0.874707 (0.792900 + 0.081807),0.880926 (0.799200 + 0.081726),0.858721 (0.776700 + 0.082021),0.880926 (0.799200 + 0.081726),0.881840 (0.800100 + 0.081740),0.853895 (0.772200 + 0.081695),0.880937 (0.799200 + 0.081737),0.854770 (0.773100 + 0.081670),0.873869 (0.792000 + 0.081869),0.880051 (0.798300 + 0.081751),0.855724 (0.774000 + 0.081724),0.880051 (0.798300 + 0.081751),0.883692 (0.801900 + 0.081792),0.866525 (0.784800 + 0.081725),0.860084 (0.778500 + 0.081584),0.861683 (0.780300 + 0.081383),0.865605 (0.783900 + 0.081705),0.880051 (0.798300 + 0.081751),0.883705 (0.801900 + 0.081805),0.865643 (0.783900 + 0.081743),0.870059 (0.788400 + 0.081659),0.852466 (0.771300 + 0.081166),0.881827 (0.800100 + 0.081727),0.883626 (0.801900 + 0.081727),0.880051 (0.798300 + 0.081751),0.873747 (0.792000 + 0.081747),0.883586 (0.801900 + 0.081686),0.866373 (0.784800 + 0.081573),0.876409 (0.794700 + 0.081709),0.867508 (0.785700 + 0.081808),0.875620 (0.793800 + 0.081820),0.880051 (0.798300 + 0.081751),0.880937 (0.799200 + 0.081737),0.880937 (0.799200 + 0.081737),0.881002 (0.799200 + 0.081802),0.881840 (0.800100 + 0.081740),0.878175 (0.796500 + 0.081675),0.853822 (0.772200 + 0.081622),0.874573 (0.792900 + 0.081673),0.853606 (0.772200 + 0.081406),0.875552 (0.793800 + 0.081752),0.838626 (0.756900 + 0.081726),0.854742 (0.773100 + 0.081642),0.867136 (0.785700 + 0.081436),0.859849 (0.778500 + 0.081349),0.872819 (0.791100 + 0.081719),0.858337 (0.776700 + 0.081637),0.880980 (0.799200 + 0.081780),0.873615 (0.792000 + 0.081615),0.834155 (0.752400 + 0.081756),0.852665 (0.771300 + 0.081366),0.881841 (0.800100 + 0.081741),0.861980 (0.780300 + 0.081680),0.859243 (0.777600 + 0.081643),0.878125 (0.796500 + 0.081625),0.878148 (0.796500 + 0.081648)
68,0.883705 (0.801900 + 0.081805),0.881854 (0.800100 + 0.081754),0.880926 (0.799200 + 0.081726),0.859895 (0.778500 + 0.081395),0.842878 (0.761400 + 0.081478),0.881841 (0.800100 + 0.081741),0.864713 (0.783000 + 0.081713),0.876423 (0.794700 + 0.081723),0.880926 (0.799200 + 0.081726),0.872043 (0.790200 + 0.081843),0.844822 (0.763200 + 0.081622),0.856520 (0.774900 + 0.081620),0.864791 (0.783000 + 0.081791),0.880051 (0.798300 + 0.081751),0.881840 (0.800100 + 0.081740),0.852941 (0.771300 + 0.081641),0.850712 (0.768600 + 0.082112),0.858023 (0.776700 + 0.081323),0.881840 (0.800100 + 0.081740),0.880937 (0.799200 + 0.081737),0.878148 (0.796500 + 0.081648),0.881854 (0.800100 + 0.081754),0.881813 (0.800100 + 0.081713),0.878148 (0.796500 + 0.081648),0.881813 (0.800100 + 0.081713),0.862314 (0.780300 + 0.082014),0.880926 (0.799200 + 0.081726),0.849339 (0.767700 + 0.081639),0.865512 (0.783900 + 0.081612),0.845748 (0.764100 + 0.081648),0.881002 (0.799200 + 0.081802),0.881827 (0.800100 + 0.081727),0.873615 (0.792000 + 0.081615),0.877342 (0.795600 + 0.081742),0.880937 (0.799200 + 0.081737),0.855647 (0.774000 + 0.081647),0.880937 (0.799200 + 0.081737),0.856356 (0.774900 + 0.081456),0.880770 (0.799200 + 0.081570),0.881813 (0.800100 + 0.081713),0.854389 (0.773100 + 0.081289),0.862030 (0.780300 + 0.081730),0.845688 (0.764100 + 0.081588),0.856546 (0.774900 + 0.081646),0.850336 (0.768600 + 0.081737),0.875552 (0.793800 + 0.081752),0.850365 (0.768600 + 0.081765),0.869286 (0.787500 + 0.081786),0.856543 (0.774900 + 0.081643),0.873747 (0.792000 + 0.081747),0.853822 (0.772200 + 0.081622),0.883692 (0.801900 + 0.081792),0.880926 (0.799200 + 0.081726),0.864289 (0.783000 + 0.081289),0.881840 (0.800100 + 0.081740),0.860153 (0.778500 + 0.081653),0.859266 (0.777600 + 0.081666),0.858306 (0.776700 + 0.081606),0.858128 (0.776700 + 0.081428),0.860034 (0.778500 + 0.081534),0.864007 (0.782100 + 0.081907),0.875606 (0.793800 + 0.081806),0.881854 (0.800100 + 0.081754),0.880926 (0.799200 + 0.081726),0.880145 (0.798300 + 0.081845),0.880926 (0.799200 + 0.081726),0.881002 (0.799200 + 0.081802),0.880994 (0.799200 + 0.081794),0.880937 (0.799200 + 0.081737),0.881816 (0.800100 + 0.081716)
69,0.883705 (0.801900 + 0.081805),0.880937 (0.799200 + 0.081737),0.880926 (0.799200 + 0.081726),0.844009 (0.762300 + 0.081709),0.878148 (0.796500 + 0.081648),0.880937 (0.799200 + 0.081737),0.880926 (0.799200 + 0.081726),0.862150 (0.780300 + 0.081850),0.876455 (0.794700 + 0.081755),0.882584 (0.801000 + 0.081584),0.880926 (0.799200 + 0.081726),0.854631 (0.773100 + 0.081531),0.873747 (0.792000 + 0.081747),0.859282 (0.777600 + 0.081682),0.877342 (0.795600 + 0.081742),0.880926 (0.799200 + 0.081726),0.881840 (0.800100 + 0.081740),0.881841 (0.800100 + 0.081741),0.881854 (0.800100 + 0.081754),0.875739 (0.793800 + 0.081939),0.848502 (0.766800 + 0.081702),0.880051 (0.798300 + 0.081751),0.879092 (0.797400 + 0.081692),0.853824 (0.772200 + 0.081624),0.880937 (0.799200 + 0.081737),0.880926 (0.799200 + 0.081726),0.880926 (0.799200 + 0.081726),0.881827 (0.800100 + 0.081727),0.881840 (0.800100 + 0.081740),0.881840 (0.800100 + 0.081740),0.879260 (0.797400 + 0.081860),0.881854 (0.800100 + 0.081754),0.851209 (0.769500 + 0.081709),0.881840 (0.800100 + 0.081740),0.853894 (0.772200 + 0.081694),0.857399 (0.775800 + 0.081599),0.859167 (0.777600 + 0.081567),0.859213 (0.777600 + 0.081613),0.881002 (0.799200 + 0.081802),0.883692 (0.801900 + 0.081792),0.874558 (0.792900 + 0.081658),0.881854 (0.800100 + 0.081754),0.859747 (0.778500 + 0.081247),0.881063 (0.799200 + 0.081863),0.862206 (0.780300 + 0.081906),0.879151 (0.797400 + 0.081751),0.863932 (0.782100 + 0.081832),0.878148 (0.796500 + 0.081648),0.854797 (0.773100 + 0.081697),0.881841 (0.800100 + 0.081741),0.876455 (0.794700 + 0.081755),0.880026 (0.798300 + 0.081726),0.882728 (0.801000 + 0.081728),0.875606 (0.793800 + 0.081806),0.880926 (0.799200 + 0.081726),0.857056 (0.775800 + 0.081256),0.873816 (0.792000 + 0.081816),0.883705 (0.801900 + 0.081805),0.881854 (0.800100 + 0.081754),0.880902 (0.799200 + 0.081702),0.880947 (0.799200 + 0.081747),0.858693 (0.776700 + 0.081993),0.855259 (0.773100 + 0.082159),0.880926 (0.799200 + 0.081726),0.881827 (0.800100 + 0.081727),0.881827 (0.800100 + 0.081727),0.856661 (0.774900 + 0.081761),0.864609 (0.783000 + 0.081609),0.877383 (0.795600 + 0.081783),0.883705 (0.801900 + 0.081805)
70,0.883705 (0.801900 + 0.081805),0.881002 (0.799200 + 0.081802),0.858236 (0.776700 + 0.081536),0.873739 (0.792000 + 0.081739),0.842124 (0.760500 + 0.081624),0.881840 (0.800100 + 0.081740),0.880780 (0.799200 + 0.081580),0.875739 (0.793800 + 0.081939),0.880926 (0.799200 + 0.081726),0.863876 (0.782100 + 0.081776),0.863699 (0.782100 + 0.081599),0.861050 (0.779400 + 0.081650),0.881840 (0.800100 + 0.081740),0.855488 (0.774000 + 0.081488),0.880980 (0.799200 + 0.081780),0.881854 (0.800100 + 0.081754),0.881840 (0.800100 + 0.081740),0.881827 (0.800100 + 0.081727),0.882728 (0.801000 + 0.081728),0.880937 (0.799200 + 0.081737),0.880926 (0.799200 + 0.081726),0.878372 (0.796500 + 0.081872),0.881840 (0.800100 + 0.081740),0.858792 (0.777600 + 0.081192),0.852053 (0.770400 + 0.081653),0.881840 (0.800100 + 0.081740),0.854552 (0.773100 + 0.081452),0.862812 (0.781200 + 0.081612),0.881840 (0.800100 + 0.081740),0.883692 (0.801900 + 0.081792),0.875739 (0.793800 + 0.081939),0.858470 (0.776700 + 0.081770),0.867637 (0.785700 + 0.081937),0.881840 (0.800100 + 0.081740),0.875552 (0.793800 + 0.081752),0.881840 (0.800100 + 0.081740),0.854351 (0.773100 + 0.081251),0.855638 (0.774000 + 0.081638),0.843094 (0.761400 + 0.081694),0.873659 (0.792000 + 0.081659),0.858110 (0.776700 + 0.081410),0.880926 (0.799200 + 0.081726),0.881827 (0.800100 + 0.081727),0.883705 (0.801900 + 0.081805),0.861161 (0.779400 + 0.081761),0.883705 (0.801900 + 0.081805),0.859152 (0.777600 + 0.081552),0.871861 (0.790200 + 0.081661),0.849476 (0.767700 + 0.081776),0.881854 (0.800100 + 0.081754),0.876428 (0.794700 + 0.081728),0.861927 (0.780300 + 0.081627),0.880926 (0.799200 + 0.081726),0.881854 (0.800100 + 0.081754),0.857318 (0.775800 + 0.081518),0.880051 (0.798300 + 0.081751),0.881840 (0.800100 + 0.081740),0.880937 (0.799200 + 0.081737),0.881841 (0.800100 + 0.081741),0.881841 (0.800100 + 0.081741),0.880926 (0.799200 + 0.081726),0.856420 (0.774900 + 0.081520),0.861338 (0.779400 + 0.081938),0.880145 (0.798300 + 0.081845),0.880117 (0.798300 + 0.081817),0.857596 (0.775800 + 0.081796),0.857689 (0.775800 + 0.081889),0.847603 (0.765900 + 0.081703),0.880947 (0.799200 + 0.081747),0.880926 (0.799200 + 0.081726)
71,0.883705 (0.801900 + 0.081805),0.883692 (0.801900 + 0.081792),0.881854 (0.800100 + 0.081754),0.880937 (0.799200 + 0.081737),0.876455 (0.794700 + 0.081755),0.862942 (0.781200 + 0.081742),0.858250 (0.776700 + 0.081550),0.881827 (0.800100 + 0.081727),0.859887 (0.778500 + 0.081387),0.883705 (0.801900 + 0.081805),0.881854 (0.800100 + 0.081754),0.849891 (0.768600 + 0.081292),0.881874 (0.800100 + 0.081774),0.852198 (0.770400 + 0.081798),0.861927 (0.780300 + 0.081627),0.869388 (0.787500 + 0.081888),0.870191 (0.788400 + 0.081791),0.881813 (0.800100 + 0.081713),0.865462 (0.783900 + 0.081562),0.867394 (0.785700 + 0.081694),0.853229 (0.771300 + 0.081929),0.863962 (0.782100 + 0.081862),0.874716 (0.792900 + 0.081816),0.880113 (0.798300 + 0.081813),0.880937 (0.799200 + 0.081737),0.875606 (0.793800 + 0.081806),0.883705 (0.801900 + 0.081805),0.882778 (0.801000 + 0.081779),0.882816 (0.801000 + 0.081816),0.881840 (0.800100 + 0.081740),0.880926 (0.799200 + 0.081726),0.838741 (0.756900 + 0.081841),0.857504 (0.775800 + 0.081704),0.870095 (0.788400 + 0.081695),0.859068 (0.777600 + 0.081468),0.843036 (0.761400 + 0.081636),0.881854 (0.800100 + 0.081754),0.860107 (0.778500 + 0.081607),0.848403 (0.766800 + 0.081603),0.883705 (0.801900 + 0.081805),0.883705 (0.801900 + 0.081805),0.862021 (0.780300 + 0.081721),0.864487 (0.783000 + 0.081487),0.882778 (0.801000 + 0.081779),0.882768 (0.801000 + 0.081768),0.880051 (0.798300 + 0.081751),0.849928 (0.768600 + 0.081328),0.877395 (0.795600 + 0.081795),0.882778 (0.801000 + 0.081779),0.881813 (0.800100 + 0.081713),0.877342 (0.795600 + 0.081742),0.854943 (0.773100 + 0.081843),0.844512 (0.763200 + 0.081312),0.854021 (0.772200 + 0.081821),0.870975 (0.789300 + 0.081675),0.883705 (0.801900 + 0.081805),0.881854 (0.800100 + 0.081754),0.881813 (0.800100 + 0.081713),0.877342 (0.795600 + 0.081742),0.881840 (0.800100 + 0.081740),0.868280 (0.786600 + 0.081680),0.852018 (0.770400 + 0.081619),0.858134 (0.776700 + 0.081434),0.842680 (0.761400 + 0.081280),0.882767 (0.801000 + 0.081767),0.881840 (0.800100 + 0.081740),0.880926 (0.799200 + 0.081726),0.883705 (0.801900 + 0.081805),0.880937 (0.799200 + 0.081737),0.833136 (0.751500 + 0.081636)
72,0.883705 (0.801900 + 0.081805),0.862157 (0.780300 + 0.081857),0.881813 (0.800100 + 0.081713),0.882767 (0.801000 + 0.081767),0.877342 (0.795600 + 0.081742),0.876455 (0.794700 + 0.081755),0.880145 (0.798300 + 0.081845),0.861112 (0.779400 + 0.081712),0.882750 (0.801000 + 0.081750),0.880051 (0.798300 + 0.081751),0.856715 (0.774900 + 0.081815),0.875488 (0.793800 + 0.081688),0.877413 (0.795600 + 0.081813),0.883705 (0.801900 + 0.081805),0.881840 (0.800100 + 0.081740),0.862110 (0.780300 + 0.081810),0.858446 (0.776700 + 0.081746),0.876388 (0.794700 + 0.081688),0.868136 (0.786600 + 0.081536),0.862164 (0.780300 + 0.081864),0.883705 (0.801900 + 0.081805),0.853868 (0.772200 + 0.081668),0.865462 (0.783900 + 0.081562),0.853835 (0.772200 + 0.081635),0.876455 (0.794700 + 0.081755),0.863652 (0.782100 + 0.081552),0.881775 (0.800100 + 0.081675),0.878283 (0.796500 + 0.081783),0.854603 (0.773100 + 0.081503),0.882778 (0.801000 + 0.081779),0.883705 (0.801900 + 0.081805),0.866542 (0.784800 + 0.081742),0.853852 (0.772200 + 0.081652),0.871913 (0.790200 + 0.081713),0.862882 (0.781200 + 0.081682),0.883705 (0.801900 + 0.081805),0.883705 (0.801900 + 0.081805),0.850040 (0.768600 + 0.081440),0.881827 (0.800100 + 0.081727),0.849342 (0.767700 + 0.081642),0.882767 (0.801000 + 0.081767),0.856773 (0.774900 + 0.081873),0.882816 (0.801000 + 0.081816),0.858476 (0.776700 + 0.081776),0.856831 (0.774900 + 0.081931),0.880926 (0.799200 + 0.081726),0.864733 (0.783000 + 0.081733),0.851510 (0.769500 + 0.082010),0.882816 (0.801000 + 0.081816),0.882778 (0.801000 + 0.081779),0.883692 (0.801900 + 0.081792),0.854573 (0.773100 + 0.081473),0.880926 (0.799200 + 0.081726),0.880926 (0.799200 + 0.081726),0.858404 (0.776700 + 0.081704),0.841149 (0.759600 + 0.081549),0.848694 (0.766800 + 0.081894),0.880051 (0.798300 + 0.081751),0.861741 (0.780300 + 0.081441),0.854887 (0.773100 + 0.081787),0.845890 (0.764100 + 0.081791),0.881827 (0.800100 + 0.081727),0.863562 (0.782100 + 0.081462),0.843885 (0.762300 + 0.081585),0.852876 (0.771300 + 0.081576),0.883705 (0.801900 + 0.081805),0.854681 (0.773100 + 0.081581),0.877176 (0.795600 + 0.081576),0.864652 (0.783000 + 0.081652),0.883705 (0.801900 + 0.081805)
73,0.883705 (0.801900 + 0.081805),0.862843 (0.781200 + 0.081643),0.880145 (0.798300 + 0.081845),0.864808 (0.783000 + 0.081808),0.882750 (0.801000 + 0.081750),0.881854 (0.800100 + 0.081754),0.875586 (0.793800 + 0.081786),0.854475 (0.773100 + 0.081375),0.873557 (0.792000 + 0.081557),0.881840 (0.800100 + 0.081740),0.882778 (0.801000 + 0.081779),0.858588 (0.776700 + 0.081888),0.857385 (0.775800 + 0.081585),0.883705 (0.801900 + 0.081805),0.882778 (0.801000 + 0.081779),0.883692 (0.801900 + 0.081792),0.861000 (0.779400 + 0.081600),0.853867 (0.772200 + 0.081667),0.849432 (0.767700 + 0.081732),0.857564 (0.775800 + 0.081764),0.883692 (0.801900 + 0.081792),0.865608 (0.783900 + 0.081708),0.859561 (0.777600 + 0.081961),0.869041 (0.787500 + 0.081541),0.864892 (0.783000 + 0.081893),0.883705 (0.801900 + 0.081805),0.864652 (0.783000 + 0.081652),0.868423 (0.786600 + 0.081823),0.854094 (0.772200 + 0.081894),0.859256 (0.777600 + 0.081656),0.861230 (0.779400 + 0.081830),0.883692 (0.801900 + 0.081792),0.882750 (0.801000 + 0.081750),0.857816 (0.775800 + 0.082016),0.865516 (0.783900 + 0.081616),0.853649 (0.772200 + 0.081449),0.876428 (0.794700 + 0.081728),0.883705 (0.801900 + 0.081805),0.883705 (0.801900 + 0.081805),0.881840 (0.800100 + 0.081740),0.876453 (0.794700 + 0.081753),0.880051 (0.798300 + 0.081751),0.882816 (0.801000 + 0.081816),0.841036 (0.759600 + 0.081436),0.858370 (0.776700 + 0.081670),0.882816 (0.801000 + 0.081816),0.862157 (0.780300 + 0.081857),0.851075 (0.769500 + 0.081575),0.864803 (0.783000 + 0.081803),0.856625 (0.774900 + 0.081725),0.866597 (0.784800 + 0.081797),0.882750 (0.801000 + 0.081750),0.881813 (0.800100 + 0.081713),0.855397 (0.774000 + 0.081397),0.883705 (0.801900 + 0.081805),0.864750 (0.783000 + 0.081750),0.881824 (0.800100 + 0.081725),0.881827 (0.800100 + 0.081727),0.882778 (0.801000 + 0.081779),0.883705 (0.801900 + 0.081805),0.867336 (0.785700 + 0.081636),0.881840 (0.800100 + 0.081740),0.858734 (0.776700 + 0.082034),0.861973 (0.780300 + 0.081673),0.870853 (0.789300 + 0.081553),0.858333 (0.776700 + 0.081633),0.867457 (0.785700 + 0.081757),0.852234 (0.770400 + 0.081834),0.850092 (0.768600 + 0.081492),0.871008 (0.789300 + 0.081708)
74,0.883705 (0.801900 + 0.081805),0.875515 (0.793800 + 0.081715),0.853913 (0.772200 + 0.081713),0.880141 (0.798300 + 0.081841),0.869891 (0.788400 + 0.081491),0.880051 (0.798300 + 0.081751),0.873557 (0.792000 + 0.081557),0.882816 (0.801000 + 0.081816),0.854901 (0.773100 + 0.081801),0.863604 (0.782100 + 0.081504),0.872971 (0.791100 + 0.081871),0.853670 (0.772200 + 0.081470),0.880926 (0.799200 + 0.081726),0.869162 (0.787500 + 0.081662),0.869068 (0.787500 + 0.081568),0.872072 (0.790200 + 0.081872),0.871942 (0.790200 + 0.081742),0.881840 (0.800100 + 0.081740),0.864074 (0.782100 + 0.081973),0.855442 (0.774000 + 0.081441),0.861303 (0.779400 + 0.081903),0.882778 (0.801000 + 0.081779),0.853927 (0.772200 + 0.081727),0.838434 (0.756900 + 0.081534),0.858535 (0.776700 + 0.081835),0.865584 (0.783900 + 0.081684),0.880926 (0.799200 + 0.081726),0.853901 (0.772200 + 0.081701),0.871920 (0.790200 + 0.081720),0.883705 (0.801900 + 0.081805),0.881840 (0.800100 + 0.081740),0.862074 (0.780300 + 0.081774),0.869150 (0.787500 + 0.081650),0.876388 (0.794700 + 0.081688),0.881893 (0.800100 + 0.081793),0.882778 (0.801000 + 0.081779),0.846634 (0.765000 + 0.081634),0.839451 (0.757800 + 0.081651),0.883692 (0.801900 + 0.081792),0.867527 (0.785700 + 0.081827),0.865622 (0.783900 + 0.081722),0.873863 (0.792000 + 0.081863),0.860028 (0.778500 + 0.081528),0.860250 (0.778500 + 0.081750),0.854823 (0.773100 + 0.081723),0.881840 (0.800100 + 0.081740),0.883705 (0.801900 + 0.081805),0.883705 (0.801900 + 0.081805),0.881840 (0.800100 + 0.081740),0.868258 (0.786600 + 0.081658),0.883705 (0.801900 + 0.081805),0.863807 (0.782100 + 0.081707),0.846377 (0.765000 + 0.081377),0.882750 (0.801000 + 0.081750),0.858588 (0.776700 + 0.081888),0.849517 (0.767700 + 0.081817),0.862873 (0.781200 + 0.081673),0.883705 (0.801900 + 0.081805),0.883705 (0.801900 + 0.081805),0.862925 (0.781200 + 0.081725),0.871965 (0.790200 + 0.081765),0.882750 (0.801000 + 0.081750),0.842061 (0.760500 + 0.081561),0.856510 (0.774900 + 0.081610),0.875335 (0.793800 + 0.081535),0.883705 (0.801900 + 0.081805),0.881840 (0.800100 + 0.081740),0.842748 (0.761400 + 0.081348),0.855548 (0.774000 + 0.081548),0.881002 (0.799200 + 0.081802)
75,0.883705 (0.801900 + 0.081805),0.871928 (0.790200 + 0.081728),0.882816 (0.801000 + 0.081816),0.864308 (0.783000 + 0.081308),0.880926 (0.799200 + 0.081726),0.881840 (0.800100 + 0.081740),0.852920 (0.771300 + 0.081620),0.883705 (0.801900 + 0.081805),0.881840 (0.800100 + 0.081740),0.875600 (0.793800 + 0.081800),0.865824 (0.783900 + 0.081924),0.849267 (0.767700 + 0.081567),0.851985 (0.770400 + 0.081585),0.869186 (0.787500 + 0.081686),0.861062 (0.779400 + 0.081662),0.847598 (0.765900 + 0.081698),0.867565 (0.785700 + 0.081865),0.883705 (0.801900 + 0.081805),0.859104 (0.777600 + 0.081504),0.868343 (0.786600 + 0.081743),0.869461 (0.787500 + 0.081961),0.859315 (0.777600 + 0.081715),0.854819 (0.773100 + 0.081719),0.882750 (0.801000 + 0.081750),0.864816 (0.783000 + 0.081816),0.881002 (0.799200 + 0.081802),0.865569 (0.783900 + 0.081669),0.865588 (0.783900 + 0.081688),0.876438 (0.794700 + 0.081739),0.855402 (0.774000 + 0.081402),0.881002 (0.799200 + 0.081802),0.873622 (0.792000 + 0.081622),0.880885 (0.799200 + 0.081685),0.850270 (0.768600 + 0.081670),0.862925 (0.781200 + 0.081725),0.883705 (0.801900 + 0.081805),0.881813 (0.800100 + 0.081713),0.862883 (0.781200 + 0.081683),0.879120 (0.797400 + 0.081720),0.863866 (0.782100 + 0.081766),0.851225 (0.769500 + 0.081725),0.870187 (0.788400 + 0.081787),0.870918 (0.789300 + 0.081618),0.849544 (0.767700 + 0.081844),0.879178 (0.797400 + 0.081778),0.871920 (0.790200 + 0.081720),0.849947 (0.768600 + 0.081348),0.845610 (0.764100 + 0.081510),0.880061 (0.798300 + 0.081761),0.883705 (0.801900 + 0.081805),0.862925 (0.781200 + 0.081725),0.858338 (0.776700 + 0.081638),0.855258 (0.774000 + 0.081258),0.875335 (0.793800 + 0.081535),0.856510 (0.774900 + 0.081610),0.879125 (0.797400 + 0.081725),0.864531 (0.783000 + 0.081531),0.876499 (0.794700 + 0.081799),0.855814 (0.774000 + 0.081814),0.878210 (0.796500 + 0.081710),0.878096 (0.796500 + 0.081596),0.872008 (0.790200 + 0.081808),0.848111 (0.766800 + 0.081311),0.859320 (0.777600 + 0.081720),0.853970 (0.772200 + 0.081770),0.864074 (0.782100 + 0.081973),0.854823 (0.773100 + 0.081723),0.883692 (0.801900 + 0.081792),0.853887 (0.772200 + 0.081687),0.875469 (0.793800 + 0.081669)
76,0.883705 (0.801900 + 0.081805),0.871920 (0.790200 + 0.081720),0.880061 (0.798300 + 0.081761),0.883692 (0.801900 + 0.081792),0.883705 (0.801900 + 0.081805),0.875469 (0.793800 + 0.081669),0.850221 (0.768600 + 0.081621),0.869304 (0.787500 + 0.081804),0.869278 (0.787500 + 0.081778),0.871920 (0.790200 + 0.081720),0.855638 (0.774000 + 0.081638),0.869835 (0.788400 + 0.081435),0.882816 (0.801000 + 0.081816),0.859788 (0.778500 + 0.081288),0.876499 (0.794700 + 0.081799),0.842962 (0.761400 + 0.081562),0.861015 (0.779400 + 0.081615),0.864756 (0.783000 + 0.081756),0.857315 (0.775800 + 0.081515),0.873744 (0.792000 + 0.081744),0.858573 (0.776700 + 0.081873),0.883705 (0.801900 + 0.081805),0.883705 (0.801900 + 0.081805),0.855797 (0.774000 + 0.081797),0.850271 (0.768600 + 0.081672),0.877358 (0.795600 + 0.081758),0.859240 (0.777600 + 0.081640),0.877233 (0.795600 + 0.081633),0.879983 (0.798300 + 0.081683),0.879158 (0.797400 + 0.081758),0.864622 (0.783000 + 0.081622),0.880031 (0.798300 + 0.081731),0.847397 (0.765900 + 0.081497),0.880976 (0.799200 + 0.081776),0.852057 (0.770400 + 0.081657),0.870635 (0.789300 + 0.081335),0.853970 (0.772200 + 0.081770),0.883705 (0.801900 + 0.081805),0.882816 (0.801000 + 0.081816),0.882767 (0.801000 + 0.081767),0.871044 (0.789300 + 0.081744),0.875335 (0.793800 + 0.081535),0.853970 (0.772200 + 0.081770),0.863901 (0.782100 + 0.081801),0.859504 (0.777600 + 0.081904),0.881840 (0.800100 + 0.081740),0.878210 (0.796500 + 0.081710),0.879120 (0.797400 + 0.081720),0.864816 (0.783000 + 0.081816),0.879183 (0.797400 + 0.081783),0.841154 (0.759600 + 0.081554),0.866497 (0.784800 + 0.081697),0.883705 (0.801900 + 0.081805),0.865466 (0.783900 + 0.081566),0.872854 (0.791100 + 0.081754),0.852944 (0.771300 + 0.081644),0.852856 (0.771300 + 0.081556),0.870130 (0.788400 + 0.081730),0.864732 (0.783000 + 0.081732),0.842444 (0.760500 + 0.081944),0.876392 (0.794700 + 0.081692),0.861075 (0.779400 + 0.081675),0.881840 (0.800100 + 0.081740),0.865588 (0.783900 + 0.081689),0.855144 (0.774000 + 0.081144),0.879120 (0.797400 + 0.081720),0.879120 (0.797400 + 0.081720),0.883692 (0.801900 + 0.081792),0.881002 (0.799200 + 0.081802),0.871043 (0.789300 + 0.081743)
77,0.883705 (0.801900 + 0.081805),0.859640 (0.777600 + 0.082040),0.883705 (0.801900 + 0.081805),0.876499 (0.794700 + 0.081799),0.869835 (0.788400 + 0.081435),0.853855 (0.772200 + 0.081655),0.878207 (0.796500 + 0.081707),0.867265 (0.785700 + 0.081565),0.849475 (0.767700 + 0.081775),0.881839 (0.800100 + 0.081739),0.871115 (0.789300 + 0.081815),0.876442 (0.794700 + 0.081742),0.850156 (0.768600 + 0.081556),0.855002 (0.773100 + 0.081902),0.881002 (0.799200 + 0.081802),0.875595 (0.793800 + 0.081795),0.858533 (0.776700 + 0.081833),0.854010 (0.772200 + 0.081810),0.871043 (0.789300 + 0.081743),0.861850 (0.780300 + 0.081550),0.854671 (0.773100 + 0.081571),0.883705 (0.801900 + 0.081805),0.883705 (0.801900 + 0.081805),0.879248 (0.797400 + 0.081848),0.881840 (0.800100 + 0.081740),0.861027 (0.779400 + 0.081627),0.850135 (0.768600 + 0.081535),0.883692 (0.801900 + 0.081792),0.882816 (0.801000 + 0.081816),0.883705 (0.801900 + 0.081805),0.850352 (0.768600 + 0.081752),0.870274 (0.788400 + 0.081874),0.856620 (0.774900 + 0.081720),0.831793 (0.750600 + 0.081193),0.859490 (0.777600 + 0.081890),0.871555 (0.790200 + 0.081355),0.884571 (0.802800 + 0.081771),0.880028 (0.798300 + 0.081728),0.861946 (0.780300 + 0.081646),0.877324 (0.795600 + 0.081724),0.873551 (0.792000 + 0.081551),0.866396 (0.784800 + 0.081596),0.881840 (0.800100 + 0.081740),0.883692 (0.801900 + 0.081792),0.860984 (0.779400 + 0.081584),0.850474 (0.768600 + 0.081874),0.864840 (0.783000 + 0.081840),0.879183 (0.797400 + 0.081783),0.877358 (0.795600 + 0.081758),0.878269 (0.796500 + 0.081769),0.852795 (0.771300 + 0.081495),0.863839 (0.782100 + 0.081739),0.851047 (0.769500 + 0.081547),0.880061 (0.798300 + 0.081761),0.879120 (0.797400 + 0.081720),0.881002 (0.799200 + 0.081802),0.847622 (0.765900 + 0.081722),0.881854 (0.800100 + 0.081754),0.858145 (0.776700 + 0.081446),0.857408 (0.775800 + 0.081608),0.879210 (0.797400 + 0.081810),0.883705 (0.801900 + 0.081805),0.844013 (0.762300 + 0.081714),0.880046 (0.798300 + 0.081746),0.861553 (0.780300 + 0.081253),0.850349 (0.768600 + 0.081749),0.844522 (0.763200 + 0.081322),0.880958 (0.799200 + 0.081758),0.845853 (0.764100 + 0.081753),0.883692 (0.801900 + 0.081792)
78,0.884571 (0.802800 + 0.081771),0.847548 (0.765900 + 0.081648),0.881816 (0.800100 + 0.081716),0.881840 (0.800100 + 0.081740),0.871043 (0.789300 + 0.081743),0.884571 (0.802800 + 0.081771),0.851083 (0.769500 + 0.081583),0.853982 (0.772200 + 0.081782),0.875565 (0.793800 + 0.081765),0.879248 (0.797400 + 0.081848),0.852213 (0.770400 + 0.081813),0.857492 (0.775800 + 0.081692),0.860105 (0.778500 + 0.081605),0.881840 (0.800100 + 0.081740),0.883705 (0.801900 + 0.081805),0.880945 (0.799200 + 0.081745),0.862890 (0.781200 + 0.081690),0.882816 (0.801000 + 0.081816),0.858378 (0.776700 + 0.081678),0.852028 (0.770400 + 0.081628),0.835131 (0.753300 + 0.081831),0.883705 (0.801900 + 0.081805),0.858402 (0.776700 + 0.081702),0.871102 (0.789300 + 0.081802),0.846717 (0.765000 + 0.081717),0.883705 (0.801900 + 0.081805),0.873551 (0.792000 + 0.081551),0.852921 (0.771300 + 0.081621),0.881774 (0.800100 + 0.081674),0.874609 (0.792900 + 0.081709),0.863948 (0.782100 + 0.081848),0.847853 (0.765900 + 0.081953),0.865528 (0.783900 + 0.081628),0.865467 (0.783900 + 0.081567),0.868205 (0.786600 + 0.081605),0.845289 (0.764100 + 0.081189),0.858398 (0.776700 + 0.081698),0.883705 (0.801900 + 0.081805),0.853886 (0.772200 + 0.081686),0.853844 (0.772200 + 0.081644),0.881854 (0.800100 + 0.081754),0.863470 (0.782100 + 0.081370),0.879089 (0.797400 + 0.081689),0.857346 (0.775800 + 0.081546),0.880926 (0.799200 + 0.081726),0.862629 (0.781200 + 0.081429),0.842171 (0.760500 + 0.081671),0.883705 (0.801900 + 0.081805),0.877358 (0.795600 + 0.081758),0.873763 (0.792000 + 0.081763),0.857949 (0.776700 + 0.081249),0.851951 (0.770400 + 0.081551),0.863915 (0.782100 + 0.081815),0.865723 (0.783900 + 0.081823),0.860213 (0.778500 + 0.081713),0.883705 (0.801900 + 0.081805),0.879120 (0.797400 + 0.081720),0.860363 (0.778500 + 0.081864),0.883705 (0.801900 + 0.081805),0.864765 (0.783000 + 0.081765),0.858321 (0.776700 + 0.081621),0.881032 (0.799200 + 0.081832),0.874624 (0.792900 + 0.081724),0.874669 (0.792900 + 0.081769),0.877333 (0.795600 + 0.081733),0.883692 (0.801900 + 0.081792),0.860560 (0.779400 + 0.081160),0.878234 (0.796500 + 0.081734),0.865313 (0.783900 + 0.081413),0.853663 (0.772200 + 0.081463)
79,0.884571 (0.802800 + 0.081771),0.861062 (0.779400 + 0.081662),0.856488 (0.774900 + 0.081588),0.870977 (0.789300 + 0.081677),0.846639 (0.765000 + 0.081639),0.852918 (0.771300 + 0.081618),0.883705 (0.801900 + 0.081805),0.883705 (0.801900 + 0.081805),0.881032 (0.799200 + 0.081832),0.883705 (0.801900 + 0.081805),0.879089 (0.797400 + 0.081689),0.858103 (0.776700 + 0.081403),0.859028 (0.777600 + 0.081428),0.877255 (0.795600 + 0.081655),0.883705 (0.801900 + 0.081805),0.880926 (0.799200 + 0.081726),0.881816 (0.800100 + 0.081716),0.880049 (0.798300 + 0.081749),0.874682 (0.792900 + 0.081782),0.863678 (0.782100 + 0.081578),0.866501 (0.784800 + 0.081701),0.883692 (0.801900 + 0.081792),0.881840 (0.800100 + 0.081740),0.843697 (0.762300 + 0.081397),0.863547 (0.782100 + 0.081447),0.881032 (0.799200 + 0.081832),0.848196 (0.766800 + 0.081396),0.857292 (0.775800 + 0.081492),0.853830 (0.772200 + 0.081630),0.868205 (0.786600 + 0.081605),0.881840 (0.800100 + 0.081740),0.840255 (0.758700 + 0.081556),0.879049 (0.797400 + 0.081649),0.878234 (0.796500 + 0.081734),0.860213 (0.778500 + 0.081713),0.851635 (0.770400 + 0.081235),0.859149 (0.777600 + 0.081549),0.851026 (0.769500 + 0.081526),0.864765 (0.783000 + 0.081765),0.882740 (0.801000 + 0.081740),0.883692 (0.801900 + 0.081792),0.880972 (0.799200 + 0.081772),0.882778 (0.801000 + 0.081779),0.869120 (0.787500 + 0.081620),0.874618 (0.792900 + 0.081718),0.858595 (0.776700 + 0.081895),0.880917 (0.799200 + 0.081717),0.882816 (0.801000 + 0.081816),0.879248 (0.797400 + 0.081848),0.850941 (0.769500 + 0.081441),0.861844 (0.780300 + 0.081544),0.880964 (0.799200 + 0.081764),0.852791 (0.771300 + 0.081491),0.855690 (0.774000 + 0.081690),0.850313 (0.768600 + 0.081713),0.883705 (0.801900 + 0.081805),0.871718 (0.790200 + 0.081517),0.861787 (0.780300 + 0.081487),0.873710 (0.792000 + 0.081710),0.855662 (0.774000 + 0.081662),0.871954 (0.790200 + 0.081754),0.883705 (0.801900 + 0.081805),0.883705 (0.801900 + 0.081805),0.875596 (0.793800 + 0.081796),0.855997 (0.774000 + 0.081997),0.883691 (0.801900 + 0.081791),0.879099 (0.797400 + 0.081700),0.863776 (0.782100 + 0.081676),0.862036 (0.780300 + 0.081736),0.862082 (0.780300 + 0.081782)
80,0.884571 (0.802800 + 0.081771),0.883691 (0.801900 + 0.081791),0.870977 (0.789300 + 0.081677),0.868124 (0.786600 + 0.081524),0.851695 (0.770400 + 0.081295),0.880049 (0.798300 + 0.081749),0.883705 (0.801900 + 0.081805),0.874748 (0.792900 + 0.081848),0.874637 (0.792900 + 0.081737),0.882740 (0.801000 + 0.081740),0.855690 (0.774000 + 0.081690),0.871216 (0.789300 + 0.081916),0.853192 (0.771300 + 0.081892),0.852762 (0.771300 + 0.081462),0.881911 (0.800100 + 0.081811),0.859533 (0.777600 + 0.081933),0.848712 (0.766800 + 0.081912),0.883606 (0.801900 + 0.081706),0.867354 (0.785700 + 0.081654),0.861255 (0.779400 + 0.081855),0.884595 (0.802800 + 0.081795),0.870080 (0.788400 + 0.081680),0.883603 (0.801900 + 0.081703),0.881840 (0.800100 + 0.081740),0.868089 (0.786600 + 0.081489),0.879089 (0.797400 + 0.081689),0.855545 (0.774000 + 0.081545),0.879185 (0.797400 + 0.081785),0.880143 (0.798300 + 0.081843),0.855842 (0.774000 + 0.081842),0.862872 (0.781200 + 0.081672),0.882816 (0.801000 + 0.081816),0.851995 (0.770400 + 0.081595),0.865671 (0.783900 + 0.081771),0.846174 (0.764100 + 0.082074),0.856547 (0.774900 + 0.081647),0.883705 (0.801900 + 0.081805),0.853691 (0.772200 + 0.081491),0.850162 (0.768600 + 0.081562),0.883705 (0.801900 + 0.081805),0.882750 (0.801000 + 0.081750),0.877385 (0.795600 + 0.081785),0.882816 (0.801000 + 0.081816),0.880926 (0.799200 + 0.081726),0.881816 (0.800100 + 0.081716),0.873680 (0.792000 + 0.081680),0.865662 (0.783900 + 0.081762),0.883705 (0.801900 + 0.081805),0.879248 (0.797400 + 0.081848),0.841190 (0.759600 + 0.081590),0.879108 (0.797400 + 0.081708),0.864694 (0.783000 + 0.081694),0.876446 (0.794700 + 0.081746),0.882778 (0.801000 + 0.081779),0.861443 (0.779400 + 0.082043),0.853507 (0.772200 + 0.081307),0.871943 (0.790200 + 0.081743),0.885396 (0.803700 + 0.081696),0.870941 (0.789300 + 0.081641),0.871010 (0.789300 + 0.081710),0.875516 (0.793800 + 0.081716),0.881884 (0.800100 + 0.081785),0.855308 (0.774000 + 0.081308),0.874618 (0.792900 + 0.081718),0.852791 (0.771300 + 0.081491),0.883705 (0.801900 + 0.081805),0.863803 (0.782100 + 0.081703),0.847144 (0.765900 + 0.081244),0.854712 (0.773100 + 0.081612),0.860275 (0.778500 + 0.081775)
81,0.885396 (0.803700 + 0.081696),0.856383 (0.774900 + 0.081483),0.880131 (0.798300 + 0.081831),0.848315 (0.766800 + 0.081515),0.852115 (0.770400 + 0.081715),0.884595 (0.802800 + 0.081795),0.883705 (0.801900 + 0.081805),0.878273 (0.796500 + 0.081773),0.884507 (0.802800 + 0.081707),0.880143 (0.798300 + 0.081843),0.871943 (0.790200 + 0.081743),0.881884 (0.800100 + 0.081785),0.852060 (0.770400 + 0.081660),0.879248 (0.797400 + 0.081848),0.883705 (0.801900 + 0.081805),0.883705 (0.801900 + 0.081805),0.879089 (0.797400 + 0.081689),0.882816 (0.801000 + 0.081816),0.883705 (0.801900 + 0.081805),0.881911 (0.800100 + 0.081811),0.853195 (0.771300 + 0.081895),0.858436 (0.776700 + 0.081736),0.851698 (0.770400 + 0.081298),0.847355 (0.765900 + 0.081455),0.883705 (0.801900 + 0.081805),0.883705 (0.801900 + 0.081805),0.853557 (0.772200 + 0.081357),0.884530 (0.802800 + 0.081730),0.865457 (0.783900 + 0.081557),0.883705 (0.801900 + 0.081805),0.879185 (0.797400 + 0.081785),0.880998 (0.799200 + 0.081798),0.846438 (0.765000 + 0.081438),0.861021 (0.779400 + 0.081621),0.877274 (0.795600 + 0.081674),0.862656 (0.781200 + 0.081456),0.881018 (0.799200 + 0.081818),0.855688 (0.774000 + 0.081688),0.868605 (0.786600 + 0.082005),0.874634 (0.792900 + 0.081734),0.863579 (0.782100 + 0.081479),0.883691 (0.801900 + 0.081791),0.883705 (0.801900 + 0.081805),0.885396 (0.803700 + 0.081696),0.864694 (0.783000 + 0.081694),0.884571 (0.802800 + 0.081771),0.850639 (0.769500 + 0.081139),0.860414 (0.778500 + 0.081914),0.859359 (0.777600 + 0.081759),0.868348 (0.786600 + 0.081748),0.883705 (0.801900 + 0.081805),0.855671 (0.774000 + 0.081671),0.882740 (0.801000 + 0.081740),0.871126 (0.789300 + 0.081826),0.864734 (0.783000 + 0.081734),0.868328 (0.786600 + 0.081728),0.878289 (0.796500 + 0.081789),0.882750 (0.801000 + 0.081750),0.871942 (0.790200 + 0.081742),0.882740 (0.801000 + 0.081740),0.839601 (0.757800 + 0.081801),0.860230 (0.778500 + 0.081730),0.882740 (0.801000 + 0.081740),0.859368 (0.777600 + 0.081768),0.883692 (0.801900 + 0.081792),0.870163 (0.788400 + 0.081763),0.871093 (0.789300 + 0.081793),0.884571 (0.802800 + 0.081771),0.876384 (0.794700 + 0.081684),0.885396 (0.803700 + 0.081696)
82,0.885396 (0.803700 + 0.081696),0.880143 (0.798300 + 0.081843),0.877274 (0.795600 + 0.081674),0.856800 (0.774900 + 0.081900),0.883626 (0.801900 + 0.081727),0.884595 (0.802800 + 0.081795),0.885396 (0.803700 + 0.081696),0.853893 (0.772200 + 0.081693),0.861336 (0.779400 + 0.081936),0.869177 (0.787500 + 0.081677),0.874685 (0.792900 + 0.081785),0.870061 (0.788400 + 0.081661),0.876587 (0.794700 + 0.081887),0.883705 (0.801900 + 0.081805),0.880143 (0.798300 + 0.081843),0.871865 (0.790200 + 0.081665),0.866499 (0.784800 + 0.081699),0.880143 (0.798300 + 0.081843),0.882740 (0.801000 + 0.081740),0.885483 (0.803700 + 0.081783),0.884530 (0.802800 + 0.081730),0.882816 (0.801000 + 0.081816),0.884530 (0.802800 + 0.081730),0.882816 (0.801000 + 0.081816),0.881840 (0.800100 + 0.081740),0.884571 (0.802800 + 0.081771),0.861126 (0.779400 + 0.081726),0.884571 (0.802800 + 0.081771),0.884571 (0.802800 + 0.081771),0.845899 (0.764100 + 0.081799),0.859828 (0.778500 + 0.081328),0.869309 (0.787500 + 0.081809),0.848534 (0.766800 + 0.081734),0.879248 (0.797400 + 0.081848),0.883705 (0.801900 + 0.081805),0.862055 (0.780300 + 0.081755),0.882740 (0.801000 + 0.081740),0.881815 (0.800100 + 0.081715),0.878242 (0.796500 + 0.081742),0.876312 (0.794700 + 0.081613),0.853113 (0.771300 + 0.081813),0.884608 (0.802800 + 0.081808),0.882781 (0.801000 + 0.081782),0.853760 (0.772200 + 0.081560),0.876504 (0.794700 + 0.081804),0.872058 (0.790200 + 0.081858),0.872790 (0.791100 + 0.081690),0.859133 (0.777600 + 0.081533),0.884530 (0.802800 + 0.081730),0.883621 (0.801900 + 0.081721),0.879970 (0.798300 + 0.081670),0.885483 (0.803700 + 0.081783),0.884530 (0.802800 + 0.081730),0.881826 (0.800100 + 0.081726),0.860584 (0.778500 + 0.082084),0.855756 (0.774000 + 0.081756),0.858516 (0.776700 + 0.081816),0.857518 (0.775800 + 0.081718),0.880015 (0.798300 + 0.081715),0.851200 (0.769500 + 0.081700),0.852123 (0.770400 + 0.081723),0.876475 (0.794700 + 0.081775),0.879999 (0.798300 + 0.081699),0.881018 (0.799200 + 0.081818),0.883705 (0.801900 + 0.081805),0.881900 (0.800100 + 0.081800),0.853662 (0.772200 + 0.081462),0.850285 (0.768600 + 0.081685),0.854863 (0.773100 + 0.081763),0.859274 (0.777600 + 0.081674)
83,0.885483 (0.803700 + 0.081783),0.879125 (0.797400 + 0.081726),0.884595 (0.802800 + 0.081795),0.882816 (0.801000 + 0.081816),0.861059 (0.779400 + 0.081659),0.882742 (0.801000 + 0.081742),0.881881 (0.800100 + 0.081781),0.882740 (0.801000 + 0.081740),0.861031 (0.779400 + 0.081631),0.868314 (0.786600 + 0.081714),0.861165 (0.779400 + 0.081765),0.864002 (0.782100 + 0.081902),0.884530 (0.802800 + 0.081730),0.884530 (0.802800 + 0.081730),0.877414 (0.795600 + 0.081814),0.882816 (0.801000 + 0.081816),0.872894 (0.791100 + 0.081794),0.882816 (0.801000 + 0.081816),0.859481 (0.777600 + 0.081881),0.880903 (0.799200 + 0.081703),0.884595 (0.802800 + 0.081795),0.854933 (0.773100 + 0.081833),0.878251 (0.796500 + 0.081751),0.883682 (0.801900 + 0.081782),0.884595 (0.802800 + 0.081795),0.859357 (0.777600 + 0.081757),0.854792 (0.773100 + 0.081692),0.884608 (0.802800 + 0.081808),0.883705 (0.801900 + 0.081805),0.864720 (0.783000 + 0.081720),0.862943 (0.781200 + 0.081743),0.883626 (0.801900 + 0.081727),0.858454 (0.776700 + 0.081754),0.870023 (0.788400 + 0.081624),0.862080 (0.780300 + 0.081780),0.884530 (0.802800 + 0.081730),0.880143 (0.798300 + 0.081843),0.884595 (0.802800 + 0.081795),0.879125 (0.797400 + 0.081726),0.852090 (0.770400 + 0.081691),0.885483 (0.803700 + 0.081783),0.884571 (0.802800 + 0.081771),0.885483 (0.803700 + 0.081783),0.882742 (0.801000 + 0.081742),0.881881 (0.800100 + 0.081781),0.867889 (0.786600 + 0.081289),0.850539 (0.768600 + 0.081939),0.868903 (0.787500 + 0.081403),0.842206 (0.760500 + 0.081706),0.884519 (0.802800 + 0.081719),0.881817 (0.800100 + 0.081717),0.876482 (0.794700 + 0.081782),0.854144 (0.772200 + 0.081944),0.877274 (0.795600 + 0.081674),0.865513 (0.783900 + 0.081613),0.850463 (0.768600 + 0.081863),0.861774 (0.780300 + 0.081474),0.856543 (0.774900 + 0.081643),0.879122 (0.797400 + 0.081722),0.883705 (0.801900 + 0.081805),0.850860 (0.769500 + 0.081360),0.880064 (0.798300 + 0.081764),0.874520 (0.792900 + 0.081620),0.855543 (0.774000 + 0.081543),0.870942 (0.789300 + 0.081642),0.882816 (0.801000 + 0.081816),0.880097 (0.798300 + 0.081797),0.882740 (0.801000 + 0.081740),0.885396 (0.803700 + 0.081696),0.856510 (0.774900 + 0.081610)
84,0.885483 (0.803700 + 0.081783),0.884530 (0.802800 + 0.081730),0.850846 (0.769500 + 0.081346),0.882742 (0.801000 + 0.081742),0.883705 (0.801900 + 0.081805),0.884595 (0.802800 + 0.081795),0.882742 (0.801000 + 0.081742),0.861165 (0.779400 + 0.081765),0.879125 (0.797400 + 0.081726),0.878228 (0.796500 + 0.081728),0.881840 (0.800100 + 0.081740),0.857589 (0.775800 + 0.081789),0.875482 (0.793800 + 0.081682),0.870975 (0.789300 + 0.081675),0.861257 (0.779400 + 0.081857),0.883705 (0.801900 + 0.081805),0.884530 (0.802800 + 0.081730),0.859010 (0.777600 + 0.081410),0.882742 (0.801000 + 0.081742),0.876479 (0.794700 + 0.081779),0.884530 (0.802800 + 0.081730),0.860150 (0.778500 + 0.081650),0.855621 (0.774000 + 0.081621),0.881904 (0.800100 + 0.081804),0.884506 (0.802800 + 0.081706),0.883626 (0.801900 + 0.081727),0.862183 (0.780300 + 0.081883),0.852129 (0.770400 + 0.081729),0.868444 (0.786600 + 0.081844),0.862945 (0.781200 + 0.081745),0.882657 (0.801000 + 0.081657),0.885483 (0.803700 + 0.081783),0.881881 (0.800100 + 0.081781),0.878202 (0.796500 + 0.081702),0.861026 (0.779400 + 0.081626),0.884507 (0.802800 + 0.081707),0.879092 (0.797400 + 0.081692),0.848353 (0.766800 + 0.081553),0.882742 (0.801000 + 0.081742),0.852914 (0.771300 + 0.081614),0.882819 (0.801000 + 0.081819),0.867586 (0.785700 + 0.081886),0.856470 (0.774900 + 0.081570),0.844029 (0.762300 + 0.081729),0.870282 (0.788400 + 0.081882),0.885483 (0.803700 + 0.081783),0.849323 (0.767700 + 0.081623),0.884519 (0.802800 + 0.081719),0.883705 (0.801900 + 0.081805),0.884530 (0.802800 + 0.081730),0.884519 (0.802800 + 0.081719),0.884608 (0.802800 + 0.081808),0.883617 (0.801900 + 0.081717),0.883705 (0.801900 + 0.081805),0.878240 (0.796500 + 0.081740),0.875482 (0.793800 + 0.081682),0.861324 (0.779400 + 0.081924),0.864626 (0.783000 + 0.081626),0.880958 (0.799200 + 0.081758),0.861218 (0.779400 + 0.081818),0.884507 (0.802800 + 0.081707),0.885470 (0.803700 + 0.081770),0.856478 (0.774900 + 0.081578),0.862778 (0.781200 + 0.081579),0.854244 (0.772200 + 0.082044),0.881002 (0.799200 + 0.081802),0.860013 (0.778500 + 0.081513),0.853489 (0.772200 + 0.081289),0.884530 (0.802800 + 0.081730),0.882705 (0.801000 + 0.081705)
85,0.885483 (0.803700 + 0.081783),0.849679 (0.767700 + 0.081979),0.884519 (0.802800 + 0.081719),0.852986 (0.771300 + 0.081686),0.862763 (0.781200 + 0.081563),0.884608 (0.802800 + 0.081808),0.884608 (0.802800 + 0.081808),0.844808 (0.763200 + 0.081608),0.885432 (0.803700 + 0.081732),0.879125 (0.797400 + 0.081726),0.852814 (0.771300 + 0.081514),0.846531 (0.765000 + 0.081531),0.870282 (0.788400 + 0.081882),0.884608 (0.802800 + 0.081808),0.878201 (0.796500 + 0.081701),0.885483 (0.803700 + 0.081783),0.881881 (0.800100 + 0.081781),0.880955 (0.799200 + 0.081755),0.849376 (0.767700 + 0.081676),0.849983 (0.768600 + 0.081383),0.857119 (0.775800 + 0.081319),0.874662 (0.792900 + 0.081762),0.853760 (0.772200 + 0.081560),0.868357 (0.786600 + 0.081757),0.841869 (0.760500 + 0.081369),0.881959 (0.800100 + 0.081859),0.871927 (0.790200 + 0.081727),0.845727 (0.764100 + 0.081627),0.883705 (0.801900 + 0.081805),0.853804 (0.772200 + 0.081604),0.882705 (0.801000 + 0.081705),0.884507 (0.802800 + 0.081707),0.881002 (0.799200 + 0.081802),0.854807 (0.773100 + 0.081707),0.868097 (0.786600 + 0.081497),0.853834 (0.772200 + 0.081634),0.870942 (0.789300 + 0.081642),0.865926 (0.784800 + 0.081126),0.865564 (0.783900 + 0.081664),0.884519 (0.802800 + 0.081719),0.884530 (0.802800 + 0.081730),0.876472 (0.794700 + 0.081772),0.857566 (0.775800 + 0.081766),0.877466 (0.795600 + 0.081866),0.871986 (0.790200 + 0.081786),0.883705 (0.801900 + 0.081805),0.860126 (0.778500 + 0.081626),0.875559 (0.793800 + 0.081759),0.876422 (0.794700 + 0.081722),0.883705 (0.801900 + 0.081805),0.858283 (0.776700 + 0.081583),0.851697 (0.770400 + 0.081297),0.852135 (0.770400 + 0.081735),0.884530 (0.802800 + 0.081730),0.884597 (0.802800 + 0.081797),0.857330 (0.775800 + 0.081530),0.881890 (0.800100 + 0.081790),0.884530 (0.802800 + 0.081730),0.882742 (0.801000 + 0.081742),0.884507 (0.802800 + 0.081707),0.846331 (0.765000 + 0.081331),0.885483 (0.803700 + 0.081783),0.839213 (0.757800 + 0.081413),0.879092 (0.797400 + 0.081692),0.881881 (0.800100 + 0.081781),0.884506 (0.802800 + 0.081706),0.857395 (0.775800 + 0.081595),0.884507 (0.802800 + 0.081707),0.854841 (0.773100 + 0.081741),0.881840 (0.800100 + 0.081740)
86,0.885483 (0.803700 + 0.081783),0.884597 (0.802800 + 0.081797),0.852135 (0.770400 + 0.081735),0.848979 (0.767700 + 0.081279),0.871762 (0.790200 + 0.081562),0.880939 (0.799200 + 0.081739),0.844848 (0.763200 + 0.081648),0.884530 (0.802800 + 0.081730),0.884519 (0.802800 + 0.081719),0.870025 (0.788400 + 0.081624),0.884530 (0.802800 + 0.081730),0.872590 (0.791100 + 0.081490),0.880215 (0.798300 + 0.081915),0.880015 (0.798300 + 0.081715),0.884530 (0.802800 + 0.081730),0.871058 (0.789300 + 0.081758),0.856439 (0.774900 + 0.081539),0.883705 (0.801900 + 0.081805),0.858488 (0.776700 + 0.081788),0.848399 (0.766800 + 0.081599),0.859243 (0.777600 + 0.081643),0.879125 (0.797400 + 0.081726),0.852980 (0.771300 + 0.081680),0.885396 (0.803700 + 0.081696),0.880903 (0.799200 + 0.081703),0.870979 (0.789300 + 0.081680),0.865274 (0.783900 + 0.081374),0.857499 (0.775800 + 0.081699),0.858384 (0.776700 + 0.081684),0.883705 (0.801900 + 0.081805),0.882705 (0.801000 + 0.081705),0.836910 (0.756000 + 0.080910),0.870181 (0.788400 + 0.081781),0.884530 (0.802800 + 0.081730),0.884507 (0.802800 + 0.081707),0.861546 (0.779400 + 0.082146),0.868097 (0.786600 + 0.081497),0.885483 (0.803700 + 0.081783),0.884530 (0.802800 + 0.081730),0.859910 (0.778500 + 0.081410),0.854664 (0.773100 + 0.081564),0.881002 (0.799200 + 0.081802),0.878228 (0.796500 + 0.081728),0.881881 (0.800100 + 0.081781),0.854623 (0.773100 + 0.081523),0.885432 (0.803700 + 0.081732),0.882716 (0.801000 + 0.081717),0.852646 (0.771300 + 0.081346),0.854625 (0.773100 + 0.081525),0.862519 (0.781200 + 0.081319),0.876497 (0.794700 + 0.081797),0.843202 (0.761400 + 0.081802),0.861875 (0.780300 + 0.081575),0.883705 (0.801900 + 0.081805),0.855910 (0.774000 + 0.081910),0.862723 (0.781200 + 0.081523),0.851818 (0.770400 + 0.081418),0.884608 (0.802800 + 0.081808),0.885432 (0.803700 + 0.081732),0.880019 (0.798300 + 0.081719),0.878152 (0.796500 + 0.081652),0.885483 (0.803700 + 0.081783),0.884608 (0.802800 + 0.081808),0.864601 (0.783000 + 0.081601),0.865484 (0.783900 + 0.081585),0.851912 (0.770400 + 0.081513),0.885483 (0.803700 + 0.081783),0.855571 (0.774000 + 0.081571),0.853058 (0.771300 + 0.081758),0.878999 (0.797400 + 0.081599)
87,0.885483 (0.803700 + 0.081783),0.878228 (0.796500 + 0.081728),0.853689 (0.772200 + 0.081489),0.884608 (0.802800 + 0.081808),0.883705 (0.801900 + 0.081805),0.884608 (0.802800 + 0.081808),0.884530 (0.802800 + 0.081730),0.863016 (0.781200 + 0.081816),0.850951 (0.769500 + 0.081451),0.880215 (0.798300 + 0.081915),0.884608 (0.802800 + 0.081808),0.884608 (0.802800 + 0.081808),0.840497 (0.758700 + 0.081797),0.860353 (0.778500 + 0.081853),0.885483 (0.803700 + 0.081783),0.854664 (0.773100 + 0.081564),0.858352 (0.776700 + 0.081652),0.883705 (0.801900 + 0.081805),0.847559 (0.765900 + 0.081659),0.884595 (0.802800 + 0.081795),0.862624 (0.781200 + 0.081424),0.870847 (0.789300 + 0.081547),0.848228 (0.766800 + 0.081428),0.884608 (0.802800 + 0.081808),0.884530 (0.802800 + 0.081730),0.884597 (0.802800 + 0.081797),0.858349 (0.776700 + 0.081649),0.880903 (0.799200 + 0.081703),0.870979 (0.789300 + 0.081680),0.879125 (0.797400 + 0.081726),0.857265 (0.775800 + 0.081465),0.884519 (0.802800 + 0.081719),0.879092 (0.797400 + 0.081692),0.859127 (0.777600 + 0.081527),0.858138 (0.776700 + 0.081438),0.884586 (0.802800 + 0.081786),0.852238 (0.770400 + 0.081838),0.849473 (0.767700 + 0.081773),0.864601 (0.783000 + 0.081601),0.884507 (0.802800 + 0.081707),0.885483 (0.803700 + 0.081783),0.870926 (0.789300 + 0.081626),0.854710 (0.773100 + 0.081610),0.844473 (0.763200 + 0.081273),0.856749 (0.774900 + 0.081849),0.860930 (0.779400 + 0.081530),0.851351 (0.769500 + 0.081851),0.881002 (0.799200 + 0.081802),0.870025 (0.788400 + 0.081624),0.882716 (0.801000 + 0.081717),0.878999 (0.797400 + 0.081599),0.882718 (0.801000 + 0.081718),0.882715 (0.801000 + 0.081715),0.885483 (0.803700 + 0.081783),0.885483 (0.803700 + 0.081783),0.883626 (0.801900 + 0.081727),0.883705 (0.801900 + 0.081805),0.884597 (0.802800 + 0.081797),0.880939 (0.799200 + 0.081739),0.856191 (0.774900 + 0.081291),0.860941 (0.779400 + 0.081541),0.885432 (0.803700 + 0.081732),0.858430 (0.776700 + 0.081730),0.856325 (0.774900 + 0.081425),0.859952 (0.778500 + 0.081452),0.884506 (0.802800 + 0.081706),0.858252 (0.776700 + 0.081552),0.856664 (0.774900 + 0.081764),0.862180 (0.780300 + 0.081880),0.873848 (0.792000 + 0.081848)
88,0.885483 (0.803700 + 0.081783),0.885483 (0.803700 + 0.081783),0.883705 (0.801900 + 0.081805),0.848345 (0.766800 + 0.081545),0.885483 (0.803700 + 0.081783),0.848556 (0.766800 + 0.081756),0.849217 (0.767700 + 0.081517),0.872021 (0.790200 + 0.081821),0.870205 (0.788400 + 0.081805),0.884586 (0.802800 + 0.081786),0.864699 (0.783000 + 0.081699),0.867634 (0.785700 + 0.081934),0.858277 (0.776700 + 0.081577),0.879117 (0.797400 + 0.081717),0.884608 (0.802800 + 0.081808),0.883705 (0.801900 + 0.081805),0.884586 (0.802800 + 0.081786),0.859427 (0.777600 + 0.081827),0.884608 (0.802800 + 0.081808),0.885483 (0.803700 + 0.081783),0.884608 (0.802800 + 0.081808),0.880903 (0.799200 + 0.081703),0.887298 (0.805500 + 0.081798),0.859087 (0.777600 + 0.081487),0.885483 (0.803700 + 0.081783),0.887298 (0.805500 + 0.081798),0.847328 (0.765900 + 0.081428),0.863865 (0.782100 + 0.081765),0.859945 (0.778500 + 0.081445),0.860450 (0.778500 + 0.081950),0.837427 (0.756000 + 0.081427),0.872803 (0.791100 + 0.081703),0.861413 (0.779400 + 0.082013),0.862813 (0.781200 + 0.081613),0.861115 (0.779400 + 0.081715),0.881863 (0.800100 + 0.081763),0.857685 (0.775800 + 0.081885),0.884608 (0.802800 + 0.081808),0.884530 (0.802800 + 0.081730),0.883705 (0.801900 + 0.081805),0.882715 (0.801000 + 0.081715),0.848307 (0.766800 + 0.081507),0.884608 (0.802800 + 0.081808),0.885483 (0.803700 + 0.081783),0.885483 (0.803700 + 0.081783),0.876422 (0.794700 + 0.081722),0.874530 (0.792900 + 0.081630),0.879125 (0.797400 + 0.081726),0.884530 (0.802800 + 0.081730),0.885483 (0.803700 + 0.081783),0.853857 (0.772200 + 0.081657),0.884608 (0.802800 + 0.081808),0.883705 (0.801900 + 0.081805),0.858373 (0.776700 + 0.081673),0.884608 (0.802800 + 0.081808),0.883626 (0.801900 + 0.081727),0.852910 (0.771300 + 0.081610),0.884586 (0.802800 + 0.081786),0.881002 (0.799200 + 0.081802),0.849151 (0.767700 + 0.081451),0.884608 (0.802800 + 0.081808),0.865595 (0.783900 + 0.081695),0.855423 (0.774000 + 0.081423),0.885483 (0.803700 + 0.081783),0.884608 (0.802800 + 0.081808),0.885432 (0.803700 + 0.081732),0.883705 (0.801900 + 0.081805),0.884608 (0.802800 + 0.081808),0.862965 (0.781200 + 0.081765),0.885483 (0.803700 + 0.081783)
89,0.887298 (0.805500 + 0.081798),0.885483 (0.803700 + 0.081783),0.885483 (0.803700 + 0.081783),0.873701 (0.792000 + 0.081701),0.856696 (0.774900 + 0.081796),0.868357 (0.786600 + 0.081757),0.853063 (0.771300 + 0.081763),0.885483 (0.803700 + 0.081783),0.861782 (0.780300 + 0.081482),0.885483 (0.803700 + 0.081783),0.867514 (0.785700 + 0.081814),0.884586 (0.802800 + 0.081786),0.853157 (0.771300 + 0.081857),0.882778 (0.801000 + 0.081779),0.886410 (0.804600 + 0.081810),0.872883 (0.791100 + 0.081783),0.855737 (0.774000 + 0.081737),0.884608 (0.802800 + 0.081808),0.884608 (0.802800 + 0.081808),0.865517 (0.783900 + 0.081617),0.870195 (0.788400 + 0.081795),0.867371 (0.785700 + 0.081671),0.856873 (0.774900 + 0.081973),0.885483 (0.803700 + 0.081783),0.880906 (0.799200 + 0.081705),0.868201 (0.786600 + 0.081601),0.859030 (0.777600 + 0.081430),0.869284 (0.787500 + 0.081784),0.859556 (0.777600 + 0.081956),0.857540 (0.775800 + 0.081740),0.859841 (0.778500 + 0.081341),0.871072 (0.789300 + 0.081772),0.860223 (0.778500 + 0.081723),0.884608 (0.802800 + 0.081808),0.884608 (0.802800 + 0.081808),0.872944 (0.791100 + 0.081844),0.875376 (0.793800 + 0.081576),0.874805 (0.792900 + 0.081905),0.871779 (0.790200 + 0.081579),0.885432 (0.803700 + 0.081732),0.881890 (0.800100 + 0.081790),0.883696 (0.801900 + 0.081796),0.849508 (0.767700 + 0.081808),0.885483 (0.803700 + 0.081783),0.885483 (0.803700 + 0.081783),0.887298 (0.805500 + 0.081798),0.864784 (0.783000 + 0.081784),0.883705 (0.801900 + 0.081805),0.885483 (0.803700 + 0.081783),0.885483 (0.803700 + 0.081783),0.883705 (0.801900 + 0.081805),0.883705 (0.801900 + 0.081805),0.884586 (0.802800 + 0.081786),0.884586 (0.802800 + 0.081786),0.844743 (0.763200 + 0.081543),0.855471 (0.774000 + 0.081471),0.884608 (0.802800 + 0.081808),0.877298 (0.795600 + 0.081698),0.864800 (0.783000 + 0.081800),0.861106 (0.779400 + 0.081706),0.887298 (0.805500 + 0.081798),0.887298 (0.805500 + 0.081798),0.865384 (0.783900 + 0.081484),0.858384 (0.776700 + 0.081684),0.884595 (0.802800 + 0.081795),0.853953 (0.772200 + 0.081753),0.884608 (0.802800 + 0.081808),0.885483 (0.803700 + 0.081783),0.884608 (0.802800 + 0.081808),0.851207 (0.769500 + 0.081707)
90,0.887298 (0.805500 + 0.081798),0.872831 (0.791100 + 0.081731),0.867840 (0.786600 + 0.081240),0.877298 (0.795600 + 0.081698),0.852305 (0.770400 + 0.081905),0.855720 (0.774000 + 0.081720),0.873812 (0.792000 + 0.081812),0.849247 (0.767700 + 0.081547),0.847278 (0.765900 + 0.081378),0.861866 (0.780300 + 0.081566),0.834839 (0.753300 + 0.081539),0.887298 (0.805500 + 0.081798),0.885483 (0.803700 + 0.081783),0.852191 (0.770400 + 0.081791),0.885483 (0.803700 + 0.081783),0.867370 (0.785700 + 0.081670),0.855538 (0.774000 + 0.081538),0.884608 (0.802800 + 0.081808),0.885483 (0.803700 + 0.081783),0.885483 (0.803700 + 0.081783),0.877301 (0.795600 + 0.081701),0.884608 (0.802800 + 0.081808),0.881890 (0.800100 + 0.081790),0.860003 (0.778500 + 0.081503),0.861861 (0.780300 + 0.081561),0.854104 (0.772200 + 0.081904),0.858330 (0.776700 + 0.081630),0.883705 (0.801900 + 0.081805),0.886325 (0.804600 + 0.081725),0.859390 (0.777600 + 0.081790),0.884586 (0.802800 + 0.081786),0.887298 (0.805500 + 0.081798),0.885483 (0.803700 + 0.081783),0.878156 (0.796500 + 0.081656),0.875625 (0.793800 + 0.081825),0.885483 (0.803700 + 0.081783),0.848526 (0.766800 + 0.081726),0.868201 (0.786600 + 0.081601),0.868201 (0.786600 + 0.081601),0.862868 (0.781200 + 0.081669),0.885483 (0.803700 + 0.081783),0.883705 (0.801900 + 0.081805),0.884586 (0.802800 + 0.081786),0.881890 (0.800100 + 0.081790),0.857474 (0.775800 + 0.081674),0.885483 (0.803700 + 0.081783),0.884608 (0.802800 + 0.081808),0.871058 (0.789300 + 0.081758),0.882602 (0.801000 + 0.081602),0.883705 (0.801900 + 0.081805),0.884608 (0.802800 + 0.081808),0.883693 (0.801900 + 0.081794),0.885483 (0.803700 + 0.081783),0.884608 (0.802800 + 0.081808),0.856442 (0.774900 + 0.081542),0.847378 (0.765900 + 0.081478),0.884510 (0.802800 + 0.081710),0.887298 (0.805500 + 0.081798),0.883696 (0.801900 + 0.081796),0.881002 (0.799200 + 0.081802),0.876489 (0.794700 + 0.081789),0.863676 (0.782100 + 0.081576),0.862875 (0.781200 + 0.081675),0.864727 (0.783000 + 0.081727),0.885483 (0.803700 + 0.081783),0.866490 (0.784800 + 0.081690),0.876467 (0.794700 + 0.081767),0.853809 (0.772200 + 0.081609),0.887301 (0.805500 + 0.081801),0.885483 (0.803700 + 0.081783)
91,0.887301 (0.805500 + 0.081801),0.883480 (0.801900 + 0.081580),0.879223 (0.797400 + 0.081823),0.887301 (0.805500 + 0.081801),0.881890 (0.800100 + 0.081790),0.850943 (0.769500 + 0.081443),0.883705 (0.801900 + 0.081805),0.854819 (0.773100 + 0.081719),0.853784 (0.772200 + 0.081584),0.887298 (0.805500 + 0.081798),0.877298 (0.795600 + 0.081698),0.887301 (0.805500 + 0.081801),0.853159 (0.771300 + 0.081859),0.887298 (0.805500 + 0.081798),0.850544 (0.768600 + 0.081944),0.863017 (0.781200 + 0.081817),0.852852 (0.771300 + 0.081552),0.887298 (0.805500 + 0.081798),0.843006 (0.761400 + 0.081606),0.861044 (0.779400 + 0.081644),0.855671 (0.774000 + 0.081671),0.885483 (0.803700 + 0.081783),0.882602 (0.801000 + 0.081602),0.857249 (0.775800 + 0.081449),0.855555 (0.774000 + 0.081555),0.869363 (0.787500 + 0.081863),0.856363 (0.774900 + 0.081463),0.852160 (0.770400 + 0.081760),0.881890 (0.800100 + 0.081790),0.885483 (0.803700 + 0.081783),0.887298 (0.805500 + 0.081798),0.875625 (0.793800 + 0.081825),0.868201 (0.786600 + 0.081601),0.884608 (0.802800 + 0.081808),0.869138 (0.787500 + 0.081638),0.881864 (0.800100 + 0.081764),0.851951 (0.770400 + 0.081551),0.851045 (0.769500 + 0.081545),0.857286 (0.775800 + 0.081486),0.885432 (0.803700 + 0.081732),0.887301 (0.805500 + 0.081801),0.850275 (0.768600 + 0.081675),0.874741 (0.792900 + 0.081841),0.851937 (0.770400 + 0.081537),0.884586 (0.802800 + 0.081786),0.885483 (0.803700 + 0.081783),0.857408 (0.775800 + 0.081608),0.862197 (0.780300 + 0.081897),0.887298 (0.805500 + 0.081798),0.851098 (0.769500 + 0.081598),0.851117 (0.769500 + 0.081617),0.876314 (0.794700 + 0.081614),0.871053 (0.789300 + 0.081753),0.885483 (0.803700 + 0.081783),0.884608 (0.802800 + 0.081808),0.883588 (0.801900 + 0.081688),0.865258 (0.783900 + 0.081358),0.883705 (0.801900 + 0.081805),0.885483 (0.803700 + 0.081783),0.836641 (0.755100 + 0.081541),0.877301 (0.795600 + 0.081701),0.884608 (0.802800 + 0.081808),0.885483 (0.803700 + 0.081783),0.854009 (0.772200 + 0.081809),0.885483 (0.803700 + 0.081783),0.876464 (0.794700 + 0.081764),0.882831 (0.801000 + 0.081831),0.875533 (0.793800 + 0.081733),0.878235 (0.796500 + 0.081735),0.846812 (0.765000 + 0.081812)
92,0.887301 (0.805500 + 0.081801),0.854754 (0.773100 + 0.081654),0.846575 (0.765000 + 0.081575),0.861724 (0.780300 + 0.081424),0.861209 (0.779400 + 0.081809),0.887301 (0.805500 + 0.081801),0.851937 (0.770400 + 0.081537),0.882831 (0.801000 + 0.081831),0.885483 (0.803700 + 0.081783),0.853023 (0.771300 + 0.081723),0.863519 (0.782100 + 0.081419),0.883588 (0.801900 + 0.081688),0.887301 (0.805500 + 0.081801),0.859092 (0.777600 + 0.081492),0.887298 (0.805500 + 0.081798),0.887298 (0.805500 + 0.081798),0.854819 (0.773100 + 0.081719),0.865568 (0.783900 + 0.081668),0.853257 (0.771300 + 0.081957),0.850138 (0.768600 + 0.081538),0.854916 (0.773100 + 0.081816),0.880112 (0.798300 + 0.081812),0.838166 (0.756900 + 0.081266),0.884608 (0.802800 + 0.081808),0.884608 (0.802800 + 0.081808),0.853940 (0.772200 + 0.081740),0.856533 (0.774900 + 0.081633),0.885483 (0.803700 + 0.081783),0.857237 (0.775800 + 0.081437),0.870603 (0.789300 + 0.081303),0.857295 (0.775800 + 0.081495),0.885483 (0.803700 + 0.081783),0.859684 (0.778500 + 0.081184),0.884608 (0.802800 + 0.081808),0.884507 (0.802800 + 0.081707),0.849216 (0.767700 + 0.081516),0.849455 (0.767700 + 0.081755),0.887298 (0.805500 + 0.081798),0.860716 (0.779400 + 0.081316),0.877298 (0.795600 + 0.081698),0.877298 (0.795600 + 0.081698),0.875424 (0.793800 + 0.081624),0.854732 (0.773100 + 0.081632),0.881864 (0.800100 + 0.081764),0.860889 (0.779400 + 0.081489),0.876508 (0.794700 + 0.081808),0.887298 (0.805500 + 0.081798),0.866373 (0.784800 + 0.081573),0.876553 (0.794700 + 0.081853),0.855646 (0.774000 + 0.081646),0.869363 (0.787500 + 0.081863),0.856449 (0.774900 + 0.081549),0.887301 (0.805500 + 0.081801),0.881705 (0.800100 + 0.081605),0.882801 (0.801000 + 0.081801),0.883588 (0.801900 + 0.081688),0.885483 (0.803700 + 0.081783),0.885483 (0.803700 + 0.081783),0.858388 (0.776700 + 0.081688),0.853811 (0.772200 + 0.081611),0.884608 (0.802800 + 0.081808),0.860236 (0.778500 + 0.081736),0.887298 (0.805500 + 0.081798),0.885483 (0.803700 + 0.081783),0.871053 (0.789300 + 0.081753),0.887298 (0.805500 + 0.081798),0.885483 (0.803700 + 0.081783),0.851636 (0.770400 + 0.081236),0.841795 (0.760500 + 0.081295),0.885483 (0.803700 + 0.081783)
93,0.887301 (0.805500 + 0.081801),0.877394 (0.795600 + 0.081794),0.887301 (0.805500 + 0.081801),0.878265 (0.796500 + 0.081765),0.852857 (0.771300 + 0.081557),0.880103 (0.798300 + 0.081803),0.850504 (0.769500 + 0.081004),0.885483 (0.803700 + 0.081783),0.885483 (0.803700 + 0.081783),0.887301 (0.805500 + 0.081801),0.887298 (0.805500 + 0.081798),0.856673 (0.774900 + 0.081773),0.854916 (0.773100 + 0.081816),0.865343 (0.783900 + 0.081443),0.869153 (0.787500 + 0.081653),0.885483 (0.803700 + 0.081783),0.883588 (0.801900 + 0.081688),0.877428 (0.795600 + 0.081828),0.882781 (0.801000 + 0.081781),0.861724 (0.780300 + 0.081424),0.883588 (0.801900 + 0.081688),0.882831 (0.801000 + 0.081831),0.887298 (0.805500 + 0.081798),0.887301 (0.805500 + 0.081801),0.857535 (0.775800 + 0.081735),0.853880 (0.772200 + 0.081680),0.861785 (0.780300 + 0.081485),0.885483 (0.803700 + 0.081783),0.845813 (0.764100 + 0.081713),0.861050 (0.779400 + 0.081650),0.854947 (0.773100 + 0.081847),0.883588 (0.801900 + 0.081688),0.887301 (0.805500 + 0.081801),0.861223 (0.779400 + 0.081823),0.858894 (0.777600 + 0.081294),0.843867 (0.762300 + 0.081567),0.864440 (0.783000 + 0.081440),0.880013 (0.798300 + 0.081713),0.881893 (0.800100 + 0.081793),0.887301 (0.805500 + 0.081801),0.849362 (0.767700 + 0.081662),0.862815 (0.781200 + 0.081615),0.859184 (0.777600 + 0.081584),0.887301 (0.805500 + 0.081801),0.867492 (0.785700 + 0.081792),0.855598 (0.774000 + 0.081598),0.882804 (0.801000 + 0.081804),0.855462 (0.774000 + 0.081462),0.856533 (0.774900 + 0.081633),0.885483 (0.803700 + 0.081783),0.887298 (0.805500 + 0.081798),0.864828 (0.783000 + 0.081828),0.854407 (0.773100 + 0.081307),0.884608 (0.802800 + 0.081808),0.858223 (0.776700 + 0.081523),0.884608 (0.802800 + 0.081808),0.860236 (0.778500 + 0.081736),0.852134 (0.770400 + 0.081734),0.861518 (0.780300 + 0.081218),0.854009 (0.772200 + 0.081809),0.864896 (0.783000 + 0.081896),0.879138 (0.797400 + 0.081738),0.860118 (0.778500 + 0.081618),0.857517 (0.775800 + 0.081717),0.861842 (0.780300 + 0.081542),0.860888 (0.779400 + 0.081488),0.886410 (0.804600 + 0.081810),0.854257 (0.772200 + 0.082057),0.839270 (0.757800 + 0.081470),0.887298 (0.805500 + 0.081798)
94,0.887301 (0.805500 + 0.081801),0.866347 (0.784800 + 0.081548),0.880206 (0.798300 + 0.081906),0.880042 (0.798300 + 0.081742),0.851913 (0.770400 + 0.081513),0.886410 (0.804600 + 0.081810),0.887301 (0.805500 + 0.081801),0.885483 (0.803700 + 0.081783),0.884608 (0.802800 + 0.081808),0.871146 (0.789300 + 0.081846),0.866361 (0.784800 + 0.081561),0.858137 (0.776700 + 0.081437),0.853729 (0.772200 + 0.081529),0.845292 (0.764100 + 0.081192),0.848078 (0.766800 + 0.081278),0.873842 (0.792000 + 0.081842),0.879262 (0.797400 + 0.081862),0.883588 (0.801900 + 0.081688),0.855641 (0.774000 + 0.081641),0.876410 (0.794700 + 0.081710),0.862836 (0.781200 + 0.081637),0.856497 (0.774900 + 0.081597),0.887298 (0.805500 + 0.081798),0.887298 (0.805500 + 0.081798),0.853814 (0.772200 + 0.081614),0.887301 (0.805500 + 0.081801),0.884608 (0.802800 + 0.081808),0.887298 (0.805500 + 0.081798),0.887301 (0.805500 + 0.081801),0.883588 (0.801900 + 0.081688),0.882831 (0.801000 + 0.081831),0.852907 (0.771300 + 0.081607),0.884608 (0.802800 + 0.081808),0.854764 (0.773100 + 0.081664),0.842963 (0.761400 + 0.081563),0.875553 (0.793800 + 0.081753),0.854740 (0.773100 + 0.081640),0.883696 (0.801900 + 0.081796),0.885483 (0.803700 + 0.081783),0.887301 (0.805500 + 0.081801),0.887301 (0.805500 + 0.081801),0.864490 (0.783000 + 0.081490),0.885483 (0.803700 + 0.081783),0.879146 (0.797400 + 0.081746),0.856653 (0.774900 + 0.081753),0.872072 (0.790200 + 0.081872),0.866404 (0.784800 + 0.081604),0.887301 (0.805500 + 0.081801),0.884608 (0.802800 + 0.081808),0.862865 (0.781200 + 0.081665),0.882831 (0.801000 + 0.081831),0.887301 (0.805500 + 0.081801),0.861839 (0.780300 + 0.081539),0.866485 (0.784800 + 0.081685),0.837261 (0.756000 + 0.081261),0.846687 (0.765000 + 0.081687),0.860113 (0.778500 + 0.081613),0.851819 (0.770400 + 0.081419),0.869418 (0.787500 + 0.081918),0.855811 (0.774000 + 0.081811),0.882831 (0.801000 + 0.081831),0.849241 (0.767700 + 0.081541),0.882831 (0.801000 + 0.081831),0.844597 (0.763200 + 0.081397),0.855811 (0.774000 + 0.081811),0.887301 (0.805500 + 0.081801),0.852149 (0.770400 + 0.081749),0.887298 (0.805500 + 0.081798),0.887298 (0.805500 + 0.081798),0.850359 (0.768600 + 0.081759)
95,0.887301 (0.805500 + 0.081801),0.849577 (0.767700 + 0.081877),0.881004 (0.799200 + 0.081804),0.885483 (0.803700 + 0.081783),0.881861 (0.800100 + 0.081761),0.866485 (0.784800 + 0.081685),0.868320 (0.786600 + 0.081720),0.876513 (0.794700 + 0.081813),0.867217 (0.785700 + 0.081517),0.873842 (0.792000 + 0.081842),0.887298 (0.805500 + 0.081798),0.850057 (0.768600 + 0.081457),0.843669 (0.762300 + 0.081369),0.846191 (0.765000 + 0.081191),0.864641 (0.783000 + 0.081641),0.887301 (0.805500 + 0.081801),0.887301 (0.805500 + 0.081801),0.877423 (0.795600 + 0.081823),0.857438 (0.775800 + 0.081638),0.856636 (0.774900 + 0.081736),0.852898 (0.771300 + 0.081598),0.847454 (0.765900 + 0.081554),0.858396 (0.776700 + 0.081696),0.879262 (0.797400 + 0.081862),0.856596 (0.774900 + 0.081696),0.879146 (0.797400 + 0.081746),0.885483 (0.803700 + 0.081783),0.864771 (0.783000 + 0.081771),0.867320 (0.785700 + 0.081620),0.867474 (0.785700 + 0.081774),0.856532 (0.774900 + 0.081632),0.854820 (0.773100 + 0.081720),0.862697 (0.781200 + 0.081497),0.854140 (0.772200 + 0.081940),0.887301 (0.805500 + 0.081801),0.878277 (0.796500 + 0.081777),0.856618 (0.774900 + 0.081718),0.857494 (0.775800 + 0.081694),0.850255 (0.768600 + 0.081655),0.876468 (0.794700 + 0.081768),0.884586 (0.802800 + 0.081786),0.885483 (0.803700 + 0.081783),0.887298 (0.805500 + 0.081798),0.849171 (0.767700 + 0.081471),0.870107 (0.788400 + 0.081707),0.848612 (0.766800 + 0.081812),0.850923 (0.769500 + 0.081423),0.885483 (0.803700 + 0.081783),0.855207 (0.773100 + 0.082107),0.887298 (0.805500 + 0.081798),0.884608 (0.802800 + 0.081808),0.850285 (0.768600 + 0.081685),0.864662 (0.783000 + 0.081662),0.860841 (0.779400 + 0.081441),0.851043 (0.769500 + 0.081543),0.857559 (0.775800 + 0.081759),0.886410 (0.804600 + 0.081810),0.867320 (0.785700 + 0.081620),0.864741 (0.783000 + 0.081741),0.862093 (0.780300 + 0.081793),0.849348 (0.767700 + 0.081648),0.880206 (0.798300 + 0.081906),0.887298 (0.805500 + 0.081798),0.887301 (0.805500 + 0.081801),0.858392 (0.776700 + 0.081692),0.848383 (0.766800 + 0.081583),0.851001 (0.769500 + 0.081501),0.879262 (0.797400 + 0.081862),0.882831 (0.801000 + 0.081831),0.887298 (0.805500 + 0.081798)
96,0.887301 (0.805500 + 0.081801),0.884574 (0.802800 + 0.081774),0.881931 (0.800100 + 0.081831),0.847662 (0.765900 + 0.081762),0.869313 (0.787500 + 0.081813),0.887298 (0.805500 + 0.081798),0.853191 (0.771300 + 0.081891),0.857290 (0.775800 + 0.081490),0.887301 (0.805500 + 0.081801),0.887301 (0.805500 + 0.081801),0.857284 (0.775800 + 0.081484),0.865277 (0.783900 + 0.081377),0.878355 (0.796500 + 0.081855),0.887301 (0.805500 + 0.081801),0.887301 (0.805500 + 0.081801),0.881739 (0.800100 + 0.081639),0.876638 (0.794700 + 0.081938),0.876411 (0.794700 + 0.081711),0.855551 (0.774000 + 0.081551),0.855908 (0.774000 + 0.081908),0.885483 (0.803700 + 0.081783),0.847924 (0.766800 + 0.081124),0.885483 (0.803700 + 0.081783),0.887301 (0.805500 + 0.081801),0.883705 (0.801900 + 0.081805),0.879107 (0.797400 + 0.081707),0.858491 (0.776700 + 0.081791),0.859266 (0.777600 + 0.081666),0.861857 (0.780300 + 0.081557),0.853672 (0.772200 + 0.081472),0.853109 (0.771300 + 0.081809),0.878355 (0.796500 + 0.081855),0.883705 (0.801900 + 0.081805),0.871075 (0.789300 + 0.081775),0.869271 (0.787500 + 0.081771),0.866482 (0.784800 + 0.081682),0.877415 (0.795600 + 0.081815),0.866590 (0.784800 + 0.081790),0.860223 (0.778500 + 0.081723),0.887298 (0.805500 + 0.081798),0.887298 (0.805500 + 0.081798),0.858497 (0.776700 + 0.081797),0.858468 (0.776700 + 0.081768),0.858261 (0.776700 + 0.081561),0.854799 (0.773100 + 0.081699),0.862833 (0.781200 + 0.081633),0.879177 (0.797400 + 0.081777),0.854450 (0.773100 + 0.081350),0.887298 (0.805500 + 0.081798),0.862860 (0.781200 + 0.081660),0.837445 (0.756000 + 0.081445),0.856532 (0.774900 + 0.081632),0.887301 (0.805500 + 0.081801),0.859285 (0.777600 + 0.081685),0.849165 (0.767700 + 0.081465),0.859221 (0.777600 + 0.081621),0.881974 (0.800100 + 0.081874),0.870230 (0.788400 + 0.081830),0.885483 (0.803700 + 0.081783),0.887301 (0.805500 + 0.081801),0.861668 (0.780300 + 0.081368),0.858220 (0.776700 + 0.081520),0.853891 (0.772200 + 0.081692),0.867217 (0.785700 + 0.081517),0.885483 (0.803700 + 0.081783),0.881739 (0.800100 + 0.081639),0.852481 (0.770400 + 0.082081),0.864713 (0.783000 + 0.081713),0.845733 (0.764100 + 0.081634),0.853768 (0.772200 + 0.081568)
97,0.887301 (0.805500 + 0.081801),0.858586 (0.776700 + 0.081887),0.879229 (0.797400 + 0.081829),0.866200 (0.784800 + 0.081400),0.880977 (0.799200 + 0.081777),0.879107 (0.797400 + 0.081707),0.858220 (0.776700 + 0.081520),0.859380 (0.777600 + 0.081780),0.859072 (0.777600 + 0.081472),0.858422 (0.776700 + 0.081722),0.863692 (0.782100 + 0.081592),0.849162 (0.767700 + 0.081462),0.862708 (0.781200 + 0.081508),0.870084 (0.788400 + 0.081684),0.863772 (0.782100 + 0.081672),0.857178 (0.775800 + 0.081378),0.852211 (0.770400 + 0.081811),0.880138 (0.798300 + 0.081838),0.884617 (0.802800 + 0.081817),0.885483 (0.803700 + 0.081783),0.860288 (0.778500 + 0.081788),0.887301 (0.805500 + 0.081801),0.887298 (0.805500 + 0.081798),0.871140 (0.789300 + 0.081840),0.863973 (0.782100 + 0.081873),0.887301 (0.805500 + 0.081801),0.859288 (0.777600 + 0.081688),0.887298 (0.805500 + 0.081798),0.885483 (0.803700 + 0.081783),0.878268 (0.796500 + 0.081768),0.871013 (0.789300 + 0.081713),0.852761 (0.771300 + 0.081461),0.842647 (0.761400 + 0.081247),0.854898 (0.773100 + 0.081798),0.881931 (0.800100 + 0.081831),0.854779 (0.773100 + 0.081679),0.882743 (0.801000 + 0.081743),0.851126 (0.769500 + 0.081626),0.865789 (0.783900 + 0.081889),0.878355 (0.796500 + 0.081855),0.887298 (0.805500 + 0.081798),0.859376 (0.777600 + 0.081776),0.859464 (0.777600 + 0.081864),0.865466 (0.783900 + 0.081566),0.857312 (0.775800 + 0.081512),0.860662 (0.779400 + 0.081262),0.870725 (0.789300 + 0.081425),0.885483 (0.803700 + 0.081783),0.852308 (0.770400 + 0.081908),0.885483 (0.803700 + 0.081783),0.848716 (0.766800 + 0.081916),0.880206 (0.798300 + 0.081906),0.872822 (0.791100 + 0.081722),0.842954 (0.761400 + 0.081554),0.881739 (0.800100 + 0.081639),0.863832 (0.782100 + 0.081732),0.869362 (0.787500 + 0.081862),0.857455 (0.775800 + 0.081655),0.862694 (0.781200 + 0.081494),0.885483 (0.803700 + 0.081783),0.883705 (0.801900 + 0.081805),0.840552 (0.758700 + 0.081852),0.881739 (0.800100 + 0.081639),0.884574 (0.802800 + 0.081774),0.885483 (0.803700 + 0.081783),0.843973 (0.762300 + 0.081673),0.850309 (0.768600 + 0.081709),0.865539 (0.783900 + 0.081639),0.854459 (0.773100 + 0.081359),0.853944 (0.772200 + 0.081744)
98,0.887301 (0.805500 + 0.081801),0.869312 (0.787500 + 0.081812),0.855387 (0.774000 + 0.081387),0.860869 (0.779400 + 0.081469),0.877471 (0.795600 + 0.081871),0.862538 (0.781200 + 0.081338),0.868163 (0.786600 + 0.081563),0.887298 (0.805500 + 0.081798),0.871898 (0.790200 + 0.081698),0.880138 (0.798300 + 0.081838),0.885483 (0.803700 + 0.081783),0.850338 (0.768600 + 0.081738),0.871013 (0.789300 + 0.081713),0.887301 (0.805500 + 0.081801),0.856256 (0.774900 + 0.081356),0.858358 (0.776700 + 0.081658),0.880138 (0.798300 + 0.081838),0.885483 (0.803700 + 0.081783),0.865466 (0.783900 + 0.081566),0.862086 (0.780300 + 0.081786),0.854312 (0.773100 + 0.081212),0.857287 (0.775800 + 0.081487),0.887298 (0.805500 + 0.081798),0.865797 (0.783900 + 0.081897),0.887289 (0.805500 + 0.081789),0.887298 (0.805500 + 0.081798),0.887298 (0.805500 + 0.081798),0.880206 (0.798300 + 0.081906),0.885483 (0.803700 + 0.081783),0.851965 (0.770400 + 0.081565),0.852177 (0.770400 + 0.081777),0.857496 (0.775800 + 0.081696),0.860354 (0.778500 + 0.081854),0.860170 (0.778500 + 0.081670),0.861297 (0.779400 + 0.081897),0.879092 (0.797400 + 0.081692),0.855607 (0.774000 + 0.081607),0.859385 (0.777600 + 0.081785),0.851757 (0.770400 + 0.081357),0.850299 (0.768600 + 0.081699),0.881739 (0.800100 + 0.081639),0.876540 (0.794700 + 0.081840),0.887298 (0.805500 + 0.081798),0.880206 (0.798300 + 0.081906),0.844929 (0.763200 + 0.081729),0.850125 (0.768600 + 0.081525),0.845201 (0.763200 + 0.082001),0.883643 (0.801900 + 0.081743),0.857392 (0.775800 + 0.081592),0.871013 (0.789300 + 0.081713),0.866200 (0.784800 + 0.081400),0.862116 (0.780300 + 0.081816),0.880994 (0.799200 + 0.081794),0.840027 (0.758700 + 0.081327),0.847778 (0.765900 + 0.081878),0.851914 (0.770400 + 0.081514),0.858254 (0.776700 + 0.081554),0.855643 (0.774000 + 0.081643),0.862887 (0.781200 + 0.081687),0.855715 (0.774000 + 0.081715),0.852043 (0.770400 + 0.081643),0.847561 (0.765900 + 0.081661),0.845785 (0.764100 + 0.081685),0.887298 (0.805500 + 0.081798),0.882624 (0.801000 + 0.081624),0.887301 (0.805500 + 0.081801),0.887301 (0.805500 + 0.081801),0.848369 (0.766800 + 0.081569),0.879092 (0.797400 + 0.081692),0.851061 (0.769500 + 0.081561)
99,0.887301 (0.805500 + 0.081801),0.873043 (0.791100 + 0.081943),0.862973 (0.781200 + 0.081773),0.854009 (0.772200 + 0.081809),0.871933 (0.790200 + 0.081733),0.887289 (0.805500 + 0.081789),0.882624 (0.801000 + 0.081624),0.875614 (0.793800 + 0.081814),0.859970 (0.778500 + 0.081470),0.887298 (0.805500 + 0.081798),0.887289 (0.805500 + 0.081789),0.859827 (0.778500 + 0.081327),0.869200 (0.787500 + 0.081700),0.876468 (0.794700 + 0.081768),0.881839 (0.800100 + 0.081739),0.845518 (0.764100 + 0.081418),0.881877 (0.800100 + 0.081777),0.856704 (0.774900 + 0.081804),0.887301 (0.805500 + 0.081801),0.858979 (0.777600 + 0.081379),0.858208 (0.776700 + 0.081508),0.887298 (0.805500 + 0.081798),0.876540 (0.794700 + 0.081840),0.872544 (0.791100 + 0.081444),0.869577 (0.787500 + 0.082077),0.880138 (0.798300 + 0.081838),0.883643 (0.801900 + 0.081743),0.887298 (0.805500 + 0.081798),0.865797 (0.783900 + 0.081897),0.850458 (0.768600 + 0.081858),0.859147 (0.777600 + 0.081547),0.856341 (0.774900 + 0.081441),0.874638 (0.792900 + 0.081738),0.870055 (0.788400 + 0.081655),0.855949 (0.774000 + 0.081949),0.849479 (0.767700 + 0.081779),0.847407 (0.765900 + 0.081507),0.879092 (0.797400 + 0.081692),0.879967 (0.798300 + 0.081667),0.861983 (0.780300 + 0.081683),0.853718 (0.772200 + 0.081518),0.860869 (0.779400 + 0.081469),0.855643 (0.774000 + 0.081643),0.862607 (0.781200 + 0.081407),0.852116 (0.770400 + 0.081716),0.880206 (0.798300 + 0.081906),0.871013 (0.789300 + 0.081713),0.887301 (0.805500 + 0.081801),0.868163 (0.786600 + 0.081563),0.862848 (0.781200 + 0.081648),0.885483 (0.803700 + 0.081783),0.887298 (0.805500 + 0.081798),0.880206 (0.798300 + 0.081906),0.883717 (0.801900 + 0.081817),0.868479 (0.786600 + 0.081879),0.876540 (0.794700 + 0.081840),0.860170 (0.778500 + 0.081670),0.850603 (0.768600 + 0.082003),0.853676 (0.772200 + 0.081476),0.859061 (0.777600 + 0.081461),0.866419 (0.784800 + 0.081619),0.885483 (0.803700 + 0.081783),0.856346 (0.774900 + 0.081446),0.859248 (0.777600 + 0.081648),0.849307 (0.767700 + 0.081607),0.859303 (0.777600 + 0.081704),0.879092 (0.797400 + 0.081692),0.878265 (0.796500 + 0.081765),0.853835 (0.772200 + 0.081635),0.887298 (0.805500 + 0.081798)
100,0.887301 (0.805500 + 0.081801),0.875571 (0.793800 + 0.081771),0.887298 (0.805500 + 0.081798),0.852885 (0.771300 + 0.081585),0.878265 (0.796500 + 0.081765),0.852096 (0.770400 + 0.081696),0.859478 (0.777600 + 0.081878),0.859237 (0.777600 + 0.081637),0.844476 (0.763200 + 0.081276),0.868304 (0.786600 + 0.081704),0.872740 (0.791100 + 0.081640),0.887301 (0.805500 + 0.081801),0.862737 (0.781200 + 0.081537),0.871013 (0.789300 + 0.081713),0.887301 (0.805500 + 0.081801),0.857553 (0.775800 + 0.081753),0.887298 (0.805500 + 0.081798),0.882710 (0.801000 + 0.081710),0.870991 (0.789300 + 0.081691),0.880994 (0.799200 + 0.081794),0.883643 (0.801900 + 0.081743),0.850353 (0.768600 + 0.081753),0.885483 (0.803700 + 0.081783),0.878355 (0.796500 + 0.081855),0.862908 (0.781200 + 0.081708),0.883618 (0.801900 + 0.081718),0.839406 (0.757800 + 0.081606),0.876540 (0.794700 + 0.081840),0.871933 (0.790200 + 0.081733),0.860157 (0.778500 + 0.081657),0.887289 (0.805500 + 0.081789),0.887298 (0.805500 + 0.081798),0.862848 (0.781200 + 0.081648),0.876485 (0.794700 + 0.081785),0.867415 (0.785700 + 0.081715),0.859808 (0.778500 + 0.081308),0.878265 (0.796500 + 0.081765),0.852813 (0.771300 + 0.081514),0.854619 (0.773100 + 0.081519),0.863751 (0.782100 + 0.081651),0.885483 (0.803700 + 0.081783),0.880206 (0.798300 + 0.081906),0.860170 (0.778500 + 0.081670),0.836675 (0.755100 + 0.081575),0.875561 (0.793800 + 0.081761),0.874588 (0.792900 + 0.081688),0.856863 (0.774900 + 0.081963),0.863683 (0.782100 + 0.081583),0.842180 (0.760500 + 0.081680),0.838376 (0.756900 + 0.081476),0.867421 (0.785700 + 0.081721),0.875614 (0.793800 + 0.081814),0.871933 (0.790200 + 0.081733),0.859288 (0.777600 + 0.081688),0.851126 (0.769500 + 0.081626),0.880206 (0.798300 + 0.081906),0.866687 (0.784800 + 0.081887),0.882624 (0.801000 + 0.081624),0.851204 (0.769500 + 0.081704),0.885483 (0.803700 + 0.081783),0.869577 (0.787500 + 0.082077),0.859206 (0.777600 + 0.081606),0.852574 (0.771300 + 0.081274),0.885483 (0.803700 + 0.081783),0.859970 (0.778500 + 0.081470),0.887298 (0.805500 + 0.081798),0.879092 (0.797400 + 0.081692),0.861973 (0.780300 + 0.081673),0.874739 (0.792900 + 0.081839),0.846563 (0.765000 + 0.081563)
