Generation,Entry1,Entry2,Entry3,Entry4,Entry5,Entry6,Entry7,Entry8,Entry9,Entry10,Entry11,Entry12,Entry13,Entry14,Entry15,Entry16,Entry17,Entry18,Entry19,Entry20,Entry21,Entry22,Entry23,Entry24,Entry25,Entry26,Entry27,Entry28,Entry29,Entry30,Entry31,Entry32,Entry33,Entry34,Entry35,Entry36,Entry37,Entry38,Entry39,Entry40,Entry41,Entry42,Entry43,Entry44,Entry45,Entry46,Entry47,Entry48,Entry49,Entry50,Entry51,Entry52,Entry53,Entry54,Entry55,Entry56,Entry57,Entry58,Entry59,Entry60,Entry61,Entry62,Entry63,Entry64,Entry65,Entry66,Entry67,Entry68,Entry69,Entry70,Entry71,Entry72,Entry73,Entry74,Entry75,Entry76,Entry77,Entry78,Entry79,Entry80,Entry81,Entry82,Entry83,Entry84,Entry85,Entry86,Entry87,Entry88,Entry89,Entry90,Entry91,Entry92,Entry93,Entry94,Entry95,Entry96,Entry97,Entry98,Entry99,Entry100
1,0.255900 (0.173700 + 0.082200),0.170600 (0.089100 + 0.081500),0.230400 (0.147600 + 0.082800),0.238200 (0.154800 + 0.083400),0.210700 (0.129600 + 0.081100),0.193000 (0.109800 + 0.083200),0.228100 (0.145800 + 0.082300),0.204600 (0.121500 + 0.083100),0.247300 (0.164700 + 0.082600),0.199800 (0.117900 + 0.081900),0.231000 (0.149400 + 0.081600),0.232900 (0.150300 + 0.082600),0.189200 (0.107100 + 0.082100),0.181800 (0.100800 + 0.081000),0.177300 (0.094500 + 0.082800),0.201500 (0.118800 + 0.082700),0.246500 (0.164700 + 0.081800),0.188600 (0.107100 + 0.081500),0.211200 (0.129600 + 0.081600),0.202400 (0.120600 + 0.081800),0.259000 (0.177300 + 0.081700),0.223900 (0.141300 + 0.082600),0.196500 (0.115200 + 0.081300),0.220900 (0.138600 + 0.082300),0.163600 (0.081000 + 0.082600),0.277800 (0.195300 + 0.082500),0.243800 (0.161100 + 0.082700),0.220000 (0.138600 + 0.081400),0.170400 (0.089100 + 0.081300),0.234100 (0.151200 + 0.082900),0.196000 (0.114300 + 0.081700),0.270800 (0.188100 + 0.082700),0.226600 (0.144000 + 0.082600),0.216400 (0.133200 + 0.083200),0.260700 (0.179100 + 0.081600),0.231600 (0.149400 + 0.082200),0.213900 (0.132300 + 0.081600),0.218300 (0.135900 + 0.082400),0.248000 (0.166500 + 0.081500),0.241100 (0.159300 + 0.081800),0.231600 (0.149400 + 0.082200),0.213600 (0.132300 + 0.081300),0.273200 (0.190800 + 0.082400),0.281700 (0.198900 + 0.082800),0.223900 (0.142200 + 0.081700),0.191700 (0.109800 + 0.081900),0.203400 (0.121500 + 0.081900),0.234100 (0.153000 + 0.081100),0.179400 (0.097200 + 0.082200),0.180400 (0.098100 + 0.082300),0.183500 (0.101700 + 0.081800),0.207700 (0.126000 + 0.081700),0.179100 (0.098100 + 0.081000),0.261800 (0.180000 + 0.081800),0.216400 (0.134100 + 0.082300),0.163200 (0.081900 + 0.081300),0.229300 (0.146700 + 0.082600),0.220400 (0.138600 + 0.081800),0.223000 (0.142200 + 0.080800),0.176700 (0.094500 + 0.082200),0.250900 (0.169200 + 0.081700),0.218800 (0.135900 + 0.082900),0.196500 (0.115200 + 0.081300),0.181600 (0.099900 + 0.081700),0.180300 (0.098100 + 0.082200),0.198500 (0.116100 + 0.082400),0.219500 (0.137700 + 0.081800),0.177400 (0.094500 + 0.082900),0.207600 (0.126000 + 0.081600),0.256000 (0.172800 + 0.083200),0.206800 (0.125100 + 0.081700),0.227100 (0.145800 + 0.081300),0.221400 (0.140400 + 0.081000),0.313200 (0.231300 + 0.081900),0.193600 (0.110700 + 0.082900),0.187400 (0.106200 + 0.081200),0.195500 (0.113400 + 0.082100),0.208000 (0.125100 + 0.082900),0.212100 (0.129600 + 0.082500),0.209200 (0.126900 + 0.082300),0.250800 (0.168300 + 0.082500),0.249300 (0.167400 + 0.081900),0.266300 (0.183600 + 0.082700),0.256500 (0.173700 + 0.082800),0.205900 (0.123300 + 0.082600),0.210200 (0.128700 + 0.081500),0.199900 (0.117900 + 0.082000),0.227600 (0.145800 + 0.081800),0.211900 (0.129600 + 0.082300),0.226100 (0.144000 + 0.082100),0.170700 (0.089100 + 0.081600),0.192500 (0.109800 + 0.082700),0.184400 (0.102600 + 0.081800),0.229600 (0.146700 + 0.082900),0.178400 (0.096300 + 0.082100),0.211100 (0.128700 + 0.082400),0.188400 (0.107100 + 0.081300),0.265400 (0.182700 + 0.082700),0.198800 (0.116100 + 0.082700),0.198900 (0.117900 + 0.081000)
2,0.313200 (0.231300 + 0.081900),0.281700 (0.198900 + 0.082800),0.277800 (0.195300 + 0.082500),0.273200 (0.190800 + 0.082400),0.270800 (0.188100 + 0.082700),0.209400 (0.127800 + 0.081600),0.208200 (0.126000 + 0.082200),0.185300 (0.103500 + 0.081800),0.268400 (0.184500 + 0.083900),0.216400 (0.135000 + 0.081400),0.170600 (0.088200 + 0.082400),0.253600 (0.171000 + 0.082600),0.178000 (0.097200 + 0.080800),0.204000 (0.121500 + 0.082500),0.208000 (0.126000 + 0.082000),0.177400 (0.096300 + 0.081100),0.202900 (0.121500 + 0.081400),0.222400 (0.140400 + 0.082000),0.223300 (0.140400 + 0.082900),0.230300 (0.147600 + 0.082700),0.201400 (0.118800 + 0.082600),0.168900 (0.087300 + 0.081600),0.188600 (0.107100 + 0.081500),0.194400 (0.112500 + 0.081900),0.186300 (0.104400 + 0.081900),0.179300 (0.097200 + 0.082100),0.245500 (0.162900 + 0.082600),0.247600 (0.166500 + 0.081100),0.231900 (0.150300 + 0.081600),0.208100 (0.126000 + 0.082100),0.242700 (0.161100 + 0.081600),0.229500 (0.148500 + 0.081000),0.177400 (0.094500 + 0.082900),0.312000 (0.230400 + 0.081600),0.185800 (0.103500 + 0.082300),0.165900 (0.084600 + 0.081300),0.206200 (0.124200 + 0.082000),0.203500 (0.121500 + 0.082000),0.153100 (0.069300 + 0.083800),0.207700 (0.125100 + 0.082600),0.201100 (0.118800 + 0.082300),0.224100 (0.143100 + 0.081000),0.225100 (0.144000 + 0.081100),0.237200 (0.154800 + 0.082400),0.212500 (0.131400 + 0.081100),0.216000 (0.134100 + 0.081900),0.270600 (0.189000 + 0.081600),0.248800 (0.166500 + 0.082300),0.170100 (0.088200 + 0.081900),0.277500 (0.195300 + 0.082200),0.235800 (0.153900 + 0.081900),0.240500 (0.158400 + 0.082100),0.239300 (0.155700 + 0.083600),0.232400 (0.151200 + 0.081200),0.208900 (0.126900 + 0.082000),0.245200 (0.163800 + 0.081400),0.234900 (0.153000 + 0.081900),0.245500 (0.162900 + 0.082600),0.235800 (0.153000 + 0.082800),0.277800 (0.195300 + 0.082500),0.207600 (0.126000 + 0.081600),0.248200 (0.164700 + 0.083500),0.244900 (0.162000 + 0.082900),0.253500 (0.171900 + 0.081600),0.248900 (0.167400 + 0.081500),0.251500 (0.168300 + 0.083200),0.155900 (0.073800 + 0.082100),0.172500 (0.090900 + 0.081600),0.198300 (0.115200 + 0.083100),0.184300 (0.101700 + 0.082600),0.189700 (0.108000 + 0.081700),0.184200 (0.101700 + 0.082500),0.168200 (0.085500 + 0.082700),0.233500 (0.152100 + 0.081400),0.183400 (0.101700 + 0.081700),0.224700 (0.143100 + 0.081600),0.178300 (0.096300 + 0.082000),0.225800 (0.144900 + 0.080900),0.217600 (0.135000 + 0.082600),0.237600 (0.155700 + 0.081900),0.188400 (0.107100 + 0.081300),0.160600 (0.079200 + 0.081400),0.195500 (0.113400 + 0.082100),0.254200 (0.171900 + 0.082300),0.236300 (0.154800 + 0.081500),0.252200 (0.171000 + 0.081200),0.151700 (0.069300 + 0.082400),0.157600 (0.076500 + 0.081100),0.174500 (0.091800 + 0.082700),0.181500 (0.099000 + 0.082500),0.247300 (0.164700 + 0.082600),0.226900 (0.144900 + 0.082000),0.214100 (0.132300 + 0.081800),0.303000 (0.220500 + 0.082500),0.223300 (0.140400 + 0.082900),0.246700 (0.164700 + 0.082000),0.216000 (0.134100 + 0.081900),0.235800 (0.153900 + 0.081900),0.200200 (0.117900 + 0.082300),0.260900 (0.178200 + 0.082700)
3,0.313200 (0.231300 + 0.081900),0.312000 (0.230400 + 0.081600),0.303000 (0.220500 + 0.082500),0.281700 (0.198900 + 0.082800),0.277800 (0.195300 + 0.082500),0.210700 (0.128700 + 0.082000),0.199100 (0.117900 + 0.081200),0.176400 (0.094500 + 0.081900),0.207600 (0.126000 + 0.081600),0.154400 (0.072900 + 0.081500),0.245200 (0.163800 + 0.081400),0.209000 (0.126000 + 0.083000),0.176600 (0.093600 + 0.083000),0.248400 (0.166500 + 0.081900),0.254900 (0.172800 + 0.082100),0.270600 (0.189000 + 0.081600),0.254200 (0.171900 + 0.082300),0.203300 (0.121500 + 0.081800),0.268700 (0.187200 + 0.081500),0.262200 (0.180000 + 0.082200),0.288100 (0.206100 + 0.082000),0.215800 (0.134100 + 0.081700),0.224500 (0.142200 + 0.082300),0.353300 (0.270900 + 0.082400),0.237100 (0.154800 + 0.082300),0.248600 (0.166500 + 0.082100),0.160900 (0.078300 + 0.082600),0.179700 (0.097200 + 0.082500),0.245500 (0.162900 + 0.082600),0.224100 (0.141300 + 0.082800),0.274300 (0.192600 + 0.081700),0.240700 (0.158400 + 0.082300),0.241200 (0.159300 + 0.081900),0.246800 (0.164700 + 0.082100),0.141300 (0.058500 + 0.082800),0.202300 (0.118800 + 0.083500),0.224100 (0.141300 + 0.082800),0.216300 (0.134100 + 0.082200),0.219900 (0.137700 + 0.082200),0.195400 (0.113400 + 0.082000),0.177300 (0.096300 + 0.081000),0.208200 (0.126900 + 0.081300),0.209200 (0.127800 + 0.081400),0.204300 (0.122400 + 0.081900),0.194900 (0.113400 + 0.081500),0.308500 (0.226800 + 0.081700),0.172700 (0.090000 + 0.082700),0.176700 (0.095400 + 0.081300),0.244000 (0.161100 + 0.082900),0.248900 (0.167400 + 0.081500),0.247600 (0.166500 + 0.081100),0.182700 (0.100800 + 0.081900),0.247300 (0.165600 + 0.081700),0.211200 (0.128700 + 0.082500),0.216800 (0.134100 + 0.082700),0.207700 (0.125100 + 0.082600),0.175500 (0.094500 + 0.081000),0.223700 (0.141300 + 0.082400),0.321100 (0.239400 + 0.081700),0.198400 (0.117000 + 0.081400),0.252200 (0.171000 + 0.081200),0.199000 (0.116100 + 0.082900),0.182600 (0.099900 + 0.082700),0.221600 (0.138600 + 0.083000),0.210600 (0.127800 + 0.082800),0.239800 (0.157500 + 0.082300),0.264200 (0.182700 + 0.081500),0.318200 (0.236700 + 0.081500),0.239700 (0.157500 + 0.082200),0.317000 (0.234900 + 0.082100),0.160600 (0.079200 + 0.081400),0.254400 (0.171000 + 0.083400),0.187400 (0.105300 + 0.082100),0.204900 (0.123300 + 0.081600),0.194200 (0.112500 + 0.081700),0.234800 (0.152100 + 0.082700),0.199700 (0.117900 + 0.081800),0.216200 (0.134100 + 0.082100),0.181500 (0.100800 + 0.080700),0.193800 (0.111600 + 0.082200),0.187500 (0.104400 + 0.083100),0.229900 (0.148500 + 0.081400),0.264300 (0.181800 + 0.082500),0.214000 (0.131400 + 0.082600),0.200600 (0.118800 + 0.081800),0.259900 (0.177300 + 0.082600),0.309400 (0.225900 + 0.083500),0.248500 (0.166500 + 0.082000),0.184500 (0.101700 + 0.082800),0.207900 (0.125100 + 0.082800),0.181600 (0.100800 + 0.080800),0.248400 (0.165600 + 0.082800),0.149800 (0.066600 + 0.083200),0.173900 (0.092700 + 0.081200),0.290700 (0.208800 + 0.081900),0.226800 (0.144900 + 0.081900),0.253600 (0.171000 + 0.082600),0.187000 (0.105300 + 0.081700),0.208500 (0.127800 + 0.080700),0.178300 (0.096300 + 0.082000)
4,0.353300 (0.270900 + 0.082400),0.321100 (0.239400 + 0.081700),0.318200 (0.236700 + 0.081500),0.317000 (0.234900 + 0.082100),0.313200 (0.231300 + 0.081900),0.264200 (0.182700 + 0.081500),0.184400 (0.101700 + 0.082700),0.238800 (0.157500 + 0.081300),0.229200 (0.146700 + 0.082500),0.280600 (0.198000 + 0.082600),0.258000 (0.175500 + 0.082500),0.231200 (0.148500 + 0.082700),0.231900 (0.149400 + 0.082500),0.233800 (0.152100 + 0.081700),0.294900 (0.212400 + 0.082500),0.273100 (0.189000 + 0.084100),0.259400 (0.178200 + 0.081200),0.353300 (0.270900 + 0.082400),0.214000 (0.131400 + 0.082600),0.205100 (0.122400 + 0.082700),0.330900 (0.248400 + 0.082500),0.252900 (0.171000 + 0.081900),0.223500 (0.141300 + 0.082200),0.196600 (0.114300 + 0.082300),0.306500 (0.224100 + 0.082400),0.232700 (0.151200 + 0.081500),0.270600 (0.189000 + 0.081600),0.288700 (0.206100 + 0.082600),0.215300 (0.133200 + 0.082100),0.151000 (0.068400 + 0.082600),0.156300 (0.073800 + 0.082500),0.309400 (0.225900 + 0.083500),0.190000 (0.107100 + 0.082900),0.173200 (0.090900 + 0.082300),0.232800 (0.150300 + 0.082500),0.321100 (0.239400 + 0.081700),0.183500 (0.100800 + 0.082700),0.194000 (0.111600 + 0.082400),0.282300 (0.200700 + 0.081600),0.275400 (0.192600 + 0.082800),0.215100 (0.133200 + 0.081900),0.235600 (0.153000 + 0.082600),0.236300 (0.154800 + 0.081500),0.225200 (0.143100 + 0.082100),0.280600 (0.198000 + 0.082600),0.204500 (0.120600 + 0.083900),0.186400 (0.105300 + 0.081100),0.268700 (0.187200 + 0.081500),0.185800 (0.103500 + 0.082300),0.323200 (0.241200 + 0.082000),0.199400 (0.117900 + 0.081500),0.183500 (0.101700 + 0.081800),0.203600 (0.121500 + 0.082100),0.198900 (0.117900 + 0.081000),0.339900 (0.258300 + 0.081600),0.218800 (0.136800 + 0.082000),0.199200 (0.117000 + 0.082200),0.216600 (0.134100 + 0.082500),0.190400 (0.108000 + 0.082400),0.186100 (0.104400 + 0.081700),0.210100 (0.127800 + 0.082300),0.189000 (0.107100 + 0.081900),0.411400 (0.329400 + 0.082000),0.223500 (0.141300 + 0.082200),0.253500 (0.171000 + 0.082500),0.191900 (0.110700 + 0.081200),0.224100 (0.142200 + 0.081900),0.180400 (0.099000 + 0.081400),0.201800 (0.120600 + 0.081200),0.252200 (0.171000 + 0.081200),0.205500 (0.123300 + 0.082200),0.196200 (0.114300 + 0.081900),0.228100 (0.145800 + 0.082300),0.236700 (0.154800 + 0.081900),0.256800 (0.174600 + 0.082200),0.178900 (0.097200 + 0.081700),0.224300 (0.142200 + 0.082100),0.242100 (0.160200 + 0.081900),0.189600 (0.108000 + 0.081600),0.255200 (0.173700 + 0.081500),0.244100 (0.162000 + 0.082100),0.238300 (0.155700 + 0.082600),0.182500 (0.100800 + 0.081700),0.162200 (0.080100 + 0.082100),0.286400 (0.205200 + 0.081200),0.206700 (0.125100 + 0.081600),0.350200 (0.268200 + 0.082000),0.203300 (0.121500 + 0.081800),0.182300 (0.100800 + 0.081500),0.232000 (0.149400 + 0.082600),0.189500 (0.108000 + 0.081500),0.247700 (0.166500 + 0.081200),0.330700 (0.249300 + 0.081400),0.190300 (0.108000 + 0.082300),0.201100 (0.117900 + 0.083200),0.249600 (0.169200 + 0.080400),0.294400 (0.211500 + 0.082900),0.201700 (0.119700 + 0.082000),0.236700 (0.153900 + 0.082800),0.177400 (0.095400 + 0.082000)
5,0.411400 (0.329400 + 0.082000),0.353300 (0.270900 + 0.082400),0.353300 (0.270900 + 0.082400),0.350200 (0.268200 + 0.082000),0.339900 (0.258300 + 0.081600),0.276400 (0.194400 + 0.082000),0.230000 (0.147600 + 0.082400),0.265600 (0.183600 + 0.082000),0.219700 (0.137700 + 0.082000),0.346600 (0.264600 + 0.082000),0.187900 (0.105300 + 0.082600),0.190000 (0.108000 + 0.082000),0.332300 (0.251100 + 0.081200),0.182400 (0.099900 + 0.082500),0.331000 (0.250200 + 0.080800),0.211400 (0.128700 + 0.082700),0.233800 (0.152100 + 0.081700),0.242100 (0.159300 + 0.082800),0.298600 (0.216900 + 0.081700),0.198600 (0.116100 + 0.082500),0.233800 (0.151200 + 0.082600),0.178100 (0.096300 + 0.081800),0.317900 (0.236700 + 0.081200),0.310900 (0.227700 + 0.083200),0.180500 (0.098100 + 0.082400),0.240800 (0.158400 + 0.082400),0.186400 (0.103500 + 0.082900),0.172300 (0.090000 + 0.082300),0.231800 (0.150300 + 0.081500),0.196100 (0.114300 + 0.081800),0.277300 (0.195300 + 0.082000),0.224200 (0.141300 + 0.082900),0.392600 (0.310500 + 0.082100),0.143200 (0.062100 + 0.081100),0.306800 (0.225000 + 0.081800),0.195800 (0.113400 + 0.082400),0.209700 (0.126000 + 0.083700),0.263500 (0.180900 + 0.082600),0.188600 (0.107100 + 0.081500),0.264000 (0.181800 + 0.082200),0.166500 (0.085500 + 0.081000),0.214500 (0.133200 + 0.081300),0.246200 (0.162900 + 0.083300),0.296700 (0.214200 + 0.082500),0.217600 (0.135900 + 0.081700),0.230900 (0.148500 + 0.082400),0.229000 (0.147600 + 0.081400),0.215400 (0.133200 + 0.082200),0.188400 (0.106200 + 0.082200),0.315400 (0.233100 + 0.082300),0.254700 (0.173700 + 0.081000),0.237800 (0.155700 + 0.082100),0.324200 (0.243000 + 0.081200),0.232200 (0.150300 + 0.081900),0.182600 (0.101700 + 0.080900),0.292400 (0.210600 + 0.081800),0.410200 (0.328500 + 0.081700),0.255300 (0.173700 + 0.081600),0.161900 (0.080100 + 0.081800),0.309500 (0.227700 + 0.081800),0.212400 (0.131400 + 0.081000),0.284700 (0.201600 + 0.083100),0.225500 (0.143100 + 0.082400),0.278000 (0.195300 + 0.082700),0.225900 (0.144000 + 0.081900),0.283400 (0.201600 + 0.081800),0.146900 (0.064800 + 0.082100),0.150400 (0.068400 + 0.082000),0.198400 (0.117000 + 0.081400),0.353300 (0.270900 + 0.082400),0.353300 (0.270900 + 0.082400),0.176900 (0.094500 + 0.082400),0.294400 (0.212400 + 0.082000),0.304200 (0.222300 + 0.081900),0.292800 (0.210600 + 0.082200),0.344800 (0.262800 + 0.082000),0.314800 (0.232200 + 0.082600),0.236900 (0.155700 + 0.081200),0.170700 (0.089100 + 0.081600),0.239000 (0.156600 + 0.082400),0.215200 (0.133200 + 0.082000),0.193000 (0.112500 + 0.080500),0.300900 (0.218700 + 0.082200),0.254400 (0.171900 + 0.082500),0.170300 (0.089100 + 0.081200),0.242100 (0.160200 + 0.081900),0.228100 (0.145800 + 0.082300),0.283600 (0.201600 + 0.082000),0.225600 (0.144000 + 0.081600),0.321100 (0.239400 + 0.081700),0.181800 (0.099900 + 0.081900),0.302800 (0.220500 + 0.082300),0.251400 (0.169200 + 0.082200),0.210100 (0.128700 + 0.081400),0.297700 (0.216000 + 0.081700),0.216400 (0.134100 + 0.082300),0.294400 (0.210600 + 0.083800),0.228900 (0.147600 + 0.081300),0.314600 (0.233100 + 0.081500),0.294400 (0.211500 + 0.082900)
6,0.411400 (0.329400 + 0.082000),0.410200 (0.328500 + 0.081700),0.392600 (0.310500 + 0.082100),0.353300 (0.270900 + 0.082400),0.353300 (0.270900 + 0.082400),0.169100 (0.088200 + 0.080900),0.334500 (0.252000 + 0.082500),0.210100 (0.127800 + 0.082300),0.277400 (0.194400 + 0.083000),0.219100 (0.136800 + 0.082300),0.199100 (0.116100 + 0.083000),0.230600 (0.149400 + 0.081200),0.450900 (0.369000 + 0.081900),0.188100 (0.106200 + 0.081900),0.225100 (0.142200 + 0.082900),0.382800 (0.300600 + 0.082200),0.176600 (0.094500 + 0.082100),0.221000 (0.139500 + 0.081500),0.394200 (0.312300 + 0.081900),0.237600 (0.155700 + 0.081900),0.240800 (0.159300 + 0.081500),0.251500 (0.170100 + 0.081400),0.382200 (0.299700 + 0.082500),0.344800 (0.262800 + 0.082000),0.353300 (0.270900 + 0.082400),0.367300 (0.286200 + 0.081100),0.185500 (0.104400 + 0.081100),0.253900 (0.171000 + 0.082900),0.286700 (0.205200 + 0.081500),0.242000 (0.159300 + 0.082700),0.213200 (0.131400 + 0.081800),0.180000 (0.097200 + 0.082800),0.226000 (0.144000 + 0.082000),0.213600 (0.131400 + 0.082200),0.350200 (0.268200 + 0.082000),0.244000 (0.162000 + 0.082000),0.313200 (0.231300 + 0.081900),0.350500 (0.268200 + 0.082300),0.203600 (0.119700 + 0.083900),0.284500 (0.202500 + 0.082000),0.233800 (0.151200 + 0.082600),0.209000 (0.126900 + 0.082100),0.265600 (0.183600 + 0.082000),0.209700 (0.127800 + 0.081900),0.165100 (0.082800 + 0.082300),0.289300 (0.207000 + 0.082300),0.303300 (0.220500 + 0.082800),0.236100 (0.153900 + 0.082200),0.191000 (0.108900 + 0.082100),0.288300 (0.207000 + 0.081300),0.301200 (0.218700 + 0.082500),0.290700 (0.207900 + 0.082800),0.225200 (0.144000 + 0.081200),0.216000 (0.135000 + 0.081000),0.206600 (0.125100 + 0.081500),0.184300 (0.102600 + 0.081700),0.254100 (0.171900 + 0.082200),0.241200 (0.159300 + 0.081900),0.386800 (0.306000 + 0.080800),0.294400 (0.210600 + 0.083800),0.345100 (0.261900 + 0.083200),0.296700 (0.214200 + 0.082500),0.255300 (0.173700 + 0.081600),0.271600 (0.190800 + 0.080800),0.218400 (0.135900 + 0.082500),0.277900 (0.195300 + 0.082600),0.297300 (0.215100 + 0.082200),0.283800 (0.201600 + 0.082200),0.251000 (0.169200 + 0.081800),0.356200 (0.274500 + 0.081700),0.252300 (0.171000 + 0.081300),0.262800 (0.180000 + 0.082800),0.266300 (0.184500 + 0.081800),0.176300 (0.094500 + 0.081800),0.196900 (0.115200 + 0.081700),0.310900 (0.227700 + 0.083200),0.244900 (0.162000 + 0.082900),0.232700 (0.151200 + 0.081500),0.180900 (0.099900 + 0.081000),0.353300 (0.271800 + 0.081500),0.177600 (0.096300 + 0.081300),0.313200 (0.229500 + 0.083700),0.291900 (0.208800 + 0.083100),0.191400 (0.109800 + 0.081600),0.176100 (0.093600 + 0.082500),0.348600 (0.267300 + 0.081300),0.274500 (0.191700 + 0.082800),0.188600 (0.107100 + 0.081500),0.289000 (0.206100 + 0.082900),0.195800 (0.114300 + 0.081500),0.197500 (0.115200 + 0.082300),0.187700 (0.106200 + 0.081500),0.331800 (0.250200 + 0.081600),0.221000 (0.137700 + 0.083300),0.344400 (0.261900 + 0.082500),0.353300 (0.270900 + 0.082400),0.353300 (0.270900 + 0.082400),0.195400 (0.114300 + 0.081100),0.272100 (0.189900 + 0.082200),0.261400 (0.179100 + 0.082300)
7,0.450900 (0.369000 + 0.081900),0.411400 (0.329400 + 0.082000),0.410200 (0.328500 + 0.081700),0.394200 (0.312300 + 0.081900),0.392600 (0.310500 + 0.082100),0.231700 (0.149400 + 0.082300),0.223100 (0.142200 + 0.080900),0.233900 (0.153000 + 0.080900),0.350700 (0.269100 + 0.081600),0.262100 (0.180900 + 0.081200),0.235100 (0.153900 + 0.081200),0.238700 (0.155700 + 0.083000),0.387800 (0.306000 + 0.081800),0.246500 (0.164700 + 0.081800),0.219800 (0.137700 + 0.082100),0.218900 (0.135900 + 0.083000),0.218700 (0.135900 + 0.082800),0.326500 (0.245700 + 0.080800),0.178000 (0.096300 + 0.081700),0.238300 (0.155700 + 0.082600),0.390700 (0.308700 + 0.082000),0.280000 (0.198000 + 0.082000),0.278600 (0.196200 + 0.082400),0.176800 (0.095400 + 0.081400),0.166100 (0.083700 + 0.082400),0.203300 (0.122400 + 0.080900),0.235000 (0.153900 + 0.081100),0.226400 (0.144000 + 0.082400),0.237000 (0.154800 + 0.082200),0.301200 (0.218700 + 0.082500),0.218400 (0.135900 + 0.082500),0.309000 (0.226800 + 0.082200),0.214100 (0.131400 + 0.082700),0.367300 (0.286200 + 0.081100),0.152000 (0.071100 + 0.080900),0.195600 (0.112500 + 0.083100),0.289500 (0.206100 + 0.083400),0.267400 (0.184500 + 0.082900),0.316800 (0.235800 + 0.081000),0.422700 (0.341100 + 0.081600),0.222900 (0.140400 + 0.082500),0.415900 (0.333900 + 0.082000),0.245700 (0.163800 + 0.081900),0.212500 (0.130500 + 0.082000),0.305600 (0.224100 + 0.081500),0.300600 (0.217800 + 0.082800),0.242700 (0.161100 + 0.081600),0.277400 (0.194400 + 0.083000),0.306200 (0.224100 + 0.082100),0.202700 (0.120600 + 0.082100),0.310800 (0.227700 + 0.083100),0.247600 (0.165600 + 0.082000),0.200100 (0.118800 + 0.081300),0.164400 (0.081900 + 0.082500),0.197200 (0.114300 + 0.082900),0.288800 (0.207000 + 0.081800),0.348800 (0.267300 + 0.081500),0.275800 (0.192600 + 0.083200),0.300800 (0.217800 + 0.083000),0.198400 (0.116100 + 0.082300),0.248200 (0.165600 + 0.082600),0.315200 (0.234000 + 0.081200),0.297600 (0.216000 + 0.081600),0.291200 (0.209700 + 0.081500),0.165100 (0.082800 + 0.082300),0.326200 (0.244800 + 0.081400),0.239800 (0.158400 + 0.081400),0.250800 (0.168300 + 0.082500),0.242300 (0.160200 + 0.082100),0.238700 (0.157500 + 0.081200),0.367600 (0.285300 + 0.082300),0.228000 (0.145800 + 0.082200),0.238500 (0.156600 + 0.081900),0.200200 (0.117900 + 0.082300),0.258100 (0.177300 + 0.080800),0.170600 (0.088200 + 0.082400),0.246800 (0.164700 + 0.082100),0.261300 (0.178200 + 0.083100),0.270000 (0.188100 + 0.081900),0.208400 (0.126900 + 0.081500),0.217700 (0.135900 + 0.081800),0.247600 (0.166500 + 0.081100),0.223600 (0.142200 + 0.081400),0.342600 (0.260100 + 0.082500),0.281100 (0.198000 + 0.083100),0.328700 (0.246600 + 0.082100),0.286600 (0.205200 + 0.081400),0.337900 (0.255600 + 0.082300),0.271500 (0.189000 + 0.082500),0.332200 (0.251100 + 0.081100),0.210700 (0.128700 + 0.082000),0.317400 (0.234900 + 0.082500),0.351600 (0.269100 + 0.082500),0.209500 (0.126900 + 0.082600),0.237600 (0.155700 + 0.081900),0.188200 (0.106200 + 0.082000),0.193500 (0.111600 + 0.081900),0.350200 (0.268200 + 0.082000),0.251500 (0.170100 + 0.081400),0.215200 (0.132300 + 0.082900)
8,0.450900 (0.369000 + 0.081900),0.422700 (0.341100 + 0.081600),0.415900 (0.333900 + 0.082000),0.411400 (0.329400 + 0.082000),0.410200 (0.328500 + 0.081700),0.192600 (0.110700 + 0.081900),0.383000 (0.300600 + 0.082400),0.223700 (0.141300 + 0.082400),0.305100 (0.222300 + 0.082800),0.266500 (0.184500 + 0.082000),0.315500 (0.233100 + 0.082400),0.344700 (0.263700 + 0.081000),0.225300 (0.144000 + 0.081300),0.189000 (0.107100 + 0.081900),0.243100 (0.162000 + 0.081100),0.235700 (0.153900 + 0.081800),0.240800 (0.159300 + 0.081500),0.298300 (0.216000 + 0.082300),0.374300 (0.292500 + 0.081800),0.212000 (0.129600 + 0.082400),0.206800 (0.124200 + 0.082600),0.301300 (0.219600 + 0.081700),0.204700 (0.123300 + 0.081400),0.183500 (0.100800 + 0.082700),0.260100 (0.178200 + 0.081900),0.388300 (0.306900 + 0.081400),0.241500 (0.159300 + 0.082200),0.353300 (0.270900 + 0.082400),0.324900 (0.243900 + 0.081000),0.215600 (0.133200 + 0.082400),0.234700 (0.153000 + 0.081700),0.239100 (0.157500 + 0.081600),0.339700 (0.258300 + 0.081400),0.273700 (0.191700 + 0.082000),0.324100 (0.242100 + 0.082000),0.410200 (0.328500 + 0.081700),0.271500 (0.189000 + 0.082500),0.392600 (0.310500 + 0.082100),0.392600 (0.310500 + 0.082100),0.299300 (0.216900 + 0.082400),0.450900 (0.369000 + 0.081900),0.185600 (0.104400 + 0.081200),0.310100 (0.227700 + 0.082400),0.233200 (0.151200 + 0.082000),0.310600 (0.229500 + 0.081100),0.363300 (0.280800 + 0.082500),0.398400 (0.316800 + 0.081600),0.361100 (0.279900 + 0.081200),0.250400 (0.167400 + 0.083000),0.410200 (0.328500 + 0.081700),0.390700 (0.308700 + 0.082000),0.228000 (0.146700 + 0.081300),0.378300 (0.296100 + 0.082200),0.303900 (0.221400 + 0.082500),0.311100 (0.228600 + 0.082500),0.272300 (0.190800 + 0.081500),0.243600 (0.161100 + 0.082500),0.220800 (0.139500 + 0.081300),0.288800 (0.207000 + 0.081800),0.240400 (0.157500 + 0.082900),0.242700 (0.161100 + 0.081600),0.218900 (0.135900 + 0.083000),0.170200 (0.088200 + 0.082000),0.219900 (0.137700 + 0.082200),0.335000 (0.253800 + 0.081200),0.261700 (0.180900 + 0.080800),0.238000 (0.156600 + 0.081400),0.170700 (0.088200 + 0.082500),0.261600 (0.179100 + 0.082500),0.275000 (0.193500 + 0.081500),0.206600 (0.124200 + 0.082400),0.270300 (0.188100 + 0.082200),0.223900 (0.140400 + 0.083500),0.238500 (0.156600 + 0.081900),0.248200 (0.165600 + 0.082600),0.301200 (0.218700 + 0.082500),0.281100 (0.198000 + 0.083100),0.318200 (0.235800 + 0.082400),0.234300 (0.153000 + 0.081300),0.236700 (0.154800 + 0.081900),0.303600 (0.221400 + 0.082200),0.192200 (0.109800 + 0.082400),0.246400 (0.163800 + 0.082600),0.278700 (0.196200 + 0.082500),0.211800 (0.130500 + 0.081300),0.217500 (0.135900 + 0.081600),0.200100 (0.118800 + 0.081300),0.391200 (0.309600 + 0.081600),0.164100 (0.082800 + 0.081300),0.406000 (0.324000 + 0.082000),0.444300 (0.362700 + 0.081600),0.262000 (0.180000 + 0.082000),0.225200 (0.143100 + 0.082100),0.258400 (0.176400 + 0.082000),0.396200 (0.315000 + 0.081200),0.250100 (0.167400 + 0.082700),0.402500 (0.320400 + 0.082100),0.242500 (0.160200 + 0.082300),0.238900 (0.155700 + 0.083200),0.450900 (0.369000 + 0.081900)
9,0.450900 (0.369000 + 0.081900),0.450900 (0.369000 + 0.081900),0.450900 (0.369000 + 0.081900),0.444300 (0.362700 + 0.081600),0.422700 (0.341100 + 0.081600),0.362000 (0.279900 + 0.082100),0.328700 (0.246600 + 0.082100),0.195200 (0.113400 + 0.081800),0.266500 (0.185400 + 0.081100),0.406200 (0.324000 + 0.082200),0.356700 (0.274500 + 0.082200),0.303900 (0.221400 + 0.082500),0.264300 (0.183600 + 0.080700),0.318200 (0.235800 + 0.082400),0.273700 (0.191700 + 0.082000),0.286200 (0.204300 + 0.081900),0.202400 (0.120600 + 0.081800),0.263400 (0.180900 + 0.082500),0.212400 (0.131400 + 0.081000),0.410200 (0.328500 + 0.081700),0.203200 (0.121500 + 0.081700),0.321700 (0.239400 + 0.082300),0.317000 (0.235800 + 0.081200),0.450900 (0.369000 + 0.081900),0.363300 (0.280800 + 0.082500),0.338800 (0.256500 + 0.082300),0.353200 (0.271800 + 0.081400),0.277700 (0.196200 + 0.081500),0.323100 (0.241200 + 0.081900),0.289900 (0.208800 + 0.081100),0.344300 (0.262800 + 0.081500),0.421900 (0.341100 + 0.080800),0.269800 (0.188100 + 0.081700),0.220300 (0.138600 + 0.081700),0.257900 (0.176400 + 0.081500),0.281700 (0.199800 + 0.081900),0.368500 (0.288000 + 0.080500),0.304100 (0.222300 + 0.081800),0.310500 (0.228600 + 0.081900),0.253600 (0.171900 + 0.081700),0.325200 (0.243900 + 0.081300),0.167700 (0.086400 + 0.081300),0.307300 (0.225000 + 0.082300),0.315500 (0.233100 + 0.082400),0.221000 (0.139500 + 0.081500),0.292300 (0.209700 + 0.082600),0.324800 (0.242100 + 0.082700),0.425700 (0.343800 + 0.081900),0.246100 (0.163800 + 0.082300),0.311500 (0.229500 + 0.082000),0.204000 (0.122400 + 0.081600),0.223100 (0.142200 + 0.080900),0.334300 (0.252900 + 0.081400),0.269900 (0.187200 + 0.082700),0.174500 (0.091800 + 0.082700),0.333100 (0.252000 + 0.081100),0.204600 (0.123300 + 0.081300),0.218600 (0.137700 + 0.080900),0.351100 (0.269100 + 0.082000),0.267000 (0.185400 + 0.081600),0.410200 (0.328500 + 0.081700),0.169500 (0.088200 + 0.081300),0.189600 (0.108900 + 0.080700),0.323400 (0.243000 + 0.080400),0.270900 (0.189000 + 0.081900),0.410200 (0.328500 + 0.081700),0.179000 (0.098100 + 0.080900),0.293900 (0.211500 + 0.082400),0.277400 (0.195300 + 0.082100),0.179000 (0.097200 + 0.081800),0.198900 (0.117000 + 0.081900),0.410200 (0.328500 + 0.081700),0.331300 (0.249300 + 0.082000),0.398400 (0.316800 + 0.081600),0.301300 (0.219600 + 0.081700),0.288600 (0.206100 + 0.082500),0.417400 (0.335700 + 0.081700),0.225800 (0.144000 + 0.081800),0.252300 (0.170100 + 0.082200),0.154700 (0.072900 + 0.081800),0.353300 (0.270900 + 0.082400),0.369500 (0.288000 + 0.081500),0.369700 (0.288000 + 0.081700),0.468800 (0.387000 + 0.081800),0.209300 (0.127800 + 0.081500),0.309000 (0.226800 + 0.082200),0.374800 (0.294300 + 0.080500),0.302200 (0.220500 + 0.081700),0.391600 (0.309600 + 0.082000),0.240300 (0.158400 + 0.081900),0.270300 (0.188100 + 0.082200),0.272300 (0.190800 + 0.081500),0.151000 (0.070200 + 0.080800),0.255700 (0.172800 + 0.082900),0.233900 (0.152100 + 0.081800),0.209600 (0.127800 + 0.081800),0.168400 (0.085500 + 0.082900),0.358000 (0.276300 + 0.081700),0.233100 (0.151200 + 0.081900),0.362500 (0.280800 + 0.081700)
10,0.468800 (0.387000 + 0.081800),0.450900 (0.369000 + 0.081900),0.450900 (0.369000 + 0.081900),0.450900 (0.369000 + 0.081900),0.450900 (0.369000 + 0.081900),0.369600 (0.288000 + 0.081600),0.366000 (0.284400 + 0.081600),0.410200 (0.328500 + 0.081700),0.272600 (0.190800 + 0.081800),0.388400 (0.306900 + 0.081500),0.257100 (0.175500 + 0.081600),0.358400 (0.278100 + 0.080300),0.385800 (0.304200 + 0.081600),0.236200 (0.153900 + 0.082300),0.405600 (0.324000 + 0.081600),0.406200 (0.324000 + 0.082200),0.324800 (0.242100 + 0.082700),0.232100 (0.150300 + 0.081800),0.260300 (0.179100 + 0.081200),0.326700 (0.244800 + 0.081900),0.361900 (0.279900 + 0.082000),0.219000 (0.136800 + 0.082200),0.412000 (0.330300 + 0.081700),0.433300 (0.351000 + 0.082300),0.362300 (0.280800 + 0.081500),0.287000 (0.205200 + 0.081800),0.324800 (0.243000 + 0.081800),0.227800 (0.145800 + 0.082000),0.341000 (0.260100 + 0.080900),0.254700 (0.173700 + 0.081000),0.338800 (0.256500 + 0.082300),0.468800 (0.387000 + 0.081800),0.444300 (0.362700 + 0.081600),0.282400 (0.200700 + 0.081700),0.289900 (0.208800 + 0.081100),0.191800 (0.110700 + 0.081100),0.388900 (0.306900 + 0.082000),0.410200 (0.328500 + 0.081700),0.453600 (0.372600 + 0.081000),0.399600 (0.317700 + 0.081900),0.343100 (0.261000 + 0.082100),0.243700 (0.162000 + 0.081700),0.265900 (0.184500 + 0.081400),0.414700 (0.333000 + 0.081700),0.249900 (0.168300 + 0.081600),0.392200 (0.311400 + 0.080800),0.193500 (0.111600 + 0.081900),0.362000 (0.279900 + 0.082100),0.363300 (0.280800 + 0.082500),0.336400 (0.254700 + 0.081700),0.211400 (0.129600 + 0.081800),0.370300 (0.288000 + 0.082300),0.418500 (0.336600 + 0.081900),0.287000 (0.206100 + 0.080900),0.333200 (0.252000 + 0.081200),0.239900 (0.157500 + 0.082400),0.243500 (0.161100 + 0.082400),0.324900 (0.243000 + 0.081900),0.254200 (0.172800 + 0.081400),0.269200 (0.186300 + 0.082900),0.215200 (0.133200 + 0.082000),0.256700 (0.174600 + 0.082100),0.180900 (0.099900 + 0.081000),0.432800 (0.351900 + 0.080900),0.325900 (0.243900 + 0.082000),0.300700 (0.218700 + 0.082000),0.339700 (0.258300 + 0.081400),0.444300 (0.362700 + 0.081600),0.450900 (0.369000 + 0.081900),0.260400 (0.179100 + 0.081300),0.396700 (0.315000 + 0.081700),0.194300 (0.112500 + 0.081800),0.238900 (0.157500 + 0.081400),0.213900 (0.132300 + 0.081600),0.383100 (0.301500 + 0.081600),0.302800 (0.220500 + 0.082300),0.294500 (0.211500 + 0.083000),0.263400 (0.180900 + 0.082500),0.323100 (0.241200 + 0.081900),0.304800 (0.224100 + 0.080700),0.206200 (0.124200 + 0.082000),0.219900 (0.139500 + 0.080400),0.309000 (0.226800 + 0.082200),0.366000 (0.284400 + 0.081600),0.319700 (0.237600 + 0.082100),0.410200 (0.328500 + 0.081700),0.257100 (0.175500 + 0.081600),0.353200 (0.271800 + 0.081400),0.219200 (0.137700 + 0.081500),0.308400 (0.225900 + 0.082500),0.439500 (0.357300 + 0.082200),0.278900 (0.197100 + 0.081800),0.250800 (0.169200 + 0.081600),0.390000 (0.308700 + 0.081300),0.356900 (0.274500 + 0.082400),0.241300 (0.159300 + 0.082000),0.304000 (0.222300 + 0.081700),0.198700 (0.117000 + 0.081700),0.410200 (0.328500 + 0.081700),0.408900 (0.328500 + 0.080400)
11,0.468800 (0.387000 + 0.081800),0.468800 (0.387000 + 0.081800),0.453600 (0.372600 + 0.081000),0.450900 (0.369000 + 0.081900),0.450900 (0.369000 + 0.081900),0.324800 (0.243000 + 0.081800),0.438500 (0.356400 + 0.082100),0.429400 (0.347400 + 0.082000),0.239400 (0.157500 + 0.081900),0.368700 (0.287100 + 0.081600),0.218300 (0.137700 + 0.080600),0.176700 (0.095400 + 0.081300),0.370700 (0.288900 + 0.081800),0.275600 (0.193500 + 0.082100),0.290900 (0.208800 + 0.082100),0.457000 (0.375300 + 0.081700),0.260800 (0.179100 + 0.081700),0.392900 (0.311400 + 0.081500),0.313900 (0.232200 + 0.081700),0.374900 (0.292500 + 0.082400),0.270300 (0.189000 + 0.081300),0.434200 (0.351900 + 0.082300),0.302800 (0.220500 + 0.082300),0.410200 (0.328500 + 0.081700),0.281700 (0.199800 + 0.081900),0.372500 (0.290700 + 0.081800),0.431700 (0.351000 + 0.080700),0.322300 (0.240300 + 0.082000),0.454300 (0.372600 + 0.081700),0.228300 (0.145800 + 0.082500),0.214200 (0.132300 + 0.081900),0.336200 (0.253800 + 0.082400),0.441200 (0.360000 + 0.081200),0.284800 (0.203400 + 0.081400),0.301200 (0.219600 + 0.081600),0.412100 (0.330300 + 0.081800),0.384700 (0.302400 + 0.082300),0.468800 (0.387000 + 0.081800),0.304900 (0.223200 + 0.081700),0.257000 (0.175500 + 0.081500),0.294800 (0.213300 + 0.081500),0.302700 (0.221400 + 0.081300),0.320200 (0.238500 + 0.081700),0.343400 (0.261900 + 0.081500),0.273800 (0.191700 + 0.082100),0.388400 (0.306900 + 0.081500),0.341000 (0.260100 + 0.080900),0.222600 (0.141300 + 0.081300),0.324800 (0.242100 + 0.082700),0.450900 (0.369000 + 0.081900),0.388900 (0.306900 + 0.082000),0.418000 (0.336600 + 0.081400),0.288900 (0.207900 + 0.081000),0.389200 (0.308700 + 0.080500),0.294300 (0.211500 + 0.082800),0.454500 (0.372600 + 0.081900),0.315000 (0.232200 + 0.082800),0.336400 (0.254700 + 0.081700),0.287400 (0.206100 + 0.081300),0.276900 (0.195300 + 0.081600),0.342800 (0.261000 + 0.081800),0.327600 (0.245700 + 0.081900),0.337400 (0.256500 + 0.080900),0.432800 (0.351900 + 0.080900),0.396700 (0.315000 + 0.081700),0.357600 (0.276300 + 0.081300),0.359600 (0.277200 + 0.082400),0.279000 (0.197100 + 0.081900),0.299900 (0.217800 + 0.082100),0.374800 (0.293400 + 0.081400),0.228700 (0.147600 + 0.081100),0.230900 (0.149400 + 0.081500),0.265500 (0.183600 + 0.081900),0.435400 (0.354600 + 0.080800),0.293500 (0.211500 + 0.082000),0.468800 (0.387000 + 0.081800),0.250800 (0.169200 + 0.081600),0.410200 (0.328500 + 0.081700),0.452000 (0.369900 + 0.082100),0.239500 (0.157500 + 0.082000),0.267500 (0.185400 + 0.082100),0.257700 (0.176400 + 0.081300),0.416000 (0.333900 + 0.082100),0.242400 (0.161100 + 0.081300),0.222100 (0.140400 + 0.081700),0.319600 (0.236700 + 0.082900),0.342700 (0.261000 + 0.081700),0.342600 (0.261000 + 0.081600),0.226800 (0.145800 + 0.081000),0.434200 (0.351900 + 0.082300),0.452700 (0.370800 + 0.081900),0.222900 (0.142200 + 0.080700),0.356000 (0.273600 + 0.082400),0.468800 (0.387000 + 0.081800),0.288900 (0.207000 + 0.081900),0.372300 (0.290700 + 0.081600),0.278500 (0.197100 + 0.081400),0.464100 (0.382500 + 0.081600),0.256300 (0.175500 + 0.080800),0.358400 (0.278100 + 0.080300)
12,0.468800 (0.387000 + 0.081800),0.468800 (0.387000 + 0.081800),0.468800 (0.387000 + 0.081800),0.468800 (0.387000 + 0.081800),0.468800 (0.387000 + 0.081800),0.432800 (0.351000 + 0.081800),0.432700 (0.351000 + 0.081700),0.299700 (0.217800 + 0.081900),0.195100 (0.113400 + 0.081700),0.215000 (0.133200 + 0.081800),0.446600 (0.365400 + 0.081200),0.422700 (0.341100 + 0.081600),0.419200 (0.337500 + 0.081700),0.468800 (0.387000 + 0.081800),0.202900 (0.121500 + 0.081400),0.390700 (0.308700 + 0.082000),0.321400 (0.238500 + 0.082900),0.235500 (0.154800 + 0.080700),0.394000 (0.312300 + 0.081700),0.394100 (0.312300 + 0.081800),0.392900 (0.311400 + 0.081500),0.321300 (0.239400 + 0.081900),0.267300 (0.185400 + 0.081900),0.457000 (0.375300 + 0.081700),0.452000 (0.369900 + 0.082100),0.304000 (0.222300 + 0.081700),0.231000 (0.149400 + 0.081600),0.410200 (0.328500 + 0.081700),0.437200 (0.355500 + 0.081700),0.163800 (0.082800 + 0.081000),0.279500 (0.197100 + 0.082400),0.233100 (0.151200 + 0.081900),0.450900 (0.369000 + 0.081900),0.302800 (0.220500 + 0.082300),0.315900 (0.233100 + 0.082800),0.220200 (0.138600 + 0.081600),0.372300 (0.290700 + 0.081600),0.323500 (0.241200 + 0.082300),0.315900 (0.234000 + 0.081900),0.396700 (0.315000 + 0.081700),0.392900 (0.311400 + 0.081500),0.242400 (0.160200 + 0.082200),0.269700 (0.189000 + 0.080700),0.224100 (0.143100 + 0.081000),0.258700 (0.177300 + 0.081400),0.412100 (0.330300 + 0.081800),0.372300 (0.290700 + 0.081600),0.324800 (0.242100 + 0.082700),0.207300 (0.125100 + 0.082200),0.240800 (0.158400 + 0.082400),0.450900 (0.369000 + 0.081900),0.443400 (0.361800 + 0.081600),0.462600 (0.381600 + 0.081000),0.468800 (0.387000 + 0.081800),0.365400 (0.285300 + 0.080100),0.250100 (0.168300 + 0.081800),0.363300 (0.280800 + 0.082500),0.342800 (0.261000 + 0.081800),0.272800 (0.190800 + 0.082000),0.192600 (0.110700 + 0.081900),0.344900 (0.262800 + 0.082100),0.443900 (0.362700 + 0.081200),0.168900 (0.088200 + 0.080700),0.248700 (0.167400 + 0.081300),0.242200 (0.160200 + 0.082000),0.286700 (0.205200 + 0.081500),0.424800 (0.342900 + 0.081900),0.450900 (0.369000 + 0.081900),0.281200 (0.199800 + 0.081400),0.453600 (0.372600 + 0.081000),0.452000 (0.369900 + 0.082100),0.255400 (0.174600 + 0.080800),0.358500 (0.277200 + 0.081300),0.289900 (0.208800 + 0.081100),0.216000 (0.134100 + 0.081900),0.408200 (0.326700 + 0.081500),0.311700 (0.230400 + 0.081300),0.203800 (0.122400 + 0.081400),0.334900 (0.252900 + 0.082000),0.316200 (0.234900 + 0.081300),0.367300 (0.285300 + 0.082000),0.398600 (0.316800 + 0.081800),0.450600 (0.369000 + 0.081600),0.313100 (0.231300 + 0.081800),0.144600 (0.063000 + 0.081600),0.450900 (0.369000 + 0.081900),0.453600 (0.372600 + 0.081000),0.271400 (0.189900 + 0.081500),0.454300 (0.372600 + 0.081700),0.437500 (0.355500 + 0.082000),0.266100 (0.185400 + 0.080700),0.366900 (0.285300 + 0.081600),0.315600 (0.234000 + 0.081600),0.410200 (0.328500 + 0.081700),0.291100 (0.209700 + 0.081400),0.219200 (0.137700 + 0.081500),0.321100 (0.239400 + 0.081700),0.343600 (0.261900 + 0.081700),0.359600 (0.277200 + 0.082400),0.194800 (0.113400 + 0.081400)
13,0.468800 (0.387000 + 0.081800),0.468800 (0.387000 + 0.081800),0.468800 (0.387000 + 0.081800),0.468800 (0.387000 + 0.081800),0.468800 (0.387000 + 0.081800),0.468800 (0.387000 + 0.081800),0.398600 (0.316800 + 0.081800),0.390700 (0.308700 + 0.082000),0.309300 (0.227700 + 0.081600),0.406700 (0.324900 + 0.081800),0.336400 (0.254700 + 0.081700),0.372300 (0.290700 + 0.081600),0.452000 (0.369900 + 0.082100),0.297600 (0.215100 + 0.082500),0.392400 (0.311400 + 0.081000),0.369400 (0.287100 + 0.082300),0.491900 (0.410400 + 0.081500),0.412900 (0.331200 + 0.081700),0.188900 (0.107100 + 0.081800),0.203800 (0.121500 + 0.082300),0.351100 (0.269100 + 0.082000),0.318700 (0.236700 + 0.082000),0.204200 (0.123300 + 0.080900),0.315400 (0.234000 + 0.081400),0.315600 (0.234000 + 0.081600),0.468800 (0.387000 + 0.081800),0.432700 (0.351000 + 0.081700),0.211700 (0.129600 + 0.082100),0.413900 (0.332100 + 0.081800),0.315000 (0.233100 + 0.081900),0.241000 (0.159300 + 0.081700),0.410200 (0.328500 + 0.081700),0.307300 (0.225900 + 0.081400),0.410200 (0.328500 + 0.081700),0.439800 (0.358200 + 0.081600),0.450900 (0.369000 + 0.081900),0.217600 (0.135900 + 0.081700),0.304100 (0.223200 + 0.080900),0.456300 (0.374400 + 0.081900),0.321100 (0.239400 + 0.081700),0.272600 (0.190800 + 0.081800),0.295900 (0.213300 + 0.082600),0.497200 (0.414900 + 0.082300),0.220600 (0.139500 + 0.081100),0.280400 (0.198900 + 0.081500),0.468800 (0.387000 + 0.081800),0.311700 (0.230400 + 0.081300),0.453600 (0.372600 + 0.081000),0.273500 (0.191700 + 0.081800),0.448100 (0.366300 + 0.081800),0.441900 (0.360000 + 0.081900),0.272800 (0.190800 + 0.082000),0.461900 (0.379800 + 0.082100),0.324100 (0.241200 + 0.082900),0.261500 (0.179100 + 0.082400),0.441900 (0.360000 + 0.081900),0.448100 (0.366300 + 0.081800),0.273200 (0.191700 + 0.081500),0.269300 (0.188100 + 0.081200),0.450900 (0.369000 + 0.081900),0.411200 (0.330300 + 0.080900),0.313100 (0.231300 + 0.081800),0.450600 (0.369000 + 0.081600),0.205500 (0.124200 + 0.081300),0.457000 (0.375300 + 0.081700),0.221800 (0.140400 + 0.081400),0.270200 (0.188100 + 0.082100),0.396000 (0.314100 + 0.081900),0.416400 (0.334800 + 0.081600),0.357800 (0.276300 + 0.081500),0.319600 (0.236700 + 0.082900),0.261400 (0.180000 + 0.081400),0.212500 (0.130500 + 0.082000),0.186200 (0.104400 + 0.081800),0.298400 (0.216900 + 0.081500),0.196100 (0.114300 + 0.081800),0.286500 (0.205200 + 0.081300),0.485100 (0.403200 + 0.081900),0.365900 (0.284400 + 0.081500),0.378900 (0.297000 + 0.081900),0.275100 (0.193500 + 0.081600),0.292100 (0.210600 + 0.081500),0.297400 (0.215100 + 0.082300),0.265600 (0.185400 + 0.080200),0.396500 (0.315000 + 0.081500),0.302000 (0.220500 + 0.081500),0.410200 (0.328500 + 0.081700),0.302100 (0.220500 + 0.081600),0.252200 (0.170100 + 0.082100),0.308600 (0.226800 + 0.081800),0.268900 (0.187200 + 0.081700),0.419200 (0.337500 + 0.081700),0.342800 (0.261000 + 0.081800),0.172400 (0.090900 + 0.081500),0.462600 (0.381600 + 0.081000),0.441900 (0.360000 + 0.081900),0.255400 (0.173700 + 0.081700),0.255900 (0.174600 + 0.081300),0.468800 (0.387000 + 0.081800),0.450600 (0.369000 + 0.081600)
14,0.497200 (0.414900 + 0.082300),0.491900 (0.410400 + 0.081500),0.485100 (0.403200 + 0.081900),0.468800 (0.387000 + 0.081800),0.468800 (0.387000 + 0.081800),0.468800 (0.387000 + 0.081800),0.396500 (0.315000 + 0.081500),0.306200 (0.225000 + 0.081200),0.356500 (0.275400 + 0.081100),0.192100 (0.110700 + 0.081400),0.268000 (0.186300 + 0.081700),0.254500 (0.172800 + 0.081700),0.236700 (0.154800 + 0.081900),0.450900 (0.369000 + 0.081900),0.406100 (0.324000 + 0.082100),0.208500 (0.126000 + 0.082500),0.441900 (0.360000 + 0.081900),0.459900 (0.378000 + 0.081900),0.314500 (0.233100 + 0.081400),0.282600 (0.200700 + 0.081900),0.398500 (0.316800 + 0.081700),0.468800 (0.387000 + 0.081800),0.285100 (0.203400 + 0.081700),0.491200 (0.409500 + 0.081700),0.261600 (0.180000 + 0.081600),0.313600 (0.232200 + 0.081400),0.451400 (0.369000 + 0.082400),0.256100 (0.174600 + 0.081500),0.226300 (0.144900 + 0.081400),0.321100 (0.239400 + 0.081700),0.410200 (0.328500 + 0.081700),0.468800 (0.387000 + 0.081800),0.413900 (0.332100 + 0.081800),0.253700 (0.171900 + 0.081800),0.153700 (0.072000 + 0.081700),0.320300 (0.238500 + 0.081800),0.213800 (0.132300 + 0.081500),0.468800 (0.387000 + 0.081800),0.214900 (0.134100 + 0.080800),0.334100 (0.252000 + 0.082100),0.256600 (0.174600 + 0.082000),0.452700 (0.370800 + 0.081900),0.246200 (0.164700 + 0.081500),0.448100 (0.366300 + 0.081800),0.432700 (0.351000 + 0.081700),0.468800 (0.387000 + 0.081800),0.173400 (0.091800 + 0.081600),0.435600 (0.353700 + 0.081900),0.317600 (0.234900 + 0.082700),0.485100 (0.403200 + 0.081900),0.419200 (0.337500 + 0.081700),0.283300 (0.202500 + 0.080800),0.456300 (0.374400 + 0.081900),0.450900 (0.369000 + 0.081900),0.422700 (0.341100 + 0.081600),0.314700 (0.233100 + 0.081600),0.413000 (0.332100 + 0.080900),0.468800 (0.387000 + 0.081800),0.450600 (0.369000 + 0.081600),0.313100 (0.231300 + 0.081800),0.272600 (0.190800 + 0.081800),0.461500 (0.379800 + 0.081700),0.379500 (0.297900 + 0.081600),0.450900 (0.369000 + 0.081900),0.286500 (0.204300 + 0.082200),0.452000 (0.369900 + 0.082100),0.456300 (0.374400 + 0.081900),0.468800 (0.387000 + 0.081800),0.319600 (0.236700 + 0.082900),0.390500 (0.308700 + 0.081800),0.438200 (0.357300 + 0.080900),0.450900 (0.369000 + 0.081900),0.409200 (0.327600 + 0.081600),0.468800 (0.387000 + 0.081800),0.237800 (0.156600 + 0.081200),0.468800 (0.387000 + 0.081800),0.468800 (0.387000 + 0.081800),0.261700 (0.180900 + 0.080800),0.374200 (0.292500 + 0.081700),0.441900 (0.360000 + 0.081900),0.258600 (0.177300 + 0.081300),0.283800 (0.202500 + 0.081300),0.456300 (0.374400 + 0.081900),0.401500 (0.319500 + 0.082000),0.356600 (0.274500 + 0.082100),0.292600 (0.210600 + 0.082000),0.412100 (0.330300 + 0.081800),0.223800 (0.142200 + 0.081600),0.380200 (0.298800 + 0.081400),0.235500 (0.153900 + 0.081600),0.450900 (0.369000 + 0.081900),0.450900 (0.369000 + 0.081900),0.406100 (0.324000 + 0.082100),0.485100 (0.403200 + 0.081900),0.200400 (0.118800 + 0.081600),0.304200 (0.223200 + 0.081000),0.195900 (0.114300 + 0.081600),0.432900 (0.351900 + 0.081000),0.468800 (0.387000 + 0.081800),0.230600 (0.149400 + 0.081200)
15,0.497200 (0.414900 + 0.082300),0.491900 (0.410400 + 0.081500),0.491200 (0.409500 + 0.081700),0.485100 (0.403200 + 0.081900),0.485100 (0.403200 + 0.081900),0.479000 (0.397800 + 0.081200),0.255300 (0.173700 + 0.081600),0.258200 (0.176400 + 0.081800),0.338200 (0.256500 + 0.081700),0.468800 (0.387000 + 0.081800),0.239800 (0.158400 + 0.081400),0.306800 (0.225000 + 0.081800),0.398900 (0.316800 + 0.082100),0.428500 (0.346500 + 0.082000),0.344700 (0.261900 + 0.082800),0.284600 (0.202500 + 0.082100),0.491200 (0.409500 + 0.081700),0.273600 (0.191700 + 0.081900),0.468800 (0.387000 + 0.081800),0.433800 (0.351900 + 0.081900),0.411200 (0.329400 + 0.081800),0.385700 (0.304200 + 0.081500),0.245100 (0.163800 + 0.081300),0.338400 (0.257400 + 0.081000),0.255000 (0.173700 + 0.081300),0.485100 (0.403200 + 0.081900),0.468800 (0.387000 + 0.081800),0.232900 (0.151200 + 0.081700),0.272600 (0.190800 + 0.081800),0.446500 (0.365400 + 0.081100),0.322700 (0.241200 + 0.081500),0.212100 (0.130500 + 0.081600),0.414200 (0.332100 + 0.082100),0.218200 (0.136800 + 0.081400),0.272900 (0.191700 + 0.081200),0.468800 (0.387000 + 0.081800),0.491900 (0.410400 + 0.081500),0.396000 (0.314100 + 0.081900),0.461900 (0.379800 + 0.082100),0.257600 (0.175500 + 0.082100),0.178900 (0.098100 + 0.080800),0.468800 (0.387000 + 0.081800),0.237400 (0.155700 + 0.081700),0.368200 (0.286200 + 0.082000),0.304900 (0.223200 + 0.081700),0.304800 (0.223200 + 0.081600),0.464400 (0.382500 + 0.081900),0.485100 (0.403200 + 0.081900),0.450900 (0.369000 + 0.081900),0.245500 (0.163800 + 0.081700),0.450900 (0.369000 + 0.081900),0.468800 (0.387000 + 0.081800),0.159800 (0.078300 + 0.081500),0.452700 (0.370800 + 0.081900),0.491200 (0.409500 + 0.081700),0.491200 (0.409500 + 0.081700),0.210200 (0.128700 + 0.081500),0.440100 (0.358200 + 0.081900),0.452700 (0.370800 + 0.081900),0.225000 (0.143100 + 0.081900),0.450900 (0.369000 + 0.081900),0.207700 (0.126000 + 0.081700),0.382500 (0.300600 + 0.081900),0.441900 (0.360000 + 0.081900),0.441900 (0.360000 + 0.081900),0.468800 (0.387000 + 0.081800),0.419200 (0.337500 + 0.081700),0.468800 (0.387000 + 0.081800),0.432900 (0.351900 + 0.081000),0.398500 (0.316800 + 0.081700),0.413900 (0.332100 + 0.081800),0.310200 (0.228600 + 0.081600),0.370200 (0.288000 + 0.082200),0.450900 (0.369000 + 0.081900),0.237100 (0.155700 + 0.081400),0.221800 (0.140400 + 0.081400),0.174500 (0.092700 + 0.081800),0.225400 (0.144000 + 0.081400),0.271400 (0.189900 + 0.081500),0.468800 (0.387000 + 0.081800),0.450900 (0.369000 + 0.081900),0.319000 (0.237600 + 0.081400),0.254400 (0.172800 + 0.081600),0.228900 (0.147600 + 0.081300),0.468800 (0.387000 + 0.081800),0.250200 (0.169200 + 0.081000),0.464300 (0.382500 + 0.081800),0.311100 (0.229500 + 0.081600),0.450900 (0.369000 + 0.081900),0.310500 (0.228600 + 0.081900),0.253700 (0.171900 + 0.081800),0.463300 (0.381600 + 0.081700),0.168800 (0.087300 + 0.081500),0.308600 (0.225900 + 0.082700),0.319200 (0.237600 + 0.081600),0.450900 (0.369000 + 0.081900),0.238700 (0.157500 + 0.081200),0.468800 (0.387000 + 0.081800),0.201400 (0.119700 + 0.081700),0.413900 (0.332100 + 0.081800)
16,0.497200 (0.414900 + 0.082300),0.491900 (0.410400 + 0.081500),0.491900 (0.410400 + 0.081500),0.491200 (0.409500 + 0.081700),0.491200 (0.409500 + 0.081700),0.452700 (0.370800 + 0.081900),0.452700 (0.370800 + 0.081900),0.414800 (0.333000 + 0.081800),0.279500 (0.198000 + 0.081500),0.368800 (0.287100 + 0.081700),0.209600 (0.128700 + 0.080900),0.464400 (0.382500 + 0.081900),0.282300 (0.200700 + 0.081600),0.468800 (0.387000 + 0.081800),0.382500 (0.300600 + 0.081900),0.468800 (0.387000 + 0.081800),0.491200 (0.409500 + 0.081700),0.174200 (0.092700 + 0.081500),0.363300 (0.281700 + 0.081600),0.382500 (0.300600 + 0.081900),0.464400 (0.382500 + 0.081900),0.464300 (0.382500 + 0.081800),0.319200 (0.237600 + 0.081600),0.468800 (0.387000 + 0.081800),0.414200 (0.332100 + 0.082100),0.468800 (0.387000 + 0.081800),0.485100 (0.403200 + 0.081900),0.258800 (0.177300 + 0.081500),0.392200 (0.310500 + 0.081700),0.485100 (0.403200 + 0.081900),0.450900 (0.369000 + 0.081900),0.485100 (0.403200 + 0.081900),0.143600 (0.062100 + 0.081500),0.314000 (0.232200 + 0.081800),0.409600 (0.327600 + 0.082000),0.286500 (0.204300 + 0.082200),0.274500 (0.192600 + 0.081900),0.241200 (0.159300 + 0.081900),0.305100 (0.223200 + 0.081900),0.485100 (0.403200 + 0.081900),0.432900 (0.351900 + 0.081000),0.491900 (0.410400 + 0.081500),0.441900 (0.360000 + 0.081900),0.450900 (0.369000 + 0.081900),0.459900 (0.378000 + 0.081900),0.459900 (0.378000 + 0.081900),0.450900 (0.369000 + 0.081900),0.252300 (0.171000 + 0.081300),0.399400 (0.317700 + 0.081700),0.293500 (0.211500 + 0.082000),0.202800 (0.121500 + 0.081300),0.188100 (0.107100 + 0.081000),0.262500 (0.180900 + 0.081600),0.302000 (0.220500 + 0.081500),0.305600 (0.224100 + 0.081500),0.205000 (0.124200 + 0.080800),0.458300 (0.376200 + 0.082100),0.224800 (0.143100 + 0.081700),0.400800 (0.319500 + 0.081300),0.337400 (0.255600 + 0.081800),0.184900 (0.103500 + 0.081400),0.382500 (0.300600 + 0.081900),0.461900 (0.379800 + 0.082100),0.315500 (0.234000 + 0.081500),0.440100 (0.358200 + 0.081900),0.468800 (0.387000 + 0.081800),0.491900 (0.410400 + 0.081500),0.243200 (0.161100 + 0.082100),0.431900 (0.350100 + 0.081800),0.403600 (0.322200 + 0.081400),0.264200 (0.182700 + 0.081500),0.338400 (0.257400 + 0.081000),0.197400 (0.116100 + 0.081300),0.165900 (0.084600 + 0.081300),0.441900 (0.360000 + 0.081900),0.485100 (0.403200 + 0.081900),0.491200 (0.409500 + 0.081700),0.464400 (0.382500 + 0.081900),0.307600 (0.225900 + 0.081700),0.485100 (0.403200 + 0.081900),0.485100 (0.403200 + 0.081900),0.238800 (0.157500 + 0.081300),0.468800 (0.387000 + 0.081800),0.368700 (0.287100 + 0.081600),0.413900 (0.332100 + 0.081800),0.376800 (0.295200 + 0.081600),0.409400 (0.327600 + 0.081800),0.366800 (0.284400 + 0.082400),0.360800 (0.279000 + 0.081800),0.232200 (0.150300 + 0.081900),0.413900 (0.332100 + 0.081800),0.441900 (0.360000 + 0.081900),0.413900 (0.332100 + 0.081800),0.480700 (0.398700 + 0.082000),0.472600 (0.390600 + 0.082000),0.433800 (0.351900 + 0.081900),0.450900 (0.369000 + 0.081900),0.250900 (0.169200 + 0.081700),0.491100 (0.409500 + 0.081600),0.198500 (0.117000 + 0.081500)
17,0.497200 (0.414900 + 0.082300),0.491900 (0.410400 + 0.081500),0.491900 (0.410400 + 0.081500),0.491900 (0.410400 + 0.081500),0.491900 (0.410400 + 0.081500),0.376900 (0.295200 + 0.081700),0.415600 (0.333900 + 0.081700),0.468800 (0.387000 + 0.081800),0.491900 (0.410400 + 0.081500),0.497200 (0.414900 + 0.082300),0.338400 (0.257400 + 0.081000),0.192700 (0.111600 + 0.081100),0.468800 (0.387000 + 0.081800),0.282700 (0.200700 + 0.082000),0.295000 (0.213300 + 0.081700),0.382500 (0.300600 + 0.081900),0.441900 (0.360000 + 0.081900),0.262500 (0.180900 + 0.081600),0.273400 (0.191700 + 0.081700),0.254600 (0.172800 + 0.081800),0.262500 (0.180900 + 0.081600),0.458300 (0.376200 + 0.082100),0.348000 (0.266400 + 0.081600),0.216900 (0.135900 + 0.081000),0.237600 (0.155700 + 0.081900),0.491200 (0.409500 + 0.081700),0.450900 (0.369000 + 0.081900),0.491900 (0.410400 + 0.081500),0.380500 (0.298800 + 0.081700),0.330600 (0.248400 + 0.082200),0.270900 (0.189000 + 0.081900),0.243000 (0.161100 + 0.081900),0.491200 (0.409500 + 0.081700),0.234100 (0.152100 + 0.082000),0.370600 (0.288900 + 0.081700),0.427400 (0.345600 + 0.081800),0.272600 (0.190800 + 0.081800),0.468800 (0.387000 + 0.081800),0.268900 (0.187200 + 0.081700),0.317600 (0.235800 + 0.081800),0.462600 (0.381600 + 0.081000),0.468800 (0.387000 + 0.081800),0.491900 (0.410400 + 0.081500),0.441900 (0.360000 + 0.081900),0.468800 (0.387000 + 0.081800),0.203200 (0.121500 + 0.081700),0.257400 (0.175500 + 0.081900),0.293100 (0.211500 + 0.081600),0.468800 (0.387000 + 0.081800),0.216400 (0.135000 + 0.081400),0.293100 (0.211500 + 0.081600),0.450900 (0.369000 + 0.081900),0.319000 (0.237600 + 0.081400),0.304800 (0.223200 + 0.081600),0.313800 (0.232200 + 0.081600),0.284100 (0.202500 + 0.081600),0.277800 (0.196200 + 0.081600),0.448000 (0.366300 + 0.081700),0.517100 (0.435600 + 0.081500),0.468800 (0.387000 + 0.081800),0.431900 (0.350100 + 0.081800),0.468800 (0.387000 + 0.081800),0.464400 (0.382500 + 0.081900),0.452600 (0.370800 + 0.081800),0.479900 (0.397800 + 0.082100),0.368800 (0.287100 + 0.081700),0.267100 (0.185400 + 0.081700),0.468800 (0.387000 + 0.081800),0.485100 (0.403200 + 0.081900),0.275400 (0.193500 + 0.081900),0.343900 (0.261900 + 0.082000),0.395600 (0.314100 + 0.081500),0.178800 (0.097200 + 0.081600),0.185600 (0.104400 + 0.081200),0.450900 (0.369000 + 0.081900),0.491200 (0.409500 + 0.081700),0.256900 (0.175500 + 0.081400),0.235800 (0.153900 + 0.081900),0.434600 (0.352800 + 0.081800),0.273100 (0.191700 + 0.081400),0.485100 (0.403200 + 0.081900),0.254300 (0.172800 + 0.081500),0.465200 (0.383400 + 0.081800),0.187500 (0.105300 + 0.082200),0.396400 (0.315000 + 0.081400),0.485100 (0.403200 + 0.081900),0.441900 (0.360000 + 0.081900),0.451200 (0.369000 + 0.082200),0.520200 (0.438300 + 0.081900),0.461600 (0.379800 + 0.081800),0.343600 (0.261900 + 0.081700),0.428500 (0.346500 + 0.082000),0.383300 (0.301500 + 0.081800),0.485100 (0.403200 + 0.081900),0.485100 (0.403200 + 0.081900),0.491200 (0.409500 + 0.081700),0.431900 (0.350100 + 0.081800),0.165000 (0.083700 + 0.081300),0.361000 (0.279000 + 0.082000),0.485100 (0.403200 + 0.081900)
18,0.520200 (0.438300 + 0.081900),0.517100 (0.435600 + 0.081500),0.497200 (0.414900 + 0.082300),0.497200 (0.414900 + 0.082300),0.491900 (0.410400 + 0.081500),0.468800 (0.387000 + 0.081800),0.517100 (0.435600 + 0.081500),0.491200 (0.409500 + 0.081700),0.304800 (0.223200 + 0.081600),0.290500 (0.208800 + 0.081700),0.442700 (0.360900 + 0.081800),0.325500 (0.243900 + 0.081600),0.291300 (0.209700 + 0.081600),0.198600 (0.117000 + 0.081600),0.406600 (0.324900 + 0.081700),0.242600 (0.161100 + 0.081500),0.463300 (0.381600 + 0.081700),0.287700 (0.206100 + 0.081600),0.243000 (0.161100 + 0.081900),0.472400 (0.390600 + 0.081800),0.349900 (0.268200 + 0.081700),0.384100 (0.302400 + 0.081700),0.297900 (0.216000 + 0.081900),0.517100 (0.435600 + 0.081500),0.468800 (0.387000 + 0.081800),0.225100 (0.143100 + 0.082000),0.281600 (0.199800 + 0.081800),0.491900 (0.410400 + 0.081500),0.468800 (0.387000 + 0.081800),0.464400 (0.382500 + 0.081900),0.491900 (0.410400 + 0.081500),0.234500 (0.153000 + 0.081500),0.292500 (0.210600 + 0.081900),0.491200 (0.409500 + 0.081700),0.468800 (0.387000 + 0.081800),0.470900 (0.388800 + 0.082100),0.227400 (0.145800 + 0.081600),0.382300 (0.300600 + 0.081700),0.231900 (0.150300 + 0.081600),0.332700 (0.251100 + 0.081600),0.258900 (0.177300 + 0.081600),0.489200 (0.407700 + 0.081500),0.465200 (0.383400 + 0.081800),0.254000 (0.171900 + 0.082100),0.491900 (0.410400 + 0.081500),0.393300 (0.311400 + 0.081900),0.217700 (0.135900 + 0.081800),0.491900 (0.410400 + 0.081500),0.491200 (0.409500 + 0.081700),0.428500 (0.346500 + 0.082000),0.188200 (0.106200 + 0.082000),0.299100 (0.216900 + 0.082200),0.366000 (0.284400 + 0.081600),0.173300 (0.091800 + 0.081500),0.233100 (0.151200 + 0.081900),0.284200 (0.202500 + 0.081700),0.396400 (0.315000 + 0.081400),0.225600 (0.144000 + 0.081600),0.314900 (0.233100 + 0.081800),0.260300 (0.178200 + 0.082100),0.497200 (0.414900 + 0.082300),0.524500 (0.442800 + 0.081700),0.216100 (0.134100 + 0.082000),0.489400 (0.407700 + 0.081700),0.435800 (0.353700 + 0.082100),0.501100 (0.419400 + 0.081700),0.227800 (0.145800 + 0.082000),0.499000 (0.417600 + 0.081400),0.468800 (0.387000 + 0.081800),0.488700 (0.406800 + 0.081900),0.261500 (0.180000 + 0.081500),0.201500 (0.119700 + 0.081800),0.224400 (0.143100 + 0.081300),0.456200 (0.375300 + 0.080900),0.500400 (0.418500 + 0.081900),0.485100 (0.403200 + 0.081900),0.491200 (0.409500 + 0.081700),0.250800 (0.169200 + 0.081600),0.498100 (0.415800 + 0.082300),0.491200 (0.409500 + 0.081700),0.451200 (0.369000 + 0.082200),0.450900 (0.369000 + 0.081900),0.478000 (0.396000 + 0.082000),0.468800 (0.387000 + 0.081800),0.468800 (0.387000 + 0.081800),0.313900 (0.232200 + 0.081700),0.485100 (0.403200 + 0.081900),0.221400 (0.139500 + 0.081900),0.485100 (0.403200 + 0.081900),0.241500 (0.160200 + 0.081300),0.216600 (0.135000 + 0.081600),0.519900 (0.438300 + 0.081600),0.319100 (0.237600 + 0.081500),0.323800 (0.242100 + 0.081700),0.253600 (0.171900 + 0.081700),0.397100 (0.315900 + 0.081200),0.331400 (0.249300 + 0.082100),0.468800 (0.387000 + 0.081800),0.199500 (0.117900 + 0.081600),0.465200 (0.383400 + 0.081800)
19,0.524500 (0.442800 + 0.081700),0.520200 (0.438300 + 0.081900),0.519900 (0.438300 + 0.081600),0.517100 (0.435600 + 0.081500),0.517100 (0.435600 + 0.081500),0.468800 (0.387000 + 0.081800),0.285700 (0.204300 + 0.081400),0.269500 (0.188100 + 0.081400),0.452000 (0.369900 + 0.082100),0.396400 (0.314100 + 0.082300),0.379100 (0.297000 + 0.082100),0.382800 (0.301500 + 0.081300),0.501300 (0.419400 + 0.081900),0.324300 (0.243000 + 0.081300),0.415300 (0.333000 + 0.082300),0.472400 (0.390600 + 0.081800),0.186600 (0.105300 + 0.081300),0.517100 (0.435600 + 0.081500),0.468800 (0.387000 + 0.081800),0.491200 (0.409500 + 0.081700),0.214500 (0.133200 + 0.081300),0.520500 (0.439200 + 0.081300),0.451800 (0.369900 + 0.081900),0.485100 (0.403200 + 0.081900),0.284900 (0.204300 + 0.080600),0.484100 (0.402300 + 0.081800),0.480300 (0.398700 + 0.081600),0.491200 (0.409500 + 0.081700),0.468800 (0.387000 + 0.081800),0.468800 (0.387000 + 0.081800),0.465200 (0.383400 + 0.081800),0.180300 (0.099000 + 0.081300),0.512800 (0.431100 + 0.081700),0.489200 (0.407700 + 0.081500),0.491200 (0.409500 + 0.081700),0.215500 (0.134100 + 0.081400),0.310500 (0.228600 + 0.081900),0.305600 (0.224100 + 0.081500),0.403200 (0.321300 + 0.081900),0.288400 (0.206100 + 0.082300),0.351100 (0.270000 + 0.081100),0.472400 (0.390600 + 0.081800),0.255300 (0.173700 + 0.081600),0.396400 (0.315000 + 0.081400),0.314900 (0.233100 + 0.081800),0.505600 (0.423900 + 0.081700),0.456000 (0.373500 + 0.082500),0.415600 (0.333900 + 0.081700),0.210200 (0.128700 + 0.081500),0.346400 (0.264600 + 0.081800),0.255000 (0.173700 + 0.081300),0.450900 (0.369000 + 0.081900),0.311500 (0.229500 + 0.082000),0.343700 (0.261900 + 0.081800),0.406200 (0.324000 + 0.082200),0.272000 (0.190800 + 0.081200),0.450900 (0.369000 + 0.081900),0.449400 (0.367200 + 0.082200),0.512900 (0.431100 + 0.081800),0.468800 (0.387000 + 0.081800),0.470900 (0.388800 + 0.082100),0.482700 (0.400500 + 0.082200),0.465000 (0.383400 + 0.081600),0.488300 (0.406800 + 0.081500),0.451000 (0.369000 + 0.082000),0.383300 (0.301500 + 0.081800),0.481400 (0.399600 + 0.081800),0.501100 (0.419400 + 0.081700),0.451400 (0.369000 + 0.082400),0.459700 (0.378000 + 0.081700),0.266500 (0.184500 + 0.082000),0.468800 (0.387000 + 0.081800),0.263600 (0.181800 + 0.081800),0.198800 (0.117000 + 0.081800),0.258900 (0.177300 + 0.081600),0.285300 (0.203400 + 0.081900),0.491900 (0.410400 + 0.081500),0.417500 (0.335700 + 0.081800),0.344400 (0.262800 + 0.081600),0.200000 (0.117900 + 0.082100),0.399200 (0.317700 + 0.081500),0.177100 (0.095400 + 0.081700),0.154300 (0.072900 + 0.081400),0.372200 (0.290700 + 0.081500),0.281500 (0.199800 + 0.081700),0.488400 (0.406800 + 0.081600),0.468100 (0.386100 + 0.082000),0.468800 (0.387000 + 0.081800),0.468800 (0.387000 + 0.081800),0.489200 (0.407700 + 0.081500),0.489200 (0.407700 + 0.081500),0.468800 (0.387000 + 0.081800),0.491900 (0.410400 + 0.081500),0.280700 (0.198900 + 0.081800),0.491900 (0.410400 + 0.081500),0.268600 (0.187200 + 0.081400),0.468800 (0.387000 + 0.081800),0.332800 (0.251100 + 0.081700),0.328300 (0.246600 + 0.081700),0.334700 (0.252900 + 0.081800)
20,0.524500 (0.442800 + 0.081700),0.520500 (0.439200 + 0.081300),0.520200 (0.438300 + 0.081900),0.519900 (0.438300 + 0.081600),0.517100 (0.435600 + 0.081500),0.468800 (0.387000 + 0.081800),0.468800 (0.387000 + 0.081800),0.211900 (0.130500 + 0.081400),0.312900 (0.231300 + 0.081600),0.491200 (0.409500 + 0.081700),0.468800 (0.387000 + 0.081800),0.505600 (0.423900 + 0.081700),0.512900 (0.431100 + 0.081800),0.374200 (0.292500 + 0.081700),0.445200 (0.363600 + 0.081600),0.451400 (0.369000 + 0.082400),0.517400 (0.435600 + 0.081800),0.466200 (0.384300 + 0.081900),0.239100 (0.157500 + 0.081600),0.468800 (0.387000 + 0.081800),0.468800 (0.387000 + 0.081800),0.383600 (0.301500 + 0.082100),0.508300 (0.426600 + 0.081700),0.455200 (0.373500 + 0.081700),0.355300 (0.273600 + 0.081700),0.468800 (0.387000 + 0.081800),0.507500 (0.425700 + 0.081800),0.524400 (0.442800 + 0.081600),0.491200 (0.409500 + 0.081700),0.340800 (0.259200 + 0.081600),0.242500 (0.161100 + 0.081400),0.482700 (0.400500 + 0.082200),0.482700 (0.400500 + 0.082200),0.469900 (0.387900 + 0.082000),0.478500 (0.396900 + 0.081600),0.295200 (0.213300 + 0.081900),0.491200 (0.409500 + 0.081700),0.272900 (0.191700 + 0.081200),0.218300 (0.136800 + 0.081500),0.246800 (0.165600 + 0.081200),0.328100 (0.246600 + 0.081500),0.481400 (0.399600 + 0.081800),0.485100 (0.403200 + 0.081900),0.403100 (0.321300 + 0.081800),0.442100 (0.360900 + 0.081200),0.465200 (0.383400 + 0.081800),0.448700 (0.367200 + 0.081500),0.472400 (0.390600 + 0.081800),0.288400 (0.207000 + 0.081400),0.481400 (0.399600 + 0.081800),0.514500 (0.432900 + 0.081600),0.298700 (0.216900 + 0.081800),0.512800 (0.431100 + 0.081700),0.340400 (0.259200 + 0.081200),0.492700 (0.411300 + 0.081400),0.468800 (0.387000 + 0.081800),0.465200 (0.383400 + 0.081800),0.261300 (0.180000 + 0.081300),0.362200 (0.280800 + 0.081400),0.489700 (0.407700 + 0.082000),0.269400 (0.188100 + 0.081300),0.468800 (0.387000 + 0.081800),0.491200 (0.409500 + 0.081700),0.297100 (0.215100 + 0.082000),0.223500 (0.141300 + 0.082200),0.489200 (0.407700 + 0.081500),0.415600 (0.333900 + 0.081700),0.468800 (0.387000 + 0.081800),0.251300 (0.169200 + 0.082100),0.451900 (0.369900 + 0.082000),0.451900 (0.369900 + 0.082000),0.495900 (0.414000 + 0.081900),0.297000 (0.216000 + 0.081000),0.468800 (0.387000 + 0.081800),0.489200 (0.407700 + 0.081500),0.452000 (0.369900 + 0.082100),0.207500 (0.126000 + 0.081500),0.211900 (0.130500 + 0.081400),0.396400 (0.315000 + 0.081400),0.491900 (0.410400 + 0.081500),0.491200 (0.409500 + 0.081700),0.470900 (0.388800 + 0.082100),0.415600 (0.333900 + 0.081700),0.263600 (0.181800 + 0.081800),0.449400 (0.367200 + 0.082200),0.244900 (0.163800 + 0.081100),0.250400 (0.169200 + 0.081200),0.346100 (0.264600 + 0.081500),0.468800 (0.387000 + 0.081800),0.245500 (0.163800 + 0.081700),0.502900 (0.421200 + 0.081700),0.260700 (0.179100 + 0.081600),0.236500 (0.155700 + 0.080800),0.383700 (0.301500 + 0.082200),0.508900 (0.426600 + 0.082300),0.373700 (0.291600 + 0.082100),0.292400 (0.210600 + 0.081800),0.238100 (0.156600 + 0.081500),0.283100 (0.201600 + 0.081500),0.501300 (0.419400 + 0.081900)
21,0.524500 (0.442800 + 0.081700),0.524400 (0.442800 + 0.081600),0.520500 (0.439200 + 0.081300),0.520200 (0.438300 + 0.081900),0.519900 (0.438300 + 0.081600),0.359600 (0.278100 + 0.081500),0.410500 (0.328500 + 0.082000),0.260500 (0.179100 + 0.081400),0.503500 (0.422100 + 0.081400),0.404000 (0.322200 + 0.081800),0.386200 (0.304200 + 0.082000),0.483100 (0.401400 + 0.081700),0.526500 (0.444600 + 0.081900),0.207400 (0.125100 + 0.082300),0.451400 (0.369000 + 0.082400),0.411100 (0.329400 + 0.081700),0.235300 (0.153900 + 0.081400),0.278800 (0.197100 + 0.081700),0.194700 (0.113400 + 0.081300),0.478500 (0.396900 + 0.081600),0.491900 (0.410400 + 0.081500),0.239500 (0.158400 + 0.081100),0.254100 (0.172800 + 0.081300),0.465200 (0.383400 + 0.081800),0.464000 (0.381600 + 0.082400),0.385900 (0.304200 + 0.081700),0.290900 (0.208800 + 0.082100),0.326400 (0.244800 + 0.081600),0.494000 (0.412200 + 0.081800),0.455200 (0.373500 + 0.081700),0.229700 (0.147600 + 0.082100),0.317800 (0.235800 + 0.082000),0.501200 (0.419400 + 0.081800),0.376000 (0.294300 + 0.081700),0.385300 (0.303300 + 0.082000),0.247900 (0.166500 + 0.081400),0.512800 (0.431100 + 0.081700),0.456400 (0.374400 + 0.082000),0.236200 (0.154800 + 0.081400),0.476900 (0.395100 + 0.081800),0.515400 (0.433800 + 0.081600),0.468800 (0.387000 + 0.081800),0.481400 (0.399600 + 0.081800),0.452000 (0.369900 + 0.082100),0.262800 (0.180900 + 0.081900),0.433300 (0.351900 + 0.081400),0.420000 (0.338400 + 0.081600),0.489200 (0.407700 + 0.081500),0.470900 (0.388800 + 0.082100),0.307800 (0.226800 + 0.081000),0.451000 (0.369000 + 0.082000),0.246200 (0.164700 + 0.081500),0.440200 (0.358200 + 0.082000),0.243300 (0.162000 + 0.081300),0.247300 (0.165600 + 0.081700),0.468800 (0.387000 + 0.081800),0.403100 (0.321300 + 0.081800),0.427300 (0.345600 + 0.081700),0.526400 (0.444600 + 0.081800),0.243100 (0.162000 + 0.081100),0.428300 (0.346500 + 0.081800),0.468800 (0.387000 + 0.081800),0.514500 (0.432900 + 0.081600),0.278300 (0.196200 + 0.082100),0.519900 (0.438300 + 0.081600),0.258700 (0.176400 + 0.082300),0.490700 (0.408600 + 0.082100),0.520200 (0.438300 + 0.081900),0.449400 (0.367200 + 0.082200),0.489700 (0.407700 + 0.082000),0.456400 (0.374400 + 0.082000),0.499600 (0.417600 + 0.082000),0.516000 (0.434700 + 0.081300),0.486600 (0.405000 + 0.081600),0.490900 (0.408600 + 0.082300),0.487200 (0.405000 + 0.082200),0.490100 (0.408600 + 0.081500),0.513000 (0.431100 + 0.081900),0.458300 (0.376200 + 0.082100),0.468800 (0.387000 + 0.081800),0.206700 (0.125100 + 0.081600),0.468800 (0.387000 + 0.081800),0.271400 (0.189900 + 0.081500),0.484100 (0.402300 + 0.081800),0.517100 (0.435600 + 0.081500),0.510100 (0.428400 + 0.081700),0.233000 (0.151200 + 0.081800),0.501100 (0.419400 + 0.081700),0.499300 (0.417600 + 0.081700),0.339700 (0.257400 + 0.082300),0.228200 (0.146700 + 0.081500),0.197600 (0.116100 + 0.081500),0.468800 (0.387000 + 0.081800),0.492700 (0.411300 + 0.081400),0.201300 (0.119700 + 0.081600),0.501300 (0.419400 + 0.081900),0.468800 (0.387000 + 0.081800),0.494400 (0.413100 + 0.081300),0.303000 (0.221400 + 0.081600),0.463900 (0.381600 + 0.082300)
22,0.526500 (0.444600 + 0.081900),0.526400 (0.444600 + 0.081800),0.524500 (0.442800 + 0.081700),0.524400 (0.442800 + 0.081600),0.520500 (0.439200 + 0.081300),0.491900 (0.410400 + 0.081500),0.494800 (0.413100 + 0.081700),0.330100 (0.248400 + 0.081700),0.516500 (0.434700 + 0.081800),0.174000 (0.092700 + 0.081300),0.383300 (0.301500 + 0.081800),0.447400 (0.365400 + 0.082000),0.507400 (0.425700 + 0.081700),0.210100 (0.128700 + 0.081400),0.417300 (0.335700 + 0.081600),0.447400 (0.365400 + 0.082000),0.254500 (0.172800 + 0.081700),0.413800 (0.332100 + 0.081700),0.324100 (0.242100 + 0.082000),0.508200 (0.426600 + 0.081600),0.541600 (0.459900 + 0.081700),0.456400 (0.374400 + 0.082000),0.328200 (0.246600 + 0.081600),0.476900 (0.395100 + 0.081800),0.537200 (0.455400 + 0.081800),0.365700 (0.284400 + 0.081300),0.502900 (0.421200 + 0.081700),0.506700 (0.424800 + 0.081900),0.482900 (0.401400 + 0.081500),0.445800 (0.364500 + 0.081300),0.276700 (0.195300 + 0.081400),0.527100 (0.445500 + 0.081600),0.448700 (0.367200 + 0.081500),0.501100 (0.419400 + 0.081700),0.526400 (0.444600 + 0.081800),0.254000 (0.171900 + 0.082100),0.432600 (0.351000 + 0.081600),0.203600 (0.122400 + 0.081200),0.430900 (0.349200 + 0.081700),0.383600 (0.301500 + 0.082100),0.284100 (0.202500 + 0.081600),0.313800 (0.232200 + 0.081600),0.254300 (0.172800 + 0.081500),0.451000 (0.369000 + 0.082000),0.517100 (0.435600 + 0.081500),0.386700 (0.305100 + 0.081600),0.479900 (0.398700 + 0.081200),0.403900 (0.322200 + 0.081700),0.184800 (0.103500 + 0.081300),0.520800 (0.439200 + 0.081600),0.465200 (0.383400 + 0.081800),0.243700 (0.162000 + 0.081700),0.491200 (0.409500 + 0.081700),0.451900 (0.369900 + 0.082000),0.272400 (0.190800 + 0.081600),0.506700 (0.424800 + 0.081900),0.463600 (0.381600 + 0.082000),0.292300 (0.210600 + 0.081700),0.530200 (0.449100 + 0.081100),0.413700 (0.332100 + 0.081600),0.178300 (0.097200 + 0.081100),0.210300 (0.128700 + 0.081600),0.513000 (0.431100 + 0.081900),0.520200 (0.438300 + 0.081900),0.306400 (0.225000 + 0.081400),0.491900 (0.410400 + 0.081500),0.494000 (0.412200 + 0.081800),0.519900 (0.438300 + 0.081600),0.240300 (0.158400 + 0.081900),0.221000 (0.138600 + 0.082400),0.247800 (0.166500 + 0.081300),0.500400 (0.418500 + 0.081900),0.489200 (0.407700 + 0.081500),0.505600 (0.423900 + 0.081700),0.474600 (0.393300 + 0.081300),0.519900 (0.438300 + 0.081600),0.481400 (0.399600 + 0.081800),0.490100 (0.408600 + 0.081500),0.267000 (0.185400 + 0.081600),0.539600 (0.458100 + 0.081500),0.508200 (0.426600 + 0.081600),0.469900 (0.387900 + 0.082000),0.321500 (0.240300 + 0.081200),0.262800 (0.181800 + 0.081000),0.523000 (0.441000 + 0.082000),0.485700 (0.404100 + 0.081600),0.465200 (0.383400 + 0.081800),0.512800 (0.431100 + 0.081700),0.228500 (0.146700 + 0.081800),0.252300 (0.171000 + 0.081300),0.451000 (0.369000 + 0.082000),0.407600 (0.325800 + 0.081800),0.475200 (0.393300 + 0.081900),0.322100 (0.241200 + 0.080900),0.515400 (0.433800 + 0.081600),0.452000 (0.369900 + 0.082100),0.519900 (0.438300 + 0.081600),0.519900 (0.438300 + 0.081600),0.492700 (0.411300 + 0.081400),0.286100 (0.204300 + 0.081800)
23,0.541600 (0.459900 + 0.081700),0.539600 (0.458100 + 0.081500),0.537200 (0.455400 + 0.081800),0.530200 (0.449100 + 0.081100),0.527100 (0.445500 + 0.081600),0.519900 (0.438300 + 0.081600),0.520500 (0.439200 + 0.081300),0.494000 (0.412200 + 0.081800),0.271000 (0.189900 + 0.081100),0.517100 (0.435600 + 0.081500),0.527100 (0.445500 + 0.081600),0.445800 (0.364500 + 0.081300),0.463600 (0.381600 + 0.082000),0.537200 (0.455400 + 0.081800),0.265200 (0.183600 + 0.081600),0.511800 (0.430200 + 0.081600),0.478500 (0.396900 + 0.081600),0.447400 (0.365400 + 0.082000),0.501100 (0.419400 + 0.081700),0.304400 (0.222300 + 0.082100),0.298900 (0.217800 + 0.081100),0.199700 (0.117900 + 0.081800),0.521800 (0.440100 + 0.081700),0.432200 (0.351000 + 0.081200),0.200700 (0.118800 + 0.081900),0.258900 (0.177300 + 0.081600),0.498700 (0.417600 + 0.081100),0.428200 (0.346500 + 0.081700),0.506700 (0.424800 + 0.081900),0.512800 (0.431100 + 0.081700),0.451900 (0.369900 + 0.082000),0.261700 (0.180900 + 0.080800),0.534300 (0.452700 + 0.081600),0.379100 (0.297900 + 0.081200),0.520800 (0.439200 + 0.081600),0.526400 (0.444600 + 0.081800),0.417300 (0.335700 + 0.081600),0.250000 (0.168300 + 0.081700),0.489700 (0.407700 + 0.082000),0.502000 (0.420300 + 0.081700),0.541700 (0.459900 + 0.081800),0.265100 (0.183600 + 0.081500),0.269000 (0.187200 + 0.081800),0.356500 (0.274500 + 0.082000),0.501100 (0.419400 + 0.081700),0.276600 (0.195300 + 0.081300),0.482900 (0.401400 + 0.081500),0.331500 (0.250200 + 0.081300),0.515400 (0.433800 + 0.081600),0.481000 (0.399600 + 0.081400),0.506700 (0.424800 + 0.081900),0.494900 (0.413100 + 0.081800),0.526400 (0.444600 + 0.081800),0.469100 (0.387900 + 0.081200),0.488400 (0.405900 + 0.082500),0.452600 (0.370800 + 0.081800),0.469900 (0.387900 + 0.082000),0.432500 (0.351000 + 0.081500),0.303000 (0.221400 + 0.081600),0.390400 (0.308700 + 0.081700),0.512800 (0.431100 + 0.081700),0.198000 (0.116100 + 0.081900),0.508300 (0.426600 + 0.081700),0.503500 (0.422100 + 0.081400),0.480000 (0.397800 + 0.082200),0.512800 (0.431100 + 0.081700),0.267600 (0.186300 + 0.081300),0.239600 (0.158400 + 0.081200),0.403100 (0.321300 + 0.081800),0.323800 (0.242100 + 0.081700),0.215500 (0.134100 + 0.081400),0.515400 (0.433800 + 0.081600),0.482900 (0.401400 + 0.081500),0.524500 (0.442800 + 0.081700),0.515400 (0.433800 + 0.081600),0.494800 (0.413100 + 0.081700),0.501100 (0.419400 + 0.081700),0.459200 (0.377100 + 0.082100),0.508500 (0.426600 + 0.081900),0.468800 (0.387000 + 0.081800),0.480400 (0.398700 + 0.081700),0.474600 (0.393300 + 0.081300),0.519900 (0.438300 + 0.081600),0.203300 (0.121500 + 0.081800),0.519900 (0.438300 + 0.081600),0.508500 (0.426600 + 0.081900),0.511100 (0.429300 + 0.081800),0.527100 (0.445500 + 0.081600),0.254100 (0.172800 + 0.081300),0.510100 (0.428400 + 0.081700),0.519900 (0.438300 + 0.081600),0.486700 (0.405000 + 0.081700),0.350500 (0.269100 + 0.081400),0.235200 (0.153900 + 0.081300),0.397300 (0.315900 + 0.081400),0.489700 (0.407700 + 0.082000),0.514500 (0.432900 + 0.081600),0.519900 (0.438300 + 0.081600),0.291800 (0.210600 + 0.081200),0.436600 (0.354600 + 0.082000)
24,0.541700 (0.459900 + 0.081800),0.541600 (0.459900 + 0.081700),0.539600 (0.458100 + 0.081500),0.537200 (0.455400 + 0.081800),0.537200 (0.455400 + 0.081800),0.250700 (0.169200 + 0.081500),0.494800 (0.413100 + 0.081700),0.448700 (0.367200 + 0.081500),0.438200 (0.356400 + 0.081800),0.489200 (0.407700 + 0.081500),0.516000 (0.434700 + 0.081300),0.448600 (0.367200 + 0.081400),0.519900 (0.438300 + 0.081600),0.271100 (0.189900 + 0.081200),0.514500 (0.432900 + 0.081600),0.457900 (0.376200 + 0.081700),0.478800 (0.396900 + 0.081900),0.211200 (0.129600 + 0.081600),0.519900 (0.438300 + 0.081600),0.279700 (0.198000 + 0.081700),0.209500 (0.127800 + 0.081700),0.350400 (0.269100 + 0.081300),0.461400 (0.379800 + 0.081600),0.517400 (0.435600 + 0.081800),0.485700 (0.404100 + 0.081600),0.283900 (0.202500 + 0.081400),0.536100 (0.454500 + 0.081600),0.513200 (0.431100 + 0.082100),0.550300 (0.468900 + 0.081400),0.537700 (0.456300 + 0.081400),0.502200 (0.420300 + 0.081900),0.323900 (0.242100 + 0.081800),0.491800 (0.410400 + 0.081400),0.545200 (0.463500 + 0.081700),0.260400 (0.179100 + 0.081300),0.506000 (0.423900 + 0.082100),0.561300 (0.479700 + 0.081600),0.240600 (0.159300 + 0.081300),0.247700 (0.166500 + 0.081200),0.343300 (0.261900 + 0.081400),0.233200 (0.152100 + 0.081100),0.517100 (0.435600 + 0.081500),0.520500 (0.439200 + 0.081300),0.524100 (0.442800 + 0.081300),0.491200 (0.409500 + 0.081700),0.519900 (0.438300 + 0.081600),0.468800 (0.387000 + 0.081800),0.372400 (0.290700 + 0.081700),0.503000 (0.421200 + 0.081800),0.561500 (0.479700 + 0.081800),0.399400 (0.317700 + 0.081700),0.235900 (0.153900 + 0.082000),0.263000 (0.181800 + 0.081200),0.274900 (0.193500 + 0.081400),0.537200 (0.455400 + 0.081800),0.519900 (0.438300 + 0.081600),0.515400 (0.433800 + 0.081600),0.501100 (0.419400 + 0.081700),0.502000 (0.420300 + 0.081700),0.256400 (0.174600 + 0.081800),0.513000 (0.431100 + 0.081900),0.451400 (0.369000 + 0.082400),0.500400 (0.418500 + 0.081900),0.485700 (0.404100 + 0.081600),0.517400 (0.435600 + 0.081800),0.340600 (0.259200 + 0.081400),0.273100 (0.191700 + 0.081400),0.485600 (0.404100 + 0.081500),0.519900 (0.438300 + 0.081600),0.234200 (0.153000 + 0.081200),0.519900 (0.438300 + 0.081600),0.547900 (0.466200 + 0.081700),0.418500 (0.336600 + 0.081900),0.519900 (0.438300 + 0.081600),0.255300 (0.173700 + 0.081600),0.452900 (0.370800 + 0.082100),0.350800 (0.269100 + 0.081700),0.510700 (0.428400 + 0.082300),0.520400 (0.439200 + 0.081200),0.430200 (0.348300 + 0.081900),0.489200 (0.407700 + 0.081500),0.455500 (0.373500 + 0.082000),0.488300 (0.406800 + 0.081500),0.344300 (0.262800 + 0.081500),0.376400 (0.295200 + 0.081200),0.511100 (0.429300 + 0.081800),0.519900 (0.438300 + 0.081600),0.521700 (0.440100 + 0.081600),0.493000 (0.411300 + 0.081700),0.514500 (0.432900 + 0.081600),0.261200 (0.180000 + 0.081200),0.518500 (0.437400 + 0.081100),0.514300 (0.432000 + 0.082300),0.554100 (0.472500 + 0.081600),0.518000 (0.436500 + 0.081500),0.527100 (0.445500 + 0.081600),0.452600 (0.370800 + 0.081800),0.263800 (0.182700 + 0.081100),0.519900 (0.438300 + 0.081600),0.295300 (0.213300 + 0.082000)
25,0.561500 (0.479700 + 0.081800),0.561300 (0.479700 + 0.081600),0.554100 (0.472500 + 0.081600),0.550300 (0.468900 + 0.081400),0.547900 (0.466200 + 0.081700),0.519900 (0.438300 + 0.081600),0.582000 (0.500400 + 0.081600),0.470500 (0.387900 + 0.082600),0.342400 (0.261000 + 0.081400),0.487100 (0.405000 + 0.082100),0.537200 (0.455400 + 0.081800),0.513200 (0.431100 + 0.082100),0.250900 (0.170100 + 0.080800),0.395200 (0.313200 + 0.082000),0.254100 (0.172800 + 0.081300),0.265200 (0.183600 + 0.081600),0.175100 (0.093600 + 0.081500),0.501100 (0.419400 + 0.081700),0.485700 (0.404100 + 0.081600),0.492100 (0.410400 + 0.081700),0.228900 (0.147600 + 0.081300),0.196400 (0.115200 + 0.081200),0.519900 (0.438300 + 0.081600),0.519900 (0.438300 + 0.081600),0.526400 (0.444600 + 0.081800),0.541700 (0.459900 + 0.081800),0.539600 (0.458100 + 0.081500),0.498300 (0.416700 + 0.081600),0.497700 (0.415800 + 0.081900),0.552400 (0.470700 + 0.081700),0.455700 (0.373500 + 0.082200),0.233400 (0.151200 + 0.082200),0.390200 (0.308700 + 0.081500),0.159600 (0.078300 + 0.081300),0.271600 (0.189900 + 0.081700),0.278100 (0.196200 + 0.081900),0.561300 (0.479700 + 0.081600),0.543100 (0.461700 + 0.081400),0.317000 (0.235800 + 0.081200),0.344300 (0.262800 + 0.081500),0.263000 (0.181800 + 0.081200),0.296300 (0.215100 + 0.081200),0.382900 (0.301500 + 0.081400),0.547900 (0.466200 + 0.081700),0.499000 (0.417600 + 0.081400),0.491900 (0.410400 + 0.081500),0.320900 (0.239400 + 0.081500),0.519900 (0.438300 + 0.081600),0.560100 (0.478800 + 0.081300),0.422300 (0.341100 + 0.081200),0.315500 (0.234000 + 0.081500),0.486600 (0.405000 + 0.081600),0.463000 (0.381600 + 0.081400),0.501100 (0.419400 + 0.081700),0.292200 (0.210600 + 0.081600),0.537700 (0.456300 + 0.081400),0.515400 (0.433800 + 0.081600),0.306200 (0.225000 + 0.081200),0.526200 (0.444600 + 0.081600),0.300800 (0.219600 + 0.081200),0.374900 (0.293400 + 0.081500),0.285000 (0.203400 + 0.081600),0.518500 (0.437400 + 0.081100),0.483900 (0.402300 + 0.081600),0.463000 (0.380700 + 0.082300),0.435200 (0.353700 + 0.081500),0.327300 (0.245700 + 0.081600),0.329200 (0.247500 + 0.081700),0.520500 (0.439200 + 0.081300),0.515200 (0.432900 + 0.082300),0.501000 (0.419400 + 0.081600),0.224900 (0.144000 + 0.080900),0.537200 (0.455400 + 0.081800),0.320300 (0.238500 + 0.081800),0.493400 (0.412200 + 0.081200),0.547900 (0.466200 + 0.081700),0.317200 (0.235800 + 0.081400),0.512800 (0.431100 + 0.081700),0.527600 (0.446400 + 0.081200),0.261400 (0.180000 + 0.081400),0.216500 (0.135000 + 0.081500),0.526900 (0.445500 + 0.081400),0.545900 (0.464400 + 0.081500),0.521700 (0.440100 + 0.081600),0.259600 (0.178200 + 0.081400),0.408400 (0.326700 + 0.081700),0.456200 (0.374400 + 0.081800),0.550300 (0.468900 + 0.081400),0.239500 (0.158400 + 0.081100),0.486600 (0.405000 + 0.081600),0.549000 (0.467100 + 0.081900),0.546700 (0.465300 + 0.081400),0.527900 (0.446400 + 0.081500),0.519900 (0.438300 + 0.081600),0.495100 (0.413100 + 0.082000),0.519900 (0.438300 + 0.081600),0.544800 (0.463500 + 0.081300),0.517800 (0.435600 + 0.082200),0.356800 (0.275400 + 0.081400),0.261800 (0.180000 + 0.081800)
26,0.582000 (0.500400 + 0.081600),0.561500 (0.479700 + 0.081800),0.561300 (0.479700 + 0.081600),0.561300 (0.479700 + 0.081600),0.560100 (0.478800 + 0.081300),0.244300 (0.162900 + 0.081400),0.270100 (0.189000 + 0.081100),0.199600 (0.117900 + 0.081700),0.513200 (0.431100 + 0.082100),0.519900 (0.438300 + 0.081600),0.520500 (0.439200 + 0.081300),0.554100 (0.472500 + 0.081600),0.525900 (0.444600 + 0.081300),0.517400 (0.435600 + 0.081800),0.329200 (0.247500 + 0.081700),0.552400 (0.470700 + 0.081700),0.513200 (0.431100 + 0.082100),0.554100 (0.472500 + 0.081600),0.280300 (0.198900 + 0.081400),0.517100 (0.435600 + 0.081500),0.491900 (0.410400 + 0.081500),0.536800 (0.455400 + 0.081400),0.289300 (0.207900 + 0.081400),0.568400 (0.486900 + 0.081500),0.267500 (0.186300 + 0.081200),0.495800 (0.414000 + 0.081800),0.298800 (0.216900 + 0.081900),0.550400 (0.468900 + 0.081500),0.218300 (0.136800 + 0.081500),0.385300 (0.303300 + 0.082000),0.466000 (0.384300 + 0.081700),0.574200 (0.492300 + 0.081900),0.269900 (0.188100 + 0.081800),0.545900 (0.464400 + 0.081500),0.215200 (0.134100 + 0.081100),0.530900 (0.449100 + 0.081800),0.212100 (0.131400 + 0.080700),0.275900 (0.194400 + 0.081500),0.544800 (0.463500 + 0.081300),0.508300 (0.426600 + 0.081700),0.506500 (0.424800 + 0.081700),0.539600 (0.458100 + 0.081500),0.539600 (0.458100 + 0.081500),0.518500 (0.437400 + 0.081100),0.537200 (0.455400 + 0.081800),0.547900 (0.466200 + 0.081700),0.491900 (0.410400 + 0.081500),0.552400 (0.470700 + 0.081700),0.337900 (0.256500 + 0.081400),0.546700 (0.465300 + 0.081400),0.497000 (0.414900 + 0.082100),0.479500 (0.397800 + 0.081700),0.490900 (0.408600 + 0.082300),0.536800 (0.455400 + 0.081400),0.227200 (0.145800 + 0.081400),0.312600 (0.231300 + 0.081300),0.268900 (0.187200 + 0.081700),0.493400 (0.412200 + 0.081200),0.517900 (0.435600 + 0.082300),0.543400 (0.461700 + 0.081700),0.535700 (0.454500 + 0.081200),0.558700 (0.477000 + 0.081700),0.194700 (0.113400 + 0.081300),0.212600 (0.131400 + 0.081200),0.567800 (0.486000 + 0.081800),0.550300 (0.468900 + 0.081400),0.512800 (0.431100 + 0.081700),0.477500 (0.396000 + 0.081500),0.274300 (0.192600 + 0.081700),0.539000 (0.457200 + 0.081800),0.485700 (0.404100 + 0.081600),0.483600 (0.401400 + 0.082200),0.544100 (0.462600 + 0.081500),0.535100 (0.453600 + 0.081500),0.506100 (0.424800 + 0.081300),0.458800 (0.377100 + 0.081700),0.517400 (0.435600 + 0.081800),0.497700 (0.415800 + 0.081900),0.552000 (0.470700 + 0.081300),0.502800 (0.421200 + 0.081600),0.376700 (0.295200 + 0.081500),0.526200 (0.444600 + 0.081600),0.202300 (0.120600 + 0.081700),0.338100 (0.256500 + 0.081600),0.388900 (0.306900 + 0.082000),0.252300 (0.171000 + 0.081300),0.498500 (0.416700 + 0.081800),0.506100 (0.424800 + 0.081300),0.535100 (0.453600 + 0.081500),0.275300 (0.193500 + 0.081800),0.510200 (0.428400 + 0.081800),0.267600 (0.186300 + 0.081300),0.204700 (0.123300 + 0.081400),0.506600 (0.424800 + 0.081800),0.570300 (0.488700 + 0.081600),0.305500 (0.224100 + 0.081400),0.331600 (0.250200 + 0.081400),0.545200 (0.463500 + 0.081700),0.508300 (0.426600 + 0.081700),0.457900 (0.376200 + 0.081700)
27,0.582000 (0.500400 + 0.081600),0.574200 (0.492300 + 0.081900),0.570300 (0.488700 + 0.081600),0.568400 (0.486900 + 0.081500),0.567800 (0.486000 + 0.081800),0.525100 (0.443700 + 0.081400),0.341500 (0.260100 + 0.081400),0.562200 (0.480600 + 0.081600),0.509800 (0.428400 + 0.081400),0.520500 (0.439200 + 0.081300),0.568400 (0.486900 + 0.081500),0.300800 (0.219600 + 0.081200),0.558000 (0.476100 + 0.081900),0.402700 (0.321300 + 0.081400),0.374900 (0.292500 + 0.082400),0.287100 (0.206100 + 0.081000),0.312800 (0.231300 + 0.081500),0.527900 (0.446400 + 0.081500),0.564600 (0.483300 + 0.081300),0.337800 (0.256500 + 0.081300),0.516000 (0.434700 + 0.081300),0.508700 (0.427500 + 0.081200),0.294000 (0.212400 + 0.081600),0.568400 (0.486900 + 0.081500),0.537200 (0.455400 + 0.081800),0.362500 (0.280800 + 0.081700),0.535100 (0.453600 + 0.081500),0.545200 (0.463500 + 0.081700),0.508300 (0.426600 + 0.081700),0.530300 (0.449100 + 0.081200),0.567800 (0.486000 + 0.081800),0.467600 (0.386100 + 0.081500),0.486600 (0.405000 + 0.081600),0.567600 (0.486000 + 0.081600),0.341700 (0.260100 + 0.081600),0.520400 (0.439200 + 0.081200),0.554200 (0.472500 + 0.081700),0.523700 (0.441900 + 0.081800),0.502500 (0.421200 + 0.081300),0.490900 (0.408600 + 0.082300),0.332200 (0.251100 + 0.081100),0.582000 (0.500400 + 0.081600),0.256200 (0.174600 + 0.081600),0.574200 (0.492300 + 0.081900),0.520500 (0.439200 + 0.081300),0.517000 (0.435600 + 0.081400),0.518500 (0.437400 + 0.081100),0.518500 (0.437400 + 0.081100),0.296100 (0.214200 + 0.081900),0.416900 (0.335700 + 0.081200),0.253700 (0.171900 + 0.081800),0.568400 (0.486900 + 0.081500),0.536800 (0.455400 + 0.081400),0.587400 (0.505800 + 0.081600),0.525400 (0.443700 + 0.081700),0.561500 (0.479700 + 0.081800),0.540800 (0.459000 + 0.081800),0.558700 (0.477000 + 0.081700),0.526200 (0.444600 + 0.081600),0.564700 (0.482400 + 0.082300),0.206100 (0.125100 + 0.081000),0.300600 (0.219600 + 0.081000),0.595300 (0.513900 + 0.081400),0.544800 (0.463500 + 0.081300),0.270300 (0.189000 + 0.081300),0.430500 (0.349200 + 0.081300),0.426100 (0.343800 + 0.082300),0.564200 (0.482400 + 0.081800),0.542500 (0.460800 + 0.081700),0.567600 (0.486000 + 0.081600),0.554400 (0.472500 + 0.081900),0.287000 (0.205200 + 0.081800),0.228800 (0.147600 + 0.081200),0.269500 (0.188100 + 0.081400),0.305400 (0.224100 + 0.081300),0.517800 (0.435600 + 0.082200),0.554400 (0.472500 + 0.081900),0.227800 (0.146700 + 0.081100),0.332700 (0.251100 + 0.081600),0.494900 (0.413100 + 0.081800),0.404100 (0.323100 + 0.081000),0.541300 (0.459000 + 0.082300),0.558900 (0.477000 + 0.081900),0.563800 (0.482400 + 0.081400),0.510100 (0.428400 + 0.081700),0.570300 (0.488700 + 0.081600),0.466000 (0.384300 + 0.081700),0.266000 (0.184500 + 0.081500),0.265100 (0.183600 + 0.081500),0.506600 (0.424800 + 0.081800),0.506500 (0.424800 + 0.081700),0.245200 (0.163800 + 0.081400),0.244200 (0.162900 + 0.081300),0.508300 (0.426600 + 0.081700),0.546700 (0.465300 + 0.081400),0.447600 (0.366300 + 0.081300),0.537200 (0.455400 + 0.081800),0.340700 (0.259200 + 0.081500),0.261500 (0.180000 + 0.081500),0.513200 (0.431100 + 0.082100)
28,0.595300 (0.513900 + 0.081400),0.587400 (0.505800 + 0.081600),0.582000 (0.500400 + 0.081600),0.582000 (0.500400 + 0.081600),0.574200 (0.492300 + 0.081900),0.553200 (0.470700 + 0.082500),0.263400 (0.181800 + 0.081600),0.548700 (0.467100 + 0.081600),0.566700 (0.485100 + 0.081600),0.517000 (0.435600 + 0.081400),0.235000 (0.153900 + 0.081100),0.570300 (0.488700 + 0.081600),0.568400 (0.486900 + 0.081500),0.384000 (0.302400 + 0.081600),0.554100 (0.472500 + 0.081600),0.570300 (0.488700 + 0.081600),0.310000 (0.228600 + 0.081400),0.424200 (0.342900 + 0.081300),0.175800 (0.094500 + 0.081300),0.251400 (0.170100 + 0.081300),0.523400 (0.441900 + 0.081500),0.574200 (0.492300 + 0.081900),0.259500 (0.177300 + 0.082200),0.550800 (0.468900 + 0.081900),0.310600 (0.229500 + 0.081100),0.535100 (0.453600 + 0.081500),0.521800 (0.440100 + 0.081700),0.359500 (0.278100 + 0.081400),0.410800 (0.329400 + 0.081400),0.480200 (0.398700 + 0.081500),0.515800 (0.434700 + 0.081100),0.525400 (0.443700 + 0.081700),0.569400 (0.487800 + 0.081600),0.525400 (0.443700 + 0.081700),0.201100 (0.119700 + 0.081400),0.605400 (0.523800 + 0.081600),0.526500 (0.444600 + 0.081900),0.554400 (0.472500 + 0.081900),0.300300 (0.218700 + 0.081600),0.523600 (0.441900 + 0.081700),0.539400 (0.458100 + 0.081300),0.266000 (0.184500 + 0.081500),0.344200 (0.262800 + 0.081400),0.560100 (0.478800 + 0.081300),0.513200 (0.431100 + 0.082100),0.485800 (0.404100 + 0.081700),0.336100 (0.254700 + 0.081400),0.237600 (0.156600 + 0.081000),0.535100 (0.453600 + 0.081500),0.271200 (0.189900 + 0.081300),0.562200 (0.480600 + 0.081600),0.351700 (0.270000 + 0.081700),0.505400 (0.423900 + 0.081500),0.535100 (0.453600 + 0.081500),0.512600 (0.431100 + 0.081500),0.209100 (0.127800 + 0.081300),0.523500 (0.441000 + 0.082500),0.536800 (0.455400 + 0.081400),0.568400 (0.486900 + 0.081500),0.315400 (0.234000 + 0.081400),0.231300 (0.150300 + 0.081000),0.562200 (0.480600 + 0.081600),0.506100 (0.424800 + 0.081300),0.574200 (0.492300 + 0.081900),0.228000 (0.146700 + 0.081300),0.442300 (0.360900 + 0.081400),0.523300 (0.441900 + 0.081400),0.375400 (0.293400 + 0.082000),0.341700 (0.260100 + 0.081600),0.555500 (0.474300 + 0.081200),0.510700 (0.429300 + 0.081400),0.549400 (0.468000 + 0.081400),0.305100 (0.223200 + 0.081900),0.200200 (0.118800 + 0.081400),0.387500 (0.306000 + 0.081500),0.428700 (0.347400 + 0.081300),0.230100 (0.148500 + 0.081600),0.208300 (0.126900 + 0.081400),0.446800 (0.365400 + 0.081400),0.537800 (0.456300 + 0.081500),0.305300 (0.224100 + 0.081200),0.227100 (0.145800 + 0.081300),0.527800 (0.446400 + 0.081400),0.587400 (0.505800 + 0.081600),0.517800 (0.435600 + 0.082200),0.572800 (0.491400 + 0.081400),0.254500 (0.172800 + 0.081700),0.592000 (0.510300 + 0.081700),0.238300 (0.156600 + 0.081700),0.563800 (0.482400 + 0.081400),0.567800 (0.486000 + 0.081800),0.331000 (0.249300 + 0.081700),0.574200 (0.492300 + 0.081900),0.582000 (0.500400 + 0.081600),0.384400 (0.302400 + 0.082000),0.346900 (0.265500 + 0.081400),0.273900 (0.192600 + 0.081300),0.297300 (0.216000 + 0.081300),0.404300 (0.323100 + 0.081200),0.574200 (0.492300 + 0.081900)
29,0.605400 (0.523800 + 0.081600),0.595300 (0.513900 + 0.081400),0.592000 (0.510300 + 0.081700),0.587400 (0.505800 + 0.081600),0.587400 (0.505800 + 0.081600),0.514400 (0.432900 + 0.081500),0.232500 (0.151200 + 0.081300),0.559600 (0.477900 + 0.081700),0.205700 (0.124200 + 0.081500),0.563100 (0.480600 + 0.082500),0.538900 (0.457200 + 0.081700),0.592000 (0.510300 + 0.081700),0.582000 (0.500400 + 0.081600),0.352500 (0.270900 + 0.081600),0.577400 (0.495900 + 0.081500),0.509800 (0.428400 + 0.081400),0.570200 (0.488700 + 0.081500),0.541400 (0.459900 + 0.081500),0.550800 (0.468900 + 0.081900),0.587400 (0.505800 + 0.081600),0.292200 (0.210600 + 0.081600),0.313100 (0.232200 + 0.080900),0.536800 (0.455400 + 0.081400),0.549400 (0.468000 + 0.081400),0.327600 (0.245700 + 0.081900),0.359500 (0.278100 + 0.081400),0.198200 (0.116100 + 0.082100),0.605400 (0.523800 + 0.081600),0.574200 (0.492300 + 0.081900),0.582000 (0.500400 + 0.081600),0.574200 (0.492300 + 0.081900),0.273400 (0.191700 + 0.081700),0.482700 (0.401400 + 0.081300),0.574200 (0.492300 + 0.081900),0.191800 (0.110700 + 0.081100),0.582000 (0.500400 + 0.081600),0.574200 (0.492300 + 0.081900),0.553200 (0.470700 + 0.082500),0.236900 (0.154800 + 0.082100),0.270900 (0.189000 + 0.081900),0.550700 (0.468900 + 0.081800),0.360500 (0.279000 + 0.081500),0.195400 (0.114300 + 0.081100),0.485800 (0.404100 + 0.081700),0.170600 (0.089100 + 0.081500),0.558700 (0.477000 + 0.081700),0.587400 (0.505800 + 0.081600),0.578600 (0.496800 + 0.081800),0.233300 (0.152100 + 0.081200),0.266900 (0.185400 + 0.081500),0.305600 (0.224100 + 0.081500),0.516400 (0.434700 + 0.081700),0.462900 (0.381600 + 0.081300),0.548500 (0.467100 + 0.081400),0.354300 (0.272700 + 0.081600),0.523500 (0.441000 + 0.082500),0.535100 (0.453600 + 0.081500),0.280100 (0.198900 + 0.081200),0.513500 (0.432000 + 0.081500),0.520500 (0.439200 + 0.081300),0.543500 (0.461700 + 0.081800),0.359700 (0.278100 + 0.081600),0.568600 (0.486900 + 0.081700),0.570300 (0.488700 + 0.081600),0.570300 (0.488700 + 0.081600),0.587400 (0.505800 + 0.081600),0.523600 (0.441900 + 0.081700),0.573300 (0.491400 + 0.081900),0.566900 (0.485100 + 0.081800),0.564700 (0.483300 + 0.081400),0.310100 (0.228600 + 0.081500),0.503000 (0.421200 + 0.081800),0.548600 (0.467100 + 0.081500),0.533600 (0.451800 + 0.081800),0.264100 (0.182700 + 0.081400),0.351100 (0.270000 + 0.081100),0.475500 (0.394200 + 0.081300),0.595300 (0.513900 + 0.081400),0.534200 (0.452700 + 0.081500),0.567800 (0.486000 + 0.081800),0.269200 (0.188100 + 0.081100),0.527900 (0.446400 + 0.081500),0.520500 (0.439200 + 0.081300),0.561200 (0.479700 + 0.081500),0.351600 (0.270000 + 0.081600),0.525400 (0.443700 + 0.081700),0.184800 (0.103500 + 0.081300),0.316500 (0.234900 + 0.081600),0.227800 (0.146700 + 0.081100),0.380300 (0.298800 + 0.081500),0.519900 (0.438300 + 0.081600),0.561100 (0.479700 + 0.081400),0.430500 (0.349200 + 0.081300),0.575600 (0.494100 + 0.081500),0.595300 (0.513900 + 0.081400),0.350800 (0.269100 + 0.081700),0.486300 (0.405000 + 0.081300),0.500300 (0.418500 + 0.081800),0.362300 (0.280800 + 0.081500),0.595300 (0.513900 + 0.081400)
30,0.605400 (0.523800 + 0.081600),0.605400 (0.523800 + 0.081600),0.595300 (0.513900 + 0.081400),0.595300 (0.513900 + 0.081400),0.595300 (0.513900 + 0.081400),0.567800 (0.486000 + 0.081800),0.409600 (0.328500 + 0.081100),0.520700 (0.438300 + 0.082400),0.567600 (0.486000 + 0.081600),0.488300 (0.406800 + 0.081500),0.375000 (0.293400 + 0.081600),0.587400 (0.505800 + 0.081600),0.278400 (0.197100 + 0.081300),0.596200 (0.514800 + 0.081400),0.537800 (0.456300 + 0.081500),0.582000 (0.500400 + 0.081600),0.553200 (0.470700 + 0.082500),0.309200 (0.227700 + 0.081500),0.360500 (0.279000 + 0.081500),0.563100 (0.480600 + 0.082500),0.595300 (0.513900 + 0.081400),0.329600 (0.248400 + 0.081200),0.559400 (0.477900 + 0.081500),0.595300 (0.513900 + 0.081400),0.582000 (0.500400 + 0.081600),0.582000 (0.500400 + 0.081600),0.279400 (0.198000 + 0.081400),0.539600 (0.458100 + 0.081500),0.251200 (0.170100 + 0.081100),0.320100 (0.238500 + 0.081600),0.595300 (0.513900 + 0.081400),0.583000 (0.501300 + 0.081700),0.367900 (0.286200 + 0.081700),0.540700 (0.459000 + 0.081700),0.589300 (0.507600 + 0.081700),0.335700 (0.253800 + 0.081900),0.574200 (0.492300 + 0.081900),0.339000 (0.257400 + 0.081600),0.298100 (0.216900 + 0.081200),0.582000 (0.500400 + 0.081600),0.563100 (0.480600 + 0.082500),0.187600 (0.106200 + 0.081400),0.286900 (0.205200 + 0.081700),0.234300 (0.153000 + 0.081300),0.270200 (0.189000 + 0.081200),0.519600 (0.438300 + 0.081300),0.548100 (0.466200 + 0.081900),0.567000 (0.485100 + 0.081900),0.262200 (0.180900 + 0.081300),0.577400 (0.495900 + 0.081500),0.587400 (0.505800 + 0.081600),0.328800 (0.247500 + 0.081300),0.237600 (0.156600 + 0.081000),0.531400 (0.450000 + 0.081400),0.582000 (0.500400 + 0.081600),0.522400 (0.441000 + 0.081400),0.318700 (0.237600 + 0.081100),0.574200 (0.492300 + 0.081900),0.296000 (0.214200 + 0.081800),0.256100 (0.174600 + 0.081500),0.574000 (0.492300 + 0.081700),0.591000 (0.509400 + 0.081600),0.298400 (0.216900 + 0.081500),0.516400 (0.434700 + 0.081700),0.574200 (0.492300 + 0.081900),0.574200 (0.492300 + 0.081900),0.566900 (0.485100 + 0.081800),0.548500 (0.467100 + 0.081400),0.561200 (0.479700 + 0.081500),0.323600 (0.242100 + 0.081500),0.540700 (0.459000 + 0.081700),0.595300 (0.513900 + 0.081400),0.519900 (0.438300 + 0.081600),0.548100 (0.466200 + 0.081900),0.288400 (0.207000 + 0.081400),0.606400 (0.524700 + 0.081700),0.577400 (0.495900 + 0.081500),0.417100 (0.334800 + 0.082300),0.245000 (0.163800 + 0.081200),0.292900 (0.211500 + 0.081400),0.258600 (0.177300 + 0.081300),0.531600 (0.450000 + 0.081600),0.322800 (0.241200 + 0.081600),0.592000 (0.510300 + 0.081700),0.272400 (0.190800 + 0.081600),0.570300 (0.488700 + 0.081600),0.570300 (0.488700 + 0.081600),0.577400 (0.495900 + 0.081500),0.385200 (0.303300 + 0.081900),0.285100 (0.203400 + 0.081700),0.605400 (0.523800 + 0.081600),0.550700 (0.468900 + 0.081800),0.239900 (0.158400 + 0.081500),0.320900 (0.239400 + 0.081500),0.565800 (0.484200 + 0.081600),0.290100 (0.208800 + 0.081300),0.359700 (0.278100 + 0.081600),0.290700 (0.209700 + 0.081000),0.480100 (0.398700 + 0.081400),0.267900 (0.186300 + 0.081600)
31,0.606400 (0.524700 + 0.081700),0.605400 (0.523800 + 0.081600),0.605400 (0.523800 + 0.081600),0.605400 (0.523800 + 0.081600),0.596200 (0.514800 + 0.081400),0.473900 (0.392400 + 0.081500),0.295600 (0.214200 + 0.081400),0.617900 (0.536400 + 0.081500),0.565000 (0.483300 + 0.081700),0.222700 (0.141300 + 0.081400),0.248200 (0.166500 + 0.081700),0.617900 (0.536400 + 0.081500),0.292900 (0.211500 + 0.081400),0.264800 (0.183600 + 0.081200),0.313500 (0.231300 + 0.082200),0.577400 (0.495900 + 0.081500),0.182000 (0.100800 + 0.081200),0.548400 (0.467100 + 0.081300),0.394000 (0.312300 + 0.081700),0.565600 (0.483300 + 0.082300),0.545400 (0.463500 + 0.081900),0.211800 (0.130500 + 0.081300),0.565800 (0.484200 + 0.081600),0.583000 (0.501300 + 0.081700),0.598100 (0.516600 + 0.081500),0.292900 (0.211500 + 0.081400),0.560600 (0.478800 + 0.081800),0.257300 (0.175500 + 0.081800),0.273800 (0.192600 + 0.081200),0.615300 (0.533700 + 0.081600),0.256000 (0.174600 + 0.081400),0.561200 (0.479700 + 0.081500),0.362300 (0.280800 + 0.081500),0.505400 (0.423900 + 0.081500),0.579100 (0.497700 + 0.081400),0.445100 (0.363600 + 0.081500),0.247200 (0.165600 + 0.081600),0.579300 (0.497700 + 0.081600),0.242900 (0.162000 + 0.080900),0.289300 (0.207900 + 0.081400),0.595300 (0.513900 + 0.081400),0.263600 (0.181800 + 0.081800),0.416400 (0.334800 + 0.081600),0.523500 (0.441900 + 0.081600),0.259000 (0.177300 + 0.081700),0.327300 (0.245700 + 0.081600),0.301900 (0.220500 + 0.081400),0.324600 (0.243000 + 0.081600),0.584700 (0.503100 + 0.081600),0.566900 (0.485100 + 0.081800),0.203800 (0.122400 + 0.081400),0.345000 (0.262800 + 0.082200),0.346300 (0.264600 + 0.081700),0.336300 (0.254700 + 0.081600),0.580900 (0.499500 + 0.081400),0.223200 (0.142200 + 0.081000),0.276600 (0.195300 + 0.081300),0.294100 (0.212400 + 0.081700),0.374200 (0.292500 + 0.081700),0.565600 (0.484200 + 0.081400),0.570300 (0.488700 + 0.081600),0.286600 (0.204300 + 0.082300),0.562900 (0.481500 + 0.081400),0.314400 (0.232200 + 0.082200),0.553200 (0.470700 + 0.082500),0.533400 (0.451800 + 0.081600),0.544900 (0.463500 + 0.081400),0.372800 (0.291600 + 0.081200),0.568400 (0.486900 + 0.081500),0.587400 (0.505800 + 0.081600),0.595300 (0.513900 + 0.081400),0.595300 (0.513900 + 0.081400),0.582000 (0.500400 + 0.081600),0.308900 (0.227700 + 0.081200),0.595300 (0.513900 + 0.081400),0.567600 (0.486000 + 0.081600),0.270100 (0.189000 + 0.081100),0.341700 (0.260100 + 0.081600),0.290000 (0.207900 + 0.082100),0.605400 (0.523800 + 0.081600),0.574200 (0.492300 + 0.081900),0.375100 (0.293400 + 0.081700),0.310200 (0.228600 + 0.081600),0.262700 (0.180900 + 0.081800),0.587400 (0.505800 + 0.081600),0.595300 (0.513900 + 0.081400),0.195700 (0.114300 + 0.081400),0.543200 (0.461700 + 0.081500),0.331300 (0.249300 + 0.082000),0.200600 (0.119700 + 0.080900),0.529900 (0.448200 + 0.081700),0.587400 (0.505800 + 0.081600),0.210800 (0.129600 + 0.081200),0.552600 (0.470700 + 0.081900),0.323000 (0.241200 + 0.081800),0.393800 (0.312300 + 0.081500),0.540700 (0.459000 + 0.081700),0.213600 (0.132300 + 0.081300),0.582000 (0.500400 + 0.081600),0.587400 (0.505800 + 0.081600)
32,0.617900 (0.536400 + 0.081500),0.617900 (0.536400 + 0.081500),0.615300 (0.533700 + 0.081600),0.606400 (0.524700 + 0.081700),0.605400 (0.523800 + 0.081600),0.371100 (0.289800 + 0.081300),0.252400 (0.171000 + 0.081400),0.586500 (0.504900 + 0.081600),0.327800 (0.246600 + 0.081200),0.595300 (0.513900 + 0.081400),0.606400 (0.524700 + 0.081700),0.533400 (0.451800 + 0.081600),0.568400 (0.486900 + 0.081500),0.303800 (0.222300 + 0.081500),0.494700 (0.413100 + 0.081600),0.411000 (0.329400 + 0.081600),0.333700 (0.252000 + 0.081700),0.583000 (0.501300 + 0.081700),0.372200 (0.290700 + 0.081500),0.605400 (0.523800 + 0.081600),0.567600 (0.486000 + 0.081600),0.274400 (0.192600 + 0.081800),0.289700 (0.208800 + 0.080900),0.595300 (0.513900 + 0.081400),0.247200 (0.165600 + 0.081600),0.482800 (0.401400 + 0.081400),0.321500 (0.240300 + 0.081200),0.347600 (0.266400 + 0.081200),0.544900 (0.463500 + 0.081400),0.570400 (0.488700 + 0.081700),0.445000 (0.363600 + 0.081400),0.366000 (0.284400 + 0.081600),0.571200 (0.489600 + 0.081600),0.536400 (0.454500 + 0.081900),0.483800 (0.402300 + 0.081500),0.471100 (0.389700 + 0.081400),0.344200 (0.261900 + 0.082300),0.568700 (0.486900 + 0.081800),0.578100 (0.496800 + 0.081300),0.587400 (0.505800 + 0.081600),0.582000 (0.500400 + 0.081600),0.548400 (0.467100 + 0.081300),0.169300 (0.088200 + 0.081100),0.565200 (0.483300 + 0.081900),0.557500 (0.476100 + 0.081400),0.593600 (0.512100 + 0.081500),0.588200 (0.506700 + 0.081500),0.598100 (0.516600 + 0.081500),0.587400 (0.505800 + 0.081600),0.205700 (0.124200 + 0.081500),0.323200 (0.241200 + 0.082000),0.501800 (0.420300 + 0.081500),0.563900 (0.482400 + 0.081500),0.538700 (0.457200 + 0.081500),0.579100 (0.497700 + 0.081400),0.617900 (0.536400 + 0.081500),0.582000 (0.500400 + 0.081600),0.620900 (0.539100 + 0.081800),0.371300 (0.289800 + 0.081500),0.476600 (0.395100 + 0.081500),0.386500 (0.305100 + 0.081400),0.248800 (0.167400 + 0.081400),0.383000 (0.301500 + 0.081500),0.587400 (0.505800 + 0.081600),0.310200 (0.228600 + 0.081600),0.548100 (0.466200 + 0.081900),0.582000 (0.500400 + 0.081600),0.269600 (0.188100 + 0.081500),0.230900 (0.149400 + 0.081500),0.419900 (0.338400 + 0.081500),0.355900 (0.274500 + 0.081400),0.587400 (0.505800 + 0.081600),0.583800 (0.502200 + 0.081600),0.278600 (0.197100 + 0.081500),0.300800 (0.219600 + 0.081200),0.582000 (0.500400 + 0.081600),0.336300 (0.254700 + 0.081600),0.161200 (0.079200 + 0.082000),0.569400 (0.487800 + 0.081600),0.595300 (0.513900 + 0.081400),0.268500 (0.187200 + 0.081300),0.315700 (0.234000 + 0.081700),0.572900 (0.491400 + 0.081500),0.241500 (0.160200 + 0.081300),0.588200 (0.506700 + 0.081500),0.565000 (0.483300 + 0.081700),0.360600 (0.279000 + 0.081600),0.392800 (0.311400 + 0.081400),0.473900 (0.392400 + 0.081500),0.565000 (0.483300 + 0.081700),0.596200 (0.514800 + 0.081400),0.614200 (0.532800 + 0.081400),0.242600 (0.161100 + 0.081500),0.396500 (0.315000 + 0.081500),0.243000 (0.161100 + 0.081900),0.598100 (0.516600 + 0.081500),0.416400 (0.334800 + 0.081600),0.570300 (0.488700 + 0.081600),0.605400 (0.523800 + 0.081600),0.329700 (0.248400 + 0.081300)
33,0.620900 (0.539100 + 0.081800),0.617900 (0.536400 + 0.081500),0.617900 (0.536400 + 0.081500),0.617900 (0.536400 + 0.081500),0.615300 (0.533700 + 0.081600),0.300200 (0.218700 + 0.081500),0.317800 (0.236700 + 0.081100),0.490100 (0.408600 + 0.081500),0.586600 (0.504900 + 0.081700),0.595300 (0.513900 + 0.081400),0.587400 (0.505800 + 0.081600),0.172300 (0.090900 + 0.081400),0.321500 (0.240300 + 0.081200),0.590000 (0.508500 + 0.081500),0.574800 (0.493200 + 0.081600),0.597200 (0.515700 + 0.081500),0.227100 (0.145800 + 0.081300),0.279800 (0.198000 + 0.081800),0.445000 (0.363600 + 0.081400),0.198100 (0.117000 + 0.081100),0.249900 (0.168300 + 0.081600),0.350600 (0.269100 + 0.081500),0.596200 (0.514800 + 0.081400),0.304700 (0.223200 + 0.081500),0.147000 (0.065700 + 0.081300),0.376500 (0.295200 + 0.081300),0.239100 (0.156600 + 0.082500),0.244600 (0.162900 + 0.081700),0.605400 (0.523800 + 0.081600),0.583800 (0.502200 + 0.081600),0.313600 (0.232200 + 0.081400),0.615300 (0.533700 + 0.081600),0.565200 (0.483300 + 0.081900),0.178700 (0.097200 + 0.081500),0.403600 (0.322200 + 0.081400),0.583000 (0.501300 + 0.081700),0.277600 (0.196200 + 0.081400),0.620900 (0.539100 + 0.081800),0.217800 (0.136800 + 0.081000),0.617900 (0.536400 + 0.081500),0.617900 (0.536400 + 0.081500),0.605400 (0.523800 + 0.081600),0.568400 (0.486900 + 0.081500),0.581900 (0.500400 + 0.081500),0.290300 (0.208800 + 0.081500),0.617900 (0.536400 + 0.081500),0.617900 (0.536400 + 0.081500),0.578100 (0.496800 + 0.081300),0.587400 (0.505800 + 0.081600),0.596200 (0.514800 + 0.081400),0.582000 (0.500400 + 0.081600),0.595300 (0.513900 + 0.081400),0.245400 (0.163800 + 0.081600),0.289300 (0.207900 + 0.081400),0.481100 (0.399600 + 0.081500),0.595300 (0.513900 + 0.081400),0.231700 (0.150300 + 0.081400),0.372200 (0.290700 + 0.081500),0.533400 (0.451800 + 0.081600),0.605400 (0.523800 + 0.081600),0.583000 (0.501300 + 0.081700),0.561100 (0.479700 + 0.081400),0.186800 (0.105300 + 0.081500),0.568400 (0.486900 + 0.081500),0.241600 (0.160200 + 0.081400),0.613500 (0.531900 + 0.081600),0.585300 (0.504000 + 0.081300),0.462100 (0.380700 + 0.081400),0.455100 (0.373500 + 0.081600),0.244100 (0.162900 + 0.081200),0.591000 (0.509400 + 0.081600),0.340400 (0.259200 + 0.081200),0.263300 (0.181800 + 0.081500),0.271100 (0.189900 + 0.081200),0.386500 (0.305100 + 0.081400),0.589100 (0.507600 + 0.081500),0.570300 (0.488700 + 0.081600),0.290000 (0.208800 + 0.081200),0.237700 (0.156600 + 0.081100),0.419900 (0.338400 + 0.081500),0.615300 (0.533700 + 0.081600),0.233500 (0.152100 + 0.081400),0.588200 (0.506700 + 0.081500),0.617900 (0.536400 + 0.081500),0.617900 (0.536400 + 0.081500),0.302100 (0.220500 + 0.081600),0.300100 (0.218700 + 0.081400),0.551400 (0.469800 + 0.081600),0.259500 (0.178200 + 0.081300),0.605400 (0.523800 + 0.081600),0.571300 (0.489600 + 0.081700),0.544300 (0.462600 + 0.081700),0.350800 (0.269100 + 0.081700),0.598100 (0.516600 + 0.081500),0.595300 (0.513900 + 0.081400),0.579100 (0.497700 + 0.081400),0.572900 (0.491400 + 0.081500),0.582000 (0.500400 + 0.081600),0.389300 (0.307800 + 0.081500),0.274900 (0.193500 + 0.081400)
34,0.620900 (0.539100 + 0.081800),0.620900 (0.539100 + 0.081800),0.617900 (0.536400 + 0.081500),0.617900 (0.536400 + 0.081500),0.617900 (0.536400 + 0.081500),0.593800 (0.512100 + 0.081700),0.306300 (0.225000 + 0.081300),0.595300 (0.513900 + 0.081400),0.407600 (0.325800 + 0.081800),0.595300 (0.513900 + 0.081400),0.617900 (0.536400 + 0.081500),0.427100 (0.345600 + 0.081500),0.487300 (0.405900 + 0.081400),0.344500 (0.262800 + 0.081700),0.245600 (0.164700 + 0.080900),0.357900 (0.276300 + 0.081600),0.283200 (0.201600 + 0.081600),0.353300 (0.271800 + 0.081500),0.617900 (0.536400 + 0.081500),0.617900 (0.536400 + 0.081500),0.257800 (0.176400 + 0.081400),0.565800 (0.484200 + 0.081600),0.344000 (0.262800 + 0.081200),0.615300 (0.533700 + 0.081600),0.582000 (0.500400 + 0.081600),0.619700 (0.538200 + 0.081500),0.612800 (0.531000 + 0.081800),0.585300 (0.504000 + 0.081300),0.590000 (0.508500 + 0.081500),0.605400 (0.523800 + 0.081600),0.589100 (0.507600 + 0.081500),0.617900 (0.536400 + 0.081500),0.572900 (0.491400 + 0.081500),0.275900 (0.194400 + 0.081500),0.605400 (0.523800 + 0.081600),0.330500 (0.249300 + 0.081200),0.583000 (0.501300 + 0.081700),0.617900 (0.536400 + 0.081500),0.241200 (0.160200 + 0.081000),0.272900 (0.191700 + 0.081200),0.228000 (0.146700 + 0.081300),0.617900 (0.536400 + 0.081500),0.572800 (0.491400 + 0.081400),0.289300 (0.207900 + 0.081400),0.274900 (0.193500 + 0.081400),0.615300 (0.533700 + 0.081600),0.333000 (0.252000 + 0.081000),0.276500 (0.195300 + 0.081200),0.266700 (0.185400 + 0.081300),0.613500 (0.531900 + 0.081600),0.586600 (0.504900 + 0.081700),0.617900 (0.536400 + 0.081500),0.279300 (0.198000 + 0.081300),0.265700 (0.183600 + 0.082100),0.226000 (0.144900 + 0.081100),0.323900 (0.242100 + 0.081800),0.308000 (0.226800 + 0.081200),0.447800 (0.366300 + 0.081500),0.400700 (0.319500 + 0.081200),0.312600 (0.231300 + 0.081300),0.574800 (0.493200 + 0.081600),0.617900 (0.536400 + 0.081500),0.617900 (0.536400 + 0.081500),0.593600 (0.512100 + 0.081500),0.615300 (0.533700 + 0.081600),0.322900 (0.241200 + 0.081700),0.617900 (0.536400 + 0.081500),0.620900 (0.539100 + 0.081800),0.615300 (0.533700 + 0.081600),0.617900 (0.536400 + 0.081500),0.597200 (0.515700 + 0.081500),0.595300 (0.513900 + 0.081400),0.617900 (0.536400 + 0.081500),0.605400 (0.523800 + 0.081600),0.291200 (0.209700 + 0.081500),0.298300 (0.216900 + 0.081400),0.419900 (0.338400 + 0.081500),0.342000 (0.261000 + 0.081000),0.595300 (0.513900 + 0.081400),0.569300 (0.487800 + 0.081500),0.326400 (0.244800 + 0.081600),0.586600 (0.504900 + 0.081700),0.533400 (0.451800 + 0.081600),0.595300 (0.513900 + 0.081400),0.586600 (0.504900 + 0.081700),0.615300 (0.533700 + 0.081600),0.595300 (0.513900 + 0.081400),0.294500 (0.213300 + 0.081200),0.219300 (0.137700 + 0.081600),0.583000 (0.501300 + 0.081700),0.582000 (0.500400 + 0.081600),0.617900 (0.536400 + 0.081500),0.582000 (0.500400 + 0.081600),0.340600 (0.259200 + 0.081400),0.591800 (0.510300 + 0.081500),0.591000 (0.509400 + 0.081600),0.455100 (0.373500 + 0.081600),0.247900 (0.166500 + 0.081400),0.535400 (0.453600 + 0.081800),0.617900 (0.536400 + 0.081500)
35,0.620900 (0.539100 + 0.081800),0.620900 (0.539100 + 0.081800),0.620900 (0.539100 + 0.081800),0.619700 (0.538200 + 0.081500),0.617900 (0.536400 + 0.081500),0.348900 (0.267300 + 0.081600),0.595300 (0.513900 + 0.081400),0.439500 (0.358200 + 0.081300),0.220000 (0.138600 + 0.081400),0.617900 (0.536400 + 0.081500),0.316400 (0.234900 + 0.081500),0.191000 (0.109800 + 0.081200),0.596200 (0.514800 + 0.081400),0.617900 (0.536400 + 0.081500),0.595300 (0.513900 + 0.081400),0.322300 (0.241200 + 0.081100),0.412400 (0.331200 + 0.081200),0.562100 (0.480600 + 0.081500),0.605400 (0.523800 + 0.081600),0.394700 (0.313200 + 0.081500),0.549800 (0.468000 + 0.081800),0.586600 (0.504900 + 0.081700),0.595300 (0.513900 + 0.081400),0.237300 (0.155700 + 0.081600),0.620900 (0.539100 + 0.081800),0.374900 (0.293400 + 0.081500),0.615300 (0.533700 + 0.081600),0.298000 (0.216900 + 0.081100),0.527100 (0.445500 + 0.081600),0.619700 (0.538200 + 0.081500),0.419900 (0.338400 + 0.081500),0.300900 (0.219600 + 0.081300),0.617900 (0.536400 + 0.081500),0.605400 (0.523800 + 0.081600),0.617900 (0.536400 + 0.081500),0.617900 (0.536400 + 0.081500),0.605400 (0.523800 + 0.081600),0.281300 (0.199800 + 0.081500),0.277900 (0.196200 + 0.081700),0.595300 (0.513900 + 0.081400),0.617900 (0.536400 + 0.081500),0.555700 (0.474300 + 0.081400),0.496600 (0.414900 + 0.081700),0.601800 (0.520200 + 0.081600),0.337000 (0.255600 + 0.081400),0.615300 (0.533700 + 0.081600),0.333400 (0.252000 + 0.081400),0.595300 (0.513900 + 0.081400),0.586600 (0.504900 + 0.081700),0.321400 (0.240300 + 0.081100),0.595300 (0.513900 + 0.081400),0.329700 (0.248400 + 0.081300),0.589300 (0.507600 + 0.081700),0.620900 (0.539100 + 0.081800),0.617900 (0.536400 + 0.081500),0.593800 (0.512100 + 0.081700),0.595300 (0.513900 + 0.081400),0.233500 (0.152100 + 0.081400),0.221800 (0.140400 + 0.081400),0.399200 (0.317700 + 0.081500),0.274600 (0.193500 + 0.081100),0.617900 (0.536400 + 0.081500),0.617900 (0.536400 + 0.081500),0.599800 (0.518400 + 0.081400),0.532700 (0.450900 + 0.081800),0.617900 (0.536400 + 0.081500),0.297000 (0.216000 + 0.081000),0.224100 (0.143100 + 0.081000),0.617300 (0.535500 + 0.081800),0.595300 (0.513900 + 0.081400),0.617900 (0.536400 + 0.081500),0.595300 (0.513900 + 0.081400),0.241100 (0.160200 + 0.080900),0.587600 (0.505800 + 0.081800),0.594600 (0.513000 + 0.081600),0.597200 (0.515700 + 0.081500),0.582000 (0.500400 + 0.081600),0.349200 (0.268200 + 0.081000),0.214200 (0.133200 + 0.081000),0.586600 (0.504900 + 0.081700),0.289300 (0.207900 + 0.081400),0.581900 (0.500400 + 0.081500),0.374200 (0.292500 + 0.081700),0.616100 (0.534600 + 0.081500),0.482000 (0.400500 + 0.081500),0.607100 (0.525600 + 0.081500),0.349000 (0.267300 + 0.081700),0.605400 (0.523800 + 0.081600),0.494600 (0.413100 + 0.081500),0.290000 (0.208800 + 0.081200),0.341100 (0.259200 + 0.081900),0.255000 (0.173700 + 0.081300),0.617900 (0.536400 + 0.081500),0.617900 (0.536400 + 0.081500),0.617900 (0.536400 + 0.081500),0.572800 (0.491400 + 0.081400),0.282100 (0.200700 + 0.081400),0.322300 (0.241200 + 0.081100),0.252800 (0.171000 + 0.081800),0.498300 (0.416700 + 0.081600)
36,0.620900 (0.539100 + 0.081800),0.620900 (0.539100 + 0.081800),0.620900 (0.539100 + 0.081800),0.620900 (0.539100 + 0.081800),0.620900 (0.539100 + 0.081800),0.361200 (0.279900 + 0.081300),0.330400 (0.249300 + 0.081100),0.619700 (0.538200 + 0.081500),0.619700 (0.538200 + 0.081500),0.372200 (0.290700 + 0.081500),0.610700 (0.529200 + 0.081500),0.447000 (0.365400 + 0.081600),0.586600 (0.504900 + 0.081700),0.318800 (0.237600 + 0.081200),0.319700 (0.238500 + 0.081200),0.315300 (0.234000 + 0.081300),0.338500 (0.257400 + 0.081100),0.617900 (0.536400 + 0.081500),0.617900 (0.536400 + 0.081500),0.617900 (0.536400 + 0.081500),0.599800 (0.518400 + 0.081400),0.620900 (0.539100 + 0.081800),0.617900 (0.536400 + 0.081500),0.263000 (0.181800 + 0.081200),0.379400 (0.297900 + 0.081500),0.389400 (0.307800 + 0.081600),0.267600 (0.186300 + 0.081300),0.250400 (0.169200 + 0.081200),0.387400 (0.306000 + 0.081400),0.617900 (0.536400 + 0.081500),0.210700 (0.129600 + 0.081100),0.617300 (0.535500 + 0.081800),0.588900 (0.507600 + 0.081300),0.586600 (0.504900 + 0.081700),0.597200 (0.515700 + 0.081500),0.595300 (0.513900 + 0.081400),0.617300 (0.535500 + 0.081800),0.276400 (0.195300 + 0.081100),0.324500 (0.243000 + 0.081500),0.336200 (0.254700 + 0.081500),0.620900 (0.539100 + 0.081800),0.617900 (0.536400 + 0.081500),0.619700 (0.538200 + 0.081500),0.615300 (0.533700 + 0.081600),0.598100 (0.516600 + 0.081500),0.620900 (0.539100 + 0.081800),0.617900 (0.536400 + 0.081500),0.615300 (0.533700 + 0.081600),0.598100 (0.516600 + 0.081500),0.617900 (0.536400 + 0.081500),0.620900 (0.539100 + 0.081800),0.620900 (0.539100 + 0.081800),0.240600 (0.159300 + 0.081300),0.620900 (0.539100 + 0.081800),0.359400 (0.278100 + 0.081300),0.289300 (0.207900 + 0.081400),0.586600 (0.504900 + 0.081700),0.614200 (0.532800 + 0.081400),0.588200 (0.506700 + 0.081500),0.187300 (0.106200 + 0.081100),0.403500 (0.322200 + 0.081300),0.620900 (0.539100 + 0.081800),0.301600 (0.220500 + 0.081100),0.597200 (0.515700 + 0.081500),0.616100 (0.534600 + 0.081500),0.268300 (0.187200 + 0.081100),0.461800 (0.379800 + 0.082000),0.388300 (0.306900 + 0.081400),0.232200 (0.151200 + 0.081000),0.583800 (0.502200 + 0.081600),0.595300 (0.513900 + 0.081400),0.278400 (0.197100 + 0.081300),0.230800 (0.149400 + 0.081400),0.520900 (0.439200 + 0.081700),0.364600 (0.283500 + 0.081100),0.572900 (0.491400 + 0.081500),0.225200 (0.144000 + 0.081200),0.617900 (0.536400 + 0.081500),0.617900 (0.536400 + 0.081500),0.615300 (0.533700 + 0.081600),0.623400 (0.541800 + 0.081600),0.617900 (0.536400 + 0.081500),0.620600 (0.539100 + 0.081500),0.332500 (0.251100 + 0.081400),0.308800 (0.227700 + 0.081100),0.458400 (0.377100 + 0.081300),0.400800 (0.319500 + 0.081300),0.620900 (0.539100 + 0.081800),0.265100 (0.183600 + 0.081500),0.584600 (0.503100 + 0.081500),0.624500 (0.542700 + 0.081800),0.617900 (0.536400 + 0.081500),0.587600 (0.505800 + 0.081800),0.349900 (0.269100 + 0.080800),0.528000 (0.446400 + 0.081600),0.371000 (0.289800 + 0.081200),0.263400 (0.181800 + 0.081600),0.362300 (0.280800 + 0.081500),0.592100 (0.510300 + 0.081800),0.615300 (0.533700 + 0.081600)
37,0.624500 (0.542700 + 0.081800),0.623400 (0.541800 + 0.081600),0.620900 (0.539100 + 0.081800),0.620900 (0.539100 + 0.081800),0.620900 (0.539100 + 0.081800),0.620900 (0.539100 + 0.081800),0.436100 (0.354600 + 0.081500),0.418900 (0.337500 + 0.081400),0.491800 (0.410400 + 0.081400),0.620900 (0.539100 + 0.081800),0.400900 (0.319500 + 0.081400),0.617300 (0.535500 + 0.081800),0.620900 (0.539100 + 0.081800),0.592100 (0.510300 + 0.081800),0.620900 (0.539100 + 0.081800),0.617300 (0.535500 + 0.081800),0.263200 (0.181800 + 0.081400),0.353100 (0.271800 + 0.081300),0.584600 (0.503100 + 0.081500),0.624500 (0.542700 + 0.081800),0.617900 (0.536400 + 0.081500),0.450700 (0.369000 + 0.081700),0.512400 (0.431100 + 0.081300),0.411100 (0.329400 + 0.081700),0.257500 (0.175500 + 0.082000),0.619700 (0.538200 + 0.081500),0.624500 (0.542700 + 0.081800),0.416100 (0.334800 + 0.081300),0.457600 (0.376200 + 0.081400),0.395200 (0.314100 + 0.081100),0.357800 (0.276300 + 0.081500),0.450200 (0.369000 + 0.081200),0.617900 (0.536400 + 0.081500),0.423400 (0.342000 + 0.081400),0.253100 (0.171900 + 0.081200),0.620900 (0.539100 + 0.081800),0.615300 (0.533700 + 0.081600),0.620900 (0.539100 + 0.081800),0.620900 (0.539100 + 0.081800),0.466200 (0.384300 + 0.081900),0.611000 (0.529200 + 0.081800),0.624500 (0.542700 + 0.081800),0.187900 (0.106200 + 0.081700),0.307900 (0.225900 + 0.082000),0.620900 (0.539100 + 0.081800),0.222900 (0.142200 + 0.080700),0.271300 (0.189900 + 0.081400),0.620900 (0.539100 + 0.081800),0.592100 (0.510300 + 0.081800),0.293700 (0.212400 + 0.081300),0.281700 (0.200700 + 0.081000),0.227900 (0.146700 + 0.081200),0.360300 (0.279000 + 0.081300),0.572900 (0.491400 + 0.081500),0.362300 (0.280800 + 0.081500),0.327000 (0.245700 + 0.081300),0.620600 (0.539100 + 0.081500),0.614200 (0.532800 + 0.081400),0.615300 (0.533700 + 0.081600),0.620900 (0.539100 + 0.081800),0.597200 (0.515700 + 0.081500),0.620600 (0.539100 + 0.081500),0.269600 (0.188100 + 0.081500),0.620900 (0.539100 + 0.081800),0.624500 (0.542700 + 0.081800),0.595300 (0.513900 + 0.081400),0.293700 (0.212400 + 0.081300),0.380500 (0.298800 + 0.081700),0.387400 (0.306000 + 0.081400),0.355700 (0.274500 + 0.081200),0.569300 (0.487800 + 0.081500),0.265900 (0.184500 + 0.081400),0.620900 (0.539100 + 0.081800),0.339800 (0.258300 + 0.081500),0.620900 (0.539100 + 0.081800),0.617300 (0.535500 + 0.081800),0.344300 (0.262800 + 0.081500),0.427700 (0.346500 + 0.081200),0.517200 (0.435600 + 0.081600),0.595300 (0.513900 + 0.081400),0.602600 (0.521100 + 0.081500),0.597200 (0.515700 + 0.081500),0.595300 (0.513900 + 0.081400),0.581700 (0.500400 + 0.081300),0.185800 (0.104400 + 0.081400),0.617900 (0.536400 + 0.081500),0.614200 (0.532800 + 0.081400),0.617900 (0.536400 + 0.081500),0.263800 (0.182700 + 0.081100),0.620600 (0.539100 + 0.081500),0.617900 (0.536400 + 0.081500),0.620900 (0.539100 + 0.081800),0.617900 (0.536400 + 0.081500),0.284100 (0.202500 + 0.081600),0.617900 (0.536400 + 0.081500),0.617900 (0.536400 + 0.081500),0.545800 (0.464400 + 0.081400),0.281100 (0.199800 + 0.081300),0.192100 (0.110700 + 0.081400),0.274700 (0.193500 + 0.081200)
38,0.624500 (0.542700 + 0.081800),0.624500 (0.542700 + 0.081800),0.624500 (0.542700 + 0.081800),0.624500 (0.542700 + 0.081800),0.624500 (0.542700 + 0.081800),0.222700 (0.141300 + 0.081400),0.429600 (0.348300 + 0.081300),0.620900 (0.539100 + 0.081800),0.371400 (0.289800 + 0.081600),0.208300 (0.126900 + 0.081400),0.283000 (0.201600 + 0.081400),0.620900 (0.539100 + 0.081800),0.204700 (0.123300 + 0.081400),0.597200 (0.515700 + 0.081500),0.219400 (0.137700 + 0.081700),0.263300 (0.181800 + 0.081500),0.249700 (0.168300 + 0.081400),0.617900 (0.536400 + 0.081500),0.154700 (0.073800 + 0.080900),0.436200 (0.354600 + 0.081600),0.568700 (0.486900 + 0.081800),0.620900 (0.539100 + 0.081800),0.620900 (0.539100 + 0.081800),0.309000 (0.227700 + 0.081300),0.617900 (0.536400 + 0.081500),0.387400 (0.306000 + 0.081400),0.617300 (0.535500 + 0.081800),0.588900 (0.507600 + 0.081300),0.357900 (0.276300 + 0.081600),0.319800 (0.238500 + 0.081300),0.615300 (0.533700 + 0.081600),0.592100 (0.510300 + 0.081800),0.619700 (0.538200 + 0.081500),0.306600 (0.225000 + 0.081600),0.620900 (0.539100 + 0.081800),0.192900 (0.111600 + 0.081300),0.209900 (0.128700 + 0.081200),0.617000 (0.535500 + 0.081500),0.268800 (0.187200 + 0.081600),0.620900 (0.539100 + 0.081800),0.595300 (0.513900 + 0.081400),0.283900 (0.202500 + 0.081400),0.517200 (0.435600 + 0.081600),0.514600 (0.432900 + 0.081700),0.615300 (0.533700 + 0.081600),0.620900 (0.539100 + 0.081800),0.624500 (0.542700 + 0.081800),0.623400 (0.541800 + 0.081600),0.244700 (0.163800 + 0.080900),0.294400 (0.213300 + 0.081100),0.515100 (0.433800 + 0.081300),0.620900 (0.539100 + 0.081800),0.584600 (0.503100 + 0.081500),0.620900 (0.539100 + 0.081800),0.620900 (0.539100 + 0.081800),0.617900 (0.536400 + 0.081500),0.595300 (0.513900 + 0.081400),0.348900 (0.267300 + 0.081600),0.517200 (0.435600 + 0.081600),0.212700 (0.131400 + 0.081300),0.620800 (0.539100 + 0.081700),0.244200 (0.162900 + 0.081300),0.339900 (0.258300 + 0.081600),0.617300 (0.535500 + 0.081800),0.597200 (0.515700 + 0.081500),0.432600 (0.351000 + 0.081600),0.625300 (0.543600 + 0.081700),0.624500 (0.542700 + 0.081800),0.235200 (0.153900 + 0.081300),0.419900 (0.338400 + 0.081500),0.270600 (0.189000 + 0.081600),0.617900 (0.536400 + 0.081500),0.624500 (0.542700 + 0.081800),0.595300 (0.513900 + 0.081400),0.606400 (0.524700 + 0.081700),0.437700 (0.356400 + 0.081300),0.588000 (0.506700 + 0.081300),0.620900 (0.539100 + 0.081800),0.218100 (0.136800 + 0.081300),0.339000 (0.257400 + 0.081600),0.615300 (0.533700 + 0.081600),0.625200 (0.543600 + 0.081600),0.615300 (0.533700 + 0.081600),0.620900 (0.539100 + 0.081800),0.614200 (0.532800 + 0.081400),0.617900 (0.536400 + 0.081500),0.260300 (0.179100 + 0.081200),0.344400 (0.262800 + 0.081600),0.617900 (0.536400 + 0.081500),0.234300 (0.153000 + 0.081300),0.522400 (0.441000 + 0.081400),0.219200 (0.137700 + 0.081500),0.618000 (0.536400 + 0.081600),0.572900 (0.491400 + 0.081500),0.595300 (0.513900 + 0.081400),0.620900 (0.539100 + 0.081800),0.314600 (0.233100 + 0.081500),0.185100 (0.103500 + 0.081600),0.281100 (0.199800 + 0.081300),0.615300 (0.533700 + 0.081600)
39,0.625300 (0.543600 + 0.081700),0.625200 (0.543600 + 0.081600),0.624500 (0.542700 + 0.081800),0.624500 (0.542700 + 0.081800),0.624500 (0.542700 + 0.081800),0.617900 (0.536400 + 0.081500),0.283800 (0.202500 + 0.081300),0.254100 (0.172800 + 0.081300),0.484900 (0.403200 + 0.081700),0.292900 (0.211500 + 0.081400),0.578600 (0.496800 + 0.081800),0.515100 (0.433800 + 0.081300),0.371700 (0.290700 + 0.081000),0.620900 (0.539100 + 0.081800),0.324600 (0.243000 + 0.081600),0.617900 (0.536400 + 0.081500),0.568700 (0.486900 + 0.081800),0.623400 (0.541800 + 0.081600),0.617300 (0.535500 + 0.081800),0.221000 (0.139500 + 0.081500),0.620900 (0.539100 + 0.081800),0.235300 (0.153900 + 0.081400),0.253300 (0.171900 + 0.081400),0.264100 (0.182700 + 0.081400),0.431500 (0.350100 + 0.081400),0.294900 (0.213300 + 0.081600),0.624500 (0.542700 + 0.081800),0.617900 (0.536400 + 0.081500),0.617900 (0.536400 + 0.081500),0.351800 (0.270000 + 0.081800),0.221600 (0.140400 + 0.081200),0.619700 (0.538200 + 0.081500),0.261400 (0.180000 + 0.081400),0.281600 (0.199800 + 0.081800),0.615300 (0.533700 + 0.081600),0.268200 (0.186300 + 0.081900),0.620900 (0.539100 + 0.081800),0.199100 (0.117900 + 0.081200),0.573700 (0.492300 + 0.081400),0.196900 (0.115200 + 0.081700),0.178200 (0.097200 + 0.081000),0.597200 (0.515700 + 0.081500),0.617300 (0.535500 + 0.081800),0.381100 (0.299700 + 0.081400),0.364300 (0.282600 + 0.081700),0.257500 (0.176400 + 0.081100),0.261400 (0.180000 + 0.081400),0.625300 (0.543600 + 0.081700),0.624500 (0.542700 + 0.081800),0.271300 (0.189900 + 0.081400),0.415100 (0.333900 + 0.081200),0.531300 (0.450000 + 0.081300),0.403700 (0.322200 + 0.081500),0.615300 (0.533700 + 0.081600),0.517200 (0.435600 + 0.081600),0.615300 (0.533700 + 0.081600),0.264100 (0.182700 + 0.081400),0.290700 (0.209700 + 0.081000),0.625200 (0.543600 + 0.081600),0.620900 (0.539100 + 0.081800),0.620900 (0.539100 + 0.081800),0.562300 (0.480600 + 0.081700),0.623400 (0.541800 + 0.081600),0.502800 (0.421200 + 0.081600),0.443500 (0.361800 + 0.081700),0.239900 (0.158400 + 0.081500),0.595300 (0.513900 + 0.081400),0.606400 (0.524700 + 0.081700),0.615300 (0.533700 + 0.081600),0.615300 (0.533700 + 0.081600),0.620900 (0.539100 + 0.081800),0.381400 (0.299700 + 0.081700),0.614200 (0.532800 + 0.081400),0.245500 (0.163800 + 0.081700),0.615300 (0.533700 + 0.081600),0.304800 (0.223200 + 0.081600),0.478300 (0.396900 + 0.081400),0.240900 (0.159300 + 0.081600),0.416400 (0.334800 + 0.081600),0.578200 (0.496800 + 0.081400),0.537100 (0.455400 + 0.081700),0.221000 (0.139500 + 0.081500),0.343300 (0.261900 + 0.081400),0.625200 (0.543600 + 0.081600),0.624300 (0.542700 + 0.081600),0.284900 (0.203400 + 0.081500),0.625300 (0.543600 + 0.081700),0.624500 (0.542700 + 0.081800),0.347100 (0.265500 + 0.081600),0.219000 (0.137700 + 0.081300),0.371400 (0.289800 + 0.081600),0.430600 (0.349200 + 0.081400),0.264800 (0.183600 + 0.081200),0.248200 (0.166500 + 0.081700),0.489100 (0.407700 + 0.081400),0.620900 (0.539100 + 0.081800),0.253000 (0.171900 + 0.081100),0.620900 (0.539100 + 0.081800),0.620900 (0.539100 + 0.081800),0.615300 (0.533700 + 0.081600)
40,0.625300 (0.543600 + 0.081700),0.625300 (0.543600 + 0.081700),0.625300 (0.543600 + 0.081700),0.625200 (0.543600 + 0.081600),0.625200 (0.543600 + 0.081600),0.426900 (0.345600 + 0.081300),0.206700 (0.125100 + 0.081600),0.368000 (0.286200 + 0.081800),0.435300 (0.353700 + 0.081600),0.254600 (0.173700 + 0.080900),0.404700 (0.323100 + 0.081600),0.570300 (0.488700 + 0.081600),0.313500 (0.232200 + 0.081300),0.624500 (0.542700 + 0.081800),0.615300 (0.533700 + 0.081600),0.544300 (0.462600 + 0.081700),0.602500 (0.521100 + 0.081400),0.560200 (0.478800 + 0.081400),0.306700 (0.225000 + 0.081700),0.625200 (0.543600 + 0.081600),0.327400 (0.245700 + 0.081700),0.212800 (0.131400 + 0.081400),0.317400 (0.235800 + 0.081600),0.306700 (0.225000 + 0.081700),0.565700 (0.484200 + 0.081500),0.595300 (0.513900 + 0.081400),0.221900 (0.140400 + 0.081500),0.161700 (0.081000 + 0.080700),0.307500 (0.225900 + 0.081600),0.332400 (0.251100 + 0.081300),0.623400 (0.541800 + 0.081600),0.615300 (0.533700 + 0.081600),0.443500 (0.361800 + 0.081700),0.351800 (0.270000 + 0.081800),0.285700 (0.204300 + 0.081400),0.620900 (0.539100 + 0.081800),0.615300 (0.533700 + 0.081600),0.450600 (0.369000 + 0.081600),0.328800 (0.247500 + 0.081300),0.197200 (0.116100 + 0.081100),0.617900 (0.536400 + 0.081500),0.592100 (0.510300 + 0.081800),0.619700 (0.538200 + 0.081500),0.314100 (0.233100 + 0.081000),0.382100 (0.300600 + 0.081500),0.182200 (0.100800 + 0.081400),0.366000 (0.284400 + 0.081600),0.615300 (0.533700 + 0.081600),0.624500 (0.542700 + 0.081800),0.274300 (0.192600 + 0.081700),0.615300 (0.533700 + 0.081600),0.624500 (0.542700 + 0.081800),0.241600 (0.160200 + 0.081400),0.369400 (0.288000 + 0.081400),0.323700 (0.242100 + 0.081600),0.246300 (0.164700 + 0.081600),0.326000 (0.244800 + 0.081200),0.241800 (0.160200 + 0.081600),0.351000 (0.269100 + 0.081900),0.208200 (0.126900 + 0.081300),0.323600 (0.242100 + 0.081500),0.617300 (0.535500 + 0.081800),0.624500 (0.542700 + 0.081800),0.556800 (0.475200 + 0.081600),0.593700 (0.512100 + 0.081600),0.245300 (0.163800 + 0.081500),0.298400 (0.216900 + 0.081500),0.620900 (0.539100 + 0.081800),0.617300 (0.535500 + 0.081800),0.366000 (0.284400 + 0.081600),0.625400 (0.543600 + 0.081800),0.627100 (0.545400 + 0.081700),0.627100 (0.545400 + 0.081700),0.478300 (0.396900 + 0.081400),0.235500 (0.153900 + 0.081600),0.164900 (0.083700 + 0.081200),0.289500 (0.207900 + 0.081600),0.316700 (0.234900 + 0.081800),0.301000 (0.219600 + 0.081400),0.297400 (0.216000 + 0.081400),0.411700 (0.330300 + 0.081400),0.620900 (0.539100 + 0.081800),0.624500 (0.542700 + 0.081800),0.254100 (0.172800 + 0.081300),0.235500 (0.153900 + 0.081600),0.406300 (0.324900 + 0.081400),0.360400 (0.279000 + 0.081400),0.615300 (0.533700 + 0.081600),0.623400 (0.541800 + 0.081600),0.457900 (0.376200 + 0.081700),0.544100 (0.462600 + 0.081500),0.615100 (0.533700 + 0.081400),0.554800 (0.473400 + 0.081400),0.617900 (0.536400 + 0.081500),0.578200 (0.496800 + 0.081400),0.624500 (0.542700 + 0.081800),0.481300 (0.399600 + 0.081700),0.620900 (0.539100 + 0.081800),0.624500 (0.542700 + 0.081800),0.625300 (0.543600 + 0.081700)
41,0.627100 (0.545400 + 0.081700),0.627100 (0.545400 + 0.081700),0.625400 (0.543600 + 0.081800),0.625300 (0.543600 + 0.081700),0.625300 (0.543600 + 0.081700),0.227800 (0.146700 + 0.081100),0.491200 (0.409500 + 0.081700),0.394800 (0.313200 + 0.081600),0.150200 (0.068400 + 0.081800),0.620900 (0.539100 + 0.081800),0.560200 (0.478800 + 0.081400),0.624500 (0.542700 + 0.081800),0.554800 (0.473400 + 0.081400),0.172600 (0.091800 + 0.080800),0.382400 (0.300600 + 0.081800),0.314700 (0.233100 + 0.081600),0.615300 (0.533700 + 0.081600),0.524500 (0.442800 + 0.081700),0.433500 (0.351900 + 0.081600),0.627100 (0.545400 + 0.081700),0.623500 (0.541800 + 0.081700),0.576400 (0.495000 + 0.081400),0.221800 (0.140400 + 0.081400),0.624500 (0.542700 + 0.081800),0.615300 (0.533700 + 0.081600),0.424300 (0.342900 + 0.081400),0.494900 (0.413100 + 0.081800),0.615300 (0.533700 + 0.081600),0.602500 (0.521100 + 0.081400),0.611700 (0.530100 + 0.081600),0.352100 (0.270900 + 0.081200),0.625200 (0.543600 + 0.081600),0.620900 (0.539100 + 0.081800),0.246200 (0.164700 + 0.081500),0.612000 (0.530100 + 0.081900),0.627100 (0.545400 + 0.081700),0.266200 (0.185400 + 0.080800),0.277300 (0.196200 + 0.081100),0.620900 (0.539100 + 0.081800),0.243400 (0.162000 + 0.081400),0.351300 (0.270000 + 0.081300),0.627100 (0.545400 + 0.081700),0.624500 (0.542700 + 0.081800),0.620900 (0.539100 + 0.081800),0.235500 (0.153900 + 0.081600),0.252100 (0.171000 + 0.081100),0.425400 (0.343800 + 0.081600),0.627100 (0.545400 + 0.081700),0.619700 (0.538200 + 0.081500),0.578200 (0.496800 + 0.081400),0.627100 (0.545400 + 0.081700),0.316300 (0.234900 + 0.081400),0.478300 (0.396900 + 0.081400),0.625200 (0.543600 + 0.081600),0.259500 (0.178200 + 0.081300),0.623400 (0.541800 + 0.081600),0.615300 (0.533700 + 0.081600),0.345500 (0.263700 + 0.081800),0.484800 (0.403200 + 0.081600),0.417100 (0.335700 + 0.081400),0.486900 (0.405000 + 0.081900),0.249100 (0.167400 + 0.081700),0.589300 (0.507600 + 0.081700),0.441400 (0.360000 + 0.081400),0.340300 (0.259200 + 0.081100),0.267500 (0.186300 + 0.081200),0.612600 (0.531000 + 0.081600),0.595300 (0.513900 + 0.081400),0.342900 (0.261900 + 0.081000),0.269500 (0.188100 + 0.081400),0.556000 (0.474300 + 0.081700),0.585400 (0.504000 + 0.081400),0.363400 (0.281700 + 0.081700),0.503600 (0.422100 + 0.081500),0.259800 (0.178200 + 0.081600),0.298600 (0.216900 + 0.081700),0.620900 (0.539100 + 0.081800),0.615300 (0.533700 + 0.081600),0.620900 (0.539100 + 0.081800),0.592100 (0.510300 + 0.081800),0.404700 (0.323100 + 0.081600),0.590400 (0.508500 + 0.081900),0.209100 (0.127800 + 0.081300),0.624500 (0.542700 + 0.081800),0.340000 (0.258300 + 0.081700),0.322700 (0.241200 + 0.081500),0.587400 (0.505800 + 0.081600),0.602900 (0.521100 + 0.081800),0.489400 (0.407700 + 0.081700),0.617900 (0.536400 + 0.081500),0.630600 (0.549000 + 0.081600),0.448600 (0.367200 + 0.081400),0.604500 (0.522900 + 0.081600),0.623400 (0.541800 + 0.081600),0.615300 (0.533700 + 0.081600),0.303500 (0.222300 + 0.081200),0.450600 (0.369000 + 0.081600),0.548600 (0.467100 + 0.081500),0.445200 (0.363600 + 0.081600),0.462300 (0.380700 + 0.081600)
42,0.630600 (0.549000 + 0.081600),0.627100 (0.545400 + 0.081700),0.627100 (0.545400 + 0.081700),0.627100 (0.545400 + 0.081700),0.627100 (0.545400 + 0.081700),0.620900 (0.539100 + 0.081800),0.623500 (0.541800 + 0.081700),0.162700 (0.081900 + 0.080800),0.324300 (0.243000 + 0.081300),0.557900 (0.476100 + 0.081800),0.617900 (0.536400 + 0.081500),0.620900 (0.539100 + 0.081800),0.595300 (0.513900 + 0.081400),0.623400 (0.541800 + 0.081600),0.592100 (0.510300 + 0.081800),0.578200 (0.496800 + 0.081400),0.420000 (0.338400 + 0.081600),0.353400 (0.271800 + 0.081600),0.322600 (0.241200 + 0.081400),0.283600 (0.202500 + 0.081100),0.494900 (0.413100 + 0.081800),0.624500 (0.542700 + 0.081800),0.256300 (0.174600 + 0.081700),0.261500 (0.180000 + 0.081500),0.609100 (0.527400 + 0.081700),0.625200 (0.543600 + 0.081600),0.625300 (0.543600 + 0.081700),0.624500 (0.542700 + 0.081800),0.620900 (0.539100 + 0.081800),0.620900 (0.539100 + 0.081800),0.486900 (0.405000 + 0.081900),0.604500 (0.522900 + 0.081600),0.284900 (0.203400 + 0.081500),0.280400 (0.198900 + 0.081500),0.295700 (0.214200 + 0.081500),0.620900 (0.539100 + 0.081800),0.585400 (0.504000 + 0.081400),0.283800 (0.202500 + 0.081300),0.620900 (0.539100 + 0.081800),0.261800 (0.180000 + 0.081800),0.378800 (0.297000 + 0.081800),0.611700 (0.530100 + 0.081600),0.625200 (0.543600 + 0.081600),0.615300 (0.533700 + 0.081600),0.624500 (0.542700 + 0.081800),0.589300 (0.507600 + 0.081700),0.612000 (0.530100 + 0.081900),0.445200 (0.363600 + 0.081600),0.627100 (0.545400 + 0.081700),0.221900 (0.140400 + 0.081500),0.454200 (0.372600 + 0.081600),0.476700 (0.395100 + 0.081600),0.558400 (0.477000 + 0.081400),0.384800 (0.303300 + 0.081500),0.611700 (0.530100 + 0.081600),0.620900 (0.539100 + 0.081800),0.627100 (0.545400 + 0.081700),0.424600 (0.342900 + 0.081700),0.544400 (0.462600 + 0.081800),0.199200 (0.117900 + 0.081300),0.241500 (0.160200 + 0.081300),0.291200 (0.209700 + 0.081500),0.259700 (0.178200 + 0.081500),0.627100 (0.545400 + 0.081700),0.455000 (0.373500 + 0.081500),0.612000 (0.530100 + 0.081900),0.445200 (0.363600 + 0.081600),0.623400 (0.541800 + 0.081600),0.530600 (0.449100 + 0.081500),0.504800 (0.423000 + 0.081800),0.298300 (0.216900 + 0.081400),0.263200 (0.181800 + 0.081400),0.320200 (0.238500 + 0.081700),0.627100 (0.545400 + 0.081700),0.624500 (0.542700 + 0.081800),0.601900 (0.520200 + 0.081700),0.304800 (0.223200 + 0.081600),0.596200 (0.514800 + 0.081400),0.625300 (0.543600 + 0.081700),0.263300 (0.181800 + 0.081500),0.619900 (0.538200 + 0.081700),0.627100 (0.545400 + 0.081700),0.624500 (0.542700 + 0.081800),0.595400 (0.513900 + 0.081500),0.313700 (0.232200 + 0.081500),0.205700 (0.124200 + 0.081500),0.377300 (0.296100 + 0.081200),0.592100 (0.510300 + 0.081800),0.327400 (0.245700 + 0.081700),0.624500 (0.542700 + 0.081800),0.592000 (0.510300 + 0.081700),0.365900 (0.284400 + 0.081500),0.589800 (0.508500 + 0.081300),0.615300 (0.533700 + 0.081600),0.611700 (0.530100 + 0.081600),0.245600 (0.163800 + 0.081800),0.546800 (0.465300 + 0.081500),0.323800 (0.242100 + 0.081700),0.404700 (0.323100 + 0.081600),0.620900 (0.539100 + 0.081800)
43,0.630600 (0.549000 + 0.081600),0.627100 (0.545400 + 0.081700),0.627100 (0.545400 + 0.081700),0.627100 (0.545400 + 0.081700),0.627100 (0.545400 + 0.081700),0.624500 (0.542700 + 0.081800),0.627100 (0.545400 + 0.081700),0.547700 (0.466200 + 0.081500),0.558600 (0.477000 + 0.081600),0.623300 (0.541800 + 0.081500),0.605500 (0.523800 + 0.081700),0.347700 (0.266400 + 0.081300),0.441400 (0.360000 + 0.081400),0.480400 (0.398700 + 0.081700),0.571300 (0.489600 + 0.081700),0.261400 (0.180000 + 0.081400),0.625200 (0.543600 + 0.081600),0.224000 (0.142200 + 0.081800),0.623400 (0.541800 + 0.081600),0.294600 (0.213300 + 0.081300),0.228300 (0.146700 + 0.081600),0.627100 (0.545400 + 0.081700),0.632300 (0.550800 + 0.081500),0.624500 (0.542700 + 0.081800),0.605500 (0.523800 + 0.081700),0.624500 (0.542700 + 0.081800),0.251500 (0.170100 + 0.081400),0.619900 (0.538200 + 0.081700),0.625300 (0.543600 + 0.081700),0.318600 (0.236700 + 0.081900),0.373900 (0.292500 + 0.081400),0.623400 (0.541800 + 0.081600),0.372300 (0.290700 + 0.081600),0.627100 (0.545400 + 0.081700),0.627100 (0.545400 + 0.081700),0.620900 (0.539100 + 0.081800),0.625200 (0.543600 + 0.081600),0.624500 (0.542700 + 0.081800),0.195600 (0.114300 + 0.081300),0.326200 (0.244800 + 0.081400),0.400300 (0.318600 + 0.081700),0.627100 (0.545400 + 0.081700),0.611700 (0.530100 + 0.081600),0.274900 (0.193500 + 0.081400),0.545400 (0.463500 + 0.081900),0.342300 (0.261000 + 0.081300),0.557900 (0.476100 + 0.081800),0.624500 (0.542700 + 0.081800),0.615300 (0.533700 + 0.081600),0.624500 (0.542700 + 0.081800),0.627100 (0.545400 + 0.081700),0.191800 (0.110700 + 0.081100),0.476800 (0.395100 + 0.081700),0.326200 (0.244800 + 0.081400),0.364300 (0.282600 + 0.081700),0.573900 (0.492300 + 0.081600),0.373200 (0.291600 + 0.081600),0.262800 (0.180900 + 0.081900),0.592100 (0.510300 + 0.081800),0.256200 (0.174600 + 0.081600),0.485100 (0.403200 + 0.081900),0.607800 (0.526500 + 0.081300),0.601000 (0.519300 + 0.081700),0.237700 (0.156600 + 0.081100),0.621800 (0.540000 + 0.081800),0.298500 (0.216900 + 0.081600),0.620900 (0.539100 + 0.081800),0.404800 (0.323100 + 0.081700),0.398400 (0.316800 + 0.081600),0.443400 (0.361800 + 0.081600),0.440700 (0.359100 + 0.081600),0.607000 (0.525600 + 0.081400),0.597400 (0.515700 + 0.081700),0.392900 (0.311400 + 0.081500),0.208700 (0.127800 + 0.080900),0.625400 (0.543600 + 0.081800),0.586500 (0.504900 + 0.081600),0.627100 (0.545400 + 0.081700),0.620900 (0.539100 + 0.081800),0.611700 (0.530100 + 0.081600),0.321900 (0.240300 + 0.081600),0.578200 (0.496800 + 0.081400),0.212600 (0.131400 + 0.081200),0.550700 (0.468900 + 0.081800),0.255500 (0.174600 + 0.080900),0.625300 (0.543600 + 0.081700),0.628100 (0.546300 + 0.081800),0.594700 (0.513000 + 0.081700),0.560400 (0.478800 + 0.081600),0.627100 (0.545400 + 0.081700),0.627100 (0.545400 + 0.081700),0.617900 (0.536400 + 0.081500),0.627100 (0.545400 + 0.081700),0.456600 (0.375300 + 0.081300),0.620900 (0.539100 + 0.081800),0.627100 (0.545400 + 0.081700),0.280500 (0.198900 + 0.081600),0.623400 (0.541800 + 0.081600),0.619900 (0.538200 + 0.081700),0.615300 (0.533700 + 0.081600)
44,0.632300 (0.550800 + 0.081500),0.630600 (0.549000 + 0.081600),0.628100 (0.546300 + 0.081800),0.627100 (0.545400 + 0.081700),0.627100 (0.545400 + 0.081700),0.624500 (0.542700 + 0.081800),0.617900 (0.536400 + 0.081500),0.620900 (0.539100 + 0.081800),0.309300 (0.227700 + 0.081600),0.623400 (0.541800 + 0.081600),0.627100 (0.545400 + 0.081700),0.628100 (0.546300 + 0.081800),0.620900 (0.539100 + 0.081800),0.627100 (0.545400 + 0.081700),0.326200 (0.244800 + 0.081400),0.358000 (0.276300 + 0.081700),0.569500 (0.487800 + 0.081700),0.268000 (0.186300 + 0.081700),0.627100 (0.545400 + 0.081700),0.249000 (0.167400 + 0.081600),0.560400 (0.478800 + 0.081600),0.627100 (0.545400 + 0.081700),0.328200 (0.246600 + 0.081600),0.627100 (0.545400 + 0.081700),0.571300 (0.489600 + 0.081700),0.347100 (0.265500 + 0.081600),0.283000 (0.201600 + 0.081400),0.627100 (0.545400 + 0.081700),0.617900 (0.536400 + 0.081500),0.255500 (0.173700 + 0.081800),0.229400 (0.147600 + 0.081800),0.627100 (0.545400 + 0.081700),0.596500 (0.514800 + 0.081700),0.472100 (0.390600 + 0.081500),0.463500 (0.381600 + 0.081900),0.601000 (0.519300 + 0.081700),0.440700 (0.359100 + 0.081600),0.627100 (0.545400 + 0.081700),0.624500 (0.542700 + 0.081800),0.302400 (0.220500 + 0.081900),0.625200 (0.543600 + 0.081600),0.274800 (0.193500 + 0.081300),0.340700 (0.259200 + 0.081500),0.226400 (0.144900 + 0.081500),0.347200 (0.265500 + 0.081700),0.265800 (0.184500 + 0.081300),0.620900 (0.539100 + 0.081800),0.406200 (0.324900 + 0.081300),0.262600 (0.180900 + 0.081700),0.619900 (0.538200 + 0.081700),0.440700 (0.359100 + 0.081600),0.299600 (0.217800 + 0.081800),0.623400 (0.541800 + 0.081600),0.615300 (0.533700 + 0.081600),0.620900 (0.539100 + 0.081800),0.299200 (0.217800 + 0.081400),0.612600 (0.531000 + 0.081600),0.598300 (0.516600 + 0.081700),0.629500 (0.548100 + 0.081400),0.623400 (0.541800 + 0.081600),0.620900 (0.539100 + 0.081800),0.627100 (0.545400 + 0.081700),0.326200 (0.244800 + 0.081400),0.632300 (0.550800 + 0.081500),0.578200 (0.496800 + 0.081400),0.624500 (0.542700 + 0.081800),0.624500 (0.542700 + 0.081800),0.620900 (0.539100 + 0.081800),0.627100 (0.545400 + 0.081700),0.350900 (0.269100 + 0.081800),0.627100 (0.545400 + 0.081700),0.627100 (0.545400 + 0.081700),0.252900 (0.171000 + 0.081900),0.281900 (0.200700 + 0.081200),0.470100 (0.388800 + 0.081300),0.598300 (0.516600 + 0.081700),0.311600 (0.230400 + 0.081200),0.627100 (0.545400 + 0.081700),0.627100 (0.545400 + 0.081700),0.624500 (0.542700 + 0.081800),0.326200 (0.244800 + 0.081400),0.614400 (0.532800 + 0.081600),0.287700 (0.206100 + 0.081600),0.404800 (0.323100 + 0.081700),0.615300 (0.533700 + 0.081600),0.621000 (0.539100 + 0.081900),0.271600 (0.189900 + 0.081700),0.322000 (0.240300 + 0.081700),0.342300 (0.261000 + 0.081300),0.603600 (0.522000 + 0.081600),0.571900 (0.490500 + 0.081400),0.627100 (0.545400 + 0.081700),0.624500 (0.542700 + 0.081800),0.169500 (0.088200 + 0.081300),0.557100 (0.475200 + 0.081900),0.627100 (0.545400 + 0.081700),0.250600 (0.169200 + 0.081400),0.494600 (0.413100 + 0.081500),0.575700 (0.494100 + 0.081600),0.625400 (0.543600 + 0.081800)
45,0.632300 (0.550800 + 0.081500),0.632300 (0.550800 + 0.081500),0.630600 (0.549000 + 0.081600),0.629500 (0.548100 + 0.081400),0.628100 (0.546300 + 0.081800),0.404800 (0.323100 + 0.081700),0.437000 (0.355500 + 0.081500),0.606400 (0.524700 + 0.081700),0.627100 (0.545400 + 0.081700),0.291400 (0.209700 + 0.081700),0.446100 (0.364500 + 0.081600),0.199200 (0.117900 + 0.081300),0.241700 (0.160200 + 0.081500),0.450000 (0.368100 + 0.081900),0.389500 (0.307800 + 0.081700),0.379400 (0.297900 + 0.081500),0.614400 (0.532800 + 0.081600),0.632300 (0.550800 + 0.081500),0.624500 (0.542700 + 0.081800),0.616300 (0.534600 + 0.081700),0.625300 (0.543600 + 0.081700),0.340500 (0.259200 + 0.081300),0.603500 (0.522000 + 0.081500),0.292100 (0.210600 + 0.081500),0.503600 (0.422100 + 0.081500),0.627100 (0.545400 + 0.081700),0.627100 (0.545400 + 0.081700),0.620900 (0.539100 + 0.081800),0.326200 (0.244800 + 0.081400),0.261700 (0.180000 + 0.081700),0.402700 (0.321300 + 0.081400),0.229400 (0.147600 + 0.081800),0.224600 (0.143100 + 0.081500),0.632600 (0.550800 + 0.081800),0.590900 (0.509400 + 0.081500),0.368000 (0.286200 + 0.081800),0.348000 (0.266400 + 0.081600),0.621000 (0.539100 + 0.081900),0.627100 (0.545400 + 0.081700),0.327200 (0.245700 + 0.081500),0.624500 (0.542700 + 0.081800),0.631400 (0.549900 + 0.081500),0.617200 (0.535500 + 0.081700),0.625400 (0.543600 + 0.081800),0.446800 (0.365400 + 0.081400),0.627100 (0.545400 + 0.081700),0.612600 (0.531000 + 0.081600),0.627100 (0.545400 + 0.081700),0.629500 (0.548100 + 0.081400),0.624500 (0.542700 + 0.081800),0.240000 (0.158400 + 0.081600),0.315700 (0.234000 + 0.081700),0.620900 (0.539100 + 0.081800),0.624500 (0.542700 + 0.081800),0.627100 (0.545400 + 0.081700),0.385900 (0.304200 + 0.081700),0.336800 (0.255600 + 0.081200),0.558600 (0.477000 + 0.081600),0.625300 (0.543600 + 0.081700),0.440700 (0.359100 + 0.081600),0.298400 (0.216900 + 0.081500),0.625200 (0.543600 + 0.081600),0.625300 (0.543600 + 0.081700),0.624500 (0.542700 + 0.081800),0.629500 (0.548100 + 0.081400),0.420800 (0.339300 + 0.081500),0.354100 (0.272700 + 0.081400),0.627100 (0.545400 + 0.081700),0.624500 (0.542700 + 0.081800),0.374000 (0.292500 + 0.081500),0.164800 (0.083700 + 0.081100),0.627100 (0.545400 + 0.081700),0.627100 (0.545400 + 0.081700),0.309800 (0.228600 + 0.081200),0.627100 (0.545400 + 0.081700),0.251600 (0.170100 + 0.081500),0.369400 (0.288000 + 0.081400),0.600100 (0.518400 + 0.081700),0.512600 (0.431100 + 0.081500),0.459600 (0.378000 + 0.081600),0.222900 (0.141300 + 0.081600),0.501200 (0.419400 + 0.081800),0.307900 (0.226800 + 0.081100),0.623400 (0.541800 + 0.081600),0.621000 (0.539100 + 0.081900),0.347100 (0.265500 + 0.081600),0.336800 (0.255600 + 0.081200),0.627100 (0.545400 + 0.081700),0.377700 (0.296100 + 0.081600),0.231600 (0.150300 + 0.081300),0.275700 (0.194400 + 0.081300),0.627100 (0.545400 + 0.081700),0.627100 (0.545400 + 0.081700),0.407300 (0.325800 + 0.081500),0.627100 (0.545400 + 0.081700),0.628100 (0.546300 + 0.081800),0.625300 (0.543600 + 0.081700),0.620900 (0.539100 + 0.081800),0.624500 (0.542700 + 0.081800),0.279400 (0.198000 + 0.081400)
46,0.632600 (0.550800 + 0.081800),0.632300 (0.550800 + 0.081500),0.632300 (0.550800 + 0.081500),0.632300 (0.550800 + 0.081500),0.631400 (0.549900 + 0.081500),0.619900 (0.538200 + 0.081700),0.279400 (0.198000 + 0.081400),0.328100 (0.246600 + 0.081500),0.614500 (0.532800 + 0.081700),0.632300 (0.550800 + 0.081500),0.284100 (0.202500 + 0.081600),0.629500 (0.548100 + 0.081400),0.629500 (0.548100 + 0.081400),0.620900 (0.539100 + 0.081800),0.627100 (0.545400 + 0.081700),0.263100 (0.181800 + 0.081300),0.259700 (0.178200 + 0.081500),0.635100 (0.553500 + 0.081600),0.359800 (0.278100 + 0.081700),0.624400 (0.542700 + 0.081700),0.628100 (0.546300 + 0.081800),0.629500 (0.548100 + 0.081400),0.627100 (0.545400 + 0.081700),0.629500 (0.548100 + 0.081400),0.627100 (0.545400 + 0.081700),0.628000 (0.546300 + 0.081700),0.292200 (0.210600 + 0.081600),0.628100 (0.546300 + 0.081800),0.343300 (0.261900 + 0.081400),0.231600 (0.150300 + 0.081300),0.624500 (0.542700 + 0.081800),0.204600 (0.123300 + 0.081300),0.556900 (0.475200 + 0.081700),0.253500 (0.171900 + 0.081600),0.241200 (0.160200 + 0.081000),0.301200 (0.219600 + 0.081600),0.347100 (0.265500 + 0.081600),0.632300 (0.550800 + 0.081500),0.355100 (0.273600 + 0.081500),0.625300 (0.543600 + 0.081700),0.311900 (0.230400 + 0.081500),0.370700 (0.288900 + 0.081800),0.627100 (0.545400 + 0.081700),0.581200 (0.499500 + 0.081700),0.291800 (0.210600 + 0.081200),0.624500 (0.542700 + 0.081800),0.624500 (0.542700 + 0.081800),0.510000 (0.428400 + 0.081600),0.564300 (0.482400 + 0.081900),0.633200 (0.551700 + 0.081500),0.429000 (0.347400 + 0.081600),0.327200 (0.245700 + 0.081500),0.291200 (0.209700 + 0.081500),0.627100 (0.545400 + 0.081700),0.286800 (0.205200 + 0.081600),0.627100 (0.545400 + 0.081700),0.624500 (0.542700 + 0.081800),0.350900 (0.269100 + 0.081800),0.565000 (0.483300 + 0.081700),0.627100 (0.545400 + 0.081700),0.231400 (0.150300 + 0.081100),0.207400 (0.126000 + 0.081400),0.246800 (0.165600 + 0.081200),0.303600 (0.222300 + 0.081300),0.270000 (0.189000 + 0.081000),0.363100 (0.281700 + 0.081400),0.277900 (0.196200 + 0.081700),0.360500 (0.279000 + 0.081500),0.629500 (0.548100 + 0.081400),0.267000 (0.185400 + 0.081600),0.300900 (0.219600 + 0.081300),0.225100 (0.144000 + 0.081100),0.384900 (0.303300 + 0.081600),0.220000 (0.138600 + 0.081400),0.629500 (0.548100 + 0.081400),0.619700 (0.538200 + 0.081500),0.310400 (0.228600 + 0.081800),0.450600 (0.369000 + 0.081600),0.495500 (0.414000 + 0.081500),0.627100 (0.545400 + 0.081700),0.600100 (0.518400 + 0.081700),0.624500 (0.542700 + 0.081800),0.624500 (0.542700 + 0.081800),0.615400 (0.533700 + 0.081700),0.392100 (0.310500 + 0.081600),0.625300 (0.543600 + 0.081700),0.625300 (0.543600 + 0.081700),0.290300 (0.208800 + 0.081500),0.628100 (0.546300 + 0.081800),0.629500 (0.548100 + 0.081400),0.627100 (0.545400 + 0.081700),0.501200 (0.419400 + 0.081800),0.628100 (0.546300 + 0.081800),0.629500 (0.548100 + 0.081400),0.627100 (0.545400 + 0.081700),0.382900 (0.301500 + 0.081400),0.627100 (0.545400 + 0.081700),0.605200 (0.523800 + 0.081400),0.627100 (0.545400 + 0.081700),0.286400 (0.205200 + 0.081200)
47,0.635100 (0.553500 + 0.081600),0.633200 (0.551700 + 0.081500),0.632600 (0.550800 + 0.081800),0.632300 (0.550800 + 0.081500),0.632300 (0.550800 + 0.081500),0.627100 (0.545400 + 0.081700),0.629500 (0.548100 + 0.081400),0.315400 (0.234000 + 0.081400),0.627100 (0.545400 + 0.081700),0.627100 (0.545400 + 0.081700),0.282800 (0.201600 + 0.081200),0.624500 (0.542700 + 0.081800),0.258900 (0.177300 + 0.081600),0.246900 (0.165600 + 0.081300),0.538100 (0.456300 + 0.081800),0.624500 (0.542700 + 0.081800),0.632300 (0.550800 + 0.081500),0.625300 (0.543600 + 0.081700),0.628100 (0.546300 + 0.081800),0.414400 (0.333000 + 0.081400),0.615400 (0.533700 + 0.081700),0.358600 (0.277200 + 0.081400),0.627900 (0.546300 + 0.081600),0.627100 (0.545400 + 0.081700),0.625300 (0.543600 + 0.081700),0.325400 (0.243900 + 0.081500),0.179500 (0.098100 + 0.081400),0.627100 (0.545400 + 0.081700),0.619900 (0.538200 + 0.081700),0.278600 (0.197100 + 0.081500),0.632300 (0.550800 + 0.081500),0.619700 (0.538200 + 0.081500),0.604600 (0.522900 + 0.081700),0.625300 (0.543600 + 0.081700),0.619900 (0.538200 + 0.081700),0.632300 (0.550800 + 0.081500),0.632600 (0.550800 + 0.081800),0.629500 (0.548100 + 0.081400),0.629500 (0.548100 + 0.081400),0.629500 (0.548100 + 0.081400),0.349100 (0.267300 + 0.081800),0.276800 (0.195300 + 0.081500),0.553200 (0.471600 + 0.081600),0.632300 (0.550800 + 0.081500),0.303500 (0.222300 + 0.081200),0.362500 (0.280800 + 0.081700),0.204500 (0.123300 + 0.081200),0.258900 (0.177300 + 0.081600),0.605200 (0.523800 + 0.081400),0.627100 (0.545400 + 0.081700),0.629500 (0.548100 + 0.081400),0.631400 (0.549900 + 0.081500),0.628100 (0.546300 + 0.081800),0.395000 (0.313200 + 0.081800),0.599000 (0.517500 + 0.081500),0.461500 (0.379800 + 0.081700),0.277400 (0.196200 + 0.081200),0.251400 (0.170100 + 0.081300),0.629500 (0.548100 + 0.081400),0.624500 (0.542700 + 0.081800),0.624500 (0.542700 + 0.081800),0.525400 (0.443700 + 0.081700),0.289400 (0.207900 + 0.081500),0.627100 (0.545400 + 0.081700),0.367400 (0.286200 + 0.081200),0.616300 (0.534600 + 0.081700),0.450700 (0.369000 + 0.081700),0.456000 (0.374400 + 0.081600),0.494100 (0.412200 + 0.081900),0.627100 (0.545400 + 0.081700),0.373800 (0.292500 + 0.081300),0.214800 (0.133200 + 0.081600),0.303700 (0.222300 + 0.081400),0.396300 (0.315000 + 0.081300),0.203000 (0.121500 + 0.081500),0.631400 (0.549900 + 0.081500),0.627100 (0.545400 + 0.081700),0.208400 (0.126900 + 0.081500),0.624400 (0.542700 + 0.081700),0.319000 (0.237600 + 0.081400),0.564000 (0.482400 + 0.081600),0.629500 (0.548100 + 0.081400),0.409700 (0.328500 + 0.081200),0.626200 (0.544500 + 0.081700),0.403800 (0.322200 + 0.081600),0.372200 (0.290700 + 0.081500),0.599800 (0.518400 + 0.081400),0.547600 (0.466200 + 0.081400),0.171800 (0.090000 + 0.081800),0.581200 (0.499500 + 0.081700),0.627100 (0.545400 + 0.081700),0.294500 (0.213300 + 0.081200),0.301300 (0.219600 + 0.081700),0.627100 (0.545400 + 0.081700),0.250700 (0.169200 + 0.081500),0.400200 (0.318600 + 0.081600),0.582000 (0.500400 + 0.081600),0.525400 (0.443700 + 0.081700),0.425600 (0.343800 + 0.081800),0.629500 (0.548100 + 0.081400)
48,0.635100 (0.553500 + 0.081600),0.633200 (0.551700 + 0.081500),0.632600 (0.550800 + 0.081800),0.632600 (0.550800 + 0.081800),0.632300 (0.550800 + 0.081500),0.394500 (0.313200 + 0.081300),0.179900 (0.099000 + 0.080900),0.625300 (0.543600 + 0.081700),0.627100 (0.545400 + 0.081700),0.628100 (0.546300 + 0.081800),0.619700 (0.538200 + 0.081500),0.257300 (0.175500 + 0.081800),0.306600 (0.225000 + 0.081600),0.339700 (0.258300 + 0.081400),0.222000 (0.140400 + 0.081600),0.628000 (0.546300 + 0.081700),0.625100 (0.543600 + 0.081500),0.260700 (0.179100 + 0.081600),0.624500 (0.542700 + 0.081800),0.632300 (0.550800 + 0.081500),0.632300 (0.550800 + 0.081500),0.626200 (0.544500 + 0.081700),0.631400 (0.549900 + 0.081500),0.483200 (0.401400 + 0.081800),0.518900 (0.437400 + 0.081500),0.418300 (0.336600 + 0.081700),0.323300 (0.242100 + 0.081200),0.298300 (0.216900 + 0.081400),0.623500 (0.541800 + 0.081700),0.624500 (0.542700 + 0.081800),0.293800 (0.212400 + 0.081400),0.632300 (0.550800 + 0.081500),0.346200 (0.264600 + 0.081600),0.553200 (0.471600 + 0.081600),0.627900 (0.546300 + 0.081600),0.628100 (0.546300 + 0.081800),0.293900 (0.212400 + 0.081500),0.627100 (0.545400 + 0.081700),0.379200 (0.297900 + 0.081300),0.628000 (0.546300 + 0.081700),0.602800 (0.521100 + 0.081700),0.540800 (0.459000 + 0.081800),0.465700 (0.384300 + 0.081400),0.327900 (0.246600 + 0.081300),0.632300 (0.550800 + 0.081500),0.215500 (0.134100 + 0.081400),0.625300 (0.543600 + 0.081700),0.291100 (0.209700 + 0.081400),0.631400 (0.549900 + 0.081500),0.370400 (0.288900 + 0.081500),0.632300 (0.550800 + 0.081500),0.544400 (0.462600 + 0.081800),0.303100 (0.221400 + 0.081700),0.629500 (0.548100 + 0.081400),0.525400 (0.443700 + 0.081700),0.619700 (0.538200 + 0.081500),0.255100 (0.173700 + 0.081400),0.620400 (0.539100 + 0.081300),0.210400 (0.128700 + 0.081700),0.259300 (0.178200 + 0.081100),0.623600 (0.541800 + 0.081800),0.207500 (0.126000 + 0.081500),0.562300 (0.480600 + 0.081700),0.624500 (0.542700 + 0.081800),0.262500 (0.180900 + 0.081600),0.177500 (0.096300 + 0.081200),0.629800 (0.548100 + 0.081700),0.632300 (0.550800 + 0.081500),0.625300 (0.543600 + 0.081700),0.627100 (0.545400 + 0.081700),0.547600 (0.466200 + 0.081400),0.447500 (0.366300 + 0.081200),0.532600 (0.450900 + 0.081700),0.631400 (0.549900 + 0.081500),0.376500 (0.295200 + 0.081300),0.615400 (0.533700 + 0.081700),0.625300 (0.543600 + 0.081700),0.325600 (0.243900 + 0.081700),0.581300 (0.499500 + 0.081800),0.631400 (0.549900 + 0.081500),0.629500 (0.548100 + 0.081400),0.340500 (0.259200 + 0.081300),0.300300 (0.218700 + 0.081600),0.336100 (0.254700 + 0.081400),0.629800 (0.548100 + 0.081700),0.226200 (0.144900 + 0.081300),0.531400 (0.450000 + 0.081400),0.366600 (0.285300 + 0.081300),0.627100 (0.545400 + 0.081700),0.624500 (0.542700 + 0.081800),0.627100 (0.545400 + 0.081700),0.491100 (0.409500 + 0.081600),0.283500 (0.202500 + 0.081000),0.624500 (0.542700 + 0.081800),0.632300 (0.550800 + 0.081500),0.436100 (0.354600 + 0.081500),0.554200 (0.472500 + 0.081700),0.629500 (0.548100 + 0.081400),0.293500 (0.212400 + 0.081100),0.273100 (0.191700 + 0.081400)
49,0.635100 (0.553500 + 0.081600),0.633200 (0.551700 + 0.081500),0.632600 (0.550800 + 0.081800),0.632600 (0.550800 + 0.081800),0.632300 (0.550800 + 0.081500),0.277200 (0.196200 + 0.081000),0.338300 (0.256500 + 0.081800),0.306600 (0.225000 + 0.081600),0.169800 (0.088200 + 0.081600),0.377800 (0.296100 + 0.081700),0.444200 (0.362700 + 0.081500),0.628000 (0.546300 + 0.081700),0.625200 (0.543600 + 0.081600),0.626200 (0.544500 + 0.081700),0.554200 (0.472500 + 0.081700),0.632600 (0.550800 + 0.081800),0.628100 (0.546300 + 0.081800),0.216700 (0.135000 + 0.081700),0.547900 (0.466200 + 0.081700),0.628000 (0.546300 + 0.081700),0.483200 (0.401400 + 0.081800),0.631400 (0.549900 + 0.081500),0.627100 (0.545400 + 0.081700),0.627100 (0.545400 + 0.081700),0.628100 (0.546300 + 0.081800),0.385800 (0.304200 + 0.081600),0.491100 (0.409500 + 0.081600),0.650300 (0.568800 + 0.081500),0.282900 (0.201600 + 0.081300),0.632300 (0.550800 + 0.081500),0.344800 (0.263700 + 0.081100),0.629800 (0.548100 + 0.081700),0.619700 (0.538200 + 0.081500),0.632500 (0.550800 + 0.081700),0.624500 (0.542700 + 0.081800),0.625300 (0.543600 + 0.081700),0.285100 (0.203400 + 0.081700),0.505500 (0.423900 + 0.081600),0.627100 (0.545400 + 0.081700),0.633300 (0.551700 + 0.081600),0.625200 (0.543600 + 0.081600),0.631400 (0.549900 + 0.081500),0.626200 (0.544500 + 0.081700),0.525400 (0.443700 + 0.081700),0.208500 (0.126900 + 0.081600),0.627100 (0.545400 + 0.081700),0.627100 (0.545400 + 0.081700),0.392000 (0.310500 + 0.081500),0.459500 (0.378000 + 0.081500),0.629500 (0.548100 + 0.081400),0.280700 (0.198900 + 0.081800),0.627100 (0.545400 + 0.081700),0.629500 (0.548100 + 0.081400),0.632300 (0.550800 + 0.081500),0.627100 (0.545400 + 0.081700),0.507200 (0.425700 + 0.081500),0.538900 (0.457200 + 0.081700),0.540800 (0.459000 + 0.081800),0.625300 (0.543600 + 0.081700),0.632300 (0.550800 + 0.081500),0.633200 (0.551700 + 0.081500),0.253800 (0.171900 + 0.081900),0.308500 (0.226800 + 0.081700),0.635100 (0.553500 + 0.081600),0.632300 (0.550800 + 0.081500),0.627100 (0.545400 + 0.081700),0.562300 (0.480600 + 0.081700),0.371400 (0.289800 + 0.081600),0.605400 (0.523800 + 0.081600),0.256100 (0.174600 + 0.081500),0.632300 (0.550800 + 0.081500),0.632300 (0.550800 + 0.081500),0.631400 (0.549900 + 0.081500),0.553200 (0.471600 + 0.081600),0.277900 (0.196200 + 0.081700),0.422500 (0.341100 + 0.081400),0.501200 (0.419400 + 0.081800),0.627100 (0.545400 + 0.081700),0.188000 (0.106200 + 0.081800),0.627100 (0.545400 + 0.081700),0.310300 (0.228600 + 0.081700),0.630600 (0.549000 + 0.081600),0.631400 (0.549900 + 0.081500),0.239000 (0.157500 + 0.081500),0.483200 (0.401400 + 0.081800),0.352100 (0.270900 + 0.081200),0.611900 (0.530100 + 0.081800),0.632300 (0.550800 + 0.081500),0.615400 (0.533700 + 0.081700),0.629500 (0.548100 + 0.081400),0.631400 (0.549900 + 0.081500),0.394600 (0.313200 + 0.081400),0.275100 (0.193500 + 0.081600),0.627100 (0.545400 + 0.081700),0.313900 (0.232200 + 0.081700),0.619700 (0.538200 + 0.081500),0.628000 (0.546300 + 0.081700),0.331600 (0.250200 + 0.081400),0.605400 (0.523800 + 0.081600),0.632600 (0.550800 + 0.081800)
50,0.650300 (0.568800 + 0.081500),0.635100 (0.553500 + 0.081600),0.635100 (0.553500 + 0.081600),0.633300 (0.551700 + 0.081600),0.633200 (0.551700 + 0.081500),0.459500 (0.378000 + 0.081500),0.309100 (0.227700 + 0.081400),0.633300 (0.551700 + 0.081600),0.333500 (0.252000 + 0.081500),0.632600 (0.550800 + 0.081800),0.629500 (0.548100 + 0.081400),0.304900 (0.223200 + 0.081700),0.627100 (0.545400 + 0.081700),0.264800 (0.183600 + 0.081200),0.626000 (0.544500 + 0.081500),0.344500 (0.262800 + 0.081700),0.312100 (0.230400 + 0.081700),0.632300 (0.550800 + 0.081500),0.213100 (0.131400 + 0.081700),0.632300 (0.550800 + 0.081500),0.633300 (0.551700 + 0.081600),0.631400 (0.549900 + 0.081500),0.635100 (0.553500 + 0.081600),0.626200 (0.544500 + 0.081700),0.505500 (0.423900 + 0.081600),0.313700 (0.232200 + 0.081500),0.632300 (0.550800 + 0.081500),0.609200 (0.527400 + 0.081800),0.309400 (0.227700 + 0.081700),0.627100 (0.545400 + 0.081700),0.632300 (0.550800 + 0.081500),0.311100 (0.229500 + 0.081600),0.215600 (0.134100 + 0.081500),0.563200 (0.481500 + 0.081700),0.251200 (0.170100 + 0.081100),0.269600 (0.188100 + 0.081500),0.627100 (0.545400 + 0.081700),0.631500 (0.549900 + 0.081600),0.627100 (0.545400 + 0.081700),0.631400 (0.549900 + 0.081500),0.625300 (0.543600 + 0.081700),0.619700 (0.538200 + 0.081500),0.625300 (0.543600 + 0.081700),0.562300 (0.480600 + 0.081700),0.269400 (0.188100 + 0.081300),0.625300 (0.543600 + 0.081700),0.327800 (0.246600 + 0.081200),0.632300 (0.550800 + 0.081500),0.632300 (0.550800 + 0.081500),0.627100 (0.545400 + 0.081700),0.631400 (0.549900 + 0.081500),0.631400 (0.549900 + 0.081500),0.271000 (0.189900 + 0.081100),0.633300 (0.551700 + 0.081600),0.625300 (0.543600 + 0.081700),0.628000 (0.546300 + 0.081700),0.236000 (0.154800 + 0.081200),0.632600 (0.550800 + 0.081800),0.308200 (0.226800 + 0.081400),0.632600 (0.550800 + 0.081800),0.631400 (0.549900 + 0.081500),0.249300 (0.167400 + 0.081900),0.633300 (0.551700 + 0.081600),0.631400 (0.549900 + 0.081500),0.233300 (0.152100 + 0.081200),0.633400 (0.551700 + 0.081700),0.625200 (0.543600 + 0.081600),0.483200 (0.401400 + 0.081800),0.444200 (0.362700 + 0.081500),0.258700 (0.177300 + 0.081400),0.231800 (0.150300 + 0.081500),0.480000 (0.398700 + 0.081300),0.427800 (0.346500 + 0.081300),0.626200 (0.544500 + 0.081700),0.506400 (0.424800 + 0.081600),0.612700 (0.531000 + 0.081700),0.495800 (0.414000 + 0.081800),0.635100 (0.553500 + 0.081600),0.633300 (0.551700 + 0.081600),0.634100 (0.552600 + 0.081500),0.632400 (0.550800 + 0.081600),0.304800 (0.223200 + 0.081600),0.632300 (0.550800 + 0.081500),0.562100 (0.480600 + 0.081500),0.628100 (0.546300 + 0.081800),0.373100 (0.291600 + 0.081500),0.224500 (0.143100 + 0.081400),0.635100 (0.553500 + 0.081600),0.269100 (0.187200 + 0.081900),0.631400 (0.549900 + 0.081500),0.632400 (0.550800 + 0.081600),0.179400 (0.098100 + 0.081300),0.628000 (0.546300 + 0.081700),0.626100 (0.544500 + 0.081600),0.625200 (0.543600 + 0.081600),0.619700 (0.538200 + 0.081500),0.627100 (0.545400 + 0.081700),0.331500 (0.250200 + 0.081300),0.627100 (0.545400 + 0.081700),0.375100 (0.293400 + 0.081700)
51,0.650300 (0.568800 + 0.081500),0.635100 (0.553500 + 0.081600),0.635100 (0.553500 + 0.081600),0.635100 (0.553500 + 0.081600),0.635100 (0.553500 + 0.081600),0.276500 (0.195300 + 0.081200),0.633300 (0.551700 + 0.081600),0.626200 (0.544500 + 0.081700),0.616200 (0.534600 + 0.081600),0.417300 (0.335700 + 0.081600),0.234400 (0.153000 + 0.081400),0.650300 (0.568800 + 0.081500),0.633400 (0.551700 + 0.081700),0.273200 (0.191700 + 0.081500),0.634100 (0.552600 + 0.081500),0.298200 (0.216900 + 0.081300),0.618000 (0.536400 + 0.081600),0.627100 (0.545400 + 0.081700),0.633300 (0.551700 + 0.081600),0.627100 (0.545400 + 0.081700),0.635100 (0.553500 + 0.081600),0.625300 (0.543600 + 0.081700),0.375100 (0.293400 + 0.081700),0.619900 (0.538200 + 0.081700),0.250500 (0.169200 + 0.081300),0.627100 (0.545400 + 0.081700),0.297400 (0.216000 + 0.081400),0.625300 (0.543600 + 0.081700),0.498400 (0.416700 + 0.081700),0.238400 (0.157500 + 0.080900),0.537100 (0.455400 + 0.081700),0.287400 (0.206100 + 0.081300),0.633300 (0.551700 + 0.081600),0.641500 (0.559800 + 0.081700),0.268700 (0.187200 + 0.081500),0.633400 (0.551700 + 0.081700),0.633300 (0.551700 + 0.081600),0.345000 (0.263700 + 0.081300),0.627100 (0.545400 + 0.081700),0.280400 (0.198900 + 0.081500),0.555000 (0.473400 + 0.081600),0.583900 (0.502200 + 0.081700),0.384900 (0.303300 + 0.081600),0.343400 (0.261900 + 0.081500),0.267700 (0.186300 + 0.081400),0.627100 (0.545400 + 0.081700),0.633300 (0.551700 + 0.081600),0.627100 (0.545400 + 0.081700),0.324300 (0.243000 + 0.081300),0.627100 (0.545400 + 0.081700),0.253500 (0.171900 + 0.081600),0.284100 (0.202500 + 0.081600),0.354300 (0.272700 + 0.081600),0.633400 (0.551700 + 0.081700),0.632300 (0.550800 + 0.081500),0.627100 (0.545400 + 0.081700),0.275000 (0.193500 + 0.081500),0.613600 (0.531900 + 0.081700),0.643200 (0.561600 + 0.081600),0.495800 (0.414000 + 0.081800),0.329900 (0.248400 + 0.081500),0.626100 (0.544500 + 0.081600),0.287600 (0.206100 + 0.081500),0.632300 (0.550800 + 0.081500),0.274900 (0.193500 + 0.081400),0.459500 (0.378000 + 0.081500),0.631400 (0.549900 + 0.081500),0.405600 (0.324000 + 0.081600),0.627100 (0.545400 + 0.081700),0.632400 (0.550800 + 0.081600),0.257500 (0.176400 + 0.081100),0.632600 (0.550800 + 0.081800),0.632300 (0.550800 + 0.081500),0.372300 (0.290700 + 0.081600),0.601800 (0.520200 + 0.081600),0.249700 (0.168300 + 0.081400),0.628100 (0.546300 + 0.081800),0.304000 (0.222300 + 0.081700),0.298900 (0.217800 + 0.081100),0.339600 (0.258300 + 0.081300),0.436200 (0.354600 + 0.081600),0.229700 (0.148500 + 0.081200),0.631400 (0.549900 + 0.081500),0.635100 (0.553500 + 0.081600),0.633300 (0.551700 + 0.081600),0.632400 (0.550800 + 0.081600),0.372900 (0.291600 + 0.081300),0.635100 (0.553500 + 0.081600),0.563200 (0.481500 + 0.081700),0.627100 (0.545400 + 0.081700),0.352400 (0.270900 + 0.081500),0.303900 (0.222300 + 0.081600),0.623300 (0.541800 + 0.081500),0.369500 (0.288000 + 0.081500),0.286700 (0.205200 + 0.081500),0.632600 (0.550800 + 0.081800),0.357900 (0.276300 + 0.081600),0.321600 (0.240300 + 0.081300),0.274500 (0.193500 + 0.081000),0.625300 (0.543600 + 0.081700)
52,0.650300 (0.568800 + 0.081500),0.650300 (0.568800 + 0.081500),0.643200 (0.561600 + 0.081600),0.641500 (0.559800 + 0.081700),0.635100 (0.553500 + 0.081600),0.586500 (0.504900 + 0.081600),0.464200 (0.382500 + 0.081700),0.225400 (0.144000 + 0.081400),0.384800 (0.303300 + 0.081500),0.627100 (0.545400 + 0.081700),0.621600 (0.540000 + 0.081600),0.362000 (0.280800 + 0.081200),0.339600 (0.258300 + 0.081300),0.411100 (0.329400 + 0.081700),0.528800 (0.447300 + 0.081500),0.650300 (0.568800 + 0.081500),0.288500 (0.207000 + 0.081500),0.635100 (0.553500 + 0.081600),0.635100 (0.553500 + 0.081600),0.627100 (0.545400 + 0.081700),0.633300 (0.551700 + 0.081600),0.467800 (0.386100 + 0.081700),0.442400 (0.360900 + 0.081500),0.633300 (0.551700 + 0.081600),0.633400 (0.551700 + 0.081700),0.582100 (0.500400 + 0.081700),0.612700 (0.531000 + 0.081700),0.374800 (0.293400 + 0.081400),0.231500 (0.150300 + 0.081200),0.280800 (0.198900 + 0.081900),0.625300 (0.543600 + 0.081700),0.626100 (0.544500 + 0.081600),0.613600 (0.531900 + 0.081700),0.196600 (0.115200 + 0.081400),0.382200 (0.300600 + 0.081600),0.275100 (0.193500 + 0.081600),0.312700 (0.231300 + 0.081400),0.617000 (0.535500 + 0.081500),0.620900 (0.539100 + 0.081800),0.399400 (0.317700 + 0.081700),0.626200 (0.544500 + 0.081700),0.376000 (0.294300 + 0.081700),0.277400 (0.196200 + 0.081200),0.595700 (0.513900 + 0.081800),0.632300 (0.550800 + 0.081500),0.573100 (0.491400 + 0.081700),0.471300 (0.389700 + 0.081600),0.633300 (0.551700 + 0.081600),0.633300 (0.551700 + 0.081600),0.627100 (0.545400 + 0.081700),0.377500 (0.296100 + 0.081400),0.635100 (0.553500 + 0.081600),0.288100 (0.207000 + 0.081100),0.613600 (0.531900 + 0.081700),0.617000 (0.535500 + 0.081500),0.626100 (0.544500 + 0.081600),0.632300 (0.550800 + 0.081500),0.635100 (0.553500 + 0.081600),0.323500 (0.242100 + 0.081400),0.631400 (0.549900 + 0.081500),0.626200 (0.544500 + 0.081700),0.650300 (0.568800 + 0.081500),0.283700 (0.202500 + 0.081200),0.632300 (0.550800 + 0.081500),0.627100 (0.545400 + 0.081700),0.636000 (0.554400 + 0.081600),0.625200 (0.543600 + 0.081600),0.534400 (0.452700 + 0.081700),0.374100 (0.292500 + 0.081600),0.633300 (0.551700 + 0.081600),0.633300 (0.551700 + 0.081600),0.634300 (0.552600 + 0.081700),0.632300 (0.550800 + 0.081500),0.196500 (0.115200 + 0.081300),0.562300 (0.480600 + 0.081700),0.627100 (0.545400 + 0.081700),0.273200 (0.191700 + 0.081500),0.210000 (0.128700 + 0.081300),0.380200 (0.298800 + 0.081400),0.623300 (0.541800 + 0.081500),0.635100 (0.553500 + 0.081600),0.372300 (0.290700 + 0.081600),0.583900 (0.502200 + 0.081700),0.249700 (0.168300 + 0.081400),0.380200 (0.298800 + 0.081400),0.631600 (0.549900 + 0.081700),0.534400 (0.452700 + 0.081700),0.601800 (0.520200 + 0.081600),0.601800 (0.520200 + 0.081600),0.384800 (0.303300 + 0.081500),0.543500 (0.461700 + 0.081800),0.444100 (0.362700 + 0.081400),0.627100 (0.545400 + 0.081700),0.627100 (0.545400 + 0.081700),0.627100 (0.545400 + 0.081700),0.312600 (0.231300 + 0.081300),0.633300 (0.551700 + 0.081600),0.296000 (0.214200 + 0.081800),0.632300 (0.550800 + 0.081500),0.302100 (0.220500 + 0.081600)
53,0.650300 (0.568800 + 0.081500),0.650300 (0.568800 + 0.081500),0.650300 (0.568800 + 0.081500),0.650300 (0.568800 + 0.081500),0.643200 (0.561600 + 0.081600),0.641500 (0.559800 + 0.081700),0.633300 (0.551700 + 0.081600),0.294900 (0.213300 + 0.081600),0.632300 (0.550800 + 0.081500),0.635100 (0.553500 + 0.081600),0.613600 (0.531900 + 0.081700),0.503600 (0.422100 + 0.081500),0.574000 (0.492300 + 0.081700),0.307200 (0.225900 + 0.081300),0.632300 (0.550800 + 0.081500),0.475900 (0.394200 + 0.081700),0.632300 (0.550800 + 0.081500),0.633400 (0.551700 + 0.081700),0.632300 (0.550800 + 0.081500),0.299000 (0.217800 + 0.081200),0.336000 (0.254700 + 0.081300),0.316600 (0.234900 + 0.081700),0.374800 (0.293400 + 0.081400),0.627100 (0.545400 + 0.081700),0.262500 (0.180900 + 0.081600),0.627100 (0.545400 + 0.081700),0.300300 (0.218700 + 0.081600),0.500300 (0.418500 + 0.081800),0.241300 (0.160200 + 0.081100),0.634200 (0.552600 + 0.081600),0.242900 (0.161100 + 0.081800),0.625200 (0.543600 + 0.081600),0.617000 (0.535500 + 0.081500),0.255000 (0.173700 + 0.081300),0.627100 (0.545400 + 0.081700),0.300000 (0.218700 + 0.081300),0.586500 (0.504900 + 0.081600),0.635100 (0.553500 + 0.081600),0.617000 (0.535500 + 0.081500),0.632300 (0.550800 + 0.081500),0.635100 (0.553500 + 0.081600),0.306600 (0.225000 + 0.081600),0.632400 (0.550800 + 0.081600),0.633300 (0.551700 + 0.081600),0.582100 (0.500400 + 0.081700),0.633300 (0.551700 + 0.081600),0.635100 (0.553500 + 0.081600),0.616200 (0.534600 + 0.081600),0.470300 (0.388800 + 0.081500),0.632300 (0.550800 + 0.081500),0.265900 (0.184500 + 0.081400),0.377500 (0.296100 + 0.081400),0.228900 (0.147600 + 0.081300),0.327900 (0.246600 + 0.081300),0.229900 (0.148500 + 0.081400),0.635100 (0.553500 + 0.081600),0.221000 (0.139500 + 0.081500),0.581300 (0.499500 + 0.081800),0.293900 (0.212400 + 0.081500),0.366800 (0.285300 + 0.081500),0.562300 (0.480600 + 0.081700),0.593900 (0.512100 + 0.081800),0.633400 (0.551700 + 0.081700),0.257200 (0.175500 + 0.081700),0.291700 (0.210600 + 0.081100),0.643200 (0.561600 + 0.081600),0.307600 (0.225900 + 0.081700),0.627100 (0.545400 + 0.081700),0.625200 (0.543600 + 0.081600),0.630600 (0.549000 + 0.081600),0.562300 (0.480600 + 0.081700),0.635000 (0.553500 + 0.081500),0.632400 (0.550800 + 0.081600),0.317300 (0.235800 + 0.081500),0.337200 (0.255600 + 0.081600),0.636000 (0.554400 + 0.081600),0.618800 (0.537300 + 0.081500),0.633400 (0.551700 + 0.081700),0.547100 (0.465300 + 0.081800),0.202600 (0.121500 + 0.081100),0.564900 (0.483300 + 0.081600),0.627100 (0.545400 + 0.081700),0.421500 (0.340200 + 0.081300),0.628800 (0.547200 + 0.081600),0.636000 (0.554400 + 0.081600),0.650300 (0.568800 + 0.081500),0.633300 (0.551700 + 0.081600),0.633300 (0.551700 + 0.081600),0.633300 (0.551700 + 0.081600),0.633300 (0.551700 + 0.081600),0.635100 (0.553500 + 0.081600),0.650300 (0.568800 + 0.081500),0.650300 (0.568800 + 0.081500),0.625200 (0.543600 + 0.081600),0.627100 (0.545400 + 0.081700),0.634300 (0.552600 + 0.081700),0.463100 (0.381600 + 0.081500),0.626100 (0.544500 + 0.081600),0.627100 (0.545400 + 0.081700),0.627100 (0.545400 + 0.081700)
54,0.650300 (0.568800 + 0.081500),0.650300 (0.568800 + 0.081500),0.650300 (0.568800 + 0.081500),0.650300 (0.568800 + 0.081500),0.650300 (0.568800 + 0.081500),0.636000 (0.554400 + 0.081600),0.330600 (0.249300 + 0.081300),0.312500 (0.231300 + 0.081200),0.302300 (0.220500 + 0.081800),0.215400 (0.134100 + 0.081300),0.589200 (0.507600 + 0.081600),0.241900 (0.160200 + 0.081700),0.244600 (0.162900 + 0.081700),0.632300 (0.550800 + 0.081500),0.633300 (0.551700 + 0.081600),0.281000 (0.199800 + 0.081200),0.218400 (0.136800 + 0.081600),0.633300 (0.551700 + 0.081600),0.627100 (0.545400 + 0.081700),0.633300 (0.551700 + 0.081600),0.627100 (0.545400 + 0.081700),0.627100 (0.545400 + 0.081700),0.635000 (0.553500 + 0.081500),0.326000 (0.244800 + 0.081200),0.564900 (0.483300 + 0.081600),0.614500 (0.532800 + 0.081700),0.329700 (0.248400 + 0.081300),0.274900 (0.193500 + 0.081400),0.626900 (0.545400 + 0.081500),0.390100 (0.308700 + 0.081400),0.626100 (0.544500 + 0.081600),0.300000 (0.218700 + 0.081300),0.286100 (0.204300 + 0.081800),0.627000 (0.545400 + 0.081600),0.646000 (0.564300 + 0.081700),0.190000 (0.108900 + 0.081100),0.267300 (0.185400 + 0.081900),0.186400 (0.105300 + 0.081100),0.632300 (0.550800 + 0.081500),0.298300 (0.216900 + 0.081400),0.264100 (0.182700 + 0.081400),0.635100 (0.553500 + 0.081600),0.634200 (0.552600 + 0.081600),0.584800 (0.503100 + 0.081700),0.245500 (0.163800 + 0.081700),0.627100 (0.545400 + 0.081700),0.621600 (0.540000 + 0.081600),0.453500 (0.371700 + 0.081800),0.313600 (0.232200 + 0.081400),0.370300 (0.288900 + 0.081400),0.236400 (0.154800 + 0.081600),0.265900 (0.184500 + 0.081400),0.633300 (0.551700 + 0.081600),0.564900 (0.483300 + 0.081600),0.632300 (0.550800 + 0.081500),0.635000 (0.553500 + 0.081500),0.633400 (0.551700 + 0.081700),0.635000 (0.553500 + 0.081500),0.625200 (0.543600 + 0.081600),0.635000 (0.553500 + 0.081500),0.631600 (0.549900 + 0.081700),0.634300 (0.552600 + 0.081700),0.635100 (0.553500 + 0.081600),0.631400 (0.549900 + 0.081500),0.634200 (0.552600 + 0.081600),0.265600 (0.184500 + 0.081100),0.631500 (0.549900 + 0.081600),0.278300 (0.197100 + 0.081200),0.632300 (0.550800 + 0.081500),0.244400 (0.162900 + 0.081500),0.369400 (0.288000 + 0.081400),0.284200 (0.202500 + 0.081700),0.641500 (0.559800 + 0.081700),0.304000 (0.222300 + 0.081700),0.635100 (0.553500 + 0.081600),0.649600 (0.567900 + 0.081700),0.631400 (0.549900 + 0.081500),0.382200 (0.300600 + 0.081600),0.538800 (0.457200 + 0.081600),0.634200 (0.552600 + 0.081600),0.196500 (0.115200 + 0.081300),0.625200 (0.543600 + 0.081600),0.643200 (0.561600 + 0.081600),0.632400 (0.550800 + 0.081600),0.613600 (0.531900 + 0.081700),0.371100 (0.289800 + 0.081300),0.633300 (0.551700 + 0.081600),0.627100 (0.545400 + 0.081700),0.632400 (0.550800 + 0.081600),0.296000 (0.214200 + 0.081800),0.650300 (0.568800 + 0.081500),0.643100 (0.561600 + 0.081500),0.497300 (0.415800 + 0.081500),0.632400 (0.550800 + 0.081600),0.647700 (0.566100 + 0.081600),0.627100 (0.545400 + 0.081700),0.627100 (0.545400 + 0.081700),0.643200 (0.561600 + 0.081600),0.633300 (0.551700 + 0.081600),0.632300 (0.550800 + 0.081500)
55,0.650300 (0.568800 + 0.081500),0.650300 (0.568800 + 0.081500),0.650300 (0.568800 + 0.081500),0.650300 (0.568800 + 0.081500),0.650300 (0.568800 + 0.081500),0.634200 (0.552600 + 0.081600),0.589200 (0.507600 + 0.081600),0.626100 (0.544500 + 0.081600),0.583000 (0.501300 + 0.081700),0.633300 (0.551700 + 0.081600),0.281000 (0.199800 + 0.081200),0.633400 (0.551700 + 0.081700),0.243500 (0.162000 + 0.081500),0.633300 (0.551700 + 0.081600),0.634100 (0.552600 + 0.081500),0.321700 (0.240300 + 0.081400),0.633300 (0.551700 + 0.081600),0.633300 (0.551700 + 0.081600),0.627100 (0.545400 + 0.081700),0.635000 (0.553500 + 0.081500),0.647700 (0.566100 + 0.081600),0.345100 (0.263700 + 0.081400),0.312700 (0.231300 + 0.081400),0.642300 (0.560700 + 0.081600),0.643200 (0.561600 + 0.081600),0.635100 (0.553500 + 0.081600),0.634300 (0.552600 + 0.081700),0.334700 (0.252900 + 0.081800),0.633300 (0.551700 + 0.081600),0.568400 (0.486900 + 0.081500),0.627100 (0.545400 + 0.081700),0.340500 (0.259200 + 0.081300),0.599100 (0.517500 + 0.081600),0.642300 (0.560700 + 0.081600),0.631400 (0.549900 + 0.081500),0.584800 (0.503100 + 0.081700),0.584800 (0.503100 + 0.081700),0.265200 (0.183600 + 0.081600),0.462200 (0.380700 + 0.081500),0.628900 (0.547200 + 0.081700),0.639500 (0.558000 + 0.081500),0.339500 (0.258300 + 0.081200),0.600000 (0.518400 + 0.081600),0.627100 (0.545400 + 0.081700),0.296200 (0.215100 + 0.081100),0.202600 (0.121500 + 0.081100),0.631400 (0.549900 + 0.081500),0.631400 (0.549900 + 0.081500),0.642300 (0.560700 + 0.081600),0.284900 (0.203400 + 0.081500),0.285000 (0.203400 + 0.081600),0.627100 (0.545400 + 0.081700),0.625200 (0.543600 + 0.081600),0.632300 (0.550800 + 0.081500),0.627100 (0.545400 + 0.081700),0.305600 (0.224100 + 0.081500),0.650300 (0.568800 + 0.081500),0.308300 (0.226800 + 0.081500),0.643200 (0.561600 + 0.081600),0.635100 (0.553500 + 0.081600),0.650300 (0.568800 + 0.081500),0.360200 (0.279000 + 0.081200),0.631400 (0.549900 + 0.081500),0.222900 (0.141300 + 0.081600),0.325200 (0.243900 + 0.081300),0.634100 (0.552600 + 0.081500),0.657600 (0.576000 + 0.081600),0.234500 (0.153000 + 0.081500),0.627100 (0.545400 + 0.081700),0.383000 (0.301500 + 0.081500),0.259800 (0.178200 + 0.081600),0.370400 (0.288900 + 0.081500),0.635100 (0.553500 + 0.081600),0.325600 (0.243900 + 0.081700),0.293900 (0.212400 + 0.081500),0.403600 (0.322200 + 0.081400),0.636000 (0.554400 + 0.081600),0.254400 (0.172800 + 0.081600),0.638700 (0.557100 + 0.081600),0.293200 (0.211500 + 0.081700),0.633300 (0.551700 + 0.081600),0.259700 (0.178200 + 0.081500),0.170300 (0.089100 + 0.081200),0.604600 (0.522900 + 0.081700),0.627000 (0.545400 + 0.081600),0.427400 (0.345600 + 0.081800),0.637900 (0.556200 + 0.081700),0.650300 (0.568800 + 0.081500),0.265800 (0.184500 + 0.081300),0.650300 (0.568800 + 0.081500),0.632400 (0.550800 + 0.081600),0.627900 (0.546300 + 0.081600),0.636100 (0.554400 + 0.081700),0.636100 (0.554400 + 0.081700),0.633300 (0.551700 + 0.081600),0.384000 (0.302400 + 0.081600),0.495700 (0.414000 + 0.081700),0.263100 (0.181800 + 0.081300),0.254800 (0.173700 + 0.081100),0.633400 (0.551700 + 0.081700)
56,0.657600 (0.576000 + 0.081600),0.650300 (0.568800 + 0.081500),0.650300 (0.568800 + 0.081500),0.650300 (0.568800 + 0.081500),0.650300 (0.568800 + 0.081500),0.650300 (0.568800 + 0.081500),0.642300 (0.560700 + 0.081600),0.583800 (0.502200 + 0.081600),0.282200 (0.200700 + 0.081500),0.537600 (0.456300 + 0.081300),0.274300 (0.192600 + 0.081700),0.344900 (0.263700 + 0.081200),0.344300 (0.262800 + 0.081500),0.219600 (0.138600 + 0.081000),0.294000 (0.212400 + 0.081600),0.427400 (0.345600 + 0.081800),0.633300 (0.551700 + 0.081600),0.657600 (0.576000 + 0.081600),0.627900 (0.546300 + 0.081600),0.650300 (0.568800 + 0.081500),0.364800 (0.283500 + 0.081300),0.628900 (0.547200 + 0.081700),0.650300 (0.568800 + 0.081500),0.650300 (0.568800 + 0.081500),0.650300 (0.568800 + 0.081500),0.304500 (0.223200 + 0.081300),0.633400 (0.551700 + 0.081700),0.267600 (0.186300 + 0.081300),0.633400 (0.551700 + 0.081700),0.330800 (0.249300 + 0.081500),0.634200 (0.552600 + 0.081600),0.270600 (0.189000 + 0.081600),0.297200 (0.216000 + 0.081200),0.650300 (0.568800 + 0.081500),0.600000 (0.518400 + 0.081600),0.357700 (0.276300 + 0.081400),0.498500 (0.416700 + 0.081800),0.295900 (0.214200 + 0.081700),0.388600 (0.306900 + 0.081700),0.598900 (0.517500 + 0.081400),0.251600 (0.170100 + 0.081500),0.296900 (0.216000 + 0.080900),0.649400 (0.567900 + 0.081500),0.649500 (0.567900 + 0.081600),0.630700 (0.549000 + 0.081700),0.644200 (0.562500 + 0.081700),0.609900 (0.528300 + 0.081600),0.650300 (0.568800 + 0.081500),0.643200 (0.561600 + 0.081600),0.650300 (0.568800 + 0.081500),0.444400 (0.362700 + 0.081700),0.266700 (0.185400 + 0.081300),0.633300 (0.551700 + 0.081600),0.627000 (0.545400 + 0.081600),0.379300 (0.297900 + 0.081400),0.641500 (0.559800 + 0.081700),0.629500 (0.548100 + 0.081400),0.452300 (0.370800 + 0.081500),0.650300 (0.568800 + 0.081500),0.628900 (0.547200 + 0.081700),0.633300 (0.551700 + 0.081600),0.631500 (0.549900 + 0.081600),0.295800 (0.214200 + 0.081600),0.346100 (0.264600 + 0.081500),0.289500 (0.207900 + 0.081600),0.627100 (0.545400 + 0.081700),0.627900 (0.546300 + 0.081600),0.543900 (0.462600 + 0.081300),0.246100 (0.164700 + 0.081400),0.627100 (0.545400 + 0.081700),0.249200 (0.167400 + 0.081800),0.599100 (0.517500 + 0.081600),0.366800 (0.285300 + 0.081500),0.226100 (0.144900 + 0.081200),0.305600 (0.224100 + 0.081500),0.635100 (0.553500 + 0.081600),0.635100 (0.553500 + 0.081600),0.293000 (0.211500 + 0.081500),0.642300 (0.560700 + 0.081600),0.630700 (0.549000 + 0.081700),0.449500 (0.368100 + 0.081400),0.631400 (0.549900 + 0.081500),0.347600 (0.266400 + 0.081200),0.644200 (0.562500 + 0.081700),0.622400 (0.540900 + 0.081500),0.593700 (0.512100 + 0.081600),0.611800 (0.530100 + 0.081700),0.635100 (0.553500 + 0.081600),0.636000 (0.554400 + 0.081600),0.650300 (0.568800 + 0.081500),0.333100 (0.252000 + 0.081100),0.390900 (0.309600 + 0.081300),0.256900 (0.175500 + 0.081400),0.627100 (0.545400 + 0.081700),0.236000 (0.154800 + 0.081200),0.650300 (0.568800 + 0.081500),0.358500 (0.277200 + 0.081300),0.650300 (0.568800 + 0.081500),0.634200 (0.552600 + 0.081600),0.259300 (0.178200 + 0.081100)
57,0.657600 (0.576000 + 0.081600),0.657600 (0.576000 + 0.081600),0.650300 (0.568800 + 0.081500),0.650300 (0.568800 + 0.081500),0.650300 (0.568800 + 0.081500),0.370500 (0.288900 + 0.081600),0.248900 (0.167400 + 0.081500),0.636000 (0.554400 + 0.081600),0.650300 (0.568800 + 0.081500),0.642300 (0.560700 + 0.081600),0.631400 (0.549900 + 0.081500),0.636000 (0.554400 + 0.081600),0.292800 (0.211500 + 0.081300),0.289100 (0.207900 + 0.081200),0.299200 (0.217800 + 0.081400),0.385700 (0.304200 + 0.081500),0.484900 (0.403200 + 0.081700),0.583800 (0.502200 + 0.081600),0.287200 (0.206100 + 0.081100),0.283900 (0.202500 + 0.081400),0.357300 (0.275400 + 0.081900),0.429700 (0.348300 + 0.081400),0.546800 (0.465300 + 0.081500),0.294000 (0.212400 + 0.081600),0.641400 (0.559800 + 0.081600),0.630700 (0.549000 + 0.081700),0.398400 (0.316800 + 0.081600),0.261500 (0.180000 + 0.081500),0.589900 (0.508500 + 0.081400),0.264800 (0.183600 + 0.081200),0.643200 (0.561600 + 0.081600),0.395500 (0.314100 + 0.081400),0.603500 (0.522000 + 0.081500),0.304500 (0.223200 + 0.081300),0.371500 (0.289800 + 0.081700),0.650300 (0.568800 + 0.081500),0.636000 (0.554400 + 0.081600),0.645000 (0.563400 + 0.081600),0.212200 (0.130500 + 0.081700),0.658500 (0.576900 + 0.081600),0.635100 (0.553500 + 0.081600),0.623600 (0.541800 + 0.081800),0.418900 (0.337500 + 0.081400),0.605200 (0.523800 + 0.081400),0.625100 (0.543600 + 0.081500),0.323200 (0.242100 + 0.081100),0.294800 (0.213300 + 0.081500),0.586600 (0.504900 + 0.081700),0.307400 (0.225900 + 0.081500),0.650300 (0.568800 + 0.081500),0.650300 (0.568800 + 0.081500),0.228500 (0.147600 + 0.080900),0.646000 (0.564300 + 0.081700),0.630700 (0.549000 + 0.081700),0.264000 (0.182700 + 0.081300),0.578500 (0.496800 + 0.081700),0.388600 (0.306900 + 0.081700),0.600800 (0.519300 + 0.081500),0.328100 (0.246600 + 0.081500),0.650300 (0.568800 + 0.081500),0.367800 (0.286200 + 0.081600),0.631500 (0.549900 + 0.081600),0.643300 (0.561600 + 0.081700),0.631500 (0.549900 + 0.081600),0.649400 (0.567900 + 0.081500),0.615300 (0.533700 + 0.081600),0.631400 (0.549900 + 0.081500),0.328000 (0.246600 + 0.081400),0.368500 (0.287100 + 0.081400),0.644200 (0.562500 + 0.081700),0.622400 (0.540900 + 0.081500),0.393900 (0.312300 + 0.081600),0.284100 (0.202500 + 0.081600),0.412800 (0.331200 + 0.081600),0.210200 (0.128700 + 0.081500),0.631500 (0.549900 + 0.081600),0.650300 (0.568800 + 0.081500),0.650300 (0.568800 + 0.081500),0.649400 (0.567900 + 0.081500),0.622400 (0.540900 + 0.081500),0.346100 (0.264600 + 0.081500),0.635100 (0.553500 + 0.081600),0.368500 (0.287100 + 0.081400),0.650300 (0.568800 + 0.081500),0.642300 (0.560700 + 0.081600),0.650300 (0.568800 + 0.081500),0.650300 (0.568800 + 0.081500),0.499000 (0.417600 + 0.081400),0.338800 (0.257400 + 0.081400),0.285000 (0.203400 + 0.081600),0.604500 (0.522900 + 0.081600),0.331400 (0.250200 + 0.081200),0.322200 (0.240300 + 0.081900),0.284800 (0.203400 + 0.081400),0.630700 (0.549000 + 0.081700),0.209700 (0.128700 + 0.081000),0.318200 (0.236700 + 0.081500),0.253500 (0.171900 + 0.081600),0.631400 (0.549900 + 0.081500),0.232500 (0.151200 + 0.081300)
58,0.658500 (0.576900 + 0.081600),0.657600 (0.576000 + 0.081600),0.657600 (0.576000 + 0.081600),0.650300 (0.568800 + 0.081500),0.650300 (0.568800 + 0.081500),0.347600 (0.266400 + 0.081200),0.613500 (0.531900 + 0.081600),0.553100 (0.471600 + 0.081500),0.473900 (0.392400 + 0.081500),0.657600 (0.576000 + 0.081600),0.631400 (0.549900 + 0.081500),0.469300 (0.387900 + 0.081400),0.313800 (0.232200 + 0.081600),0.644200 (0.562500 + 0.081700),0.383900 (0.302400 + 0.081500),0.264300 (0.182700 + 0.081600),0.649400 (0.567900 + 0.081500),0.653100 (0.571500 + 0.081600),0.620700 (0.539100 + 0.081600),0.282000 (0.200700 + 0.081300),0.583800 (0.502200 + 0.081600),0.631500 (0.549900 + 0.081600),0.650300 (0.568800 + 0.081500),0.389500 (0.307800 + 0.081700),0.531400 (0.450000 + 0.081400),0.562100 (0.480600 + 0.081500),0.506400 (0.424800 + 0.081600),0.650300 (0.568800 + 0.081500),0.630700 (0.549000 + 0.081700),0.420500 (0.339300 + 0.081200),0.317400 (0.235800 + 0.081600),0.650300 (0.568800 + 0.081500),0.650300 (0.568800 + 0.081500),0.644200 (0.562500 + 0.081700),0.614500 (0.532800 + 0.081700),0.414400 (0.333000 + 0.081400),0.467800 (0.386100 + 0.081700),0.553900 (0.472500 + 0.081400),0.328900 (0.247500 + 0.081400),0.650300 (0.568800 + 0.081500),0.644200 (0.562500 + 0.081700),0.415300 (0.333900 + 0.081400),0.285800 (0.204300 + 0.081500),0.636000 (0.554400 + 0.081600),0.383700 (0.302400 + 0.081300),0.650300 (0.568800 + 0.081500),0.649400 (0.567900 + 0.081500),0.643200 (0.561600 + 0.081600),0.309300 (0.227700 + 0.081600),0.356000 (0.274500 + 0.081500),0.396500 (0.315000 + 0.081500),0.484800 (0.403200 + 0.081600),0.583700 (0.502200 + 0.081500),0.650300 (0.568800 + 0.081500),0.646000 (0.564300 + 0.081700),0.495400 (0.414000 + 0.081400),0.497700 (0.415800 + 0.081900),0.631400 (0.549900 + 0.081500),0.650300 (0.568800 + 0.081500),0.265800 (0.184500 + 0.081300),0.400800 (0.319500 + 0.081300),0.644200 (0.562500 + 0.081700),0.626200 (0.544500 + 0.081700),0.636000 (0.554400 + 0.081600),0.631500 (0.549900 + 0.081600),0.636000 (0.554400 + 0.081600),0.631500 (0.549900 + 0.081600),0.599900 (0.518400 + 0.081500),0.440700 (0.359100 + 0.081600),0.430800 (0.349200 + 0.081600),0.508100 (0.426600 + 0.081500),0.657600 (0.576000 + 0.081600),0.657600 (0.576000 + 0.081600),0.385700 (0.304200 + 0.081500),0.631400 (0.549900 + 0.081500),0.631500 (0.549900 + 0.081600),0.603500 (0.522000 + 0.081500),0.190200 (0.108900 + 0.081300),0.345100 (0.263700 + 0.081400),0.650300 (0.568800 + 0.081500),0.605200 (0.523800 + 0.081400),0.634200 (0.552600 + 0.081600),0.633300 (0.551700 + 0.081600),0.410400 (0.329400 + 0.081000),0.342200 (0.261000 + 0.081200),0.654000 (0.572400 + 0.081600),0.630500 (0.549000 + 0.081500),0.323600 (0.242100 + 0.081500),0.658400 (0.576900 + 0.081500),0.642300 (0.560700 + 0.081600),0.646000 (0.564300 + 0.081700),0.610800 (0.529200 + 0.081600),0.435200 (0.353700 + 0.081500),0.633300 (0.551700 + 0.081600),0.374100 (0.292500 + 0.081600),0.649400 (0.567900 + 0.081500),0.275200 (0.194400 + 0.080800),0.297500 (0.216000 + 0.081500),0.643300 (0.561600 + 0.081700),0.364500 (0.282600 + 0.081900)
59,0.658500 (0.576900 + 0.081600),0.658400 (0.576900 + 0.081500),0.657600 (0.576000 + 0.081600),0.657600 (0.576000 + 0.081600),0.657600 (0.576000 + 0.081600),0.193000 (0.111600 + 0.081400),0.264800 (0.183600 + 0.081200),0.644100 (0.562500 + 0.081600),0.642300 (0.560700 + 0.081600),0.631400 (0.549900 + 0.081500),0.338200 (0.256500 + 0.081700),0.655700 (0.574200 + 0.081500),0.631500 (0.549900 + 0.081600),0.397300 (0.315900 + 0.081400),0.330000 (0.248400 + 0.081600),0.650300 (0.568800 + 0.081500),0.430800 (0.349200 + 0.081600),0.282000 (0.200700 + 0.081300),0.473900 (0.392400 + 0.081500),0.645100 (0.563400 + 0.081700),0.355300 (0.273600 + 0.081700),0.646800 (0.565200 + 0.081600),0.319100 (0.237600 + 0.081500),0.646000 (0.564300 + 0.081700),0.583700 (0.502200 + 0.081500),0.567400 (0.486000 + 0.081400),0.459200 (0.378000 + 0.081200),0.232500 (0.151200 + 0.081300),0.650300 (0.568800 + 0.081500),0.657600 (0.576000 + 0.081600),0.323600 (0.242100 + 0.081500),0.645000 (0.563400 + 0.081600),0.648600 (0.567000 + 0.081600),0.322800 (0.241200 + 0.081600),0.631500 (0.549900 + 0.081600),0.266600 (0.185400 + 0.081200),0.647700 (0.566100 + 0.081600),0.462700 (0.381600 + 0.081100),0.313700 (0.232200 + 0.081500),0.194700 (0.113400 + 0.081300),0.652300 (0.570600 + 0.081700),0.657600 (0.576000 + 0.081600),0.657600 (0.576000 + 0.081600),0.319600 (0.238500 + 0.081100),0.599000 (0.517500 + 0.081500),0.297200 (0.216000 + 0.081200),0.653100 (0.571500 + 0.081600),0.640600 (0.558900 + 0.081700),0.631500 (0.549900 + 0.081600),0.311800 (0.230400 + 0.081400),0.415200 (0.333900 + 0.081300),0.657600 (0.576000 + 0.081600),0.631500 (0.549900 + 0.081600),0.631500 (0.549900 + 0.081600),0.649400 (0.567900 + 0.081500),0.343500 (0.261900 + 0.081600),0.644200 (0.562500 + 0.081700),0.217100 (0.135900 + 0.081200),0.654000 (0.572400 + 0.081600),0.244700 (0.163800 + 0.080900),0.658500 (0.576900 + 0.081600),0.650300 (0.568800 + 0.081500),0.311900 (0.230400 + 0.081500),0.657600 (0.576000 + 0.081600),0.308200 (0.226800 + 0.081400),0.325700 (0.244800 + 0.080900),0.565800 (0.484200 + 0.081600),0.417300 (0.335700 + 0.081600),0.462200 (0.380700 + 0.081500),0.553100 (0.471600 + 0.081500),0.650300 (0.568800 + 0.081500),0.650300 (0.568800 + 0.081500),0.316300 (0.234900 + 0.081400),0.648700 (0.567000 + 0.081700),0.228700 (0.147600 + 0.081100),0.444300 (0.362700 + 0.081600),0.231800 (0.150300 + 0.081500),0.614500 (0.532800 + 0.081700),0.650300 (0.568800 + 0.081500),0.280200 (0.198900 + 0.081300),0.423500 (0.342000 + 0.081500),0.649400 (0.567900 + 0.081500),0.631500 (0.549900 + 0.081600),0.309400 (0.227700 + 0.081700),0.308300 (0.226800 + 0.081500),0.650300 (0.568800 + 0.081500),0.400800 (0.319500 + 0.081300),0.636000 (0.554400 + 0.081600),0.633300 (0.551700 + 0.081600),0.287800 (0.206100 + 0.081700),0.650300 (0.568800 + 0.081500),0.654000 (0.572400 + 0.081600),0.289800 (0.208800 + 0.081000),0.302000 (0.220500 + 0.081500),0.650300 (0.568800 + 0.081500),0.293600 (0.212400 + 0.081200),0.452100 (0.370800 + 0.081300),0.646000 (0.564300 + 0.081700),0.646000 (0.564300 + 0.081700),0.314800 (0.233100 + 0.081700)
60,0.658500 (0.576900 + 0.081600),0.658500 (0.576900 + 0.081600),0.658400 (0.576900 + 0.081500),0.657600 (0.576000 + 0.081600),0.657600 (0.576000 + 0.081600),0.534300 (0.452700 + 0.081600),0.571700 (0.490500 + 0.081200),0.646000 (0.564300 + 0.081700),0.631500 (0.549900 + 0.081600),0.444400 (0.362700 + 0.081700),0.657600 (0.576000 + 0.081600),0.657600 (0.576000 + 0.081600),0.649400 (0.567900 + 0.081500),0.368400 (0.287100 + 0.081300),0.658400 (0.576900 + 0.081500),0.649500 (0.567900 + 0.081600),0.662100 (0.580500 + 0.081600),0.650300 (0.568800 + 0.081500),0.200300 (0.118800 + 0.081500),0.348700 (0.267300 + 0.081400),0.311800 (0.230400 + 0.081400),0.329000 (0.247500 + 0.081500),0.326500 (0.244800 + 0.081700),0.281100 (0.199800 + 0.081300),0.474800 (0.393300 + 0.081500),0.657600 (0.576000 + 0.081600),0.356200 (0.274500 + 0.081700),0.657600 (0.576000 + 0.081600),0.322500 (0.241200 + 0.081300),0.642300 (0.560700 + 0.081600),0.578300 (0.496800 + 0.081500),0.633400 (0.551700 + 0.081700),0.646800 (0.565200 + 0.081600),0.414600 (0.333000 + 0.081600),0.644100 (0.562500 + 0.081600),0.470100 (0.388800 + 0.081300),0.650300 (0.568800 + 0.081500),0.278400 (0.197100 + 0.081300),0.583700 (0.502200 + 0.081500),0.631400 (0.549900 + 0.081500),0.648700 (0.567000 + 0.081700),0.324400 (0.243000 + 0.081400),0.663000 (0.581400 + 0.081600),0.649400 (0.567900 + 0.081500),0.460100 (0.378900 + 0.081200),0.644100 (0.562500 + 0.081600),0.305700 (0.224100 + 0.081600),0.628000 (0.546300 + 0.081700),0.378200 (0.297000 + 0.081200),0.619800 (0.538200 + 0.081600),0.248700 (0.167400 + 0.081300),0.648600 (0.567000 + 0.081600),0.647700 (0.566100 + 0.081600),0.321500 (0.240300 + 0.081200),0.624300 (0.542700 + 0.081600),0.657600 (0.576000 + 0.081600),0.315500 (0.234000 + 0.081500),0.316300 (0.234900 + 0.081400),0.307600 (0.225900 + 0.081700),0.650300 (0.568800 + 0.081500),0.653100 (0.571500 + 0.081600),0.658400 (0.576900 + 0.081500),0.415200 (0.333900 + 0.081300),0.287800 (0.206100 + 0.081700),0.346200 (0.264600 + 0.081600),0.452200 (0.370800 + 0.081400),0.589100 (0.507600 + 0.081500),0.229200 (0.147600 + 0.081600),0.620700 (0.539100 + 0.081600),0.634100 (0.552600 + 0.081500),0.657600 (0.576000 + 0.081600),0.658500 (0.576900 + 0.081600),0.649400 (0.567900 + 0.081500),0.223400 (0.142200 + 0.081200),0.452300 (0.370800 + 0.081500),0.657600 (0.576000 + 0.081600),0.648700 (0.567000 + 0.081700),0.645000 (0.563400 + 0.081600),0.354000 (0.272700 + 0.081300),0.432500 (0.351000 + 0.081500),0.657600 (0.576000 + 0.081600),0.339900 (0.258300 + 0.081600),0.344200 (0.262800 + 0.081400),0.308100 (0.226800 + 0.081300),0.652300 (0.570600 + 0.081700),0.659400 (0.577800 + 0.081600),0.564900 (0.483300 + 0.081600),0.219900 (0.138600 + 0.081300),0.627800 (0.546300 + 0.081500),0.657600 (0.576000 + 0.081600),0.650300 (0.568800 + 0.081500),0.649400 (0.567900 + 0.081500),0.639700 (0.558000 + 0.081700),0.268700 (0.187200 + 0.081500),0.227000 (0.145800 + 0.081200),0.287300 (0.206100 + 0.081200),0.289800 (0.208800 + 0.081000),0.331600 (0.250200 + 0.081400),0.636000 (0.554400 + 0.081600),0.655700 (0.574200 + 0.081500)
61,0.663000 (0.581400 + 0.081600),0.662100 (0.580500 + 0.081600),0.659400 (0.577800 + 0.081600),0.658500 (0.576900 + 0.081600),0.658500 (0.576900 + 0.081600),0.555900 (0.474300 + 0.081600),0.663000 (0.581400 + 0.081600),0.649400 (0.567900 + 0.081500),0.245500 (0.163800 + 0.081700),0.657600 (0.576000 + 0.081600),0.658400 (0.576900 + 0.081500),0.510700 (0.429300 + 0.081400),0.185800 (0.104400 + 0.081400),0.647700 (0.566100 + 0.081600),0.650300 (0.568800 + 0.081500),0.633400 (0.551700 + 0.081700),0.644100 (0.562500 + 0.081600),0.629600 (0.548100 + 0.081500),0.650300 (0.568800 + 0.081500),0.657600 (0.576000 + 0.081600),0.659400 (0.577800 + 0.081600),0.646800 (0.565200 + 0.081600),0.578300 (0.496800 + 0.081500),0.646000 (0.564300 + 0.081700),0.657600 (0.576000 + 0.081600),0.658400 (0.576900 + 0.081500),0.658400 (0.576900 + 0.081500),0.657600 (0.576000 + 0.081600),0.257900 (0.176400 + 0.081500),0.657600 (0.576000 + 0.081600),0.304700 (0.223200 + 0.081500),0.650300 (0.568800 + 0.081500),0.459200 (0.378000 + 0.081200),0.654900 (0.573300 + 0.081600),0.666500 (0.585000 + 0.081500),0.650300 (0.568800 + 0.081500),0.646800 (0.565200 + 0.081600),0.440700 (0.359100 + 0.081600),0.644100 (0.562500 + 0.081600),0.646800 (0.565200 + 0.081600),0.259000 (0.177300 + 0.081700),0.634100 (0.552600 + 0.081500),0.662000 (0.580500 + 0.081500),0.654100 (0.572400 + 0.081700),0.631500 (0.549900 + 0.081600),0.645900 (0.564300 + 0.081600),0.663000 (0.581400 + 0.081600),0.657600 (0.576000 + 0.081600),0.658500 (0.576900 + 0.081600),0.657600 (0.576000 + 0.081600),0.650300 (0.568800 + 0.081500),0.289100 (0.207900 + 0.081200),0.188400 (0.107100 + 0.081300),0.351000 (0.270000 + 0.081000),0.390200 (0.308700 + 0.081500),0.257700 (0.176400 + 0.081300),0.657700 (0.576000 + 0.081700),0.658400 (0.576900 + 0.081500),0.652300 (0.570600 + 0.081700),0.270300 (0.189000 + 0.081300),0.631500 (0.549900 + 0.081600),0.657600 (0.576000 + 0.081600),0.644100 (0.562500 + 0.081600),0.421500 (0.340200 + 0.081300),0.499900 (0.418500 + 0.081400),0.612500 (0.531000 + 0.081500),0.382700 (0.301500 + 0.081200),0.420800 (0.339300 + 0.081500),0.419800 (0.338400 + 0.081400),0.239300 (0.157500 + 0.081800),0.201000 (0.119700 + 0.081300),0.310100 (0.228600 + 0.081500),0.644100 (0.562500 + 0.081600),0.657600 (0.576000 + 0.081600),0.354300 (0.272700 + 0.081600),0.631500 (0.549900 + 0.081600),0.663000 (0.581400 + 0.081600),0.578300 (0.496800 + 0.081500),0.340600 (0.259200 + 0.081400),0.534300 (0.452700 + 0.081600),0.534300 (0.452700 + 0.081600),0.649600 (0.567900 + 0.081700),0.634200 (0.552600 + 0.081600),0.438700 (0.357300 + 0.081400),0.386100 (0.305100 + 0.081000),0.649400 (0.567900 + 0.081500),0.251500 (0.170100 + 0.081400),0.653100 (0.571500 + 0.081600),0.650300 (0.568800 + 0.081500),0.657600 (0.576000 + 0.081600),0.298200 (0.216900 + 0.081300),0.658400 (0.576900 + 0.081500),0.633400 (0.551700 + 0.081700),0.654000 (0.572400 + 0.081600),0.316000 (0.234900 + 0.081100),0.644100 (0.562500 + 0.081600),0.657600 (0.576000 + 0.081600),0.658400 (0.576900 + 0.081500),0.657600 (0.576000 + 0.081600),0.642300 (0.560700 + 0.081600)
62,0.666500 (0.585000 + 0.081500),0.663000 (0.581400 + 0.081600),0.663000 (0.581400 + 0.081600),0.663000 (0.581400 + 0.081600),0.663000 (0.581400 + 0.081600),0.461400 (0.379800 + 0.081600),0.260800 (0.179100 + 0.081700),0.655700 (0.574200 + 0.081500),0.654900 (0.573300 + 0.081600),0.650300 (0.568800 + 0.081500),0.363900 (0.282600 + 0.081300),0.661100 (0.579600 + 0.081500),0.664900 (0.583200 + 0.081700),0.368600 (0.287100 + 0.081500),0.515300 (0.433800 + 0.081500),0.359800 (0.278100 + 0.081700),0.346700 (0.265500 + 0.081200),0.440500 (0.359100 + 0.081400),0.261100 (0.180000 + 0.081100),0.658500 (0.576900 + 0.081600),0.659400 (0.577800 + 0.081600),0.269500 (0.188100 + 0.081400),0.506300 (0.424800 + 0.081500),0.649400 (0.567900 + 0.081500),0.644100 (0.562500 + 0.081600),0.343400 (0.261900 + 0.081500),0.657600 (0.576000 + 0.081600),0.326200 (0.244800 + 0.081400),0.613400 (0.531900 + 0.081500),0.269400 (0.188100 + 0.081300),0.658400 (0.576900 + 0.081500),0.621600 (0.540000 + 0.081600),0.578400 (0.496800 + 0.081600),0.641400 (0.559800 + 0.081600),0.648600 (0.567000 + 0.081600),0.440400 (0.359100 + 0.081300),0.634200 (0.552600 + 0.081600),0.658400 (0.576900 + 0.081500),0.239600 (0.158400 + 0.081200),0.646800 (0.565200 + 0.081600),0.646800 (0.565200 + 0.081600),0.318900 (0.237600 + 0.081300),0.657600 (0.576000 + 0.081600),0.266900 (0.185400 + 0.081500),0.621600 (0.540000 + 0.081600),0.657600 (0.576000 + 0.081600),0.385400 (0.304200 + 0.081200),0.658500 (0.576900 + 0.081600),0.653100 (0.571500 + 0.081600),0.279200 (0.198000 + 0.081200),0.658400 (0.576900 + 0.081500),0.628000 (0.546300 + 0.081700),0.340600 (0.259200 + 0.081400),0.444900 (0.363600 + 0.081300),0.679100 (0.597600 + 0.081500),0.649400 (0.567900 + 0.081500),0.343300 (0.261900 + 0.081400),0.279400 (0.198000 + 0.081400),0.452300 (0.370800 + 0.081500),0.285700 (0.204300 + 0.081400),0.658500 (0.576900 + 0.081600),0.657600 (0.576000 + 0.081600),0.650300 (0.568800 + 0.081500),0.593700 (0.512100 + 0.081600),0.174400 (0.092700 + 0.081700),0.282200 (0.200700 + 0.081500),0.288700 (0.207000 + 0.081700),0.644100 (0.562500 + 0.081600),0.657600 (0.576000 + 0.081600),0.444200 (0.362700 + 0.081500),0.236400 (0.154800 + 0.081600),0.237500 (0.155700 + 0.081800),0.311700 (0.230400 + 0.081300),0.620700 (0.539100 + 0.081600),0.610700 (0.529200 + 0.081500),0.657600 (0.576000 + 0.081600),0.284800 (0.203400 + 0.081400),0.634200 (0.552600 + 0.081600),0.642300 (0.560700 + 0.081600),0.654800 (0.573300 + 0.081500),0.664700 (0.583200 + 0.081500),0.301900 (0.220500 + 0.081400),0.334200 (0.252900 + 0.081300),0.249200 (0.168300 + 0.080900),0.650300 (0.568800 + 0.081500),0.667500 (0.585900 + 0.081600),0.271300 (0.189900 + 0.081400),0.510700 (0.429300 + 0.081400),0.649400 (0.567900 + 0.081500),0.634200 (0.552600 + 0.081600),0.377600 (0.296100 + 0.081500),0.292100 (0.210600 + 0.081500),0.596300 (0.514800 + 0.081500),0.343300 (0.261900 + 0.081400),0.431600 (0.350100 + 0.081500),0.219400 (0.137700 + 0.081700),0.395300 (0.314100 + 0.081200),0.303200 (0.221400 + 0.081800),0.657600 (0.576000 + 0.081600),0.646000 (0.564300 + 0.081700)
63,0.679100 (0.597600 + 0.081500),0.667500 (0.585900 + 0.081600),0.666500 (0.585000 + 0.081500),0.664900 (0.583200 + 0.081700),0.664700 (0.583200 + 0.081500),0.382200 (0.300600 + 0.081600),0.452300 (0.370800 + 0.081500),0.658400 (0.576900 + 0.081500),0.657600 (0.576000 + 0.081600),0.655700 (0.574200 + 0.081500),0.657600 (0.576000 + 0.081600),0.503600 (0.422100 + 0.081500),0.210000 (0.128700 + 0.081300),0.664900 (0.583200 + 0.081700),0.654900 (0.573300 + 0.081600),0.360400 (0.279000 + 0.081400),0.632400 (0.550800 + 0.081600),0.649400 (0.567900 + 0.081500),0.657600 (0.576000 + 0.081600),0.655700 (0.574200 + 0.081500),0.454200 (0.372600 + 0.081600),0.658400 (0.576900 + 0.081500),0.658400 (0.576900 + 0.081500),0.395300 (0.314100 + 0.081200),0.155300 (0.073800 + 0.081500),0.658500 (0.576900 + 0.081600),0.621600 (0.540000 + 0.081600),0.628000 (0.546300 + 0.081700),0.276900 (0.195300 + 0.081600),0.289200 (0.207900 + 0.081300),0.659400 (0.577800 + 0.081600),0.298200 (0.216900 + 0.081300),0.383900 (0.302400 + 0.081500),0.235500 (0.153900 + 0.081600),0.631400 (0.549900 + 0.081500),0.646700 (0.565200 + 0.081500),0.659400 (0.577800 + 0.081600),0.649400 (0.567900 + 0.081500),0.657600 (0.576000 + 0.081600),0.231300 (0.150300 + 0.081000),0.566700 (0.485100 + 0.081600),0.462900 (0.381600 + 0.081300),0.177600 (0.096300 + 0.081300),0.657600 (0.576000 + 0.081600),0.179100 (0.097200 + 0.081900),0.659400 (0.577800 + 0.081600),0.658500 (0.576900 + 0.081600),0.646000 (0.564300 + 0.081700),0.249200 (0.168300 + 0.080900),0.650300 (0.568800 + 0.081500),0.646800 (0.565200 + 0.081600),0.596300 (0.514800 + 0.081500),0.305500 (0.224100 + 0.081400),0.655700 (0.574200 + 0.081500),0.650300 (0.568800 + 0.081500),0.657600 (0.576000 + 0.081600),0.331500 (0.250200 + 0.081300),0.634200 (0.552600 + 0.081600),0.465000 (0.383400 + 0.081600),0.383800 (0.302400 + 0.081400),0.368600 (0.287100 + 0.081500),0.649400 (0.567900 + 0.081500),0.663000 (0.581400 + 0.081600),0.175700 (0.094500 + 0.081200),0.267900 (0.186300 + 0.081600),0.246300 (0.164700 + 0.081600),0.408000 (0.326700 + 0.081300),0.297500 (0.216000 + 0.081500),0.600900 (0.519300 + 0.081600),0.291300 (0.209700 + 0.081600),0.432500 (0.351000 + 0.081500),0.453300 (0.371700 + 0.081600),0.355000 (0.273600 + 0.081400),0.657600 (0.576000 + 0.081600),0.658500 (0.576900 + 0.081600),0.658500 (0.576900 + 0.081600),0.658500 (0.576900 + 0.081600),0.258700 (0.177300 + 0.081400),0.663000 (0.581400 + 0.081600),0.658400 (0.576900 + 0.081500),0.664800 (0.583200 + 0.081600),0.644100 (0.562500 + 0.081600),0.634300 (0.552600 + 0.081700),0.657600 (0.576000 + 0.081600),0.321600 (0.240300 + 0.081300),0.661100 (0.579600 + 0.081500),0.319600 (0.238500 + 0.081100),0.631500 (0.549900 + 0.081600),0.470200 (0.388800 + 0.081400),0.287500 (0.206100 + 0.081400),0.658500 (0.576900 + 0.081600),0.657600 (0.576000 + 0.081600),0.657600 (0.576000 + 0.081600),0.657600 (0.576000 + 0.081600),0.258700 (0.177300 + 0.081400),0.658500 (0.576900 + 0.081600),0.342100 (0.261000 + 0.081100),0.264300 (0.182700 + 0.081600),0.649400 (0.567900 + 0.081500),0.662900 (0.581400 + 0.081500)
64,0.679100 (0.597600 + 0.081500),0.667500 (0.585900 + 0.081600),0.666500 (0.585000 + 0.081500),0.664900 (0.583200 + 0.081700),0.664900 (0.583200 + 0.081700),0.333600 (0.252000 + 0.081600),0.398000 (0.316800 + 0.081200),0.273900 (0.192600 + 0.081300),0.622600 (0.540900 + 0.081700),0.287100 (0.206100 + 0.081000),0.657600 (0.576000 + 0.081600),0.464900 (0.383400 + 0.081500),0.311400 (0.230400 + 0.081000),0.657600 (0.576000 + 0.081600),0.664900 (0.583200 + 0.081700),0.658400 (0.576900 + 0.081500),0.228900 (0.147600 + 0.081300),0.210100 (0.128700 + 0.081400),0.285900 (0.204300 + 0.081600),0.664700 (0.583200 + 0.081500),0.407300 (0.325800 + 0.081500),0.565700 (0.484200 + 0.081500),0.212300 (0.130500 + 0.081800),0.658500 (0.576900 + 0.081600),0.283200 (0.201600 + 0.081600),0.649400 (0.567900 + 0.081500),0.481000 (0.399600 + 0.081400),0.615300 (0.533700 + 0.081600),0.664800 (0.583200 + 0.081600),0.364700 (0.283500 + 0.081200),0.596300 (0.514800 + 0.081500),0.660400 (0.578700 + 0.081700),0.653100 (0.571500 + 0.081600),0.290100 (0.208800 + 0.081300),0.317200 (0.235800 + 0.081400),0.645000 (0.563400 + 0.081600),0.636100 (0.554400 + 0.081700),0.685400 (0.603900 + 0.081500),0.289300 (0.207900 + 0.081400),0.658400 (0.576900 + 0.081500),0.657600 (0.576000 + 0.081600),0.239600 (0.158400 + 0.081200),0.301700 (0.220500 + 0.081200),0.667500 (0.585900 + 0.081600),0.645100 (0.563400 + 0.081700),0.664900 (0.583200 + 0.081700),0.321600 (0.240300 + 0.081300),0.658400 (0.576900 + 0.081500),0.288200 (0.207000 + 0.081200),0.644100 (0.562500 + 0.081600),0.657600 (0.576000 + 0.081600),0.376700 (0.295200 + 0.081500),0.649400 (0.567900 + 0.081500),0.598200 (0.516600 + 0.081600),0.638700 (0.557100 + 0.081600),0.666500 (0.585000 + 0.081500),0.663000 (0.581400 + 0.081600),0.643300 (0.561600 + 0.081700),0.667500 (0.585900 + 0.081600),0.658500 (0.576900 + 0.081600),0.268600 (0.187200 + 0.081400),0.646000 (0.564300 + 0.081700),0.281800 (0.200700 + 0.081100),0.443500 (0.361800 + 0.081700),0.650300 (0.568800 + 0.081500),0.657600 (0.576000 + 0.081600),0.383300 (0.301500 + 0.081800),0.265100 (0.183600 + 0.081500),0.656600 (0.575100 + 0.081500),0.654900 (0.573300 + 0.081600),0.633300 (0.551700 + 0.081600),0.664900 (0.583200 + 0.081700),0.650300 (0.568800 + 0.081500),0.663800 (0.582300 + 0.081500),0.331600 (0.250200 + 0.081400),0.664900 (0.583200 + 0.081700),0.658500 (0.576900 + 0.081600),0.355000 (0.273600 + 0.081400),0.569400 (0.487800 + 0.081600),0.646000 (0.564300 + 0.081700),0.658400 (0.576900 + 0.081500),0.374000 (0.292500 + 0.081500),0.294700 (0.213300 + 0.081400),0.653000 (0.571500 + 0.081500),0.249500 (0.168300 + 0.081200),0.425300 (0.343800 + 0.081500),0.465000 (0.383400 + 0.081600),0.439500 (0.358200 + 0.081300),0.267400 (0.186300 + 0.081100),0.649400 (0.567900 + 0.081500),0.657600 (0.576000 + 0.081600),0.657600 (0.576000 + 0.081600),0.365000 (0.283500 + 0.081500),0.663000 (0.581400 + 0.081600),0.660400 (0.578700 + 0.081700),0.657600 (0.576000 + 0.081600),0.666500 (0.585000 + 0.081500),0.253300 (0.171900 + 0.081400),0.289200 (0.207900 + 0.081300),0.658400 (0.576900 + 0.081500)
65,0.685400 (0.603900 + 0.081500),0.679100 (0.597600 + 0.081500),0.667500 (0.585900 + 0.081600),0.667500 (0.585900 + 0.081600),0.667500 (0.585900 + 0.081600),0.556700 (0.475200 + 0.081500),0.447800 (0.366300 + 0.081500),0.308100 (0.226800 + 0.081300),0.301100 (0.219600 + 0.081500),0.286800 (0.205200 + 0.081600),0.199200 (0.117900 + 0.081300),0.650300 (0.568800 + 0.081500),0.326200 (0.244800 + 0.081400),0.658400 (0.576900 + 0.081500),0.646000 (0.564300 + 0.081700),0.663000 (0.581400 + 0.081600),0.319900 (0.238500 + 0.081400),0.664900 (0.583200 + 0.081700),0.658400 (0.576900 + 0.081500),0.644100 (0.562500 + 0.081600),0.337800 (0.256500 + 0.081300),0.645900 (0.564300 + 0.081600),0.272900 (0.191700 + 0.081200),0.664900 (0.583200 + 0.081700),0.663000 (0.581400 + 0.081600),0.650300 (0.568800 + 0.081500),0.662000 (0.580500 + 0.081500),0.291000 (0.209700 + 0.081300),0.654100 (0.572400 + 0.081700),0.609800 (0.528300 + 0.081500),0.331600 (0.250200 + 0.081400),0.170300 (0.089100 + 0.081200),0.552300 (0.470700 + 0.081600),0.667500 (0.585900 + 0.081600),0.649400 (0.567900 + 0.081500),0.482100 (0.400500 + 0.081600),0.644100 (0.562500 + 0.081600),0.658400 (0.576900 + 0.081500),0.658400 (0.576900 + 0.081500),0.580900 (0.499500 + 0.081400),0.394800 (0.313200 + 0.081600),0.596300 (0.514800 + 0.081500),0.353000 (0.271800 + 0.081200),0.659400 (0.577800 + 0.081600),0.649400 (0.567900 + 0.081500),0.658500 (0.576900 + 0.081600),0.649400 (0.567900 + 0.081500),0.664700 (0.583200 + 0.081500),0.318300 (0.236700 + 0.081600),0.280200 (0.198900 + 0.081300),0.333600 (0.252000 + 0.081600),0.650300 (0.568800 + 0.081500),0.667600 (0.585900 + 0.081700),0.648600 (0.567000 + 0.081600),0.409000 (0.327600 + 0.081400),0.664700 (0.583200 + 0.081500),0.436900 (0.355500 + 0.081400),0.658400 (0.576900 + 0.081500),0.658400 (0.576900 + 0.081500),0.344800 (0.263700 + 0.081100),0.297600 (0.216000 + 0.081600),0.503800 (0.422100 + 0.081700),0.425500 (0.343800 + 0.081700),0.439700 (0.358200 + 0.081500),0.663000 (0.581400 + 0.081600),0.688100 (0.606600 + 0.081500),0.658500 (0.576900 + 0.081600),0.657600 (0.576000 + 0.081600),0.659400 (0.577800 + 0.081600),0.580200 (0.498600 + 0.081600),0.504400 (0.423000 + 0.081400),0.653100 (0.571500 + 0.081600),0.329100 (0.247500 + 0.081600),0.657600 (0.576000 + 0.081600),0.657600 (0.576000 + 0.081600),0.658500 (0.576900 + 0.081600),0.649400 (0.567900 + 0.081500),0.657600 (0.576000 + 0.081600),0.657600 (0.576000 + 0.081600),0.675700 (0.594000 + 0.081700),0.654900 (0.573300 + 0.081600),0.664800 (0.583200 + 0.081600),0.680900 (0.599400 + 0.081500),0.658500 (0.576900 + 0.081600),0.653000 (0.571500 + 0.081500),0.329100 (0.247500 + 0.081600),0.667500 (0.585900 + 0.081600),0.649400 (0.567900 + 0.081500),0.428900 (0.347400 + 0.081500),0.657600 (0.576000 + 0.081600),0.248900 (0.167400 + 0.081500),0.376600 (0.295200 + 0.081400),0.265400 (0.184500 + 0.080900),0.668500 (0.586800 + 0.081700),0.657600 (0.576000 + 0.081600),0.664900 (0.583200 + 0.081700),0.667500 (0.585900 + 0.081600),0.635100 (0.553500 + 0.081600),0.651300 (0.569700 + 0.081600),0.685400 (0.603900 + 0.081500)
66,0.688100 (0.606600 + 0.081500),0.685400 (0.603900 + 0.081500),0.685400 (0.603900 + 0.081500),0.680900 (0.599400 + 0.081500),0.679100 (0.597600 + 0.081500),0.590100 (0.508500 + 0.081600),0.546800 (0.465300 + 0.081500),0.658400 (0.576900 + 0.081500),0.318000 (0.236700 + 0.081300),0.663000 (0.581400 + 0.081600),0.556700 (0.475200 + 0.081500),0.440400 (0.359100 + 0.081300),0.660400 (0.578700 + 0.081700),0.649400 (0.567900 + 0.081500),0.658400 (0.576900 + 0.081500),0.248700 (0.167400 + 0.081300),0.649400 (0.567900 + 0.081500),0.365200 (0.283500 + 0.081700),0.413600 (0.332100 + 0.081500),0.302000 (0.220500 + 0.081500),0.223400 (0.142200 + 0.081200),0.659400 (0.577800 + 0.081600),0.655700 (0.574200 + 0.081500),0.667500 (0.585900 + 0.081600),0.661300 (0.579600 + 0.081700),0.665800 (0.584100 + 0.081700),0.680900 (0.599400 + 0.081500),0.667500 (0.585900 + 0.081600),0.667500 (0.585900 + 0.081600),0.400900 (0.319500 + 0.081400),0.268700 (0.187200 + 0.081500),0.664700 (0.583200 + 0.081500),0.190200 (0.108900 + 0.081300),0.302200 (0.220500 + 0.081700),0.281200 (0.199800 + 0.081400),0.659400 (0.577800 + 0.081600),0.290100 (0.208800 + 0.081300),0.667500 (0.585900 + 0.081600),0.226300 (0.144900 + 0.081400),0.488300 (0.406800 + 0.081500),0.243600 (0.162000 + 0.081600),0.465800 (0.384300 + 0.081500),0.467700 (0.386100 + 0.081600),0.658500 (0.576900 + 0.081600),0.667500 (0.585900 + 0.081600),0.303300 (0.222300 + 0.081000),0.658500 (0.576900 + 0.081600),0.425300 (0.343800 + 0.081500),0.366000 (0.284400 + 0.081600),0.650300 (0.568800 + 0.081500),0.367000 (0.285300 + 0.081700),0.650300 (0.568800 + 0.081500),0.650300 (0.568800 + 0.081500),0.663000 (0.581400 + 0.081600),0.667500 (0.585900 + 0.081600),0.377800 (0.296100 + 0.081700),0.354000 (0.272700 + 0.081300),0.667600 (0.585900 + 0.081700),0.649400 (0.567900 + 0.081500),0.665700 (0.584100 + 0.081600),0.286500 (0.205200 + 0.081300),0.658500 (0.576900 + 0.081600),0.422400 (0.341100 + 0.081300),0.514500 (0.432900 + 0.081600),0.618900 (0.537300 + 0.081600),0.290000 (0.208800 + 0.081200),0.667600 (0.585900 + 0.081700),0.685400 (0.603900 + 0.081500),0.675700 (0.594000 + 0.081700),0.271900 (0.190800 + 0.081100),0.580900 (0.499500 + 0.081400),0.376900 (0.295200 + 0.081700),0.338200 (0.256500 + 0.081700),0.664900 (0.583200 + 0.081700),0.649400 (0.567900 + 0.081500),0.680900 (0.599400 + 0.081500),0.609800 (0.528300 + 0.081500),0.658400 (0.576900 + 0.081500),0.657600 (0.576000 + 0.081600),0.645100 (0.563400 + 0.081700),0.291300 (0.209700 + 0.081600),0.649400 (0.567900 + 0.081500),0.382200 (0.300600 + 0.081600),0.525200 (0.443700 + 0.081500),0.608100 (0.526500 + 0.081600),0.664700 (0.583200 + 0.081500),0.308100 (0.226800 + 0.081300),0.303500 (0.222300 + 0.081200),0.663000 (0.581400 + 0.081600),0.288500 (0.207000 + 0.081500),0.655700 (0.574200 + 0.081500),0.660400 (0.578700 + 0.081700),0.688100 (0.606600 + 0.081500),0.307400 (0.225900 + 0.081500),0.654100 (0.572400 + 0.081700),0.679100 (0.597600 + 0.081500),0.380200 (0.298800 + 0.081400),0.215200 (0.134100 + 0.081100),0.667500 (0.585900 + 0.081600),0.644100 (0.562500 + 0.081600)
67,0.688100 (0.606600 + 0.081500),0.688100 (0.606600 + 0.081500),0.685400 (0.603900 + 0.081500),0.685400 (0.603900 + 0.081500),0.685400 (0.603900 + 0.081500),0.373900 (0.292500 + 0.081400),0.259800 (0.178200 + 0.081600),0.519700 (0.438300 + 0.081400),0.524300 (0.442800 + 0.081500),0.679100 (0.597600 + 0.081500),0.658500 (0.576900 + 0.081600),0.306900 (0.225900 + 0.081000),0.687200 (0.605700 + 0.081500),0.303400 (0.222300 + 0.081100),0.667600 (0.585900 + 0.081700),0.660400 (0.578700 + 0.081700),0.659400 (0.577800 + 0.081600),0.667500 (0.585900 + 0.081600),0.254700 (0.173700 + 0.081000),0.664800 (0.583200 + 0.081600),0.679000 (0.597600 + 0.081400),0.675700 (0.594000 + 0.081700),0.285600 (0.204300 + 0.081300),0.670300 (0.588600 + 0.081700),0.658500 (0.576900 + 0.081600),0.474700 (0.393300 + 0.081400),0.632200 (0.550800 + 0.081400),0.353400 (0.271800 + 0.081600),0.269300 (0.188100 + 0.081200),0.349000 (0.267300 + 0.081700),0.320800 (0.239400 + 0.081400),0.660400 (0.578700 + 0.081700),0.268600 (0.187200 + 0.081400),0.680900 (0.599400 + 0.081500),0.680900 (0.599400 + 0.081500),0.467700 (0.386100 + 0.081600),0.337600 (0.256500 + 0.081100),0.686300 (0.604800 + 0.081500),0.333800 (0.252900 + 0.080900),0.658400 (0.576900 + 0.081500),0.680900 (0.599400 + 0.081500),0.655700 (0.574200 + 0.081500),0.271200 (0.189900 + 0.081300),0.270300 (0.189000 + 0.081300),0.268700 (0.187200 + 0.081500),0.667600 (0.585900 + 0.081700),0.425300 (0.343800 + 0.081500),0.679100 (0.597600 + 0.081500),0.660400 (0.578700 + 0.081700),0.400200 (0.318600 + 0.081600),0.599200 (0.517500 + 0.081700),0.447900 (0.366300 + 0.081600),0.572100 (0.490500 + 0.081600),0.687200 (0.605700 + 0.081500),0.657600 (0.576000 + 0.081600),0.420100 (0.338400 + 0.081700),0.231700 (0.150300 + 0.081400),0.348300 (0.267300 + 0.081000),0.680900 (0.599400 + 0.081500),0.658400 (0.576900 + 0.081500),0.270500 (0.189000 + 0.081500),0.368700 (0.287100 + 0.081600),0.289900 (0.208800 + 0.081100),0.384000 (0.302400 + 0.081600),0.568300 (0.486900 + 0.081400),0.667600 (0.585900 + 0.081700),0.318200 (0.236700 + 0.081500),0.446100 (0.364500 + 0.081600),0.380100 (0.298800 + 0.081300),0.680900 (0.599400 + 0.081500),0.454600 (0.373500 + 0.081100),0.682600 (0.601200 + 0.081400),0.658500 (0.576900 + 0.081600),0.686400 (0.604800 + 0.081600),0.378300 (0.297000 + 0.081300),0.336000 (0.254700 + 0.081300),0.667500 (0.585900 + 0.081600),0.309800 (0.228600 + 0.081200),0.279600 (0.198000 + 0.081600),0.620600 (0.539100 + 0.081500),0.273100 (0.191700 + 0.081400),0.545900 (0.464400 + 0.081500),0.665600 (0.584100 + 0.081500),0.667500 (0.585900 + 0.081600),0.659400 (0.577800 + 0.081600),0.667500 (0.585900 + 0.081600),0.663000 (0.581400 + 0.081600),0.657600 (0.576000 + 0.081600),0.316400 (0.234900 + 0.081500),0.590900 (0.509400 + 0.081500),0.472900 (0.391500 + 0.081400),0.489200 (0.407700 + 0.081500),0.370200 (0.288900 + 0.081300),0.664900 (0.583200 + 0.081700),0.320600 (0.239400 + 0.081200),0.292800 (0.211500 + 0.081300),0.667600 (0.585900 + 0.081700),0.680900 (0.599400 + 0.081500),0.667500 (0.585900 + 0.081600),0.388800 (0.306900 + 0.081900)
68,0.688100 (0.606600 + 0.081500),0.688100 (0.606600 + 0.081500),0.687200 (0.605700 + 0.081500),0.687200 (0.605700 + 0.081500),0.686400 (0.604800 + 0.081600),0.688100 (0.606600 + 0.081500),0.680900 (0.599400 + 0.081500),0.675700 (0.594000 + 0.081700),0.655700 (0.574200 + 0.081500),0.663000 (0.581400 + 0.081600),0.590900 (0.509400 + 0.081500),0.263700 (0.182700 + 0.081000),0.240900 (0.159300 + 0.081600),0.665800 (0.584100 + 0.081700),0.484700 (0.403200 + 0.081500),0.263800 (0.182700 + 0.081100),0.616200 (0.534600 + 0.081600),0.392600 (0.311400 + 0.081200),0.285600 (0.204300 + 0.081300),0.680900 (0.599400 + 0.081500),0.658400 (0.576900 + 0.081500),0.216600 (0.135000 + 0.081600),0.575500 (0.494100 + 0.081400),0.226600 (0.144900 + 0.081700),0.390300 (0.308700 + 0.081600),0.206500 (0.125100 + 0.081400),0.219200 (0.137700 + 0.081500),0.688100 (0.606600 + 0.081500),0.472900 (0.391500 + 0.081400),0.660400 (0.578700 + 0.081700),0.426100 (0.344700 + 0.081400),0.658400 (0.576900 + 0.081500),0.472400 (0.390600 + 0.081800),0.688100 (0.606600 + 0.081500),0.667500 (0.585900 + 0.081600),0.349700 (0.268200 + 0.081500),0.283300 (0.201600 + 0.081700),0.667600 (0.585900 + 0.081700),0.696300 (0.614700 + 0.081600),0.680900 (0.599400 + 0.081500),0.658500 (0.576900 + 0.081600),0.260500 (0.179100 + 0.081400),0.665600 (0.584100 + 0.081500),0.688100 (0.606600 + 0.081500),0.680900 (0.599400 + 0.081500),0.631400 (0.549900 + 0.081500),0.688100 (0.606600 + 0.081500),0.166800 (0.085500 + 0.081300),0.694400 (0.612900 + 0.081500),0.337200 (0.255600 + 0.081600),0.657600 (0.576000 + 0.081600),0.396200 (0.315000 + 0.081200),0.686300 (0.604800 + 0.081500),0.373400 (0.292500 + 0.080900),0.657600 (0.576000 + 0.081600),0.229800 (0.148500 + 0.081300),0.667600 (0.585900 + 0.081700),0.199200 (0.117900 + 0.081300),0.398700 (0.316800 + 0.081900),0.667600 (0.585900 + 0.081700),0.194800 (0.113400 + 0.081400),0.687200 (0.605700 + 0.081500),0.262100 (0.180900 + 0.081200),0.295300 (0.214200 + 0.081100),0.299000 (0.217800 + 0.081200),0.397700 (0.316800 + 0.080900),0.680900 (0.599400 + 0.081500),0.667500 (0.585900 + 0.081600),0.667500 (0.585900 + 0.081600),0.664800 (0.583200 + 0.081600),0.416100 (0.334800 + 0.081300),0.193200 (0.112500 + 0.080700),0.266200 (0.184500 + 0.081700),0.680900 (0.599400 + 0.081500),0.250300 (0.169200 + 0.081100),0.685400 (0.603900 + 0.081500),0.665600 (0.584100 + 0.081500),0.512600 (0.431100 + 0.081500),0.687200 (0.605700 + 0.081500),0.658400 (0.576900 + 0.081500),0.660400 (0.578700 + 0.081700),0.348800 (0.267300 + 0.081500),0.400200 (0.318600 + 0.081600),0.679100 (0.597600 + 0.081500),0.660400 (0.578700 + 0.081700),0.323900 (0.243000 + 0.080900),0.424500 (0.342900 + 0.081600),0.687200 (0.605700 + 0.081500),0.663800 (0.582300 + 0.081500),0.687200 (0.605700 + 0.081500),0.657600 (0.576000 + 0.081600),0.409000 (0.327600 + 0.081400),0.659400 (0.577800 + 0.081600),0.357700 (0.276300 + 0.081400),0.280400 (0.198900 + 0.081500),0.361300 (0.279900 + 0.081400),0.312800 (0.231300 + 0.081500),0.262300 (0.180900 + 0.081400),0.316200 (0.234900 + 0.081300),0.687200 (0.605700 + 0.081500)
69,0.696300 (0.614700 + 0.081600),0.694400 (0.612900 + 0.081500),0.688100 (0.606600 + 0.081500),0.688100 (0.606600 + 0.081500),0.688100 (0.606600 + 0.081500),0.364100 (0.282600 + 0.081500),0.667500 (0.585900 + 0.081600),0.669400 (0.587700 + 0.081700),0.683600 (0.602100 + 0.081500),0.680900 (0.599400 + 0.081500),0.680900 (0.599400 + 0.081500),0.597200 (0.515700 + 0.081500),0.327100 (0.245700 + 0.081400),0.660300 (0.578700 + 0.081600),0.664700 (0.583200 + 0.081500),0.690000 (0.608400 + 0.081600),0.693500 (0.612000 + 0.081500),0.680900 (0.599400 + 0.081500),0.231500 (0.150300 + 0.081200),0.256800 (0.175500 + 0.081300),0.629800 (0.548100 + 0.081700),0.300100 (0.218700 + 0.081400),0.667500 (0.585900 + 0.081600),0.440700 (0.359100 + 0.081600),0.491900 (0.410400 + 0.081500),0.642300 (0.560700 + 0.081600),0.202700 (0.121500 + 0.081200),0.318900 (0.237600 + 0.081300),0.657600 (0.576000 + 0.081600),0.667400 (0.585900 + 0.081500),0.679100 (0.597600 + 0.081500),0.667600 (0.585900 + 0.081700),0.680900 (0.599400 + 0.081500),0.682800 (0.601200 + 0.081600),0.363100 (0.281700 + 0.081400),0.687200 (0.605700 + 0.081500),0.655700 (0.574200 + 0.081500),0.687200 (0.605700 + 0.081500),0.657600 (0.576000 + 0.081600),0.386500 (0.305100 + 0.081400),0.420800 (0.339300 + 0.081500),0.437600 (0.356400 + 0.081200),0.679100 (0.597600 + 0.081500),0.324500 (0.243000 + 0.081500),0.388400 (0.306900 + 0.081500),0.687200 (0.605700 + 0.081500),0.667500 (0.585900 + 0.081600),0.650300 (0.568800 + 0.081500),0.662000 (0.580500 + 0.081500),0.314500 (0.233100 + 0.081400),0.688100 (0.606600 + 0.081500),0.667500 (0.585900 + 0.081600),0.665600 (0.584100 + 0.081500),0.687200 (0.605700 + 0.081500),0.685400 (0.603900 + 0.081500),0.687200 (0.605700 + 0.081500),0.688100 (0.606600 + 0.081500),0.653900 (0.572400 + 0.081500),0.319900 (0.238500 + 0.081400),0.616100 (0.534600 + 0.081500),0.636800 (0.555300 + 0.081500),0.685400 (0.603900 + 0.081500),0.687200 (0.605700 + 0.081500),0.688100 (0.606600 + 0.081500),0.349400 (0.268200 + 0.081200),0.655700 (0.574200 + 0.081500),0.681700 (0.600300 + 0.081400),0.226200 (0.144900 + 0.081300),0.629500 (0.548100 + 0.081400),0.696300 (0.614700 + 0.081600),0.318700 (0.237600 + 0.081100),0.649500 (0.567900 + 0.081600),0.665700 (0.584100 + 0.081600),0.568300 (0.486900 + 0.081400),0.664900 (0.583200 + 0.081700),0.687200 (0.605700 + 0.081500),0.266200 (0.184500 + 0.081700),0.266000 (0.184500 + 0.081500),0.680900 (0.599400 + 0.081500),0.247700 (0.166500 + 0.081200),0.560400 (0.478800 + 0.081600),0.688100 (0.606600 + 0.081500),0.658400 (0.576900 + 0.081500),0.680900 (0.599400 + 0.081500),0.659400 (0.577800 + 0.081600),0.687200 (0.605700 + 0.081500),0.687200 (0.605700 + 0.081500),0.655700 (0.574200 + 0.081500),0.686300 (0.604800 + 0.081500),0.501700 (0.420300 + 0.081400),0.223800 (0.143100 + 0.080700),0.688100 (0.606600 + 0.081500),0.616200 (0.534600 + 0.081600),0.680900 (0.599400 + 0.081500),0.667500 (0.585900 + 0.081600),0.330100 (0.248400 + 0.081700),0.275600 (0.194400 + 0.081200),0.660400 (0.578700 + 0.081700),0.689900 (0.608400 + 0.081500),0.400200 (0.318600 + 0.081600)
70,0.696300 (0.614700 + 0.081600),0.696300 (0.614700 + 0.081600),0.694400 (0.612900 + 0.081500),0.693500 (0.612000 + 0.081500),0.690000 (0.608400 + 0.081600),0.680900 (0.599400 + 0.081500),0.667600 (0.585900 + 0.081700),0.310700 (0.229500 + 0.081200),0.673800 (0.592200 + 0.081600),0.328800 (0.247500 + 0.081300),0.376700 (0.295200 + 0.081500),0.566700 (0.485100 + 0.081600),0.481700 (0.400500 + 0.081200),0.277500 (0.196200 + 0.081300),0.284800 (0.203400 + 0.081400),0.679100 (0.597600 + 0.081500),0.687200 (0.605700 + 0.081500),0.268000 (0.187200 + 0.080800),0.694400 (0.612900 + 0.081500),0.680900 (0.599400 + 0.081500),0.501700 (0.420300 + 0.081400),0.507300 (0.425700 + 0.081600),0.562100 (0.480600 + 0.081500),0.688100 (0.606600 + 0.081500),0.300800 (0.219600 + 0.081200),0.680900 (0.599400 + 0.081500),0.662900 (0.581400 + 0.081500),0.685400 (0.603900 + 0.081500),0.622600 (0.540900 + 0.081700),0.218900 (0.137700 + 0.081200),0.231700 (0.150300 + 0.081400),0.689900 (0.608400 + 0.081500),0.690900 (0.609300 + 0.081600),0.365900 (0.284400 + 0.081500),0.687200 (0.605700 + 0.081500),0.680900 (0.599400 + 0.081500),0.690000 (0.608400 + 0.081600),0.439400 (0.358200 + 0.081200),0.687100 (0.605700 + 0.081400),0.659300 (0.577800 + 0.081500),0.687200 (0.605700 + 0.081500),0.687200 (0.605700 + 0.081500),0.284000 (0.202500 + 0.081500),0.621400 (0.540000 + 0.081400),0.679100 (0.597600 + 0.081500),0.301600 (0.220500 + 0.081100),0.199700 (0.118800 + 0.080900),0.314200 (0.233100 + 0.081100),0.494700 (0.413100 + 0.081600),0.364800 (0.283500 + 0.081300),0.688100 (0.606600 + 0.081500),0.394700 (0.313200 + 0.081500),0.324300 (0.243000 + 0.081300),0.217700 (0.136800 + 0.080900),0.640400 (0.558900 + 0.081500),0.680900 (0.599400 + 0.081500),0.680900 (0.599400 + 0.081500),0.481800 (0.400500 + 0.081300),0.634000 (0.552600 + 0.081400),0.667500 (0.585900 + 0.081600),0.688100 (0.606600 + 0.081500),0.334300 (0.252900 + 0.081400),0.610500 (0.529200 + 0.081300),0.280500 (0.198900 + 0.081600),0.690900 (0.609300 + 0.081600),0.680900 (0.599400 + 0.081500),0.682800 (0.601200 + 0.081600),0.590000 (0.508500 + 0.081500),0.298500 (0.216900 + 0.081600),0.394800 (0.313200 + 0.081600),0.688100 (0.606600 + 0.081500),0.682800 (0.601200 + 0.081600),0.680900 (0.599400 + 0.081500),0.655700 (0.574200 + 0.081500),0.420800 (0.339300 + 0.081500),0.681700 (0.600300 + 0.081400),0.659400 (0.577800 + 0.081600),0.685400 (0.603900 + 0.081500),0.686300 (0.604800 + 0.081500),0.687200 (0.605700 + 0.081500),0.364000 (0.282600 + 0.081400),0.691600 (0.610200 + 0.081400),0.382200 (0.300600 + 0.081600),0.686300 (0.604800 + 0.081500),0.212400 (0.131400 + 0.081000),0.687200 (0.605700 + 0.081500),0.691700 (0.610200 + 0.081500),0.667500 (0.585900 + 0.081600),0.688100 (0.606600 + 0.081500),0.687200 (0.605700 + 0.081500),0.616200 (0.534600 + 0.081600),0.380800 (0.299700 + 0.081100),0.551500 (0.469800 + 0.081700),0.259500 (0.178200 + 0.081300),0.688100 (0.606600 + 0.081500),0.687200 (0.605700 + 0.081500),0.680900 (0.599400 + 0.081500),0.689100 (0.607500 + 0.081600),0.663800 (0.582300 + 0.081500),0.307300 (0.225900 + 0.081400)
71,0.696300 (0.614700 + 0.081600),0.696300 (0.614700 + 0.081600),0.694400 (0.612900 + 0.081500),0.694400 (0.612900 + 0.081500),0.693500 (0.612000 + 0.081500),0.696400 (0.614700 + 0.081700),0.653000 (0.571500 + 0.081500),0.267900 (0.186300 + 0.081600),0.687200 (0.605700 + 0.081500),0.285900 (0.204300 + 0.081600),0.356000 (0.274500 + 0.081500),0.687200 (0.605700 + 0.081500),0.322600 (0.241200 + 0.081400),0.685400 (0.603900 + 0.081500),0.477400 (0.396000 + 0.081400),0.274100 (0.192600 + 0.081500),0.378800 (0.297900 + 0.080900),0.256200 (0.174600 + 0.081600),0.679100 (0.597600 + 0.081500),0.257600 (0.176400 + 0.081200),0.482800 (0.401400 + 0.081400),0.685400 (0.603900 + 0.081500),0.361100 (0.279900 + 0.081200),0.294100 (0.213300 + 0.080800),0.645000 (0.563400 + 0.081600),0.347900 (0.266400 + 0.081500),0.687200 (0.605700 + 0.081500),0.270300 (0.189000 + 0.081300),0.689900 (0.608400 + 0.081500),0.267600 (0.186300 + 0.081300),0.662900 (0.581400 + 0.081500),0.696300 (0.614700 + 0.081600),0.693500 (0.612000 + 0.081500),0.289100 (0.207900 + 0.081200),0.263200 (0.181800 + 0.081400),0.661100 (0.579600 + 0.081500),0.339000 (0.257400 + 0.081600),0.690000 (0.608400 + 0.081600),0.359300 (0.278100 + 0.081200),0.691700 (0.610200 + 0.081500),0.661100 (0.579600 + 0.081500),0.687200 (0.605700 + 0.081500),0.694400 (0.612900 + 0.081500),0.352200 (0.270900 + 0.081300),0.309800 (0.228600 + 0.081200),0.516100 (0.434700 + 0.081400),0.574700 (0.493200 + 0.081500),0.386500 (0.305100 + 0.081400),0.419300 (0.337500 + 0.081800),0.688100 (0.606600 + 0.081500),0.687200 (0.605700 + 0.081500),0.689100 (0.607500 + 0.081600),0.687200 (0.605700 + 0.081500),0.691600 (0.610200 + 0.081400),0.687200 (0.605700 + 0.081500),0.691600 (0.610200 + 0.081400),0.244500 (0.163800 + 0.080700),0.426900 (0.345600 + 0.081300),0.697200 (0.615600 + 0.081600),0.360200 (0.279000 + 0.081200),0.692700 (0.611100 + 0.081600),0.262300 (0.180900 + 0.081400),0.687200 (0.605700 + 0.081500),0.384800 (0.303300 + 0.081500),0.680900 (0.599400 + 0.081500),0.239700 (0.158400 + 0.081300),0.680900 (0.599400 + 0.081500),0.680900 (0.599400 + 0.081500),0.688100 (0.606600 + 0.081500),0.198200 (0.117000 + 0.081200),0.686300 (0.604800 + 0.081500),0.686300 (0.604800 + 0.081500),0.352500 (0.270900 + 0.081600),0.327900 (0.246600 + 0.081300),0.610500 (0.529200 + 0.081300),0.357500 (0.276300 + 0.081200),0.363900 (0.282600 + 0.081300),0.295500 (0.214200 + 0.081300),0.689100 (0.607500 + 0.081600),0.688100 (0.606600 + 0.081500),0.377000 (0.296100 + 0.080900),0.301000 (0.219600 + 0.081400),0.363100 (0.281700 + 0.081400),0.680900 (0.599400 + 0.081500),0.394700 (0.313200 + 0.081500),0.685400 (0.603900 + 0.081500),0.668500 (0.586800 + 0.081700),0.687200 (0.605700 + 0.081500),0.264300 (0.182700 + 0.081600),0.689100 (0.607500 + 0.081600),0.680900 (0.599400 + 0.081500),0.656500 (0.575100 + 0.081400),0.234000 (0.153000 + 0.081000),0.691600 (0.610200 + 0.081400),0.295300 (0.214200 + 0.081100),0.271800 (0.190800 + 0.081000),0.391000 (0.309600 + 0.081400),0.680900 (0.599400 + 0.081500),0.680900 (0.599400 + 0.081500),0.194700 (0.113400 + 0.081300)
72,0.697200 (0.615600 + 0.081600),0.696400 (0.614700 + 0.081700),0.696300 (0.614700 + 0.081600),0.696300 (0.614700 + 0.081600),0.696300 (0.614700 + 0.081600),0.687200 (0.605700 + 0.081500),0.687200 (0.605700 + 0.081500),0.359300 (0.278100 + 0.081200),0.690700 (0.609300 + 0.081400),0.686300 (0.604800 + 0.081500),0.691700 (0.610200 + 0.081500),0.568400 (0.486900 + 0.081500),0.174100 (0.092700 + 0.081400),0.602400 (0.521100 + 0.081300),0.243200 (0.162000 + 0.081200),0.332400 (0.251100 + 0.081300),0.680900 (0.599400 + 0.081500),0.172200 (0.090900 + 0.081300),0.665500 (0.584100 + 0.081400),0.610500 (0.529200 + 0.081300),0.482800 (0.401400 + 0.081400),0.318000 (0.236700 + 0.081300),0.688100 (0.606600 + 0.081500),0.431200 (0.350100 + 0.081100),0.584700 (0.503100 + 0.081600),0.691600 (0.610200 + 0.081400),0.691600 (0.610200 + 0.081400),0.283700 (0.202500 + 0.081200),0.280200 (0.198900 + 0.081300),0.696300 (0.614700 + 0.081600),0.697200 (0.615600 + 0.081600),0.690900 (0.609300 + 0.081600),0.424500 (0.342900 + 0.081600),0.680900 (0.599400 + 0.081500),0.686300 (0.604800 + 0.081500),0.689100 (0.607500 + 0.081600),0.360300 (0.279000 + 0.081300),0.689100 (0.607500 + 0.081600),0.691700 (0.610200 + 0.081500),0.207400 (0.126000 + 0.081400),0.465100 (0.383400 + 0.081700),0.694400 (0.612900 + 0.081500),0.691600 (0.610200 + 0.081400),0.688100 (0.606600 + 0.081500),0.695400 (0.613800 + 0.081600),0.591800 (0.510300 + 0.081500),0.523400 (0.441900 + 0.081500),0.390800 (0.309600 + 0.081200),0.277400 (0.196200 + 0.081200),0.277800 (0.196200 + 0.081600),0.682600 (0.601200 + 0.081400),0.680900 (0.599400 + 0.081500),0.687200 (0.605700 + 0.081500),0.695200 (0.613800 + 0.081400),0.663100 (0.581400 + 0.081700),0.689100 (0.607500 + 0.081600),0.689900 (0.608400 + 0.081500),0.309500 (0.228600 + 0.080900),0.324300 (0.243000 + 0.081300),0.306200 (0.225000 + 0.081200),0.358900 (0.277200 + 0.081700),0.696300 (0.614700 + 0.081600),0.250700 (0.169200 + 0.081500),0.661100 (0.579600 + 0.081500),0.610500 (0.529200 + 0.081300),0.185400 (0.104400 + 0.081000),0.631400 (0.549900 + 0.081500),0.640300 (0.558900 + 0.081400),0.549500 (0.468000 + 0.081500),0.321700 (0.240300 + 0.081400),0.305500 (0.224100 + 0.081400),0.281000 (0.199800 + 0.081200),0.653900 (0.572400 + 0.081500),0.696300 (0.614700 + 0.081600),0.688100 (0.606600 + 0.081500),0.685400 (0.603900 + 0.081500),0.680900 (0.599400 + 0.081500),0.687200 (0.605700 + 0.081500),0.656500 (0.575100 + 0.081400),0.422200 (0.341100 + 0.081100),0.312800 (0.231300 + 0.081500),0.644000 (0.562500 + 0.081500),0.392100 (0.310500 + 0.081600),0.687200 (0.605700 + 0.081500),0.688100 (0.606600 + 0.081500),0.691600 (0.610200 + 0.081400),0.688100 (0.606600 + 0.081500),0.686300 (0.604800 + 0.081500),0.653900 (0.572400 + 0.081500),0.689100 (0.607500 + 0.081600),0.688100 (0.606600 + 0.081500),0.231400 (0.150300 + 0.081100),0.391000 (0.309600 + 0.081400),0.364500 (0.283500 + 0.081000),0.184500 (0.103500 + 0.081000),0.535000 (0.453600 + 0.081400),0.647500 (0.566100 + 0.081400),0.396900 (0.315900 + 0.081000),0.694400 (0.612900 + 0.081500),0.266300 (0.185400 + 0.080900)
73,0.697200 (0.615600 + 0.081600),0.697200 (0.615600 + 0.081600),0.696400 (0.614700 + 0.081700),0.696300 (0.614700 + 0.081600),0.696300 (0.614700 + 0.081600),0.575700 (0.494100 + 0.081600),0.404500 (0.323100 + 0.081400),0.342500 (0.261000 + 0.081500),0.691600 (0.610200 + 0.081400),0.412700 (0.331200 + 0.081500),0.695200 (0.613800 + 0.081400),0.687200 (0.605700 + 0.081500),0.335400 (0.253800 + 0.081600),0.661000 (0.579600 + 0.081400),0.681700 (0.600300 + 0.081400),0.688100 (0.606600 + 0.081500),0.695400 (0.613800 + 0.081600),0.691700 (0.610200 + 0.081500),0.687200 (0.605700 + 0.081500),0.322400 (0.241200 + 0.081200),0.587500 (0.505800 + 0.081700),0.429800 (0.348300 + 0.081500),0.303800 (0.222300 + 0.081500),0.581800 (0.500400 + 0.081400),0.284000 (0.202500 + 0.081500),0.308100 (0.226800 + 0.081300),0.663100 (0.581400 + 0.081700),0.687200 (0.605700 + 0.081500),0.686300 (0.604800 + 0.081500),0.314400 (0.233100 + 0.081300),0.672900 (0.591300 + 0.081600),0.395400 (0.314100 + 0.081300),0.687200 (0.605700 + 0.081500),0.691700 (0.610200 + 0.081500),0.688100 (0.606600 + 0.081500),0.688100 (0.606600 + 0.081500),0.696300 (0.614700 + 0.081600),0.694400 (0.612900 + 0.081500),0.691700 (0.610200 + 0.081500),0.698200 (0.616500 + 0.081700),0.687200 (0.605700 + 0.081500),0.680900 (0.599400 + 0.081500),0.680900 (0.599400 + 0.081500),0.278500 (0.197100 + 0.081400),0.680900 (0.599400 + 0.081500),0.690900 (0.609300 + 0.081600),0.303700 (0.222300 + 0.081400),0.367700 (0.286200 + 0.081500),0.392500 (0.311400 + 0.081100),0.696300 (0.614700 + 0.081600),0.696300 (0.614700 + 0.081600),0.307400 (0.225900 + 0.081500),0.471100 (0.389700 + 0.081400),0.687200 (0.605700 + 0.081500),0.695400 (0.613800 + 0.081600),0.519100 (0.437400 + 0.081700),0.694400 (0.612900 + 0.081500),0.272100 (0.190800 + 0.081300),0.692500 (0.611100 + 0.081400),0.313700 (0.232200 + 0.081500),0.451000 (0.369900 + 0.081100),0.309900 (0.228600 + 0.081300),0.296500 (0.215100 + 0.081400),0.397100 (0.315900 + 0.081200),0.250400 (0.169200 + 0.081200),0.686300 (0.604800 + 0.081500),0.229000 (0.147600 + 0.081400),0.685400 (0.603900 + 0.081500),0.689900 (0.608400 + 0.081500),0.309300 (0.227700 + 0.081600),0.331500 (0.250200 + 0.081300),0.681900 (0.600300 + 0.081600),0.698000 (0.616500 + 0.081500),0.279200 (0.198000 + 0.081200),0.680900 (0.599400 + 0.081500),0.127500 (0.046800 + 0.080700),0.367700 (0.286200 + 0.081500),0.653900 (0.572400 + 0.081500),0.687200 (0.605700 + 0.081500),0.691600 (0.610200 + 0.081400),0.431200 (0.350100 + 0.081100),0.460100 (0.378900 + 0.081200),0.492700 (0.411300 + 0.081400),0.610500 (0.529200 + 0.081300),0.284400 (0.203400 + 0.081000),0.336000 (0.254700 + 0.081300),0.381900 (0.300600 + 0.081300),0.291100 (0.209700 + 0.081400),0.689900 (0.608400 + 0.081500),0.545000 (0.463500 + 0.081500),0.512700 (0.431100 + 0.081600),0.694500 (0.612900 + 0.081600),0.689900 (0.608400 + 0.081500),0.691700 (0.610200 + 0.081500),0.647500 (0.566100 + 0.081400),0.305400 (0.224100 + 0.081300),0.314200 (0.233100 + 0.081100),0.305500 (0.224100 + 0.081400),0.247100 (0.165600 + 0.081500),0.687200 (0.605700 + 0.081500)
74,0.698200 (0.616500 + 0.081700),0.698000 (0.616500 + 0.081500),0.697200 (0.615600 + 0.081600),0.697200 (0.615600 + 0.081600),0.696400 (0.614700 + 0.081700),0.236900 (0.155700 + 0.081200),0.690900 (0.609300 + 0.081600),0.202700 (0.121500 + 0.081200),0.300700 (0.219600 + 0.081100),0.691700 (0.610200 + 0.081500),0.695300 (0.613800 + 0.081500),0.381300 (0.299700 + 0.081600),0.654900 (0.573300 + 0.081600),0.690900 (0.609300 + 0.081600),0.689900 (0.608400 + 0.081500),0.544100 (0.462600 + 0.081500),0.329000 (0.247500 + 0.081500),0.695400 (0.613800 + 0.081600),0.371400 (0.289800 + 0.081600),0.672900 (0.591300 + 0.081600),0.689900 (0.608400 + 0.081500),0.600600 (0.519300 + 0.081300),0.446600 (0.365400 + 0.081200),0.689900 (0.608400 + 0.081500),0.330000 (0.248400 + 0.081600),0.209000 (0.127800 + 0.081200),0.482700 (0.401400 + 0.081300),0.249800 (0.168300 + 0.081500),0.479000 (0.397800 + 0.081200),0.617900 (0.536400 + 0.081500),0.343300 (0.261900 + 0.081400),0.696300 (0.614700 + 0.081600),0.176200 (0.094500 + 0.081700),0.662800 (0.581400 + 0.081400),0.601800 (0.520200 + 0.081600),0.691600 (0.610200 + 0.081400),0.694500 (0.612900 + 0.081600),0.400200 (0.318600 + 0.081600),0.355700 (0.274500 + 0.081200),0.454100 (0.372600 + 0.081500),0.686400 (0.604800 + 0.081600),0.680100 (0.598500 + 0.081600),0.653900 (0.572400 + 0.081500),0.299800 (0.218700 + 0.081100),0.555600 (0.474300 + 0.081300),0.424500 (0.342900 + 0.081600),0.555900 (0.474300 + 0.081600),0.419000 (0.337500 + 0.081500),0.671000 (0.589500 + 0.081500),0.662200 (0.580500 + 0.081700),0.680900 (0.599400 + 0.081500),0.698200 (0.616500 + 0.081700),0.353100 (0.271800 + 0.081300),0.692500 (0.611100 + 0.081400),0.696300 (0.614700 + 0.081600),0.376300 (0.295200 + 0.081100),0.691600 (0.610200 + 0.081400),0.400800 (0.319500 + 0.081300),0.310500 (0.229500 + 0.081000),0.463300 (0.381600 + 0.081700),0.697200 (0.615600 + 0.081600),0.311500 (0.230400 + 0.081100),0.692500 (0.611100 + 0.081400),0.688100 (0.606600 + 0.081500),0.700700 (0.619200 + 0.081500),0.351400 (0.270000 + 0.081400),0.227700 (0.146700 + 0.081000),0.520700 (0.439200 + 0.081500),0.446900 (0.365400 + 0.081500),0.317300 (0.235800 + 0.081500),0.385700 (0.304200 + 0.081500),0.617000 (0.535500 + 0.081500),0.698000 (0.616500 + 0.081500),0.696400 (0.614700 + 0.081700),0.691700 (0.610200 + 0.081500),0.678200 (0.596700 + 0.081500),0.236600 (0.155700 + 0.080900),0.696300 (0.614700 + 0.081600),0.696300 (0.614700 + 0.081600),0.464900 (0.383400 + 0.081500),0.479000 (0.397800 + 0.081200),0.697200 (0.615600 + 0.081600),0.697200 (0.615600 + 0.081600),0.435400 (0.353700 + 0.081700),0.277300 (0.196200 + 0.081100),0.286600 (0.205200 + 0.081400),0.647500 (0.566100 + 0.081400),0.163300 (0.081900 + 0.081400),0.661100 (0.579600 + 0.081500),0.690900 (0.609300 + 0.081600),0.694400 (0.612900 + 0.081500),0.695200 (0.613800 + 0.081400),0.275600 (0.194400 + 0.081200),0.220900 (0.139500 + 0.081400),0.372600 (0.291600 + 0.081000),0.697200 (0.615600 + 0.081600),0.258600 (0.177300 + 0.081300),0.688100 (0.606600 + 0.081500),0.408900 (0.327600 + 0.081300),0.691700 (0.610200 + 0.081500)
75,0.700700 (0.619200 + 0.081500),0.698200 (0.616500 + 0.081700),0.698200 (0.616500 + 0.081700),0.698000 (0.616500 + 0.081500),0.698000 (0.616500 + 0.081500),0.405600 (0.324000 + 0.081600),0.699100 (0.617400 + 0.081700),0.224700 (0.143100 + 0.081600),0.691700 (0.610200 + 0.081500),0.697200 (0.615600 + 0.081600),0.697200 (0.615600 + 0.081600),0.385200 (0.304200 + 0.081000),0.367600 (0.286200 + 0.081400),0.688200 (0.606600 + 0.081600),0.699100 (0.617400 + 0.081700),0.617900 (0.536400 + 0.081500),0.696300 (0.614700 + 0.081600),0.699100 (0.617400 + 0.081700),0.688100 (0.606600 + 0.081500),0.701600 (0.620100 + 0.081500),0.691700 (0.610200 + 0.081500),0.572900 (0.491400 + 0.081500),0.398200 (0.316800 + 0.081400),0.424300 (0.342900 + 0.081400),0.548600 (0.467100 + 0.081500),0.682800 (0.601200 + 0.081600),0.295500 (0.214200 + 0.081300),0.662200 (0.580500 + 0.081700),0.355700 (0.274500 + 0.081200),0.196600 (0.115200 + 0.081400),0.328100 (0.246600 + 0.081500),0.698900 (0.617400 + 0.081500),0.686300 (0.604800 + 0.081500),0.654900 (0.573300 + 0.081600),0.238500 (0.157500 + 0.081000),0.656700 (0.575100 + 0.081600),0.402000 (0.320400 + 0.081600),0.696400 (0.614700 + 0.081700),0.695200 (0.613800 + 0.081400),0.690900 (0.609300 + 0.081600),0.696300 (0.614700 + 0.081600),0.660200 (0.578700 + 0.081500),0.434400 (0.352800 + 0.081600),0.517100 (0.435600 + 0.081500),0.371800 (0.290700 + 0.081100),0.239100 (0.157500 + 0.081600),0.261600 (0.180000 + 0.081600),0.696300 (0.614700 + 0.081600),0.690900 (0.609300 + 0.081600),0.298100 (0.216900 + 0.081200),0.661100 (0.579600 + 0.081500),0.421600 (0.340200 + 0.081400),0.691700 (0.610200 + 0.081500),0.690900 (0.609300 + 0.081600),0.662800 (0.581400 + 0.081400),0.688100 (0.606600 + 0.081500),0.662200 (0.580500 + 0.081700),0.697200 (0.615600 + 0.081600),0.647500 (0.566100 + 0.081400),0.686300 (0.604800 + 0.081500),0.255000 (0.173700 + 0.081300),0.651200 (0.569700 + 0.081500),0.356400 (0.274500 + 0.081900),0.306400 (0.225000 + 0.081400),0.205600 (0.124200 + 0.081400),0.670100 (0.588600 + 0.081500),0.307000 (0.225900 + 0.081100),0.313500 (0.232200 + 0.081300),0.691700 (0.610200 + 0.081500),0.401500 (0.320400 + 0.081100),0.533400 (0.451800 + 0.081600),0.452100 (0.370800 + 0.081300),0.563900 (0.482400 + 0.081500),0.230700 (0.149400 + 0.081300),0.543100 (0.461700 + 0.081400),0.695200 (0.613800 + 0.081400),0.691600 (0.610200 + 0.081400),0.691600 (0.610200 + 0.081400),0.698100 (0.616500 + 0.081600),0.690000 (0.608400 + 0.081600),0.617000 (0.535500 + 0.081500),0.440700 (0.359100 + 0.081600),0.278000 (0.197100 + 0.080900),0.625800 (0.544500 + 0.081300),0.239500 (0.158400 + 0.081100),0.371900 (0.290700 + 0.081200),0.700000 (0.618300 + 0.081700),0.700700 (0.619200 + 0.081500),0.696300 (0.614700 + 0.081600),0.697200 (0.615600 + 0.081600),0.662200 (0.580500 + 0.081700),0.691700 (0.610200 + 0.081500),0.700000 (0.618300 + 0.081700),0.561100 (0.479700 + 0.081400),0.665800 (0.584100 + 0.081700),0.629700 (0.548100 + 0.081600),0.691700 (0.610200 + 0.081500),0.696300 (0.614700 + 0.081600),0.691700 (0.610200 + 0.081500),0.662800 (0.581400 + 0.081400)
76,0.701600 (0.620100 + 0.081500),0.700700 (0.619200 + 0.081500),0.700700 (0.619200 + 0.081500),0.700000 (0.618300 + 0.081700),0.700000 (0.618300 + 0.081700),0.634000 (0.552600 + 0.081400),0.686400 (0.604800 + 0.081600),0.424300 (0.342900 + 0.081400),0.698900 (0.617400 + 0.081500),0.372800 (0.291600 + 0.081200),0.266700 (0.185400 + 0.081300),0.335000 (0.253800 + 0.081200),0.615000 (0.533700 + 0.081300),0.403000 (0.321300 + 0.081700),0.689100 (0.607500 + 0.081600),0.694400 (0.612900 + 0.081500),0.701800 (0.620100 + 0.081700),0.256000 (0.174600 + 0.081400),0.692500 (0.611100 + 0.081400),0.279600 (0.198000 + 0.081600),0.301300 (0.220500 + 0.080800),0.691700 (0.610200 + 0.081500),0.687200 (0.605700 + 0.081500),0.320000 (0.238500 + 0.081500),0.696300 (0.614700 + 0.081600),0.690900 (0.609300 + 0.081600),0.703400 (0.621900 + 0.081500),0.312900 (0.231300 + 0.081600),0.698000 (0.616500 + 0.081500),0.680100 (0.598500 + 0.081600),0.248700 (0.167400 + 0.081300),0.319200 (0.237600 + 0.081600),0.546700 (0.465300 + 0.081400),0.686300 (0.604800 + 0.081500),0.561100 (0.479700 + 0.081400),0.662900 (0.581400 + 0.081500),0.293700 (0.212400 + 0.081300),0.698100 (0.616500 + 0.081600),0.294500 (0.213300 + 0.081200),0.323600 (0.242100 + 0.081500),0.645700 (0.564300 + 0.081400),0.290300 (0.208800 + 0.081500),0.700700 (0.619200 + 0.081500),0.265900 (0.184500 + 0.081400),0.345200 (0.263700 + 0.081500),0.646600 (0.565200 + 0.081400),0.653900 (0.572400 + 0.081500),0.700700 (0.619200 + 0.081500),0.452100 (0.370800 + 0.081300),0.651200 (0.569700 + 0.081500),0.147900 (0.066600 + 0.081300),0.677500 (0.595800 + 0.081700),0.681900 (0.600300 + 0.081600),0.381200 (0.299700 + 0.081500),0.689900 (0.608400 + 0.081500),0.700700 (0.619200 + 0.081500),0.700700 (0.619200 + 0.081500),0.695400 (0.613800 + 0.081600),0.353900 (0.272700 + 0.081200),0.690000 (0.608400 + 0.081600),0.693500 (0.612000 + 0.081500),0.689900 (0.608400 + 0.081500),0.619500 (0.538200 + 0.081300),0.662900 (0.581400 + 0.081500),0.225600 (0.144000 + 0.081600),0.691600 (0.610200 + 0.081400),0.336300 (0.254700 + 0.081600),0.617900 (0.536400 + 0.081500),0.310000 (0.228600 + 0.081400),0.690900 (0.609300 + 0.081600),0.691700 (0.610200 + 0.081500),0.698000 (0.616500 + 0.081500),0.691700 (0.610200 + 0.081500),0.558600 (0.477000 + 0.081600),0.367500 (0.286200 + 0.081300),0.540500 (0.459000 + 0.081500),0.512700 (0.431100 + 0.081600),0.484500 (0.403200 + 0.081300),0.509800 (0.428400 + 0.081400),0.548600 (0.467100 + 0.081500),0.207200 (0.126000 + 0.081200),0.527000 (0.445500 + 0.081500),0.270300 (0.189000 + 0.081300),0.699100 (0.617400 + 0.081700),0.638600 (0.557100 + 0.081500),0.286900 (0.205200 + 0.081700),0.676600 (0.594900 + 0.081700),0.657500 (0.576000 + 0.081500),0.292000 (0.210600 + 0.081400),0.695400 (0.613800 + 0.081600),0.619500 (0.538200 + 0.081300),0.695200 (0.613800 + 0.081400),0.700700 (0.619200 + 0.081500),0.675500 (0.594000 + 0.081500),0.298100 (0.216900 + 0.081200),0.689100 (0.607500 + 0.081600),0.397200 (0.315900 + 0.081300),0.691700 (0.610200 + 0.081500),0.699100 (0.617400 + 0.081700),0.447700 (0.366300 + 0.081400)
77,0.703400 (0.621900 + 0.081500),0.701800 (0.620100 + 0.081700),0.701600 (0.620100 + 0.081500),0.700700 (0.619200 + 0.081500),0.700700 (0.619200 + 0.081500),0.692500 (0.611100 + 0.081400),0.411500 (0.330300 + 0.081200),0.698000 (0.616500 + 0.081500),0.540500 (0.459000 + 0.081500),0.283000 (0.201600 + 0.081400),0.573700 (0.492300 + 0.081400),0.233100 (0.152100 + 0.081000),0.465000 (0.383400 + 0.081600),0.378500 (0.297000 + 0.081500),0.414600 (0.333000 + 0.081600),0.471100 (0.389700 + 0.081400),0.589900 (0.508500 + 0.081400),0.316400 (0.234900 + 0.081500),0.677400 (0.595800 + 0.081600),0.348100 (0.266400 + 0.081700),0.671100 (0.589500 + 0.081600),0.537600 (0.456300 + 0.081300),0.706300 (0.624600 + 0.081700),0.333800 (0.252000 + 0.081800),0.619500 (0.538200 + 0.081300),0.704300 (0.622800 + 0.081500),0.698900 (0.617400 + 0.081500),0.230800 (0.149400 + 0.081400),0.592900 (0.511200 + 0.081700),0.296500 (0.215100 + 0.081400),0.562200 (0.480600 + 0.081600),0.698100 (0.616500 + 0.081600),0.698000 (0.616500 + 0.081500),0.699800 (0.618300 + 0.081500),0.363100 (0.281700 + 0.081400),0.531600 (0.450000 + 0.081600),0.299800 (0.218700 + 0.081100),0.214600 (0.133200 + 0.081400),0.214500 (0.133200 + 0.081300),0.619500 (0.538200 + 0.081300),0.615000 (0.533700 + 0.081300),0.691700 (0.610200 + 0.081500),0.692500 (0.611100 + 0.081400),0.491900 (0.410400 + 0.081500),0.577400 (0.495900 + 0.081500),0.440700 (0.359100 + 0.081600),0.453100 (0.371700 + 0.081400),0.703400 (0.621900 + 0.081500),0.698000 (0.616500 + 0.081500),0.234200 (0.153000 + 0.081200),0.668400 (0.586800 + 0.081600),0.680100 (0.598500 + 0.081600),0.364900 (0.283500 + 0.081400),0.692500 (0.611100 + 0.081400),0.328200 (0.246600 + 0.081600),0.408800 (0.327600 + 0.081200),0.527000 (0.445500 + 0.081500),0.700700 (0.619200 + 0.081500),0.548600 (0.467100 + 0.081500),0.693600 (0.612000 + 0.081600),0.662900 (0.581400 + 0.081500),0.421600 (0.340200 + 0.081400),0.687200 (0.605700 + 0.081500),0.335300 (0.253800 + 0.081500),0.680100 (0.598500 + 0.081600),0.622300 (0.540900 + 0.081400),0.693500 (0.612000 + 0.081500),0.524400 (0.442800 + 0.081600),0.416900 (0.335700 + 0.081200),0.693500 (0.612000 + 0.081500),0.253900 (0.172800 + 0.081100),0.352300 (0.270900 + 0.081400),0.262200 (0.180900 + 0.081300),0.264800 (0.183600 + 0.081200),0.700700 (0.619200 + 0.081500),0.696300 (0.614700 + 0.081600),0.690900 (0.609300 + 0.081600),0.669300 (0.587700 + 0.081600),0.705300 (0.623700 + 0.081600),0.222600 (0.141300 + 0.081300),0.692700 (0.611100 + 0.081600),0.376600 (0.295200 + 0.081400),0.321400 (0.240300 + 0.081100),0.688100 (0.606600 + 0.081500),0.302000 (0.220500 + 0.081500),0.264200 (0.182700 + 0.081500),0.666700 (0.585000 + 0.081700),0.699100 (0.617400 + 0.081700),0.657500 (0.576000 + 0.081500),0.372800 (0.291600 + 0.081200),0.337900 (0.256500 + 0.081400),0.693600 (0.612000 + 0.081600),0.272900 (0.191700 + 0.081200),0.700700 (0.619200 + 0.081500),0.694400 (0.612900 + 0.081500),0.691700 (0.610200 + 0.081500),0.368400 (0.287100 + 0.081300),0.689100 (0.607500 + 0.081600),0.691700 (0.610200 + 0.081500),0.684600 (0.603000 + 0.081600)
78,0.706300 (0.624600 + 0.081700),0.705300 (0.623700 + 0.081600),0.704300 (0.622800 + 0.081500),0.703400 (0.621900 + 0.081500),0.703400 (0.621900 + 0.081500),0.703400 (0.621900 + 0.081500),0.493600 (0.412200 + 0.081400),0.687200 (0.605700 + 0.081500),0.703400 (0.621900 + 0.081500),0.562200 (0.480600 + 0.081600),0.417000 (0.335700 + 0.081300),0.367500 (0.286200 + 0.081300),0.691700 (0.610200 + 0.081500),0.485600 (0.404100 + 0.081500),0.694400 (0.612900 + 0.081500),0.485600 (0.404100 + 0.081500),0.669200 (0.587700 + 0.081500),0.365800 (0.284400 + 0.081400),0.485700 (0.404100 + 0.081600),0.346100 (0.264600 + 0.081500),0.302900 (0.221400 + 0.081500),0.483600 (0.402300 + 0.081300),0.512600 (0.431100 + 0.081500),0.700700 (0.619200 + 0.081500),0.700700 (0.619200 + 0.081500),0.390200 (0.308700 + 0.081500),0.698000 (0.616500 + 0.081500),0.695300 (0.613800 + 0.081500),0.703400 (0.621900 + 0.081500),0.587200 (0.505800 + 0.081400),0.684500 (0.603000 + 0.081500),0.407200 (0.325800 + 0.081400),0.531200 (0.450000 + 0.081200),0.705300 (0.623700 + 0.081600),0.260600 (0.179100 + 0.081500),0.700700 (0.619200 + 0.081500),0.319700 (0.238500 + 0.081200),0.692600 (0.611100 + 0.081500),0.702600 (0.621000 + 0.081600),0.393600 (0.312300 + 0.081300),0.706100 (0.624600 + 0.081500),0.326800 (0.245700 + 0.081100),0.699900 (0.618300 + 0.081600),0.291900 (0.210600 + 0.081300),0.420000 (0.338400 + 0.081600),0.244500 (0.162900 + 0.081600),0.694500 (0.612900 + 0.081600),0.706300 (0.624600 + 0.081700),0.688100 (0.606600 + 0.081500),0.692500 (0.611100 + 0.081400),0.700700 (0.619200 + 0.081500),0.459400 (0.378000 + 0.081400),0.668300 (0.586800 + 0.081500),0.564700 (0.483300 + 0.081400),0.698100 (0.616500 + 0.081600),0.515200 (0.433800 + 0.081400),0.652300 (0.570600 + 0.081700),0.334600 (0.252900 + 0.081700),0.695300 (0.613800 + 0.081500),0.704300 (0.622800 + 0.081500),0.283000 (0.201600 + 0.081400),0.264800 (0.183600 + 0.081200),0.325500 (0.243900 + 0.081600),0.418200 (0.336600 + 0.081600),0.335300 (0.253800 + 0.081500),0.690900 (0.609300 + 0.081600),0.703400 (0.621900 + 0.081500),0.679900 (0.598500 + 0.081400),0.306300 (0.225000 + 0.081300),0.695300 (0.613800 + 0.081500),0.694300 (0.612900 + 0.081400),0.688000 (0.606600 + 0.081400),0.698000 (0.616500 + 0.081500),0.689900 (0.608400 + 0.081500),0.702600 (0.621000 + 0.081600),0.695400 (0.613800 + 0.081600),0.195500 (0.114300 + 0.081200),0.335200 (0.253800 + 0.081400),0.700700 (0.619200 + 0.081500),0.319900 (0.238500 + 0.081400),0.689100 (0.607500 + 0.081600),0.694400 (0.612900 + 0.081500),0.696400 (0.614700 + 0.081700),0.490100 (0.408600 + 0.081500),0.582700 (0.501300 + 0.081400),0.334400 (0.252900 + 0.081500),0.339600 (0.258300 + 0.081300),0.698900 (0.617400 + 0.081500),0.524400 (0.442800 + 0.081600),0.687200 (0.605700 + 0.081500),0.210700 (0.129600 + 0.081100),0.705300 (0.623700 + 0.081600),0.704300 (0.622800 + 0.081500),0.662100 (0.580500 + 0.081600),0.695400 (0.613800 + 0.081600),0.235300 (0.153900 + 0.081400),0.630500 (0.549000 + 0.081500),0.220100 (0.138600 + 0.081500),0.424200 (0.342900 + 0.081300),0.511000 (0.429300 + 0.081700)
79,0.706300 (0.624600 + 0.081700),0.706300 (0.624600 + 0.081700),0.706100 (0.624600 + 0.081500),0.705300 (0.623700 + 0.081600),0.705300 (0.623700 + 0.081600),0.687200 (0.605700 + 0.081500),0.703400 (0.621900 + 0.081500),0.407200 (0.325800 + 0.081400),0.700700 (0.619200 + 0.081500),0.697200 (0.615600 + 0.081600),0.704400 (0.622800 + 0.081600),0.239100 (0.157500 + 0.081600),0.681900 (0.600300 + 0.081600),0.365100 (0.283500 + 0.081600),0.695300 (0.613800 + 0.081500),0.702500 (0.621000 + 0.081500),0.698200 (0.616500 + 0.081700),0.470300 (0.388800 + 0.081500),0.532400 (0.450900 + 0.081500),0.303700 (0.222300 + 0.081400),0.703400 (0.621900 + 0.081500),0.337000 (0.255600 + 0.081400),0.454900 (0.373500 + 0.081400),0.580200 (0.498600 + 0.081600),0.485500 (0.404100 + 0.081400),0.401900 (0.320400 + 0.081500),0.665700 (0.584100 + 0.081600),0.302800 (0.221400 + 0.081400),0.698900 (0.617400 + 0.081500),0.703400 (0.621900 + 0.081500),0.703400 (0.621900 + 0.081500),0.206200 (0.125100 + 0.081100),0.283100 (0.201600 + 0.081500),0.692500 (0.611100 + 0.081400),0.599800 (0.518400 + 0.081400),0.692500 (0.611100 + 0.081400),0.220200 (0.138600 + 0.081600),0.705300 (0.623700 + 0.081600),0.696400 (0.614700 + 0.081700),0.295400 (0.214200 + 0.081200),0.589200 (0.507600 + 0.081600),0.701600 (0.620100 + 0.081500),0.699800 (0.618300 + 0.081500),0.599800 (0.518400 + 0.081400),0.699900 (0.618300 + 0.081600),0.692600 (0.611100 + 0.081500),0.576300 (0.495000 + 0.081300),0.372100 (0.290700 + 0.081400),0.647700 (0.566100 + 0.081600),0.692500 (0.611100 + 0.081400),0.694400 (0.612900 + 0.081500),0.254000 (0.172800 + 0.081200),0.693500 (0.612000 + 0.081500),0.697200 (0.615600 + 0.081600),0.366700 (0.285300 + 0.081400),0.703500 (0.621900 + 0.081600),0.423600 (0.342000 + 0.081600),0.685300 (0.603900 + 0.081400),0.390100 (0.308700 + 0.081400),0.700800 (0.619200 + 0.081600),0.698100 (0.616500 + 0.081600),0.690900 (0.609300 + 0.081600),0.341300 (0.260100 + 0.081200),0.698000 (0.616500 + 0.081500),0.328600 (0.247500 + 0.081100),0.244900 (0.163800 + 0.081100),0.692500 (0.611100 + 0.081400),0.321800 (0.240300 + 0.081500),0.703400 (0.621900 + 0.081500),0.689000 (0.607500 + 0.081500),0.547600 (0.466200 + 0.081400),0.704300 (0.622800 + 0.081500),0.704300 (0.622800 + 0.081500),0.263900 (0.182700 + 0.081200),0.685600 (0.603900 + 0.081700),0.703400 (0.621900 + 0.081500),0.317800 (0.236700 + 0.081100),0.699800 (0.618300 + 0.081500),0.267500 (0.186300 + 0.081200),0.695300 (0.613800 + 0.081500),0.529000 (0.447300 + 0.081700),0.252500 (0.171000 + 0.081500),0.473900 (0.392400 + 0.081500),0.298400 (0.216900 + 0.081500),0.695300 (0.613800 + 0.081500),0.696200 (0.614700 + 0.081500),0.705400 (0.623700 + 0.081700),0.295900 (0.214200 + 0.081700),0.164200 (0.082800 + 0.081400),0.698900 (0.617400 + 0.081500),0.700700 (0.619200 + 0.081500),0.698900 (0.617400 + 0.081500),0.704300 (0.622800 + 0.081500),0.573900 (0.492300 + 0.081600),0.215100 (0.134100 + 0.081000),0.697100 (0.615600 + 0.081500),0.698900 (0.617400 + 0.081500),0.695300 (0.613800 + 0.081500),0.395500 (0.314100 + 0.081400),0.362500 (0.280800 + 0.081700)
80,0.706300 (0.624600 + 0.081700),0.706300 (0.624600 + 0.081700),0.706100 (0.624600 + 0.081500),0.705400 (0.623700 + 0.081700),0.705300 (0.623700 + 0.081600),0.681900 (0.600300 + 0.081600),0.703400 (0.621900 + 0.081500),0.302800 (0.221400 + 0.081400),0.367600 (0.286200 + 0.081400),0.270200 (0.189000 + 0.081200),0.706300 (0.624600 + 0.081700),0.331800 (0.250200 + 0.081600),0.698900 (0.617400 + 0.081500),0.319000 (0.237600 + 0.081400),0.699000 (0.617400 + 0.081600),0.699900 (0.618300 + 0.081600),0.298500 (0.216900 + 0.081600),0.698000 (0.616500 + 0.081500),0.342200 (0.261000 + 0.081200),0.692600 (0.611100 + 0.081500),0.327800 (0.246600 + 0.081200),0.274100 (0.192600 + 0.081500),0.701600 (0.620100 + 0.081500),0.616900 (0.535500 + 0.081400),0.679000 (0.597600 + 0.081400),0.702600 (0.621000 + 0.081600),0.700800 (0.619200 + 0.081600),0.322700 (0.241200 + 0.081500),0.482200 (0.400500 + 0.081700),0.475900 (0.394200 + 0.081700),0.444000 (0.362700 + 0.081300),0.442000 (0.360900 + 0.081100),0.366700 (0.285300 + 0.081400),0.219200 (0.137700 + 0.081500),0.319600 (0.238500 + 0.081100),0.701600 (0.620100 + 0.081500),0.700700 (0.619200 + 0.081500),0.357000 (0.275400 + 0.081600),0.336100 (0.254700 + 0.081400),0.699900 (0.618300 + 0.081600),0.694500 (0.612900 + 0.081600),0.303300 (0.222300 + 0.081000),0.303700 (0.222300 + 0.081400),0.285700 (0.204300 + 0.081400),0.698200 (0.616500 + 0.081700),0.260500 (0.179100 + 0.081400),0.183100 (0.101700 + 0.081400),0.302800 (0.221400 + 0.081400),0.467300 (0.386100 + 0.081200),0.393600 (0.312300 + 0.081300),0.356900 (0.275400 + 0.081500),0.696300 (0.614700 + 0.081600),0.315200 (0.234000 + 0.081200),0.703400 (0.621900 + 0.081500),0.705300 (0.623700 + 0.081600),0.268300 (0.187200 + 0.081100),0.701700 (0.620100 + 0.081600),0.705300 (0.623700 + 0.081600),0.702500 (0.621000 + 0.081500),0.705300 (0.623700 + 0.081600),0.400700 (0.319500 + 0.081200),0.700900 (0.619200 + 0.081700),0.695300 (0.613800 + 0.081500),0.695300 (0.613800 + 0.081500),0.703400 (0.621900 + 0.081500),0.691600 (0.610200 + 0.081400),0.700700 (0.619200 + 0.081500),0.692600 (0.611100 + 0.081500),0.699000 (0.617400 + 0.081600),0.685600 (0.603900 + 0.081700),0.547600 (0.466200 + 0.081400),0.474800 (0.393300 + 0.081500),0.688000 (0.606600 + 0.081400),0.303700 (0.222300 + 0.081400),0.534300 (0.452700 + 0.081600),0.700700 (0.619200 + 0.081500),0.703400 (0.621900 + 0.081500),0.288400 (0.207000 + 0.081400),0.601600 (0.520200 + 0.081400),0.488300 (0.406800 + 0.081500),0.700700 (0.619200 + 0.081500),0.705300 (0.623700 + 0.081600),0.692500 (0.611100 + 0.081400),0.708800 (0.627300 + 0.081500),0.687400 (0.605700 + 0.081700),0.708100 (0.626400 + 0.081700),0.700700 (0.619200 + 0.081500),0.598200 (0.516600 + 0.081600),0.680900 (0.599400 + 0.081500),0.524400 (0.442800 + 0.081600),0.242600 (0.161100 + 0.081500),0.699800 (0.618300 + 0.081500),0.702600 (0.621000 + 0.081600),0.696200 (0.614700 + 0.081500),0.401100 (0.319500 + 0.081600),0.385300 (0.304200 + 0.081100),0.226100 (0.144000 + 0.082100),0.693500 (0.612000 + 0.081500),0.699800 (0.618300 + 0.081500),0.234900 (0.153900 + 0.081000)
81,0.708800 (0.627300 + 0.081500),0.708100 (0.626400 + 0.081700),0.706300 (0.624600 + 0.081700),0.706300 (0.624600 + 0.081700),0.706300 (0.624600 + 0.081700),0.346200 (0.264600 + 0.081600),0.610700 (0.529200 + 0.081500),0.705300 (0.623700 + 0.081600),0.696200 (0.614700 + 0.081500),0.404500 (0.323100 + 0.081400),0.700700 (0.619200 + 0.081500),0.262100 (0.180900 + 0.081200),0.439500 (0.358200 + 0.081300),0.705400 (0.623700 + 0.081700),0.703400 (0.621900 + 0.081500),0.698100 (0.616500 + 0.081600),0.681100 (0.599400 + 0.081700),0.683500 (0.602100 + 0.081400),0.693500 (0.612000 + 0.081500),0.236100 (0.154800 + 0.081300),0.692500 (0.611100 + 0.081400),0.232400 (0.151200 + 0.081200),0.698000 (0.616500 + 0.081500),0.702600 (0.621000 + 0.081600),0.705300 (0.623700 + 0.081600),0.499800 (0.418500 + 0.081300),0.293400 (0.212400 + 0.081000),0.417900 (0.336600 + 0.081300),0.350500 (0.269100 + 0.081400),0.387600 (0.306000 + 0.081600),0.284800 (0.203400 + 0.081400),0.701700 (0.620100 + 0.081600),0.708100 (0.626400 + 0.081700),0.304300 (0.223200 + 0.081100),0.411800 (0.330300 + 0.081500),0.701800 (0.620100 + 0.081700),0.317500 (0.235800 + 0.081700),0.456800 (0.375300 + 0.081500),0.706300 (0.624600 + 0.081700),0.377600 (0.296100 + 0.081500),0.385500 (0.304200 + 0.081300),0.705300 (0.623700 + 0.081600),0.698900 (0.617400 + 0.081500),0.697100 (0.615600 + 0.081500),0.283900 (0.202500 + 0.081400),0.706100 (0.624600 + 0.081500),0.378100 (0.297000 + 0.081100),0.702600 (0.621000 + 0.081600),0.705300 (0.623700 + 0.081600),0.342400 (0.261000 + 0.081400),0.699900 (0.618300 + 0.081600),0.247700 (0.166500 + 0.081200),0.319700 (0.238500 + 0.081200),0.700900 (0.619200 + 0.081700),0.464300 (0.382500 + 0.081800),0.698000 (0.616500 + 0.081500),0.422700 (0.341100 + 0.081600),0.328700 (0.247500 + 0.081200),0.703400 (0.621900 + 0.081500),0.383700 (0.302400 + 0.081300),0.551400 (0.469800 + 0.081600),0.538800 (0.457200 + 0.081600),0.362100 (0.280800 + 0.081300),0.588400 (0.506700 + 0.081700),0.638500 (0.557100 + 0.081400),0.705400 (0.623700 + 0.081700),0.600700 (0.519300 + 0.081400),0.706300 (0.624600 + 0.081700),0.681700 (0.600300 + 0.081400),0.698000 (0.616500 + 0.081500),0.347800 (0.266400 + 0.081400),0.410100 (0.328500 + 0.081600),0.535200 (0.453600 + 0.081600),0.445700 (0.364500 + 0.081200),0.537700 (0.456300 + 0.081400),0.294500 (0.213300 + 0.081200),0.498200 (0.416700 + 0.081500),0.322100 (0.240300 + 0.081800),0.703400 (0.621900 + 0.081500),0.703400 (0.621900 + 0.081500),0.298500 (0.216900 + 0.081600),0.363100 (0.281700 + 0.081400),0.404600 (0.323100 + 0.081500),0.423400 (0.342000 + 0.081400),0.399400 (0.317700 + 0.081700),0.706300 (0.624600 + 0.081700),0.366700 (0.285300 + 0.081400),0.702600 (0.621000 + 0.081600),0.708100 (0.626400 + 0.081700),0.323400 (0.242100 + 0.081300),0.703500 (0.621900 + 0.081600),0.706100 (0.624600 + 0.081500),0.188700 (0.107100 + 0.081600),0.569100 (0.487800 + 0.081300),0.236600 (0.155700 + 0.080900),0.680900 (0.599400 + 0.081500),0.700700 (0.619200 + 0.081500),0.691700 (0.610200 + 0.081500),0.340800 (0.259200 + 0.081600),0.698200 (0.616500 + 0.081700)
82,0.708800 (0.627300 + 0.081500),0.708100 (0.626400 + 0.081700),0.708100 (0.626400 + 0.081700),0.708100 (0.626400 + 0.081700),0.706300 (0.624600 + 0.081700),0.553000 (0.471600 + 0.081400),0.380700 (0.299700 + 0.081000),0.706300 (0.624600 + 0.081700),0.705400 (0.623700 + 0.081700),0.255400 (0.173700 + 0.081700),0.699900 (0.618300 + 0.081600),0.602600 (0.521100 + 0.081500),0.377300 (0.296100 + 0.081200),0.702600 (0.621000 + 0.081600),0.354800 (0.273600 + 0.081200),0.292500 (0.211500 + 0.081000),0.709800 (0.628200 + 0.081600),0.705400 (0.623700 + 0.081700),0.706300 (0.624600 + 0.081700),0.706300 (0.624600 + 0.081700),0.702600 (0.621000 + 0.081600),0.694400 (0.612900 + 0.081500),0.393600 (0.312300 + 0.081300),0.573700 (0.492300 + 0.081400),0.316200 (0.234900 + 0.081300),0.708100 (0.626400 + 0.081700),0.702600 (0.621000 + 0.081600),0.703400 (0.621900 + 0.081500),0.703400 (0.621900 + 0.081500),0.228300 (0.146700 + 0.081600),0.572400 (0.490500 + 0.081900),0.295600 (0.214200 + 0.081400),0.291000 (0.209700 + 0.081300),0.376300 (0.295200 + 0.081100),0.706300 (0.624600 + 0.081700),0.698900 (0.617400 + 0.081500),0.700700 (0.619200 + 0.081500),0.283100 (0.201600 + 0.081500),0.700000 (0.618300 + 0.081700),0.234300 (0.153000 + 0.081300),0.679000 (0.597600 + 0.081400),0.613300 (0.531900 + 0.081400),0.350500 (0.269100 + 0.081400),0.705300 (0.623700 + 0.081600),0.234600 (0.153000 + 0.081600),0.703400 (0.621900 + 0.081500),0.710800 (0.629100 + 0.081700),0.282800 (0.201600 + 0.081200),0.339700 (0.258300 + 0.081400),0.531800 (0.450000 + 0.081800),0.700700 (0.619200 + 0.081500),0.701700 (0.620100 + 0.081600),0.708100 (0.626400 + 0.081700),0.423400 (0.342000 + 0.081400),0.700900 (0.619200 + 0.081700),0.338500 (0.257400 + 0.081100),0.411700 (0.330300 + 0.081400),0.415400 (0.333900 + 0.081500),0.702500 (0.621000 + 0.081500),0.705400 (0.623700 + 0.081700),0.342400 (0.261000 + 0.081400),0.358600 (0.277200 + 0.081400),0.693600 (0.612000 + 0.081600),0.352400 (0.270900 + 0.081500),0.701800 (0.620100 + 0.081700),0.702600 (0.621000 + 0.081600),0.708100 (0.626400 + 0.081700),0.417200 (0.335700 + 0.081500),0.665600 (0.584100 + 0.081500),0.710800 (0.629100 + 0.081700),0.333500 (0.252000 + 0.081500),0.697200 (0.615600 + 0.081600),0.325300 (0.243900 + 0.081400),0.442300 (0.360900 + 0.081400),0.336200 (0.254700 + 0.081500),0.436900 (0.355500 + 0.081400),0.537700 (0.456300 + 0.081400),0.697100 (0.615600 + 0.081500),0.704300 (0.622800 + 0.081500),0.390100 (0.308700 + 0.081400),0.383700 (0.302400 + 0.081300),0.351300 (0.270000 + 0.081300),0.705400 (0.623700 + 0.081700),0.389400 (0.307800 + 0.081600),0.709800 (0.628200 + 0.081600),0.495700 (0.414000 + 0.081700),0.386500 (0.305100 + 0.081400),0.535200 (0.453600 + 0.081600),0.339800 (0.258300 + 0.081500),0.346200 (0.264600 + 0.081600),0.657500 (0.576000 + 0.081500),0.706300 (0.624600 + 0.081700),0.706300 (0.624600 + 0.081700),0.439500 (0.358200 + 0.081300),0.206900 (0.125100 + 0.081800),0.581900 (0.500400 + 0.081500),0.503500 (0.422100 + 0.081400),0.705400 (0.623700 + 0.081700),0.696200 (0.614700 + 0.081500),0.462200 (0.380700 + 0.081500)
83,0.710800 (0.629100 + 0.081700),0.710800 (0.629100 + 0.081700),0.709800 (0.628200 + 0.081600),0.709800 (0.628200 + 0.081600),0.708800 (0.627300 + 0.081500),0.381000 (0.299700 + 0.081300),0.411300 (0.330300 + 0.081000),0.228500 (0.147600 + 0.080900),0.544000 (0.462600 + 0.081400),0.227200 (0.145800 + 0.081400),0.589200 (0.507600 + 0.081600),0.541500 (0.459900 + 0.081600),0.700700 (0.619200 + 0.081500),0.572900 (0.491400 + 0.081500),0.323700 (0.242100 + 0.081600),0.330100 (0.248400 + 0.081700),0.382100 (0.300600 + 0.081500),0.271200 (0.189900 + 0.081300),0.469300 (0.387900 + 0.081400),0.343300 (0.261900 + 0.081400),0.694300 (0.612900 + 0.081400),0.710800 (0.629100 + 0.081700),0.700000 (0.618300 + 0.081700),0.706300 (0.624600 + 0.081700),0.256600 (0.175500 + 0.081100),0.307100 (0.225900 + 0.081200),0.709800 (0.628200 + 0.081600),0.302200 (0.220500 + 0.081700),0.231800 (0.151200 + 0.080600),0.418000 (0.336600 + 0.081400),0.695300 (0.613800 + 0.081500),0.693600 (0.612000 + 0.081600),0.706300 (0.624600 + 0.081700),0.657500 (0.576000 + 0.081500),0.581900 (0.500400 + 0.081500),0.625300 (0.543600 + 0.081700),0.605400 (0.523800 + 0.081600),0.708100 (0.626400 + 0.081700),0.581900 (0.500400 + 0.081500),0.326900 (0.245700 + 0.081200),0.694300 (0.612900 + 0.081400),0.701800 (0.620100 + 0.081700),0.298100 (0.216900 + 0.081200),0.710800 (0.629100 + 0.081700),0.305600 (0.224100 + 0.081500),0.582900 (0.501300 + 0.081600),0.279300 (0.198000 + 0.081300),0.705300 (0.623700 + 0.081600),0.355800 (0.274500 + 0.081300),0.528000 (0.446400 + 0.081600),0.206200 (0.125100 + 0.081100),0.706300 (0.624600 + 0.081700),0.702600 (0.621000 + 0.081600),0.356100 (0.274500 + 0.081600),0.706100 (0.624600 + 0.081500),0.709800 (0.628200 + 0.081600),0.701700 (0.620100 + 0.081600),0.428800 (0.347400 + 0.081400),0.407400 (0.325800 + 0.081600),0.296300 (0.215100 + 0.081200),0.708100 (0.626400 + 0.081700),0.377600 (0.296100 + 0.081500),0.351600 (0.270000 + 0.081600),0.704300 (0.622800 + 0.081500),0.334500 (0.252900 + 0.081600),0.285300 (0.203400 + 0.081900),0.699900 (0.618300 + 0.081600),0.706300 (0.624600 + 0.081700),0.222500 (0.141300 + 0.081200),0.312700 (0.231300 + 0.081400),0.697300 (0.615600 + 0.081700),0.703500 (0.621900 + 0.081600),0.531800 (0.450000 + 0.081800),0.462200 (0.380700 + 0.081500),0.702600 (0.621000 + 0.081600),0.700000 (0.618300 + 0.081700),0.605300 (0.523800 + 0.081500),0.627900 (0.546300 + 0.081600),0.259900 (0.178200 + 0.081700),0.334400 (0.252900 + 0.081500),0.350600 (0.269100 + 0.081500),0.706300 (0.624600 + 0.081700),0.225000 (0.144000 + 0.081000),0.379300 (0.297900 + 0.081400),0.702600 (0.621000 + 0.081600),0.349500 (0.268200 + 0.081300),0.439500 (0.358200 + 0.081300),0.705400 (0.623700 + 0.081700),0.337100 (0.255600 + 0.081500),0.474700 (0.393300 + 0.081400),0.355300 (0.273600 + 0.081700),0.710800 (0.629100 + 0.081700),0.708100 (0.626400 + 0.081700),0.610800 (0.529200 + 0.081600),0.227200 (0.145800 + 0.081400),0.705300 (0.623700 + 0.081600),0.312300 (0.231300 + 0.081000),0.609000 (0.527400 + 0.081600),0.495300 (0.414000 + 0.081300),0.710800 (0.629100 + 0.081700)
84,0.710800 (0.629100 + 0.081700),0.710800 (0.629100 + 0.081700),0.710800 (0.629100 + 0.081700),0.710800 (0.629100 + 0.081700),0.710800 (0.629100 + 0.081700),0.465500 (0.384300 + 0.081200),0.572900 (0.491400 + 0.081500),0.234900 (0.153900 + 0.081000),0.343000 (0.261900 + 0.081100),0.693600 (0.612000 + 0.081600),0.298100 (0.216900 + 0.081200),0.700000 (0.618300 + 0.081700),0.700700 (0.619200 + 0.081500),0.318100 (0.236700 + 0.081400),0.482100 (0.400500 + 0.081600),0.407400 (0.325800 + 0.081600),0.404700 (0.323100 + 0.081600),0.318300 (0.236700 + 0.081600),0.708100 (0.626400 + 0.081700),0.521800 (0.440100 + 0.081700),0.408000 (0.326700 + 0.081300),0.706100 (0.624600 + 0.081500),0.709900 (0.628200 + 0.081700),0.708100 (0.626400 + 0.081700),0.223600 (0.142200 + 0.081400),0.367400 (0.286200 + 0.081200),0.469300 (0.387900 + 0.081400),0.706300 (0.624600 + 0.081700),0.704300 (0.622800 + 0.081500),0.504300 (0.423000 + 0.081300),0.572800 (0.491400 + 0.081400),0.401900 (0.320400 + 0.081500),0.555900 (0.474300 + 0.081600),0.706300 (0.624600 + 0.081700),0.309000 (0.227700 + 0.081300),0.610800 (0.529200 + 0.081600),0.469900 (0.388800 + 0.081100),0.369600 (0.288000 + 0.081600),0.541500 (0.459900 + 0.081600),0.710800 (0.629100 + 0.081700),0.324600 (0.243000 + 0.081600),0.632300 (0.550800 + 0.081500),0.298000 (0.216900 + 0.081100),0.331700 (0.250200 + 0.081500),0.708100 (0.626400 + 0.081700),0.693600 (0.612000 + 0.081600),0.493700 (0.412200 + 0.081500),0.700700 (0.619200 + 0.081500),0.351600 (0.270000 + 0.081600),0.708100 (0.626400 + 0.081700),0.706300 (0.624600 + 0.081700),0.575600 (0.494100 + 0.081500),0.706200 (0.624600 + 0.081600),0.703400 (0.621900 + 0.081500),0.709000 (0.627300 + 0.081700),0.710800 (0.629100 + 0.081700),0.201600 (0.120600 + 0.081000),0.710800 (0.629100 + 0.081700),0.703500 (0.621900 + 0.081600),0.702600 (0.621000 + 0.081600),0.699100 (0.617400 + 0.081700),0.706300 (0.624600 + 0.081700),0.222800 (0.141300 + 0.081500),0.710800 (0.629100 + 0.081700),0.326900 (0.245700 + 0.081200),0.377600 (0.296100 + 0.081500),0.355300 (0.273600 + 0.081700),0.705400 (0.623700 + 0.081700),0.317300 (0.235800 + 0.081500),0.706100 (0.624600 + 0.081500),0.289000 (0.207900 + 0.081100),0.174700 (0.093600 + 0.081100),0.309700 (0.228600 + 0.081100),0.218000 (0.136800 + 0.081200),0.328800 (0.247500 + 0.081300),0.228100 (0.146700 + 0.081400),0.265300 (0.183600 + 0.081700),0.706300 (0.624600 + 0.081700),0.481100 (0.399600 + 0.081500),0.700000 (0.618300 + 0.081700),0.377600 (0.296100 + 0.081500),0.706300 (0.624600 + 0.081700),0.311600 (0.230400 + 0.081200),0.370400 (0.288900 + 0.081500),0.711600 (0.630000 + 0.081600),0.709800 (0.628200 + 0.081600),0.279300 (0.198000 + 0.081300),0.331900 (0.250200 + 0.081700),0.418200 (0.336600 + 0.081600),0.705300 (0.623700 + 0.081600),0.265500 (0.184500 + 0.081000),0.240500 (0.159300 + 0.081200),0.689100 (0.607500 + 0.081600),0.537900 (0.456300 + 0.081600),0.708100 (0.626400 + 0.081700),0.206400 (0.125100 + 0.081300),0.545000 (0.463500 + 0.081500),0.700000 (0.618300 + 0.081700),0.705300 (0.623700 + 0.081600),0.270500 (0.189000 + 0.081500)
85,0.711600 (0.630000 + 0.081600),0.710800 (0.629100 + 0.081700),0.710800 (0.629100 + 0.081700),0.710800 (0.629100 + 0.081700),0.710800 (0.629100 + 0.081700),0.681100 (0.599400 + 0.081700),0.207300 (0.126000 + 0.081300),0.329000 (0.247500 + 0.081500),0.325400 (0.243900 + 0.081500),0.296100 (0.215100 + 0.081000),0.591900 (0.510300 + 0.081600),0.300700 (0.219600 + 0.081100),0.460200 (0.378900 + 0.081300),0.557700 (0.476100 + 0.081600),0.436300 (0.354600 + 0.081700),0.374000 (0.292500 + 0.081500),0.392000 (0.310500 + 0.081500),0.429000 (0.347400 + 0.081600),0.349000 (0.267300 + 0.081700),0.573100 (0.491400 + 0.081700),0.585400 (0.504000 + 0.081400),0.705400 (0.623700 + 0.081700),0.690900 (0.609300 + 0.081600),0.333100 (0.251100 + 0.082000),0.266000 (0.184500 + 0.081500),0.708100 (0.626400 + 0.081700),0.691800 (0.610200 + 0.081600),0.526100 (0.444600 + 0.081500),0.485700 (0.404100 + 0.081600),0.706300 (0.624600 + 0.081700),0.710800 (0.629100 + 0.081700),0.575600 (0.494100 + 0.081500),0.711600 (0.630000 + 0.081600),0.350500 (0.269100 + 0.081400),0.704500 (0.622800 + 0.081700),0.344500 (0.262800 + 0.081700),0.701700 (0.620100 + 0.081600),0.321600 (0.240300 + 0.081300),0.708100 (0.626400 + 0.081700),0.261600 (0.180000 + 0.081600),0.710800 (0.629100 + 0.081700),0.271700 (0.190800 + 0.080900),0.213800 (0.132300 + 0.081500),0.375000 (0.293400 + 0.081600),0.710800 (0.629100 + 0.081700),0.696300 (0.614700 + 0.081600),0.479900 (0.398700 + 0.081200),0.627000 (0.545400 + 0.081600),0.226800 (0.145800 + 0.081000),0.619000 (0.537300 + 0.081700),0.219600 (0.138600 + 0.081000),0.708000 (0.626400 + 0.081600),0.702600 (0.621000 + 0.081600),0.702600 (0.621000 + 0.081600),0.706100 (0.624600 + 0.081500),0.417400 (0.335700 + 0.081700),0.266300 (0.184500 + 0.081800),0.320100 (0.238500 + 0.081600),0.706200 (0.624600 + 0.081600),0.708100 (0.626400 + 0.081700),0.332600 (0.251100 + 0.081500),0.706300 (0.624600 + 0.081700),0.708100 (0.626400 + 0.081700),0.213800 (0.132300 + 0.081500),0.415500 (0.333900 + 0.081600),0.614400 (0.532800 + 0.081600),0.524200 (0.442800 + 0.081400),0.295900 (0.214200 + 0.081700),0.201800 (0.120600 + 0.081200),0.355800 (0.274500 + 0.081300),0.606300 (0.524700 + 0.081600),0.416500 (0.334800 + 0.081700),0.492100 (0.410400 + 0.081700),0.700000 (0.618300 + 0.081700),0.273300 (0.191700 + 0.081600),0.293400 (0.211500 + 0.081900),0.413900 (0.332100 + 0.081800),0.389400 (0.307800 + 0.081600),0.657700 (0.576000 + 0.081700),0.350000 (0.268200 + 0.081800),0.341700 (0.260100 + 0.081600),0.324500 (0.243000 + 0.081500),0.490000 (0.408600 + 0.081400),0.330000 (0.248400 + 0.081600),0.528800 (0.447300 + 0.081500),0.173000 (0.091800 + 0.081200),0.710800 (0.629100 + 0.081700),0.700700 (0.619200 + 0.081500),0.457800 (0.376200 + 0.081600),0.588200 (0.506700 + 0.081500),0.567700 (0.486000 + 0.081700),0.708100 (0.626400 + 0.081700),0.703400 (0.621900 + 0.081500),0.307400 (0.225900 + 0.081500),0.698000 (0.616500 + 0.081500),0.403800 (0.322200 + 0.081600),0.706100 (0.624600 + 0.081500),0.377300 (0.296100 + 0.081200),0.431500 (0.350100 + 0.081400),0.293700 (0.212400 + 0.081300)
86,0.711600 (0.630000 + 0.081600),0.711600 (0.630000 + 0.081600),0.710800 (0.629100 + 0.081700),0.710800 (0.629100 + 0.081700),0.710800 (0.629100 + 0.081700),0.710800 (0.629100 + 0.081700),0.681100 (0.599400 + 0.081700),0.287300 (0.206100 + 0.081200),0.593800 (0.512100 + 0.081700),0.706300 (0.624600 + 0.081700),0.704300 (0.622800 + 0.081500),0.688200 (0.606600 + 0.081600),0.619900 (0.538200 + 0.081700),0.706200 (0.624600 + 0.081600),0.702600 (0.621000 + 0.081600),0.269800 (0.188100 + 0.081700),0.213100 (0.131400 + 0.081700),0.582200 (0.500400 + 0.081800),0.557700 (0.476100 + 0.081600),0.711600 (0.630000 + 0.081600),0.246900 (0.165600 + 0.081300),0.575600 (0.494100 + 0.081500),0.383900 (0.302400 + 0.081500),0.501100 (0.419400 + 0.081700),0.513700 (0.432000 + 0.081700),0.435400 (0.353700 + 0.081700),0.584700 (0.503100 + 0.081600),0.325000 (0.243900 + 0.081100),0.514600 (0.432900 + 0.081700),0.222300 (0.141300 + 0.081000),0.559800 (0.477900 + 0.081900),0.287900 (0.206100 + 0.081800),0.347800 (0.266400 + 0.081400),0.710800 (0.629100 + 0.081700),0.711600 (0.630000 + 0.081600),0.705400 (0.623700 + 0.081700),0.484800 (0.403200 + 0.081600),0.710800 (0.629100 + 0.081700),0.706300 (0.624600 + 0.081700),0.335200 (0.253800 + 0.081400),0.693600 (0.612000 + 0.081600),0.498800 (0.417600 + 0.081200),0.422700 (0.341100 + 0.081600),0.412800 (0.331200 + 0.081600),0.232800 (0.151200 + 0.081600),0.400300 (0.318600 + 0.081700),0.708000 (0.626400 + 0.081600),0.614400 (0.532800 + 0.081600),0.271700 (0.190800 + 0.080900),0.392900 (0.311400 + 0.081500),0.616400 (0.534600 + 0.081800),0.346200 (0.264600 + 0.081600),0.408300 (0.326700 + 0.081600),0.710800 (0.629100 + 0.081700),0.706300 (0.624600 + 0.081700),0.706100 (0.624600 + 0.081500),0.405700 (0.324000 + 0.081700),0.350000 (0.268200 + 0.081800),0.316300 (0.234900 + 0.081400),0.710800 (0.629100 + 0.081700),0.573100 (0.491400 + 0.081700),0.242500 (0.161100 + 0.081400),0.654000 (0.572400 + 0.081600),0.705400 (0.623700 + 0.081700),0.708100 (0.626400 + 0.081700),0.698000 (0.616500 + 0.081500),0.362300 (0.280800 + 0.081500),0.414700 (0.333000 + 0.081700),0.706200 (0.624600 + 0.081600),0.183700 (0.102600 + 0.081100),0.504500 (0.423000 + 0.081500),0.703400 (0.621900 + 0.081500),0.573100 (0.491400 + 0.081700),0.277600 (0.196200 + 0.081400),0.666500 (0.585000 + 0.081500),0.368300 (0.287100 + 0.081200),0.708100 (0.626400 + 0.081700),0.308000 (0.226800 + 0.081200),0.460200 (0.378900 + 0.081300),0.385500 (0.304200 + 0.081300),0.709000 (0.627300 + 0.081700),0.619900 (0.538200 + 0.081700),0.705400 (0.623700 + 0.081700),0.408400 (0.326700 + 0.081700),0.482900 (0.401400 + 0.081500),0.667600 (0.585900 + 0.081700),0.656800 (0.575100 + 0.081700),0.702600 (0.621000 + 0.081600),0.710800 (0.629100 + 0.081700),0.654100 (0.572400 + 0.081700),0.657500 (0.576000 + 0.081500),0.272000 (0.190800 + 0.081200),0.358000 (0.276300 + 0.081700),0.575600 (0.494100 + 0.081500),0.492100 (0.410400 + 0.081700),0.485700 (0.404100 + 0.081600),0.320000 (0.238500 + 0.081500),0.708100 (0.626400 + 0.081700),0.210100 (0.128700 + 0.081400),0.710800 (0.629100 + 0.081700)
87,0.711600 (0.630000 + 0.081600),0.711600 (0.630000 + 0.081600),0.711600 (0.630000 + 0.081600),0.711600 (0.630000 + 0.081600),0.710800 (0.629100 + 0.081700),0.708100 (0.626400 + 0.081700),0.346800 (0.265500 + 0.081300),0.706300 (0.624600 + 0.081700),0.705400 (0.623700 + 0.081700),0.708100 (0.626400 + 0.081700),0.290300 (0.208800 + 0.081500),0.711600 (0.630000 + 0.081600),0.619900 (0.538200 + 0.081700),0.387400 (0.306000 + 0.081400),0.354400 (0.272700 + 0.081700),0.701600 (0.620100 + 0.081500),0.709000 (0.627300 + 0.081700),0.708100 (0.626400 + 0.081700),0.708100 (0.626400 + 0.081700),0.430700 (0.349200 + 0.081500),0.363200 (0.281700 + 0.081500),0.709000 (0.627300 + 0.081700),0.708000 (0.626400 + 0.081600),0.351500 (0.270000 + 0.081500),0.293800 (0.212400 + 0.081400),0.704300 (0.622800 + 0.081500),0.708100 (0.626400 + 0.081700),0.616400 (0.534600 + 0.081800),0.688200 (0.606600 + 0.081600),0.710800 (0.629100 + 0.081700),0.708100 (0.626400 + 0.081700),0.646800 (0.565200 + 0.081600),0.619900 (0.538200 + 0.081700),0.564200 (0.482400 + 0.081800),0.269600 (0.188100 + 0.081500),0.705400 (0.623700 + 0.081700),0.482900 (0.401400 + 0.081500),0.690900 (0.609300 + 0.081600),0.521600 (0.440100 + 0.081500),0.710800 (0.629100 + 0.081700),0.709000 (0.627300 + 0.081700),0.417400 (0.335700 + 0.081700),0.698000 (0.616500 + 0.081500),0.178200 (0.097200 + 0.081000),0.390900 (0.309600 + 0.081300),0.583800 (0.502200 + 0.081600),0.488600 (0.406800 + 0.081800),0.316400 (0.234900 + 0.081500),0.706300 (0.624600 + 0.081700),0.710800 (0.629100 + 0.081700),0.667600 (0.585900 + 0.081700),0.710800 (0.629100 + 0.081700),0.475000 (0.393300 + 0.081700),0.702500 (0.621000 + 0.081500),0.242500 (0.161100 + 0.081400),0.416300 (0.334800 + 0.081500),0.513700 (0.432000 + 0.081700),0.334100 (0.252000 + 0.082100),0.711600 (0.630000 + 0.081600),0.656800 (0.575100 + 0.081700),0.582200 (0.500400 + 0.081800),0.706300 (0.624600 + 0.081700),0.706200 (0.624600 + 0.081600),0.706200 (0.624600 + 0.081600),0.706200 (0.624600 + 0.081600),0.711600 (0.630000 + 0.081600),0.405800 (0.324000 + 0.081800),0.297300 (0.216000 + 0.081300),0.494800 (0.413100 + 0.081700),0.229100 (0.147600 + 0.081500),0.295000 (0.213300 + 0.081700),0.709800 (0.628200 + 0.081600),0.708800 (0.627300 + 0.081500),0.708100 (0.626400 + 0.081700),0.681100 (0.599400 + 0.081700),0.260700 (0.179100 + 0.081600),0.408200 (0.326700 + 0.081500),0.363300 (0.281700 + 0.081600),0.214400 (0.133200 + 0.081200),0.711600 (0.630000 + 0.081600),0.246200 (0.164700 + 0.081500),0.232400 (0.151200 + 0.081200),0.454000 (0.372600 + 0.081400),0.244300 (0.162900 + 0.081400),0.710800 (0.629100 + 0.081700),0.701700 (0.620100 + 0.081600),0.350700 (0.269100 + 0.081600),0.689200 (0.607500 + 0.081700),0.409200 (0.327600 + 0.081600),0.614400 (0.532800 + 0.081600),0.269800 (0.188100 + 0.081700),0.349700 (0.268200 + 0.081500),0.377600 (0.296100 + 0.081500),0.710800 (0.629100 + 0.081700),0.708000 (0.626400 + 0.081600),0.485700 (0.404100 + 0.081600),0.657500 (0.576000 + 0.081500),0.528800 (0.447300 + 0.081500),0.675700 (0.594000 + 0.081700),0.708000 (0.626400 + 0.081600)
88,0.711600 (0.630000 + 0.081600),0.711600 (0.630000 + 0.081600),0.711600 (0.630000 + 0.081600),0.711600 (0.630000 + 0.081600),0.711600 (0.630000 + 0.081600),0.709800 (0.628200 + 0.081600),0.340600 (0.259200 + 0.081400),0.609200 (0.527400 + 0.081800),0.334300 (0.252900 + 0.081400),0.622400 (0.540900 + 0.081500),0.311800 (0.230400 + 0.081400),0.378500 (0.297000 + 0.081500),0.437400 (0.355500 + 0.081900),0.462100 (0.380700 + 0.081400),0.634200 (0.552600 + 0.081600),0.492100 (0.410400 + 0.081700),0.296500 (0.215100 + 0.081400),0.710800 (0.629100 + 0.081700),0.706300 (0.624600 + 0.081700),0.707100 (0.625500 + 0.081600),0.703500 (0.621900 + 0.081600),0.273900 (0.192600 + 0.081300),0.702600 (0.621000 + 0.081600),0.664800 (0.583200 + 0.081600),0.376100 (0.294300 + 0.081800),0.321100 (0.239400 + 0.081700),0.654100 (0.572400 + 0.081700),0.687300 (0.605700 + 0.081600),0.327200 (0.245700 + 0.081500),0.711600 (0.630000 + 0.081600),0.709800 (0.628200 + 0.081600),0.706300 (0.624600 + 0.081700),0.614400 (0.532800 + 0.081600),0.271300 (0.189900 + 0.081400),0.453200 (0.371700 + 0.081500),0.586500 (0.504900 + 0.081600),0.425500 (0.343800 + 0.081700),0.709000 (0.627300 + 0.081700),0.709800 (0.628200 + 0.081600),0.708000 (0.626400 + 0.081600),0.701700 (0.620100 + 0.081600),0.279500 (0.198000 + 0.081500),0.656800 (0.575100 + 0.081700),0.228700 (0.147600 + 0.081100),0.419000 (0.337500 + 0.081500),0.705400 (0.623700 + 0.081700),0.709800 (0.628200 + 0.081600),0.711600 (0.630000 + 0.081600),0.646800 (0.565200 + 0.081600),0.711600 (0.630000 + 0.081600),0.711600 (0.630000 + 0.081600),0.711600 (0.630000 + 0.081600),0.328100 (0.246600 + 0.081500),0.312800 (0.231300 + 0.081500),0.332600 (0.251100 + 0.081500),0.364800 (0.283500 + 0.081300),0.300300 (0.218700 + 0.081600),0.688200 (0.606600 + 0.081600),0.708100 (0.626400 + 0.081700),0.662200 (0.580500 + 0.081700),0.334200 (0.252900 + 0.081300),0.710800 (0.629100 + 0.081700),0.329700 (0.248400 + 0.081300),0.504500 (0.423000 + 0.081500),0.330700 (0.249300 + 0.081400),0.710800 (0.629100 + 0.081700),0.705300 (0.623700 + 0.081600),0.246000 (0.164700 + 0.081300),0.702500 (0.621000 + 0.081500),0.708100 (0.626400 + 0.081700),0.710800 (0.629100 + 0.081700),0.708100 (0.626400 + 0.081700),0.488600 (0.406800 + 0.081800),0.707100 (0.625500 + 0.081600),0.705400 (0.623700 + 0.081700),0.708100 (0.626400 + 0.081700),0.708100 (0.626400 + 0.081700),0.678400 (0.596700 + 0.081700),0.543200 (0.461700 + 0.081500),0.711600 (0.630000 + 0.081600),0.705400 (0.623700 + 0.081700),0.379200 (0.297900 + 0.081300),0.710800 (0.629100 + 0.081700),0.349500 (0.268200 + 0.081300),0.236100 (0.154800 + 0.081300),0.360600 (0.279000 + 0.081600),0.257900 (0.176400 + 0.081500),0.296900 (0.215100 + 0.081800),0.706300 (0.624600 + 0.081700),0.260000 (0.178200 + 0.081800),0.705400 (0.623700 + 0.081700),0.711600 (0.630000 + 0.081600),0.709000 (0.627300 + 0.081700),0.701700 (0.620100 + 0.081600),0.272100 (0.190800 + 0.081300),0.708100 (0.626400 + 0.081700),0.293100 (0.211500 + 0.081600),0.711600 (0.630000 + 0.081600),0.708100 (0.626400 + 0.081700),0.275600 (0.194400 + 0.081200)
89,0.711600 (0.630000 + 0.081600),0.711600 (0.630000 + 0.081600),0.711600 (0.630000 + 0.081600),0.711600 (0.630000 + 0.081600),0.711600 (0.630000 + 0.081600),0.176200 (0.095400 + 0.080800),0.247100 (0.165600 + 0.081500),0.672000 (0.590400 + 0.081600),0.280100 (0.198900 + 0.081200),0.705300 (0.623700 + 0.081600),0.690000 (0.608400 + 0.081600),0.451800 (0.369900 + 0.081900),0.675600 (0.594000 + 0.081600),0.708100 (0.626400 + 0.081700),0.711600 (0.630000 + 0.081600),0.711600 (0.630000 + 0.081600),0.711600 (0.630000 + 0.081600),0.705300 (0.623700 + 0.081600),0.453200 (0.371700 + 0.081500),0.711600 (0.630000 + 0.081600),0.274000 (0.192600 + 0.081400),0.705300 (0.623700 + 0.081600),0.364800 (0.283500 + 0.081300),0.700800 (0.619200 + 0.081600),0.260400 (0.179100 + 0.081300),0.677500 (0.595800 + 0.081700),0.661200 (0.579600 + 0.081600),0.205700 (0.124200 + 0.081500),0.711600 (0.630000 + 0.081600),0.361300 (0.279900 + 0.081400),0.711600 (0.630000 + 0.081600),0.267900 (0.186300 + 0.081600),0.709800 (0.628200 + 0.081600),0.353500 (0.271800 + 0.081700),0.263200 (0.181800 + 0.081400),0.435900 (0.354600 + 0.081300),0.709000 (0.627300 + 0.081700),0.603600 (0.522000 + 0.081600),0.394500 (0.313200 + 0.081300),0.313800 (0.232200 + 0.081600),0.313700 (0.232200 + 0.081500),0.518000 (0.436500 + 0.081500),0.690900 (0.609300 + 0.081600),0.343100 (0.261900 + 0.081200),0.711600 (0.630000 + 0.081600),0.265900 (0.184500 + 0.081400),0.377700 (0.296100 + 0.081600),0.407900 (0.326700 + 0.081200),0.678400 (0.596700 + 0.081700),0.711600 (0.630000 + 0.081600),0.292100 (0.210600 + 0.081500),0.709000 (0.627300 + 0.081700),0.711600 (0.630000 + 0.081600),0.379900 (0.298800 + 0.081100),0.711600 (0.630000 + 0.081600),0.452300 (0.370800 + 0.081500),0.276100 (0.194400 + 0.081700),0.711600 (0.630000 + 0.081600),0.711600 (0.630000 + 0.081600),0.700800 (0.619200 + 0.081600),0.669400 (0.587700 + 0.081700),0.708900 (0.627300 + 0.081600),0.705300 (0.623700 + 0.081600),0.411000 (0.329400 + 0.081600),0.287600 (0.206100 + 0.081500),0.705400 (0.623700 + 0.081700),0.249700 (0.168300 + 0.081400),0.557700 (0.476100 + 0.081600),0.432700 (0.351000 + 0.081700),0.396500 (0.315000 + 0.081500),0.667600 (0.585900 + 0.081700),0.666600 (0.585000 + 0.081600),0.355400 (0.273600 + 0.081800),0.414700 (0.333000 + 0.081700),0.345800 (0.264600 + 0.081200),0.500000 (0.418500 + 0.081500),0.627900 (0.546300 + 0.081600),0.708100 (0.626400 + 0.081700),0.440400 (0.359100 + 0.081300),0.709800 (0.628200 + 0.081600),0.322800 (0.241200 + 0.081600),0.360500 (0.279000 + 0.081500),0.317900 (0.236700 + 0.081200),0.294600 (0.213300 + 0.081300),0.705300 (0.623700 + 0.081600),0.315200 (0.234000 + 0.081200),0.225200 (0.144000 + 0.081200),0.711600 (0.630000 + 0.081600),0.706300 (0.624600 + 0.081700),0.711600 (0.630000 + 0.081600),0.708100 (0.626400 + 0.081700),0.381900 (0.300600 + 0.081300),0.708800 (0.627300 + 0.081500),0.706300 (0.624600 + 0.081700),0.708000 (0.626400 + 0.081600),0.703500 (0.621900 + 0.081600),0.710000 (0.628200 + 0.081800),0.679300 (0.597600 + 0.081700),0.444600 (0.362700 + 0.081900),0.453100 (0.371700 + 0.081400)
90,0.711600 (0.630000 + 0.081600),0.711600 (0.630000 + 0.081600),0.711600 (0.630000 + 0.081600),0.711600 (0.630000 + 0.081600),0.711600 (0.630000 + 0.081600),0.256800 (0.175500 + 0.081300),0.679300 (0.597600 + 0.081700),0.711600 (0.630000 + 0.081600),0.711600 (0.630000 + 0.081600),0.671100 (0.589500 + 0.081600),0.709000 (0.627300 + 0.081700),0.636900 (0.555300 + 0.081600),0.475900 (0.394200 + 0.081700),0.709800 (0.628200 + 0.081600),0.711600 (0.630000 + 0.081600),0.705300 (0.623700 + 0.081600),0.705300 (0.623700 + 0.081600),0.710000 (0.628200 + 0.081800),0.711600 (0.630000 + 0.081600),0.525100 (0.443700 + 0.081400),0.305900 (0.224100 + 0.081800),0.690900 (0.609300 + 0.081600),0.711600 (0.630000 + 0.081600),0.705300 (0.623700 + 0.081600),0.228300 (0.146700 + 0.081600),0.711600 (0.630000 + 0.081600),0.711600 (0.630000 + 0.081600),0.702700 (0.621000 + 0.081700),0.189600 (0.108000 + 0.081600),0.560400 (0.478800 + 0.081600),0.545000 (0.463500 + 0.081500),0.241500 (0.160200 + 0.081300),0.709800 (0.628200 + 0.081600),0.516200 (0.434700 + 0.081500),0.538600 (0.457200 + 0.081400),0.711600 (0.630000 + 0.081600),0.345100 (0.263700 + 0.081400),0.708100 (0.626400 + 0.081700),0.707100 (0.625500 + 0.081600),0.684600 (0.603000 + 0.081600),0.468900 (0.387000 + 0.081900),0.666600 (0.585000 + 0.081600),0.710800 (0.629100 + 0.081700),0.711600 (0.630000 + 0.081600),0.376500 (0.295200 + 0.081300),0.705300 (0.623700 + 0.081600),0.709800 (0.628200 + 0.081600),0.661200 (0.579600 + 0.081600),0.709800 (0.628200 + 0.081600),0.711600 (0.630000 + 0.081600),0.301000 (0.219600 + 0.081400),0.212900 (0.131400 + 0.081500),0.557500 (0.476100 + 0.081400),0.711600 (0.630000 + 0.081600),0.711600 (0.630000 + 0.081600),0.688300 (0.606600 + 0.081700),0.408000 (0.326700 + 0.081300),0.711600 (0.630000 + 0.081600),0.711600 (0.630000 + 0.081600),0.294700 (0.213300 + 0.081400),0.465600 (0.384300 + 0.081300),0.623400 (0.541800 + 0.081600),0.272200 (0.190800 + 0.081400),0.690000 (0.608400 + 0.081600),0.356800 (0.275400 + 0.081400),0.690000 (0.608400 + 0.081600),0.711600 (0.630000 + 0.081600),0.623400 (0.541800 + 0.081600),0.709800 (0.628200 + 0.081600),0.346700 (0.265500 + 0.081200),0.711600 (0.630000 + 0.081600),0.355000 (0.273600 + 0.081400),0.227000 (0.145800 + 0.081200),0.405400 (0.324000 + 0.081400),0.469300 (0.387900 + 0.081400),0.711600 (0.630000 + 0.081600),0.500000 (0.418500 + 0.081500),0.701600 (0.620100 + 0.081500),0.682900 (0.601200 + 0.081700),0.271600 (0.189900 + 0.081700),0.661200 (0.579600 + 0.081600),0.702500 (0.621000 + 0.081500),0.245500 (0.163800 + 0.081700),0.383000 (0.301500 + 0.081500),0.589000 (0.507600 + 0.081400),0.711600 (0.630000 + 0.081600),0.711600 (0.630000 + 0.081600),0.455000 (0.373500 + 0.081500),0.364900 (0.283500 + 0.081400),0.235300 (0.153900 + 0.081400),0.259000 (0.178200 + 0.080800),0.711600 (0.630000 + 0.081600),0.711600 (0.630000 + 0.081600),0.631500 (0.549900 + 0.081600),0.422600 (0.341100 + 0.081500),0.711600 (0.630000 + 0.081600),0.708900 (0.627300 + 0.081600),0.679200 (0.597600 + 0.081600),0.469400 (0.387900 + 0.081500),0.689200 (0.607500 + 0.081700)
91,0.711600 (0.630000 + 0.081600),0.711600 (0.630000 + 0.081600),0.711600 (0.630000 + 0.081600),0.711600 (0.630000 + 0.081600),0.711600 (0.630000 + 0.081600),0.312700 (0.231300 + 0.081400),0.324300 (0.243000 + 0.081300),0.705300 (0.623700 + 0.081600),0.682900 (0.601200 + 0.081700),0.706300 (0.624600 + 0.081700),0.646000 (0.564300 + 0.081700),0.597200 (0.515700 + 0.081500),0.435900 (0.354600 + 0.081300),0.362000 (0.280800 + 0.081200),0.365200 (0.283500 + 0.081700),0.709800 (0.628200 + 0.081600),0.711600 (0.630000 + 0.081600),0.711600 (0.630000 + 0.081600),0.623400 (0.541800 + 0.081600),0.215100 (0.133200 + 0.081900),0.295500 (0.214200 + 0.081300),0.233300 (0.152100 + 0.081200),0.366900 (0.285300 + 0.081600),0.271300 (0.189900 + 0.081400),0.608800 (0.527400 + 0.081400),0.574600 (0.493200 + 0.081400),0.661300 (0.579600 + 0.081700),0.395600 (0.314100 + 0.081500),0.710700 (0.629100 + 0.081600),0.668400 (0.586800 + 0.081600),0.711600 (0.630000 + 0.081600),0.710800 (0.629100 + 0.081700),0.666600 (0.585000 + 0.081600),0.298300 (0.216900 + 0.081400),0.702500 (0.621000 + 0.081500),0.709800 (0.628200 + 0.081600),0.592700 (0.511200 + 0.081500),0.445100 (0.363600 + 0.081500),0.711600 (0.630000 + 0.081600),0.711600 (0.630000 + 0.081600),0.711600 (0.630000 + 0.081600),0.711600 (0.630000 + 0.081600),0.709800 (0.628200 + 0.081600),0.710800 (0.629100 + 0.081700),0.690000 (0.608400 + 0.081600),0.429600 (0.348300 + 0.081300),0.571900 (0.490500 + 0.081400),0.442300 (0.360900 + 0.081400),0.332800 (0.251100 + 0.081700),0.709800 (0.628200 + 0.081600),0.360500 (0.279000 + 0.081500),0.711600 (0.630000 + 0.081600),0.335500 (0.253800 + 0.081700),0.491000 (0.409500 + 0.081500),0.666600 (0.585000 + 0.081600),0.433300 (0.351900 + 0.081400),0.711600 (0.630000 + 0.081600),0.711600 (0.630000 + 0.081600),0.455000 (0.373500 + 0.081500),0.623400 (0.541800 + 0.081600),0.711600 (0.630000 + 0.081600),0.709800 (0.628200 + 0.081600),0.705300 (0.623700 + 0.081600),0.707100 (0.625500 + 0.081600),0.312700 (0.231300 + 0.081400),0.230900 (0.149400 + 0.081500),0.304600 (0.223200 + 0.081400),0.690000 (0.608400 + 0.081600),0.312200 (0.230400 + 0.081800),0.699900 (0.618300 + 0.081600),0.518000 (0.436500 + 0.081500),0.711600 (0.630000 + 0.081600),0.433500 (0.351900 + 0.081600),0.359600 (0.278100 + 0.081500),0.397300 (0.315900 + 0.081400),0.393600 (0.312300 + 0.081300),0.711600 (0.630000 + 0.081600),0.709800 (0.628200 + 0.081600),0.709800 (0.628200 + 0.081600),0.705200 (0.623700 + 0.081500),0.383700 (0.302400 + 0.081300),0.295500 (0.214200 + 0.081300),0.223500 (0.142200 + 0.081300),0.309200 (0.227700 + 0.081500),0.636900 (0.555300 + 0.081600),0.711600 (0.630000 + 0.081600),0.701600 (0.620100 + 0.081500),0.709000 (0.627300 + 0.081700),0.298300 (0.216900 + 0.081400),0.627900 (0.546300 + 0.081600),0.251600 (0.170100 + 0.081500),0.623400 (0.541800 + 0.081600),0.666600 (0.585000 + 0.081600),0.711600 (0.630000 + 0.081600),0.711600 (0.630000 + 0.081600),0.469300 (0.387900 + 0.081400),0.711600 (0.630000 + 0.081600),0.711600 (0.630000 + 0.081600),0.399100 (0.317700 + 0.081400),0.711600 (0.630000 + 0.081600)
92,0.711600 (0.630000 + 0.081600),0.711600 (0.630000 + 0.081600),0.711600 (0.630000 + 0.081600),0.711600 (0.630000 + 0.081600),0.711600 (0.630000 + 0.081600),0.345500 (0.263700 + 0.081800),0.711600 (0.630000 + 0.081600),0.709000 (0.627300 + 0.081700),0.257100 (0.175500 + 0.081600),0.518000 (0.436500 + 0.081500),0.311600 (0.230400 + 0.081200),0.319300 (0.237600 + 0.081700),0.688900 (0.607500 + 0.081400),0.511100 (0.429300 + 0.081800),0.552200 (0.470700 + 0.081500),0.616100 (0.534600 + 0.081500),0.625200 (0.543600 + 0.081600),0.367700 (0.286200 + 0.081500),0.647000 (0.565200 + 0.081800),0.392800 (0.311400 + 0.081400),0.709800 (0.628200 + 0.081600),0.639700 (0.558000 + 0.081700),0.466600 (0.385200 + 0.081400),0.592700 (0.511200 + 0.081500),0.512600 (0.431100 + 0.081500),0.290400 (0.208800 + 0.081600),0.200500 (0.118800 + 0.081700),0.514400 (0.432900 + 0.081500),0.264900 (0.183600 + 0.081300),0.261300 (0.180000 + 0.081300),0.709800 (0.628200 + 0.081600),0.249100 (0.167400 + 0.081700),0.705300 (0.623700 + 0.081600),0.607900 (0.526500 + 0.081400),0.711600 (0.630000 + 0.081600),0.682900 (0.601200 + 0.081700),0.662900 (0.581400 + 0.081500),0.354400 (0.272700 + 0.081700),0.281500 (0.199800 + 0.081700),0.262400 (0.180900 + 0.081500),0.363300 (0.281700 + 0.081600),0.383200 (0.301500 + 0.081700),0.252100 (0.171000 + 0.081100),0.679200 (0.597600 + 0.081600),0.618900 (0.537300 + 0.081600),0.266600 (0.185400 + 0.081200),0.711600 (0.630000 + 0.081600),0.334200 (0.252900 + 0.081300),0.705300 (0.623700 + 0.081600),0.705300 (0.623700 + 0.081600),0.298400 (0.216900 + 0.081500),0.281000 (0.199800 + 0.081200),0.711600 (0.630000 + 0.081600),0.385800 (0.304200 + 0.081600),0.702500 (0.621000 + 0.081500),0.711600 (0.630000 + 0.081600),0.224700 (0.143100 + 0.081600),0.429600 (0.348300 + 0.081300),0.336100 (0.254700 + 0.081400),0.261400 (0.180000 + 0.081400),0.422700 (0.341100 + 0.081600),0.372900 (0.291600 + 0.081300),0.711600 (0.630000 + 0.081600),0.358100 (0.276300 + 0.081800),0.711600 (0.630000 + 0.081600),0.342600 (0.261000 + 0.081600),0.592700 (0.511200 + 0.081500),0.711600 (0.630000 + 0.081600),0.711600 (0.630000 + 0.081600),0.711600 (0.630000 + 0.081600),0.709800 (0.628200 + 0.081600),0.397300 (0.315900 + 0.081400),0.627100 (0.545400 + 0.081700),0.443100 (0.361800 + 0.081300),0.711600 (0.630000 + 0.081600),0.420800 (0.339300 + 0.081500),0.682900 (0.601200 + 0.081700),0.348800 (0.267300 + 0.081500),0.700700 (0.619200 + 0.081500),0.711600 (0.630000 + 0.081600),0.304800 (0.223200 + 0.081600),0.711600 (0.630000 + 0.081600),0.690000 (0.608400 + 0.081600),0.513200 (0.432000 + 0.081200),0.656700 (0.575100 + 0.081600),0.711600 (0.630000 + 0.081600),0.276600 (0.195300 + 0.081300),0.711600 (0.630000 + 0.081600),0.351800 (0.270000 + 0.081800),0.700800 (0.619200 + 0.081600),0.667600 (0.585900 + 0.081700),0.711600 (0.630000 + 0.081600),0.608800 (0.527400 + 0.081400),0.711600 (0.630000 + 0.081600),0.709800 (0.628200 + 0.081600),0.711600 (0.630000 + 0.081600),0.395500 (0.314100 + 0.081400),0.382900 (0.301500 + 0.081400),0.709800 (0.628200 + 0.081600),0.711600 (0.630000 + 0.081600)
93,0.711600 (0.630000 + 0.081600),0.711600 (0.630000 + 0.081600),0.711600 (0.630000 + 0.081600),0.711600 (0.630000 + 0.081600),0.711600 (0.630000 + 0.081600),0.438400 (0.356400 + 0.082000),0.536100 (0.454500 + 0.081600),0.269800 (0.188100 + 0.081700),0.608900 (0.527400 + 0.081500),0.705300 (0.623700 + 0.081600),0.607900 (0.526500 + 0.081400),0.504700 (0.423000 + 0.081700),0.538500 (0.457200 + 0.081300),0.485500 (0.404100 + 0.081400),0.554900 (0.473400 + 0.081500),0.709800 (0.628200 + 0.081600),0.705300 (0.623700 + 0.081600),0.577500 (0.495900 + 0.081600),0.541300 (0.459900 + 0.081400),0.671100 (0.589500 + 0.081600),0.366800 (0.285300 + 0.081500),0.711600 (0.630000 + 0.081600),0.711600 (0.630000 + 0.081600),0.271200 (0.189900 + 0.081300),0.662900 (0.581400 + 0.081500),0.424600 (0.342900 + 0.081700),0.709800 (0.628200 + 0.081600),0.711600 (0.630000 + 0.081600),0.705300 (0.623700 + 0.081600),0.592700 (0.511200 + 0.081500),0.711600 (0.630000 + 0.081600),0.711600 (0.630000 + 0.081600),0.349600 (0.268200 + 0.081400),0.672000 (0.590400 + 0.081600),0.426100 (0.344700 + 0.081400),0.710700 (0.629100 + 0.081600),0.350700 (0.269100 + 0.081600),0.711600 (0.630000 + 0.081600),0.311900 (0.230400 + 0.081500),0.317100 (0.235800 + 0.081300),0.552200 (0.470700 + 0.081500),0.495600 (0.414000 + 0.081600),0.565000 (0.483300 + 0.081700),0.605500 (0.523800 + 0.081700),0.283000 (0.201600 + 0.081400),0.307300 (0.225900 + 0.081400),0.518000 (0.436500 + 0.081500),0.390200 (0.308700 + 0.081500),0.711600 (0.630000 + 0.081600),0.264700 (0.183600 + 0.081100),0.705300 (0.623700 + 0.081600),0.323900 (0.242100 + 0.081800),0.711600 (0.630000 + 0.081600),0.711600 (0.630000 + 0.081600),0.656700 (0.575100 + 0.081600),0.585600 (0.504000 + 0.081600),0.428000 (0.346500 + 0.081500),0.700700 (0.619200 + 0.081500),0.688900 (0.607500 + 0.081400),0.372200 (0.290700 + 0.081500),0.658400 (0.576900 + 0.081500),0.711600 (0.630000 + 0.081600),0.367700 (0.286200 + 0.081500),0.371500 (0.289800 + 0.081700),0.198200 (0.117000 + 0.081200),0.242600 (0.161100 + 0.081500),0.443100 (0.361800 + 0.081300),0.711600 (0.630000 + 0.081600),0.441400 (0.360000 + 0.081400),0.711600 (0.630000 + 0.081600),0.688900 (0.607500 + 0.081400),0.627100 (0.545400 + 0.081700),0.420800 (0.339300 + 0.081500),0.350700 (0.269100 + 0.081600),0.296200 (0.215100 + 0.081100),0.292700 (0.211500 + 0.081200),0.250500 (0.169200 + 0.081300),0.631400 (0.549900 + 0.081500),0.522500 (0.441000 + 0.081500),0.468400 (0.387000 + 0.081400),0.233400 (0.152100 + 0.081300),0.705300 (0.623700 + 0.081600),0.708800 (0.627300 + 0.081500),0.317900 (0.236700 + 0.081200),0.389400 (0.307800 + 0.081600),0.711600 (0.630000 + 0.081600),0.711600 (0.630000 + 0.081600),0.711600 (0.630000 + 0.081600),0.376900 (0.295200 + 0.081700),0.521500 (0.440100 + 0.081400),0.241300 (0.160200 + 0.081100),0.711600 (0.630000 + 0.081600),0.314400 (0.233100 + 0.081300),0.373900 (0.292500 + 0.081400),0.711600 (0.630000 + 0.081600),0.711600 (0.630000 + 0.081600),0.682900 (0.601200 + 0.081700),0.545800 (0.464400 + 0.081400),0.515500 (0.433800 + 0.081700),0.711600 (0.630000 + 0.081600)
94,0.711600 (0.630000 + 0.081600),0.711600 (0.630000 + 0.081600),0.711600 (0.630000 + 0.081600),0.711600 (0.630000 + 0.081600),0.711600 (0.630000 + 0.081600),0.711600 (0.630000 + 0.081600),0.682900 (0.601200 + 0.081700),0.287600 (0.206100 + 0.081500),0.711600 (0.630000 + 0.081600),0.689100 (0.607500 + 0.081600),0.379300 (0.297900 + 0.081400),0.711600 (0.630000 + 0.081600),0.443100 (0.361800 + 0.081300),0.711600 (0.630000 + 0.081600),0.709800 (0.628200 + 0.081600),0.323700 (0.242100 + 0.081600),0.392900 (0.311400 + 0.081500),0.226300 (0.144900 + 0.081400),0.417000 (0.335700 + 0.081300),0.660200 (0.578700 + 0.081500),0.558400 (0.477000 + 0.081400),0.173900 (0.092700 + 0.081200),0.637700 (0.556200 + 0.081500),0.513600 (0.432000 + 0.081600),0.266700 (0.185400 + 0.081300),0.705300 (0.623700 + 0.081600),0.711600 (0.630000 + 0.081600),0.188200 (0.107100 + 0.081100),0.595500 (0.513900 + 0.081600),0.578200 (0.496800 + 0.081400),0.677400 (0.595800 + 0.081600),0.677400 (0.595800 + 0.081600),0.515300 (0.433800 + 0.081500),0.705300 (0.623700 + 0.081600),0.711600 (0.630000 + 0.081600),0.419000 (0.337500 + 0.081500),0.348400 (0.267300 + 0.081100),0.707100 (0.625500 + 0.081600),0.709800 (0.628200 + 0.081600),0.541300 (0.459900 + 0.081400),0.711600 (0.630000 + 0.081600),0.329000 (0.247500 + 0.081500),0.403600 (0.322200 + 0.081400),0.631400 (0.549900 + 0.081500),0.711600 (0.630000 + 0.081600),0.711600 (0.630000 + 0.081600),0.711600 (0.630000 + 0.081600),0.319900 (0.238500 + 0.081400),0.565000 (0.483300 + 0.081700),0.254000 (0.172800 + 0.081200),0.711600 (0.630000 + 0.081600),0.688900 (0.607500 + 0.081400),0.485500 (0.404100 + 0.081400),0.283200 (0.201600 + 0.081600),0.341800 (0.260100 + 0.081700),0.212700 (0.131400 + 0.081300),0.251500 (0.170100 + 0.081400),0.471300 (0.389700 + 0.081600),0.711600 (0.630000 + 0.081600),0.374700 (0.293400 + 0.081300),0.711600 (0.630000 + 0.081600),0.709800 (0.628200 + 0.081600),0.271200 (0.189900 + 0.081300),0.595500 (0.513900 + 0.081600),0.340400 (0.259200 + 0.081200),0.335100 (0.253800 + 0.081300),0.644100 (0.562500 + 0.081600),0.703400 (0.621900 + 0.081500),0.539800 (0.458100 + 0.081700),0.323700 (0.242100 + 0.081600),0.711600 (0.630000 + 0.081600),0.710700 (0.629100 + 0.081600),0.503800 (0.422100 + 0.081700),0.711600 (0.630000 + 0.081600),0.671100 (0.589500 + 0.081600),0.711600 (0.630000 + 0.081600),0.711600 (0.630000 + 0.081600),0.705300 (0.623700 + 0.081600),0.443100 (0.361800 + 0.081300),0.617100 (0.535500 + 0.081600),0.658300 (0.576900 + 0.081400),0.277900 (0.196200 + 0.081700),0.561100 (0.479700 + 0.081400),0.711600 (0.630000 + 0.081600),0.711600 (0.630000 + 0.081600),0.442300 (0.360900 + 0.081400),0.237900 (0.156600 + 0.081300),0.348600 (0.267300 + 0.081300),0.631400 (0.549900 + 0.081500),0.295900 (0.214200 + 0.081700),0.533400 (0.451800 + 0.081600),0.485500 (0.404100 + 0.081400),0.711600 (0.630000 + 0.081600),0.711600 (0.630000 + 0.081600),0.711600 (0.630000 + 0.081600),0.711600 (0.630000 + 0.081600),0.385600 (0.304200 + 0.081400),0.705300 (0.623700 + 0.081600),0.245600 (0.163800 + 0.081800),0.711600 (0.630000 + 0.081600)
95,0.711600 (0.630000 + 0.081600),0.711600 (0.630000 + 0.081600),0.711600 (0.630000 + 0.081600),0.711600 (0.630000 + 0.081600),0.711600 (0.630000 + 0.081600),0.674700 (0.593100 + 0.081600),0.363700 (0.282600 + 0.081100),0.709800 (0.628200 + 0.081600),0.351800 (0.270000 + 0.081800),0.681900 (0.600300 + 0.081600),0.230900 (0.149400 + 0.081500),0.647900 (0.566100 + 0.081800),0.571000 (0.489600 + 0.081400),0.711600 (0.630000 + 0.081600),0.705300 (0.623700 + 0.081600),0.360500 (0.279000 + 0.081500),0.570100 (0.488700 + 0.081400),0.338300 (0.256500 + 0.081800),0.283800 (0.202500 + 0.081300),0.711600 (0.630000 + 0.081600),0.191400 (0.109800 + 0.081600),0.711600 (0.630000 + 0.081600),0.395600 (0.314100 + 0.081500),0.711600 (0.630000 + 0.081600),0.711600 (0.630000 + 0.081600),0.319900 (0.238500 + 0.081400),0.273900 (0.192600 + 0.081300),0.495400 (0.414000 + 0.081400),0.283800 (0.202500 + 0.081300),0.213000 (0.131400 + 0.081600),0.711600 (0.630000 + 0.081600),0.711600 (0.630000 + 0.081600),0.709800 (0.628200 + 0.081600),0.711600 (0.630000 + 0.081600),0.711600 (0.630000 + 0.081600),0.210100 (0.128700 + 0.081400),0.709800 (0.628200 + 0.081600),0.671100 (0.589500 + 0.081600),0.711600 (0.630000 + 0.081600),0.466900 (0.385200 + 0.081700),0.707100 (0.625500 + 0.081600),0.711600 (0.630000 + 0.081600),0.710700 (0.629100 + 0.081600),0.285900 (0.204300 + 0.081600),0.643200 (0.561600 + 0.081600),0.711600 (0.630000 + 0.081600),0.688900 (0.607500 + 0.081400),0.711600 (0.630000 + 0.081600),0.711600 (0.630000 + 0.081600),0.711600 (0.630000 + 0.081600),0.369100 (0.288000 + 0.081100),0.309000 (0.227700 + 0.081300),0.229900 (0.148500 + 0.081400),0.689100 (0.607500 + 0.081600),0.711600 (0.630000 + 0.081600),0.710700 (0.629100 + 0.081600),0.373100 (0.291600 + 0.081500),0.709800 (0.628200 + 0.081600),0.203800 (0.122400 + 0.081400),0.289300 (0.207900 + 0.081400),0.711600 (0.630000 + 0.081600),0.711600 (0.630000 + 0.081600),0.395900 (0.314100 + 0.081800),0.677400 (0.595800 + 0.081600),0.711600 (0.630000 + 0.081600),0.508500 (0.427500 + 0.081000),0.442300 (0.360900 + 0.081400),0.711600 (0.630000 + 0.081600),0.617100 (0.535500 + 0.081600),0.711600 (0.630000 + 0.081600),0.411900 (0.330300 + 0.081600),0.513600 (0.432000 + 0.081600),0.373900 (0.292500 + 0.081400),0.711600 (0.630000 + 0.081600),0.711600 (0.630000 + 0.081600),0.343500 (0.261900 + 0.081600),0.582000 (0.500400 + 0.081600),0.707100 (0.625500 + 0.081600),0.671100 (0.589500 + 0.081600),0.710700 (0.629100 + 0.081600),0.711600 (0.630000 + 0.081600),0.313700 (0.232200 + 0.081500),0.227600 (0.145800 + 0.081800),0.667500 (0.585900 + 0.081600),0.698000 (0.616500 + 0.081500),0.705300 (0.623700 + 0.081600),0.711600 (0.630000 + 0.081600),0.290300 (0.208800 + 0.081500),0.485500 (0.404100 + 0.081400),0.305400 (0.224100 + 0.081300),0.711600 (0.630000 + 0.081600),0.709800 (0.628200 + 0.081600),0.383000 (0.301500 + 0.081500),0.709800 (0.628200 + 0.081600),0.329800 (0.248400 + 0.081400),0.711600 (0.630000 + 0.081600),0.253300 (0.171900 + 0.081400),0.299000 (0.217800 + 0.081200),0.300300 (0.218700 + 0.081600),0.316200 (0.234900 + 0.081300)
96,0.711600 (0.630000 + 0.081600),0.711600 (0.630000 + 0.081600),0.711600 (0.630000 + 0.081600),0.711600 (0.630000 + 0.081600),0.711600 (0.630000 + 0.081600),0.436800 (0.355500 + 0.081300),0.281100 (0.199800 + 0.081300),0.435900 (0.354600 + 0.081300),0.711600 (0.630000 + 0.081600),0.711600 (0.630000 + 0.081600),0.711600 (0.630000 + 0.081600),0.361700 (0.279900 + 0.081800),0.664800 (0.583200 + 0.081600),0.709800 (0.628200 + 0.081600),0.711600 (0.630000 + 0.081600),0.711600 (0.630000 + 0.081600),0.331800 (0.250200 + 0.081600),0.711600 (0.630000 + 0.081600),0.711600 (0.630000 + 0.081600),0.705300 (0.623700 + 0.081600),0.711600 (0.630000 + 0.081600),0.329600 (0.248400 + 0.081200),0.709800 (0.628200 + 0.081600),0.423500 (0.342000 + 0.081500),0.340700 (0.259200 + 0.081500),0.711600 (0.630000 + 0.081600),0.354900 (0.273600 + 0.081300),0.711600 (0.630000 + 0.081600),0.298300 (0.216900 + 0.081400),0.407100 (0.325800 + 0.081300),0.711600 (0.630000 + 0.081600),0.710700 (0.629100 + 0.081600),0.711600 (0.630000 + 0.081600),0.517100 (0.435600 + 0.081500),0.303500 (0.222300 + 0.081200),0.643200 (0.561600 + 0.081600),0.709800 (0.628200 + 0.081600),0.698000 (0.616500 + 0.081500),0.236700 (0.155700 + 0.081000),0.432900 (0.351900 + 0.081000),0.281200 (0.199800 + 0.081400),0.711600 (0.630000 + 0.081600),0.342600 (0.261000 + 0.081600),0.711600 (0.630000 + 0.081600),0.468300 (0.387000 + 0.081300),0.643200 (0.561600 + 0.081600),0.181700 (0.100800 + 0.080900),0.311900 (0.230400 + 0.081500),0.707100 (0.625500 + 0.081600),0.164500 (0.083700 + 0.080800),0.582700 (0.501300 + 0.081400),0.576500 (0.495000 + 0.081500),0.709800 (0.628200 + 0.081600),0.346700 (0.265500 + 0.081200),0.436100 (0.354600 + 0.081500),0.711600 (0.630000 + 0.081600),0.710700 (0.629100 + 0.081600),0.711600 (0.630000 + 0.081600),0.711600 (0.630000 + 0.081600),0.572000 (0.490500 + 0.081500),0.277700 (0.196200 + 0.081500),0.689100 (0.607500 + 0.081600),0.308200 (0.226800 + 0.081400),0.711600 (0.630000 + 0.081600),0.288400 (0.207000 + 0.081400),0.711600 (0.630000 + 0.081600),0.707100 (0.625500 + 0.081600),0.705300 (0.623700 + 0.081600),0.711600 (0.630000 + 0.081600),0.314600 (0.233100 + 0.081500),0.299300 (0.217800 + 0.081500),0.349800 (0.268200 + 0.081600),0.711600 (0.630000 + 0.081600),0.711600 (0.630000 + 0.081600),0.643200 (0.561600 + 0.081600),0.295000 (0.213300 + 0.081700),0.681900 (0.600300 + 0.081600),0.711600 (0.630000 + 0.081600),0.308400 (0.226800 + 0.081600),0.703500 (0.621900 + 0.081600),0.316300 (0.234900 + 0.081400),0.390100 (0.308700 + 0.081400),0.681900 (0.600300 + 0.081600),0.677400 (0.595800 + 0.081600),0.709800 (0.628200 + 0.081600),0.256700 (0.175500 + 0.081200),0.709800 (0.628200 + 0.081600),0.711600 (0.630000 + 0.081600),0.711600 (0.630000 + 0.081600),0.292100 (0.210600 + 0.081500),0.426100 (0.344700 + 0.081400),0.711600 (0.630000 + 0.081600),0.711600 (0.630000 + 0.081600),0.711600 (0.630000 + 0.081600),0.711600 (0.630000 + 0.081600),0.705300 (0.623700 + 0.081600),0.235400 (0.153900 + 0.081500),0.402700 (0.321300 + 0.081400),0.711600 (0.630000 + 0.081600),0.545100 (0.463500 + 0.081600)
97,0.711600 (0.630000 + 0.081600),0.711600 (0.630000 + 0.081600),0.711600 (0.630000 + 0.081600),0.711600 (0.630000 + 0.081600),0.711600 (0.630000 + 0.081600),0.643200 (0.561600 + 0.081600),0.711600 (0.630000 + 0.081600),0.707100 (0.625500 + 0.081600),0.711600 (0.630000 + 0.081600),0.306700 (0.225000 + 0.081700),0.423500 (0.342000 + 0.081500),0.711600 (0.630000 + 0.081600),0.333400 (0.252000 + 0.081400),0.711600 (0.630000 + 0.081600),0.214600 (0.133200 + 0.081400),0.235300 (0.153900 + 0.081400),0.594700 (0.513000 + 0.081700),0.711600 (0.630000 + 0.081600),0.682800 (0.601200 + 0.081600),0.711600 (0.630000 + 0.081600),0.711600 (0.630000 + 0.081600),0.380200 (0.298800 + 0.081400),0.400000 (0.318600 + 0.081400),0.566600 (0.485100 + 0.081500),0.708900 (0.627300 + 0.081600),0.711600 (0.630000 + 0.081600),0.275700 (0.194400 + 0.081300),0.711600 (0.630000 + 0.081600),0.711600 (0.630000 + 0.081600),0.711600 (0.630000 + 0.081600),0.711600 (0.630000 + 0.081600),0.348700 (0.267300 + 0.081400),0.709800 (0.628200 + 0.081600),0.241600 (0.160200 + 0.081400),0.488300 (0.406800 + 0.081500),0.282200 (0.200700 + 0.081500),0.357900 (0.276300 + 0.081600),0.711600 (0.630000 + 0.081600),0.489200 (0.407700 + 0.081500),0.711600 (0.630000 + 0.081600),0.711600 (0.630000 + 0.081600),0.711600 (0.630000 + 0.081600),0.711600 (0.630000 + 0.081600),0.711600 (0.630000 + 0.081600),0.711600 (0.630000 + 0.081600),0.416300 (0.334800 + 0.081500),0.528800 (0.447300 + 0.081500),0.710700 (0.629100 + 0.081600),0.711600 (0.630000 + 0.081600),0.711600 (0.630000 + 0.081600),0.711600 (0.630000 + 0.081600),0.427900 (0.346500 + 0.081400),0.305600 (0.224100 + 0.081500),0.710700 (0.629100 + 0.081600),0.711600 (0.630000 + 0.081600),0.709800 (0.628200 + 0.081600),0.301900 (0.220500 + 0.081400),0.294400 (0.213300 + 0.081100),0.711600 (0.630000 + 0.081600),0.711600 (0.630000 + 0.081600),0.402700 (0.321300 + 0.081400),0.256600 (0.175500 + 0.081100),0.693400 (0.612000 + 0.081400),0.685500 (0.603900 + 0.081600),0.304700 (0.223200 + 0.081500),0.711600 (0.630000 + 0.081600),0.397400 (0.315900 + 0.081500),0.664800 (0.583200 + 0.081600),0.709800 (0.628200 + 0.081600),0.588300 (0.506700 + 0.081600),0.661200 (0.579600 + 0.081600),0.711600 (0.630000 + 0.081600),0.711600 (0.630000 + 0.081600),0.644100 (0.562500 + 0.081600),0.506300 (0.424800 + 0.081500),0.711600 (0.630000 + 0.081600),0.711600 (0.630000 + 0.081600),0.430800 (0.349200 + 0.081600),0.405600 (0.324000 + 0.081600),0.325500 (0.243900 + 0.081600),0.711600 (0.630000 + 0.081600),0.640500 (0.558900 + 0.081600),0.263100 (0.181800 + 0.081300),0.327800 (0.246600 + 0.081200),0.392700 (0.311400 + 0.081300),0.348900 (0.267300 + 0.081600),0.711600 (0.630000 + 0.081600),0.195800 (0.114300 + 0.081500),0.621700 (0.540000 + 0.081700),0.711600 (0.630000 + 0.081600),0.300800 (0.219600 + 0.081200),0.237800 (0.156600 + 0.081200),0.711600 (0.630000 + 0.081600),0.351400 (0.270000 + 0.081400),0.227000 (0.145800 + 0.081200),0.263100 (0.181800 + 0.081300),0.194200 (0.113400 + 0.080800),0.370500 (0.288900 + 0.081600),0.711600 (0.630000 + 0.081600),0.187700 (0.106200 + 0.081500)
98,0.711600 (0.630000 + 0.081600),0.711600 (0.630000 + 0.081600),0.711600 (0.630000 + 0.081600),0.711600 (0.630000 + 0.081600),0.711600 (0.630000 + 0.081600),0.711600 (0.630000 + 0.081600),0.486300 (0.405000 + 0.081300),0.711600 (0.630000 + 0.081600),0.324300 (0.243000 + 0.081300),0.661200 (0.579600 + 0.081600),0.664800 (0.583200 + 0.081600),0.711600 (0.630000 + 0.081600),0.216000 (0.135000 + 0.081000),0.594700 (0.513000 + 0.081700),0.438400 (0.357300 + 0.081100),0.471300 (0.389700 + 0.081600),0.272000 (0.190800 + 0.081200),0.711600 (0.630000 + 0.081600),0.711600 (0.630000 + 0.081600),0.711600 (0.630000 + 0.081600),0.711600 (0.630000 + 0.081600),0.270400 (0.189000 + 0.081400),0.210200 (0.128700 + 0.081500),0.251500 (0.170100 + 0.081400),0.413400 (0.332100 + 0.081300),0.711600 (0.630000 + 0.081600),0.711600 (0.630000 + 0.081600),0.337100 (0.255600 + 0.081500),0.346200 (0.264600 + 0.081600),0.711600 (0.630000 + 0.081600),0.711600 (0.630000 + 0.081600),0.711600 (0.630000 + 0.081600),0.711600 (0.630000 + 0.081600),0.322800 (0.241200 + 0.081600),0.571200 (0.489600 + 0.081600),0.711600 (0.630000 + 0.081600),0.707100 (0.625500 + 0.081600),0.711600 (0.630000 + 0.081600),0.711600 (0.630000 + 0.081600),0.711600 (0.630000 + 0.081600),0.711600 (0.630000 + 0.081600),0.711600 (0.630000 + 0.081600),0.643200 (0.561600 + 0.081600),0.488000 (0.406800 + 0.081200),0.319100 (0.237600 + 0.081500),0.711600 (0.630000 + 0.081600),0.711600 (0.630000 + 0.081600),0.396200 (0.315000 + 0.081200),0.711600 (0.630000 + 0.081600),0.711600 (0.630000 + 0.081600),0.711600 (0.630000 + 0.081600),0.711600 (0.630000 + 0.081600),0.711600 (0.630000 + 0.081600),0.711600 (0.630000 + 0.081600),0.329200 (0.247500 + 0.081700),0.423500 (0.342000 + 0.081500),0.428900 (0.347400 + 0.081500),0.387400 (0.306000 + 0.081400),0.348900 (0.267300 + 0.081600),0.171300 (0.090000 + 0.081300),0.648700 (0.567000 + 0.081700),0.711600 (0.630000 + 0.081600),0.594700 (0.513000 + 0.081700),0.711600 (0.630000 + 0.081600),0.594700 (0.513000 + 0.081700),0.269700 (0.188100 + 0.081600),0.642300 (0.560700 + 0.081600),0.711600 (0.630000 + 0.081600),0.272300 (0.190800 + 0.081500),0.381900 (0.300600 + 0.081300),0.625200 (0.543600 + 0.081600),0.711600 (0.630000 + 0.081600),0.711600 (0.630000 + 0.081600),0.711600 (0.630000 + 0.081600),0.296200 (0.215100 + 0.081100),0.266000 (0.184500 + 0.081500),0.216000 (0.135000 + 0.081000),0.434300 (0.352800 + 0.081500),0.290200 (0.208800 + 0.081400),0.242600 (0.161100 + 0.081500),0.711600 (0.630000 + 0.081600),0.570200 (0.488700 + 0.081500),0.216200 (0.135000 + 0.081200),0.437200 (0.355500 + 0.081700),0.546900 (0.465300 + 0.081600),0.711600 (0.630000 + 0.081600),0.711600 (0.630000 + 0.081600),0.711600 (0.630000 + 0.081600),0.235400 (0.153900 + 0.081500),0.711600 (0.630000 + 0.081600),0.711600 (0.630000 + 0.081600),0.479500 (0.397800 + 0.081700),0.289000 (0.207900 + 0.081100),0.711600 (0.630000 + 0.081600),0.402700 (0.321300 + 0.081400),0.711600 (0.630000 + 0.081600),0.711600 (0.630000 + 0.081600),0.380300 (0.298800 + 0.081500),0.287300 (0.206100 + 0.081200),0.711600 (0.630000 + 0.081600)
99,0.711600 (0.630000 + 0.081600),0.711600 (0.630000 + 0.081600),0.711600 (0.630000 + 0.081600),0.711600 (0.630000 + 0.081600),0.711600 (0.630000 + 0.081600),0.711600 (0.630000 + 0.081600),0.711600 (0.630000 + 0.081600),0.711600 (0.630000 + 0.081600),0.711600 (0.630000 + 0.081600),0.356800 (0.275400 + 0.081400),0.711600 (0.630000 + 0.081600),0.711600 (0.630000 + 0.081600),0.711600 (0.630000 + 0.081600),0.711600 (0.630000 + 0.081600),0.711600 (0.630000 + 0.081600),0.335000 (0.253800 + 0.081200),0.711600 (0.630000 + 0.081600),0.711600 (0.630000 + 0.081600),0.711600 (0.630000 + 0.081600),0.484600 (0.403200 + 0.081400),0.606300 (0.524700 + 0.081600),0.249800 (0.168300 + 0.081500),0.711600 (0.630000 + 0.081600),0.711600 (0.630000 + 0.081600),0.711600 (0.630000 + 0.081600),0.711600 (0.630000 + 0.081600),0.594700 (0.513000 + 0.081700),0.417100 (0.335700 + 0.081400),0.439700 (0.358200 + 0.081500),0.711600 (0.630000 + 0.081600),0.342100 (0.261000 + 0.081100),0.711600 (0.630000 + 0.081600),0.415400 (0.333900 + 0.081500),0.436000 (0.354600 + 0.081400),0.303700 (0.222300 + 0.081400),0.711600 (0.630000 + 0.081600),0.594700 (0.513000 + 0.081700),0.707100 (0.625500 + 0.081600),0.425200 (0.343800 + 0.081400),0.711600 (0.630000 + 0.081600),0.401800 (0.320400 + 0.081400),0.269600 (0.188100 + 0.081500),0.187300 (0.106200 + 0.081100),0.231700 (0.150300 + 0.081400),0.526200 (0.444600 + 0.081600),0.711600 (0.630000 + 0.081600),0.372600 (0.290700 + 0.081900),0.348000 (0.266400 + 0.081600),0.711600 (0.630000 + 0.081600),0.391000 (0.309600 + 0.081400),0.711600 (0.630000 + 0.081600),0.711600 (0.630000 + 0.081600),0.707100 (0.625500 + 0.081600),0.711600 (0.630000 + 0.081600),0.316500 (0.234900 + 0.081600),0.688100 (0.606600 + 0.081500),0.406300 (0.324900 + 0.081400),0.352200 (0.270900 + 0.081300),0.711600 (0.630000 + 0.081600),0.471200 (0.389700 + 0.081500),0.216200 (0.135000 + 0.081200),0.711600 (0.630000 + 0.081600),0.711600 (0.630000 + 0.081600),0.646800 (0.565200 + 0.081600),0.487600 (0.405900 + 0.081700),0.234500 (0.153000 + 0.081500),0.625200 (0.543600 + 0.081600),0.711600 (0.630000 + 0.081600),0.360000 (0.279000 + 0.081000),0.711600 (0.630000 + 0.081600),0.711600 (0.630000 + 0.081600),0.711600 (0.630000 + 0.081600),0.711600 (0.630000 + 0.081600),0.711600 (0.630000 + 0.081600),0.711600 (0.630000 + 0.081600),0.711600 (0.630000 + 0.081600),0.322000 (0.240300 + 0.081700),0.505600 (0.423900 + 0.081700),0.463100 (0.381600 + 0.081500),0.711600 (0.630000 + 0.081600),0.355100 (0.273600 + 0.081500),0.711600 (0.630000 + 0.081600),0.711600 (0.630000 + 0.081600),0.673800 (0.592200 + 0.081600),0.573900 (0.492300 + 0.081600),0.491200 (0.409500 + 0.081700),0.568300 (0.486900 + 0.081400),0.648700 (0.567000 + 0.081700),0.237900 (0.156600 + 0.081300),0.439600 (0.358200 + 0.081400),0.380000 (0.298800 + 0.081200),0.326200 (0.244800 + 0.081400),0.513600 (0.432000 + 0.081600),0.711600 (0.630000 + 0.081600),0.290200 (0.208800 + 0.081400),0.711600 (0.630000 + 0.081600),0.382800 (0.301500 + 0.081300),0.711600 (0.630000 + 0.081600),0.711600 (0.630000 + 0.081600),0.711600 (0.630000 + 0.081600)
100,0.711600 (0.630000 + 0.081600),0.711600 (0.630000 + 0.081600),0.711600 (0.630000 + 0.081600),0.711600 (0.630000 + 0.081600),0.711600 (0.630000 + 0.081600),0.382800 (0.301500 + 0.081300),0.305700 (0.224100 + 0.081600),0.711600 (0.630000 + 0.081600),0.267600 (0.186300 + 0.081300),0.247800 (0.166500 + 0.081300),0.351400 (0.270000 + 0.081400),0.711600 (0.630000 + 0.081600),0.497200 (0.415800 + 0.081400),0.596300 (0.514800 + 0.081500),0.198600 (0.117000 + 0.081600),0.711600 (0.630000 + 0.081600),0.359800 (0.278100 + 0.081700),0.646800 (0.565200 + 0.081600),0.446800 (0.365400 + 0.081400),0.398200 (0.316800 + 0.081400),0.351600 (0.270000 + 0.081600),0.711600 (0.630000 + 0.081600),0.484600 (0.403200 + 0.081400),0.592700 (0.511200 + 0.081500),0.265000 (0.183600 + 0.081400),0.408100 (0.326700 + 0.081400),0.711600 (0.630000 + 0.081600),0.711600 (0.630000 + 0.081600),0.365700 (0.284400 + 0.081300),0.711600 (0.630000 + 0.081600),0.711600 (0.630000 + 0.081600),0.711600 (0.630000 + 0.081600),0.282200 (0.200700 + 0.081500),0.711600 (0.630000 + 0.081600),0.711600 (0.630000 + 0.081600),0.711600 (0.630000 + 0.081600),0.346100 (0.264600 + 0.081500),0.606300 (0.524700 + 0.081600),0.242700 (0.161100 + 0.081600),0.288800 (0.207000 + 0.081800),0.711600 (0.630000 + 0.081600),0.638600 (0.557100 + 0.081500),0.518100 (0.436500 + 0.081600),0.711600 (0.630000 + 0.081600),0.711600 (0.630000 + 0.081600),0.495400 (0.414000 + 0.081400),0.711600 (0.630000 + 0.081600),0.673800 (0.592200 + 0.081600),0.711600 (0.630000 + 0.081600),0.289400 (0.207900 + 0.081500),0.402800 (0.321300 + 0.081500),0.711600 (0.630000 + 0.081600),0.711600 (0.630000 + 0.081600),0.365700 (0.284400 + 0.081300),0.711600 (0.630000 + 0.081600),0.711600 (0.630000 + 0.081600),0.711600 (0.630000 + 0.081600),0.711600 (0.630000 + 0.081600),0.609800 (0.528300 + 0.081500),0.259600 (0.178200 + 0.081400),0.711600 (0.630000 + 0.081600),0.711600 (0.630000 + 0.081600),0.711600 (0.630000 + 0.081600),0.711600 (0.630000 + 0.081600),0.711600 (0.630000 + 0.081600),0.238600 (0.157500 + 0.081100),0.487600 (0.405900 + 0.081700),0.711600 (0.630000 + 0.081600),0.711600 (0.630000 + 0.081600),0.711600 (0.630000 + 0.081600),0.711600 (0.630000 + 0.081600),0.688100 (0.606600 + 0.081500),0.711600 (0.630000 + 0.081600),0.514300 (0.432900 + 0.081400),0.711600 (0.630000 + 0.081600),0.711600 (0.630000 + 0.081600),0.269600 (0.188100 + 0.081500),0.219100 (0.137700 + 0.081400),0.492800 (0.411300 + 0.081500),0.335400 (0.253800 + 0.081600),0.448600 (0.367200 + 0.081400),0.216300 (0.135000 + 0.081300),0.280500 (0.198900 + 0.081600),0.711600 (0.630000 + 0.081600),0.711600 (0.630000 + 0.081600),0.533300 (0.451800 + 0.081500),0.533500 (0.451800 + 0.081700),0.658500 (0.576900 + 0.081600),0.513600 (0.432000 + 0.081600),0.711600 (0.630000 + 0.081600),0.327300 (0.245700 + 0.081600),0.445900 (0.364500 + 0.081400),0.230900 (0.149400 + 0.081500),0.542200 (0.460800 + 0.081400),0.538800 (0.457200 + 0.081600),0.414500 (0.333000 + 0.081500),0.711600 (0.630000 + 0.081600),0.462200 (0.380700 + 0.081500),0.711600 (0.630000 + 0.081600),0.240100 (0.158400 + 0.081700)
