Generation,Entry1,Entry2,Entry3,Entry4,Entry5,Entry6,Entry7,Entry8,Entry9,Entry10,Entry11,Entry12,Entry13,Entry14,Entry15,Entry16,Entry17,Entry18,Entry19,Entry20,Entry21,Entry22,Entry23,Entry24,Entry25,Entry26,Entry27,Entry28,Entry29,Entry30,Entry31,Entry32,Entry33,Entry34,Entry35,Entry36,Entry37,Entry38,Entry39,Entry40,Entry41,Entry42,Entry43,Entry44,Entry45,Entry46,Entry47,Entry48,Entry49,Entry50,Entry51,Entry52,Entry53,Entry54,Entry55,Entry56,Entry57,Entry58,Entry59,Entry60,Entry61,Entry62,Entry63,Entry64,Entry65,Entry66,Entry67,Entry68,Entry69,Entry70,Entry71,Entry72,Entry73,Entry74,Entry75,Entry76,Entry77,Entry78,Entry79,Entry80,Entry81,Entry82,Entry83,Entry84,Entry85,Entry86,Entry87,Entry88,Entry89,Entry90,Entry91,Entry92,Entry93,Entry94,Entry95,Entry96,Entry97,Entry98,Entry99,Entry100
1,0.807432 (0.724500 + 0.082932),0.812133 (0.729900 + 0.082233),0.813457 (0.731700 + 0.081757),0.812270 (0.730800 + 0.081470),0.813572 (0.731700 + 0.081872),0.823119 (0.740700 + 0.082419),0.823651 (0.741600 + 0.082051),0.842956 (0.760500 + 0.082456),0.808488 (0.725400 + 0.083088),0.807849 (0.725400 + 0.082449),0.818252 (0.736200 + 0.082052),0.813431 (0.731700 + 0.081731),0.808193 (0.726300 + 0.081893),0.824422 (0.742500 + 0.081922),0.808133 (0.725400 + 0.082733),0.805564 (0.722700 + 0.082864),0.818519 (0.736200 + 0.082319),0.813993 (0.730800 + 0.083193),0.810600 (0.728100 + 0.082500),0.814865 (0.732600 + 0.082265),0.801223 (0.720000 + 0.081223),0.818487 (0.737100 + 0.081387),0.791777 (0.709200 + 0.082577),0.825150 (0.743400 + 0.081750),0.809581 (0.727200 + 0.082381),0.800896 (0.718200 + 0.082696),0.804787 (0.722700 + 0.082087),0.797164 (0.715500 + 0.081664),0.802774 (0.720900 + 0.081874),0.836616 (0.755100 + 0.081516),0.814345 (0.731700 + 0.082645),0.808449 (0.726300 + 0.082149),0.816918 (0.734400 + 0.082518),0.810575 (0.729000 + 0.081575),0.812526 (0.729900 + 0.082626),0.800774 (0.717300 + 0.083474),0.796067 (0.714600 + 0.081467),0.792912 (0.711000 + 0.081912),0.802788 (0.720900 + 0.081888),0.799683 (0.717300 + 0.082383),0.833709 (0.751500 + 0.082209),0.799765 (0.717300 + 0.082465),0.826284 (0.744300 + 0.081984),0.796447 (0.713700 + 0.082747),0.820906 (0.738000 + 0.082906),0.800266 (0.718200 + 0.082066),0.809128 (0.726300 + 0.082828),0.814782 (0.731700 + 0.083082),0.821653 (0.739800 + 0.081854),0.813727 (0.730800 + 0.082928),0.819544 (0.737100 + 0.082444),0.806367 (0.724500 + 0.081867),0.805519 (0.723600 + 0.081919),0.794433 (0.713700 + 0.080733),0.824455 (0.742500 + 0.081955),0.815720 (0.733500 + 0.082220),0.814919 (0.732600 + 0.082319),0.815219 (0.732600 + 0.082619),0.810976 (0.728100 + 0.082876),0.818150 (0.736200 + 0.081950),0.822871 (0.740700 + 0.082171),0.811426 (0.729000 + 0.082426),0.809876 (0.729000 + 0.080876),0.798583 (0.716400 + 0.082183),0.820606 (0.738000 + 0.082606),0.828525 (0.746100 + 0.082425),0.823486 (0.740700 + 0.082786),0.808189 (0.726300 + 0.081889),0.811816 (0.729900 + 0.081916),0.815268 (0.733500 + 0.081768),0.806046 (0.723600 + 0.082446),0.819043 (0.736200 + 0.082843),0.809180 (0.728100 + 0.081081),0.796751 (0.713700 + 0.083051),0.814175 (0.731700 + 0.082475),0.796491 (0.713700 + 0.082791),0.808654 (0.726300 + 0.082354),0.808348 (0.726300 + 0.082048),0.798524 (0.715500 + 0.083024),0.810920 (0.729000 + 0.081920),0.803627 (0.721800 + 0.081827),0.813806 (0.732600 + 0.081206),0.809212 (0.726300 + 0.082912),0.816241 (0.734400 + 0.081841),0.810169 (0.727200 + 0.082969),0.808376 (0.727200 + 0.081176),0.818736 (0.737100 + 0.081636),0.805814 (0.723600 + 0.082214),0.799463 (0.717300 + 0.082163),0.813291 (0.730800 + 0.082491),0.809504 (0.727200 + 0.082304),0.808897 (0.726300 + 0.082597),0.823769 (0.740700 + 0.083069),0.814088 (0.731700 + 0.082388),0.811671 (0.729900 + 0.081771),0.813290 (0.730800 + 0.082490),0.815144 (0.732600 + 0.082544),0.816266 (0.734400 + 0.081866),0.822171 (0.739800 + 0.082371),0.806552 (0.724500 + 0.082052)
2,0.807432 (0.724500 + 0.082932),0.812133 (0.729900 + 0.082233),0.813457 (0.731700 + 0.081757),0.812270 (0.730800 + 0.081470),0.813572 (0.731700 + 0.081872),0.823119 (0.740700 + 0.082419),0.823651 (0.741600 + 0.082051),0.842956 (0.760500 + 0.082456),0.808488 (0.725400 + 0.083088),0.807849 (0.725400 + 0.082449),0.818252 (0.736200 + 0.082052),0.813431 (0.731700 + 0.081731),0.808193 (0.726300 + 0.081893),0.824422 (0.742500 + 0.081922),0.808133 (0.725400 + 0.082733),0.805564 (0.722700 + 0.082864),0.818519 (0.736200 + 0.082319),0.813993 (0.730800 + 0.083193),0.810600 (0.728100 + 0.082500),0.814865 (0.732600 + 0.082265),0.801223 (0.720000 + 0.081223),0.818487 (0.737100 + 0.081387),0.791777 (0.709200 + 0.082577),0.825150 (0.743400 + 0.081750),0.809581 (0.727200 + 0.082381),0.800896 (0.718200 + 0.082696),0.804787 (0.722700 + 0.082087),0.797164 (0.715500 + 0.081664),0.802774 (0.720900 + 0.081874),0.836616 (0.755100 + 0.081516),0.814345 (0.731700 + 0.082645),0.808449 (0.726300 + 0.082149),0.816918 (0.734400 + 0.082518),0.810575 (0.729000 + 0.081575),0.812526 (0.729900 + 0.082626),0.800774 (0.717300 + 0.083474),0.796067 (0.714600 + 0.081467),0.792912 (0.711000 + 0.081912),0.802788 (0.720900 + 0.081888),0.799683 (0.717300 + 0.082383),0.833709 (0.751500 + 0.082209),0.799765 (0.717300 + 0.082465),0.826284 (0.744300 + 0.081984),0.796447 (0.713700 + 0.082747),0.820906 (0.738000 + 0.082906),0.800266 (0.718200 + 0.082066),0.809128 (0.726300 + 0.082828),0.814782 (0.731700 + 0.083082),0.821653 (0.739800 + 0.081854),0.813727 (0.730800 + 0.082928),0.819544 (0.737100 + 0.082444),0.806367 (0.724500 + 0.081867),0.805519 (0.723600 + 0.081919),0.794433 (0.713700 + 0.080733),0.824455 (0.742500 + 0.081955),0.815720 (0.733500 + 0.082220),0.814919 (0.732600 + 0.082319),0.815219 (0.732600 + 0.082619),0.810976 (0.728100 + 0.082876),0.818150 (0.736200 + 0.081950),0.822871 (0.740700 + 0.082171),0.811426 (0.729000 + 0.082426),0.809876 (0.729000 + 0.080876),0.798583 (0.716400 + 0.082183),0.820606 (0.738000 + 0.082606),0.828525 (0.746100 + 0.082425),0.823486 (0.740700 + 0.082786),0.808189 (0.726300 + 0.081889),0.811816 (0.729900 + 0.081916),0.815268 (0.733500 + 0.081768),0.806046 (0.723600 + 0.082446),0.819043 (0.736200 + 0.082843),0.809180 (0.728100 + 0.081081),0.796751 (0.713700 + 0.083051),0.814175 (0.731700 + 0.082475),0.796491 (0.713700 + 0.082791),0.808654 (0.726300 + 0.082354),0.808348 (0.726300 + 0.082048),0.798524 (0.715500 + 0.083024),0.810920 (0.729000 + 0.081920),0.803627 (0.721800 + 0.081827),0.813806 (0.732600 + 0.081206),0.809212 (0.726300 + 0.082912),0.816241 (0.734400 + 0.081841),0.810169 (0.727200 + 0.082969),0.808376 (0.727200 + 0.081176),0.818736 (0.737100 + 0.081636),0.805814 (0.723600 + 0.082214),0.799463 (0.717300 + 0.082163),0.813291 (0.730800 + 0.082491),0.809504 (0.727200 + 0.082304),0.808897 (0.726300 + 0.082597),0.823769 (0.740700 + 0.083069),0.814088 (0.731700 + 0.082388),0.811671 (0.729900 + 0.081771),0.813290 (0.730800 + 0.082490),0.815144 (0.732600 + 0.082544),0.816266 (0.734400 + 0.081866),0.822171 (0.739800 + 0.082371),0.806552 (0.724500 + 0.082052)
3,0.842956 (0.760500 + 0.082456),0.812618 (0.730800 + 0.081818),0.835975 (0.754200 + 0.081775),0.825173 (0.743400 + 0.081773),0.815662 (0.733500 + 0.082162),0.819438 (0.737100 + 0.082338),0.800044 (0.718200 + 0.081844),0.821582 (0.739800 + 0.081782),0.801677 (0.720000 + 0.081677),0.817937 (0.736200 + 0.081737),0.816671 (0.733500 + 0.083171),0.818595 (0.736200 + 0.082395),0.822895 (0.741600 + 0.081295),0.809224 (0.727200 + 0.082024),0.813212 (0.731700 + 0.081512),0.812816 (0.730800 + 0.082016),0.821451 (0.739800 + 0.081651),0.814738 (0.733500 + 0.081238),0.824568 (0.742500 + 0.082068),0.808916 (0.726300 + 0.082616),0.822396 (0.739800 + 0.082596),0.818662 (0.736200 + 0.082462),0.816261 (0.733500 + 0.082761),0.806770 (0.724500 + 0.082270),0.813434 (0.731700 + 0.081734),0.810105 (0.728100 + 0.082005),0.832764 (0.751500 + 0.081264),0.833920 (0.751500 + 0.082420),0.822737 (0.741600 + 0.081137),0.816808 (0.735300 + 0.081508),0.817900 (0.737100 + 0.080800),0.816338 (0.734400 + 0.081938),0.814175 (0.731700 + 0.082475),0.807736 (0.725400 + 0.082336),0.805217 (0.723600 + 0.081617),0.808367 (0.726300 + 0.082068),0.819383 (0.737100 + 0.082283),0.803811 (0.721800 + 0.082011),0.832879 (0.750600 + 0.082279),0.808622 (0.726300 + 0.082322),0.809453 (0.727200 + 0.082253),0.817933 (0.735300 + 0.082633),0.808957 (0.727200 + 0.081757),0.817493 (0.736200 + 0.081293),0.835615 (0.753300 + 0.082315),0.821653 (0.739800 + 0.081854),0.813572 (0.731700 + 0.081872),0.803675 (0.721800 + 0.081875),0.829449 (0.747000 + 0.082449),0.820786 (0.738000 + 0.082786),0.816859 (0.734400 + 0.082459),0.820862 (0.738000 + 0.082862),0.826013 (0.744300 + 0.081713),0.812658 (0.729900 + 0.082758),0.810031 (0.729000 + 0.081031),0.804905 (0.722700 + 0.082205),0.829921 (0.747900 + 0.082021),0.817822 (0.736200 + 0.081622),0.830526 (0.747900 + 0.082626),0.827430 (0.746100 + 0.081330),0.814917 (0.732600 + 0.082317),0.825717 (0.743400 + 0.082317),0.814581 (0.732600 + 0.081981),0.812299 (0.729900 + 0.082399),0.814937 (0.732600 + 0.082337),0.842956 (0.760500 + 0.082456),0.811426 (0.729000 + 0.082426),0.806857 (0.724500 + 0.082357),0.830266 (0.747900 + 0.082366),0.830329 (0.747900 + 0.082429),0.833919 (0.751500 + 0.082419),0.822964 (0.739800 + 0.083164),0.811374 (0.729000 + 0.082374),0.824841 (0.742500 + 0.082341),0.821156 (0.738900 + 0.082256),0.805915 (0.722700 + 0.083215),0.809620 (0.728100 + 0.081520),0.834864 (0.752400 + 0.082464),0.806553 (0.724500 + 0.082053),0.802685 (0.720000 + 0.082685),0.823466 (0.740700 + 0.082765),0.814782 (0.731700 + 0.083082),0.809066 (0.727200 + 0.081866),0.805100 (0.722700 + 0.082400),0.830497 (0.748800 + 0.081697),0.813541 (0.731700 + 0.081841),0.818103 (0.735300 + 0.082803),0.824026 (0.741600 + 0.082426),0.815516 (0.733500 + 0.082016),0.817089 (0.735300 + 0.081789),0.804401 (0.721800 + 0.082601),0.821961 (0.738900 + 0.083061),0.813726 (0.731700 + 0.082026),0.809514 (0.727200 + 0.082314),0.809725 (0.728100 + 0.081625),0.821226 (0.738900 + 0.082326),0.795940 (0.713700 + 0.082240),0.817988 (0.736200 + 0.081788),0.810867 (0.729000 + 0.081867),0.824977 (0.743400 + 0.081577)
4,0.842956 (0.760500 + 0.082456),0.812496 (0.730800 + 0.081696),0.807217 (0.725400 + 0.081817),0.811829 (0.729900 + 0.081929),0.811676 (0.729900 + 0.081776),0.824030 (0.741600 + 0.082430),0.841648 (0.759600 + 0.082048),0.829081 (0.747000 + 0.082081),0.813270 (0.731700 + 0.081570),0.827154 (0.745200 + 0.081954),0.850778 (0.768600 + 0.082178),0.828685 (0.747000 + 0.081685),0.810092 (0.728100 + 0.081992),0.815587 (0.732600 + 0.082987),0.820682 (0.738000 + 0.082682),0.831415 (0.748800 + 0.082615),0.845289 (0.763200 + 0.082089),0.812629 (0.730800 + 0.081829),0.824858 (0.743400 + 0.081458),0.805516 (0.722700 + 0.082817),0.823354 (0.740700 + 0.082654),0.823502 (0.740700 + 0.082802),0.820011 (0.738000 + 0.082011),0.816929 (0.734400 + 0.082529),0.821813 (0.739800 + 0.082013),0.813254 (0.730800 + 0.082454),0.823485 (0.741600 + 0.081885),0.815659 (0.733500 + 0.082159),0.820490 (0.738000 + 0.082490),0.819539 (0.737100 + 0.082439),0.822915 (0.740700 + 0.082215),0.820738 (0.738900 + 0.081838),0.810037 (0.728100 + 0.081937),0.822839 (0.740700 + 0.082139),0.814833 (0.733500 + 0.081333),0.821107 (0.739800 + 0.081307),0.825374 (0.743400 + 0.081974),0.807981 (0.725400 + 0.082581),0.820862 (0.738000 + 0.082862),0.823983 (0.741600 + 0.082383),0.824941 (0.743400 + 0.081542),0.816982 (0.734400 + 0.082582),0.822238 (0.740700 + 0.081538),0.811512 (0.729000 + 0.082512),0.802804 (0.720900 + 0.081904),0.823142 (0.741600 + 0.081542),0.820613 (0.737100 + 0.083513),0.819234 (0.737100 + 0.082134),0.827495 (0.745200 + 0.082295),0.809968 (0.729000 + 0.080968),0.802565 (0.720900 + 0.081665),0.832537 (0.749700 + 0.082837),0.809460 (0.728100 + 0.081360),0.818835 (0.737100 + 0.081736),0.818670 (0.737100 + 0.081570),0.816744 (0.734400 + 0.082344),0.819891 (0.738900 + 0.080991),0.810944 (0.728100 + 0.082844),0.818985 (0.736200 + 0.082785),0.821979 (0.739800 + 0.082179),0.805489 (0.723600 + 0.081889),0.815976 (0.734400 + 0.081576),0.832828 (0.750600 + 0.082228),0.818011 (0.736200 + 0.081811),0.822947 (0.740700 + 0.082247),0.828403 (0.746100 + 0.082303),0.815683 (0.732600 + 0.083083),0.799557 (0.716400 + 0.083157),0.816347 (0.733500 + 0.082847),0.834864 (0.752400 + 0.082464),0.828714 (0.746100 + 0.082614),0.816551 (0.735300 + 0.081251),0.796851 (0.714600 + 0.082251),0.830366 (0.748800 + 0.081566),0.811025 (0.728100 + 0.082925),0.824251 (0.741600 + 0.082652),0.826562 (0.745200 + 0.081362),0.811803 (0.729900 + 0.081903),0.813436 (0.731700 + 0.081736),0.814609 (0.732600 + 0.082009),0.820770 (0.738900 + 0.081870),0.816641 (0.733500 + 0.083141),0.814964 (0.732600 + 0.082364),0.823615 (0.741600 + 0.082015),0.815505 (0.733500 + 0.082005),0.832194 (0.750600 + 0.081594),0.815110 (0.732600 + 0.082510),0.814863 (0.733500 + 0.081363),0.837562 (0.755100 + 0.082462),0.831373 (0.748800 + 0.082573),0.817928 (0.736200 + 0.081728),0.821860 (0.739800 + 0.082060),0.833459 (0.750600 + 0.082859),0.807998 (0.726300 + 0.081698),0.811079 (0.729900 + 0.081179),0.824375 (0.741600 + 0.082775),0.804276 (0.721800 + 0.082477),0.805916 (0.724500 + 0.081416),0.826985 (0.745200 + 0.081785),0.822273 (0.739800 + 0.082474)
5,0.850778 (0.768600 + 0.082178),0.831255 (0.749700 + 0.081555),0.819163 (0.737100 + 0.082063),0.826654 (0.745200 + 0.081454),0.817974 (0.735300 + 0.082674),0.834374 (0.752400 + 0.081974),0.809180 (0.727200 + 0.081980),0.817193 (0.735300 + 0.081893),0.823291 (0.740700 + 0.082591),0.816948 (0.734400 + 0.082548),0.818122 (0.736200 + 0.081922),0.831075 (0.748800 + 0.082275),0.834633 (0.752400 + 0.082233),0.824902 (0.743400 + 0.081502),0.822242 (0.739800 + 0.082442),0.826622 (0.744300 + 0.082322),0.825484 (0.743400 + 0.082084),0.825933 (0.742500 + 0.083433),0.813419 (0.731700 + 0.081719),0.804406 (0.722700 + 0.081706),0.811627 (0.729000 + 0.082627),0.817298 (0.733500 + 0.083798),0.821116 (0.739800 + 0.081316),0.818391 (0.737100 + 0.081291),0.822802 (0.740700 + 0.082102),0.824287 (0.742500 + 0.081788),0.802408 (0.720000 + 0.082408),0.823332 (0.740700 + 0.082632),0.832218 (0.750600 + 0.081618),0.820908 (0.738900 + 0.082008),0.800679 (0.718200 + 0.082479),0.826481 (0.745200 + 0.081282),0.810116 (0.728100 + 0.082016),0.829429 (0.747900 + 0.081530),0.809041 (0.726300 + 0.082741),0.823590 (0.741600 + 0.081990),0.810570 (0.727200 + 0.083370),0.821667 (0.739800 + 0.081867),0.808848 (0.727200 + 0.081648),0.828044 (0.746100 + 0.081944),0.814626 (0.732600 + 0.082026),0.814291 (0.732600 + 0.081691),0.818808 (0.736200 + 0.082608),0.826022 (0.744300 + 0.081722),0.823237 (0.741600 + 0.081637),0.817103 (0.734400 + 0.082703),0.811137 (0.729000 + 0.082137),0.821383 (0.739800 + 0.081583),0.820239 (0.738000 + 0.082239),0.823392 (0.740700 + 0.082692),0.818959 (0.737100 + 0.081859),0.823853 (0.741600 + 0.082253),0.816046 (0.733500 + 0.082546),0.832155 (0.749700 + 0.082455),0.828603 (0.746100 + 0.082503),0.822544 (0.739800 + 0.082744),0.808561 (0.727200 + 0.081361),0.803920 (0.721800 + 0.082120),0.823982 (0.740700 + 0.083282),0.820717 (0.738900 + 0.081817),0.804287 (0.721800 + 0.082487),0.819401 (0.737100 + 0.082301),0.817258 (0.735300 + 0.081958),0.818835 (0.737100 + 0.081735),0.811824 (0.730800 + 0.081024),0.805147 (0.722700 + 0.082447),0.841090 (0.758700 + 0.082390),0.819975 (0.737100 + 0.082875),0.823815 (0.741600 + 0.082215),0.828694 (0.747000 + 0.081694),0.813379 (0.732600 + 0.080779),0.815616 (0.733500 + 0.082116),0.822959 (0.740700 + 0.082259),0.808297 (0.725400 + 0.082897),0.832722 (0.750600 + 0.082122),0.834864 (0.752400 + 0.082464),0.823818 (0.741600 + 0.082218),0.824635 (0.743400 + 0.081235),0.810551 (0.728100 + 0.082451),0.816986 (0.735300 + 0.081686),0.820689 (0.738000 + 0.082689),0.826254 (0.744300 + 0.081954),0.836336 (0.754200 + 0.082136),0.819774 (0.738000 + 0.081774),0.822726 (0.740700 + 0.082026),0.813466 (0.731700 + 0.081766),0.824245 (0.741600 + 0.082645),0.821667 (0.739800 + 0.081867),0.819730 (0.737100 + 0.082630),0.826491 (0.745200 + 0.081291),0.816304 (0.734400 + 0.081904),0.820875 (0.738900 + 0.081976),0.817526 (0.735300 + 0.082226),0.840626 (0.758700 + 0.081926),0.821301 (0.738900 + 0.082401),0.828706 (0.747000 + 0.081706),0.825538 (0.743400 + 0.082138),0.826791 (0.745200 + 0.081591),0.814862 (0.732600 + 0.082262),0.816169 (0.733500 + 0.082669)
6,0.850778 (0.768600 + 0.082178),0.831084 (0.747900 + 0.083184),0.821463 (0.739800 + 0.081663),0.824619 (0.742500 + 0.082119),0.828928 (0.746100 + 0.082828),0.838021 (0.756000 + 0.082021),0.838314 (0.756000 + 0.082314),0.839200 (0.756900 + 0.082300),0.832319 (0.749700 + 0.082620),0.825978 (0.744300 + 0.081678),0.823869 (0.741600 + 0.082270),0.822348 (0.740700 + 0.081648),0.821308 (0.739800 + 0.081508),0.835892 (0.754200 + 0.081692),0.816875 (0.735300 + 0.081575),0.826622 (0.744300 + 0.082322),0.835533 (0.753300 + 0.082233),0.825303 (0.743400 + 0.081903),0.808232 (0.724500 + 0.083732),0.820800 (0.738000 + 0.082800),0.817657 (0.735300 + 0.082357),0.827521 (0.746100 + 0.081421),0.835283 (0.752400 + 0.082883),0.833108 (0.750600 + 0.082508),0.830014 (0.748800 + 0.081214),0.824415 (0.742500 + 0.081915),0.813161 (0.730800 + 0.082361),0.821901 (0.740700 + 0.081201),0.819670 (0.736200 + 0.083470),0.830631 (0.747900 + 0.082731),0.826802 (0.745200 + 0.081603),0.831622 (0.749700 + 0.081922),0.815222 (0.733500 + 0.081722),0.813006 (0.729900 + 0.083106),0.822157 (0.740700 + 0.081457),0.846855 (0.765000 + 0.081855),0.822094 (0.739800 + 0.082294),0.815330 (0.733500 + 0.081830),0.823368 (0.741600 + 0.081768),0.816675 (0.734400 + 0.082275),0.827272 (0.746100 + 0.081172),0.824551 (0.742500 + 0.082051),0.807069 (0.726300 + 0.080769),0.829197 (0.747000 + 0.082197),0.815210 (0.733500 + 0.081710),0.824112 (0.742500 + 0.081612),0.817226 (0.734400 + 0.082826),0.845778 (0.763200 + 0.082578),0.823596 (0.742500 + 0.081096),0.822659 (0.741600 + 0.081059),0.833441 (0.751500 + 0.081942),0.819705 (0.738000 + 0.081705),0.810865 (0.729000 + 0.081865),0.827178 (0.745200 + 0.081978),0.836641 (0.755100 + 0.081542),0.825382 (0.743400 + 0.081982),0.823126 (0.741600 + 0.081526),0.829915 (0.748800 + 0.081115),0.816257 (0.733500 + 0.082757),0.830003 (0.747900 + 0.082103),0.821345 (0.739800 + 0.081545),0.803602 (0.720900 + 0.082702),0.823131 (0.741600 + 0.081531),0.813273 (0.730800 + 0.082473),0.813899 (0.732600 + 0.081299),0.841124 (0.759600 + 0.081524),0.819763 (0.737100 + 0.082663),0.822668 (0.739800 + 0.082868),0.821302 (0.739800 + 0.081502),0.822379 (0.740700 + 0.081679),0.820768 (0.738000 + 0.082768),0.821450 (0.739800 + 0.081650),0.829633 (0.747900 + 0.081733),0.816525 (0.734400 + 0.082125),0.825355 (0.743400 + 0.081955),0.827895 (0.746100 + 0.081795),0.815988 (0.733500 + 0.082488),0.814744 (0.733500 + 0.081244),0.826963 (0.744300 + 0.082663),0.831831 (0.748800 + 0.083031),0.823489 (0.741600 + 0.081889),0.819165 (0.737100 + 0.082065),0.846240 (0.764100 + 0.082140),0.812557 (0.730800 + 0.081757),0.825615 (0.743400 + 0.082215),0.818833 (0.736200 + 0.082633),0.815188 (0.734400 + 0.080788),0.819331 (0.737100 + 0.082231),0.845106 (0.763200 + 0.081906),0.832788 (0.750600 + 0.082188),0.831417 (0.749700 + 0.081717),0.812546 (0.731700 + 0.080846),0.830240 (0.747900 + 0.082340),0.811644 (0.730800 + 0.080844),0.817901 (0.736200 + 0.081701),0.821545 (0.738900 + 0.082645),0.815520 (0.733500 + 0.082020),0.826596 (0.744300 + 0.082296),0.815419 (0.733500 + 0.081919),0.834072 (0.752400 + 0.081672)
7,0.850778 (0.768600 + 0.082178),0.832256 (0.749700 + 0.082556),0.824619 (0.742500 + 0.082119),0.827014 (0.745200 + 0.081814),0.835703 (0.753300 + 0.082403),0.812691 (0.729900 + 0.082791),0.828114 (0.746100 + 0.082014),0.831880 (0.749700 + 0.082180),0.810865 (0.729000 + 0.081865),0.837924 (0.756900 + 0.081024),0.812018 (0.729900 + 0.082118),0.829392 (0.747000 + 0.082392),0.824826 (0.742500 + 0.082326),0.816984 (0.735300 + 0.081684),0.833586 (0.751500 + 0.082086),0.836426 (0.754200 + 0.082226),0.817916 (0.736200 + 0.081716),0.822687 (0.739800 + 0.082887),0.832943 (0.750600 + 0.082343),0.814238 (0.732600 + 0.081638),0.841171 (0.758700 + 0.082471),0.846343 (0.764100 + 0.082243),0.825684 (0.744300 + 0.081384),0.831076 (0.749700 + 0.081376),0.829939 (0.747900 + 0.082039),0.813204 (0.731700 + 0.081504),0.838048 (0.756900 + 0.081148),0.822554 (0.740700 + 0.081854),0.832975 (0.751500 + 0.081475),0.846855 (0.765000 + 0.081855),0.830631 (0.747900 + 0.082731),0.815161 (0.734400 + 0.080761),0.829578 (0.747000 + 0.082578),0.821996 (0.738900 + 0.083096),0.819998 (0.738900 + 0.081098),0.828015 (0.747000 + 0.081015),0.839530 (0.756900 + 0.082630),0.824463 (0.742500 + 0.081963),0.828777 (0.747000 + 0.081777),0.825908 (0.743400 + 0.082508),0.838984 (0.756900 + 0.082084),0.825454 (0.744300 + 0.081154),0.845655 (0.763200 + 0.082455),0.826622 (0.744300 + 0.082322),0.839200 (0.756900 + 0.082300),0.834541 (0.752400 + 0.082141),0.825945 (0.743400 + 0.082545),0.811108 (0.729000 + 0.082108),0.845768 (0.763200 + 0.082568),0.825234 (0.743400 + 0.081834),0.822075 (0.740700 + 0.081375),0.830421 (0.747900 + 0.082521),0.822744 (0.740700 + 0.082044),0.834449 (0.752400 + 0.082049),0.826622 (0.744300 + 0.082322),0.813420 (0.731700 + 0.081720),0.818043 (0.737100 + 0.080943),0.830631 (0.747900 + 0.082731),0.839200 (0.756900 + 0.082300),0.833327 (0.751500 + 0.081827),0.844578 (0.762300 + 0.082278),0.826802 (0.745200 + 0.081603),0.821463 (0.739800 + 0.081663),0.838547 (0.756000 + 0.082547),0.826447 (0.745200 + 0.081247),0.822507 (0.739800 + 0.082707),0.817766 (0.735300 + 0.082466),0.830273 (0.747900 + 0.082373),0.833547 (0.751500 + 0.082047),0.829786 (0.747900 + 0.081886),0.821295 (0.738900 + 0.082395),0.830014 (0.748800 + 0.081214),0.825382 (0.743400 + 0.081982),0.824239 (0.743400 + 0.080839),0.830003 (0.747900 + 0.082103),0.825071 (0.742500 + 0.082571),0.824571 (0.742500 + 0.082072),0.833107 (0.751500 + 0.081607),0.815344 (0.734400 + 0.080944),0.836283 (0.755100 + 0.081183),0.826253 (0.743400 + 0.082853),0.824619 (0.742500 + 0.082119),0.826033 (0.744300 + 0.081733),0.821886 (0.740700 + 0.081186),0.822703 (0.738900 + 0.083803),0.828980 (0.747000 + 0.081980),0.836958 (0.755100 + 0.081858),0.831367 (0.749700 + 0.081667),0.831219 (0.748800 + 0.082419),0.834534 (0.751500 + 0.083034),0.828658 (0.746100 + 0.082558),0.819359 (0.738000 + 0.081359),0.822405 (0.740700 + 0.081705),0.844354 (0.761400 + 0.082954),0.829993 (0.747900 + 0.082093),0.829741 (0.747900 + 0.081841),0.824175 (0.742500 + 0.081675),0.851030 (0.768600 + 0.082430),0.819056 (0.737100 + 0.081956),0.817111 (0.734400 + 0.082711)
8,0.851030 (0.768600 + 0.082430),0.829393 (0.748800 + 0.080593),0.838455 (0.756000 + 0.082455),0.849491 (0.767700 + 0.081791),0.825438 (0.743400 + 0.082038),0.821389 (0.739800 + 0.081589),0.841008 (0.758700 + 0.082308),0.826719 (0.744300 + 0.082419),0.839278 (0.756900 + 0.082378),0.834514 (0.752400 + 0.082114),0.839511 (0.756900 + 0.082611),0.831860 (0.749700 + 0.082160),0.820208 (0.738900 + 0.081308),0.836770 (0.755100 + 0.081670),0.825404 (0.743400 + 0.082004),0.827371 (0.745200 + 0.082171),0.823804 (0.741600 + 0.082204),0.846855 (0.765000 + 0.081855),0.827958 (0.746100 + 0.081858),0.836156 (0.754200 + 0.081956),0.836150 (0.755100 + 0.081050),0.839368 (0.756900 + 0.082468),0.828250 (0.746100 + 0.082150),0.846855 (0.765000 + 0.081855),0.829578 (0.747000 + 0.082578),0.824374 (0.742500 + 0.081874),0.822372 (0.740700 + 0.081672),0.813713 (0.731700 + 0.082013),0.833126 (0.751500 + 0.081626),0.824120 (0.742500 + 0.081620),0.829326 (0.747900 + 0.081426),0.843678 (0.761400 + 0.082278),0.826323 (0.743400 + 0.082923),0.840657 (0.757800 + 0.082857),0.831365 (0.748800 + 0.082565),0.833721 (0.752400 + 0.081321),0.833277 (0.750600 + 0.082677),0.826160 (0.743400 + 0.082760),0.841810 (0.759600 + 0.082210),0.825058 (0.742500 + 0.082558),0.819317 (0.737100 + 0.082217),0.845881 (0.764100 + 0.081781),0.834103 (0.751500 + 0.082603),0.829990 (0.748800 + 0.081190),0.835343 (0.752400 + 0.082943),0.836870 (0.755100 + 0.081770),0.833575 (0.751500 + 0.082075),0.828184 (0.746100 + 0.082084),0.819530 (0.737100 + 0.082430),0.829207 (0.746100 + 0.083107),0.826820 (0.743400 + 0.083420),0.816473 (0.734400 + 0.082073),0.827008 (0.745200 + 0.081808),0.820016 (0.738900 + 0.081116),0.836893 (0.753300 + 0.083593),0.836393 (0.754200 + 0.082193),0.830003 (0.747900 + 0.082103),0.829103 (0.747000 + 0.082103),0.820010 (0.737100 + 0.082910),0.830495 (0.748800 + 0.081695),0.839770 (0.757800 + 0.081970),0.832389 (0.750600 + 0.081789),0.840111 (0.757800 + 0.082311),0.825928 (0.743400 + 0.082528),0.816100 (0.735300 + 0.080800),0.823458 (0.741600 + 0.081858),0.829821 (0.747900 + 0.081921),0.830135 (0.748800 + 0.081335),0.836448 (0.754200 + 0.082248),0.833178 (0.751500 + 0.081678),0.836030 (0.755100 + 0.080930),0.834428 (0.753300 + 0.081128),0.839995 (0.757800 + 0.082195),0.844354 (0.761400 + 0.082954),0.838984 (0.756900 + 0.082084),0.817591 (0.735300 + 0.082291),0.827376 (0.746100 + 0.081276),0.817500 (0.736200 + 0.081300),0.827574 (0.745200 + 0.082374),0.839103 (0.756900 + 0.082203),0.833844 (0.751500 + 0.082344),0.816758 (0.734400 + 0.082358),0.823376 (0.740700 + 0.082675),0.824251 (0.742500 + 0.081752),0.827903 (0.745200 + 0.082703),0.837073 (0.754200 + 0.082873),0.829486 (0.747000 + 0.082486),0.828879 (0.747000 + 0.081879),0.832455 (0.749700 + 0.082755),0.815393 (0.734400 + 0.080993),0.832677 (0.749700 + 0.082977),0.839200 (0.756900 + 0.082300),0.831367 (0.749700 + 0.081667),0.829023 (0.747000 + 0.082023),0.826458 (0.745200 + 0.081258),0.822289 (0.740700 + 0.081589),0.816018 (0.734400 + 0.081618),0.828694 (0.746100 + 0.082594),0.824158 (0.741600 + 0.082558),0.837783 (0.756000 + 0.081783)
9,0.851030 (0.768600 + 0.082430),0.838306 (0.756000 + 0.082306),0.834788 (0.752400 + 0.082388),0.833003 (0.750600 + 0.082403),0.834888 (0.752400 + 0.082488),0.836053 (0.753300 + 0.082753),0.840934 (0.758700 + 0.082234),0.837179 (0.754200 + 0.082979),0.844385 (0.762300 + 0.082085),0.830853 (0.748800 + 0.082053),0.828835 (0.747000 + 0.081835),0.834219 (0.751500 + 0.082719),0.824042 (0.741600 + 0.082442),0.825103 (0.742500 + 0.082603),0.829827 (0.747900 + 0.081927),0.851030 (0.768600 + 0.082430),0.833277 (0.750600 + 0.082677),0.839876 (0.757800 + 0.082076),0.828454 (0.745200 + 0.083254),0.818421 (0.737100 + 0.081321),0.852302 (0.770400 + 0.081902),0.827104 (0.745200 + 0.081904),0.823616 (0.741600 + 0.082016),0.835243 (0.753300 + 0.081943),0.822451 (0.739800 + 0.082651),0.833891 (0.751500 + 0.082392),0.827477 (0.747000 + 0.080477),0.838261 (0.756000 + 0.082261),0.817457 (0.736200 + 0.081257),0.849331 (0.767700 + 0.081631),0.844577 (0.762300 + 0.082277),0.843678 (0.761400 + 0.082278),0.839200 (0.756900 + 0.082300),0.825088 (0.742500 + 0.082588),0.828130 (0.745200 + 0.082930),0.830354 (0.748800 + 0.081554),0.830309 (0.747900 + 0.082409),0.844537 (0.762300 + 0.082237),0.826327 (0.744300 + 0.082027),0.837717 (0.756000 + 0.081717),0.842355 (0.760500 + 0.081855),0.829147 (0.747000 + 0.082147),0.831264 (0.748800 + 0.082464),0.819595 (0.737100 + 0.082495),0.824434 (0.742500 + 0.081934),0.825460 (0.743400 + 0.082060),0.827821 (0.746100 + 0.081721),0.847615 (0.765000 + 0.082616),0.827819 (0.745200 + 0.082619),0.839368 (0.756900 + 0.082468),0.834514 (0.752400 + 0.082114),0.846855 (0.765000 + 0.081855),0.827376 (0.746100 + 0.081276),0.829871 (0.747900 + 0.081971),0.841810 (0.759600 + 0.082210),0.830018 (0.747900 + 0.082118),0.851649 (0.769500 + 0.082149),0.841008 (0.758700 + 0.082308),0.844354 (0.761400 + 0.082954),0.818719 (0.736200 + 0.082519),0.837110 (0.755100 + 0.082010),0.835066 (0.753300 + 0.081766),0.822314 (0.740700 + 0.081614),0.825910 (0.743400 + 0.082510),0.828073 (0.746100 + 0.081974),0.846855 (0.765000 + 0.081855),0.818614 (0.736200 + 0.082414),0.815816 (0.734400 + 0.081416),0.847821 (0.765900 + 0.081921),0.834803 (0.752400 + 0.082403),0.847668 (0.765000 + 0.082668),0.841008 (0.758700 + 0.082308),0.841008 (0.758700 + 0.082308),0.836870 (0.755100 + 0.081770),0.836870 (0.755100 + 0.081770),0.839200 (0.756900 + 0.082300),0.826741 (0.745200 + 0.081541),0.838554 (0.756000 + 0.082554),0.818728 (0.737100 + 0.081628),0.825875 (0.743400 + 0.082475),0.834181 (0.752400 + 0.081781),0.830003 (0.747900 + 0.082103),0.822289 (0.740700 + 0.081589),0.850255 (0.768600 + 0.081656),0.834053 (0.752400 + 0.081653),0.843571 (0.761400 + 0.082171),0.823416 (0.740700 + 0.082716),0.830346 (0.747000 + 0.083346),0.825908 (0.743400 + 0.082508),0.828859 (0.747000 + 0.081859),0.848097 (0.765900 + 0.082197),0.844354 (0.761400 + 0.082954),0.829326 (0.747900 + 0.081426),0.822361 (0.739800 + 0.082561),0.822826 (0.740700 + 0.082126),0.825863 (0.743400 + 0.082464),0.836051 (0.753300 + 0.082751),0.838553 (0.756000 + 0.082553),0.827101 (0.744300 + 0.082801),0.837488 (0.755100 + 0.082388)
10,0.852302 (0.770400 + 0.081902),0.822833 (0.740700 + 0.082133),0.833044 (0.751500 + 0.081544),0.849656 (0.767700 + 0.081956),0.835474 (0.753300 + 0.082174),0.842747 (0.761400 + 0.081347),0.839908 (0.757800 + 0.082108),0.826947 (0.744300 + 0.082647),0.833650 (0.751500 + 0.082150),0.836520 (0.754200 + 0.082320),0.829462 (0.747000 + 0.082462),0.846855 (0.765000 + 0.081855),0.844385 (0.762300 + 0.082085),0.851030 (0.768600 + 0.082430),0.838554 (0.756000 + 0.082554),0.855239 (0.773100 + 0.082139),0.835030 (0.753300 + 0.081730),0.845636 (0.764100 + 0.081536),0.837364 (0.755100 + 0.082264),0.846500 (0.765000 + 0.081500),0.830003 (0.747900 + 0.082103),0.843087 (0.760500 + 0.082587),0.828904 (0.747000 + 0.081904),0.847615 (0.765000 + 0.082616),0.834788 (0.752400 + 0.082388),0.834943 (0.753300 + 0.081643),0.819628 (0.737100 + 0.082528),0.841656 (0.759600 + 0.082056),0.823411 (0.740700 + 0.082711),0.838830 (0.756900 + 0.081930),0.833125 (0.751500 + 0.081625),0.828562 (0.746100 + 0.082462),0.841000 (0.758700 + 0.082300),0.852295 (0.770400 + 0.081895),0.842892 (0.760500 + 0.082392),0.852850 (0.770400 + 0.082450),0.826692 (0.745200 + 0.081492),0.847849 (0.765900 + 0.081949),0.841975 (0.760500 + 0.081475),0.821930 (0.738900 + 0.083030),0.828778 (0.746100 + 0.082678),0.836261 (0.753300 + 0.082961),0.835179 (0.752400 + 0.082779),0.850157 (0.767700 + 0.082457),0.842691 (0.760500 + 0.082191),0.826028 (0.744300 + 0.081728),0.846352 (0.764100 + 0.082252),0.842328 (0.760500 + 0.081828),0.818710 (0.735300 + 0.083410),0.835367 (0.753300 + 0.082067),0.819099 (0.737100 + 0.081999),0.835615 (0.754200 + 0.081415),0.843648 (0.761400 + 0.082248),0.842626 (0.761400 + 0.081226),0.846937 (0.765000 + 0.081937),0.842776 (0.760500 + 0.082276),0.839047 (0.756900 + 0.082147),0.841514 (0.759600 + 0.081914),0.832950 (0.750600 + 0.082350),0.843289 (0.761400 + 0.081889),0.838465 (0.756000 + 0.082465),0.830836 (0.748800 + 0.082036),0.834849 (0.752400 + 0.082449),0.831997 (0.749700 + 0.082297),0.823010 (0.740700 + 0.082310),0.820720 (0.738900 + 0.081820),0.844776 (0.763200 + 0.081576),0.828143 (0.746100 + 0.082043),0.827370 (0.744300 + 0.083070),0.833559 (0.750600 + 0.082959),0.830444 (0.747900 + 0.082544),0.823495 (0.740700 + 0.082795),0.826420 (0.745200 + 0.081220),0.830651 (0.747900 + 0.082751),0.828915 (0.747000 + 0.081915),0.830799 (0.748800 + 0.081999),0.832909 (0.750600 + 0.082309),0.837443 (0.755100 + 0.082343),0.834895 (0.752400 + 0.082495),0.842508 (0.760500 + 0.082008),0.825753 (0.744300 + 0.081453),0.833575 (0.751500 + 0.082075),0.839972 (0.757800 + 0.082172),0.845165 (0.762300 + 0.082865),0.835267 (0.753300 + 0.081967),0.838496 (0.756000 + 0.082496),0.827339 (0.744300 + 0.083039),0.825253 (0.743400 + 0.081853),0.830903 (0.748800 + 0.082103),0.826467 (0.743400 + 0.083067),0.844338 (0.762300 + 0.082038),0.819551 (0.737100 + 0.082451),0.830309 (0.747900 + 0.082409),0.834955 (0.752400 + 0.082555),0.838834 (0.756900 + 0.081934),0.840159 (0.757800 + 0.082359),0.839542 (0.757800 + 0.081742),0.840641 (0.759600 + 0.081041),0.847030 (0.765000 + 0.082030),0.846661 (0.765000 + 0.081661)
11,0.855239 (0.773100 + 0.082139),0.842930 (0.761400 + 0.081530),0.832613 (0.749700 + 0.082913),0.845337 (0.763200 + 0.082137),0.824866 (0.743400 + 0.081466),0.840160 (0.758700 + 0.081460),0.828945 (0.746100 + 0.082845),0.839208 (0.756900 + 0.082308),0.845010 (0.763200 + 0.081810),0.847849 (0.765900 + 0.081949),0.842747 (0.761400 + 0.081347),0.833590 (0.751500 + 0.082090),0.845093 (0.763200 + 0.081893),0.817712 (0.735300 + 0.082412),0.824726 (0.742500 + 0.082226),0.840068 (0.758700 + 0.081368),0.814704 (0.732600 + 0.082104),0.826660 (0.744300 + 0.082360),0.830634 (0.747900 + 0.082734),0.839401 (0.756900 + 0.082501),0.845170 (0.763200 + 0.081970),0.850280 (0.767700 + 0.082580),0.837939 (0.756000 + 0.081939),0.834917 (0.753300 + 0.081617),0.834824 (0.752400 + 0.082424),0.839310 (0.757800 + 0.081510),0.833368 (0.751500 + 0.081868),0.844391 (0.762300 + 0.082091),0.837194 (0.755100 + 0.082094),0.853770 (0.772200 + 0.081570),0.834711 (0.752400 + 0.082311),0.841975 (0.760500 + 0.081475),0.838496 (0.756000 + 0.082496),0.840017 (0.757800 + 0.082217),0.841206 (0.759600 + 0.081606),0.835943 (0.754200 + 0.081743),0.839714 (0.757800 + 0.081914),0.856917 (0.775800 + 0.081117),0.828117 (0.746100 + 0.082017),0.836541 (0.754200 + 0.082341),0.844385 (0.762300 + 0.082085),0.835894 (0.753300 + 0.082594),0.828382 (0.746100 + 0.082282),0.830849 (0.748800 + 0.082049),0.824049 (0.741600 + 0.082449),0.847573 (0.765900 + 0.081673),0.832345 (0.750600 + 0.081745),0.845970 (0.764100 + 0.081870),0.836882 (0.755100 + 0.081782),0.833311 (0.750600 + 0.082711),0.846068 (0.764100 + 0.081968),0.840383 (0.758700 + 0.081683),0.840907 (0.758700 + 0.082207),0.832364 (0.749700 + 0.082664),0.842039 (0.760500 + 0.081539),0.841451 (0.759600 + 0.081851),0.826111 (0.744300 + 0.081811),0.842222 (0.760500 + 0.081722),0.828946 (0.747000 + 0.081946),0.838874 (0.756900 + 0.081974),0.829447 (0.747000 + 0.082447),0.833287 (0.751500 + 0.081787),0.837807 (0.755100 + 0.082708),0.828103 (0.746100 + 0.082003),0.823707 (0.741600 + 0.082107),0.844776 (0.763200 + 0.081576),0.838830 (0.756900 + 0.081930),0.850255 (0.768600 + 0.081656),0.820231 (0.738900 + 0.081331),0.828054 (0.746100 + 0.081954),0.839944 (0.757800 + 0.082144),0.828769 (0.746100 + 0.082669),0.836914 (0.755100 + 0.081814),0.851765 (0.769500 + 0.082265),0.842626 (0.761400 + 0.081226),0.848417 (0.766800 + 0.081617),0.829490 (0.747900 + 0.081590),0.840785 (0.758700 + 0.082085),0.825020 (0.743400 + 0.081620),0.836561 (0.754200 + 0.082361),0.848301 (0.766800 + 0.081501),0.841124 (0.759600 + 0.081524),0.842721 (0.760500 + 0.082221),0.843328 (0.761400 + 0.081928),0.840558 (0.758700 + 0.081858),0.845698 (0.763200 + 0.082498),0.837198 (0.755100 + 0.082098),0.848993 (0.766800 + 0.082193),0.846949 (0.765000 + 0.081949),0.827339 (0.744300 + 0.083039),0.826420 (0.745200 + 0.081220),0.835297 (0.753300 + 0.081997),0.834508 (0.752400 + 0.082108),0.815612 (0.733500 + 0.082112),0.849601 (0.767700 + 0.081901),0.841097 (0.758700 + 0.082397),0.852349 (0.770400 + 0.081949),0.832011 (0.749700 + 0.082311),0.832404 (0.750600 + 0.081804),0.833737 (0.751500 + 0.082237)
12,0.856917 (0.775800 + 0.081117),0.836257 (0.755100 + 0.081157),0.836905 (0.755100 + 0.081806),0.851765 (0.769500 + 0.082265),0.844776 (0.763200 + 0.081576),0.853814 (0.772200 + 0.081614),0.845642 (0.764100 + 0.081542),0.843408 (0.761400 + 0.082008),0.850508 (0.768600 + 0.081908),0.838294 (0.756000 + 0.082294),0.840435 (0.758700 + 0.081736),0.825336 (0.743400 + 0.081936),0.842325 (0.759600 + 0.082725),0.840516 (0.758700 + 0.081816),0.843731 (0.762300 + 0.081431),0.826419 (0.744300 + 0.082119),0.824269 (0.741600 + 0.082669),0.828905 (0.746100 + 0.082805),0.831094 (0.748800 + 0.082294),0.846043 (0.765000 + 0.081043),0.830928 (0.748800 + 0.082128),0.820573 (0.738000 + 0.082573),0.832972 (0.750600 + 0.082372),0.853410 (0.771300 + 0.082110),0.839765 (0.757800 + 0.081965),0.837921 (0.756000 + 0.081921),0.834835 (0.753300 + 0.081535),0.836506 (0.754200 + 0.082306),0.841821 (0.760500 + 0.081321),0.838042 (0.756900 + 0.081142),0.849190 (0.766800 + 0.082390),0.838710 (0.756900 + 0.081810),0.839135 (0.756900 + 0.082235),0.848696 (0.766800 + 0.081896),0.844316 (0.762300 + 0.082016),0.839045 (0.757800 + 0.081245),0.842771 (0.760500 + 0.082271),0.841242 (0.759600 + 0.081642),0.836914 (0.755100 + 0.081814),0.832349 (0.750600 + 0.081749),0.838933 (0.756900 + 0.082033),0.832747 (0.750600 + 0.082147),0.854767 (0.773100 + 0.081667),0.832581 (0.750600 + 0.081981),0.831827 (0.749700 + 0.082127),0.838107 (0.756000 + 0.082107),0.832688 (0.750600 + 0.082088),0.849776 (0.767700 + 0.082076),0.841449 (0.759600 + 0.081850),0.839669 (0.757800 + 0.081869),0.842328 (0.761400 + 0.080928),0.839742 (0.757800 + 0.081942),0.836967 (0.755100 + 0.081867),0.855239 (0.773100 + 0.082139),0.848993 (0.766800 + 0.082193),0.849565 (0.768600 + 0.080965),0.850255 (0.768600 + 0.081656),0.839754 (0.757800 + 0.081954),0.820426 (0.738000 + 0.082426),0.844009 (0.762300 + 0.081709),0.828382 (0.746100 + 0.082282),0.816647 (0.734400 + 0.082247),0.829270 (0.747000 + 0.082270),0.832372 (0.749700 + 0.082672),0.822833 (0.740700 + 0.082133),0.832020 (0.750600 + 0.081420),0.843136 (0.760500 + 0.082636),0.847124 (0.765000 + 0.082124),0.848696 (0.766800 + 0.081896),0.837551 (0.756000 + 0.081551),0.827063 (0.745200 + 0.081863),0.825273 (0.743400 + 0.081873),0.844262 (0.762300 + 0.081962),0.846743 (0.764100 + 0.082643),0.822468 (0.740700 + 0.081768),0.847591 (0.765000 + 0.082591),0.829817 (0.747900 + 0.081917),0.835239 (0.753300 + 0.081939),0.838428 (0.756900 + 0.081528),0.845759 (0.764100 + 0.081659),0.836426 (0.755100 + 0.081326),0.848417 (0.766800 + 0.081617),0.846068 (0.764100 + 0.081968),0.836236 (0.754200 + 0.082036),0.842265 (0.759600 + 0.082665),0.832232 (0.749700 + 0.082532),0.834024 (0.752400 + 0.081624),0.840528 (0.758700 + 0.081828),0.854629 (0.773100 + 0.081529),0.850280 (0.767700 + 0.082580),0.859127 (0.777600 + 0.081527),0.848413 (0.766800 + 0.081613),0.819129 (0.737100 + 0.082029),0.824181 (0.742500 + 0.081682),0.846723 (0.765000 + 0.081723),0.839819 (0.757800 + 0.082019),0.840605 (0.759600 + 0.081005),0.834938 (0.753300 + 0.081638),0.828303 (0.745200 + 0.083103),0.839439 (0.757800 + 0.081639)
13,0.859127 (0.777600 + 0.081527),0.847983 (0.765900 + 0.082083),0.834815 (0.752400 + 0.082415),0.836048 (0.754200 + 0.081848),0.851912 (0.770400 + 0.081512),0.838556 (0.757800 + 0.080756),0.846043 (0.765000 + 0.081043),0.840516 (0.758700 + 0.081816),0.828382 (0.746100 + 0.082282),0.839439 (0.757800 + 0.081639),0.833519 (0.751500 + 0.082019),0.853951 (0.772200 + 0.081751),0.835535 (0.753300 + 0.082235),0.839413 (0.757800 + 0.081613),0.822383 (0.739800 + 0.082583),0.847484 (0.765900 + 0.081584),0.853882 (0.772200 + 0.081682),0.853723 (0.771300 + 0.082423),0.848144 (0.765900 + 0.082244),0.840323 (0.758700 + 0.081623),0.830897 (0.749700 + 0.081197),0.847791 (0.765900 + 0.081891),0.831992 (0.750600 + 0.081392),0.848696 (0.766800 + 0.081896),0.846068 (0.764100 + 0.081968),0.837371 (0.756000 + 0.081371),0.851148 (0.769500 + 0.081648),0.847395 (0.765900 + 0.081495),0.837782 (0.756000 + 0.081782),0.832741 (0.750600 + 0.082141),0.847706 (0.765900 + 0.081806),0.841870 (0.759600 + 0.082270),0.829298 (0.747900 + 0.081398),0.839332 (0.757800 + 0.081532),0.848180 (0.766800 + 0.081380),0.849565 (0.768600 + 0.080965),0.835435 (0.754200 + 0.081235),0.850447 (0.767700 + 0.082747),0.861458 (0.779400 + 0.082058),0.837616 (0.756000 + 0.081616),0.842218 (0.760500 + 0.081718),0.856917 (0.775800 + 0.081117),0.843942 (0.762300 + 0.081642),0.836605 (0.754200 + 0.082405),0.851388 (0.769500 + 0.081888),0.845927 (0.764100 + 0.081827),0.845927 (0.764100 + 0.081827),0.850330 (0.768600 + 0.081730),0.839425 (0.757800 + 0.081625),0.842637 (0.760500 + 0.082137),0.834641 (0.753300 + 0.081341),0.844568 (0.762300 + 0.082268),0.866770 (0.784800 + 0.081970),0.841477 (0.759600 + 0.081877),0.841116 (0.760500 + 0.080616),0.836986 (0.755100 + 0.081886),0.849447 (0.767700 + 0.081747),0.832340 (0.750600 + 0.081740),0.842127 (0.759600 + 0.082527),0.849598 (0.767700 + 0.081898),0.835878 (0.754200 + 0.081678),0.849719 (0.767700 + 0.082019),0.846128 (0.764100 + 0.082028),0.840861 (0.759600 + 0.081261),0.838440 (0.756900 + 0.081540),0.848130 (0.765900 + 0.082230),0.838183 (0.756900 + 0.081283),0.850255 (0.768600 + 0.081656),0.850255 (0.768600 + 0.081656),0.852585 (0.770400 + 0.082185),0.829097 (0.747000 + 0.082097),0.837256 (0.755100 + 0.082156),0.832030 (0.749700 + 0.082330),0.830031 (0.747900 + 0.082131),0.847526 (0.765900 + 0.081626),0.840845 (0.759600 + 0.081245),0.846271 (0.764100 + 0.082171),0.845583 (0.765000 + 0.080583),0.858594 (0.776700 + 0.081894),0.850236 (0.767700 + 0.082536),0.849901 (0.768600 + 0.081301),0.853410 (0.771300 + 0.082110),0.845759 (0.764100 + 0.081659),0.821005 (0.739800 + 0.081205),0.827180 (0.745200 + 0.081980),0.842688 (0.760500 + 0.082188),0.842901 (0.761400 + 0.081501),0.842362 (0.761400 + 0.080962),0.837361 (0.755100 + 0.082261),0.853827 (0.771300 + 0.082527),0.846590 (0.765000 + 0.081590),0.831959 (0.749700 + 0.082259),0.844214 (0.761400 + 0.082814),0.837775 (0.756000 + 0.081775),0.834933 (0.753300 + 0.081633),0.848993 (0.766800 + 0.082193),0.844316 (0.762300 + 0.082016),0.825481 (0.743400 + 0.082081),0.846226 (0.764100 + 0.082126),0.846430 (0.764100 + 0.082330)
14,0.866770 (0.784800 + 0.081970),0.838184 (0.756000 + 0.082184),0.843978 (0.763200 + 0.080778),0.848152 (0.767700 + 0.080452),0.829287 (0.747900 + 0.081387),0.842104 (0.760500 + 0.081604),0.847938 (0.765900 + 0.082038),0.866770 (0.784800 + 0.081970),0.840638 (0.759600 + 0.081038),0.844767 (0.762300 + 0.082467),0.834290 (0.753300 + 0.080990),0.837560 (0.756000 + 0.081560),0.843379 (0.760500 + 0.082879),0.840646 (0.759600 + 0.081046),0.836602 (0.754200 + 0.082402),0.847659 (0.765900 + 0.081759),0.851464 (0.769500 + 0.081964),0.842824 (0.761400 + 0.081424),0.831067 (0.748800 + 0.082267),0.850034 (0.767700 + 0.082334),0.828754 (0.747000 + 0.081754),0.847297 (0.765000 + 0.082297),0.850255 (0.768600 + 0.081656),0.854977 (0.773100 + 0.081877),0.846518 (0.765000 + 0.081518),0.842976 (0.761400 + 0.081576),0.835960 (0.754200 + 0.081760),0.848839 (0.766800 + 0.082039),0.836270 (0.754200 + 0.082070),0.837657 (0.756000 + 0.081657),0.849776 (0.768600 + 0.081176),0.845886 (0.764100 + 0.081786),0.854847 (0.773100 + 0.081747),0.844427 (0.762300 + 0.082127),0.850600 (0.768600 + 0.082000),0.848498 (0.766800 + 0.081698),0.840776 (0.758700 + 0.082076),0.844999 (0.764100 + 0.080899),0.851808 (0.769500 + 0.082308),0.846941 (0.765000 + 0.081941),0.838740 (0.756900 + 0.081840),0.853120 (0.771300 + 0.081820),0.848696 (0.766800 + 0.081896),0.834779 (0.753300 + 0.081479),0.850875 (0.769500 + 0.081375),0.842536 (0.761400 + 0.081136),0.827706 (0.746100 + 0.081606),0.834965 (0.753300 + 0.081665),0.831919 (0.750600 + 0.081319),0.827722 (0.746100 + 0.081622),0.840130 (0.758700 + 0.081431),0.846057 (0.764100 + 0.081957),0.852093 (0.770400 + 0.081693),0.848818 (0.766800 + 0.082018),0.827025 (0.745200 + 0.081825),0.839600 (0.757800 + 0.081800),0.843371 (0.761400 + 0.081971),0.844937 (0.762300 + 0.082637),0.832711 (0.750600 + 0.082111),0.853951 (0.772200 + 0.081751),0.850330 (0.768600 + 0.081730),0.842616 (0.761400 + 0.081216),0.841850 (0.759600 + 0.082250),0.839651 (0.757800 + 0.081851),0.836011 (0.754200 + 0.081811),0.843308 (0.761400 + 0.081908),0.850071 (0.768600 + 0.081472),0.851361 (0.769500 + 0.081861),0.845199 (0.763200 + 0.081999),0.840910 (0.759600 + 0.081310),0.848218 (0.765900 + 0.082318),0.839644 (0.757800 + 0.081844),0.832323 (0.750600 + 0.081723),0.837685 (0.756000 + 0.081685),0.836182 (0.754200 + 0.081982),0.851161 (0.769500 + 0.081661),0.850431 (0.768600 + 0.081831),0.847480 (0.765900 + 0.081580),0.855820 (0.774000 + 0.081820),0.853558 (0.771300 + 0.082258),0.843993 (0.762300 + 0.081693),0.844124 (0.762300 + 0.081824),0.842565 (0.760500 + 0.082065),0.830692 (0.748800 + 0.081892),0.844313 (0.762300 + 0.082013),0.831944 (0.749700 + 0.082244),0.840494 (0.757800 + 0.082694),0.840912 (0.759600 + 0.081312),0.830023 (0.747900 + 0.082123),0.828192 (0.747000 + 0.081192),0.846733 (0.765900 + 0.080833),0.853768 (0.772200 + 0.081569),0.851912 (0.770400 + 0.081512),0.837036 (0.755100 + 0.081936),0.837804 (0.756000 + 0.081804),0.838107 (0.756000 + 0.082107),0.848857 (0.766800 + 0.082057),0.841462 (0.759600 + 0.081862),0.840797 (0.758700 + 0.082097),0.848163 (0.765900 + 0.082263)
15,0.866770 (0.784800 + 0.081970),0.835165 (0.753300 + 0.081865),0.846772 (0.765000 + 0.081772),0.839586 (0.758700 + 0.080886),0.858529 (0.775800 + 0.082729),0.841198 (0.759600 + 0.081598),0.846924 (0.765000 + 0.081924),0.823406 (0.741600 + 0.081806),0.852900 (0.771300 + 0.081600),0.843027 (0.761400 + 0.081627),0.837853 (0.756000 + 0.081853),0.835728 (0.754200 + 0.081528),0.832534 (0.750600 + 0.081934),0.845223 (0.763200 + 0.082023),0.843501 (0.761400 + 0.082101),0.855815 (0.774000 + 0.081815),0.838549 (0.756900 + 0.081649),0.847939 (0.765900 + 0.082039),0.846049 (0.764100 + 0.081949),0.837553 (0.755100 + 0.082453),0.848226 (0.765900 + 0.082326),0.854977 (0.773100 + 0.081877),0.853768 (0.772200 + 0.081569),0.832898 (0.751500 + 0.081398),0.846378 (0.764100 + 0.082278),0.849048 (0.767700 + 0.081348),0.854254 (0.772200 + 0.082054),0.852585 (0.771300 + 0.081285),0.853012 (0.770400 + 0.082612),0.839758 (0.757800 + 0.081958),0.832532 (0.750600 + 0.081932),0.837716 (0.756000 + 0.081716),0.843904 (0.762300 + 0.081604),0.841664 (0.759600 + 0.082064),0.856521 (0.774900 + 0.081622),0.841929 (0.759600 + 0.082329),0.846840 (0.765000 + 0.081840),0.828294 (0.747000 + 0.081294),0.841234 (0.759600 + 0.081634),0.845270 (0.763200 + 0.082070),0.842018 (0.760500 + 0.081518),0.854751 (0.773100 + 0.081651),0.840146 (0.758700 + 0.081446),0.848714 (0.766800 + 0.081914),0.836697 (0.755100 + 0.081597),0.839236 (0.757800 + 0.081436),0.848448 (0.766800 + 0.081648),0.845704 (0.764100 + 0.081604),0.842797 (0.760500 + 0.082296),0.834773 (0.753300 + 0.081473),0.842460 (0.760500 + 0.081960),0.834043 (0.752400 + 0.081643),0.854976 (0.773100 + 0.081876),0.840007 (0.757800 + 0.082207),0.849527 (0.767700 + 0.081827),0.844679 (0.763200 + 0.081479),0.837577 (0.756000 + 0.081577),0.844822 (0.763200 + 0.081622),0.845380 (0.763200 + 0.082180),0.839857 (0.758700 + 0.081157),0.847723 (0.765900 + 0.081823),0.843529 (0.761400 + 0.082129),0.849640 (0.768600 + 0.081041),0.848498 (0.766800 + 0.081698),0.847659 (0.765900 + 0.081759),0.829242 (0.747900 + 0.081342),0.844508 (0.763200 + 0.081308),0.849245 (0.767700 + 0.081545),0.846606 (0.765000 + 0.081606),0.845343 (0.764100 + 0.081243),0.830286 (0.748800 + 0.081486),0.849629 (0.767700 + 0.081929),0.835616 (0.755100 + 0.080516),0.837990 (0.756000 + 0.081990),0.850514 (0.768600 + 0.081914),0.833438 (0.751500 + 0.081938),0.849876 (0.767700 + 0.082176),0.854258 (0.772200 + 0.082058),0.840860 (0.759600 + 0.081260),0.835120 (0.753300 + 0.081820),0.863027 (0.781200 + 0.081827),0.857963 (0.776700 + 0.081263),0.850685 (0.768600 + 0.082086),0.835342 (0.753300 + 0.082042),0.837716 (0.756000 + 0.081716),0.856611 (0.774900 + 0.081711),0.838354 (0.756900 + 0.081454),0.842340 (0.760500 + 0.081840),0.842456 (0.760500 + 0.081956),0.854874 (0.773100 + 0.081774),0.838874 (0.756900 + 0.081974),0.832798 (0.751500 + 0.081298),0.843509 (0.761400 + 0.082109),0.835267 (0.753300 + 0.081967),0.851413 (0.769500 + 0.081913),0.842961 (0.761400 + 0.081561),0.840287 (0.759600 + 0.080687),0.850482 (0.768600 + 0.081882),0.849678 (0.767700 + 0.081978),0.845454 (0.764100 + 0.081354)
16,0.866770 (0.784800 + 0.081970),0.845712 (0.763200 + 0.082512),0.839829 (0.757800 + 0.082029),0.855698 (0.774000 + 0.081698),0.848992 (0.766800 + 0.082192),0.844768 (0.763200 + 0.081568),0.861002 (0.779400 + 0.081602),0.840924 (0.758700 + 0.082224),0.838297 (0.756900 + 0.081397),0.844524 (0.762300 + 0.082224),0.852630 (0.771300 + 0.081330),0.844494 (0.763200 + 0.081294),0.850050 (0.768600 + 0.081450),0.851671 (0.769500 + 0.082171),0.837140 (0.755100 + 0.082040),0.836401 (0.755100 + 0.081301),0.830870 (0.748800 + 0.082070),0.846724 (0.765000 + 0.081724),0.846990 (0.765000 + 0.081990),0.844425 (0.764100 + 0.080326),0.828865 (0.747000 + 0.081865),0.857404 (0.775800 + 0.081604),0.839908 (0.757800 + 0.082108),0.850109 (0.768600 + 0.081509),0.836697 (0.755100 + 0.081597),0.841368 (0.760500 + 0.080868),0.844571 (0.762300 + 0.082271),0.841468 (0.760500 + 0.080968),0.846230 (0.764100 + 0.082130),0.833709 (0.751500 + 0.082209),0.844950 (0.763200 + 0.081750),0.839894 (0.757800 + 0.082094),0.853646 (0.772200 + 0.081446),0.841068 (0.758700 + 0.082368),0.850459 (0.768600 + 0.081859),0.843084 (0.761400 + 0.081684),0.838164 (0.756000 + 0.082164),0.838558 (0.756900 + 0.081658),0.864179 (0.782100 + 0.082079),0.848572 (0.766800 + 0.081772),0.843360 (0.761400 + 0.081960),0.836778 (0.755100 + 0.081678),0.845764 (0.764100 + 0.081664),0.848498 (0.766800 + 0.081698),0.848498 (0.766800 + 0.081698),0.846752 (0.765000 + 0.081752),0.842192 (0.760500 + 0.081692),0.843218 (0.761400 + 0.081818),0.841212 (0.758700 + 0.082512),0.850755 (0.769500 + 0.081255),0.839413 (0.756900 + 0.082513),0.836322 (0.754200 + 0.082122),0.841913 (0.760500 + 0.081413),0.822699 (0.741600 + 0.081099),0.843310 (0.761400 + 0.081911),0.839458 (0.757800 + 0.081658),0.843120 (0.761400 + 0.081720),0.835774 (0.754200 + 0.081574),0.850505 (0.768600 + 0.081905),0.861996 (0.780300 + 0.081696),0.844390 (0.762300 + 0.082090),0.849640 (0.768600 + 0.081041),0.842961 (0.761400 + 0.081561),0.837825 (0.756900 + 0.080925),0.836567 (0.754200 + 0.082367),0.860274 (0.778500 + 0.081774),0.842199 (0.760500 + 0.081699),0.843046 (0.761400 + 0.081646),0.850076 (0.768600 + 0.081476),0.833388 (0.751500 + 0.081888),0.843565 (0.761400 + 0.082165),0.852585 (0.771300 + 0.081285),0.849629 (0.767700 + 0.081929),0.844800 (0.763200 + 0.081600),0.845195 (0.763200 + 0.081995),0.858293 (0.776700 + 0.081593),0.831547 (0.749700 + 0.081847),0.845720 (0.764100 + 0.081620),0.857682 (0.775800 + 0.081882),0.850700 (0.769500 + 0.081200),0.850875 (0.769500 + 0.081375),0.854803 (0.773100 + 0.081703),0.850428 (0.768600 + 0.081828),0.834764 (0.752400 + 0.082364),0.848121 (0.765900 + 0.082221),0.847757 (0.765900 + 0.081857),0.853513 (0.772200 + 0.081313),0.852406 (0.770400 + 0.082006),0.837479 (0.756900 + 0.080579),0.838852 (0.756900 + 0.081952),0.841881 (0.759600 + 0.082281),0.848552 (0.765900 + 0.082652),0.837594 (0.756000 + 0.081594),0.851862 (0.770400 + 0.081462),0.847274 (0.765900 + 0.081374),0.847684 (0.765900 + 0.081784),0.845138 (0.764100 + 0.081038),0.851339 (0.770400 + 0.080939),0.846333 (0.765000 + 0.081333),0.840510 (0.759600 + 0.080910)
17,0.866770 (0.784800 + 0.081970),0.836151 (0.754200 + 0.081952),0.838468 (0.756900 + 0.081568),0.854704 (0.773100 + 0.081604),0.860274 (0.778500 + 0.081774),0.837314 (0.755100 + 0.082214),0.838816 (0.756900 + 0.081916),0.840101 (0.758700 + 0.081401),0.852802 (0.771300 + 0.081502),0.848231 (0.766800 + 0.081431),0.849162 (0.767700 + 0.081462),0.851128 (0.769500 + 0.081628),0.853167 (0.771300 + 0.081867),0.851132 (0.769500 + 0.081632),0.855239 (0.773100 + 0.082139),0.841407 (0.759600 + 0.081807),0.857856 (0.775800 + 0.082056),0.856541 (0.774900 + 0.081641),0.849385 (0.767700 + 0.081685),0.852451 (0.770400 + 0.082051),0.845641 (0.765000 + 0.080641),0.855513 (0.774000 + 0.081513),0.857059 (0.775800 + 0.081259),0.857506 (0.775800 + 0.081706),0.835211 (0.754200 + 0.081011),0.842583 (0.761400 + 0.081183),0.846689 (0.765000 + 0.081689),0.842579 (0.760500 + 0.082079),0.838101 (0.756000 + 0.082101),0.848916 (0.766800 + 0.082116),0.840416 (0.757800 + 0.082616),0.851454 (0.769500 + 0.081954),0.838294 (0.756900 + 0.081394),0.845595 (0.764100 + 0.081495),0.845756 (0.764100 + 0.081656),0.847897 (0.765900 + 0.081997),0.839916 (0.758700 + 0.081216),0.856518 (0.774900 + 0.081618),0.837348 (0.755100 + 0.082248),0.832402 (0.750600 + 0.081802),0.851439 (0.770400 + 0.081039),0.851957 (0.770400 + 0.081557),0.848503 (0.766800 + 0.081703),0.852657 (0.771300 + 0.081357),0.841006 (0.759600 + 0.081406),0.842474 (0.760500 + 0.081974),0.859375 (0.777600 + 0.081775),0.848041 (0.766800 + 0.081241),0.839830 (0.758700 + 0.081130),0.848121 (0.765900 + 0.082221),0.841222 (0.758700 + 0.082522),0.844626 (0.763200 + 0.081426),0.850924 (0.768600 + 0.082325),0.840104 (0.757800 + 0.082304),0.834345 (0.753300 + 0.081045),0.842962 (0.762300 + 0.080662),0.848884 (0.767700 + 0.081184),0.843000 (0.761400 + 0.081600),0.840865 (0.758700 + 0.082165),0.842594 (0.761400 + 0.081194),0.844710 (0.762300 + 0.082410),0.840700 (0.758700 + 0.082000),0.832562 (0.750600 + 0.081962),0.844137 (0.762300 + 0.081837),0.842855 (0.760500 + 0.082355),0.865225 (0.783000 + 0.082225),0.840734 (0.758700 + 0.082034),0.838672 (0.756900 + 0.081772),0.834897 (0.753300 + 0.081597),0.852049 (0.770400 + 0.081649),0.846333 (0.765000 + 0.081333),0.844690 (0.763200 + 0.081490),0.848883 (0.766800 + 0.082083),0.849606 (0.767700 + 0.081906),0.843523 (0.761400 + 0.082123),0.862904 (0.781200 + 0.081704),0.833949 (0.753300 + 0.080649),0.839972 (0.758700 + 0.081272),0.836218 (0.754200 + 0.082018),0.833077 (0.751500 + 0.081577),0.841221 (0.759600 + 0.081621),0.842103 (0.761400 + 0.080703),0.844942 (0.763200 + 0.081742),0.848223 (0.766800 + 0.081423),0.843657 (0.761400 + 0.082257),0.850529 (0.768600 + 0.081929),0.855387 (0.774000 + 0.081387),0.842577 (0.760500 + 0.082076),0.857047 (0.775800 + 0.081247),0.842925 (0.761400 + 0.081525),0.847298 (0.765000 + 0.082298),0.838556 (0.756900 + 0.081656),0.857668 (0.775800 + 0.081868),0.834088 (0.752400 + 0.081688),0.848613 (0.766800 + 0.081813),0.847175 (0.765000 + 0.082175),0.851604 (0.769500 + 0.082104),0.836622 (0.756000 + 0.080622),0.851780 (0.770400 + 0.081380),0.841182 (0.759600 + 0.081582)
18,0.866770 (0.784800 + 0.081970),0.853285 (0.772200 + 0.081085),0.856631 (0.774900 + 0.081731),0.832459 (0.750600 + 0.081859),0.857047 (0.775800 + 0.081247),0.841317 (0.759600 + 0.081717),0.835784 (0.754200 + 0.081584),0.856773 (0.774900 + 0.081873),0.852153 (0.770400 + 0.081753),0.854959 (0.773100 + 0.081859),0.845921 (0.764100 + 0.081821),0.832466 (0.750600 + 0.081866),0.850912 (0.769500 + 0.081412),0.860829 (0.778500 + 0.082329),0.844416 (0.762300 + 0.082116),0.857608 (0.775800 + 0.081808),0.846811 (0.765000 + 0.081811),0.842655 (0.761400 + 0.081255),0.854103 (0.772200 + 0.081903),0.843330 (0.761400 + 0.081930),0.855785 (0.774000 + 0.081785),0.846526 (0.765000 + 0.081526),0.856412 (0.774900 + 0.081512),0.844176 (0.762300 + 0.081876),0.844812 (0.763200 + 0.081612),0.855764 (0.774000 + 0.081764),0.851639 (0.770400 + 0.081239),0.848083 (0.766800 + 0.081283),0.846929 (0.765000 + 0.081929),0.848954 (0.767700 + 0.081254),0.857341 (0.775800 + 0.081541),0.840582 (0.757800 + 0.082782),0.844165 (0.762300 + 0.081865),0.849213 (0.767700 + 0.081513),0.854076 (0.772200 + 0.081876),0.857038 (0.774900 + 0.082138),0.849282 (0.767700 + 0.081583),0.843308 (0.762300 + 0.081008),0.855387 (0.774000 + 0.081387),0.847788 (0.765900 + 0.081888),0.840804 (0.759600 + 0.081204),0.845450 (0.764100 + 0.081350),0.860185 (0.778500 + 0.081685),0.852345 (0.771300 + 0.081045),0.845641 (0.765000 + 0.080641),0.855239 (0.773100 + 0.082139),0.848884 (0.767700 + 0.081184),0.845641 (0.765000 + 0.080641),0.825696 (0.744300 + 0.081396),0.849910 (0.768600 + 0.081310),0.852557 (0.770400 + 0.082157),0.848053 (0.765900 + 0.082152),0.845601 (0.764100 + 0.081501),0.844404 (0.762300 + 0.082105),0.833733 (0.752400 + 0.081333),0.844609 (0.763200 + 0.081409),0.849513 (0.767700 + 0.081813),0.847082 (0.765000 + 0.082082),0.847798 (0.765900 + 0.081898),0.849332 (0.767700 + 0.081632),0.843063 (0.762300 + 0.080763),0.845508 (0.764100 + 0.081408),0.828054 (0.746100 + 0.081954),0.837013 (0.755100 + 0.081913),0.841742 (0.760500 + 0.081242),0.850049 (0.768600 + 0.081449),0.846878 (0.765000 + 0.081878),0.846124 (0.764100 + 0.082024),0.853510 (0.772200 + 0.081310),0.846166 (0.764100 + 0.082066),0.855960 (0.774900 + 0.081060),0.850920 (0.768600 + 0.082320),0.842931 (0.761400 + 0.081531),0.846552 (0.765000 + 0.081552),0.854109 (0.772200 + 0.081909),0.850544 (0.768600 + 0.081944),0.846572 (0.765000 + 0.081572),0.850917 (0.769500 + 0.081417),0.835234 (0.754200 + 0.081034),0.848296 (0.765900 + 0.082396),0.859782 (0.778500 + 0.081282),0.851560 (0.770400 + 0.081160),0.852214 (0.770400 + 0.081814),0.843235 (0.761400 + 0.081835),0.844402 (0.763200 + 0.081202),0.846643 (0.765000 + 0.081643),0.850080 (0.769500 + 0.080580),0.841590 (0.759600 + 0.081990),0.859739 (0.777600 + 0.082139),0.851190 (0.769500 + 0.081690),0.850529 (0.768600 + 0.081929),0.837097 (0.755100 + 0.081997),0.841922 (0.759600 + 0.082322),0.840353 (0.758700 + 0.081653),0.844089 (0.762300 + 0.081789),0.847239 (0.765000 + 0.082239),0.845970 (0.764100 + 0.081870),0.847238 (0.765900 + 0.081338),0.850893 (0.769500 + 0.081393),0.840699 (0.759600 + 0.081099)
19,0.866770 (0.784800 + 0.081970),0.848098 (0.766800 + 0.081298),0.842350 (0.761400 + 0.080950),0.860834 (0.779400 + 0.081434),0.833358 (0.751500 + 0.081858),0.847765 (0.766800 + 0.080965),0.834244 (0.752400 + 0.081844),0.847965 (0.766800 + 0.081165),0.850042 (0.768600 + 0.081442),0.844746 (0.763200 + 0.081546),0.848308 (0.766800 + 0.081508),0.856479 (0.774900 + 0.081579),0.847093 (0.765900 + 0.081193),0.857038 (0.774900 + 0.082138),0.854076 (0.772200 + 0.081876),0.848617 (0.766800 + 0.081817),0.854057 (0.773100 + 0.080957),0.849803 (0.768600 + 0.081203),0.854839 (0.774000 + 0.080839),0.846055 (0.765000 + 0.081055),0.853253 (0.771300 + 0.081953),0.845223 (0.763200 + 0.082023),0.852442 (0.770400 + 0.082042),0.838138 (0.756000 + 0.082138),0.850118 (0.768600 + 0.081518),0.847650 (0.765900 + 0.081750),0.846914 (0.765000 + 0.081914),0.836466 (0.754200 + 0.082266),0.836318 (0.754200 + 0.082118),0.852732 (0.771300 + 0.081432),0.850175 (0.768600 + 0.081575),0.838856 (0.756900 + 0.081956),0.854268 (0.772200 + 0.082068),0.856597 (0.774900 + 0.081697),0.857526 (0.776700 + 0.080826),0.839424 (0.757800 + 0.081624),0.862009 (0.780300 + 0.081709),0.847923 (0.765900 + 0.082023),0.844748 (0.762300 + 0.082448),0.857732 (0.775800 + 0.081932),0.864784 (0.783000 + 0.081784),0.852957 (0.771300 + 0.081657),0.860540 (0.778500 + 0.082040),0.856631 (0.774900 + 0.081731),0.841219 (0.759600 + 0.081619),0.847640 (0.766800 + 0.080840),0.853141 (0.771300 + 0.081841),0.832287 (0.751500 + 0.080787),0.852008 (0.770400 + 0.081608),0.856412 (0.774900 + 0.081512),0.847013 (0.765000 + 0.082013),0.855387 (0.774000 + 0.081387),0.844176 (0.762300 + 0.081876),0.848904 (0.766800 + 0.082104),0.848413 (0.766800 + 0.081613),0.842436 (0.761400 + 0.081036),0.846080 (0.765000 + 0.081080),0.857665 (0.775800 + 0.081865),0.842762 (0.760500 + 0.082261),0.852438 (0.771300 + 0.081138),0.847158 (0.765900 + 0.081258),0.844659 (0.763200 + 0.081459),0.856708 (0.774900 + 0.081808),0.844114 (0.763200 + 0.080914),0.854500 (0.772200 + 0.082300),0.843636 (0.762300 + 0.081336),0.838265 (0.756000 + 0.082265),0.851433 (0.769500 + 0.081933),0.847371 (0.765900 + 0.081471),0.862377 (0.780300 + 0.082077),0.853190 (0.771300 + 0.081890),0.852734 (0.771300 + 0.081434),0.839094 (0.756900 + 0.082194),0.850971 (0.769500 + 0.081471),0.847367 (0.765900 + 0.081467),0.861682 (0.780300 + 0.081382),0.841339 (0.758700 + 0.082639),0.856631 (0.774900 + 0.081731),0.851190 (0.769500 + 0.081690),0.842156 (0.760500 + 0.081656),0.843442 (0.761400 + 0.082042),0.853051 (0.771300 + 0.081751),0.849069 (0.766800 + 0.082269),0.847399 (0.765900 + 0.081499),0.847095 (0.765900 + 0.081195),0.843471 (0.762300 + 0.081171),0.848566 (0.766800 + 0.081766),0.857047 (0.775800 + 0.081247),0.846643 (0.765000 + 0.081643),0.855387 (0.774000 + 0.081387),0.844416 (0.762300 + 0.082116),0.842498 (0.761400 + 0.081099),0.838093 (0.756900 + 0.081193),0.841017 (0.759600 + 0.081417),0.852692 (0.771300 + 0.081392),0.838573 (0.756900 + 0.081673),0.845253 (0.763200 + 0.082053),0.862334 (0.781200 + 0.081134),0.844960 (0.763200 + 0.081760),0.834287 (0.752400 + 0.081887)
20,0.866770 (0.784800 + 0.081970),0.840289 (0.758700 + 0.081589),0.853510 (0.771300 + 0.082210),0.853874 (0.772200 + 0.081674),0.847102 (0.765000 + 0.082102),0.853818 (0.772200 + 0.081618),0.844344 (0.762300 + 0.082044),0.861807 (0.780300 + 0.081507),0.854158 (0.773100 + 0.081058),0.849729 (0.767700 + 0.082029),0.839440 (0.758700 + 0.080740),0.857449 (0.774900 + 0.082549),0.852478 (0.771300 + 0.081178),0.847046 (0.765900 + 0.081146),0.847840 (0.765900 + 0.081940),0.847434 (0.765900 + 0.081534),0.836920 (0.755100 + 0.081820),0.863574 (0.782100 + 0.081474),0.845561 (0.764100 + 0.081461),0.853494 (0.772200 + 0.081294),0.842493 (0.761400 + 0.081093),0.848087 (0.766800 + 0.081287),0.837325 (0.756000 + 0.081325),0.862334 (0.781200 + 0.081134),0.862334 (0.781200 + 0.081134),0.851190 (0.769500 + 0.081690),0.848617 (0.766800 + 0.081817),0.859735 (0.777600 + 0.082135),0.850688 (0.769500 + 0.081187),0.848911 (0.767700 + 0.081211),0.860562 (0.778500 + 0.082062),0.842534 (0.760500 + 0.082034),0.852110 (0.770400 + 0.081710),0.842632 (0.760500 + 0.082132),0.843319 (0.762300 + 0.081019),0.854864 (0.773100 + 0.081764),0.859501 (0.777600 + 0.081901),0.845285 (0.764100 + 0.081185),0.840045 (0.758700 + 0.081345),0.855422 (0.774000 + 0.081422),0.845835 (0.764100 + 0.081735),0.859308 (0.777600 + 0.081708),0.856068 (0.774900 + 0.081168),0.857041 (0.775800 + 0.081241),0.844492 (0.763200 + 0.081292),0.841540 (0.760500 + 0.081040),0.846216 (0.765000 + 0.081217),0.852887 (0.771300 + 0.081587),0.832406 (0.750600 + 0.081806),0.861682 (0.780300 + 0.081382),0.861682 (0.780300 + 0.081382),0.854839 (0.774000 + 0.080839),0.850971 (0.769500 + 0.081471),0.851035 (0.769500 + 0.081535),0.837393 (0.756000 + 0.081393),0.844444 (0.763200 + 0.081244),0.849348 (0.767700 + 0.081648),0.836398 (0.755100 + 0.081298),0.855465 (0.774000 + 0.081465),0.850175 (0.768600 + 0.081575),0.844176 (0.762300 + 0.081876),0.849512 (0.767700 + 0.081812),0.839457 (0.757800 + 0.081657),0.847107 (0.765900 + 0.081207),0.848367 (0.767700 + 0.080667),0.841939 (0.760500 + 0.081439),0.853912 (0.772200 + 0.081712),0.839844 (0.758700 + 0.081144),0.845966 (0.764100 + 0.081866),0.850408 (0.768600 + 0.081808),0.847248 (0.765900 + 0.081348),0.849492 (0.767700 + 0.081792),0.842163 (0.760500 + 0.081663),0.860834 (0.779400 + 0.081434),0.854839 (0.774000 + 0.080839),0.850073 (0.768600 + 0.081473),0.857310 (0.775800 + 0.081510),0.847235 (0.765900 + 0.081335),0.846941 (0.765900 + 0.081041),0.856631 (0.774900 + 0.081731),0.854076 (0.772200 + 0.081876),0.847539 (0.765900 + 0.081639),0.858429 (0.776700 + 0.081730),0.845253 (0.763200 + 0.082053),0.846861 (0.765000 + 0.081861),0.831095 (0.749700 + 0.081395),0.842648 (0.761400 + 0.081248),0.857320 (0.775800 + 0.081520),0.855944 (0.774000 + 0.081944),0.853963 (0.772200 + 0.081763),0.840823 (0.759600 + 0.081223),0.863436 (0.781200 + 0.082236),0.841972 (0.760500 + 0.081472),0.854029 (0.772200 + 0.081829),0.841624 (0.760500 + 0.081124),0.840606 (0.759600 + 0.081006),0.848437 (0.766800 + 0.081637),0.848660 (0.766800 + 0.081860),0.858425 (0.776700 + 0.081726),0.853670 (0.772200 + 0.081470)
21,0.866770 (0.784800 + 0.081970),0.842653 (0.761400 + 0.081253),0.861281 (0.779400 + 0.081881),0.855677 (0.774000 + 0.081677),0.854769 (0.773100 + 0.081669),0.843405 (0.762300 + 0.081105),0.846703 (0.765900 + 0.080803),0.840362 (0.758700 + 0.081662),0.841853 (0.760500 + 0.081353),0.853462 (0.772200 + 0.081262),0.854036 (0.772200 + 0.081836),0.866140 (0.784800 + 0.081340),0.861457 (0.780300 + 0.081157),0.851487 (0.769500 + 0.081987),0.855889 (0.773100 + 0.082789),0.852804 (0.770400 + 0.082404),0.844009 (0.762300 + 0.081709),0.839565 (0.757800 + 0.081765),0.839749 (0.758700 + 0.081050),0.850777 (0.769500 + 0.081277),0.842594 (0.761400 + 0.081194),0.836582 (0.755100 + 0.081482),0.845276 (0.764100 + 0.081176),0.841605 (0.760500 + 0.081105),0.856696 (0.774900 + 0.081796),0.850903 (0.769500 + 0.081403),0.863248 (0.782100 + 0.081148),0.863574 (0.782100 + 0.081474),0.856972 (0.775800 + 0.081172),0.842987 (0.761400 + 0.081587),0.856568 (0.775800 + 0.080768),0.847967 (0.766800 + 0.081167),0.832707 (0.751500 + 0.081207),0.849640 (0.767700 + 0.081940),0.841112 (0.759600 + 0.081512),0.859369 (0.777600 + 0.081769),0.847193 (0.765000 + 0.082193),0.866491 (0.784800 + 0.081691),0.853092 (0.771300 + 0.081792),0.854402 (0.772200 + 0.082202),0.840529 (0.758700 + 0.081829),0.842595 (0.761400 + 0.081195),0.837438 (0.756000 + 0.081438),0.855970 (0.774000 + 0.081970),0.854839 (0.774000 + 0.080839),0.842538 (0.761400 + 0.081138),0.856554 (0.774900 + 0.081654),0.842689 (0.760500 + 0.082189),0.856661 (0.774900 + 0.081761),0.848071 (0.766800 + 0.081271),0.850786 (0.769500 + 0.081286),0.854376 (0.772200 + 0.082176),0.851824 (0.770400 + 0.081424),0.848858 (0.767700 + 0.081158),0.857922 (0.775800 + 0.082122),0.850736 (0.769500 + 0.081236),0.851598 (0.769500 + 0.082098),0.840014 (0.758700 + 0.081314),0.856177 (0.774000 + 0.082177),0.860278 (0.778500 + 0.081778),0.865119 (0.783900 + 0.081219),0.848219 (0.766800 + 0.081419),0.843657 (0.761400 + 0.082257),0.853081 (0.772200 + 0.080881),0.852459 (0.770400 + 0.082059),0.846525 (0.765000 + 0.081525),0.827615 (0.746100 + 0.081515),0.849170 (0.767700 + 0.081470),0.853718 (0.772200 + 0.081518),0.842867 (0.761400 + 0.081467),0.860065 (0.778500 + 0.081565),0.849697 (0.768600 + 0.081097),0.861071 (0.779400 + 0.081671),0.852838 (0.771300 + 0.081538),0.853717 (0.772200 + 0.081517),0.846985 (0.765000 + 0.081985),0.853104 (0.771300 + 0.081804),0.844882 (0.763200 + 0.081682),0.854849 (0.773100 + 0.081749),0.842001 (0.760500 + 0.081501),0.843564 (0.762300 + 0.081264),0.851670 (0.770400 + 0.081270),0.842330 (0.760500 + 0.081830),0.847571 (0.765900 + 0.081671),0.841749 (0.760500 + 0.081249),0.857310 (0.775800 + 0.081510),0.850971 (0.769500 + 0.081471),0.842646 (0.761400 + 0.081246),0.855235 (0.774000 + 0.081235),0.861807 (0.780300 + 0.081507),0.861682 (0.780300 + 0.081382),0.843960 (0.762300 + 0.081660),0.856991 (0.775800 + 0.081191),0.860711 (0.779400 + 0.081311),0.858082 (0.776700 + 0.081382),0.860562 (0.778500 + 0.082062),0.844829 (0.763200 + 0.081629),0.861807 (0.780300 + 0.081507),0.862353 (0.781200 + 0.081153),0.858196 (0.776700 + 0.081496)
22,0.866770 (0.784800 + 0.081970),0.866964 (0.784800 + 0.082164),0.851230 (0.769500 + 0.081730),0.852756 (0.771300 + 0.081456),0.857309 (0.775800 + 0.081509),0.842633 (0.761400 + 0.081233),0.847576 (0.765900 + 0.081676),0.849183 (0.766800 + 0.082383),0.855894 (0.774900 + 0.080994),0.866739 (0.785700 + 0.081039),0.858694 (0.777600 + 0.081094),0.849693 (0.768600 + 0.081093),0.855850 (0.774000 + 0.081850),0.855889 (0.773100 + 0.082789),0.844882 (0.763200 + 0.081682),0.850593 (0.769500 + 0.081093),0.820368 (0.738900 + 0.081469),0.847809 (0.765900 + 0.081909),0.870672 (0.789300 + 0.081372),0.861807 (0.780300 + 0.081507),0.844829 (0.763200 + 0.081629),0.846488 (0.765000 + 0.081488),0.851459 (0.769500 + 0.081959),0.858853 (0.777600 + 0.081253),0.846582 (0.765900 + 0.080682),0.855235 (0.774000 + 0.081235),0.855235 (0.774000 + 0.081235),0.865961 (0.783900 + 0.082061),0.834585 (0.754200 + 0.080385),0.847152 (0.765000 + 0.082152),0.840459 (0.758700 + 0.081759),0.862596 (0.781200 + 0.081396),0.860786 (0.779400 + 0.081386),0.861807 (0.780300 + 0.081507),0.853717 (0.772200 + 0.081517),0.848728 (0.767700 + 0.081028),0.852235 (0.770400 + 0.081835),0.853954 (0.772200 + 0.081754),0.830127 (0.748800 + 0.081327),0.853869 (0.772200 + 0.081669),0.853387 (0.772200 + 0.081187),0.847393 (0.765900 + 0.081493),0.855143 (0.774000 + 0.081143),0.840063 (0.758700 + 0.081363),0.852469 (0.771300 + 0.081169),0.865969 (0.783900 + 0.082070),0.849995 (0.768600 + 0.081395),0.856095 (0.774900 + 0.081195),0.852419 (0.771300 + 0.081119),0.833477 (0.752400 + 0.081077),0.841942 (0.760500 + 0.081442),0.853603 (0.772200 + 0.081403),0.845950 (0.764100 + 0.081850),0.849874 (0.768600 + 0.081275),0.858031 (0.775800 + 0.082231),0.848634 (0.766800 + 0.081834),0.847282 (0.765900 + 0.081382),0.849046 (0.767700 + 0.081346),0.854403 (0.773100 + 0.081303),0.868065 (0.786600 + 0.081465),0.859188 (0.777600 + 0.081588),0.852459 (0.770400 + 0.082059),0.850592 (0.769500 + 0.081092),0.841394 (0.759600 + 0.081794),0.853916 (0.772200 + 0.081716),0.852295 (0.770400 + 0.081895),0.847264 (0.765900 + 0.081364),0.854240 (0.773100 + 0.081140),0.846431 (0.765000 + 0.081431),0.846726 (0.765000 + 0.081726),0.848017 (0.766800 + 0.081217),0.844019 (0.762300 + 0.081719),0.850521 (0.768600 + 0.081921),0.837944 (0.756000 + 0.081944),0.847066 (0.765900 + 0.081166),0.863248 (0.782100 + 0.081148),0.863248 (0.782100 + 0.081148),0.856969 (0.775800 + 0.081169),0.854322 (0.773100 + 0.081222),0.859057 (0.777600 + 0.081457),0.856883 (0.775800 + 0.081083),0.855865 (0.774000 + 0.081865),0.847701 (0.766800 + 0.080901),0.842521 (0.761400 + 0.081121),0.853036 (0.771300 + 0.081736),0.872839 (0.791100 + 0.081739),0.839879 (0.758700 + 0.081179),0.859977 (0.778500 + 0.081477),0.843273 (0.762300 + 0.080973),0.854989 (0.773100 + 0.081889),0.854614 (0.773100 + 0.081514),0.844350 (0.763200 + 0.081150),0.838290 (0.756900 + 0.081390),0.838313 (0.756900 + 0.081413),0.851670 (0.770400 + 0.081270),0.839655 (0.758700 + 0.080955),0.858722 (0.776700 + 0.082022),0.855423 (0.774000 + 0.081423),0.827341 (0.746100 + 0.081241),0.859819 (0.778500 + 0.081320)
23,0.872839 (0.791100 + 0.081739),0.840774 (0.759600 + 0.081174),0.846672 (0.765000 + 0.081672),0.855896 (0.774900 + 0.080996),0.852869 (0.771300 + 0.081569),0.842327 (0.761400 + 0.080927),0.851520 (0.770400 + 0.081120),0.854344 (0.773100 + 0.081244),0.855382 (0.774000 + 0.081382),0.849559 (0.768600 + 0.080959),0.857430 (0.775800 + 0.081630),0.849568 (0.767700 + 0.081868),0.861685 (0.780300 + 0.081385),0.854575 (0.773100 + 0.081475),0.841886 (0.760500 + 0.081386),0.840596 (0.759600 + 0.080996),0.845285 (0.764100 + 0.081185),0.861736 (0.780300 + 0.081436),0.847809 (0.765900 + 0.081909),0.857054 (0.775800 + 0.081254),0.852533 (0.770400 + 0.082133),0.843380 (0.762300 + 0.081080),0.843691 (0.762300 + 0.081391),0.846858 (0.765000 + 0.081858),0.843790 (0.762300 + 0.081490),0.858031 (0.775800 + 0.082231),0.855894 (0.774900 + 0.080994),0.852430 (0.770400 + 0.082030),0.859275 (0.777600 + 0.081675),0.858802 (0.777600 + 0.081202),0.858846 (0.777600 + 0.081246),0.848826 (0.767700 + 0.081126),0.866387 (0.784800 + 0.081587),0.863176 (0.782100 + 0.081076),0.848138 (0.766800 + 0.081338),0.852891 (0.771300 + 0.081591),0.850895 (0.770400 + 0.080495),0.851582 (0.770400 + 0.081182),0.856373 (0.774900 + 0.081473),0.845846 (0.764100 + 0.081746),0.856160 (0.775800 + 0.080360),0.859188 (0.777600 + 0.081588),0.847152 (0.765000 + 0.082152),0.853408 (0.772200 + 0.081208),0.846098 (0.765000 + 0.081098),0.846624 (0.765000 + 0.081624),0.847896 (0.765900 + 0.081996),0.854269 (0.772200 + 0.082069),0.858864 (0.777600 + 0.081264),0.863306 (0.782100 + 0.081206),0.860865 (0.779400 + 0.081465),0.857026 (0.775800 + 0.081226),0.841709 (0.760500 + 0.081209),0.852785 (0.771300 + 0.081485),0.849040 (0.767700 + 0.081340),0.840352 (0.759600 + 0.080752),0.853694 (0.772200 + 0.081494),0.853771 (0.771300 + 0.082471),0.831285 (0.750600 + 0.080685),0.852239 (0.770400 + 0.081839),0.860748 (0.779400 + 0.081348),0.859607 (0.778500 + 0.081108),0.855889 (0.773100 + 0.082789),0.846974 (0.765000 + 0.081974),0.847464 (0.766800 + 0.080664),0.866770 (0.784800 + 0.081970),0.859819 (0.778500 + 0.081320),0.862539 (0.781200 + 0.081339),0.858714 (0.777600 + 0.081114),0.853434 (0.772200 + 0.081234),0.844502 (0.763200 + 0.081302),0.855022 (0.773100 + 0.081922),0.844882 (0.763200 + 0.081682),0.859579 (0.778500 + 0.081079),0.848412 (0.766800 + 0.081612),0.853482 (0.772200 + 0.081282),0.856589 (0.774900 + 0.081689),0.849932 (0.768600 + 0.081332),0.857855 (0.775800 + 0.082055),0.829892 (0.748800 + 0.081092),0.856304 (0.774000 + 0.082304),0.850751 (0.769500 + 0.081251),0.858323 (0.776700 + 0.081623),0.845815 (0.765000 + 0.080815),0.857355 (0.775800 + 0.081555),0.849819 (0.767700 + 0.082119),0.855962 (0.774900 + 0.081062),0.866659 (0.785700 + 0.080959),0.849175 (0.767700 + 0.081475),0.851117 (0.768600 + 0.082517),0.848562 (0.766800 + 0.081762),0.847772 (0.765900 + 0.081872),0.859849 (0.778500 + 0.081349),0.855398 (0.774000 + 0.081398),0.831335 (0.750600 + 0.080735),0.852734 (0.771300 + 0.081434),0.848882 (0.767700 + 0.081182),0.851684 (0.770400 + 0.081284),0.853220 (0.771300 + 0.081920),0.839745 (0.758700 + 0.081045)
24,0.872839 (0.791100 + 0.081739),0.855385 (0.774000 + 0.081385),0.861302 (0.780300 + 0.081002),0.855894 (0.774900 + 0.080994),0.848882 (0.767700 + 0.081182),0.852553 (0.771300 + 0.081253),0.860748 (0.779400 + 0.081348),0.854612 (0.773100 + 0.081512),0.857657 (0.774900 + 0.082757),0.855583 (0.774000 + 0.081583),0.848720 (0.766800 + 0.081920),0.872839 (0.791100 + 0.081739),0.872839 (0.791100 + 0.081739),0.855306 (0.774000 + 0.081306),0.847725 (0.766800 + 0.080925),0.843678 (0.762300 + 0.081378),0.861097 (0.780300 + 0.080797),0.851600 (0.770400 + 0.081201),0.854330 (0.773100 + 0.081230),0.828441 (0.747900 + 0.080541),0.841088 (0.759600 + 0.081488),0.850305 (0.768600 + 0.081705),0.845238 (0.764100 + 0.081138),0.853154 (0.772200 + 0.080954),0.845915 (0.765000 + 0.080915),0.850970 (0.769500 + 0.081470),0.847054 (0.765900 + 0.081154),0.851492 (0.770400 + 0.081092),0.853293 (0.772200 + 0.081093),0.863306 (0.782100 + 0.081206),0.851916 (0.770400 + 0.081516),0.844359 (0.762300 + 0.082059),0.850400 (0.768600 + 0.081800),0.842836 (0.760500 + 0.082336),0.850448 (0.769500 + 0.080948),0.850997 (0.769500 + 0.081497),0.865267 (0.783900 + 0.081367),0.853220 (0.771300 + 0.081920),0.856589 (0.774900 + 0.081689),0.851492 (0.770400 + 0.081092),0.846070 (0.765000 + 0.081070),0.848914 (0.766800 + 0.082114),0.852549 (0.771300 + 0.081249),0.859284 (0.777600 + 0.081684),0.848635 (0.767700 + 0.080935),0.851914 (0.770400 + 0.081514),0.851684 (0.770400 + 0.081284),0.857165 (0.775800 + 0.081365),0.854377 (0.773100 + 0.081277),0.855017 (0.773100 + 0.081917),0.849243 (0.767700 + 0.081543),0.857599 (0.775800 + 0.081799),0.855523 (0.773100 + 0.082423),0.860865 (0.779400 + 0.081465),0.857054 (0.775800 + 0.081254),0.860456 (0.779400 + 0.081056),0.851212 (0.769500 + 0.081712),0.850925 (0.768600 + 0.082325),0.849985 (0.768600 + 0.081385),0.838084 (0.756900 + 0.081184),0.844936 (0.764100 + 0.080836),0.853247 (0.772200 + 0.081047),0.857402 (0.775800 + 0.081602),0.854029 (0.772200 + 0.081829),0.858220 (0.776700 + 0.081520),0.855894 (0.774900 + 0.080994),0.850447 (0.769500 + 0.080947),0.855970 (0.774900 + 0.081070),0.861989 (0.781200 + 0.080789),0.866073 (0.784800 + 0.081273),0.853482 (0.772200 + 0.081282),0.857994 (0.776700 + 0.081294),0.850357 (0.767700 + 0.082657),0.848859 (0.767700 + 0.081159),0.850919 (0.769500 + 0.081419),0.855295 (0.774000 + 0.081295),0.840885 (0.759600 + 0.081285),0.855962 (0.774900 + 0.081062),0.855962 (0.774900 + 0.081062),0.856384 (0.774900 + 0.081484),0.848274 (0.767700 + 0.080574),0.839335 (0.757800 + 0.081535),0.843198 (0.761400 + 0.081798),0.850256 (0.768600 + 0.081656),0.857508 (0.776700 + 0.080808),0.847659 (0.767700 + 0.079959),0.843133 (0.761400 + 0.081733),0.863176 (0.782100 + 0.081076),0.856304 (0.774000 + 0.082304),0.860859 (0.779400 + 0.081459),0.841342 (0.759600 + 0.081742),0.854610 (0.773100 + 0.081510),0.859890 (0.778500 + 0.081390),0.859723 (0.778500 + 0.081223),0.859345 (0.778500 + 0.080845),0.841290 (0.760500 + 0.080790),0.858710 (0.776700 + 0.082010),0.861685 (0.780300 + 0.081385),0.849932 (0.768600 + 0.081332),0.842642 (0.760500 + 0.082142)
25,0.872839 (0.791100 + 0.081739),0.858792 (0.776700 + 0.082092),0.842954 (0.762300 + 0.080654),0.851246 (0.769500 + 0.081746),0.863657 (0.782100 + 0.081557),0.854838 (0.772200 + 0.082638),0.856633 (0.774900 + 0.081733),0.852775 (0.771300 + 0.081475),0.851952 (0.770400 + 0.081552),0.861195 (0.780300 + 0.080895),0.858959 (0.777600 + 0.081359),0.872839 (0.791100 + 0.081739),0.847725 (0.766800 + 0.080925),0.859280 (0.777600 + 0.081680),0.861958 (0.780300 + 0.081658),0.846287 (0.765000 + 0.081287),0.863747 (0.782100 + 0.081647),0.864226 (0.783000 + 0.081226),0.846027 (0.765000 + 0.081027),0.865672 (0.784800 + 0.080872),0.851194 (0.769500 + 0.081694),0.853453 (0.772200 + 0.081253),0.850448 (0.769500 + 0.080948),0.855533 (0.774900 + 0.080633),0.859089 (0.777600 + 0.081489),0.848205 (0.766800 + 0.081405),0.856331 (0.774900 + 0.081431),0.850147 (0.768600 + 0.081547),0.854658 (0.773100 + 0.081558),0.866073 (0.784800 + 0.081273),0.843496 (0.761400 + 0.082096),0.867859 (0.786600 + 0.081259),0.859060 (0.777600 + 0.081460),0.857630 (0.775800 + 0.081830),0.842104 (0.761400 + 0.080704),0.840083 (0.759600 + 0.080483),0.857096 (0.775800 + 0.081296),0.848030 (0.766800 + 0.081230),0.842921 (0.761400 + 0.081521),0.857994 (0.776700 + 0.081294),0.856384 (0.774900 + 0.081484),0.845268 (0.764100 + 0.081168),0.855292 (0.774000 + 0.081292),0.833116 (0.752400 + 0.080716),0.839914 (0.758700 + 0.081214),0.855433 (0.774000 + 0.081433),0.835941 (0.755100 + 0.080841),0.855045 (0.774000 + 0.081045),0.845238 (0.764100 + 0.081138),0.852769 (0.771300 + 0.081469),0.828204 (0.747900 + 0.080304),0.845756 (0.764100 + 0.081656),0.856478 (0.774900 + 0.081578),0.855543 (0.774000 + 0.081543),0.839578 (0.757800 + 0.081778),0.852203 (0.770400 + 0.081803),0.848440 (0.766800 + 0.081640),0.850754 (0.769500 + 0.081254),0.851491 (0.770400 + 0.081091),0.865267 (0.783900 + 0.081367),0.855583 (0.774000 + 0.081583),0.845770 (0.764100 + 0.081670),0.862511 (0.781200 + 0.081311),0.855442 (0.774000 + 0.081442),0.850466 (0.769500 + 0.080965),0.846556 (0.765000 + 0.081556),0.862401 (0.780300 + 0.082101),0.852144 (0.771300 + 0.080844),0.851492 (0.770400 + 0.081092),0.847930 (0.766800 + 0.081130),0.849932 (0.768600 + 0.081332),0.853737 (0.772200 + 0.081537),0.854298 (0.773100 + 0.081198),0.861221 (0.780300 + 0.080921),0.851794 (0.770400 + 0.081394),0.847998 (0.765900 + 0.082098),0.860182 (0.778500 + 0.081682),0.858694 (0.777600 + 0.081094),0.862245 (0.780300 + 0.081945),0.856602 (0.774900 + 0.081702),0.861507 (0.780300 + 0.081207),0.832328 (0.751500 + 0.080828),0.852360 (0.770400 + 0.081960),0.852634 (0.771300 + 0.081335),0.855592 (0.774900 + 0.080692),0.854975 (0.774000 + 0.080975),0.855527 (0.774000 + 0.081527),0.860420 (0.778500 + 0.081920),0.856248 (0.774900 + 0.081348),0.839345 (0.757800 + 0.081545),0.856611 (0.774900 + 0.081711),0.861894 (0.781200 + 0.080695),0.860128 (0.778500 + 0.081628),0.860717 (0.779400 + 0.081317),0.864621 (0.783000 + 0.081621),0.851306 (0.769500 + 0.081806),0.855605 (0.774900 + 0.080705),0.856139 (0.774900 + 0.081239),0.855841 (0.774900 + 0.080941),0.861649 (0.780300 + 0.081349)
26,0.872839 (0.791100 + 0.081739),0.857770 (0.775800 + 0.081970),0.857669 (0.776700 + 0.080969),0.848066 (0.766800 + 0.081266),0.853453 (0.772200 + 0.081253),0.861845 (0.780300 + 0.081545),0.859378 (0.777600 + 0.081778),0.847585 (0.765900 + 0.081685),0.840736 (0.759600 + 0.081136),0.852871 (0.771300 + 0.081571),0.855406 (0.774000 + 0.081406),0.846901 (0.765900 + 0.081001),0.849030 (0.767700 + 0.081330),0.851151 (0.769500 + 0.081651),0.847845 (0.766800 + 0.081045),0.853391 (0.772200 + 0.081191),0.856248 (0.774900 + 0.081348),0.860128 (0.778500 + 0.081628),0.851246 (0.769500 + 0.081746),0.849289 (0.768600 + 0.080689),0.857994 (0.775800 + 0.082194),0.860359 (0.779400 + 0.080959),0.853026 (0.771300 + 0.081726),0.857398 (0.775800 + 0.081598),0.858202 (0.776700 + 0.081502),0.848307 (0.766800 + 0.081507),0.851192 (0.769500 + 0.081692),0.858098 (0.776700 + 0.081398),0.867189 (0.785700 + 0.081489),0.856827 (0.775800 + 0.081027),0.852606 (0.772200 + 0.080406),0.850154 (0.768600 + 0.081554),0.846261 (0.765000 + 0.081261),0.852021 (0.770400 + 0.081621),0.857529 (0.775800 + 0.081729),0.847372 (0.765900 + 0.081472),0.854598 (0.773100 + 0.081498),0.856866 (0.774900 + 0.081966),0.855056 (0.773100 + 0.081956),0.846616 (0.765000 + 0.081616),0.860887 (0.779400 + 0.081487),0.859089 (0.777600 + 0.081489),0.867020 (0.785700 + 0.081320),0.866381 (0.784800 + 0.081581),0.848855 (0.766800 + 0.082056),0.859248 (0.778500 + 0.080748),0.857266 (0.775800 + 0.081466),0.852061 (0.770400 + 0.081661),0.865396 (0.783900 + 0.081496),0.853452 (0.772200 + 0.081252),0.846668 (0.765000 + 0.081668),0.860252 (0.779400 + 0.080853),0.857177 (0.775800 + 0.081377),0.856440 (0.774900 + 0.081540),0.855424 (0.774000 + 0.081424),0.866376 (0.784800 + 0.081576),0.857381 (0.775800 + 0.081581),0.858959 (0.777600 + 0.081359),0.851246 (0.769500 + 0.081746),0.857590 (0.776700 + 0.080890),0.862197 (0.781200 + 0.080997),0.856633 (0.774900 + 0.081733),0.851158 (0.769500 + 0.081658),0.854811 (0.773100 + 0.081711),0.859249 (0.777600 + 0.081649),0.861958 (0.780300 + 0.081658),0.872839 (0.791100 + 0.081739),0.862405 (0.781200 + 0.081205),0.846477 (0.765000 + 0.081477),0.860046 (0.778500 + 0.081546),0.857895 (0.776700 + 0.081195),0.849932 (0.768600 + 0.081332),0.860182 (0.778500 + 0.081682),0.849931 (0.769500 + 0.080431),0.855789 (0.774000 + 0.081789),0.867859 (0.786600 + 0.081259),0.862149 (0.780300 + 0.081849),0.863970 (0.782100 + 0.081870),0.849395 (0.767700 + 0.081695),0.860397 (0.778500 + 0.081897),0.849441 (0.768600 + 0.080841),0.860036 (0.779400 + 0.080636),0.853167 (0.771300 + 0.081867),0.861864 (0.780300 + 0.081564),0.856522 (0.775800 + 0.080722),0.841803 (0.760500 + 0.081303),0.852191 (0.770400 + 0.081791),0.850328 (0.768600 + 0.081728),0.851368 (0.770400 + 0.080968),0.852371 (0.771300 + 0.081071),0.856184 (0.774900 + 0.081284),0.850820 (0.769500 + 0.081320),0.843026 (0.761400 + 0.081626),0.860420 (0.778500 + 0.081920),0.859089 (0.777600 + 0.081489),0.860153 (0.778500 + 0.081653),0.852546 (0.771300 + 0.081246),0.866073 (0.784800 + 0.081273),0.856248 (0.774900 + 0.081348),0.848525 (0.766800 + 0.081725)
27,0.872839 (0.791100 + 0.081739),0.860046 (0.778500 + 0.081546),0.838118 (0.757800 + 0.080318),0.848587 (0.767700 + 0.080887),0.855219 (0.773100 + 0.082119),0.860557 (0.779400 + 0.081157),0.843977 (0.762300 + 0.081677),0.860397 (0.778500 + 0.081897),0.853391 (0.772200 + 0.081191),0.851529 (0.769500 + 0.082029),0.863401 (0.782100 + 0.081301),0.859098 (0.777600 + 0.081498),0.858042 (0.776700 + 0.081342),0.857088 (0.775800 + 0.081288),0.848322 (0.767700 + 0.080622),0.852888 (0.771300 + 0.081588),0.851996 (0.770400 + 0.081596),0.865719 (0.784800 + 0.080919),0.844930 (0.764100 + 0.080830),0.850147 (0.768600 + 0.081547),0.845369 (0.764100 + 0.081269),0.872839 (0.791100 + 0.081739),0.857590 (0.776700 + 0.080890),0.859089 (0.777600 + 0.081489),0.853080 (0.771300 + 0.081780),0.861280 (0.780300 + 0.080980),0.861480 (0.780300 + 0.081180),0.858479 (0.776700 + 0.081779),0.849192 (0.767700 + 0.081492),0.855448 (0.774000 + 0.081448),0.848537 (0.766800 + 0.081737),0.854510 (0.773100 + 0.081410),0.859939 (0.778500 + 0.081439),0.859826 (0.778500 + 0.081326),0.848703 (0.767700 + 0.081003),0.859658 (0.778500 + 0.081158),0.859064 (0.777600 + 0.081464),0.864562 (0.783000 + 0.081562),0.863316 (0.782100 + 0.081216),0.855896 (0.774900 + 0.080996),0.853787 (0.773100 + 0.080687),0.849658 (0.768600 + 0.081058),0.856719 (0.774900 + 0.081819),0.846632 (0.765000 + 0.081632),0.857156 (0.775800 + 0.081356),0.860420 (0.778500 + 0.081920),0.852191 (0.770400 + 0.081791),0.850677 (0.769500 + 0.081177),0.850960 (0.769500 + 0.081460),0.861801 (0.780300 + 0.081501),0.851232 (0.770400 + 0.080832),0.861669 (0.780300 + 0.081370),0.864636 (0.783000 + 0.081636),0.855387 (0.774000 + 0.081387),0.847874 (0.765900 + 0.081974),0.847666 (0.765900 + 0.081766),0.856929 (0.775800 + 0.081129),0.847336 (0.765900 + 0.081436),0.853081 (0.771300 + 0.081781),0.856215 (0.774900 + 0.081315),0.861025 (0.779400 + 0.081625),0.862977 (0.782100 + 0.080877),0.851654 (0.770400 + 0.081254),0.849702 (0.768600 + 0.081102),0.860629 (0.779400 + 0.081229),0.854331 (0.773100 + 0.081231),0.855702 (0.774900 + 0.080802),0.854994 (0.773100 + 0.081894),0.850154 (0.768600 + 0.081554),0.850598 (0.768600 + 0.081998),0.852890 (0.771300 + 0.081590),0.865980 (0.784800 + 0.081180),0.856611 (0.774900 + 0.081711),0.862089 (0.780300 + 0.081789),0.862364 (0.781200 + 0.081164),0.851860 (0.770400 + 0.081460),0.861168 (0.779400 + 0.081768),0.857546 (0.775800 + 0.081746),0.859890 (0.778500 + 0.081390),0.864784 (0.783000 + 0.081784),0.854953 (0.773100 + 0.081852),0.846414 (0.765000 + 0.081414),0.862906 (0.782100 + 0.080806),0.851365 (0.770400 + 0.080965),0.860887 (0.779400 + 0.081487),0.855513 (0.774000 + 0.081513),0.857599 (0.775800 + 0.081799),0.850271 (0.768600 + 0.081672),0.855644 (0.774000 + 0.081644),0.844781 (0.763200 + 0.081581),0.852818 (0.771300 + 0.081518),0.848693 (0.767700 + 0.080993),0.858170 (0.776700 + 0.081470),0.858468 (0.776700 + 0.081768),0.854811 (0.773100 + 0.081711),0.851824 (0.770400 + 0.081424),0.859944 (0.778500 + 0.081444),0.868933 (0.787500 + 0.081433),0.853724 (0.772200 + 0.081524),0.844764 (0.763200 + 0.081564)
28,0.872839 (0.791100 + 0.081739),0.852732 (0.771300 + 0.081432),0.849700 (0.768600 + 0.081100),0.860585 (0.779400 + 0.081185),0.839812 (0.758700 + 0.081112),0.850590 (0.769500 + 0.081090),0.867297 (0.785700 + 0.081597),0.860322 (0.778500 + 0.081822),0.849644 (0.768600 + 0.081044),0.859939 (0.778500 + 0.081439),0.855372 (0.774000 + 0.081372),0.848104 (0.765900 + 0.082204),0.847590 (0.765900 + 0.081690),0.851438 (0.769500 + 0.081938),0.857759 (0.776700 + 0.081059),0.853950 (0.772200 + 0.081750),0.847557 (0.765900 + 0.081657),0.865828 (0.784800 + 0.081028),0.857741 (0.776700 + 0.081041),0.848752 (0.767700 + 0.081052),0.855875 (0.774000 + 0.081875),0.864423 (0.783000 + 0.081423),0.858969 (0.777600 + 0.081369),0.864784 (0.783000 + 0.081784),0.872839 (0.791100 + 0.081739),0.858374 (0.776700 + 0.081674),0.845613 (0.764100 + 0.081513),0.850534 (0.769500 + 0.081034),0.862787 (0.781200 + 0.081587),0.850195 (0.769500 + 0.080695),0.858105 (0.776700 + 0.081405),0.861369 (0.779400 + 0.081969),0.856221 (0.774900 + 0.081321),0.856417 (0.774900 + 0.081517),0.858877 (0.777600 + 0.081277),0.842601 (0.761400 + 0.081201),0.856092 (0.774900 + 0.081192),0.851025 (0.769500 + 0.081525),0.854920 (0.773100 + 0.081820),0.853819 (0.772200 + 0.081619),0.858547 (0.776700 + 0.081847),0.857101 (0.775800 + 0.081301),0.858389 (0.776700 + 0.081689),0.857969 (0.776700 + 0.081269),0.864485 (0.783000 + 0.081485),0.847580 (0.765900 + 0.081680),0.855465 (0.774000 + 0.081465),0.861326 (0.780300 + 0.081026),0.849702 (0.767700 + 0.082002),0.853668 (0.772200 + 0.081468),0.852594 (0.771300 + 0.081295),0.861669 (0.780300 + 0.081370),0.855896 (0.774900 + 0.080996),0.859868 (0.778500 + 0.081368),0.858803 (0.777600 + 0.081203),0.852632 (0.771300 + 0.081332),0.847931 (0.766800 + 0.081131),0.856542 (0.775800 + 0.080742),0.859834 (0.778500 + 0.081334),0.863045 (0.781200 + 0.081845),0.855331 (0.774000 + 0.081331),0.863316 (0.782100 + 0.081216),0.858170 (0.776700 + 0.081470),0.855354 (0.774000 + 0.081354),0.851562 (0.770400 + 0.081162),0.843287 (0.762300 + 0.080987),0.856165 (0.774900 + 0.081265),0.856949 (0.774900 + 0.082049),0.857208 (0.776700 + 0.080508),0.850226 (0.768600 + 0.081626),0.863508 (0.782100 + 0.081408),0.859391 (0.777600 + 0.081791),0.861748 (0.780300 + 0.081449),0.841452 (0.759600 + 0.081852),0.861630 (0.780300 + 0.081330),0.858042 (0.776700 + 0.081342),0.851365 (0.770400 + 0.080965),0.860862 (0.779400 + 0.081462),0.848571 (0.766800 + 0.081772),0.861280 (0.780300 + 0.080980),0.854589 (0.773100 + 0.081489),0.853662 (0.772200 + 0.081462),0.850411 (0.769500 + 0.080911),0.853796 (0.772200 + 0.081596),0.852359 (0.771300 + 0.081060),0.855385 (0.774000 + 0.081385),0.854756 (0.773100 + 0.081656),0.850142 (0.768600 + 0.081542),0.854155 (0.773100 + 0.081055),0.854609 (0.773100 + 0.081509),0.865579 (0.784800 + 0.080779),0.833027 (0.751500 + 0.081527),0.862154 (0.781200 + 0.080954),0.857110 (0.775800 + 0.081310),0.850206 (0.769500 + 0.080706),0.862028 (0.781200 + 0.080828),0.859886 (0.778500 + 0.081386),0.853467 (0.772200 + 0.081267),0.844727 (0.763200 + 0.081527),0.859692 (0.778500 + 0.081192)
29,0.872839 (0.791100 + 0.081739),0.860191 (0.778500 + 0.081691),0.846584 (0.765000 + 0.081584),0.867151 (0.785700 + 0.081451),0.856387 (0.774900 + 0.081487),0.865431 (0.783900 + 0.081531),0.855098 (0.774000 + 0.081098),0.853548 (0.772200 + 0.081348),0.869717 (0.788400 + 0.081317),0.847292 (0.765900 + 0.081392),0.863435 (0.782100 + 0.081335),0.849772 (0.768600 + 0.081172),0.852875 (0.771300 + 0.081575),0.862485 (0.781200 + 0.081285),0.855053 (0.774000 + 0.081053),0.861641 (0.780300 + 0.081341),0.853940 (0.772200 + 0.081740),0.859882 (0.778500 + 0.081382),0.856746 (0.775800 + 0.080946),0.859097 (0.778500 + 0.080597),0.866095 (0.784800 + 0.081295),0.851930 (0.770400 + 0.081530),0.866826 (0.784800 + 0.082026),0.849994 (0.769500 + 0.080494),0.853765 (0.773100 + 0.080665),0.857122 (0.775800 + 0.081322),0.852696 (0.771300 + 0.081396),0.859029 (0.777600 + 0.081429),0.852583 (0.771300 + 0.081283),0.851666 (0.770400 + 0.081266),0.855392 (0.774000 + 0.081392),0.859920 (0.779400 + 0.080520),0.839369 (0.758700 + 0.080669),0.848794 (0.767700 + 0.081094),0.849320 (0.767700 + 0.081620),0.851681 (0.770400 + 0.081281),0.851766 (0.770400 + 0.081366),0.853378 (0.772200 + 0.081178),0.851762 (0.770400 + 0.081363),0.853290 (0.772200 + 0.081090),0.848931 (0.767700 + 0.081231),0.856129 (0.774900 + 0.081229),0.852224 (0.771300 + 0.080924),0.844299 (0.763200 + 0.081099),0.858324 (0.777600 + 0.080724),0.863316 (0.782100 + 0.081216),0.858374 (0.776700 + 0.081674),0.857491 (0.776700 + 0.080791),0.849840 (0.768600 + 0.081240),0.861748 (0.780300 + 0.081449),0.861748 (0.780300 + 0.081449),0.861841 (0.781200 + 0.080642),0.857993 (0.776700 + 0.081293),0.860862 (0.779400 + 0.081462),0.860585 (0.779400 + 0.081185),0.862482 (0.781200 + 0.081283),0.858734 (0.777600 + 0.081134),0.851537 (0.771300 + 0.080237),0.850283 (0.768600 + 0.081683),0.858911 (0.777600 + 0.081311),0.862931 (0.782100 + 0.080831),0.851320 (0.769500 + 0.081820),0.858477 (0.776700 + 0.081777),0.872839 (0.791100 + 0.081739),0.852359 (0.771300 + 0.081060),0.863154 (0.781200 + 0.081954),0.846952 (0.765900 + 0.081052),0.852892 (0.771300 + 0.081592),0.860683 (0.779400 + 0.081283),0.846295 (0.765000 + 0.081295),0.860643 (0.779400 + 0.081243),0.858696 (0.777600 + 0.081096),0.859771 (0.778500 + 0.081271),0.858528 (0.776700 + 0.081829),0.858657 (0.777600 + 0.081057),0.866242 (0.785700 + 0.080542),0.857618 (0.776700 + 0.080918),0.858218 (0.776700 + 0.081518),0.862193 (0.781200 + 0.080993),0.855068 (0.774900 + 0.080168),0.848270 (0.767700 + 0.080570),0.834944 (0.754200 + 0.080744),0.854894 (0.774000 + 0.080894),0.846210 (0.765000 + 0.081210),0.832877 (0.752400 + 0.080477),0.853692 (0.772200 + 0.081492),0.855269 (0.774000 + 0.081269),0.855100 (0.773100 + 0.082000),0.853411 (0.772200 + 0.081211),0.848737 (0.766800 + 0.081937),0.870140 (0.788400 + 0.081740),0.850764 (0.769500 + 0.081264),0.845351 (0.764100 + 0.081251),0.855704 (0.774000 + 0.081704),0.857675 (0.776700 + 0.080975),0.866145 (0.784800 + 0.081345),0.855459 (0.774000 + 0.081459),0.852098 (0.770400 + 0.081698),0.846459 (0.765000 + 0.081459),0.849687 (0.767700 + 0.081987)
30,0.872839 (0.791100 + 0.081739),0.856301 (0.774900 + 0.081401),0.850039 (0.768600 + 0.081439),0.851466 (0.770400 + 0.081066),0.854767 (0.773100 + 0.081667),0.859151 (0.777600 + 0.081551),0.857073 (0.775800 + 0.081273),0.845841 (0.765000 + 0.080841),0.856505 (0.775800 + 0.080705),0.868022 (0.786600 + 0.081422),0.859650 (0.777600 + 0.082050),0.857901 (0.776700 + 0.081201),0.859720 (0.778500 + 0.081220),0.856040 (0.774900 + 0.081140),0.852720 (0.771300 + 0.081420),0.854111 (0.774000 + 0.080111),0.855476 (0.774900 + 0.080576),0.852939 (0.772200 + 0.080739),0.862428 (0.781200 + 0.081228),0.865980 (0.783900 + 0.082080),0.846734 (0.765900 + 0.080834),0.872839 (0.791100 + 0.081739),0.860455 (0.779400 + 0.081055),0.859216 (0.778500 + 0.080716),0.860622 (0.779400 + 0.081222),0.866861 (0.785700 + 0.081161),0.853930 (0.772200 + 0.081730),0.853988 (0.772200 + 0.081788),0.856672 (0.774900 + 0.081772),0.858426 (0.777600 + 0.080826),0.866148 (0.784800 + 0.081348),0.850841 (0.769500 + 0.081341),0.859528 (0.777600 + 0.081928),0.848754 (0.767700 + 0.081054),0.853021 (0.772200 + 0.080821),0.851871 (0.770400 + 0.081471),0.866134 (0.784800 + 0.081334),0.862910 (0.782100 + 0.080810),0.860416 (0.779400 + 0.081016),0.845016 (0.765000 + 0.080016),0.850777 (0.769500 + 0.081277),0.862931 (0.782100 + 0.080831),0.861641 (0.780300 + 0.081341),0.853226 (0.772200 + 0.081026),0.853484 (0.772200 + 0.081284),0.856194 (0.774900 + 0.081294),0.867156 (0.785700 + 0.081456),0.856791 (0.774900 + 0.081891),0.861205 (0.779400 + 0.081805),0.853630 (0.772200 + 0.081430),0.852699 (0.771300 + 0.081399),0.844308 (0.763200 + 0.081108),0.852909 (0.772200 + 0.080709),0.844333 (0.763200 + 0.081133),0.861948 (0.780300 + 0.081648),0.856128 (0.774900 + 0.081228),0.854670 (0.773100 + 0.081570),0.843735 (0.762300 + 0.081435),0.851527 (0.771300 + 0.080227),0.856205 (0.774900 + 0.081305),0.861074 (0.779400 + 0.081674),0.855886 (0.774900 + 0.080986),0.861728 (0.781200 + 0.080528),0.863435 (0.782100 + 0.081335),0.850923 (0.770400 + 0.080523),0.833217 (0.751500 + 0.081717),0.855220 (0.774000 + 0.081220),0.863998 (0.783000 + 0.080998),0.868729 (0.787500 + 0.081229),0.854126 (0.772200 + 0.081926),0.849765 (0.768600 + 0.081165),0.860950 (0.780300 + 0.080650),0.865227 (0.783900 + 0.081327),0.863154 (0.781200 + 0.081954),0.861841 (0.781200 + 0.080642),0.846815 (0.765900 + 0.080915),0.847290 (0.766800 + 0.080490),0.866937 (0.785700 + 0.081237),0.854355 (0.773100 + 0.081255),0.861587 (0.780300 + 0.081287),0.863135 (0.782100 + 0.081035),0.863435 (0.782100 + 0.081335),0.858911 (0.777600 + 0.081311),0.850891 (0.769500 + 0.081391),0.858591 (0.777600 + 0.080991),0.861123 (0.779400 + 0.081723),0.850220 (0.769500 + 0.080720),0.855897 (0.774900 + 0.080998),0.849383 (0.767700 + 0.081683),0.854827 (0.774000 + 0.080827),0.856947 (0.775800 + 0.081147),0.867151 (0.785700 + 0.081451),0.858218 (0.776700 + 0.081518),0.858404 (0.776700 + 0.081704),0.863544 (0.782100 + 0.081444),0.856467 (0.775800 + 0.080667),0.851360 (0.770400 + 0.080960),0.863316 (0.782100 + 0.081216),0.862485 (0.781200 + 0.081285),0.850936 (0.769500 + 0.081436)
31,0.872839 (0.791100 + 0.081739),0.862533 (0.781200 + 0.081333),0.861395 (0.780300 + 0.081095),0.848042 (0.765900 + 0.082142),0.847910 (0.767700 + 0.080210),0.857052 (0.775800 + 0.081252),0.864754 (0.783000 + 0.081754),0.861484 (0.780300 + 0.081184),0.857276 (0.775800 + 0.081476),0.849446 (0.767700 + 0.081746),0.867135 (0.785700 + 0.081435),0.855710 (0.774900 + 0.080810),0.858853 (0.777600 + 0.081253),0.854465 (0.773100 + 0.081365),0.854934 (0.774000 + 0.080934),0.863243 (0.782100 + 0.081143),0.845502 (0.764100 + 0.081402),0.866188 (0.784800 + 0.081388),0.863232 (0.782100 + 0.081132),0.856698 (0.775800 + 0.080898),0.866015 (0.784800 + 0.081215),0.865986 (0.784800 + 0.081187),0.857599 (0.776700 + 0.080899),0.862485 (0.781200 + 0.081285),0.862485 (0.781200 + 0.081285),0.862524 (0.781200 + 0.081324),0.864036 (0.783000 + 0.081036),0.862700 (0.782100 + 0.080600),0.863998 (0.783000 + 0.080998),0.850455 (0.769500 + 0.080955),0.865221 (0.783000 + 0.082221),0.866272 (0.784800 + 0.081472),0.865259 (0.783900 + 0.081359),0.865617 (0.783900 + 0.081717),0.850514 (0.769500 + 0.081014),0.863316 (0.782100 + 0.081216),0.859650 (0.777600 + 0.082050),0.850162 (0.768600 + 0.081562),0.852837 (0.772200 + 0.080637),0.852476 (0.770400 + 0.082076),0.854287 (0.773100 + 0.081187),0.864666 (0.783000 + 0.081666),0.869388 (0.788400 + 0.080988),0.853687 (0.772200 + 0.081487),0.857881 (0.776700 + 0.081181),0.856379 (0.774900 + 0.081479),0.866793 (0.784800 + 0.081993),0.858855 (0.777600 + 0.081255),0.856149 (0.774900 + 0.081249),0.854062 (0.773100 + 0.080962),0.861211 (0.779400 + 0.081811),0.856694 (0.775800 + 0.080894),0.854853 (0.773100 + 0.081753),0.858151 (0.777600 + 0.080551),0.853910 (0.773100 + 0.080810),0.847050 (0.765000 + 0.082050),0.865333 (0.783900 + 0.081433),0.857066 (0.775800 + 0.081266),0.861243 (0.780300 + 0.080943),0.840348 (0.759600 + 0.080748),0.866813 (0.784800 + 0.082013),0.852902 (0.771300 + 0.081602),0.854454 (0.773100 + 0.081354),0.861736 (0.780300 + 0.081436),0.840562 (0.759600 + 0.080962),0.861841 (0.781200 + 0.080642),0.857073 (0.775800 + 0.081273),0.859606 (0.778500 + 0.081106),0.858327 (0.776700 + 0.081627),0.863290 (0.782100 + 0.081190),0.857305 (0.775800 + 0.081505),0.856128 (0.774900 + 0.081228),0.858404 (0.776700 + 0.081704),0.855924 (0.774900 + 0.081024),0.853007 (0.772200 + 0.080807),0.850034 (0.768600 + 0.081434),0.860355 (0.779400 + 0.080955),0.865327 (0.783900 + 0.081427),0.851202 (0.769500 + 0.081702),0.863435 (0.782100 + 0.081335),0.861641 (0.780300 + 0.081341),0.858879 (0.777600 + 0.081279),0.853482 (0.773100 + 0.080382),0.849587 (0.768600 + 0.080987),0.850936 (0.769500 + 0.081436),0.866545 (0.784800 + 0.081745),0.844544 (0.763200 + 0.081344),0.859528 (0.777600 + 0.081928),0.856791 (0.774900 + 0.081891),0.849863 (0.768600 + 0.081263),0.860175 (0.778500 + 0.081675),0.855917 (0.774900 + 0.081017),0.861782 (0.780300 + 0.081482),0.850429 (0.768600 + 0.081830),0.848552 (0.767700 + 0.080852),0.843292 (0.762300 + 0.080992),0.871321 (0.790200 + 0.081121),0.854154 (0.773100 + 0.081054),0.853349 (0.772200 + 0.081149),0.846708 (0.765900 + 0.080808)
32,0.872839 (0.791100 + 0.081739),0.851808 (0.770400 + 0.081408),0.869657 (0.788400 + 0.081257),0.850925 (0.769500 + 0.081425),0.856458 (0.774900 + 0.081558),0.862161 (0.781200 + 0.080961),0.854957 (0.774900 + 0.080057),0.861359 (0.780300 + 0.081060),0.854770 (0.773100 + 0.081670),0.857995 (0.776700 + 0.081295),0.858802 (0.776700 + 0.082102),0.855873 (0.774900 + 0.080973),0.865883 (0.783900 + 0.081983),0.864036 (0.783000 + 0.081036),0.863232 (0.782100 + 0.081132),0.864036 (0.783000 + 0.081036),0.862700 (0.782100 + 0.080600),0.858047 (0.776700 + 0.081347),0.850946 (0.769500 + 0.081446),0.851666 (0.770400 + 0.081266),0.863287 (0.782100 + 0.081187),0.860278 (0.779400 + 0.080878),0.862213 (0.781200 + 0.081013),0.855591 (0.774900 + 0.080691),0.853563 (0.772200 + 0.081363),0.839752 (0.758700 + 0.081052),0.858903 (0.777600 + 0.081303),0.857918 (0.776700 + 0.081218),0.843329 (0.762300 + 0.081029),0.848901 (0.767700 + 0.081201),0.865484 (0.783900 + 0.081584),0.861736 (0.780300 + 0.081436),0.852476 (0.770400 + 0.082076),0.860613 (0.779400 + 0.081213),0.863318 (0.781200 + 0.082118),0.865333 (0.783900 + 0.081433),0.856128 (0.774900 + 0.081228),0.855790 (0.774900 + 0.080890),0.852800 (0.772200 + 0.080600),0.849323 (0.767700 + 0.081623),0.857111 (0.775800 + 0.081311),0.856662 (0.774900 + 0.081762),0.857820 (0.776700 + 0.081120),0.861545 (0.780300 + 0.081245),0.854322 (0.773100 + 0.081222),0.860391 (0.779400 + 0.080991),0.861811 (0.781200 + 0.080611),0.840191 (0.759600 + 0.080591),0.848615 (0.766800 + 0.081815),0.859918 (0.778500 + 0.081418),0.855429 (0.774000 + 0.081429),0.855135 (0.774000 + 0.081135),0.855415 (0.774000 + 0.081415),0.856969 (0.775800 + 0.081169),0.866853 (0.785700 + 0.081153),0.847777 (0.766800 + 0.080977),0.859819 (0.778500 + 0.081319),0.857122 (0.775800 + 0.081322),0.859752 (0.778500 + 0.081252),0.862958 (0.781200 + 0.081759),0.851160 (0.769500 + 0.081660),0.864304 (0.783000 + 0.081304),0.842434 (0.761400 + 0.081034),0.849169 (0.767700 + 0.081469),0.853801 (0.773100 + 0.080701),0.857774 (0.776700 + 0.081074),0.867264 (0.785700 + 0.081564),0.856128 (0.774900 + 0.081228),0.856462 (0.774900 + 0.081562),0.863374 (0.782100 + 0.081274),0.852545 (0.771300 + 0.081245),0.851856 (0.770400 + 0.081456),0.868395 (0.786600 + 0.081795),0.849837 (0.767700 + 0.082137),0.854273 (0.773100 + 0.081173),0.851026 (0.769500 + 0.081526),0.845685 (0.765000 + 0.080685),0.852468 (0.771300 + 0.081168),0.855704 (0.774900 + 0.080804),0.871143 (0.790200 + 0.080943),0.855533 (0.774000 + 0.081533),0.866525 (0.785700 + 0.080825),0.855874 (0.774000 + 0.081874),0.859839 (0.778500 + 0.081339),0.850466 (0.769500 + 0.080966),0.857649 (0.776700 + 0.080949),0.846883 (0.765900 + 0.080983),0.844521 (0.763200 + 0.081321),0.861269 (0.780300 + 0.080969),0.864207 (0.783000 + 0.081207),0.851805 (0.770400 + 0.081405),0.844586 (0.764100 + 0.080486),0.844793 (0.763200 + 0.081593),0.852972 (0.771300 + 0.081672),0.865438 (0.783900 + 0.081538),0.858770 (0.777600 + 0.081170),0.850118 (0.768600 + 0.081518),0.859530 (0.778500 + 0.081030),0.855212 (0.774000 + 0.081212),0.858317 (0.777600 + 0.080717)
33,0.872839 (0.791100 + 0.081739),0.860621 (0.779400 + 0.081221),0.855686 (0.774900 + 0.080786),0.856998 (0.775800 + 0.081198),0.844437 (0.763200 + 0.081237),0.850117 (0.769500 + 0.080617),0.854296 (0.773100 + 0.081196),0.865040 (0.783900 + 0.081140),0.867950 (0.786600 + 0.081350),0.857635 (0.776700 + 0.080935),0.845231 (0.763200 + 0.082031),0.847990 (0.766800 + 0.081190),0.858869 (0.777600 + 0.081269),0.862900 (0.782100 + 0.080800),0.857760 (0.776700 + 0.081060),0.860432 (0.779400 + 0.081032),0.856883 (0.775800 + 0.081083),0.854509 (0.773100 + 0.081409),0.855014 (0.774000 + 0.081014),0.864146 (0.783000 + 0.081146),0.851559 (0.770400 + 0.081159),0.864728 (0.783900 + 0.080828),0.853178 (0.771300 + 0.081878),0.838118 (0.757800 + 0.080318),0.862934 (0.782100 + 0.080834),0.856520 (0.775800 + 0.080720),0.862225 (0.781200 + 0.081025),0.845243 (0.764100 + 0.081143),0.862191 (0.781200 + 0.080991),0.857122 (0.775800 + 0.081322),0.845689 (0.765000 + 0.080689),0.857167 (0.775800 + 0.081367),0.861908 (0.780300 + 0.081608),0.863212 (0.782100 + 0.081112),0.848877 (0.767700 + 0.081177),0.843690 (0.762300 + 0.081390),0.852149 (0.770400 + 0.081749),0.871143 (0.790200 + 0.080943),0.858619 (0.777600 + 0.081019),0.853924 (0.772200 + 0.081724),0.852649 (0.771300 + 0.081349),0.858398 (0.776700 + 0.081698),0.849391 (0.768600 + 0.080791),0.868811 (0.787500 + 0.081311),0.868680 (0.787500 + 0.081180),0.866453 (0.785700 + 0.080753),0.851421 (0.770400 + 0.081021),0.854056 (0.773100 + 0.080956),0.850173 (0.768600 + 0.081573),0.846579 (0.765900 + 0.080679),0.861987 (0.780300 + 0.081687),0.851565 (0.770400 + 0.081165),0.871340 (0.789300 + 0.082040),0.854530 (0.773100 + 0.081430),0.860668 (0.779400 + 0.081268),0.857064 (0.775800 + 0.081264),0.857855 (0.776700 + 0.081155),0.851089 (0.770400 + 0.080689),0.864617 (0.783000 + 0.081617),0.862342 (0.781200 + 0.081142),0.849111 (0.767700 + 0.081411),0.855030 (0.774000 + 0.081030),0.864057 (0.783000 + 0.081057),0.858239 (0.777600 + 0.080639),0.851907 (0.770400 + 0.081507),0.866525 (0.785700 + 0.080825),0.859839 (0.778500 + 0.081339),0.865484 (0.783900 + 0.081584),0.857774 (0.776700 + 0.081074),0.847877 (0.766800 + 0.081077),0.869577 (0.788400 + 0.081177),0.874568 (0.792900 + 0.081668),0.860196 (0.779400 + 0.080796),0.860241 (0.778500 + 0.081741),0.852801 (0.772200 + 0.080601),0.865131 (0.783900 + 0.081231),0.840872 (0.760500 + 0.080372),0.858771 (0.777600 + 0.081171),0.857797 (0.776700 + 0.081097),0.865883 (0.783900 + 0.081983),0.856128 (0.774900 + 0.081228),0.851404 (0.770400 + 0.081004),0.858714 (0.777600 + 0.081114),0.853545 (0.772200 + 0.081345),0.839175 (0.757800 + 0.081375),0.855873 (0.774900 + 0.080973),0.839449 (0.757800 + 0.081649),0.862310 (0.780300 + 0.082010),0.853331 (0.772200 + 0.081131),0.867341 (0.785700 + 0.081641),0.863625 (0.782100 + 0.081525),0.858665 (0.777600 + 0.081065),0.854023 (0.772200 + 0.081823),0.871143 (0.790200 + 0.080943),0.854473 (0.773100 + 0.081373),0.859572 (0.778500 + 0.081072),0.851766 (0.770400 + 0.081366),0.865266 (0.783900 + 0.081366),0.867601 (0.786600 + 0.081001),0.847000 (0.765900 + 0.081100)
34,0.874568 (0.792900 + 0.081668),0.858752 (0.777600 + 0.081152),0.859116 (0.777600 + 0.081516),0.860949 (0.779400 + 0.081549),0.849221 (0.767700 + 0.081521),0.859027 (0.777600 + 0.081427),0.857277 (0.775800 + 0.081477),0.860196 (0.779400 + 0.080796),0.854530 (0.773100 + 0.081430),0.864358 (0.783000 + 0.081358),0.864304 (0.783000 + 0.081304),0.856924 (0.775800 + 0.081124),0.858581 (0.777600 + 0.080981),0.852291 (0.771300 + 0.080991),0.859677 (0.778500 + 0.081177),0.864087 (0.783000 + 0.081087),0.856913 (0.775800 + 0.081113),0.861369 (0.780300 + 0.081070),0.858633 (0.777600 + 0.081033),0.845689 (0.765000 + 0.080689),0.867040 (0.785700 + 0.081340),0.859371 (0.777600 + 0.081771),0.855924 (0.774900 + 0.081024),0.854401 (0.773100 + 0.081301),0.872893 (0.792000 + 0.080893),0.870248 (0.789300 + 0.080948),0.863237 (0.782100 + 0.081137),0.863968 (0.782100 + 0.081868),0.856481 (0.775800 + 0.080682),0.853589 (0.772200 + 0.081389),0.859563 (0.778500 + 0.081063),0.845722 (0.765000 + 0.080722),0.859655 (0.778500 + 0.081155),0.855374 (0.774000 + 0.081374),0.864275 (0.783000 + 0.081275),0.860632 (0.779400 + 0.081232),0.859453 (0.778500 + 0.080953),0.858874 (0.777600 + 0.081274),0.848528 (0.767700 + 0.080828),0.850793 (0.769500 + 0.081293),0.853756 (0.772200 + 0.081556),0.858583 (0.777600 + 0.080983),0.858999 (0.777600 + 0.081399),0.855222 (0.774000 + 0.081222),0.858511 (0.776700 + 0.081811),0.857167 (0.775800 + 0.081367),0.868811 (0.787500 + 0.081311),0.867126 (0.786600 + 0.080526),0.856418 (0.774900 + 0.081518),0.864728 (0.783900 + 0.080828),0.858665 (0.777600 + 0.081065),0.865904 (0.784800 + 0.081104),0.864617 (0.783000 + 0.081617),0.848096 (0.766800 + 0.081296),0.858994 (0.777600 + 0.081394),0.862638 (0.781200 + 0.081438),0.858395 (0.776700 + 0.081695),0.857355 (0.775800 + 0.081555),0.868750 (0.787500 + 0.081250),0.852904 (0.771300 + 0.081604),0.867504 (0.785700 + 0.081804),0.850191 (0.768600 + 0.081591),0.859627 (0.778500 + 0.081127),0.855050 (0.774000 + 0.081050),0.855374 (0.774000 + 0.081374),0.862050 (0.780300 + 0.081750),0.865516 (0.784800 + 0.080716),0.853455 (0.772200 + 0.081255),0.873996 (0.792000 + 0.081996),0.848710 (0.767700 + 0.081010),0.865190 (0.783900 + 0.081290),0.856109 (0.774900 + 0.081209),0.863995 (0.783000 + 0.080995),0.845644 (0.764100 + 0.081544),0.848022 (0.767700 + 0.080322),0.853281 (0.772200 + 0.081081),0.866239 (0.784800 + 0.081439),0.858610 (0.777600 + 0.081010),0.875598 (0.793800 + 0.081798),0.859148 (0.778500 + 0.080648),0.861526 (0.780300 + 0.081226),0.848104 (0.766800 + 0.081304),0.866346 (0.784800 + 0.081546),0.866525 (0.785700 + 0.080825),0.866525 (0.785700 + 0.080825),0.860969 (0.780300 + 0.080669),0.867378 (0.785700 + 0.081678),0.851809 (0.770400 + 0.081409),0.868463 (0.787500 + 0.080963),0.867341 (0.785700 + 0.081641),0.857064 (0.775800 + 0.081264),0.852796 (0.771300 + 0.081496),0.861122 (0.779400 + 0.081722),0.842927 (0.761400 + 0.081527),0.857032 (0.775800 + 0.081232),0.850613 (0.769500 + 0.081113),0.862249 (0.781200 + 0.081049),0.846973 (0.765900 + 0.081073),0.861308 (0.780300 + 0.081008),0.864606 (0.783900 + 0.080706)
35,0.875598 (0.793800 + 0.081798),0.859397 (0.777600 + 0.081797),0.862833 (0.781200 + 0.081634),0.863768 (0.782100 + 0.081668),0.859270 (0.778500 + 0.080770),0.858923 (0.777600 + 0.081323),0.864562 (0.783000 + 0.081562),0.871141 (0.790200 + 0.080941),0.859516 (0.777600 + 0.081916),0.851120 (0.769500 + 0.081620),0.862230 (0.780300 + 0.081930),0.853497 (0.772200 + 0.081297),0.861972 (0.780300 + 0.081672),0.855141 (0.774000 + 0.081141),0.865257 (0.783900 + 0.081357),0.853543 (0.772200 + 0.081343),0.855297 (0.774000 + 0.081297),0.868463 (0.787500 + 0.080963),0.865190 (0.783900 + 0.081290),0.854820 (0.774000 + 0.080820),0.860176 (0.779400 + 0.080776),0.859241 (0.778500 + 0.080741),0.862825 (0.782100 + 0.080725),0.872825 (0.791100 + 0.081725),0.861516 (0.780300 + 0.081216),0.852870 (0.771300 + 0.081570),0.865031 (0.783000 + 0.082031),0.848847 (0.767700 + 0.081148),0.863161 (0.782100 + 0.081061),0.856378 (0.774900 + 0.081478),0.858033 (0.776700 + 0.081333),0.855300 (0.774000 + 0.081300),0.856019 (0.774900 + 0.081119),0.858043 (0.776700 + 0.081344),0.856475 (0.775800 + 0.080675),0.856318 (0.774900 + 0.081418),0.870532 (0.789300 + 0.081232),0.852628 (0.771300 + 0.081328),0.866667 (0.785700 + 0.080967),0.858397 (0.776700 + 0.081697),0.860480 (0.779400 + 0.081080),0.865190 (0.783900 + 0.081290),0.859627 (0.778500 + 0.081127),0.864164 (0.783000 + 0.081164),0.858331 (0.776700 + 0.081631),0.855904 (0.774900 + 0.081004),0.853529 (0.772200 + 0.081329),0.860969 (0.780300 + 0.080669),0.860121 (0.779400 + 0.080721),0.856543 (0.774900 + 0.081643),0.855391 (0.774900 + 0.080491),0.860001 (0.778500 + 0.081501),0.861803 (0.780300 + 0.081503),0.850786 (0.769500 + 0.081286),0.850346 (0.768600 + 0.081746),0.860080 (0.779400 + 0.080680),0.849688 (0.768600 + 0.081088),0.855309 (0.774000 + 0.081309),0.851881 (0.770400 + 0.081481),0.854386 (0.773100 + 0.081286),0.838616 (0.757800 + 0.080816),0.862730 (0.781200 + 0.081530),0.856021 (0.774900 + 0.081121),0.856399 (0.774900 + 0.081499),0.861020 (0.780300 + 0.080720),0.851704 (0.770400 + 0.081304),0.855172 (0.774000 + 0.081172),0.851508 (0.770400 + 0.081108),0.868811 (0.787500 + 0.081311),0.850091 (0.769500 + 0.080591),0.860178 (0.778500 + 0.081678),0.867730 (0.786600 + 0.081130),0.859613 (0.778500 + 0.081113),0.852395 (0.771300 + 0.081095),0.862937 (0.782100 + 0.080837),0.861508 (0.780300 + 0.081208),0.865579 (0.783900 + 0.081679),0.860518 (0.779400 + 0.081118),0.867110 (0.785700 + 0.081410),0.874568 (0.792900 + 0.081668),0.865190 (0.783900 + 0.081290),0.862371 (0.781200 + 0.081172),0.860955 (0.779400 + 0.081555),0.853940 (0.773100 + 0.080840),0.857189 (0.776700 + 0.080489),0.868811 (0.787500 + 0.081311),0.863995 (0.783000 + 0.080995),0.863961 (0.783000 + 0.080961),0.855618 (0.774900 + 0.080718),0.861475 (0.781200 + 0.080275),0.860930 (0.779400 + 0.081530),0.852868 (0.771300 + 0.081568),0.854800 (0.773100 + 0.081700),0.854035 (0.773100 + 0.080935),0.855606 (0.774900 + 0.080706),0.855452 (0.774000 + 0.081452),0.860618 (0.779400 + 0.081218),0.862628 (0.781200 + 0.081428),0.860329 (0.778500 + 0.081829),0.864039 (0.783000 + 0.081039)
36,0.875598 (0.793800 + 0.081798),0.857554 (0.776700 + 0.080854),0.848944 (0.767700 + 0.081244),0.867807 (0.786600 + 0.081207),0.848824 (0.767700 + 0.081124),0.859424 (0.778500 + 0.080924),0.854216 (0.773100 + 0.081116),0.851893 (0.770400 + 0.081493),0.858202 (0.776700 + 0.081502),0.865481 (0.783900 + 0.081581),0.863186 (0.782100 + 0.081086),0.858455 (0.776700 + 0.081755),0.857073 (0.775800 + 0.081273),0.864012 (0.783000 + 0.081012),0.854788 (0.774000 + 0.080788),0.869906 (0.789300 + 0.080606),0.851678 (0.770400 + 0.081278),0.862952 (0.782100 + 0.080852),0.858293 (0.776700 + 0.081593),0.860394 (0.780300 + 0.080094),0.856399 (0.774900 + 0.081499),0.857381 (0.775800 + 0.081581),0.861020 (0.780300 + 0.080720),0.849635 (0.769500 + 0.080135),0.837428 (0.756000 + 0.081428),0.856780 (0.775800 + 0.080980),0.858977 (0.777600 + 0.081377),0.875598 (0.793800 + 0.081798),0.860121 (0.779400 + 0.080721),0.864351 (0.783000 + 0.081351),0.851615 (0.770400 + 0.081215),0.870237 (0.789300 + 0.080937),0.856051 (0.774000 + 0.082051),0.844446 (0.763200 + 0.081246),0.853124 (0.771300 + 0.081824),0.869700 (0.788400 + 0.081300),0.857717 (0.776700 + 0.081017),0.857940 (0.776700 + 0.081240),0.870299 (0.789300 + 0.080999),0.858889 (0.777600 + 0.081289),0.854971 (0.774000 + 0.080971),0.860966 (0.779400 + 0.081566),0.858952 (0.777600 + 0.081352),0.855240 (0.774000 + 0.081240),0.862637 (0.781200 + 0.081437),0.855746 (0.774000 + 0.081746),0.855968 (0.774900 + 0.081068),0.860950 (0.780300 + 0.080650),0.863900 (0.783000 + 0.080900),0.861079 (0.779400 + 0.081679),0.856696 (0.774900 + 0.081796),0.862825 (0.782100 + 0.080725),0.858043 (0.776700 + 0.081344),0.855417 (0.774000 + 0.081417),0.860112 (0.778500 + 0.081612),0.871559 (0.790200 + 0.081359),0.857781 (0.776700 + 0.081081),0.867515 (0.785700 + 0.081815),0.864147 (0.783000 + 0.081147),0.856760 (0.775800 + 0.080960),0.865976 (0.785700 + 0.080276),0.860768 (0.779400 + 0.081368),0.856013 (0.774900 + 0.081113),0.854540 (0.773100 + 0.081440),0.856914 (0.776700 + 0.080214),0.859540 (0.778500 + 0.081040),0.853868 (0.773100 + 0.080768),0.862825 (0.782100 + 0.080725),0.861516 (0.780300 + 0.081216),0.848504 (0.766800 + 0.081704),0.866821 (0.785700 + 0.081121),0.849690 (0.768600 + 0.081090),0.853578 (0.772200 + 0.081378),0.862093 (0.782100 + 0.079993),0.858657 (0.777600 + 0.081057),0.851011 (0.769500 + 0.081511),0.861486 (0.780300 + 0.081186),0.856975 (0.775800 + 0.081176),0.870068 (0.788400 + 0.081668),0.854919 (0.774000 + 0.080919),0.860139 (0.779400 + 0.080739),0.857744 (0.776700 + 0.081044),0.851499 (0.770400 + 0.081099),0.861352 (0.780300 + 0.081052),0.865104 (0.783900 + 0.081204),0.861158 (0.779400 + 0.081758),0.866017 (0.784800 + 0.081217),0.860684 (0.779400 + 0.081284),0.873238 (0.792000 + 0.081238),0.859097 (0.778500 + 0.080597),0.859447 (0.777600 + 0.081847),0.838177 (0.756900 + 0.081277),0.855186 (0.774000 + 0.081186),0.861614 (0.780300 + 0.081314),0.857165 (0.776700 + 0.080465),0.856031 (0.774900 + 0.081131),0.859307 (0.778500 + 0.080807),0.861972 (0.780300 + 0.081672),0.862730 (0.781200 + 0.081530),0.853868 (0.773100 + 0.080768)
37,0.875598 (0.793800 + 0.081798),0.857154 (0.776700 + 0.080454),0.861990 (0.780300 + 0.081690),0.858637 (0.777600 + 0.081037),0.850347 (0.769500 + 0.080847),0.870210 (0.789300 + 0.080910),0.855827 (0.774900 + 0.080927),0.857988 (0.776700 + 0.081289),0.874080 (0.792900 + 0.081180),0.863350 (0.782100 + 0.081250),0.850722 (0.769500 + 0.081222),0.858257 (0.776700 + 0.081557),0.849956 (0.769500 + 0.080456),0.870086 (0.788400 + 0.081686),0.846479 (0.765000 + 0.081479),0.860049 (0.778500 + 0.081549),0.856964 (0.775800 + 0.081164),0.860808 (0.779400 + 0.081408),0.849625 (0.768600 + 0.081025),0.862282 (0.781200 + 0.081082),0.859604 (0.778500 + 0.081104),0.866821 (0.785700 + 0.081121),0.860112 (0.778500 + 0.081612),0.855121 (0.774000 + 0.081121),0.842579 (0.762300 + 0.080279),0.854231 (0.773100 + 0.081131),0.854849 (0.774000 + 0.080849),0.865405 (0.783900 + 0.081505),0.850426 (0.768600 + 0.081826),0.861890 (0.780300 + 0.081590),0.862615 (0.781200 + 0.081415),0.853613 (0.772200 + 0.081413),0.847449 (0.765900 + 0.081549),0.872073 (0.791100 + 0.080973),0.861550 (0.780300 + 0.081250),0.861677 (0.781200 + 0.080477),0.865965 (0.784800 + 0.081165),0.860414 (0.778500 + 0.081914),0.858249 (0.776700 + 0.081549),0.856714 (0.775800 + 0.080914),0.864923 (0.783900 + 0.081023),0.858894 (0.777600 + 0.081294),0.866146 (0.784800 + 0.081346),0.846093 (0.765000 + 0.081093),0.866301 (0.784800 + 0.081501),0.854749 (0.773100 + 0.081649),0.857517 (0.776700 + 0.080817),0.862795 (0.781200 + 0.081595),0.849534 (0.768600 + 0.080934),0.848997 (0.767700 + 0.081297),0.856555 (0.775800 + 0.080755),0.870964 (0.789300 + 0.081664),0.849031 (0.767700 + 0.081331),0.862708 (0.781200 + 0.081508),0.866788 (0.786600 + 0.080188),0.865292 (0.783900 + 0.081392),0.861686 (0.780300 + 0.081387),0.864635 (0.783900 + 0.080735),0.850462 (0.769500 + 0.080962),0.847960 (0.766800 + 0.081160),0.864996 (0.783900 + 0.081096),0.860418 (0.779400 + 0.081018),0.867592 (0.787500 + 0.080092),0.857156 (0.775800 + 0.081356),0.845371 (0.764100 + 0.081271),0.863830 (0.783000 + 0.080830),0.852648 (0.770400 + 0.082249),0.843506 (0.762300 + 0.081206),0.866939 (0.785700 + 0.081239),0.846417 (0.765000 + 0.081417),0.867721 (0.786600 + 0.081121),0.852879 (0.771300 + 0.081579),0.860118 (0.778500 + 0.081618),0.857775 (0.776700 + 0.081076),0.851193 (0.770400 + 0.080793),0.857639 (0.775800 + 0.081839),0.854176 (0.773100 + 0.081076),0.857696 (0.776700 + 0.080996),0.864261 (0.783000 + 0.081261),0.864818 (0.783900 + 0.080918),0.852081 (0.771300 + 0.080781),0.849811 (0.768600 + 0.081211),0.849093 (0.767700 + 0.081393),0.847016 (0.765900 + 0.081116),0.855245 (0.774000 + 0.081245),0.859165 (0.777600 + 0.081565),0.857866 (0.776700 + 0.081166),0.857524 (0.775800 + 0.081724),0.867504 (0.785700 + 0.081804),0.852444 (0.771300 + 0.081144),0.846834 (0.766800 + 0.080034),0.860234 (0.779400 + 0.080834),0.861997 (0.781200 + 0.080797),0.852602 (0.771300 + 0.081302),0.859736 (0.778500 + 0.081236),0.852512 (0.771300 + 0.081212),0.857469 (0.776700 + 0.080770),0.868227 (0.786600 + 0.081627),0.853746 (0.772200 + 0.081546),0.859002 (0.778500 + 0.080502)
38,0.875598 (0.793800 + 0.081798),0.862282 (0.781200 + 0.081082),0.852444 (0.771300 + 0.081144),0.860040 (0.778500 + 0.081540),0.857625 (0.776700 + 0.080925),0.859134 (0.777600 + 0.081534),0.857196 (0.775800 + 0.081396),0.862282 (0.781200 + 0.081082),0.862282 (0.781200 + 0.081082),0.867504 (0.785700 + 0.081804),0.857988 (0.776700 + 0.081289),0.859137 (0.778500 + 0.080637),0.858611 (0.777600 + 0.081011),0.867800 (0.786600 + 0.081200),0.855214 (0.773100 + 0.082114),0.864635 (0.783900 + 0.080735),0.864635 (0.783900 + 0.080735),0.863640 (0.782100 + 0.081540),0.868949 (0.787500 + 0.081449),0.860177 (0.778500 + 0.081677),0.865577 (0.783900 + 0.081677),0.867504 (0.785700 + 0.081804),0.860808 (0.779400 + 0.081408),0.863811 (0.782100 + 0.081711),0.846015 (0.764100 + 0.081915),0.865344 (0.783900 + 0.081444),0.864030 (0.782100 + 0.081930),0.858942 (0.777600 + 0.081342),0.865048 (0.783900 + 0.081148),0.869144 (0.787500 + 0.081644),0.860460 (0.779400 + 0.081060),0.859732 (0.777600 + 0.082132),0.849954 (0.768600 + 0.081354),0.861097 (0.780300 + 0.080797),0.863762 (0.783000 + 0.080762),0.862230 (0.781200 + 0.081030),0.873398 (0.792000 + 0.081398),0.849109 (0.768600 + 0.080509),0.853616 (0.772200 + 0.081416),0.853565 (0.773100 + 0.080465),0.852972 (0.772200 + 0.080772),0.865694 (0.784800 + 0.080894),0.860995 (0.779400 + 0.081595),0.857902 (0.775800 + 0.082102),0.853196 (0.772200 + 0.080996),0.861554 (0.780300 + 0.081254),0.850033 (0.769500 + 0.080533),0.863595 (0.783000 + 0.080595),0.856187 (0.774900 + 0.081287),0.866021 (0.784800 + 0.081221),0.868345 (0.786600 + 0.081745),0.847447 (0.765900 + 0.081547),0.867108 (0.785700 + 0.081408),0.857622 (0.776700 + 0.080922),0.858387 (0.776700 + 0.081687),0.861042 (0.779400 + 0.081642),0.858434 (0.777600 + 0.080834),0.871301 (0.790200 + 0.081101),0.869550 (0.788400 + 0.081150),0.849842 (0.769500 + 0.080342),0.854336 (0.774000 + 0.080336),0.864903 (0.783000 + 0.081903),0.859849 (0.778500 + 0.081349),0.849729 (0.768600 + 0.081129),0.853180 (0.771300 + 0.081880),0.867592 (0.787500 + 0.080092),0.855683 (0.774900 + 0.080783),0.864818 (0.783900 + 0.080918),0.860234 (0.779400 + 0.080834),0.865901 (0.784800 + 0.081101),0.854409 (0.773100 + 0.081309),0.868626 (0.787500 + 0.081126),0.862460 (0.781200 + 0.081260),0.865743 (0.784800 + 0.080943),0.852157 (0.770400 + 0.081757),0.868227 (0.786600 + 0.081627),0.846417 (0.765000 + 0.081417),0.851103 (0.770400 + 0.080703),0.843663 (0.762300 + 0.081363),0.861730 (0.780300 + 0.081430),0.858775 (0.777600 + 0.081175),0.857402 (0.776700 + 0.080702),0.856856 (0.775800 + 0.081056),0.863807 (0.783000 + 0.080807),0.860594 (0.779400 + 0.081194),0.865285 (0.784800 + 0.080485),0.853128 (0.772200 + 0.080928),0.858481 (0.776700 + 0.081781),0.873612 (0.792000 + 0.081612),0.845744 (0.765000 + 0.080744),0.861936 (0.780300 + 0.081636),0.858924 (0.777600 + 0.081324),0.871926 (0.790200 + 0.081726),0.860883 (0.779400 + 0.081483),0.862930 (0.781200 + 0.081730),0.866891 (0.785700 + 0.081191),0.865579 (0.784800 + 0.080779),0.870488 (0.789300 + 0.081188),0.855994 (0.774900 + 0.081094),0.863982 (0.783000 + 0.080982)
39,0.875598 (0.793800 + 0.081798),0.859024 (0.777600 + 0.081424),0.853387 (0.772200 + 0.081187),0.859744 (0.778500 + 0.081244),0.859261 (0.778500 + 0.080761),0.861049 (0.779400 + 0.081649),0.856655 (0.775800 + 0.080855),0.868345 (0.786600 + 0.081745),0.862282 (0.781200 + 0.081082),0.856013 (0.774900 + 0.081113),0.862715 (0.781200 + 0.081515),0.863304 (0.782100 + 0.081204),0.867726 (0.786600 + 0.081126),0.863213 (0.782100 + 0.081113),0.851633 (0.771300 + 0.080333),0.867081 (0.785700 + 0.081381),0.857988 (0.776700 + 0.081289),0.860971 (0.779400 + 0.081571),0.852382 (0.771300 + 0.081082),0.844905 (0.763200 + 0.081705),0.864992 (0.783900 + 0.081092),0.871762 (0.790200 + 0.081562),0.859941 (0.778500 + 0.081441),0.857306 (0.775800 + 0.081506),0.867224 (0.785700 + 0.081524),0.865109 (0.783900 + 0.081209),0.847124 (0.766800 + 0.080324),0.847813 (0.766800 + 0.081013),0.866592 (0.785700 + 0.080892),0.866238 (0.784800 + 0.081438),0.859091 (0.777600 + 0.081491),0.858667 (0.776700 + 0.081967),0.861807 (0.780300 + 0.081507),0.861087 (0.779400 + 0.081687),0.866890 (0.785700 + 0.081190),0.862117 (0.780300 + 0.081817),0.859703 (0.778500 + 0.081203),0.865239 (0.783900 + 0.081339),0.857968 (0.776700 + 0.081268),0.864037 (0.783000 + 0.081037),0.855223 (0.774000 + 0.081223),0.858763 (0.778500 + 0.080263),0.858434 (0.777600 + 0.080834),0.869144 (0.787500 + 0.081644),0.861042 (0.779400 + 0.081642),0.863361 (0.782100 + 0.081261),0.857744 (0.776700 + 0.081044),0.872823 (0.792000 + 0.080823),0.857724 (0.775800 + 0.081924),0.872324 (0.791100 + 0.081225),0.862185 (0.781200 + 0.080985),0.851630 (0.769500 + 0.082130),0.864981 (0.783900 + 0.081081),0.861892 (0.780300 + 0.081592),0.867635 (0.786600 + 0.081035),0.859860 (0.778500 + 0.081360),0.866107 (0.784800 + 0.081307),0.859222 (0.778500 + 0.080722),0.866150 (0.784800 + 0.081350),0.858154 (0.776700 + 0.081454),0.865305 (0.783900 + 0.081405),0.860976 (0.779400 + 0.081576),0.865043 (0.783900 + 0.081143),0.851255 (0.770400 + 0.080855),0.871893 (0.790200 + 0.081693),0.861717 (0.781200 + 0.080517),0.863118 (0.782100 + 0.081018),0.866117 (0.784800 + 0.081317),0.861063 (0.779400 + 0.081663),0.868626 (0.787500 + 0.081126),0.867108 (0.785700 + 0.081408),0.870488 (0.789300 + 0.081188),0.854177 (0.773100 + 0.081077),0.865149 (0.783900 + 0.081249),0.861559 (0.781200 + 0.080359),0.861965 (0.781200 + 0.080766),0.865794 (0.783900 + 0.081895),0.866744 (0.785700 + 0.081044),0.862655 (0.781200 + 0.081455),0.852899 (0.771300 + 0.081599),0.875670 (0.794700 + 0.080970),0.866378 (0.785700 + 0.080678),0.872603 (0.791100 + 0.081503),0.852641 (0.771300 + 0.081341),0.850649 (0.769500 + 0.081149),0.853511 (0.772200 + 0.081311),0.856274 (0.774900 + 0.081374),0.873398 (0.792000 + 0.081398),0.849109 (0.768600 + 0.080509),0.863362 (0.782100 + 0.081262),0.865020 (0.783900 + 0.081120),0.853504 (0.772200 + 0.081304),0.860574 (0.780300 + 0.080274),0.860006 (0.779400 + 0.080606),0.852972 (0.772200 + 0.080772),0.865901 (0.784800 + 0.081101),0.856841 (0.775800 + 0.081041),0.858366 (0.777600 + 0.080766),0.863581 (0.783000 + 0.080581),0.862623 (0.781200 + 0.081424)
40,0.875670 (0.794700 + 0.080970),0.862655 (0.781200 + 0.081455),0.861063 (0.779400 + 0.081663),0.846167 (0.765000 + 0.081167),0.871715 (0.790200 + 0.081515),0.848953 (0.767700 + 0.081253),0.864464 (0.783000 + 0.081464),0.869144 (0.787500 + 0.081644),0.864981 (0.783900 + 0.081081),0.857396 (0.775800 + 0.081596),0.855127 (0.774000 + 0.081127),0.863410 (0.782100 + 0.081310),0.866834 (0.785700 + 0.081134),0.868724 (0.787500 + 0.081224),0.851883 (0.770400 + 0.081483),0.845702 (0.765000 + 0.080702),0.851898 (0.770400 + 0.081498),0.855693 (0.774000 + 0.081693),0.859222 (0.778500 + 0.080722),0.868174 (0.786600 + 0.081574),0.862053 (0.781200 + 0.080854),0.853269 (0.772200 + 0.081069),0.863732 (0.783000 + 0.080732),0.852051 (0.771300 + 0.080752),0.863735 (0.782100 + 0.081635),0.862602 (0.781200 + 0.081402),0.861274 (0.780300 + 0.080975),0.859378 (0.777600 + 0.081778),0.867277 (0.785700 + 0.081577),0.852889 (0.771300 + 0.081589),0.855819 (0.774900 + 0.080919),0.864206 (0.783000 + 0.081206),0.862343 (0.781200 + 0.081143),0.864560 (0.783000 + 0.081560),0.868684 (0.787500 + 0.081184),0.853530 (0.772200 + 0.081330),0.857756 (0.776700 + 0.081056),0.872324 (0.791100 + 0.081225),0.863304 (0.782100 + 0.081204),0.843703 (0.762300 + 0.081403),0.851723 (0.770400 + 0.081323),0.858733 (0.777600 + 0.081133),0.851455 (0.770400 + 0.081055),0.867285 (0.786600 + 0.080685),0.866052 (0.784800 + 0.081252),0.853797 (0.772200 + 0.081597),0.860794 (0.780300 + 0.080494),0.857168 (0.775800 + 0.081368),0.860803 (0.779400 + 0.081403),0.872853 (0.791100 + 0.081753),0.865525 (0.784800 + 0.080725),0.864485 (0.783000 + 0.081485),0.859200 (0.777600 + 0.081600),0.867635 (0.786600 + 0.081035),0.866107 (0.784800 + 0.081307),0.858702 (0.777600 + 0.081102),0.866013 (0.784800 + 0.081213),0.867752 (0.786600 + 0.081152),0.850859 (0.769500 + 0.081359),0.865016 (0.783900 + 0.081116),0.862284 (0.781200 + 0.081085),0.847615 (0.766800 + 0.080815),0.870227 (0.789300 + 0.080927),0.868594 (0.787500 + 0.081094),0.859989 (0.778500 + 0.081489),0.861042 (0.779400 + 0.081642),0.859091 (0.777600 + 0.081491),0.852317 (0.771300 + 0.081017),0.850653 (0.769500 + 0.081153),0.872823 (0.792000 + 0.080823),0.855223 (0.774000 + 0.081223),0.872419 (0.791100 + 0.081319),0.851904 (0.771300 + 0.080604),0.861902 (0.780300 + 0.081602),0.844028 (0.763200 + 0.080828),0.869438 (0.788400 + 0.081038),0.858412 (0.776700 + 0.081712),0.864135 (0.783000 + 0.081135),0.859997 (0.778500 + 0.081497),0.868187 (0.787500 + 0.080687),0.854296 (0.773100 + 0.081196),0.852707 (0.771300 + 0.081407),0.858183 (0.776700 + 0.081483),0.850841 (0.769500 + 0.081341),0.869642 (0.789300 + 0.080342),0.857534 (0.776700 + 0.080834),0.856818 (0.775800 + 0.081018),0.860001 (0.778500 + 0.081501),0.848745 (0.767700 + 0.081045),0.867124 (0.785700 + 0.081424),0.864746 (0.783900 + 0.080846),0.852924 (0.771300 + 0.081624),0.867907 (0.786600 + 0.081307),0.855398 (0.774000 + 0.081398),0.853687 (0.773100 + 0.080587),0.868292 (0.786600 + 0.081692),0.844793 (0.763200 + 0.081593),0.868635 (0.787500 + 0.081135),0.868711 (0.787500 + 0.081211),0.858231 (0.776700 + 0.081531)
41,0.875670 (0.794700 + 0.080970),0.854714 (0.774000 + 0.080714),0.855588 (0.774000 + 0.081588),0.852918 (0.772200 + 0.080718),0.863038 (0.782100 + 0.080938),0.866360 (0.784800 + 0.081560),0.863300 (0.782100 + 0.081200),0.861723 (0.780300 + 0.081423),0.859618 (0.778500 + 0.081118),0.871703 (0.790200 + 0.081503),0.857493 (0.775800 + 0.081693),0.850060 (0.769500 + 0.080560),0.864291 (0.783000 + 0.081291),0.864051 (0.783000 + 0.081051),0.852415 (0.771300 + 0.081115),0.858960 (0.777600 + 0.081360),0.862353 (0.781200 + 0.081153),0.856677 (0.775800 + 0.080877),0.862769 (0.781200 + 0.081569),0.851370 (0.770400 + 0.080970),0.858982 (0.778500 + 0.080482),0.855291 (0.774000 + 0.081291),0.861063 (0.780300 + 0.080763),0.866778 (0.785700 + 0.081078),0.865941 (0.784800 + 0.081141),0.864533 (0.783000 + 0.081533),0.859232 (0.777600 + 0.081632),0.851336 (0.769500 + 0.081836),0.857598 (0.776700 + 0.080898),0.869099 (0.787500 + 0.081599),0.873581 (0.792000 + 0.081581),0.844641 (0.764100 + 0.080541),0.853974 (0.772200 + 0.081774),0.865107 (0.783900 + 0.081207),0.864649 (0.783900 + 0.080749),0.875084 (0.793800 + 0.081284),0.850805 (0.769500 + 0.081305),0.872324 (0.791100 + 0.081225),0.862108 (0.781200 + 0.080909),0.859666 (0.778500 + 0.081166),0.865267 (0.783900 + 0.081367),0.868681 (0.787500 + 0.081181),0.853889 (0.773100 + 0.080788),0.855827 (0.774900 + 0.080927),0.866847 (0.785700 + 0.081146),0.857511 (0.776700 + 0.080811),0.852723 (0.771300 + 0.081423),0.871860 (0.790200 + 0.081660),0.851507 (0.770400 + 0.081107),0.870147 (0.789300 + 0.080847),0.855875 (0.774900 + 0.080975),0.850580 (0.769500 + 0.081080),0.859656 (0.778500 + 0.081156),0.861000 (0.779400 + 0.081600),0.858105 (0.776700 + 0.081405),0.853422 (0.772200 + 0.081222),0.866829 (0.785700 + 0.081129),0.876428 (0.795600 + 0.080828),0.855083 (0.774000 + 0.081083),0.872419 (0.791100 + 0.081319),0.868711 (0.787500 + 0.081211),0.856818 (0.775800 + 0.081018),0.862903 (0.782100 + 0.080803),0.868071 (0.787500 + 0.080571),0.866060 (0.784800 + 0.081260),0.860708 (0.779400 + 0.081308),0.860419 (0.779400 + 0.081019),0.863205 (0.782100 + 0.081105),0.860822 (0.779400 + 0.081422),0.844151 (0.762300 + 0.081851),0.853563 (0.772200 + 0.081363),0.868446 (0.787500 + 0.080946),0.854105 (0.773100 + 0.081005),0.862336 (0.781200 + 0.081136),0.855940 (0.774900 + 0.081040),0.859826 (0.778500 + 0.081326),0.857889 (0.776700 + 0.081189),0.862861 (0.781200 + 0.081661),0.856721 (0.775800 + 0.080921),0.859686 (0.778500 + 0.081187),0.862517 (0.781200 + 0.081317),0.869518 (0.788400 + 0.081118),0.865890 (0.784800 + 0.081090),0.856853 (0.775800 + 0.081053),0.862192 (0.781200 + 0.080992),0.845734 (0.764100 + 0.081634),0.862678 (0.781200 + 0.081478),0.854444 (0.773100 + 0.081344),0.855582 (0.774000 + 0.081582),0.865420 (0.784800 + 0.080620),0.851170 (0.769500 + 0.081670),0.869688 (0.789300 + 0.080388),0.871421 (0.790200 + 0.081221),0.873170 (0.792000 + 0.081170),0.867583 (0.786600 + 0.080983),0.872411 (0.791100 + 0.081311),0.860433 (0.779400 + 0.081033),0.860353 (0.779400 + 0.080953),0.858452 (0.777600 + 0.080852),0.855038 (0.774000 + 0.081038)
42,0.876428 (0.795600 + 0.080828),0.869022 (0.787500 + 0.081522),0.858914 (0.777600 + 0.081314),0.855199 (0.774000 + 0.081199),0.851947 (0.770400 + 0.081547),0.861682 (0.781200 + 0.080482),0.855494 (0.774000 + 0.081494),0.857616 (0.776700 + 0.080916),0.865112 (0.783900 + 0.081212),0.861055 (0.780300 + 0.080755),0.844169 (0.763200 + 0.080969),0.857852 (0.776700 + 0.081152),0.853109 (0.772200 + 0.080909),0.866813 (0.785700 + 0.081113),0.861502 (0.780300 + 0.081202),0.867583 (0.786600 + 0.080983),0.860047 (0.779400 + 0.080647),0.859377 (0.778500 + 0.080877),0.868593 (0.787500 + 0.081093),0.863135 (0.782100 + 0.081035),0.858316 (0.776700 + 0.081616),0.867721 (0.787500 + 0.080221),0.843942 (0.762300 + 0.081642),0.871860 (0.790200 + 0.081660),0.863300 (0.782100 + 0.081200),0.852709 (0.771300 + 0.081409),0.866906 (0.785700 + 0.081206),0.852901 (0.772200 + 0.080701),0.860194 (0.778500 + 0.081694),0.865829 (0.784800 + 0.081029),0.856204 (0.774900 + 0.081304),0.852511 (0.771300 + 0.081211),0.865202 (0.783900 + 0.081302),0.854627 (0.773100 + 0.081527),0.850895 (0.770400 + 0.080495),0.858130 (0.777600 + 0.080530),0.861696 (0.780300 + 0.081396),0.859990 (0.778500 + 0.081490),0.868071 (0.787500 + 0.080571),0.856519 (0.775800 + 0.080719),0.855828 (0.774900 + 0.080928),0.861447 (0.780300 + 0.081147),0.856975 (0.775800 + 0.081175),0.860674 (0.779400 + 0.081274),0.861254 (0.780300 + 0.080954),0.863276 (0.782100 + 0.081176),0.864235 (0.783000 + 0.081235),0.862448 (0.781200 + 0.081248),0.874028 (0.792900 + 0.081128),0.872530 (0.791100 + 0.081430),0.860369 (0.779400 + 0.080969),0.866819 (0.785700 + 0.081119),0.862478 (0.781200 + 0.081278),0.863058 (0.782100 + 0.080958),0.859316 (0.777600 + 0.081716),0.871860 (0.790200 + 0.081660),0.872411 (0.791100 + 0.081311),0.870423 (0.789300 + 0.081123),0.855945 (0.774900 + 0.081045),0.867586 (0.786600 + 0.080986),0.863221 (0.782100 + 0.081121),0.843029 (0.762300 + 0.080729),0.846714 (0.765900 + 0.080814),0.860686 (0.779400 + 0.081286),0.864194 (0.783000 + 0.081194),0.862375 (0.781200 + 0.081175),0.868549 (0.787500 + 0.081049),0.857794 (0.776700 + 0.081094),0.865868 (0.784800 + 0.081068),0.848686 (0.767700 + 0.080986),0.862771 (0.782100 + 0.080671),0.847993 (0.766800 + 0.081193),0.853745 (0.773100 + 0.080645),0.860980 (0.780300 + 0.080680),0.858081 (0.776700 + 0.081381),0.865107 (0.783900 + 0.081207),0.856721 (0.775800 + 0.080921),0.857889 (0.776700 + 0.081189),0.866360 (0.784800 + 0.081560),0.873997 (0.792900 + 0.081097),0.853451 (0.772200 + 0.081251),0.852519 (0.771300 + 0.081219),0.867154 (0.785700 + 0.081454),0.860388 (0.779400 + 0.080988),0.851545 (0.770400 + 0.081145),0.848932 (0.767700 + 0.081232),0.844379 (0.763200 + 0.081179),0.875084 (0.793800 + 0.081284),0.862769 (0.781200 + 0.081569),0.864649 (0.783900 + 0.080749),0.857493 (0.775800 + 0.081693),0.853869 (0.772200 + 0.081669),0.862728 (0.782100 + 0.080628),0.859829 (0.779400 + 0.080429),0.858096 (0.776700 + 0.081396),0.862857 (0.781200 + 0.081657),0.868871 (0.787500 + 0.081371),0.869393 (0.788400 + 0.080993),0.862517 (0.781200 + 0.081317),0.855886 (0.774900 + 0.080986)
43,0.876428 (0.795600 + 0.080828),0.860214 (0.779400 + 0.080814),0.867107 (0.785700 + 0.081407),0.865795 (0.784800 + 0.080995),0.862803 (0.782100 + 0.080703),0.867583 (0.786600 + 0.080983),0.850849 (0.769500 + 0.081349),0.858902 (0.777600 + 0.081302),0.857872 (0.776700 + 0.081172),0.861033 (0.779400 + 0.081633),0.858970 (0.778500 + 0.080470),0.869905 (0.788400 + 0.081505),0.863004 (0.782100 + 0.080904),0.857723 (0.776700 + 0.081023),0.850590 (0.770400 + 0.080190),0.867727 (0.786600 + 0.081127),0.859198 (0.778500 + 0.080698),0.868835 (0.787500 + 0.081335),0.858849 (0.778500 + 0.080349),0.847285 (0.765900 + 0.081385),0.866259 (0.784800 + 0.081459),0.862798 (0.782100 + 0.080698),0.853092 (0.771300 + 0.081792),0.864272 (0.783000 + 0.081272),0.856519 (0.775800 + 0.080719),0.865842 (0.784800 + 0.081042),0.856503 (0.775800 + 0.080703),0.860709 (0.779400 + 0.081309),0.850865 (0.769500 + 0.081365),0.858081 (0.776700 + 0.081381),0.860047 (0.779400 + 0.080647),0.851158 (0.770400 + 0.080758),0.866005 (0.784800 + 0.081205),0.866378 (0.784800 + 0.081578),0.860926 (0.779400 + 0.081526),0.872871 (0.792000 + 0.080871),0.855678 (0.774900 + 0.080778),0.863385 (0.782100 + 0.081285),0.847870 (0.766800 + 0.081070),0.854383 (0.774000 + 0.080383),0.871566 (0.790200 + 0.081366),0.845177 (0.764100 + 0.081077),0.849424 (0.768600 + 0.080824),0.867759 (0.786600 + 0.081159),0.862541 (0.781200 + 0.081341),0.858384 (0.777600 + 0.080784),0.859792 (0.779400 + 0.080392),0.863750 (0.783000 + 0.080750),0.860263 (0.778500 + 0.081763),0.856212 (0.774900 + 0.081312),0.864148 (0.783000 + 0.081149),0.856622 (0.774900 + 0.081722),0.858746 (0.777600 + 0.081146),0.856024 (0.774900 + 0.081124),0.857259 (0.776700 + 0.080559),0.858521 (0.777600 + 0.080921),0.869342 (0.788400 + 0.080942),0.876428 (0.795600 + 0.080828),0.854979 (0.774000 + 0.080978),0.861428 (0.780300 + 0.081128),0.863943 (0.783000 + 0.080943),0.860889 (0.779400 + 0.081489),0.862055 (0.781200 + 0.080855),0.864336 (0.783900 + 0.080436),0.864559 (0.783900 + 0.080659),0.867531 (0.786600 + 0.080931),0.864339 (0.783000 + 0.081339),0.857539 (0.776700 + 0.080839),0.855940 (0.774900 + 0.081040),0.861122 (0.780300 + 0.080822),0.854019 (0.773100 + 0.080919),0.868709 (0.787500 + 0.081209),0.855423 (0.774000 + 0.081423),0.851201 (0.769500 + 0.081701),0.867972 (0.786600 + 0.081372),0.850299 (0.769500 + 0.080799),0.878978 (0.797400 + 0.081578),0.866477 (0.784800 + 0.081677),0.874061 (0.792900 + 0.081161),0.856234 (0.774900 + 0.081334),0.866039 (0.784800 + 0.081239),0.860853 (0.779400 + 0.081453),0.867586 (0.786600 + 0.080986),0.868770 (0.787500 + 0.081270),0.873960 (0.792000 + 0.081960),0.870364 (0.789300 + 0.081064),0.844861 (0.764100 + 0.080761),0.852463 (0.771300 + 0.081163),0.860347 (0.779400 + 0.080947),0.857831 (0.776700 + 0.081132),0.867225 (0.785700 + 0.081525),0.855864 (0.774900 + 0.080964),0.863096 (0.782100 + 0.080996),0.862437 (0.781200 + 0.081237),0.866798 (0.785700 + 0.081098),0.863493 (0.782100 + 0.081393),0.860805 (0.780300 + 0.080505),0.859761 (0.778500 + 0.081261),0.851463 (0.770400 + 0.081063),0.861998 (0.781200 + 0.080798)
44,0.878978 (0.797400 + 0.081578),0.851712 (0.770400 + 0.081312),0.854422 (0.773100 + 0.081322),0.867225 (0.785700 + 0.081525),0.864559 (0.783900 + 0.080659),0.867727 (0.786600 + 0.081127),0.866378 (0.784800 + 0.081578),0.865192 (0.783900 + 0.081292),0.863362 (0.782100 + 0.081262),0.840422 (0.758700 + 0.081722),0.867715 (0.786600 + 0.081115),0.870281 (0.789300 + 0.080981),0.863225 (0.782100 + 0.081125),0.858781 (0.777600 + 0.081181),0.856295 (0.774900 + 0.081395),0.851395 (0.770400 + 0.080995),0.869183 (0.788400 + 0.080783),0.876428 (0.795600 + 0.080828),0.868770 (0.787500 + 0.081270),0.859752 (0.778500 + 0.081252),0.856156 (0.774900 + 0.081256),0.868709 (0.787500 + 0.081209),0.863096 (0.782100 + 0.080996),0.869319 (0.788400 + 0.080920),0.868031 (0.786600 + 0.081431),0.866259 (0.784800 + 0.081459),0.862798 (0.782100 + 0.080698),0.864578 (0.783900 + 0.080678),0.859886 (0.778500 + 0.081386),0.863269 (0.782100 + 0.081169),0.865678 (0.784800 + 0.080878),0.855470 (0.774000 + 0.081470),0.861171 (0.780300 + 0.080871),0.865163 (0.783900 + 0.081263),0.852387 (0.771300 + 0.081087),0.862473 (0.781200 + 0.081273),0.858498 (0.777600 + 0.080898),0.860580 (0.779400 + 0.081180),0.860282 (0.779400 + 0.080882),0.858829 (0.777600 + 0.081230),0.859271 (0.777600 + 0.081671),0.854950 (0.774000 + 0.080950),0.875716 (0.793800 + 0.081916),0.872103 (0.790200 + 0.081903),0.867218 (0.785700 + 0.081518),0.858914 (0.777600 + 0.081314),0.852222 (0.771300 + 0.080922),0.859361 (0.778500 + 0.080861),0.857713 (0.776700 + 0.081013),0.856137 (0.774900 + 0.081237),0.858736 (0.777600 + 0.081136),0.864056 (0.783000 + 0.081056),0.853511 (0.772200 + 0.081311),0.857381 (0.775800 + 0.081581),0.857130 (0.776700 + 0.080430),0.867727 (0.786600 + 0.081127),0.866259 (0.784800 + 0.081459),0.869314 (0.788400 + 0.080914),0.859695 (0.778500 + 0.081195),0.854607 (0.773100 + 0.081507),0.864250 (0.783000 + 0.081250),0.854953 (0.774000 + 0.080953),0.855026 (0.774000 + 0.081026),0.869422 (0.787500 + 0.081922),0.852895 (0.772200 + 0.080695),0.854805 (0.774000 + 0.080805),0.855418 (0.774900 + 0.080518),0.858536 (0.776700 + 0.081836),0.861385 (0.780300 + 0.081085),0.854117 (0.773100 + 0.081017),0.858109 (0.776700 + 0.081409),0.861545 (0.780300 + 0.081245),0.856966 (0.775800 + 0.081166),0.857667 (0.776700 + 0.080967),0.858015 (0.776700 + 0.081315),0.871926 (0.791100 + 0.080826),0.861639 (0.780300 + 0.081339),0.855791 (0.774900 + 0.080891),0.867118 (0.786600 + 0.080518),0.862593 (0.781200 + 0.081393),0.866026 (0.784800 + 0.081226),0.858864 (0.777600 + 0.081264),0.853491 (0.772200 + 0.081291),0.855231 (0.774000 + 0.081231),0.859511 (0.778500 + 0.081011),0.865060 (0.783900 + 0.081160),0.864117 (0.783000 + 0.081117),0.873960 (0.792000 + 0.081960),0.861664 (0.780300 + 0.081364),0.859858 (0.778500 + 0.081358),0.864578 (0.783900 + 0.080678),0.869342 (0.788400 + 0.080942),0.867759 (0.786600 + 0.081159),0.864012 (0.783000 + 0.081012),0.862611 (0.781200 + 0.081412),0.852645 (0.772200 + 0.080445),0.859493 (0.778500 + 0.080993),0.862839 (0.782100 + 0.080739),0.855805 (0.774900 + 0.080905),0.864956 (0.783900 + 0.081056)
45,0.878978 (0.797400 + 0.081578),0.850219 (0.768600 + 0.081619),0.865108 (0.783900 + 0.081208),0.870862 (0.790200 + 0.080662),0.853003 (0.772200 + 0.080803),0.857776 (0.776700 + 0.081076),0.865192 (0.783900 + 0.081292),0.858441 (0.777600 + 0.080841),0.862557 (0.781200 + 0.081357),0.860453 (0.779400 + 0.081053),0.869615 (0.788400 + 0.081215),0.863987 (0.783000 + 0.080987),0.856854 (0.775800 + 0.081054),0.877409 (0.796500 + 0.080909),0.858281 (0.776700 + 0.081581),0.857187 (0.775800 + 0.081387),0.855733 (0.774900 + 0.080833),0.854043 (0.773100 + 0.080943),0.863031 (0.781200 + 0.081831),0.868555 (0.786600 + 0.081955),0.867797 (0.786600 + 0.081197),0.854896 (0.774000 + 0.080896),0.862871 (0.781200 + 0.081671),0.851480 (0.770400 + 0.081080),0.863631 (0.783000 + 0.080631),0.857520 (0.776700 + 0.080820),0.863622 (0.782100 + 0.081522),0.870056 (0.789300 + 0.080756),0.859199 (0.777600 + 0.081599),0.863225 (0.782100 + 0.081125),0.845040 (0.764100 + 0.080940),0.866621 (0.784800 + 0.081821),0.859502 (0.778500 + 0.081002),0.866402 (0.784800 + 0.081602),0.859872 (0.778500 + 0.081372),0.860527 (0.779400 + 0.081126),0.864523 (0.783000 + 0.081523),0.858930 (0.777600 + 0.081330),0.862676 (0.781200 + 0.081476),0.859833 (0.778500 + 0.081333),0.855065 (0.774000 + 0.081065),0.845726 (0.764100 + 0.081626),0.857543 (0.776700 + 0.080843),0.853632 (0.773100 + 0.080532),0.865296 (0.783900 + 0.081396),0.858329 (0.776700 + 0.081629),0.858416 (0.777600 + 0.080816),0.854625 (0.773100 + 0.081525),0.874523 (0.793800 + 0.080723),0.860166 (0.779400 + 0.080766),0.863173 (0.782100 + 0.081073),0.853052 (0.772200 + 0.080852),0.856802 (0.775800 + 0.081002),0.856659 (0.775800 + 0.080859),0.858499 (0.777600 + 0.080899),0.863998 (0.783000 + 0.080998),0.854889 (0.774000 + 0.080889),0.860642 (0.779400 + 0.081242),0.866972 (0.785700 + 0.081272),0.859297 (0.777600 + 0.081697),0.859465 (0.778500 + 0.080966),0.859532 (0.778500 + 0.081032),0.863957 (0.783000 + 0.080957),0.859502 (0.778500 + 0.081002),0.869938 (0.789300 + 0.080638),0.863910 (0.783000 + 0.080910),0.871481 (0.790200 + 0.081281),0.857663 (0.776700 + 0.080963),0.861392 (0.780300 + 0.081092),0.861288 (0.780300 + 0.080988),0.869465 (0.788400 + 0.081065),0.856601 (0.775800 + 0.080801),0.863711 (0.782100 + 0.081611),0.865764 (0.784800 + 0.080965),0.861718 (0.780300 + 0.081418),0.857504 (0.776700 + 0.080804),0.869286 (0.788400 + 0.080886),0.859164 (0.778500 + 0.080664),0.855100 (0.774000 + 0.081100),0.865850 (0.784800 + 0.081050),0.870858 (0.789300 + 0.081558),0.859025 (0.778500 + 0.080525),0.872571 (0.791100 + 0.081471),0.846145 (0.765000 + 0.081145),0.838930 (0.757800 + 0.081130),0.852720 (0.771300 + 0.081420),0.859147 (0.778500 + 0.080648),0.864578 (0.783900 + 0.080678),0.859858 (0.778500 + 0.081358),0.858155 (0.776700 + 0.081455),0.865911 (0.784800 + 0.081111),0.854898 (0.774000 + 0.080898),0.863482 (0.782100 + 0.081382),0.854427 (0.773100 + 0.081327),0.867426 (0.786600 + 0.080826),0.856332 (0.774900 + 0.081432),0.863651 (0.783000 + 0.080651),0.862374 (0.781200 + 0.081174),0.853639 (0.772200 + 0.081439),0.864854 (0.783900 + 0.080954)
46,0.878978 (0.797400 + 0.081578),0.864881 (0.783900 + 0.080981),0.851816 (0.770400 + 0.081416),0.877692 (0.796500 + 0.081192),0.858676 (0.777600 + 0.081076),0.857309 (0.775800 + 0.081509),0.863281 (0.782100 + 0.081181),0.859700 (0.778500 + 0.081200),0.858218 (0.776700 + 0.081518),0.865420 (0.784800 + 0.080620),0.859410 (0.778500 + 0.080910),0.864151 (0.783000 + 0.081151),0.866727 (0.785700 + 0.081027),0.861376 (0.780300 + 0.081076),0.859231 (0.778500 + 0.080731),0.855475 (0.774900 + 0.080575),0.856887 (0.775800 + 0.081087),0.864846 (0.783000 + 0.081846),0.860742 (0.779400 + 0.081342),0.867157 (0.785700 + 0.081457),0.855536 (0.774000 + 0.081536),0.848798 (0.767700 + 0.081098),0.850214 (0.768600 + 0.081614),0.869558 (0.788400 + 0.081158),0.869061 (0.787500 + 0.081561),0.863987 (0.783000 + 0.080987),0.859833 (0.778500 + 0.081333),0.849934 (0.768600 + 0.081334),0.859903 (0.779400 + 0.080503),0.849260 (0.768600 + 0.080660),0.864545 (0.783900 + 0.080646),0.853866 (0.773100 + 0.080766),0.873265 (0.792000 + 0.081265),0.857553 (0.775800 + 0.081753),0.880640 (0.799200 + 0.081440),0.858618 (0.777600 + 0.081018),0.862375 (0.782100 + 0.080275),0.858582 (0.777600 + 0.080982),0.868896 (0.787500 + 0.081396),0.853687 (0.773100 + 0.080587),0.855123 (0.774000 + 0.081123),0.863225 (0.782100 + 0.081125),0.855785 (0.774900 + 0.080885),0.855620 (0.774900 + 0.080720),0.860821 (0.779400 + 0.081421),0.859212 (0.777600 + 0.081612),0.851516 (0.770400 + 0.081116),0.865099 (0.783900 + 0.081199),0.841674 (0.761400 + 0.080274),0.848167 (0.767700 + 0.080467),0.856113 (0.774900 + 0.081213),0.858337 (0.777600 + 0.080737),0.860576 (0.779400 + 0.081176),0.867910 (0.786600 + 0.081310),0.864838 (0.783000 + 0.081838),0.863368 (0.782100 + 0.081268),0.852742 (0.771300 + 0.081442),0.861696 (0.780300 + 0.081396),0.858106 (0.777600 + 0.080506),0.860125 (0.778500 + 0.081625),0.858107 (0.777600 + 0.080507),0.870862 (0.790200 + 0.080662),0.870862 (0.790200 + 0.080662),0.862324 (0.781200 + 0.081124),0.867951 (0.787500 + 0.080451),0.870858 (0.789300 + 0.081558),0.858683 (0.777600 + 0.081083),0.853481 (0.772200 + 0.081281),0.857423 (0.776700 + 0.080723),0.848460 (0.767700 + 0.080760),0.868668 (0.787500 + 0.081168),0.857057 (0.776700 + 0.080357),0.869286 (0.788400 + 0.080886),0.850256 (0.769500 + 0.080756),0.863466 (0.782100 + 0.081366),0.860668 (0.779400 + 0.081268),0.863406 (0.783000 + 0.080406),0.863225 (0.782100 + 0.081125),0.861718 (0.780300 + 0.081418),0.864591 (0.783900 + 0.080691),0.870187 (0.788400 + 0.081787),0.860053 (0.778500 + 0.081553),0.874193 (0.792900 + 0.081293),0.868732 (0.787500 + 0.081232),0.857814 (0.776700 + 0.081114),0.855662 (0.774900 + 0.080762),0.855668 (0.774000 + 0.081668),0.867851 (0.786600 + 0.081251),0.857072 (0.775800 + 0.081272),0.860046 (0.779400 + 0.080646),0.856927 (0.775800 + 0.081127),0.864007 (0.783000 + 0.081007),0.869260 (0.788400 + 0.080860),0.860517 (0.779400 + 0.081117),0.859196 (0.778500 + 0.080696),0.864577 (0.783900 + 0.080678),0.866638 (0.785700 + 0.080938),0.863910 (0.783000 + 0.080910),0.859502 (0.778500 + 0.081002),0.871001 (0.790200 + 0.080801)
47,0.880640 (0.799200 + 0.081440),0.866727 (0.785700 + 0.081027),0.866638 (0.785700 + 0.080938),0.859020 (0.778500 + 0.080520),0.863797 (0.783000 + 0.080797),0.862832 (0.781200 + 0.081632),0.858156 (0.776700 + 0.081456),0.878978 (0.797400 + 0.081578),0.870862 (0.790200 + 0.080662),0.849022 (0.767700 + 0.081322),0.854085 (0.773100 + 0.080985),0.857637 (0.777600 + 0.080037),0.867809 (0.786600 + 0.081209),0.858342 (0.777600 + 0.080742),0.869518 (0.788400 + 0.081118),0.860750 (0.779400 + 0.081350),0.859669 (0.779400 + 0.080269),0.853016 (0.772200 + 0.080816),0.859739 (0.778500 + 0.081239),0.859197 (0.778500 + 0.080697),0.862705 (0.782100 + 0.080605),0.847750 (0.766800 + 0.080950),0.863391 (0.782100 + 0.081291),0.854449 (0.773100 + 0.081349),0.864573 (0.783000 + 0.081573),0.859414 (0.778500 + 0.080914),0.873079 (0.792000 + 0.081079),0.864581 (0.783900 + 0.080681),0.856811 (0.776700 + 0.080111),0.845284 (0.764100 + 0.081184),0.869405 (0.788400 + 0.081005),0.869379 (0.788400 + 0.080979),0.862941 (0.782100 + 0.080841),0.857762 (0.776700 + 0.081062),0.862650 (0.781200 + 0.081450),0.877692 (0.796500 + 0.081192),0.853194 (0.772200 + 0.080994),0.863386 (0.782100 + 0.081286),0.865448 (0.783900 + 0.081548),0.861448 (0.780300 + 0.081148),0.867438 (0.786600 + 0.080838),0.860827 (0.779400 + 0.081427),0.851453 (0.770400 + 0.081053),0.865108 (0.783900 + 0.081208),0.875971 (0.794700 + 0.081271),0.873117 (0.792000 + 0.081117),0.863281 (0.782100 + 0.081181),0.864060 (0.783000 + 0.081060),0.863880 (0.783000 + 0.080880),0.867601 (0.786600 + 0.081001),0.847018 (0.765900 + 0.081118),0.869764 (0.788400 + 0.081364),0.863183 (0.782100 + 0.081084),0.860449 (0.779400 + 0.081049),0.860773 (0.779400 + 0.081373),0.860008 (0.779400 + 0.080608),0.861210 (0.780300 + 0.080910),0.866863 (0.784800 + 0.082063),0.868829 (0.787500 + 0.081329),0.864322 (0.783900 + 0.080422),0.869913 (0.788400 + 0.081513),0.846258 (0.765000 + 0.081258),0.871577 (0.791100 + 0.080477),0.872082 (0.791100 + 0.080982),0.868404 (0.787500 + 0.080904),0.866727 (0.785700 + 0.081027),0.869286 (0.788400 + 0.080886),0.863157 (0.782100 + 0.081057),0.859796 (0.778500 + 0.081296),0.863809 (0.783000 + 0.080809),0.865376 (0.783900 + 0.081476),0.858639 (0.777600 + 0.081039),0.859196 (0.778500 + 0.080696),0.865162 (0.783900 + 0.081262),0.864935 (0.783900 + 0.081035),0.855786 (0.774900 + 0.080886),0.854413 (0.773100 + 0.081313),0.863620 (0.782100 + 0.081520),0.853254 (0.772200 + 0.081054),0.866700 (0.785700 + 0.081000),0.866543 (0.785700 + 0.080843),0.857006 (0.775800 + 0.081206),0.868616 (0.787500 + 0.081116),0.864534 (0.783900 + 0.080634),0.855857 (0.774900 + 0.080957),0.860579 (0.779400 + 0.081179),0.861340 (0.780300 + 0.081040),0.860535 (0.779400 + 0.081135),0.853286 (0.772200 + 0.081086),0.860971 (0.780300 + 0.080671),0.864540 (0.783900 + 0.080640),0.863783 (0.783000 + 0.080783),0.855119 (0.774000 + 0.081119),0.878978 (0.797400 + 0.081578),0.870858 (0.789300 + 0.081558),0.867181 (0.786600 + 0.080581),0.870862 (0.790200 + 0.080662),0.863825 (0.783000 + 0.080825),0.866909 (0.785700 + 0.081209),0.863003 (0.782100 + 0.080903)
48,0.880640 (0.799200 + 0.081440),0.850984 (0.770400 + 0.080584),0.868985 (0.787500 + 0.081485),0.871577 (0.791100 + 0.080477),0.852326 (0.770400 + 0.081926),0.855955 (0.774900 + 0.081055),0.864931 (0.783900 + 0.081031),0.869379 (0.788400 + 0.080979),0.869379 (0.788400 + 0.080979),0.860047 (0.778500 + 0.081548),0.862393 (0.781200 + 0.081193),0.860796 (0.779400 + 0.081396),0.853970 (0.773100 + 0.080870),0.861304 (0.780300 + 0.081004),0.865881 (0.784800 + 0.081081),0.852953 (0.772200 + 0.080753),0.854658 (0.774000 + 0.080658),0.866727 (0.785700 + 0.081027),0.863620 (0.782100 + 0.081520),0.864032 (0.783000 + 0.081032),0.858742 (0.777600 + 0.081142),0.857100 (0.775800 + 0.081300),0.857248 (0.776700 + 0.080548),0.858272 (0.777600 + 0.080672),0.867151 (0.786600 + 0.080551),0.855160 (0.774000 + 0.081160),0.862920 (0.782100 + 0.080820),0.861634 (0.780300 + 0.081334),0.872957 (0.792000 + 0.080957),0.865254 (0.783900 + 0.081354),0.869930 (0.788400 + 0.081530),0.868937 (0.787500 + 0.081437),0.864393 (0.783900 + 0.080493),0.867432 (0.786600 + 0.080832),0.860238 (0.779400 + 0.080838),0.850695 (0.769500 + 0.081195),0.868029 (0.786600 + 0.081429),0.860939 (0.779400 + 0.081539),0.860290 (0.779400 + 0.080890),0.855176 (0.774000 + 0.081176),0.864436 (0.783900 + 0.080536),0.848217 (0.767700 + 0.080517),0.869144 (0.788400 + 0.080744),0.877692 (0.796500 + 0.081192),0.867809 (0.786600 + 0.081209),0.861791 (0.781200 + 0.080591),0.873877 (0.792900 + 0.080977),0.859645 (0.778500 + 0.081145),0.870443 (0.789300 + 0.081143),0.862476 (0.781200 + 0.081276),0.858217 (0.776700 + 0.081518),0.856491 (0.775800 + 0.080691),0.860902 (0.779400 + 0.081502),0.868616 (0.787500 + 0.081116),0.862650 (0.781200 + 0.081450),0.856515 (0.775800 + 0.080715),0.859796 (0.778500 + 0.081296),0.854327 (0.774000 + 0.080327),0.867521 (0.786600 + 0.080921),0.868786 (0.787500 + 0.081286),0.860524 (0.779400 + 0.081124),0.855176 (0.774000 + 0.081176),0.865291 (0.784800 + 0.080491),0.866753 (0.785700 + 0.081053),0.859098 (0.778500 + 0.080598),0.861484 (0.780300 + 0.081184),0.867766 (0.787500 + 0.080266),0.850340 (0.769500 + 0.080840),0.876011 (0.795600 + 0.080411),0.870862 (0.790200 + 0.080662),0.861210 (0.780300 + 0.080910),0.850675 (0.768600 + 0.082076),0.866638 (0.785700 + 0.080938),0.866155 (0.784800 + 0.081355),0.860232 (0.779400 + 0.080832),0.863564 (0.782100 + 0.081464),0.866551 (0.785700 + 0.080851),0.858801 (0.777600 + 0.081201),0.863181 (0.782100 + 0.081081),0.860904 (0.780300 + 0.080604),0.869571 (0.788400 + 0.081171),0.863066 (0.782100 + 0.080966),0.865162 (0.783900 + 0.081262),0.875764 (0.794700 + 0.081064),0.866960 (0.785700 + 0.081260),0.858447 (0.777600 + 0.080847),0.857025 (0.775800 + 0.081225),0.848647 (0.767700 + 0.080947),0.876189 (0.794700 + 0.081489),0.857357 (0.776700 + 0.080657),0.858893 (0.777600 + 0.081293),0.861770 (0.780300 + 0.081470),0.862997 (0.782100 + 0.080897),0.856337 (0.774900 + 0.081437),0.853886 (0.773100 + 0.080786),0.844237 (0.763200 + 0.081037),0.868844 (0.787500 + 0.081344),0.851830 (0.771300 + 0.080530),0.862404 (0.781200 + 0.081204),0.864339 (0.783000 + 0.081339)
49,0.880640 (0.799200 + 0.081440),0.856742 (0.775800 + 0.080942),0.871695 (0.790200 + 0.081495),0.847910 (0.766800 + 0.081110),0.852852 (0.771300 + 0.081553),0.865845 (0.784800 + 0.081045),0.870749 (0.790200 + 0.080549),0.859877 (0.778500 + 0.081377),0.852051 (0.771300 + 0.080751),0.851334 (0.770400 + 0.080934),0.855522 (0.774900 + 0.080622),0.861672 (0.780300 + 0.081372),0.850059 (0.768600 + 0.081459),0.871179 (0.790200 + 0.080979),0.856530 (0.774900 + 0.081630),0.862479 (0.782100 + 0.080379),0.865931 (0.784800 + 0.081131),0.870577 (0.789300 + 0.081277),0.860674 (0.779400 + 0.081274),0.859740 (0.778500 + 0.081240),0.856254 (0.774900 + 0.081354),0.880951 (0.800100 + 0.080851),0.866502 (0.784800 + 0.081702),0.859563 (0.778500 + 0.081064),0.865321 (0.784800 + 0.080521),0.861838 (0.781200 + 0.080638),0.863079 (0.782100 + 0.080979),0.864872 (0.783900 + 0.080972),0.864872 (0.783900 + 0.080972),0.870138 (0.789300 + 0.080838),0.851402 (0.770400 + 0.081002),0.866757 (0.785700 + 0.081057),0.850372 (0.769500 + 0.080872),0.865707 (0.784800 + 0.080907),0.859970 (0.778500 + 0.081470),0.868714 (0.787500 + 0.081214),0.865755 (0.784800 + 0.080955),0.863819 (0.783000 + 0.080819),0.871421 (0.790200 + 0.081221),0.862476 (0.781200 + 0.081276),0.866551 (0.785700 + 0.080851),0.852238 (0.771300 + 0.080938),0.865503 (0.783900 + 0.081603),0.872199 (0.791100 + 0.081099),0.867517 (0.786600 + 0.080917),0.876189 (0.794700 + 0.081489),0.860902 (0.779400 + 0.081502),0.868850 (0.788400 + 0.080450),0.865651 (0.784800 + 0.080851),0.857561 (0.776700 + 0.080861),0.865972 (0.784800 + 0.081172),0.860241 (0.779400 + 0.080841),0.865881 (0.784800 + 0.081081),0.855938 (0.774900 + 0.081038),0.867126 (0.785700 + 0.081426),0.862239 (0.781200 + 0.081039),0.858834 (0.777600 + 0.081234),0.863539 (0.782100 + 0.081439),0.848215 (0.766800 + 0.081415),0.851943 (0.771300 + 0.080643),0.865910 (0.784800 + 0.081110),0.857815 (0.776700 + 0.081115),0.849018 (0.768600 + 0.080418),0.867575 (0.786600 + 0.080975),0.853226 (0.772200 + 0.081026),0.870941 (0.790200 + 0.080741),0.868380 (0.787500 + 0.080880),0.868823 (0.788400 + 0.080423),0.865911 (0.784800 + 0.081111),0.855355 (0.774900 + 0.080455),0.865070 (0.783900 + 0.081170),0.857938 (0.776700 + 0.081238),0.862562 (0.781200 + 0.081362),0.861760 (0.781200 + 0.080560),0.868310 (0.786600 + 0.081710),0.865201 (0.784800 + 0.080401),0.871509 (0.790200 + 0.081309),0.866147 (0.785700 + 0.080447),0.857334 (0.776700 + 0.080634),0.861631 (0.780300 + 0.081331),0.856434 (0.775800 + 0.080634),0.860731 (0.779400 + 0.081332),0.863915 (0.783000 + 0.080915),0.855012 (0.774000 + 0.081012),0.866953 (0.785700 + 0.081253),0.868931 (0.787500 + 0.081431),0.871323 (0.790200 + 0.081123),0.861519 (0.780300 + 0.081219),0.877225 (0.796500 + 0.080725),0.861856 (0.780300 + 0.081556),0.877230 (0.795600 + 0.081630),0.872400 (0.791100 + 0.081300),0.854405 (0.773100 + 0.081305),0.859771 (0.778500 + 0.081271),0.873733 (0.792900 + 0.080833),0.851680 (0.770400 + 0.081280),0.864987 (0.783900 + 0.081087),0.880640 (0.799200 + 0.081440),0.861715 (0.781200 + 0.080515),0.863189 (0.782100 + 0.081089)
50,0.880951 (0.800100 + 0.080851),0.862896 (0.782100 + 0.080796),0.865776 (0.784800 + 0.080976),0.862881 (0.782100 + 0.080781),0.854162 (0.773100 + 0.081062),0.866004 (0.785700 + 0.080304),0.853185 (0.772200 + 0.080985),0.869036 (0.787500 + 0.081536),0.864695 (0.783000 + 0.081695),0.871695 (0.790200 + 0.081495),0.870749 (0.790200 + 0.080549),0.864906 (0.783900 + 0.081006),0.864350 (0.783000 + 0.081350),0.867597 (0.786600 + 0.080997),0.866974 (0.785700 + 0.081274),0.876465 (0.796500 + 0.079965),0.859577 (0.778500 + 0.081077),0.868055 (0.786600 + 0.081455),0.868563 (0.787500 + 0.081063),0.876780 (0.796500 + 0.080280),0.863822 (0.783000 + 0.080822),0.877230 (0.795600 + 0.081630),0.872525 (0.791100 + 0.081425),0.854482 (0.773100 + 0.081382),0.842020 (0.761400 + 0.080620),0.871451 (0.790200 + 0.081251),0.861369 (0.780300 + 0.081069),0.862155 (0.781200 + 0.080955),0.860449 (0.779400 + 0.081049),0.879654 (0.798300 + 0.081354),0.867657 (0.786600 + 0.081057),0.860316 (0.779400 + 0.080916),0.857908 (0.776700 + 0.081209),0.853315 (0.773100 + 0.080215),0.871219 (0.790200 + 0.081019),0.865734 (0.784800 + 0.080934),0.852582 (0.772200 + 0.080382),0.857377 (0.776700 + 0.080677),0.860865 (0.779400 + 0.081465),0.863126 (0.782100 + 0.081026),0.863961 (0.782100 + 0.081861),0.875611 (0.794700 + 0.080911),0.870240 (0.789300 + 0.080940),0.853750 (0.773100 + 0.080650),0.859973 (0.778500 + 0.081473),0.863774 (0.783000 + 0.080774),0.863144 (0.782100 + 0.081044),0.861892 (0.781200 + 0.080692),0.875414 (0.794700 + 0.080714),0.871179 (0.790200 + 0.080979),0.863079 (0.782100 + 0.080979),0.859614 (0.778500 + 0.081114),0.867146 (0.786600 + 0.080546),0.861881 (0.780300 + 0.081581),0.855725 (0.774900 + 0.080825),0.860063 (0.779400 + 0.080663),0.861185 (0.780300 + 0.080885),0.867691 (0.786600 + 0.081091),0.865573 (0.784800 + 0.080773),0.870941 (0.790200 + 0.080741),0.852546 (0.771300 + 0.081246),0.861903 (0.780300 + 0.081603),0.863821 (0.782100 + 0.081721),0.875235 (0.793800 + 0.081435),0.871577 (0.790200 + 0.081377),0.859145 (0.778500 + 0.080645),0.862045 (0.780300 + 0.081745),0.859493 (0.778500 + 0.080993),0.867601 (0.786600 + 0.081001),0.850507 (0.769500 + 0.081007),0.863273 (0.782100 + 0.081173),0.855093 (0.774000 + 0.081093),0.850975 (0.769500 + 0.081475),0.857323 (0.775800 + 0.081523),0.857969 (0.776700 + 0.081269),0.876472 (0.795600 + 0.080872),0.850245 (0.769500 + 0.080745),0.874733 (0.793800 + 0.080933),0.861262 (0.780300 + 0.080963),0.847891 (0.767700 + 0.080191),0.867254 (0.786600 + 0.080654),0.857008 (0.775800 + 0.081208),0.868628 (0.787500 + 0.081128),0.864300 (0.783000 + 0.081300),0.861241 (0.780300 + 0.080941),0.854997 (0.774000 + 0.080997),0.854547 (0.774000 + 0.080547),0.866551 (0.785700 + 0.080851),0.855938 (0.774900 + 0.081038),0.864558 (0.783000 + 0.081558),0.864245 (0.783000 + 0.081245),0.864338 (0.783000 + 0.081338),0.868629 (0.787500 + 0.081129),0.862734 (0.782100 + 0.080634),0.862861 (0.782100 + 0.080761),0.866673 (0.785700 + 0.080973),0.858393 (0.776700 + 0.081693),0.863139 (0.782100 + 0.081039),0.855405 (0.774000 + 0.081405),0.865247 (0.783900 + 0.081347)
51,0.880951 (0.800100 + 0.080851),0.863334 (0.782100 + 0.081234),0.848667 (0.767700 + 0.080967),0.863128 (0.782100 + 0.081028),0.868411 (0.787500 + 0.080911),0.868736 (0.787500 + 0.081237),0.862808 (0.782100 + 0.080708),0.873502 (0.792000 + 0.081502),0.862899 (0.781200 + 0.081699),0.861340 (0.780300 + 0.081040),0.873213 (0.792000 + 0.081213),0.855613 (0.775800 + 0.079813),0.863869 (0.783900 + 0.079969),0.876603 (0.795600 + 0.081003),0.870399 (0.790200 + 0.080199),0.862976 (0.783000 + 0.079976),0.864416 (0.783000 + 0.081416),0.865776 (0.784800 + 0.080976),0.865626 (0.784800 + 0.080826),0.861072 (0.779400 + 0.081672),0.866380 (0.784800 + 0.081580),0.868544 (0.787500 + 0.081044),0.866307 (0.785700 + 0.080607),0.864188 (0.783000 + 0.081188),0.867113 (0.786600 + 0.080513),0.864831 (0.783900 + 0.080931),0.853967 (0.773100 + 0.080867),0.869228 (0.788400 + 0.080828),0.851745 (0.770400 + 0.081345),0.869178 (0.787500 + 0.081678),0.856953 (0.775800 + 0.081153),0.867597 (0.786600 + 0.080997),0.865614 (0.784800 + 0.080814),0.867464 (0.786600 + 0.080864),0.867492 (0.786600 + 0.080892),0.865512 (0.784800 + 0.080712),0.870426 (0.789300 + 0.081126),0.858396 (0.777600 + 0.080796),0.860563 (0.779400 + 0.081163),0.857455 (0.775800 + 0.081655),0.883344 (0.801900 + 0.081444),0.855399 (0.774900 + 0.080499),0.867914 (0.786600 + 0.081314),0.860394 (0.779400 + 0.080994),0.859488 (0.778500 + 0.080988),0.867657 (0.786600 + 0.081057),0.867657 (0.786600 + 0.081057),0.856757 (0.775800 + 0.080957),0.863193 (0.782100 + 0.081093),0.876745 (0.795600 + 0.081145),0.859208 (0.778500 + 0.080708),0.870758 (0.789300 + 0.081458),0.860731 (0.779400 + 0.081331),0.861429 (0.780300 + 0.081129),0.862998 (0.782100 + 0.080898),0.857843 (0.777600 + 0.080243),0.860646 (0.779400 + 0.081246),0.871163 (0.790200 + 0.080963),0.862431 (0.781200 + 0.081231),0.861374 (0.780300 + 0.081074),0.852811 (0.772200 + 0.080611),0.871703 (0.790200 + 0.081503),0.871468 (0.790200 + 0.081268),0.858295 (0.777600 + 0.080695),0.868628 (0.787500 + 0.081128),0.868369 (0.787500 + 0.080869),0.879548 (0.799200 + 0.080348),0.862054 (0.780300 + 0.081754),0.845487 (0.764100 + 0.081387),0.879531 (0.798300 + 0.081231),0.865049 (0.784800 + 0.080249),0.853316 (0.772200 + 0.081116),0.866181 (0.784800 + 0.081381),0.864835 (0.783900 + 0.080935),0.878200 (0.797400 + 0.080800),0.847912 (0.765900 + 0.082012),0.855981 (0.774900 + 0.081081),0.871877 (0.791100 + 0.080777),0.855155 (0.773100 + 0.082055),0.866041 (0.784800 + 0.081241),0.862243 (0.781200 + 0.081043),0.866690 (0.785700 + 0.080990),0.869494 (0.788400 + 0.081094),0.870370 (0.789300 + 0.081070),0.867245 (0.786600 + 0.080645),0.861654 (0.780300 + 0.081354),0.866971 (0.785700 + 0.081271),0.855203 (0.774000 + 0.081203),0.853334 (0.772200 + 0.081134),0.861435 (0.780300 + 0.081135),0.869665 (0.788400 + 0.081265),0.869677 (0.788400 + 0.081277),0.863597 (0.783000 + 0.080597),0.857080 (0.775800 + 0.081280),0.861534 (0.780300 + 0.081234),0.847630 (0.766800 + 0.080830),0.865539 (0.783900 + 0.081639),0.861288 (0.780300 + 0.080988),0.865639 (0.784800 + 0.080839),0.862208 (0.781200 + 0.081008)
52,0.883344 (0.801900 + 0.081444),0.864927 (0.783900 + 0.081027),0.867143 (0.785700 + 0.081443),0.853213 (0.772200 + 0.081013),0.865648 (0.784800 + 0.080848),0.879531 (0.798300 + 0.081231),0.864835 (0.783900 + 0.080935),0.861292 (0.780300 + 0.080992),0.869315 (0.788400 + 0.080915),0.859104 (0.778500 + 0.080604),0.869040 (0.788400 + 0.080640),0.863182 (0.782100 + 0.081082),0.861470 (0.780300 + 0.081170),0.859893 (0.778500 + 0.081393),0.869178 (0.787500 + 0.081678),0.873156 (0.792900 + 0.080256),0.863463 (0.782100 + 0.081363),0.863273 (0.782100 + 0.081173),0.862808 (0.782100 + 0.080708),0.851406 (0.770400 + 0.081006),0.855651 (0.774900 + 0.080752),0.868463 (0.787500 + 0.080963),0.855255 (0.774000 + 0.081255),0.859257 (0.777600 + 0.081657),0.871080 (0.789300 + 0.081780),0.854724 (0.774000 + 0.080724),0.865390 (0.783900 + 0.081491),0.860317 (0.779400 + 0.080917),0.863821 (0.783000 + 0.080821),0.859689 (0.779400 + 0.080289),0.866424 (0.785700 + 0.080724),0.870713 (0.790200 + 0.080513),0.865197 (0.784800 + 0.080397),0.862619 (0.782100 + 0.080519),0.864178 (0.783000 + 0.081178),0.852385 (0.771300 + 0.081085),0.856098 (0.774900 + 0.081198),0.865669 (0.783900 + 0.081769),0.869235 (0.788400 + 0.080835),0.860829 (0.780300 + 0.080529),0.850953 (0.770400 + 0.080553),0.855746 (0.774900 + 0.080846),0.859769 (0.779400 + 0.080369),0.873167 (0.792000 + 0.081167),0.865712 (0.784800 + 0.080912),0.868411 (0.787500 + 0.080911),0.855826 (0.774900 + 0.080926),0.857909 (0.777600 + 0.080309),0.871653 (0.791100 + 0.080553),0.865139 (0.783900 + 0.081239),0.865898 (0.784800 + 0.081098),0.866944 (0.785700 + 0.081244),0.870773 (0.789300 + 0.081473),0.869665 (0.788400 + 0.081265),0.859208 (0.778500 + 0.080708),0.863263 (0.782100 + 0.081163),0.874050 (0.792900 + 0.081150),0.862200 (0.782100 + 0.080100),0.864019 (0.783900 + 0.080119),0.865007 (0.783900 + 0.081107),0.863951 (0.783000 + 0.080951),0.870530 (0.789300 + 0.081231),0.867830 (0.786600 + 0.081230),0.872055 (0.791100 + 0.080955),0.866961 (0.785700 + 0.081261),0.869871 (0.789300 + 0.080571),0.852140 (0.770400 + 0.081740),0.883344 (0.801900 + 0.081444),0.868411 (0.787500 + 0.080911),0.862249 (0.781200 + 0.081049),0.863109 (0.782100 + 0.081009),0.866879 (0.786600 + 0.080279),0.873973 (0.792900 + 0.081073),0.856754 (0.775800 + 0.080954),0.864750 (0.783900 + 0.080850),0.873807 (0.792900 + 0.080907),0.860122 (0.778500 + 0.081622),0.869899 (0.789300 + 0.080599),0.867086 (0.785700 + 0.081386),0.872380 (0.791100 + 0.081280),0.869144 (0.788400 + 0.080745),0.868642 (0.788400 + 0.080242),0.859311 (0.778500 + 0.080811),0.866948 (0.785700 + 0.081248),0.863651 (0.782100 + 0.081551),0.864949 (0.783900 + 0.081049),0.857590 (0.776700 + 0.080890),0.858510 (0.777600 + 0.080910),0.869392 (0.788400 + 0.080992),0.858258 (0.777600 + 0.080658),0.855880 (0.774900 + 0.080980),0.873502 (0.792000 + 0.081502),0.868628 (0.787500 + 0.081128),0.869494 (0.788400 + 0.081094),0.852262 (0.771300 + 0.080962),0.858381 (0.777600 + 0.080781),0.870141 (0.790200 + 0.079941),0.860604 (0.779400 + 0.081204),0.868075 (0.786600 + 0.081475),0.854174 (0.773100 + 0.081074)
53,0.883344 (0.801900 + 0.081444),0.864490 (0.783000 + 0.081490),0.866712 (0.785700 + 0.081012),0.864965 (0.783000 + 0.081965),0.868865 (0.788400 + 0.080465),0.869797 (0.789300 + 0.080497),0.861648 (0.780300 + 0.081348),0.855907 (0.775800 + 0.080108),0.847970 (0.767700 + 0.080270),0.867926 (0.786600 + 0.081326),0.866226 (0.784800 + 0.081426),0.874149 (0.792900 + 0.081249),0.866867 (0.785700 + 0.081167),0.865139 (0.783900 + 0.081239),0.863821 (0.783000 + 0.080821),0.855090 (0.773100 + 0.081990),0.862061 (0.781200 + 0.080861),0.868695 (0.787500 + 0.081195),0.853385 (0.772200 + 0.081185),0.870949 (0.790200 + 0.080749),0.865185 (0.783900 + 0.081285),0.866510 (0.785700 + 0.080810),0.864621 (0.783900 + 0.080721),0.874906 (0.792900 + 0.082006),0.862357 (0.781200 + 0.081157),0.870813 (0.791100 + 0.079713),0.865013 (0.784800 + 0.080213),0.858764 (0.777600 + 0.081164),0.866884 (0.785700 + 0.081184),0.869665 (0.788400 + 0.081265),0.873210 (0.792000 + 0.081210),0.871241 (0.790200 + 0.081041),0.854324 (0.773100 + 0.081224),0.879531 (0.798300 + 0.081231),0.863076 (0.782100 + 0.080976),0.868784 (0.788400 + 0.080384),0.866689 (0.785700 + 0.080989),0.862757 (0.782100 + 0.080657),0.858876 (0.778500 + 0.080376),0.858624 (0.777600 + 0.081024),0.862171 (0.781200 + 0.080971),0.862489 (0.781200 + 0.081289),0.870289 (0.789300 + 0.080989),0.868607 (0.787500 + 0.081107),0.860831 (0.780300 + 0.080531),0.860379 (0.780300 + 0.080079),0.854216 (0.773100 + 0.081116),0.879037 (0.797400 + 0.081637),0.867823 (0.786600 + 0.081223),0.864098 (0.783000 + 0.081098),0.865879 (0.784800 + 0.081079),0.867652 (0.786600 + 0.081052),0.864582 (0.783900 + 0.080683),0.860055 (0.778500 + 0.081555),0.873098 (0.792000 + 0.081098),0.864757 (0.783900 + 0.080857),0.859809 (0.778500 + 0.081309),0.872380 (0.791100 + 0.081280),0.869665 (0.788400 + 0.081265),0.854396 (0.774000 + 0.080396),0.870075 (0.789300 + 0.080775),0.871630 (0.790200 + 0.081430),0.873061 (0.792000 + 0.081061),0.850212 (0.769500 + 0.080712),0.867332 (0.786600 + 0.080732),0.865699 (0.784800 + 0.080899),0.873860 (0.792900 + 0.080960),0.864493 (0.783900 + 0.080593),0.875896 (0.794700 + 0.081196),0.872055 (0.791100 + 0.080955),0.883344 (0.801900 + 0.081444),0.858210 (0.777600 + 0.080610),0.866450 (0.785700 + 0.080750),0.870590 (0.789300 + 0.081290),0.868638 (0.787500 + 0.081138),0.860284 (0.779400 + 0.080884),0.864768 (0.783900 + 0.080869),0.865742 (0.785700 + 0.080042),0.864356 (0.783900 + 0.080456),0.860805 (0.779400 + 0.081405),0.857380 (0.776700 + 0.080680),0.862029 (0.781200 + 0.080829),0.859477 (0.778500 + 0.080977),0.866357 (0.785700 + 0.080657),0.856970 (0.775800 + 0.081170),0.859869 (0.778500 + 0.081369),0.860783 (0.779400 + 0.081383),0.868465 (0.787500 + 0.080966),0.853515 (0.773100 + 0.080415),0.872741 (0.792000 + 0.080741),0.857147 (0.776700 + 0.080447),0.862440 (0.782100 + 0.080340),0.869095 (0.787500 + 0.081595),0.860569 (0.780300 + 0.080270),0.865426 (0.783900 + 0.081526),0.863471 (0.783000 + 0.080471),0.860476 (0.780300 + 0.080176),0.869112 (0.789300 + 0.079812),0.854255 (0.773100 + 0.081155),0.874858 (0.793800 + 0.081058)
54,0.883344 (0.801900 + 0.081444),0.858578 (0.777600 + 0.080978),0.861275 (0.781200 + 0.080075),0.867174 (0.786600 + 0.080574),0.865633 (0.784800 + 0.080833),0.867917 (0.786600 + 0.081317),0.861845 (0.780300 + 0.081545),0.866997 (0.785700 + 0.081297),0.855399 (0.774000 + 0.081399),0.866657 (0.785700 + 0.080957),0.865725 (0.784800 + 0.080925),0.867529 (0.786600 + 0.080929),0.865394 (0.784800 + 0.080594),0.873860 (0.792900 + 0.080960),0.871630 (0.790200 + 0.081430),0.855912 (0.774900 + 0.081012),0.871589 (0.790200 + 0.081389),0.861135 (0.779400 + 0.081735),0.857367 (0.776700 + 0.080667),0.862041 (0.780300 + 0.081741),0.876163 (0.794700 + 0.081463),0.848586 (0.767700 + 0.080887),0.871473 (0.790200 + 0.081273),0.873098 (0.792000 + 0.081098),0.873098 (0.792000 + 0.081098),0.875896 (0.794700 + 0.081196),0.873061 (0.792000 + 0.081061),0.860055 (0.779400 + 0.080655),0.862868 (0.781200 + 0.081668),0.858594 (0.777600 + 0.080994),0.868353 (0.787500 + 0.080853),0.866164 (0.784800 + 0.081364),0.862843 (0.782100 + 0.080743),0.859933 (0.778500 + 0.081433),0.858713 (0.777600 + 0.081113),0.859046 (0.778500 + 0.080546),0.865987 (0.785700 + 0.080287),0.858886 (0.777600 + 0.081286),0.861412 (0.780300 + 0.081112),0.874653 (0.793800 + 0.080853),0.868567 (0.787500 + 0.081067),0.865727 (0.784800 + 0.080927),0.876746 (0.796500 + 0.080246),0.859538 (0.779400 + 0.080138),0.870018 (0.789300 + 0.080719),0.849898 (0.769500 + 0.080398),0.856552 (0.775800 + 0.080752),0.858454 (0.777600 + 0.080854),0.872172 (0.791100 + 0.081072),0.860118 (0.779400 + 0.080718),0.857235 (0.775800 + 0.081435),0.873568 (0.792900 + 0.080668),0.862322 (0.781200 + 0.081122),0.862074 (0.781200 + 0.080875),0.854974 (0.774000 + 0.080974),0.855372 (0.774000 + 0.081372),0.876798 (0.794700 + 0.082098),0.865015 (0.783900 + 0.081115),0.869531 (0.788400 + 0.081131),0.866881 (0.785700 + 0.081181),0.852549 (0.772200 + 0.080349),0.855142 (0.774900 + 0.080242),0.860053 (0.779400 + 0.080653),0.854875 (0.774000 + 0.080875),0.860655 (0.779400 + 0.081255),0.860670 (0.780300 + 0.080370),0.862647 (0.783000 + 0.079647),0.861634 (0.780300 + 0.081334),0.861484 (0.780300 + 0.081185),0.858408 (0.778500 + 0.079908),0.867416 (0.786600 + 0.080816),0.871014 (0.790200 + 0.080814),0.879654 (0.798300 + 0.081354),0.874602 (0.793800 + 0.080802),0.873887 (0.792900 + 0.080987),0.871465 (0.790200 + 0.081265),0.858483 (0.777600 + 0.080883),0.852301 (0.772200 + 0.080101),0.858185 (0.777600 + 0.080585),0.861701 (0.780300 + 0.081401),0.854122 (0.773100 + 0.081022),0.859737 (0.778500 + 0.081237),0.862167 (0.781200 + 0.080968),0.865898 (0.784800 + 0.081098),0.875789 (0.794700 + 0.081089),0.870486 (0.790200 + 0.080286),0.863060 (0.782100 + 0.080960),0.870772 (0.791100 + 0.079672),0.874878 (0.793800 + 0.081078),0.864439 (0.783000 + 0.081439),0.868762 (0.787500 + 0.081263),0.866011 (0.784800 + 0.081211),0.853692 (0.772200 + 0.081492),0.866986 (0.786600 + 0.080386),0.863471 (0.783000 + 0.080471),0.862320 (0.781200 + 0.081121),0.858105 (0.776700 + 0.081405),0.866554 (0.784800 + 0.081754),0.867114 (0.786600 + 0.080514),0.861250 (0.780300 + 0.080950)
55,0.883344 (0.801900 + 0.081444),0.862120 (0.782100 + 0.080020),0.858858 (0.778500 + 0.080358),0.877042 (0.795600 + 0.081442),0.853755 (0.773100 + 0.080655),0.861103 (0.780300 + 0.080803),0.855248 (0.774000 + 0.081248),0.866137 (0.785700 + 0.080437),0.852890 (0.771300 + 0.081590),0.866066 (0.784800 + 0.081266),0.864949 (0.783900 + 0.081049),0.865199 (0.783900 + 0.081299),0.861696 (0.781200 + 0.080496),0.862104 (0.780300 + 0.081804),0.870456 (0.790200 + 0.080256),0.844474 (0.763200 + 0.081274),0.865478 (0.783900 + 0.081578),0.864739 (0.783900 + 0.080839),0.869668 (0.788400 + 0.081268),0.864904 (0.783900 + 0.081004),0.860055 (0.779400 + 0.080655),0.862535 (0.781200 + 0.081335),0.869738 (0.789300 + 0.080438),0.862964 (0.782100 + 0.080864),0.869754 (0.788400 + 0.081354),0.866160 (0.784800 + 0.081360),0.862125 (0.781200 + 0.080925),0.861825 (0.781200 + 0.080625),0.865660 (0.783900 + 0.081760),0.871473 (0.790200 + 0.081273),0.859416 (0.778500 + 0.080916),0.861798 (0.781200 + 0.080598),0.857588 (0.775800 + 0.081788),0.850551 (0.769500 + 0.081051),0.867744 (0.786600 + 0.081144),0.863910 (0.783000 + 0.080910),0.865157 (0.784800 + 0.080357),0.858850 (0.777600 + 0.081250),0.867035 (0.786600 + 0.080435),0.866268 (0.784800 + 0.081468),0.862019 (0.781200 + 0.080819),0.872157 (0.791100 + 0.081057),0.867784 (0.787500 + 0.080284),0.851709 (0.771300 + 0.080409),0.861659 (0.780300 + 0.081359),0.875605 (0.794700 + 0.080905),0.861972 (0.781200 + 0.080772),0.862255 (0.781200 + 0.081055),0.867848 (0.786600 + 0.081248),0.848755 (0.767700 + 0.081055),0.858914 (0.778500 + 0.080414),0.868129 (0.786600 + 0.081529),0.861161 (0.780300 + 0.080861),0.847264 (0.766800 + 0.080464),0.869721 (0.788400 + 0.081321),0.857703 (0.776700 + 0.081003),0.858102 (0.775800 + 0.082302),0.859947 (0.778500 + 0.081447),0.861791 (0.781200 + 0.080591),0.866568 (0.785700 + 0.080868),0.863271 (0.782100 + 0.081171),0.841072 (0.760500 + 0.080572),0.867445 (0.786600 + 0.080845),0.869214 (0.788400 + 0.080814),0.872553 (0.791100 + 0.081453),0.870534 (0.789300 + 0.081234),0.864852 (0.783900 + 0.080952),0.853069 (0.772200 + 0.080869),0.857544 (0.776700 + 0.080844),0.850349 (0.769500 + 0.080849),0.857707 (0.776700 + 0.081007),0.876746 (0.796500 + 0.080246),0.865725 (0.784800 + 0.080925),0.862183 (0.781200 + 0.080983),0.861605 (0.780300 + 0.081305),0.855283 (0.774900 + 0.080383),0.853190 (0.773100 + 0.080090),0.870737 (0.789300 + 0.081437),0.870816 (0.790200 + 0.080616),0.859076 (0.779400 + 0.079676),0.870501 (0.790200 + 0.080301),0.867782 (0.787500 + 0.080282),0.871493 (0.791100 + 0.080393),0.870486 (0.790200 + 0.080286),0.857073 (0.775800 + 0.081273),0.871864 (0.791100 + 0.080764),0.862266 (0.781200 + 0.081066),0.860109 (0.779400 + 0.080709),0.876555 (0.794700 + 0.081855),0.869357 (0.788400 + 0.080957),0.881489 (0.800100 + 0.081389),0.858483 (0.777600 + 0.080883),0.865015 (0.783900 + 0.081115),0.860513 (0.779400 + 0.081113),0.863942 (0.783000 + 0.080942),0.865987 (0.785700 + 0.080287),0.861873 (0.781200 + 0.080674),0.868762 (0.787500 + 0.081263),0.858305 (0.776700 + 0.081605),0.866986 (0.786600 + 0.080386)
56,0.883344 (0.801900 + 0.081444),0.870486 (0.790200 + 0.080286),0.857442 (0.776700 + 0.080742),0.845452 (0.765000 + 0.080452),0.862422 (0.781200 + 0.081223),0.874472 (0.793800 + 0.080672),0.856974 (0.775800 + 0.081174),0.883344 (0.801900 + 0.081444),0.864852 (0.783900 + 0.080952),0.868999 (0.787500 + 0.081499),0.876627 (0.796500 + 0.080127),0.860711 (0.780300 + 0.080411),0.866083 (0.785700 + 0.080383),0.860545 (0.779400 + 0.081145),0.859604 (0.778500 + 0.081104),0.865736 (0.784800 + 0.080936),0.866817 (0.786600 + 0.080218),0.866568 (0.785700 + 0.080868),0.866568 (0.785700 + 0.080868),0.860691 (0.780300 + 0.080391),0.873123 (0.792900 + 0.080223),0.869840 (0.789300 + 0.080540),0.862215 (0.782100 + 0.080115),0.870026 (0.789300 + 0.080726),0.862954 (0.783000 + 0.079954),0.868516 (0.787500 + 0.081016),0.877900 (0.796500 + 0.081400),0.859577 (0.778500 + 0.081077),0.869950 (0.788400 + 0.081550),0.859054 (0.778500 + 0.080554),0.860868 (0.780300 + 0.080568),0.865561 (0.784800 + 0.080761),0.870732 (0.789300 + 0.081432),0.870590 (0.790200 + 0.080390),0.851225 (0.770400 + 0.080825),0.856292 (0.774900 + 0.081393),0.855665 (0.774000 + 0.081665),0.864805 (0.783900 + 0.080905),0.865087 (0.784800 + 0.080287),0.860089 (0.778500 + 0.081589),0.861041 (0.780300 + 0.080741),0.865417 (0.783900 + 0.081517),0.874068 (0.793800 + 0.080268),0.864782 (0.783900 + 0.080882),0.865389 (0.783900 + 0.081489),0.869957 (0.789300 + 0.080658),0.858759 (0.777600 + 0.081159),0.866892 (0.786600 + 0.080292),0.864267 (0.783900 + 0.080367),0.865276 (0.784800 + 0.080476),0.854645 (0.774000 + 0.080645),0.875108 (0.793800 + 0.081308),0.863134 (0.782100 + 0.081034),0.874189 (0.792900 + 0.081289),0.853993 (0.773100 + 0.080893),0.861829 (0.781200 + 0.080629),0.860650 (0.780300 + 0.080350),0.859842 (0.778500 + 0.081342),0.866566 (0.785700 + 0.080866),0.863466 (0.783000 + 0.080466),0.860345 (0.779400 + 0.080945),0.869557 (0.788400 + 0.081157),0.861507 (0.781200 + 0.080307),0.868823 (0.787500 + 0.081323),0.861558 (0.781200 + 0.080358),0.858499 (0.777600 + 0.080899),0.871027 (0.790200 + 0.080827),0.870534 (0.789300 + 0.081234),0.862183 (0.781200 + 0.080983),0.867520 (0.786600 + 0.080920),0.855631 (0.774900 + 0.080731),0.860076 (0.779400 + 0.080676),0.852311 (0.771300 + 0.081011),0.864132 (0.783000 + 0.081132),0.868099 (0.786600 + 0.081499),0.873357 (0.792900 + 0.080457),0.858605 (0.777600 + 0.081005),0.865544 (0.784800 + 0.080744),0.864425 (0.783900 + 0.080525),0.860329 (0.779400 + 0.080929),0.860709 (0.779400 + 0.081309),0.852817 (0.771300 + 0.081517),0.858268 (0.777600 + 0.080668),0.868762 (0.787500 + 0.081263),0.877042 (0.795600 + 0.081442),0.868477 (0.787500 + 0.080977),0.859304 (0.777600 + 0.081704),0.857796 (0.776700 + 0.081096),0.855170 (0.774000 + 0.081170),0.852135 (0.770400 + 0.081735),0.863386 (0.782100 + 0.081286),0.873689 (0.792900 + 0.080789),0.864854 (0.783900 + 0.080954),0.865741 (0.784800 + 0.080941),0.859083 (0.777600 + 0.081483),0.855027 (0.774000 + 0.081027),0.868728 (0.788400 + 0.080328),0.858502 (0.778500 + 0.080002),0.871281 (0.790200 + 0.081081),0.867777 (0.786600 + 0.081177)
57,0.883344 (0.801900 + 0.081444),0.858890 (0.778500 + 0.080390),0.856286 (0.775800 + 0.080486),0.864842 (0.783900 + 0.080942),0.857177 (0.777600 + 0.079577),0.857237 (0.776700 + 0.080537),0.857750 (0.776700 + 0.081050),0.866221 (0.785700 + 0.080521),0.869364 (0.788400 + 0.080964),0.876627 (0.796500 + 0.080127),0.866566 (0.785700 + 0.080866),0.864197 (0.783000 + 0.081197),0.856159 (0.775800 + 0.080359),0.864338 (0.783900 + 0.080438),0.864142 (0.783900 + 0.080242),0.860995 (0.780300 + 0.080695),0.871440 (0.791100 + 0.080340),0.859265 (0.777600 + 0.081665),0.868025 (0.787500 + 0.080525),0.861637 (0.780300 + 0.081337),0.872863 (0.792000 + 0.080863),0.852617 (0.771300 + 0.081317),0.859184 (0.778500 + 0.080684),0.859541 (0.778500 + 0.081041),0.860352 (0.778500 + 0.081852),0.856034 (0.775800 + 0.080234),0.863045 (0.782100 + 0.080945),0.866882 (0.785700 + 0.081182),0.861679 (0.781200 + 0.080479),0.867900 (0.787500 + 0.080400),0.868611 (0.788400 + 0.080211),0.856831 (0.775800 + 0.081031),0.864841 (0.784800 + 0.080041),0.869307 (0.789300 + 0.080007),0.865924 (0.784800 + 0.081124),0.864670 (0.783900 + 0.080770),0.860262 (0.779400 + 0.080862),0.843626 (0.763200 + 0.080426),0.841076 (0.760500 + 0.080576),0.860452 (0.780300 + 0.080152),0.864882 (0.783900 + 0.080982),0.861382 (0.781200 + 0.080182),0.860201 (0.779400 + 0.080801),0.869106 (0.787500 + 0.081606),0.864817 (0.783900 + 0.080917),0.861074 (0.780300 + 0.080774),0.858265 (0.777600 + 0.080665),0.874043 (0.793800 + 0.080243),0.871047 (0.789300 + 0.081747),0.863145 (0.782100 + 0.081045),0.864491 (0.783900 + 0.080591),0.842192 (0.761400 + 0.080792),0.858250 (0.777600 + 0.080650),0.855602 (0.774900 + 0.080702),0.867223 (0.786600 + 0.080623),0.861775 (0.781200 + 0.080575),0.864946 (0.783900 + 0.081046),0.863492 (0.783000 + 0.080492),0.856940 (0.775800 + 0.081140),0.858089 (0.777600 + 0.080489),0.858282 (0.777600 + 0.080682),0.837672 (0.756900 + 0.080772),0.871223 (0.790200 + 0.081023),0.863332 (0.783000 + 0.080332),0.862954 (0.783000 + 0.079954),0.867314 (0.786600 + 0.080714),0.865005 (0.783900 + 0.081106),0.847325 (0.766800 + 0.080525),0.864226 (0.783900 + 0.080326),0.869249 (0.788400 + 0.080849),0.863846 (0.783000 + 0.080846),0.871872 (0.791100 + 0.080772),0.862523 (0.783000 + 0.079523),0.869181 (0.789300 + 0.079881),0.867172 (0.785700 + 0.081472),0.857652 (0.776700 + 0.080952),0.868023 (0.787500 + 0.080523),0.858220 (0.777600 + 0.080620),0.852598 (0.771300 + 0.081298),0.864345 (0.783900 + 0.080445),0.849722 (0.769500 + 0.080222),0.864813 (0.783900 + 0.080913),0.866492 (0.785700 + 0.080792),0.859138 (0.778500 + 0.080638),0.861900 (0.781200 + 0.080700),0.863451 (0.783000 + 0.080451),0.852905 (0.772200 + 0.080705),0.865152 (0.784800 + 0.080352),0.862619 (0.781200 + 0.081419),0.858092 (0.777600 + 0.080492),0.874229 (0.793800 + 0.080429),0.861604 (0.781200 + 0.080404),0.862821 (0.782100 + 0.080721),0.874298 (0.792900 + 0.081398),0.862078 (0.781200 + 0.080878),0.864531 (0.783900 + 0.080631),0.858009 (0.777600 + 0.080409),0.866568 (0.785700 + 0.080868),0.860650 (0.780300 + 0.080350),0.865678 (0.784800 + 0.080878)
58,0.883344 (0.801900 + 0.081444),0.864709 (0.784800 + 0.079909),0.867874 (0.787500 + 0.080374),0.864403 (0.783000 + 0.081403),0.861516 (0.780300 + 0.081216),0.869702 (0.789300 + 0.080403),0.852531 (0.772200 + 0.080331),0.865621 (0.784800 + 0.080821),0.857981 (0.776700 + 0.081281),0.865861 (0.785700 + 0.080161),0.848726 (0.768600 + 0.080126),0.864237 (0.783900 + 0.080337),0.854111 (0.773100 + 0.081011),0.871789 (0.791100 + 0.080689),0.867841 (0.786600 + 0.081241),0.871492 (0.791100 + 0.080392),0.858480 (0.777600 + 0.080880),0.863327 (0.783000 + 0.080327),0.849281 (0.768600 + 0.080681),0.867244 (0.786600 + 0.080644),0.876269 (0.794700 + 0.081569),0.861558 (0.781200 + 0.080358),0.860243 (0.779400 + 0.080843),0.868812 (0.788400 + 0.080412),0.861982 (0.781200 + 0.080782),0.847522 (0.765900 + 0.081622),0.863496 (0.782100 + 0.081396),0.853929 (0.774000 + 0.079929),0.861228 (0.781200 + 0.080028),0.861953 (0.781200 + 0.080753),0.859732 (0.778500 + 0.081232),0.861044 (0.780300 + 0.080744),0.861500 (0.780300 + 0.081200),0.874615 (0.793800 + 0.080815),0.858789 (0.778500 + 0.080289),0.855686 (0.775800 + 0.079886),0.868636 (0.787500 + 0.081136),0.863711 (0.783000 + 0.080711),0.868997 (0.788400 + 0.080597),0.865419 (0.784800 + 0.080619),0.857826 (0.776700 + 0.081126),0.861097 (0.780300 + 0.080797),0.864723 (0.783900 + 0.080823),0.866696 (0.786600 + 0.080096),0.861398 (0.781200 + 0.080198),0.873772 (0.792900 + 0.080872),0.865826 (0.784800 + 0.081026),0.852701 (0.771300 + 0.081401),0.853189 (0.772200 + 0.080989),0.860416 (0.779400 + 0.081016),0.865114 (0.783900 + 0.081214),0.850672 (0.770400 + 0.080272),0.856594 (0.775800 + 0.080794),0.869249 (0.788400 + 0.080849),0.863451 (0.783000 + 0.080451),0.863355 (0.783000 + 0.080355),0.856554 (0.774900 + 0.081654),0.859613 (0.778500 + 0.081113),0.855301 (0.774900 + 0.080401),0.860806 (0.780300 + 0.080506),0.872827 (0.792900 + 0.079927),0.855702 (0.774900 + 0.080802),0.867959 (0.787500 + 0.080459),0.864626 (0.783900 + 0.080726),0.861194 (0.780300 + 0.080894),0.857343 (0.776700 + 0.080643),0.870689 (0.790200 + 0.080489),0.850140 (0.768600 + 0.081540),0.848512 (0.768600 + 0.079912),0.865715 (0.784800 + 0.080915),0.864101 (0.783000 + 0.081101),0.866503 (0.785700 + 0.080803),0.866609 (0.785700 + 0.080909),0.867314 (0.786600 + 0.080714),0.837457 (0.756900 + 0.080557),0.870718 (0.790200 + 0.080518),0.857989 (0.776700 + 0.081289),0.864197 (0.783000 + 0.081197),0.863451 (0.783000 + 0.080451),0.859236 (0.779400 + 0.079836),0.858476 (0.777600 + 0.080876),0.865009 (0.783900 + 0.081109),0.871616 (0.791100 + 0.080516),0.871984 (0.791100 + 0.080884),0.856774 (0.776700 + 0.080074),0.861486 (0.780300 + 0.081186),0.861066 (0.779400 + 0.081666),0.871104 (0.790200 + 0.080904),0.865759 (0.784800 + 0.080960),0.868924 (0.787500 + 0.081424),0.867497 (0.786600 + 0.080897),0.857907 (0.776700 + 0.081207),0.867974 (0.786600 + 0.081374),0.856469 (0.775800 + 0.080669),0.850221 (0.769500 + 0.080721),0.858213 (0.777600 + 0.080613),0.860596 (0.779400 + 0.081196),0.869658 (0.788400 + 0.081258),0.849934 (0.769500 + 0.080434),0.866007 (0.785700 + 0.080307)
59,0.883344 (0.801900 + 0.081444),0.867450 (0.786600 + 0.080850),0.858789 (0.778500 + 0.080289),0.857901 (0.776700 + 0.081201),0.858634 (0.777600 + 0.081034),0.859981 (0.779400 + 0.080581),0.868695 (0.787500 + 0.081195),0.866458 (0.785700 + 0.080758),0.871234 (0.791100 + 0.080134),0.856136 (0.774900 + 0.081236),0.858305 (0.778500 + 0.079805),0.863506 (0.782100 + 0.081406),0.848697 (0.767700 + 0.080997),0.871492 (0.791100 + 0.080392),0.865861 (0.785700 + 0.080161),0.861111 (0.780300 + 0.080811),0.861970 (0.780300 + 0.081670),0.861723 (0.781200 + 0.080523),0.860064 (0.779400 + 0.080664),0.862810 (0.782100 + 0.080710),0.858789 (0.778500 + 0.080289),0.864094 (0.783900 + 0.080194),0.856396 (0.775800 + 0.080596),0.866587 (0.785700 + 0.080887),0.864885 (0.783900 + 0.080985),0.857444 (0.775800 + 0.081644),0.859841 (0.779400 + 0.080441),0.859433 (0.778500 + 0.080933),0.854230 (0.773100 + 0.081130),0.862347 (0.781200 + 0.081147),0.865027 (0.784800 + 0.080227),0.869265 (0.788400 + 0.080865),0.841316 (0.761400 + 0.079916),0.868720 (0.787500 + 0.081220),0.864254 (0.783000 + 0.081254),0.864352 (0.783900 + 0.080452),0.858814 (0.778500 + 0.080314),0.862569 (0.782100 + 0.080469),0.857009 (0.776700 + 0.080309),0.859649 (0.778500 + 0.081149),0.851007 (0.770400 + 0.080607),0.853439 (0.773100 + 0.080339),0.864618 (0.783900 + 0.080718),0.864794 (0.783900 + 0.080894),0.854249 (0.774000 + 0.080249),0.856738 (0.776700 + 0.080038),0.853020 (0.772200 + 0.080820),0.867137 (0.785700 + 0.081437),0.863800 (0.783000 + 0.080800),0.864069 (0.783900 + 0.080169),0.869701 (0.789300 + 0.080401),0.857522 (0.776700 + 0.080822),0.872324 (0.792000 + 0.080324),0.871416 (0.790200 + 0.081216),0.857293 (0.777600 + 0.079693),0.863086 (0.782100 + 0.080986),0.865478 (0.784800 + 0.080678),0.856746 (0.775800 + 0.080946),0.862234 (0.781200 + 0.081034),0.861702 (0.780300 + 0.081402),0.862846 (0.781200 + 0.081647),0.870989 (0.790200 + 0.080789),0.867422 (0.786600 + 0.080822),0.865859 (0.784800 + 0.081059),0.854929 (0.774000 + 0.080929),0.866588 (0.785700 + 0.080888),0.868310 (0.787500 + 0.080810),0.867139 (0.785700 + 0.081439),0.859556 (0.779400 + 0.080157),0.875705 (0.794700 + 0.081005),0.857681 (0.776700 + 0.080981),0.867229 (0.786600 + 0.080629),0.866475 (0.785700 + 0.080775),0.877652 (0.796500 + 0.081152),0.872103 (0.791100 + 0.081003),0.851744 (0.771300 + 0.080444),0.861389 (0.781200 + 0.080189),0.864723 (0.783900 + 0.080823),0.863557 (0.783000 + 0.080557),0.855028 (0.774000 + 0.081028),0.856293 (0.775800 + 0.080493),0.867646 (0.786600 + 0.081046),0.859669 (0.778500 + 0.081169),0.858997 (0.778500 + 0.080497),0.862904 (0.782100 + 0.080804),0.859613 (0.778500 + 0.081113),0.863957 (0.783000 + 0.080957),0.858125 (0.777600 + 0.080525),0.860358 (0.779400 + 0.080958),0.865504 (0.785700 + 0.079804),0.866609 (0.785700 + 0.080909),0.862091 (0.781200 + 0.080891),0.862275 (0.782100 + 0.080175),0.873599 (0.792900 + 0.080699),0.863189 (0.782100 + 0.081089),0.863450 (0.783000 + 0.080450),0.871136 (0.791100 + 0.080036),0.860197 (0.779400 + 0.080797),0.851406 (0.770400 + 0.081006),0.862472 (0.781200 + 0.081272)
60,0.883344 (0.801900 + 0.081444),0.851933 (0.771300 + 0.080633),0.869301 (0.788400 + 0.080901),0.868536 (0.787500 + 0.081036),0.855547 (0.774000 + 0.081547),0.861454 (0.781200 + 0.080254),0.865744 (0.785700 + 0.080044),0.860438 (0.779400 + 0.081038),0.846989 (0.765900 + 0.081089),0.867249 (0.786600 + 0.080649),0.850428 (0.770400 + 0.080028),0.863780 (0.783000 + 0.080780),0.859590 (0.778500 + 0.081090),0.866668 (0.785700 + 0.080968),0.860742 (0.779400 + 0.081342),0.865117 (0.784800 + 0.080317),0.857140 (0.776700 + 0.080440),0.862381 (0.782100 + 0.080281),0.867710 (0.787500 + 0.080210),0.857007 (0.775800 + 0.081207),0.862413 (0.781200 + 0.081213),0.860913 (0.779400 + 0.081512),0.865545 (0.784800 + 0.080745),0.862937 (0.782100 + 0.080837),0.858662 (0.777600 + 0.081062),0.860839 (0.780300 + 0.080539),0.862595 (0.781200 + 0.081395),0.857079 (0.776700 + 0.080379),0.861032 (0.779400 + 0.081633),0.863992 (0.783900 + 0.080092),0.870057 (0.789300 + 0.080757),0.858861 (0.777600 + 0.081261),0.868132 (0.787500 + 0.080632),0.871256 (0.791100 + 0.080156),0.855795 (0.774900 + 0.080895),0.856266 (0.775800 + 0.080466),0.862653 (0.781200 + 0.081453),0.861413 (0.780300 + 0.081113),0.866203 (0.785700 + 0.080503),0.884114 (0.803700 + 0.080414),0.863378 (0.783000 + 0.080378),0.857162 (0.775800 + 0.081362),0.865511 (0.784800 + 0.080711),0.862453 (0.781200 + 0.081253),0.873309 (0.792900 + 0.080409),0.868324 (0.788400 + 0.079923),0.870232 (0.789300 + 0.080932),0.863539 (0.782100 + 0.081439),0.871412 (0.790200 + 0.081212),0.864885 (0.783900 + 0.080985),0.862275 (0.782100 + 0.080175),0.866992 (0.785700 + 0.081292),0.852976 (0.772200 + 0.080776),0.863231 (0.782100 + 0.081131),0.863727 (0.783000 + 0.080727),0.877952 (0.797400 + 0.080552),0.867521 (0.786600 + 0.080921),0.873599 (0.792900 + 0.080699),0.869076 (0.788400 + 0.080677),0.860253 (0.778500 + 0.081754),0.878973 (0.798300 + 0.080673),0.872609 (0.792000 + 0.080609),0.860570 (0.779400 + 0.081170),0.869579 (0.788400 + 0.081179),0.864779 (0.783900 + 0.080879),0.869828 (0.789300 + 0.080528),0.851596 (0.771300 + 0.080296),0.860964 (0.780300 + 0.080664),0.858509 (0.777600 + 0.080909),0.862101 (0.781200 + 0.080901),0.873553 (0.792900 + 0.080653),0.860881 (0.780300 + 0.080581),0.866171 (0.785700 + 0.080471),0.871431 (0.790200 + 0.081231),0.861841 (0.781200 + 0.080641),0.865636 (0.784800 + 0.080836),0.851884 (0.771300 + 0.080584),0.859013 (0.778500 + 0.080513),0.866167 (0.784800 + 0.081367),0.861483 (0.781200 + 0.080283),0.853533 (0.773100 + 0.080433),0.864080 (0.783000 + 0.081080),0.870244 (0.790200 + 0.080044),0.853597 (0.772200 + 0.081397),0.860514 (0.779400 + 0.081114),0.867331 (0.786600 + 0.080731),0.862028 (0.781200 + 0.080828),0.859244 (0.777600 + 0.081644),0.865310 (0.784800 + 0.080510),0.842366 (0.761400 + 0.080966),0.872269 (0.792000 + 0.080269),0.858894 (0.777600 + 0.081294),0.864589 (0.783000 + 0.081589),0.861880 (0.781200 + 0.080680),0.859027 (0.778500 + 0.080527),0.859250 (0.777600 + 0.081650),0.857607 (0.776700 + 0.080907),0.859836 (0.779400 + 0.080436),0.868389 (0.787500 + 0.080889),0.868361 (0.787500 + 0.080861)
61,0.884114 (0.803700 + 0.080414),0.858431 (0.777600 + 0.080831),0.857410 (0.776700 + 0.080710),0.871741 (0.791100 + 0.080641),0.876525 (0.795600 + 0.080925),0.855757 (0.774900 + 0.080857),0.864906 (0.783900 + 0.081006),0.864466 (0.783000 + 0.081466),0.860093 (0.779400 + 0.080693),0.866244 (0.784800 + 0.081444),0.862791 (0.782100 + 0.080691),0.870198 (0.789300 + 0.080898),0.852055 (0.772200 + 0.079855),0.872130 (0.792000 + 0.080130),0.869355 (0.788400 + 0.080955),0.859560 (0.779400 + 0.080160),0.873365 (0.792900 + 0.080465),0.866356 (0.785700 + 0.080656),0.876856 (0.795600 + 0.081256),0.858723 (0.778500 + 0.080223),0.866788 (0.785700 + 0.081088),0.853419 (0.773100 + 0.080319),0.866079 (0.784800 + 0.081279),0.863007 (0.782100 + 0.080907),0.875809 (0.795600 + 0.080209),0.856478 (0.775800 + 0.080678),0.867408 (0.787500 + 0.079908),0.859105 (0.778500 + 0.080605),0.879277 (0.798300 + 0.080977),0.860196 (0.779400 + 0.080796),0.858817 (0.778500 + 0.080317),0.854178 (0.774000 + 0.080178),0.854802 (0.774000 + 0.080802),0.870231 (0.789300 + 0.080931),0.850187 (0.769500 + 0.080687),0.865321 (0.783900 + 0.081421),0.865666 (0.784800 + 0.080866),0.872243 (0.792000 + 0.080243),0.862778 (0.782100 + 0.080678),0.861126 (0.780300 + 0.080826),0.850709 (0.770400 + 0.080309),0.856736 (0.775800 + 0.080936),0.878140 (0.797400 + 0.080740),0.863306 (0.783000 + 0.080306),0.851356 (0.771300 + 0.080056),0.862643 (0.781200 + 0.081443),0.846340 (0.765000 + 0.081340),0.858878 (0.778500 + 0.080378),0.865039 (0.783900 + 0.081139),0.862957 (0.782100 + 0.080856),0.854955 (0.774000 + 0.080955),0.863273 (0.782100 + 0.081173),0.858602 (0.777600 + 0.081002),0.860478 (0.779400 + 0.081078),0.865809 (0.784800 + 0.081009),0.850717 (0.770400 + 0.080317),0.859436 (0.778500 + 0.080936),0.866302 (0.785700 + 0.080602),0.856402 (0.774900 + 0.081502),0.855825 (0.774900 + 0.080925),0.861756 (0.781200 + 0.080556),0.854211 (0.774000 + 0.080211),0.854573 (0.774000 + 0.080573),0.867324 (0.786600 + 0.080724),0.855129 (0.774900 + 0.080229),0.863549 (0.783000 + 0.080549),0.858812 (0.778500 + 0.080312),0.873553 (0.792900 + 0.080653),0.873553 (0.792900 + 0.080653),0.866167 (0.784800 + 0.081367),0.866167 (0.784800 + 0.081367),0.850435 (0.770400 + 0.080035),0.864621 (0.783900 + 0.080721),0.859719 (0.779400 + 0.080319),0.861092 (0.779400 + 0.081692),0.862656 (0.782100 + 0.080556),0.866645 (0.785700 + 0.080945),0.857162 (0.775800 + 0.081362),0.870244 (0.790200 + 0.080044),0.857624 (0.776700 + 0.080924),0.871428 (0.791100 + 0.080328),0.862391 (0.781200 + 0.081192),0.868779 (0.787500 + 0.081279),0.873060 (0.792900 + 0.080160),0.866813 (0.786600 + 0.080213),0.858615 (0.777600 + 0.081015),0.853826 (0.773100 + 0.080726),0.861276 (0.780300 + 0.080976),0.853254 (0.772200 + 0.081054),0.871130 (0.791100 + 0.080031),0.857081 (0.776700 + 0.080381),0.866171 (0.785700 + 0.080471),0.866171 (0.785700 + 0.080471),0.867556 (0.786600 + 0.080956),0.864657 (0.783900 + 0.080757),0.871788 (0.791100 + 0.080688),0.866368 (0.786600 + 0.079768),0.869828 (0.789300 + 0.080528),0.860881 (0.780300 + 0.080581),0.859216 (0.778500 + 0.080716)
62,0.884114 (0.803700 + 0.080414),0.877304 (0.796500 + 0.080804),0.863641 (0.783000 + 0.080641),0.857458 (0.776700 + 0.080758),0.863176 (0.782100 + 0.081076),0.869828 (0.789300 + 0.080528),0.869355 (0.788400 + 0.080955),0.853500 (0.773100 + 0.080400),0.868750 (0.787500 + 0.081250),0.860881 (0.780300 + 0.080581),0.862059 (0.782100 + 0.079959),0.858315 (0.777600 + 0.080715),0.870432 (0.789300 + 0.081132),0.864307 (0.783000 + 0.081307),0.866471 (0.785700 + 0.080771),0.859849 (0.778500 + 0.081349),0.861451 (0.780300 + 0.081151),0.875971 (0.795600 + 0.080371),0.864806 (0.783900 + 0.080906),0.857706 (0.776700 + 0.081006),0.865339 (0.784800 + 0.080539),0.868475 (0.787500 + 0.080975),0.871504 (0.791100 + 0.080404),0.867729 (0.787500 + 0.080229),0.867523 (0.787500 + 0.080023),0.881427 (0.801000 + 0.080427),0.864428 (0.783900 + 0.080528),0.874040 (0.793800 + 0.080240),0.873112 (0.792900 + 0.080212),0.871952 (0.790200 + 0.081752),0.879241 (0.798300 + 0.080941),0.860791 (0.780300 + 0.080491),0.859596 (0.778500 + 0.081096),0.857336 (0.775800 + 0.081536),0.861126 (0.780300 + 0.080826),0.864790 (0.784800 + 0.079990),0.865354 (0.784800 + 0.080554),0.865069 (0.783900 + 0.081169),0.861528 (0.780300 + 0.081228),0.869027 (0.787500 + 0.081527),0.862450 (0.782100 + 0.080350),0.866075 (0.784800 + 0.081275),0.866813 (0.785700 + 0.081113),0.856148 (0.775800 + 0.080348),0.857923 (0.776700 + 0.081223),0.864076 (0.783000 + 0.081076),0.872821 (0.792900 + 0.079921),0.858831 (0.778500 + 0.080331),0.858789 (0.778500 + 0.080289),0.866227 (0.785700 + 0.080527),0.854855 (0.774000 + 0.080855),0.872267 (0.792000 + 0.080267),0.873365 (0.792900 + 0.080465),0.857976 (0.777600 + 0.080376),0.852279 (0.772200 + 0.080079),0.873622 (0.792000 + 0.081622),0.868252 (0.787500 + 0.080752),0.854552 (0.773100 + 0.081452),0.867114 (0.786600 + 0.080514),0.854708 (0.774000 + 0.080708),0.861531 (0.780300 + 0.081231),0.871994 (0.791100 + 0.080894),0.851442 (0.770400 + 0.081042),0.864418 (0.783900 + 0.080518),0.857362 (0.776700 + 0.080662),0.859343 (0.778500 + 0.080843),0.865220 (0.783900 + 0.081320),0.874704 (0.793800 + 0.080904),0.856718 (0.775800 + 0.080918),0.865991 (0.785700 + 0.080291),0.854847 (0.774000 + 0.080847),0.850269 (0.769500 + 0.080769),0.860445 (0.780300 + 0.080145),0.874043 (0.792900 + 0.081143),0.874641 (0.793800 + 0.080841),0.879277 (0.798300 + 0.080977),0.868779 (0.787500 + 0.081279),0.873553 (0.792900 + 0.080653),0.865718 (0.785700 + 0.080018),0.866672 (0.785700 + 0.080972),0.869779 (0.789300 + 0.080479),0.855992 (0.775800 + 0.080192),0.857908 (0.776700 + 0.081208),0.864911 (0.783900 + 0.081011),0.856344 (0.774900 + 0.081444),0.859829 (0.779400 + 0.080429),0.852921 (0.772200 + 0.080721),0.864059 (0.783000 + 0.081059),0.867677 (0.787500 + 0.080177),0.859174 (0.778500 + 0.080674),0.863032 (0.782100 + 0.080932),0.875809 (0.795600 + 0.080209),0.860478 (0.779400 + 0.081078),0.870712 (0.790200 + 0.080512),0.861092 (0.779400 + 0.081692),0.862564 (0.781200 + 0.081364),0.864095 (0.783000 + 0.081095),0.846062 (0.765000 + 0.081062),0.863686 (0.782100 + 0.081586),0.857229 (0.776700 + 0.080529)
63,0.884114 (0.803700 + 0.080414),0.853443 (0.772200 + 0.081243),0.861563 (0.781200 + 0.080363),0.871522 (0.791100 + 0.080422),0.861043 (0.780300 + 0.080743),0.854044 (0.774000 + 0.080044),0.859343 (0.778500 + 0.080843),0.857531 (0.776700 + 0.080831),0.858855 (0.777600 + 0.081255),0.865262 (0.784800 + 0.080462),0.862002 (0.781200 + 0.080802),0.867475 (0.786600 + 0.080875),0.868873 (0.788400 + 0.080473),0.867175 (0.786600 + 0.080575),0.869781 (0.789300 + 0.080481),0.875971 (0.795600 + 0.080371),0.865220 (0.783900 + 0.081320),0.866684 (0.786600 + 0.080084),0.870171 (0.789300 + 0.080871),0.864270 (0.783000 + 0.081270),0.857182 (0.776700 + 0.080482),0.877032 (0.796500 + 0.080532),0.858104 (0.777600 + 0.080504),0.873399 (0.792000 + 0.081399),0.861029 (0.780300 + 0.080729),0.863428 (0.783000 + 0.080428),0.870291 (0.789300 + 0.080991),0.869926 (0.789300 + 0.080626),0.856758 (0.775800 + 0.080958),0.870499 (0.789300 + 0.081199),0.870983 (0.790200 + 0.080783),0.877901 (0.797400 + 0.080501),0.859707 (0.778500 + 0.081207),0.864421 (0.783900 + 0.080521),0.863005 (0.782100 + 0.080905),0.862686 (0.781200 + 0.081486),0.867672 (0.786600 + 0.081072),0.857206 (0.776700 + 0.080506),0.866660 (0.785700 + 0.080960),0.862412 (0.781200 + 0.081212),0.871520 (0.791100 + 0.080420),0.873622 (0.792000 + 0.081622),0.866227 (0.785700 + 0.080527),0.864988 (0.784800 + 0.080188),0.871317 (0.791100 + 0.080217),0.869123 (0.788400 + 0.080723),0.876603 (0.796500 + 0.080103),0.870339 (0.790200 + 0.080139),0.864594 (0.783900 + 0.080695),0.842275 (0.762300 + 0.079975),0.862324 (0.781200 + 0.081124),0.855820 (0.774900 + 0.080920),0.860800 (0.780300 + 0.080500),0.865854 (0.785700 + 0.080154),0.864874 (0.783900 + 0.080974),0.867416 (0.787500 + 0.079916),0.863466 (0.783000 + 0.080466),0.861613 (0.780300 + 0.081313),0.851350 (0.770400 + 0.080950),0.859427 (0.779400 + 0.080027),0.868105 (0.786600 + 0.081505),0.866873 (0.786600 + 0.080273),0.869285 (0.789300 + 0.079985),0.868361 (0.788400 + 0.079961),0.866981 (0.785700 + 0.081281),0.853195 (0.773100 + 0.080095),0.875543 (0.794700 + 0.080843),0.877135 (0.795600 + 0.081535),0.856578 (0.775800 + 0.080778),0.864972 (0.784800 + 0.080172),0.873493 (0.792900 + 0.080593),0.850212 (0.769500 + 0.080712),0.862198 (0.782100 + 0.080098),0.865555 (0.785700 + 0.079855),0.865014 (0.783900 + 0.081114),0.879241 (0.798300 + 0.080941),0.868779 (0.787500 + 0.081279),0.856670 (0.775800 + 0.080870),0.857923 (0.776700 + 0.081223),0.851379 (0.771300 + 0.080079),0.860022 (0.779400 + 0.080622),0.862501 (0.781200 + 0.081301),0.857337 (0.776700 + 0.080637),0.879271 (0.799200 + 0.080071),0.868161 (0.787500 + 0.080661),0.865735 (0.783900 + 0.081835),0.870204 (0.789300 + 0.080904),0.853023 (0.772200 + 0.080823),0.870544 (0.789300 + 0.081244),0.861977 (0.781200 + 0.080777),0.869384 (0.789300 + 0.080084),0.867092 (0.785700 + 0.081392),0.860251 (0.779400 + 0.080851),0.848897 (0.767700 + 0.081197),0.866345 (0.785700 + 0.080645),0.860144 (0.780300 + 0.079844),0.848453 (0.767700 + 0.080753),0.862452 (0.781200 + 0.081253),0.867775 (0.787500 + 0.080275),0.874089 (0.793800 + 0.080289)
64,0.884114 (0.803700 + 0.080414),0.872251 (0.792000 + 0.080251),0.855664 (0.774900 + 0.080764),0.858962 (0.777600 + 0.081362),0.863467 (0.782100 + 0.081367),0.862722 (0.782100 + 0.080621),0.869776 (0.788400 + 0.081376),0.877998 (0.797400 + 0.080598),0.879176 (0.798300 + 0.080876),0.870206 (0.790200 + 0.080006),0.862964 (0.783000 + 0.079964),0.854699 (0.774000 + 0.080699),0.865695 (0.783900 + 0.081795),0.860000 (0.779400 + 0.080600),0.854841 (0.774000 + 0.080841),0.859854 (0.779400 + 0.080454),0.870365 (0.790200 + 0.080165),0.865555 (0.785700 + 0.079855),0.859427 (0.779400 + 0.080027),0.872103 (0.791100 + 0.081003),0.859643 (0.778500 + 0.081143),0.853399 (0.772200 + 0.081199),0.875441 (0.795600 + 0.079841),0.869452 (0.788400 + 0.081052),0.873314 (0.792900 + 0.080414),0.850520 (0.770400 + 0.080120),0.869407 (0.788400 + 0.081007),0.871468 (0.791100 + 0.080368),0.860879 (0.779400 + 0.081479),0.866982 (0.785700 + 0.081282),0.860532 (0.780300 + 0.080232),0.851328 (0.771300 + 0.080028),0.871087 (0.791100 + 0.079987),0.867844 (0.787500 + 0.080344),0.876199 (0.795600 + 0.080599),0.873375 (0.792900 + 0.080475),0.851133 (0.771300 + 0.079833),0.872291 (0.791100 + 0.081191),0.868683 (0.788400 + 0.080283),0.864720 (0.783900 + 0.080820),0.857732 (0.776700 + 0.081032),0.877062 (0.795600 + 0.081462),0.857096 (0.775800 + 0.081296),0.868088 (0.787500 + 0.080588),0.873062 (0.792000 + 0.081062),0.864154 (0.783900 + 0.080254),0.870375 (0.790200 + 0.080175),0.871714 (0.791100 + 0.080614),0.877154 (0.797400 + 0.079754),0.862370 (0.781200 + 0.081170),0.877037 (0.796500 + 0.080537),0.869845 (0.789300 + 0.080545),0.874177 (0.793800 + 0.080377),0.865006 (0.783900 + 0.081106),0.849633 (0.769500 + 0.080133),0.870171 (0.789300 + 0.080871),0.866684 (0.786600 + 0.080084),0.867092 (0.785700 + 0.081392),0.848453 (0.767700 + 0.080753),0.859497 (0.779400 + 0.080097),0.857844 (0.777600 + 0.080244),0.871434 (0.791100 + 0.080334),0.868562 (0.788400 + 0.080162),0.862147 (0.782100 + 0.080047),0.868949 (0.788400 + 0.080549),0.862802 (0.782100 + 0.080702),0.854098 (0.774000 + 0.080098),0.870621 (0.789300 + 0.081321),0.864678 (0.783900 + 0.080778),0.859858 (0.779400 + 0.080458),0.862091 (0.782100 + 0.079991),0.863806 (0.783900 + 0.079906),0.857067 (0.776700 + 0.080367),0.859730 (0.779400 + 0.080330),0.858135 (0.777600 + 0.080535),0.861966 (0.782100 + 0.079866),0.881039 (0.800100 + 0.080939),0.855131 (0.774000 + 0.081131),0.868910 (0.788400 + 0.080510),0.873620 (0.792900 + 0.080720),0.866710 (0.786600 + 0.080110),0.864642 (0.783000 + 0.081642),0.862804 (0.781200 + 0.081604),0.874615 (0.793800 + 0.080815),0.856868 (0.776700 + 0.080168),0.852572 (0.772200 + 0.080372),0.870717 (0.790200 + 0.080517),0.860318 (0.778500 + 0.081818),0.872559 (0.791100 + 0.081459),0.857238 (0.775800 + 0.081438),0.864674 (0.783900 + 0.080774),0.854458 (0.774000 + 0.080458),0.870850 (0.790200 + 0.080650),0.867100 (0.785700 + 0.081400),0.861065 (0.780300 + 0.080765),0.867259 (0.786600 + 0.080659),0.864760 (0.784800 + 0.079960),0.868717 (0.788400 + 0.080317),0.865344 (0.784800 + 0.080544),0.872330 (0.791100 + 0.081230)
65,0.884114 (0.803700 + 0.080414),0.860938 (0.780300 + 0.080638),0.854365 (0.773100 + 0.081265),0.860793 (0.780300 + 0.080493),0.858250 (0.777600 + 0.080650),0.868762 (0.788400 + 0.080362),0.867146 (0.786600 + 0.080546),0.872138 (0.792000 + 0.080138),0.870443 (0.790200 + 0.080243),0.859033 (0.778500 + 0.080533),0.865368 (0.783900 + 0.081468),0.873534 (0.792900 + 0.080634),0.866415 (0.784800 + 0.081615),0.865793 (0.784800 + 0.080993),0.859086 (0.778500 + 0.080586),0.868245 (0.787500 + 0.080745),0.872849 (0.792000 + 0.080849),0.859677 (0.779400 + 0.080277),0.879522 (0.799200 + 0.080322),0.873017 (0.792900 + 0.080117),0.869282 (0.788400 + 0.080882),0.878291 (0.798300 + 0.079991),0.860413 (0.779400 + 0.081013),0.858279 (0.777600 + 0.080679),0.878507 (0.798300 + 0.080207),0.878467 (0.797400 + 0.081067),0.867017 (0.786600 + 0.080417),0.862994 (0.783000 + 0.079994),0.873077 (0.792900 + 0.080177),0.872936 (0.792000 + 0.080936),0.880900 (0.801000 + 0.079900),0.874177 (0.793800 + 0.080377),0.872103 (0.791100 + 0.081003),0.872579 (0.792000 + 0.080579),0.854150 (0.773100 + 0.081050),0.864901 (0.784800 + 0.080101),0.860647 (0.780300 + 0.080348),0.867428 (0.786600 + 0.080828),0.864724 (0.783900 + 0.080824),0.870134 (0.789300 + 0.080834),0.867950 (0.788400 + 0.079550),0.858594 (0.777600 + 0.080994),0.866835 (0.786600 + 0.080235),0.864734 (0.783900 + 0.080834),0.869116 (0.788400 + 0.080716),0.873375 (0.792900 + 0.080475),0.871062 (0.790200 + 0.080862),0.858472 (0.776700 + 0.081772),0.865056 (0.783900 + 0.081156),0.867738 (0.786600 + 0.081138),0.854917 (0.774000 + 0.080917),0.866556 (0.785700 + 0.080856),0.868611 (0.788400 + 0.080211),0.863130 (0.783000 + 0.080130),0.877190 (0.796500 + 0.080690),0.872213 (0.792000 + 0.080213),0.872739 (0.792000 + 0.080739),0.868108 (0.787500 + 0.080608),0.871394 (0.791100 + 0.080294),0.864700 (0.784800 + 0.079901),0.862609 (0.782100 + 0.080509),0.862143 (0.782100 + 0.080043),0.859907 (0.778500 + 0.081407),0.866918 (0.786600 + 0.080318),0.857629 (0.777600 + 0.080029),0.867233 (0.786600 + 0.080633),0.863436 (0.782100 + 0.081336),0.870920 (0.790200 + 0.080720),0.861523 (0.781200 + 0.080323),0.870480 (0.790200 + 0.080280),0.863750 (0.783000 + 0.080750),0.857321 (0.776700 + 0.080621),0.865991 (0.785700 + 0.080291),0.864983 (0.783900 + 0.081083),0.858129 (0.777600 + 0.080529),0.874751 (0.794700 + 0.080051),0.864136 (0.783900 + 0.080236),0.869306 (0.788400 + 0.080906),0.868120 (0.788400 + 0.079720),0.863028 (0.782100 + 0.080928),0.875434 (0.794700 + 0.080734),0.876605 (0.796500 + 0.080105),0.871745 (0.791100 + 0.080646),0.868445 (0.788400 + 0.080045),0.858234 (0.777600 + 0.080634),0.871208 (0.790200 + 0.081008),0.862714 (0.781200 + 0.081514),0.868851 (0.788400 + 0.080451),0.867100 (0.787500 + 0.079600),0.873243 (0.792900 + 0.080343),0.874930 (0.794700 + 0.080230),0.862179 (0.781200 + 0.080979),0.860204 (0.780300 + 0.079904),0.873620 (0.792900 + 0.080720),0.869452 (0.788400 + 0.081052),0.860236 (0.780300 + 0.079936),0.863403 (0.783000 + 0.080403),0.863138 (0.782100 + 0.081038),0.867385 (0.786600 + 0.080785),0.874693 (0.793800 + 0.080893)
66,0.884114 (0.803700 + 0.080414),0.864799 (0.784800 + 0.079999),0.871739 (0.791100 + 0.080639),0.865312 (0.784800 + 0.080512),0.866243 (0.785700 + 0.080543),0.858486 (0.778500 + 0.079986),0.853589 (0.772200 + 0.081389),0.853071 (0.772200 + 0.080871),0.861559 (0.781200 + 0.080359),0.868253 (0.788400 + 0.079853),0.872148 (0.792000 + 0.080148),0.876585 (0.796500 + 0.080085),0.870914 (0.790200 + 0.080714),0.865598 (0.785700 + 0.079898),0.869142 (0.789300 + 0.079842),0.867843 (0.786600 + 0.081243),0.858989 (0.778500 + 0.080489),0.855727 (0.775800 + 0.079927),0.866454 (0.786600 + 0.079854),0.873375 (0.792900 + 0.080475),0.872638 (0.792000 + 0.080638),0.861472 (0.780300 + 0.081172),0.855229 (0.774900 + 0.080329),0.863224 (0.783000 + 0.080224),0.874245 (0.793800 + 0.080445),0.874071 (0.793800 + 0.080271),0.862311 (0.781200 + 0.081111),0.864660 (0.783900 + 0.080760),0.864918 (0.784800 + 0.080118),0.863552 (0.782100 + 0.081452),0.861895 (0.781200 + 0.080695),0.859929 (0.779400 + 0.080529),0.871185 (0.790200 + 0.080985),0.858699 (0.777600 + 0.081099),0.867993 (0.787500 + 0.080493),0.871901 (0.792000 + 0.079901),0.868151 (0.787500 + 0.080651),0.878507 (0.798300 + 0.080207),0.878507 (0.798300 + 0.080207),0.871783 (0.791100 + 0.080683),0.856879 (0.775800 + 0.081079),0.866359 (0.785700 + 0.080659),0.855531 (0.774900 + 0.080631),0.867609 (0.786600 + 0.081009),0.869331 (0.789300 + 0.080031),0.860503 (0.780300 + 0.080203),0.864123 (0.783900 + 0.080223),0.852226 (0.771300 + 0.080926),0.869997 (0.790200 + 0.079797),0.860145 (0.780300 + 0.079845),0.849903 (0.768600 + 0.081303),0.863117 (0.782100 + 0.081016),0.858291 (0.778500 + 0.079791),0.870882 (0.791100 + 0.079782),0.870234 (0.789300 + 0.080934),0.869783 (0.789300 + 0.080483),0.854661 (0.774000 + 0.080661),0.866271 (0.785700 + 0.080571),0.868631 (0.788400 + 0.080231),0.866160 (0.785700 + 0.080460),0.871231 (0.791100 + 0.080131),0.874472 (0.794700 + 0.079772),0.874974 (0.794700 + 0.080274),0.855852 (0.775800 + 0.080052),0.857724 (0.776700 + 0.081024),0.857081 (0.776700 + 0.080381),0.873949 (0.793800 + 0.080149),0.873243 (0.792900 + 0.080343),0.873017 (0.792900 + 0.080117),0.857490 (0.776700 + 0.080790),0.876901 (0.796500 + 0.080401),0.863269 (0.783000 + 0.080269),0.866242 (0.785700 + 0.080542),0.870929 (0.791100 + 0.079829),0.867713 (0.786600 + 0.081113),0.868700 (0.787500 + 0.081200),0.859744 (0.779400 + 0.080344),0.868540 (0.787500 + 0.081040),0.866254 (0.785700 + 0.080554),0.865492 (0.785700 + 0.079792),0.856258 (0.775800 + 0.080458),0.854632 (0.774000 + 0.080632),0.859551 (0.778500 + 0.081051),0.863581 (0.783000 + 0.080581),0.865509 (0.784800 + 0.080709),0.864933 (0.784800 + 0.080133),0.867437 (0.786600 + 0.080837),0.865276 (0.784800 + 0.080476),0.871416 (0.791100 + 0.080316),0.881607 (0.801000 + 0.080607),0.862714 (0.781200 + 0.081514),0.866924 (0.786600 + 0.080324),0.867113 (0.786600 + 0.080513),0.877190 (0.796500 + 0.080690),0.866299 (0.785700 + 0.080599),0.852815 (0.772200 + 0.080615),0.859018 (0.778500 + 0.080518),0.882263 (0.801900 + 0.080363),0.871053 (0.791100 + 0.079953),0.859214 (0.778500 + 0.080714)
67,0.884114 (0.803700 + 0.080414),0.870576 (0.791100 + 0.079476),0.865186 (0.784800 + 0.080386),0.869783 (0.789300 + 0.080483),0.874103 (0.793800 + 0.080303),0.877470 (0.797400 + 0.080070),0.873569 (0.792900 + 0.080669),0.864225 (0.783900 + 0.080325),0.853595 (0.773100 + 0.080495),0.864012 (0.783000 + 0.081012),0.867116 (0.786600 + 0.080516),0.863429 (0.783000 + 0.080429),0.863688 (0.783000 + 0.080688),0.872214 (0.792000 + 0.080214),0.874974 (0.793800 + 0.081174),0.865943 (0.785700 + 0.080243),0.870962 (0.791100 + 0.079862),0.861128 (0.781200 + 0.079928),0.862400 (0.782100 + 0.080300),0.866861 (0.786600 + 0.080261),0.878660 (0.799200 + 0.079460),0.867993 (0.787500 + 0.080493),0.863581 (0.783000 + 0.080581),0.866012 (0.785700 + 0.080311),0.867565 (0.787500 + 0.080065),0.864378 (0.784800 + 0.079578),0.873851 (0.793800 + 0.080051),0.873340 (0.792900 + 0.080440),0.869698 (0.789300 + 0.080398),0.867249 (0.786600 + 0.080649),0.850385 (0.770400 + 0.079985),0.871754 (0.791100 + 0.080654),0.871639 (0.791100 + 0.080539),0.873433 (0.792900 + 0.080533),0.866299 (0.785700 + 0.080599),0.866066 (0.785700 + 0.080365),0.867396 (0.786600 + 0.080796),0.872882 (0.792900 + 0.079982),0.870129 (0.790200 + 0.079929),0.868173 (0.788400 + 0.079773),0.867738 (0.787500 + 0.080238),0.865346 (0.785700 + 0.079646),0.868524 (0.787500 + 0.081024),0.878507 (0.798300 + 0.080207),0.866160 (0.785700 + 0.080460),0.858588 (0.778500 + 0.080088),0.877438 (0.797400 + 0.080038),0.874893 (0.794700 + 0.080193),0.871762 (0.792000 + 0.079762),0.875420 (0.794700 + 0.080720),0.873313 (0.792900 + 0.080413),0.870121 (0.790200 + 0.079921),0.869703 (0.790200 + 0.079503),0.868459 (0.788400 + 0.080059),0.872243 (0.792000 + 0.080243),0.860571 (0.780300 + 0.080271),0.874036 (0.793800 + 0.080236),0.864558 (0.783900 + 0.080658),0.860990 (0.781200 + 0.079791),0.872638 (0.792000 + 0.080638),0.869997 (0.790200 + 0.079797),0.859361 (0.779400 + 0.079961),0.854266 (0.774000 + 0.080266),0.869567 (0.789300 + 0.080267),0.873074 (0.792900 + 0.080174),0.866750 (0.785700 + 0.081050),0.865027 (0.783900 + 0.081127),0.872638 (0.792000 + 0.080638),0.867843 (0.786600 + 0.081243),0.853550 (0.772200 + 0.081350),0.874045 (0.793800 + 0.080245),0.860316 (0.780300 + 0.080016),0.869015 (0.788400 + 0.080615),0.863001 (0.782100 + 0.080901),0.861096 (0.781200 + 0.079896),0.869072 (0.789300 + 0.079772),0.874789 (0.793800 + 0.080989),0.881321 (0.801000 + 0.080321),0.856198 (0.775800 + 0.080398),0.871822 (0.792000 + 0.079822),0.870206 (0.790200 + 0.080006),0.872023 (0.791100 + 0.080923),0.864336 (0.783900 + 0.080436),0.859797 (0.779400 + 0.080397),0.868906 (0.788400 + 0.080507),0.862495 (0.781200 + 0.081295),0.851933 (0.772200 + 0.079733),0.873550 (0.792900 + 0.080650),0.869010 (0.788400 + 0.080610),0.876792 (0.796500 + 0.080293),0.873148 (0.792900 + 0.080248),0.868540 (0.787500 + 0.081040),0.874086 (0.793800 + 0.080286),0.862830 (0.783000 + 0.079830),0.863257 (0.783000 + 0.080257),0.869586 (0.789300 + 0.080286),0.868252 (0.788400 + 0.079852),0.869011 (0.788400 + 0.080611),0.865502 (0.784800 + 0.080702),0.870119 (0.790200 + 0.079919)
68,0.884114 (0.803700 + 0.080414),0.872584 (0.792000 + 0.080584),0.863541 (0.783000 + 0.080541),0.864104 (0.783900 + 0.080204),0.871443 (0.791100 + 0.080343),0.876188 (0.796500 + 0.079688),0.861003 (0.781200 + 0.079803),0.851465 (0.771300 + 0.080165),0.863070 (0.783000 + 0.080070),0.864976 (0.784800 + 0.080176),0.865452 (0.784800 + 0.080652),0.865470 (0.785700 + 0.079770),0.865504 (0.785700 + 0.079804),0.870129 (0.790200 + 0.079929),0.870129 (0.790200 + 0.079929),0.864908 (0.784800 + 0.080108),0.866302 (0.785700 + 0.080602),0.863855 (0.783900 + 0.079955),0.864039 (0.783900 + 0.080139),0.865792 (0.785700 + 0.080092),0.869297 (0.789300 + 0.079997),0.857472 (0.777600 + 0.079872),0.860170 (0.779400 + 0.080770),0.858287 (0.778500 + 0.079787),0.864432 (0.783900 + 0.080532),0.869396 (0.789300 + 0.080096),0.867719 (0.787500 + 0.080219),0.876602 (0.796500 + 0.080102),0.861817 (0.782100 + 0.079717),0.882794 (0.801900 + 0.080894),0.872713 (0.792900 + 0.079813),0.872592 (0.792900 + 0.079692),0.874148 (0.793800 + 0.080348),0.864886 (0.784800 + 0.080086),0.853492 (0.773100 + 0.080392),0.870228 (0.790200 + 0.080028),0.862825 (0.782100 + 0.080725),0.859666 (0.779400 + 0.080266),0.868979 (0.788400 + 0.080579),0.855182 (0.774900 + 0.080282),0.869835 (0.789300 + 0.080535),0.869788 (0.789300 + 0.080488),0.858658 (0.778500 + 0.080158),0.867491 (0.787500 + 0.079991),0.859189 (0.778500 + 0.080689),0.868370 (0.787500 + 0.080870),0.876405 (0.796500 + 0.079905),0.867779 (0.787500 + 0.080279),0.859903 (0.779400 + 0.080503),0.864213 (0.783900 + 0.080313),0.884000 (0.803700 + 0.080300),0.869010 (0.788400 + 0.080610),0.869783 (0.789300 + 0.080483),0.871814 (0.791100 + 0.080714),0.868046 (0.787500 + 0.080546),0.861438 (0.782100 + 0.079338),0.867759 (0.787500 + 0.080259),0.866073 (0.785700 + 0.080373),0.867577 (0.787500 + 0.080077),0.872906 (0.792000 + 0.080906),0.869829 (0.789300 + 0.080529),0.858645 (0.777600 + 0.081045),0.871822 (0.792000 + 0.079822),0.868565 (0.788400 + 0.080165),0.872663 (0.792000 + 0.080663),0.856234 (0.775800 + 0.080434),0.873962 (0.793800 + 0.080162),0.868395 (0.788400 + 0.079995),0.873416 (0.792900 + 0.080516),0.875314 (0.795600 + 0.079714),0.869569 (0.789300 + 0.080270),0.844816 (0.764100 + 0.080716),0.873192 (0.792900 + 0.080292),0.861379 (0.781200 + 0.080179),0.856653 (0.775800 + 0.080853),0.875253 (0.795600 + 0.079654),0.871596 (0.791100 + 0.080496),0.868312 (0.788400 + 0.079912),0.868071 (0.787500 + 0.080571),0.872882 (0.792900 + 0.079982),0.872604 (0.792000 + 0.080604),0.864922 (0.784800 + 0.080122),0.854323 (0.773100 + 0.081223),0.865888 (0.785700 + 0.080188),0.875496 (0.794700 + 0.080796),0.870939 (0.791100 + 0.079839),0.875018 (0.794700 + 0.080318),0.872608 (0.792000 + 0.080608),0.872240 (0.792000 + 0.080240),0.857493 (0.776700 + 0.080793),0.864398 (0.783900 + 0.080498),0.874789 (0.793800 + 0.080989),0.869010 (0.788400 + 0.080610),0.862599 (0.782100 + 0.080499),0.854805 (0.774000 + 0.080806),0.861020 (0.781200 + 0.079820),0.869178 (0.789300 + 0.079878),0.868020 (0.787500 + 0.080520),0.873768 (0.793800 + 0.079968),0.868221 (0.788400 + 0.079821)
69,0.884114 (0.803700 + 0.080414),0.868604 (0.788400 + 0.080204),0.869202 (0.789300 + 0.079902),0.865975 (0.785700 + 0.080275),0.866525 (0.786600 + 0.079925),0.875996 (0.795600 + 0.080396),0.872906 (0.792000 + 0.080906),0.867638 (0.787500 + 0.080138),0.860620 (0.780300 + 0.080320),0.873985 (0.793800 + 0.080185),0.857288 (0.777600 + 0.079688),0.879094 (0.798300 + 0.080794),0.870219 (0.790200 + 0.080019),0.865982 (0.785700 + 0.080282),0.866052 (0.785700 + 0.080352),0.863762 (0.783900 + 0.079862),0.866643 (0.785700 + 0.080943),0.875912 (0.795600 + 0.080312),0.849286 (0.768600 + 0.080686),0.873012 (0.793800 + 0.079212),0.862928 (0.783000 + 0.079928),0.868016 (0.787500 + 0.080516),0.862052 (0.781200 + 0.080852),0.870878 (0.791100 + 0.079778),0.870656 (0.790200 + 0.080456),0.869617 (0.789300 + 0.080317),0.872190 (0.792000 + 0.080190),0.871185 (0.791100 + 0.080085),0.861787 (0.781200 + 0.080588),0.874148 (0.793800 + 0.080348),0.868979 (0.788400 + 0.080579),0.860581 (0.780300 + 0.080281),0.875174 (0.795600 + 0.079574),0.862836 (0.783000 + 0.079836),0.869550 (0.788400 + 0.081150),0.872793 (0.792900 + 0.079893),0.866541 (0.786600 + 0.079941),0.873981 (0.793800 + 0.080181),0.855523 (0.775800 + 0.079723),0.877310 (0.796500 + 0.080810),0.857308 (0.776700 + 0.080608),0.873768 (0.793800 + 0.079968),0.871443 (0.791100 + 0.080343),0.857885 (0.777600 + 0.080285),0.860544 (0.780300 + 0.080244),0.866333 (0.786600 + 0.079733),0.858608 (0.778500 + 0.080108),0.862527 (0.783000 + 0.079528),0.861201 (0.781200 + 0.080001),0.865601 (0.785700 + 0.079901),0.864397 (0.783900 + 0.080497),0.867379 (0.787500 + 0.079879),0.867350 (0.787500 + 0.079850),0.862943 (0.782100 + 0.080843),0.872646 (0.792000 + 0.080646),0.877597 (0.797400 + 0.080197),0.868861 (0.788400 + 0.080461),0.865254 (0.784800 + 0.080454),0.867701 (0.787500 + 0.080201),0.877572 (0.797400 + 0.080172),0.867532 (0.787500 + 0.080032),0.869887 (0.789300 + 0.080587),0.867182 (0.786600 + 0.080582),0.869900 (0.789300 + 0.080600),0.871822 (0.791100 + 0.080722),0.873724 (0.793800 + 0.079924),0.853637 (0.773100 + 0.080537),0.865304 (0.784800 + 0.080504),0.863739 (0.783900 + 0.079839),0.856311 (0.776700 + 0.079611),0.871912 (0.792000 + 0.079912),0.869164 (0.788400 + 0.080764),0.869014 (0.789300 + 0.079714),0.863910 (0.783900 + 0.080010),0.862928 (0.783000 + 0.079928),0.867645 (0.787500 + 0.080145),0.872268 (0.792000 + 0.080268),0.855907 (0.775800 + 0.080107),0.866003 (0.785700 + 0.080303),0.852488 (0.772200 + 0.080288),0.871820 (0.792000 + 0.079820),0.867156 (0.786600 + 0.080556),0.867165 (0.787500 + 0.079665),0.867922 (0.787500 + 0.080422),0.870975 (0.790200 + 0.080775),0.859985 (0.780300 + 0.079685),0.872853 (0.792000 + 0.080853),0.873972 (0.793800 + 0.080172),0.884777 (0.803700 + 0.081077),0.868425 (0.788400 + 0.080025),0.883515 (0.803700 + 0.079815),0.866790 (0.786600 + 0.080190),0.867931 (0.787500 + 0.080431),0.861465 (0.781200 + 0.080265),0.868778 (0.788400 + 0.080378),0.873228 (0.792900 + 0.080328),0.868903 (0.789300 + 0.079603),0.870506 (0.790200 + 0.080306),0.865559 (0.784800 + 0.080759),0.868456 (0.788400 + 0.080056)
70,0.884777 (0.803700 + 0.081077),0.867720 (0.787500 + 0.080220),0.860042 (0.780300 + 0.079742),0.859551 (0.780300 + 0.079251),0.856685 (0.776700 + 0.079985),0.863197 (0.783000 + 0.080197),0.872221 (0.792000 + 0.080221),0.875996 (0.795600 + 0.080396),0.871912 (0.792000 + 0.079912),0.865559 (0.784800 + 0.080759),0.880724 (0.801000 + 0.079724),0.867314 (0.787500 + 0.079814),0.863611 (0.783900 + 0.079711),0.873294 (0.792900 + 0.080394),0.861407 (0.781200 + 0.080207),0.876606 (0.796500 + 0.080106),0.853094 (0.773100 + 0.079994),0.873926 (0.792900 + 0.081026),0.869086 (0.789300 + 0.079786),0.864618 (0.784800 + 0.079818),0.865494 (0.785700 + 0.079794),0.871762 (0.791100 + 0.080662),0.870273 (0.789300 + 0.080973),0.867604 (0.787500 + 0.080104),0.847619 (0.767700 + 0.079919),0.873535 (0.793800 + 0.079735),0.876130 (0.795600 + 0.080530),0.878065 (0.797400 + 0.080665),0.880260 (0.799200 + 0.081060),0.872462 (0.792900 + 0.079562),0.861944 (0.782100 + 0.079844),0.871958 (0.792000 + 0.079958),0.863001 (0.783000 + 0.080001),0.868775 (0.788400 + 0.080375),0.860289 (0.780300 + 0.079989),0.862901 (0.783000 + 0.079901),0.870175 (0.790200 + 0.079975),0.871968 (0.791100 + 0.080868),0.855907 (0.775800 + 0.080107),0.877312 (0.796500 + 0.080812),0.872930 (0.792000 + 0.080930),0.869914 (0.790200 + 0.079714),0.870397 (0.789300 + 0.081097),0.879094 (0.798300 + 0.080794),0.865601 (0.785700 + 0.079901),0.875277 (0.794700 + 0.080577),0.860431 (0.780300 + 0.080131),0.854935 (0.774900 + 0.080035),0.872736 (0.792900 + 0.079836),0.858568 (0.778500 + 0.080068),0.867339 (0.787500 + 0.079839),0.862599 (0.782100 + 0.080499),0.852341 (0.772200 + 0.080141),0.864226 (0.783900 + 0.080326),0.869578 (0.789300 + 0.080278),0.874077 (0.793800 + 0.080277),0.868306 (0.788400 + 0.079906),0.872882 (0.792900 + 0.079982),0.856655 (0.776700 + 0.079955),0.864561 (0.784800 + 0.079761),0.862615 (0.782100 + 0.080515),0.870425 (0.789300 + 0.081125),0.866588 (0.786600 + 0.079988),0.871261 (0.791100 + 0.080161),0.865666 (0.785700 + 0.079966),0.870116 (0.790200 + 0.079916),0.857794 (0.777600 + 0.080194),0.859721 (0.779400 + 0.080321),0.873353 (0.792900 + 0.080453),0.865678 (0.784800 + 0.080878),0.878875 (0.798300 + 0.080575),0.869927 (0.790200 + 0.079727),0.874720 (0.794700 + 0.080020),0.862792 (0.783000 + 0.079792),0.874943 (0.794700 + 0.080243),0.876834 (0.796500 + 0.080334),0.877248 (0.796500 + 0.080748),0.875836 (0.795600 + 0.080236),0.867539 (0.787500 + 0.080040),0.876363 (0.795600 + 0.080763),0.871850 (0.791100 + 0.080750),0.870430 (0.790200 + 0.080230),0.864870 (0.783900 + 0.080970),0.868992 (0.789300 + 0.079692),0.867287 (0.787500 + 0.079787),0.864708 (0.784800 + 0.079908),0.863268 (0.783000 + 0.080268),0.857643 (0.777600 + 0.080043),0.867874 (0.787500 + 0.080374),0.868004 (0.788400 + 0.079604),0.866382 (0.786600 + 0.079782),0.874032 (0.792900 + 0.081132),0.870614 (0.791100 + 0.079515),0.865223 (0.783900 + 0.081323),0.867220 (0.787500 + 0.079720),0.863787 (0.783900 + 0.079887),0.866778 (0.786600 + 0.080178),0.874148 (0.793800 + 0.080348),0.852612 (0.772200 + 0.080412),0.857975 (0.777600 + 0.080375)
71,0.884777 (0.803700 + 0.081077),0.874184 (0.793800 + 0.080384),0.856677 (0.776700 + 0.079977),0.869682 (0.789300 + 0.080382),0.868806 (0.789300 + 0.079506),0.860386 (0.780300 + 0.080086),0.874702 (0.794700 + 0.080002),0.874135 (0.793800 + 0.080335),0.864538 (0.783900 + 0.080638),0.874877 (0.794700 + 0.080177),0.880651 (0.800100 + 0.080551),0.875235 (0.794700 + 0.080535),0.876636 (0.796500 + 0.080136),0.866786 (0.786600 + 0.080186),0.846533 (0.766800 + 0.079734),0.864794 (0.784800 + 0.079994),0.867047 (0.786600 + 0.080447),0.865628 (0.785700 + 0.079928),0.867332 (0.787500 + 0.079833),0.866607 (0.786600 + 0.080007),0.868443 (0.787500 + 0.080943),0.863725 (0.783000 + 0.080725),0.861825 (0.781200 + 0.080625),0.878776 (0.798300 + 0.080476),0.871591 (0.791100 + 0.080491),0.868247 (0.787500 + 0.080747),0.867688 (0.787500 + 0.080188),0.867314 (0.787500 + 0.079814),0.862599 (0.782100 + 0.080499),0.857583 (0.777600 + 0.079983),0.859088 (0.779400 + 0.079688),0.873577 (0.793800 + 0.079778),0.871145 (0.790200 + 0.080945),0.874982 (0.794700 + 0.080282),0.866044 (0.785700 + 0.080344),0.869192 (0.789300 + 0.079892),0.873107 (0.792000 + 0.081107),0.878065 (0.797400 + 0.080665),0.865601 (0.785700 + 0.079901),0.862828 (0.783000 + 0.079828),0.873945 (0.793800 + 0.080145),0.872736 (0.792900 + 0.079836),0.866471 (0.786600 + 0.079871),0.866184 (0.785700 + 0.080484),0.863818 (0.783900 + 0.079918),0.867855 (0.787500 + 0.080355),0.861038 (0.781200 + 0.079838),0.854342 (0.774000 + 0.080342),0.858005 (0.777600 + 0.080405),0.867688 (0.787500 + 0.080188),0.869199 (0.788400 + 0.080799),0.859593 (0.779400 + 0.080193),0.849018 (0.769500 + 0.079518),0.862069 (0.782100 + 0.079969),0.863441 (0.783900 + 0.079541),0.873353 (0.792900 + 0.080453),0.870430 (0.790200 + 0.080230),0.868263 (0.788400 + 0.079863),0.854966 (0.774900 + 0.080066),0.870144 (0.790200 + 0.079944),0.860393 (0.780300 + 0.080093),0.875966 (0.795600 + 0.080366),0.868493 (0.788400 + 0.080093),0.875626 (0.795600 + 0.080026),0.864226 (0.783900 + 0.080326),0.884777 (0.803700 + 0.081077),0.877622 (0.797400 + 0.080222),0.868535 (0.788400 + 0.080135),0.853990 (0.774000 + 0.079990),0.874209 (0.793800 + 0.080409),0.872927 (0.792900 + 0.080027),0.860877 (0.780300 + 0.080577),0.861179 (0.781200 + 0.079979),0.870296 (0.790200 + 0.080096),0.864400 (0.783900 + 0.080500),0.877094 (0.797400 + 0.079694),0.860125 (0.780300 + 0.079825),0.877544 (0.797400 + 0.080144),0.874109 (0.793800 + 0.080309),0.868023 (0.787500 + 0.080524),0.862551 (0.782100 + 0.080451),0.877460 (0.797400 + 0.080060),0.872917 (0.792900 + 0.080017),0.876492 (0.796500 + 0.079992),0.868496 (0.788400 + 0.080096),0.869374 (0.788400 + 0.080974),0.862818 (0.783000 + 0.079818),0.866378 (0.786600 + 0.079778),0.870873 (0.790200 + 0.080673),0.856181 (0.775800 + 0.080381),0.869934 (0.790200 + 0.079734),0.867939 (0.787500 + 0.080439),0.879176 (0.799200 + 0.079976),0.873918 (0.792900 + 0.081018),0.863756 (0.783900 + 0.079856),0.877312 (0.796500 + 0.080812),0.863334 (0.782100 + 0.081234),0.871175 (0.791100 + 0.080075),0.866076 (0.786600 + 0.079475),0.872738 (0.792900 + 0.079838)
72,0.884777 (0.803700 + 0.081077),0.879176 (0.799200 + 0.079976),0.877094 (0.797400 + 0.079694),0.873700 (0.793800 + 0.079900),0.867529 (0.787500 + 0.080029),0.863734 (0.783900 + 0.079834),0.868230 (0.787500 + 0.080730),0.868899 (0.788400 + 0.080499),0.880437 (0.800100 + 0.080337),0.870523 (0.790200 + 0.080323),0.866723 (0.786600 + 0.080123),0.865564 (0.784800 + 0.080764),0.866335 (0.786600 + 0.079735),0.868065 (0.787500 + 0.080565),0.869403 (0.788400 + 0.081003),0.870300 (0.790200 + 0.080100),0.868553 (0.787500 + 0.081053),0.857383 (0.777600 + 0.079783),0.875855 (0.795600 + 0.080255),0.879359 (0.798300 + 0.081059),0.862377 (0.782100 + 0.080277),0.872615 (0.792000 + 0.080615),0.861505 (0.781200 + 0.080305),0.871853 (0.791100 + 0.080753),0.862152 (0.782100 + 0.080052),0.876868 (0.796500 + 0.080368),0.859268 (0.779400 + 0.079868),0.862047 (0.782100 + 0.079947),0.861391 (0.781200 + 0.080191),0.858301 (0.778500 + 0.079801),0.873034 (0.792900 + 0.080134),0.856910 (0.776700 + 0.080210),0.872058 (0.792000 + 0.080058),0.871924 (0.792000 + 0.079924),0.872549 (0.792000 + 0.080549),0.868650 (0.788400 + 0.080250),0.874377 (0.794700 + 0.079678),0.869985 (0.789300 + 0.080685),0.876954 (0.796500 + 0.080454),0.865509 (0.785700 + 0.079809),0.861037 (0.781200 + 0.079837),0.878776 (0.798300 + 0.080476),0.877460 (0.797400 + 0.080060),0.873077 (0.792900 + 0.080177),0.867855 (0.787500 + 0.080355),0.867448 (0.787500 + 0.079948),0.861711 (0.781200 + 0.080511),0.870642 (0.790200 + 0.080442),0.872893 (0.792000 + 0.080893),0.864722 (0.784800 + 0.079922),0.862808 (0.782100 + 0.080708),0.864465 (0.784800 + 0.079665),0.864634 (0.784800 + 0.079834),0.862381 (0.783000 + 0.079381),0.864798 (0.784800 + 0.079998),0.873353 (0.792900 + 0.080453),0.868263 (0.788400 + 0.079863),0.856788 (0.776700 + 0.080088),0.872190 (0.792000 + 0.080190),0.860486 (0.780300 + 0.080186),0.860463 (0.780300 + 0.080163),0.868948 (0.788400 + 0.080548),0.861710 (0.781200 + 0.080510),0.870167 (0.790200 + 0.079967),0.859306 (0.779400 + 0.079906),0.866715 (0.786600 + 0.080115),0.862328 (0.782100 + 0.080228),0.866015 (0.785700 + 0.080315),0.848410 (0.768600 + 0.079810),0.867785 (0.786600 + 0.081185),0.859667 (0.779400 + 0.080267),0.865211 (0.785700 + 0.079511),0.858544 (0.778500 + 0.080044),0.867238 (0.787500 + 0.079738),0.846684 (0.765900 + 0.080784),0.868743 (0.788400 + 0.080343),0.854452 (0.774000 + 0.080452),0.868999 (0.788400 + 0.080599),0.850740 (0.770400 + 0.080340),0.861397 (0.781200 + 0.080197),0.878265 (0.798300 + 0.079965),0.878353 (0.798300 + 0.080053),0.871809 (0.792000 + 0.079809),0.860247 (0.780300 + 0.079947),0.869021 (0.789300 + 0.079721),0.858338 (0.778500 + 0.079838),0.883804 (0.802800 + 0.081004),0.861656 (0.781200 + 0.080456),0.868430 (0.787500 + 0.080930),0.874014 (0.793800 + 0.080214),0.867242 (0.786600 + 0.080642),0.862148 (0.782100 + 0.080048),0.879055 (0.798300 + 0.080755),0.880268 (0.800100 + 0.080168),0.869812 (0.789300 + 0.080512),0.867008 (0.786600 + 0.080408),0.875742 (0.794700 + 0.081042),0.866920 (0.786600 + 0.080320),0.864960 (0.783900 + 0.081060),0.868055 (0.788400 + 0.079655)
73,0.884777 (0.803700 + 0.081077),0.869420 (0.789300 + 0.080120),0.873368 (0.792900 + 0.080468),0.864958 (0.783900 + 0.081058),0.859896 (0.779400 + 0.080496),0.866100 (0.786600 + 0.079500),0.868524 (0.788400 + 0.080124),0.878346 (0.798300 + 0.080046),0.872586 (0.792900 + 0.079686),0.874826 (0.794700 + 0.080126),0.868122 (0.787500 + 0.080622),0.869699 (0.789300 + 0.080399),0.871554 (0.792000 + 0.079554),0.879176 (0.799200 + 0.079976),0.879176 (0.799200 + 0.079976),0.864325 (0.784800 + 0.079525),0.865755 (0.785700 + 0.080055),0.861755 (0.781200 + 0.080555),0.877681 (0.797400 + 0.080281),0.855693 (0.775800 + 0.079893),0.854451 (0.774900 + 0.079551),0.861219 (0.781200 + 0.080019),0.864613 (0.784800 + 0.079813),0.868899 (0.788400 + 0.080499),0.868553 (0.787500 + 0.081053),0.872196 (0.792000 + 0.080196),0.864578 (0.783900 + 0.080679),0.854335 (0.774000 + 0.080335),0.865116 (0.784800 + 0.080316),0.879368 (0.798300 + 0.081068),0.852258 (0.771300 + 0.080958),0.858400 (0.778500 + 0.079900),0.873707 (0.793800 + 0.079907),0.870679 (0.791100 + 0.079579),0.869162 (0.789300 + 0.079862),0.860472 (0.780300 + 0.080172),0.867322 (0.786600 + 0.080722),0.863900 (0.783900 + 0.080000),0.865808 (0.785700 + 0.080108),0.864205 (0.783900 + 0.080305),0.872560 (0.792000 + 0.080560),0.871118 (0.790200 + 0.080918),0.861397 (0.781200 + 0.080197),0.865471 (0.785700 + 0.079771),0.863970 (0.783900 + 0.080070),0.864821 (0.784800 + 0.080021),0.863736 (0.783900 + 0.079836),0.847219 (0.766800 + 0.080419),0.876737 (0.796500 + 0.080237),0.869102 (0.789300 + 0.079802),0.867109 (0.786600 + 0.080509),0.872936 (0.792000 + 0.080936),0.877358 (0.796500 + 0.080858),0.872989 (0.792900 + 0.080089),0.878988 (0.798300 + 0.080688),0.844752 (0.764100 + 0.080652),0.861011 (0.781200 + 0.079811),0.872532 (0.792900 + 0.079632),0.873700 (0.793800 + 0.079900),0.871623 (0.792000 + 0.079623),0.857365 (0.776700 + 0.080665),0.875071 (0.794700 + 0.080371),0.860904 (0.780300 + 0.080604),0.852120 (0.772200 + 0.079920),0.884417 (0.804600 + 0.079817),0.879093 (0.799200 + 0.079893),0.880232 (0.800100 + 0.080132),0.868586 (0.788400 + 0.080186),0.875836 (0.795600 + 0.080236),0.851377 (0.771300 + 0.080078),0.863494 (0.783000 + 0.080494),0.870167 (0.790200 + 0.079967),0.864960 (0.783900 + 0.081060),0.858472 (0.778500 + 0.079972),0.878933 (0.799200 + 0.079733),0.867785 (0.786600 + 0.081185),0.864960 (0.783900 + 0.081060),0.867301 (0.787500 + 0.079801),0.866909 (0.786600 + 0.080309),0.862018 (0.782100 + 0.079918),0.863151 (0.783000 + 0.080152),0.864441 (0.784800 + 0.079641),0.870034 (0.789300 + 0.080734),0.865614 (0.785700 + 0.079914),0.865385 (0.784800 + 0.080585),0.861435 (0.781200 + 0.080235),0.879798 (0.800100 + 0.079698),0.876791 (0.796500 + 0.080291),0.867886 (0.787500 + 0.080386),0.878353 (0.798300 + 0.080053),0.868055 (0.788400 + 0.079655),0.861961 (0.782100 + 0.079861),0.858876 (0.778500 + 0.080376),0.865881 (0.785700 + 0.080181),0.867787 (0.787500 + 0.080287),0.870234 (0.790200 + 0.080034),0.873852 (0.793800 + 0.080052),0.857682 (0.777600 + 0.080082),0.866450 (0.786600 + 0.079850),0.860889 (0.781200 + 0.079689)
74,0.884777 (0.803700 + 0.081077),0.875903 (0.794700 + 0.081203),0.871448 (0.791100 + 0.080348),0.860315 (0.780300 + 0.080015),0.868261 (0.788400 + 0.079861),0.863498 (0.783000 + 0.080498),0.870482 (0.790200 + 0.080282),0.867019 (0.786600 + 0.080419),0.863369 (0.783900 + 0.079469),0.878383 (0.797400 + 0.080983),0.859112 (0.779400 + 0.079712),0.863752 (0.783900 + 0.079852),0.875531 (0.794700 + 0.080831),0.868323 (0.787500 + 0.080823),0.860709 (0.781200 + 0.079509),0.873335 (0.792900 + 0.080435),0.867395 (0.787500 + 0.079895),0.874688 (0.794700 + 0.079988),0.865518 (0.785700 + 0.079818),0.882006 (0.801900 + 0.080106),0.872907 (0.792900 + 0.080007),0.870843 (0.791100 + 0.079743),0.870164 (0.790200 + 0.079964),0.874138 (0.793800 + 0.080338),0.871987 (0.792000 + 0.079987),0.857298 (0.776700 + 0.080598),0.864423 (0.783900 + 0.080523),0.870033 (0.790200 + 0.079833),0.864967 (0.784800 + 0.080167),0.858134 (0.778500 + 0.079634),0.862815 (0.783000 + 0.079815),0.870938 (0.791100 + 0.079838),0.870179 (0.789300 + 0.080879),0.856714 (0.776700 + 0.080014),0.858877 (0.779400 + 0.079477),0.865485 (0.785700 + 0.079785),0.865970 (0.785700 + 0.080270),0.863469 (0.783900 + 0.079570),0.866731 (0.785700 + 0.081031),0.867867 (0.787500 + 0.080367),0.857506 (0.776700 + 0.080806),0.860034 (0.780300 + 0.079734),0.872032 (0.792000 + 0.080032),0.878459 (0.798300 + 0.080159),0.866374 (0.786600 + 0.079774),0.872716 (0.792900 + 0.079816),0.872291 (0.792900 + 0.079391),0.864283 (0.783900 + 0.080383),0.874255 (0.794700 + 0.079555),0.864126 (0.783900 + 0.080226),0.869871 (0.789300 + 0.080571),0.868550 (0.789300 + 0.079250),0.866718 (0.786600 + 0.080118),0.866603 (0.785700 + 0.080903),0.865830 (0.784800 + 0.081030),0.871830 (0.792000 + 0.079830),0.883802 (0.803700 + 0.080102),0.859402 (0.779400 + 0.080002),0.866578 (0.786600 + 0.079978),0.866450 (0.786600 + 0.079850),0.867322 (0.786600 + 0.080722),0.868781 (0.788400 + 0.080381),0.868919 (0.787500 + 0.081419),0.858922 (0.778500 + 0.080422),0.875622 (0.795600 + 0.080022),0.866395 (0.786600 + 0.079795),0.878840 (0.798300 + 0.080540),0.873757 (0.793800 + 0.079957),0.876880 (0.796500 + 0.080380),0.870149 (0.790200 + 0.079949),0.872635 (0.792900 + 0.079735),0.863349 (0.782100 + 0.081249),0.840501 (0.759600 + 0.080901),0.874348 (0.793800 + 0.080548),0.853108 (0.772200 + 0.080908),0.850350 (0.770400 + 0.079950),0.870889 (0.790200 + 0.080689),0.873415 (0.793800 + 0.079615),0.858828 (0.778500 + 0.080328),0.862148 (0.782100 + 0.080048),0.872410 (0.792000 + 0.080410),0.879673 (0.800100 + 0.079573),0.878518 (0.798300 + 0.080218),0.872620 (0.792000 + 0.080620),0.869341 (0.789300 + 0.080041),0.851996 (0.772200 + 0.079796),0.864197 (0.783900 + 0.080297),0.855989 (0.776700 + 0.079289),0.865112 (0.784800 + 0.080312),0.862832 (0.783000 + 0.079832),0.855776 (0.775800 + 0.079976),0.858610 (0.777600 + 0.081010),0.863854 (0.783900 + 0.079954),0.860642 (0.780300 + 0.080342),0.866693 (0.786600 + 0.080093),0.869819 (0.790200 + 0.079619),0.864417 (0.784800 + 0.079617),0.869919 (0.789300 + 0.080619),0.838369 (0.758700 + 0.079669),0.862670 (0.783000 + 0.079670)
75,0.884777 (0.803700 + 0.081077),0.867190 (0.787500 + 0.079690),0.863497 (0.783900 + 0.079597),0.874577 (0.794700 + 0.079877),0.875816 (0.795600 + 0.080216),0.870497 (0.790200 + 0.080297),0.860038 (0.780300 + 0.079738),0.878892 (0.797400 + 0.081492),0.867100 (0.787500 + 0.079600),0.867406 (0.787500 + 0.079906),0.857709 (0.778500 + 0.079209),0.877053 (0.796500 + 0.080553),0.857569 (0.777600 + 0.079969),0.867765 (0.787500 + 0.080265),0.868542 (0.787500 + 0.081042),0.870098 (0.790200 + 0.079898),0.859746 (0.780300 + 0.079446),0.866068 (0.786600 + 0.079468),0.867600 (0.787500 + 0.080100),0.870644 (0.791100 + 0.079544),0.866609 (0.786600 + 0.080009),0.869071 (0.789300 + 0.079771),0.866153 (0.785700 + 0.080453),0.857549 (0.777600 + 0.079949),0.860059 (0.779400 + 0.080659),0.878874 (0.799200 + 0.079674),0.869222 (0.789300 + 0.079922),0.867168 (0.786600 + 0.080568),0.874158 (0.793800 + 0.080358),0.860630 (0.781200 + 0.079430),0.864207 (0.783900 + 0.080307),0.872021 (0.791100 + 0.080921),0.871822 (0.792000 + 0.079822),0.878654 (0.799200 + 0.079454),0.868245 (0.788400 + 0.079845),0.865898 (0.785700 + 0.080198),0.862891 (0.782100 + 0.080791),0.874346 (0.793800 + 0.080546),0.858911 (0.778500 + 0.080411),0.868783 (0.788400 + 0.080383),0.859941 (0.780300 + 0.079641),0.858073 (0.777600 + 0.080473),0.859773 (0.779400 + 0.080373),0.874413 (0.794700 + 0.079713),0.858414 (0.778500 + 0.079914),0.877519 (0.796500 + 0.081019),0.878447 (0.798300 + 0.080147),0.877330 (0.796500 + 0.080830),0.866542 (0.785700 + 0.080842),0.843167 (0.762300 + 0.080867),0.877347 (0.796500 + 0.080847),0.862003 (0.782100 + 0.079903),0.879212 (0.798300 + 0.080912),0.852865 (0.773100 + 0.079765),0.872694 (0.792900 + 0.079794),0.865429 (0.785700 + 0.079729),0.870925 (0.791100 + 0.079825),0.869129 (0.789300 + 0.079829),0.858249 (0.778500 + 0.079749),0.873764 (0.793800 + 0.079964),0.868240 (0.788400 + 0.079840),0.871327 (0.791100 + 0.080227),0.870328 (0.789300 + 0.081028),0.872928 (0.792000 + 0.080928),0.858049 (0.778500 + 0.079549),0.861689 (0.781200 + 0.080489),0.863007 (0.783000 + 0.080007),0.864506 (0.783900 + 0.080606),0.862771 (0.783000 + 0.079771),0.863294 (0.783900 + 0.079394),0.855953 (0.776700 + 0.079253),0.867222 (0.787500 + 0.079722),0.880592 (0.800100 + 0.080492),0.870997 (0.791100 + 0.079897),0.869112 (0.788400 + 0.080712),0.862699 (0.782100 + 0.080599),0.879365 (0.799200 + 0.080165),0.850851 (0.770400 + 0.080451),0.861012 (0.781200 + 0.079812),0.865656 (0.785700 + 0.079956),0.871904 (0.792000 + 0.079904),0.875903 (0.794700 + 0.081203),0.872620 (0.792000 + 0.080620),0.868524 (0.788400 + 0.080124),0.867539 (0.787500 + 0.080039),0.862228 (0.782100 + 0.080128),0.873918 (0.792900 + 0.081018),0.870569 (0.790200 + 0.080369),0.861560 (0.782100 + 0.079460),0.874688 (0.794700 + 0.079988),0.866395 (0.786600 + 0.079795),0.864557 (0.783900 + 0.080657),0.877658 (0.797400 + 0.080258),0.854455 (0.774000 + 0.080455),0.868073 (0.788400 + 0.079673),0.870373 (0.790200 + 0.080173),0.858664 (0.778500 + 0.080164),0.872991 (0.792900 + 0.080091),0.850692 (0.771300 + 0.079392),0.877552 (0.797400 + 0.080152)
76,0.884777 (0.803700 + 0.081077),0.876448 (0.795600 + 0.080848),0.870937 (0.791100 + 0.079837),0.871535 (0.791100 + 0.080435),0.863378 (0.783900 + 0.079478),0.859770 (0.780300 + 0.079470),0.857286 (0.777600 + 0.079686),0.864805 (0.784800 + 0.080005),0.868538 (0.788400 + 0.080138),0.871241 (0.790200 + 0.081041),0.869239 (0.789300 + 0.079939),0.877658 (0.797400 + 0.080258),0.877658 (0.797400 + 0.080258),0.878851 (0.798300 + 0.080551),0.868456 (0.788400 + 0.080056),0.850491 (0.770400 + 0.080091),0.868364 (0.788400 + 0.079964),0.876772 (0.797400 + 0.079372),0.862645 (0.783000 + 0.079645),0.863333 (0.783000 + 0.080333),0.863839 (0.783900 + 0.079939),0.865728 (0.785700 + 0.080028),0.865481 (0.785700 + 0.079781),0.862469 (0.783000 + 0.079469),0.869722 (0.789300 + 0.080422),0.872875 (0.792000 + 0.080875),0.866068 (0.786600 + 0.079468),0.877116 (0.797400 + 0.079716),0.874879 (0.794700 + 0.080180),0.880592 (0.800100 + 0.080492),0.861329 (0.782100 + 0.079229),0.862422 (0.783000 + 0.079422),0.851208 (0.771300 + 0.079908),0.867709 (0.786600 + 0.081109),0.867071 (0.786600 + 0.080471),0.871924 (0.792000 + 0.079924),0.866458 (0.785700 + 0.080758),0.865344 (0.785700 + 0.079644),0.881022 (0.801000 + 0.080022),0.865240 (0.784800 + 0.080440),0.862681 (0.782100 + 0.080581),0.866557 (0.785700 + 0.080857),0.867583 (0.787500 + 0.080083),0.866200 (0.786600 + 0.079600),0.869112 (0.789300 + 0.079812),0.868611 (0.788400 + 0.080211),0.867332 (0.787500 + 0.079832),0.869098 (0.789300 + 0.079798),0.858142 (0.778500 + 0.079642),0.877330 (0.796500 + 0.080830),0.868245 (0.788400 + 0.079845),0.871998 (0.792000 + 0.079998),0.876044 (0.796500 + 0.079544),0.858973 (0.778500 + 0.080473),0.866699 (0.786600 + 0.080099),0.864207 (0.783900 + 0.080307),0.877658 (0.797400 + 0.080258),0.866591 (0.786600 + 0.079991),0.865862 (0.786600 + 0.079262),0.879165 (0.799200 + 0.079965),0.861720 (0.781200 + 0.080520),0.871029 (0.791100 + 0.079929),0.863789 (0.783900 + 0.079889),0.866464 (0.786600 + 0.079864),0.872206 (0.792900 + 0.079306),0.872620 (0.792000 + 0.080620),0.870644 (0.791100 + 0.079544),0.869008 (0.789300 + 0.079708),0.877263 (0.796500 + 0.080763),0.867974 (0.787500 + 0.080474),0.875875 (0.795600 + 0.080275),0.875493 (0.795600 + 0.079893),0.878123 (0.797400 + 0.080723),0.880592 (0.800100 + 0.080492),0.867376 (0.787500 + 0.079876),0.878874 (0.799200 + 0.079674),0.869129 (0.789300 + 0.079829),0.864052 (0.783900 + 0.080152),0.873064 (0.792900 + 0.080164),0.866723 (0.786600 + 0.080123),0.879326 (0.799200 + 0.080126),0.868524 (0.788400 + 0.080124),0.862228 (0.782100 + 0.080128),0.870420 (0.789300 + 0.081120),0.862648 (0.782100 + 0.080548),0.872991 (0.792900 + 0.080091),0.865898 (0.785700 + 0.080198),0.864382 (0.784800 + 0.079582),0.866670 (0.786600 + 0.080070),0.878404 (0.797400 + 0.081004),0.876684 (0.797400 + 0.079284),0.871875 (0.791100 + 0.080775),0.863378 (0.783000 + 0.080378),0.883730 (0.803700 + 0.080030),0.864063 (0.783900 + 0.080163),0.861612 (0.782100 + 0.079512),0.860878 (0.781200 + 0.079678),0.868277 (0.788400 + 0.079877),0.868134 (0.788400 + 0.079734),0.875842 (0.794700 + 0.081142)
77,0.884777 (0.803700 + 0.081077),0.866063 (0.785700 + 0.080363),0.863059 (0.783000 + 0.080059),0.873863 (0.792900 + 0.080963),0.864610 (0.784800 + 0.079810),0.875928 (0.796500 + 0.079428),0.868232 (0.787500 + 0.080732),0.876733 (0.796500 + 0.080233),0.863477 (0.783900 + 0.079577),0.870651 (0.791100 + 0.079551),0.865383 (0.785700 + 0.079683),0.872206 (0.792900 + 0.079306),0.866458 (0.785700 + 0.080758),0.875816 (0.795600 + 0.080216),0.863137 (0.782100 + 0.081037),0.871185 (0.791100 + 0.080085),0.867785 (0.787500 + 0.080285),0.854677 (0.774900 + 0.079777),0.866583 (0.786600 + 0.079983),0.869984 (0.790200 + 0.079784),0.868418 (0.788400 + 0.080018),0.857878 (0.777600 + 0.080278),0.860848 (0.781200 + 0.079648),0.864869 (0.784800 + 0.080069),0.876635 (0.796500 + 0.080135),0.872425 (0.792000 + 0.080425),0.869206 (0.789300 + 0.079906),0.866070 (0.786600 + 0.079470),0.876633 (0.796500 + 0.080133),0.872450 (0.792900 + 0.079550),0.872030 (0.792900 + 0.079130),0.875551 (0.794700 + 0.080851),0.867645 (0.786600 + 0.081045),0.872963 (0.792900 + 0.080063),0.867963 (0.787500 + 0.080463),0.860413 (0.780300 + 0.080113),0.881148 (0.801000 + 0.080148),0.866132 (0.785700 + 0.080432),0.869354 (0.789300 + 0.080054),0.861426 (0.781200 + 0.080227),0.863061 (0.783000 + 0.080061),0.865318 (0.784800 + 0.080518),0.877724 (0.797400 + 0.080324),0.864889 (0.783900 + 0.080989),0.867571 (0.787500 + 0.080071),0.871509 (0.791100 + 0.080409),0.872298 (0.792000 + 0.080298),0.863578 (0.783900 + 0.079678),0.868303 (0.788400 + 0.079903),0.869354 (0.789300 + 0.080054),0.878516 (0.799200 + 0.079316),0.870485 (0.789300 + 0.081185),0.863431 (0.783000 + 0.080431),0.871288 (0.791100 + 0.080188),0.857468 (0.777600 + 0.079868),0.866955 (0.786600 + 0.080355),0.856960 (0.776700 + 0.080260),0.868392 (0.788400 + 0.079992),0.876376 (0.795600 + 0.080776),0.871757 (0.791100 + 0.080657),0.874067 (0.793800 + 0.080267),0.870643 (0.791100 + 0.079543),0.866260 (0.786600 + 0.079660),0.880592 (0.800100 + 0.080492),0.868134 (0.788400 + 0.079734),0.875384 (0.794700 + 0.080684),0.866817 (0.786600 + 0.080217),0.877180 (0.797400 + 0.079780),0.872309 (0.792000 + 0.080309),0.865860 (0.786600 + 0.079260),0.865481 (0.785700 + 0.079781),0.867547 (0.787500 + 0.080047),0.869268 (0.788400 + 0.080868),0.873703 (0.793800 + 0.079903),0.864142 (0.783900 + 0.080242),0.868432 (0.788400 + 0.080032),0.877453 (0.797400 + 0.080053),0.865075 (0.783900 + 0.081175),0.866043 (0.785700 + 0.080343),0.872310 (0.792000 + 0.080310),0.873793 (0.793800 + 0.079993),0.865500 (0.785700 + 0.079800),0.863128 (0.783000 + 0.080128),0.865029 (0.785700 + 0.079329),0.881728 (0.801900 + 0.079828),0.881996 (0.801000 + 0.080996),0.865930 (0.785700 + 0.080230),0.869446 (0.789300 + 0.080146),0.874556 (0.794700 + 0.079856),0.866878 (0.786600 + 0.080278),0.868736 (0.789300 + 0.079436),0.868402 (0.788400 + 0.080002),0.866723 (0.786600 + 0.080123),0.861378 (0.780300 + 0.081078),0.873941 (0.793800 + 0.080141),0.864192 (0.783900 + 0.080292),0.881337 (0.801000 + 0.080337),0.875514 (0.794700 + 0.080814),0.858914 (0.778500 + 0.080414),0.866681 (0.785700 + 0.080981)
78,0.884777 (0.803700 + 0.081077),0.861066 (0.780300 + 0.080767),0.863496 (0.783000 + 0.080496),0.858465 (0.778500 + 0.079965),0.866992 (0.787500 + 0.079492),0.869481 (0.789300 + 0.080181),0.869335 (0.788400 + 0.080935),0.877512 (0.797400 + 0.080112),0.869845 (0.789300 + 0.080545),0.872366 (0.791100 + 0.081266),0.871321 (0.791100 + 0.080221),0.866551 (0.786600 + 0.079951),0.873305 (0.792900 + 0.080405),0.873950 (0.793800 + 0.080150),0.874880 (0.794700 + 0.080180),0.872263 (0.792000 + 0.080263),0.856994 (0.777600 + 0.079394),0.867636 (0.787500 + 0.080136),0.863623 (0.783900 + 0.079723),0.870021 (0.789300 + 0.080721),0.859425 (0.779400 + 0.080025),0.867015 (0.786600 + 0.080415),0.873746 (0.792900 + 0.080846),0.865851 (0.785700 + 0.080151),0.873637 (0.793800 + 0.079837),0.869735 (0.790200 + 0.079535),0.870126 (0.790200 + 0.079926),0.855802 (0.775800 + 0.080002),0.860332 (0.780300 + 0.080032),0.867528 (0.787500 + 0.080028),0.868460 (0.788400 + 0.080060),0.876766 (0.796500 + 0.080266),0.870258 (0.791100 + 0.079158),0.867198 (0.787500 + 0.079698),0.878929 (0.799200 + 0.079729),0.863177 (0.783000 + 0.080177),0.861918 (0.781200 + 0.080718),0.862267 (0.781200 + 0.081067),0.843853 (0.764100 + 0.079753),0.861174 (0.781200 + 0.079974),0.871593 (0.791100 + 0.080493),0.876322 (0.796500 + 0.079822),0.872961 (0.792900 + 0.080061),0.860982 (0.780300 + 0.080682),0.864252 (0.783900 + 0.080353),0.873304 (0.793800 + 0.079504),0.882895 (0.801900 + 0.080995),0.861132 (0.781200 + 0.079932),0.870771 (0.790200 + 0.080571),0.873072 (0.792900 + 0.080172),0.875185 (0.795600 + 0.079585),0.872239 (0.792000 + 0.080239),0.852933 (0.772200 + 0.080733),0.871285 (0.791100 + 0.080185),0.876396 (0.796500 + 0.079896),0.873703 (0.793800 + 0.079903),0.872298 (0.792000 + 0.080298),0.881148 (0.801000 + 0.080148),0.869268 (0.788400 + 0.080868),0.871393 (0.791100 + 0.080293),0.864512 (0.783900 + 0.080612),0.864089 (0.783900 + 0.080189),0.871960 (0.791100 + 0.080860),0.859374 (0.779400 + 0.079974),0.870192 (0.790200 + 0.079992),0.869556 (0.789300 + 0.080256),0.861858 (0.781200 + 0.080658),0.870982 (0.790200 + 0.080782),0.866096 (0.785700 + 0.080396),0.881497 (0.801900 + 0.079597),0.863684 (0.783900 + 0.079784),0.867968 (0.788400 + 0.079568),0.870962 (0.791100 + 0.079862),0.857596 (0.777600 + 0.079996),0.871181 (0.791100 + 0.080081),0.875384 (0.794700 + 0.080684),0.868392 (0.788400 + 0.079992),0.866374 (0.785700 + 0.080674),0.863722 (0.783000 + 0.080722),0.864793 (0.784800 + 0.079993),0.867999 (0.788400 + 0.079599),0.880592 (0.800100 + 0.080492),0.876733 (0.796500 + 0.080233),0.876671 (0.796500 + 0.080171),0.861312 (0.782100 + 0.079212),0.873516 (0.793800 + 0.079716),0.873187 (0.792900 + 0.080287),0.863189 (0.783000 + 0.080189),0.867235 (0.786600 + 0.080635),0.856400 (0.776700 + 0.079700),0.858041 (0.778500 + 0.079541),0.867605 (0.787500 + 0.080105),0.874456 (0.793800 + 0.080656),0.867073 (0.787500 + 0.079573),0.864385 (0.784800 + 0.079585),0.864741 (0.784800 + 0.079941),0.882993 (0.802800 + 0.080193),0.871981 (0.792000 + 0.079981),0.866252 (0.786600 + 0.079652),0.866131 (0.785700 + 0.080431)
79,0.884777 (0.803700 + 0.081077),0.866125 (0.785700 + 0.080425),0.865057 (0.784800 + 0.080257),0.873724 (0.793800 + 0.079924),0.887471 (0.806400 + 0.081071),0.859934 (0.780300 + 0.079634),0.867086 (0.786600 + 0.080486),0.866063 (0.785700 + 0.080363),0.877998 (0.797400 + 0.080598),0.881148 (0.801000 + 0.080148),0.876733 (0.796500 + 0.080233),0.863027 (0.783000 + 0.080027),0.857901 (0.776700 + 0.081201),0.871181 (0.791100 + 0.080081),0.864512 (0.783900 + 0.080612),0.872190 (0.792000 + 0.080190),0.853025 (0.773100 + 0.079925),0.864010 (0.783900 + 0.080110),0.867374 (0.787500 + 0.079874),0.884777 (0.803700 + 0.081077),0.859428 (0.779400 + 0.080028),0.874484 (0.794700 + 0.079785),0.862953 (0.783000 + 0.079953),0.870043 (0.790200 + 0.079843),0.868640 (0.788400 + 0.080240),0.865996 (0.786600 + 0.079396),0.867857 (0.787500 + 0.080357),0.875948 (0.796500 + 0.079448),0.875653 (0.794700 + 0.080953),0.876766 (0.796500 + 0.080266),0.851436 (0.771300 + 0.080136),0.870643 (0.791100 + 0.079543),0.862591 (0.783000 + 0.079591),0.866444 (0.786600 + 0.079844),0.860956 (0.781200 + 0.079756),0.868805 (0.789300 + 0.079505),0.868332 (0.788400 + 0.079932),0.869393 (0.789300 + 0.080093),0.857541 (0.777600 + 0.079941),0.875581 (0.795600 + 0.079981),0.874444 (0.794700 + 0.079744),0.877657 (0.797400 + 0.080257),0.862232 (0.782100 + 0.080132),0.869435 (0.789300 + 0.080135),0.860504 (0.781200 + 0.079304),0.867239 (0.786600 + 0.080639),0.880133 (0.800100 + 0.080033),0.862263 (0.782100 + 0.080163),0.864565 (0.784800 + 0.079765),0.866972 (0.787500 + 0.079472),0.864512 (0.783900 + 0.080612),0.872228 (0.792000 + 0.080228),0.878492 (0.797400 + 0.081092),0.868905 (0.789300 + 0.079605),0.874456 (0.793800 + 0.080656),0.860171 (0.780300 + 0.079871),0.859360 (0.778500 + 0.080860),0.884767 (0.804600 + 0.080167),0.873052 (0.792900 + 0.080152),0.876406 (0.796500 + 0.079907),0.863178 (0.783000 + 0.080178),0.863362 (0.783000 + 0.080362),0.862577 (0.782100 + 0.080477),0.866965 (0.786600 + 0.080365),0.861579 (0.781200 + 0.080379),0.873950 (0.793800 + 0.080150),0.871393 (0.791100 + 0.080293),0.869188 (0.788400 + 0.080789),0.879556 (0.799200 + 0.080356),0.869190 (0.789300 + 0.079890),0.871349 (0.790200 + 0.081149),0.869370 (0.788400 + 0.080969),0.856058 (0.774900 + 0.081158),0.855291 (0.774000 + 0.081291),0.864530 (0.783900 + 0.080630),0.870620 (0.791100 + 0.079520),0.876300 (0.796500 + 0.079800),0.864619 (0.784800 + 0.079819),0.870793 (0.790200 + 0.080593),0.871855 (0.792000 + 0.079855),0.850229 (0.770400 + 0.079829),0.873176 (0.792900 + 0.080276),0.875050 (0.793800 + 0.081250),0.871238 (0.792000 + 0.079238),0.869389 (0.788400 + 0.080989),0.882895 (0.801900 + 0.080995),0.881148 (0.801000 + 0.080148),0.872064 (0.792000 + 0.080064),0.864780 (0.784800 + 0.079981),0.863235 (0.783000 + 0.080235),0.861061 (0.781200 + 0.079861),0.868356 (0.788400 + 0.079956),0.867929 (0.787500 + 0.080429),0.876225 (0.796500 + 0.079725),0.868812 (0.788400 + 0.080412),0.874193 (0.793800 + 0.080393),0.890640 (0.810900 + 0.079740),0.870509 (0.791100 + 0.079409),0.854804 (0.774900 + 0.079904),0.856793 (0.775800 + 0.080993)
80,0.890640 (0.810900 + 0.079740),0.864418 (0.784800 + 0.079619),0.874855 (0.794700 + 0.080155),0.869165 (0.788400 + 0.080765),0.869135 (0.788400 + 0.080735),0.868828 (0.788400 + 0.080428),0.862690 (0.782100 + 0.080590),0.863799 (0.783900 + 0.079899),0.859468 (0.779400 + 0.080068),0.874493 (0.794700 + 0.079793),0.865913 (0.786600 + 0.079313),0.863956 (0.783900 + 0.080056),0.868968 (0.788400 + 0.080568),0.875581 (0.795600 + 0.079981),0.868805 (0.789300 + 0.079505),0.879603 (0.799200 + 0.080403),0.862262 (0.782100 + 0.080162),0.866419 (0.785700 + 0.080718),0.858533 (0.778500 + 0.080033),0.873176 (0.792900 + 0.080276),0.870509 (0.791100 + 0.079409),0.869445 (0.789300 + 0.080145),0.869219 (0.789300 + 0.079919),0.877930 (0.798300 + 0.079630),0.876670 (0.797400 + 0.079270),0.871941 (0.792000 + 0.079941),0.870120 (0.789300 + 0.080820),0.861623 (0.782100 + 0.079523),0.873979 (0.793800 + 0.080179),0.865815 (0.786600 + 0.079215),0.876297 (0.796500 + 0.079797),0.874444 (0.794700 + 0.079744),0.874444 (0.794700 + 0.079744),0.863571 (0.783900 + 0.079671),0.860467 (0.780300 + 0.080167),0.883713 (0.802800 + 0.080913),0.867535 (0.787500 + 0.080035),0.868346 (0.788400 + 0.079946),0.872035 (0.792900 + 0.079135),0.871521 (0.790200 + 0.081321),0.872014 (0.791100 + 0.080914),0.867982 (0.786600 + 0.081382),0.866617 (0.786600 + 0.080017),0.872099 (0.792000 + 0.080099),0.856859 (0.776700 + 0.080159),0.884777 (0.803700 + 0.081077),0.871024 (0.790200 + 0.080824),0.866909 (0.786600 + 0.080309),0.857539 (0.776700 + 0.080839),0.872919 (0.792900 + 0.080019),0.869971 (0.790200 + 0.079771),0.863992 (0.783000 + 0.080992),0.874921 (0.794700 + 0.080221),0.879473 (0.799200 + 0.080273),0.859445 (0.780300 + 0.079145),0.867722 (0.787500 + 0.080222),0.866834 (0.786600 + 0.080234),0.867700 (0.788400 + 0.079300),0.866468 (0.785700 + 0.080768),0.869348 (0.789300 + 0.080048),0.876627 (0.795600 + 0.081027),0.873266 (0.792900 + 0.080366),0.869254 (0.788400 + 0.080854),0.878158 (0.798300 + 0.079858),0.858561 (0.778500 + 0.080061),0.866063 (0.785700 + 0.080363),0.863235 (0.783000 + 0.080235),0.862289 (0.782100 + 0.080189),0.874713 (0.794700 + 0.080013),0.875581 (0.795600 + 0.079981),0.871855 (0.792000 + 0.079855),0.863722 (0.783900 + 0.079822),0.877657 (0.797400 + 0.080257),0.866898 (0.786600 + 0.080298),0.874546 (0.793800 + 0.080746),0.871865 (0.791100 + 0.080765),0.881148 (0.801000 + 0.080148),0.876499 (0.796500 + 0.079999),0.878532 (0.798300 + 0.080232),0.870902 (0.791100 + 0.079802),0.879128 (0.799200 + 0.079928),0.856151 (0.775800 + 0.080351),0.860807 (0.780300 + 0.080507),0.881197 (0.801000 + 0.080197),0.876755 (0.795600 + 0.081155),0.868212 (0.787500 + 0.080712),0.857637 (0.777600 + 0.080037),0.880174 (0.799200 + 0.080974),0.871865 (0.792000 + 0.079865),0.868200 (0.788400 + 0.079800),0.871453 (0.792000 + 0.079453),0.873176 (0.792900 + 0.080276),0.873570 (0.793800 + 0.079770),0.877971 (0.798300 + 0.079671),0.867747 (0.786600 + 0.081147),0.861282 (0.781200 + 0.080082),0.861700 (0.781200 + 0.080500),0.872839 (0.792900 + 0.079939),0.869615 (0.789300 + 0.080315),0.867103 (0.787500 + 0.079603)
81,0.890640 (0.810900 + 0.079740),0.874444 (0.794700 + 0.079744),0.871855 (0.792000 + 0.079855),0.889688 (0.810000 + 0.079688),0.865188 (0.784800 + 0.080388),0.861308 (0.781200 + 0.080108),0.861518 (0.781200 + 0.080318),0.871558 (0.792000 + 0.079558),0.852090 (0.771300 + 0.080790),0.870902 (0.791100 + 0.079802),0.867535 (0.787500 + 0.080035),0.861004 (0.780300 + 0.080704),0.881336 (0.801000 + 0.080336),0.868968 (0.788400 + 0.080568),0.866617 (0.786600 + 0.080017),0.870778 (0.791100 + 0.079678),0.871474 (0.792000 + 0.079474),0.867315 (0.786600 + 0.080715),0.880270 (0.800100 + 0.080170),0.866587 (0.786600 + 0.079987),0.873494 (0.793800 + 0.079694),0.861378 (0.781200 + 0.080178),0.867579 (0.787500 + 0.080079),0.877993 (0.798300 + 0.079693),0.862611 (0.782100 + 0.080511),0.862055 (0.783000 + 0.079055),0.862282 (0.783000 + 0.079282),0.868028 (0.787500 + 0.080528),0.872179 (0.792000 + 0.080179),0.866040 (0.786600 + 0.079440),0.872049 (0.792900 + 0.079149),0.876382 (0.796500 + 0.079882),0.864970 (0.785700 + 0.079270),0.861928 (0.782100 + 0.079828),0.873190 (0.792900 + 0.080290),0.872591 (0.792900 + 0.079691),0.874588 (0.794700 + 0.079888),0.863858 (0.783900 + 0.079958),0.862819 (0.782100 + 0.080719),0.873802 (0.793800 + 0.080002),0.868983 (0.788400 + 0.080583),0.872593 (0.792900 + 0.079693),0.870605 (0.791100 + 0.079505),0.865075 (0.783900 + 0.081175),0.875527 (0.794700 + 0.080827),0.871122 (0.790200 + 0.080922),0.875741 (0.795600 + 0.080141),0.872866 (0.792900 + 0.079966),0.884751 (0.804600 + 0.080151),0.870638 (0.790200 + 0.080438),0.877302 (0.797400 + 0.079902),0.866947 (0.786600 + 0.080347),0.870120 (0.789300 + 0.080820),0.872761 (0.792000 + 0.080761),0.873783 (0.793800 + 0.079983),0.876789 (0.796500 + 0.080289),0.861526 (0.782100 + 0.079426),0.866872 (0.786600 + 0.080272),0.856740 (0.777600 + 0.079140),0.871915 (0.792000 + 0.079915),0.866560 (0.786600 + 0.079960),0.871365 (0.792000 + 0.079365),0.877458 (0.797400 + 0.080058),0.858603 (0.778500 + 0.080103),0.866924 (0.786600 + 0.080324),0.874855 (0.794700 + 0.080155),0.865913 (0.786600 + 0.079313),0.870971 (0.791100 + 0.079871),0.870694 (0.790200 + 0.080494),0.864617 (0.783900 + 0.080717),0.876867 (0.796500 + 0.080367),0.870399 (0.790200 + 0.080199),0.873603 (0.793800 + 0.079803),0.866542 (0.785700 + 0.080842),0.873823 (0.793800 + 0.080023),0.874921 (0.794700 + 0.080221),0.872099 (0.792000 + 0.080099),0.867004 (0.786600 + 0.080404),0.874806 (0.795600 + 0.079206),0.879128 (0.799200 + 0.079928),0.875581 (0.795600 + 0.079981),0.875801 (0.795600 + 0.080201),0.871737 (0.792000 + 0.079737),0.854049 (0.774000 + 0.080049),0.866109 (0.785700 + 0.080409),0.872630 (0.792900 + 0.079730),0.873091 (0.792900 + 0.080191),0.865519 (0.784800 + 0.080719),0.865006 (0.784800 + 0.080206),0.877773 (0.797400 + 0.080373),0.867322 (0.786600 + 0.080722),0.877592 (0.797400 + 0.080192),0.875810 (0.794700 + 0.081110),0.871750 (0.792000 + 0.079750),0.861914 (0.783000 + 0.078914),0.866063 (0.785700 + 0.080363),0.867405 (0.787500 + 0.079905),0.860200 (0.780300 + 0.079900),0.873062 (0.792900 + 0.080162),0.876188 (0.795600 + 0.080588)
82,0.890640 (0.810900 + 0.079740),0.875572 (0.795600 + 0.079972),0.864216 (0.783900 + 0.080316),0.878560 (0.798300 + 0.080260),0.873394 (0.792900 + 0.080494),0.871750 (0.792000 + 0.079750),0.871558 (0.792000 + 0.079558),0.873802 (0.793800 + 0.080002),0.871122 (0.790200 + 0.080922),0.872010 (0.792000 + 0.080010),0.876965 (0.797400 + 0.079565),0.871277 (0.791100 + 0.080177),0.872566 (0.792900 + 0.079666),0.882766 (0.802800 + 0.079966),0.868134 (0.787500 + 0.080634),0.877592 (0.797400 + 0.080192),0.877458 (0.797400 + 0.080058),0.871636 (0.792000 + 0.079636),0.877302 (0.797400 + 0.079902),0.874647 (0.794700 + 0.079947),0.873731 (0.793800 + 0.079931),0.877302 (0.797400 + 0.079902),0.877773 (0.797400 + 0.080373),0.865902 (0.785700 + 0.080202),0.870565 (0.791100 + 0.079465),0.881336 (0.801000 + 0.080336),0.875696 (0.795600 + 0.080096),0.870397 (0.790200 + 0.080197),0.884675 (0.804600 + 0.080075),0.861712 (0.781200 + 0.080512),0.862835 (0.782100 + 0.080735),0.865806 (0.785700 + 0.080106),0.864050 (0.783900 + 0.080150),0.875132 (0.794700 + 0.080432),0.879139 (0.799200 + 0.079939),0.871894 (0.792000 + 0.079894),0.851437 (0.771300 + 0.080137),0.862433 (0.782100 + 0.080333),0.868444 (0.789300 + 0.079144),0.881148 (0.801000 + 0.080148),0.862374 (0.782100 + 0.080274),0.864950 (0.784800 + 0.080150),0.872897 (0.792900 + 0.079997),0.863079 (0.783000 + 0.080079),0.871042 (0.792000 + 0.079042),0.866585 (0.786600 + 0.079985),0.866232 (0.785700 + 0.080532),0.880464 (0.800100 + 0.080364),0.857210 (0.777600 + 0.079610),0.873190 (0.792900 + 0.080290),0.870694 (0.790200 + 0.080494),0.874278 (0.793800 + 0.080478),0.875972 (0.795600 + 0.080372),0.883436 (0.803700 + 0.079736),0.875353 (0.795600 + 0.079753),0.873975 (0.792900 + 0.081075),0.879948 (0.800100 + 0.079848),0.871550 (0.791100 + 0.080450),0.875853 (0.795600 + 0.080253),0.862125 (0.783000 + 0.079125),0.868677 (0.789300 + 0.079377),0.881576 (0.801900 + 0.079676),0.882553 (0.802800 + 0.079753),0.870647 (0.791100 + 0.079547),0.865021 (0.784800 + 0.080221),0.862415 (0.783000 + 0.079415),0.871620 (0.792000 + 0.079620),0.869947 (0.789300 + 0.080647),0.861051 (0.781200 + 0.079851),0.876802 (0.796500 + 0.080302),0.862031 (0.782100 + 0.079931),0.874448 (0.794700 + 0.079748),0.864265 (0.783900 + 0.080365),0.870219 (0.789300 + 0.080919),0.869094 (0.789300 + 0.079794),0.866958 (0.786600 + 0.080358),0.880720 (0.801000 + 0.079721),0.872768 (0.792900 + 0.079868),0.873706 (0.793800 + 0.079906),0.871461 (0.792000 + 0.079461),0.868875 (0.788400 + 0.080475),0.869710 (0.790200 + 0.079510),0.873706 (0.793800 + 0.079906),0.857115 (0.777600 + 0.079515),0.875795 (0.795600 + 0.080195),0.868876 (0.789300 + 0.079576),0.865862 (0.786600 + 0.079262),0.854271 (0.774000 + 0.080271),0.872847 (0.792900 + 0.079947),0.873230 (0.792900 + 0.080330),0.862757 (0.782100 + 0.080657),0.866454 (0.786600 + 0.079854),0.863849 (0.783900 + 0.079949),0.864539 (0.784800 + 0.079739),0.877067 (0.796500 + 0.080567),0.861366 (0.782100 + 0.079266),0.871897 (0.792000 + 0.079897),0.868322 (0.788400 + 0.079922),0.867712 (0.787500 + 0.080212),0.871982 (0.792000 + 0.079982)
83,0.890640 (0.810900 + 0.079740),0.866901 (0.787500 + 0.079401),0.877449 (0.797400 + 0.080049),0.869040 (0.789300 + 0.079740),0.873607 (0.793800 + 0.079807),0.859349 (0.779400 + 0.079949),0.873615 (0.793800 + 0.079815),0.875172 (0.795600 + 0.079572),0.862072 (0.781200 + 0.080872),0.873560 (0.793800 + 0.079760),0.870391 (0.790200 + 0.080191),0.859621 (0.779400 + 0.080221),0.878067 (0.798300 + 0.079767),0.882964 (0.802800 + 0.080164),0.865823 (0.785700 + 0.080123),0.859650 (0.779400 + 0.080250),0.872978 (0.792900 + 0.080078),0.879703 (0.799200 + 0.080503),0.869423 (0.789300 + 0.080123),0.866465 (0.786600 + 0.079865),0.863912 (0.783900 + 0.080012),0.878577 (0.798300 + 0.080277),0.861293 (0.781200 + 0.080094),0.879139 (0.799200 + 0.079939),0.872847 (0.792900 + 0.079947),0.878560 (0.798300 + 0.080260),0.871894 (0.792000 + 0.079894),0.870757 (0.791100 + 0.079657),0.883412 (0.803700 + 0.079712),0.880757 (0.801000 + 0.079757),0.871129 (0.791100 + 0.080029),0.872612 (0.792900 + 0.079712),0.866919 (0.787500 + 0.079419),0.864065 (0.783900 + 0.080165),0.869591 (0.790200 + 0.079391),0.855859 (0.775800 + 0.080059),0.872386 (0.792900 + 0.079486),0.864698 (0.784800 + 0.079898),0.862487 (0.782100 + 0.080387),0.869367 (0.789300 + 0.080067),0.870580 (0.790200 + 0.080380),0.865644 (0.785700 + 0.079944),0.866259 (0.786600 + 0.079659),0.880720 (0.801000 + 0.079721),0.872897 (0.792900 + 0.079997),0.873180 (0.793800 + 0.079380),0.866959 (0.786600 + 0.080359),0.868215 (0.788400 + 0.079815),0.860140 (0.780300 + 0.079840),0.876430 (0.796500 + 0.079930),0.872024 (0.792000 + 0.080024),0.873228 (0.792900 + 0.080328),0.864638 (0.784800 + 0.079838),0.865503 (0.785700 + 0.079803),0.870661 (0.791100 + 0.079561),0.858927 (0.779400 + 0.079527),0.872251 (0.792000 + 0.080251),0.874209 (0.793800 + 0.080409),0.874289 (0.794700 + 0.079589),0.866839 (0.786600 + 0.080239),0.872592 (0.792900 + 0.079692),0.861150 (0.781200 + 0.079950),0.871170 (0.791100 + 0.080070),0.867677 (0.787500 + 0.080177),0.877432 (0.797400 + 0.080033),0.876309 (0.795600 + 0.080709),0.880209 (0.800100 + 0.080109),0.860680 (0.781200 + 0.079480),0.859468 (0.780300 + 0.079168),0.875972 (0.795600 + 0.080372),0.871461 (0.792000 + 0.079461),0.881148 (0.801000 + 0.080148),0.860779 (0.781200 + 0.079579),0.862076 (0.782100 + 0.079976),0.874096 (0.793800 + 0.080296),0.878580 (0.798300 + 0.080280),0.873648 (0.793800 + 0.079848),0.883436 (0.803700 + 0.079736),0.873975 (0.792900 + 0.081075),0.874362 (0.794700 + 0.079662),0.857857 (0.778500 + 0.079357),0.860097 (0.780300 + 0.079797),0.857340 (0.777600 + 0.079740),0.872903 (0.792900 + 0.080003),0.868605 (0.787500 + 0.081105),0.864910 (0.784800 + 0.080110),0.869091 (0.789300 + 0.079791),0.865567 (0.785700 + 0.079867),0.862465 (0.783000 + 0.079465),0.873107 (0.792900 + 0.080208),0.868450 (0.788400 + 0.080050),0.863047 (0.783000 + 0.080047),0.869862 (0.790200 + 0.079663),0.874908 (0.794700 + 0.080208),0.858693 (0.778500 + 0.080193),0.884992 (0.805500 + 0.079492),0.864081 (0.783900 + 0.080181),0.872263 (0.792000 + 0.080263),0.867408 (0.787500 + 0.079908),0.874336 (0.793800 + 0.080536)
84,0.890640 (0.810900 + 0.079740),0.876309 (0.795600 + 0.080709),0.876309 (0.795600 + 0.080709),0.879150 (0.799200 + 0.079950),0.867485 (0.787500 + 0.079985),0.870691 (0.791100 + 0.079592),0.859407 (0.779400 + 0.080007),0.882900 (0.802800 + 0.080100),0.858976 (0.778500 + 0.080476),0.865625 (0.785700 + 0.079925),0.870998 (0.791100 + 0.079898),0.858689 (0.779400 + 0.079289),0.878062 (0.798300 + 0.079762),0.870443 (0.790200 + 0.080243),0.866982 (0.787500 + 0.079482),0.873975 (0.792900 + 0.081075),0.876309 (0.795600 + 0.080709),0.883436 (0.803700 + 0.079736),0.872592 (0.792900 + 0.079692),0.886135 (0.806400 + 0.079735),0.874941 (0.794700 + 0.080241),0.878661 (0.798300 + 0.080361),0.863593 (0.783900 + 0.079694),0.865829 (0.784800 + 0.081030),0.871069 (0.791100 + 0.079969),0.866514 (0.785700 + 0.080814),0.878414 (0.798300 + 0.080114),0.871752 (0.792000 + 0.079752),0.886378 (0.806400 + 0.079978),0.886442 (0.806400 + 0.080042),0.875217 (0.795600 + 0.079617),0.873423 (0.793800 + 0.079623),0.864910 (0.784800 + 0.080110),0.874362 (0.794700 + 0.079662),0.877449 (0.797400 + 0.080049),0.872703 (0.792900 + 0.079803),0.862853 (0.783900 + 0.078953),0.865313 (0.785700 + 0.079613),0.868037 (0.788400 + 0.079637),0.864541 (0.784800 + 0.079741),0.878536 (0.798300 + 0.080236),0.868391 (0.788400 + 0.079991),0.865968 (0.784800 + 0.081168),0.864140 (0.783900 + 0.080240),0.874602 (0.794700 + 0.079902),0.860677 (0.780300 + 0.080377),0.871805 (0.792000 + 0.079805),0.867161 (0.786600 + 0.080561),0.859058 (0.779400 + 0.079658),0.864076 (0.783900 + 0.080176),0.866217 (0.786600 + 0.079618),0.874908 (0.794700 + 0.080208),0.872592 (0.792900 + 0.079692),0.874336 (0.793800 + 0.080536),0.873890 (0.793800 + 0.080090),0.873113 (0.793800 + 0.079313),0.866969 (0.787500 + 0.079469),0.877472 (0.797400 + 0.080072),0.866268 (0.786600 + 0.079668),0.859459 (0.779400 + 0.080059),0.867973 (0.788400 + 0.079573),0.870949 (0.791100 + 0.079849),0.882413 (0.801900 + 0.080513),0.879529 (0.800100 + 0.079429),0.869553 (0.790200 + 0.079353),0.862900 (0.783000 + 0.079900),0.862206 (0.782100 + 0.080106),0.872551 (0.792900 + 0.079651),0.857678 (0.777600 + 0.080078),0.871310 (0.791100 + 0.080211),0.859279 (0.779400 + 0.079879),0.880757 (0.801000 + 0.079757),0.871129 (0.791100 + 0.080029),0.877432 (0.797400 + 0.080033),0.864477 (0.784800 + 0.079677),0.871611 (0.791100 + 0.080511),0.865694 (0.785700 + 0.079994),0.852193 (0.772200 + 0.079993),0.881642 (0.801900 + 0.079742),0.885274 (0.805500 + 0.079774),0.872653 (0.792900 + 0.079754),0.871864 (0.791100 + 0.080765),0.861845 (0.782100 + 0.079745),0.872716 (0.792900 + 0.079816),0.869666 (0.790200 + 0.079466),0.878770 (0.798300 + 0.080470),0.861383 (0.782100 + 0.079283),0.867385 (0.787500 + 0.079885),0.876496 (0.796500 + 0.079996),0.868689 (0.787500 + 0.081189),0.871994 (0.792000 + 0.079994),0.869073 (0.789300 + 0.079773),0.867599 (0.787500 + 0.080099),0.868696 (0.789300 + 0.079396),0.861239 (0.781200 + 0.080039),0.869920 (0.790200 + 0.079720),0.863677 (0.783900 + 0.079777),0.873615 (0.793800 + 0.079815),0.872386 (0.792900 + 0.079486),0.869585 (0.789300 + 0.080285)
85,0.890640 (0.810900 + 0.079740),0.864717 (0.784800 + 0.079917),0.874353 (0.794700 + 0.079653),0.873095 (0.792900 + 0.080195),0.878414 (0.798300 + 0.080114),0.870019 (0.790200 + 0.079819),0.880741 (0.801000 + 0.079741),0.873554 (0.793800 + 0.079754),0.862981 (0.783000 + 0.079981),0.881238 (0.801000 + 0.080238),0.867320 (0.787500 + 0.079820),0.886378 (0.806400 + 0.079978),0.877449 (0.797400 + 0.080049),0.861660 (0.781200 + 0.080460),0.870893 (0.790200 + 0.080693),0.867323 (0.787500 + 0.079823),0.873549 (0.793800 + 0.079749),0.890640 (0.810900 + 0.079740),0.875217 (0.795600 + 0.079617),0.864815 (0.784800 + 0.080015),0.863909 (0.783900 + 0.080009),0.883436 (0.803700 + 0.079736),0.874602 (0.794700 + 0.079902),0.869575 (0.789300 + 0.080275),0.864599 (0.784800 + 0.079799),0.874356 (0.793800 + 0.080556),0.879305 (0.799200 + 0.080105),0.871946 (0.792000 + 0.079946),0.874711 (0.793800 + 0.080911),0.876681 (0.797400 + 0.079281),0.862952 (0.783900 + 0.079053),0.870922 (0.791100 + 0.079822),0.876947 (0.796500 + 0.080447),0.876146 (0.796500 + 0.079646),0.867078 (0.787500 + 0.079579),0.862525 (0.783000 + 0.079525),0.865280 (0.785700 + 0.079580),0.880323 (0.800100 + 0.080223),0.873555 (0.793800 + 0.079755),0.866766 (0.786600 + 0.080166),0.863879 (0.784800 + 0.079079),0.877228 (0.796500 + 0.080728),0.877374 (0.797400 + 0.079974),0.875986 (0.795600 + 0.080386),0.863786 (0.783000 + 0.080786),0.860663 (0.781200 + 0.079463),0.856854 (0.777600 + 0.079255),0.886965 (0.807300 + 0.079665),0.871576 (0.792000 + 0.079576),0.886126 (0.806400 + 0.079726),0.862665 (0.782100 + 0.080565),0.862398 (0.783000 + 0.079398),0.868377 (0.787500 + 0.080877),0.872551 (0.792900 + 0.079651),0.864935 (0.784800 + 0.080135),0.858403 (0.778500 + 0.079903),0.862909 (0.782100 + 0.080809),0.871778 (0.791100 + 0.080678),0.886247 (0.806400 + 0.079847),0.886217 (0.806400 + 0.079817),0.882459 (0.802800 + 0.079659),0.877359 (0.797400 + 0.079959),0.872200 (0.792000 + 0.080200),0.853033 (0.773100 + 0.079933),0.866135 (0.785700 + 0.080435),0.872163 (0.792900 + 0.079263),0.864477 (0.784800 + 0.079677),0.867412 (0.787500 + 0.079912),0.863496 (0.783900 + 0.079596),0.874602 (0.794700 + 0.079902),0.870517 (0.789300 + 0.081217),0.868947 (0.789300 + 0.079647),0.874567 (0.794700 + 0.079867),0.884854 (0.804600 + 0.080254),0.868192 (0.788400 + 0.079792),0.878156 (0.798300 + 0.079856),0.868273 (0.787500 + 0.080773),0.877323 (0.797400 + 0.079923),0.867177 (0.787500 + 0.079677),0.856229 (0.775800 + 0.080429),0.875958 (0.795600 + 0.080358),0.875456 (0.795600 + 0.079856),0.866269 (0.786600 + 0.079669),0.871958 (0.792000 + 0.079958),0.893555 (0.813600 + 0.079955),0.869107 (0.789300 + 0.079807),0.874941 (0.794700 + 0.080241),0.874976 (0.794700 + 0.080276),0.876971 (0.796500 + 0.080471),0.881187 (0.801000 + 0.080187),0.863268 (0.783900 + 0.079368),0.873792 (0.793800 + 0.079992),0.868633 (0.788400 + 0.080233),0.879014 (0.799200 + 0.079814),0.871157 (0.792000 + 0.079157),0.870022 (0.790200 + 0.079822),0.877429 (0.797400 + 0.080029),0.867263 (0.787500 + 0.079763),0.878692 (0.798300 + 0.080392),0.859627 (0.780300 + 0.079327)
86,0.893555 (0.813600 + 0.079955),0.872745 (0.792900 + 0.079845),0.871775 (0.792000 + 0.079775),0.872262 (0.792000 + 0.080262),0.875099 (0.794700 + 0.080399),0.870183 (0.790200 + 0.079983),0.860215 (0.780300 + 0.079915),0.859845 (0.780300 + 0.079545),0.870193 (0.790200 + 0.079993),0.880934 (0.801000 + 0.079934),0.878697 (0.799200 + 0.079497),0.877817 (0.798300 + 0.079517),0.861532 (0.781200 + 0.080332),0.865432 (0.785700 + 0.079732),0.876365 (0.796500 + 0.079865),0.876487 (0.796500 + 0.079987),0.870466 (0.790200 + 0.080266),0.867906 (0.788400 + 0.079506),0.878111 (0.798300 + 0.079811),0.862041 (0.782100 + 0.079941),0.876183 (0.795600 + 0.080583),0.863988 (0.783900 + 0.080088),0.877015 (0.797400 + 0.079615),0.883268 (0.802800 + 0.080468),0.867807 (0.788400 + 0.079407),0.884284 (0.804600 + 0.079684),0.876309 (0.795600 + 0.080709),0.875986 (0.795600 + 0.080386),0.874941 (0.794700 + 0.080241),0.868496 (0.788400 + 0.080096),0.866179 (0.786600 + 0.079578),0.887540 (0.808200 + 0.079340),0.867730 (0.787500 + 0.080230),0.870996 (0.791100 + 0.079896),0.872909 (0.792900 + 0.080009),0.878740 (0.799200 + 0.079540),0.876617 (0.796500 + 0.080117),0.873336 (0.793800 + 0.079536),0.875986 (0.795600 + 0.080386),0.874711 (0.793800 + 0.080911),0.867078 (0.787500 + 0.079579),0.870788 (0.790200 + 0.080588),0.873837 (0.793800 + 0.080037),0.872514 (0.792900 + 0.079614),0.872215 (0.792900 + 0.079315),0.881699 (0.801900 + 0.079799),0.871686 (0.792000 + 0.079686),0.876613 (0.796500 + 0.080113),0.874814 (0.794700 + 0.080114),0.873087 (0.792900 + 0.080187),0.872728 (0.792900 + 0.079828),0.870842 (0.791100 + 0.079742),0.877449 (0.797400 + 0.080049),0.887399 (0.807300 + 0.080099),0.877356 (0.797400 + 0.079957),0.874125 (0.793800 + 0.080325),0.868380 (0.788400 + 0.079980),0.875653 (0.795600 + 0.080053),0.877824 (0.797400 + 0.080424),0.873668 (0.793800 + 0.079868),0.888896 (0.809100 + 0.079796),0.862291 (0.783000 + 0.079291),0.864848 (0.784800 + 0.080048),0.862233 (0.782100 + 0.080133),0.867939 (0.788400 + 0.079539),0.871933 (0.791100 + 0.080833),0.874515 (0.794700 + 0.079815),0.858369 (0.777600 + 0.080769),0.874000 (0.793800 + 0.080200),0.875053 (0.795600 + 0.079453),0.862612 (0.783000 + 0.079612),0.870972 (0.791100 + 0.079872),0.875055 (0.795600 + 0.079456),0.878414 (0.798300 + 0.080114),0.864717 (0.784800 + 0.079917),0.869753 (0.790200 + 0.079553),0.872117 (0.792000 + 0.080117),0.873315 (0.793800 + 0.079515),0.880811 (0.801000 + 0.079811),0.861675 (0.781200 + 0.080475),0.876952 (0.796500 + 0.080452),0.884854 (0.804600 + 0.080254),0.864175 (0.784800 + 0.079375),0.886126 (0.806400 + 0.079726),0.874711 (0.793800 + 0.080911),0.862263 (0.782100 + 0.080163),0.876204 (0.796500 + 0.079705),0.876037 (0.795600 + 0.080437),0.875235 (0.795600 + 0.079635),0.871723 (0.792000 + 0.079723),0.874958 (0.794700 + 0.080258),0.879972 (0.800100 + 0.079872),0.872854 (0.792900 + 0.079954),0.877440 (0.797400 + 0.080040),0.872353 (0.792000 + 0.080353),0.863645 (0.783900 + 0.079745),0.870724 (0.791100 + 0.079624),0.886378 (0.806400 + 0.079978),0.874567 (0.794700 + 0.079867),0.865742 (0.785700 + 0.080042)
87,0.893555 (0.813600 + 0.079955),0.860044 (0.780300 + 0.079744),0.874515 (0.794700 + 0.079815),0.877440 (0.797400 + 0.080040),0.879523 (0.800100 + 0.079423),0.880033 (0.800100 + 0.079933),0.862615 (0.783000 + 0.079615),0.855701 (0.775800 + 0.079901),0.868653 (0.788400 + 0.080253),0.866213 (0.786600 + 0.079613),0.875804 (0.795600 + 0.080204),0.878111 (0.798300 + 0.079811),0.867807 (0.788400 + 0.079407),0.865286 (0.785700 + 0.079586),0.862221 (0.782100 + 0.080121),0.877449 (0.797400 + 0.080049),0.875986 (0.795600 + 0.080386),0.867894 (0.787500 + 0.080394),0.857630 (0.777600 + 0.080030),0.878505 (0.798300 + 0.080205),0.864748 (0.784800 + 0.079948),0.881189 (0.801000 + 0.080189),0.876541 (0.796500 + 0.080041),0.871964 (0.792000 + 0.079964),0.873093 (0.792900 + 0.080193),0.865131 (0.784800 + 0.080331),0.868056 (0.788400 + 0.079656),0.872216 (0.792900 + 0.079316),0.877564 (0.797400 + 0.080164),0.865867 (0.785700 + 0.080167),0.864599 (0.784800 + 0.079799),0.880811 (0.801000 + 0.079811),0.876183 (0.795600 + 0.080583),0.874820 (0.794700 + 0.080120),0.863791 (0.783900 + 0.079891),0.876952 (0.796500 + 0.080452),0.871820 (0.792000 + 0.079820),0.872899 (0.792900 + 0.079999),0.875979 (0.795600 + 0.080379),0.874350 (0.794700 + 0.079650),0.876915 (0.797400 + 0.079515),0.867673 (0.787500 + 0.080173),0.878833 (0.799200 + 0.079633),0.856389 (0.776700 + 0.079689),0.870874 (0.791100 + 0.079774),0.864404 (0.784800 + 0.079605),0.859151 (0.779400 + 0.079751),0.860689 (0.781200 + 0.079489),0.870002 (0.790200 + 0.079802),0.860969 (0.781200 + 0.079769),0.873016 (0.792900 + 0.080116),0.880070 (0.800100 + 0.079970),0.863158 (0.782100 + 0.081058),0.870042 (0.790200 + 0.079842),0.864964 (0.785700 + 0.079264),0.863625 (0.783900 + 0.079726),0.877238 (0.797400 + 0.079838),0.859804 (0.778500 + 0.081304),0.858062 (0.778500 + 0.079562),0.866451 (0.786600 + 0.079851),0.863140 (0.783000 + 0.080140),0.863924 (0.783900 + 0.080024),0.862315 (0.782100 + 0.080215),0.859420 (0.779400 + 0.080020),0.866622 (0.786600 + 0.080022),0.878510 (0.798300 + 0.080210),0.873750 (0.793800 + 0.079950),0.877326 (0.797400 + 0.079926),0.858944 (0.779400 + 0.079544),0.872946 (0.792900 + 0.080046),0.871050 (0.790200 + 0.080850),0.858777 (0.778500 + 0.080277),0.875612 (0.795600 + 0.080012),0.880343 (0.800100 + 0.080243),0.875606 (0.795600 + 0.080006),0.873837 (0.793800 + 0.080037),0.872909 (0.792900 + 0.080009),0.865275 (0.785700 + 0.079575),0.856833 (0.776700 + 0.080133),0.869669 (0.790200 + 0.079469),0.871092 (0.791100 + 0.079992),0.872830 (0.792900 + 0.079930),0.876785 (0.797400 + 0.079385),0.868802 (0.788400 + 0.080402),0.870442 (0.791100 + 0.079342),0.874558 (0.794700 + 0.079858),0.868832 (0.789300 + 0.079532),0.861666 (0.782100 + 0.079566),0.875862 (0.795600 + 0.080262),0.868944 (0.789300 + 0.079645),0.875179 (0.795600 + 0.079579),0.874515 (0.794700 + 0.079815),0.886126 (0.806400 + 0.079726),0.870568 (0.791100 + 0.079468),0.874652 (0.794700 + 0.079952),0.877258 (0.797400 + 0.079858),0.873298 (0.793800 + 0.079498),0.882613 (0.802800 + 0.079813),0.872024 (0.792000 + 0.080024),0.859639 (0.780300 + 0.079339)
88,0.893555 (0.813600 + 0.079955),0.872238 (0.792900 + 0.079338),0.871132 (0.791100 + 0.080032),0.864879 (0.784800 + 0.080079),0.873837 (0.793800 + 0.080037),0.868347 (0.788400 + 0.079947),0.863337 (0.783900 + 0.079437),0.867709 (0.788400 + 0.079309),0.870756 (0.791100 + 0.079656),0.881532 (0.801900 + 0.079632),0.878646 (0.798300 + 0.080346),0.873474 (0.793800 + 0.079674),0.867947 (0.788400 + 0.079547),0.872831 (0.792900 + 0.079931),0.873407 (0.793800 + 0.079607),0.873792 (0.793800 + 0.079992),0.873786 (0.793800 + 0.079986),0.867029 (0.787500 + 0.079529),0.874292 (0.793800 + 0.080492),0.874380 (0.794700 + 0.079680),0.867104 (0.787500 + 0.079604),0.870084 (0.790200 + 0.079884),0.863038 (0.783000 + 0.080038),0.880033 (0.800100 + 0.079933),0.893555 (0.813600 + 0.079955),0.860108 (0.780300 + 0.079808),0.880002 (0.800100 + 0.079902),0.878999 (0.799200 + 0.079799),0.857403 (0.777600 + 0.079803),0.862774 (0.783000 + 0.079774),0.875888 (0.795600 + 0.080288),0.870185 (0.790200 + 0.079985),0.873128 (0.792900 + 0.080228),0.870429 (0.791100 + 0.079329),0.881022 (0.801000 + 0.080022),0.868164 (0.788400 + 0.079764),0.863855 (0.783000 + 0.080855),0.877167 (0.797400 + 0.079767),0.880127 (0.800100 + 0.080027),0.873528 (0.793800 + 0.079728),0.878045 (0.798300 + 0.079745),0.865501 (0.785700 + 0.079801),0.872669 (0.792900 + 0.079769),0.867155 (0.787500 + 0.079655),0.881695 (0.801900 + 0.079795),0.864680 (0.784800 + 0.079880),0.871092 (0.791100 + 0.079992),0.866804 (0.786600 + 0.080204),0.868212 (0.788400 + 0.079812),0.853172 (0.773100 + 0.080072),0.874658 (0.794700 + 0.079958),0.874644 (0.794700 + 0.079944),0.869111 (0.789300 + 0.079811),0.873280 (0.792900 + 0.080380),0.873118 (0.793800 + 0.079318),0.876915 (0.797400 + 0.079515),0.876915 (0.797400 + 0.079515),0.856681 (0.776700 + 0.079981),0.865944 (0.786600 + 0.079344),0.864084 (0.783900 + 0.080184),0.869216 (0.789300 + 0.079916),0.860304 (0.780300 + 0.080004),0.876682 (0.796500 + 0.080182),0.868451 (0.788400 + 0.080051),0.870277 (0.790200 + 0.080077),0.848717 (0.768600 + 0.080117),0.883220 (0.802800 + 0.080420),0.862861 (0.783000 + 0.079861),0.869431 (0.789300 + 0.080131),0.867584 (0.787500 + 0.080084),0.880033 (0.800100 + 0.079933),0.861026 (0.781200 + 0.079826),0.870582 (0.791100 + 0.079482),0.876071 (0.796500 + 0.079571),0.861464 (0.781200 + 0.080264),0.874573 (0.794700 + 0.079873),0.867497 (0.787500 + 0.079997),0.868135 (0.788400 + 0.079735),0.863102 (0.783000 + 0.080102),0.879820 (0.800100 + 0.079720),0.888684 (0.809100 + 0.079584),0.872024 (0.792000 + 0.080024),0.868802 (0.788400 + 0.080402),0.872823 (0.792900 + 0.079923),0.875849 (0.796500 + 0.079349),0.869783 (0.790200 + 0.079583),0.871922 (0.792000 + 0.079922),0.873771 (0.793800 + 0.079971),0.875921 (0.795600 + 0.080321),0.861075 (0.781200 + 0.079875),0.867394 (0.787500 + 0.079894),0.874080 (0.793800 + 0.080280),0.873785 (0.793800 + 0.079985),0.874917 (0.794700 + 0.080217),0.871061 (0.791100 + 0.079961),0.872584 (0.792900 + 0.079684),0.872685 (0.792900 + 0.079786),0.861566 (0.781200 + 0.080366),0.871703 (0.791100 + 0.080603),0.877237 (0.797400 + 0.079837)
89,0.893555 (0.813600 + 0.079955),0.877535 (0.797400 + 0.080135),0.883629 (0.803700 + 0.079929),0.865949 (0.785700 + 0.080249),0.870180 (0.790200 + 0.079980),0.878934 (0.799200 + 0.079734),0.874651 (0.794700 + 0.079951),0.872885 (0.792900 + 0.079985),0.867624 (0.787500 + 0.080124),0.866759 (0.787500 + 0.079259),0.869566 (0.790200 + 0.079366),0.865565 (0.785700 + 0.079865),0.878347 (0.798300 + 0.080047),0.880140 (0.800100 + 0.080040),0.867610 (0.787500 + 0.080111),0.868484 (0.788400 + 0.080084),0.877603 (0.797400 + 0.080204),0.873724 (0.793800 + 0.079924),0.870196 (0.790200 + 0.079996),0.875563 (0.795600 + 0.079963),0.867115 (0.787500 + 0.079615),0.867512 (0.787500 + 0.080012),0.864185 (0.783900 + 0.080285),0.862308 (0.783000 + 0.079308),0.865442 (0.785700 + 0.079742),0.878832 (0.798300 + 0.080532),0.874801 (0.794700 + 0.080102),0.861453 (0.782100 + 0.079353),0.871820 (0.792000 + 0.079820),0.876054 (0.796500 + 0.079554),0.872903 (0.792900 + 0.080003),0.871329 (0.792000 + 0.079329),0.873239 (0.792900 + 0.080339),0.872462 (0.792900 + 0.079562),0.879820 (0.800100 + 0.079720),0.876393 (0.796500 + 0.079893),0.872018 (0.792000 + 0.080018),0.876358 (0.796500 + 0.079858),0.869891 (0.790200 + 0.079691),0.865339 (0.785700 + 0.079639),0.874230 (0.794700 + 0.079530),0.862157 (0.782100 + 0.080057),0.859344 (0.779400 + 0.079944),0.868895 (0.788400 + 0.080495),0.884128 (0.803700 + 0.080428),0.885385 (0.805500 + 0.079885),0.878344 (0.798300 + 0.080044),0.876915 (0.797400 + 0.079515),0.870813 (0.791100 + 0.079713),0.851113 (0.771300 + 0.079813),0.871067 (0.791100 + 0.079967),0.878167 (0.798300 + 0.079867),0.892422 (0.812700 + 0.079722),0.879762 (0.800100 + 0.079662),0.854141 (0.774000 + 0.080141),0.866406 (0.787500 + 0.078906),0.870824 (0.791100 + 0.079724),0.871655 (0.792000 + 0.079655),0.874322 (0.794700 + 0.079622),0.876269 (0.796500 + 0.079769),0.872666 (0.792900 + 0.079766),0.868364 (0.788400 + 0.079964),0.876071 (0.796500 + 0.079571),0.863123 (0.783000 + 0.080123),0.859108 (0.779400 + 0.079708),0.871086 (0.791100 + 0.079986),0.868015 (0.788400 + 0.079615),0.879383 (0.800100 + 0.079283),0.868221 (0.788400 + 0.079821),0.880635 (0.801000 + 0.079635),0.862835 (0.783000 + 0.079835),0.874355 (0.793800 + 0.080555),0.862977 (0.783000 + 0.079977),0.884560 (0.804600 + 0.079960),0.878160 (0.798300 + 0.079860),0.880033 (0.800100 + 0.079933),0.866652 (0.786600 + 0.080052),0.868195 (0.788400 + 0.079795),0.857982 (0.778500 + 0.079482),0.867800 (0.788400 + 0.079400),0.872264 (0.792000 + 0.080264),0.881695 (0.801900 + 0.079795),0.868802 (0.788400 + 0.080402),0.878193 (0.798300 + 0.079893),0.871047 (0.791100 + 0.079947),0.868237 (0.788400 + 0.079837),0.868579 (0.789300 + 0.079279),0.875937 (0.796500 + 0.079437),0.882834 (0.802800 + 0.080034),0.877237 (0.797400 + 0.079837),0.873280 (0.792900 + 0.080380),0.881770 (0.801900 + 0.079870),0.858421 (0.778500 + 0.079921),0.870185 (0.790200 + 0.079985),0.857403 (0.777600 + 0.079803),0.873407 (0.793800 + 0.079607),0.873407 (0.793800 + 0.079607),0.868361 (0.788400 + 0.079961),0.876901 (0.797400 + 0.079501),0.865652 (0.785700 + 0.079952)
90,0.893555 (0.813600 + 0.079955),0.880140 (0.800100 + 0.080040),0.874801 (0.794700 + 0.080102),0.864522 (0.784800 + 0.079722),0.854112 (0.774900 + 0.079212),0.868646 (0.789300 + 0.079346),0.881203 (0.801900 + 0.079303),0.870500 (0.791100 + 0.079400),0.866363 (0.786600 + 0.079763),0.866872 (0.786600 + 0.080272),0.865474 (0.785700 + 0.079774),0.874623 (0.794700 + 0.079923),0.872719 (0.792900 + 0.079819),0.881695 (0.801900 + 0.079795),0.876901 (0.797400 + 0.079501),0.860867 (0.781200 + 0.079667),0.879245 (0.799200 + 0.080045),0.868655 (0.788400 + 0.080255),0.864070 (0.784800 + 0.079270),0.879928 (0.800100 + 0.079828),0.858786 (0.779400 + 0.079386),0.866708 (0.786600 + 0.080108),0.868333 (0.788400 + 0.079933),0.866495 (0.786600 + 0.079895),0.884986 (0.805500 + 0.079486),0.877022 (0.797400 + 0.079622),0.868475 (0.788400 + 0.080075),0.869654 (0.789300 + 0.080355),0.882667 (0.802800 + 0.079867),0.877351 (0.797400 + 0.079951),0.870803 (0.791100 + 0.079703),0.865569 (0.785700 + 0.079869),0.881599 (0.801900 + 0.079699),0.874252 (0.794700 + 0.079552),0.869566 (0.790200 + 0.079366),0.854525 (0.774900 + 0.079625),0.863354 (0.783900 + 0.079454),0.878093 (0.798300 + 0.079793),0.860529 (0.780300 + 0.080229),0.878951 (0.799200 + 0.079751),0.875525 (0.795600 + 0.079925),0.870522 (0.791100 + 0.079422),0.874552 (0.794700 + 0.079852),0.877998 (0.798300 + 0.079697),0.863831 (0.783900 + 0.079931),0.864081 (0.783900 + 0.080181),0.877708 (0.798300 + 0.079408),0.875309 (0.795600 + 0.079709),0.858698 (0.778500 + 0.080198),0.874801 (0.794700 + 0.080102),0.864489 (0.784800 + 0.079690),0.864099 (0.783900 + 0.080199),0.869874 (0.789300 + 0.080574),0.879193 (0.799200 + 0.079993),0.865935 (0.785700 + 0.080235),0.883629 (0.803700 + 0.079929),0.876393 (0.796500 + 0.079893),0.863111 (0.783900 + 0.079211),0.865406 (0.785700 + 0.079706),0.874302 (0.794700 + 0.079602),0.859844 (0.780300 + 0.079544),0.874063 (0.794700 + 0.079363),0.873789 (0.793800 + 0.079989),0.872569 (0.792900 + 0.079669),0.884616 (0.804600 + 0.080016),0.874479 (0.794700 + 0.079779),0.868409 (0.789300 + 0.079109),0.856130 (0.776700 + 0.079430),0.878005 (0.798300 + 0.079705),0.885113 (0.805500 + 0.079613),0.887278 (0.807300 + 0.079978),0.867482 (0.787500 + 0.079982),0.871178 (0.791100 + 0.080078),0.858861 (0.779400 + 0.079461),0.885124 (0.805500 + 0.079624),0.874680 (0.794700 + 0.079980),0.877799 (0.797400 + 0.080399),0.880738 (0.801000 + 0.079738),0.871723 (0.792000 + 0.079723),0.864838 (0.784800 + 0.080038),0.867245 (0.787500 + 0.079745),0.860795 (0.781200 + 0.079595),0.867522 (0.787500 + 0.080022),0.884128 (0.803700 + 0.080428),0.867026 (0.787500 + 0.079526),0.867948 (0.788400 + 0.079548),0.864726 (0.784800 + 0.079926),0.877054 (0.797400 + 0.079654),0.870850 (0.791100 + 0.079750),0.878349 (0.798300 + 0.080049),0.882462 (0.802800 + 0.079662),0.875374 (0.795600 + 0.079774),0.862349 (0.783000 + 0.079349),0.880635 (0.801000 + 0.079635),0.872514 (0.792900 + 0.079614),0.863180 (0.783900 + 0.079280),0.876631 (0.796500 + 0.080131),0.866621 (0.786600 + 0.080021),0.876111 (0.795600 + 0.080511),0.867844 (0.788400 + 0.079444)
91,0.893555 (0.813600 + 0.079955),0.884986 (0.805500 + 0.079486),0.881695 (0.801900 + 0.079795),0.875398 (0.795600 + 0.079798),0.868572 (0.788400 + 0.080172),0.866232 (0.786600 + 0.079632),0.874781 (0.794700 + 0.080081),0.872612 (0.792900 + 0.079712),0.877995 (0.798300 + 0.079695),0.869150 (0.789300 + 0.079850),0.875931 (0.796500 + 0.079431),0.876366 (0.796500 + 0.079866),0.864529 (0.784800 + 0.079729),0.873821 (0.793800 + 0.080021),0.872291 (0.792000 + 0.080291),0.869193 (0.789300 + 0.079893),0.872026 (0.792000 + 0.080026),0.879884 (0.800100 + 0.079785),0.880491 (0.801000 + 0.079491),0.859908 (0.780300 + 0.079608),0.885038 (0.805500 + 0.079538),0.869256 (0.789300 + 0.079956),0.886199 (0.806400 + 0.079799),0.886217 (0.806400 + 0.079817),0.850811 (0.771300 + 0.079511),0.871752 (0.792000 + 0.079752),0.863650 (0.783900 + 0.079750),0.867351 (0.787500 + 0.079851),0.874018 (0.793800 + 0.080218),0.880036 (0.800100 + 0.079936),0.868789 (0.789300 + 0.079489),0.861633 (0.782100 + 0.079533),0.879833 (0.800100 + 0.079733),0.874657 (0.794700 + 0.079957),0.857154 (0.777600 + 0.079554),0.867719 (0.787500 + 0.080219),0.880065 (0.800100 + 0.079965),0.876031 (0.796500 + 0.079531),0.867117 (0.787500 + 0.079617),0.875221 (0.795600 + 0.079621),0.863980 (0.783900 + 0.080080),0.877595 (0.797400 + 0.080195),0.879995 (0.800100 + 0.079895),0.866233 (0.786600 + 0.079633),0.871212 (0.791100 + 0.080112),0.867438 (0.787500 + 0.079938),0.866572 (0.786600 + 0.079972),0.866383 (0.786600 + 0.079783),0.867456 (0.787500 + 0.079956),0.887278 (0.807300 + 0.079978),0.885124 (0.805500 + 0.079624),0.868976 (0.789300 + 0.079676),0.878005 (0.798300 + 0.079705),0.867232 (0.787500 + 0.079732),0.870810 (0.790200 + 0.080610),0.867221 (0.787500 + 0.079721),0.879164 (0.799200 + 0.079964),0.872531 (0.792900 + 0.079631),0.866349 (0.786600 + 0.079749),0.874063 (0.794700 + 0.079363),0.857872 (0.778500 + 0.079372),0.876214 (0.796500 + 0.079714),0.890805 (0.810900 + 0.079905),0.876953 (0.797400 + 0.079554),0.874799 (0.795600 + 0.079199),0.863516 (0.783900 + 0.079616),0.869566 (0.790200 + 0.079366),0.872483 (0.792900 + 0.079583),0.876111 (0.795600 + 0.080511),0.874623 (0.794700 + 0.079923),0.872569 (0.792900 + 0.079669),0.878054 (0.798300 + 0.079754),0.865362 (0.785700 + 0.079662),0.880385 (0.801000 + 0.079385),0.877125 (0.797400 + 0.079725),0.866311 (0.786600 + 0.079711),0.883364 (0.803700 + 0.079664),0.879193 (0.799200 + 0.079993),0.878093 (0.798300 + 0.079793),0.876386 (0.796500 + 0.079886),0.878474 (0.798300 + 0.080174),0.881267 (0.801000 + 0.080267),0.869624 (0.790200 + 0.079424),0.874552 (0.794700 + 0.079852),0.866708 (0.786600 + 0.080108),0.866124 (0.786600 + 0.079524),0.871484 (0.792000 + 0.079484),0.857993 (0.778500 + 0.079493),0.879274 (0.799200 + 0.080074),0.879616 (0.800100 + 0.079516),0.873041 (0.792900 + 0.080141),0.866322 (0.786600 + 0.079722),0.869959 (0.790200 + 0.079759),0.870745 (0.791100 + 0.079645),0.873257 (0.793800 + 0.079457),0.878951 (0.799200 + 0.079751),0.870522 (0.791100 + 0.079422),0.874552 (0.794700 + 0.079852),0.869566 (0.790200 + 0.079366),0.878576 (0.799200 + 0.079376)
92,0.893555 (0.813600 + 0.079955),0.875397 (0.795600 + 0.079797),0.865367 (0.785700 + 0.079667),0.868021 (0.788400 + 0.079621),0.866880 (0.787500 + 0.079380),0.858923 (0.779400 + 0.079523),0.870675 (0.791100 + 0.079575),0.872567 (0.792900 + 0.079667),0.874097 (0.793800 + 0.080297),0.872540 (0.792900 + 0.079640),0.882936 (0.802800 + 0.080136),0.876091 (0.796500 + 0.079592),0.868591 (0.788400 + 0.080191),0.880624 (0.801000 + 0.079624),0.876164 (0.796500 + 0.079664),0.880474 (0.801000 + 0.079474),0.884986 (0.805500 + 0.079486),0.871623 (0.792000 + 0.079623),0.878866 (0.799200 + 0.079666),0.874561 (0.794700 + 0.079861),0.873350 (0.793800 + 0.079550),0.879255 (0.800100 + 0.079155),0.874876 (0.795600 + 0.079276),0.872549 (0.792900 + 0.079649),0.884649 (0.804600 + 0.080049),0.881129 (0.801900 + 0.079229),0.871030 (0.791100 + 0.079930),0.871406 (0.791100 + 0.080306),0.876137 (0.796500 + 0.079637),0.872900 (0.792900 + 0.080000),0.882728 (0.802800 + 0.079928),0.876915 (0.797400 + 0.079516),0.876076 (0.796500 + 0.079576),0.880065 (0.800100 + 0.079965),0.880036 (0.800100 + 0.079936),0.877758 (0.798300 + 0.079458),0.870919 (0.791100 + 0.079819),0.880895 (0.801000 + 0.079896),0.879082 (0.799200 + 0.079882),0.870137 (0.790200 + 0.079937),0.870071 (0.790200 + 0.079871),0.858981 (0.779400 + 0.079581),0.859643 (0.780300 + 0.079343),0.868384 (0.788400 + 0.079984),0.884147 (0.804600 + 0.079547),0.884461 (0.804600 + 0.079861),0.883893 (0.803700 + 0.080193),0.890814 (0.810900 + 0.079914),0.880654 (0.801000 + 0.079654),0.862459 (0.783000 + 0.079459),0.881850 (0.801900 + 0.079950),0.866872 (0.786600 + 0.080272),0.873357 (0.793800 + 0.079557),0.875237 (0.795600 + 0.079637),0.872639 (0.792900 + 0.079739),0.893555 (0.813600 + 0.079955),0.872438 (0.792900 + 0.079538),0.871888 (0.792000 + 0.079888),0.865076 (0.785700 + 0.079376),0.861305 (0.781200 + 0.080105),0.877985 (0.798300 + 0.079685),0.873673 (0.793800 + 0.079873),0.864580 (0.784800 + 0.079780),0.880897 (0.801000 + 0.079897),0.869578 (0.790200 + 0.079378),0.857990 (0.778500 + 0.079490),0.878563 (0.798300 + 0.080263),0.869799 (0.790200 + 0.079599),0.867364 (0.787500 + 0.079864),0.872013 (0.792000 + 0.080013),0.877148 (0.797400 + 0.079748),0.884221 (0.804600 + 0.079621),0.858769 (0.779400 + 0.079369),0.884241 (0.804600 + 0.079641),0.871695 (0.792000 + 0.079695),0.877075 (0.797400 + 0.079675),0.882029 (0.801900 + 0.080129),0.875502 (0.795600 + 0.079902),0.879108 (0.799200 + 0.079908),0.869179 (0.789300 + 0.079879),0.873658 (0.793800 + 0.079858),0.875676 (0.795600 + 0.080076),0.866640 (0.787500 + 0.079140),0.897004 (0.817200 + 0.079804),0.871902 (0.792000 + 0.079902),0.859084 (0.779400 + 0.079684),0.869571 (0.790200 + 0.079371),0.865953 (0.785700 + 0.080253),0.875838 (0.796500 + 0.079338),0.872724 (0.792900 + 0.079824),0.870049 (0.790200 + 0.079849),0.885263 (0.805500 + 0.079763),0.869845 (0.790200 + 0.079645),0.879274 (0.799200 + 0.080074),0.874613 (0.794700 + 0.079913),0.866814 (0.786600 + 0.080214),0.862455 (0.782100 + 0.080355),0.867045 (0.787500 + 0.079545),0.854234 (0.774900 + 0.079334),0.866470 (0.786600 + 0.079870)
93,0.897004 (0.817200 + 0.079804),0.884496 (0.804600 + 0.079896),0.886439 (0.806400 + 0.080039),0.868431 (0.789300 + 0.079131),0.873429 (0.794700 + 0.078729),0.878665 (0.798300 + 0.080365),0.868653 (0.788400 + 0.080253),0.877795 (0.798300 + 0.079495),0.858424 (0.778500 + 0.079924),0.862455 (0.783000 + 0.079455),0.879538 (0.800100 + 0.079438),0.878988 (0.799200 + 0.079788),0.866006 (0.786600 + 0.079406),0.869056 (0.789300 + 0.079756),0.873189 (0.793800 + 0.079389),0.868637 (0.788400 + 0.080237),0.872788 (0.792900 + 0.079889),0.869596 (0.790200 + 0.079396),0.881296 (0.801000 + 0.080296),0.877985 (0.798300 + 0.079685),0.869845 (0.790200 + 0.079645),0.871621 (0.792000 + 0.079621),0.875060 (0.795600 + 0.079460),0.861080 (0.781200 + 0.079880),0.887325 (0.807300 + 0.080025),0.876137 (0.796500 + 0.079637),0.860933 (0.781200 + 0.079733),0.874212 (0.794700 + 0.079512),0.877897 (0.798300 + 0.079597),0.877075 (0.797400 + 0.079675),0.875488 (0.795600 + 0.079888),0.877261 (0.797400 + 0.079861),0.880000 (0.800100 + 0.079900),0.879493 (0.800100 + 0.079393),0.867004 (0.787500 + 0.079504),0.878825 (0.799200 + 0.079625),0.881321 (0.801000 + 0.080321),0.877125 (0.797400 + 0.079726),0.883344 (0.803700 + 0.079644),0.877254 (0.797400 + 0.079854),0.861450 (0.782100 + 0.079350),0.866411 (0.786600 + 0.079811),0.870723 (0.791100 + 0.079623),0.867135 (0.787500 + 0.079635),0.864202 (0.784800 + 0.079403),0.867012 (0.787500 + 0.079512),0.866240 (0.786600 + 0.079640),0.864713 (0.784800 + 0.079913),0.868591 (0.788400 + 0.080191),0.876485 (0.797400 + 0.079085),0.873472 (0.793800 + 0.079672),0.872922 (0.792900 + 0.080022),0.880958 (0.801000 + 0.079958),0.881850 (0.801900 + 0.079950),0.869809 (0.790200 + 0.079609),0.870142 (0.790200 + 0.079942),0.879263 (0.799200 + 0.080063),0.887855 (0.808200 + 0.079655),0.868066 (0.788400 + 0.079666),0.884891 (0.805500 + 0.079391),0.866117 (0.786600 + 0.079517),0.870848 (0.791100 + 0.079748),0.876096 (0.796500 + 0.079596),0.883896 (0.804600 + 0.079296),0.874531 (0.794700 + 0.079831),0.871634 (0.792000 + 0.079634),0.871536 (0.792000 + 0.079536),0.867020 (0.787500 + 0.079520),0.865002 (0.785700 + 0.079302),0.859810 (0.780300 + 0.079510),0.864285 (0.784800 + 0.079485),0.880624 (0.801000 + 0.079624),0.864602 (0.784800 + 0.079802),0.876332 (0.796500 + 0.079832),0.871917 (0.792000 + 0.079917),0.875029 (0.795600 + 0.079429),0.876107 (0.796500 + 0.079607),0.875492 (0.795600 + 0.079892),0.884268 (0.804600 + 0.079668),0.875502 (0.795600 + 0.079902),0.872724 (0.792900 + 0.079824),0.869777 (0.790200 + 0.079577),0.877985 (0.798300 + 0.079685),0.868312 (0.788400 + 0.079912),0.863832 (0.783900 + 0.079932),0.868873 (0.789300 + 0.079573),0.869368 (0.790200 + 0.079168),0.855426 (0.775800 + 0.079626),0.866944 (0.787500 + 0.079444),0.884544 (0.804600 + 0.079944),0.861937 (0.782100 + 0.079837),0.870162 (0.790200 + 0.079962),0.873473 (0.793800 + 0.079673),0.880920 (0.801000 + 0.079920),0.873861 (0.794700 + 0.079161),0.877649 (0.798300 + 0.079349),0.878442 (0.798300 + 0.080142),0.874989 (0.794700 + 0.080289),0.880486 (0.801000 + 0.079486),0.868331 (0.788400 + 0.079931)
94,0.897004 (0.817200 + 0.079804),0.857423 (0.778500 + 0.078923),0.870633 (0.791100 + 0.079533),0.869822 (0.790200 + 0.079622),0.877925 (0.798300 + 0.079625),0.876580 (0.796500 + 0.080080),0.875232 (0.795600 + 0.079632),0.880486 (0.801000 + 0.079486),0.880486 (0.801000 + 0.079486),0.867382 (0.787500 + 0.079882),0.866638 (0.786600 + 0.080038),0.871911 (0.792000 + 0.079911),0.866371 (0.786600 + 0.079771),0.876160 (0.796500 + 0.079660),0.881447 (0.801900 + 0.079547),0.874514 (0.794700 + 0.079814),0.873126 (0.792900 + 0.080226),0.876942 (0.797400 + 0.079542),0.865439 (0.785700 + 0.079739),0.874231 (0.794700 + 0.079531),0.875480 (0.795600 + 0.079880),0.876329 (0.796500 + 0.079829),0.874386 (0.794700 + 0.079686),0.873557 (0.793800 + 0.079757),0.869242 (0.789300 + 0.079942),0.878915 (0.799200 + 0.079715),0.877179 (0.797400 + 0.079779),0.874569 (0.794700 + 0.079870),0.878965 (0.799200 + 0.079765),0.867659 (0.788400 + 0.079259),0.876062 (0.796500 + 0.079562),0.863660 (0.783900 + 0.079760),0.863215 (0.783900 + 0.079315),0.873696 (0.793800 + 0.079896),0.869147 (0.789300 + 0.079847),0.872433 (0.792000 + 0.080433),0.880787 (0.801000 + 0.079787),0.868981 (0.789300 + 0.079681),0.872098 (0.792900 + 0.079198),0.879143 (0.799200 + 0.079943),0.878761 (0.799200 + 0.079561),0.877990 (0.798300 + 0.079690),0.874678 (0.794700 + 0.079978),0.873429 (0.792900 + 0.080529),0.875235 (0.795600 + 0.079635),0.876372 (0.796500 + 0.079872),0.879667 (0.800100 + 0.079567),0.868234 (0.788400 + 0.079834),0.879900 (0.800100 + 0.079800),0.864843 (0.784800 + 0.080043),0.875346 (0.795600 + 0.079746),0.884465 (0.804600 + 0.079865),0.879005 (0.799200 + 0.079805),0.856243 (0.776700 + 0.079543),0.879005 (0.799200 + 0.079805),0.883578 (0.803700 + 0.079878),0.879609 (0.800100 + 0.079509),0.856270 (0.776700 + 0.079570),0.867194 (0.787500 + 0.079694),0.863195 (0.783900 + 0.079295),0.864308 (0.784800 + 0.079508),0.877330 (0.797400 + 0.079930),0.876525 (0.796500 + 0.080025),0.864079 (0.784800 + 0.079279),0.875410 (0.795600 + 0.079810),0.857302 (0.777600 + 0.079702),0.874309 (0.794700 + 0.079609),0.877276 (0.797400 + 0.079876),0.872769 (0.792900 + 0.079869),0.872812 (0.792900 + 0.079912),0.879263 (0.799200 + 0.080063),0.875253 (0.795600 + 0.079653),0.872925 (0.792900 + 0.080025),0.884504 (0.804600 + 0.079904),0.861184 (0.782100 + 0.079084),0.876111 (0.796500 + 0.079611),0.873877 (0.793800 + 0.080077),0.866938 (0.787500 + 0.079438),0.877179 (0.797400 + 0.079779),0.872826 (0.792900 + 0.079926),0.879969 (0.800100 + 0.079869),0.870387 (0.790200 + 0.080187),0.879681 (0.800100 + 0.079581),0.874557 (0.794700 + 0.079857),0.878821 (0.799200 + 0.079621),0.876220 (0.796500 + 0.079720),0.875808 (0.796500 + 0.079308),0.877200 (0.798300 + 0.078900),0.870627 (0.791100 + 0.079527),0.881296 (0.801000 + 0.080296),0.878988 (0.799200 + 0.079788),0.878629 (0.799200 + 0.079429),0.881624 (0.801900 + 0.079724),0.867434 (0.788400 + 0.079034),0.866083 (0.786600 + 0.079483),0.874233 (0.794700 + 0.079533),0.866270 (0.786600 + 0.079670),0.875899 (0.796500 + 0.079399),0.887325 (0.807300 + 0.080025),0.861564 (0.782100 + 0.079464)
95,0.897004 (0.817200 + 0.079804),0.881313 (0.801900 + 0.079413),0.872814 (0.792900 + 0.079914),0.885288 (0.805500 + 0.079788),0.892538 (0.812700 + 0.079838),0.868907 (0.789300 + 0.079607),0.865678 (0.785700 + 0.079978),0.887325 (0.807300 + 0.080025),0.872448 (0.792900 + 0.079548),0.883574 (0.803700 + 0.079874),0.887983 (0.808200 + 0.079783),0.881007 (0.801000 + 0.080007),0.873690 (0.793800 + 0.079890),0.881296 (0.801000 + 0.080296),0.876329 (0.796500 + 0.079829),0.873442 (0.793800 + 0.079642),0.878922 (0.799200 + 0.079722),0.880042 (0.800100 + 0.079942),0.873931 (0.794700 + 0.079231),0.870754 (0.791100 + 0.079654),0.869845 (0.790200 + 0.079645),0.874241 (0.794700 + 0.079541),0.863402 (0.783900 + 0.079502),0.866966 (0.787500 + 0.079466),0.878763 (0.799200 + 0.079563),0.879307 (0.799200 + 0.080107),0.865794 (0.785700 + 0.080094),0.865512 (0.786600 + 0.078912),0.869116 (0.789300 + 0.079816),0.877640 (0.798300 + 0.079340),0.869254 (0.789300 + 0.079954),0.875232 (0.795600 + 0.079632),0.867194 (0.787500 + 0.079694),0.876726 (0.797400 + 0.079327),0.869565 (0.790200 + 0.079365),0.875271 (0.795600 + 0.079671),0.877368 (0.797400 + 0.079968),0.877029 (0.797400 + 0.079629),0.867761 (0.788400 + 0.079361),0.856228 (0.775800 + 0.080428),0.868539 (0.788400 + 0.080139),0.874694 (0.794700 + 0.079994),0.872232 (0.792000 + 0.080232),0.857148 (0.777600 + 0.079548),0.880805 (0.801000 + 0.079805),0.880147 (0.801000 + 0.079147),0.870635 (0.791100 + 0.079535),0.863297 (0.783900 + 0.079398),0.873031 (0.792900 + 0.080131),0.881545 (0.801900 + 0.079645),0.868866 (0.789300 + 0.079566),0.857016 (0.776700 + 0.080316),0.869197 (0.789300 + 0.079897),0.876525 (0.796500 + 0.080025),0.872098 (0.792900 + 0.079198),0.875378 (0.795600 + 0.079778),0.868001 (0.788400 + 0.079601),0.867249 (0.787500 + 0.079749),0.877339 (0.797400 + 0.079939),0.873877 (0.793800 + 0.080077),0.875996 (0.796500 + 0.079496),0.874178 (0.794700 + 0.079478),0.864168 (0.784800 + 0.079368),0.878901 (0.799200 + 0.079701),0.874297 (0.794700 + 0.079597),0.869823 (0.790200 + 0.079623),0.873349 (0.793800 + 0.079549),0.877364 (0.797400 + 0.079964),0.878359 (0.798300 + 0.080059),0.881645 (0.801900 + 0.079745),0.870950 (0.791100 + 0.079850),0.874022 (0.794700 + 0.079322),0.882691 (0.802800 + 0.079891),0.867101 (0.787500 + 0.079601),0.880504 (0.801000 + 0.079504),0.877057 (0.797400 + 0.079657),0.866729 (0.787500 + 0.079229),0.864157 (0.783900 + 0.080257),0.886064 (0.806400 + 0.079664),0.876838 (0.797400 + 0.079438),0.873700 (0.793800 + 0.079900),0.869147 (0.789300 + 0.079847),0.875225 (0.795600 + 0.079625),0.883578 (0.803700 + 0.079878),0.872769 (0.792900 + 0.079869),0.877179 (0.797400 + 0.079779),0.870387 (0.790200 + 0.080187),0.878277 (0.799200 + 0.079077),0.866886 (0.787500 + 0.079386),0.859465 (0.780300 + 0.079165),0.872232 (0.792900 + 0.079333),0.879965 (0.800100 + 0.079865),0.869085 (0.789300 + 0.079785),0.860953 (0.781200 + 0.079753),0.873462 (0.793800 + 0.079662),0.869777 (0.790200 + 0.079577),0.868101 (0.788400 + 0.079701),0.886182 (0.806400 + 0.079782),0.863508 (0.783900 + 0.079608),0.882800 (0.802800 + 0.080000)
96,0.897004 (0.817200 + 0.079804),0.883539 (0.803700 + 0.079839),0.871745 (0.792000 + 0.079745),0.877354 (0.797400 + 0.079954),0.878135 (0.798300 + 0.079835),0.865705 (0.785700 + 0.080005),0.876230 (0.796500 + 0.079730),0.872314 (0.792900 + 0.079415),0.877300 (0.797400 + 0.079900),0.871002 (0.791100 + 0.079902),0.858971 (0.779400 + 0.079571),0.880714 (0.801000 + 0.079714),0.875213 (0.795600 + 0.079613),0.875276 (0.795600 + 0.079676),0.878230 (0.798300 + 0.079930),0.869386 (0.789300 + 0.080086),0.863907 (0.783900 + 0.080007),0.877971 (0.798300 + 0.079671),0.876517 (0.796500 + 0.080017),0.861158 (0.781200 + 0.079958),0.865773 (0.785700 + 0.080073),0.887213 (0.807300 + 0.079913),0.869576 (0.789300 + 0.080276),0.880750 (0.801000 + 0.079751),0.880923 (0.801000 + 0.079923),0.867384 (0.788400 + 0.078984),0.877601 (0.798300 + 0.079301),0.878125 (0.798300 + 0.079825),0.878718 (0.799200 + 0.079518),0.865522 (0.785700 + 0.079822),0.872023 (0.792000 + 0.080023),0.880173 (0.801000 + 0.079173),0.868876 (0.789300 + 0.079576),0.874671 (0.794700 + 0.079971),0.877772 (0.798300 + 0.079472),0.859200 (0.779400 + 0.079800),0.862507 (0.783000 + 0.079507),0.874419 (0.794700 + 0.079719),0.870113 (0.790200 + 0.079913),0.872385 (0.792900 + 0.079485),0.869936 (0.790200 + 0.079736),0.877350 (0.797400 + 0.079950),0.873940 (0.793800 + 0.080140),0.878062 (0.798300 + 0.079762),0.870776 (0.791100 + 0.079676),0.875395 (0.795600 + 0.079795),0.873791 (0.793800 + 0.079991),0.880556 (0.801000 + 0.079556),0.881468 (0.801900 + 0.079568),0.880165 (0.800100 + 0.080065),0.874684 (0.794700 + 0.079984),0.879776 (0.800100 + 0.079676),0.877344 (0.797400 + 0.079945),0.873231 (0.793800 + 0.079431),0.866392 (0.786600 + 0.079792),0.873645 (0.793800 + 0.079845),0.879486 (0.800100 + 0.079386),0.879250 (0.800100 + 0.079150),0.874221 (0.794700 + 0.079521),0.873650 (0.793800 + 0.079850),0.875453 (0.795600 + 0.079853),0.887982 (0.808200 + 0.079782),0.879086 (0.799200 + 0.079886),0.888534 (0.809100 + 0.079434),0.878002 (0.798300 + 0.079702),0.873287 (0.793800 + 0.079487),0.876976 (0.797400 + 0.079576),0.869949 (0.790200 + 0.079749),0.877364 (0.797400 + 0.079964),0.874387 (0.794700 + 0.079687),0.887102 (0.807300 + 0.079802),0.865115 (0.785700 + 0.079415),0.868955 (0.789300 + 0.079655),0.875355 (0.795600 + 0.079755),0.881210 (0.801000 + 0.080210),0.887938 (0.808200 + 0.079738),0.880020 (0.800100 + 0.079920),0.869916 (0.790200 + 0.079716),0.877678 (0.798300 + 0.079378),0.878756 (0.799200 + 0.079556),0.866401 (0.786600 + 0.079801),0.887983 (0.808200 + 0.079783),0.869116 (0.789300 + 0.079816),0.872804 (0.792900 + 0.079904),0.866558 (0.786600 + 0.079958),0.882336 (0.802800 + 0.079536),0.866866 (0.786600 + 0.080266),0.878334 (0.798300 + 0.080034),0.878850 (0.799200 + 0.079650),0.878137 (0.798300 + 0.079837),0.874991 (0.795600 + 0.079391),0.873812 (0.793800 + 0.080012),0.869382 (0.790200 + 0.079182),0.873555 (0.793800 + 0.079755),0.869777 (0.790200 + 0.079577),0.879607 (0.800100 + 0.079507),0.862967 (0.783000 + 0.079967),0.884318 (0.804600 + 0.079718),0.881296 (0.801000 + 0.080296),0.874442 (0.794700 + 0.079742)
97,0.897004 (0.817200 + 0.079804),0.887938 (0.808200 + 0.079738),0.874684 (0.794700 + 0.079984),0.882739 (0.802800 + 0.079939),0.874388 (0.794700 + 0.079688),0.871624 (0.792000 + 0.079624),0.880269 (0.801000 + 0.079269),0.871340 (0.792000 + 0.079340),0.885031 (0.805500 + 0.079532),0.879425 (0.799200 + 0.080225),0.881642 (0.801900 + 0.079742),0.879865 (0.800100 + 0.079765),0.880428 (0.801000 + 0.079428),0.873193 (0.793800 + 0.079393),0.879889 (0.800100 + 0.079789),0.873551 (0.793800 + 0.079751),0.878218 (0.798300 + 0.079918),0.861798 (0.782100 + 0.079698),0.878039 (0.798300 + 0.079739),0.862106 (0.783000 + 0.079106),0.873401 (0.793800 + 0.079601),0.875482 (0.795600 + 0.079882),0.865879 (0.785700 + 0.080179),0.870918 (0.791100 + 0.079818),0.875548 (0.795600 + 0.079948),0.874014 (0.794700 + 0.079314),0.886063 (0.806400 + 0.079663),0.866254 (0.786600 + 0.079654),0.866273 (0.786600 + 0.079673),0.880455 (0.801000 + 0.079455),0.876763 (0.796500 + 0.080263),0.862059 (0.782100 + 0.079959),0.878795 (0.799200 + 0.079595),0.873470 (0.793800 + 0.079670),0.874727 (0.794700 + 0.080027),0.868337 (0.788400 + 0.079937),0.878009 (0.798300 + 0.079709),0.873190 (0.793800 + 0.079390),0.869988 (0.790200 + 0.079788),0.882446 (0.802800 + 0.079646),0.865892 (0.785700 + 0.080192),0.861807 (0.782100 + 0.079707),0.871223 (0.791100 + 0.080123),0.874185 (0.794700 + 0.079485),0.877928 (0.798300 + 0.079628),0.857497 (0.778500 + 0.078997),0.873329 (0.793800 + 0.079529),0.871801 (0.792000 + 0.079801),0.872694 (0.792900 + 0.079794),0.882336 (0.802800 + 0.079536),0.872640 (0.792900 + 0.079740),0.877227 (0.797400 + 0.079827),0.885164 (0.805500 + 0.079664),0.873292 (0.793800 + 0.079492),0.879075 (0.799200 + 0.079875),0.879239 (0.799200 + 0.080039),0.874430 (0.794700 + 0.079730),0.873520 (0.793800 + 0.079720),0.864991 (0.784800 + 0.080191),0.878461 (0.799200 + 0.079261),0.855304 (0.774900 + 0.080404),0.866345 (0.786600 + 0.079745),0.881019 (0.801000 + 0.080019),0.875395 (0.796500 + 0.078895),0.884474 (0.804600 + 0.079874),0.878850 (0.799200 + 0.079650),0.867188 (0.787500 + 0.079688),0.865327 (0.785700 + 0.079627),0.888000 (0.808200 + 0.079800),0.873463 (0.793800 + 0.079663),0.877750 (0.798300 + 0.079450),0.862683 (0.783000 + 0.079683),0.872459 (0.792900 + 0.079559),0.882694 (0.802800 + 0.079894),0.872708 (0.793800 + 0.078908),0.876191 (0.796500 + 0.079691),0.876612 (0.797400 + 0.079212),0.877240 (0.797400 + 0.079841),0.876641 (0.796500 + 0.080141),0.878230 (0.798300 + 0.079930),0.877678 (0.798300 + 0.079378),0.873225 (0.793800 + 0.079425),0.878900 (0.799200 + 0.079700),0.868908 (0.789300 + 0.079608),0.882770 (0.803700 + 0.079070),0.881718 (0.801900 + 0.079818),0.868191 (0.788400 + 0.079791),0.869274 (0.789300 + 0.079975),0.878306 (0.798300 + 0.080006),0.872157 (0.792000 + 0.080157),0.853988 (0.774900 + 0.079089),0.878204 (0.798300 + 0.079904),0.879951 (0.800100 + 0.079851),0.874584 (0.794700 + 0.079884),0.880872 (0.801000 + 0.079872),0.881871 (0.801900 + 0.079971),0.878368 (0.799200 + 0.079168),0.885406 (0.805500 + 0.079906),0.876758 (0.796500 + 0.080258),0.866266 (0.786600 + 0.079666)
98,0.897004 (0.817200 + 0.079804),0.875473 (0.795600 + 0.079873),0.878305 (0.798300 + 0.080005),0.879789 (0.800100 + 0.079689),0.862261 (0.783000 + 0.079261),0.880374 (0.801000 + 0.079374),0.880293 (0.801000 + 0.079293),0.879989 (0.800100 + 0.079889),0.863997 (0.784800 + 0.079197),0.871858 (0.792000 + 0.079858),0.878714 (0.799200 + 0.079514),0.873546 (0.793800 + 0.079746),0.872380 (0.792900 + 0.079480),0.868788 (0.789300 + 0.079488),0.884520 (0.804600 + 0.079920),0.878945 (0.799200 + 0.079745),0.874397 (0.794700 + 0.079697),0.871666 (0.792000 + 0.079666),0.880925 (0.801000 + 0.079925),0.878258 (0.798300 + 0.079958),0.880815 (0.801000 + 0.079815),0.871844 (0.792000 + 0.079844),0.882813 (0.802800 + 0.080013),0.880668 (0.801000 + 0.079668),0.860554 (0.781200 + 0.079354),0.881456 (0.802800 + 0.078656),0.869712 (0.790200 + 0.079512),0.881738 (0.801900 + 0.079838),0.892517 (0.812700 + 0.079817),0.880092 (0.800100 + 0.079992),0.876143 (0.796500 + 0.079643),0.877973 (0.798300 + 0.079673),0.870680 (0.792000 + 0.078680),0.881495 (0.801900 + 0.079595),0.865453 (0.785700 + 0.079753),0.887148 (0.807300 + 0.079848),0.879130 (0.799200 + 0.079930),0.879846 (0.800100 + 0.079746),0.882244 (0.802800 + 0.079444),0.878900 (0.799200 + 0.079700),0.873292 (0.793800 + 0.079492),0.881019 (0.801000 + 0.080019),0.879425 (0.799200 + 0.080225),0.866221 (0.786600 + 0.079621),0.858800 (0.779400 + 0.079400),0.881642 (0.801900 + 0.079742),0.879889 (0.800100 + 0.079789),0.870727 (0.791100 + 0.079627),0.873540 (0.793800 + 0.079740),0.863509 (0.783900 + 0.079609),0.871726 (0.792000 + 0.079726),0.867164 (0.787500 + 0.079664),0.885550 (0.805500 + 0.080051),0.876337 (0.796500 + 0.079837),0.880743 (0.801000 + 0.079743),0.870029 (0.790200 + 0.079829),0.871216 (0.791100 + 0.080116),0.870441 (0.791100 + 0.079341),0.869988 (0.790200 + 0.079788),0.886131 (0.806400 + 0.079731),0.859456 (0.779400 + 0.080056),0.865563 (0.785700 + 0.079863),0.878796 (0.798300 + 0.080496),0.882694 (0.802800 + 0.079894),0.873470 (0.793800 + 0.079670),0.873549 (0.793800 + 0.079749),0.874920 (0.795600 + 0.079320),0.871960 (0.792000 + 0.079960),0.871633 (0.792000 + 0.079633),0.886070 (0.806400 + 0.079670),0.881352 (0.801900 + 0.079452),0.878230 (0.798300 + 0.079930),0.887938 (0.808200 + 0.079738),0.881962 (0.801900 + 0.080063),0.874705 (0.794700 + 0.080005),0.886654 (0.806400 + 0.080254),0.880708 (0.801000 + 0.079708),0.881929 (0.801900 + 0.080029),0.876303 (0.796500 + 0.079803),0.874808 (0.795600 + 0.079208),0.873674 (0.793800 + 0.079874),0.866494 (0.786600 + 0.079894),0.884220 (0.804600 + 0.079620),0.877742 (0.798300 + 0.079442),0.864300 (0.784800 + 0.079500),0.876241 (0.796500 + 0.079741),0.866893 (0.787500 + 0.079393),0.890503 (0.810900 + 0.079603),0.890783 (0.810900 + 0.079883),0.872100 (0.792000 + 0.080100),0.870066 (0.790200 + 0.079866),0.884461 (0.804600 + 0.079861),0.873972 (0.793800 + 0.080172),0.876957 (0.797400 + 0.079557),0.882694 (0.802800 + 0.079894),0.859846 (0.780300 + 0.079546),0.869656 (0.790200 + 0.079456),0.885164 (0.805500 + 0.079664),0.872527 (0.792900 + 0.079627),0.885406 (0.805500 + 0.079906)
99,0.897004 (0.817200 + 0.079804),0.876072 (0.796500 + 0.079572),0.868390 (0.788400 + 0.079990),0.880309 (0.801000 + 0.079310),0.880293 (0.801000 + 0.079293),0.864662 (0.785700 + 0.078962),0.882368 (0.802800 + 0.079568),0.872504 (0.792900 + 0.079604),0.872632 (0.792900 + 0.079732),0.873518 (0.793800 + 0.079718),0.881932 (0.801900 + 0.080032),0.873049 (0.793800 + 0.079249),0.879540 (0.800100 + 0.079440),0.868952 (0.789300 + 0.079652),0.877056 (0.797400 + 0.079656),0.870160 (0.790200 + 0.079960),0.853753 (0.774000 + 0.079753),0.876237 (0.796500 + 0.079737),0.872010 (0.792000 + 0.080010),0.878037 (0.798300 + 0.079737),0.869010 (0.789300 + 0.079710),0.889709 (0.810000 + 0.079709),0.867182 (0.787500 + 0.079682),0.858469 (0.778500 + 0.079969),0.871977 (0.792000 + 0.079977),0.883354 (0.803700 + 0.079655),0.877075 (0.797400 + 0.079675),0.868065 (0.788400 + 0.079665),0.873712 (0.793800 + 0.079912),0.886131 (0.806400 + 0.079731),0.861276 (0.781200 + 0.080076),0.872872 (0.792900 + 0.079972),0.879347 (0.799200 + 0.080147),0.870451 (0.791100 + 0.079351),0.874336 (0.794700 + 0.079636),0.882805 (0.802800 + 0.080005),0.875693 (0.795600 + 0.080093),0.877058 (0.797400 + 0.079658),0.878955 (0.799200 + 0.079755),0.887653 (0.808200 + 0.079453),0.885100 (0.805500 + 0.079600),0.871762 (0.792000 + 0.079762),0.872814 (0.792900 + 0.079914),0.873534 (0.793800 + 0.079734),0.877214 (0.797400 + 0.079814),0.877796 (0.799200 + 0.078596),0.896165 (0.816300 + 0.079865),0.872664 (0.792900 + 0.079764),0.871179 (0.791100 + 0.080079),0.880743 (0.801000 + 0.079743),0.857209 (0.777600 + 0.079609),0.866614 (0.786600 + 0.080014),0.862803 (0.783000 + 0.079803),0.866091 (0.786600 + 0.079491),0.874535 (0.794700 + 0.079835),0.881526 (0.801900 + 0.079627),0.870591 (0.791100 + 0.079491),0.873621 (0.793800 + 0.079821),0.863812 (0.783900 + 0.079912),0.873618 (0.794700 + 0.078918),0.869627 (0.790200 + 0.079427),0.877400 (0.797400 + 0.080000),0.878692 (0.799200 + 0.079492),0.869852 (0.790200 + 0.079652),0.867379 (0.787500 + 0.079879),0.877833 (0.798300 + 0.079533),0.868884 (0.789300 + 0.079584),0.883484 (0.803700 + 0.079784),0.880684 (0.801000 + 0.079684),0.874217 (0.794700 + 0.079517),0.883594 (0.803700 + 0.079894),0.879989 (0.800100 + 0.079889),0.859546 (0.780300 + 0.079246),0.874631 (0.794700 + 0.079931),0.873492 (0.793800 + 0.079692),0.874212 (0.794700 + 0.079512),0.867075 (0.787500 + 0.079575),0.885589 (0.806400 + 0.079189),0.874710 (0.794700 + 0.080010),0.878971 (0.799200 + 0.079771),0.875162 (0.795600 + 0.079562),0.863460 (0.783900 + 0.079560),0.872312 (0.792900 + 0.079412),0.878585 (0.798300 + 0.080285),0.869852 (0.790200 + 0.079652),0.882278 (0.802800 + 0.079478),0.883338 (0.803700 + 0.079638),0.875067 (0.795600 + 0.079467),0.878386 (0.799200 + 0.079186),0.869673 (0.789300 + 0.080373),0.865416 (0.785700 + 0.079716),0.868108 (0.788400 + 0.079708),0.873368 (0.793800 + 0.079568),0.886070 (0.806400 + 0.079670),0.876303 (0.796500 + 0.079803),0.879088 (0.799200 + 0.079888),0.887448 (0.808200 + 0.079248),0.878703 (0.799200 + 0.079503),0.877056 (0.797400 + 0.079656),0.880660 (0.801000 + 0.079660)
100,0.897004 (0.817200 + 0.079804),0.861621 (0.782100 + 0.079521),0.886603 (0.807300 + 0.079303),0.877959 (0.798300 + 0.079659),0.869161 (0.790200 + 0.078961),0.877833 (0.798300 + 0.079533),0.871668 (0.792000 + 0.079668),0.872348 (0.792900 + 0.079448),0.873705 (0.793800 + 0.079905),0.884543 (0.804600 + 0.079943),0.874517 (0.794700 + 0.079817),0.869828 (0.790200 + 0.079628),0.875896 (0.796500 + 0.079396),0.875245 (0.795600 + 0.079645),0.865300 (0.785700 + 0.079599),0.876684 (0.797400 + 0.079284),0.879645 (0.800100 + 0.079545),0.897004 (0.817200 + 0.079804),0.885100 (0.805500 + 0.079600),0.875304 (0.795600 + 0.079704),0.874710 (0.795600 + 0.079110),0.878037 (0.798300 + 0.079737),0.873534 (0.793800 + 0.079734),0.883484 (0.803700 + 0.079784),0.883354 (0.803700 + 0.079655),0.868615 (0.789300 + 0.079315),0.883508 (0.803700 + 0.079808),0.874749 (0.794700 + 0.080049),0.878325 (0.798300 + 0.080025),0.861464 (0.783000 + 0.078464),0.881541 (0.801900 + 0.079641),0.884316 (0.804600 + 0.079716),0.882808 (0.803700 + 0.079108),0.880000 (0.800100 + 0.079900),0.876408 (0.796500 + 0.079908),0.876022 (0.796500 + 0.079522),0.877603 (0.798300 + 0.079303),0.877056 (0.797400 + 0.079656),0.869852 (0.790200 + 0.079652),0.889709 (0.810000 + 0.079709),0.880684 (0.801000 + 0.079684),0.860650 (0.781200 + 0.079450),0.875353 (0.795600 + 0.079753),0.882923 (0.803700 + 0.079223),0.874447 (0.794700 + 0.079747),0.848663 (0.769500 + 0.079163),0.879554 (0.800100 + 0.079454),0.870995 (0.792000 + 0.078995),0.873178 (0.793800 + 0.079378),0.876303 (0.796500 + 0.079803),0.873518 (0.793800 + 0.079718),0.875763 (0.796500 + 0.079263),0.876014 (0.796500 + 0.079514),0.876195 (0.796500 + 0.079695),0.884525 (0.804600 + 0.079925),0.883594 (0.803700 + 0.079894),0.872435 (0.792900 + 0.079535),0.872383 (0.792900 + 0.079483),0.870905 (0.791100 + 0.079805),0.876070 (0.796500 + 0.079570),0.887290 (0.808200 + 0.079090),0.884743 (0.804600 + 0.080143),0.882459 (0.802800 + 0.079659),0.881390 (0.801900 + 0.079490),0.871363 (0.792000 + 0.079363),0.877214 (0.797400 + 0.079814),0.870975 (0.792000 + 0.078975),0.867402 (0.787500 + 0.079902),0.876224 (0.796500 + 0.079725),0.887006 (0.807300 + 0.079706),0.871532 (0.792000 + 0.079532),0.881591 (0.801900 + 0.079691),0.888127 (0.808200 + 0.079927),0.880293 (0.801000 + 0.079293),0.866091 (0.786600 + 0.079491),0.862611 (0.783000 + 0.079611),0.876260 (0.796500 + 0.079760),0.881230 (0.801900 + 0.079330),0.875796 (0.796500 + 0.079296),0.854613 (0.774900 + 0.079713),0.883468 (0.803700 + 0.079768),0.871497 (0.792000 + 0.079497),0.868771 (0.789300 + 0.079471),0.867961 (0.788400 + 0.079561),0.876233 (0.796500 + 0.079733),0.876628 (0.796500 + 0.080128),0.875415 (0.795600 + 0.079815),0.880354 (0.801000 + 0.079354),0.889495 (0.810000 + 0.079496),0.874100 (0.794700 + 0.079400),0.871708 (0.792000 + 0.079708),0.860058 (0.780300 + 0.079758),0.871640 (0.792000 + 0.079640),0.866597 (0.786600 + 0.079997),0.869684 (0.790200 + 0.079484),0.880376 (0.801000 + 0.079376),0.871477 (0.792000 + 0.079477),0.891382 (0.811800 + 0.079582),0.861245 (0.782100 + 0.079145),0.865279 (0.786600 + 0.078679)
