Generation,Entry1,Entry2,Entry3,Entry4,Entry5,Entry6,Entry7,Entry8,Entry9,Entry10,Entry11,Entry12,Entry13,Entry14,Entry15,Entry16,Entry17,Entry18,Entry19,Entry20,Entry21,Entry22,Entry23,Entry24,Entry25,Entry26,Entry27,Entry28,Entry29,Entry30,Entry31,Entry32,Entry33,Entry34,Entry35,Entry36,Entry37,Entry38,Entry39,Entry40,Entry41,Entry42,Entry43,Entry44,Entry45,Entry46,Entry47,Entry48,Entry49,Entry50,Entry51,Entry52,Entry53,Entry54,Entry55,Entry56,Entry57,Entry58,Entry59,Entry60,Entry61,Entry62,Entry63,Entry64,Entry65,Entry66,Entry67,Entry68,Entry69,Entry70,Entry71,Entry72,Entry73,Entry74,Entry75,Entry76,Entry77,Entry78,Entry79,Entry80,Entry81,Entry82,Entry83,Entry84,Entry85,Entry86,Entry87,Entry88,Entry89,Entry90,Entry91,Entry92,Entry93,Entry94,Entry95,Entry96,Entry97,Entry98,Entry99,Entry100
1,0.825867 (0.743400 + 0.082467),0.790420 (0.709200 + 0.081220),0.820432 (0.738000 + 0.082432),0.828111 (0.747000 + 0.081111),0.816478 (0.734400 + 0.082078),0.826068 (0.742500 + 0.083568),0.808202 (0.726300 + 0.081902),0.796315 (0.714600 + 0.081715),0.822594 (0.739800 + 0.082794),0.826775 (0.744300 + 0.082475),0.823481 (0.742500 + 0.080981),0.800376 (0.718200 + 0.082176),0.815598 (0.733500 + 0.082098),0.818767 (0.735300 + 0.083467),0.804320 (0.722700 + 0.081620),0.810652 (0.729000 + 0.081652),0.819943 (0.738900 + 0.081043),0.820495 (0.738000 + 0.082495),0.834492 (0.751500 + 0.082992),0.810142 (0.729000 + 0.081142),0.824381 (0.743400 + 0.080981),0.813157 (0.731700 + 0.081457),0.829507 (0.747900 + 0.081607),0.825412 (0.742500 + 0.082912),0.819632 (0.737100 + 0.082532),0.809435 (0.727200 + 0.082235),0.821815 (0.739800 + 0.082015),0.815029 (0.732600 + 0.082429),0.822087 (0.738900 + 0.083187),0.819781 (0.738000 + 0.081781),0.812101 (0.730800 + 0.081301),0.818704 (0.736200 + 0.082504),0.815037 (0.732600 + 0.082437),0.807438 (0.725400 + 0.082038),0.821014 (0.739800 + 0.081214),0.825152 (0.743400 + 0.081752),0.817402 (0.735300 + 0.082102),0.813204 (0.730800 + 0.082404),0.810703 (0.729000 + 0.081703),0.837165 (0.756000 + 0.081165),0.823711 (0.741600 + 0.082111),0.810124 (0.727200 + 0.082924),0.819400 (0.738000 + 0.081400),0.832806 (0.751500 + 0.081306),0.818114 (0.737100 + 0.081014),0.810300 (0.728100 + 0.082200),0.817336 (0.735300 + 0.082036),0.821617 (0.738900 + 0.082717),0.823724 (0.741600 + 0.082124),0.826644 (0.744300 + 0.082344),0.826434 (0.744300 + 0.082134),0.815571 (0.733500 + 0.082071),0.809821 (0.727200 + 0.082621),0.817258 (0.736200 + 0.081058),0.829366 (0.747000 + 0.082366),0.825927 (0.745200 + 0.080727),0.818949 (0.736200 + 0.082749),0.814333 (0.732600 + 0.081733),0.826524 (0.744300 + 0.082224),0.820889 (0.738000 + 0.082889),0.814135 (0.731700 + 0.082435),0.818933 (0.737100 + 0.081833),0.816622 (0.735300 + 0.081322),0.816135 (0.734400 + 0.081735),0.810008 (0.728100 + 0.081908),0.819700 (0.737100 + 0.082600),0.818368 (0.736200 + 0.082168),0.828609 (0.746100 + 0.082509),0.834541 (0.752400 + 0.082141),0.803184 (0.720900 + 0.082284),0.813801 (0.731700 + 0.082101),0.829710 (0.748800 + 0.080910),0.803592 (0.721800 + 0.081792),0.808285 (0.725400 + 0.082885),0.807745 (0.726300 + 0.081445),0.818737 (0.736200 + 0.082537),0.817633 (0.735300 + 0.082334),0.813431 (0.730800 + 0.082631),0.813012 (0.730800 + 0.082212),0.824293 (0.741600 + 0.082693),0.819681 (0.737100 + 0.082581),0.826575 (0.744300 + 0.082275),0.829096 (0.746100 + 0.082996),0.822537 (0.740700 + 0.081837),0.812620 (0.729900 + 0.082720),0.823177 (0.740700 + 0.082477),0.816799 (0.735300 + 0.081500),0.829435 (0.747000 + 0.082435),0.810242 (0.728100 + 0.082142),0.824225 (0.742500 + 0.081725),0.818066 (0.736200 + 0.081866),0.824046 (0.741600 + 0.082446),0.819139 (0.738000 + 0.081139),0.821899 (0.739800 + 0.082099),0.831172 (0.747900 + 0.083272),0.818240 (0.736200 + 0.082040),0.835194 (0.752400 + 0.082794),0.823421 (0.740700 + 0.082721),0.817577 (0.735300 + 0.082277),0.821929 (0.738900 + 0.083029)
2,0.825867 (0.743400 + 0.082467),0.790420 (0.709200 + 0.081220),0.820432 (0.738000 + 0.082432),0.828111 (0.747000 + 0.081111),0.816478 (0.734400 + 0.082078),0.826068 (0.742500 + 0.083568),0.808202 (0.726300 + 0.081902),0.796315 (0.714600 + 0.081715),0.822594 (0.739800 + 0.082794),0.826775 (0.744300 + 0.082475),0.823481 (0.742500 + 0.080981),0.800376 (0.718200 + 0.082176),0.815598 (0.733500 + 0.082098),0.818767 (0.735300 + 0.083467),0.804320 (0.722700 + 0.081620),0.810652 (0.729000 + 0.081652),0.819943 (0.738900 + 0.081043),0.820495 (0.738000 + 0.082495),0.834492 (0.751500 + 0.082992),0.810142 (0.729000 + 0.081142),0.824381 (0.743400 + 0.080981),0.813157 (0.731700 + 0.081457),0.829507 (0.747900 + 0.081607),0.825412 (0.742500 + 0.082912),0.819632 (0.737100 + 0.082532),0.809435 (0.727200 + 0.082235),0.821815 (0.739800 + 0.082015),0.815029 (0.732600 + 0.082429),0.822087 (0.738900 + 0.083187),0.819781 (0.738000 + 0.081781),0.812101 (0.730800 + 0.081301),0.818704 (0.736200 + 0.082504),0.815037 (0.732600 + 0.082437),0.807438 (0.725400 + 0.082038),0.821014 (0.739800 + 0.081214),0.825152 (0.743400 + 0.081752),0.817402 (0.735300 + 0.082102),0.813204 (0.730800 + 0.082404),0.810703 (0.729000 + 0.081703),0.837165 (0.756000 + 0.081165),0.823711 (0.741600 + 0.082111),0.810124 (0.727200 + 0.082924),0.819400 (0.738000 + 0.081400),0.832806 (0.751500 + 0.081306),0.818114 (0.737100 + 0.081014),0.810300 (0.728100 + 0.082200),0.817336 (0.735300 + 0.082036),0.821617 (0.738900 + 0.082717),0.823724 (0.741600 + 0.082124),0.826644 (0.744300 + 0.082344),0.826434 (0.744300 + 0.082134),0.815571 (0.733500 + 0.082071),0.809821 (0.727200 + 0.082621),0.817258 (0.736200 + 0.081058),0.829366 (0.747000 + 0.082366),0.825927 (0.745200 + 0.080727),0.818949 (0.736200 + 0.082749),0.814333 (0.732600 + 0.081733),0.826524 (0.744300 + 0.082224),0.820889 (0.738000 + 0.082889),0.814135 (0.731700 + 0.082435),0.818933 (0.737100 + 0.081833),0.816622 (0.735300 + 0.081322),0.816135 (0.734400 + 0.081735),0.810008 (0.728100 + 0.081908),0.819700 (0.737100 + 0.082600),0.818368 (0.736200 + 0.082168),0.828609 (0.746100 + 0.082509),0.834541 (0.752400 + 0.082141),0.803184 (0.720900 + 0.082284),0.813801 (0.731700 + 0.082101),0.829710 (0.748800 + 0.080910),0.803592 (0.721800 + 0.081792),0.808285 (0.725400 + 0.082885),0.807745 (0.726300 + 0.081445),0.818737 (0.736200 + 0.082537),0.817633 (0.735300 + 0.082334),0.813431 (0.730800 + 0.082631),0.813012 (0.730800 + 0.082212),0.824293 (0.741600 + 0.082693),0.819681 (0.737100 + 0.082581),0.826575 (0.744300 + 0.082275),0.829096 (0.746100 + 0.082996),0.822537 (0.740700 + 0.081837),0.812620 (0.729900 + 0.082720),0.823177 (0.740700 + 0.082477),0.816799 (0.735300 + 0.081500),0.829435 (0.747000 + 0.082435),0.810242 (0.728100 + 0.082142),0.824225 (0.742500 + 0.081725),0.818066 (0.736200 + 0.081866),0.824046 (0.741600 + 0.082446),0.819139 (0.738000 + 0.081139),0.821899 (0.739800 + 0.082099),0.831172 (0.747900 + 0.083272),0.818240 (0.736200 + 0.082040),0.835194 (0.752400 + 0.082794),0.823421 (0.740700 + 0.082721),0.817577 (0.735300 + 0.082277),0.821929 (0.738900 + 0.083029)
3,0.837165 (0.756000 + 0.081165),0.830850 (0.748800 + 0.082050),0.824975 (0.742500 + 0.082475),0.828904 (0.746100 + 0.082804),0.811280 (0.728100 + 0.083180),0.826504 (0.745200 + 0.081304),0.826599 (0.744300 + 0.082299),0.813036 (0.730800 + 0.082236),0.811353 (0.729000 + 0.082353),0.827728 (0.745200 + 0.082528),0.813872 (0.731700 + 0.082172),0.808815 (0.728100 + 0.080715),0.822403 (0.739800 + 0.082603),0.835465 (0.753300 + 0.082165),0.830336 (0.747900 + 0.082436),0.824869 (0.742500 + 0.082369),0.822462 (0.740700 + 0.081762),0.825297 (0.742500 + 0.082797),0.819295 (0.737100 + 0.082195),0.826575 (0.744300 + 0.082275),0.825152 (0.743400 + 0.081752),0.827931 (0.745200 + 0.082731),0.806739 (0.724500 + 0.082239),0.820820 (0.738000 + 0.082820),0.837186 (0.754200 + 0.082986),0.824047 (0.741600 + 0.082447),0.820291 (0.738000 + 0.082291),0.820282 (0.738000 + 0.082282),0.817615 (0.736200 + 0.081415),0.819073 (0.736200 + 0.082873),0.814782 (0.733500 + 0.081282),0.829096 (0.746100 + 0.082996),0.828111 (0.747000 + 0.081111),0.818674 (0.736200 + 0.082474),0.828154 (0.745200 + 0.082954),0.821815 (0.739800 + 0.082015),0.818737 (0.736200 + 0.082537),0.824853 (0.742500 + 0.082353),0.814041 (0.730800 + 0.083241),0.823531 (0.742500 + 0.081031),0.814927 (0.734400 + 0.080527),0.831450 (0.750600 + 0.080850),0.826716 (0.745200 + 0.081516),0.827869 (0.745200 + 0.082669),0.831594 (0.748800 + 0.082794),0.811102 (0.728100 + 0.083002),0.819879 (0.738900 + 0.080979),0.822652 (0.739800 + 0.082852),0.814528 (0.732600 + 0.081928),0.817402 (0.735300 + 0.082102),0.817402 (0.735300 + 0.082102),0.820875 (0.739800 + 0.081075),0.832198 (0.748800 + 0.083398),0.824113 (0.742500 + 0.081613),0.812105 (0.729900 + 0.082205),0.835956 (0.754200 + 0.081756),0.814250 (0.731700 + 0.082550),0.814249 (0.732600 + 0.081649),0.838588 (0.757800 + 0.080788),0.810489 (0.729000 + 0.081489),0.808287 (0.725400 + 0.082887),0.829435 (0.747000 + 0.082435),0.822594 (0.739800 + 0.082794),0.807141 (0.724500 + 0.082641),0.829708 (0.747000 + 0.082708),0.819777 (0.738000 + 0.081777),0.826802 (0.745200 + 0.081602),0.824058 (0.740700 + 0.083358),0.805572 (0.723600 + 0.081972),0.812580 (0.729900 + 0.082680),0.831407 (0.748800 + 0.082607),0.826500 (0.744300 + 0.082200),0.818575 (0.736200 + 0.082375),0.821243 (0.738900 + 0.082343),0.837264 (0.755100 + 0.082164),0.813313 (0.731700 + 0.081613),0.820033 (0.738000 + 0.082033),0.828036 (0.745200 + 0.082836),0.820688 (0.738000 + 0.082688),0.819681 (0.737100 + 0.082581),0.808202 (0.726300 + 0.081902),0.821340 (0.738900 + 0.082440),0.830223 (0.747900 + 0.082323),0.829781 (0.747000 + 0.082782),0.817696 (0.735300 + 0.082396),0.838452 (0.756000 + 0.082452),0.819630 (0.737100 + 0.082530),0.822304 (0.739800 + 0.082504),0.821992 (0.740700 + 0.081292),0.843452 (0.762300 + 0.081152),0.813203 (0.730800 + 0.082403),0.820648 (0.738900 + 0.081748),0.833374 (0.750600 + 0.082774),0.826308 (0.744300 + 0.082008),0.814443 (0.730800 + 0.083644),0.835606 (0.752400 + 0.083206),0.809788 (0.728100 + 0.081688),0.838985 (0.757800 + 0.081185),0.827645 (0.746100 + 0.081545),0.817654 (0.736200 + 0.081454)
4,0.843452 (0.762300 + 0.081152),0.833047 (0.750600 + 0.082447),0.836231 (0.753300 + 0.082931),0.836840 (0.754200 + 0.082640),0.819954 (0.738000 + 0.081954),0.814365 (0.731700 + 0.082665),0.826710 (0.744300 + 0.082410),0.830324 (0.748800 + 0.081524),0.826898 (0.744300 + 0.082598),0.824288 (0.741600 + 0.082688),0.818452 (0.736200 + 0.082252),0.832500 (0.750600 + 0.081900),0.819954 (0.738000 + 0.081954),0.827153 (0.745200 + 0.081953),0.826270 (0.743400 + 0.082870),0.826950 (0.745200 + 0.081750),0.825845 (0.743400 + 0.082445),0.828111 (0.747000 + 0.081111),0.829121 (0.747000 + 0.082121),0.824501 (0.742500 + 0.082001),0.829661 (0.747900 + 0.081761),0.840883 (0.759600 + 0.081283),0.837063 (0.754200 + 0.082863),0.837853 (0.755100 + 0.082753),0.835709 (0.753300 + 0.082409),0.825265 (0.744300 + 0.080965),0.826451 (0.744300 + 0.082151),0.831854 (0.748800 + 0.083054),0.832927 (0.751500 + 0.081427),0.818130 (0.736200 + 0.081930),0.823348 (0.741600 + 0.081748),0.836807 (0.753300 + 0.083507),0.828901 (0.747000 + 0.081901),0.807866 (0.725400 + 0.082466),0.830811 (0.748800 + 0.082011),0.829013 (0.747000 + 0.082013),0.826869 (0.743400 + 0.083469),0.820688 (0.738000 + 0.082688),0.819630 (0.737100 + 0.082530),0.831558 (0.748800 + 0.082758),0.812754 (0.730800 + 0.081954),0.827556 (0.745200 + 0.082356),0.829683 (0.747000 + 0.082683),0.825959 (0.743400 + 0.082559),0.833360 (0.751500 + 0.081860),0.820618 (0.738000 + 0.082618),0.821060 (0.738900 + 0.082160),0.822692 (0.740700 + 0.081992),0.818889 (0.737100 + 0.081789),0.838493 (0.755100 + 0.083393),0.811163 (0.729900 + 0.081263),0.838572 (0.756900 + 0.081672),0.819518 (0.737100 + 0.082418),0.820425 (0.738000 + 0.082425),0.830734 (0.748800 + 0.081934),0.835385 (0.753300 + 0.082085),0.820336 (0.737100 + 0.083236),0.819476 (0.738000 + 0.081476),0.820820 (0.738000 + 0.082820),0.828881 (0.746100 + 0.082781),0.833740 (0.751500 + 0.082240),0.818357 (0.736200 + 0.082157),0.821279 (0.738000 + 0.083279),0.819288 (0.737100 + 0.082188),0.830322 (0.747000 + 0.083322),0.811011 (0.729000 + 0.082011),0.828328 (0.745200 + 0.083128),0.828630 (0.746100 + 0.082530),0.826002 (0.743400 + 0.082602),0.827937 (0.745200 + 0.082737),0.837463 (0.754200 + 0.083263),0.832883 (0.749700 + 0.083183),0.806333 (0.724500 + 0.081833),0.828747 (0.747000 + 0.081747),0.813818 (0.730800 + 0.083018),0.824958 (0.742500 + 0.082458),0.825240 (0.742500 + 0.082740),0.832328 (0.750600 + 0.081729),0.838617 (0.757800 + 0.080817),0.831450 (0.750600 + 0.080850),0.825152 (0.743400 + 0.081752),0.842637 (0.760500 + 0.082137),0.815488 (0.732600 + 0.082888),0.821915 (0.739800 + 0.082115),0.839858 (0.757800 + 0.082058),0.816987 (0.734400 + 0.082587),0.831801 (0.751500 + 0.080301),0.837171 (0.755100 + 0.082071),0.832433 (0.750600 + 0.081833),0.826150 (0.744300 + 0.081850),0.817511 (0.736200 + 0.081311),0.833647 (0.751500 + 0.082147),0.823071 (0.740700 + 0.082371),0.830431 (0.747900 + 0.082531),0.824042 (0.741600 + 0.082442),0.808932 (0.726300 + 0.082632),0.823697 (0.740700 + 0.082997),0.827239 (0.746100 + 0.081139),0.816611 (0.735300 + 0.081311),0.828154 (0.745200 + 0.082954)
5,0.843452 (0.762300 + 0.081152),0.816982 (0.734400 + 0.082582),0.823675 (0.741600 + 0.082075),0.824942 (0.742500 + 0.082442),0.830993 (0.748800 + 0.082193),0.821771 (0.740700 + 0.081071),0.827267 (0.744300 + 0.082967),0.815867 (0.733500 + 0.082367),0.828800 (0.747000 + 0.081800),0.842637 (0.760500 + 0.082137),0.837463 (0.754200 + 0.083263),0.841450 (0.760500 + 0.080950),0.827339 (0.746100 + 0.081239),0.823232 (0.741600 + 0.081632),0.817513 (0.734400 + 0.083113),0.821376 (0.739800 + 0.081576),0.828779 (0.747000 + 0.081779),0.831627 (0.749700 + 0.081927),0.840123 (0.756900 + 0.083223),0.820772 (0.738900 + 0.081872),0.829020 (0.747000 + 0.082020),0.843906 (0.761400 + 0.082506),0.828012 (0.745200 + 0.082812),0.828660 (0.746100 + 0.082560),0.833678 (0.752400 + 0.081278),0.837548 (0.756000 + 0.081548),0.820619 (0.738000 + 0.082619),0.816978 (0.735300 + 0.081678),0.811867 (0.729900 + 0.081967),0.818702 (0.737100 + 0.081602),0.821438 (0.738900 + 0.082538),0.825938 (0.744300 + 0.081638),0.820102 (0.738000 + 0.082102),0.812793 (0.730800 + 0.081993),0.821279 (0.738000 + 0.083279),0.827142 (0.746100 + 0.081042),0.830158 (0.747900 + 0.082258),0.814439 (0.731700 + 0.082739),0.814965 (0.731700 + 0.083265),0.837840 (0.755100 + 0.082740),0.820341 (0.738000 + 0.082341),0.833040 (0.750600 + 0.082440),0.817840 (0.735300 + 0.082540),0.835493 (0.753300 + 0.082193),0.839683 (0.756900 + 0.082783),0.819220 (0.736200 + 0.083021),0.830863 (0.748800 + 0.082063),0.827251 (0.746100 + 0.081151),0.833581 (0.751500 + 0.082081),0.820845 (0.738900 + 0.081945),0.833393 (0.752400 + 0.080993),0.831848 (0.748800 + 0.083048),0.829413 (0.747000 + 0.082413),0.840504 (0.758700 + 0.081804),0.816368 (0.733500 + 0.082868),0.828630 (0.746100 + 0.082530),0.828630 (0.746100 + 0.082530),0.841396 (0.759600 + 0.081796),0.822160 (0.738900 + 0.083260),0.826832 (0.746100 + 0.080732),0.831396 (0.748800 + 0.082596),0.832736 (0.750600 + 0.082136),0.820753 (0.738900 + 0.081853),0.836589 (0.754200 + 0.082389),0.821444 (0.738900 + 0.082544),0.833000 (0.750600 + 0.082400),0.832324 (0.750600 + 0.081724),0.826409 (0.744300 + 0.082109),0.814328 (0.732600 + 0.081728),0.823509 (0.741600 + 0.081909),0.816326 (0.734400 + 0.081926),0.834727 (0.752400 + 0.082327),0.840127 (0.756900 + 0.083227),0.825569 (0.742500 + 0.083069),0.823853 (0.742500 + 0.081354),0.828747 (0.746100 + 0.082648),0.822473 (0.740700 + 0.081773),0.832433 (0.750600 + 0.081833),0.828863 (0.746100 + 0.082763),0.819725 (0.738000 + 0.081725),0.833858 (0.751500 + 0.082358),0.826512 (0.744300 + 0.082212),0.833344 (0.751500 + 0.081844),0.836996 (0.756000 + 0.080996),0.826514 (0.744300 + 0.082214),0.816184 (0.734400 + 0.081784),0.836112 (0.754200 + 0.081912),0.841942 (0.758700 + 0.083242),0.841148 (0.758700 + 0.082448),0.821979 (0.740700 + 0.081279),0.835691 (0.753300 + 0.082391),0.829695 (0.747900 + 0.081795),0.831914 (0.748800 + 0.083114),0.838147 (0.755100 + 0.083047),0.830645 (0.747900 + 0.082745),0.816451 (0.735300 + 0.081151),0.836007 (0.755100 + 0.080907),0.831151 (0.748800 + 0.082351),0.820447 (0.738000 + 0.082447),0.811029 (0.729000 + 0.082030)
6,0.843906 (0.761400 + 0.082506),0.816208 (0.734400 + 0.081808),0.817413 (0.736200 + 0.081213),0.838178 (0.756000 + 0.082178),0.827494 (0.745200 + 0.082294),0.835774 (0.752400 + 0.083374),0.809770 (0.727200 + 0.082570),0.828500 (0.746100 + 0.082400),0.824597 (0.741600 + 0.082997),0.810524 (0.728100 + 0.082424),0.834857 (0.752400 + 0.082457),0.831068 (0.749700 + 0.081368),0.841337 (0.758700 + 0.082637),0.836259 (0.753300 + 0.082959),0.827267 (0.744300 + 0.082967),0.819252 (0.737100 + 0.082152),0.840506 (0.757800 + 0.082706),0.831529 (0.749700 + 0.081829),0.833581 (0.751500 + 0.082081),0.813987 (0.731700 + 0.082287),0.830846 (0.747900 + 0.082946),0.826217 (0.744300 + 0.081917),0.832676 (0.749700 + 0.082976),0.837727 (0.756000 + 0.081727),0.824197 (0.741600 + 0.082597),0.830055 (0.747900 + 0.082155),0.826624 (0.746100 + 0.080524),0.825641 (0.744300 + 0.081341),0.826875 (0.744300 + 0.082575),0.835667 (0.754200 + 0.081467),0.841589 (0.759600 + 0.081989),0.818190 (0.736200 + 0.081990),0.818865 (0.735300 + 0.083565),0.837451 (0.755100 + 0.082351),0.825139 (0.742500 + 0.082639),0.831307 (0.749700 + 0.081607),0.836530 (0.755100 + 0.081430),0.844631 (0.763200 + 0.081431),0.833411 (0.750600 + 0.082811),0.843439 (0.762300 + 0.081139),0.821866 (0.739800 + 0.082066),0.824466 (0.741600 + 0.082866),0.833661 (0.751500 + 0.082161),0.830157 (0.747900 + 0.082257),0.816999 (0.736200 + 0.080799),0.833433 (0.752400 + 0.081033),0.817513 (0.734400 + 0.083113),0.818292 (0.736200 + 0.082092),0.832240 (0.749700 + 0.082540),0.828035 (0.745200 + 0.082835),0.837840 (0.755100 + 0.082740),0.823351 (0.740700 + 0.082651),0.841733 (0.758700 + 0.083033),0.832398 (0.751500 + 0.080898),0.820571 (0.737100 + 0.083471),0.824849 (0.743400 + 0.081449),0.836302 (0.754200 + 0.082102),0.816444 (0.732600 + 0.083844),0.832986 (0.750600 + 0.082386),0.827989 (0.747000 + 0.080989),0.827811 (0.746100 + 0.081711),0.813468 (0.733500 + 0.079967),0.834330 (0.752400 + 0.081930),0.829714 (0.747000 + 0.082714),0.816234 (0.733500 + 0.082734),0.835323 (0.753300 + 0.082023),0.819156 (0.737100 + 0.082056),0.826500 (0.744300 + 0.082200),0.842500 (0.760500 + 0.082000),0.838134 (0.756900 + 0.081234),0.833169 (0.749700 + 0.083469),0.834828 (0.752400 + 0.082428),0.814323 (0.732600 + 0.081723),0.839807 (0.757800 + 0.082007),0.832570 (0.751500 + 0.081070),0.836932 (0.755100 + 0.081832),0.834741 (0.752400 + 0.082341),0.824203 (0.741600 + 0.082603),0.832430 (0.750600 + 0.081830),0.844291 (0.762300 + 0.081991),0.816608 (0.733500 + 0.083108),0.825859 (0.744300 + 0.081559),0.817772 (0.736200 + 0.081572),0.829965 (0.747900 + 0.082065),0.835756 (0.753300 + 0.082456),0.826742 (0.744300 + 0.082442),0.830342 (0.748800 + 0.081542),0.830516 (0.748800 + 0.081716),0.827683 (0.745200 + 0.082483),0.819472 (0.738000 + 0.081472),0.840443 (0.756900 + 0.083543),0.840549 (0.757800 + 0.082749),0.828029 (0.747000 + 0.081029),0.828766 (0.747000 + 0.081766),0.832147 (0.750600 + 0.081547),0.842603 (0.760500 + 0.082103),0.827890 (0.745200 + 0.082690),0.820904 (0.738000 + 0.082904),0.827206 (0.745200 + 0.082006),0.828748 (0.747000 + 0.081748)
7,0.844631 (0.763200 + 0.081431),0.823959 (0.741600 + 0.082359),0.831639 (0.750600 + 0.081039),0.841337 (0.758700 + 0.082637),0.826742 (0.744300 + 0.082442),0.828582 (0.746100 + 0.082483),0.839801 (0.757800 + 0.082001),0.828747 (0.746100 + 0.082648),0.826792 (0.744300 + 0.082492),0.820988 (0.739800 + 0.081188),0.841714 (0.759600 + 0.082114),0.814147 (0.731700 + 0.082447),0.833604 (0.750600 + 0.083004),0.816975 (0.735300 + 0.081675),0.832337 (0.749700 + 0.082637),0.830049 (0.747000 + 0.083049),0.831575 (0.750600 + 0.080975),0.833411 (0.750600 + 0.082811),0.830342 (0.748800 + 0.081542),0.814855 (0.733500 + 0.081355),0.830627 (0.748800 + 0.081827),0.834548 (0.752400 + 0.082148),0.824934 (0.741600 + 0.083334),0.842585 (0.759600 + 0.082985),0.841237 (0.758700 + 0.082538),0.823163 (0.740700 + 0.082463),0.842744 (0.760500 + 0.082244),0.831347 (0.749700 + 0.081647),0.836379 (0.755100 + 0.081279),0.832502 (0.749700 + 0.082802),0.835461 (0.753300 + 0.082161),0.823662 (0.742500 + 0.081162),0.826197 (0.744300 + 0.081897),0.843641 (0.762300 + 0.081341),0.832039 (0.749700 + 0.082339),0.830018 (0.747000 + 0.083018),0.827928 (0.747000 + 0.080928),0.825053 (0.742500 + 0.082553),0.824847 (0.743400 + 0.081447),0.840291 (0.757800 + 0.082491),0.831892 (0.748800 + 0.083092),0.827604 (0.746100 + 0.081504),0.830498 (0.748800 + 0.081698),0.838092 (0.756000 + 0.082092),0.832848 (0.751500 + 0.081348),0.837451 (0.755100 + 0.082351),0.836259 (0.753300 + 0.082959),0.837430 (0.756900 + 0.080530),0.830566 (0.748800 + 0.081766),0.836021 (0.754200 + 0.081822),0.820550 (0.738000 + 0.082550),0.844291 (0.762300 + 0.081991),0.832398 (0.751500 + 0.080898),0.819278 (0.737100 + 0.082178),0.833026 (0.750600 + 0.082426),0.827721 (0.745200 + 0.082521),0.831054 (0.748800 + 0.082254),0.824672 (0.742500 + 0.082172),0.824242 (0.741600 + 0.082642),0.841396 (0.758700 + 0.082696),0.837045 (0.756000 + 0.081045),0.812908 (0.730800 + 0.082108),0.819414 (0.737100 + 0.082314),0.830498 (0.747900 + 0.082598),0.836800 (0.754200 + 0.082600),0.840443 (0.756900 + 0.083543),0.833169 (0.749700 + 0.083469),0.839023 (0.756000 + 0.083023),0.824123 (0.741600 + 0.082523),0.829784 (0.748800 + 0.080984),0.835962 (0.753300 + 0.082662),0.811568 (0.729000 + 0.082568),0.830558 (0.747900 + 0.082658),0.817614 (0.734400 + 0.083214),0.840984 (0.758700 + 0.082284),0.830791 (0.748800 + 0.081991),0.838726 (0.755100 + 0.083626),0.835323 (0.753300 + 0.082023),0.825765 (0.743400 + 0.082365),0.835674 (0.753300 + 0.082374),0.832566 (0.750600 + 0.081966),0.826843 (0.744300 + 0.082543),0.834269 (0.753300 + 0.080969),0.831438 (0.748800 + 0.082638),0.823517 (0.740700 + 0.082817),0.825964 (0.742500 + 0.083464),0.827538 (0.746100 + 0.081438),0.829575 (0.748800 + 0.080776),0.833595 (0.751500 + 0.082095),0.832056 (0.750600 + 0.081456),0.821887 (0.740700 + 0.081187),0.840504 (0.758700 + 0.081804),0.844982 (0.762300 + 0.082682),0.830807 (0.748800 + 0.082007),0.828425 (0.747000 + 0.081425),0.823188 (0.741600 + 0.081588),0.848816 (0.765900 + 0.082916),0.824079 (0.742500 + 0.081579),0.813935 (0.732600 + 0.081335),0.835555 (0.754200 + 0.081355)
8,0.848816 (0.765900 + 0.082916),0.819302 (0.738000 + 0.081302),0.825945 (0.743400 + 0.082545),0.837451 (0.755100 + 0.082351),0.827538 (0.746100 + 0.081438),0.832149 (0.748800 + 0.083349),0.827725 (0.746100 + 0.081625),0.834139 (0.752400 + 0.081739),0.825264 (0.744300 + 0.080964),0.823452 (0.740700 + 0.082752),0.830197 (0.747000 + 0.083197),0.820907 (0.738900 + 0.082007),0.828308 (0.746100 + 0.082208),0.825276 (0.743400 + 0.081876),0.846530 (0.765000 + 0.081530),0.833517 (0.752400 + 0.081118),0.831567 (0.750600 + 0.080967),0.819013 (0.736200 + 0.082813),0.833645 (0.751500 + 0.082145),0.833411 (0.750600 + 0.082811),0.838266 (0.756000 + 0.082266),0.827991 (0.747000 + 0.080991),0.832001 (0.750600 + 0.081401),0.810256 (0.728100 + 0.082156),0.829589 (0.747900 + 0.081689),0.830335 (0.748800 + 0.081535),0.830957 (0.748800 + 0.082157),0.823559 (0.742500 + 0.081059),0.826049 (0.744300 + 0.081749),0.818280 (0.736200 + 0.082080),0.832343 (0.750600 + 0.081743),0.834269 (0.753300 + 0.080969),0.827604 (0.746100 + 0.081504),0.831063 (0.749700 + 0.081363),0.827630 (0.746100 + 0.081530),0.830007 (0.747900 + 0.082107),0.832704 (0.750600 + 0.082104),0.829304 (0.747000 + 0.082304),0.830498 (0.747900 + 0.082598),0.840193 (0.758700 + 0.081493),0.839378 (0.756900 + 0.082478),0.838007 (0.755100 + 0.082907),0.822264 (0.740700 + 0.081564),0.835514 (0.752400 + 0.083114),0.831959 (0.748800 + 0.083159),0.829042 (0.747000 + 0.082042),0.825083 (0.742500 + 0.082584),0.834022 (0.752400 + 0.081622),0.832163 (0.749700 + 0.082463),0.825909 (0.744300 + 0.081609),0.833582 (0.751500 + 0.082082),0.828196 (0.747000 + 0.081196),0.842855 (0.760500 + 0.082355),0.842564 (0.760500 + 0.082064),0.821646 (0.739800 + 0.081846),0.839049 (0.757800 + 0.081249),0.826522 (0.744300 + 0.082222),0.833924 (0.751500 + 0.082424),0.832502 (0.749700 + 0.082802),0.821266 (0.738900 + 0.082366),0.852222 (0.769500 + 0.082722),0.813553 (0.731700 + 0.081853),0.832799 (0.749700 + 0.083099),0.841396 (0.758700 + 0.082696),0.835684 (0.754200 + 0.081484),0.828000 (0.747000 + 0.081000),0.827363 (0.746100 + 0.081263),0.838679 (0.756900 + 0.081779),0.832848 (0.751500 + 0.081348),0.837430 (0.756900 + 0.080530),0.828512 (0.746100 + 0.082412),0.825030 (0.742500 + 0.082530),0.826430 (0.745200 + 0.081230),0.841396 (0.758700 + 0.082696),0.834548 (0.752400 + 0.082148),0.822290 (0.739800 + 0.082490),0.830714 (0.747900 + 0.082814),0.827072 (0.745200 + 0.081872),0.850874 (0.767700 + 0.083174),0.841396 (0.758700 + 0.082696),0.840291 (0.757800 + 0.082491),0.830344 (0.747900 + 0.082444),0.839487 (0.756900 + 0.082588),0.839403 (0.757800 + 0.081603),0.832020 (0.749700 + 0.082319),0.831534 (0.749700 + 0.081834),0.820586 (0.738000 + 0.082586),0.819823 (0.737100 + 0.082723),0.834856 (0.752400 + 0.082456),0.833595 (0.751500 + 0.082095),0.815813 (0.733500 + 0.082313),0.839649 (0.756900 + 0.082749),0.835032 (0.752400 + 0.082632),0.831161 (0.748800 + 0.082361),0.822424 (0.742500 + 0.079924),0.833534 (0.751500 + 0.082034),0.833411 (0.750600 + 0.082811),0.835547 (0.754200 + 0.081347),0.830100 (0.747900 + 0.082200),0.834811 (0.752400 + 0.082411)
9,0.852222 (0.769500 + 0.082722),0.826542 (0.745200 + 0.081342),0.828303 (0.746100 + 0.082203),0.842371 (0.760500 + 0.081871),0.814980 (0.731700 + 0.083280),0.820370 (0.739800 + 0.080570),0.827890 (0.746100 + 0.081790),0.841396 (0.758700 + 0.082696),0.837382 (0.755100 + 0.082282),0.837976 (0.756900 + 0.081076),0.843710 (0.760500 + 0.083210),0.839935 (0.757800 + 0.082135),0.833517 (0.752400 + 0.081118),0.829109 (0.748800 + 0.080309),0.835091 (0.752400 + 0.082691),0.833165 (0.751500 + 0.081665),0.833606 (0.751500 + 0.082106),0.833411 (0.750600 + 0.082811),0.846580 (0.764100 + 0.082480),0.827742 (0.746100 + 0.081642),0.819263 (0.737100 + 0.082163),0.827448 (0.745200 + 0.082248),0.833209 (0.750600 + 0.082609),0.820738 (0.738000 + 0.082738),0.831897 (0.748800 + 0.083097),0.844565 (0.761400 + 0.083165),0.829000 (0.747000 + 0.082000),0.835948 (0.754200 + 0.081748),0.828640 (0.747000 + 0.081640),0.832630 (0.750600 + 0.082030),0.832175 (0.750600 + 0.081575),0.823250 (0.742500 + 0.080750),0.840905 (0.757800 + 0.083105),0.839649 (0.756900 + 0.082749),0.835547 (0.754200 + 0.081347),0.820838 (0.739800 + 0.081038),0.846424 (0.764100 + 0.082324),0.823011 (0.741600 + 0.081411),0.835332 (0.753300 + 0.082032),0.847280 (0.765000 + 0.082280),0.839821 (0.756900 + 0.082921),0.836999 (0.754200 + 0.082799),0.845572 (0.763200 + 0.082372),0.825222 (0.744300 + 0.080922),0.819437 (0.738000 + 0.081437),0.834204 (0.751500 + 0.082704),0.842744 (0.760500 + 0.082244),0.829910 (0.747900 + 0.082010),0.822391 (0.740700 + 0.081691),0.816379 (0.735300 + 0.081079),0.825298 (0.743400 + 0.081898),0.836455 (0.754200 + 0.082255),0.850837 (0.768600 + 0.082237),0.839690 (0.757800 + 0.081890),0.830868 (0.748800 + 0.082068),0.840193 (0.758700 + 0.081493),0.833411 (0.750600 + 0.082811),0.832830 (0.749700 + 0.083130),0.828947 (0.747000 + 0.081947),0.834642 (0.752400 + 0.082242),0.843512 (0.761400 + 0.082112),0.825545 (0.743400 + 0.082145),0.828101 (0.747000 + 0.081101),0.833534 (0.751500 + 0.082034),0.830335 (0.748800 + 0.081535),0.821296 (0.738900 + 0.082396),0.835328 (0.752400 + 0.082928),0.839649 (0.756900 + 0.082749),0.839378 (0.756900 + 0.082478),0.840347 (0.757800 + 0.082547),0.837628 (0.755100 + 0.082528),0.812006 (0.729000 + 0.083006),0.834792 (0.752400 + 0.082392),0.833158 (0.750600 + 0.082558),0.829212 (0.747000 + 0.082212),0.831305 (0.748800 + 0.082505),0.830711 (0.747900 + 0.082811),0.833601 (0.750600 + 0.083002),0.823936 (0.741600 + 0.082336),0.834322 (0.753300 + 0.081022),0.829074 (0.747900 + 0.081174),0.834957 (0.753300 + 0.081657),0.839719 (0.758700 + 0.081019),0.834950 (0.753300 + 0.081650),0.829681 (0.747900 + 0.081781),0.818259 (0.738000 + 0.080259),0.845896 (0.764100 + 0.081796),0.842818 (0.761400 + 0.081418),0.831040 (0.747900 + 0.083140),0.829935 (0.747000 + 0.082935),0.843374 (0.761400 + 0.081974),0.830922 (0.747900 + 0.083022),0.833780 (0.751500 + 0.082280),0.824551 (0.742500 + 0.082051),0.832497 (0.750600 + 0.081897),0.834593 (0.752400 + 0.082193),0.836275 (0.754200 + 0.082075),0.828979 (0.747000 + 0.081979),0.824445 (0.741600 + 0.082845),0.827316 (0.744300 + 0.083016)
10,0.852222 (0.769500 + 0.082722),0.830694 (0.748800 + 0.081894),0.841724 (0.758700 + 0.083024),0.834705 (0.752400 + 0.082305),0.828880 (0.747000 + 0.081880),0.832626 (0.750600 + 0.082026),0.832123 (0.749700 + 0.082423),0.837650 (0.755100 + 0.082550),0.834056 (0.752400 + 0.081656),0.829022 (0.747000 + 0.082022),0.822239 (0.739800 + 0.082439),0.837281 (0.754200 + 0.083081),0.835648 (0.753300 + 0.082348),0.841830 (0.760500 + 0.081330),0.846235 (0.764100 + 0.082135),0.839653 (0.756900 + 0.082753),0.820577 (0.738900 + 0.081677),0.840527 (0.758700 + 0.081827),0.836729 (0.754200 + 0.082529),0.828930 (0.746100 + 0.082830),0.832630 (0.750600 + 0.082030),0.817871 (0.736200 + 0.081671),0.838494 (0.756000 + 0.082494),0.843374 (0.761400 + 0.081974),0.842439 (0.760500 + 0.081939),0.836797 (0.755100 + 0.081697),0.832977 (0.750600 + 0.082377),0.830699 (0.749700 + 0.080999),0.829542 (0.748800 + 0.080742),0.839018 (0.756000 + 0.083018),0.821911 (0.739800 + 0.082111),0.851917 (0.769500 + 0.082417),0.829234 (0.747000 + 0.082234),0.830980 (0.749700 + 0.081280),0.839123 (0.756000 + 0.083123),0.844419 (0.761400 + 0.083019),0.830039 (0.747000 + 0.083039),0.825796 (0.742500 + 0.083296),0.814990 (0.733500 + 0.081490),0.839821 (0.756900 + 0.082921),0.833209 (0.750600 + 0.082609),0.829795 (0.747000 + 0.082795),0.840405 (0.757800 + 0.082605),0.842118 (0.760500 + 0.081618),0.825511 (0.744300 + 0.081211),0.835247 (0.752400 + 0.082847),0.834447 (0.753300 + 0.081147),0.845896 (0.764100 + 0.081796),0.839649 (0.756900 + 0.082749),0.833394 (0.752400 + 0.080994),0.828786 (0.747000 + 0.081786),0.828640 (0.747000 + 0.081640),0.828640 (0.747000 + 0.081640),0.829786 (0.747900 + 0.081886),0.835778 (0.753300 + 0.082478),0.840347 (0.757800 + 0.082547),0.838601 (0.757800 + 0.080801),0.838291 (0.756900 + 0.081391),0.847489 (0.765000 + 0.082489),0.839249 (0.756900 + 0.082349),0.838414 (0.756000 + 0.082414),0.832717 (0.750600 + 0.082117),0.839016 (0.756900 + 0.082116),0.839868 (0.757800 + 0.082068),0.836002 (0.754200 + 0.081802),0.841778 (0.759600 + 0.082178),0.835855 (0.753300 + 0.082555),0.823564 (0.741600 + 0.081964),0.852945 (0.770400 + 0.082545),0.841524 (0.759600 + 0.081924),0.814137 (0.730800 + 0.083337),0.828507 (0.746100 + 0.082407),0.835122 (0.752400 + 0.082722),0.849326 (0.767700 + 0.081626),0.836661 (0.755100 + 0.081561),0.831130 (0.748800 + 0.082330),0.833106 (0.751500 + 0.081606),0.840817 (0.758700 + 0.082117),0.828187 (0.747000 + 0.081187),0.834022 (0.751500 + 0.082522),0.832765 (0.750600 + 0.082165),0.842528 (0.760500 + 0.082028),0.833895 (0.752400 + 0.081495),0.844700 (0.762300 + 0.082400),0.834792 (0.752400 + 0.082392),0.820416 (0.738900 + 0.081516),0.820740 (0.738900 + 0.081840),0.839959 (0.757800 + 0.082159),0.833636 (0.750600 + 0.083036),0.828499 (0.747000 + 0.081499),0.835207 (0.752400 + 0.082807),0.830743 (0.747900 + 0.082843),0.836273 (0.756000 + 0.080273),0.816665 (0.734400 + 0.082265),0.837212 (0.755100 + 0.082112),0.825493 (0.744300 + 0.081193),0.830243 (0.747900 + 0.082343),0.839821 (0.756900 + 0.082921),0.833517 (0.752400 + 0.081118),0.840948 (0.758700 + 0.082248)
11,0.852945 (0.770400 + 0.082545),0.837701 (0.755100 + 0.082602),0.833564 (0.751500 + 0.082064),0.848808 (0.766800 + 0.082009),0.834056 (0.752400 + 0.081656),0.832867 (0.750600 + 0.082267),0.818548 (0.737100 + 0.081448),0.829002 (0.747900 + 0.081102),0.841101 (0.759600 + 0.081501),0.840387 (0.757800 + 0.082588),0.829470 (0.747900 + 0.081570),0.833648 (0.750600 + 0.083048),0.835285 (0.752400 + 0.082885),0.833115 (0.750600 + 0.082515),0.837200 (0.754200 + 0.083000),0.817843 (0.735300 + 0.082543),0.841136 (0.757800 + 0.083336),0.833731 (0.751500 + 0.082231),0.838208 (0.756000 + 0.082208),0.832640 (0.750600 + 0.082040),0.829183 (0.747000 + 0.082183),0.826180 (0.743400 + 0.082780),0.831662 (0.748800 + 0.082862),0.841869 (0.760500 + 0.081369),0.834529 (0.752400 + 0.082129),0.852222 (0.769500 + 0.082722),0.839249 (0.756900 + 0.082349),0.840527 (0.758700 + 0.081827),0.839249 (0.756900 + 0.082349),0.839821 (0.756900 + 0.082921),0.839653 (0.756900 + 0.082753),0.844419 (0.761400 + 0.083019),0.835778 (0.753300 + 0.082478),0.835895 (0.754200 + 0.081695),0.828507 (0.746100 + 0.082407),0.835344 (0.752400 + 0.082944),0.834017 (0.753300 + 0.080717),0.834283 (0.752400 + 0.081883),0.834978 (0.753300 + 0.081678),0.848262 (0.765900 + 0.082362),0.841551 (0.759600 + 0.081951),0.829348 (0.747000 + 0.082348),0.839777 (0.757800 + 0.081977),0.849178 (0.766800 + 0.082378),0.840282 (0.757800 + 0.082482),0.827105 (0.746100 + 0.081005),0.812532 (0.729900 + 0.082632),0.831400 (0.749700 + 0.081700),0.836907 (0.755100 + 0.081807),0.837048 (0.755100 + 0.081948),0.837889 (0.756000 + 0.081889),0.837860 (0.755100 + 0.082760),0.832717 (0.750600 + 0.082117),0.842551 (0.760500 + 0.082051),0.846918 (0.765900 + 0.081018),0.836785 (0.754200 + 0.082585),0.837996 (0.755100 + 0.082896),0.846235 (0.764100 + 0.082135),0.836797 (0.755100 + 0.081697),0.836729 (0.754200 + 0.082529),0.836279 (0.754200 + 0.082079),0.826835 (0.745200 + 0.081635),0.839900 (0.756900 + 0.083000),0.832031 (0.750600 + 0.081431),0.824756 (0.744300 + 0.080456),0.839543 (0.756900 + 0.082643),0.831669 (0.749700 + 0.081969),0.842900 (0.760500 + 0.082400),0.836902 (0.754200 + 0.082702),0.844188 (0.762300 + 0.081888),0.837439 (0.756900 + 0.080539),0.840195 (0.757800 + 0.082395),0.845701 (0.763200 + 0.082501),0.839233 (0.756900 + 0.082333),0.821017 (0.738900 + 0.082117),0.837151 (0.754200 + 0.082951),0.838931 (0.756900 + 0.082031),0.843126 (0.761400 + 0.081726),0.844930 (0.762300 + 0.082630),0.839071 (0.756000 + 0.083071),0.835648 (0.753300 + 0.082348),0.843631 (0.760500 + 0.083131),0.821409 (0.738900 + 0.082509),0.836458 (0.755100 + 0.081359),0.822582 (0.738900 + 0.083682),0.848730 (0.766800 + 0.081930),0.826900 (0.744300 + 0.082600),0.842664 (0.761400 + 0.081264),0.843316 (0.760500 + 0.082816),0.831492 (0.750600 + 0.080893),0.849250 (0.766800 + 0.082450),0.833426 (0.749700 + 0.083726),0.840582 (0.758700 + 0.081882),0.836812 (0.755100 + 0.081712),0.846326 (0.765000 + 0.081326),0.834509 (0.752400 + 0.082109),0.832779 (0.750600 + 0.082179),0.829190 (0.747000 + 0.082190),0.832448 (0.749700 + 0.082748),0.840405 (0.757800 + 0.082605)
12,0.852945 (0.770400 + 0.082545),0.839800 (0.756900 + 0.082900),0.832110 (0.749700 + 0.082410),0.840904 (0.757800 + 0.083104),0.829411 (0.747900 + 0.081511),0.843724 (0.761400 + 0.082324),0.839038 (0.756000 + 0.083038),0.838142 (0.755100 + 0.083042),0.850424 (0.768600 + 0.081824),0.835545 (0.753300 + 0.082245),0.834643 (0.752400 + 0.082243),0.846631 (0.764100 + 0.082531),0.835393 (0.753300 + 0.082093),0.834922 (0.752400 + 0.082522),0.832640 (0.750600 + 0.082040),0.834934 (0.753300 + 0.081634),0.832841 (0.751500 + 0.081341),0.859587 (0.777600 + 0.081987),0.828142 (0.745200 + 0.082942),0.843794 (0.760500 + 0.083294),0.838756 (0.756000 + 0.082756),0.826529 (0.746100 + 0.080429),0.835556 (0.754200 + 0.081356),0.838845 (0.756900 + 0.081945),0.832679 (0.750600 + 0.082079),0.831295 (0.749700 + 0.081595),0.850059 (0.767700 + 0.082359),0.844507 (0.761400 + 0.083107),0.842266 (0.759600 + 0.082666),0.839185 (0.756900 + 0.082285),0.835344 (0.752400 + 0.082944),0.837367 (0.755100 + 0.082267),0.837024 (0.755100 + 0.081924),0.836239 (0.753300 + 0.082939),0.826778 (0.744300 + 0.082478),0.838082 (0.756000 + 0.082082),0.834978 (0.753300 + 0.081678),0.832382 (0.749700 + 0.082682),0.845269 (0.763200 + 0.082069),0.838849 (0.756900 + 0.081949),0.835965 (0.753300 + 0.082665),0.842006 (0.760500 + 0.081506),0.836169 (0.754200 + 0.081969),0.840282 (0.757800 + 0.082482),0.837996 (0.755100 + 0.082896),0.834403 (0.751500 + 0.082903),0.831021 (0.747900 + 0.083121),0.834989 (0.752400 + 0.082589),0.824763 (0.743400 + 0.081363),0.848262 (0.765900 + 0.082362),0.841136 (0.757800 + 0.083336),0.834046 (0.752400 + 0.081646),0.835112 (0.753300 + 0.081812),0.828163 (0.746100 + 0.082063),0.829820 (0.747900 + 0.081920),0.826585 (0.745200 + 0.081385),0.833164 (0.751500 + 0.081664),0.835225 (0.753300 + 0.081925),0.849370 (0.766800 + 0.082570),0.838085 (0.756900 + 0.081185),0.829763 (0.747900 + 0.081863),0.821906 (0.738900 + 0.083006),0.836182 (0.754200 + 0.081982),0.830787 (0.748800 + 0.081987),0.844058 (0.762300 + 0.081758),0.835404 (0.754200 + 0.081204),0.832982 (0.750600 + 0.082382),0.833692 (0.751500 + 0.082192),0.832655 (0.750600 + 0.082055),0.834355 (0.754200 + 0.080155),0.834580 (0.752400 + 0.082180),0.835314 (0.752400 + 0.082914),0.835056 (0.753300 + 0.081756),0.842947 (0.761400 + 0.081547),0.839077 (0.756900 + 0.082177),0.838928 (0.756900 + 0.082028),0.833642 (0.750600 + 0.083042),0.831799 (0.749700 + 0.082099),0.834884 (0.752400 + 0.082484),0.836315 (0.754200 + 0.082115),0.829294 (0.747000 + 0.082294),0.843591 (0.761400 + 0.082191),0.835037 (0.752400 + 0.082637),0.828246 (0.746100 + 0.082146),0.839127 (0.756900 + 0.082227),0.829365 (0.747000 + 0.082365),0.838307 (0.756000 + 0.082307),0.831764 (0.749700 + 0.082064),0.833186 (0.751500 + 0.081686),0.841101 (0.759600 + 0.081501),0.835292 (0.752400 + 0.082892),0.839429 (0.757800 + 0.081629),0.848262 (0.765900 + 0.082362),0.828070 (0.746100 + 0.081970),0.838455 (0.756000 + 0.082455),0.823888 (0.743400 + 0.080488),0.840488 (0.757800 + 0.082688),0.837883 (0.756000 + 0.081883),0.846393 (0.765000 + 0.081393),0.833945 (0.752400 + 0.081545)
13,0.859587 (0.777600 + 0.081987),0.835716 (0.753300 + 0.082416),0.819293 (0.737100 + 0.082193),0.834576 (0.752400 + 0.082176),0.832710 (0.749700 + 0.083010),0.841433 (0.759600 + 0.081833),0.838347 (0.756900 + 0.081447),0.838499 (0.756000 + 0.082499),0.829397 (0.747000 + 0.082397),0.831775 (0.749700 + 0.082075),0.828898 (0.747000 + 0.081898),0.842007 (0.758700 + 0.083307),0.844461 (0.762300 + 0.082161),0.828060 (0.746100 + 0.081960),0.842969 (0.761400 + 0.081569),0.848600 (0.766800 + 0.081800),0.838915 (0.756900 + 0.082015),0.832099 (0.750600 + 0.081499),0.832684 (0.750600 + 0.082084),0.824502 (0.741600 + 0.082902),0.849969 (0.768600 + 0.081369),0.837663 (0.755100 + 0.082563),0.838301 (0.756000 + 0.082301),0.840620 (0.758700 + 0.081920),0.840586 (0.758700 + 0.081886),0.838085 (0.756900 + 0.081185),0.824116 (0.741600 + 0.082516),0.842188 (0.759600 + 0.082588),0.837830 (0.756000 + 0.081830),0.830684 (0.748800 + 0.081884),0.830438 (0.747900 + 0.082538),0.830018 (0.747900 + 0.082118),0.836060 (0.754200 + 0.081860),0.840331 (0.758700 + 0.081631),0.838442 (0.756900 + 0.081542),0.852375 (0.771300 + 0.081075),0.833400 (0.750600 + 0.082800),0.835678 (0.754200 + 0.081478),0.845619 (0.762300 + 0.083319),0.832089 (0.749700 + 0.082389),0.839216 (0.756900 + 0.082316),0.827951 (0.745200 + 0.082751),0.840400 (0.758700 + 0.081700),0.842609 (0.759600 + 0.083009),0.838725 (0.756000 + 0.082725),0.854449 (0.771300 + 0.083149),0.839128 (0.756900 + 0.082228),0.841485 (0.759600 + 0.081885),0.841815 (0.759600 + 0.082215),0.844095 (0.761400 + 0.082695),0.840158 (0.757800 + 0.082358),0.824066 (0.740700 + 0.083366),0.844449 (0.762300 + 0.082149),0.843128 (0.760500 + 0.082628),0.843883 (0.762300 + 0.081583),0.835967 (0.753300 + 0.082667),0.814155 (0.732600 + 0.081555),0.839145 (0.756900 + 0.082245),0.823319 (0.741600 + 0.081719),0.829180 (0.746100 + 0.083080),0.853238 (0.772200 + 0.081038),0.836426 (0.754200 + 0.082226),0.841047 (0.758700 + 0.082347),0.845607 (0.762300 + 0.083307),0.847022 (0.765900 + 0.081122),0.842109 (0.759600 + 0.082509),0.833164 (0.751500 + 0.081664),0.837557 (0.756000 + 0.081557),0.843565 (0.762300 + 0.081265),0.836495 (0.754200 + 0.082295),0.832242 (0.749700 + 0.082542),0.830598 (0.748800 + 0.081798),0.838567 (0.756000 + 0.082567),0.831998 (0.749700 + 0.082298),0.831552 (0.749700 + 0.081852),0.843929 (0.761400 + 0.082529),0.842739 (0.760500 + 0.082239),0.841773 (0.759600 + 0.082173),0.842387 (0.759600 + 0.082787),0.833068 (0.749700 + 0.083368),0.831670 (0.748800 + 0.082870),0.832397 (0.750600 + 0.081797),0.837367 (0.755100 + 0.082267),0.849241 (0.766800 + 0.082441),0.836068 (0.753300 + 0.082768),0.833115 (0.750600 + 0.082515),0.843938 (0.761400 + 0.082538),0.845869 (0.763200 + 0.082669),0.836358 (0.754200 + 0.082158),0.839127 (0.756900 + 0.082227),0.838845 (0.756900 + 0.081945),0.836431 (0.754200 + 0.082231),0.827707 (0.747000 + 0.080707),0.827984 (0.746100 + 0.081884),0.845430 (0.763200 + 0.082230),0.843892 (0.761400 + 0.082492),0.832435 (0.750600 + 0.081835),0.842006 (0.760500 + 0.081506),0.829247 (0.747000 + 0.082247),0.850424 (0.768600 + 0.081824)
14,0.859587 (0.777600 + 0.081987),0.835576 (0.753300 + 0.082276),0.850086 (0.768600 + 0.081486),0.841809 (0.761400 + 0.080409),0.829721 (0.747900 + 0.081821),0.839401 (0.757800 + 0.081601),0.822374 (0.740700 + 0.081673),0.832710 (0.749700 + 0.083010),0.854449 (0.771300 + 0.083149),0.840401 (0.758700 + 0.081701),0.828035 (0.746100 + 0.081935),0.844504 (0.762300 + 0.082204),0.841201 (0.759600 + 0.081601),0.835073 (0.752400 + 0.082673),0.836824 (0.754200 + 0.082624),0.837395 (0.755100 + 0.082295),0.848153 (0.765900 + 0.082253),0.826807 (0.744300 + 0.082507),0.848557 (0.765900 + 0.082657),0.836875 (0.755100 + 0.081775),0.844351 (0.762300 + 0.082051),0.844449 (0.762300 + 0.082149),0.838442 (0.756900 + 0.081542),0.842387 (0.759600 + 0.082787),0.836060 (0.754200 + 0.081860),0.832212 (0.749700 + 0.082512),0.829461 (0.747000 + 0.082461),0.827509 (0.745200 + 0.082309),0.841565 (0.759600 + 0.081965),0.838322 (0.756000 + 0.082322),0.849781 (0.768600 + 0.081181),0.826614 (0.744300 + 0.082314),0.839193 (0.756000 + 0.083193),0.829304 (0.747000 + 0.082304),0.837815 (0.756000 + 0.081815),0.846968 (0.765000 + 0.081968),0.850894 (0.768600 + 0.082294),0.833516 (0.751500 + 0.082016),0.836289 (0.753300 + 0.082989),0.844181 (0.762300 + 0.081882),0.834820 (0.753300 + 0.081520),0.837835 (0.756000 + 0.081835),0.835030 (0.752400 + 0.082630),0.826851 (0.745200 + 0.081651),0.838484 (0.756000 + 0.082484),0.832023 (0.749700 + 0.082323),0.839886 (0.756900 + 0.082986),0.836532 (0.754200 + 0.082332),0.846598 (0.764100 + 0.082498),0.835630 (0.754200 + 0.081430),0.835195 (0.753300 + 0.081895),0.844095 (0.761400 + 0.082695),0.845430 (0.763200 + 0.082230),0.844095 (0.761400 + 0.082695),0.837557 (0.756000 + 0.081557),0.851569 (0.769500 + 0.082069),0.832685 (0.750600 + 0.082085),0.828108 (0.745200 + 0.082908),0.831178 (0.748800 + 0.082378),0.845580 (0.763200 + 0.082380),0.838342 (0.756000 + 0.082342),0.839346 (0.757800 + 0.081546),0.840896 (0.758700 + 0.082196),0.848423 (0.765900 + 0.082523),0.840465 (0.757800 + 0.082665),0.841225 (0.758700 + 0.082525),0.834632 (0.751500 + 0.083132),0.842821 (0.760500 + 0.082321),0.841261 (0.758700 + 0.082562),0.842455 (0.761400 + 0.081055),0.830590 (0.747900 + 0.082690),0.849058 (0.766800 + 0.082258),0.821917 (0.739800 + 0.082117),0.836703 (0.755100 + 0.081603),0.854988 (0.772200 + 0.082788),0.838560 (0.756000 + 0.082560),0.842425 (0.759600 + 0.082825),0.837947 (0.755100 + 0.082847),0.845592 (0.764100 + 0.081492),0.849872 (0.766800 + 0.083072),0.835004 (0.752400 + 0.082604),0.845607 (0.762300 + 0.083307),0.828898 (0.747000 + 0.081898),0.843883 (0.762300 + 0.081583),0.842439 (0.761400 + 0.081039),0.843081 (0.760500 + 0.082581),0.841116 (0.759600 + 0.081516),0.840882 (0.759600 + 0.081282),0.840369 (0.758700 + 0.081669),0.838646 (0.756000 + 0.082646),0.843180 (0.761400 + 0.081780),0.829902 (0.747900 + 0.082002),0.834000 (0.751500 + 0.082500),0.836948 (0.755100 + 0.081848),0.831808 (0.751500 + 0.080308),0.849933 (0.768600 + 0.081333),0.838189 (0.756000 + 0.082189),0.849969 (0.768600 + 0.081369),0.839599 (0.757800 + 0.081799),0.846585 (0.765900 + 0.080685)
15,0.859587 (0.777600 + 0.081987),0.844081 (0.762300 + 0.081781),0.853219 (0.771300 + 0.081919),0.848891 (0.766800 + 0.082091),0.834546 (0.752400 + 0.082146),0.831102 (0.747900 + 0.083202),0.835681 (0.753300 + 0.082381),0.836372 (0.753300 + 0.083072),0.829601 (0.747000 + 0.082601),0.830324 (0.748800 + 0.081524),0.827914 (0.745200 + 0.082714),0.845430 (0.763200 + 0.082230),0.836482 (0.754200 + 0.082282),0.846698 (0.764100 + 0.082598),0.850790 (0.767700 + 0.083090),0.850665 (0.768600 + 0.082065),0.843041 (0.762300 + 0.080741),0.834723 (0.752400 + 0.082323),0.845543 (0.764100 + 0.081443),0.830581 (0.747900 + 0.082681),0.829174 (0.747000 + 0.082174),0.841397 (0.758700 + 0.082697),0.836164 (0.755100 + 0.081064),0.839570 (0.756900 + 0.082670),0.839647 (0.757800 + 0.081847),0.841110 (0.758700 + 0.082410),0.839149 (0.756900 + 0.082249),0.840637 (0.758700 + 0.081937),0.840978 (0.759600 + 0.081378),0.834336 (0.753300 + 0.081036),0.850367 (0.767700 + 0.082668),0.835329 (0.753300 + 0.082029),0.849147 (0.766800 + 0.082347),0.836697 (0.754200 + 0.082497),0.842424 (0.760500 + 0.081924),0.829708 (0.747000 + 0.082708),0.838098 (0.756000 + 0.082098),0.843706 (0.762300 + 0.081406),0.840300 (0.757800 + 0.082500),0.838479 (0.756000 + 0.082479),0.836111 (0.754200 + 0.081911),0.832779 (0.750600 + 0.082179),0.836281 (0.754200 + 0.082081),0.849115 (0.767700 + 0.081415),0.831795 (0.750600 + 0.081195),0.837815 (0.756000 + 0.081815),0.843180 (0.761400 + 0.081780),0.835227 (0.753300 + 0.081927),0.847231 (0.765000 + 0.082231),0.853512 (0.772200 + 0.081312),0.828700 (0.747000 + 0.081700),0.848423 (0.765900 + 0.082523),0.837191 (0.755100 + 0.082091),0.836275 (0.754200 + 0.082075),0.847400 (0.765000 + 0.082400),0.834310 (0.752400 + 0.081910),0.837986 (0.756000 + 0.081986),0.849812 (0.767700 + 0.082113),0.836592 (0.755100 + 0.081492),0.834979 (0.752400 + 0.082579),0.838560 (0.756000 + 0.082560),0.846585 (0.765900 + 0.080685),0.844095 (0.761400 + 0.082695),0.839953 (0.758700 + 0.081253),0.840882 (0.759600 + 0.081282),0.838455 (0.756000 + 0.082455),0.835266 (0.753300 + 0.081966),0.840314 (0.757800 + 0.082514),0.837380 (0.755100 + 0.082280),0.843947 (0.762300 + 0.081647),0.826060 (0.744300 + 0.081760),0.835722 (0.754200 + 0.081522),0.832227 (0.749700 + 0.082527),0.835225 (0.752400 + 0.082825),0.835908 (0.754200 + 0.081709),0.841878 (0.760500 + 0.081378),0.844270 (0.762300 + 0.081970),0.821269 (0.738900 + 0.082369),0.840206 (0.757800 + 0.082406),0.826475 (0.743400 + 0.083075),0.834263 (0.751500 + 0.082763),0.844135 (0.761400 + 0.082735),0.843041 (0.760500 + 0.082541),0.840811 (0.758700 + 0.082111),0.826585 (0.746100 + 0.080485),0.841125 (0.758700 + 0.082425),0.827308 (0.745200 + 0.082108),0.831734 (0.749700 + 0.082034),0.843644 (0.761400 + 0.082244),0.840855 (0.758700 + 0.082155),0.843011 (0.760500 + 0.082511),0.842818 (0.759600 + 0.083219),0.843629 (0.761400 + 0.082229),0.844456 (0.761400 + 0.083056),0.842613 (0.761400 + 0.081213),0.836013 (0.753300 + 0.082713),0.836273 (0.755100 + 0.081173),0.825749 (0.744300 + 0.081449),0.822421 (0.740700 + 0.081721),0.844095 (0.761400 + 0.082695)
16,0.859587 (0.777600 + 0.081987),0.840466 (0.758700 + 0.081766),0.831467 (0.750600 + 0.080867),0.847117 (0.764100 + 0.083017),0.834085 (0.752400 + 0.081685),0.842229 (0.759600 + 0.082629),0.842997 (0.760500 + 0.082497),0.850367 (0.767700 + 0.082668),0.839570 (0.756900 + 0.082670),0.842809 (0.760500 + 0.082309),0.825802 (0.743400 + 0.082402),0.831059 (0.748800 + 0.082259),0.836152 (0.753300 + 0.082852),0.845960 (0.764100 + 0.081860),0.844758 (0.762300 + 0.082458),0.835030 (0.752400 + 0.082630),0.842662 (0.759600 + 0.083062),0.835851 (0.753300 + 0.082551),0.829076 (0.746100 + 0.082976),0.850665 (0.768600 + 0.082065),0.843011 (0.760500 + 0.082511),0.835222 (0.752400 + 0.082822),0.831678 (0.749700 + 0.081978),0.838431 (0.756000 + 0.082431),0.852397 (0.770400 + 0.081997),0.843012 (0.760500 + 0.082512),0.843471 (0.760500 + 0.082971),0.845771 (0.763200 + 0.082571),0.831920 (0.749700 + 0.082220),0.839865 (0.756900 + 0.082965),0.830032 (0.747900 + 0.082132),0.843714 (0.761400 + 0.082314),0.843492 (0.761400 + 0.082092),0.837299 (0.756000 + 0.081299),0.838207 (0.756900 + 0.081307),0.841960 (0.759600 + 0.082360),0.844095 (0.761400 + 0.082695),0.838129 (0.756900 + 0.081229),0.819314 (0.737100 + 0.082214),0.840793 (0.758700 + 0.082093),0.838843 (0.756900 + 0.081943),0.848598 (0.766800 + 0.081798),0.842273 (0.760500 + 0.081773),0.846534 (0.765000 + 0.081534),0.831734 (0.749700 + 0.082034),0.827793 (0.745200 + 0.082593),0.834306 (0.750600 + 0.083706),0.833297 (0.751500 + 0.081797),0.835681 (0.753300 + 0.082381),0.844135 (0.761400 + 0.082735),0.838479 (0.756000 + 0.082479),0.833458 (0.750600 + 0.082859),0.838720 (0.756900 + 0.081820),0.842472 (0.760500 + 0.081972),0.833119 (0.751500 + 0.081619),0.843519 (0.762300 + 0.081219),0.842035 (0.760500 + 0.081535),0.843268 (0.760500 + 0.082768),0.819036 (0.736200 + 0.082836),0.832286 (0.749700 + 0.082586),0.843749 (0.761400 + 0.082350),0.835945 (0.754200 + 0.081745),0.814997 (0.732600 + 0.082397),0.843947 (0.762300 + 0.081647),0.836275 (0.754200 + 0.082075),0.837585 (0.755100 + 0.082485),0.833201 (0.751500 + 0.081701),0.846698 (0.764100 + 0.082598),0.851715 (0.770400 + 0.081315),0.838487 (0.756000 + 0.082487),0.831105 (0.748800 + 0.082305),0.839780 (0.758700 + 0.081080),0.846345 (0.764100 + 0.082245),0.847218 (0.764100 + 0.083118),0.848436 (0.766800 + 0.081636),0.842135 (0.759600 + 0.082535),0.844081 (0.762300 + 0.081781),0.840638 (0.758700 + 0.081938),0.833385 (0.752400 + 0.080985),0.843967 (0.761400 + 0.082567),0.842569 (0.759600 + 0.082969),0.832250 (0.749700 + 0.082550),0.840452 (0.757800 + 0.082652),0.852204 (0.770400 + 0.081804),0.833543 (0.751500 + 0.082044),0.850688 (0.769500 + 0.081188),0.846768 (0.764100 + 0.082668),0.844270 (0.762300 + 0.081970),0.836592 (0.755100 + 0.081492),0.847640 (0.766800 + 0.080840),0.845509 (0.764100 + 0.081409),0.845430 (0.763200 + 0.082230),0.832976 (0.750600 + 0.082376),0.841424 (0.759600 + 0.081824),0.850992 (0.768600 + 0.082392),0.839843 (0.758700 + 0.081143),0.830871 (0.748800 + 0.082071),0.840824 (0.758700 + 0.082124),0.832833 (0.750600 + 0.082233),0.841555 (0.760500 + 0.081055)
17,0.859587 (0.777600 + 0.081987),0.837996 (0.756900 + 0.081096),0.840968 (0.759600 + 0.081368),0.850886 (0.769500 + 0.081386),0.848403 (0.765900 + 0.082503),0.859587 (0.777600 + 0.081987),0.850665 (0.768600 + 0.082065),0.832725 (0.751500 + 0.081225),0.834251 (0.752400 + 0.081851),0.839461 (0.757800 + 0.081661),0.825266 (0.744300 + 0.080966),0.841277 (0.758700 + 0.082577),0.846284 (0.765000 + 0.081284),0.845542 (0.765000 + 0.080542),0.844270 (0.762300 + 0.081970),0.849961 (0.768600 + 0.081361),0.843728 (0.761400 + 0.082328),0.850562 (0.768600 + 0.081962),0.846275 (0.765000 + 0.081275),0.839817 (0.758700 + 0.081117),0.841158 (0.758700 + 0.082458),0.840239 (0.757800 + 0.082439),0.835251 (0.754200 + 0.081051),0.848509 (0.765900 + 0.082609),0.838541 (0.756000 + 0.082541),0.845818 (0.764100 + 0.081719),0.849379 (0.765900 + 0.083479),0.843947 (0.762300 + 0.081647),0.829393 (0.747000 + 0.082393),0.837922 (0.756900 + 0.081022),0.838007 (0.756000 + 0.082007),0.848312 (0.766800 + 0.081512),0.837495 (0.756000 + 0.081495),0.825607 (0.743400 + 0.082207),0.834062 (0.752400 + 0.081662),0.841182 (0.758700 + 0.082482),0.838350 (0.756000 + 0.082350),0.852397 (0.770400 + 0.081997),0.838720 (0.756900 + 0.081820),0.843734 (0.761400 + 0.082334),0.837455 (0.755100 + 0.082355),0.855331 (0.774000 + 0.081331),0.842603 (0.761400 + 0.081203),0.829744 (0.747900 + 0.081845),0.824132 (0.742500 + 0.081632),0.835458 (0.754200 + 0.081258),0.838577 (0.756000 + 0.082577),0.836023 (0.755100 + 0.080923),0.845031 (0.763200 + 0.081831),0.830775 (0.747900 + 0.082876),0.827749 (0.746100 + 0.081649),0.847067 (0.765000 + 0.082067),0.842010 (0.759600 + 0.082410),0.845223 (0.762300 + 0.082923),0.826751 (0.743400 + 0.083351),0.851018 (0.768600 + 0.082418),0.843547 (0.761400 + 0.082147),0.826084 (0.745200 + 0.080884),0.833473 (0.751500 + 0.081974),0.850400 (0.768600 + 0.081800),0.856187 (0.774000 + 0.082187),0.844391 (0.762300 + 0.082091),0.852274 (0.770400 + 0.081874),0.834798 (0.753300 + 0.081498),0.828074 (0.745200 + 0.082874),0.857160 (0.774900 + 0.082260),0.838719 (0.756900 + 0.081819),0.841894 (0.760500 + 0.081394),0.852074 (0.770400 + 0.081674),0.842360 (0.760500 + 0.081860),0.834718 (0.753300 + 0.081418),0.837312 (0.755100 + 0.082212),0.839865 (0.756900 + 0.082965),0.828808 (0.747000 + 0.081808),0.846402 (0.764100 + 0.082302),0.838366 (0.756000 + 0.082366),0.845757 (0.762300 + 0.083457),0.846881 (0.764100 + 0.082781),0.845777 (0.764100 + 0.081677),0.837048 (0.755100 + 0.081948),0.834496 (0.753300 + 0.081196),0.839275 (0.756900 + 0.082375),0.851354 (0.768600 + 0.082754),0.842135 (0.759600 + 0.082535),0.832909 (0.750600 + 0.082309),0.850978 (0.769500 + 0.081478),0.843328 (0.762300 + 0.081028),0.830522 (0.748800 + 0.081722),0.831538 (0.749700 + 0.081838),0.835643 (0.754200 + 0.081443),0.835093 (0.753300 + 0.081793),0.847692 (0.765900 + 0.081792),0.845650 (0.763200 + 0.082450),0.847636 (0.765000 + 0.082636),0.849396 (0.767700 + 0.081696),0.847218 (0.764100 + 0.083118),0.830604 (0.748800 + 0.081804),0.840296 (0.757800 + 0.082496),0.825871 (0.743400 + 0.082471),0.835379 (0.753300 + 0.082079)
18,0.859587 (0.777600 + 0.081987),0.849866 (0.767700 + 0.082166),0.844505 (0.762300 + 0.082205),0.838186 (0.756000 + 0.082186),0.838034 (0.756000 + 0.082034),0.850376 (0.767700 + 0.082676),0.833464 (0.751500 + 0.081964),0.844178 (0.762300 + 0.081878),0.837313 (0.755100 + 0.082213),0.837447 (0.756000 + 0.081447),0.850627 (0.769500 + 0.081127),0.841120 (0.758700 + 0.082420),0.843971 (0.762300 + 0.081671),0.841246 (0.759600 + 0.081646),0.832548 (0.749700 + 0.082848),0.822986 (0.741600 + 0.081386),0.841747 (0.759600 + 0.082147),0.846283 (0.764100 + 0.082183),0.839367 (0.757800 + 0.081567),0.835108 (0.752400 + 0.082708),0.851831 (0.769500 + 0.082331),0.856187 (0.774000 + 0.082187),0.837202 (0.756000 + 0.081202),0.848186 (0.765900 + 0.082286),0.847841 (0.765900 + 0.081941),0.837415 (0.756000 + 0.081415),0.834652 (0.753300 + 0.081352),0.829602 (0.747000 + 0.082602),0.851120 (0.768600 + 0.082520),0.852397 (0.770400 + 0.081997),0.852274 (0.770400 + 0.081874),0.843535 (0.761400 + 0.082135),0.841221 (0.758700 + 0.082521),0.828833 (0.746100 + 0.082733),0.835089 (0.751500 + 0.083589),0.840972 (0.759600 + 0.081372),0.844737 (0.762300 + 0.082437),0.837229 (0.755100 + 0.082130),0.834045 (0.753300 + 0.080745),0.838308 (0.756900 + 0.081408),0.850454 (0.768600 + 0.081854),0.829070 (0.747000 + 0.082070),0.852334 (0.771300 + 0.081034),0.836149 (0.754200 + 0.081949),0.826481 (0.745200 + 0.081281),0.840509 (0.758700 + 0.081809),0.839712 (0.757800 + 0.081912),0.832194 (0.749700 + 0.082494),0.847970 (0.765900 + 0.082070),0.828719 (0.747000 + 0.081719),0.858105 (0.776700 + 0.081405),0.839670 (0.757800 + 0.081870),0.852374 (0.770400 + 0.081974),0.832104 (0.749700 + 0.082404),0.846235 (0.765000 + 0.081235),0.852946 (0.771300 + 0.081646),0.833651 (0.752400 + 0.081251),0.853655 (0.772200 + 0.081455),0.848591 (0.765900 + 0.082691),0.859909 (0.777600 + 0.082309),0.848486 (0.765900 + 0.082586),0.825300 (0.742500 + 0.082800),0.843132 (0.761400 + 0.081732),0.837216 (0.755100 + 0.082116),0.845246 (0.763200 + 0.082046),0.831352 (0.748800 + 0.082552),0.846275 (0.765000 + 0.081275),0.835224 (0.752400 + 0.082824),0.845835 (0.764100 + 0.081735),0.846120 (0.764100 + 0.082020),0.846042 (0.764100 + 0.081942),0.860575 (0.777600 + 0.082975),0.835947 (0.754200 + 0.081747),0.843823 (0.761400 + 0.082423),0.824571 (0.743400 + 0.081171),0.844157 (0.761400 + 0.082757),0.842610 (0.759600 + 0.083010),0.847067 (0.765000 + 0.082067),0.838719 (0.756900 + 0.081819),0.840747 (0.758700 + 0.082047),0.840747 (0.759600 + 0.081147),0.839357 (0.756900 + 0.082457),0.849072 (0.767700 + 0.081372),0.842122 (0.760500 + 0.081622),0.834080 (0.751500 + 0.082580),0.840264 (0.757800 + 0.082465),0.847001 (0.764100 + 0.082901),0.837488 (0.755100 + 0.082388),0.842597 (0.760500 + 0.082097),0.835885 (0.754200 + 0.081685),0.829568 (0.748800 + 0.080768),0.851018 (0.768600 + 0.082418),0.842749 (0.760500 + 0.082249),0.839759 (0.757800 + 0.081959),0.843842 (0.761400 + 0.082442),0.848744 (0.766800 + 0.081944),0.844026 (0.762300 + 0.081726),0.852074 (0.770400 + 0.081674),0.831968 (0.749700 + 0.082268),0.837109 (0.756000 + 0.081109)
19,0.860575 (0.777600 + 0.082975),0.841724 (0.758700 + 0.083024),0.846103 (0.764100 + 0.082003),0.837410 (0.755100 + 0.082310),0.828047 (0.746100 + 0.081947),0.839659 (0.757800 + 0.081859),0.849556 (0.767700 + 0.081856),0.832907 (0.751500 + 0.081407),0.846514 (0.764100 + 0.082414),0.842235 (0.759600 + 0.082635),0.833115 (0.751500 + 0.081615),0.837054 (0.755100 + 0.081954),0.836537 (0.755100 + 0.081437),0.834479 (0.753300 + 0.081179),0.853685 (0.772200 + 0.081486),0.849239 (0.766800 + 0.082439),0.849316 (0.766800 + 0.082516),0.832466 (0.750600 + 0.081866),0.849256 (0.768600 + 0.080656),0.834678 (0.753300 + 0.081378),0.849846 (0.767700 + 0.082146),0.844466 (0.762300 + 0.082166),0.848801 (0.766800 + 0.082001),0.847841 (0.765900 + 0.081941),0.856249 (0.773100 + 0.083149),0.832633 (0.750600 + 0.082033),0.842549 (0.760500 + 0.082049),0.830188 (0.748800 + 0.081388),0.832284 (0.751500 + 0.080784),0.847464 (0.765000 + 0.082464),0.838354 (0.756000 + 0.082354),0.830191 (0.747900 + 0.082291),0.844994 (0.763200 + 0.081794),0.859587 (0.777600 + 0.081987),0.849866 (0.767700 + 0.082166),0.844018 (0.762300 + 0.081718),0.833290 (0.751500 + 0.081790),0.830322 (0.748800 + 0.081522),0.838474 (0.756000 + 0.082474),0.860644 (0.777600 + 0.083044),0.853777 (0.772200 + 0.081577),0.845794 (0.764100 + 0.081694),0.836820 (0.754200 + 0.082620),0.846644 (0.764100 + 0.082544),0.852955 (0.769500 + 0.083455),0.852468 (0.771300 + 0.081168),0.844308 (0.762300 + 0.082008),0.846592 (0.765000 + 0.081592),0.842436 (0.760500 + 0.081936),0.836850 (0.754200 + 0.082650),0.828284 (0.746100 + 0.082184),0.833791 (0.752400 + 0.081391),0.842150 (0.760500 + 0.081650),0.838132 (0.756000 + 0.082132),0.843154 (0.760500 + 0.082654),0.830303 (0.747900 + 0.082403),0.847209 (0.765000 + 0.082209),0.842532 (0.760500 + 0.082032),0.824378 (0.742500 + 0.081878),0.834389 (0.752400 + 0.081989),0.844173 (0.762300 + 0.081873),0.850524 (0.768600 + 0.081925),0.838015 (0.755100 + 0.082915),0.844662 (0.762300 + 0.082362),0.839735 (0.757800 + 0.081935),0.837919 (0.756000 + 0.081919),0.833738 (0.752400 + 0.081338),0.835780 (0.755100 + 0.080680),0.847223 (0.765000 + 0.082223),0.841119 (0.758700 + 0.082419),0.840007 (0.757800 + 0.082207),0.832202 (0.750600 + 0.081602),0.844919 (0.763200 + 0.081719),0.832150 (0.750600 + 0.081550),0.846714 (0.764100 + 0.082614),0.831651 (0.750600 + 0.081051),0.846523 (0.765000 + 0.081523),0.852074 (0.770400 + 0.081674),0.830131 (0.747900 + 0.082231),0.841637 (0.759600 + 0.082038),0.832144 (0.750600 + 0.081544),0.838583 (0.756900 + 0.081683),0.836544 (0.753300 + 0.083244),0.847048 (0.765000 + 0.082048),0.836994 (0.755100 + 0.081895),0.849951 (0.767700 + 0.082251),0.842439 (0.760500 + 0.081939),0.833977 (0.751500 + 0.082477),0.844529 (0.763200 + 0.081329),0.849564 (0.768600 + 0.080964),0.838051 (0.756000 + 0.082051),0.846511 (0.764100 + 0.082412),0.829923 (0.747900 + 0.082023),0.834313 (0.751500 + 0.082813),0.841840 (0.760500 + 0.081340),0.851661 (0.769500 + 0.082161),0.828800 (0.747000 + 0.081800),0.839632 (0.757800 + 0.081832),0.839726 (0.757800 + 0.081926),0.846785 (0.765000 + 0.081785)
20,0.860644 (0.777600 + 0.083044),0.840048 (0.757800 + 0.082248),0.843443 (0.761400 + 0.082043),0.834552 (0.753300 + 0.081252),0.844274 (0.762300 + 0.081974),0.832645 (0.750600 + 0.082045),0.838648 (0.756000 + 0.082648),0.846341 (0.764100 + 0.082241),0.835150 (0.753300 + 0.081850),0.842971 (0.760500 + 0.082471),0.826576 (0.745200 + 0.081376),0.840860 (0.758700 + 0.082160),0.827531 (0.746100 + 0.081431),0.844607 (0.762300 + 0.082307),0.851707 (0.770400 + 0.081307),0.835780 (0.755100 + 0.080680),0.833738 (0.752400 + 0.081338),0.847006 (0.765000 + 0.082006),0.840685 (0.758700 + 0.081985),0.845628 (0.764100 + 0.081528),0.834275 (0.753300 + 0.080975),0.827519 (0.746100 + 0.081419),0.846684 (0.764100 + 0.082584),0.849488 (0.767700 + 0.081788),0.830676 (0.748800 + 0.081876),0.833022 (0.750600 + 0.082422),0.833192 (0.751500 + 0.081692),0.837180 (0.756000 + 0.081180),0.845361 (0.763200 + 0.082161),0.830281 (0.748800 + 0.081481),0.843533 (0.762300 + 0.081233),0.841556 (0.759600 + 0.081957),0.851907 (0.770400 + 0.081507),0.829573 (0.747900 + 0.081673),0.847440 (0.765900 + 0.081540),0.830164 (0.747900 + 0.082264),0.852810 (0.771300 + 0.081510),0.840470 (0.758700 + 0.081770),0.845377 (0.763200 + 0.082177),0.847549 (0.765900 + 0.081649),0.844593 (0.762300 + 0.082293),0.826060 (0.744300 + 0.081760),0.831062 (0.749700 + 0.081362),0.835460 (0.754200 + 0.081260),0.840123 (0.758700 + 0.081423),0.844349 (0.762300 + 0.082049),0.834543 (0.753300 + 0.081243),0.829916 (0.747900 + 0.082016),0.839460 (0.757800 + 0.081660),0.836722 (0.753300 + 0.083422),0.834285 (0.752400 + 0.081885),0.842340 (0.760500 + 0.081840),0.839543 (0.757800 + 0.081743),0.840770 (0.758700 + 0.082070),0.837738 (0.756000 + 0.081738),0.840531 (0.759600 + 0.080931),0.850521 (0.768600 + 0.081921),0.838346 (0.756000 + 0.082346),0.835017 (0.753300 + 0.081717),0.826800 (0.745200 + 0.081600),0.844228 (0.763200 + 0.081028),0.837747 (0.756000 + 0.081747),0.842385 (0.760500 + 0.081885),0.824630 (0.742500 + 0.082130),0.855728 (0.774000 + 0.081728),0.844489 (0.763200 + 0.081289),0.838173 (0.756000 + 0.082173),0.845007 (0.762300 + 0.082707),0.850524 (0.768600 + 0.081925),0.835284 (0.753300 + 0.081984),0.838674 (0.756000 + 0.082674),0.847974 (0.765900 + 0.082074),0.848601 (0.766800 + 0.081801),0.835597 (0.753300 + 0.082297),0.846592 (0.765000 + 0.081592),0.842089 (0.761400 + 0.080689),0.847833 (0.765900 + 0.081932),0.839158 (0.757800 + 0.081358),0.855044 (0.773100 + 0.081944),0.843750 (0.761400 + 0.082350),0.837268 (0.755100 + 0.082168),0.823872 (0.742500 + 0.081372),0.832898 (0.750600 + 0.082298),0.841853 (0.759600 + 0.082253),0.835740 (0.753300 + 0.082440),0.840981 (0.758700 + 0.082281),0.846020 (0.764100 + 0.081920),0.852468 (0.771300 + 0.081168),0.841724 (0.758700 + 0.083024),0.838889 (0.756900 + 0.081989),0.836931 (0.755100 + 0.081831),0.844333 (0.762300 + 0.082033),0.836103 (0.754200 + 0.081904),0.852468 (0.771300 + 0.081168),0.844994 (0.763200 + 0.081794),0.849951 (0.767700 + 0.082251),0.849951 (0.767700 + 0.082251),0.843208 (0.762300 + 0.080908),0.844911 (0.762300 + 0.082611),0.836178 (0.754200 + 0.081978)
21,0.860644 (0.777600 + 0.083044),0.850163 (0.768600 + 0.081563),0.833801 (0.751500 + 0.082301),0.842935 (0.761400 + 0.081535),0.838788 (0.756900 + 0.081888),0.846987 (0.765000 + 0.081988),0.835585 (0.754200 + 0.081385),0.840727 (0.758700 + 0.082027),0.842114 (0.759600 + 0.082514),0.830157 (0.748800 + 0.081357),0.847806 (0.765900 + 0.081906),0.848179 (0.767700 + 0.080479),0.833791 (0.752400 + 0.081391),0.837575 (0.756000 + 0.081575),0.853087 (0.771300 + 0.081787),0.851564 (0.770400 + 0.081164),0.842144 (0.760500 + 0.081644),0.839665 (0.757800 + 0.081865),0.852920 (0.771300 + 0.081620),0.854392 (0.772200 + 0.082192),0.822738 (0.741600 + 0.081138),0.828421 (0.747000 + 0.081421),0.846525 (0.765000 + 0.081525),0.849186 (0.766800 + 0.082386),0.827908 (0.746100 + 0.081808),0.828758 (0.747000 + 0.081758),0.839738 (0.757800 + 0.081938),0.846881 (0.765000 + 0.081881),0.844845 (0.763200 + 0.081645),0.835494 (0.754200 + 0.081294),0.838384 (0.756900 + 0.081484),0.838910 (0.756900 + 0.082010),0.839383 (0.757800 + 0.081583),0.853068 (0.771300 + 0.081768),0.836376 (0.753300 + 0.083076),0.845007 (0.762300 + 0.082707),0.844607 (0.762300 + 0.082307),0.834210 (0.752400 + 0.081810),0.814795 (0.733500 + 0.081295),0.851907 (0.770400 + 0.081507),0.833192 (0.751500 + 0.081692),0.842014 (0.759600 + 0.082414),0.849865 (0.767700 + 0.082165),0.838217 (0.755100 + 0.083117),0.829206 (0.747000 + 0.082206),0.847840 (0.765900 + 0.081940),0.829141 (0.747000 + 0.082141),0.841373 (0.760500 + 0.080873),0.845057 (0.763200 + 0.081857),0.841102 (0.759600 + 0.081502),0.840496 (0.758700 + 0.081796),0.829578 (0.747900 + 0.081678),0.840485 (0.758700 + 0.081785),0.838494 (0.756900 + 0.081594),0.848492 (0.766800 + 0.081692),0.850171 (0.768600 + 0.081571),0.840101 (0.757800 + 0.082301),0.840041 (0.756900 + 0.083141),0.852478 (0.770400 + 0.082078),0.830004 (0.747900 + 0.082104),0.836061 (0.754200 + 0.081861),0.844535 (0.762300 + 0.082235),0.829423 (0.747900 + 0.081523),0.849847 (0.767700 + 0.082147),0.841943 (0.759600 + 0.082343),0.837227 (0.755100 + 0.082127),0.842165 (0.760500 + 0.081665),0.835851 (0.754200 + 0.081651),0.838529 (0.757800 + 0.080729),0.834556 (0.753300 + 0.081255),0.835142 (0.753300 + 0.081842),0.844050 (0.762300 + 0.081750),0.831140 (0.747900 + 0.083240),0.840604 (0.758700 + 0.081904),0.839029 (0.756900 + 0.082129),0.828318 (0.746100 + 0.082218),0.842907 (0.761400 + 0.081507),0.831430 (0.748800 + 0.082630),0.855319 (0.774000 + 0.081319),0.833090 (0.752400 + 0.080690),0.850259 (0.768600 + 0.081659),0.843279 (0.761400 + 0.081879),0.835256 (0.754200 + 0.081056),0.836198 (0.755100 + 0.081098),0.842529 (0.760500 + 0.082029),0.857750 (0.775800 + 0.081950),0.851907 (0.770400 + 0.081507),0.841663 (0.760500 + 0.081163),0.830259 (0.747900 + 0.082359),0.831443 (0.749700 + 0.081743),0.844322 (0.762300 + 0.082022),0.832633 (0.750600 + 0.082033),0.835120 (0.752400 + 0.082720),0.843983 (0.762300 + 0.081683),0.846648 (0.764100 + 0.082548),0.836768 (0.755100 + 0.081668),0.835710 (0.753300 + 0.082410),0.839584 (0.757800 + 0.081784),0.841583 (0.760500 + 0.081083),0.848078 (0.766800 + 0.081278)
22,0.860644 (0.777600 + 0.083044),0.837670 (0.756000 + 0.081670),0.848635 (0.766800 + 0.081836),0.856144 (0.774000 + 0.082144),0.838091 (0.756900 + 0.081191),0.841992 (0.759600 + 0.082392),0.845119 (0.763200 + 0.081919),0.838954 (0.756900 + 0.082054),0.827212 (0.745200 + 0.082012),0.846955 (0.765000 + 0.081955),0.827786 (0.746100 + 0.081686),0.845134 (0.763200 + 0.081934),0.852973 (0.771300 + 0.081673),0.833413 (0.751500 + 0.081913),0.847757 (0.765900 + 0.081857),0.841636 (0.759600 + 0.082036),0.837849 (0.756000 + 0.081849),0.827351 (0.745200 + 0.082151),0.852099 (0.770400 + 0.081699),0.850259 (0.768600 + 0.081659),0.850766 (0.769500 + 0.081266),0.855472 (0.774000 + 0.081472),0.839691 (0.757800 + 0.081891),0.832236 (0.750600 + 0.081636),0.846422 (0.764100 + 0.082322),0.855319 (0.774000 + 0.081319),0.848078 (0.766800 + 0.081278),0.835787 (0.754200 + 0.081587),0.844900 (0.764100 + 0.080800),0.820413 (0.738900 + 0.081513),0.831156 (0.749700 + 0.081456),0.839849 (0.756900 + 0.082949),0.847835 (0.766800 + 0.081035),0.850013 (0.768600 + 0.081413),0.839805 (0.757800 + 0.082005),0.833238 (0.751500 + 0.081738),0.846675 (0.765000 + 0.081675),0.843092 (0.761400 + 0.081692),0.837494 (0.756000 + 0.081494),0.831827 (0.749700 + 0.082127),0.842710 (0.761400 + 0.081310),0.838701 (0.756000 + 0.082701),0.848611 (0.766800 + 0.081811),0.846577 (0.765000 + 0.081577),0.843040 (0.761400 + 0.081640),0.857837 (0.775800 + 0.082037),0.842640 (0.762300 + 0.080340),0.841325 (0.758700 + 0.082626),0.837719 (0.756900 + 0.080819),0.846439 (0.765000 + 0.081439),0.833938 (0.751500 + 0.082438),0.825559 (0.744300 + 0.081259),0.840223 (0.758700 + 0.081523),0.843147 (0.761400 + 0.081747),0.827950 (0.747000 + 0.080950),0.828966 (0.747000 + 0.081966),0.840134 (0.758700 + 0.081434),0.845586 (0.763200 + 0.082386),0.856037 (0.774000 + 0.082037),0.845649 (0.764100 + 0.081549),0.842433 (0.760500 + 0.081933),0.847834 (0.766800 + 0.081034),0.833722 (0.752400 + 0.081322),0.835475 (0.753300 + 0.082175),0.852468 (0.771300 + 0.081168),0.843747 (0.762300 + 0.081448),0.832912 (0.750600 + 0.082312),0.830898 (0.749700 + 0.081198),0.850158 (0.768600 + 0.081558),0.854794 (0.773100 + 0.081694),0.839913 (0.757800 + 0.082113),0.848397 (0.766800 + 0.081597),0.843279 (0.761400 + 0.081879),0.831467 (0.749700 + 0.081767),0.854029 (0.771300 + 0.082729),0.833157 (0.751500 + 0.081657),0.838477 (0.756900 + 0.081577),0.838552 (0.756900 + 0.081652),0.856852 (0.775800 + 0.081052),0.842528 (0.760500 + 0.082028),0.829404 (0.747000 + 0.082404),0.852141 (0.771300 + 0.080841),0.841912 (0.759600 + 0.082312),0.839026 (0.756900 + 0.082126),0.847963 (0.765900 + 0.082063),0.842945 (0.760500 + 0.082445),0.854858 (0.773100 + 0.081758),0.831423 (0.749700 + 0.081723),0.832352 (0.750600 + 0.081752),0.836870 (0.756000 + 0.080870),0.831531 (0.749700 + 0.081831),0.839966 (0.758700 + 0.081266),0.839037 (0.756000 + 0.083037),0.836262 (0.756000 + 0.080262),0.848963 (0.766800 + 0.082163),0.833752 (0.752400 + 0.081352),0.846505 (0.765000 + 0.081505),0.832274 (0.750600 + 0.081674),0.846850 (0.765900 + 0.080950),0.837391 (0.755100 + 0.082291)
23,0.860644 (0.777600 + 0.083044),0.831398 (0.748800 + 0.082598),0.841115 (0.759600 + 0.081515),0.826767 (0.745200 + 0.081567),0.848039 (0.766800 + 0.081239),0.850158 (0.768600 + 0.081558),0.837270 (0.755100 + 0.082171),0.830108 (0.747900 + 0.082208),0.850008 (0.768600 + 0.081409),0.850586 (0.769500 + 0.081086),0.847428 (0.765000 + 0.082428),0.837753 (0.756000 + 0.081753),0.836118 (0.754200 + 0.081919),0.843545 (0.762300 + 0.081245),0.847699 (0.766800 + 0.080899),0.835276 (0.753300 + 0.081976),0.847799 (0.766800 + 0.080999),0.849930 (0.768600 + 0.081330),0.855394 (0.774000 + 0.081394),0.841912 (0.759600 + 0.082312),0.839037 (0.756000 + 0.083037),0.850445 (0.769500 + 0.080945),0.853218 (0.771300 + 0.081918),0.846867 (0.765000 + 0.081867),0.837683 (0.755100 + 0.082583),0.833688 (0.752400 + 0.081288),0.844203 (0.762300 + 0.081903),0.847368 (0.765000 + 0.082368),0.846187 (0.765000 + 0.081187),0.842710 (0.761400 + 0.081310),0.838792 (0.757800 + 0.080992),0.842377 (0.761400 + 0.080977),0.832028 (0.749700 + 0.082328),0.839167 (0.757800 + 0.081367),0.844808 (0.762300 + 0.082508),0.850824 (0.769500 + 0.081324),0.845125 (0.763200 + 0.081926),0.849654 (0.767700 + 0.081954),0.847351 (0.765900 + 0.081451),0.844444 (0.763200 + 0.081244),0.842416 (0.760500 + 0.081916),0.842424 (0.761400 + 0.081024),0.835355 (0.753300 + 0.082055),0.846324 (0.765000 + 0.081324),0.837754 (0.755100 + 0.082654),0.845349 (0.764100 + 0.081249),0.843434 (0.761400 + 0.082034),0.837431 (0.756000 + 0.081431),0.836887 (0.756000 + 0.080887),0.845084 (0.764100 + 0.080984),0.842823 (0.761400 + 0.081423),0.839790 (0.757800 + 0.081990),0.822130 (0.740700 + 0.081430),0.849137 (0.766800 + 0.082337),0.839112 (0.757800 + 0.081312),0.854379 (0.772200 + 0.082179),0.816050 (0.733500 + 0.082550),0.849881 (0.767700 + 0.082181),0.838710 (0.756900 + 0.081810),0.843421 (0.761400 + 0.082021),0.837123 (0.756000 + 0.081123),0.847703 (0.765900 + 0.081803),0.853508 (0.772200 + 0.081308),0.839269 (0.757800 + 0.081469),0.835690 (0.753300 + 0.082390),0.835875 (0.755100 + 0.080775),0.838660 (0.756900 + 0.081760),0.834057 (0.752400 + 0.081657),0.838550 (0.757800 + 0.080750),0.846675 (0.765000 + 0.081675),0.843040 (0.761400 + 0.081640),0.850148 (0.768600 + 0.081548),0.838584 (0.756900 + 0.081684),0.843940 (0.763200 + 0.080740),0.841868 (0.760500 + 0.081368),0.848635 (0.766800 + 0.081836),0.845586 (0.763200 + 0.082386),0.855472 (0.774000 + 0.081472),0.855472 (0.774000 + 0.081472),0.842314 (0.761400 + 0.080914),0.829708 (0.747900 + 0.081808),0.851950 (0.770400 + 0.081550),0.849458 (0.767700 + 0.081758),0.843114 (0.761400 + 0.081714),0.861547 (0.778500 + 0.083047),0.829638 (0.747900 + 0.081738),0.846378 (0.765000 + 0.081378),0.843785 (0.761400 + 0.082385),0.847904 (0.765900 + 0.082004),0.844652 (0.763200 + 0.081452),0.847966 (0.766800 + 0.081166),0.836685 (0.756000 + 0.080685),0.839752 (0.757800 + 0.081952),0.839579 (0.757800 + 0.081779),0.840728 (0.759600 + 0.081128),0.837620 (0.755100 + 0.082520),0.833723 (0.752400 + 0.081323),0.829852 (0.749700 + 0.080152),0.845644 (0.763200 + 0.082444),0.851686 (0.769500 + 0.082186)
24,0.861547 (0.778500 + 0.083047),0.838273 (0.756000 + 0.082273),0.844375 (0.762300 + 0.082075),0.836933 (0.754200 + 0.082733),0.848033 (0.766800 + 0.081233),0.832771 (0.751500 + 0.081271),0.846359 (0.765000 + 0.081359),0.818472 (0.736200 + 0.082272),0.839508 (0.758700 + 0.080808),0.843301 (0.762300 + 0.081001),0.840041 (0.758700 + 0.081341),0.827401 (0.745200 + 0.082201),0.848977 (0.766800 + 0.082177),0.833231 (0.750600 + 0.082631),0.837293 (0.756900 + 0.080393),0.835181 (0.753300 + 0.081881),0.841607 (0.759600 + 0.082007),0.841688 (0.760500 + 0.081188),0.859191 (0.777600 + 0.081591),0.844657 (0.763200 + 0.081457),0.823577 (0.741600 + 0.081977),0.842733 (0.760500 + 0.082233),0.849599 (0.768600 + 0.081000),0.850824 (0.769500 + 0.081324),0.850824 (0.769500 + 0.081324),0.850158 (0.768600 + 0.081558),0.849930 (0.768600 + 0.081330),0.834476 (0.753300 + 0.081176),0.841970 (0.760500 + 0.081470),0.833646 (0.752400 + 0.081246),0.844925 (0.763200 + 0.081725),0.849137 (0.766800 + 0.082337),0.846675 (0.765000 + 0.081675),0.850247 (0.769500 + 0.080747),0.838590 (0.756900 + 0.081690),0.835150 (0.753300 + 0.081850),0.825741 (0.745200 + 0.080541),0.851686 (0.769500 + 0.082186),0.849458 (0.767700 + 0.081758),0.842497 (0.760500 + 0.081997),0.845698 (0.765000 + 0.080698),0.847311 (0.765900 + 0.081411),0.840605 (0.759600 + 0.081005),0.850568 (0.769500 + 0.081068),0.821669 (0.738900 + 0.082769),0.853482 (0.772200 + 0.081282),0.852994 (0.770400 + 0.082594),0.850068 (0.768600 + 0.081468),0.846548 (0.765900 + 0.080648),0.846529 (0.765000 + 0.081529),0.860709 (0.778500 + 0.082209),0.845857 (0.764100 + 0.081757),0.842277 (0.761400 + 0.080877),0.845203 (0.764100 + 0.081103),0.850590 (0.768600 + 0.081991),0.859024 (0.777600 + 0.081424),0.843373 (0.762300 + 0.081073),0.844105 (0.762300 + 0.081805),0.845101 (0.762300 + 0.082802),0.845025 (0.763200 + 0.081825),0.843290 (0.761400 + 0.081890),0.843923 (0.763200 + 0.080723),0.835642 (0.754200 + 0.081442),0.840366 (0.759600 + 0.080766),0.837770 (0.756000 + 0.081770),0.843327 (0.761400 + 0.081927),0.848551 (0.767700 + 0.080851),0.847692 (0.765900 + 0.081792),0.843434 (0.761400 + 0.082034),0.852292 (0.770400 + 0.081892),0.838731 (0.757800 + 0.080931),0.837935 (0.756900 + 0.081035),0.840263 (0.757800 + 0.082463),0.850586 (0.769500 + 0.081086),0.849654 (0.767700 + 0.081954),0.841328 (0.759600 + 0.081728),0.848630 (0.767700 + 0.080930),0.846236 (0.765000 + 0.081236),0.852355 (0.771300 + 0.081055),0.831606 (0.750600 + 0.081006),0.841734 (0.759600 + 0.082134),0.854518 (0.773100 + 0.081418),0.824556 (0.742500 + 0.082056),0.840012 (0.758700 + 0.081312),0.829005 (0.747000 + 0.082005),0.830954 (0.748800 + 0.082154),0.844843 (0.764100 + 0.080743),0.845644 (0.763200 + 0.082444),0.834057 (0.752400 + 0.081657),0.825749 (0.743400 + 0.082349),0.835554 (0.754200 + 0.081354),0.857879 (0.774900 + 0.082979),0.843855 (0.761400 + 0.082455),0.841919 (0.760500 + 0.081419),0.844131 (0.762300 + 0.081831),0.851686 (0.769500 + 0.082186),0.846324 (0.765000 + 0.081324),0.848523 (0.766800 + 0.081723),0.851664 (0.769500 + 0.082164),0.846259 (0.765000 + 0.081259)
25,0.861547 (0.778500 + 0.083047),0.844921 (0.762300 + 0.082621),0.839533 (0.757800 + 0.081733),0.854253 (0.771300 + 0.082953),0.856321 (0.774900 + 0.081421),0.854435 (0.773100 + 0.081335),0.849810 (0.768600 + 0.081210),0.842123 (0.760500 + 0.081623),0.843284 (0.761400 + 0.081884),0.852171 (0.770400 + 0.081771),0.849519 (0.767700 + 0.081819),0.842116 (0.760500 + 0.081616),0.834864 (0.754200 + 0.080664),0.839870 (0.759600 + 0.080270),0.847942 (0.766800 + 0.081142),0.844287 (0.763200 + 0.081087),0.841000 (0.759600 + 0.081400),0.840314 (0.758700 + 0.081614),0.856290 (0.774900 + 0.081390),0.850824 (0.769500 + 0.081324),0.833604 (0.752400 + 0.081204),0.840082 (0.758700 + 0.081382),0.836792 (0.755100 + 0.081692),0.844028 (0.762300 + 0.081728),0.827617 (0.747000 + 0.080617),0.835382 (0.754200 + 0.081182),0.842277 (0.760500 + 0.081777),0.840579 (0.759600 + 0.080979),0.849131 (0.767700 + 0.081431),0.847726 (0.765900 + 0.081826),0.840927 (0.759600 + 0.081327),0.839721 (0.758700 + 0.081021),0.843354 (0.761400 + 0.081954),0.843545 (0.760500 + 0.083045),0.844446 (0.763200 + 0.081246),0.835544 (0.754200 + 0.081344),0.849717 (0.767700 + 0.082017),0.848944 (0.767700 + 0.081244),0.837492 (0.756000 + 0.081492),0.846324 (0.765000 + 0.081324),0.860709 (0.778500 + 0.082209),0.825649 (0.744300 + 0.081349),0.850386 (0.768600 + 0.081786),0.847713 (0.766800 + 0.080913),0.843411 (0.761400 + 0.082011),0.848406 (0.766800 + 0.081606),0.844421 (0.762300 + 0.082121),0.841903 (0.760500 + 0.081403),0.845391 (0.763200 + 0.082191),0.843837 (0.763200 + 0.080637),0.862690 (0.781200 + 0.081490),0.846359 (0.765000 + 0.081359),0.844375 (0.762300 + 0.082075),0.839643 (0.757800 + 0.081843),0.828510 (0.747000 + 0.081510),0.853165 (0.770400 + 0.082765),0.853447 (0.772200 + 0.081247),0.840147 (0.757800 + 0.082347),0.844881 (0.764100 + 0.080781),0.854515 (0.772200 + 0.082315),0.843265 (0.761400 + 0.081865),0.846614 (0.765000 + 0.081614),0.848091 (0.766800 + 0.081291),0.850247 (0.769500 + 0.080747),0.850824 (0.769500 + 0.081324),0.829831 (0.749700 + 0.080131),0.849128 (0.767700 + 0.081428),0.851448 (0.770400 + 0.081048),0.842531 (0.761400 + 0.081131),0.845158 (0.763200 + 0.081958),0.843373 (0.762300 + 0.081073),0.829190 (0.747000 + 0.082190),0.839060 (0.757800 + 0.081260),0.841601 (0.759600 + 0.082001),0.850247 (0.769500 + 0.080747),0.852083 (0.771300 + 0.080783),0.844013 (0.762300 + 0.081713),0.859086 (0.777600 + 0.081486),0.853315 (0.771300 + 0.082015),0.839665 (0.757800 + 0.081865),0.848777 (0.767700 + 0.081077),0.849993 (0.768600 + 0.081393),0.843747 (0.762300 + 0.081447),0.843327 (0.761400 + 0.081927),0.831043 (0.749700 + 0.081343),0.834966 (0.754200 + 0.080766),0.851491 (0.770400 + 0.081091),0.843420 (0.762300 + 0.081120),0.851207 (0.769500 + 0.081707),0.848141 (0.766800 + 0.081341),0.830009 (0.747900 + 0.082109),0.848286 (0.766800 + 0.081486),0.851613 (0.771300 + 0.080313),0.843012 (0.762300 + 0.080712),0.849830 (0.766800 + 0.083030),0.848682 (0.766800 + 0.081882),0.852287 (0.771300 + 0.080987),0.837209 (0.755100 + 0.082109),0.848522 (0.766800 + 0.081722),0.847099 (0.765900 + 0.081199)
26,0.862690 (0.781200 + 0.081490),0.853971 (0.773100 + 0.080871),0.849710 (0.768600 + 0.081110),0.834962 (0.753300 + 0.081662),0.844981 (0.763200 + 0.081781),0.834231 (0.753300 + 0.080931),0.847976 (0.766800 + 0.081176),0.847507 (0.766800 + 0.080707),0.844711 (0.764100 + 0.080611),0.843979 (0.762300 + 0.081679),0.839515 (0.757800 + 0.081715),0.853165 (0.770400 + 0.082765),0.844375 (0.762300 + 0.082075),0.849166 (0.767700 + 0.081466),0.827656 (0.747000 + 0.080656),0.843977 (0.762300 + 0.081677),0.834749 (0.752400 + 0.082349),0.852825 (0.771300 + 0.081525),0.848777 (0.767700 + 0.081077),0.835624 (0.754200 + 0.081424),0.839292 (0.757800 + 0.081492),0.851982 (0.770400 + 0.081582),0.850824 (0.769500 + 0.081324),0.834149 (0.751500 + 0.082649),0.835964 (0.754200 + 0.081764),0.846694 (0.764100 + 0.082594),0.835922 (0.755100 + 0.080822),0.847078 (0.765900 + 0.081178),0.838254 (0.756900 + 0.081354),0.841899 (0.760500 + 0.081399),0.860073 (0.779400 + 0.080673),0.843143 (0.761400 + 0.081743),0.846324 (0.765000 + 0.081324),0.839611 (0.758700 + 0.080911),0.851350 (0.770400 + 0.080950),0.836675 (0.755100 + 0.081575),0.837780 (0.755100 + 0.082680),0.833629 (0.752400 + 0.081229),0.849995 (0.769500 + 0.080495),0.852622 (0.770400 + 0.082222),0.851880 (0.769500 + 0.082380),0.839973 (0.758700 + 0.081273),0.836016 (0.754200 + 0.081816),0.843723 (0.763200 + 0.080523),0.847547 (0.766800 + 0.080747),0.834734 (0.753300 + 0.081434),0.849355 (0.766800 + 0.082555),0.849355 (0.767700 + 0.081655),0.843991 (0.762300 + 0.081691),0.852853 (0.771300 + 0.081553),0.838534 (0.757800 + 0.080734),0.848522 (0.766800 + 0.081722),0.845158 (0.763200 + 0.081958),0.862123 (0.781200 + 0.080923),0.828737 (0.747000 + 0.081737),0.845345 (0.764100 + 0.081245),0.843869 (0.762300 + 0.081569),0.849483 (0.768600 + 0.080883),0.839062 (0.756900 + 0.082162),0.847713 (0.766800 + 0.080913),0.840314 (0.758700 + 0.081614),0.837660 (0.756000 + 0.081660),0.841432 (0.759600 + 0.081832),0.831162 (0.748800 + 0.082362),0.846730 (0.765000 + 0.081730),0.842011 (0.760500 + 0.081511),0.838832 (0.756900 + 0.081932),0.851613 (0.771300 + 0.080313),0.848141 (0.766800 + 0.081341),0.841161 (0.759600 + 0.081561),0.850931 (0.770400 + 0.080531),0.842971 (0.761400 + 0.081571),0.848091 (0.766800 + 0.081291),0.844028 (0.762300 + 0.081728),0.841046 (0.759600 + 0.081446),0.837427 (0.756000 + 0.081427),0.846107 (0.765000 + 0.081107),0.854187 (0.772200 + 0.081987),0.855479 (0.773100 + 0.082379),0.850968 (0.769500 + 0.081468),0.837649 (0.756000 + 0.081649),0.845071 (0.764100 + 0.080971),0.841254 (0.759600 + 0.081654),0.849504 (0.769500 + 0.080004),0.832874 (0.750600 + 0.082274),0.843411 (0.761400 + 0.082011),0.843411 (0.761400 + 0.082011),0.843320 (0.761400 + 0.081920),0.844596 (0.762300 + 0.082296),0.836649 (0.755100 + 0.081549),0.848940 (0.767700 + 0.081240),0.855090 (0.774000 + 0.081090),0.852390 (0.771300 + 0.081090),0.844683 (0.763200 + 0.081483),0.850616 (0.768600 + 0.082016),0.832009 (0.749700 + 0.082309),0.845086 (0.764100 + 0.080986),0.854943 (0.773100 + 0.081843),0.832708 (0.750600 + 0.082108),0.846650 (0.765000 + 0.081650)
27,0.862690 (0.781200 + 0.081490),0.860635 (0.779400 + 0.081235),0.849787 (0.767700 + 0.082087),0.838639 (0.757800 + 0.080839),0.835408 (0.754200 + 0.081208),0.832259 (0.751500 + 0.080759),0.846107 (0.765000 + 0.081107),0.858795 (0.777600 + 0.081195),0.850340 (0.768600 + 0.081741),0.849356 (0.767700 + 0.081656),0.848356 (0.765900 + 0.082456),0.838032 (0.756900 + 0.081132),0.848368 (0.767700 + 0.080668),0.848508 (0.767700 + 0.080808),0.860960 (0.780300 + 0.080660),0.839524 (0.758700 + 0.080824),0.850257 (0.768600 + 0.081657),0.829830 (0.747900 + 0.081930),0.840298 (0.759600 + 0.080698),0.841558 (0.760500 + 0.081058),0.841364 (0.759600 + 0.081764),0.824276 (0.742500 + 0.081776),0.843326 (0.762300 + 0.081026),0.833877 (0.752400 + 0.081477),0.837469 (0.756000 + 0.081469),0.830089 (0.747900 + 0.082189),0.838480 (0.756000 + 0.082480),0.850079 (0.770400 + 0.079679),0.857688 (0.776700 + 0.080988),0.851287 (0.770400 + 0.080887),0.852494 (0.771300 + 0.081195),0.840833 (0.758700 + 0.082133),0.847337 (0.765900 + 0.081437),0.849497 (0.767700 + 0.081797),0.847661 (0.765900 + 0.081761),0.850108 (0.769500 + 0.080608),0.851535 (0.769500 + 0.082035),0.835016 (0.755100 + 0.079916),0.842660 (0.761400 + 0.081260),0.860014 (0.777600 + 0.082414),0.841821 (0.761400 + 0.080422),0.846842 (0.765900 + 0.080942),0.856965 (0.775800 + 0.081165),0.838501 (0.756000 + 0.082501),0.860521 (0.778500 + 0.082021),0.847008 (0.765900 + 0.081108),0.832431 (0.750600 + 0.081831),0.835130 (0.753300 + 0.081830),0.850078 (0.768600 + 0.081478),0.855597 (0.774900 + 0.080697),0.845990 (0.765000 + 0.080990),0.848485 (0.765900 + 0.082585),0.846107 (0.765000 + 0.081107),0.845341 (0.764100 + 0.081241),0.849768 (0.767700 + 0.082068),0.843247 (0.761400 + 0.081847),0.849009 (0.767700 + 0.081309),0.846660 (0.764100 + 0.082560),0.836932 (0.756000 + 0.080932),0.855558 (0.774000 + 0.081558),0.848616 (0.767700 + 0.080916),0.836990 (0.756000 + 0.080990),0.850711 (0.769500 + 0.081211),0.837867 (0.756900 + 0.080967),0.851658 (0.770400 + 0.081258),0.841904 (0.760500 + 0.081404),0.853015 (0.772200 + 0.080815),0.837115 (0.756000 + 0.081115),0.850412 (0.769500 + 0.080912),0.848220 (0.766800 + 0.081420),0.832369 (0.751500 + 0.080869),0.853265 (0.772200 + 0.081065),0.836567 (0.755100 + 0.081467),0.851588 (0.769500 + 0.082088),0.853806 (0.771300 + 0.082507),0.853165 (0.770400 + 0.082765),0.849355 (0.767700 + 0.081655),0.844260 (0.763200 + 0.081060),0.849284 (0.767700 + 0.081585),0.844041 (0.763200 + 0.080841),0.842343 (0.761400 + 0.080943),0.836609 (0.755100 + 0.081509),0.836575 (0.755100 + 0.081475),0.836046 (0.755100 + 0.080946),0.860115 (0.778500 + 0.081615),0.855429 (0.774000 + 0.081429),0.857401 (0.776700 + 0.080701),0.848255 (0.767700 + 0.080555),0.855964 (0.774900 + 0.081064),0.838911 (0.757800 + 0.081111),0.833887 (0.753300 + 0.080587),0.854804 (0.772200 + 0.082604),0.849663 (0.767700 + 0.081963),0.839252 (0.757800 + 0.081452),0.838879 (0.757800 + 0.081079),0.855479 (0.773100 + 0.082379),0.843991 (0.762300 + 0.081691),0.834622 (0.753300 + 0.081322),0.839062 (0.756900 + 0.082162),0.840133 (0.758700 + 0.081433)
28,0.862690 (0.781200 + 0.081490),0.834587 (0.751500 + 0.083087),0.840290 (0.758700 + 0.081590),0.852508 (0.772200 + 0.080308),0.849696 (0.767700 + 0.081996),0.838207 (0.756900 + 0.081307),0.845782 (0.764100 + 0.081682),0.847828 (0.766800 + 0.081028),0.851149 (0.770400 + 0.080749),0.849907 (0.768600 + 0.081307),0.842849 (0.761400 + 0.081449),0.850167 (0.768600 + 0.081567),0.843631 (0.762300 + 0.081331),0.836500 (0.755100 + 0.081400),0.846516 (0.765900 + 0.080616),0.856320 (0.774900 + 0.081420),0.845402 (0.764100 + 0.081302),0.844324 (0.763200 + 0.081124),0.834919 (0.752400 + 0.082519),0.845424 (0.764100 + 0.081324),0.842649 (0.761400 + 0.081249),0.848592 (0.766800 + 0.081792),0.842975 (0.760500 + 0.082475),0.844507 (0.763200 + 0.081307),0.854880 (0.773100 + 0.081780),0.843848 (0.763200 + 0.080648),0.839129 (0.757800 + 0.081329),0.842003 (0.760500 + 0.081503),0.841062 (0.759600 + 0.081462),0.854261 (0.773100 + 0.081161),0.850433 (0.769500 + 0.080933),0.837509 (0.755100 + 0.082409),0.847661 (0.765900 + 0.081761),0.845435 (0.764100 + 0.081335),0.841053 (0.759600 + 0.081453),0.839484 (0.757800 + 0.081684),0.851983 (0.770400 + 0.081583),0.851046 (0.770400 + 0.080646),0.849238 (0.767700 + 0.081538),0.849168 (0.767700 + 0.081468),0.837867 (0.756900 + 0.080967),0.848911 (0.767700 + 0.081211),0.838422 (0.756900 + 0.081522),0.858078 (0.776700 + 0.081378),0.840763 (0.759600 + 0.081163),0.839770 (0.758700 + 0.081070),0.853749 (0.772200 + 0.081549),0.849355 (0.767700 + 0.081655),0.848356 (0.765900 + 0.082456),0.851663 (0.770400 + 0.081263),0.858795 (0.777600 + 0.081195),0.830329 (0.748800 + 0.081529),0.852484 (0.770400 + 0.082084),0.851287 (0.770400 + 0.080887),0.851497 (0.770400 + 0.081097),0.853502 (0.773100 + 0.080402),0.854012 (0.772200 + 0.081812),0.851472 (0.770400 + 0.081072),0.840390 (0.758700 + 0.081690),0.845603 (0.764100 + 0.081504),0.857163 (0.775800 + 0.081363),0.846631 (0.765000 + 0.081631),0.839812 (0.758700 + 0.081112),0.840410 (0.759600 + 0.080810),0.841984 (0.760500 + 0.081484),0.847555 (0.765900 + 0.081655),0.857679 (0.775800 + 0.081879),0.836484 (0.755100 + 0.081384),0.843753 (0.761400 + 0.082353),0.853469 (0.772200 + 0.081269),0.856340 (0.774900 + 0.081440),0.850738 (0.769500 + 0.081238),0.854094 (0.772200 + 0.081894),0.862690 (0.781200 + 0.081490),0.857401 (0.776700 + 0.080701),0.841713 (0.760500 + 0.081213),0.836641 (0.755100 + 0.081542),0.834286 (0.753300 + 0.080986),0.830095 (0.748800 + 0.081295),0.838203 (0.757800 + 0.080403),0.850284 (0.770400 + 0.079884),0.844986 (0.764100 + 0.080886),0.852255 (0.771300 + 0.080955),0.843710 (0.761400 + 0.082310),0.847337 (0.765900 + 0.081437),0.845447 (0.764100 + 0.081347),0.827173 (0.746100 + 0.081073),0.850279 (0.768600 + 0.081679),0.846371 (0.764100 + 0.082271),0.841120 (0.761400 + 0.079720),0.847697 (0.765900 + 0.081797),0.837226 (0.755100 + 0.082126),0.842314 (0.759600 + 0.082714),0.853157 (0.772200 + 0.080957),0.839616 (0.758700 + 0.080916),0.851577 (0.770400 + 0.081177),0.842802 (0.760500 + 0.082302),0.839354 (0.758700 + 0.080654),0.846125 (0.765000 + 0.081125),0.847524 (0.765900 + 0.081624)
29,0.862690 (0.781200 + 0.081490),0.848862 (0.767700 + 0.081162),0.848682 (0.766800 + 0.081882),0.848117 (0.766800 + 0.081317),0.838935 (0.757800 + 0.081135),0.845383 (0.764100 + 0.081283),0.828448 (0.747000 + 0.081448),0.846452 (0.765000 + 0.081452),0.855735 (0.774900 + 0.080835),0.836869 (0.756000 + 0.080869),0.847119 (0.765900 + 0.081219),0.863448 (0.782100 + 0.081348),0.836578 (0.754200 + 0.082378),0.845932 (0.765000 + 0.080932),0.847888 (0.766800 + 0.081088),0.851461 (0.768600 + 0.082861),0.840553 (0.758700 + 0.081853),0.852508 (0.772200 + 0.080308),0.849355 (0.767700 + 0.081655),0.849400 (0.768600 + 0.080800),0.849230 (0.766800 + 0.082430),0.855648 (0.774900 + 0.080748),0.843415 (0.762300 + 0.081115),0.853843 (0.773100 + 0.080743),0.844725 (0.764100 + 0.080625),0.862690 (0.781200 + 0.081490),0.862690 (0.781200 + 0.081490),0.856340 (0.774900 + 0.081440),0.856220 (0.774900 + 0.081320),0.837648 (0.756900 + 0.080748),0.845447 (0.764100 + 0.081347),0.841736 (0.761400 + 0.080336),0.841984 (0.760500 + 0.081484),0.840096 (0.759600 + 0.080496),0.849623 (0.768600 + 0.081023),0.847133 (0.765900 + 0.081233),0.845580 (0.764100 + 0.081481),0.851579 (0.770400 + 0.081179),0.849587 (0.767700 + 0.081887),0.844703 (0.763200 + 0.081503),0.840852 (0.759600 + 0.081252),0.841986 (0.759600 + 0.082386),0.841991 (0.760500 + 0.081491),0.838349 (0.756900 + 0.081449),0.840968 (0.759600 + 0.081368),0.851624 (0.770400 + 0.081224),0.847112 (0.765900 + 0.081212),0.852242 (0.771300 + 0.080943),0.853519 (0.773100 + 0.080419),0.843226 (0.761400 + 0.081826),0.832238 (0.751500 + 0.080738),0.846337 (0.765000 + 0.081337),0.850345 (0.768600 + 0.081746),0.862690 (0.781200 + 0.081490),0.846631 (0.765000 + 0.081631),0.848300 (0.766800 + 0.081500),0.843024 (0.761400 + 0.081625),0.841906 (0.759600 + 0.082306),0.845439 (0.764100 + 0.081339),0.841666 (0.761400 + 0.080266),0.858112 (0.776700 + 0.081412),0.841254 (0.758700 + 0.082554),0.853088 (0.772200 + 0.080888),0.839530 (0.758700 + 0.080830),0.860054 (0.778500 + 0.081554),0.859736 (0.778500 + 0.081236),0.841469 (0.760500 + 0.080969),0.846958 (0.765900 + 0.081058),0.850905 (0.769500 + 0.081405),0.853716 (0.772200 + 0.081516),0.837297 (0.756000 + 0.081297),0.847872 (0.766800 + 0.081072),0.840955 (0.759600 + 0.081356),0.848165 (0.766800 + 0.081365),0.852071 (0.771300 + 0.080771),0.849235 (0.767700 + 0.081535),0.842669 (0.761400 + 0.081269),0.853708 (0.772200 + 0.081508),0.842249 (0.760500 + 0.081749),0.840578 (0.759600 + 0.080978),0.849794 (0.768600 + 0.081194),0.854261 (0.773100 + 0.081161),0.837755 (0.756900 + 0.080855),0.833644 (0.752400 + 0.081244),0.844634 (0.764100 + 0.080534),0.848346 (0.767700 + 0.080646),0.846125 (0.765000 + 0.081125),0.842697 (0.761400 + 0.081297),0.846971 (0.765900 + 0.081071),0.855563 (0.774900 + 0.080663),0.845385 (0.765000 + 0.080385),0.845002 (0.764100 + 0.080902),0.854418 (0.773100 + 0.081318),0.846922 (0.765000 + 0.081922),0.842528 (0.760500 + 0.082028),0.840764 (0.759600 + 0.081164),0.853962 (0.773100 + 0.080862),0.848149 (0.767700 + 0.080450),0.864207 (0.783900 + 0.080307),0.829531 (0.748800 + 0.080731)
30,0.864207 (0.783900 + 0.080307),0.836743 (0.755100 + 0.081643),0.846660 (0.765000 + 0.081660),0.844986 (0.764100 + 0.080886),0.842597 (0.761400 + 0.081197),0.833583 (0.751500 + 0.082083),0.846106 (0.764100 + 0.082006),0.841944 (0.761400 + 0.080544),0.844080 (0.762300 + 0.081780),0.839020 (0.757800 + 0.081220),0.841204 (0.759600 + 0.081604),0.836050 (0.754200 + 0.081850),0.858343 (0.777600 + 0.080743),0.859077 (0.777600 + 0.081477),0.855491 (0.774000 + 0.081491),0.854325 (0.773100 + 0.081225),0.862690 (0.781200 + 0.081490),0.847065 (0.766800 + 0.080265),0.848149 (0.767700 + 0.080450),0.858600 (0.777600 + 0.081000),0.835156 (0.755100 + 0.080056),0.848011 (0.766800 + 0.081211),0.855984 (0.774900 + 0.081084),0.844866 (0.763200 + 0.081666),0.839973 (0.758700 + 0.081273),0.844052 (0.763200 + 0.080852),0.846452 (0.765000 + 0.081452),0.839231 (0.758700 + 0.080531),0.845462 (0.764100 + 0.081362),0.847898 (0.767700 + 0.080198),0.843113 (0.761400 + 0.081713),0.852543 (0.771300 + 0.081243),0.841947 (0.760500 + 0.081447),0.850143 (0.768600 + 0.081543),0.836035 (0.755100 + 0.080935),0.826849 (0.745200 + 0.081649),0.846535 (0.765900 + 0.080635),0.852717 (0.771300 + 0.081417),0.845676 (0.764100 + 0.081577),0.847642 (0.767700 + 0.079942),0.832403 (0.750600 + 0.081803),0.846836 (0.765000 + 0.081836),0.837020 (0.756900 + 0.080120),0.845561 (0.764100 + 0.081461),0.840583 (0.758700 + 0.081883),0.860200 (0.779400 + 0.080800),0.843832 (0.762300 + 0.081532),0.834458 (0.753300 + 0.081158),0.843657 (0.762300 + 0.081357),0.834512 (0.753300 + 0.081212),0.832750 (0.751500 + 0.081251),0.834000 (0.752400 + 0.081600),0.855071 (0.774000 + 0.081071),0.844718 (0.764100 + 0.080618),0.847545 (0.765900 + 0.081645),0.852575 (0.772200 + 0.080375),0.839649 (0.757800 + 0.081849),0.856179 (0.774900 + 0.081279),0.844676 (0.763200 + 0.081476),0.854032 (0.773100 + 0.080932),0.846299 (0.765000 + 0.081299),0.841365 (0.760500 + 0.080865),0.837322 (0.756000 + 0.081322),0.845996 (0.765000 + 0.080996),0.854857 (0.774000 + 0.080857),0.841364 (0.760500 + 0.080864),0.839146 (0.757800 + 0.081346),0.865722 (0.783900 + 0.081822),0.860480 (0.779400 + 0.081080),0.843521 (0.762300 + 0.081221),0.846211 (0.765000 + 0.081211),0.852161 (0.771300 + 0.080861),0.850259 (0.768600 + 0.081659),0.860124 (0.778500 + 0.081624),0.853971 (0.773100 + 0.080871),0.847224 (0.765900 + 0.081324),0.838515 (0.756900 + 0.081615),0.848088 (0.766800 + 0.081288),0.855232 (0.774000 + 0.081232),0.847533 (0.766800 + 0.080733),0.834360 (0.752400 + 0.081960),0.862690 (0.781200 + 0.081490),0.849623 (0.768600 + 0.081023),0.857291 (0.775800 + 0.081491),0.844739 (0.764100 + 0.080639),0.831547 (0.750600 + 0.080947),0.847940 (0.766800 + 0.081140),0.856672 (0.775800 + 0.080872),0.840448 (0.759600 + 0.080848),0.850992 (0.769500 + 0.081492),0.845467 (0.765000 + 0.080467),0.849623 (0.768600 + 0.081023),0.842888 (0.760500 + 0.082388),0.851994 (0.770400 + 0.081594),0.854473 (0.773100 + 0.081373),0.853843 (0.773100 + 0.080743),0.842249 (0.760500 + 0.081749),0.840995 (0.760500 + 0.080495),0.852005 (0.770400 + 0.081605),0.854427 (0.773100 + 0.081327)
31,0.865722 (0.783900 + 0.081822),0.847447 (0.765900 + 0.081547),0.837300 (0.756000 + 0.081300),0.852837 (0.772200 + 0.080637),0.844122 (0.763200 + 0.080922),0.843512 (0.762300 + 0.081212),0.854256 (0.774000 + 0.080256),0.837206 (0.756900 + 0.080306),0.839670 (0.757800 + 0.081870),0.850796 (0.769500 + 0.081296),0.849598 (0.768600 + 0.080998),0.840587 (0.760500 + 0.080087),0.852392 (0.771300 + 0.081092),0.833204 (0.751500 + 0.081704),0.827330 (0.746100 + 0.081230),0.855181 (0.774000 + 0.081181),0.861531 (0.781200 + 0.080331),0.858738 (0.777600 + 0.081138),0.855553 (0.774000 + 0.081553),0.842741 (0.763200 + 0.079541),0.850340 (0.768600 + 0.081740),0.850544 (0.769500 + 0.081044),0.838304 (0.756900 + 0.081404),0.847385 (0.766800 + 0.080585),0.853410 (0.772200 + 0.081210),0.860133 (0.779400 + 0.080733),0.845819 (0.765000 + 0.080819),0.845365 (0.764100 + 0.081265),0.855760 (0.774900 + 0.080860),0.856848 (0.775800 + 0.081049),0.838896 (0.756900 + 0.081996),0.843809 (0.762300 + 0.081510),0.847896 (0.767700 + 0.080196),0.838711 (0.758700 + 0.080011),0.847865 (0.766800 + 0.081066),0.839801 (0.759600 + 0.080201),0.857272 (0.776700 + 0.080572),0.843925 (0.763200 + 0.080725),0.854325 (0.773100 + 0.081225),0.837470 (0.756000 + 0.081470),0.831284 (0.749700 + 0.081584),0.848767 (0.767700 + 0.081067),0.842192 (0.760500 + 0.081692),0.855435 (0.774000 + 0.081435),0.842217 (0.760500 + 0.081717),0.847304 (0.765900 + 0.081404),0.860124 (0.778500 + 0.081624),0.865096 (0.784800 + 0.080296),0.849084 (0.767700 + 0.081384),0.847227 (0.766800 + 0.080427),0.841166 (0.760500 + 0.080666),0.843040 (0.761400 + 0.081640),0.845784 (0.765000 + 0.080784),0.854913 (0.774000 + 0.080913),0.843746 (0.763200 + 0.080547),0.846706 (0.765000 + 0.081706),0.848854 (0.767700 + 0.081154),0.852136 (0.771300 + 0.080836),0.843218 (0.761400 + 0.081818),0.833199 (0.752400 + 0.080799),0.850491 (0.769500 + 0.080991),0.844710 (0.764100 + 0.080610),0.844899 (0.763200 + 0.081699),0.850724 (0.770400 + 0.080324),0.853225 (0.772200 + 0.081025),0.860059 (0.778500 + 0.081560),0.855451 (0.775800 + 0.079651),0.841788 (0.761400 + 0.080388),0.848699 (0.766800 + 0.081899),0.856654 (0.775800 + 0.080854),0.846279 (0.765000 + 0.081279),0.852298 (0.771300 + 0.080998),0.851101 (0.770400 + 0.080701),0.857291 (0.775800 + 0.081491),0.855071 (0.774000 + 0.081071),0.848923 (0.767700 + 0.081223),0.847684 (0.766800 + 0.080884),0.855749 (0.774000 + 0.081749),0.845067 (0.765000 + 0.080067),0.851744 (0.770400 + 0.081344),0.844515 (0.764100 + 0.080415),0.852717 (0.771300 + 0.081417),0.849623 (0.768600 + 0.081023),0.845029 (0.763200 + 0.081829),0.844214 (0.764100 + 0.080114),0.842978 (0.761400 + 0.081578),0.853256 (0.772200 + 0.081056),0.844313 (0.763200 + 0.081113),0.847940 (0.766800 + 0.081140),0.851397 (0.769500 + 0.081897),0.846264 (0.765000 + 0.081264),0.855268 (0.774900 + 0.080368),0.849764 (0.768600 + 0.081164),0.847533 (0.766800 + 0.080733),0.845996 (0.765000 + 0.080996),0.847221 (0.766800 + 0.080421),0.857085 (0.775800 + 0.081285),0.856249 (0.774900 + 0.081349),0.846529 (0.765900 + 0.080629),0.847865 (0.766800 + 0.081065)
32,0.865722 (0.783900 + 0.081822),0.854913 (0.774000 + 0.080913),0.854913 (0.774000 + 0.080913),0.841217 (0.760500 + 0.080717),0.847216 (0.766800 + 0.080416),0.834197 (0.754200 + 0.079997),0.844545 (0.763200 + 0.081345),0.852130 (0.770400 + 0.081730),0.843523 (0.762300 + 0.081223),0.852390 (0.771300 + 0.081090),0.870563 (0.789300 + 0.081263),0.849419 (0.768600 + 0.080820),0.855435 (0.774000 + 0.081435),0.843683 (0.762300 + 0.081383),0.826254 (0.745200 + 0.081054),0.842500 (0.761400 + 0.081100),0.846067 (0.765900 + 0.080167),0.851550 (0.770400 + 0.081150),0.858369 (0.777600 + 0.080769),0.862958 (0.782100 + 0.080858),0.847121 (0.765900 + 0.081221),0.859469 (0.778500 + 0.080969),0.833999 (0.753300 + 0.080699),0.854305 (0.773100 + 0.081205),0.851290 (0.769500 + 0.081790),0.843537 (0.762300 + 0.081237),0.855841 (0.774000 + 0.081841),0.842598 (0.761400 + 0.081198),0.840009 (0.758700 + 0.081309),0.842964 (0.762300 + 0.080664),0.852622 (0.772200 + 0.080422),0.852173 (0.771300 + 0.080873),0.844951 (0.764100 + 0.080851),0.847170 (0.766800 + 0.080370),0.847791 (0.766800 + 0.080991),0.846733 (0.766800 + 0.079933),0.851727 (0.771300 + 0.080427),0.842628 (0.761400 + 0.081228),0.846466 (0.765900 + 0.080566),0.846676 (0.766800 + 0.079876),0.859493 (0.779400 + 0.080093),0.839952 (0.758700 + 0.081252),0.857587 (0.776700 + 0.080887),0.861245 (0.780300 + 0.080945),0.856219 (0.775800 + 0.080419),0.854610 (0.774000 + 0.080610),0.844577 (0.763200 + 0.081377),0.844015 (0.763200 + 0.080815),0.845510 (0.764100 + 0.081410),0.859325 (0.779400 + 0.079925),0.850713 (0.769500 + 0.081213),0.845723 (0.765000 + 0.080723),0.837994 (0.756900 + 0.081094),0.836892 (0.756000 + 0.080892),0.847686 (0.767700 + 0.079986),0.859003 (0.777600 + 0.081403),0.847282 (0.766800 + 0.080482),0.842732 (0.761400 + 0.081332),0.854691 (0.774000 + 0.080691),0.854151 (0.773100 + 0.081051),0.856108 (0.774900 + 0.081208),0.865971 (0.785700 + 0.080271),0.853130 (0.773100 + 0.080030),0.847305 (0.766800 + 0.080505),0.847550 (0.765900 + 0.081650),0.851907 (0.771300 + 0.080607),0.841410 (0.761400 + 0.080010),0.853003 (0.772200 + 0.080803),0.851599 (0.771300 + 0.080299),0.854197 (0.774000 + 0.080197),0.851930 (0.770400 + 0.081530),0.858343 (0.777600 + 0.080743),0.846953 (0.766800 + 0.080153),0.856371 (0.774900 + 0.081471),0.847658 (0.765900 + 0.081758),0.841448 (0.760500 + 0.080948),0.842927 (0.762300 + 0.080627),0.843696 (0.762300 + 0.081396),0.837907 (0.756900 + 0.081007),0.850407 (0.769500 + 0.080907),0.862690 (0.781200 + 0.081490),0.852071 (0.771300 + 0.080771),0.864317 (0.783000 + 0.081317),0.838962 (0.757800 + 0.081162),0.843217 (0.762300 + 0.080917),0.856462 (0.775800 + 0.080662),0.848026 (0.766800 + 0.081226),0.856654 (0.775800 + 0.080854),0.848767 (0.767700 + 0.081067),0.861531 (0.781200 + 0.080331),0.857291 (0.775800 + 0.081491),0.850736 (0.770400 + 0.080336),0.851021 (0.770400 + 0.080621),0.855071 (0.774000 + 0.081071),0.834316 (0.754200 + 0.080116),0.855556 (0.775800 + 0.079756),0.838670 (0.756900 + 0.081770),0.841853 (0.761400 + 0.080453),0.835972 (0.754200 + 0.081772),0.854001 (0.774000 + 0.080001)
33,0.870563 (0.789300 + 0.081263),0.852214 (0.771300 + 0.080914),0.857026 (0.775800 + 0.081226),0.852616 (0.772200 + 0.080416),0.858368 (0.777600 + 0.080768),0.842398 (0.761400 + 0.080998),0.861834 (0.780300 + 0.081534),0.840104 (0.758700 + 0.081404),0.848838 (0.768600 + 0.080238),0.854446 (0.774000 + 0.080446),0.854886 (0.773100 + 0.081786),0.863086 (0.782100 + 0.080986),0.847187 (0.766800 + 0.080387),0.850158 (0.769500 + 0.080658),0.844617 (0.764100 + 0.080517),0.851703 (0.771300 + 0.080403),0.850049 (0.768600 + 0.081450),0.849655 (0.768600 + 0.081055),0.855379 (0.775800 + 0.079579),0.842069 (0.762300 + 0.079769),0.856899 (0.776700 + 0.080199),0.849729 (0.768600 + 0.081130),0.841411 (0.760500 + 0.080911),0.839704 (0.758700 + 0.081004),0.846751 (0.765900 + 0.080851),0.850582 (0.769500 + 0.081082),0.852413 (0.772200 + 0.080213),0.856572 (0.775800 + 0.080772),0.852410 (0.771300 + 0.081110),0.845069 (0.764100 + 0.080969),0.852138 (0.771300 + 0.080838),0.851285 (0.770400 + 0.080885),0.852695 (0.771300 + 0.081396),0.852126 (0.771300 + 0.080826),0.850364 (0.769500 + 0.080864),0.849067 (0.767700 + 0.081367),0.839975 (0.759600 + 0.080375),0.850340 (0.770400 + 0.079940),0.851888 (0.770400 + 0.081488),0.848767 (0.767700 + 0.081067),0.843523 (0.762300 + 0.081223),0.843528 (0.763200 + 0.080328),0.845023 (0.765000 + 0.080023),0.846122 (0.765000 + 0.081122),0.854840 (0.774900 + 0.079940),0.859749 (0.778500 + 0.081249),0.844136 (0.763200 + 0.080936),0.845637 (0.765000 + 0.080637),0.843001 (0.761400 + 0.081601),0.846324 (0.765000 + 0.081324),0.844577 (0.763200 + 0.081377),0.861742 (0.780300 + 0.081442),0.859032 (0.777600 + 0.081432),0.847210 (0.765900 + 0.081310),0.854379 (0.773100 + 0.081279),0.847598 (0.767700 + 0.079898),0.853339 (0.772200 + 0.081140),0.854392 (0.773100 + 0.081292),0.843654 (0.762300 + 0.081354),0.861245 (0.780300 + 0.080945),0.854151 (0.773100 + 0.081051),0.841890 (0.761400 + 0.080490),0.861494 (0.781200 + 0.080294),0.840782 (0.760500 + 0.080282),0.860255 (0.779400 + 0.080855),0.853606 (0.772200 + 0.081406),0.838272 (0.756900 + 0.081372),0.847449 (0.766800 + 0.080649),0.851532 (0.770400 + 0.081132),0.854485 (0.774900 + 0.079585),0.855013 (0.774000 + 0.081013),0.855940 (0.775800 + 0.080140),0.861245 (0.780300 + 0.080945),0.850247 (0.770400 + 0.079847),0.854880 (0.773100 + 0.081780),0.848830 (0.767700 + 0.081130),0.842457 (0.761400 + 0.081057),0.842964 (0.762300 + 0.080664),0.842964 (0.762300 + 0.080664),0.842700 (0.762300 + 0.080400),0.844103 (0.763200 + 0.080903),0.843968 (0.764100 + 0.079868),0.850668 (0.768600 + 0.082069),0.855644 (0.774900 + 0.080744),0.851907 (0.771300 + 0.080607),0.844808 (0.764100 + 0.080709),0.841853 (0.761400 + 0.080453),0.851795 (0.772200 + 0.079595),0.855236 (0.774000 + 0.081236),0.851453 (0.770400 + 0.081053),0.849396 (0.769500 + 0.079896),0.847833 (0.767700 + 0.080133),0.851652 (0.771300 + 0.080352),0.863943 (0.783000 + 0.080943),0.853420 (0.772200 + 0.081220),0.849111 (0.768600 + 0.080511),0.846765 (0.765900 + 0.080865),0.865722 (0.783900 + 0.081822),0.859325 (0.779400 + 0.079925),0.860208 (0.778500 + 0.081708)
34,0.870563 (0.789300 + 0.081263),0.847190 (0.766800 + 0.080390),0.850529 (0.769500 + 0.081029),0.856976 (0.775800 + 0.081176),0.851133 (0.770400 + 0.080733),0.858345 (0.778500 + 0.079845),0.853944 (0.773100 + 0.080844),0.855776 (0.774000 + 0.081776),0.848606 (0.767700 + 0.080906),0.858058 (0.776700 + 0.081358),0.854266 (0.773100 + 0.081166),0.852283 (0.772200 + 0.080083),0.855764 (0.775800 + 0.079964),0.846270 (0.765900 + 0.080370),0.848789 (0.767700 + 0.081089),0.847684 (0.767700 + 0.079984),0.851732 (0.772200 + 0.079532),0.849370 (0.768600 + 0.080770),0.849263 (0.768600 + 0.080663),0.845049 (0.763200 + 0.081849),0.849708 (0.769500 + 0.080208),0.843567 (0.763200 + 0.080367),0.863117 (0.782100 + 0.081017),0.859520 (0.779400 + 0.080120),0.847659 (0.767700 + 0.079959),0.848096 (0.766800 + 0.081296),0.848576 (0.767700 + 0.080876),0.854849 (0.774900 + 0.079949),0.838693 (0.758700 + 0.079993),0.851485 (0.770400 + 0.081085),0.847830 (0.766800 + 0.081030),0.850787 (0.770400 + 0.080387),0.849203 (0.767700 + 0.081503),0.856821 (0.775800 + 0.081021),0.847178 (0.765900 + 0.081278),0.835944 (0.755100 + 0.080844),0.841326 (0.761400 + 0.079926),0.862535 (0.781200 + 0.081335),0.851129 (0.771300 + 0.079829),0.854077 (0.773100 + 0.080977),0.853226 (0.772200 + 0.081026),0.859032 (0.777600 + 0.081432),0.859032 (0.777600 + 0.081432),0.863531 (0.782100 + 0.081431),0.855535 (0.774900 + 0.080635),0.857461 (0.776700 + 0.080761),0.843838 (0.763200 + 0.080638),0.851602 (0.771300 + 0.080303),0.849396 (0.769500 + 0.079896),0.841455 (0.760500 + 0.080954),0.852817 (0.772200 + 0.080617),0.846017 (0.765000 + 0.081017),0.855139 (0.774900 + 0.080239),0.855173 (0.774000 + 0.081173),0.845926 (0.765900 + 0.080026),0.861983 (0.781200 + 0.080784),0.855402 (0.774900 + 0.080502),0.844274 (0.763200 + 0.081074),0.851234 (0.771300 + 0.079934),0.857729 (0.776700 + 0.081029),0.854548 (0.773100 + 0.081448),0.859418 (0.778500 + 0.080918),0.845782 (0.764100 + 0.081682),0.848104 (0.766800 + 0.081304),0.860041 (0.780300 + 0.079742),0.852546 (0.772200 + 0.080346),0.840266 (0.759600 + 0.080666),0.845927 (0.765000 + 0.080927),0.838416 (0.758700 + 0.079716),0.849747 (0.768600 + 0.081147),0.841369 (0.761400 + 0.079969),0.839968 (0.758700 + 0.081268),0.842134 (0.761400 + 0.080734),0.844944 (0.764100 + 0.080844),0.844492 (0.765000 + 0.079492),0.850158 (0.769500 + 0.080658),0.845023 (0.765000 + 0.080023),0.855940 (0.775800 + 0.080140),0.845637 (0.765000 + 0.080637),0.853909 (0.773100 + 0.080809),0.854114 (0.773100 + 0.081014),0.860255 (0.779400 + 0.080855),0.849396 (0.769500 + 0.079896),0.858471 (0.777600 + 0.080871),0.854662 (0.774000 + 0.080662),0.852691 (0.771300 + 0.081391),0.854198 (0.773100 + 0.081098),0.863943 (0.783000 + 0.080943),0.846545 (0.765900 + 0.080645),0.845857 (0.765000 + 0.080857),0.845096 (0.764100 + 0.080997),0.850946 (0.770400 + 0.080546),0.841340 (0.758700 + 0.082640),0.849089 (0.767700 + 0.081389),0.858378 (0.777600 + 0.080778),0.850115 (0.768600 + 0.081515),0.847585 (0.766800 + 0.080785),0.842069 (0.760500 + 0.081569),0.851069 (0.771300 + 0.079769),0.862920 (0.783000 + 0.079920)
35,0.870563 (0.789300 + 0.081263),0.848814 (0.768600 + 0.080214),0.844366 (0.763200 + 0.081166),0.838625 (0.758700 + 0.079926),0.841515 (0.761400 + 0.080115),0.850280 (0.769500 + 0.080780),0.855139 (0.774000 + 0.081139),0.852132 (0.771300 + 0.080832),0.855828 (0.775800 + 0.080028),0.853615 (0.773100 + 0.080515),0.848762 (0.768600 + 0.080162),0.859923 (0.780300 + 0.079623),0.853366 (0.773100 + 0.080266),0.848330 (0.767700 + 0.080630),0.856103 (0.775800 + 0.080303),0.837842 (0.756900 + 0.080942),0.853963 (0.772200 + 0.081763),0.845612 (0.764100 + 0.081512),0.854262 (0.774000 + 0.080262),0.840650 (0.759600 + 0.081050),0.849203 (0.767700 + 0.081503),0.862398 (0.781200 + 0.081198),0.860581 (0.780300 + 0.080281),0.856089 (0.775800 + 0.080289),0.852088 (0.770400 + 0.081688),0.849995 (0.769500 + 0.080495),0.847684 (0.767700 + 0.079984),0.860605 (0.780300 + 0.080305),0.847004 (0.765900 + 0.081104),0.862696 (0.781200 + 0.081496),0.849570 (0.768600 + 0.080970),0.852283 (0.772200 + 0.080083),0.847681 (0.767700 + 0.079981),0.849301 (0.768600 + 0.080701),0.859969 (0.778500 + 0.081469),0.849285 (0.769500 + 0.079785),0.845304 (0.765900 + 0.079404),0.848671 (0.768600 + 0.080071),0.860555 (0.780300 + 0.080255),0.848880 (0.767700 + 0.081180),0.851358 (0.770400 + 0.080958),0.865947 (0.784800 + 0.081148),0.849524 (0.769500 + 0.080024),0.847584 (0.766800 + 0.080784),0.850946 (0.770400 + 0.080546),0.856793 (0.775800 + 0.080993),0.846290 (0.765000 + 0.081290),0.864342 (0.783000 + 0.081342),0.851566 (0.770400 + 0.081166),0.851588 (0.771300 + 0.080288),0.846654 (0.765900 + 0.080754),0.844496 (0.763200 + 0.081296),0.844875 (0.764100 + 0.080775),0.847780 (0.766800 + 0.080980),0.845426 (0.764100 + 0.081326),0.853251 (0.772200 + 0.081051),0.856909 (0.775800 + 0.081109),0.859554 (0.779400 + 0.080155),0.843696 (0.764100 + 0.079596),0.854114 (0.773100 + 0.081014),0.849396 (0.769500 + 0.079896),0.844108 (0.763200 + 0.080908),0.857978 (0.776700 + 0.081278),0.864181 (0.783000 + 0.081181),0.846074 (0.765000 + 0.081074),0.851985 (0.771300 + 0.080685),0.854301 (0.773100 + 0.081201),0.858626 (0.777600 + 0.081026),0.851955 (0.770400 + 0.081555),0.852508 (0.771300 + 0.081208),0.851074 (0.770400 + 0.080674),0.850906 (0.769500 + 0.081406),0.851515 (0.770400 + 0.081115),0.849981 (0.770400 + 0.079581),0.846798 (0.766800 + 0.079998),0.839258 (0.757800 + 0.081458),0.846658 (0.765900 + 0.080758),0.849566 (0.769500 + 0.080066),0.854250 (0.773100 + 0.081150),0.839868 (0.759600 + 0.080268),0.843426 (0.763200 + 0.080226),0.844059 (0.762300 + 0.081759),0.850185 (0.769500 + 0.080685),0.863531 (0.782100 + 0.081431),0.857461 (0.776700 + 0.080761),0.847308 (0.765900 + 0.081408),0.839120 (0.757800 + 0.081320),0.855254 (0.775800 + 0.079454),0.843157 (0.762300 + 0.080857),0.840279 (0.760500 + 0.079779),0.847686 (0.767700 + 0.079986),0.863395 (0.783000 + 0.080395),0.855293 (0.774000 + 0.081293),0.844708 (0.764100 + 0.080608),0.852156 (0.772200 + 0.079956),0.850052 (0.769500 + 0.080552),0.842209 (0.760500 + 0.081709),0.851422 (0.770400 + 0.081022),0.859239 (0.778500 + 0.080739),0.846370 (0.765900 + 0.080470)
36,0.870563 (0.789300 + 0.081263),0.855254 (0.775800 + 0.079454),0.855254 (0.775800 + 0.079454),0.848037 (0.767700 + 0.080337),0.845382 (0.765900 + 0.079482),0.857978 (0.776700 + 0.081278),0.839393 (0.758700 + 0.080693),0.849207 (0.767700 + 0.081507),0.850719 (0.770400 + 0.080319),0.855963 (0.775800 + 0.080164),0.859661 (0.779400 + 0.080261),0.846625 (0.765900 + 0.080725),0.852151 (0.771300 + 0.080851),0.870563 (0.789300 + 0.081263),0.852283 (0.772200 + 0.080083),0.844980 (0.764100 + 0.080880),0.848459 (0.767700 + 0.080759),0.854251 (0.773100 + 0.081151),0.853736 (0.773100 + 0.080636),0.859288 (0.778500 + 0.080788),0.854331 (0.773100 + 0.081231),0.855231 (0.775800 + 0.079431),0.836752 (0.756000 + 0.080752),0.853744 (0.773100 + 0.080644),0.846573 (0.766800 + 0.079773),0.851682 (0.770400 + 0.081282),0.849868 (0.768600 + 0.081268),0.856292 (0.775800 + 0.080492),0.857064 (0.775800 + 0.081264),0.844881 (0.764100 + 0.080781),0.850432 (0.770400 + 0.080032),0.838628 (0.757800 + 0.080828),0.852469 (0.772200 + 0.080269),0.867044 (0.785700 + 0.081344),0.850886 (0.769500 + 0.081386),0.856476 (0.775800 + 0.080676),0.842809 (0.761400 + 0.081409),0.861422 (0.780300 + 0.081122),0.854457 (0.773100 + 0.081357),0.837583 (0.757800 + 0.079783),0.839728 (0.759600 + 0.080128),0.843364 (0.763200 + 0.080164),0.847209 (0.766800 + 0.080409),0.828333 (0.747000 + 0.081333),0.840374 (0.760500 + 0.079874),0.853627 (0.773100 + 0.080527),0.846387 (0.765900 + 0.080487),0.863741 (0.782100 + 0.081641),0.843976 (0.764100 + 0.079876),0.848149 (0.767700 + 0.080449),0.852528 (0.771300 + 0.081228),0.839802 (0.759600 + 0.080202),0.843669 (0.762300 + 0.081369),0.854594 (0.773100 + 0.081494),0.854380 (0.774000 + 0.080380),0.855448 (0.774000 + 0.081448),0.846122 (0.765000 + 0.081122),0.834556 (0.754200 + 0.080356),0.848186 (0.767700 + 0.080486),0.860014 (0.779400 + 0.080614),0.859429 (0.778500 + 0.080929),0.856426 (0.775800 + 0.080626),0.850898 (0.769500 + 0.081398),0.857943 (0.776700 + 0.081243),0.854513 (0.774000 + 0.080513),0.845116 (0.764100 + 0.081016),0.854524 (0.773100 + 0.081424),0.856572 (0.775800 + 0.080772),0.843969 (0.762300 + 0.081669),0.847551 (0.766800 + 0.080751),0.847897 (0.768600 + 0.079297),0.840935 (0.759600 + 0.081335),0.850689 (0.769500 + 0.081189),0.845838 (0.765000 + 0.080838),0.851046 (0.770400 + 0.080646),0.849492 (0.768600 + 0.080893),0.862535 (0.781200 + 0.081335),0.851881 (0.770400 + 0.081481),0.846569 (0.765000 + 0.081569),0.861541 (0.781200 + 0.080341),0.856894 (0.776700 + 0.080195),0.853815 (0.773100 + 0.080715),0.850626 (0.769500 + 0.081126),0.851515 (0.770400 + 0.081115),0.853366 (0.773100 + 0.080266),0.864456 (0.783000 + 0.081456),0.850202 (0.768600 + 0.081602),0.845104 (0.765000 + 0.080104),0.856012 (0.775800 + 0.080212),0.861333 (0.780300 + 0.081033),0.854351 (0.773100 + 0.081251),0.857728 (0.776700 + 0.081028),0.835487 (0.756000 + 0.079487),0.853416 (0.772200 + 0.081216),0.854978 (0.774000 + 0.080978),0.853875 (0.774000 + 0.079875),0.845363 (0.765900 + 0.079463),0.851132 (0.770400 + 0.080732),0.856075 (0.776700 + 0.079375),0.856103 (0.775800 + 0.080303)
37,0.870563 (0.789300 + 0.081263),0.852823 (0.772200 + 0.080623),0.856740 (0.775800 + 0.080940),0.843974 (0.763200 + 0.080774),0.851953 (0.770400 + 0.081553),0.859288 (0.778500 + 0.080788),0.853815 (0.773100 + 0.080715),0.851988 (0.771300 + 0.080688),0.847306 (0.765900 + 0.081406),0.861038 (0.779400 + 0.081638),0.860223 (0.779400 + 0.080823),0.846679 (0.765900 + 0.080779),0.849490 (0.767700 + 0.081790),0.848621 (0.769500 + 0.079121),0.853345 (0.773100 + 0.080245),0.857978 (0.776700 + 0.081278),0.844881 (0.764100 + 0.080781),0.848987 (0.767700 + 0.081287),0.856306 (0.774900 + 0.081406),0.854351 (0.773100 + 0.081251),0.845291 (0.765000 + 0.080291),0.853100 (0.773100 + 0.080000),0.854371 (0.773100 + 0.081271),0.851159 (0.770400 + 0.080759),0.846157 (0.765900 + 0.080257),0.856026 (0.774900 + 0.081126),0.849915 (0.769500 + 0.080415),0.846214 (0.765000 + 0.081214),0.844472 (0.763200 + 0.081272),0.865983 (0.785700 + 0.080283),0.846522 (0.766800 + 0.079722),0.851318 (0.770400 + 0.080918),0.849307 (0.767700 + 0.081607),0.856476 (0.775800 + 0.080676),0.841954 (0.760500 + 0.081454),0.853222 (0.772200 + 0.081022),0.851895 (0.770400 + 0.081495),0.844783 (0.764100 + 0.080683),0.851980 (0.771300 + 0.080680),0.846988 (0.765900 + 0.081088),0.849660 (0.769500 + 0.080160),0.830312 (0.749700 + 0.080612),0.859140 (0.778500 + 0.080641),0.855150 (0.774900 + 0.080250),0.856198 (0.774900 + 0.081298),0.854561 (0.775800 + 0.078761),0.844199 (0.763200 + 0.080999),0.851747 (0.772200 + 0.079547),0.852566 (0.771300 + 0.081266),0.850601 (0.771300 + 0.079301),0.862315 (0.781200 + 0.081116),0.844658 (0.764100 + 0.080558),0.852686 (0.771300 + 0.081386),0.850175 (0.768600 + 0.081575),0.843875 (0.764100 + 0.079775),0.851971 (0.770400 + 0.081571),0.855633 (0.774900 + 0.080733),0.848830 (0.768600 + 0.080230),0.849052 (0.768600 + 0.080452),0.848607 (0.768600 + 0.080007),0.856621 (0.775800 + 0.080821),0.856545 (0.775800 + 0.080745),0.850477 (0.771300 + 0.079177),0.850673 (0.769500 + 0.081173),0.845509 (0.765000 + 0.080509),0.839137 (0.758700 + 0.080437),0.853446 (0.773100 + 0.080346),0.839285 (0.759600 + 0.079685),0.859078 (0.778500 + 0.080578),0.853110 (0.773100 + 0.080010),0.851694 (0.770400 + 0.081294),0.852951 (0.772200 + 0.080751),0.837521 (0.756900 + 0.080621),0.861177 (0.780300 + 0.080877),0.859690 (0.780300 + 0.079390),0.861216 (0.780300 + 0.080916),0.856019 (0.774900 + 0.081119),0.856653 (0.776700 + 0.079953),0.848372 (0.767700 + 0.080672),0.851574 (0.771300 + 0.080274),0.864526 (0.783900 + 0.080626),0.856292 (0.775800 + 0.080492),0.854594 (0.773100 + 0.081494),0.845163 (0.764100 + 0.081063),0.861926 (0.781200 + 0.080726),0.842986 (0.762300 + 0.080686),0.853210 (0.772200 + 0.081010),0.847221 (0.766800 + 0.080421),0.846267 (0.765900 + 0.080367),0.859097 (0.779400 + 0.079697),0.856579 (0.775800 + 0.080779),0.850273 (0.770400 + 0.079873),0.860811 (0.779400 + 0.081411),0.863741 (0.782100 + 0.081641),0.856476 (0.775800 + 0.080676),0.861515 (0.781200 + 0.080315),0.854774 (0.774000 + 0.080774),0.847783 (0.767700 + 0.080083),0.845370 (0.764100 + 0.081270),0.855715 (0.775800 + 0.079915)
38,0.870563 (0.789300 + 0.081263),0.852697 (0.772200 + 0.080497),0.857092 (0.776700 + 0.080392),0.849525 (0.768600 + 0.080926),0.857911 (0.776700 + 0.081211),0.854215 (0.773100 + 0.081115),0.857949 (0.776700 + 0.081249),0.839998 (0.759600 + 0.080398),0.844808 (0.764100 + 0.080708),0.855313 (0.774000 + 0.081313),0.846663 (0.765900 + 0.080763),0.843925 (0.763200 + 0.080725),0.852686 (0.771300 + 0.081386),0.848060 (0.767700 + 0.080360),0.831251 (0.752400 + 0.078851),0.854030 (0.774000 + 0.080030),0.849405 (0.767700 + 0.081705),0.850034 (0.770400 + 0.079634),0.848710 (0.767700 + 0.081010),0.849921 (0.768600 + 0.081321),0.839455 (0.758700 + 0.080755),0.846250 (0.766800 + 0.079450),0.855773 (0.774900 + 0.080873),0.851749 (0.771300 + 0.080449),0.853139 (0.772200 + 0.080939),0.837591 (0.756900 + 0.080691),0.839650 (0.759600 + 0.080050),0.854242 (0.773100 + 0.081142),0.847414 (0.766800 + 0.080614),0.865214 (0.784800 + 0.080414),0.849589 (0.769500 + 0.080089),0.855952 (0.774900 + 0.081052),0.865373 (0.783900 + 0.081473),0.848935 (0.768600 + 0.080335),0.853695 (0.772200 + 0.081495),0.840836 (0.760500 + 0.080336),0.865496 (0.783900 + 0.081596),0.863263 (0.782100 + 0.081162),0.838687 (0.757800 + 0.080887),0.853778 (0.773100 + 0.080678),0.847439 (0.766800 + 0.080639),0.854739 (0.774000 + 0.080739),0.861817 (0.781200 + 0.080617),0.854362 (0.773100 + 0.081262),0.866319 (0.786600 + 0.079719),0.857746 (0.777600 + 0.080146),0.858443 (0.778500 + 0.079943),0.850235 (0.768600 + 0.081635),0.854751 (0.773100 + 0.081651),0.855489 (0.774000 + 0.081489),0.857367 (0.776700 + 0.080667),0.870563 (0.789300 + 0.081263),0.859623 (0.778500 + 0.081123),0.844592 (0.763200 + 0.081392),0.841029 (0.760500 + 0.080529),0.844597 (0.765000 + 0.079597),0.849807 (0.770400 + 0.079407),0.842855 (0.762300 + 0.080555),0.851024 (0.771300 + 0.079724),0.850742 (0.770400 + 0.080342),0.848507 (0.768600 + 0.079907),0.854900 (0.774000 + 0.080900),0.860797 (0.779400 + 0.081397),0.853864 (0.773100 + 0.080764),0.867174 (0.786600 + 0.080574),0.863660 (0.783000 + 0.080660),0.840029 (0.761400 + 0.078629),0.850949 (0.769500 + 0.081449),0.855598 (0.774000 + 0.081598),0.856341 (0.774900 + 0.081441),0.860176 (0.779400 + 0.080776),0.853395 (0.772200 + 0.081195),0.846705 (0.765000 + 0.081705),0.843306 (0.763200 + 0.080106),0.844486 (0.764100 + 0.080386),0.846016 (0.765900 + 0.080116),0.856956 (0.775800 + 0.081156),0.849334 (0.768600 + 0.080734),0.861576 (0.780300 + 0.081276),0.852229 (0.771300 + 0.080929),0.854079 (0.773100 + 0.080979),0.846451 (0.765900 + 0.080551),0.848429 (0.768600 + 0.079829),0.867320 (0.787500 + 0.079820),0.853911 (0.772200 + 0.081711),0.845732 (0.765000 + 0.080732),0.857964 (0.777600 + 0.080364),0.845200 (0.764100 + 0.081100),0.850073 (0.769500 + 0.080573),0.851161 (0.770400 + 0.080761),0.862306 (0.781200 + 0.081106),0.849216 (0.768600 + 0.080616),0.859100 (0.778500 + 0.080600),0.850514 (0.770400 + 0.080114),0.842559 (0.761400 + 0.081159),0.861216 (0.780300 + 0.080916),0.851988 (0.771300 + 0.080688),0.849810 (0.768600 + 0.081210),0.852535 (0.772200 + 0.080335),0.837745 (0.757800 + 0.079945)
39,0.870563 (0.789300 + 0.081263),0.846094 (0.765000 + 0.081094),0.855598 (0.774000 + 0.081598),0.855298 (0.774000 + 0.081297),0.843380 (0.762300 + 0.081080),0.853210 (0.772200 + 0.081010),0.851656 (0.771300 + 0.080356),0.847724 (0.766800 + 0.080924),0.864942 (0.784800 + 0.080142),0.851219 (0.771300 + 0.079919),0.853571 (0.773100 + 0.080471),0.851682 (0.772200 + 0.079482),0.869087 (0.787500 + 0.081587),0.850540 (0.769500 + 0.081040),0.847948 (0.767700 + 0.080248),0.855403 (0.774000 + 0.081403),0.847340 (0.766800 + 0.080540),0.863026 (0.781200 + 0.081826),0.857604 (0.776700 + 0.080904),0.851161 (0.770400 + 0.080761),0.847250 (0.765900 + 0.081350),0.847821 (0.766800 + 0.081021),0.853117 (0.772200 + 0.080917),0.854049 (0.773100 + 0.080949),0.860347 (0.779400 + 0.080947),0.855666 (0.774900 + 0.080766),0.843523 (0.762300 + 0.081223),0.846040 (0.765000 + 0.081040),0.855062 (0.774000 + 0.081062),0.851508 (0.771300 + 0.080208),0.856358 (0.776700 + 0.079658),0.862782 (0.781200 + 0.081583),0.850967 (0.770400 + 0.080567),0.849888 (0.769500 + 0.080388),0.846646 (0.765000 + 0.081646),0.840283 (0.759600 + 0.080683),0.858653 (0.777600 + 0.081053),0.861668 (0.781200 + 0.080468),0.863225 (0.783000 + 0.080225),0.847982 (0.767700 + 0.080282),0.858035 (0.778500 + 0.079535),0.856312 (0.775800 + 0.080512),0.845141 (0.764100 + 0.081041),0.856026 (0.774900 + 0.081126),0.854059 (0.774000 + 0.080059),0.858232 (0.777600 + 0.080632),0.855960 (0.774900 + 0.081061),0.848603 (0.768600 + 0.080004),0.858128 (0.778500 + 0.079628),0.850189 (0.769500 + 0.080689),0.854658 (0.774000 + 0.080658),0.856079 (0.774900 + 0.081179),0.851749 (0.771300 + 0.080449),0.850179 (0.769500 + 0.080679),0.857784 (0.777600 + 0.080184),0.859402 (0.778500 + 0.080902),0.841900 (0.761400 + 0.080500),0.848097 (0.766800 + 0.081297),0.837231 (0.756000 + 0.081231),0.849736 (0.768600 + 0.081136),0.861428 (0.780300 + 0.081128),0.863723 (0.783000 + 0.080723),0.841872 (0.761400 + 0.080472),0.867174 (0.786600 + 0.080574),0.841225 (0.759600 + 0.081625),0.865051 (0.785700 + 0.079351),0.846515 (0.765900 + 0.080615),0.852130 (0.772200 + 0.079930),0.863765 (0.783000 + 0.080765),0.863660 (0.783000 + 0.080660),0.854822 (0.774000 + 0.080822),0.855210 (0.774900 + 0.080310),0.850870 (0.769500 + 0.081370),0.864022 (0.783900 + 0.080122),0.852941 (0.772200 + 0.080741),0.855957 (0.774900 + 0.081057),0.861263 (0.780300 + 0.080963),0.854459 (0.774000 + 0.080458),0.843435 (0.763200 + 0.080235),0.842680 (0.762300 + 0.080380),0.855850 (0.775800 + 0.080050),0.857964 (0.777600 + 0.080364),0.857964 (0.777600 + 0.080364),0.832761 (0.752400 + 0.080361),0.846502 (0.765000 + 0.081502),0.850990 (0.769500 + 0.081490),0.858446 (0.777600 + 0.080846),0.851492 (0.769500 + 0.081992),0.845508 (0.765000 + 0.080508),0.855926 (0.774900 + 0.081027),0.857643 (0.777600 + 0.080043),0.858404 (0.776700 + 0.081704),0.860066 (0.779400 + 0.080666),0.848955 (0.767700 + 0.081255),0.845985 (0.765900 + 0.080085),0.860582 (0.779400 + 0.081182),0.846910 (0.765900 + 0.081010),0.850837 (0.769500 + 0.081337),0.856987 (0.777600 + 0.079387),0.847598 (0.767700 + 0.079898)
40,0.870563 (0.789300 + 0.081263),0.842995 (0.762300 + 0.080695),0.854049 (0.773100 + 0.080949),0.851880 (0.771300 + 0.080580),0.859600 (0.779400 + 0.080200),0.863660 (0.783000 + 0.080660),0.855062 (0.774000 + 0.081062),0.856938 (0.775800 + 0.081138),0.856510 (0.774900 + 0.081610),0.855132 (0.774000 + 0.081132),0.849236 (0.768600 + 0.080636),0.863723 (0.783000 + 0.080723),0.855598 (0.774000 + 0.081598),0.865051 (0.785700 + 0.079351),0.855850 (0.775800 + 0.080050),0.865667 (0.784800 + 0.080867),0.844132 (0.763200 + 0.080932),0.856871 (0.776700 + 0.080171),0.845528 (0.765000 + 0.080528),0.853826 (0.773100 + 0.080726),0.853109 (0.772200 + 0.080909),0.866058 (0.784800 + 0.081258),0.848362 (0.767700 + 0.080662),0.856489 (0.775800 + 0.080689),0.838225 (0.758700 + 0.079525),0.853111 (0.773100 + 0.080011),0.864189 (0.784800 + 0.079389),0.860066 (0.779400 + 0.080666),0.855403 (0.774000 + 0.081403),0.851799 (0.771300 + 0.080499),0.850680 (0.769500 + 0.081180),0.861177 (0.780300 + 0.080877),0.851434 (0.770400 + 0.081034),0.856906 (0.776700 + 0.080206),0.859574 (0.780300 + 0.079274),0.858963 (0.777600 + 0.081363),0.858044 (0.777600 + 0.080444),0.847385 (0.766800 + 0.080585),0.859202 (0.779400 + 0.079802),0.856772 (0.776700 + 0.080072),0.853589 (0.772200 + 0.081389),0.862225 (0.782100 + 0.080125),0.857743 (0.777600 + 0.080143),0.863861 (0.783900 + 0.079961),0.842608 (0.761400 + 0.081208),0.846045 (0.765900 + 0.080145),0.851857 (0.770400 + 0.081457),0.857835 (0.776700 + 0.081135),0.853050 (0.771300 + 0.081750),0.863225 (0.783000 + 0.080225),0.860229 (0.778500 + 0.081729),0.855934 (0.775800 + 0.080134),0.845615 (0.765900 + 0.079715),0.852384 (0.771300 + 0.081084),0.850128 (0.770400 + 0.079728),0.850510 (0.769500 + 0.081010),0.858122 (0.776700 + 0.081422),0.865218 (0.783900 + 0.081318),0.857993 (0.777600 + 0.080393),0.864356 (0.783000 + 0.081356),0.845968 (0.765000 + 0.080968),0.847483 (0.766800 + 0.080683),0.861648 (0.780300 + 0.081348),0.853698 (0.774000 + 0.079698),0.848963 (0.767700 + 0.081263),0.860712 (0.781200 + 0.079512),0.855926 (0.774900 + 0.081027),0.865908 (0.784800 + 0.081109),0.842971 (0.762300 + 0.080671),0.856422 (0.775800 + 0.080622),0.856038 (0.774900 + 0.081138),0.845581 (0.765000 + 0.080581),0.845259 (0.765000 + 0.080259),0.845085 (0.765000 + 0.080085),0.862226 (0.781200 + 0.081026),0.854144 (0.773100 + 0.081044),0.849469 (0.768600 + 0.080869),0.852072 (0.771300 + 0.080772),0.863636 (0.783000 + 0.080636),0.843977 (0.763200 + 0.080777),0.847415 (0.765900 + 0.081515),0.844712 (0.764100 + 0.080612),0.848546 (0.766800 + 0.081746),0.845920 (0.765900 + 0.080020),0.860289 (0.779400 + 0.080889),0.848714 (0.767700 + 0.081014),0.847804 (0.766800 + 0.081005),0.858446 (0.777600 + 0.080846),0.855298 (0.774000 + 0.081297),0.845595 (0.765000 + 0.080595),0.848923 (0.767700 + 0.081223),0.850841 (0.771300 + 0.079541),0.843240 (0.763200 + 0.080040),0.855566 (0.774900 + 0.080666),0.859802 (0.778500 + 0.081302),0.852876 (0.772200 + 0.080676),0.847927 (0.767700 + 0.080227),0.855068 (0.774000 + 0.081068),0.844800 (0.765000 + 0.079800),0.864823 (0.783900 + 0.080923)
41,0.870563 (0.789300 + 0.081263),0.859042 (0.779400 + 0.079642),0.859600 (0.779400 + 0.080200),0.862307 (0.781200 + 0.081107),0.851216 (0.770400 + 0.080816),0.868208 (0.788400 + 0.079808),0.863494 (0.783900 + 0.079594),0.845880 (0.765000 + 0.080880),0.860056 (0.779400 + 0.080656),0.859611 (0.779400 + 0.080211),0.856812 (0.776700 + 0.080112),0.858474 (0.777600 + 0.080874),0.852212 (0.772200 + 0.080012),0.859043 (0.778500 + 0.080543),0.857561 (0.777600 + 0.079961),0.860100 (0.779400 + 0.080700),0.860025 (0.779400 + 0.080625),0.852313 (0.771300 + 0.081013),0.848921 (0.768600 + 0.080321),0.854198 (0.773100 + 0.081098),0.862282 (0.781200 + 0.081082),0.851856 (0.772200 + 0.079656),0.847873 (0.766800 + 0.081073),0.856612 (0.775800 + 0.080812),0.856719 (0.775800 + 0.080919),0.846622 (0.766800 + 0.079822),0.856915 (0.776700 + 0.080215),0.851954 (0.770400 + 0.081554),0.854481 (0.774000 + 0.080481),0.859522 (0.779400 + 0.080122),0.862321 (0.782100 + 0.080221),0.853570 (0.772200 + 0.081370),0.860098 (0.779400 + 0.080698),0.837333 (0.756900 + 0.080433),0.843558 (0.762300 + 0.081258),0.842088 (0.762300 + 0.079788),0.860900 (0.780300 + 0.080600),0.857656 (0.776700 + 0.080956),0.858672 (0.778500 + 0.080172),0.850450 (0.770400 + 0.080050),0.860895 (0.779400 + 0.081495),0.858446 (0.777600 + 0.080846),0.858446 (0.777600 + 0.080846),0.864335 (0.783900 + 0.080435),0.851178 (0.769500 + 0.081678),0.863225 (0.783000 + 0.080225),0.854762 (0.774900 + 0.079862),0.859833 (0.778500 + 0.081333),0.858459 (0.777600 + 0.080859),0.855116 (0.774900 + 0.080216),0.845085 (0.765000 + 0.080085),0.858536 (0.778500 + 0.080036),0.865296 (0.784800 + 0.080496),0.858601 (0.777600 + 0.081001),0.856222 (0.776700 + 0.079522),0.858452 (0.778500 + 0.079952),0.874138 (0.794700 + 0.079438),0.860712 (0.781200 + 0.079512),0.856938 (0.775800 + 0.081138),0.855363 (0.774900 + 0.080463),0.851568 (0.770400 + 0.081168),0.861388 (0.781200 + 0.080188),0.855974 (0.774900 + 0.081074),0.838578 (0.756900 + 0.081678),0.842931 (0.762300 + 0.080631),0.870563 (0.789300 + 0.081263),0.865667 (0.784800 + 0.080867),0.870563 (0.789300 + 0.081263),0.855566 (0.774900 + 0.080666),0.852146 (0.772200 + 0.079946),0.846968 (0.765900 + 0.081068),0.858714 (0.778500 + 0.080214),0.856743 (0.776700 + 0.080043),0.848069 (0.768600 + 0.079469),0.843920 (0.764100 + 0.079820),0.859100 (0.777600 + 0.081500),0.857279 (0.776700 + 0.080579),0.848164 (0.767700 + 0.080464),0.852783 (0.773100 + 0.079683),0.866947 (0.786600 + 0.080347),0.853250 (0.773100 + 0.080150),0.858075 (0.777600 + 0.080475),0.865910 (0.786600 + 0.079310),0.864356 (0.783000 + 0.081356),0.847317 (0.766800 + 0.080516),0.847243 (0.766800 + 0.080443),0.850685 (0.770400 + 0.080285),0.862225 (0.782100 + 0.080125),0.859202 (0.779400 + 0.079802),0.854144 (0.773100 + 0.081044),0.854144 (0.773100 + 0.081044),0.855860 (0.774900 + 0.080960),0.850476 (0.769500 + 0.080976),0.863376 (0.783000 + 0.080376),0.853062 (0.774000 + 0.079062),0.859629 (0.778500 + 0.081129),0.851614 (0.770400 + 0.081214),0.860072 (0.778500 + 0.081572),0.855704 (0.774900 + 0.080804),0.858404 (0.777600 + 0.080803)
42,0.874138 (0.794700 + 0.079438),0.843644 (0.762300 + 0.081344),0.850827 (0.769500 + 0.081327),0.861524 (0.780300 + 0.081224),0.861250 (0.781200 + 0.080050),0.856955 (0.775800 + 0.081155),0.863225 (0.783000 + 0.080225),0.863225 (0.783000 + 0.080225),0.860025 (0.779400 + 0.080625),0.848382 (0.767700 + 0.080682),0.851490 (0.771300 + 0.080190),0.851225 (0.770400 + 0.080825),0.853081 (0.774000 + 0.079081),0.853047 (0.773100 + 0.079947),0.850479 (0.770400 + 0.080079),0.858663 (0.778500 + 0.080163),0.857610 (0.776700 + 0.080910),0.851804 (0.772200 + 0.079604),0.852994 (0.773100 + 0.079894),0.859510 (0.778500 + 0.081010),0.858196 (0.778500 + 0.079696),0.851784 (0.771300 + 0.080484),0.848886 (0.768600 + 0.080286),0.839796 (0.758700 + 0.081096),0.853973 (0.773100 + 0.080873),0.851168 (0.771300 + 0.079868),0.837009 (0.756000 + 0.081009),0.859611 (0.779400 + 0.080211),0.835958 (0.755100 + 0.080858),0.859327 (0.778500 + 0.080828),0.850248 (0.770400 + 0.079848),0.841970 (0.761400 + 0.080570),0.853824 (0.774900 + 0.078924),0.867683 (0.786600 + 0.081083),0.850133 (0.770400 + 0.079733),0.848714 (0.768600 + 0.080114),0.853357 (0.773100 + 0.080257),0.862851 (0.782100 + 0.080751),0.859309 (0.778500 + 0.080809),0.838204 (0.757800 + 0.080404),0.849067 (0.768600 + 0.080467),0.856582 (0.775800 + 0.080782),0.848702 (0.768600 + 0.080102),0.851242 (0.770400 + 0.080842),0.860417 (0.779400 + 0.081017),0.841651 (0.761400 + 0.080252),0.850329 (0.769500 + 0.080829),0.856847 (0.776700 + 0.080147),0.868077 (0.786600 + 0.081477),0.859109 (0.779400 + 0.079709),0.850524 (0.769500 + 0.081024),0.859023 (0.778500 + 0.080523),0.846615 (0.765900 + 0.080715),0.846248 (0.765900 + 0.080348),0.864624 (0.784800 + 0.079824),0.858808 (0.778500 + 0.080308),0.845868 (0.765900 + 0.079968),0.849782 (0.769500 + 0.080282),0.860126 (0.780300 + 0.079827),0.858289 (0.777600 + 0.080689),0.854708 (0.774900 + 0.079808),0.852910 (0.772200 + 0.080710),0.855194 (0.774900 + 0.080294),0.859094 (0.777600 + 0.081494),0.842408 (0.762300 + 0.080108),0.846218 (0.765900 + 0.080318),0.851104 (0.770400 + 0.080704),0.868937 (0.787500 + 0.081437),0.849845 (0.770400 + 0.079445),0.852227 (0.771300 + 0.080927),0.852871 (0.773100 + 0.079771),0.870563 (0.789300 + 0.081263),0.858452 (0.778500 + 0.079952),0.857561 (0.777600 + 0.079961),0.854762 (0.774900 + 0.079862),0.856064 (0.775800 + 0.080264),0.856823 (0.776700 + 0.080123),0.853526 (0.773100 + 0.080426),0.853364 (0.773100 + 0.080264),0.855566 (0.774900 + 0.080666),0.853946 (0.773100 + 0.080846),0.855487 (0.774900 + 0.080587),0.843665 (0.764100 + 0.079565),0.851670 (0.772200 + 0.079470),0.855354 (0.774900 + 0.080454),0.857458 (0.777600 + 0.079858),0.850440 (0.770400 + 0.080040),0.847509 (0.766800 + 0.080709),0.850226 (0.769500 + 0.080726),0.854614 (0.774900 + 0.079715),0.855333 (0.774000 + 0.081333),0.862235 (0.781200 + 0.081035),0.856881 (0.775800 + 0.081082),0.843181 (0.763200 + 0.079981),0.858694 (0.777600 + 0.081095),0.848272 (0.767700 + 0.080572),0.852199 (0.772200 + 0.079999),0.869625 (0.788400 + 0.081225),0.856403 (0.775800 + 0.080603),0.853110 (0.772200 + 0.080910)
43,0.874138 (0.794700 + 0.079438),0.862549 (0.782100 + 0.080449),0.851392 (0.770400 + 0.080992),0.845132 (0.764100 + 0.081032),0.855060 (0.774000 + 0.081060),0.853032 (0.772200 + 0.080832),0.859024 (0.778500 + 0.080525),0.845314 (0.764100 + 0.081214),0.853126 (0.773100 + 0.080026),0.848883 (0.769500 + 0.079383),0.862142 (0.782100 + 0.080042),0.845729 (0.765900 + 0.079829),0.855586 (0.775800 + 0.079786),0.857366 (0.776700 + 0.080666),0.859098 (0.779400 + 0.079698),0.824955 (0.744300 + 0.080655),0.853266 (0.773100 + 0.080166),0.850335 (0.770400 + 0.079935),0.845329 (0.765000 + 0.080329),0.851242 (0.770400 + 0.080842),0.852773 (0.773100 + 0.079673),0.847553 (0.766800 + 0.080753),0.856270 (0.776700 + 0.079570),0.847580 (0.767700 + 0.079880),0.852583 (0.772200 + 0.080383),0.856064 (0.775800 + 0.080264),0.852199 (0.772200 + 0.079999),0.861664 (0.780300 + 0.081364),0.852803 (0.772200 + 0.080603),0.853138 (0.773100 + 0.080038),0.850540 (0.769500 + 0.081040),0.857946 (0.777600 + 0.080346),0.856774 (0.775800 + 0.080974),0.850103 (0.771300 + 0.078803),0.853052 (0.772200 + 0.080852),0.858003 (0.777600 + 0.080403),0.849062 (0.769500 + 0.079562),0.857634 (0.777600 + 0.080034),0.856758 (0.775800 + 0.080958),0.850391 (0.769500 + 0.080891),0.873437 (0.793800 + 0.079637),0.850939 (0.770400 + 0.080539),0.859565 (0.779400 + 0.080165),0.846078 (0.765900 + 0.080178),0.857877 (0.776700 + 0.081177),0.845638 (0.765000 + 0.080638),0.848508 (0.769500 + 0.079008),0.874138 (0.794700 + 0.079438),0.862235 (0.781200 + 0.081035),0.856290 (0.775800 + 0.080490),0.856635 (0.775800 + 0.080835),0.854942 (0.774900 + 0.080042),0.843895 (0.765000 + 0.078895),0.843080 (0.763200 + 0.079880),0.852060 (0.771300 + 0.080760),0.857938 (0.776700 + 0.081238),0.856381 (0.776700 + 0.079681),0.850324 (0.769500 + 0.080824),0.840393 (0.759600 + 0.080793),0.860644 (0.780300 + 0.080344),0.858063 (0.777600 + 0.080463),0.837928 (0.757800 + 0.080128),0.863100 (0.782100 + 0.081000),0.850873 (0.770400 + 0.080473),0.851302 (0.770400 + 0.080902),0.855192 (0.774000 + 0.081192),0.853946 (0.773100 + 0.080846),0.855933 (0.775800 + 0.080133),0.853248 (0.772200 + 0.081048),0.844148 (0.764100 + 0.080048),0.856664 (0.775800 + 0.080864),0.851335 (0.771300 + 0.080035),0.861956 (0.781200 + 0.080756),0.847432 (0.766800 + 0.080632),0.855684 (0.774900 + 0.080784),0.845152 (0.765000 + 0.080153),0.850974 (0.770400 + 0.080574),0.850827 (0.769500 + 0.081327),0.842067 (0.762300 + 0.079767),0.848060 (0.767700 + 0.080360),0.847871 (0.766800 + 0.081071),0.864697 (0.784800 + 0.079897),0.847832 (0.768600 + 0.079232),0.857630 (0.776700 + 0.080930),0.839696 (0.759600 + 0.080096),0.859094 (0.777600 + 0.081494),0.858808 (0.778500 + 0.080308),0.854181 (0.774900 + 0.079281),0.843414 (0.763200 + 0.080214),0.856725 (0.775800 + 0.080925),0.851357 (0.771300 + 0.080057),0.857328 (0.776700 + 0.080628),0.848968 (0.767700 + 0.081268),0.861209 (0.780300 + 0.080909),0.863289 (0.783000 + 0.080289),0.842321 (0.761400 + 0.080921),0.855825 (0.775800 + 0.080025),0.847973 (0.766800 + 0.081173),0.859454 (0.778500 + 0.080955),0.860273 (0.779400 + 0.080873)
44,0.874138 (0.794700 + 0.079438),0.840461 (0.760500 + 0.079961),0.842460 (0.762300 + 0.080160),0.840619 (0.760500 + 0.080119),0.847742 (0.766800 + 0.080942),0.857561 (0.777600 + 0.079961),0.856474 (0.775800 + 0.080674),0.840829 (0.761400 + 0.079429),0.855192 (0.774000 + 0.081192),0.845600 (0.765000 + 0.080600),0.845679 (0.765900 + 0.079779),0.862581 (0.782100 + 0.080481),0.852463 (0.773100 + 0.079363),0.856034 (0.774900 + 0.081134),0.851692 (0.771300 + 0.080392),0.852097 (0.771300 + 0.080797),0.847682 (0.766800 + 0.080882),0.842950 (0.762300 + 0.080650),0.851339 (0.770400 + 0.080939),0.850067 (0.768600 + 0.081467),0.852043 (0.771300 + 0.080743),0.857878 (0.777600 + 0.080278),0.851182 (0.769500 + 0.081682),0.860063 (0.779400 + 0.080663),0.853348 (0.773100 + 0.080248),0.860465 (0.779400 + 0.081065),0.860692 (0.779400 + 0.081292),0.855415 (0.775800 + 0.079615),0.860133 (0.779400 + 0.080733),0.851515 (0.771300 + 0.080215),0.846990 (0.766800 + 0.080190),0.860239 (0.779400 + 0.080839),0.857743 (0.776700 + 0.081043),0.849039 (0.769500 + 0.079539),0.854580 (0.774900 + 0.079680),0.858835 (0.778500 + 0.080335),0.852650 (0.771300 + 0.081350),0.847604 (0.766800 + 0.080804),0.850596 (0.771300 + 0.079296),0.854138 (0.774000 + 0.080138),0.853029 (0.772200 + 0.080829),0.846294 (0.765900 + 0.080394),0.854258 (0.774000 + 0.080258),0.852608 (0.772200 + 0.080408),0.852626 (0.772200 + 0.080426),0.845138 (0.764100 + 0.081038),0.854006 (0.773100 + 0.080906),0.849631 (0.770400 + 0.079231),0.860343 (0.779400 + 0.080943),0.852610 (0.773100 + 0.079510),0.857380 (0.776700 + 0.080680),0.869854 (0.790200 + 0.079654),0.855624 (0.775800 + 0.079824),0.862796 (0.781200 + 0.081597),0.859773 (0.779400 + 0.080373),0.845810 (0.765000 + 0.080810),0.850666 (0.770400 + 0.080266),0.850117 (0.770400 + 0.079717),0.846008 (0.765900 + 0.080108),0.860085 (0.778500 + 0.081585),0.850201 (0.769500 + 0.080701),0.855624 (0.774900 + 0.080724),0.851588 (0.771300 + 0.080288),0.862692 (0.782100 + 0.080592),0.850517 (0.769500 + 0.081017),0.854690 (0.774000 + 0.080690),0.851902 (0.771300 + 0.080602),0.870284 (0.789300 + 0.080985),0.853140 (0.773100 + 0.080040),0.861462 (0.781200 + 0.080262),0.855313 (0.775800 + 0.079513),0.851624 (0.771300 + 0.080324),0.854144 (0.774000 + 0.080144),0.844546 (0.764100 + 0.080446),0.856736 (0.775800 + 0.080936),0.864697 (0.784800 + 0.079897),0.858063 (0.777600 + 0.080463),0.854951 (0.774000 + 0.080951),0.854075 (0.773100 + 0.080975),0.862549 (0.782100 + 0.080449),0.860236 (0.780300 + 0.079936),0.857455 (0.776700 + 0.080755),0.845625 (0.765900 + 0.079725),0.840782 (0.760500 + 0.080282),0.854426 (0.774000 + 0.080426),0.844162 (0.764100 + 0.080062),0.853171 (0.772200 + 0.080971),0.868118 (0.787500 + 0.080618),0.855445 (0.774900 + 0.080545),0.847031 (0.766800 + 0.080232),0.847518 (0.766800 + 0.080718),0.850909 (0.770400 + 0.080509),0.853227 (0.773100 + 0.080127),0.858140 (0.777600 + 0.080540),0.838460 (0.758700 + 0.079760),0.847734 (0.767700 + 0.080034),0.850812 (0.770400 + 0.080412),0.853836 (0.773100 + 0.080736),0.856415 (0.775800 + 0.080615),0.859425 (0.779400 + 0.080025)
45,0.874138 (0.794700 + 0.079438),0.857479 (0.776700 + 0.080779),0.864486 (0.783900 + 0.080586),0.856261 (0.775800 + 0.080461),0.851215 (0.769500 + 0.081715),0.853274 (0.773100 + 0.080174),0.851869 (0.772200 + 0.079669),0.851960 (0.771300 + 0.080660),0.851610 (0.770400 + 0.081210),0.857852 (0.776700 + 0.081153),0.842975 (0.763200 + 0.079775),0.853774 (0.773100 + 0.080674),0.857102 (0.776700 + 0.080402),0.853287 (0.773100 + 0.080187),0.854463 (0.774000 + 0.080463),0.848776 (0.768600 + 0.080176),0.849527 (0.768600 + 0.080927),0.860965 (0.780300 + 0.080665),0.856720 (0.775800 + 0.080920),0.863202 (0.782100 + 0.081102),0.849279 (0.768600 + 0.080679),0.859438 (0.778500 + 0.080938),0.854952 (0.774000 + 0.080952),0.842300 (0.762300 + 0.080000),0.858161 (0.777600 + 0.080561),0.858669 (0.778500 + 0.080169),0.849925 (0.769500 + 0.080425),0.858026 (0.776700 + 0.081326),0.847496 (0.766800 + 0.080696),0.857890 (0.776700 + 0.081190),0.858738 (0.777600 + 0.081138),0.854604 (0.774900 + 0.079704),0.847070 (0.765900 + 0.081170),0.847146 (0.766800 + 0.080346),0.861685 (0.782100 + 0.079584),0.852876 (0.772200 + 0.080676),0.848554 (0.767700 + 0.080854),0.852916 (0.772200 + 0.080716),0.863456 (0.783000 + 0.080456),0.842221 (0.762300 + 0.079921),0.837419 (0.756900 + 0.080519),0.848027 (0.767700 + 0.080327),0.851946 (0.770400 + 0.081546),0.862692 (0.782100 + 0.080592),0.851355 (0.770400 + 0.080955),0.841351 (0.761400 + 0.079951),0.859122 (0.778500 + 0.080622),0.857198 (0.776700 + 0.080498),0.854311 (0.774000 + 0.080311),0.853248 (0.772200 + 0.081048),0.859798 (0.778500 + 0.081299),0.858737 (0.778500 + 0.080237),0.865450 (0.785700 + 0.079750),0.860638 (0.779400 + 0.081238),0.866952 (0.787500 + 0.079452),0.857988 (0.778500 + 0.079488),0.852453 (0.773100 + 0.079353),0.846571 (0.766800 + 0.079771),0.849512 (0.769500 + 0.080012),0.839896 (0.759600 + 0.080296),0.854840 (0.774000 + 0.080840),0.859796 (0.778500 + 0.081296),0.852043 (0.771300 + 0.080743),0.866184 (0.785700 + 0.080484),0.858510 (0.778500 + 0.080010),0.849648 (0.769500 + 0.080148),0.843385 (0.763200 + 0.080185),0.857790 (0.776700 + 0.081090),0.860076 (0.780300 + 0.079776),0.860085 (0.778500 + 0.081585),0.853348 (0.773100 + 0.080248),0.861075 (0.780300 + 0.080775),0.858164 (0.777600 + 0.080564),0.857561 (0.777600 + 0.079961),0.868545 (0.787500 + 0.081045),0.857136 (0.776700 + 0.080436),0.854568 (0.773100 + 0.081468),0.854129 (0.774000 + 0.080129),0.858945 (0.778500 + 0.080445),0.855001 (0.774900 + 0.080101),0.844926 (0.764100 + 0.080826),0.852104 (0.771300 + 0.080804),0.850505 (0.770400 + 0.080105),0.859736 (0.779400 + 0.080336),0.837330 (0.757800 + 0.079530),0.835512 (0.755100 + 0.080412),0.839817 (0.758700 + 0.081118),0.844529 (0.763200 + 0.081329),0.855600 (0.774900 + 0.080700),0.854816 (0.774000 + 0.080816),0.849271 (0.768600 + 0.080672),0.854501 (0.774000 + 0.080501),0.851663 (0.772200 + 0.079463),0.842794 (0.763200 + 0.079594),0.855404 (0.774900 + 0.080504),0.857895 (0.777600 + 0.080295),0.855920 (0.776700 + 0.079220),0.863992 (0.783900 + 0.080092),0.863302 (0.783000 + 0.080302),0.862275 (0.782100 + 0.080175)
46,0.874138 (0.794700 + 0.079438),0.851451 (0.770400 + 0.081051),0.856927 (0.776700 + 0.080227),0.855913 (0.774900 + 0.081013),0.854141 (0.773100 + 0.081041),0.845776 (0.765000 + 0.080776),0.845297 (0.765000 + 0.080297),0.856897 (0.775800 + 0.081097),0.848142 (0.767700 + 0.080442),0.862986 (0.782100 + 0.080886),0.859730 (0.778500 + 0.081230),0.857227 (0.776700 + 0.080527),0.859530 (0.779400 + 0.080130),0.865238 (0.785700 + 0.079538),0.855034 (0.774900 + 0.080134),0.853387 (0.772200 + 0.081187),0.844588 (0.764100 + 0.080488),0.859019 (0.778500 + 0.080519),0.860941 (0.781200 + 0.079741),0.858205 (0.778500 + 0.079705),0.848066 (0.767700 + 0.080366),0.853337 (0.772200 + 0.081137),0.855303 (0.775800 + 0.079503),0.856544 (0.774900 + 0.081644),0.852553 (0.772200 + 0.080353),0.848842 (0.769500 + 0.079342),0.852804 (0.772200 + 0.080604),0.856102 (0.774900 + 0.081203),0.854326 (0.773100 + 0.081226),0.855496 (0.774900 + 0.080596),0.856071 (0.775800 + 0.080271),0.856942 (0.776700 + 0.080242),0.859996 (0.778500 + 0.081496),0.863582 (0.783900 + 0.079682),0.865311 (0.785700 + 0.079611),0.864310 (0.783900 + 0.080410),0.853270 (0.772200 + 0.081070),0.858721 (0.777600 + 0.081121),0.857845 (0.776700 + 0.081146),0.857688 (0.777600 + 0.080088),0.859696 (0.778500 + 0.081196),0.871623 (0.792000 + 0.079623),0.855585 (0.774900 + 0.080685),0.852227 (0.772200 + 0.080027),0.859196 (0.778500 + 0.080696),0.862206 (0.782100 + 0.080106),0.850609 (0.770400 + 0.080209),0.856582 (0.775800 + 0.080782),0.861824 (0.782100 + 0.079724),0.847788 (0.765900 + 0.081888),0.849710 (0.769500 + 0.080210),0.863819 (0.783000 + 0.080819),0.847202 (0.766800 + 0.080402),0.847413 (0.766800 + 0.080613),0.868052 (0.787500 + 0.080552),0.866128 (0.786600 + 0.079528),0.841352 (0.762300 + 0.079052),0.844809 (0.764100 + 0.080709),0.869386 (0.788400 + 0.080986),0.855996 (0.774900 + 0.081096),0.854542 (0.774000 + 0.080542),0.853325 (0.773100 + 0.080225),0.862373 (0.782100 + 0.080273),0.865435 (0.784800 + 0.080635),0.836761 (0.756900 + 0.079861),0.857872 (0.777600 + 0.080272),0.857280 (0.776700 + 0.080580),0.861955 (0.781200 + 0.080755),0.852315 (0.771300 + 0.081015),0.858886 (0.777600 + 0.081286),0.849168 (0.769500 + 0.079668),0.859888 (0.779400 + 0.080488),0.858868 (0.778500 + 0.080369),0.853630 (0.773100 + 0.080530),0.851972 (0.770400 + 0.081572),0.853456 (0.773100 + 0.080356),0.857996 (0.777600 + 0.080396),0.865450 (0.785700 + 0.079750),0.857988 (0.778500 + 0.079488),0.859798 (0.778500 + 0.081299),0.854952 (0.774000 + 0.080952),0.849579 (0.769500 + 0.080079),0.850179 (0.770400 + 0.079780),0.863456 (0.783000 + 0.080456),0.858945 (0.778500 + 0.080445),0.851362 (0.770400 + 0.080962),0.857956 (0.776700 + 0.081256),0.861343 (0.781200 + 0.080143),0.865310 (0.785700 + 0.079610),0.853182 (0.773100 + 0.080082),0.851960 (0.770400 + 0.081560),0.844332 (0.763200 + 0.081133),0.850946 (0.770400 + 0.080546),0.855387 (0.774900 + 0.080487),0.854074 (0.774000 + 0.080074),0.840595 (0.760500 + 0.080095),0.863706 (0.783000 + 0.080706),0.852386 (0.772200 + 0.080186),0.855450 (0.775800 + 0.079650),0.852679 (0.772200 + 0.080479)
47,0.874138 (0.794700 + 0.079438),0.855585 (0.774900 + 0.080685),0.854542 (0.774000 + 0.080542),0.862095 (0.781200 + 0.080895),0.856369 (0.776700 + 0.079669),0.853642 (0.774000 + 0.079642),0.850650 (0.770400 + 0.080250),0.847004 (0.765900 + 0.081104),0.852236 (0.770400 + 0.081836),0.853548 (0.774000 + 0.079548),0.859330 (0.777600 + 0.081730),0.847308 (0.765900 + 0.081408),0.856086 (0.776700 + 0.079386),0.853983 (0.773100 + 0.080883),0.866199 (0.786600 + 0.079599),0.865139 (0.783900 + 0.081239),0.852931 (0.772200 + 0.080731),0.858868 (0.778500 + 0.080369),0.851451 (0.770400 + 0.081051),0.865037 (0.784800 + 0.080237),0.856322 (0.775800 + 0.080522),0.859775 (0.778500 + 0.081275),0.852756 (0.772200 + 0.080556),0.849528 (0.769500 + 0.080028),0.843558 (0.763200 + 0.080358),0.865310 (0.785700 + 0.079610),0.856942 (0.776700 + 0.080242),0.857812 (0.776700 + 0.081112),0.859019 (0.778500 + 0.080519),0.851886 (0.771300 + 0.080586),0.859380 (0.778500 + 0.080880),0.850679 (0.769500 + 0.081179),0.856164 (0.775800 + 0.080364),0.858886 (0.777600 + 0.081286),0.840373 (0.760500 + 0.079873),0.843164 (0.764100 + 0.079064),0.855913 (0.774900 + 0.081013),0.856544 (0.774900 + 0.081644),0.855387 (0.774900 + 0.080487),0.860664 (0.780300 + 0.080364),0.858072 (0.777600 + 0.080472),0.854623 (0.774900 + 0.079723),0.848405 (0.768600 + 0.079805),0.850164 (0.769500 + 0.080664),0.849929 (0.769500 + 0.080429),0.840097 (0.759600 + 0.080497),0.866267 (0.785700 + 0.080567),0.850315 (0.769500 + 0.080815),0.852053 (0.771300 + 0.080753),0.846512 (0.765900 + 0.080612),0.845870 (0.765900 + 0.079970),0.856364 (0.774900 + 0.081464),0.852986 (0.772200 + 0.080786),0.848442 (0.767700 + 0.080742),0.847514 (0.767700 + 0.079814),0.856336 (0.775800 + 0.080536),0.851644 (0.771300 + 0.080344),0.850957 (0.771300 + 0.079657),0.845284 (0.764100 + 0.081184),0.846728 (0.765900 + 0.080828),0.854090 (0.773100 + 0.080990),0.860825 (0.780300 + 0.080525),0.840605 (0.760500 + 0.080105),0.848554 (0.768600 + 0.079954),0.854773 (0.774000 + 0.080773),0.865310 (0.785700 + 0.079610),0.849579 (0.769500 + 0.080079),0.862949 (0.783000 + 0.079949),0.858904 (0.779400 + 0.079504),0.857281 (0.777600 + 0.079681),0.854203 (0.773100 + 0.081103),0.858433 (0.777600 + 0.080833),0.845846 (0.765900 + 0.079946),0.859897 (0.780300 + 0.079597),0.854885 (0.774900 + 0.079985),0.850438 (0.770400 + 0.080038),0.863653 (0.783900 + 0.079753),0.860550 (0.780300 + 0.080250),0.850070 (0.768600 + 0.081470),0.859803 (0.779400 + 0.080403),0.860944 (0.780300 + 0.080644),0.844786 (0.765000 + 0.079786),0.857928 (0.778500 + 0.079428),0.847346 (0.765900 + 0.081446),0.853425 (0.773100 + 0.080325),0.852019 (0.772200 + 0.079819),0.856745 (0.775800 + 0.080945),0.851737 (0.771300 + 0.080437),0.866436 (0.785700 + 0.080736),0.855700 (0.775800 + 0.079900),0.862057 (0.782100 + 0.079957),0.861212 (0.780300 + 0.080912),0.863180 (0.783000 + 0.080180),0.862141 (0.781200 + 0.080941),0.853927 (0.773100 + 0.080827),0.851052 (0.771300 + 0.079752),0.854414 (0.774000 + 0.080414),0.851133 (0.770400 + 0.080733),0.845024 (0.764100 + 0.080924),0.858040 (0.777600 + 0.080440)
48,0.874138 (0.794700 + 0.079438),0.861688 (0.782100 + 0.079588),0.856558 (0.775800 + 0.080758),0.853853 (0.773100 + 0.080753),0.853130 (0.773100 + 0.080030),0.870875 (0.790200 + 0.080675),0.853835 (0.773100 + 0.080735),0.841858 (0.761400 + 0.080458),0.854177 (0.774000 + 0.080177),0.855387 (0.774000 + 0.081387),0.841438 (0.760500 + 0.080938),0.856958 (0.777600 + 0.079358),0.847975 (0.766800 + 0.081175),0.848845 (0.768600 + 0.080245),0.854055 (0.773100 + 0.080955),0.854766 (0.774000 + 0.080766),0.849203 (0.768600 + 0.080603),0.850632 (0.770400 + 0.080232),0.855970 (0.774900 + 0.081070),0.839826 (0.760500 + 0.079326),0.852401 (0.771300 + 0.081101),0.852572 (0.772200 + 0.080372),0.864812 (0.783900 + 0.080912),0.854276 (0.773100 + 0.081176),0.845772 (0.765900 + 0.079872),0.836022 (0.755100 + 0.080922),0.857232 (0.776700 + 0.080532),0.859210 (0.778500 + 0.080710),0.855182 (0.774000 + 0.081182),0.841971 (0.761400 + 0.080571),0.858940 (0.778500 + 0.080440),0.866787 (0.785700 + 0.081087),0.854360 (0.774000 + 0.080360),0.850128 (0.769500 + 0.080628),0.857709 (0.776700 + 0.081009),0.857432 (0.775800 + 0.081633),0.848498 (0.767700 + 0.080798),0.858081 (0.777600 + 0.080481),0.848481 (0.768600 + 0.079881),0.854131 (0.774000 + 0.080131),0.849580 (0.769500 + 0.080080),0.863689 (0.783900 + 0.079790),0.863781 (0.783900 + 0.079881),0.853970 (0.774000 + 0.079970),0.861518 (0.781200 + 0.080318),0.853123 (0.772200 + 0.080923),0.859130 (0.779400 + 0.079730),0.843357 (0.763200 + 0.080157),0.861776 (0.782100 + 0.079676),0.859849 (0.780300 + 0.079549),0.867727 (0.787500 + 0.080227),0.869854 (0.790200 + 0.079654),0.848492 (0.768600 + 0.079892),0.853484 (0.773100 + 0.080384),0.852654 (0.772200 + 0.080454),0.859345 (0.778500 + 0.080845),0.853698 (0.774000 + 0.079698),0.867247 (0.787500 + 0.079747),0.860910 (0.781200 + 0.079710),0.845499 (0.765000 + 0.080499),0.863111 (0.782100 + 0.081011),0.858352 (0.777600 + 0.080752),0.850856 (0.770400 + 0.080456),0.862825 (0.782100 + 0.080725),0.851656 (0.771300 + 0.080356),0.864914 (0.784800 + 0.080114),0.836895 (0.756000 + 0.080895),0.854736 (0.774000 + 0.080736),0.861212 (0.780300 + 0.080912),0.866127 (0.785700 + 0.080427),0.847196 (0.767700 + 0.079496),0.862949 (0.783000 + 0.079949),0.855466 (0.774900 + 0.080566),0.862949 (0.783000 + 0.079949),0.855700 (0.775800 + 0.079900),0.850404 (0.769500 + 0.080904),0.858049 (0.777600 + 0.080449),0.857926 (0.776700 + 0.081227),0.858994 (0.779400 + 0.079594),0.846131 (0.765000 + 0.081131),0.860240 (0.779400 + 0.080840),0.853786 (0.773100 + 0.080686),0.867265 (0.785700 + 0.081565),0.847853 (0.766800 + 0.081054),0.866946 (0.785700 + 0.081246),0.856173 (0.775800 + 0.080373),0.859380 (0.778500 + 0.080880),0.859146 (0.779400 + 0.079746),0.859204 (0.778500 + 0.080704),0.852644 (0.773100 + 0.079544),0.849868 (0.769500 + 0.080368),0.856942 (0.776700 + 0.080242),0.856364 (0.774900 + 0.081464),0.848672 (0.768600 + 0.080072),0.854240 (0.774000 + 0.080240),0.854952 (0.774900 + 0.080052),0.860982 (0.780300 + 0.080682),0.863616 (0.783900 + 0.079716),0.848811 (0.767700 + 0.081111),0.865255 (0.784800 + 0.080455)
49,0.874138 (0.794700 + 0.079438),0.853429 (0.772200 + 0.081229),0.858407 (0.778500 + 0.079907),0.844276 (0.764100 + 0.080176),0.845140 (0.765000 + 0.080140),0.874138 (0.794700 + 0.079438),0.854240 (0.774000 + 0.080240),0.848551 (0.768600 + 0.079951),0.857168 (0.776700 + 0.080468),0.861068 (0.780300 + 0.080768),0.846912 (0.766800 + 0.080112),0.859888 (0.780300 + 0.079588),0.849714 (0.768600 + 0.081115),0.857928 (0.778500 + 0.079428),0.866860 (0.786600 + 0.080260),0.854699 (0.774900 + 0.079799),0.862634 (0.782100 + 0.080534),0.862691 (0.783000 + 0.079691),0.856196 (0.776700 + 0.079496),0.836504 (0.756000 + 0.080504),0.859343 (0.778500 + 0.080843),0.856475 (0.774900 + 0.081575),0.847852 (0.766800 + 0.081052),0.856569 (0.777600 + 0.078969),0.846060 (0.765900 + 0.080160),0.833943 (0.753300 + 0.080643),0.859779 (0.779400 + 0.080379),0.854505 (0.774900 + 0.079605),0.857985 (0.778500 + 0.079485),0.867265 (0.785700 + 0.081565),0.857926 (0.776700 + 0.081227),0.868248 (0.788400 + 0.079848),0.845994 (0.766800 + 0.079194),0.870875 (0.790200 + 0.080675),0.859210 (0.778500 + 0.080710),0.856245 (0.775800 + 0.080445),0.854407 (0.773100 + 0.081307),0.854738 (0.774900 + 0.079838),0.856043 (0.774900 + 0.081143),0.857232 (0.776700 + 0.080532),0.853970 (0.774000 + 0.079970),0.842983 (0.762300 + 0.080683),0.864701 (0.784800 + 0.079901),0.867054 (0.786600 + 0.080454),0.857666 (0.777600 + 0.080066),0.861661 (0.781200 + 0.080461),0.847248 (0.766800 + 0.080448),0.856405 (0.776700 + 0.079705),0.861463 (0.782100 + 0.079363),0.857730 (0.778500 + 0.079230),0.860573 (0.780300 + 0.080273),0.855091 (0.774000 + 0.081091),0.863817 (0.783900 + 0.079917),0.861184 (0.781200 + 0.079984),0.849945 (0.769500 + 0.080445),0.859345 (0.778500 + 0.080845),0.849203 (0.768600 + 0.080603),0.867250 (0.786600 + 0.080650),0.857527 (0.776700 + 0.080827),0.863992 (0.783900 + 0.080092),0.868209 (0.788400 + 0.079809),0.856321 (0.776700 + 0.079621),0.866091 (0.786600 + 0.079491),0.861740 (0.781200 + 0.080540),0.847130 (0.766800 + 0.080330),0.864249 (0.783000 + 0.081249),0.857194 (0.775800 + 0.081394),0.867727 (0.787500 + 0.080227),0.872103 (0.792000 + 0.080103),0.860959 (0.781200 + 0.079759),0.863371 (0.783000 + 0.080371),0.849182 (0.768600 + 0.080582),0.846755 (0.766800 + 0.079955),0.843110 (0.762300 + 0.080810),0.835779 (0.755100 + 0.080679),0.842064 (0.761400 + 0.080664),0.856710 (0.776700 + 0.080010),0.860947 (0.781200 + 0.079747),0.857832 (0.777600 + 0.080232),0.849427 (0.768600 + 0.080827),0.851987 (0.772200 + 0.079787),0.853237 (0.773100 + 0.080137),0.853130 (0.773100 + 0.080030),0.854580 (0.773100 + 0.081480),0.847527 (0.766800 + 0.080727),0.865545 (0.785700 + 0.079845),0.853265 (0.773100 + 0.080165),0.852673 (0.772200 + 0.080473),0.858033 (0.776700 + 0.081334),0.851475 (0.772200 + 0.079275),0.854201 (0.774000 + 0.080201),0.850730 (0.771300 + 0.079430),0.855175 (0.774900 + 0.080275),0.861488 (0.780300 + 0.081188),0.856154 (0.775800 + 0.080354),0.861688 (0.782100 + 0.079588),0.859146 (0.779400 + 0.079746),0.859486 (0.778500 + 0.080986),0.859938 (0.779400 + 0.080538),0.851906 (0.771300 + 0.080606)
50,0.874138 (0.794700 + 0.079438),0.861164 (0.781200 + 0.079964),0.849203 (0.768600 + 0.080603),0.866196 (0.786600 + 0.079596),0.848880 (0.767700 + 0.081180),0.861974 (0.782100 + 0.079874),0.853729 (0.773100 + 0.080629),0.858257 (0.776700 + 0.081557),0.858219 (0.777600 + 0.080619),0.863803 (0.783900 + 0.079903),0.845569 (0.765000 + 0.080569),0.853082 (0.773100 + 0.079982),0.856697 (0.777600 + 0.079097),0.857971 (0.778500 + 0.079471),0.857241 (0.777600 + 0.079641),0.859417 (0.778500 + 0.080917),0.871282 (0.791100 + 0.080182),0.874138 (0.794700 + 0.079438),0.867054 (0.786600 + 0.080454),0.851345 (0.771300 + 0.080045),0.839298 (0.758700 + 0.080598),0.848076 (0.767700 + 0.080376),0.861808 (0.781200 + 0.080608),0.851217 (0.770400 + 0.080817),0.856929 (0.776700 + 0.080229),0.857977 (0.776700 + 0.081277),0.849095 (0.767700 + 0.081395),0.867698 (0.788400 + 0.079298),0.864535 (0.784800 + 0.079735),0.874138 (0.794700 + 0.079438),0.854240 (0.774000 + 0.080240),0.859708 (0.780300 + 0.079408),0.853546 (0.774000 + 0.079546),0.843467 (0.762300 + 0.081167),0.854867 (0.774000 + 0.080867),0.858821 (0.779400 + 0.079421),0.859643 (0.779400 + 0.080243),0.849714 (0.769500 + 0.080214),0.857102 (0.776700 + 0.080402),0.856394 (0.775800 + 0.080594),0.860717 (0.780300 + 0.080417),0.856321 (0.776700 + 0.079621),0.848117 (0.768600 + 0.079517),0.863590 (0.783900 + 0.079691),0.846780 (0.767700 + 0.079080),0.853364 (0.773100 + 0.080264),0.857305 (0.777600 + 0.079705),0.855307 (0.775800 + 0.079507),0.860221 (0.780300 + 0.079921),0.860864 (0.780300 + 0.080564),0.863619 (0.783900 + 0.079719),0.852431 (0.772200 + 0.080231),0.856597 (0.776700 + 0.079898),0.857514 (0.776700 + 0.080814),0.851089 (0.769500 + 0.081589),0.847885 (0.766800 + 0.081085),0.851727 (0.772200 + 0.079527),0.857171 (0.776700 + 0.080471),0.867033 (0.786600 + 0.080433),0.853688 (0.774000 + 0.079688),0.863128 (0.783900 + 0.079229),0.850514 (0.769500 + 0.081014),0.861312 (0.780300 + 0.081012),0.841272 (0.760500 + 0.080772),0.857678 (0.777600 + 0.080078),0.851546 (0.772200 + 0.079346),0.866091 (0.786600 + 0.079491),0.852381 (0.771300 + 0.081081),0.855478 (0.774900 + 0.080578),0.868209 (0.788400 + 0.079809),0.856744 (0.776700 + 0.080044),0.855144 (0.774000 + 0.081144),0.861985 (0.781200 + 0.080785),0.852927 (0.772200 + 0.080727),0.856111 (0.775800 + 0.080311),0.844633 (0.764100 + 0.080533),0.849783 (0.769500 + 0.080283),0.853749 (0.773100 + 0.080649),0.849318 (0.768600 + 0.080718),0.866120 (0.785700 + 0.080420),0.855001 (0.774900 + 0.080101),0.860988 (0.781200 + 0.079789),0.862705 (0.782100 + 0.080605),0.850284 (0.769500 + 0.080784),0.847614 (0.766800 + 0.080814),0.856947 (0.775800 + 0.081147),0.851303 (0.771300 + 0.080003),0.862304 (0.782100 + 0.080204),0.856629 (0.776700 + 0.079929),0.852853 (0.772200 + 0.080653),0.848292 (0.768600 + 0.079692),0.842139 (0.762300 + 0.079839),0.847020 (0.766800 + 0.080220),0.859888 (0.780300 + 0.079588),0.842064 (0.761400 + 0.080664),0.859357 (0.779400 + 0.079957),0.849383 (0.769500 + 0.079883),0.833476 (0.752400 + 0.081076),0.864496 (0.783900 + 0.080596),0.858995 (0.778500 + 0.080495)
51,0.874138 (0.794700 + 0.079438),0.859888 (0.780300 + 0.079588),0.848250 (0.768600 + 0.079650),0.851835 (0.771300 + 0.080535),0.863259 (0.783000 + 0.080259),0.855957 (0.775800 + 0.080157),0.858465 (0.778500 + 0.079965),0.857361 (0.777600 + 0.079761),0.863420 (0.783000 + 0.080420),0.852749 (0.772200 + 0.080549),0.869054 (0.789300 + 0.079754),0.846718 (0.767700 + 0.079018),0.846837 (0.765900 + 0.080937),0.848988 (0.768600 + 0.080388),0.846897 (0.766800 + 0.080097),0.852508 (0.772200 + 0.080308),0.851094 (0.771300 + 0.079794),0.867698 (0.788400 + 0.079298),0.850284 (0.769500 + 0.080784),0.852041 (0.772200 + 0.079841),0.866662 (0.785700 + 0.080962),0.859586 (0.778500 + 0.081086),0.853941 (0.773100 + 0.080841),0.868843 (0.789300 + 0.079543),0.850472 (0.771300 + 0.079172),0.850163 (0.769500 + 0.080663),0.851853 (0.772200 + 0.079653),0.851388 (0.772200 + 0.079188),0.856867 (0.777600 + 0.079267),0.859708 (0.780300 + 0.079408),0.855307 (0.775800 + 0.079507),0.851399 (0.771300 + 0.080099),0.854783 (0.774000 + 0.080783),0.854433 (0.774000 + 0.080433),0.874138 (0.794700 + 0.079438),0.864313 (0.783900 + 0.080413),0.858508 (0.777600 + 0.080908),0.855330 (0.775800 + 0.079530),0.860443 (0.780300 + 0.080143),0.863181 (0.783000 + 0.080181),0.856071 (0.774900 + 0.081171),0.866812 (0.785700 + 0.081111),0.848628 (0.768600 + 0.080028),0.861055 (0.780300 + 0.080755),0.865972 (0.785700 + 0.080272),0.863442 (0.783000 + 0.080442),0.873231 (0.793800 + 0.079431),0.852914 (0.772200 + 0.080714),0.847217 (0.766800 + 0.080417),0.854295 (0.774000 + 0.080295),0.851918 (0.771300 + 0.080618),0.861985 (0.781200 + 0.080785),0.856717 (0.776700 + 0.080017),0.840252 (0.759600 + 0.080652),0.840141 (0.759600 + 0.080541),0.856554 (0.776700 + 0.079854),0.863782 (0.783000 + 0.080782),0.863017 (0.783000 + 0.080017),0.856899 (0.776700 + 0.080199),0.854160 (0.774900 + 0.079260),0.874138 (0.794700 + 0.079438),0.850090 (0.769500 + 0.080590),0.854430 (0.774000 + 0.080430),0.849647 (0.769500 + 0.080147),0.869854 (0.790200 + 0.079654),0.856851 (0.775800 + 0.081051),0.842728 (0.761400 + 0.081328),0.840243 (0.760500 + 0.079743),0.855900 (0.775800 + 0.080100),0.868088 (0.788400 + 0.079688),0.841471 (0.761400 + 0.080071),0.855047 (0.774900 + 0.080147),0.854708 (0.774900 + 0.079809),0.857293 (0.776700 + 0.080593),0.859585 (0.779400 + 0.080185),0.870480 (0.791100 + 0.079380),0.866838 (0.787500 + 0.079338),0.846111 (0.766800 + 0.079311),0.857033 (0.777600 + 0.079433),0.849279 (0.768600 + 0.080679),0.852859 (0.773100 + 0.079759),0.865417 (0.785700 + 0.079717),0.864514 (0.783900 + 0.080614),0.842813 (0.761400 + 0.081413),0.855367 (0.775800 + 0.079567),0.866091 (0.786600 + 0.079491),0.859708 (0.779400 + 0.080308),0.858364 (0.778500 + 0.079864),0.858050 (0.777600 + 0.080450),0.857733 (0.776700 + 0.081033),0.855107 (0.774900 + 0.080207),0.861000 (0.781200 + 0.079800),0.854298 (0.774900 + 0.079398),0.844509 (0.764100 + 0.080409),0.865665 (0.785700 + 0.079965),0.866091 (0.786600 + 0.079491),0.868843 (0.789300 + 0.079543),0.861221 (0.781200 + 0.080021),0.853845 (0.773100 + 0.080745),0.856326 (0.776700 + 0.079626)
52,0.874138 (0.794700 + 0.079438),0.855825 (0.776700 + 0.079125),0.865333 (0.785700 + 0.079633),0.863456 (0.783000 + 0.080456),0.844539 (0.764100 + 0.080439),0.855175 (0.775800 + 0.079375),0.857998 (0.778500 + 0.079498),0.852255 (0.771300 + 0.080955),0.856693 (0.776700 + 0.079993),0.870388 (0.791100 + 0.079288),0.851880 (0.772200 + 0.079680),0.850440 (0.770400 + 0.080040),0.853713 (0.773100 + 0.080613),0.847573 (0.767700 + 0.079873),0.845794 (0.765900 + 0.079894),0.861985 (0.781200 + 0.080785),0.845708 (0.765900 + 0.079808),0.852877 (0.773100 + 0.079777),0.850268 (0.769500 + 0.080768),0.847364 (0.767700 + 0.079664),0.863912 (0.783900 + 0.080012),0.866356 (0.786600 + 0.079756),0.856798 (0.777600 + 0.079198),0.860844 (0.781200 + 0.079644),0.859060 (0.779400 + 0.079660),0.868843 (0.789300 + 0.079543),0.865003 (0.785700 + 0.079303),0.861779 (0.781200 + 0.080579),0.864862 (0.784800 + 0.080062),0.861383 (0.781200 + 0.080183),0.850007 (0.769500 + 0.080507),0.848641 (0.768600 + 0.080041),0.866385 (0.786600 + 0.079785),0.847515 (0.766800 + 0.080715),0.861404 (0.781200 + 0.080204),0.861411 (0.781200 + 0.080211),0.851977 (0.773100 + 0.078877),0.859914 (0.780300 + 0.079614),0.861189 (0.782100 + 0.079089),0.869588 (0.790200 + 0.079388),0.867830 (0.788400 + 0.079430),0.864064 (0.783900 + 0.080164),0.846788 (0.765900 + 0.080888),0.858209 (0.777600 + 0.080609),0.850634 (0.771300 + 0.079334),0.863230 (0.783900 + 0.079330),0.857478 (0.776700 + 0.080778),0.855773 (0.775800 + 0.079973),0.859932 (0.780300 + 0.079632),0.851850 (0.771300 + 0.080550),0.860374 (0.780300 + 0.080074),0.860081 (0.780300 + 0.079781),0.851852 (0.772200 + 0.079652),0.855690 (0.775800 + 0.079890),0.862063 (0.782100 + 0.079963),0.867698 (0.788400 + 0.079298),0.874138 (0.794700 + 0.079438),0.851274 (0.770400 + 0.080874),0.854443 (0.774900 + 0.079543),0.866091 (0.786600 + 0.079491),0.859708 (0.780300 + 0.079408),0.860833 (0.781200 + 0.079633),0.859869 (0.780300 + 0.079569),0.861445 (0.780300 + 0.081145),0.854606 (0.774000 + 0.080606),0.859540 (0.779400 + 0.080140),0.859843 (0.779400 + 0.080443),0.844835 (0.765900 + 0.078935),0.862518 (0.783000 + 0.079518),0.865417 (0.785700 + 0.079717),0.853135 (0.772200 + 0.080935),0.843609 (0.764100 + 0.079509),0.857657 (0.776700 + 0.080957),0.865348 (0.784800 + 0.080548),0.871421 (0.792000 + 0.079421),0.853113 (0.772200 + 0.080913),0.859204 (0.779400 + 0.079804),0.863390 (0.783000 + 0.080390),0.850586 (0.770400 + 0.080186),0.852962 (0.773100 + 0.079862),0.839905 (0.760500 + 0.079405),0.863998 (0.783900 + 0.080098),0.855711 (0.774900 + 0.080811),0.862339 (0.782100 + 0.080239),0.864223 (0.783900 + 0.080323),0.854603 (0.774900 + 0.079703),0.855314 (0.774900 + 0.080415),0.858437 (0.778500 + 0.079937),0.858941 (0.779400 + 0.079541),0.856571 (0.776700 + 0.079871),0.848559 (0.768600 + 0.079959),0.849994 (0.770400 + 0.079594),0.840775 (0.761400 + 0.079375),0.851968 (0.771300 + 0.080668),0.846366 (0.766800 + 0.079566),0.845068 (0.765000 + 0.080068),0.857417 (0.776700 + 0.080717),0.859028 (0.778500 + 0.080528),0.855874 (0.775800 + 0.080074),0.867698 (0.788400 + 0.079298)
53,0.874138 (0.794700 + 0.079438),0.867830 (0.788400 + 0.079430),0.845762 (0.765000 + 0.080762),0.862171 (0.782100 + 0.080071),0.861510 (0.782100 + 0.079410),0.869550 (0.790200 + 0.079350),0.855196 (0.775800 + 0.079396),0.859201 (0.779400 + 0.079801),0.854895 (0.774900 + 0.079995),0.866259 (0.785700 + 0.080559),0.855891 (0.776700 + 0.079191),0.851316 (0.771300 + 0.080016),0.857028 (0.777600 + 0.079428),0.864759 (0.784800 + 0.079959),0.852880 (0.771300 + 0.081580),0.862125 (0.781200 + 0.080925),0.856451 (0.776700 + 0.079751),0.855082 (0.775800 + 0.079282),0.867830 (0.788400 + 0.079430),0.862093 (0.782100 + 0.079993),0.864446 (0.783900 + 0.080546),0.839112 (0.759600 + 0.079512),0.854921 (0.774000 + 0.080921),0.844830 (0.765900 + 0.078930),0.869550 (0.790200 + 0.079350),0.868675 (0.789300 + 0.079375),0.853114 (0.773100 + 0.080014),0.863146 (0.783000 + 0.080146),0.866306 (0.786600 + 0.079706),0.862305 (0.783000 + 0.079305),0.843364 (0.762300 + 0.081064),0.859088 (0.779400 + 0.079688),0.863897 (0.784800 + 0.079097),0.850304 (0.770400 + 0.079904),0.857557 (0.777600 + 0.079957),0.846678 (0.766800 + 0.079878),0.859778 (0.779400 + 0.080378),0.866089 (0.785700 + 0.080389),0.857998 (0.778500 + 0.079499),0.862300 (0.783000 + 0.079300),0.858704 (0.779400 + 0.079304),0.864910 (0.784800 + 0.080110),0.845693 (0.765900 + 0.079793),0.851864 (0.772200 + 0.079664),0.872275 (0.792900 + 0.079375),0.864505 (0.785700 + 0.078804),0.865943 (0.786600 + 0.079343),0.863770 (0.783900 + 0.079870),0.861779 (0.781200 + 0.080579),0.860769 (0.780300 + 0.080469),0.860788 (0.781200 + 0.079588),0.859478 (0.779400 + 0.080078),0.855874 (0.775800 + 0.080074),0.863694 (0.783900 + 0.079795),0.866485 (0.785700 + 0.080785),0.868788 (0.788400 + 0.080388),0.866766 (0.787500 + 0.079266),0.848511 (0.768600 + 0.079912),0.861284 (0.782100 + 0.079184),0.865417 (0.785700 + 0.079717),0.876852 (0.797400 + 0.079452),0.859654 (0.780300 + 0.079354),0.854005 (0.773100 + 0.080905),0.852357 (0.773100 + 0.079257),0.870024 (0.789300 + 0.080724),0.859307 (0.779400 + 0.079907),0.831455 (0.751500 + 0.079955),0.863076 (0.783900 + 0.079176),0.872250 (0.792900 + 0.079350),0.869854 (0.790200 + 0.079654),0.854396 (0.774000 + 0.080396),0.870388 (0.791100 + 0.079288),0.866091 (0.786600 + 0.079491),0.863324 (0.783000 + 0.080324),0.859375 (0.779400 + 0.079975),0.862007 (0.781200 + 0.080807),0.874138 (0.794700 + 0.079438),0.847545 (0.767700 + 0.079845),0.857050 (0.776700 + 0.080350),0.855559 (0.775800 + 0.079759),0.842993 (0.763200 + 0.079793),0.844670 (0.764100 + 0.080570),0.859711 (0.779400 + 0.080311),0.863063 (0.783900 + 0.079163),0.851810 (0.772200 + 0.079610),0.861916 (0.781200 + 0.080716),0.845272 (0.765000 + 0.080272),0.852833 (0.773100 + 0.079733),0.862220 (0.783000 + 0.079220),0.852162 (0.773100 + 0.079062),0.856207 (0.774900 + 0.081307),0.858561 (0.779400 + 0.079161),0.859623 (0.779400 + 0.080223),0.858246 (0.777600 + 0.080646),0.865542 (0.785700 + 0.079842),0.874138 (0.794700 + 0.079438),0.865333 (0.785700 + 0.079633),0.848264 (0.768600 + 0.079664),0.851541 (0.771300 + 0.080241),0.853214 (0.773100 + 0.080114)
54,0.876852 (0.797400 + 0.079452),0.861217 (0.782100 + 0.079117),0.869550 (0.790200 + 0.079350),0.858247 (0.778500 + 0.079747),0.860161 (0.780300 + 0.079861),0.854125 (0.773100 + 0.081025),0.862155 (0.782100 + 0.080055),0.855275 (0.774900 + 0.080375),0.856311 (0.776700 + 0.079611),0.866091 (0.786600 + 0.079491),0.856602 (0.777600 + 0.079002),0.845583 (0.765000 + 0.080583),0.868676 (0.788400 + 0.080276),0.866772 (0.787500 + 0.079272),0.866961 (0.787500 + 0.079461),0.867830 (0.788400 + 0.079430),0.864505 (0.785700 + 0.078804),0.868955 (0.789300 + 0.079655),0.858911 (0.778500 + 0.080411),0.853748 (0.774900 + 0.078848),0.869450 (0.790200 + 0.079250),0.852718 (0.773100 + 0.079618),0.864202 (0.784800 + 0.079402),0.861351 (0.781200 + 0.080151),0.867028 (0.787500 + 0.079528),0.847036 (0.767700 + 0.079336),0.862256 (0.783000 + 0.079256),0.865873 (0.786600 + 0.079273),0.867637 (0.787500 + 0.080137),0.863217 (0.783900 + 0.079318),0.863618 (0.783000 + 0.080618),0.852292 (0.772200 + 0.080092),0.855347 (0.774900 + 0.080447),0.856151 (0.775800 + 0.080351),0.850505 (0.770400 + 0.080105),0.854963 (0.774900 + 0.080063),0.856769 (0.777600 + 0.079169),0.851220 (0.771300 + 0.079920),0.854745 (0.774000 + 0.080745),0.870112 (0.790200 + 0.079912),0.872029 (0.792000 + 0.080029),0.854507 (0.775800 + 0.078707),0.870398 (0.791100 + 0.079298),0.863750 (0.783000 + 0.080750),0.857061 (0.777600 + 0.079461),0.841650 (0.760500 + 0.081150),0.866598 (0.787500 + 0.079098),0.862123 (0.781200 + 0.080923),0.861069 (0.781200 + 0.079869),0.859780 (0.780300 + 0.079481),0.856770 (0.777600 + 0.079170),0.859654 (0.780300 + 0.079354),0.855874 (0.775800 + 0.080074),0.854009 (0.774900 + 0.079109),0.867016 (0.787500 + 0.079516),0.848569 (0.768600 + 0.079969),0.855761 (0.774900 + 0.080861),0.863742 (0.783000 + 0.080742),0.863743 (0.783900 + 0.079843),0.864037 (0.784800 + 0.079237),0.867942 (0.788400 + 0.079542),0.868554 (0.789300 + 0.079254),0.857826 (0.778500 + 0.079326),0.856284 (0.775800 + 0.080484),0.857852 (0.777600 + 0.080252),0.862220 (0.783000 + 0.079220),0.847158 (0.767700 + 0.079458),0.870488 (0.791100 + 0.079388),0.856147 (0.776700 + 0.079447),0.850831 (0.771300 + 0.079531),0.858488 (0.778500 + 0.079988),0.851163 (0.772200 + 0.078963),0.864433 (0.784800 + 0.079633),0.872237 (0.792900 + 0.079337),0.870894 (0.790200 + 0.080694),0.846887 (0.766800 + 0.080087),0.855122 (0.775800 + 0.079322),0.858607 (0.779400 + 0.079207),0.862192 (0.782100 + 0.080092),0.860147 (0.780300 + 0.079847),0.863193 (0.783900 + 0.079293),0.853986 (0.774900 + 0.079086),0.849611 (0.769500 + 0.080111),0.865166 (0.784800 + 0.080366),0.860284 (0.779400 + 0.080884),0.864738 (0.784800 + 0.079938),0.865852 (0.785700 + 0.080152),0.865747 (0.785700 + 0.080047),0.862392 (0.781200 + 0.081192),0.854042 (0.774000 + 0.080042),0.855828 (0.774900 + 0.080928),0.862323 (0.783000 + 0.079323),0.858350 (0.778500 + 0.079850),0.868009 (0.787500 + 0.080509),0.845643 (0.765000 + 0.080643),0.844857 (0.765000 + 0.079857),0.845591 (0.764100 + 0.081491),0.859661 (0.780300 + 0.079361),0.857650 (0.778500 + 0.079150),0.863458 (0.783000 + 0.080458)
55,0.876852 (0.797400 + 0.079452),0.856413 (0.776700 + 0.079714),0.853566 (0.774000 + 0.079566),0.861065 (0.782100 + 0.078965),0.855134 (0.774900 + 0.080234),0.862281 (0.782100 + 0.080181),0.859920 (0.780300 + 0.079620),0.858522 (0.779400 + 0.079122),0.867779 (0.788400 + 0.079379),0.865852 (0.785700 + 0.080152),0.854963 (0.774900 + 0.080063),0.867022 (0.787500 + 0.079522),0.856318 (0.776700 + 0.079618),0.864202 (0.784800 + 0.079402),0.864202 (0.784800 + 0.079402),0.865495 (0.786600 + 0.078895),0.848326 (0.767700 + 0.080627),0.860400 (0.781200 + 0.079200),0.860626 (0.781200 + 0.079426),0.860454 (0.781200 + 0.079254),0.856906 (0.777600 + 0.079306),0.864689 (0.784800 + 0.079889),0.861205 (0.781200 + 0.080005),0.854510 (0.774000 + 0.080510),0.854427 (0.774000 + 0.080427),0.876852 (0.797400 + 0.079452),0.864835 (0.785700 + 0.079135),0.852182 (0.772200 + 0.079982),0.848942 (0.768600 + 0.080343),0.859486 (0.780300 + 0.079186),0.861460 (0.782100 + 0.079360),0.854606 (0.774900 + 0.079706),0.865576 (0.784800 + 0.080776),0.857455 (0.777600 + 0.079855),0.854514 (0.774900 + 0.079614),0.855761 (0.774900 + 0.080861),0.852292 (0.772200 + 0.080092),0.855122 (0.775800 + 0.079322),0.854125 (0.773100 + 0.081025),0.870398 (0.791100 + 0.079298),0.859780 (0.780300 + 0.079481),0.856235 (0.776700 + 0.079535),0.857061 (0.777600 + 0.079461),0.863960 (0.784800 + 0.079160),0.873975 (0.794700 + 0.079275),0.859964 (0.780300 + 0.079664),0.858088 (0.778500 + 0.079588),0.851024 (0.772200 + 0.078824),0.851619 (0.771300 + 0.080319),0.865434 (0.785700 + 0.079734),0.855914 (0.776700 + 0.079214),0.836896 (0.756900 + 0.079996),0.853078 (0.773100 + 0.079978),0.861061 (0.781200 + 0.079861),0.868673 (0.789300 + 0.079373),0.858997 (0.779400 + 0.079597),0.860385 (0.781200 + 0.079185),0.861966 (0.782100 + 0.079866),0.855672 (0.776700 + 0.078972),0.849877 (0.769500 + 0.080377),0.863772 (0.783900 + 0.079872),0.853701 (0.774000 + 0.079701),0.853957 (0.774000 + 0.079957),0.858799 (0.779400 + 0.079399),0.860348 (0.781200 + 0.079148),0.858445 (0.779400 + 0.079045),0.865670 (0.785700 + 0.079970),0.850945 (0.771300 + 0.079645),0.856357 (0.775800 + 0.080557),0.854962 (0.774900 + 0.080062),0.854579 (0.774900 + 0.079679),0.852039 (0.772200 + 0.079839),0.849860 (0.769500 + 0.080360),0.860605 (0.781200 + 0.079405),0.868955 (0.789300 + 0.079655),0.860022 (0.779400 + 0.080622),0.864638 (0.783900 + 0.080738),0.847976 (0.768600 + 0.079376),0.854324 (0.775800 + 0.078524),0.851873 (0.772200 + 0.079673),0.858639 (0.778500 + 0.080139),0.870326 (0.791100 + 0.079226),0.864258 (0.784800 + 0.079458),0.867104 (0.787500 + 0.079604),0.863124 (0.783900 + 0.079224),0.863548 (0.783000 + 0.080548),0.866988 (0.787500 + 0.079488),0.865880 (0.786600 + 0.079280),0.867371 (0.786600 + 0.080771),0.860997 (0.782100 + 0.078897),0.857217 (0.777600 + 0.079617),0.858244 (0.778500 + 0.079744),0.863325 (0.783900 + 0.079425),0.862361 (0.783000 + 0.079361),0.868729 (0.789300 + 0.079429),0.847169 (0.767700 + 0.079469),0.861410 (0.781200 + 0.080210),0.867028 (0.787500 + 0.079528),0.859780 (0.780300 + 0.079481),0.870894 (0.790200 + 0.080694)
56,0.876852 (0.797400 + 0.079452),0.869132 (0.789300 + 0.079832),0.858615 (0.779400 + 0.079215),0.851302 (0.771300 + 0.080003),0.868753 (0.788400 + 0.080353),0.861589 (0.782100 + 0.079489),0.847039 (0.767700 + 0.079339),0.868705 (0.789300 + 0.079405),0.856657 (0.777600 + 0.079057),0.858530 (0.779400 + 0.079130),0.860527 (0.781200 + 0.079327),0.850543 (0.771300 + 0.079243),0.859838 (0.780300 + 0.079538),0.859150 (0.778500 + 0.080650),0.861390 (0.782100 + 0.079290),0.855161 (0.774900 + 0.080261),0.863582 (0.783900 + 0.079682),0.862576 (0.783000 + 0.079576),0.861551 (0.781200 + 0.080351),0.863364 (0.783900 + 0.079464),0.869389 (0.790200 + 0.079189),0.867655 (0.788400 + 0.079255),0.863553 (0.783900 + 0.079653),0.862411 (0.783000 + 0.079411),0.872344 (0.792900 + 0.079444),0.860597 (0.781200 + 0.079397),0.866781 (0.786600 + 0.080181),0.858095 (0.778500 + 0.079595),0.864531 (0.784800 + 0.079731),0.865880 (0.786600 + 0.079280),0.860997 (0.782100 + 0.078897),0.859838 (0.780300 + 0.079538),0.862644 (0.783000 + 0.079644),0.854946 (0.775800 + 0.079146),0.853227 (0.773100 + 0.080127),0.849406 (0.769500 + 0.079906),0.864270 (0.784800 + 0.079470),0.858822 (0.778500 + 0.080322),0.856138 (0.775800 + 0.080338),0.863571 (0.783900 + 0.079671),0.853233 (0.774000 + 0.079233),0.860454 (0.780300 + 0.080154),0.844649 (0.765000 + 0.079649),0.863340 (0.783900 + 0.079440),0.876771 (0.797400 + 0.079371),0.854244 (0.774900 + 0.079344),0.866705 (0.787500 + 0.079205),0.869629 (0.790200 + 0.079429),0.862451 (0.783000 + 0.079452),0.871510 (0.792000 + 0.079510),0.857730 (0.778500 + 0.079230),0.862362 (0.783000 + 0.079362),0.850972 (0.771300 + 0.079673),0.858717 (0.779400 + 0.079317),0.857707 (0.778500 + 0.079207),0.853706 (0.774000 + 0.079706),0.847612 (0.768600 + 0.079012),0.864942 (0.785700 + 0.079242),0.853193 (0.774000 + 0.079193),0.863595 (0.783900 + 0.079695),0.857473 (0.778500 + 0.078973),0.851192 (0.771300 + 0.079892),0.862033 (0.783000 + 0.079033),0.852407 (0.772200 + 0.080207),0.853223 (0.773100 + 0.080123),0.863302 (0.783900 + 0.079402),0.859873 (0.779400 + 0.080473),0.860143 (0.780300 + 0.079843),0.860762 (0.781200 + 0.079562),0.876448 (0.796500 + 0.079948),0.860353 (0.780300 + 0.080053),0.861411 (0.782100 + 0.079311),0.861175 (0.782100 + 0.079075),0.857047 (0.777600 + 0.079447),0.843814 (0.765000 + 0.078814),0.851462 (0.770400 + 0.081062),0.867042 (0.786600 + 0.080442),0.863911 (0.784800 + 0.079111),0.864538 (0.784800 + 0.079738),0.860175 (0.780300 + 0.079875),0.849336 (0.769500 + 0.079836),0.851642 (0.771300 + 0.080342),0.858996 (0.780300 + 0.078696),0.858677 (0.779400 + 0.079277),0.874420 (0.794700 + 0.079720),0.841877 (0.762300 + 0.079577),0.869838 (0.790200 + 0.079638),0.856811 (0.777600 + 0.079211),0.868955 (0.789300 + 0.079655),0.858639 (0.778500 + 0.080139),0.854606 (0.774900 + 0.079706),0.849788 (0.769500 + 0.080288),0.848760 (0.768600 + 0.080160),0.843004 (0.763200 + 0.079804),0.856784 (0.776700 + 0.080084),0.867771 (0.788400 + 0.079371),0.858106 (0.778500 + 0.079606),0.855398 (0.775800 + 0.079598),0.857208 (0.777600 + 0.079608),0.866346 (0.786600 + 0.079746)
57,0.876852 (0.797400 + 0.079452),0.863813 (0.783900 + 0.079913),0.858664 (0.779400 + 0.079264),0.855452 (0.774900 + 0.080552),0.856723 (0.777600 + 0.079123),0.873278 (0.793800 + 0.079478),0.850840 (0.771300 + 0.079540),0.852971 (0.773100 + 0.079871),0.863046 (0.783900 + 0.079146),0.858241 (0.778500 + 0.079741),0.853134 (0.774000 + 0.079134),0.871321 (0.792000 + 0.079321),0.862484 (0.783000 + 0.079484),0.866440 (0.786600 + 0.079840),0.857110 (0.777600 + 0.079510),0.854429 (0.774900 + 0.079529),0.863115 (0.783900 + 0.079215),0.866813 (0.786600 + 0.080213),0.867218 (0.787500 + 0.079718),0.859851 (0.780300 + 0.079551),0.859593 (0.780300 + 0.079293),0.869389 (0.790200 + 0.079189),0.867075 (0.788400 + 0.078675),0.861652 (0.782100 + 0.079552),0.872486 (0.792900 + 0.079586),0.846616 (0.766800 + 0.079816),0.869755 (0.790200 + 0.079555),0.861453 (0.782100 + 0.079353),0.849131 (0.770400 + 0.078731),0.867029 (0.787500 + 0.079529),0.868925 (0.789300 + 0.079625),0.860313 (0.781200 + 0.079113),0.849732 (0.769500 + 0.080232),0.870457 (0.791100 + 0.079357),0.850401 (0.770400 + 0.080001),0.845322 (0.765900 + 0.079422),0.859830 (0.780300 + 0.079530),0.856912 (0.777600 + 0.079312),0.858010 (0.778500 + 0.079510),0.861551 (0.781200 + 0.080351),0.860353 (0.780300 + 0.080053),0.875547 (0.795600 + 0.079947),0.864131 (0.784800 + 0.079331),0.849846 (0.770400 + 0.079446),0.867744 (0.788400 + 0.079344),0.861406 (0.782100 + 0.079306),0.861949 (0.782100 + 0.079849),0.869051 (0.789300 + 0.079751),0.862450 (0.783000 + 0.079450),0.860671 (0.781200 + 0.079471),0.865098 (0.785700 + 0.079398),0.873791 (0.793800 + 0.079991),0.861592 (0.782100 + 0.079492),0.863344 (0.783900 + 0.079444),0.853214 (0.774000 + 0.079214),0.854228 (0.774900 + 0.079328),0.846906 (0.767700 + 0.079206),0.857777 (0.778500 + 0.079277),0.857878 (0.778500 + 0.079378),0.860997 (0.782100 + 0.078897),0.863911 (0.784800 + 0.079111),0.851413 (0.772200 + 0.079213),0.852030 (0.773100 + 0.078930),0.869344 (0.790200 + 0.079144),0.862069 (0.783000 + 0.079069),0.852043 (0.772200 + 0.079843),0.858178 (0.778500 + 0.079678),0.855892 (0.776700 + 0.079192),0.861674 (0.782100 + 0.079574),0.865187 (0.785700 + 0.079487),0.857764 (0.777600 + 0.080164),0.865480 (0.785700 + 0.079780),0.874138 (0.794700 + 0.079438),0.859784 (0.780300 + 0.079484),0.843232 (0.764100 + 0.079132),0.856830 (0.777600 + 0.079230),0.861263 (0.782100 + 0.079163),0.873661 (0.793800 + 0.079861),0.867506 (0.787500 + 0.080006),0.872344 (0.792900 + 0.079444),0.863340 (0.783900 + 0.079440),0.861366 (0.782100 + 0.079266),0.840450 (0.760500 + 0.079950),0.866856 (0.787500 + 0.079356),0.853081 (0.774000 + 0.079081),0.866363 (0.786600 + 0.079763),0.855976 (0.776700 + 0.079276),0.861062 (0.782100 + 0.078962),0.857476 (0.776700 + 0.080776),0.853763 (0.774900 + 0.078863),0.850479 (0.771300 + 0.079179),0.857042 (0.776700 + 0.080342),0.857263 (0.776700 + 0.080563),0.854168 (0.774900 + 0.079269),0.844261 (0.765000 + 0.079261),0.863639 (0.783900 + 0.079740),0.855160 (0.775800 + 0.079360),0.862187 (0.783000 + 0.079187),0.854970 (0.774900 + 0.080070),0.858781 (0.779400 + 0.079381)
58,0.876852 (0.797400 + 0.079452),0.868659 (0.789300 + 0.079360),0.870625 (0.791100 + 0.079525),0.859920 (0.780300 + 0.079620),0.864712 (0.785700 + 0.079012),0.851350 (0.772200 + 0.079150),0.865147 (0.785700 + 0.079447),0.860997 (0.782100 + 0.078897),0.856723 (0.777600 + 0.079123),0.852003 (0.772200 + 0.079803),0.864487 (0.784800 + 0.079688),0.856917 (0.777600 + 0.079317),0.859535 (0.780300 + 0.079235),0.862267 (0.783000 + 0.079267),0.851801 (0.772200 + 0.079601),0.856713 (0.777600 + 0.079113),0.870457 (0.791100 + 0.079357),0.859653 (0.780300 + 0.079353),0.867079 (0.787500 + 0.079579),0.871611 (0.792000 + 0.079611),0.857042 (0.776700 + 0.080342),0.864928 (0.785700 + 0.079228),0.863134 (0.783900 + 0.079234),0.859587 (0.780300 + 0.079287),0.860777 (0.781200 + 0.079577),0.863271 (0.783900 + 0.079371),0.852238 (0.772200 + 0.080038),0.862338 (0.783000 + 0.079338),0.859145 (0.779400 + 0.079745),0.861592 (0.782100 + 0.079492),0.854429 (0.774900 + 0.079529),0.847775 (0.768600 + 0.079175),0.861461 (0.781200 + 0.080261),0.856723 (0.777600 + 0.079123),0.853786 (0.774900 + 0.078886),0.855692 (0.774900 + 0.080792),0.862227 (0.783000 + 0.079227),0.870332 (0.791100 + 0.079232),0.867512 (0.788400 + 0.079112),0.866871 (0.787500 + 0.079371),0.866066 (0.785700 + 0.080366),0.862820 (0.783000 + 0.079820),0.850672 (0.771300 + 0.079372),0.856451 (0.777600 + 0.078851),0.864761 (0.785700 + 0.079061),0.859847 (0.780300 + 0.079547),0.864559 (0.784800 + 0.079759),0.866972 (0.787500 + 0.079472),0.847102 (0.767700 + 0.079402),0.857683 (0.778500 + 0.079183),0.863344 (0.783900 + 0.079444),0.867034 (0.787500 + 0.079534),0.854782 (0.775800 + 0.078982),0.861453 (0.782100 + 0.079353),0.861406 (0.782100 + 0.079306),0.857498 (0.778500 + 0.078998),0.871892 (0.792000 + 0.079892),0.860407 (0.781200 + 0.079207),0.862991 (0.783900 + 0.079091),0.876183 (0.797400 + 0.078783),0.858719 (0.779400 + 0.079319),0.857590 (0.777600 + 0.079990),0.848202 (0.769500 + 0.078702),0.864128 (0.784800 + 0.079328),0.853199 (0.774000 + 0.079199),0.851699 (0.771300 + 0.080399),0.849595 (0.770400 + 0.079195),0.862757 (0.783000 + 0.079757),0.855277 (0.775800 + 0.079477),0.862365 (0.783000 + 0.079365),0.860596 (0.781200 + 0.079396),0.870748 (0.791100 + 0.079648),0.858689 (0.779400 + 0.079289),0.857451 (0.777600 + 0.079851),0.842418 (0.762300 + 0.080119),0.856565 (0.777600 + 0.078965),0.869344 (0.790200 + 0.079144),0.864973 (0.785700 + 0.079273),0.864957 (0.785700 + 0.079257),0.872486 (0.792900 + 0.079586),0.869051 (0.789300 + 0.079751),0.861725 (0.782100 + 0.079625),0.863583 (0.784800 + 0.078783),0.870694 (0.791100 + 0.079594),0.858169 (0.778500 + 0.079669),0.871795 (0.792900 + 0.078895),0.844613 (0.765000 + 0.079613),0.868013 (0.788400 + 0.079613),0.862583 (0.783000 + 0.079583),0.869755 (0.790200 + 0.079555),0.858781 (0.779400 + 0.079381),0.873382 (0.793800 + 0.079582),0.862444 (0.783000 + 0.079444),0.850946 (0.771300 + 0.079646),0.858374 (0.778500 + 0.079874),0.859862 (0.780300 + 0.079562),0.861374 (0.782100 + 0.079274),0.858580 (0.779400 + 0.079180),0.858561 (0.779400 + 0.079161),0.857710 (0.777600 + 0.080110)
59,0.876852 (0.797400 + 0.079452),0.872499 (0.792900 + 0.079599),0.865325 (0.785700 + 0.079625),0.868989 (0.789300 + 0.079689),0.865130 (0.785700 + 0.079430),0.857854 (0.778500 + 0.079354),0.866902 (0.787500 + 0.079402),0.851577 (0.772200 + 0.079377),0.854307 (0.774900 + 0.079407),0.867522 (0.787500 + 0.080022),0.879270 (0.800100 + 0.079170),0.865839 (0.786600 + 0.079239),0.869770 (0.790200 + 0.079570),0.852571 (0.773100 + 0.079471),0.855436 (0.775800 + 0.079636),0.858995 (0.779400 + 0.079595),0.862850 (0.783900 + 0.078950),0.874076 (0.794700 + 0.079376),0.867211 (0.787500 + 0.079711),0.853477 (0.774000 + 0.079477),0.856962 (0.777600 + 0.079362),0.860639 (0.781200 + 0.079439),0.858649 (0.779400 + 0.079249),0.864531 (0.785700 + 0.078831),0.864134 (0.784800 + 0.079334),0.858900 (0.779400 + 0.079500),0.869138 (0.790200 + 0.078938),0.850894 (0.772200 + 0.078694),0.862557 (0.783000 + 0.079557),0.847987 (0.768600 + 0.079387),0.878052 (0.798300 + 0.079752),0.869411 (0.790200 + 0.079211),0.850398 (0.771300 + 0.079099),0.856619 (0.777600 + 0.079019),0.861145 (0.782100 + 0.079045),0.857314 (0.777600 + 0.079714),0.855693 (0.776700 + 0.078993),0.855513 (0.776700 + 0.078813),0.849643 (0.770400 + 0.079243),0.861509 (0.782100 + 0.079409),0.862583 (0.783000 + 0.079583),0.868457 (0.789300 + 0.079157),0.865773 (0.786600 + 0.079173),0.861532 (0.782100 + 0.079432),0.862636 (0.783000 + 0.079636),0.866010 (0.786600 + 0.079410),0.853259 (0.774900 + 0.078359),0.868810 (0.789300 + 0.079510),0.861991 (0.783000 + 0.078991),0.862747 (0.783000 + 0.079747),0.870650 (0.791100 + 0.079550),0.862950 (0.783900 + 0.079050),0.863351 (0.783900 + 0.079451),0.856097 (0.775800 + 0.080297),0.871726 (0.792000 + 0.079726),0.864142 (0.784800 + 0.079342),0.867056 (0.787500 + 0.079557),0.863427 (0.783900 + 0.079527),0.865831 (0.786600 + 0.079231),0.859741 (0.780300 + 0.079441),0.865898 (0.786600 + 0.079298),0.857103 (0.777600 + 0.079503),0.853495 (0.774000 + 0.079495),0.850490 (0.771300 + 0.079190),0.855341 (0.775800 + 0.079541),0.844861 (0.765900 + 0.078961),0.834625 (0.755100 + 0.079525),0.874006 (0.794700 + 0.079306),0.858927 (0.780300 + 0.078627),0.863643 (0.784800 + 0.078843),0.863882 (0.784800 + 0.079082),0.863430 (0.783900 + 0.079530),0.864341 (0.784800 + 0.079541),0.860629 (0.781200 + 0.079429),0.853172 (0.774000 + 0.079172),0.851406 (0.772200 + 0.079206),0.857622 (0.778500 + 0.079122),0.856265 (0.776700 + 0.079565),0.859347 (0.780300 + 0.079048),0.867442 (0.788400 + 0.079042),0.858994 (0.779400 + 0.079594),0.859305 (0.780300 + 0.079005),0.864293 (0.784800 + 0.079493),0.865940 (0.786600 + 0.079340),0.875287 (0.795600 + 0.079687),0.839582 (0.760500 + 0.079082),0.858914 (0.779400 + 0.079514),0.860312 (0.781200 + 0.079112),0.857498 (0.778500 + 0.078998),0.865773 (0.786600 + 0.079173),0.872412 (0.792900 + 0.079512),0.867898 (0.788400 + 0.079498),0.861535 (0.782100 + 0.079435),0.853493 (0.773100 + 0.080393),0.859722 (0.780300 + 0.079422),0.861594 (0.783000 + 0.078595),0.854474 (0.774900 + 0.079574),0.858053 (0.778500 + 0.079553),0.848484 (0.769500 + 0.078984),0.860009 (0.780300 + 0.079709)
60,0.879270 (0.800100 + 0.079170),0.866607 (0.787500 + 0.079107),0.864302 (0.784800 + 0.079502),0.870050 (0.790200 + 0.079850),0.876861 (0.797400 + 0.079461),0.865839 (0.786600 + 0.079239),0.859347 (0.780300 + 0.079048),0.857172 (0.777600 + 0.079572),0.869980 (0.791100 + 0.078880),0.869770 (0.790200 + 0.079570),0.865773 (0.786600 + 0.079173),0.858000 (0.778500 + 0.079500),0.856049 (0.776700 + 0.079349),0.865174 (0.785700 + 0.079474),0.857635 (0.778500 + 0.079135),0.867798 (0.788400 + 0.079398),0.860545 (0.781200 + 0.079345),0.866902 (0.787500 + 0.079402),0.865325 (0.785700 + 0.079625),0.866708 (0.787500 + 0.079208),0.848839 (0.769500 + 0.079339),0.868272 (0.789300 + 0.078972),0.877223 (0.797400 + 0.079823),0.863855 (0.784800 + 0.079055),0.859248 (0.780300 + 0.078948),0.863765 (0.784800 + 0.078965),0.856285 (0.776700 + 0.079585),0.865249 (0.785700 + 0.079549),0.856979 (0.777600 + 0.079379),0.857220 (0.777600 + 0.079620),0.853135 (0.774000 + 0.079135),0.853644 (0.774900 + 0.078745),0.852565 (0.773100 + 0.079465),0.861574 (0.782100 + 0.079474),0.865255 (0.785700 + 0.079555),0.857954 (0.778500 + 0.079454),0.867133 (0.787500 + 0.079633),0.843547 (0.764100 + 0.079447),0.864377 (0.784800 + 0.079577),0.865626 (0.786600 + 0.079026),0.867631 (0.788400 + 0.079231),0.858473 (0.779400 + 0.079073),0.869728 (0.790200 + 0.079528),0.870331 (0.791100 + 0.079231),0.854708 (0.774900 + 0.079808),0.859531 (0.780300 + 0.079231),0.863351 (0.783900 + 0.079451),0.862557 (0.783000 + 0.079557),0.852073 (0.772200 + 0.079873),0.862679 (0.783000 + 0.079679),0.866981 (0.787500 + 0.079481),0.872926 (0.793800 + 0.079126),0.871570 (0.792000 + 0.079570),0.857939 (0.778500 + 0.079439),0.877044 (0.797400 + 0.079644),0.863019 (0.783000 + 0.080019),0.855527 (0.775800 + 0.079727),0.863521 (0.783900 + 0.079621),0.866246 (0.786600 + 0.079646),0.873322 (0.793800 + 0.079522),0.852553 (0.773100 + 0.079453),0.860629 (0.781200 + 0.079429),0.862850 (0.783900 + 0.078950),0.866782 (0.787500 + 0.079282),0.864732 (0.785700 + 0.079032),0.870325 (0.791100 + 0.079225),0.870614 (0.791100 + 0.079514),0.859245 (0.779400 + 0.079845),0.865940 (0.786600 + 0.079340),0.868847 (0.789300 + 0.079547),0.862613 (0.783000 + 0.079613),0.863356 (0.783900 + 0.079457),0.862312 (0.783000 + 0.079312),0.858659 (0.779400 + 0.079259),0.856631 (0.777600 + 0.079031),0.870517 (0.791100 + 0.079417),0.861625 (0.782100 + 0.079525),0.852626 (0.773100 + 0.079526),0.857672 (0.778500 + 0.079172),0.861229 (0.782100 + 0.079129),0.869452 (0.790200 + 0.079252),0.866242 (0.787500 + 0.078742),0.857754 (0.778500 + 0.079254),0.860645 (0.781200 + 0.079445),0.875917 (0.796500 + 0.079417),0.853563 (0.774000 + 0.079563),0.868269 (0.789300 + 0.078970),0.865831 (0.786600 + 0.079231),0.865831 (0.786600 + 0.079231),0.859801 (0.780300 + 0.079501),0.874701 (0.795600 + 0.079101),0.862443 (0.783000 + 0.079443),0.871279 (0.792000 + 0.079279),0.850461 (0.771300 + 0.079161),0.856559 (0.776700 + 0.079859),0.864151 (0.784800 + 0.079351),0.860182 (0.781200 + 0.078982),0.853259 (0.774000 + 0.079259),0.855003 (0.775800 + 0.079203),0.855363 (0.775800 + 0.079563)
61,0.879270 (0.800100 + 0.079170),0.871814 (0.792900 + 0.078914),0.868011 (0.788400 + 0.079611),0.876635 (0.797400 + 0.079235),0.871637 (0.792000 + 0.079637),0.866092 (0.786600 + 0.079492),0.863227 (0.783900 + 0.079327),0.866972 (0.787500 + 0.079472),0.871249 (0.792000 + 0.079249),0.874294 (0.794700 + 0.079594),0.871356 (0.792000 + 0.079356),0.872357 (0.792900 + 0.079457),0.850087 (0.770400 + 0.079687),0.873265 (0.793800 + 0.079465),0.857908 (0.778500 + 0.079408),0.861294 (0.782100 + 0.079194),0.869562 (0.790200 + 0.079362),0.866023 (0.786600 + 0.079423),0.869300 (0.790200 + 0.079100),0.873322 (0.793800 + 0.079522),0.860645 (0.781200 + 0.079445),0.854729 (0.775800 + 0.078929),0.859770 (0.780300 + 0.079470),0.861854 (0.783000 + 0.078854),0.866663 (0.787500 + 0.079163),0.844020 (0.765000 + 0.079020),0.860981 (0.781200 + 0.079781),0.862915 (0.783900 + 0.079015),0.871005 (0.792000 + 0.079005),0.862743 (0.783000 + 0.079743),0.868600 (0.789300 + 0.079300),0.867629 (0.788400 + 0.079229),0.855221 (0.775800 + 0.079421),0.877044 (0.797400 + 0.079644),0.859748 (0.780300 + 0.079448),0.855106 (0.775800 + 0.079306),0.861132 (0.782100 + 0.079032),0.870364 (0.791100 + 0.079264),0.863438 (0.783900 + 0.079538),0.856088 (0.776700 + 0.079388),0.868354 (0.789300 + 0.079054),0.864108 (0.784800 + 0.079309),0.865435 (0.785700 + 0.079735),0.862428 (0.783000 + 0.079428),0.859381 (0.780300 + 0.079081),0.862575 (0.783000 + 0.079575),0.870025 (0.791100 + 0.078925),0.857984 (0.778500 + 0.079484),0.867979 (0.788400 + 0.079579),0.864337 (0.784800 + 0.079537),0.877758 (0.798300 + 0.079458),0.860557 (0.781200 + 0.079357),0.861140 (0.782100 + 0.079040),0.862590 (0.783000 + 0.079590),0.857978 (0.778500 + 0.079478),0.857648 (0.778500 + 0.079148),0.853113 (0.774000 + 0.079113),0.879549 (0.800100 + 0.079449),0.873348 (0.793800 + 0.079548),0.858861 (0.780300 + 0.078561),0.858874 (0.779400 + 0.079474),0.867777 (0.788400 + 0.079377),0.865339 (0.786600 + 0.078739),0.856023 (0.776700 + 0.079323),0.855365 (0.775800 + 0.079565),0.855223 (0.775800 + 0.079423),0.854901 (0.775800 + 0.079101),0.857834 (0.778500 + 0.079334),0.859025 (0.779400 + 0.079625),0.861177 (0.782100 + 0.079077),0.858683 (0.779400 + 0.079283),0.857545 (0.778500 + 0.079045),0.866177 (0.787500 + 0.078677),0.862794 (0.783000 + 0.079794),0.864579 (0.785700 + 0.078879),0.860884 (0.782100 + 0.078784),0.862472 (0.783000 + 0.079472),0.864821 (0.785700 + 0.079121),0.865668 (0.786600 + 0.079068),0.866098 (0.786600 + 0.079498),0.847557 (0.768600 + 0.078957),0.859980 (0.780300 + 0.079680),0.863181 (0.783900 + 0.079281),0.867454 (0.788400 + 0.079054),0.869253 (0.790200 + 0.079053),0.858089 (0.778500 + 0.079589),0.865186 (0.785700 + 0.079486),0.864202 (0.784800 + 0.079402),0.852476 (0.773100 + 0.079376),0.865130 (0.785700 + 0.079430),0.864464 (0.784800 + 0.079664),0.861291 (0.782100 + 0.079191),0.862683 (0.783000 + 0.079683),0.864965 (0.785700 + 0.079265),0.859762 (0.780300 + 0.079462),0.867723 (0.788400 + 0.079323),0.858379 (0.779400 + 0.078979),0.867953 (0.788400 + 0.079553),0.857643 (0.778500 + 0.079143),0.872140 (0.792900 + 0.079240)
62,0.879549 (0.800100 + 0.079449),0.870704 (0.791100 + 0.079604),0.862157 (0.783000 + 0.079157),0.857971 (0.778500 + 0.079471),0.860254 (0.781200 + 0.079054),0.859499 (0.780300 + 0.079199),0.866632 (0.787500 + 0.079132),0.854366 (0.774900 + 0.079466),0.861345 (0.782100 + 0.079245),0.854096 (0.774900 + 0.079196),0.867818 (0.788400 + 0.079418),0.863184 (0.783900 + 0.079284),0.859846 (0.780300 + 0.079546),0.871176 (0.792000 + 0.079176),0.872489 (0.792900 + 0.079589),0.869734 (0.790200 + 0.079534),0.858055 (0.778500 + 0.079555),0.856526 (0.777600 + 0.078926),0.852556 (0.773100 + 0.079456),0.871814 (0.792900 + 0.078914),0.863181 (0.783900 + 0.079281),0.857081 (0.778500 + 0.078581),0.865888 (0.786600 + 0.079288),0.840303 (0.761400 + 0.078903),0.863135 (0.783900 + 0.079235),0.866398 (0.787500 + 0.078898),0.860213 (0.781200 + 0.079013),0.855511 (0.776700 + 0.078811),0.858350 (0.779400 + 0.078950),0.860276 (0.781200 + 0.079076),0.862943 (0.783000 + 0.079943),0.863834 (0.784800 + 0.079034),0.861932 (0.783000 + 0.078932),0.861448 (0.782100 + 0.079348),0.864540 (0.785700 + 0.078840),0.863943 (0.784800 + 0.079143),0.865627 (0.786600 + 0.079027),0.852916 (0.773100 + 0.079816),0.869131 (0.790200 + 0.078931),0.861369 (0.782100 + 0.079269),0.863861 (0.784800 + 0.079061),0.852563 (0.773100 + 0.079463),0.856724 (0.777600 + 0.079124),0.863044 (0.783900 + 0.079144),0.863711 (0.783900 + 0.079811),0.861829 (0.782100 + 0.079729),0.862606 (0.783000 + 0.079606),0.860717 (0.781200 + 0.079517),0.864899 (0.785700 + 0.079199),0.862227 (0.783000 + 0.079227),0.856407 (0.777600 + 0.078807),0.858537 (0.779400 + 0.079137),0.848784 (0.769500 + 0.079284),0.875720 (0.796500 + 0.079220),0.871663 (0.792000 + 0.079663),0.867274 (0.788400 + 0.078874),0.871606 (0.792000 + 0.079606),0.867042 (0.787500 + 0.079542),0.853512 (0.774000 + 0.079512),0.852958 (0.773100 + 0.079858),0.854354 (0.774900 + 0.079454),0.838682 (0.759600 + 0.079082),0.846857 (0.767700 + 0.079157),0.856857 (0.777600 + 0.079257),0.854200 (0.774900 + 0.079300),0.861291 (0.782100 + 0.079191),0.858341 (0.779400 + 0.078941),0.867564 (0.788400 + 0.079164),0.857649 (0.778500 + 0.079149),0.862876 (0.783900 + 0.078976),0.858861 (0.780300 + 0.078561),0.855699 (0.776700 + 0.078999),0.855936 (0.776700 + 0.079236),0.864908 (0.785700 + 0.079208),0.862463 (0.783000 + 0.079463),0.865751 (0.786600 + 0.079151),0.873174 (0.793800 + 0.079375),0.849198 (0.769500 + 0.079698),0.876090 (0.796500 + 0.079590),0.859669 (0.780300 + 0.079369),0.858845 (0.779400 + 0.079445),0.858706 (0.779400 + 0.079306),0.854800 (0.775800 + 0.079000),0.868987 (0.789300 + 0.079687),0.865388 (0.785700 + 0.079688),0.855760 (0.776700 + 0.079060),0.869562 (0.790200 + 0.079362),0.851752 (0.773100 + 0.078652),0.862976 (0.783900 + 0.079076),0.860346 (0.781200 + 0.079146),0.866092 (0.786600 + 0.079492),0.854537 (0.774900 + 0.079637),0.861366 (0.782100 + 0.079266),0.860536 (0.781200 + 0.079336),0.864608 (0.785700 + 0.078908),0.868249 (0.789300 + 0.078949),0.870890 (0.792000 + 0.078890),0.863184 (0.783900 + 0.079284),0.864922 (0.785700 + 0.079222),0.859546 (0.780300 + 0.079246)
63,0.879549 (0.800100 + 0.079449),0.870415 (0.791100 + 0.079315),0.867042 (0.787500 + 0.079542),0.875720 (0.796500 + 0.079220),0.856000 (0.776700 + 0.079300),0.867480 (0.788400 + 0.079080),0.857199 (0.777600 + 0.079599),0.859442 (0.780300 + 0.079142),0.871036 (0.792000 + 0.079036),0.859964 (0.780300 + 0.079665),0.856104 (0.776700 + 0.079404),0.856416 (0.776700 + 0.079716),0.868431 (0.789300 + 0.079131),0.854415 (0.774900 + 0.079515),0.864651 (0.784800 + 0.079851),0.860587 (0.781200 + 0.079387),0.861036 (0.782100 + 0.078936),0.871387 (0.792000 + 0.079387),0.864832 (0.785700 + 0.079132),0.852528 (0.774000 + 0.078528),0.868029 (0.788400 + 0.079629),0.859035 (0.780300 + 0.078735),0.878233 (0.799200 + 0.079033),0.856941 (0.777600 + 0.079341),0.873184 (0.793800 + 0.079384),0.864743 (0.785700 + 0.079043),0.858094 (0.778500 + 0.079594),0.848996 (0.769500 + 0.079496),0.869222 (0.790200 + 0.079022),0.865895 (0.786600 + 0.079295),0.869734 (0.790200 + 0.079534),0.863775 (0.784800 + 0.078975),0.859155 (0.780300 + 0.078855),0.857740 (0.778500 + 0.079240),0.863969 (0.784800 + 0.079169),0.867603 (0.788400 + 0.079203),0.859851 (0.780300 + 0.079551),0.869446 (0.790200 + 0.079246),0.864458 (0.784800 + 0.079658),0.861448 (0.782100 + 0.079348),0.861345 (0.782100 + 0.079245),0.866036 (0.786600 + 0.079436),0.863389 (0.783900 + 0.079489),0.857059 (0.777600 + 0.079459),0.873174 (0.793800 + 0.079375),0.854145 (0.774900 + 0.079245),0.860619 (0.782100 + 0.078519),0.868249 (0.789300 + 0.078949),0.857405 (0.778500 + 0.078905),0.856059 (0.776700 + 0.079359),0.869734 (0.790200 + 0.079534),0.867994 (0.788400 + 0.079594),0.852604 (0.773100 + 0.079504),0.861270 (0.782100 + 0.079170),0.871029 (0.792000 + 0.079029),0.859492 (0.780300 + 0.079192),0.870710 (0.791100 + 0.079610),0.869300 (0.790200 + 0.079100),0.854289 (0.774900 + 0.079389),0.861793 (0.783000 + 0.078793),0.866923 (0.787500 + 0.079423),0.868249 (0.789300 + 0.078949),0.861632 (0.782100 + 0.079532),0.859562 (0.780300 + 0.079262),0.856368 (0.777600 + 0.078768),0.864899 (0.785700 + 0.079199),0.856220 (0.777600 + 0.078620),0.859634 (0.780300 + 0.079334),0.858868 (0.779400 + 0.079468),0.859345 (0.780300 + 0.079045),0.864821 (0.785700 + 0.079121),0.871176 (0.792000 + 0.079176),0.860388 (0.781200 + 0.079188),0.866813 (0.787500 + 0.079313),0.857602 (0.778500 + 0.079102),0.864658 (0.785700 + 0.078958),0.868636 (0.789300 + 0.079336),0.856041 (0.776700 + 0.079341),0.859910 (0.780300 + 0.079610),0.863119 (0.783900 + 0.079219),0.862236 (0.783000 + 0.079236),0.855321 (0.776700 + 0.078621),0.862156 (0.783000 + 0.079156),0.868108 (0.788400 + 0.079708),0.864971 (0.785700 + 0.079271),0.869079 (0.790200 + 0.078879),0.854079 (0.774900 + 0.079179),0.867059 (0.787500 + 0.079559),0.861420 (0.782100 + 0.079320),0.866204 (0.786600 + 0.079604),0.855738 (0.776700 + 0.079038),0.856027 (0.776700 + 0.079327),0.871696 (0.792000 + 0.079696),0.855763 (0.776700 + 0.079063),0.860194 (0.781200 + 0.078994),0.871663 (0.792000 + 0.079663),0.863184 (0.783900 + 0.079284),0.872788 (0.792900 + 0.079888),0.864103 (0.784800 + 0.079304),0.851525 (0.772200 + 0.079325)
64,0.879549 (0.800100 + 0.079449),0.864207 (0.784800 + 0.079407),0.868486 (0.789300 + 0.079186),0.859531 (0.780300 + 0.079231),0.863137 (0.783900 + 0.079237),0.871036 (0.792000 + 0.079036),0.867603 (0.788400 + 0.079203),0.860375 (0.781200 + 0.079175),0.864606 (0.785700 + 0.078906),0.867152 (0.787500 + 0.079652),0.863932 (0.784800 + 0.079132),0.861043 (0.782100 + 0.078943),0.866923 (0.787500 + 0.079423),0.863952 (0.784800 + 0.079152),0.858204 (0.779400 + 0.078804),0.868211 (0.788400 + 0.079811),0.856768 (0.777600 + 0.079168),0.845025 (0.765900 + 0.079125),0.865979 (0.786600 + 0.079379),0.858786 (0.780300 + 0.078486),0.846026 (0.766800 + 0.079226),0.854314 (0.775800 + 0.078514),0.863918 (0.784800 + 0.079118),0.851549 (0.772200 + 0.079349),0.871097 (0.792000 + 0.079097),0.856404 (0.776700 + 0.079704),0.870877 (0.792000 + 0.078877),0.865789 (0.786600 + 0.079189),0.871023 (0.792000 + 0.079023),0.862120 (0.783000 + 0.079120),0.869851 (0.790200 + 0.079651),0.855236 (0.775800 + 0.079436),0.857668 (0.778500 + 0.079168),0.860565 (0.781200 + 0.079366),0.864207 (0.784800 + 0.079407),0.848753 (0.769500 + 0.079253),0.850361 (0.771300 + 0.079061),0.867590 (0.788400 + 0.079190),0.859442 (0.780300 + 0.079142),0.864884 (0.785700 + 0.079184),0.868854 (0.789300 + 0.079554),0.857915 (0.778500 + 0.079416),0.862969 (0.783900 + 0.079069),0.853998 (0.774900 + 0.079099),0.866937 (0.787500 + 0.079437),0.850434 (0.771300 + 0.079134),0.863749 (0.784800 + 0.078949),0.863870 (0.784800 + 0.079070),0.857237 (0.778500 + 0.078737),0.849997 (0.771300 + 0.078697),0.863348 (0.783900 + 0.079448),0.873184 (0.793800 + 0.079384),0.864971 (0.785700 + 0.079271),0.869446 (0.790200 + 0.079246),0.860194 (0.781200 + 0.078994),0.867284 (0.787500 + 0.079784),0.851171 (0.772200 + 0.078971),0.868636 (0.789300 + 0.079336),0.870749 (0.791100 + 0.079649),0.865226 (0.785700 + 0.079526),0.865577 (0.786600 + 0.078977),0.857818 (0.778500 + 0.079318),0.853005 (0.774000 + 0.079005),0.864832 (0.785700 + 0.079132),0.855712 (0.776700 + 0.079012),0.851725 (0.772200 + 0.079525),0.867746 (0.788400 + 0.079346),0.879549 (0.800100 + 0.079449),0.871663 (0.792000 + 0.079663),0.864383 (0.784800 + 0.079583),0.853225 (0.774000 + 0.079225),0.863054 (0.783900 + 0.079154),0.850906 (0.771300 + 0.079606),0.854845 (0.775800 + 0.079045),0.847873 (0.768600 + 0.079273),0.863856 (0.784800 + 0.079056),0.860089 (0.780300 + 0.079789),0.869631 (0.790200 + 0.079431),0.862652 (0.783000 + 0.079652),0.867404 (0.787500 + 0.079904),0.873909 (0.794700 + 0.079209),0.863571 (0.783900 + 0.079671),0.861922 (0.782100 + 0.079822),0.857083 (0.777600 + 0.079483),0.862234 (0.783000 + 0.079234),0.865779 (0.786600 + 0.079179),0.862759 (0.783900 + 0.078859),0.859554 (0.780300 + 0.079254),0.869639 (0.790200 + 0.079439),0.869079 (0.790200 + 0.078879),0.856946 (0.777600 + 0.079346),0.864314 (0.784800 + 0.079514),0.860014 (0.781200 + 0.078814),0.855948 (0.776700 + 0.079248),0.854782 (0.775800 + 0.078982),0.854174 (0.774900 + 0.079274),0.859035 (0.780300 + 0.078735),0.854769 (0.775800 + 0.078969),0.866941 (0.787500 + 0.079441),0.862243 (0.783000 + 0.079243)
65,0.879549 (0.800100 + 0.079449),0.864985 (0.785700 + 0.079285),0.860932 (0.781200 + 0.079733),0.865008 (0.785700 + 0.079308),0.853020 (0.774000 + 0.079020),0.868211 (0.788400 + 0.079811),0.861043 (0.782100 + 0.078943),0.860566 (0.781200 + 0.079366),0.858572 (0.779400 + 0.079172),0.862074 (0.783000 + 0.079074),0.851788 (0.772200 + 0.079588),0.874022 (0.794700 + 0.079322),0.859714 (0.780300 + 0.079414),0.859873 (0.780300 + 0.079573),0.856364 (0.776700 + 0.079664),0.868750 (0.789300 + 0.079450),0.871841 (0.792900 + 0.078941),0.870469 (0.791100 + 0.079369),0.864918 (0.785700 + 0.079218),0.863299 (0.783900 + 0.079399),0.861665 (0.783000 + 0.078665),0.857833 (0.778500 + 0.079333),0.868175 (0.789300 + 0.078875),0.854828 (0.775800 + 0.079028),0.846538 (0.767700 + 0.078838),0.859303 (0.780300 + 0.079003),0.858092 (0.778500 + 0.079592),0.855707 (0.775800 + 0.079907),0.868986 (0.789300 + 0.079686),0.856631 (0.777600 + 0.079031),0.850228 (0.771300 + 0.078928),0.849925 (0.770400 + 0.079525),0.866899 (0.788400 + 0.078499),0.857520 (0.777600 + 0.079920),0.866752 (0.787500 + 0.079252),0.864155 (0.784800 + 0.079355),0.867888 (0.788400 + 0.079488),0.866433 (0.786600 + 0.079833),0.862655 (0.783000 + 0.079655),0.849396 (0.770400 + 0.078996),0.858649 (0.779400 + 0.079249),0.856839 (0.777600 + 0.079239),0.867141 (0.787500 + 0.079641),0.863348 (0.783900 + 0.079448),0.856166 (0.776700 + 0.079466),0.867532 (0.788400 + 0.079132),0.863588 (0.784800 + 0.078788),0.858451 (0.779400 + 0.079051),0.868538 (0.789300 + 0.079238),0.856401 (0.776700 + 0.079701),0.864748 (0.785700 + 0.079048),0.857081 (0.777600 + 0.079481),0.868019 (0.788400 + 0.079619),0.859943 (0.780300 + 0.079643),0.861510 (0.782100 + 0.079410),0.861025 (0.782100 + 0.078925),0.865773 (0.786600 + 0.079173),0.864886 (0.785700 + 0.079186),0.865238 (0.785700 + 0.079538),0.870656 (0.791100 + 0.079556),0.864503 (0.784800 + 0.079703),0.856696 (0.777600 + 0.079096),0.866251 (0.787500 + 0.078751),0.845019 (0.765900 + 0.079119),0.859532 (0.780300 + 0.079232),0.861361 (0.782100 + 0.079261),0.854077 (0.774900 + 0.079177),0.852217 (0.773100 + 0.079117),0.863228 (0.783900 + 0.079328),0.864230 (0.784800 + 0.079430),0.859786 (0.780300 + 0.079486),0.865922 (0.786600 + 0.079322),0.869382 (0.790200 + 0.079182),0.871307 (0.792000 + 0.079307),0.862759 (0.783900 + 0.078859),0.868979 (0.789300 + 0.079679),0.871768 (0.792000 + 0.079768),0.854331 (0.775800 + 0.078531),0.870516 (0.791100 + 0.079416),0.865387 (0.785700 + 0.079687),0.871175 (0.792000 + 0.079175),0.869379 (0.790200 + 0.079179),0.857543 (0.778500 + 0.079043),0.859324 (0.780300 + 0.079024),0.859779 (0.780300 + 0.079479),0.862691 (0.783000 + 0.079691),0.849298 (0.770400 + 0.078898),0.855929 (0.776700 + 0.079229),0.860317 (0.781200 + 0.079117),0.868274 (0.789300 + 0.078974),0.857668 (0.778500 + 0.079168),0.863293 (0.783900 + 0.079393),0.868855 (0.790200 + 0.078655),0.861448 (0.782100 + 0.079348),0.869202 (0.789300 + 0.079902),0.858733 (0.780300 + 0.078433),0.856305 (0.776700 + 0.079605),0.863293 (0.783900 + 0.079393),0.860354 (0.781200 + 0.079154),0.856930 (0.777600 + 0.079330)
66,0.879549 (0.800100 + 0.079449),0.863120 (0.783900 + 0.079220),0.863130 (0.783900 + 0.079230),0.856917 (0.777600 + 0.079317),0.850545 (0.771300 + 0.079245),0.852678 (0.773100 + 0.079578),0.871910 (0.792000 + 0.079910),0.865043 (0.785700 + 0.079343),0.874328 (0.794700 + 0.079628),0.868876 (0.789300 + 0.079576),0.870578 (0.792000 + 0.078578),0.860320 (0.781200 + 0.079120),0.857936 (0.778500 + 0.079436),0.864526 (0.785700 + 0.078826),0.860886 (0.781200 + 0.079686),0.856347 (0.776700 + 0.079647),0.872211 (0.792900 + 0.079311),0.853887 (0.774900 + 0.078987),0.864934 (0.785700 + 0.079234),0.865324 (0.785700 + 0.079624),0.870065 (0.791100 + 0.078965),0.860456 (0.781200 + 0.079256),0.862403 (0.783000 + 0.079403),0.869548 (0.790200 + 0.079348),0.856765 (0.777600 + 0.079165),0.874394 (0.794700 + 0.079694),0.862382 (0.783000 + 0.079382),0.862761 (0.783900 + 0.078862),0.847575 (0.768600 + 0.078976),0.863192 (0.783900 + 0.079292),0.851957 (0.773100 + 0.078857),0.868849 (0.790200 + 0.078649),0.853250 (0.774000 + 0.079250),0.854613 (0.774900 + 0.079713),0.852524 (0.774000 + 0.078524),0.863548 (0.783900 + 0.079648),0.867620 (0.788400 + 0.079220),0.868251 (0.788400 + 0.079851),0.872496 (0.792900 + 0.079596),0.861439 (0.782100 + 0.079339),0.855925 (0.776700 + 0.079225),0.858733 (0.780300 + 0.078433),0.858733 (0.780300 + 0.078433),0.857843 (0.778500 + 0.079343),0.871329 (0.792000 + 0.079329),0.866895 (0.787500 + 0.079395),0.872984 (0.793800 + 0.079184),0.858203 (0.778500 + 0.079703),0.867572 (0.788400 + 0.079172),0.864481 (0.785700 + 0.078781),0.861830 (0.782100 + 0.079730),0.858176 (0.778500 + 0.079676),0.856797 (0.777600 + 0.079197),0.860254 (0.781200 + 0.079054),0.856196 (0.777600 + 0.078596),0.858598 (0.779400 + 0.079198),0.854757 (0.775800 + 0.078957),0.865982 (0.786600 + 0.079382),0.866687 (0.787500 + 0.079187),0.870516 (0.791100 + 0.079416),0.862655 (0.783000 + 0.079655),0.867553 (0.788400 + 0.079154),0.870532 (0.791100 + 0.079432),0.859393 (0.780300 + 0.079093),0.864230 (0.784800 + 0.079430),0.865439 (0.785700 + 0.079739),0.872298 (0.792900 + 0.079398),0.856730 (0.777600 + 0.079130),0.856930 (0.777600 + 0.079330),0.857173 (0.778500 + 0.078673),0.863803 (0.784800 + 0.079003),0.873163 (0.793800 + 0.079363),0.857394 (0.777600 + 0.079794),0.869715 (0.790200 + 0.079515),0.858861 (0.779400 + 0.079461),0.855498 (0.775800 + 0.079698),0.855970 (0.776700 + 0.079270),0.867471 (0.787500 + 0.079971),0.858818 (0.779400 + 0.079418),0.872148 (0.792900 + 0.079248),0.869939 (0.790200 + 0.079739),0.859498 (0.780300 + 0.079198),0.857720 (0.778500 + 0.079220),0.871283 (0.792000 + 0.079283),0.859116 (0.779400 + 0.079716),0.852795 (0.774000 + 0.078795),0.858702 (0.779400 + 0.079302),0.868019 (0.788400 + 0.079619),0.857543 (0.778500 + 0.079043),0.855154 (0.776700 + 0.078454),0.865062 (0.785700 + 0.079362),0.858614 (0.779400 + 0.079214),0.860342 (0.781200 + 0.079142),0.854983 (0.775800 + 0.079183),0.863075 (0.783900 + 0.079175),0.853301 (0.774000 + 0.079301),0.859532 (0.780300 + 0.079232),0.851817 (0.772200 + 0.079617),0.870625 (0.792000 + 0.078625),0.861510 (0.782100 + 0.079410)
67,0.879549 (0.800100 + 0.079449),0.865792 (0.786600 + 0.079192),0.865602 (0.786600 + 0.079002),0.863477 (0.783900 + 0.079577),0.865751 (0.786600 + 0.079151),0.863516 (0.783900 + 0.079616),0.858598 (0.779400 + 0.079198),0.869240 (0.790200 + 0.079040),0.857587 (0.778500 + 0.079088),0.869633 (0.790200 + 0.079433),0.874643 (0.795600 + 0.079043),0.859715 (0.780300 + 0.079416),0.869027 (0.789300 + 0.079727),0.863803 (0.784800 + 0.079003),0.860251 (0.780300 + 0.079951),0.872984 (0.793800 + 0.079184),0.858729 (0.779400 + 0.079329),0.868742 (0.789300 + 0.079442),0.862788 (0.783000 + 0.079788),0.866625 (0.788400 + 0.078226),0.857046 (0.778500 + 0.078546),0.872681 (0.792900 + 0.079781),0.862547 (0.783000 + 0.079547),0.871283 (0.792000 + 0.079283),0.865255 (0.786600 + 0.078655),0.860870 (0.781200 + 0.079670),0.859690 (0.780300 + 0.079390),0.860254 (0.781200 + 0.079054),0.860254 (0.781200 + 0.079054),0.876909 (0.797400 + 0.079509),0.862233 (0.783000 + 0.079233),0.856620 (0.777600 + 0.079020),0.861739 (0.783000 + 0.078739),0.863656 (0.783900 + 0.079756),0.867525 (0.788400 + 0.079125),0.866019 (0.787500 + 0.078519),0.861185 (0.782100 + 0.079085),0.863116 (0.783900 + 0.079216),0.864889 (0.785700 + 0.079189),0.857770 (0.778500 + 0.079270),0.855952 (0.776700 + 0.079252),0.853705 (0.774900 + 0.078805),0.858874 (0.779400 + 0.079474),0.862728 (0.783900 + 0.078828),0.858203 (0.779400 + 0.078803),0.862382 (0.783000 + 0.079382),0.862363 (0.783000 + 0.079363),0.859259 (0.780300 + 0.078959),0.864481 (0.784800 + 0.079681),0.866574 (0.787500 + 0.079074),0.853861 (0.774900 + 0.078961),0.870770 (0.792000 + 0.078770),0.863036 (0.783900 + 0.079136),0.859074 (0.779400 + 0.079674),0.870735 (0.791100 + 0.079635),0.864171 (0.784800 + 0.079371),0.861369 (0.782100 + 0.079269),0.861308 (0.782100 + 0.079208),0.870755 (0.791100 + 0.079655),0.865112 (0.785700 + 0.079412),0.862274 (0.783000 + 0.079274),0.873673 (0.793800 + 0.079873),0.865841 (0.786600 + 0.079241),0.861392 (0.782100 + 0.079292),0.859657 (0.780300 + 0.079357),0.870532 (0.791100 + 0.079432),0.862761 (0.783900 + 0.078862),0.865547 (0.786600 + 0.078947),0.873304 (0.793800 + 0.079504),0.860663 (0.781200 + 0.079463),0.859611 (0.780300 + 0.079311),0.868085 (0.788400 + 0.079685),0.866209 (0.786600 + 0.079609),0.854549 (0.774900 + 0.079649),0.873147 (0.793800 + 0.079347),0.862068 (0.783000 + 0.079068),0.855179 (0.775800 + 0.079379),0.856597 (0.777600 + 0.078997),0.857866 (0.778500 + 0.079366),0.863256 (0.783900 + 0.079356),0.864695 (0.784800 + 0.079895),0.853384 (0.774000 + 0.079384),0.855424 (0.775800 + 0.079624),0.865982 (0.786600 + 0.079382),0.865982 (0.786600 + 0.079382),0.868781 (0.789300 + 0.079481),0.867042 (0.787500 + 0.079542),0.863105 (0.783900 + 0.079205),0.865954 (0.786600 + 0.079354),0.866330 (0.786600 + 0.079730),0.861893 (0.783000 + 0.078893),0.859529 (0.780300 + 0.079229),0.857559 (0.778500 + 0.079059),0.850350 (0.771300 + 0.079051),0.858702 (0.779400 + 0.079302),0.867047 (0.787500 + 0.079547),0.860715 (0.781200 + 0.079515),0.857525 (0.778500 + 0.079025),0.864846 (0.785700 + 0.079146),0.870625 (0.792000 + 0.078625)
68,0.879549 (0.800100 + 0.079449),0.860431 (0.781200 + 0.079232),0.867047 (0.787500 + 0.079547),0.868959 (0.789300 + 0.079659),0.857910 (0.779400 + 0.078510),0.858838 (0.779400 + 0.079438),0.870817 (0.791100 + 0.079717),0.864353 (0.784800 + 0.079553),0.874979 (0.795600 + 0.079379),0.863660 (0.784800 + 0.078860),0.861475 (0.782100 + 0.079375),0.870599 (0.791100 + 0.079499),0.845530 (0.766800 + 0.078730),0.863149 (0.783900 + 0.079249),0.859659 (0.780300 + 0.079359),0.865525 (0.786600 + 0.078925),0.862728 (0.783900 + 0.078828),0.865982 (0.786600 + 0.079382),0.865982 (0.786600 + 0.079382),0.859219 (0.780300 + 0.078919),0.866636 (0.787500 + 0.079136),0.870167 (0.791100 + 0.079067),0.872685 (0.792900 + 0.079785),0.860434 (0.781200 + 0.079234),0.850840 (0.772200 + 0.078640),0.856494 (0.777600 + 0.078894),0.848876 (0.769500 + 0.079376),0.873304 (0.793800 + 0.079504),0.873147 (0.793800 + 0.079347),0.871221 (0.792000 + 0.079221),0.873239 (0.793800 + 0.079439),0.863719 (0.783900 + 0.079819),0.868026 (0.788400 + 0.079626),0.865768 (0.786600 + 0.079168),0.856964 (0.777600 + 0.079364),0.854448 (0.774900 + 0.079548),0.858754 (0.779400 + 0.079354),0.865268 (0.785700 + 0.079567),0.853326 (0.774000 + 0.079326),0.862333 (0.783000 + 0.079333),0.863030 (0.784800 + 0.078230),0.853579 (0.774900 + 0.078679),0.867047 (0.787500 + 0.079547),0.872984 (0.793800 + 0.079184),0.863803 (0.784800 + 0.079003),0.864019 (0.784800 + 0.079219),0.855067 (0.775800 + 0.079267),0.869064 (0.789300 + 0.079764),0.866385 (0.786600 + 0.079785),0.848973 (0.769500 + 0.079473),0.861110 (0.781200 + 0.079910),0.853407 (0.774000 + 0.079407),0.854280 (0.774900 + 0.079380),0.879549 (0.800100 + 0.079449),0.860715 (0.781200 + 0.079515),0.866625 (0.788400 + 0.078226),0.865255 (0.786600 + 0.078655),0.863646 (0.784800 + 0.078846),0.864574 (0.785700 + 0.078874),0.866445 (0.786600 + 0.079845),0.858033 (0.778500 + 0.079533),0.866087 (0.786600 + 0.079487),0.864005 (0.784800 + 0.079205),0.862549 (0.783000 + 0.079549),0.859379 (0.780300 + 0.079079),0.865280 (0.786600 + 0.078680),0.860201 (0.780300 + 0.079901),0.858128 (0.778500 + 0.079628),0.871882 (0.792900 + 0.078982),0.869675 (0.790200 + 0.079475),0.855508 (0.776700 + 0.078808),0.857055 (0.777600 + 0.079455),0.871619 (0.792000 + 0.079619),0.852821 (0.774000 + 0.078821),0.865298 (0.786600 + 0.078698),0.871654 (0.792900 + 0.078754),0.861810 (0.782100 + 0.079710),0.871185 (0.792000 + 0.079185),0.860965 (0.781200 + 0.079765),0.871723 (0.792000 + 0.079723),0.849594 (0.770400 + 0.079194),0.858439 (0.779400 + 0.079039),0.861502 (0.782100 + 0.079402),0.865218 (0.785700 + 0.079518),0.866881 (0.787500 + 0.079381),0.857843 (0.778500 + 0.079343),0.866356 (0.786600 + 0.079756),0.871283 (0.792000 + 0.079283),0.860715 (0.781200 + 0.079515),0.858642 (0.779400 + 0.079242),0.864047 (0.784800 + 0.079247),0.867917 (0.788400 + 0.079517),0.864738 (0.785700 + 0.079038),0.872681 (0.792900 + 0.079781),0.868742 (0.789300 + 0.079442),0.859122 (0.779400 + 0.079722),0.865928 (0.786600 + 0.079328),0.869240 (0.790200 + 0.079040),0.862068 (0.783000 + 0.079068),0.853792 (0.774900 + 0.078892)
69,0.879549 (0.800100 + 0.079449),0.862991 (0.783900 + 0.079091),0.857084 (0.778500 + 0.078584),0.862182 (0.783000 + 0.079182),0.862393 (0.783000 + 0.079393),0.870784 (0.791100 + 0.079684),0.859886 (0.781200 + 0.078686),0.851334 (0.773100 + 0.078234),0.865954 (0.786600 + 0.079354),0.854325 (0.774900 + 0.079425),0.860648 (0.781200 + 0.079448),0.859098 (0.780300 + 0.078798),0.874428 (0.794700 + 0.079728),0.854353 (0.774900 + 0.079453),0.859342 (0.780300 + 0.079042),0.856271 (0.776700 + 0.079571),0.861662 (0.782100 + 0.079562),0.860658 (0.781200 + 0.079458),0.859707 (0.780300 + 0.079407),0.867866 (0.788400 + 0.079466),0.857886 (0.778500 + 0.079386),0.860485 (0.781200 + 0.079286),0.866880 (0.787500 + 0.079380),0.866699 (0.787500 + 0.079199),0.868032 (0.788400 + 0.079632),0.866219 (0.787500 + 0.078719),0.857860 (0.778500 + 0.079360),0.862472 (0.783000 + 0.079472),0.855350 (0.776700 + 0.078650),0.871349 (0.792000 + 0.079349),0.855631 (0.776700 + 0.078931),0.871726 (0.792000 + 0.079726),0.857312 (0.778500 + 0.078812),0.850562 (0.771300 + 0.079262),0.874127 (0.794700 + 0.079427),0.860581 (0.781200 + 0.079381),0.864277 (0.784800 + 0.079477),0.859727 (0.780300 + 0.079427),0.866155 (0.786600 + 0.079555),0.872124 (0.792900 + 0.079224),0.847686 (0.768600 + 0.079086),0.862394 (0.783900 + 0.078494),0.862924 (0.783000 + 0.079924),0.857165 (0.777600 + 0.079565),0.862259 (0.783000 + 0.079259),0.867755 (0.788400 + 0.079355),0.865156 (0.785700 + 0.079456),0.865455 (0.785700 + 0.079755),0.855041 (0.775800 + 0.079241),0.866977 (0.787500 + 0.079477),0.871265 (0.792000 + 0.079265),0.872984 (0.793800 + 0.079184),0.858033 (0.778500 + 0.079533),0.866761 (0.787500 + 0.079261),0.867367 (0.787500 + 0.079867),0.861163 (0.782100 + 0.079063),0.871283 (0.792000 + 0.079283),0.869687 (0.790200 + 0.079487),0.862515 (0.783000 + 0.079515),0.869064 (0.789300 + 0.079764),0.855027 (0.775800 + 0.079228),0.867535 (0.788400 + 0.079135),0.858476 (0.779400 + 0.079076),0.865436 (0.786600 + 0.078836),0.861822 (0.782100 + 0.079722),0.872258 (0.792900 + 0.079359),0.852499 (0.773100 + 0.079399),0.869729 (0.790200 + 0.079529),0.865547 (0.786600 + 0.078947),0.849849 (0.770400 + 0.079449),0.859491 (0.780300 + 0.079191),0.866315 (0.787500 + 0.078815),0.864717 (0.785700 + 0.079017),0.861282 (0.782100 + 0.079182),0.864335 (0.784800 + 0.079535),0.858812 (0.780300 + 0.078512),0.865073 (0.785700 + 0.079373),0.850873 (0.772200 + 0.078673),0.865602 (0.786600 + 0.079002),0.872347 (0.792900 + 0.079447),0.855362 (0.775800 + 0.079562),0.855363 (0.776700 + 0.078663),0.860663 (0.781200 + 0.079463),0.871221 (0.792000 + 0.079221),0.860241 (0.781200 + 0.079041),0.864516 (0.784800 + 0.079716),0.870489 (0.791100 + 0.079389),0.857317 (0.778500 + 0.078817),0.868681 (0.789300 + 0.079381),0.874486 (0.794700 + 0.079786),0.862113 (0.783000 + 0.079113),0.860899 (0.781200 + 0.079699),0.864788 (0.785700 + 0.079088),0.864043 (0.784800 + 0.079243),0.863487 (0.783900 + 0.079587),0.862230 (0.783000 + 0.079230),0.855112 (0.775800 + 0.079312),0.875124 (0.795600 + 0.079524),0.856773 (0.777600 + 0.079173),0.859464 (0.780300 + 0.079164)
70,0.879549 (0.800100 + 0.079449),0.863562 (0.784800 + 0.078762),0.860465 (0.781200 + 0.079265),0.869687 (0.790200 + 0.079487),0.869687 (0.790200 + 0.079487),0.869675 (0.790200 + 0.079475),0.869132 (0.790200 + 0.078932),0.869245 (0.790200 + 0.079045),0.868255 (0.789300 + 0.078955),0.867426 (0.788400 + 0.079025),0.868933 (0.789300 + 0.079633),0.867835 (0.788400 + 0.079435),0.851278 (0.772200 + 0.079078),0.865989 (0.786600 + 0.079389),0.861671 (0.782100 + 0.079571),0.857094 (0.777600 + 0.079494),0.861005 (0.781200 + 0.079805),0.853526 (0.774900 + 0.078626),0.863842 (0.783900 + 0.079942),0.863402 (0.783900 + 0.079502),0.856942 (0.777600 + 0.079342),0.870160 (0.791100 + 0.079060),0.866169 (0.786600 + 0.079569),0.861205 (0.782100 + 0.079105),0.873933 (0.794700 + 0.079233),0.860016 (0.780300 + 0.079716),0.867705 (0.788400 + 0.079305),0.868032 (0.788400 + 0.079632),0.868032 (0.788400 + 0.079632),0.868971 (0.789300 + 0.079671),0.866039 (0.786600 + 0.079438),0.861544 (0.782100 + 0.079444),0.852749 (0.774000 + 0.078749),0.866841 (0.787500 + 0.079341),0.868724 (0.789300 + 0.079424),0.867114 (0.787500 + 0.079614),0.854976 (0.775800 + 0.079176),0.864880 (0.785700 + 0.079180),0.861680 (0.782100 + 0.079580),0.860535 (0.781200 + 0.079335),0.856552 (0.777600 + 0.078952),0.873169 (0.793800 + 0.079369),0.877262 (0.797400 + 0.079863),0.863566 (0.783900 + 0.079666),0.864663 (0.785700 + 0.078963),0.862737 (0.783900 + 0.078837),0.856797 (0.777600 + 0.079197),0.863984 (0.784800 + 0.079184),0.865838 (0.786600 + 0.079238),0.860581 (0.781200 + 0.079381),0.854396 (0.774900 + 0.079496),0.868748 (0.789300 + 0.079448),0.874067 (0.794700 + 0.079367),0.861822 (0.782100 + 0.079722),0.859727 (0.780300 + 0.079427),0.862094 (0.783000 + 0.079094),0.863615 (0.784800 + 0.078815),0.842407 (0.763200 + 0.079207),0.872508 (0.792900 + 0.079608),0.857271 (0.778500 + 0.078771),0.862679 (0.783900 + 0.078779),0.855398 (0.775800 + 0.079598),0.854031 (0.774900 + 0.079131),0.867755 (0.788400 + 0.079355),0.865073 (0.785700 + 0.079373),0.847774 (0.768600 + 0.079174),0.876838 (0.797400 + 0.079438),0.874428 (0.794700 + 0.079728),0.872124 (0.792900 + 0.079224),0.859249 (0.780300 + 0.078949),0.858245 (0.778500 + 0.079745),0.866716 (0.787500 + 0.079216),0.869730 (0.790200 + 0.079530),0.872287 (0.792900 + 0.079387),0.867061 (0.787500 + 0.079561),0.874340 (0.794700 + 0.079640),0.864475 (0.784800 + 0.079676),0.859544 (0.780300 + 0.079244),0.856932 (0.777600 + 0.079332),0.860127 (0.781200 + 0.078927),0.864337 (0.784800 + 0.079537),0.861570 (0.782100 + 0.079470),0.860255 (0.781200 + 0.079055),0.858882 (0.779400 + 0.079482),0.862377 (0.783000 + 0.079377),0.870296 (0.791100 + 0.079196),0.854082 (0.774900 + 0.079182),0.861463 (0.782100 + 0.079363),0.848634 (0.769500 + 0.079134),0.865547 (0.786600 + 0.078947),0.866699 (0.787500 + 0.079199),0.849764 (0.770400 + 0.079364),0.873219 (0.793800 + 0.079419),0.871160 (0.792000 + 0.079160),0.864352 (0.784800 + 0.079552),0.861407 (0.782100 + 0.079307),0.855636 (0.775800 + 0.079836),0.858472 (0.779400 + 0.079072),0.856410 (0.776700 + 0.079710),0.857375 (0.778500 + 0.078875)
71,0.879549 (0.800100 + 0.079449),0.865195 (0.785700 + 0.079495),0.866950 (0.787500 + 0.079450),0.872946 (0.793800 + 0.079146),0.860167 (0.780300 + 0.079867),0.859057 (0.779400 + 0.079657),0.850045 (0.771300 + 0.078745),0.880795 (0.801000 + 0.079795),0.869201 (0.790200 + 0.079001),0.857021 (0.777600 + 0.079421),0.859557 (0.780300 + 0.079257),0.870122 (0.791100 + 0.079022),0.858400 (0.779400 + 0.079000),0.853171 (0.774000 + 0.079171),0.854577 (0.774900 + 0.079677),0.861951 (0.782100 + 0.079851),0.858737 (0.779400 + 0.079337),0.864352 (0.784800 + 0.079552),0.865137 (0.785700 + 0.079437),0.862906 (0.783900 + 0.079006),0.868985 (0.789300 + 0.079686),0.865919 (0.786600 + 0.079319),0.854778 (0.775800 + 0.078978),0.872287 (0.792900 + 0.079387),0.861570 (0.782100 + 0.079470),0.864978 (0.785700 + 0.079278),0.867928 (0.788400 + 0.079528),0.870171 (0.791100 + 0.079071),0.862313 (0.783000 + 0.079313),0.862904 (0.783900 + 0.079004),0.857284 (0.778500 + 0.078784),0.870670 (0.791100 + 0.079570),0.860727 (0.781200 + 0.079527),0.851242 (0.772200 + 0.079042),0.860221 (0.781200 + 0.079021),0.866086 (0.786600 + 0.079486),0.857455 (0.778500 + 0.078955),0.877817 (0.798300 + 0.079517),0.867575 (0.788400 + 0.079175),0.858695 (0.779400 + 0.079295),0.866927 (0.787500 + 0.079427),0.858162 (0.779400 + 0.078762),0.856059 (0.776700 + 0.079359),0.865307 (0.785700 + 0.079607),0.875304 (0.795600 + 0.079704),0.861169 (0.782100 + 0.079069),0.871290 (0.792000 + 0.079290),0.857852 (0.778500 + 0.079352),0.854966 (0.775800 + 0.079166),0.865497 (0.785700 + 0.079797),0.870505 (0.791100 + 0.079405),0.849898 (0.770400 + 0.079498),0.879549 (0.800100 + 0.079449),0.860255 (0.781200 + 0.079055),0.861205 (0.782100 + 0.079105),0.865613 (0.786600 + 0.079013),0.863868 (0.784800 + 0.079068),0.869132 (0.790200 + 0.078932),0.868748 (0.789300 + 0.079448),0.868748 (0.789300 + 0.079448),0.865989 (0.786600 + 0.079389),0.873191 (0.793800 + 0.079391),0.858559 (0.779400 + 0.079159),0.868765 (0.789300 + 0.079465),0.867759 (0.788400 + 0.079359),0.874367 (0.794700 + 0.079667),0.860074 (0.781200 + 0.078874),0.839650 (0.760500 + 0.079150),0.868146 (0.788400 + 0.079746),0.872425 (0.792900 + 0.079525),0.865842 (0.786600 + 0.079242),0.867700 (0.788400 + 0.079300),0.863170 (0.783900 + 0.079270),0.860479 (0.781200 + 0.079279),0.866259 (0.786600 + 0.079659),0.862462 (0.783000 + 0.079462),0.865287 (0.785700 + 0.079586),0.860438 (0.781200 + 0.079238),0.860095 (0.780300 + 0.079795),0.858396 (0.779400 + 0.078996),0.861979 (0.783000 + 0.078979),0.859930 (0.781200 + 0.078730),0.865784 (0.786600 + 0.079184),0.867917 (0.788400 + 0.079517),0.874245 (0.794700 + 0.079545),0.864287 (0.784800 + 0.079488),0.854646 (0.774900 + 0.079746),0.861851 (0.782100 + 0.079751),0.873011 (0.793800 + 0.079211),0.864818 (0.785700 + 0.079118),0.859442 (0.780300 + 0.079142),0.863186 (0.783900 + 0.079286),0.859927 (0.780300 + 0.079627),0.865596 (0.786600 + 0.078996),0.858053 (0.778500 + 0.079553),0.855791 (0.776700 + 0.079091),0.860734 (0.781200 + 0.079534),0.860262 (0.781200 + 0.079062),0.864880 (0.785700 + 0.079180),0.862050 (0.783000 + 0.079050)
72,0.880795 (0.801000 + 0.079795),0.863218 (0.783900 + 0.079318),0.865989 (0.786600 + 0.079389),0.858923 (0.780300 + 0.078623),0.865053 (0.785700 + 0.079353),0.863028 (0.783900 + 0.079128),0.865910 (0.786600 + 0.079310),0.863871 (0.784800 + 0.079071),0.859529 (0.780300 + 0.079229),0.856074 (0.776700 + 0.079374),0.866938 (0.787500 + 0.079438),0.873191 (0.793800 + 0.079391),0.866927 (0.787500 + 0.079427),0.860103 (0.781200 + 0.078903),0.871510 (0.792000 + 0.079510),0.860037 (0.780300 + 0.079737),0.851224 (0.772200 + 0.079024),0.870403 (0.791100 + 0.079303),0.864269 (0.784800 + 0.079469),0.860367 (0.781200 + 0.079167),0.859427 (0.780300 + 0.079127),0.862615 (0.783000 + 0.079615),0.868739 (0.789300 + 0.079439),0.869467 (0.790200 + 0.079267),0.868771 (0.789300 + 0.079471),0.852667 (0.773100 + 0.079567),0.874367 (0.794700 + 0.079667),0.853946 (0.774900 + 0.079046),0.856564 (0.777600 + 0.078964),0.869605 (0.790200 + 0.079405),0.861753 (0.782100 + 0.079653),0.849802 (0.770400 + 0.079402),0.860569 (0.781200 + 0.079369),0.869775 (0.790200 + 0.079575),0.869592 (0.790200 + 0.079392),0.844825 (0.765900 + 0.078925),0.859749 (0.780300 + 0.079449),0.860729 (0.781200 + 0.079529),0.853356 (0.774000 + 0.079356),0.865287 (0.785700 + 0.079586),0.862050 (0.783000 + 0.079050),0.864771 (0.785700 + 0.079071),0.863269 (0.783900 + 0.079369),0.861726 (0.782100 + 0.079626),0.864092 (0.784800 + 0.079292),0.855180 (0.775800 + 0.079380),0.864294 (0.784800 + 0.079494),0.862050 (0.783000 + 0.079050),0.860734 (0.781200 + 0.079534),0.869635 (0.790200 + 0.079435),0.864161 (0.784800 + 0.079361),0.862382 (0.783000 + 0.079382),0.867114 (0.787500 + 0.079614),0.864993 (0.785700 + 0.079293),0.844121 (0.765000 + 0.079121),0.865211 (0.785700 + 0.079511),0.865792 (0.786600 + 0.079192),0.875115 (0.795600 + 0.079515),0.857038 (0.777600 + 0.079438),0.847538 (0.768600 + 0.078938),0.870108 (0.791100 + 0.079008),0.862284 (0.783000 + 0.079284),0.866968 (0.787500 + 0.079468),0.865101 (0.785700 + 0.079401),0.861102 (0.782100 + 0.079002),0.868748 (0.789300 + 0.079448),0.856325 (0.776700 + 0.079625),0.856009 (0.776700 + 0.079309),0.859838 (0.780300 + 0.079538),0.867898 (0.788400 + 0.079498),0.870740 (0.791100 + 0.079640),0.868012 (0.788400 + 0.079612),0.865001 (0.785700 + 0.079301),0.869490 (0.790200 + 0.079290),0.862073 (0.783000 + 0.079073),0.873011 (0.793800 + 0.079211),0.861951 (0.782100 + 0.079851),0.864663 (0.785700 + 0.078963),0.858072 (0.778500 + 0.079572),0.871408 (0.792000 + 0.079408),0.863203 (0.783900 + 0.079303),0.858485 (0.779400 + 0.079085),0.863225 (0.783900 + 0.079325),0.866259 (0.786600 + 0.079659),0.865919 (0.786600 + 0.079319),0.865910 (0.786600 + 0.079310),0.874021 (0.794700 + 0.079321),0.872437 (0.792900 + 0.079537),0.866877 (0.787500 + 0.079377),0.862621 (0.783000 + 0.079621),0.872452 (0.792900 + 0.079552),0.870183 (0.791100 + 0.079083),0.863948 (0.784800 + 0.079149),0.864774 (0.785700 + 0.079074),0.873823 (0.794700 + 0.079123),0.867801 (0.788400 + 0.079401),0.854898 (0.775800 + 0.079098),0.864019 (0.784800 + 0.079219),0.872087 (0.792900 + 0.079187),0.862260 (0.783000 + 0.079260)
73,0.880795 (0.801000 + 0.079795),0.864461 (0.784800 + 0.079661),0.858570 (0.779400 + 0.079170),0.872446 (0.792900 + 0.079546),0.861600 (0.782100 + 0.079500),0.868654 (0.789300 + 0.079354),0.866944 (0.787500 + 0.079444),0.856050 (0.776700 + 0.079350),0.880795 (0.801000 + 0.079795),0.846491 (0.767700 + 0.078791),0.868891 (0.789300 + 0.079591),0.866558 (0.787500 + 0.079058),0.854379 (0.774900 + 0.079479),0.869396 (0.790200 + 0.079196),0.880692 (0.801000 + 0.079692),0.863159 (0.783900 + 0.079259),0.866739 (0.787500 + 0.079239),0.857984 (0.778500 + 0.079484),0.871212 (0.792000 + 0.079212),0.856893 (0.777600 + 0.079293),0.863269 (0.783900 + 0.079369),0.871510 (0.792000 + 0.079510),0.866968 (0.787500 + 0.079468),0.878089 (0.798300 + 0.079789),0.868742 (0.789300 + 0.079442),0.859125 (0.779400 + 0.079725),0.853322 (0.774000 + 0.079322),0.866006 (0.786600 + 0.079406),0.853484 (0.774000 + 0.079484),0.865788 (0.786600 + 0.079188),0.867111 (0.787500 + 0.079611),0.873306 (0.793800 + 0.079506),0.863063 (0.783900 + 0.079163),0.870019 (0.790200 + 0.079819),0.870459 (0.791100 + 0.079359),0.865228 (0.785700 + 0.079528),0.873565 (0.793800 + 0.079765),0.849335 (0.770400 + 0.078935),0.861380 (0.782100 + 0.079280),0.862540 (0.783000 + 0.079540),0.868500 (0.789300 + 0.079200),0.861841 (0.782100 + 0.079741),0.863609 (0.783900 + 0.079709),0.874021 (0.794700 + 0.079321),0.865001 (0.785700 + 0.079301),0.861960 (0.783000 + 0.078960),0.870183 (0.791100 + 0.079083),0.855952 (0.776700 + 0.079252),0.862646 (0.783000 + 0.079646),0.869403 (0.790200 + 0.079203),0.862745 (0.783000 + 0.079745),0.863489 (0.783900 + 0.079589),0.866023 (0.786600 + 0.079423),0.860723 (0.781200 + 0.079523),0.867076 (0.787500 + 0.079576),0.870411 (0.791100 + 0.079312),0.863120 (0.783900 + 0.079220),0.868760 (0.789300 + 0.079460),0.856920 (0.777600 + 0.079320),0.857131 (0.777600 + 0.079531),0.863130 (0.783900 + 0.079230),0.855206 (0.775800 + 0.079406),0.867008 (0.787500 + 0.079508),0.879549 (0.800100 + 0.079449),0.850687 (0.771300 + 0.079387),0.857115 (0.777600 + 0.079515),0.863300 (0.783900 + 0.079400),0.866796 (0.787500 + 0.079296),0.863217 (0.783900 + 0.079317),0.867695 (0.788400 + 0.079295),0.857576 (0.777600 + 0.079976),0.861501 (0.782100 + 0.079401),0.863251 (0.783900 + 0.079351),0.858815 (0.779400 + 0.079415),0.865214 (0.785700 + 0.079514),0.870453 (0.791100 + 0.079353),0.863356 (0.783900 + 0.079456),0.875735 (0.796500 + 0.079235),0.861281 (0.782100 + 0.079181),0.865201 (0.785700 + 0.079501),0.859016 (0.779400 + 0.079616),0.859723 (0.780300 + 0.079423),0.856046 (0.776700 + 0.079346),0.858407 (0.779400 + 0.079007),0.854610 (0.774900 + 0.079710),0.860365 (0.781200 + 0.079165),0.867917 (0.788400 + 0.079517),0.864160 (0.784800 + 0.079360),0.863397 (0.783900 + 0.079497),0.856602 (0.777600 + 0.079002),0.860580 (0.781200 + 0.079380),0.858253 (0.778500 + 0.079753),0.861384 (0.782100 + 0.079284),0.857193 (0.777600 + 0.079593),0.864177 (0.784800 + 0.079377),0.865116 (0.785700 + 0.079416),0.865250 (0.785700 + 0.079550),0.866023 (0.786600 + 0.079423),0.868706 (0.789300 + 0.079406),0.868468 (0.789300 + 0.079168)
74,0.880795 (0.801000 + 0.079795),0.865284 (0.785700 + 0.079584),0.867786 (0.788400 + 0.079386),0.859106 (0.779400 + 0.079706),0.867448 (0.788400 + 0.079048),0.871187 (0.792000 + 0.079187),0.868133 (0.788400 + 0.079733),0.862558 (0.783000 + 0.079558),0.863357 (0.783900 + 0.079457),0.867828 (0.788400 + 0.079428),0.854429 (0.774900 + 0.079529),0.849044 (0.769500 + 0.079544),0.860322 (0.781200 + 0.079122),0.873583 (0.793800 + 0.079783),0.864630 (0.784800 + 0.079831),0.854284 (0.774900 + 0.079384),0.868666 (0.789300 + 0.079366),0.868654 (0.789300 + 0.079354),0.861281 (0.782100 + 0.079181),0.848971 (0.769500 + 0.079471),0.867787 (0.788400 + 0.079387),0.861084 (0.782100 + 0.078984),0.862686 (0.783000 + 0.079686),0.853201 (0.774000 + 0.079201),0.858713 (0.779400 + 0.079313),0.855136 (0.775800 + 0.079336),0.873326 (0.793800 + 0.079526),0.873046 (0.793800 + 0.079246),0.853170 (0.773100 + 0.080070),0.857631 (0.778500 + 0.079131),0.870705 (0.791100 + 0.079605),0.860045 (0.780300 + 0.079745),0.862302 (0.783000 + 0.079302),0.870459 (0.791100 + 0.079359),0.852949 (0.774000 + 0.078949),0.867820 (0.788400 + 0.079420),0.870580 (0.791100 + 0.079480),0.854518 (0.774900 + 0.079618),0.859207 (0.780300 + 0.078907),0.850769 (0.771300 + 0.079469),0.865007 (0.785700 + 0.079307),0.852192 (0.773100 + 0.079092),0.868878 (0.789300 + 0.079579),0.863222 (0.783900 + 0.079322),0.859024 (0.779400 + 0.079624),0.860856 (0.781200 + 0.079656),0.861365 (0.782100 + 0.079265),0.864170 (0.784800 + 0.079370),0.861579 (0.782100 + 0.079479),0.872173 (0.792900 + 0.079273),0.859056 (0.779400 + 0.079656),0.858547 (0.779400 + 0.079147),0.852728 (0.773100 + 0.079628),0.868654 (0.789300 + 0.079354),0.861380 (0.782100 + 0.079280),0.866164 (0.786600 + 0.079564),0.856516 (0.777600 + 0.078916),0.858732 (0.779400 + 0.079332),0.856997 (0.777600 + 0.079397),0.866982 (0.787500 + 0.079482),0.855619 (0.776700 + 0.078919),0.857719 (0.778500 + 0.079219),0.862647 (0.783000 + 0.079647),0.868543 (0.789300 + 0.079243),0.869561 (0.790200 + 0.079361),0.864517 (0.785700 + 0.078817),0.849479 (0.770400 + 0.079079),0.870405 (0.791100 + 0.079305),0.875371 (0.795600 + 0.079771),0.857830 (0.778500 + 0.079330),0.865767 (0.786600 + 0.079167),0.862940 (0.783900 + 0.079040),0.871574 (0.792000 + 0.079574),0.875879 (0.796500 + 0.079379),0.868248 (0.789300 + 0.078948),0.861267 (0.782100 + 0.079167),0.871559 (0.792000 + 0.079559),0.860331 (0.781200 + 0.079131),0.863315 (0.783900 + 0.079415),0.859436 (0.780300 + 0.079136),0.856979 (0.777600 + 0.079379),0.859670 (0.780300 + 0.079370),0.864974 (0.785700 + 0.079274),0.837672 (0.758700 + 0.078972),0.855828 (0.776700 + 0.079128),0.866847 (0.787500 + 0.079347),0.872872 (0.793800 + 0.079072),0.860248 (0.781200 + 0.079048),0.851698 (0.772200 + 0.079498),0.863890 (0.784800 + 0.079090),0.865032 (0.785700 + 0.079332),0.865307 (0.785700 + 0.079607),0.869688 (0.790200 + 0.079488),0.868035 (0.788400 + 0.079635),0.861050 (0.782100 + 0.078950),0.869570 (0.790200 + 0.079370),0.867467 (0.788400 + 0.079067),0.864487 (0.784800 + 0.079687),0.861487 (0.782100 + 0.079387),0.861405 (0.782100 + 0.079305)
75,0.880795 (0.801000 + 0.079795),0.857596 (0.778500 + 0.079096),0.866797 (0.787500 + 0.079297),0.863018 (0.783900 + 0.079118),0.864611 (0.784800 + 0.079811),0.868386 (0.789300 + 0.079086),0.864175 (0.784800 + 0.079376),0.869546 (0.790200 + 0.079346),0.852644 (0.773100 + 0.079544),0.846836 (0.767700 + 0.079136),0.870791 (0.791100 + 0.079691),0.861389 (0.782100 + 0.079289),0.859898 (0.780300 + 0.079598),0.851284 (0.772200 + 0.079084),0.859789 (0.780300 + 0.079489),0.854651 (0.774900 + 0.079751),0.857435 (0.778500 + 0.078935),0.860331 (0.781200 + 0.079131),0.861380 (0.782100 + 0.079280),0.860453 (0.781200 + 0.079253),0.857984 (0.778500 + 0.079484),0.860304 (0.781200 + 0.079104),0.850332 (0.770400 + 0.079932),0.866581 (0.787500 + 0.079081),0.864971 (0.785700 + 0.079271),0.871414 (0.792000 + 0.079414),0.873046 (0.793800 + 0.079246),0.869091 (0.789300 + 0.079791),0.860943 (0.782100 + 0.078843),0.869746 (0.790200 + 0.079546),0.858813 (0.779400 + 0.079413),0.867963 (0.789300 + 0.078663),0.871999 (0.792900 + 0.079099),0.863315 (0.783900 + 0.079415),0.856979 (0.777600 + 0.079379),0.859540 (0.780300 + 0.079240),0.871501 (0.792000 + 0.079501),0.869668 (0.790200 + 0.079468),0.861500 (0.782100 + 0.079400),0.873100 (0.793800 + 0.079300),0.868371 (0.789300 + 0.079071),0.859474 (0.780300 + 0.079174),0.868691 (0.789300 + 0.079391),0.870433 (0.791100 + 0.079333),0.869670 (0.790200 + 0.079470),0.868133 (0.788400 + 0.079733),0.868035 (0.788400 + 0.079635),0.865000 (0.785700 + 0.079300),0.859838 (0.780300 + 0.079538),0.859447 (0.780300 + 0.079147),0.855253 (0.775800 + 0.079453),0.863131 (0.783900 + 0.079231),0.859873 (0.780300 + 0.079573),0.863898 (0.784800 + 0.079098),0.867825 (0.788400 + 0.079425),0.867548 (0.788400 + 0.079148),0.858126 (0.778500 + 0.079627),0.865234 (0.785700 + 0.079534),0.860735 (0.781200 + 0.079535),0.851647 (0.772200 + 0.079447),0.870570 (0.791100 + 0.079471),0.866806 (0.787500 + 0.079306),0.869689 (0.790200 + 0.079489),0.867786 (0.788400 + 0.079386),0.865767 (0.786600 + 0.079167),0.865683 (0.786600 + 0.079083),0.862084 (0.782100 + 0.079984),0.859486 (0.780300 + 0.079186),0.866183 (0.786600 + 0.079583),0.862521 (0.783000 + 0.079521),0.872286 (0.792900 + 0.079386),0.866164 (0.786600 + 0.079564),0.866164 (0.786600 + 0.079564),0.868654 (0.789300 + 0.079354),0.854429 (0.774900 + 0.079529),0.865182 (0.785700 + 0.079482),0.872326 (0.792900 + 0.079426),0.863244 (0.783900 + 0.079344),0.860817 (0.781200 + 0.079617),0.869326 (0.790200 + 0.079126),0.865138 (0.785700 + 0.079438),0.876416 (0.796500 + 0.079916),0.863791 (0.784800 + 0.078991),0.870705 (0.791100 + 0.079605),0.861365 (0.782100 + 0.079265),0.859207 (0.780300 + 0.078907),0.852728 (0.773100 + 0.079628),0.862940 (0.783900 + 0.079040),0.854429 (0.774900 + 0.079529),0.855287 (0.775800 + 0.079487),0.863456 (0.783900 + 0.079556),0.861240 (0.782100 + 0.079140),0.859726 (0.780300 + 0.079426),0.860659 (0.781200 + 0.079460),0.853780 (0.774900 + 0.078880),0.864404 (0.784800 + 0.079604),0.871500 (0.792000 + 0.079500),0.872173 (0.792900 + 0.079273),0.861797 (0.782100 + 0.079697),0.872010 (0.792900 + 0.079110)
76,0.880795 (0.801000 + 0.079795),0.865234 (0.785700 + 0.079534),0.869746 (0.790200 + 0.079546),0.866054 (0.786600 + 0.079454),0.863415 (0.783900 + 0.079516),0.856538 (0.777600 + 0.078938),0.873556 (0.793800 + 0.079756),0.867150 (0.787500 + 0.079651),0.870477 (0.791100 + 0.079377),0.855991 (0.776700 + 0.079291),0.855146 (0.775800 + 0.079346),0.859190 (0.780300 + 0.078890),0.860671 (0.781200 + 0.079471),0.860521 (0.781200 + 0.079321),0.867786 (0.788400 + 0.079386),0.868231 (0.788400 + 0.079831),0.870726 (0.791100 + 0.079626),0.860560 (0.781200 + 0.079360),0.872040 (0.792900 + 0.079140),0.871180 (0.792000 + 0.079180),0.868747 (0.789300 + 0.079447),0.866533 (0.787500 + 0.079033),0.864790 (0.785700 + 0.079090),0.861358 (0.782100 + 0.079258),0.874669 (0.794700 + 0.079969),0.858921 (0.779400 + 0.079521),0.867467 (0.788400 + 0.079067),0.868543 (0.789300 + 0.079243),0.877702 (0.798300 + 0.079402),0.865070 (0.785700 + 0.079370),0.865652 (0.786600 + 0.079052),0.862421 (0.783000 + 0.079421),0.869521 (0.790200 + 0.079321),0.865926 (0.786600 + 0.079326),0.849433 (0.770400 + 0.079033),0.863388 (0.783900 + 0.079488),0.868543 (0.789300 + 0.079243),0.869475 (0.790200 + 0.079275),0.868981 (0.789300 + 0.079681),0.867784 (0.788400 + 0.079384),0.868807 (0.789300 + 0.079507),0.869472 (0.790200 + 0.079272),0.866851 (0.787500 + 0.079351),0.854632 (0.774900 + 0.079732),0.859917 (0.780300 + 0.079617),0.858482 (0.779400 + 0.079082),0.855007 (0.775800 + 0.079207),0.871414 (0.792000 + 0.079414),0.865767 (0.786600 + 0.079167),0.862280 (0.783000 + 0.079280),0.863916 (0.784800 + 0.079117),0.859515 (0.780300 + 0.079215),0.855212 (0.775800 + 0.079412),0.876416 (0.796500 + 0.079916),0.873100 (0.793800 + 0.079300),0.866042 (0.786600 + 0.079442),0.862990 (0.783900 + 0.079090),0.856445 (0.777600 + 0.078845),0.879307 (0.800100 + 0.079207),0.865182 (0.785700 + 0.079482),0.868099 (0.789300 + 0.078799),0.859545 (0.780300 + 0.079245),0.869249 (0.789300 + 0.079949),0.869668 (0.790200 + 0.079468),0.868035 (0.788400 + 0.079635),0.859697 (0.780300 + 0.079397),0.865916 (0.786600 + 0.079316),0.868085 (0.788400 + 0.079685),0.867861 (0.788400 + 0.079461),0.857696 (0.778500 + 0.079196),0.860664 (0.781200 + 0.079465),0.875548 (0.795600 + 0.079948),0.862134 (0.783000 + 0.079134),0.864805 (0.785700 + 0.079105),0.870547 (0.791100 + 0.079447),0.863115 (0.783900 + 0.079215),0.850641 (0.771300 + 0.079342),0.862910 (0.783000 + 0.079910),0.866166 (0.786600 + 0.079566),0.851398 (0.772200 + 0.079198),0.866273 (0.787500 + 0.078773),0.863469 (0.783900 + 0.079569),0.869216 (0.790200 + 0.079016),0.864274 (0.784800 + 0.079474),0.876732 (0.797400 + 0.079332),0.866730 (0.787500 + 0.079230),0.861310 (0.782100 + 0.079210),0.861553 (0.782100 + 0.079453),0.870390 (0.791100 + 0.079290),0.857229 (0.777600 + 0.079629),0.868834 (0.789300 + 0.079534),0.866351 (0.787500 + 0.078851),0.864486 (0.784800 + 0.079686),0.875627 (0.796500 + 0.079127),0.868680 (0.789300 + 0.079380),0.869568 (0.790200 + 0.079368),0.867123 (0.787500 + 0.079623),0.859136 (0.779400 + 0.079736),0.866088 (0.786600 + 0.079488),0.873860 (0.794700 + 0.079160)
77,0.880795 (0.801000 + 0.079795),0.866281 (0.786600 + 0.079681),0.865213 (0.785700 + 0.079513),0.873257 (0.793800 + 0.079457),0.857643 (0.778500 + 0.079143),0.851436 (0.772200 + 0.079236),0.870316 (0.791100 + 0.079216),0.869216 (0.790200 + 0.079016),0.866533 (0.787500 + 0.079033),0.855980 (0.776700 + 0.079280),0.857822 (0.778500 + 0.079322),0.867375 (0.788400 + 0.078975),0.870617 (0.791100 + 0.079517),0.861584 (0.782100 + 0.079484),0.864230 (0.784800 + 0.079430),0.859730 (0.780300 + 0.079430),0.856618 (0.777600 + 0.079018),0.861192 (0.781200 + 0.079992),0.874904 (0.795600 + 0.079304),0.864571 (0.785700 + 0.078871),0.858950 (0.779400 + 0.079550),0.870467 (0.791100 + 0.079368),0.870268 (0.791100 + 0.079168),0.862777 (0.783000 + 0.079777),0.863529 (0.784800 + 0.078729),0.875805 (0.796500 + 0.079305),0.873714 (0.794700 + 0.079014),0.868542 (0.789300 + 0.079242),0.858562 (0.779400 + 0.079162),0.865972 (0.786600 + 0.079372),0.858529 (0.779400 + 0.079129),0.862608 (0.783900 + 0.078708),0.868170 (0.788400 + 0.079770),0.870056 (0.790200 + 0.079856),0.858944 (0.779400 + 0.079544),0.865193 (0.785700 + 0.079493),0.855413 (0.775800 + 0.079613),0.858542 (0.779400 + 0.079142),0.854920 (0.775800 + 0.079120),0.864863 (0.785700 + 0.079163),0.876069 (0.796500 + 0.079569),0.867023 (0.787500 + 0.079523),0.871291 (0.792000 + 0.079291),0.875650 (0.796500 + 0.079150),0.861231 (0.782100 + 0.079131),0.869811 (0.790200 + 0.079611),0.857872 (0.778500 + 0.079372),0.862999 (0.783900 + 0.079099),0.864748 (0.785700 + 0.079048),0.864611 (0.784800 + 0.079811),0.866204 (0.786600 + 0.079604),0.853181 (0.774000 + 0.079181),0.871548 (0.792000 + 0.079548),0.862646 (0.783000 + 0.079646),0.862602 (0.783000 + 0.079602),0.861434 (0.782100 + 0.079334),0.853492 (0.774000 + 0.079492),0.861001 (0.782100 + 0.078901),0.856633 (0.777600 + 0.079033),0.868716 (0.789300 + 0.079416),0.859689 (0.780300 + 0.079389),0.860304 (0.781200 + 0.079104),0.868680 (0.789300 + 0.079380),0.864795 (0.785700 + 0.079095),0.871604 (0.792000 + 0.079604),0.870461 (0.791100 + 0.079361),0.865990 (0.786600 + 0.079390),0.877627 (0.798300 + 0.079327),0.868691 (0.789300 + 0.079391),0.869577 (0.790200 + 0.079377),0.863718 (0.783900 + 0.079819),0.862740 (0.783000 + 0.079739),0.865095 (0.785700 + 0.079395),0.858272 (0.778500 + 0.079772),0.858958 (0.779400 + 0.079558),0.863161 (0.783900 + 0.079261),0.866639 (0.787500 + 0.079139),0.856961 (0.777600 + 0.079361),0.868346 (0.788400 + 0.079946),0.869871 (0.790200 + 0.079671),0.859141 (0.780300 + 0.078841),0.864973 (0.785700 + 0.079273),0.859991 (0.780300 + 0.079691),0.861429 (0.782100 + 0.079329),0.872822 (0.792900 + 0.079923),0.861230 (0.782100 + 0.079130),0.867699 (0.788400 + 0.079299),0.874907 (0.795600 + 0.079307),0.855872 (0.776700 + 0.079172),0.872700 (0.793800 + 0.078900),0.855388 (0.775800 + 0.079588),0.872358 (0.792900 + 0.079458),0.872230 (0.792900 + 0.079330),0.860497 (0.781200 + 0.079297),0.865683 (0.786600 + 0.079083),0.870706 (0.791100 + 0.079606),0.859510 (0.780300 + 0.079210),0.868751 (0.789300 + 0.079451),0.871427 (0.792000 + 0.079427),0.859620 (0.780300 + 0.079320)
78,0.880795 (0.801000 + 0.079795),0.861586 (0.782100 + 0.079486),0.845335 (0.766800 + 0.078535),0.860678 (0.781200 + 0.079478),0.872306 (0.792900 + 0.079406),0.867023 (0.787500 + 0.079523),0.865972 (0.786600 + 0.079372),0.866163 (0.786600 + 0.079563),0.862118 (0.783000 + 0.079118),0.871596 (0.792000 + 0.079596),0.855522 (0.775800 + 0.079722),0.864851 (0.785700 + 0.079151),0.874388 (0.794700 + 0.079688),0.852125 (0.773100 + 0.079025),0.863796 (0.784800 + 0.078996),0.866618 (0.787500 + 0.079118),0.860484 (0.781200 + 0.079284),0.858850 (0.779400 + 0.079450),0.871258 (0.792000 + 0.079258),0.872293 (0.792900 + 0.079393),0.866028 (0.786600 + 0.079428),0.873017 (0.793800 + 0.079217),0.863718 (0.783900 + 0.079819),0.866339 (0.786600 + 0.079739),0.862374 (0.783000 + 0.079374),0.869424 (0.789300 + 0.080124),0.871944 (0.792000 + 0.079944),0.864982 (0.785700 + 0.079282),0.866749 (0.787500 + 0.079249),0.865964 (0.786600 + 0.079364),0.870467 (0.791100 + 0.079368),0.864071 (0.784800 + 0.079271),0.869021 (0.789300 + 0.079721),0.862973 (0.783900 + 0.079073),0.863425 (0.784800 + 0.078625),0.865116 (0.785700 + 0.079416),0.854701 (0.774900 + 0.079801),0.869577 (0.790200 + 0.079377),0.866535 (0.787500 + 0.079035),0.873096 (0.793800 + 0.079296),0.865999 (0.786600 + 0.079399),0.859584 (0.780300 + 0.079284),0.871513 (0.792000 + 0.079513),0.865327 (0.785700 + 0.079627),0.849891 (0.770400 + 0.079491),0.863271 (0.783900 + 0.079371),0.867170 (0.787500 + 0.079670),0.858180 (0.778500 + 0.079680),0.861223 (0.782100 + 0.079123),0.869069 (0.789300 + 0.079769),0.873688 (0.794700 + 0.078988),0.864750 (0.785700 + 0.079050),0.866511 (0.787500 + 0.079011),0.874320 (0.794700 + 0.079620),0.866855 (0.787500 + 0.079355),0.864408 (0.785700 + 0.078708),0.862193 (0.783000 + 0.079193),0.872230 (0.792900 + 0.079330),0.866420 (0.786600 + 0.079820),0.864571 (0.785700 + 0.078871),0.867692 (0.788400 + 0.079292),0.849503 (0.770400 + 0.079103),0.875067 (0.795600 + 0.079467),0.865524 (0.786600 + 0.078924),0.874879 (0.795600 + 0.079279),0.866733 (0.787500 + 0.079233),0.868691 (0.789300 + 0.079391),0.869605 (0.790200 + 0.079405),0.859193 (0.779400 + 0.079793),0.855273 (0.775800 + 0.079473),0.867072 (0.787500 + 0.079572),0.863468 (0.783900 + 0.079568),0.865800 (0.786600 + 0.079200),0.865943 (0.786600 + 0.079343),0.860043 (0.781200 + 0.078843),0.868643 (0.789300 + 0.079343),0.842098 (0.763200 + 0.078898),0.867835 (0.788400 + 0.079435),0.870128 (0.790200 + 0.079928),0.855413 (0.775800 + 0.079613),0.865573 (0.786600 + 0.078973),0.865307 (0.785700 + 0.079607),0.857802 (0.778500 + 0.079302),0.851168 (0.772200 + 0.078968),0.848645 (0.769500 + 0.079145),0.856366 (0.777600 + 0.078766),0.867075 (0.787500 + 0.079575),0.877900 (0.798300 + 0.079600),0.868706 (0.789300 + 0.079406),0.865987 (0.786600 + 0.079387),0.861557 (0.782100 + 0.079457),0.865268 (0.785700 + 0.079568),0.875783 (0.796500 + 0.079283),0.864122 (0.784800 + 0.079322),0.857581 (0.778500 + 0.079081),0.859410 (0.780300 + 0.079110),0.867525 (0.788400 + 0.079125),0.861381 (0.782100 + 0.079281),0.874650 (0.795600 + 0.079050),0.857702 (0.778500 + 0.079202)
79,0.880795 (0.801000 + 0.079795),0.862270 (0.783000 + 0.079270),0.863605 (0.783900 + 0.079705),0.864869 (0.785700 + 0.079169),0.866094 (0.786600 + 0.079494),0.874650 (0.795600 + 0.079050),0.872306 (0.792900 + 0.079406),0.845192 (0.765900 + 0.079292),0.865964 (0.786600 + 0.079364),0.877140 (0.797400 + 0.079740),0.856262 (0.776700 + 0.079562),0.865256 (0.785700 + 0.079556),0.873997 (0.794700 + 0.079297),0.868706 (0.789300 + 0.079406),0.870052 (0.791100 + 0.078952),0.873069 (0.793800 + 0.079269),0.864245 (0.784800 + 0.079445),0.862818 (0.783900 + 0.078918),0.875850 (0.796500 + 0.079350),0.868839 (0.789300 + 0.079539),0.863049 (0.783900 + 0.079149),0.868643 (0.789300 + 0.079343),0.865800 (0.786600 + 0.079200),0.873183 (0.793800 + 0.079383),0.872735 (0.792900 + 0.079835),0.860409 (0.781200 + 0.079209),0.865903 (0.786600 + 0.079304),0.871293 (0.792000 + 0.079293),0.866292 (0.786600 + 0.079692),0.854401 (0.774900 + 0.079502),0.868002 (0.788400 + 0.079602),0.857192 (0.778500 + 0.078692),0.851147 (0.771300 + 0.079847),0.865943 (0.786600 + 0.079343),0.865943 (0.786600 + 0.079343),0.877702 (0.798300 + 0.079402),0.870725 (0.791100 + 0.079625),0.862912 (0.783900 + 0.079012),0.865672 (0.786600 + 0.079072),0.874949 (0.795600 + 0.079349),0.859726 (0.780300 + 0.079426),0.873784 (0.793800 + 0.079984),0.856077 (0.776700 + 0.079377),0.858612 (0.779400 + 0.079212),0.853237 (0.774000 + 0.079237),0.851902 (0.773100 + 0.078802),0.858290 (0.778500 + 0.079790),0.859414 (0.780300 + 0.079114),0.863986 (0.784800 + 0.079186),0.869798 (0.790200 + 0.079598),0.865416 (0.785700 + 0.079716),0.864087 (0.783900 + 0.080187),0.856960 (0.777600 + 0.079360),0.875201 (0.795600 + 0.079601),0.862384 (0.783000 + 0.079384),0.871001 (0.791100 + 0.079901),0.869112 (0.789300 + 0.079812),0.854254 (0.774900 + 0.079354),0.856594 (0.777600 + 0.078994),0.871727 (0.792000 + 0.079727),0.862120 (0.783000 + 0.079120),0.870467 (0.791100 + 0.079368),0.865943 (0.786600 + 0.079343),0.865569 (0.785700 + 0.079869),0.848926 (0.769500 + 0.079426),0.846411 (0.766800 + 0.079611),0.863230 (0.783900 + 0.079330),0.861331 (0.782100 + 0.079231),0.868457 (0.788400 + 0.080057),0.859320 (0.780300 + 0.079020),0.869198 (0.789300 + 0.079898),0.868336 (0.789300 + 0.079036),0.864979 (0.785700 + 0.079279),0.869128 (0.789300 + 0.079828),0.868972 (0.789300 + 0.079673),0.860433 (0.781200 + 0.079233),0.862508 (0.783000 + 0.079508),0.859748 (0.780300 + 0.079448),0.856662 (0.777600 + 0.079062),0.865972 (0.786600 + 0.079372),0.853712 (0.774000 + 0.079712),0.871230 (0.792000 + 0.079230),0.874336 (0.794700 + 0.079636),0.870643 (0.791100 + 0.079543),0.866374 (0.786600 + 0.079774),0.867451 (0.787500 + 0.079951),0.863419 (0.783900 + 0.079519),0.864791 (0.785700 + 0.079091),0.864488 (0.784800 + 0.079688),0.874896 (0.795600 + 0.079296),0.873291 (0.793800 + 0.079491),0.864923 (0.785700 + 0.079223),0.843359 (0.764100 + 0.079259),0.866293 (0.786600 + 0.079693),0.854897 (0.775800 + 0.079097),0.870285 (0.791100 + 0.079185),0.872200 (0.792900 + 0.079300),0.864404 (0.784800 + 0.079604),0.869069 (0.789300 + 0.079769),0.865277 (0.785700 + 0.079577)
80,0.880795 (0.801000 + 0.079795),0.863449 (0.783900 + 0.079549),0.854323 (0.774900 + 0.079423),0.862357 (0.783000 + 0.079357),0.849640 (0.770400 + 0.079240),0.866293 (0.786600 + 0.079693),0.862508 (0.783000 + 0.079508),0.858534 (0.779400 + 0.079134),0.860562 (0.781200 + 0.079362),0.854983 (0.775800 + 0.079183),0.861587 (0.782100 + 0.079487),0.865812 (0.786600 + 0.079212),0.848767 (0.769500 + 0.079267),0.863348 (0.783900 + 0.079448),0.862187 (0.783000 + 0.079187),0.873492 (0.793800 + 0.079692),0.862427 (0.783000 + 0.079427),0.872721 (0.792900 + 0.079821),0.866240 (0.786600 + 0.079640),0.868503 (0.789300 + 0.079203),0.866871 (0.787500 + 0.079371),0.868717 (0.789300 + 0.079417),0.864522 (0.784800 + 0.079722),0.864296 (0.784800 + 0.079496),0.879865 (0.800100 + 0.079766),0.854431 (0.774900 + 0.079531),0.860927 (0.782100 + 0.078827),0.868188 (0.789300 + 0.078888),0.868663 (0.789300 + 0.079363),0.873632 (0.793800 + 0.079832),0.866146 (0.786600 + 0.079546),0.868095 (0.788400 + 0.079695),0.857731 (0.778500 + 0.079231),0.863262 (0.783900 + 0.079362),0.872752 (0.793800 + 0.078952),0.860763 (0.781200 + 0.079563),0.864635 (0.784800 + 0.079835),0.865378 (0.785700 + 0.079678),0.864274 (0.784800 + 0.079474),0.870437 (0.791100 + 0.079337),0.857748 (0.778500 + 0.079248),0.869038 (0.789300 + 0.079738),0.864058 (0.784800 + 0.079258),0.874554 (0.794700 + 0.079854),0.870521 (0.791100 + 0.079421),0.871944 (0.792900 + 0.079044),0.860489 (0.781200 + 0.079289),0.871021 (0.791100 + 0.079921),0.863954 (0.784800 + 0.079154),0.861337 (0.782100 + 0.079237),0.866484 (0.787500 + 0.078984),0.864390 (0.784800 + 0.079590),0.855692 (0.776700 + 0.078992),0.861704 (0.782100 + 0.079604),0.854990 (0.774900 + 0.080090),0.870382 (0.791100 + 0.079282),0.855316 (0.775800 + 0.079516),0.874176 (0.794700 + 0.079476),0.866600 (0.787500 + 0.079100),0.871784 (0.792000 + 0.079784),0.854786 (0.774900 + 0.079886),0.868150 (0.788400 + 0.079750),0.865287 (0.785700 + 0.079587),0.873359 (0.793800 + 0.079559),0.874859 (0.795600 + 0.079259),0.866384 (0.786600 + 0.079784),0.876647 (0.797400 + 0.079247),0.865192 (0.785700 + 0.079492),0.871073 (0.791100 + 0.079974),0.870725 (0.791100 + 0.079625),0.869798 (0.790200 + 0.079598),0.866657 (0.787500 + 0.079157),0.868277 (0.788400 + 0.079877),0.873295 (0.793800 + 0.079495),0.863214 (0.783900 + 0.079314),0.864982 (0.785700 + 0.079282),0.857361 (0.778500 + 0.078861),0.876817 (0.797400 + 0.079417),0.863361 (0.783900 + 0.079461),0.871202 (0.792000 + 0.079202),0.873128 (0.793800 + 0.079328),0.866834 (0.787500 + 0.079334),0.875178 (0.795600 + 0.079578),0.870733 (0.791100 + 0.079633),0.866861 (0.787500 + 0.079361),0.850320 (0.771300 + 0.079020),0.857772 (0.778500 + 0.079272),0.847224 (0.767700 + 0.079524),0.852516 (0.773100 + 0.079416),0.879454 (0.800100 + 0.079354),0.866711 (0.787500 + 0.079211),0.869142 (0.789300 + 0.079842),0.856286 (0.776700 + 0.079586),0.871991 (0.792900 + 0.079091),0.869750 (0.790200 + 0.079550),0.870882 (0.791100 + 0.079782),0.848287 (0.768600 + 0.079687),0.861558 (0.782100 + 0.079458),0.868432 (0.789300 + 0.079132),0.864087 (0.783900 + 0.080187)
81,0.880795 (0.801000 + 0.079795),0.865446 (0.785700 + 0.079746),0.865300 (0.785700 + 0.079600),0.870674 (0.791100 + 0.079574),0.866949 (0.787500 + 0.079449),0.864960 (0.785700 + 0.079260),0.856693 (0.777600 + 0.079093),0.869522 (0.789300 + 0.080222),0.876046 (0.796500 + 0.079546),0.861781 (0.782100 + 0.079681),0.848607 (0.769500 + 0.079107),0.861726 (0.782100 + 0.079626),0.867130 (0.787500 + 0.079630),0.877222 (0.797400 + 0.079822),0.864694 (0.784800 + 0.079894),0.870510 (0.791100 + 0.079410),0.877221 (0.797400 + 0.079821),0.860835 (0.782100 + 0.078735),0.868886 (0.789300 + 0.079586),0.864250 (0.784800 + 0.079450),0.872513 (0.792900 + 0.079613),0.861964 (0.782100 + 0.079864),0.861595 (0.782100 + 0.079495),0.864052 (0.784800 + 0.079252),0.857112 (0.777600 + 0.079512),0.861267 (0.782100 + 0.079167),0.867163 (0.787500 + 0.079663),0.868130 (0.789300 + 0.078830),0.861344 (0.782100 + 0.079244),0.864148 (0.784800 + 0.079348),0.860657 (0.781200 + 0.079457),0.856882 (0.777600 + 0.079282),0.867218 (0.787500 + 0.079718),0.866263 (0.786600 + 0.079663),0.871860 (0.792000 + 0.079860),0.879865 (0.800100 + 0.079766),0.865192 (0.785700 + 0.079492),0.856855 (0.777600 + 0.079255),0.868371 (0.789300 + 0.079071),0.866135 (0.786600 + 0.079535),0.863974 (0.784800 + 0.079174),0.869142 (0.789300 + 0.079842),0.864982 (0.785700 + 0.079282),0.877107 (0.797400 + 0.079707),0.858324 (0.778500 + 0.079824),0.867814 (0.788400 + 0.079414),0.856220 (0.776700 + 0.079520),0.866251 (0.786600 + 0.079651),0.864494 (0.784800 + 0.079694),0.866307 (0.786600 + 0.079707),0.859411 (0.780300 + 0.079111),0.866871 (0.787500 + 0.079371),0.866871 (0.787500 + 0.079371),0.860190 (0.780300 + 0.079890),0.865326 (0.785700 + 0.079626),0.860102 (0.780300 + 0.079802),0.870684 (0.791100 + 0.079584),0.854216 (0.774900 + 0.079316),0.870817 (0.791100 + 0.079717),0.871331 (0.792000 + 0.079331),0.865696 (0.786600 + 0.079096),0.862571 (0.783000 + 0.079571),0.860527 (0.781200 + 0.079327),0.864601 (0.784800 + 0.079801),0.877178 (0.797400 + 0.079778),0.872500 (0.792900 + 0.079600),0.873271 (0.793800 + 0.079471),0.852229 (0.773100 + 0.079129),0.851677 (0.772200 + 0.079477),0.852747 (0.773100 + 0.079647),0.865158 (0.785700 + 0.079458),0.869104 (0.789300 + 0.079804),0.866036 (0.785700 + 0.080336),0.880795 (0.801000 + 0.079795),0.875178 (0.795600 + 0.079578),0.857207 (0.777600 + 0.079607),0.871786 (0.792000 + 0.079786),0.883889 (0.804600 + 0.079289),0.862411 (0.783000 + 0.079411),0.865817 (0.786600 + 0.079217),0.870253 (0.791100 + 0.079153),0.862218 (0.783000 + 0.079218),0.864394 (0.784800 + 0.079594),0.854353 (0.774900 + 0.079453),0.858924 (0.779400 + 0.079524),0.869292 (0.790200 + 0.079092),0.858762 (0.779400 + 0.079362),0.871867 (0.792000 + 0.079867),0.868978 (0.789300 + 0.079678),0.864693 (0.785700 + 0.078993),0.880704 (0.801000 + 0.079704),0.879920 (0.800100 + 0.079820),0.867920 (0.788400 + 0.079520),0.874566 (0.795600 + 0.078967),0.871363 (0.792000 + 0.079363),0.858614 (0.779400 + 0.079214),0.866607 (0.786600 + 0.080007),0.871778 (0.792000 + 0.079778),0.868508 (0.789300 + 0.079208),0.865277 (0.785700 + 0.079577)
82,0.883889 (0.804600 + 0.079289),0.866833 (0.787500 + 0.079333),0.877474 (0.798300 + 0.079174),0.857726 (0.778500 + 0.079226),0.869551 (0.790200 + 0.079351),0.864601 (0.784800 + 0.079801),0.870875 (0.791100 + 0.079775),0.869666 (0.790200 + 0.079466),0.866528 (0.786600 + 0.079928),0.862944 (0.783900 + 0.079044),0.866412 (0.787500 + 0.078912),0.873162 (0.792900 + 0.080262),0.875420 (0.795600 + 0.079820),0.873448 (0.793800 + 0.079648),0.864294 (0.784800 + 0.079494),0.864273 (0.784800 + 0.079474),0.867481 (0.787500 + 0.079981),0.865032 (0.785700 + 0.079332),0.862194 (0.782100 + 0.080094),0.873578 (0.793800 + 0.079778),0.865980 (0.786600 + 0.079380),0.867163 (0.787500 + 0.079663),0.865326 (0.785700 + 0.079626),0.868911 (0.789300 + 0.079611),0.864238 (0.784800 + 0.079438),0.866613 (0.787500 + 0.079113),0.862860 (0.783900 + 0.078960),0.865400 (0.785700 + 0.079700),0.863966 (0.784800 + 0.079166),0.867541 (0.787500 + 0.080041),0.868740 (0.789300 + 0.079440),0.870259 (0.791100 + 0.079159),0.852452 (0.773100 + 0.079352),0.862872 (0.783000 + 0.079872),0.866692 (0.787500 + 0.079192),0.873645 (0.793800 + 0.079845),0.869896 (0.790200 + 0.079696),0.869013 (0.789300 + 0.079713),0.869357 (0.790200 + 0.079157),0.864871 (0.785700 + 0.079171),0.855205 (0.775800 + 0.079405),0.869287 (0.790200 + 0.079087),0.870882 (0.791100 + 0.079782),0.858022 (0.778500 + 0.079522),0.867742 (0.788400 + 0.079342),0.875178 (0.795600 + 0.079578),0.871363 (0.792000 + 0.079363),0.858033 (0.778500 + 0.079533),0.865882 (0.786600 + 0.079282),0.872761 (0.792900 + 0.079861),0.866200 (0.786600 + 0.079600),0.865881 (0.786600 + 0.079281),0.869932 (0.790200 + 0.079732),0.864174 (0.784800 + 0.079375),0.858429 (0.778500 + 0.079929),0.867441 (0.788400 + 0.079041),0.870643 (0.791100 + 0.079543),0.864250 (0.784800 + 0.079450),0.869104 (0.789300 + 0.079804),0.865219 (0.785700 + 0.079519),0.849849 (0.770400 + 0.079449),0.873839 (0.794700 + 0.079139),0.869790 (0.790200 + 0.079590),0.866198 (0.786600 + 0.079598),0.865339 (0.785700 + 0.079639),0.859058 (0.779400 + 0.079658),0.868973 (0.789300 + 0.079673),0.869944 (0.790200 + 0.079744),0.868505 (0.789300 + 0.079205),0.867724 (0.788400 + 0.079324),0.867714 (0.787500 + 0.080214),0.871331 (0.792000 + 0.079331),0.870510 (0.791100 + 0.079410),0.866020 (0.786600 + 0.079420),0.868878 (0.789300 + 0.079578),0.870480 (0.791100 + 0.079380),0.860248 (0.780300 + 0.079948),0.866566 (0.786600 + 0.079966),0.878424 (0.799200 + 0.079224),0.877107 (0.797400 + 0.079707),0.868508 (0.789300 + 0.079208),0.869142 (0.789300 + 0.079842),0.864601 (0.784800 + 0.079801),0.856103 (0.776700 + 0.079403),0.854923 (0.775800 + 0.079123),0.871331 (0.792000 + 0.079331),0.865594 (0.785700 + 0.079894),0.862698 (0.783000 + 0.079698),0.867111 (0.787500 + 0.079611),0.865300 (0.785700 + 0.079600),0.849973 (0.770400 + 0.079573),0.871468 (0.792000 + 0.079468),0.862054 (0.782100 + 0.079954),0.868130 (0.789300 + 0.078830),0.867163 (0.787500 + 0.079663),0.866189 (0.786600 + 0.079589),0.867185 (0.787500 + 0.079685),0.869034 (0.789300 + 0.079734),0.870482 (0.791100 + 0.079382),0.869880 (0.790200 + 0.079680)
83,0.883889 (0.804600 + 0.079289),0.863889 (0.784800 + 0.079089),0.869196 (0.790200 + 0.078996),0.877449 (0.798300 + 0.079149),0.853719 (0.774000 + 0.079719),0.870806 (0.791100 + 0.079706),0.868884 (0.789300 + 0.079584),0.863778 (0.783900 + 0.079878),0.862136 (0.783000 + 0.079136),0.871677 (0.792000 + 0.079677),0.858960 (0.779400 + 0.079560),0.866791 (0.787500 + 0.079291),0.870091 (0.791100 + 0.078991),0.871019 (0.791100 + 0.079919),0.859681 (0.780300 + 0.079381),0.866608 (0.786600 + 0.080008),0.856349 (0.776700 + 0.079649),0.884137 (0.804600 + 0.079537),0.854974 (0.775800 + 0.079174),0.874873 (0.795600 + 0.079273),0.869571 (0.790200 + 0.079371),0.856810 (0.777600 + 0.079210),0.863979 (0.784800 + 0.079179),0.873448 (0.793800 + 0.079648),0.870921 (0.791100 + 0.079821),0.871363 (0.792000 + 0.079363),0.858747 (0.779400 + 0.079347),0.871331 (0.792000 + 0.079331),0.870482 (0.791100 + 0.079382),0.860306 (0.780300 + 0.080006),0.866174 (0.786600 + 0.079574),0.863855 (0.783900 + 0.079955),0.864397 (0.784800 + 0.079597),0.861431 (0.782100 + 0.079331),0.863463 (0.783900 + 0.079563),0.858181 (0.778500 + 0.079681),0.872601 (0.792900 + 0.079701),0.865040 (0.785700 + 0.079340),0.862216 (0.783000 + 0.079216),0.875945 (0.795600 + 0.080345),0.870456 (0.791100 + 0.079356),0.873645 (0.793800 + 0.079845),0.873645 (0.793800 + 0.079845),0.864604 (0.784800 + 0.079805),0.864316 (0.784800 + 0.079516),0.859090 (0.779400 + 0.079690),0.871848 (0.792000 + 0.079848),0.880210 (0.801000 + 0.079210),0.867724 (0.788400 + 0.079324),0.859723 (0.780300 + 0.079424),0.863133 (0.783900 + 0.079233),0.862590 (0.783000 + 0.079590),0.867817 (0.788400 + 0.079417),0.867185 (0.787500 + 0.079685),0.866692 (0.787500 + 0.079192),0.867486 (0.787500 + 0.079986),0.866166 (0.786600 + 0.079566),0.874917 (0.795600 + 0.079317),0.864218 (0.784800 + 0.079418),0.866857 (0.787500 + 0.079357),0.866755 (0.787500 + 0.079255),0.866800 (0.786600 + 0.080200),0.869302 (0.790200 + 0.079102),0.873910 (0.794700 + 0.079211),0.867448 (0.788400 + 0.079048),0.865196 (0.785700 + 0.079496),0.865860 (0.786600 + 0.079260),0.873911 (0.794700 + 0.079211),0.867909 (0.788400 + 0.079509),0.867114 (0.787500 + 0.079614),0.858051 (0.778500 + 0.079551),0.868962 (0.789300 + 0.079662),0.867498 (0.787500 + 0.079998),0.873586 (0.793800 + 0.079786),0.867111 (0.787500 + 0.079611),0.857889 (0.778500 + 0.079389),0.862683 (0.783000 + 0.079683),0.866420 (0.786600 + 0.079820),0.869569 (0.790200 + 0.079369),0.869944 (0.790200 + 0.079744),0.866528 (0.786600 + 0.079928),0.865391 (0.785700 + 0.079691),0.864414 (0.784800 + 0.079614),0.869069 (0.789300 + 0.079769),0.864550 (0.784800 + 0.079750),0.872737 (0.792900 + 0.079837),0.865425 (0.785700 + 0.079725),0.859657 (0.780300 + 0.079358),0.859802 (0.780300 + 0.079502),0.875828 (0.796500 + 0.079328),0.867738 (0.788400 + 0.079338),0.875457 (0.795600 + 0.079857),0.864957 (0.785700 + 0.079257),0.868874 (0.789300 + 0.079574),0.862080 (0.783000 + 0.079080),0.865110 (0.785700 + 0.079410),0.862024 (0.782100 + 0.079924),0.869603 (0.790200 + 0.079403),0.869128 (0.789300 + 0.079828),0.871548 (0.792000 + 0.079548)
84,0.884137 (0.804600 + 0.079537),0.872406 (0.792900 + 0.079507),0.868232 (0.788400 + 0.079832),0.860977 (0.781200 + 0.079777),0.875961 (0.796500 + 0.079461),0.872343 (0.792900 + 0.079443),0.871212 (0.792000 + 0.079212),0.875512 (0.796500 + 0.079012),0.857417 (0.778500 + 0.078917),0.862165 (0.783000 + 0.079165),0.868234 (0.788400 + 0.079834),0.880110 (0.801000 + 0.079110),0.870335 (0.791100 + 0.079235),0.872341 (0.792900 + 0.079441),0.872698 (0.792900 + 0.079798),0.875227 (0.795600 + 0.079627),0.865863 (0.786600 + 0.079263),0.874221 (0.794700 + 0.079521),0.856428 (0.776700 + 0.079728),0.876078 (0.796500 + 0.079578),0.867914 (0.788400 + 0.079514),0.861649 (0.782100 + 0.079549),0.867037 (0.787500 + 0.079537),0.855734 (0.775800 + 0.079934),0.875121 (0.795600 + 0.079521),0.873928 (0.794700 + 0.079228),0.863575 (0.783900 + 0.079675),0.867347 (0.787500 + 0.079848),0.872819 (0.792900 + 0.079919),0.864396 (0.784800 + 0.079596),0.862761 (0.783000 + 0.079761),0.873040 (0.793800 + 0.079240),0.861502 (0.782100 + 0.079402),0.858804 (0.779400 + 0.079404),0.873296 (0.793800 + 0.079496),0.868236 (0.788400 + 0.079836),0.861682 (0.782100 + 0.079582),0.862333 (0.783000 + 0.079333),0.877730 (0.797400 + 0.080330),0.866420 (0.786600 + 0.079820),0.866420 (0.786600 + 0.079820),0.860781 (0.782100 + 0.078681),0.865842 (0.786600 + 0.079242),0.881015 (0.801000 + 0.080015),0.865370 (0.786600 + 0.078770),0.855655 (0.776700 + 0.078955),0.869447 (0.790200 + 0.079247),0.867345 (0.787500 + 0.079845),0.867724 (0.788400 + 0.079324),0.861598 (0.782100 + 0.079498),0.878888 (0.799200 + 0.079688),0.865542 (0.785700 + 0.079842),0.875220 (0.795600 + 0.079620),0.871019 (0.791100 + 0.079919),0.866528 (0.786600 + 0.079928),0.870457 (0.791100 + 0.079357),0.864224 (0.784800 + 0.079424),0.878590 (0.799200 + 0.079390),0.872363 (0.792900 + 0.079463),0.872911 (0.792900 + 0.080011),0.870407 (0.790200 + 0.080207),0.871027 (0.791100 + 0.079927),0.871288 (0.792000 + 0.079288),0.873889 (0.794700 + 0.079189),0.863990 (0.784800 + 0.079190),0.867509 (0.788400 + 0.079109),0.871331 (0.792000 + 0.079331),0.857803 (0.778500 + 0.079303),0.871677 (0.792000 + 0.079677),0.852011 (0.773100 + 0.078911),0.859629 (0.780300 + 0.079329),0.861921 (0.782100 + 0.079821),0.866646 (0.787500 + 0.079146),0.878452 (0.799200 + 0.079252),0.856231 (0.776700 + 0.079531),0.872099 (0.792900 + 0.079199),0.865700 (0.785700 + 0.080000),0.873610 (0.793800 + 0.079810),0.863205 (0.783900 + 0.079305),0.867480 (0.787500 + 0.079980),0.872330 (0.792900 + 0.079430),0.874610 (0.794700 + 0.079910),0.865833 (0.785700 + 0.080133),0.861559 (0.782100 + 0.079459),0.857542 (0.777600 + 0.079942),0.873645 (0.793800 + 0.079845),0.861089 (0.781200 + 0.079889),0.876932 (0.797400 + 0.079532),0.867087 (0.787500 + 0.079587),0.872690 (0.792900 + 0.079790),0.867493 (0.788400 + 0.079093),0.867728 (0.788400 + 0.079328),0.878527 (0.799200 + 0.079327),0.873727 (0.793800 + 0.079927),0.860875 (0.781200 + 0.079675),0.871564 (0.792000 + 0.079564),0.867087 (0.787500 + 0.079587),0.857651 (0.778500 + 0.079151),0.862208 (0.783000 + 0.079208),0.875098 (0.795600 + 0.079498)
85,0.884137 (0.804600 + 0.079537),0.860858 (0.781200 + 0.079658),0.875728 (0.796500 + 0.079228),0.863813 (0.783900 + 0.079913),0.866886 (0.787500 + 0.079386),0.861368 (0.782100 + 0.079268),0.867653 (0.788400 + 0.079253),0.853837 (0.774000 + 0.079837),0.864254 (0.784800 + 0.079454),0.864381 (0.784800 + 0.079581),0.862583 (0.783000 + 0.079583),0.862859 (0.783000 + 0.079859),0.856985 (0.777600 + 0.079385),0.855062 (0.775800 + 0.079262),0.856474 (0.776700 + 0.079775),0.858696 (0.779400 + 0.079296),0.860784 (0.782100 + 0.078684),0.869128 (0.789300 + 0.079828),0.873727 (0.793800 + 0.079927),0.880612 (0.801000 + 0.079613),0.863249 (0.783900 + 0.079349),0.877831 (0.798300 + 0.079531),0.873043 (0.793800 + 0.079243),0.869382 (0.790200 + 0.079182),0.877248 (0.797400 + 0.079848),0.868141 (0.788400 + 0.079741),0.868484 (0.789300 + 0.079184),0.861247 (0.782100 + 0.079147),0.874110 (0.794700 + 0.079410),0.873889 (0.794700 + 0.079189),0.876078 (0.796500 + 0.079578),0.861689 (0.782100 + 0.079589),0.872537 (0.792900 + 0.079637),0.860840 (0.781200 + 0.079640),0.860075 (0.780300 + 0.079775),0.863590 (0.783900 + 0.079690),0.871984 (0.792900 + 0.079084),0.869415 (0.789300 + 0.080115),0.871137 (0.792000 + 0.079137),0.869165 (0.789300 + 0.079865),0.856102 (0.776700 + 0.079403),0.860131 (0.780300 + 0.079831),0.867724 (0.788400 + 0.079324),0.857031 (0.777600 + 0.079431),0.862441 (0.783000 + 0.079441),0.858002 (0.778500 + 0.079502),0.864591 (0.784800 + 0.079791),0.867840 (0.788400 + 0.079440),0.854402 (0.774900 + 0.079502),0.862420 (0.783000 + 0.079420),0.876932 (0.797400 + 0.079532),0.872669 (0.792900 + 0.079769),0.864800 (0.785700 + 0.079100),0.864229 (0.784800 + 0.079429),0.863241 (0.783900 + 0.079341),0.875624 (0.795600 + 0.080024),0.870898 (0.792000 + 0.078898),0.869762 (0.790200 + 0.079562),0.866850 (0.787500 + 0.079350),0.861385 (0.782100 + 0.079285),0.868332 (0.789300 + 0.079032),0.869624 (0.790200 + 0.079424),0.879433 (0.800100 + 0.079333),0.875175 (0.795600 + 0.079575),0.865903 (0.786600 + 0.079303),0.871544 (0.792000 + 0.079544),0.863105 (0.783900 + 0.079205),0.873088 (0.793800 + 0.079288),0.866729 (0.787500 + 0.079229),0.873486 (0.793800 + 0.079686),0.871232 (0.792000 + 0.079232),0.872819 (0.792900 + 0.079919),0.872099 (0.792900 + 0.079199),0.865660 (0.785700 + 0.079960),0.859288 (0.779400 + 0.079888),0.869438 (0.789300 + 0.080138),0.861473 (0.782100 + 0.079373),0.861062 (0.781200 + 0.079863),0.860507 (0.781200 + 0.079307),0.863348 (0.783900 + 0.079448),0.871790 (0.792000 + 0.079790),0.868833 (0.789300 + 0.079533),0.868868 (0.789300 + 0.079568),0.864893 (0.785700 + 0.079193),0.863588 (0.783900 + 0.079688),0.856594 (0.777600 + 0.078994),0.860977 (0.781200 + 0.079777),0.872006 (0.792900 + 0.079106),0.864590 (0.785700 + 0.078890),0.870720 (0.791100 + 0.079620),0.867970 (0.788400 + 0.079570),0.868135 (0.788400 + 0.079735),0.871248 (0.791100 + 0.080148),0.868167 (0.788400 + 0.079767),0.874231 (0.794700 + 0.079531),0.879212 (0.800100 + 0.079112),0.867175 (0.787500 + 0.079675),0.872724 (0.792900 + 0.079824),0.865456 (0.786600 + 0.078856),0.873244 (0.793800 + 0.079444)
86,0.884137 (0.804600 + 0.079537),0.862590 (0.783000 + 0.079590),0.865456 (0.786600 + 0.078856),0.873543 (0.794700 + 0.078843),0.866089 (0.786600 + 0.079489),0.869294 (0.790200 + 0.079094),0.859091 (0.779400 + 0.079691),0.871844 (0.792000 + 0.079844),0.861360 (0.782100 + 0.079260),0.863554 (0.783900 + 0.079654),0.868167 (0.788400 + 0.079767),0.868201 (0.788400 + 0.079801),0.871644 (0.792000 + 0.079644),0.876009 (0.796500 + 0.079509),0.869330 (0.790200 + 0.079130),0.872972 (0.792900 + 0.080073),0.876780 (0.797400 + 0.079380),0.870202 (0.790200 + 0.080002),0.854918 (0.774900 + 0.080018),0.868980 (0.789300 + 0.079680),0.860924 (0.781200 + 0.079724),0.868612 (0.789300 + 0.079312),0.870982 (0.792000 + 0.078982),0.873727 (0.793800 + 0.079927),0.867497 (0.788400 + 0.079097),0.854384 (0.774900 + 0.079484),0.866618 (0.786600 + 0.080018),0.875329 (0.795600 + 0.079729),0.866656 (0.787500 + 0.079156),0.859764 (0.780300 + 0.079464),0.859554 (0.780300 + 0.079255),0.865300 (0.785700 + 0.079600),0.872753 (0.792900 + 0.079853),0.871626 (0.792000 + 0.079626),0.865786 (0.785700 + 0.080086),0.864005 (0.784800 + 0.079205),0.860478 (0.781200 + 0.079278),0.865881 (0.786600 + 0.079281),0.871888 (0.792000 + 0.079888),0.863316 (0.783900 + 0.079416),0.860652 (0.781200 + 0.079452),0.866345 (0.787500 + 0.078845),0.870352 (0.790200 + 0.080152),0.861179 (0.782100 + 0.079079),0.864679 (0.784800 + 0.079879),0.875512 (0.796500 + 0.079012),0.873692 (0.794700 + 0.078992),0.864220 (0.784800 + 0.079420),0.869240 (0.789300 + 0.079940),0.855106 (0.775800 + 0.079306),0.860965 (0.781200 + 0.079765),0.858368 (0.778500 + 0.079868),0.856442 (0.777600 + 0.078842),0.868848 (0.789300 + 0.079548),0.871986 (0.792900 + 0.079086),0.857041 (0.777600 + 0.079441),0.862312 (0.783000 + 0.079312),0.866898 (0.787500 + 0.079398),0.868702 (0.789300 + 0.079402),0.869655 (0.790200 + 0.079455),0.866891 (0.787500 + 0.079391),0.867191 (0.787500 + 0.079691),0.877476 (0.797400 + 0.080076),0.875645 (0.796500 + 0.079145),0.875934 (0.796500 + 0.079434),0.860592 (0.781200 + 0.079392),0.867792 (0.788400 + 0.079392),0.869237 (0.789300 + 0.079937),0.870552 (0.791100 + 0.079452),0.865862 (0.786600 + 0.079262),0.858179 (0.778500 + 0.079679),0.861447 (0.782100 + 0.079347),0.873088 (0.793800 + 0.079288),0.877228 (0.797400 + 0.079828),0.867831 (0.788400 + 0.079431),0.871935 (0.792000 + 0.079935),0.859355 (0.779400 + 0.079955),0.868818 (0.789300 + 0.079518),0.866390 (0.786600 + 0.079790),0.871527 (0.792000 + 0.079527),0.851796 (0.772200 + 0.079596),0.862332 (0.783000 + 0.079332),0.868924 (0.789300 + 0.079624),0.871457 (0.792000 + 0.079457),0.867385 (0.788400 + 0.078985),0.853323 (0.774000 + 0.079323),0.860894 (0.781200 + 0.079694),0.874231 (0.794700 + 0.079531),0.871984 (0.792900 + 0.079084),0.867542 (0.788400 + 0.079142),0.877790 (0.798300 + 0.079490),0.872819 (0.792900 + 0.079919),0.863348 (0.783900 + 0.079448),0.870507 (0.791100 + 0.079407),0.866961 (0.787500 + 0.079461),0.862782 (0.783000 + 0.079782),0.878765 (0.799200 + 0.079565),0.865158 (0.785700 + 0.079458),0.862646 (0.783000 + 0.079646),0.879212 (0.800100 + 0.079112)
87,0.884137 (0.804600 + 0.079537),0.874191 (0.794700 + 0.079491),0.863030 (0.783900 + 0.079130),0.872070 (0.792000 + 0.080070),0.877755 (0.798300 + 0.079455),0.871935 (0.792000 + 0.079935),0.862590 (0.783000 + 0.079590),0.860954 (0.782100 + 0.078854),0.867204 (0.787500 + 0.079704),0.875436 (0.795600 + 0.079836),0.872819 (0.792900 + 0.079919),0.865343 (0.785700 + 0.079643),0.868977 (0.789300 + 0.079677),0.872053 (0.792900 + 0.079153),0.857695 (0.778500 + 0.079195),0.862349 (0.783000 + 0.079349),0.864705 (0.785700 + 0.079005),0.861067 (0.782100 + 0.078967),0.874253 (0.794700 + 0.079553),0.863507 (0.783900 + 0.079607),0.876269 (0.796500 + 0.079770),0.854119 (0.774900 + 0.079219),0.863138 (0.783900 + 0.079239),0.869565 (0.790200 + 0.079365),0.856076 (0.776700 + 0.079376),0.868676 (0.789300 + 0.079376),0.860965 (0.781200 + 0.079765),0.863265 (0.783900 + 0.079365),0.868382 (0.788400 + 0.079982),0.868549 (0.789300 + 0.079249),0.864263 (0.784800 + 0.079464),0.866893 (0.787500 + 0.079393),0.868171 (0.788400 + 0.079771),0.871366 (0.792000 + 0.079366),0.859411 (0.780300 + 0.079111),0.871017 (0.792000 + 0.079017),0.868593 (0.788400 + 0.080193),0.871079 (0.792000 + 0.079079),0.861995 (0.783000 + 0.078995),0.865194 (0.785700 + 0.079494),0.877689 (0.798300 + 0.079389),0.874569 (0.794700 + 0.079869),0.860464 (0.781200 + 0.079264),0.860249 (0.781200 + 0.079049),0.884137 (0.804600 + 0.079537),0.859384 (0.780300 + 0.079084),0.868223 (0.788400 + 0.079823),0.867297 (0.787500 + 0.079797),0.870806 (0.791100 + 0.079706),0.860509 (0.781200 + 0.079309),0.870707 (0.791100 + 0.079607),0.869063 (0.789300 + 0.079763),0.868057 (0.788400 + 0.079657),0.878898 (0.799200 + 0.079698),0.863515 (0.784800 + 0.078715),0.858287 (0.778500 + 0.079787),0.873596 (0.793800 + 0.079796),0.878793 (0.799200 + 0.079593),0.871121 (0.792000 + 0.079121),0.871811 (0.792000 + 0.079811),0.850829 (0.772200 + 0.078629),0.872540 (0.792900 + 0.079640),0.867569 (0.788400 + 0.079169),0.851500 (0.772200 + 0.079300),0.861281 (0.782100 + 0.079181),0.873341 (0.793800 + 0.079541),0.860422 (0.780300 + 0.080122),0.866153 (0.786600 + 0.079553),0.864336 (0.784800 + 0.079536),0.871527 (0.792000 + 0.079527),0.870982 (0.792000 + 0.078982),0.871265 (0.792000 + 0.079265),0.867486 (0.787500 + 0.079986),0.869055 (0.789300 + 0.079755),0.863528 (0.783900 + 0.079628),0.869049 (0.789300 + 0.079750),0.871198 (0.792000 + 0.079198),0.866524 (0.787500 + 0.079024),0.865486 (0.785700 + 0.079786),0.867191 (0.787500 + 0.079691),0.858368 (0.778500 + 0.079868),0.857330 (0.777600 + 0.079730),0.860020 (0.780300 + 0.079720),0.870014 (0.790200 + 0.079814),0.871211 (0.792000 + 0.079211),0.874811 (0.794700 + 0.080111),0.873243 (0.793800 + 0.079443),0.858425 (0.779400 + 0.079025),0.868816 (0.789300 + 0.079516),0.874609 (0.794700 + 0.079909),0.870224 (0.790200 + 0.080024),0.863696 (0.784800 + 0.078896),0.861834 (0.782100 + 0.079734),0.861472 (0.782100 + 0.079372),0.875743 (0.796500 + 0.079243),0.871757 (0.792000 + 0.079757),0.866618 (0.786600 + 0.080018),0.860921 (0.782100 + 0.078821),0.867177 (0.787500 + 0.079677),0.856730 (0.776700 + 0.080030)
88,0.884137 (0.804600 + 0.079537),0.852886 (0.773100 + 0.079786),0.869565 (0.790200 + 0.079365),0.858177 (0.778500 + 0.079677),0.862378 (0.783000 + 0.079378),0.877689 (0.798300 + 0.079389),0.863823 (0.783900 + 0.079923),0.873860 (0.794700 + 0.079160),0.867357 (0.787500 + 0.079857),0.884137 (0.804600 + 0.079537),0.869112 (0.789300 + 0.079812),0.855030 (0.775800 + 0.079230),0.867979 (0.789300 + 0.078679),0.871173 (0.792000 + 0.079173),0.852828 (0.773100 + 0.079728),0.872415 (0.792900 + 0.079515),0.870081 (0.791100 + 0.078981),0.860743 (0.781200 + 0.079543),0.877239 (0.797400 + 0.079840),0.870105 (0.790200 + 0.079905),0.868966 (0.789300 + 0.079666),0.868597 (0.789300 + 0.079297),0.869666 (0.790200 + 0.079466),0.858482 (0.778500 + 0.079982),0.872697 (0.792900 + 0.079797),0.875663 (0.796500 + 0.079163),0.866265 (0.786600 + 0.079665),0.857245 (0.777600 + 0.079645),0.868352 (0.788400 + 0.079952),0.870871 (0.791100 + 0.079771),0.871290 (0.791100 + 0.080190),0.865248 (0.785700 + 0.079548),0.870546 (0.791100 + 0.079446),0.874522 (0.794700 + 0.079822),0.853595 (0.774000 + 0.079595),0.869903 (0.790200 + 0.079703),0.869096 (0.789300 + 0.079796),0.864324 (0.784800 + 0.079524),0.864833 (0.785700 + 0.079133),0.870224 (0.790200 + 0.080024),0.874253 (0.794700 + 0.079553),0.857253 (0.777600 + 0.079653),0.872540 (0.792900 + 0.079640),0.870947 (0.791100 + 0.079847),0.873234 (0.793800 + 0.079434),0.855733 (0.776700 + 0.079033),0.866759 (0.787500 + 0.079259),0.859116 (0.780300 + 0.078816),0.863453 (0.783900 + 0.079553),0.865195 (0.785700 + 0.079495),0.855734 (0.775800 + 0.079934),0.862103 (0.782100 + 0.080003),0.865032 (0.785700 + 0.079332),0.863784 (0.783900 + 0.079884),0.865377 (0.785700 + 0.079677),0.863269 (0.783900 + 0.079369),0.868182 (0.788400 + 0.079782),0.872847 (0.793800 + 0.079047),0.867999 (0.788400 + 0.079599),0.870975 (0.791100 + 0.079875),0.876628 (0.796500 + 0.080128),0.864577 (0.785700 + 0.078877),0.875688 (0.796500 + 0.079188),0.874519 (0.794700 + 0.079820),0.874327 (0.794700 + 0.079627),0.848779 (0.769500 + 0.079279),0.869966 (0.790200 + 0.079766),0.868171 (0.788400 + 0.079771),0.863507 (0.783900 + 0.079607),0.863325 (0.783900 + 0.079425),0.857711 (0.778500 + 0.079212),0.870466 (0.791100 + 0.079366),0.886250 (0.806400 + 0.079850),0.865157 (0.785700 + 0.079457),0.852818 (0.773100 + 0.079718),0.871774 (0.792000 + 0.079774),0.863831 (0.783900 + 0.079931),0.879747 (0.800100 + 0.079647),0.867569 (0.787500 + 0.080069),0.864149 (0.784800 + 0.079349),0.865923 (0.786600 + 0.079323),0.873705 (0.794700 + 0.079005),0.867954 (0.788400 + 0.079555),0.859136 (0.780300 + 0.078836),0.860675 (0.781200 + 0.079475),0.863279 (0.783900 + 0.079380),0.856746 (0.777600 + 0.079146),0.872302 (0.792900 + 0.079402),0.860852 (0.781200 + 0.079652),0.862189 (0.783000 + 0.079189),0.848927 (0.770400 + 0.078528),0.871811 (0.792000 + 0.079811),0.856937 (0.777600 + 0.079337),0.865157 (0.785700 + 0.079457),0.864596 (0.785700 + 0.078896),0.872982 (0.793800 + 0.079182),0.863523 (0.783900 + 0.079623),0.858530 (0.778500 + 0.080030),0.854172 (0.774900 + 0.079272),0.873308 (0.793800 + 0.079508)
89,0.886250 (0.806400 + 0.079850),0.869903 (0.790200 + 0.079703),0.863481 (0.783900 + 0.079581),0.865026 (0.785700 + 0.079326),0.867556 (0.788400 + 0.079156),0.863825 (0.783900 + 0.079925),0.873686 (0.793800 + 0.079886),0.859750 (0.780300 + 0.079450),0.865276 (0.785700 + 0.079576),0.851809 (0.772200 + 0.079609),0.872748 (0.792900 + 0.079849),0.858632 (0.779400 + 0.079232),0.866621 (0.787500 + 0.079121),0.856652 (0.776700 + 0.079952),0.865367 (0.785700 + 0.079667),0.864885 (0.785700 + 0.079185),0.868727 (0.789300 + 0.079427),0.864301 (0.784800 + 0.079501),0.874794 (0.795600 + 0.079194),0.870871 (0.791100 + 0.079771),0.862189 (0.783000 + 0.079189),0.863010 (0.783000 + 0.080010),0.867869 (0.788400 + 0.079469),0.868114 (0.788400 + 0.079714),0.878692 (0.799200 + 0.079492),0.870466 (0.791100 + 0.079366),0.873308 (0.793800 + 0.079508),0.858685 (0.779400 + 0.079285),0.867933 (0.788400 + 0.079533),0.879939 (0.800100 + 0.079839),0.867323 (0.787500 + 0.079823),0.868394 (0.789300 + 0.079094),0.864846 (0.784800 + 0.080046),0.874519 (0.794700 + 0.079820),0.873308 (0.793800 + 0.079508),0.865108 (0.785700 + 0.079408),0.874147 (0.794700 + 0.079447),0.867487 (0.788400 + 0.079087),0.864227 (0.784800 + 0.079427),0.867669 (0.788400 + 0.079269),0.860003 (0.780300 + 0.079703),0.868084 (0.788400 + 0.079684),0.865871 (0.786600 + 0.079271),0.868816 (0.789300 + 0.079516),0.872951 (0.793800 + 0.079151),0.878072 (0.798300 + 0.079772),0.867572 (0.788400 + 0.079172),0.873353 (0.793800 + 0.079553),0.868975 (0.789300 + 0.079675),0.865001 (0.785700 + 0.079301),0.865593 (0.785700 + 0.079893),0.864539 (0.784800 + 0.079739),0.864183 (0.784800 + 0.079383),0.871859 (0.792000 + 0.079859),0.865168 (0.785700 + 0.079468),0.867316 (0.787500 + 0.079816),0.868259 (0.788400 + 0.079859),0.876628 (0.796500 + 0.080128),0.870871 (0.791100 + 0.079771),0.871211 (0.792000 + 0.079211),0.870904 (0.792000 + 0.078904),0.854255 (0.775800 + 0.078455),0.858810 (0.779400 + 0.079410),0.875813 (0.795600 + 0.080213),0.875175 (0.795600 + 0.079575),0.873307 (0.793800 + 0.079507),0.873591 (0.793800 + 0.079791),0.874519 (0.794700 + 0.079820),0.858703 (0.778500 + 0.080203),0.870995 (0.791100 + 0.079895),0.871774 (0.792000 + 0.079774),0.869072 (0.790200 + 0.078872),0.865082 (0.785700 + 0.079382),0.868522 (0.789300 + 0.079222),0.865054 (0.786600 + 0.078454),0.876267 (0.796500 + 0.079767),0.867307 (0.787500 + 0.079807),0.870343 (0.791100 + 0.079243),0.877019 (0.797400 + 0.079619),0.873308 (0.793800 + 0.079508),0.862103 (0.782100 + 0.080003),0.864780 (0.785700 + 0.079080),0.863353 (0.783900 + 0.079453),0.872316 (0.792900 + 0.079416),0.859543 (0.780300 + 0.079243),0.865551 (0.786600 + 0.078951),0.869763 (0.790200 + 0.079563),0.866017 (0.786600 + 0.079417),0.868073 (0.788400 + 0.079673),0.867915 (0.788400 + 0.079515),0.872350 (0.792900 + 0.079450),0.863674 (0.783900 + 0.079774),0.864655 (0.784800 + 0.079855),0.863564 (0.783900 + 0.079665),0.852687 (0.773100 + 0.079587),0.858385 (0.779400 + 0.078985),0.867845 (0.789300 + 0.078545),0.865186 (0.785700 + 0.079486),0.857554 (0.778500 + 0.079054),0.861852 (0.782100 + 0.079752)
90,0.886250 (0.806400 + 0.079850),0.872035 (0.792000 + 0.080035),0.867386 (0.787500 + 0.079886),0.866156 (0.786600 + 0.079556),0.866140 (0.786600 + 0.079540),0.851474 (0.773100 + 0.078373),0.867794 (0.788400 + 0.079394),0.868026 (0.788400 + 0.079626),0.883432 (0.803700 + 0.079732),0.863006 (0.783000 + 0.080006),0.854301 (0.774900 + 0.079401),0.864457 (0.784800 + 0.079657),0.861966 (0.782100 + 0.079866),0.868264 (0.788400 + 0.079864),0.869927 (0.790200 + 0.079727),0.865434 (0.785700 + 0.079734),0.852942 (0.774000 + 0.078942),0.868760 (0.789300 + 0.079460),0.867871 (0.788400 + 0.079470),0.873476 (0.793800 + 0.079676),0.875071 (0.795600 + 0.079471),0.862907 (0.783000 + 0.079907),0.867455 (0.787500 + 0.079955),0.870191 (0.790200 + 0.079991),0.858031 (0.778500 + 0.079531),0.870871 (0.791100 + 0.079771),0.869936 (0.790200 + 0.079736),0.864426 (0.785700 + 0.078726),0.866865 (0.787500 + 0.079365),0.857542 (0.777600 + 0.079942),0.866995 (0.787500 + 0.079495),0.871323 (0.792000 + 0.079323),0.867238 (0.787500 + 0.079738),0.868208 (0.789300 + 0.078908),0.878057 (0.798300 + 0.079757),0.859067 (0.780300 + 0.078767),0.868835 (0.789300 + 0.079535),0.868573 (0.789300 + 0.079274),0.865966 (0.786600 + 0.079366),0.855979 (0.776700 + 0.079279),0.858763 (0.779400 + 0.079362),0.878944 (0.799200 + 0.079744),0.867092 (0.787500 + 0.079592),0.868262 (0.788400 + 0.079862),0.867553 (0.788400 + 0.079153),0.871859 (0.792000 + 0.079859),0.868981 (0.789300 + 0.079681),0.872139 (0.792000 + 0.080139),0.868259 (0.788400 + 0.079859),0.873251 (0.793800 + 0.079451),0.856921 (0.777600 + 0.079321),0.875420 (0.795600 + 0.079820),0.864353 (0.784800 + 0.079553),0.864220 (0.784800 + 0.079420),0.862563 (0.783000 + 0.079563),0.874171 (0.794700 + 0.079471),0.871531 (0.792000 + 0.079531),0.862458 (0.783000 + 0.079458),0.868906 (0.789300 + 0.079606),0.859668 (0.780300 + 0.079368),0.865423 (0.785700 + 0.079723),0.862555 (0.783000 + 0.079555),0.873525 (0.793800 + 0.079725),0.863161 (0.783900 + 0.079261),0.871523 (0.792000 + 0.079523),0.864969 (0.785700 + 0.079269),0.874375 (0.794700 + 0.079675),0.868879 (0.789300 + 0.079579),0.859398 (0.780300 + 0.079098),0.867790 (0.788400 + 0.079390),0.867953 (0.788400 + 0.079553),0.864987 (0.785700 + 0.079287),0.862740 (0.783000 + 0.079740),0.860132 (0.780300 + 0.079832),0.870577 (0.791100 + 0.079477),0.865467 (0.785700 + 0.079767),0.871995 (0.792000 + 0.079995),0.868733 (0.789300 + 0.079433),0.873602 (0.793800 + 0.079802),0.875024 (0.795600 + 0.079424),0.862552 (0.783000 + 0.079552),0.868645 (0.789300 + 0.079345),0.870919 (0.791100 + 0.079819),0.872669 (0.792900 + 0.079769),0.863482 (0.783900 + 0.079582),0.869156 (0.789300 + 0.079856),0.850858 (0.771300 + 0.079558),0.868549 (0.789300 + 0.079249),0.869932 (0.790200 + 0.079732),0.871592 (0.792000 + 0.079592),0.870564 (0.791100 + 0.079465),0.864155 (0.784800 + 0.079355),0.848484 (0.768600 + 0.079884),0.866165 (0.786600 + 0.079565),0.870318 (0.791100 + 0.079218),0.866498 (0.786600 + 0.079898),0.870265 (0.790200 + 0.080065),0.866150 (0.786600 + 0.079550),0.876232 (0.796500 + 0.079732),0.862209 (0.783000 + 0.079209)
91,0.886250 (0.806400 + 0.079850),0.874519 (0.794700 + 0.079820),0.870615 (0.791100 + 0.079515),0.856545 (0.776700 + 0.079845),0.861976 (0.782100 + 0.079876),0.868267 (0.788400 + 0.079867),0.868938 (0.789300 + 0.079639),0.873311 (0.793800 + 0.079511),0.873663 (0.793800 + 0.079863),0.864245 (0.784800 + 0.079446),0.850162 (0.771300 + 0.078862),0.871211 (0.792000 + 0.079211),0.857414 (0.777600 + 0.079814),0.863608 (0.784800 + 0.078808),0.862035 (0.783000 + 0.079035),0.862004 (0.782100 + 0.079904),0.864487 (0.784800 + 0.079687),0.856847 (0.777600 + 0.079247),0.864464 (0.784800 + 0.079664),0.873286 (0.793800 + 0.079486),0.871802 (0.792000 + 0.079802),0.865642 (0.785700 + 0.079942),0.859527 (0.780300 + 0.079227),0.870786 (0.791100 + 0.079686),0.874198 (0.794700 + 0.079498),0.875814 (0.796500 + 0.079314),0.872681 (0.792900 + 0.079781),0.857353 (0.777600 + 0.079753),0.862235 (0.782100 + 0.080135),0.862558 (0.783000 + 0.079558),0.863861 (0.783900 + 0.079961),0.873602 (0.793800 + 0.079802),0.867871 (0.788400 + 0.079470),0.862342 (0.783000 + 0.079342),0.876798 (0.797400 + 0.079398),0.886250 (0.806400 + 0.079850),0.860478 (0.781200 + 0.079278),0.877656 (0.798300 + 0.079356),0.870434 (0.791100 + 0.079334),0.875143 (0.795600 + 0.079543),0.864987 (0.785700 + 0.079287),0.863601 (0.783900 + 0.079701),0.873867 (0.793800 + 0.080067),0.877077 (0.797400 + 0.079677),0.868510 (0.789300 + 0.079210),0.850693 (0.771300 + 0.079393),0.871449 (0.792000 + 0.079449),0.864220 (0.784800 + 0.079420),0.862563 (0.783000 + 0.079563),0.866720 (0.787500 + 0.079220),0.862589 (0.783000 + 0.079589),0.869907 (0.790200 + 0.079707),0.857047 (0.777600 + 0.079447),0.861217 (0.781200 + 0.080017),0.870213 (0.790200 + 0.080013),0.850774 (0.771300 + 0.079474),0.868289 (0.788400 + 0.079889),0.850261 (0.770400 + 0.079861),0.861630 (0.782100 + 0.079530),0.876232 (0.796500 + 0.079732),0.855381 (0.775800 + 0.079581),0.868042 (0.789300 + 0.078742),0.857945 (0.778500 + 0.079445),0.873493 (0.793800 + 0.079693),0.873659 (0.793800 + 0.079860),0.861707 (0.782100 + 0.079607),0.871053 (0.792000 + 0.079053),0.863532 (0.783900 + 0.079632),0.872781 (0.792900 + 0.079882),0.871731 (0.792000 + 0.079731),0.863085 (0.783000 + 0.080085),0.866769 (0.787500 + 0.079269),0.856604 (0.776700 + 0.079904),0.857581 (0.778500 + 0.079081),0.866364 (0.786600 + 0.079764),0.869053 (0.789300 + 0.079753),0.855605 (0.775800 + 0.079805),0.871531 (0.792000 + 0.079531),0.868208 (0.789300 + 0.078908),0.871145 (0.792000 + 0.079145),0.868375 (0.788400 + 0.079975),0.868343 (0.788400 + 0.079943),0.872459 (0.792900 + 0.079559),0.862101 (0.782100 + 0.080001),0.880486 (0.801000 + 0.079486),0.857932 (0.778500 + 0.079432),0.875315 (0.795600 + 0.079715),0.873341 (0.793800 + 0.079541),0.870673 (0.791100 + 0.079573),0.867519 (0.788400 + 0.079119),0.872665 (0.792900 + 0.079765),0.875464 (0.795600 + 0.079864),0.870278 (0.790200 + 0.080078),0.867738 (0.788400 + 0.079338),0.868658 (0.788400 + 0.080258),0.874826 (0.795600 + 0.079226),0.863901 (0.783900 + 0.080002),0.863446 (0.783900 + 0.079547),0.877920 (0.798300 + 0.079619),0.867042 (0.787500 + 0.079542)
92,0.886250 (0.806400 + 0.079850),0.872224 (0.792900 + 0.079324),0.869258 (0.789300 + 0.079958),0.869975 (0.790200 + 0.079775),0.853827 (0.774000 + 0.079827),0.873462 (0.793800 + 0.079662),0.866587 (0.786600 + 0.079987),0.865311 (0.785700 + 0.079611),0.869628 (0.790200 + 0.079428),0.853927 (0.774900 + 0.079027),0.877779 (0.798300 + 0.079479),0.864936 (0.785700 + 0.079236),0.869391 (0.790200 + 0.079191),0.846493 (0.767700 + 0.078793),0.873366 (0.793800 + 0.079566),0.868773 (0.789300 + 0.079474),0.866633 (0.787500 + 0.079133),0.864808 (0.785700 + 0.079108),0.865839 (0.785700 + 0.080139),0.873341 (0.793800 + 0.079541),0.866769 (0.787500 + 0.079269),0.861636 (0.782100 + 0.079536),0.864661 (0.784800 + 0.079861),0.872052 (0.792900 + 0.079152),0.869142 (0.789300 + 0.079842),0.873129 (0.792900 + 0.080229),0.872427 (0.792900 + 0.079527),0.866162 (0.786600 + 0.079562),0.860655 (0.781200 + 0.079455),0.863683 (0.783900 + 0.079783),0.873812 (0.793800 + 0.080012),0.876956 (0.797400 + 0.079556),0.859324 (0.780300 + 0.079024),0.869974 (0.791100 + 0.078874),0.865795 (0.786600 + 0.079195),0.858203 (0.778500 + 0.079703),0.869361 (0.789300 + 0.080061),0.868867 (0.789300 + 0.079567),0.865881 (0.786600 + 0.079281),0.873949 (0.794700 + 0.079249),0.867033 (0.787500 + 0.079533),0.868415 (0.788400 + 0.080015),0.863877 (0.784800 + 0.079077),0.875143 (0.795600 + 0.079543),0.872665 (0.792900 + 0.079765),0.858528 (0.779400 + 0.079128),0.867794 (0.788400 + 0.079394),0.868510 (0.789300 + 0.079210),0.863861 (0.783900 + 0.079961),0.877920 (0.798300 + 0.079619),0.863601 (0.783900 + 0.079701),0.865923 (0.786600 + 0.079323),0.858225 (0.778500 + 0.079725),0.876796 (0.797400 + 0.079396),0.868077 (0.788400 + 0.079677),0.863984 (0.784800 + 0.079184),0.847166 (0.767700 + 0.079466),0.864323 (0.784800 + 0.079523),0.863922 (0.783900 + 0.080022),0.865160 (0.785700 + 0.079460),0.859219 (0.779400 + 0.079819),0.872778 (0.792900 + 0.079878),0.864581 (0.785700 + 0.078881),0.874633 (0.794700 + 0.079933),0.861824 (0.782100 + 0.079724),0.869958 (0.790200 + 0.079758),0.872357 (0.792900 + 0.079457),0.861937 (0.782100 + 0.079837),0.858056 (0.778500 + 0.079556),0.871226 (0.792000 + 0.079226),0.870017 (0.791100 + 0.078917),0.872825 (0.793800 + 0.079025),0.867985 (0.788400 + 0.079585),0.857991 (0.778500 + 0.079491),0.857795 (0.778500 + 0.079295),0.855191 (0.775800 + 0.079391),0.856903 (0.776700 + 0.080203),0.860380 (0.781200 + 0.079180),0.867903 (0.788400 + 0.079503),0.872967 (0.793800 + 0.079167),0.869728 (0.790200 + 0.079528),0.873145 (0.793800 + 0.079345),0.867289 (0.787500 + 0.079789),0.851460 (0.772200 + 0.079260),0.872609 (0.792900 + 0.079709),0.862017 (0.782100 + 0.079917),0.863533 (0.783900 + 0.079633),0.859093 (0.779400 + 0.079693),0.880486 (0.801000 + 0.079486),0.864385 (0.784800 + 0.079585),0.869413 (0.790200 + 0.079213),0.871690 (0.792000 + 0.079690),0.859213 (0.779400 + 0.079813),0.864018 (0.783900 + 0.080118),0.870025 (0.790200 + 0.079825),0.866085 (0.786600 + 0.079485),0.862690 (0.783000 + 0.079690),0.866247 (0.786600 + 0.079647),0.862278 (0.782100 + 0.080178),0.873663 (0.793800 + 0.079863)
93,0.886250 (0.806400 + 0.079850),0.876796 (0.797400 + 0.079396),0.873145 (0.793800 + 0.079345),0.870017 (0.790200 + 0.079817),0.865248 (0.785700 + 0.079548),0.872778 (0.792900 + 0.079878),0.867794 (0.788400 + 0.079394),0.858000 (0.778500 + 0.079500),0.869177 (0.789300 + 0.079877),0.861036 (0.781200 + 0.079836),0.871226 (0.792000 + 0.079226),0.866270 (0.786600 + 0.079670),0.868802 (0.788400 + 0.080402),0.874751 (0.795600 + 0.079151),0.867027 (0.787500 + 0.079527),0.862909 (0.783900 + 0.079010),0.855422 (0.775800 + 0.079622),0.870317 (0.791100 + 0.079217),0.868510 (0.789300 + 0.079210),0.867772 (0.788400 + 0.079372),0.861665 (0.782100 + 0.079565),0.863892 (0.783900 + 0.079992),0.864437 (0.784800 + 0.079637),0.886250 (0.806400 + 0.079850),0.858225 (0.778500 + 0.079725),0.860698 (0.781200 + 0.079498),0.865558 (0.785700 + 0.079858),0.858050 (0.778500 + 0.079550),0.857725 (0.777600 + 0.080125),0.872825 (0.793800 + 0.079025),0.871690 (0.792000 + 0.079690),0.868371 (0.788400 + 0.079971),0.864360 (0.785700 + 0.078660),0.852752 (0.773100 + 0.079652),0.863704 (0.783900 + 0.079804),0.865311 (0.785700 + 0.079611),0.857795 (0.778500 + 0.079295),0.863960 (0.783900 + 0.080060),0.861848 (0.783000 + 0.078848),0.868036 (0.788400 + 0.079636),0.874838 (0.795600 + 0.079238),0.871071 (0.792000 + 0.079071),0.865121 (0.785700 + 0.079421),0.868172 (0.788400 + 0.079772),0.871642 (0.792000 + 0.079642),0.869657 (0.790200 + 0.079457),0.868961 (0.789300 + 0.079661),0.866949 (0.787500 + 0.079449),0.854623 (0.774900 + 0.079723),0.873139 (0.793800 + 0.079339),0.863249 (0.783900 + 0.079349),0.857265 (0.777600 + 0.079665),0.864369 (0.784800 + 0.079569),0.862806 (0.783900 + 0.078906),0.864291 (0.784800 + 0.079491),0.851852 (0.772200 + 0.079652),0.857083 (0.777600 + 0.079483),0.863617 (0.783900 + 0.079717),0.866188 (0.786600 + 0.079588),0.862915 (0.783900 + 0.079016),0.866955 (0.787500 + 0.079455),0.886250 (0.806400 + 0.079850),0.865881 (0.786600 + 0.079281),0.870905 (0.791100 + 0.079805),0.868565 (0.788400 + 0.080165),0.874936 (0.795600 + 0.079336),0.861880 (0.782100 + 0.079780),0.856335 (0.776700 + 0.079635),0.871775 (0.792000 + 0.079775),0.875316 (0.795600 + 0.079716),0.871796 (0.792000 + 0.079796),0.865013 (0.785700 + 0.079313),0.862298 (0.783000 + 0.079298),0.871271 (0.792000 + 0.079271),0.869679 (0.790200 + 0.079479),0.871944 (0.792900 + 0.079044),0.869138 (0.789300 + 0.079838),0.872633 (0.793800 + 0.078833),0.869131 (0.789300 + 0.079831),0.867181 (0.787500 + 0.079681),0.867112 (0.787500 + 0.079612),0.866077 (0.786600 + 0.079477),0.860840 (0.781200 + 0.079640),0.880486 (0.801000 + 0.079486),0.868077 (0.788400 + 0.079677),0.866890 (0.787500 + 0.079390),0.863252 (0.783900 + 0.079352),0.866232 (0.786600 + 0.079632),0.865381 (0.785700 + 0.079681),0.874581 (0.794700 + 0.079881),0.869169 (0.789300 + 0.079869),0.869761 (0.790200 + 0.079561),0.875117 (0.795600 + 0.079517),0.865288 (0.785700 + 0.079588),0.867122 (0.788400 + 0.078722),0.879730 (0.800100 + 0.079630),0.858819 (0.779400 + 0.079420),0.866250 (0.786600 + 0.079650),0.864807 (0.785700 + 0.079107),0.861739 (0.782100 + 0.079639)
94,0.886250 (0.806400 + 0.079850),0.874658 (0.794700 + 0.079958),0.867140 (0.787500 + 0.079640),0.865313 (0.785700 + 0.079613),0.871788 (0.792900 + 0.078888),0.862985 (0.783900 + 0.079085),0.869191 (0.790200 + 0.078991),0.870102 (0.790200 + 0.079902),0.866262 (0.786600 + 0.079662),0.867276 (0.788400 + 0.078876),0.870935 (0.791100 + 0.079835),0.866086 (0.786600 + 0.079486),0.858699 (0.779400 + 0.079299),0.867953 (0.788400 + 0.079553),0.869023 (0.789300 + 0.079723),0.867949 (0.788400 + 0.079549),0.863873 (0.783900 + 0.079973),0.873139 (0.793800 + 0.079339),0.865381 (0.785700 + 0.079681),0.864261 (0.784800 + 0.079461),0.867779 (0.788400 + 0.079379),0.868288 (0.788400 + 0.079888),0.870540 (0.791100 + 0.079441),0.861829 (0.782100 + 0.079728),0.859971 (0.780300 + 0.079671),0.875579 (0.795600 + 0.079979),0.863154 (0.783900 + 0.079254),0.880581 (0.801000 + 0.079581),0.868012 (0.788400 + 0.079612),0.862036 (0.783000 + 0.079037),0.871063 (0.791100 + 0.079963),0.866385 (0.786600 + 0.079784),0.873582 (0.793800 + 0.079782),0.863927 (0.784800 + 0.079127),0.866636 (0.786600 + 0.080036),0.869119 (0.789300 + 0.079819),0.863842 (0.784800 + 0.079042),0.872043 (0.792900 + 0.079143),0.869494 (0.790200 + 0.079294),0.865044 (0.785700 + 0.079344),0.863364 (0.783900 + 0.079464),0.863604 (0.783900 + 0.079704),0.849082 (0.769500 + 0.079582),0.868705 (0.789300 + 0.079405),0.866492 (0.787500 + 0.078992),0.855342 (0.775800 + 0.079542),0.867140 (0.787500 + 0.079640),0.866241 (0.787500 + 0.078741),0.861037 (0.781200 + 0.079837),0.869365 (0.790200 + 0.079165),0.859119 (0.779400 + 0.079719),0.866176 (0.786600 + 0.079576),0.873752 (0.794700 + 0.079052),0.872144 (0.792900 + 0.079245),0.860889 (0.781200 + 0.079689),0.878038 (0.798300 + 0.079738),0.864140 (0.784800 + 0.079340),0.864560 (0.784800 + 0.079760),0.862462 (0.783000 + 0.079462),0.870776 (0.791100 + 0.079676),0.869517 (0.790200 + 0.079317),0.873482 (0.794700 + 0.078782),0.860716 (0.781200 + 0.079516),0.859903 (0.780300 + 0.079603),0.858427 (0.779400 + 0.079027),0.862719 (0.783000 + 0.079719),0.866283 (0.786600 + 0.079683),0.862993 (0.783900 + 0.079094),0.875271 (0.795600 + 0.079671),0.860551 (0.781200 + 0.079351),0.856243 (0.776700 + 0.079543),0.860860 (0.781200 + 0.079660),0.857262 (0.777600 + 0.079662),0.873841 (0.793800 + 0.080041),0.870373 (0.791100 + 0.079273),0.868899 (0.789300 + 0.079599),0.859863 (0.780300 + 0.079563),0.865576 (0.786600 + 0.078976),0.867030 (0.787500 + 0.079530),0.865498 (0.785700 + 0.079798),0.858851 (0.779400 + 0.079451),0.862753 (0.783000 + 0.079753),0.864464 (0.785700 + 0.078764),0.864970 (0.785700 + 0.079270),0.866048 (0.786600 + 0.079448),0.864409 (0.785700 + 0.078709),0.872476 (0.792900 + 0.079576),0.881525 (0.801900 + 0.079625),0.861865 (0.783000 + 0.078865),0.860007 (0.780300 + 0.079707),0.862475 (0.783000 + 0.079475),0.869262 (0.789300 + 0.079962),0.862923 (0.783900 + 0.079023),0.866395 (0.786600 + 0.079795),0.868516 (0.789300 + 0.079216),0.868026 (0.789300 + 0.078726),0.867185 (0.787500 + 0.079685),0.861222 (0.782100 + 0.079122),0.862641 (0.783000 + 0.079641),0.862490 (0.783000 + 0.079490)
95,0.886250 (0.806400 + 0.079850),0.862719 (0.783000 + 0.079719),0.866385 (0.786600 + 0.079784),0.873841 (0.793800 + 0.080041),0.866395 (0.786600 + 0.079795),0.858378 (0.778500 + 0.079878),0.851822 (0.773100 + 0.078722),0.873841 (0.793800 + 0.080041),0.873841 (0.793800 + 0.080041),0.880950 (0.801900 + 0.079050),0.862680 (0.783000 + 0.079680),0.868026 (0.789300 + 0.078726),0.866395 (0.786600 + 0.079795),0.853278 (0.774000 + 0.079278),0.864306 (0.784800 + 0.079506),0.862471 (0.783000 + 0.079471),0.870148 (0.790200 + 0.079948),0.869517 (0.790200 + 0.079317),0.863991 (0.784800 + 0.079191),0.859367 (0.780300 + 0.079067),0.864990 (0.785700 + 0.079290),0.865314 (0.785700 + 0.079614),0.865114 (0.785700 + 0.079414),0.867115 (0.787500 + 0.079615),0.868001 (0.788400 + 0.079601),0.864575 (0.784800 + 0.079775),0.868628 (0.789300 + 0.079328),0.871133 (0.791100 + 0.080033),0.861903 (0.783000 + 0.078903),0.869092 (0.790200 + 0.078892),0.867336 (0.787500 + 0.079836),0.864546 (0.784800 + 0.079746),0.879968 (0.800100 + 0.079868),0.857526 (0.778500 + 0.079026),0.854997 (0.775800 + 0.079197),0.866393 (0.786600 + 0.079793),0.863291 (0.783900 + 0.079391),0.864563 (0.784800 + 0.079764),0.874053 (0.794700 + 0.079353),0.857598 (0.778500 + 0.079098),0.865760 (0.785700 + 0.080060),0.852529 (0.773100 + 0.079429),0.866568 (0.787500 + 0.079068),0.861685 (0.783000 + 0.078685),0.869875 (0.790200 + 0.079675),0.854477 (0.774900 + 0.079577),0.862741 (0.783000 + 0.079741),0.863019 (0.783000 + 0.080019),0.872558 (0.792900 + 0.079658),0.863828 (0.783900 + 0.079928),0.863681 (0.783900 + 0.079781),0.861645 (0.782100 + 0.079545),0.862726 (0.783000 + 0.079726),0.860138 (0.780300 + 0.079839),0.864485 (0.784800 + 0.079685),0.870659 (0.791100 + 0.079559),0.858643 (0.779400 + 0.079243),0.871544 (0.792000 + 0.079544),0.859124 (0.779400 + 0.079724),0.872477 (0.792900 + 0.079577),0.863703 (0.784800 + 0.078903),0.861281 (0.782100 + 0.079181),0.871893 (0.792000 + 0.079893),0.865198 (0.785700 + 0.079498),0.860125 (0.781200 + 0.078925),0.861289 (0.782100 + 0.079189),0.872805 (0.793800 + 0.079005),0.863907 (0.783900 + 0.080007),0.878046 (0.798300 + 0.079746),0.862533 (0.783000 + 0.079533),0.865734 (0.786600 + 0.079134),0.860355 (0.780300 + 0.080055),0.855023 (0.775800 + 0.079223),0.855790 (0.775800 + 0.079990),0.870227 (0.791100 + 0.079127),0.868208 (0.788400 + 0.079808),0.864324 (0.784800 + 0.079524),0.860789 (0.781200 + 0.079589),0.857517 (0.778500 + 0.079017),0.852558 (0.773100 + 0.079458),0.867899 (0.788400 + 0.079499),0.867919 (0.788400 + 0.079519),0.861699 (0.782100 + 0.079599),0.853185 (0.774000 + 0.079185),0.858467 (0.779400 + 0.079067),0.872613 (0.792900 + 0.079713),0.859604 (0.780300 + 0.079304),0.868459 (0.789300 + 0.079159),0.861314 (0.782100 + 0.079214),0.859972 (0.780300 + 0.079672),0.872725 (0.792900 + 0.079825),0.870817 (0.791100 + 0.079717),0.871407 (0.792000 + 0.079407),0.880553 (0.801000 + 0.079553),0.873427 (0.793800 + 0.079627),0.872043 (0.792900 + 0.079143),0.868122 (0.788400 + 0.079722),0.850365 (0.771300 + 0.079065),0.855394 (0.775800 + 0.079594),0.872402 (0.792900 + 0.079502)
96,0.886250 (0.806400 + 0.079850),0.861257 (0.781200 + 0.080057),0.870718 (0.792000 + 0.078718),0.858588 (0.779400 + 0.079188),0.863852 (0.784800 + 0.079052),0.863039 (0.783900 + 0.079139),0.863989 (0.784800 + 0.079189),0.875231 (0.795600 + 0.079631),0.867060 (0.787500 + 0.079560),0.866032 (0.786600 + 0.079432),0.866361 (0.787500 + 0.078861),0.874737 (0.794700 + 0.080037),0.864337 (0.784800 + 0.079537),0.851580 (0.772200 + 0.079380),0.857693 (0.778500 + 0.079193),0.857667 (0.777600 + 0.080067),0.866395 (0.786600 + 0.079795),0.869712 (0.790200 + 0.079512),0.868067 (0.788400 + 0.079667),0.864087 (0.784800 + 0.079287),0.869830 (0.790200 + 0.079630),0.872725 (0.792900 + 0.079825),0.870614 (0.791100 + 0.079514),0.860242 (0.781200 + 0.079042),0.856259 (0.776700 + 0.079559),0.863171 (0.783000 + 0.080171),0.875150 (0.796500 + 0.078650),0.862254 (0.783000 + 0.079254),0.855158 (0.775800 + 0.079358),0.870521 (0.791100 + 0.079421),0.873230 (0.793800 + 0.079430),0.878137 (0.798300 + 0.079837),0.870820 (0.791100 + 0.079720),0.857775 (0.778500 + 0.079275),0.853641 (0.774000 + 0.079641),0.869417 (0.790200 + 0.079217),0.864952 (0.785700 + 0.079252),0.866775 (0.787500 + 0.079275),0.865627 (0.785700 + 0.079927),0.866230 (0.786600 + 0.079630),0.860869 (0.781200 + 0.079669),0.872131 (0.792000 + 0.080131),0.862775 (0.783900 + 0.078875),0.873450 (0.793800 + 0.079650),0.870310 (0.790200 + 0.080110),0.876860 (0.797400 + 0.079460),0.857821 (0.778500 + 0.079321),0.847074 (0.767700 + 0.079374),0.862389 (0.782100 + 0.080289),0.858922 (0.779400 + 0.079522),0.868844 (0.789300 + 0.079544),0.864702 (0.784800 + 0.079902),0.862133 (0.783000 + 0.079133),0.864751 (0.784800 + 0.079951),0.867336 (0.787500 + 0.079836),0.872727 (0.792900 + 0.079827),0.862994 (0.783000 + 0.079994),0.871407 (0.792000 + 0.079407),0.862869 (0.783000 + 0.079869),0.867164 (0.787500 + 0.079664),0.870249 (0.790200 + 0.080049),0.856430 (0.776700 + 0.079730),0.864578 (0.784800 + 0.079778),0.878840 (0.799200 + 0.079640),0.863592 (0.783900 + 0.079692),0.870052 (0.790200 + 0.079852),0.856772 (0.777600 + 0.079172),0.862760 (0.783000 + 0.079760),0.872386 (0.792900 + 0.079486),0.872074 (0.792000 + 0.080074),0.861680 (0.782100 + 0.079580),0.877051 (0.797400 + 0.079651),0.865672 (0.785700 + 0.079972),0.879968 (0.800100 + 0.079868),0.872725 (0.792900 + 0.079825),0.868184 (0.788400 + 0.079784),0.861655 (0.782100 + 0.079555),0.870017 (0.790200 + 0.079817),0.860926 (0.781200 + 0.079726),0.881838 (0.801900 + 0.079938),0.865113 (0.785700 + 0.079413),0.867195 (0.787500 + 0.079695),0.868541 (0.789300 + 0.079241),0.865454 (0.785700 + 0.079754),0.863601 (0.783900 + 0.079701),0.867842 (0.788400 + 0.079442),0.858115 (0.778500 + 0.079615),0.872477 (0.792900 + 0.079577),0.873332 (0.793800 + 0.079532),0.866124 (0.786600 + 0.079524),0.850759 (0.771300 + 0.079460),0.841963 (0.762300 + 0.079663),0.863693 (0.784800 + 0.078894),0.871361 (0.792000 + 0.079361),0.857895 (0.778500 + 0.079395),0.857816 (0.778500 + 0.079316),0.867029 (0.787500 + 0.079529),0.860606 (0.781200 + 0.079406),0.872354 (0.792900 + 0.079454),0.870319 (0.790200 + 0.080119)
97,0.886250 (0.806400 + 0.079850),0.865388 (0.785700 + 0.079688),0.863213 (0.783900 + 0.079313),0.880289 (0.801000 + 0.079289),0.868767 (0.789300 + 0.079467),0.870524 (0.791100 + 0.079424),0.856705 (0.778500 + 0.078205),0.864903 (0.785700 + 0.079203),0.858086 (0.778500 + 0.079586),0.862805 (0.783000 + 0.079805),0.869628 (0.790200 + 0.079428),0.861580 (0.782100 + 0.079480),0.873630 (0.793800 + 0.079830),0.873257 (0.793800 + 0.079457),0.862748 (0.783000 + 0.079748),0.865478 (0.785700 + 0.079778),0.874399 (0.794700 + 0.079699),0.878137 (0.798300 + 0.079837),0.870521 (0.791100 + 0.079421),0.872982 (0.792900 + 0.080082),0.856044 (0.775800 + 0.080244),0.875231 (0.795600 + 0.079631),0.863601 (0.783900 + 0.079701),0.864260 (0.784800 + 0.079460),0.873376 (0.793800 + 0.079576),0.864337 (0.784800 + 0.079537),0.857457 (0.778500 + 0.078957),0.868436 (0.788400 + 0.080036),0.865434 (0.785700 + 0.079734),0.873320 (0.793800 + 0.079520),0.873311 (0.793800 + 0.079511),0.863711 (0.783900 + 0.079811),0.861970 (0.782100 + 0.079870),0.863807 (0.783900 + 0.079907),0.870347 (0.791100 + 0.079247),0.860479 (0.781200 + 0.079279),0.882186 (0.802800 + 0.079386),0.870786 (0.791100 + 0.079686),0.875105 (0.795600 + 0.079505),0.878153 (0.798300 + 0.079853),0.878824 (0.799200 + 0.079624),0.864512 (0.785700 + 0.078812),0.870540 (0.791100 + 0.079440),0.874015 (0.793800 + 0.080215),0.868992 (0.789300 + 0.079692),0.866044 (0.786600 + 0.079444),0.876127 (0.796500 + 0.079627),0.876860 (0.797400 + 0.079460),0.875150 (0.796500 + 0.078650),0.867376 (0.788400 + 0.078976),0.859816 (0.780300 + 0.079516),0.858961 (0.780300 + 0.078661),0.864374 (0.784800 + 0.079575),0.855278 (0.775800 + 0.079478),0.863694 (0.783900 + 0.079794),0.869988 (0.790200 + 0.079788),0.872375 (0.792900 + 0.079476),0.863630 (0.783900 + 0.079730),0.879968 (0.800100 + 0.079868),0.874074 (0.794700 + 0.079374),0.871692 (0.792000 + 0.079692),0.865970 (0.786600 + 0.079370),0.876079 (0.796500 + 0.079579),0.878330 (0.799200 + 0.079130),0.865309 (0.785700 + 0.079609),0.869444 (0.790200 + 0.079244),0.880885 (0.801000 + 0.079885),0.877051 (0.797400 + 0.079651),0.861316 (0.782100 + 0.079216),0.867024 (0.787500 + 0.079524),0.870145 (0.790200 + 0.079945),0.854784 (0.774900 + 0.079884),0.867018 (0.787500 + 0.079518),0.857980 (0.777600 + 0.080380),0.852857 (0.774000 + 0.078857),0.851312 (0.772200 + 0.079112),0.868507 (0.789300 + 0.079207),0.868981 (0.789300 + 0.079681),0.857732 (0.778500 + 0.079232),0.870861 (0.791100 + 0.079761),0.869053 (0.789300 + 0.079753),0.866347 (0.786600 + 0.079747),0.877564 (0.798300 + 0.079264),0.863465 (0.783900 + 0.079565),0.859255 (0.780300 + 0.078955),0.870521 (0.791100 + 0.079421),0.870521 (0.791100 + 0.079421),0.866775 (0.787500 + 0.079275),0.851676 (0.772200 + 0.079476),0.862639 (0.783000 + 0.079639),0.872467 (0.792900 + 0.079567),0.868859 (0.789300 + 0.079559),0.874529 (0.794700 + 0.079829),0.875029 (0.795600 + 0.079429),0.863098 (0.783900 + 0.079198),0.863452 (0.783900 + 0.079553),0.868813 (0.789300 + 0.079513),0.868076 (0.788400 + 0.079676),0.879792 (0.800100 + 0.079692),0.869369 (0.790200 + 0.079169)
98,0.886250 (0.806400 + 0.079850),0.862730 (0.783900 + 0.078830),0.857427 (0.777600 + 0.079827),0.864075 (0.784800 + 0.079275),0.868818 (0.789300 + 0.079518),0.867277 (0.787500 + 0.079777),0.862313 (0.783000 + 0.079313),0.872467 (0.792900 + 0.079567),0.866775 (0.787500 + 0.079275),0.863262 (0.783900 + 0.079362),0.858564 (0.779400 + 0.079164),0.869706 (0.790200 + 0.079506),0.873560 (0.793800 + 0.079760),0.865926 (0.786600 + 0.079326),0.868838 (0.789300 + 0.079538),0.873320 (0.793800 + 0.079520),0.873262 (0.793800 + 0.079462),0.871623 (0.792000 + 0.079623),0.873829 (0.793800 + 0.080029),0.875067 (0.795600 + 0.079467),0.864146 (0.784800 + 0.079346),0.874529 (0.794700 + 0.079829),0.877961 (0.798300 + 0.079661),0.873630 (0.793800 + 0.079830),0.869008 (0.789300 + 0.079708),0.864198 (0.783900 + 0.080298),0.863213 (0.783900 + 0.079313),0.862734 (0.783000 + 0.079734),0.870581 (0.791100 + 0.079481),0.869263 (0.790200 + 0.079063),0.865492 (0.785700 + 0.079791),0.847794 (0.768600 + 0.079194),0.865395 (0.786600 + 0.078795),0.868026 (0.788400 + 0.079626),0.868630 (0.789300 + 0.079330),0.870332 (0.791100 + 0.079232),0.863447 (0.783900 + 0.079547),0.876299 (0.796500 + 0.079799),0.870386 (0.791100 + 0.079286),0.874529 (0.794700 + 0.079829),0.874529 (0.794700 + 0.079829),0.874707 (0.795600 + 0.079107),0.871482 (0.792000 + 0.079482),0.867522 (0.788400 + 0.079122),0.850468 (0.770400 + 0.080068),0.862907 (0.783900 + 0.079008),0.866339 (0.786600 + 0.079739),0.865195 (0.785700 + 0.079495),0.874990 (0.795600 + 0.079390),0.864205 (0.784800 + 0.079405),0.874951 (0.795600 + 0.079351),0.875416 (0.795600 + 0.079816),0.865307 (0.785700 + 0.079607),0.863398 (0.784800 + 0.078598),0.871699 (0.792000 + 0.079699),0.877991 (0.798300 + 0.079691),0.869896 (0.790200 + 0.079696),0.863250 (0.783000 + 0.080250),0.866488 (0.787500 + 0.078988),0.866982 (0.787500 + 0.079482),0.864309 (0.784800 + 0.079509),0.868275 (0.788400 + 0.079875),0.863490 (0.783900 + 0.079590),0.864743 (0.784800 + 0.079943),0.858065 (0.779400 + 0.078665),0.872669 (0.792900 + 0.079769),0.874561 (0.794700 + 0.079861),0.860408 (0.781200 + 0.079208),0.873901 (0.793800 + 0.080101),0.867379 (0.788400 + 0.078979),0.875156 (0.795600 + 0.079556),0.868050 (0.788400 + 0.079650),0.876171 (0.796500 + 0.079671),0.868327 (0.789300 + 0.079027),0.857308 (0.777600 + 0.079708),0.870145 (0.790200 + 0.079945),0.857980 (0.777600 + 0.080380),0.869424 (0.790200 + 0.079224),0.873473 (0.793800 + 0.079673),0.875434 (0.795600 + 0.079834),0.871871 (0.792000 + 0.079871),0.866791 (0.787500 + 0.079291),0.875374 (0.795600 + 0.079774),0.870145 (0.790200 + 0.079945),0.868813 (0.789300 + 0.079513),0.874650 (0.794700 + 0.079950),0.867798 (0.788400 + 0.079398),0.874046 (0.794700 + 0.079346),0.870022 (0.790200 + 0.079822),0.865202 (0.785700 + 0.079502),0.865696 (0.785700 + 0.079996),0.872236 (0.792900 + 0.079336),0.863846 (0.784800 + 0.079046),0.865390 (0.785700 + 0.079690),0.863332 (0.783900 + 0.079432),0.864469 (0.784800 + 0.079669),0.865288 (0.786600 + 0.078688),0.866019 (0.786600 + 0.079419),0.863103 (0.783900 + 0.079203),0.872808 (0.793800 + 0.079008)
99,0.886250 (0.806400 + 0.079850),0.868219 (0.788400 + 0.079819),0.867967 (0.788400 + 0.079567),0.867698 (0.787500 + 0.080198),0.858486 (0.779400 + 0.079086),0.865287 (0.785700 + 0.079587),0.867944 (0.788400 + 0.079544),0.874385 (0.794700 + 0.079686),0.865133 (0.785700 + 0.079433),0.872182 (0.792900 + 0.079282),0.870372 (0.791100 + 0.079272),0.872106 (0.792900 + 0.079206),0.868432 (0.789300 + 0.079132),0.874902 (0.794700 + 0.080202),0.864641 (0.785700 + 0.078941),0.864313 (0.784800 + 0.079514),0.873222 (0.793800 + 0.079422),0.877963 (0.798300 + 0.079663),0.872245 (0.792900 + 0.079345),0.875359 (0.795600 + 0.079759),0.866599 (0.786600 + 0.079999),0.878931 (0.799200 + 0.079731),0.873464 (0.793800 + 0.079664),0.867364 (0.787500 + 0.079864),0.869012 (0.790200 + 0.078812),0.871680 (0.792000 + 0.079681),0.866791 (0.787500 + 0.079291),0.862567 (0.783000 + 0.079567),0.869705 (0.790200 + 0.079505),0.870608 (0.791100 + 0.079508),0.869876 (0.790200 + 0.079676),0.863518 (0.783900 + 0.079618),0.877960 (0.798300 + 0.079660),0.869043 (0.789300 + 0.079743),0.862826 (0.783000 + 0.079826),0.872831 (0.792900 + 0.079931),0.861944 (0.783000 + 0.078944),0.856433 (0.776700 + 0.079733),0.852652 (0.773100 + 0.079552),0.868046 (0.788400 + 0.079646),0.868230 (0.788400 + 0.079830),0.869358 (0.789300 + 0.080058),0.860513 (0.781200 + 0.079313),0.874074 (0.794700 + 0.079374),0.875249 (0.795600 + 0.079649),0.873542 (0.793800 + 0.079742),0.854668 (0.774900 + 0.079768),0.874650 (0.794700 + 0.079950),0.866019 (0.786600 + 0.079419),0.868304 (0.789300 + 0.079005),0.874839 (0.795600 + 0.079239),0.882527 (0.802800 + 0.079727),0.876465 (0.797400 + 0.079065),0.874046 (0.794700 + 0.079346),0.864418 (0.784800 + 0.079618),0.862647 (0.783000 + 0.079647),0.851398 (0.772200 + 0.079198),0.858497 (0.778500 + 0.079997),0.875446 (0.795600 + 0.079847),0.863230 (0.783900 + 0.079330),0.877510 (0.798300 + 0.079210),0.866047 (0.786600 + 0.079447),0.868970 (0.789300 + 0.079670),0.867260 (0.787500 + 0.079760),0.866841 (0.787500 + 0.079342),0.861213 (0.783000 + 0.078213),0.868207 (0.788400 + 0.079807),0.870213 (0.790200 + 0.080013),0.860649 (0.781200 + 0.079449),0.873548 (0.793800 + 0.079748),0.865100 (0.785700 + 0.079400),0.860735 (0.781200 + 0.079535),0.861055 (0.781200 + 0.079856),0.860983 (0.781200 + 0.079783),0.868644 (0.789300 + 0.079344),0.869858 (0.790200 + 0.079658),0.853993 (0.774900 + 0.079093),0.868767 (0.789300 + 0.079467),0.862469 (0.783000 + 0.079469),0.861563 (0.782100 + 0.079463),0.871763 (0.792900 + 0.078863),0.876359 (0.796500 + 0.079859),0.862565 (0.783000 + 0.079565),0.866071 (0.786600 + 0.079471),0.876743 (0.797400 + 0.079343),0.872808 (0.793800 + 0.079008),0.865696 (0.785700 + 0.079996),0.867277 (0.787500 + 0.079777),0.865390 (0.785700 + 0.079690),0.863556 (0.783900 + 0.079656),0.864983 (0.785700 + 0.079283),0.863596 (0.783900 + 0.079696),0.873223 (0.793800 + 0.079423),0.861908 (0.782100 + 0.079808),0.877581 (0.798300 + 0.079281),0.868818 (0.789300 + 0.079518),0.864402 (0.785700 + 0.078702),0.870636 (0.791100 + 0.079537),0.861314 (0.782100 + 0.079214),0.871425 (0.792000 + 0.079425)
100,0.886250 (0.806400 + 0.079850),0.867277 (0.787500 + 0.079777),0.861055 (0.781200 + 0.079856),0.868713 (0.789300 + 0.079413),0.870710 (0.791100 + 0.079610),0.875418 (0.795600 + 0.079818),0.868552 (0.789300 + 0.079252),0.879976 (0.800100 + 0.079876),0.867906 (0.788400 + 0.079506),0.870818 (0.791100 + 0.079718),0.860520 (0.781200 + 0.079321),0.874561 (0.794700 + 0.079861),0.873571 (0.793800 + 0.079771),0.862598 (0.783000 + 0.079598),0.862145 (0.783000 + 0.079145),0.864624 (0.784800 + 0.079824),0.869659 (0.790200 + 0.079459),0.862825 (0.783900 + 0.078925),0.862360 (0.783000 + 0.079360),0.868071 (0.788400 + 0.079671),0.861271 (0.782100 + 0.079171),0.864499 (0.785700 + 0.078799),0.866988 (0.787500 + 0.079488),0.862737 (0.783900 + 0.078837),0.854483 (0.774900 + 0.079583),0.867249 (0.787500 + 0.079749),0.866341 (0.786600 + 0.079741),0.860840 (0.781200 + 0.079640),0.869569 (0.790200 + 0.079369),0.863413 (0.783900 + 0.079513),0.869271 (0.790200 + 0.079071),0.863947 (0.784800 + 0.079147),0.879795 (0.800100 + 0.079695),0.861673 (0.782100 + 0.079573),0.864693 (0.784800 + 0.079893),0.867626 (0.788400 + 0.079226),0.870677 (0.791100 + 0.079578),0.871079 (0.791100 + 0.079979),0.870752 (0.791100 + 0.079652),0.876465 (0.797400 + 0.079065),0.868230 (0.788400 + 0.079830),0.869705 (0.790200 + 0.079505),0.858486 (0.779400 + 0.079086),0.867059 (0.787500 + 0.079559),0.869727 (0.790200 + 0.079527),0.860753 (0.781200 + 0.079553),0.864981 (0.784800 + 0.080181),0.872685 (0.792900 + 0.079785),0.866725 (0.787500 + 0.079225),0.858691 (0.779400 + 0.079291),0.864588 (0.784800 + 0.079789),0.863695 (0.783900 + 0.079795),0.858679 (0.779400 + 0.079279),0.859130 (0.779400 + 0.079730),0.872952 (0.792900 + 0.080052),0.878227 (0.798300 + 0.079927),0.866529 (0.786600 + 0.079929),0.877581 (0.798300 + 0.079281),0.877581 (0.798300 + 0.079281),0.868053 (0.788400 + 0.079653),0.874463 (0.794700 + 0.079763),0.868846 (0.789300 + 0.079546),0.867219 (0.787500 + 0.079719),0.860162 (0.780300 + 0.079862),0.876204 (0.796500 + 0.079704),0.865171 (0.785700 + 0.079471),0.869316 (0.789300 + 0.080017),0.882238 (0.802800 + 0.079438),0.859904 (0.780300 + 0.079604),0.868147 (0.788400 + 0.079747),0.870215 (0.791100 + 0.079115),0.868853 (0.789300 + 0.079553),0.868067 (0.788400 + 0.079667),0.870767 (0.791100 + 0.079667),0.866914 (0.787500 + 0.079414),0.863642 (0.783900 + 0.079742),0.860395 (0.781200 + 0.079195),0.869828 (0.790200 + 0.079628),0.869876 (0.790200 + 0.079676),0.872669 (0.792900 + 0.079769),0.872325 (0.792900 + 0.079425),0.865657 (0.785700 + 0.079957),0.872102 (0.792900 + 0.079202),0.867103 (0.787500 + 0.079603),0.865785 (0.786600 + 0.079185),0.881733 (0.801900 + 0.079833),0.864890 (0.785700 + 0.079190),0.869034 (0.789300 + 0.079734),0.863603 (0.783900 + 0.079703),0.867608 (0.788400 + 0.079208),0.856524 (0.777600 + 0.078924),0.857665 (0.778500 + 0.079165),0.861183 (0.781200 + 0.079983),0.866887 (0.787500 + 0.079387),0.866443 (0.787500 + 0.078943),0.862566 (0.783000 + 0.079566),0.855654 (0.775800 + 0.079854),0.871812 (0.792000 + 0.079812),0.870683 (0.791100 + 0.079583),0.866047 (0.786600 + 0.079447)
