Generation,Entry1,Entry2,Entry3,Entry4,Entry5,Entry6,Entry7,Entry8,Entry9,Entry10,Entry11,Entry12,Entry13,Entry14,Entry15,Entry16,Entry17,Entry18,Entry19,Entry20,Entry21,Entry22,Entry23,Entry24,Entry25,Entry26,Entry27,Entry28,Entry29,Entry30,Entry31,Entry32,Entry33,Entry34,Entry35,Entry36,Entry37,Entry38,Entry39,Entry40,Entry41,Entry42,Entry43,Entry44,Entry45,Entry46,Entry47,Entry48,Entry49,Entry50,Entry51,Entry52,Entry53,Entry54,Entry55,Entry56,Entry57,Entry58,Entry59,Entry60,Entry61,Entry62,Entry63,Entry64,Entry65,Entry66,Entry67,Entry68,Entry69,Entry70,Entry71,Entry72,Entry73,Entry74,Entry75,Entry76,Entry77,Entry78,Entry79,Entry80,Entry81,Entry82,Entry83,Entry84,Entry85,Entry86,Entry87,Entry88,Entry89,Entry90,Entry91,Entry92,Entry93,Entry94,Entry95,Entry96,Entry97,Entry98,Entry99,Entry100
1,0.800551 (0.719100 + 0.081451),0.832695 (0.749700 + 0.082995),0.811718 (0.729900 + 0.081818),0.813053 (0.730800 + 0.082253),0.805582 (0.724500 + 0.081082),0.807935 (0.725400 + 0.082535),0.818047 (0.735300 + 0.082747),0.798189 (0.715500 + 0.082689),0.804206 (0.722700 + 0.081506),0.798560 (0.716400 + 0.082160),0.831016 (0.749700 + 0.081316),0.817957 (0.735300 + 0.082657),0.808993 (0.726300 + 0.082693),0.810530 (0.728100 + 0.082430),0.819632 (0.737100 + 0.082532),0.814292 (0.730800 + 0.083492),0.808508 (0.727200 + 0.081308),0.799524 (0.717300 + 0.082224),0.808922 (0.728100 + 0.080822),0.818403 (0.736200 + 0.082203),0.812286 (0.729900 + 0.082386),0.808596 (0.726300 + 0.082296),0.826270 (0.743400 + 0.082870),0.819475 (0.737100 + 0.082375),0.826891 (0.744300 + 0.082591),0.813418 (0.730800 + 0.082618),0.814221 (0.731700 + 0.082521),0.817767 (0.735300 + 0.082467),0.823272 (0.739800 + 0.083472),0.829515 (0.747900 + 0.081615),0.790681 (0.708300 + 0.082381),0.789727 (0.708300 + 0.081427),0.828791 (0.747000 + 0.081791),0.832899 (0.750600 + 0.082299),0.796631 (0.714600 + 0.082031),0.817852 (0.735300 + 0.082552),0.822833 (0.740700 + 0.082133),0.829913 (0.747900 + 0.082013),0.818325 (0.735300 + 0.083025),0.817787 (0.736200 + 0.081587),0.821531 (0.738900 + 0.082631),0.804503 (0.721800 + 0.082703),0.804259 (0.721800 + 0.082459),0.803401 (0.721800 + 0.081601),0.807476 (0.725400 + 0.082076),0.802260 (0.720000 + 0.082260),0.829946 (0.748800 + 0.081146),0.818152 (0.736200 + 0.081952),0.811391 (0.729900 + 0.081491),0.821977 (0.739800 + 0.082177),0.811642 (0.729900 + 0.081742),0.810878 (0.729000 + 0.081878),0.821789 (0.738900 + 0.082889),0.807521 (0.725400 + 0.082121),0.818018 (0.736200 + 0.081818),0.812853 (0.730800 + 0.082053),0.822285 (0.738900 + 0.083385),0.826731 (0.744300 + 0.082431),0.831682 (0.749700 + 0.081982),0.829240 (0.747900 + 0.081340),0.809698 (0.728100 + 0.081598),0.817626 (0.735300 + 0.082326),0.807525 (0.725400 + 0.082125),0.832363 (0.750600 + 0.081763),0.820776 (0.738000 + 0.082776),0.808976 (0.728100 + 0.080876),0.810164 (0.728100 + 0.082064),0.820416 (0.738000 + 0.082416),0.802030 (0.720000 + 0.082030),0.816846 (0.735300 + 0.081546),0.808606 (0.726300 + 0.082306),0.820401 (0.738000 + 0.082401),0.805678 (0.723600 + 0.082078),0.814645 (0.733500 + 0.081145),0.804336 (0.721800 + 0.082536),0.816880 (0.733500 + 0.083380),0.809930 (0.728100 + 0.081830),0.823584 (0.741600 + 0.081984),0.799015 (0.717300 + 0.081715),0.808648 (0.726300 + 0.082348),0.801968 (0.719100 + 0.082868),0.807908 (0.725400 + 0.082508),0.801828 (0.719100 + 0.082728),0.815545 (0.733500 + 0.082045),0.817084 (0.734400 + 0.082684),0.823509 (0.740700 + 0.082809),0.830201 (0.746100 + 0.084101),0.820066 (0.737100 + 0.082966),0.824775 (0.741600 + 0.083175),0.810574 (0.729000 + 0.081574),0.811965 (0.729900 + 0.082065),0.819025 (0.735300 + 0.083725),0.819054 (0.736200 + 0.082854),0.794043 (0.711900 + 0.082143),0.817910 (0.735300 + 0.082610),0.813727 (0.731700 + 0.082027),0.817465 (0.735300 + 0.082165),0.812273 (0.730800 + 0.081473),0.818761 (0.736200 + 0.082561),0.821453 (0.739800 + 0.081653)
2,0.800551 (0.719100 + 0.081451),0.832695 (0.749700 + 0.082995),0.811718 (0.729900 + 0.081818),0.813053 (0.730800 + 0.082253),0.805582 (0.724500 + 0.081082),0.807935 (0.725400 + 0.082535),0.818047 (0.735300 + 0.082747),0.798189 (0.715500 + 0.082689),0.804206 (0.722700 + 0.081506),0.798560 (0.716400 + 0.082160),0.831016 (0.749700 + 0.081316),0.817957 (0.735300 + 0.082657),0.808993 (0.726300 + 0.082693),0.810530 (0.728100 + 0.082430),0.819632 (0.737100 + 0.082532),0.814292 (0.730800 + 0.083492),0.808508 (0.727200 + 0.081308),0.799524 (0.717300 + 0.082224),0.808922 (0.728100 + 0.080822),0.818403 (0.736200 + 0.082203),0.812286 (0.729900 + 0.082386),0.808596 (0.726300 + 0.082296),0.826270 (0.743400 + 0.082870),0.819475 (0.737100 + 0.082375),0.826891 (0.744300 + 0.082591),0.813418 (0.730800 + 0.082618),0.814221 (0.731700 + 0.082521),0.817767 (0.735300 + 0.082467),0.823272 (0.739800 + 0.083472),0.829515 (0.747900 + 0.081615),0.790681 (0.708300 + 0.082381),0.789727 (0.708300 + 0.081427),0.828791 (0.747000 + 0.081791),0.832899 (0.750600 + 0.082299),0.796631 (0.714600 + 0.082031),0.817852 (0.735300 + 0.082552),0.822833 (0.740700 + 0.082133),0.829913 (0.747900 + 0.082013),0.818325 (0.735300 + 0.083025),0.817787 (0.736200 + 0.081587),0.821531 (0.738900 + 0.082631),0.804503 (0.721800 + 0.082703),0.804259 (0.721800 + 0.082459),0.803401 (0.721800 + 0.081601),0.807476 (0.725400 + 0.082076),0.802260 (0.720000 + 0.082260),0.829946 (0.748800 + 0.081146),0.818152 (0.736200 + 0.081952),0.811391 (0.729900 + 0.081491),0.821977 (0.739800 + 0.082177),0.811642 (0.729900 + 0.081742),0.810878 (0.729000 + 0.081878),0.821789 (0.738900 + 0.082889),0.807521 (0.725400 + 0.082121),0.818018 (0.736200 + 0.081818),0.812853 (0.730800 + 0.082053),0.822285 (0.738900 + 0.083385),0.826731 (0.744300 + 0.082431),0.831682 (0.749700 + 0.081982),0.829240 (0.747900 + 0.081340),0.809698 (0.728100 + 0.081598),0.817626 (0.735300 + 0.082326),0.807525 (0.725400 + 0.082125),0.832363 (0.750600 + 0.081763),0.820776 (0.738000 + 0.082776),0.808976 (0.728100 + 0.080876),0.810164 (0.728100 + 0.082064),0.820416 (0.738000 + 0.082416),0.802030 (0.720000 + 0.082030),0.816846 (0.735300 + 0.081546),0.808606 (0.726300 + 0.082306),0.820401 (0.738000 + 0.082401),0.805678 (0.723600 + 0.082078),0.814645 (0.733500 + 0.081145),0.804336 (0.721800 + 0.082536),0.816880 (0.733500 + 0.083380),0.809930 (0.728100 + 0.081830),0.823584 (0.741600 + 0.081984),0.799015 (0.717300 + 0.081715),0.808648 (0.726300 + 0.082348),0.801968 (0.719100 + 0.082868),0.807908 (0.725400 + 0.082508),0.801828 (0.719100 + 0.082728),0.815545 (0.733500 + 0.082045),0.817084 (0.734400 + 0.082684),0.823509 (0.740700 + 0.082809),0.830201 (0.746100 + 0.084101),0.820066 (0.737100 + 0.082966),0.824775 (0.741600 + 0.083175),0.810574 (0.729000 + 0.081574),0.811965 (0.729900 + 0.082065),0.819025 (0.735300 + 0.083725),0.819054 (0.736200 + 0.082854),0.794043 (0.711900 + 0.082143),0.817910 (0.735300 + 0.082610),0.813727 (0.731700 + 0.082027),0.817465 (0.735300 + 0.082165),0.812273 (0.730800 + 0.081473),0.818761 (0.736200 + 0.082561),0.821453 (0.739800 + 0.081653)
3,0.832899 (0.750600 + 0.082299),0.832695 (0.749700 + 0.082995),0.832363 (0.750600 + 0.081763),0.815591 (0.733500 + 0.082091),0.834222 (0.752400 + 0.081822),0.816345 (0.735300 + 0.081045),0.825287 (0.742500 + 0.082787),0.824724 (0.742500 + 0.082224),0.808598 (0.727200 + 0.081398),0.821510 (0.738000 + 0.083510),0.836828 (0.755100 + 0.081728),0.806507 (0.723600 + 0.082907),0.831294 (0.749700 + 0.081594),0.815263 (0.732600 + 0.082663),0.820415 (0.738900 + 0.081515),0.810790 (0.729000 + 0.081790),0.821905 (0.739800 + 0.082105),0.809726 (0.729000 + 0.080726),0.808976 (0.728100 + 0.080876),0.830342 (0.747000 + 0.083342),0.821502 (0.739800 + 0.081702),0.810447 (0.728100 + 0.082347),0.815743 (0.733500 + 0.082243),0.827099 (0.744300 + 0.082799),0.812686 (0.729900 + 0.082786),0.817813 (0.735300 + 0.082513),0.821330 (0.738900 + 0.082430),0.824044 (0.740700 + 0.083344),0.816812 (0.733500 + 0.083312),0.825356 (0.742500 + 0.082857),0.819513 (0.737100 + 0.082413),0.828873 (0.747900 + 0.080973),0.823297 (0.740700 + 0.082597),0.807475 (0.726300 + 0.081176),0.823682 (0.740700 + 0.082982),0.836660 (0.754200 + 0.082460),0.804691 (0.722700 + 0.081991),0.819802 (0.738000 + 0.081802),0.808934 (0.727200 + 0.081734),0.817460 (0.734400 + 0.083060),0.819041 (0.737100 + 0.081941),0.822707 (0.740700 + 0.082007),0.826653 (0.744300 + 0.082353),0.820437 (0.738900 + 0.081537),0.827079 (0.743400 + 0.083679),0.828919 (0.747900 + 0.081019),0.805058 (0.723600 + 0.081458),0.826803 (0.745200 + 0.081603),0.812373 (0.729900 + 0.082473),0.821789 (0.738900 + 0.082889),0.807908 (0.725400 + 0.082508),0.826778 (0.744300 + 0.082478),0.830026 (0.747000 + 0.083026),0.819632 (0.737100 + 0.082532),0.819632 (0.737100 + 0.082532),0.833261 (0.752400 + 0.080861),0.820037 (0.738000 + 0.082037),0.812525 (0.730800 + 0.081725),0.794613 (0.713700 + 0.080913),0.821476 (0.739800 + 0.081676),0.818018 (0.736200 + 0.081818),0.826743 (0.745200 + 0.081543),0.823699 (0.741600 + 0.082099),0.807118 (0.724500 + 0.082618),0.808079 (0.726300 + 0.081779),0.814787 (0.732600 + 0.082187),0.813443 (0.731700 + 0.081743),0.823017 (0.740700 + 0.082316),0.825695 (0.744300 + 0.081395),0.814515 (0.731700 + 0.082815),0.815645 (0.733500 + 0.082145),0.817875 (0.735300 + 0.082575),0.821364 (0.738900 + 0.082464),0.824014 (0.741600 + 0.082414),0.816835 (0.735300 + 0.081535),0.845244 (0.762300 + 0.082944),0.805139 (0.723600 + 0.081539),0.820670 (0.738000 + 0.082670),0.821509 (0.738900 + 0.082609),0.811081 (0.729000 + 0.082081),0.817719 (0.736200 + 0.081519),0.838733 (0.756900 + 0.081833),0.816079 (0.734400 + 0.081679),0.823659 (0.740700 + 0.082959),0.828330 (0.747000 + 0.081330),0.806696 (0.724500 + 0.082196),0.822239 (0.739800 + 0.082439),0.813958 (0.732600 + 0.081358),0.809369 (0.728100 + 0.081269),0.821998 (0.739800 + 0.082198),0.817465 (0.735300 + 0.082165),0.815844 (0.734400 + 0.081444),0.820755 (0.738900 + 0.081855),0.812960 (0.730800 + 0.082160),0.817810 (0.736200 + 0.081610),0.814234 (0.732600 + 0.081634),0.826686 (0.743400 + 0.083286),0.815420 (0.733500 + 0.081920),0.817004 (0.735300 + 0.081704),0.825389 (0.743400 + 0.081989)
4,0.845244 (0.762300 + 0.082944),0.838733 (0.756900 + 0.081833),0.836828 (0.755100 + 0.081728),0.830160 (0.748800 + 0.081360),0.823478 (0.740700 + 0.082778),0.825230 (0.742500 + 0.082730),0.823188 (0.740700 + 0.082488),0.814990 (0.731700 + 0.083290),0.808500 (0.726300 + 0.082200),0.811802 (0.729900 + 0.081902),0.835394 (0.751500 + 0.083894),0.819779 (0.737100 + 0.082679),0.825101 (0.741600 + 0.083501),0.828942 (0.746100 + 0.082842),0.836092 (0.754200 + 0.081892),0.813140 (0.731700 + 0.081440),0.819575 (0.736200 + 0.083375),0.832899 (0.750600 + 0.082299),0.832899 (0.750600 + 0.082299),0.832324 (0.749700 + 0.082624),0.828624 (0.746100 + 0.082524),0.841216 (0.758700 + 0.082516),0.827782 (0.746100 + 0.081682),0.836394 (0.754200 + 0.082194),0.828559 (0.746100 + 0.082459),0.845951 (0.763200 + 0.082751),0.810457 (0.728100 + 0.082357),0.819525 (0.737100 + 0.082425),0.817590 (0.737100 + 0.080490),0.808186 (0.726300 + 0.081886),0.841540 (0.759600 + 0.081940),0.842386 (0.760500 + 0.081886),0.812257 (0.729900 + 0.082357),0.805806 (0.724500 + 0.081306),0.826021 (0.744300 + 0.081721),0.817284 (0.735300 + 0.081984),0.821388 (0.739800 + 0.081588),0.826134 (0.743400 + 0.082734),0.830511 (0.748800 + 0.081711),0.822730 (0.740700 + 0.082030),0.822353 (0.739800 + 0.082553),0.819671 (0.737100 + 0.082571),0.823834 (0.742500 + 0.081334),0.824014 (0.741600 + 0.082414),0.824014 (0.741600 + 0.082414),0.819404 (0.737100 + 0.082304),0.819750 (0.737100 + 0.082650),0.821160 (0.738900 + 0.082260),0.821748 (0.738900 + 0.082849),0.810811 (0.727200 + 0.083611),0.828586 (0.746100 + 0.082486),0.818879 (0.737100 + 0.081779),0.832636 (0.750600 + 0.082036),0.820370 (0.738900 + 0.081470),0.822243 (0.740700 + 0.081543),0.814797 (0.732600 + 0.082197),0.823370 (0.741600 + 0.081770),0.815204 (0.733500 + 0.081704),0.818530 (0.737100 + 0.081430),0.833089 (0.750600 + 0.082489),0.816784 (0.734400 + 0.082384),0.824362 (0.742500 + 0.081862),0.816711 (0.735300 + 0.081411),0.822707 (0.740700 + 0.082007),0.813773 (0.731700 + 0.082073),0.821998 (0.739800 + 0.082198),0.820037 (0.738000 + 0.082037),0.832695 (0.749700 + 0.082995),0.816345 (0.735300 + 0.081045),0.817287 (0.735300 + 0.081987),0.834216 (0.752400 + 0.081816),0.822179 (0.740700 + 0.081479),0.822626 (0.740700 + 0.081926),0.822727 (0.740700 + 0.082027),0.825586 (0.743400 + 0.082186),0.825989 (0.744300 + 0.081689),0.824449 (0.741600 + 0.082849),0.810759 (0.728100 + 0.082659),0.841293 (0.758700 + 0.082593),0.813449 (0.732600 + 0.080849),0.829427 (0.747900 + 0.081527),0.819816 (0.738900 + 0.080916),0.825989 (0.744300 + 0.081689),0.826997 (0.745200 + 0.081797),0.842483 (0.759600 + 0.082883),0.815331 (0.733500 + 0.081831),0.831811 (0.748800 + 0.083011),0.834909 (0.752400 + 0.082509),0.813731 (0.731700 + 0.082031),0.815947 (0.733500 + 0.082447),0.809998 (0.728100 + 0.081898),0.830026 (0.747000 + 0.083026),0.820437 (0.738900 + 0.081537),0.828142 (0.746100 + 0.082042),0.803297 (0.721800 + 0.081497),0.821509 (0.738900 + 0.082609),0.818018 (0.736200 + 0.081818),0.806163 (0.723600 + 0.082563),0.832026 (0.749700 + 0.082326),0.821737 (0.739800 + 0.081937)
5,0.845951 (0.763200 + 0.082751),0.845244 (0.762300 + 0.082944),0.842483 (0.759600 + 0.082883),0.820873 (0.739800 + 0.081073),0.825662 (0.742500 + 0.083162),0.828489 (0.745200 + 0.083289),0.810077 (0.729000 + 0.081077),0.822580 (0.739800 + 0.082780),0.830168 (0.747900 + 0.082268),0.838733 (0.756900 + 0.081833),0.827570 (0.746100 + 0.081470),0.836828 (0.755100 + 0.081728),0.830160 (0.748800 + 0.081360),0.799208 (0.717300 + 0.081908),0.803417 (0.720900 + 0.082517),0.808306 (0.726300 + 0.082006),0.817790 (0.737100 + 0.080690),0.842800 (0.761400 + 0.081400),0.822022 (0.738900 + 0.083122),0.826495 (0.745200 + 0.081295),0.818687 (0.736200 + 0.082487),0.827379 (0.745200 + 0.082179),0.839093 (0.756900 + 0.082193),0.839429 (0.756900 + 0.082529),0.829767 (0.746100 + 0.083667),0.816229 (0.733500 + 0.082729),0.817347 (0.735300 + 0.082047),0.826250 (0.744300 + 0.081950),0.819734 (0.737100 + 0.082634),0.821846 (0.738900 + 0.082946),0.822780 (0.740700 + 0.082080),0.839030 (0.756000 + 0.083030),0.825298 (0.743400 + 0.081898),0.842389 (0.758700 + 0.083689),0.844496 (0.761400 + 0.083096),0.846910 (0.765000 + 0.081910),0.825939 (0.743400 + 0.082539),0.837039 (0.755100 + 0.081939),0.829879 (0.746100 + 0.083779),0.825978 (0.744300 + 0.081678),0.810275 (0.729000 + 0.081275),0.816299 (0.735300 + 0.080999),0.823725 (0.740700 + 0.083025),0.842885 (0.761400 + 0.081485),0.836394 (0.754200 + 0.082194),0.807913 (0.726300 + 0.081613),0.843947 (0.762300 + 0.081647),0.831944 (0.749700 + 0.082244),0.828294 (0.746100 + 0.082194),0.820167 (0.738000 + 0.082167),0.832697 (0.750600 + 0.082097),0.829524 (0.747000 + 0.082524),0.815418 (0.733500 + 0.081918),0.848031 (0.766800 + 0.081231),0.825932 (0.742500 + 0.083432),0.810667 (0.729000 + 0.081667),0.833704 (0.751500 + 0.082204),0.832899 (0.750600 + 0.082299),0.813773 (0.731700 + 0.082073),0.814194 (0.731700 + 0.082494),0.821836 (0.740700 + 0.081136),0.829147 (0.746100 + 0.083047),0.829724 (0.747000 + 0.082724),0.820594 (0.738900 + 0.081694),0.824985 (0.742500 + 0.082485),0.828624 (0.746100 + 0.082524),0.819816 (0.738900 + 0.080916),0.830856 (0.749700 + 0.081156),0.817126 (0.734400 + 0.082726),0.832766 (0.749700 + 0.083066),0.831122 (0.748800 + 0.082322),0.813077 (0.731700 + 0.081377),0.835137 (0.753300 + 0.081837),0.818659 (0.736200 + 0.082459),0.824480 (0.741600 + 0.082880),0.833203 (0.751500 + 0.081703),0.814979 (0.731700 + 0.083279),0.829665 (0.747000 + 0.082665),0.828674 (0.747000 + 0.081674),0.812753 (0.729900 + 0.082854),0.842283 (0.759600 + 0.082683),0.826021 (0.744300 + 0.081721),0.823834 (0.742500 + 0.081334),0.830923 (0.748800 + 0.082123),0.836375 (0.754200 + 0.082175),0.833258 (0.750600 + 0.082658),0.823582 (0.741600 + 0.081982),0.832026 (0.749700 + 0.082326),0.825586 (0.743400 + 0.082186),0.823478 (0.740700 + 0.082778),0.828855 (0.746100 + 0.082756),0.836133 (0.754200 + 0.081933),0.847895 (0.765900 + 0.081995),0.829211 (0.747000 + 0.082211),0.843250 (0.759600 + 0.083650),0.845244 (0.762300 + 0.082944),0.835394 (0.751500 + 0.083894),0.835899 (0.754200 + 0.081699),0.821737 (0.739800 + 0.081937),0.834583 (0.750600 + 0.083983)
6,0.848031 (0.766800 + 0.081231),0.847895 (0.765900 + 0.081995),0.846910 (0.765000 + 0.081910),0.818053 (0.736200 + 0.081853),0.843163 (0.760500 + 0.082663),0.821304 (0.738900 + 0.082404),0.841682 (0.759600 + 0.082082),0.829595 (0.747000 + 0.082595),0.834539 (0.752400 + 0.082139),0.841623 (0.758700 + 0.082923),0.824049 (0.741600 + 0.082449),0.806758 (0.725400 + 0.081358),0.826789 (0.745200 + 0.081589),0.837373 (0.755100 + 0.082273),0.815422 (0.732600 + 0.082822),0.818105 (0.736200 + 0.081905),0.831959 (0.751500 + 0.080459),0.841019 (0.757800 + 0.083219),0.832280 (0.750600 + 0.081680),0.832618 (0.750600 + 0.082018),0.826083 (0.745200 + 0.080883),0.827917 (0.746100 + 0.081817),0.820026 (0.738000 + 0.082026),0.829781 (0.747900 + 0.081881),0.811963 (0.729900 + 0.082064),0.826927 (0.744300 + 0.082627),0.836223 (0.753300 + 0.082923),0.839951 (0.756900 + 0.083050),0.837697 (0.755100 + 0.082597),0.830252 (0.747000 + 0.083252),0.837186 (0.754200 + 0.082986),0.824637 (0.740700 + 0.083937),0.825326 (0.742500 + 0.082826),0.828162 (0.744300 + 0.083862),0.832683 (0.749700 + 0.082983),0.829794 (0.747900 + 0.081894),0.838322 (0.756000 + 0.082322),0.816288 (0.733500 + 0.082788),0.821635 (0.739800 + 0.081835),0.833408 (0.750600 + 0.082808),0.824689 (0.742500 + 0.082189),0.846917 (0.765000 + 0.081917),0.829975 (0.747900 + 0.082075),0.835894 (0.754200 + 0.081694),0.854220 (0.771300 + 0.082920),0.845244 (0.762300 + 0.082944),0.825932 (0.742500 + 0.083432),0.829795 (0.746100 + 0.083695),0.820971 (0.738000 + 0.082971),0.826421 (0.744300 + 0.082121),0.831349 (0.749700 + 0.081649),0.828489 (0.745200 + 0.083289),0.826021 (0.744300 + 0.081721),0.831112 (0.748800 + 0.082312),0.821894 (0.739800 + 0.082094),0.839163 (0.756000 + 0.083163),0.836490 (0.753300 + 0.083190),0.825159 (0.743400 + 0.081759),0.832218 (0.750600 + 0.081618),0.837909 (0.756000 + 0.081909),0.835869 (0.753300 + 0.082569),0.835704 (0.753300 + 0.082404),0.842489 (0.760500 + 0.081989),0.825959 (0.743400 + 0.082559),0.833366 (0.751500 + 0.081866),0.836828 (0.755100 + 0.081728),0.830923 (0.748800 + 0.082123),0.838601 (0.756000 + 0.082601),0.826681 (0.743400 + 0.083282),0.831395 (0.748800 + 0.082595),0.822102 (0.739800 + 0.082302),0.831609 (0.749700 + 0.081909),0.839722 (0.756900 + 0.082822),0.827854 (0.746100 + 0.081754),0.838549 (0.756900 + 0.081649),0.833215 (0.749700 + 0.083515),0.833557 (0.751500 + 0.082057),0.831448 (0.748800 + 0.082648),0.827506 (0.745200 + 0.082306),0.827918 (0.746100 + 0.081818),0.828258 (0.746100 + 0.082158),0.842260 (0.760500 + 0.081760),0.821046 (0.738900 + 0.082146),0.836375 (0.754200 + 0.082175),0.833203 (0.751500 + 0.081703),0.842483 (0.759600 + 0.082883),0.825932 (0.742500 + 0.083432),0.828741 (0.746100 + 0.082641),0.815697 (0.733500 + 0.082197),0.824979 (0.742500 + 0.082479),0.816512 (0.733500 + 0.083012),0.827723 (0.745200 + 0.082523),0.829696 (0.747900 + 0.081796),0.825242 (0.743400 + 0.081842),0.830081 (0.747900 + 0.082181),0.827999 (0.746100 + 0.081899),0.825542 (0.744300 + 0.081242),0.818928 (0.737100 + 0.081828),0.831746 (0.748800 + 0.082946),0.821287 (0.738900 + 0.082387)
7,0.854220 (0.771300 + 0.082920),0.848031 (0.766800 + 0.081231),0.847895 (0.765900 + 0.081995),0.827078 (0.745200 + 0.081878),0.832931 (0.750600 + 0.082331),0.846910 (0.765000 + 0.081910),0.826521 (0.745200 + 0.081321),0.839366 (0.756900 + 0.082466),0.824889 (0.742500 + 0.082390),0.824756 (0.742500 + 0.082256),0.838378 (0.756000 + 0.082378),0.827290 (0.744300 + 0.082990),0.827639 (0.747000 + 0.080639),0.834331 (0.752400 + 0.081931),0.842498 (0.760500 + 0.081998),0.834985 (0.752400 + 0.082585),0.827859 (0.745200 + 0.082659),0.819419 (0.735300 + 0.084119),0.828230 (0.745200 + 0.083030),0.823973 (0.741600 + 0.082373),0.833297 (0.751500 + 0.081797),0.819424 (0.736200 + 0.083224),0.813345 (0.731700 + 0.081645),0.824904 (0.743400 + 0.081504),0.835103 (0.753300 + 0.081803),0.840246 (0.758700 + 0.081546),0.832621 (0.750600 + 0.082021),0.822600 (0.739800 + 0.082800),0.828808 (0.747000 + 0.081808),0.828054 (0.746100 + 0.081954),0.842452 (0.759600 + 0.082852),0.832080 (0.751500 + 0.080580),0.831613 (0.748800 + 0.082813),0.817245 (0.735300 + 0.081945),0.829561 (0.746100 + 0.083461),0.837957 (0.755100 + 0.082857),0.832702 (0.750600 + 0.082102),0.832001 (0.749700 + 0.082301),0.828903 (0.746100 + 0.082803),0.837904 (0.755100 + 0.082804),0.838434 (0.756900 + 0.081534),0.829696 (0.747900 + 0.081796),0.837909 (0.756000 + 0.081909),0.841730 (0.759600 + 0.082130),0.839493 (0.757800 + 0.081693),0.836239 (0.754200 + 0.082039),0.848665 (0.766800 + 0.081865),0.830257 (0.747000 + 0.083257),0.822334 (0.739800 + 0.082534),0.828854 (0.747000 + 0.081854),0.829884 (0.747900 + 0.081984),0.827002 (0.745200 + 0.081802),0.828715 (0.747000 + 0.081715),0.842501 (0.759600 + 0.082901),0.845175 (0.763200 + 0.081975),0.828254 (0.745200 + 0.083054),0.822444 (0.740700 + 0.081744),0.829549 (0.747000 + 0.082549),0.836818 (0.754200 + 0.082618),0.838383 (0.756900 + 0.081483),0.831517 (0.748800 + 0.082717),0.823490 (0.740700 + 0.082790),0.838790 (0.756900 + 0.081890),0.842483 (0.759600 + 0.082883),0.837697 (0.755100 + 0.082597),0.840746 (0.758700 + 0.082046),0.825753 (0.743400 + 0.082353),0.846837 (0.765000 + 0.081837),0.827999 (0.746100 + 0.081899),0.829884 (0.748800 + 0.081084),0.819829 (0.737100 + 0.082729),0.841097 (0.758700 + 0.082397),0.829436 (0.746100 + 0.083336),0.828788 (0.746100 + 0.082688),0.836919 (0.754200 + 0.082719),0.854220 (0.771300 + 0.082920),0.854220 (0.771300 + 0.082920),0.840874 (0.757800 + 0.083074),0.826214 (0.744300 + 0.081914),0.839163 (0.756000 + 0.083163),0.834539 (0.752400 + 0.082139),0.843947 (0.762300 + 0.081647),0.827554 (0.745200 + 0.082354),0.844365 (0.762300 + 0.082065),0.837525 (0.755100 + 0.082425),0.828795 (0.746100 + 0.082695),0.819914 (0.738000 + 0.081914),0.824689 (0.742500 + 0.082189),0.834539 (0.752400 + 0.082139),0.832683 (0.749700 + 0.082983),0.842489 (0.760500 + 0.081989),0.827728 (0.745200 + 0.082528),0.836357 (0.753300 + 0.083057),0.841568 (0.759600 + 0.081968),0.829777 (0.747000 + 0.082777),0.840378 (0.758700 + 0.081678),0.831799 (0.749700 + 0.082099),0.847018 (0.764100 + 0.082918),0.833808 (0.750600 + 0.083208),0.837151 (0.755100 + 0.082051)
8,0.854220 (0.771300 + 0.082920),0.854220 (0.771300 + 0.082920),0.854220 (0.771300 + 0.082920),0.842005 (0.760500 + 0.081505),0.836943 (0.755100 + 0.081843),0.827289 (0.744300 + 0.082989),0.836715 (0.755100 + 0.081616),0.834679 (0.752400 + 0.082279),0.842619 (0.759600 + 0.083019),0.836841 (0.755100 + 0.081741),0.832322 (0.748800 + 0.083522),0.830049 (0.747900 + 0.082149),0.842271 (0.759600 + 0.082671),0.847614 (0.765000 + 0.082614),0.839675 (0.757800 + 0.081875),0.833272 (0.752400 + 0.080872),0.831954 (0.749700 + 0.082254),0.833257 (0.750600 + 0.082657),0.857734 (0.776700 + 0.081034),0.839957 (0.757800 + 0.082157),0.831671 (0.748800 + 0.082871),0.840746 (0.758700 + 0.082046),0.829884 (0.748800 + 0.081084),0.838593 (0.756000 + 0.082593),0.831924 (0.749700 + 0.082224),0.838790 (0.756900 + 0.081890),0.837697 (0.755100 + 0.082597),0.834300 (0.751500 + 0.082800),0.834302 (0.752400 + 0.081902),0.822125 (0.740700 + 0.081425),0.843388 (0.762300 + 0.081088),0.814288 (0.732600 + 0.081688),0.835215 (0.753300 + 0.081915),0.842188 (0.759600 + 0.082588),0.828811 (0.746100 + 0.082711),0.832250 (0.749700 + 0.082550),0.834713 (0.752400 + 0.082313),0.835405 (0.752400 + 0.083005),0.835161 (0.752400 + 0.082761),0.854220 (0.771300 + 0.082920),0.843598 (0.761400 + 0.082198),0.837525 (0.755100 + 0.082425),0.832001 (0.749700 + 0.082301),0.839660 (0.757800 + 0.081860),0.836115 (0.753300 + 0.082815),0.833409 (0.749700 + 0.083709),0.835908 (0.753300 + 0.082608),0.841741 (0.759600 + 0.082141),0.831045 (0.749700 + 0.081345),0.825043 (0.742500 + 0.082543),0.828537 (0.747000 + 0.081537),0.817106 (0.735300 + 0.081806),0.839650 (0.756900 + 0.082750),0.827564 (0.745200 + 0.082364),0.830039 (0.748800 + 0.081239),0.828417 (0.746100 + 0.082317),0.831718 (0.749700 + 0.082018),0.835206 (0.753300 + 0.081906),0.838057 (0.755100 + 0.082957),0.842160 (0.760500 + 0.081660),0.848625 (0.766800 + 0.081825),0.832931 (0.750600 + 0.082331),0.829777 (0.747000 + 0.082777),0.837129 (0.754200 + 0.082929),0.849474 (0.767700 + 0.081774),0.835352 (0.752400 + 0.082952),0.835698 (0.753300 + 0.082398),0.842489 (0.760500 + 0.081989),0.842489 (0.760500 + 0.081989),0.840697 (0.758700 + 0.081997),0.829852 (0.747000 + 0.082852),0.837342 (0.754200 + 0.083142),0.842025 (0.759600 + 0.082425),0.842518 (0.759600 + 0.082918),0.837083 (0.754200 + 0.082883),0.842498 (0.760500 + 0.081998),0.836239 (0.754200 + 0.082039),0.828784 (0.746100 + 0.082684),0.833190 (0.750600 + 0.082590),0.824399 (0.742500 + 0.081899),0.843353 (0.761400 + 0.081953),0.837126 (0.754200 + 0.082926),0.831517 (0.748800 + 0.082717),0.833982 (0.751500 + 0.082482),0.826768 (0.745200 + 0.081568),0.847895 (0.765900 + 0.081995),0.838790 (0.756900 + 0.081890),0.843947 (0.762300 + 0.081647),0.841097 (0.758700 + 0.082397),0.830343 (0.749700 + 0.080643),0.828576 (0.746100 + 0.082476),0.833698 (0.752400 + 0.081298),0.845840 (0.764100 + 0.081740),0.836288 (0.754200 + 0.082088),0.814779 (0.732600 + 0.082179),0.840163 (0.757800 + 0.082363),0.848849 (0.766800 + 0.082049),0.834539 (0.752400 + 0.082139),0.836818 (0.754200 + 0.082618),0.840350 (0.758700 + 0.081650)
9,0.857734 (0.776700 + 0.081034),0.854220 (0.771300 + 0.082920),0.854220 (0.771300 + 0.082920),0.833671 (0.752400 + 0.081271),0.839248 (0.756900 + 0.082348),0.833236 (0.750600 + 0.082636),0.848109 (0.765000 + 0.083109),0.840163 (0.757800 + 0.082363),0.839650 (0.756900 + 0.082750),0.843373 (0.761400 + 0.081973),0.836656 (0.756000 + 0.080656),0.853942 (0.772200 + 0.081742),0.841094 (0.759600 + 0.081494),0.838790 (0.756900 + 0.081890),0.836715 (0.755100 + 0.081616),0.833969 (0.752400 + 0.081569),0.842698 (0.759600 + 0.083098),0.837664 (0.755100 + 0.082564),0.833921 (0.751500 + 0.082421),0.838832 (0.756000 + 0.082833),0.836547 (0.754200 + 0.082347),0.829044 (0.747900 + 0.081144),0.840412 (0.757800 + 0.082612),0.840101 (0.757800 + 0.082301),0.845936 (0.764100 + 0.081836),0.847939 (0.765900 + 0.082039),0.838515 (0.756000 + 0.082515),0.822304 (0.739800 + 0.082504),0.850882 (0.768600 + 0.082282),0.848201 (0.765900 + 0.082301),0.846934 (0.765900 + 0.081034),0.842495 (0.760500 + 0.081995),0.825603 (0.743400 + 0.082203),0.837165 (0.755100 + 0.082065),0.826428 (0.744300 + 0.082128),0.838220 (0.756000 + 0.082220),0.842176 (0.759600 + 0.082576),0.837126 (0.754200 + 0.082926),0.843598 (0.761400 + 0.082198),0.836841 (0.755100 + 0.081741),0.832985 (0.750600 + 0.082385),0.839660 (0.757800 + 0.081860),0.833698 (0.752400 + 0.081298),0.840217 (0.757800 + 0.082417),0.837666 (0.756000 + 0.081666),0.842243 (0.760500 + 0.081743),0.842397 (0.759600 + 0.082797),0.837780 (0.756000 + 0.081780),0.843389 (0.761400 + 0.081989),0.838711 (0.756000 + 0.082711),0.836934 (0.754200 + 0.082734),0.837778 (0.755100 + 0.082678),0.836930 (0.755100 + 0.081830),0.848849 (0.766800 + 0.082049),0.832250 (0.749700 + 0.082550),0.841882 (0.758700 + 0.083182),0.838007 (0.756000 + 0.082007),0.835738 (0.753300 + 0.082438),0.833425 (0.751500 + 0.081925),0.847614 (0.765000 + 0.082614),0.838057 (0.755100 + 0.082957),0.844368 (0.762300 + 0.082068),0.841345 (0.759600 + 0.081745),0.836275 (0.754200 + 0.082075),0.835082 (0.753300 + 0.081782),0.847902 (0.765000 + 0.082902),0.839219 (0.756900 + 0.082319),0.844535 (0.762300 + 0.082235),0.839951 (0.757800 + 0.082151),0.820223 (0.738000 + 0.082223),0.835244 (0.753300 + 0.081944),0.848846 (0.767700 + 0.081146),0.845175 (0.762300 + 0.082875),0.836561 (0.754200 + 0.082361),0.849589 (0.766800 + 0.082789),0.824906 (0.742500 + 0.082406),0.828087 (0.747000 + 0.081087),0.840163 (0.757800 + 0.082363),0.839675 (0.757800 + 0.081875),0.841747 (0.759600 + 0.082147),0.840545 (0.757800 + 0.082745),0.847610 (0.765900 + 0.081710),0.836782 (0.755100 + 0.081682),0.839688 (0.757800 + 0.081888),0.828577 (0.746100 + 0.082477),0.843121 (0.761400 + 0.081721),0.829251 (0.747000 + 0.082251),0.837808 (0.755100 + 0.082708),0.846115 (0.763200 + 0.082915),0.837479 (0.755100 + 0.082379),0.847793 (0.765000 + 0.082793),0.831139 (0.748800 + 0.082339),0.838504 (0.756900 + 0.081604),0.831676 (0.749700 + 0.081976),0.837967 (0.756000 + 0.081967),0.830556 (0.748800 + 0.081756),0.832740 (0.750600 + 0.082140),0.844246 (0.761400 + 0.082846),0.851576 (0.770400 + 0.081176),0.835754 (0.753300 + 0.082454)
10,0.857734 (0.776700 + 0.081034),0.854220 (0.771300 + 0.082920),0.854220 (0.771300 + 0.082920),0.852271 (0.770400 + 0.081871),0.833250 (0.750600 + 0.082650),0.834057 (0.751500 + 0.082557),0.842062 (0.760500 + 0.081562),0.849621 (0.767700 + 0.081921),0.835070 (0.752400 + 0.082670),0.829134 (0.747000 + 0.082134),0.830764 (0.747900 + 0.082864),0.841882 (0.758700 + 0.083182),0.837479 (0.755100 + 0.082379),0.838777 (0.756000 + 0.082777),0.850984 (0.768600 + 0.082384),0.850404 (0.767700 + 0.082704),0.838251 (0.756900 + 0.081351),0.842871 (0.760500 + 0.082371),0.853893 (0.771300 + 0.082593),0.833855 (0.751500 + 0.082355),0.850291 (0.768600 + 0.081691),0.854220 (0.771300 + 0.082920),0.844246 (0.761400 + 0.082846),0.843439 (0.761400 + 0.082039),0.845796 (0.763200 + 0.082596),0.848722 (0.766800 + 0.081922),0.834001 (0.751500 + 0.082501),0.847318 (0.764100 + 0.083218),0.842481 (0.759600 + 0.082881),0.844356 (0.762300 + 0.082056),0.850657 (0.769500 + 0.081157),0.853352 (0.770400 + 0.082952),0.837832 (0.756000 + 0.081832),0.839383 (0.757800 + 0.081583),0.842839 (0.759600 + 0.083239),0.837606 (0.756000 + 0.081606),0.838708 (0.756000 + 0.082708),0.843448 (0.760500 + 0.082948),0.840392 (0.757800 + 0.082592),0.843553 (0.761400 + 0.082153),0.845352 (0.764100 + 0.081252),0.839650 (0.756900 + 0.082750),0.838220 (0.756000 + 0.082220),0.832917 (0.750600 + 0.082317),0.837453 (0.755100 + 0.082353),0.852370 (0.771300 + 0.081070),0.836890 (0.754200 + 0.082690),0.844369 (0.761400 + 0.082969),0.844396 (0.761400 + 0.082997),0.842093 (0.760500 + 0.081593),0.854399 (0.773100 + 0.081299),0.848764 (0.765900 + 0.082864),0.845283 (0.764100 + 0.081183),0.845088 (0.762300 + 0.082788),0.839707 (0.758700 + 0.081007),0.851557 (0.770400 + 0.081157),0.831044 (0.748800 + 0.082244),0.839579 (0.756900 + 0.082679),0.846229 (0.763200 + 0.083030),0.838596 (0.756000 + 0.082596),0.833687 (0.751500 + 0.082187),0.827055 (0.745200 + 0.081855),0.849652 (0.766800 + 0.082852),0.838149 (0.756000 + 0.082149),0.845656 (0.764100 + 0.081556),0.854088 (0.771300 + 0.082788),0.835754 (0.753300 + 0.082454),0.835913 (0.753300 + 0.082613),0.837746 (0.755100 + 0.082646),0.842929 (0.760500 + 0.082429),0.830644 (0.747900 + 0.082744),0.842556 (0.760500 + 0.082056),0.830715 (0.748800 + 0.081915),0.845175 (0.762300 + 0.082875),0.837479 (0.755100 + 0.082379),0.848951 (0.767700 + 0.081251),0.850568 (0.768600 + 0.081968),0.823419 (0.740700 + 0.082719),0.840376 (0.757800 + 0.082576),0.847895 (0.765900 + 0.081995),0.836281 (0.753300 + 0.082981),0.851442 (0.769500 + 0.081942),0.841747 (0.759600 + 0.082147),0.839135 (0.756900 + 0.082235),0.839593 (0.757800 + 0.081793),0.834036 (0.751500 + 0.082536),0.842673 (0.760500 + 0.082173),0.845825 (0.763200 + 0.082626),0.839775 (0.757800 + 0.081975),0.838708 (0.757800 + 0.080908),0.835055 (0.752400 + 0.082655),0.837117 (0.754200 + 0.082917),0.847340 (0.765000 + 0.082340),0.839023 (0.756900 + 0.082123),0.838058 (0.756000 + 0.082058),0.840359 (0.757800 + 0.082559),0.838046 (0.756900 + 0.081146),0.840507 (0.759600 + 0.080907),0.843238 (0.760500 + 0.082738),0.841491 (0.758700 + 0.082791)
11,0.857734 (0.776700 + 0.081034),0.854399 (0.773100 + 0.081299),0.854220 (0.771300 + 0.082920),0.849691 (0.766800 + 0.082891),0.853295 (0.770400 + 0.082895),0.851858 (0.770400 + 0.081458),0.839627 (0.756900 + 0.082727),0.842929 (0.760500 + 0.082429),0.845825 (0.763200 + 0.082626),0.837252 (0.754200 + 0.083052),0.841704 (0.760500 + 0.081204),0.845613 (0.763200 + 0.082413),0.841378 (0.758700 + 0.082678),0.846337 (0.764100 + 0.082237),0.848049 (0.765900 + 0.082148),0.832252 (0.750600 + 0.081652),0.846874 (0.765900 + 0.080974),0.848783 (0.766800 + 0.081983),0.838354 (0.756000 + 0.082354),0.838806 (0.756000 + 0.082806),0.828360 (0.747000 + 0.081360),0.846205 (0.763200 + 0.083005),0.836912 (0.755100 + 0.081812),0.834857 (0.752400 + 0.082457),0.834449 (0.751500 + 0.082949),0.853893 (0.771300 + 0.082593),0.847340 (0.765000 + 0.082340),0.847944 (0.765900 + 0.082044),0.832162 (0.748800 + 0.083362),0.846315 (0.764100 + 0.082215),0.843556 (0.761400 + 0.082156),0.844236 (0.761400 + 0.082836),0.848968 (0.767700 + 0.081268),0.836403 (0.753300 + 0.083103),0.836688 (0.754200 + 0.082488),0.843448 (0.760500 + 0.082948),0.847340 (0.765000 + 0.082340),0.846115 (0.763200 + 0.082915),0.842534 (0.759600 + 0.082934),0.832215 (0.750600 + 0.081615),0.847362 (0.765000 + 0.082362),0.849639 (0.766800 + 0.082839),0.835328 (0.752400 + 0.082928),0.837090 (0.755100 + 0.081990),0.842714 (0.761400 + 0.081314),0.833368 (0.750600 + 0.082768),0.835032 (0.753300 + 0.081732),0.836678 (0.754200 + 0.082478),0.838555 (0.756000 + 0.082555),0.850568 (0.768600 + 0.081968),0.850404 (0.767700 + 0.082704),0.845007 (0.762300 + 0.082707),0.849827 (0.766800 + 0.083027),0.839038 (0.756900 + 0.082138),0.837901 (0.755100 + 0.082801),0.834386 (0.751500 + 0.082886),0.843034 (0.761400 + 0.081634),0.853985 (0.772200 + 0.081785),0.842062 (0.760500 + 0.081562),0.837618 (0.756000 + 0.081618),0.846999 (0.765900 + 0.081099),0.841691 (0.759600 + 0.082091),0.838060 (0.756900 + 0.081160),0.847077 (0.764100 + 0.082977),0.838123 (0.756000 + 0.082123),0.837705 (0.755100 + 0.082605),0.833851 (0.751500 + 0.082351),0.847492 (0.765000 + 0.082492),0.833715 (0.751500 + 0.082215),0.848916 (0.765900 + 0.083016),0.853167 (0.770400 + 0.082767),0.840660 (0.757800 + 0.082860),0.843462 (0.761400 + 0.082062),0.840777 (0.757800 + 0.082977),0.850168 (0.767700 + 0.082468),0.842556 (0.760500 + 0.082056),0.854220 (0.771300 + 0.082920),0.848764 (0.765900 + 0.082864),0.854220 (0.771300 + 0.082920),0.838551 (0.756900 + 0.081651),0.839232 (0.756900 + 0.082332),0.842652 (0.761400 + 0.081252),0.843302 (0.760500 + 0.082802),0.840193 (0.757800 + 0.082393),0.840809 (0.758700 + 0.082109),0.845175 (0.762300 + 0.082875),0.838777 (0.756000 + 0.082777),0.841482 (0.759600 + 0.081882),0.837162 (0.754200 + 0.082962),0.852713 (0.770400 + 0.082313),0.842798 (0.759600 + 0.083198),0.852174 (0.769500 + 0.082674),0.842762 (0.759600 + 0.083162),0.838943 (0.756000 + 0.082943),0.843035 (0.760500 + 0.082535),0.855024 (0.772200 + 0.082824),0.843341 (0.760500 + 0.082841),0.843021 (0.761400 + 0.081621),0.831812 (0.749700 + 0.082112),0.848846 (0.767700 + 0.081146)
12,0.857734 (0.776700 + 0.081034),0.855024 (0.772200 + 0.082824),0.854399 (0.773100 + 0.081299),0.854220 (0.771300 + 0.082920),0.846115 (0.763200 + 0.082915),0.842286 (0.759600 + 0.082686),0.841780 (0.759600 + 0.082180),0.850643 (0.767700 + 0.082943),0.852424 (0.769500 + 0.082924),0.857054 (0.775800 + 0.081254),0.842673 (0.760500 + 0.082173),0.837109 (0.754200 + 0.082909),0.839945 (0.756900 + 0.083045),0.857734 (0.776700 + 0.081034),0.846874 (0.765900 + 0.080974),0.854092 (0.772200 + 0.081892),0.846059 (0.763200 + 0.082859),0.833147 (0.750600 + 0.082547),0.835118 (0.753300 + 0.081818),0.842531 (0.760500 + 0.082031),0.846763 (0.764100 + 0.082663),0.848916 (0.765900 + 0.083016),0.840660 (0.757800 + 0.082860),0.836068 (0.753300 + 0.082768),0.845706 (0.763200 + 0.082506),0.845271 (0.762300 + 0.082972),0.853709 (0.771300 + 0.082409),0.845757 (0.763200 + 0.082557),0.845796 (0.763200 + 0.082596),0.844275 (0.762300 + 0.081975),0.849520 (0.766800 + 0.082720),0.846782 (0.764100 + 0.082682),0.840247 (0.757800 + 0.082447),0.853169 (0.770400 + 0.082769),0.839667 (0.756900 + 0.082767),0.843621 (0.762300 + 0.081321),0.847384 (0.765000 + 0.082384),0.852794 (0.770400 + 0.082394),0.826834 (0.744300 + 0.082534),0.830088 (0.747900 + 0.082188),0.836621 (0.755100 + 0.081521),0.838297 (0.756000 + 0.082297),0.832490 (0.749700 + 0.082790),0.841507 (0.758700 + 0.082807),0.842528 (0.759600 + 0.082928),0.852579 (0.770400 + 0.082179),0.838135 (0.755100 + 0.083035),0.840660 (0.757800 + 0.082860),0.846315 (0.764100 + 0.082215),0.846236 (0.763200 + 0.083036),0.857808 (0.775800 + 0.082008),0.835697 (0.753300 + 0.082397),0.843079 (0.760500 + 0.082579),0.839769 (0.758700 + 0.081069),0.851464 (0.770400 + 0.081064),0.843302 (0.760500 + 0.082802),0.843341 (0.760500 + 0.082841),0.845175 (0.762300 + 0.082875),0.838777 (0.756000 + 0.082777),0.849677 (0.768600 + 0.081078),0.834260 (0.751500 + 0.082760),0.846567 (0.763200 + 0.083367),0.847300 (0.765900 + 0.081400),0.850404 (0.767700 + 0.082704),0.837618 (0.756000 + 0.081618),0.848795 (0.765900 + 0.082895),0.850411 (0.767700 + 0.082711),0.836709 (0.754200 + 0.082509),0.844306 (0.761400 + 0.082906),0.841233 (0.758700 + 0.082533),0.837990 (0.755100 + 0.082890),0.857282 (0.775800 + 0.081482),0.851182 (0.768600 + 0.082582),0.845352 (0.764100 + 0.081252),0.834998 (0.752400 + 0.082598),0.845226 (0.762300 + 0.082926),0.848841 (0.765900 + 0.082941),0.849881 (0.768600 + 0.081281),0.843035 (0.760500 + 0.082535),0.852401 (0.769500 + 0.082901),0.835167 (0.752400 + 0.082767),0.852362 (0.769500 + 0.082862),0.856196 (0.774000 + 0.082196),0.847340 (0.765000 + 0.082340),0.841482 (0.759600 + 0.081882),0.837925 (0.756000 + 0.081925),0.840656 (0.757800 + 0.082856),0.844217 (0.761400 + 0.082817),0.845573 (0.763200 + 0.082373),0.845274 (0.763200 + 0.082074),0.862350 (0.780300 + 0.082050),0.850603 (0.769500 + 0.081103),0.842064 (0.759600 + 0.082465),0.836769 (0.754200 + 0.082569),0.838020 (0.755100 + 0.082920),0.853330 (0.770400 + 0.082930),0.842437 (0.759600 + 0.082837),0.838118 (0.756900 + 0.081218),0.848010 (0.765000 + 0.083010),0.849213 (0.766800 + 0.082414)
13,0.862350 (0.780300 + 0.082050),0.857808 (0.775800 + 0.082008),0.857734 (0.776700 + 0.081034),0.846115 (0.763200 + 0.082915),0.837109 (0.754200 + 0.082909),0.854755 (0.772200 + 0.082555),0.842780 (0.760500 + 0.082280),0.847497 (0.765000 + 0.082497),0.841016 (0.759600 + 0.081416),0.854466 (0.772200 + 0.082267),0.849665 (0.766800 + 0.082865),0.835898 (0.753300 + 0.082598),0.847339 (0.765000 + 0.082339),0.847949 (0.765900 + 0.082049),0.838700 (0.756000 + 0.082700),0.848929 (0.765900 + 0.083029),0.840232 (0.757800 + 0.082432),0.840419 (0.757800 + 0.082619),0.849645 (0.767700 + 0.081945),0.844760 (0.762300 + 0.082461),0.852393 (0.769500 + 0.082893),0.839185 (0.756000 + 0.083185),0.845573 (0.763200 + 0.082373),0.845573 (0.763200 + 0.082373),0.844306 (0.761400 + 0.082906),0.834694 (0.751500 + 0.083194),0.836273 (0.755100 + 0.081173),0.841001 (0.759600 + 0.081401),0.851956 (0.769500 + 0.082456),0.851634 (0.770400 + 0.081234),0.838601 (0.756000 + 0.082601),0.857734 (0.776700 + 0.081034),0.854399 (0.773100 + 0.081299),0.835197 (0.754200 + 0.080997),0.845221 (0.762300 + 0.082921),0.840955 (0.758700 + 0.082255),0.844500 (0.761400 + 0.083100),0.832864 (0.751500 + 0.081364),0.851280 (0.769500 + 0.081780),0.850828 (0.767700 + 0.083128),0.842311 (0.759600 + 0.082711),0.837435 (0.756000 + 0.081435),0.844961 (0.762300 + 0.082661),0.839617 (0.757800 + 0.081817),0.843971 (0.761400 + 0.082571),0.851103 (0.768600 + 0.082503),0.854113 (0.773100 + 0.081013),0.854681 (0.773100 + 0.081581),0.844294 (0.762300 + 0.081994),0.848790 (0.765900 + 0.082890),0.830327 (0.748800 + 0.081527),0.844165 (0.761400 + 0.082765),0.854222 (0.771300 + 0.082922),0.831242 (0.748800 + 0.082442),0.846876 (0.765900 + 0.080976),0.846941 (0.764100 + 0.082841),0.854124 (0.772200 + 0.081924),0.850643 (0.767700 + 0.082943),0.847384 (0.765000 + 0.082384),0.857734 (0.776700 + 0.081034),0.857054 (0.775800 + 0.081254),0.845782 (0.763200 + 0.082582),0.850549 (0.767700 + 0.082849),0.850228 (0.767700 + 0.082528),0.846115 (0.763200 + 0.082915),0.839835 (0.756900 + 0.082935),0.841569 (0.760500 + 0.081069),0.843126 (0.759600 + 0.083526),0.851101 (0.769500 + 0.081601),0.841654 (0.758700 + 0.082954),0.848497 (0.765900 + 0.082597),0.847559 (0.765900 + 0.081659),0.848320 (0.765900 + 0.082420),0.845159 (0.762300 + 0.082859),0.855130 (0.774000 + 0.081130),0.862350 (0.780300 + 0.082050),0.856196 (0.774000 + 0.082196),0.852089 (0.769500 + 0.082588),0.838776 (0.756000 + 0.082776),0.840247 (0.757800 + 0.082447),0.838777 (0.756000 + 0.082777),0.842469 (0.759600 + 0.082869),0.842146 (0.759600 + 0.082546),0.849997 (0.768600 + 0.081397),0.847053 (0.765000 + 0.082053),0.834517 (0.751500 + 0.083017),0.846941 (0.764100 + 0.082841),0.857542 (0.775800 + 0.081742),0.846437 (0.764100 + 0.082337),0.841394 (0.759600 + 0.081794),0.827655 (0.745200 + 0.082455),0.842893 (0.760500 + 0.082393),0.842138 (0.760500 + 0.081638),0.846634 (0.764100 + 0.082534),0.851544 (0.768600 + 0.082944),0.857734 (0.776700 + 0.081034),0.848916 (0.765900 + 0.083016),0.833868 (0.752400 + 0.081468),0.841170 (0.757800 + 0.083370),0.844188 (0.763200 + 0.080988)
14,0.862350 (0.780300 + 0.082050),0.862350 (0.780300 + 0.082050),0.857808 (0.775800 + 0.082008),0.850228 (0.767700 + 0.082528),0.834517 (0.751500 + 0.083017),0.856023 (0.774000 + 0.082024),0.854182 (0.771300 + 0.082882),0.855792 (0.774000 + 0.081792),0.849778 (0.766800 + 0.082978),0.850774 (0.767700 + 0.083074),0.850771 (0.769500 + 0.081271),0.852809 (0.770400 + 0.082409),0.837272 (0.754200 + 0.083072),0.845192 (0.762300 + 0.082892),0.852739 (0.771300 + 0.081439),0.834131 (0.751500 + 0.082631),0.854105 (0.773100 + 0.081005),0.847977 (0.765900 + 0.082077),0.833734 (0.752400 + 0.081334),0.843384 (0.760500 + 0.082884),0.861519 (0.779400 + 0.082119),0.841023 (0.759600 + 0.081423),0.854705 (0.773100 + 0.081605),0.840711 (0.757800 + 0.082911),0.842265 (0.759600 + 0.082665),0.846105 (0.763200 + 0.082905),0.838395 (0.756000 + 0.082395),0.847535 (0.765000 + 0.082535),0.847943 (0.765000 + 0.082943),0.851227 (0.769500 + 0.081727),0.853254 (0.770400 + 0.082854),0.852515 (0.771300 + 0.081215),0.846474 (0.764100 + 0.082374),0.842563 (0.760500 + 0.082063),0.846222 (0.765000 + 0.081222),0.839283 (0.756900 + 0.082383),0.854178 (0.771300 + 0.082878),0.840848 (0.758700 + 0.082148),0.825192 (0.743400 + 0.081792),0.852031 (0.769500 + 0.082531),0.845273 (0.763200 + 0.082073),0.838604 (0.756000 + 0.082604),0.844748 (0.763200 + 0.081548),0.841869 (0.759600 + 0.082269),0.857400 (0.774900 + 0.082500),0.833368 (0.752400 + 0.080968),0.837010 (0.754200 + 0.082810),0.840322 (0.757800 + 0.082522),0.835126 (0.752400 + 0.082726),0.856314 (0.774000 + 0.082314),0.824925 (0.743400 + 0.081525),0.854222 (0.771300 + 0.082922),0.841170 (0.757800 + 0.083370),0.850434 (0.768600 + 0.081834),0.838808 (0.756900 + 0.081908),0.835040 (0.754200 + 0.080840),0.848449 (0.766800 + 0.081649),0.841569 (0.760500 + 0.081069),0.846009 (0.765000 + 0.081009),0.839221 (0.756900 + 0.082321),0.851604 (0.770400 + 0.081204),0.847372 (0.765000 + 0.082372),0.840366 (0.758700 + 0.081666),0.835465 (0.754200 + 0.081266),0.846907 (0.765900 + 0.081007),0.840698 (0.757800 + 0.082898),0.845531 (0.762300 + 0.083231),0.851336 (0.769500 + 0.081836),0.844741 (0.762300 + 0.082441),0.857384 (0.774900 + 0.082484),0.854259 (0.772200 + 0.082059),0.852884 (0.770400 + 0.082484),0.854755 (0.772200 + 0.082555),0.841825 (0.760500 + 0.081325),0.839799 (0.756900 + 0.082899),0.846437 (0.764100 + 0.082337),0.844500 (0.761400 + 0.083100),0.850217 (0.766800 + 0.083417),0.848845 (0.766800 + 0.082045),0.842469 (0.759600 + 0.082869),0.842311 (0.759600 + 0.082711),0.856129 (0.774900 + 0.081229),0.853283 (0.772200 + 0.081083),0.854206 (0.771300 + 0.082906),0.847885 (0.765000 + 0.082885),0.839256 (0.756900 + 0.082356),0.850664 (0.768600 + 0.082064),0.853439 (0.771300 + 0.082139),0.851570 (0.768600 + 0.082971),0.849729 (0.766800 + 0.082929),0.839677 (0.756900 + 0.082777),0.838792 (0.756000 + 0.082792),0.839784 (0.758700 + 0.081084),0.838619 (0.757800 + 0.080819),0.839984 (0.758700 + 0.081284),0.849240 (0.766800 + 0.082440),0.851645 (0.769500 + 0.082145),0.855990 (0.774900 + 0.081090),0.841841 (0.759600 + 0.082241),0.851103 (0.768600 + 0.082503)
15,0.862350 (0.780300 + 0.082050),0.862350 (0.780300 + 0.082050),0.861519 (0.779400 + 0.082119),0.862350 (0.780300 + 0.082050),0.862350 (0.780300 + 0.082050),0.862350 (0.780300 + 0.082050),0.857400 (0.774900 + 0.082500),0.841670 (0.759600 + 0.082070),0.838135 (0.756900 + 0.081235),0.852884 (0.770400 + 0.082484),0.835040 (0.754200 + 0.080840),0.831829 (0.748800 + 0.083029),0.842993 (0.760500 + 0.082493),0.846774 (0.764100 + 0.082674),0.851827 (0.769500 + 0.082327),0.851070 (0.768600 + 0.082470),0.848335 (0.765900 + 0.082435),0.830918 (0.748800 + 0.082118),0.829670 (0.747900 + 0.081770),0.858664 (0.777600 + 0.081064),0.860108 (0.777600 + 0.082508),0.845980 (0.763200 + 0.082780),0.843128 (0.760500 + 0.082628),0.847707 (0.765900 + 0.081807),0.850061 (0.766800 + 0.083261),0.842064 (0.759600 + 0.082464),0.847943 (0.765000 + 0.082943),0.856023 (0.774000 + 0.082024),0.842265 (0.759600 + 0.082665),0.849809 (0.767700 + 0.082110),0.854133 (0.771300 + 0.082833),0.851604 (0.770400 + 0.081204),0.851103 (0.768600 + 0.082503),0.858202 (0.775800 + 0.082402),0.848449 (0.766800 + 0.081649),0.852942 (0.771300 + 0.081642),0.848302 (0.766800 + 0.081502),0.848460 (0.765900 + 0.082560),0.841227 (0.759600 + 0.081627),0.849688 (0.766800 + 0.082888),0.867780 (0.785700 + 0.082080),0.851579 (0.768600 + 0.082979),0.849165 (0.766800 + 0.082365),0.843630 (0.761400 + 0.082230),0.847480 (0.765900 + 0.081580),0.848651 (0.766800 + 0.081851),0.841938 (0.760500 + 0.081438),0.831943 (0.750600 + 0.081343),0.836995 (0.755100 + 0.081895),0.856076 (0.774000 + 0.082076),0.845228 (0.762300 + 0.082928),0.863292 (0.781200 + 0.082092),0.844805 (0.762300 + 0.082505),0.844007 (0.762300 + 0.081707),0.843438 (0.761400 + 0.082038),0.851604 (0.770400 + 0.081204),0.834517 (0.751500 + 0.083017),0.848561 (0.765900 + 0.082661),0.862402 (0.780300 + 0.082102),0.847054 (0.765000 + 0.082054),0.850643 (0.767700 + 0.082943),0.857808 (0.775800 + 0.082008),0.851227 (0.769500 + 0.081727),0.839815 (0.757800 + 0.082015),0.845851 (0.764100 + 0.081751),0.843773 (0.762300 + 0.081473),0.830843 (0.747900 + 0.082943),0.853971 (0.772200 + 0.081771),0.849889 (0.768600 + 0.081289),0.836923 (0.754200 + 0.082723),0.846790 (0.764100 + 0.082690),0.856075 (0.774000 + 0.082075),0.851483 (0.768600 + 0.082883),0.844339 (0.761400 + 0.082940),0.840583 (0.758700 + 0.081883),0.836226 (0.755100 + 0.081126),0.833551 (0.750600 + 0.082951),0.845425 (0.763200 + 0.082225),0.847520 (0.765000 + 0.082520),0.850736 (0.768600 + 0.082136),0.847530 (0.765000 + 0.082531),0.849743 (0.767700 + 0.082043),0.851336 (0.769500 + 0.081836),0.835056 (0.752400 + 0.082656),0.845492 (0.763200 + 0.082292),0.845050 (0.764100 + 0.080950),0.840747 (0.757800 + 0.082947),0.840205 (0.757800 + 0.082405),0.848088 (0.766800 + 0.081288),0.858253 (0.775800 + 0.082453),0.856181 (0.774000 + 0.082181),0.854222 (0.771300 + 0.082922),0.839784 (0.758700 + 0.081084),0.839647 (0.756900 + 0.082747),0.856932 (0.774900 + 0.082032),0.844532 (0.762300 + 0.082232),0.846006 (0.763200 + 0.082806),0.840821 (0.758700 + 0.082121),0.838302 (0.756900 + 0.081402),0.850203 (0.767700 + 0.082503)
16,0.867780 (0.785700 + 0.082080),0.863292 (0.781200 + 0.082092),0.862402 (0.780300 + 0.082102),0.856181 (0.774000 + 0.082181),0.851604 (0.770400 + 0.081204),0.838797 (0.756900 + 0.081897),0.854929 (0.773100 + 0.081829),0.851205 (0.768600 + 0.082605),0.862350 (0.780300 + 0.082050),0.851103 (0.768600 + 0.082503),0.849889 (0.768600 + 0.081289),0.854677 (0.772200 + 0.082477),0.860410 (0.777600 + 0.082810),0.851400 (0.769500 + 0.081900),0.846006 (0.763200 + 0.082806),0.862350 (0.780300 + 0.082050),0.845851 (0.764100 + 0.081751),0.842420 (0.759600 + 0.082820),0.836762 (0.754200 + 0.082562),0.864136 (0.782100 + 0.082036),0.861506 (0.779400 + 0.082106),0.842204 (0.759600 + 0.082604),0.849966 (0.767700 + 0.082266),0.858732 (0.776700 + 0.082033),0.854845 (0.773100 + 0.081745),0.855090 (0.772200 + 0.082890),0.848075 (0.765000 + 0.083075),0.852321 (0.770400 + 0.081921),0.850371 (0.768600 + 0.081771),0.836905 (0.754200 + 0.082705),0.849730 (0.766800 + 0.082930),0.851319 (0.769500 + 0.081819),0.853393 (0.772200 + 0.081193),0.849852 (0.767700 + 0.082152),0.855160 (0.773100 + 0.082060),0.861519 (0.779400 + 0.082119),0.856023 (0.774000 + 0.082024),0.848420 (0.765900 + 0.082520),0.854662 (0.772200 + 0.082462),0.860108 (0.777600 + 0.082508),0.847520 (0.765000 + 0.082520),0.857808 (0.775800 + 0.082008),0.867780 (0.785700 + 0.082080),0.854179 (0.772200 + 0.081979),0.850293 (0.768600 + 0.081693),0.836236 (0.754200 + 0.082036),0.844415 (0.763200 + 0.081215),0.846790 (0.764100 + 0.082690),0.848460 (0.765900 + 0.082560),0.857808 (0.775800 + 0.082008),0.862350 (0.780300 + 0.082050),0.863326 (0.781200 + 0.082126),0.857384 (0.774900 + 0.082484),0.847179 (0.765000 + 0.082179),0.845673 (0.763200 + 0.082473),0.853260 (0.770400 + 0.082860),0.850256 (0.768600 + 0.081656),0.863292 (0.781200 + 0.082092),0.862350 (0.780300 + 0.082050),0.854585 (0.772200 + 0.082385),0.853970 (0.772200 + 0.081770),0.854817 (0.773100 + 0.081717),0.844858 (0.763200 + 0.081658),0.851579 (0.768600 + 0.082979),0.845492 (0.763200 + 0.082292),0.862350 (0.780300 + 0.082050),0.863292 (0.781200 + 0.082092),0.850853 (0.769500 + 0.081353),0.850888 (0.768600 + 0.082288),0.852721 (0.770400 + 0.082321),0.841601 (0.759600 + 0.082001),0.841207 (0.759600 + 0.081607),0.855976 (0.774000 + 0.081976),0.844880 (0.763200 + 0.081680),0.845766 (0.764100 + 0.081666),0.855595 (0.773100 + 0.082494),0.849749 (0.767700 + 0.082049),0.848223 (0.765900 + 0.082323),0.837744 (0.755100 + 0.082644),0.850124 (0.767700 + 0.082424),0.851579 (0.769500 + 0.082079),0.847943 (0.765000 + 0.082943),0.848460 (0.765900 + 0.082560),0.847458 (0.765000 + 0.082458),0.858910 (0.777600 + 0.081310),0.833827 (0.751500 + 0.082327),0.857049 (0.774900 + 0.082149),0.843422 (0.760500 + 0.082922),0.855067 (0.773100 + 0.081967),0.850257 (0.768600 + 0.081657),0.839826 (0.757800 + 0.082026),0.846790 (0.764100 + 0.082690),0.850643 (0.767700 + 0.082943),0.855990 (0.774900 + 0.081090),0.846766 (0.764100 + 0.082666),0.837842 (0.755100 + 0.082742),0.856908 (0.774900 + 0.082008),0.847330 (0.765000 + 0.082330),0.845810 (0.763200 + 0.082610),0.849551 (0.767700 + 0.081851)
17,0.867780 (0.785700 + 0.082080),0.867780 (0.785700 + 0.082080),0.864136 (0.782100 + 0.082036),0.863292 (0.781200 + 0.082092),0.855990 (0.774900 + 0.081090),0.857596 (0.775800 + 0.081796),0.855134 (0.773100 + 0.082034),0.861519 (0.779400 + 0.082119),0.861506 (0.779400 + 0.082106),0.867780 (0.785700 + 0.082080),0.864136 (0.782100 + 0.082036),0.867780 (0.785700 + 0.082080),0.863292 (0.781200 + 0.082092),0.835200 (0.753300 + 0.081900),0.846556 (0.765000 + 0.081556),0.852309 (0.770400 + 0.081909),0.847410 (0.765900 + 0.081510),0.854867 (0.773100 + 0.081767),0.846894 (0.765000 + 0.081894),0.858910 (0.777600 + 0.081310),0.853260 (0.770400 + 0.082860),0.846021 (0.764100 + 0.081921),0.863190 (0.781200 + 0.081990),0.855947 (0.774000 + 0.081947),0.846031 (0.764100 + 0.081931),0.857808 (0.775800 + 0.082008),0.860669 (0.778500 + 0.082169),0.848240 (0.765900 + 0.082340),0.853052 (0.770400 + 0.082652),0.850321 (0.767700 + 0.082621),0.840243 (0.757800 + 0.082443),0.843077 (0.761400 + 0.081677),0.848376 (0.765900 + 0.082476),0.845221 (0.763200 + 0.082021),0.851710 (0.769500 + 0.082210),0.847779 (0.765900 + 0.081879),0.856902 (0.774900 + 0.082002),0.861519 (0.779400 + 0.082119),0.857808 (0.775800 + 0.082008),0.845465 (0.763200 + 0.082265),0.846782 (0.765000 + 0.081782),0.857852 (0.775800 + 0.082052),0.855908 (0.773100 + 0.082808),0.849789 (0.767700 + 0.082089),0.855990 (0.774900 + 0.081090),0.860617 (0.778500 + 0.082117),0.861544 (0.779400 + 0.082144),0.848611 (0.766800 + 0.081811),0.846789 (0.764100 + 0.082689),0.863326 (0.781200 + 0.082126),0.857384 (0.774900 + 0.082484),0.857215 (0.774900 + 0.082315),0.840837 (0.759600 + 0.081237),0.864165 (0.782100 + 0.082065),0.846736 (0.764100 + 0.082637),0.840356 (0.758700 + 0.081656),0.851901 (0.769500 + 0.082401),0.844661 (0.764100 + 0.080561),0.843918 (0.761400 + 0.082518),0.858811 (0.776700 + 0.082111),0.850293 (0.768600 + 0.081693),0.854263 (0.773100 + 0.081163),0.863351 (0.781200 + 0.082151),0.854845 (0.773100 + 0.081745),0.851319 (0.769500 + 0.081819),0.862350 (0.780300 + 0.082050),0.855595 (0.773100 + 0.082494),0.853467 (0.771300 + 0.082167),0.845898 (0.763200 + 0.082698),0.843899 (0.761400 + 0.082499),0.853135 (0.771300 + 0.081835),0.849503 (0.767700 + 0.081803),0.856977 (0.774900 + 0.082077),0.854263 (0.773100 + 0.081163),0.856966 (0.774900 + 0.082066),0.854352 (0.773100 + 0.081252),0.845203 (0.762300 + 0.082903),0.855234 (0.773100 + 0.082134),0.858298 (0.776700 + 0.081598),0.850489 (0.767700 + 0.082789),0.849799 (0.767700 + 0.082099),0.848953 (0.766800 + 0.082154),0.841373 (0.758700 + 0.082673),0.847054 (0.765000 + 0.082054),0.856148 (0.774900 + 0.081248),0.850965 (0.768600 + 0.082365),0.848268 (0.765900 + 0.082368),0.863332 (0.781200 + 0.082132),0.848837 (0.765900 + 0.082937),0.862350 (0.780300 + 0.082050),0.858724 (0.776700 + 0.082024),0.851603 (0.769500 + 0.082103),0.856056 (0.774000 + 0.082056),0.848766 (0.765900 + 0.082866),0.845147 (0.762300 + 0.082847),0.852975 (0.771300 + 0.081675),0.849947 (0.767700 + 0.082247),0.851604 (0.770400 + 0.081204),0.851319 (0.769500 + 0.081819),0.857717 (0.775800 + 0.081917)
18,0.867780 (0.785700 + 0.082080),0.867780 (0.785700 + 0.082080),0.867780 (0.785700 + 0.082080),0.862405 (0.780300 + 0.082105),0.843785 (0.762300 + 0.081485),0.865459 (0.783000 + 0.082459),0.862402 (0.780300 + 0.082102),0.842593 (0.760500 + 0.082093),0.848831 (0.766800 + 0.082031),0.861519 (0.779400 + 0.082119),0.862350 (0.780300 + 0.082050),0.867780 (0.785700 + 0.082080),0.867780 (0.785700 + 0.082080),0.854106 (0.772200 + 0.081906),0.863194 (0.781200 + 0.081994),0.851603 (0.769500 + 0.082103),0.867780 (0.785700 + 0.082080),0.855795 (0.774000 + 0.081795),0.850585 (0.768600 + 0.081985),0.864136 (0.782100 + 0.082036),0.857596 (0.775800 + 0.081796),0.855234 (0.773100 + 0.082134),0.862350 (0.780300 + 0.082050),0.850906 (0.768600 + 0.082306),0.840638 (0.758700 + 0.081938),0.865051 (0.783000 + 0.082051),0.853258 (0.771300 + 0.081958),0.858345 (0.775800 + 0.082545),0.843669 (0.761400 + 0.082269),0.851175 (0.769500 + 0.081675),0.853317 (0.771300 + 0.082017),0.859670 (0.777600 + 0.082070),0.856149 (0.774000 + 0.082149),0.856946 (0.774900 + 0.082046),0.845231 (0.763200 + 0.082031),0.844629 (0.762300 + 0.082329),0.857226 (0.774900 + 0.082326),0.855344 (0.773100 + 0.082244),0.862243 (0.780300 + 0.081943),0.855095 (0.774000 + 0.081095),0.859590 (0.777600 + 0.081990),0.849917 (0.767700 + 0.082218),0.843443 (0.760500 + 0.082943),0.849759 (0.767700 + 0.082059),0.860470 (0.778500 + 0.081970),0.856907 (0.774900 + 0.082007),0.852506 (0.770400 + 0.082106),0.855033 (0.773100 + 0.081933),0.857377 (0.775800 + 0.081577),0.846102 (0.764100 + 0.082002),0.858784 (0.776700 + 0.082084),0.841654 (0.758700 + 0.082954),0.855972 (0.774000 + 0.081972),0.851481 (0.769500 + 0.081981),0.858826 (0.777600 + 0.081226),0.846579 (0.765000 + 0.081579),0.842204 (0.759600 + 0.082604),0.848799 (0.766800 + 0.081999),0.861561 (0.779400 + 0.082161),0.857808 (0.775800 + 0.082008),0.864136 (0.782100 + 0.082036),0.854403 (0.772200 + 0.082203),0.867798 (0.785700 + 0.082098),0.861506 (0.779400 + 0.082106),0.852019 (0.770400 + 0.081619),0.862350 (0.780300 + 0.082050),0.847912 (0.765900 + 0.082012),0.840495 (0.759600 + 0.080895),0.838666 (0.756000 + 0.082666),0.841579 (0.759600 + 0.081980),0.853052 (0.770400 + 0.082652),0.847057 (0.765000 + 0.082057),0.856684 (0.774900 + 0.081784),0.851734 (0.769500 + 0.082234),0.863214 (0.781200 + 0.082014),0.856902 (0.774900 + 0.082002),0.867780 (0.785700 + 0.082080),0.856004 (0.774000 + 0.082004),0.856966 (0.774900 + 0.082066),0.856096 (0.774000 + 0.082096),0.854294 (0.772200 + 0.082094),0.846005 (0.764100 + 0.081905),0.850712 (0.768600 + 0.082112),0.853798 (0.772200 + 0.081598),0.861511 (0.779400 + 0.082111),0.863028 (0.780300 + 0.082728),0.847994 (0.765900 + 0.082094),0.860526 (0.778500 + 0.082026),0.855128 (0.773100 + 0.082028),0.852623 (0.770400 + 0.082223),0.846903 (0.765000 + 0.081903),0.862350 (0.780300 + 0.082050),0.863292 (0.781200 + 0.082092),0.846231 (0.764100 + 0.082131),0.857536 (0.775800 + 0.081736),0.846152 (0.764100 + 0.082052),0.860648 (0.779400 + 0.081248),0.864136 (0.782100 + 0.082036),0.864136 (0.782100 + 0.082036),0.846268 (0.764100 + 0.082168)
19,0.867798 (0.785700 + 0.082098),0.867780 (0.785700 + 0.082080),0.867780 (0.785700 + 0.082080),0.861295 (0.779400 + 0.081895),0.863219 (0.781200 + 0.082019),0.856838 (0.774900 + 0.081938),0.857002 (0.774900 + 0.082102),0.850474 (0.768600 + 0.081874),0.856966 (0.774900 + 0.082066),0.861876 (0.779400 + 0.082476),0.857017 (0.774900 + 0.082117),0.852519 (0.770400 + 0.082119),0.849775 (0.767700 + 0.082075),0.847980 (0.765900 + 0.082080),0.848150 (0.765900 + 0.082250),0.855203 (0.773100 + 0.082103),0.853244 (0.771300 + 0.081944),0.858710 (0.776700 + 0.082010),0.851533 (0.769500 + 0.082033),0.862243 (0.780300 + 0.081943),0.846152 (0.764100 + 0.082052),0.855217 (0.773100 + 0.082117),0.867748 (0.785700 + 0.082048),0.851606 (0.769500 + 0.082106),0.864978 (0.783000 + 0.081978),0.854342 (0.772200 + 0.082142),0.851606 (0.769500 + 0.082106),0.848711 (0.766800 + 0.081911),0.853429 (0.771300 + 0.082129),0.862350 (0.780300 + 0.082050),0.862350 (0.780300 + 0.082050),0.856047 (0.774000 + 0.082047),0.866691 (0.783900 + 0.082791),0.839016 (0.756900 + 0.082116),0.850868 (0.768600 + 0.082268),0.861561 (0.779400 + 0.082161),0.859670 (0.777600 + 0.082070),0.865895 (0.783900 + 0.081995),0.852236 (0.770400 + 0.081836),0.867780 (0.785700 + 0.082080),0.857226 (0.774900 + 0.082326),0.863214 (0.781200 + 0.082014),0.861429 (0.779400 + 0.082029),0.867798 (0.785700 + 0.082098),0.867780 (0.785700 + 0.082080),0.855190 (0.773100 + 0.082090),0.864136 (0.782100 + 0.082036),0.852077 (0.770400 + 0.081677),0.851953 (0.769500 + 0.082453),0.855344 (0.773100 + 0.082244),0.859670 (0.777600 + 0.082070),0.862350 (0.780300 + 0.082050),0.863292 (0.781200 + 0.082092),0.856769 (0.774900 + 0.081869),0.855095 (0.774000 + 0.081095),0.854336 (0.772200 + 0.082136),0.852116 (0.769500 + 0.082616),0.847668 (0.765000 + 0.082668),0.848688 (0.766800 + 0.081888),0.863332 (0.781200 + 0.082132),0.842606 (0.761400 + 0.081206),0.843798 (0.761400 + 0.082398),0.846168 (0.764100 + 0.082068),0.853422 (0.771300 + 0.082122),0.862346 (0.780300 + 0.082046),0.866872 (0.784800 + 0.082072),0.865228 (0.783000 + 0.082228),0.857765 (0.775800 + 0.081966),0.856021 (0.774900 + 0.081121),0.856541 (0.774900 + 0.081641),0.853534 (0.771300 + 0.082234),0.847355 (0.765000 + 0.082355),0.842400 (0.760500 + 0.081900),0.864136 (0.782100 + 0.082036),0.847955 (0.765900 + 0.082055),0.859655 (0.777600 + 0.082055),0.861506 (0.779400 + 0.082106),0.852263 (0.770400 + 0.081863),0.855344 (0.773100 + 0.082244),0.843335 (0.761400 + 0.081935),0.852094 (0.770400 + 0.081694),0.855930 (0.774000 + 0.081930),0.863296 (0.781200 + 0.082096),0.863194 (0.781200 + 0.081994),0.847994 (0.765900 + 0.082094),0.851606 (0.769500 + 0.082106),0.863642 (0.781200 + 0.082442),0.864981 (0.783000 + 0.081981),0.846962 (0.765000 + 0.081962),0.862350 (0.780300 + 0.082050),0.867780 (0.785700 + 0.082080),0.851191 (0.768600 + 0.082591),0.858891 (0.776700 + 0.082191),0.862405 (0.780300 + 0.082105),0.867795 (0.785700 + 0.082095),0.865959 (0.783900 + 0.082059),0.864172 (0.782100 + 0.082072),0.843727 (0.761400 + 0.082327),0.849025 (0.766800 + 0.082225),0.867780 (0.785700 + 0.082080)
20,0.867798 (0.785700 + 0.082098),0.867798 (0.785700 + 0.082098),0.867795 (0.785700 + 0.082095),0.867798 (0.785700 + 0.082098),0.867798 (0.785700 + 0.082098),0.867780 (0.785700 + 0.082080),0.862350 (0.780300 + 0.082050),0.864172 (0.782100 + 0.082072),0.857002 (0.774900 + 0.082102),0.857863 (0.775800 + 0.082063),0.855933 (0.774000 + 0.081933),0.851482 (0.769500 + 0.081982),0.867780 (0.785700 + 0.082080),0.844485 (0.762300 + 0.082185),0.853297 (0.771300 + 0.081997),0.847255 (0.765900 + 0.081355),0.858336 (0.775800 + 0.082536),0.854847 (0.772200 + 0.082647),0.857877 (0.775800 + 0.082077),0.867780 (0.785700 + 0.082080),0.863194 (0.781200 + 0.081994),0.856966 (0.774900 + 0.082066),0.864136 (0.782100 + 0.082036),0.851959 (0.770400 + 0.081559),0.855299 (0.773100 + 0.082199),0.854173 (0.772200 + 0.081973),0.861447 (0.779400 + 0.082047),0.867798 (0.785700 + 0.082098),0.863194 (0.781200 + 0.081994),0.845676 (0.763200 + 0.082476),0.846986 (0.765000 + 0.081986),0.865072 (0.783000 + 0.082072),0.858817 (0.776700 + 0.082117),0.859670 (0.777600 + 0.082070),0.857765 (0.775800 + 0.081966),0.864136 (0.782100 + 0.082036),0.850702 (0.768600 + 0.082102),0.862350 (0.780300 + 0.082050),0.867780 (0.785700 + 0.082080),0.864136 (0.782100 + 0.082036),0.861561 (0.779400 + 0.082161),0.854318 (0.772200 + 0.082118),0.864584 (0.782100 + 0.082484),0.862350 (0.780300 + 0.082050),0.846973 (0.765000 + 0.081973),0.867780 (0.785700 + 0.082080),0.862800 (0.780300 + 0.082500),0.871118 (0.788400 + 0.082718),0.855113 (0.773100 + 0.082013),0.864978 (0.783000 + 0.081978),0.855344 (0.773100 + 0.082244),0.858082 (0.775800 + 0.082282),0.864121 (0.782100 + 0.082021),0.855059 (0.773100 + 0.081959),0.851244 (0.768600 + 0.082644),0.864136 (0.782100 + 0.082036),0.867748 (0.785700 + 0.082048),0.867780 (0.785700 + 0.082080),0.854143 (0.772200 + 0.081943),0.867780 (0.785700 + 0.082080),0.866872 (0.784800 + 0.082072),0.862350 (0.780300 + 0.082050),0.862243 (0.780300 + 0.081943),0.858883 (0.776700 + 0.082183),0.845380 (0.764100 + 0.081280),0.863251 (0.781200 + 0.082051),0.848266 (0.765900 + 0.082366),0.856075 (0.774000 + 0.082075),0.865072 (0.783000 + 0.082072),0.867780 (0.785700 + 0.082080),0.863194 (0.781200 + 0.081994),0.848797 (0.766800 + 0.081997),0.867798 (0.785700 + 0.082098),0.842378 (0.760500 + 0.081878),0.859372 (0.776700 + 0.082672),0.850882 (0.768600 + 0.082282),0.867780 (0.785700 + 0.082080),0.856769 (0.774900 + 0.081869),0.855217 (0.773100 + 0.082117),0.857745 (0.775800 + 0.081945),0.865768 (0.783900 + 0.081868),0.856692 (0.774900 + 0.081792),0.853778 (0.772200 + 0.081579),0.859346 (0.777600 + 0.081746),0.861532 (0.779400 + 0.082132),0.848308 (0.766800 + 0.081508),0.843066 (0.760500 + 0.082566),0.846167 (0.764100 + 0.082067),0.867798 (0.785700 + 0.082098),0.856210 (0.774000 + 0.082210),0.853658 (0.771300 + 0.082358),0.852818 (0.771300 + 0.081518),0.846452 (0.764100 + 0.082352),0.864172 (0.782100 + 0.082072),0.867780 (0.785700 + 0.082080),0.861506 (0.779400 + 0.082106),0.865843 (0.783900 + 0.081943),0.861525 (0.779400 + 0.082125),0.864126 (0.782100 + 0.082026),0.852236 (0.770400 + 0.081836)
21,0.871118 (0.788400 + 0.082718),0.867798 (0.785700 + 0.082098),0.867798 (0.785700 + 0.082098),0.855415 (0.773100 + 0.082315),0.847441 (0.765000 + 0.082441),0.863194 (0.781200 + 0.081994),0.864126 (0.782100 + 0.082026),0.864093 (0.782100 + 0.081993),0.859622 (0.777600 + 0.082022),0.859777 (0.777600 + 0.082177),0.856846 (0.774900 + 0.081946),0.867797 (0.785700 + 0.082097),0.863205 (0.781200 + 0.082005),0.851751 (0.769500 + 0.082251),0.850738 (0.768600 + 0.082138),0.863251 (0.781200 + 0.082051),0.867780 (0.785700 + 0.082080),0.867780 (0.785700 + 0.082080),0.867798 (0.785700 + 0.082098),0.854295 (0.772200 + 0.082095),0.854354 (0.772200 + 0.082154),0.863876 (0.781200 + 0.082676),0.855924 (0.774000 + 0.081924),0.854058 (0.772200 + 0.081858),0.859418 (0.776700 + 0.082718),0.865090 (0.783000 + 0.082090),0.856013 (0.774000 + 0.082013),0.867780 (0.785700 + 0.082080),0.865072 (0.783000 + 0.082072),0.856099 (0.774000 + 0.082099),0.858783 (0.776700 + 0.082084),0.864164 (0.782100 + 0.082064),0.863348 (0.781200 + 0.082148),0.846196 (0.764100 + 0.082096),0.845371 (0.763200 + 0.082171),0.867798 (0.785700 + 0.082098),0.864126 (0.782100 + 0.082026),0.852893 (0.770400 + 0.082493),0.842988 (0.761400 + 0.081588),0.867798 (0.785700 + 0.082098),0.862350 (0.780300 + 0.082050),0.854129 (0.772200 + 0.081929),0.856966 (0.774900 + 0.082066),0.864136 (0.782100 + 0.082036),0.867780 (0.785700 + 0.082080),0.867780 (0.785700 + 0.082080),0.867780 (0.785700 + 0.082080),0.853311 (0.771300 + 0.082011),0.855323 (0.773100 + 0.082223),0.856966 (0.774900 + 0.082066),0.858512 (0.776700 + 0.081812),0.857068 (0.774900 + 0.082168),0.865056 (0.783000 + 0.082056),0.861561 (0.779400 + 0.082161),0.861561 (0.779400 + 0.082161),0.866872 (0.784800 + 0.082072),0.864126 (0.782100 + 0.082026),0.867798 (0.785700 + 0.082098),0.865072 (0.783000 + 0.082072),0.858893 (0.776700 + 0.082193),0.860296 (0.778500 + 0.081796),0.856966 (0.774900 + 0.082066),0.852818 (0.771300 + 0.081518),0.850414 (0.768600 + 0.081814),0.846941 (0.765000 + 0.081941),0.867798 (0.785700 + 0.082098),0.864136 (0.782100 + 0.082036),0.859368 (0.776700 + 0.082668),0.864055 (0.782100 + 0.081955),0.864172 (0.782100 + 0.082072),0.864136 (0.782100 + 0.082036),0.867798 (0.785700 + 0.082098),0.867798 (0.785700 + 0.082098),0.852658 (0.770400 + 0.082258),0.867795 (0.785700 + 0.082095),0.867780 (0.785700 + 0.082080),0.861543 (0.779400 + 0.082143),0.852375 (0.770400 + 0.081975),0.858817 (0.776700 + 0.082117),0.862350 (0.780300 + 0.082050),0.851416 (0.769500 + 0.081916),0.858746 (0.776700 + 0.082046),0.851503 (0.769500 + 0.082003),0.860451 (0.778500 + 0.081951),0.858339 (0.776700 + 0.081639),0.853898 (0.771300 + 0.082598),0.852818 (0.771300 + 0.081518),0.855986 (0.774000 + 0.081986),0.865054 (0.783000 + 0.082054),0.862411 (0.780300 + 0.082111),0.864136 (0.782100 + 0.082036),0.864172 (0.782100 + 0.082072),0.856068 (0.774000 + 0.082068),0.861523 (0.779400 + 0.082123),0.848795 (0.766800 + 0.081995),0.857859 (0.775800 + 0.082059),0.864172 (0.782100 + 0.082072),0.862350 (0.780300 + 0.082050),0.867780 (0.785700 + 0.082080),0.845972 (0.764100 + 0.081872)
22,0.871118 (0.788400 + 0.082718),0.867798 (0.785700 + 0.082098),0.867798 (0.785700 + 0.082098),0.865056 (0.783000 + 0.082056),0.864172 (0.782100 + 0.082072),0.867798 (0.785700 + 0.082098),0.867798 (0.785700 + 0.082098),0.867780 (0.785700 + 0.082080),0.867780 (0.785700 + 0.082080),0.858783 (0.776700 + 0.082084),0.859622 (0.777600 + 0.082022),0.856039 (0.774000 + 0.082039),0.863292 (0.781200 + 0.082092),0.864164 (0.782100 + 0.082064),0.855917 (0.774000 + 0.081917),0.866860 (0.784800 + 0.082060),0.847974 (0.765900 + 0.082074),0.867780 (0.785700 + 0.082080),0.867798 (0.785700 + 0.082098),0.867780 (0.785700 + 0.082080),0.867780 (0.785700 + 0.082080),0.864136 (0.782100 + 0.082036),0.867798 (0.785700 + 0.082098),0.864172 (0.782100 + 0.082072),0.862296 (0.780300 + 0.081996),0.864136 (0.782100 + 0.082036),0.856846 (0.774900 + 0.081946),0.864991 (0.782100 + 0.082891),0.857811 (0.775800 + 0.082011),0.848465 (0.765900 + 0.082565),0.853113 (0.771300 + 0.081813),0.867798 (0.785700 + 0.082098),0.846196 (0.764100 + 0.082096),0.864136 (0.782100 + 0.082036),0.867798 (0.785700 + 0.082098),0.867780 (0.785700 + 0.082080),0.858680 (0.776700 + 0.081980),0.864978 (0.783000 + 0.081978),0.862281 (0.780300 + 0.081981),0.857830 (0.775800 + 0.082030),0.864172 (0.782100 + 0.082072),0.864164 (0.782100 + 0.082064),0.856966 (0.774900 + 0.082066),0.864077 (0.782100 + 0.081977),0.856809 (0.774000 + 0.082809),0.862350 (0.780300 + 0.082050),0.867780 (0.785700 + 0.082080),0.864136 (0.782100 + 0.082036),0.863348 (0.781200 + 0.082148),0.858817 (0.776700 + 0.082117),0.851457 (0.769500 + 0.081957),0.864126 (0.782100 + 0.082026),0.857859 (0.775800 + 0.082059),0.867780 (0.785700 + 0.082080),0.864126 (0.782100 + 0.082026),0.856044 (0.774000 + 0.082044),0.864136 (0.782100 + 0.082036),0.864126 (0.782100 + 0.082026),0.867797 (0.785700 + 0.082097),0.856966 (0.774900 + 0.082066),0.864126 (0.782100 + 0.082026),0.863194 (0.781200 + 0.081994),0.862350 (0.780300 + 0.082050),0.863194 (0.781200 + 0.081994),0.856966 (0.774900 + 0.082066),0.862350 (0.780300 + 0.082050),0.864136 (0.782100 + 0.082036),0.850285 (0.768600 + 0.081685),0.852781 (0.770400 + 0.082381),0.861424 (0.779400 + 0.082024),0.865056 (0.783000 + 0.082056),0.867780 (0.785700 + 0.082080),0.865072 (0.783000 + 0.082072),0.864126 (0.782100 + 0.082026),0.864164 (0.782100 + 0.082064),0.866872 (0.784800 + 0.082072),0.867797 (0.785700 + 0.082097),0.867798 (0.785700 + 0.082098),0.854129 (0.772200 + 0.081929),0.868420 (0.785700 + 0.082720),0.867474 (0.784800 + 0.082674),0.857816 (0.775800 + 0.082016),0.857710 (0.775800 + 0.081910),0.854349 (0.772200 + 0.082149),0.839188 (0.756900 + 0.082288),0.867780 (0.785700 + 0.082080),0.862350 (0.780300 + 0.082050),0.870396 (0.788400 + 0.081996),0.865057 (0.783000 + 0.082057),0.852462 (0.770400 + 0.082062),0.864083 (0.782100 + 0.081983),0.861484 (0.779400 + 0.082084),0.864136 (0.782100 + 0.082036),0.860450 (0.778500 + 0.081950),0.867780 (0.785700 + 0.082080),0.864136 (0.782100 + 0.082036),0.867780 (0.785700 + 0.082080),0.864136 (0.782100 + 0.082036),0.861083 (0.779400 + 0.081683),0.861543 (0.779400 + 0.082143)
23,0.871118 (0.788400 + 0.082718),0.870396 (0.788400 + 0.081996),0.868420 (0.785700 + 0.082720),0.862281 (0.780300 + 0.081981),0.864978 (0.783000 + 0.081978),0.847531 (0.765900 + 0.081632),0.860649 (0.778500 + 0.082149),0.867798 (0.785700 + 0.082098),0.864991 (0.782100 + 0.082891),0.864136 (0.782100 + 0.082036),0.864164 (0.782100 + 0.082064),0.863348 (0.781200 + 0.082148),0.867780 (0.785700 + 0.082080),0.867798 (0.785700 + 0.082098),0.867798 (0.785700 + 0.082098),0.847895 (0.765900 + 0.081995),0.849563 (0.767700 + 0.081863),0.862332 (0.780300 + 0.082032),0.860415 (0.778500 + 0.081915),0.864136 (0.782100 + 0.082036),0.867780 (0.785700 + 0.082080),0.864136 (0.782100 + 0.082036),0.867798 (0.785700 + 0.082098),0.854215 (0.772200 + 0.082015),0.856979 (0.774900 + 0.082079),0.867798 (0.785700 + 0.082098),0.867798 (0.785700 + 0.082098),0.867798 (0.785700 + 0.082098),0.867798 (0.785700 + 0.082098),0.853284 (0.771300 + 0.081984),0.861543 (0.779400 + 0.082143),0.864164 (0.782100 + 0.082064),0.864164 (0.782100 + 0.082064),0.867798 (0.785700 + 0.082098),0.864978 (0.783000 + 0.081978),0.867797 (0.785700 + 0.082097),0.864136 (0.782100 + 0.082036),0.861539 (0.779400 + 0.082139),0.865056 (0.783000 + 0.082056),0.863160 (0.780300 + 0.082860),0.857776 (0.775800 + 0.081976),0.864978 (0.783000 + 0.081978),0.854129 (0.772200 + 0.081929),0.867780 (0.785700 + 0.082080),0.864991 (0.782100 + 0.082891),0.867780 (0.785700 + 0.082080),0.853982 (0.772200 + 0.081782),0.862351 (0.780300 + 0.082051),0.867798 (0.785700 + 0.082098),0.858329 (0.776700 + 0.081629),0.863205 (0.781200 + 0.082005),0.857868 (0.775800 + 0.082068),0.866752 (0.784800 + 0.081952),0.862350 (0.780300 + 0.082050),0.867798 (0.785700 + 0.082098),0.867780 (0.785700 + 0.082080),0.864136 (0.782100 + 0.082036),0.861480 (0.779400 + 0.082080),0.867798 (0.785700 + 0.082098),0.851629 (0.769500 + 0.082129),0.858433 (0.775800 + 0.082633),0.864164 (0.782100 + 0.082064),0.867798 (0.785700 + 0.082098),0.848809 (0.766800 + 0.082009),0.860663 (0.778500 + 0.082163),0.854391 (0.772200 + 0.082191),0.852450 (0.770400 + 0.082050),0.859646 (0.777600 + 0.082046),0.867798 (0.785700 + 0.082098),0.856854 (0.774900 + 0.081954),0.860649 (0.778500 + 0.082149),0.861543 (0.779400 + 0.082143),0.856109 (0.774000 + 0.082109),0.851124 (0.769500 + 0.081624),0.860617 (0.778500 + 0.082117),0.862083 (0.780300 + 0.081783),0.867798 (0.785700 + 0.082098),0.861290 (0.778500 + 0.082790),0.858783 (0.776700 + 0.082084),0.862350 (0.780300 + 0.082050),0.864172 (0.782100 + 0.082072),0.864136 (0.782100 + 0.082036),0.845161 (0.763200 + 0.081961),0.852417 (0.770400 + 0.082017),0.867780 (0.785700 + 0.082080),0.861349 (0.779400 + 0.081949),0.865056 (0.783000 + 0.082056),0.862408 (0.780300 + 0.082108),0.853407 (0.771300 + 0.082107),0.864978 (0.783000 + 0.081978),0.853382 (0.771300 + 0.082082),0.865052 (0.783000 + 0.082052),0.867780 (0.785700 + 0.082080),0.864136 (0.782100 + 0.082036),0.852433 (0.770400 + 0.082033),0.864787 (0.782100 + 0.082687),0.861411 (0.779400 + 0.082011),0.862350 (0.780300 + 0.082050),0.862350 (0.780300 + 0.082050),0.867780 (0.785700 + 0.082080)
24,0.871118 (0.788400 + 0.082718),0.870396 (0.788400 + 0.081996),0.868420 (0.785700 + 0.082720),0.856823 (0.774000 + 0.082823),0.866747 (0.784800 + 0.081947),0.871376 (0.789300 + 0.082076),0.857183 (0.774900 + 0.082283),0.867722 (0.785700 + 0.082022),0.861486 (0.779400 + 0.082086),0.860567 (0.778500 + 0.082067),0.860640 (0.778500 + 0.082140),0.852400 (0.770400 + 0.082000),0.862332 (0.780300 + 0.082032),0.865842 (0.783900 + 0.081942),0.847859 (0.765900 + 0.081959),0.867700 (0.785700 + 0.082000),0.859669 (0.777600 + 0.082069),0.864136 (0.782100 + 0.082036),0.862332 (0.780300 + 0.082032),0.867798 (0.785700 + 0.082098),0.867798 (0.785700 + 0.082098),0.867798 (0.785700 + 0.082098),0.861539 (0.779400 + 0.082139),0.858625 (0.776700 + 0.081925),0.863348 (0.781200 + 0.082148),0.871118 (0.788400 + 0.082718),0.847152 (0.765000 + 0.082152),0.867780 (0.785700 + 0.082080),0.846965 (0.765000 + 0.081965),0.861523 (0.779400 + 0.082123),0.864039 (0.781200 + 0.082839),0.860052 (0.777600 + 0.082452),0.856026 (0.774000 + 0.082026),0.867798 (0.785700 + 0.082098),0.857762 (0.775800 + 0.081962),0.864172 (0.782100 + 0.082072),0.858329 (0.776700 + 0.081629),0.867780 (0.785700 + 0.082080),0.855107 (0.773100 + 0.082007),0.862246 (0.779400 + 0.082846),0.858687 (0.776700 + 0.081987),0.860494 (0.778500 + 0.081994),0.857952 (0.775800 + 0.082152),0.858548 (0.776700 + 0.081848),0.867780 (0.785700 + 0.082080),0.867780 (0.785700 + 0.082080),0.865052 (0.783000 + 0.082052),0.854278 (0.772200 + 0.082078),0.863772 (0.781200 + 0.082572),0.864039 (0.781200 + 0.082839),0.850640 (0.768600 + 0.082040),0.867798 (0.785700 + 0.082098),0.864136 (0.782100 + 0.082036),0.863205 (0.781200 + 0.082005),0.864978 (0.783000 + 0.081978),0.866860 (0.784800 + 0.082060),0.855219 (0.773100 + 0.082119),0.862281 (0.780300 + 0.081981),0.865057 (0.783000 + 0.082057),0.858687 (0.776700 + 0.081987),0.867642 (0.784800 + 0.082842),0.861539 (0.779400 + 0.082139),0.867798 (0.785700 + 0.082098),0.851540 (0.769500 + 0.082040),0.861543 (0.779400 + 0.082143),0.860566 (0.778500 + 0.082066),0.864136 (0.782100 + 0.082036),0.859502 (0.776700 + 0.082802),0.850343 (0.768600 + 0.081743),0.866913 (0.784800 + 0.082113),0.864136 (0.782100 + 0.082036),0.864136 (0.782100 + 0.082036),0.861480 (0.779400 + 0.082080),0.859502 (0.776700 + 0.082802),0.864966 (0.783000 + 0.081966),0.858329 (0.776700 + 0.081629),0.864978 (0.783000 + 0.081978),0.862329 (0.780300 + 0.082029),0.856983 (0.774900 + 0.082083),0.849025 (0.766800 + 0.082225),0.866599 (0.783900 + 0.082699),0.870396 (0.788400 + 0.081996),0.862350 (0.780300 + 0.082050),0.856094 (0.774000 + 0.082094),0.859395 (0.776700 + 0.082695),0.867780 (0.785700 + 0.082080),0.859534 (0.777600 + 0.081934),0.867798 (0.785700 + 0.082098),0.860649 (0.778500 + 0.082149),0.867780 (0.785700 + 0.082080),0.867798 (0.785700 + 0.082098),0.865854 (0.783900 + 0.081954),0.854183 (0.772200 + 0.081983),0.862279 (0.780300 + 0.081980),0.865950 (0.783900 + 0.082050),0.867797 (0.785700 + 0.082097),0.867780 (0.785700 + 0.082080),0.855232 (0.773100 + 0.082132),0.865111 (0.783000 + 0.082111),0.867798 (0.785700 + 0.082098)
25,0.871376 (0.789300 + 0.082076),0.871118 (0.788400 + 0.082718),0.871118 (0.788400 + 0.082718),0.864164 (0.782100 + 0.082064),0.870396 (0.788400 + 0.081996),0.867798 (0.785700 + 0.082098),0.870485 (0.788400 + 0.082085),0.870348 (0.788400 + 0.081948),0.861449 (0.779400 + 0.082049),0.854294 (0.772200 + 0.082094),0.851384 (0.769500 + 0.081884),0.864136 (0.782100 + 0.082036),0.862350 (0.780300 + 0.082050),0.851493 (0.768600 + 0.082893),0.851510 (0.769500 + 0.082010),0.871118 (0.788400 + 0.082718),0.867642 (0.784800 + 0.082842),0.861523 (0.779400 + 0.082123),0.865056 (0.783000 + 0.082056),0.862350 (0.780300 + 0.082050),0.866599 (0.783900 + 0.082699),0.867780 (0.785700 + 0.082080),0.861539 (0.779400 + 0.082139),0.866747 (0.784800 + 0.081947),0.867780 (0.785700 + 0.082080),0.867798 (0.785700 + 0.082098),0.867798 (0.785700 + 0.082098),0.865842 (0.783900 + 0.081942),0.864172 (0.782100 + 0.082072),0.865056 (0.783000 + 0.082056),0.861523 (0.779400 + 0.082123),0.858687 (0.776700 + 0.081987),0.866860 (0.784800 + 0.082060),0.864136 (0.782100 + 0.082036),0.866913 (0.784800 + 0.082113),0.862332 (0.780300 + 0.082032),0.861486 (0.779400 + 0.082086),0.864136 (0.782100 + 0.082036),0.861523 (0.779400 + 0.082123),0.857635 (0.775800 + 0.081835),0.868632 (0.786600 + 0.082032),0.867780 (0.785700 + 0.082080),0.867798 (0.785700 + 0.082098),0.865111 (0.783000 + 0.082111),0.870396 (0.788400 + 0.081996),0.859693 (0.777600 + 0.082093),0.867625 (0.785700 + 0.081925),0.865854 (0.783900 + 0.081954),0.863205 (0.781200 + 0.082005),0.871268 (0.789300 + 0.081968),0.863278 (0.781200 + 0.082078),0.868420 (0.785700 + 0.082720),0.864978 (0.783000 + 0.081978),0.864136 (0.782100 + 0.082036),0.867642 (0.784800 + 0.082842),0.863285 (0.781200 + 0.082085),0.863008 (0.781200 + 0.081809),0.864136 (0.782100 + 0.082036),0.867798 (0.785700 + 0.082098),0.861539 (0.779400 + 0.082139),0.867797 (0.785700 + 0.082097),0.866747 (0.784800 + 0.081947),0.866747 (0.784800 + 0.081947),0.856153 (0.774000 + 0.082153),0.867798 (0.785700 + 0.082098),0.861523 (0.779400 + 0.082123),0.865854 (0.783900 + 0.081954),0.858816 (0.776700 + 0.082116),0.867780 (0.785700 + 0.082080),0.849833 (0.767700 + 0.082133),0.853109 (0.771300 + 0.081809),0.862332 (0.780300 + 0.082032),0.862332 (0.780300 + 0.082032),0.864172 (0.782100 + 0.082072),0.861539 (0.779400 + 0.082139),0.852501 (0.770400 + 0.082101),0.867798 (0.785700 + 0.082098),0.848202 (0.765900 + 0.082302),0.865966 (0.783900 + 0.082066),0.860649 (0.778500 + 0.082149),0.852472 (0.770400 + 0.082072),0.862350 (0.780300 + 0.082050),0.858329 (0.776700 + 0.081629),0.867780 (0.785700 + 0.082080),0.871189 (0.789300 + 0.081889),0.871376 (0.789300 + 0.082076),0.864136 (0.782100 + 0.082036),0.863947 (0.781200 + 0.082747),0.866691 (0.783900 + 0.082791),0.851486 (0.769500 + 0.081986),0.865056 (0.783000 + 0.082056),0.856947 (0.774900 + 0.082048),0.866001 (0.783900 + 0.082101),0.855097 (0.773100 + 0.081997),0.852374 (0.769500 + 0.082874),0.866747 (0.784800 + 0.081947),0.864136 (0.782100 + 0.082036),0.864136 (0.782100 + 0.082036),0.864978 (0.783000 + 0.081978),0.864076 (0.782100 + 0.081976)
26,0.871376 (0.789300 + 0.082076),0.871376 (0.789300 + 0.082076),0.871268 (0.789300 + 0.081968),0.867798 (0.785700 + 0.082098),0.867798 (0.785700 + 0.082098),0.867798 (0.785700 + 0.082098),0.867798 (0.785700 + 0.082098),0.871376 (0.789300 + 0.082076),0.870396 (0.788400 + 0.081996),0.865025 (0.783000 + 0.082025),0.871351 (0.789300 + 0.082051),0.867700 (0.785700 + 0.082000),0.868529 (0.786600 + 0.081930),0.868632 (0.786600 + 0.082032),0.867798 (0.785700 + 0.082098),0.865056 (0.783000 + 0.082056),0.861523 (0.779400 + 0.082123),0.861387 (0.779400 + 0.081987),0.867651 (0.785700 + 0.081951),0.867780 (0.785700 + 0.082080),0.870396 (0.788400 + 0.081996),0.864978 (0.783000 + 0.081978),0.865056 (0.783000 + 0.082056),0.857202 (0.774900 + 0.082302),0.837660 (0.755100 + 0.082560),0.871376 (0.789300 + 0.082076),0.863278 (0.781200 + 0.082078),0.865966 (0.783900 + 0.082066),0.862350 (0.780300 + 0.082050),0.871118 (0.788400 + 0.082718),0.855097 (0.773100 + 0.081997),0.867780 (0.785700 + 0.082080),0.864978 (0.783000 + 0.081978),0.864947 (0.783000 + 0.081947),0.871376 (0.789300 + 0.082076),0.864136 (0.782100 + 0.082036),0.863205 (0.781200 + 0.082005),0.867780 (0.785700 + 0.082080),0.871264 (0.789300 + 0.081964),0.863161 (0.781200 + 0.081961),0.852923 (0.771300 + 0.081623),0.870348 (0.788400 + 0.081948),0.864978 (0.783000 + 0.081978),0.866001 (0.783900 + 0.082101),0.867780 (0.785700 + 0.082080),0.858616 (0.776700 + 0.081916),0.865824 (0.783900 + 0.081924),0.866860 (0.784800 + 0.082060),0.867798 (0.785700 + 0.082098),0.867798 (0.785700 + 0.082098),0.867798 (0.785700 + 0.082098),0.867780 (0.785700 + 0.082080),0.870342 (0.788400 + 0.081942),0.867806 (0.785700 + 0.082106),0.863319 (0.781200 + 0.082119),0.868580 (0.786600 + 0.081980),0.861496 (0.779400 + 0.082096),0.867798 (0.785700 + 0.082098),0.870396 (0.788400 + 0.081996),0.866691 (0.783900 + 0.082791),0.865056 (0.783000 + 0.082056),0.857872 (0.775800 + 0.082072),0.861069 (0.778500 + 0.082569),0.870396 (0.788400 + 0.081996),0.853335 (0.771300 + 0.082035),0.864903 (0.783000 + 0.081903),0.863947 (0.781200 + 0.082747),0.862336 (0.780300 + 0.082036),0.859442 (0.776700 + 0.082742),0.865854 (0.783900 + 0.081954),0.864092 (0.782100 + 0.081992),0.867798 (0.785700 + 0.082098),0.866747 (0.784800 + 0.081947),0.867780 (0.785700 + 0.082080),0.857760 (0.775800 + 0.081960),0.867797 (0.785700 + 0.082097),0.861523 (0.779400 + 0.082123),0.865942 (0.783900 + 0.082042),0.867552 (0.784800 + 0.082752),0.867674 (0.785700 + 0.081974),0.847843 (0.765900 + 0.081943),0.859688 (0.777600 + 0.082088),0.865139 (0.783000 + 0.082139),0.865823 (0.783900 + 0.081923),0.853338 (0.771300 + 0.082038),0.863205 (0.781200 + 0.082005),0.858816 (0.776700 + 0.082116),0.866860 (0.784800 + 0.082060),0.856745 (0.774900 + 0.081845),0.864136 (0.782100 + 0.082036),0.862350 (0.780300 + 0.082050),0.859560 (0.777600 + 0.081960),0.866866 (0.784800 + 0.082066),0.868529 (0.786600 + 0.081930),0.870342 (0.788400 + 0.081942),0.871118 (0.788400 + 0.082718),0.867780 (0.785700 + 0.082080),0.867787 (0.785700 + 0.082087),0.866913 (0.784800 + 0.082113),0.870396 (0.788400 + 0.081996)
27,0.871376 (0.789300 + 0.082076),0.871376 (0.789300 + 0.082076),0.871376 (0.789300 + 0.082076),0.871264 (0.789300 + 0.081964),0.866913 (0.784800 + 0.082113),0.866691 (0.783900 + 0.082791),0.866691 (0.783900 + 0.082791),0.856740 (0.774000 + 0.082740),0.867612 (0.785700 + 0.081912),0.870396 (0.788400 + 0.081996),0.870396 (0.788400 + 0.081996),0.867798 (0.785700 + 0.082098),0.865056 (0.783000 + 0.082056),0.871264 (0.789300 + 0.081964),0.871376 (0.789300 + 0.082076),0.854543 (0.772200 + 0.082343),0.864136 (0.782100 + 0.082036),0.867780 (0.785700 + 0.082080),0.867798 (0.785700 + 0.082098),0.866913 (0.784800 + 0.082113),0.867798 (0.785700 + 0.082098),0.864971 (0.783000 + 0.081971),0.868632 (0.786600 + 0.082032),0.865056 (0.783000 + 0.082056),0.862320 (0.780300 + 0.082021),0.867798 (0.785700 + 0.082098),0.867674 (0.785700 + 0.081974),0.867780 (0.785700 + 0.082080),0.867625 (0.785700 + 0.081925),0.866851 (0.784800 + 0.082051),0.854278 (0.772200 + 0.082078),0.867798 (0.785700 + 0.082098),0.870429 (0.788400 + 0.082029),0.866913 (0.784800 + 0.082113),0.864136 (0.782100 + 0.082036),0.866001 (0.783900 + 0.082101),0.867780 (0.785700 + 0.082080),0.867798 (0.785700 + 0.082098),0.854985 (0.773100 + 0.081885),0.858392 (0.775800 + 0.082592),0.867780 (0.785700 + 0.082080),0.871351 (0.789300 + 0.082051),0.867798 (0.785700 + 0.082098),0.867797 (0.785700 + 0.082097),0.859452 (0.776700 + 0.082752),0.854824 (0.772200 + 0.082624),0.851416 (0.769500 + 0.081916),0.868632 (0.786600 + 0.082032),0.871376 (0.789300 + 0.082076),0.871268 (0.789300 + 0.081968),0.867552 (0.784800 + 0.082752),0.871268 (0.789300 + 0.081968),0.848640 (0.766800 + 0.081840),0.862405 (0.780300 + 0.082105),0.861257 (0.779400 + 0.081857),0.861330 (0.779400 + 0.081930),0.866883 (0.784800 + 0.082083),0.871351 (0.789300 + 0.082051),0.867806 (0.785700 + 0.082106),0.871351 (0.789300 + 0.082051),0.865823 (0.783900 + 0.081923),0.870396 (0.788400 + 0.081996),0.870348 (0.788400 + 0.081948),0.865823 (0.783900 + 0.081923),0.870396 (0.788400 + 0.081996),0.860493 (0.778500 + 0.081993),0.871264 (0.789300 + 0.081964),0.860672 (0.777600 + 0.083072),0.857504 (0.775800 + 0.081704),0.867798 (0.785700 + 0.082098),0.867806 (0.785700 + 0.082106),0.871264 (0.789300 + 0.081964),0.871376 (0.789300 + 0.082076),0.871376 (0.789300 + 0.082076),0.867806 (0.785700 + 0.082106),0.871376 (0.789300 + 0.082076),0.850725 (0.768600 + 0.082125),0.865933 (0.783900 + 0.082033),0.870396 (0.788400 + 0.081996),0.867670 (0.785700 + 0.081970),0.864157 (0.782100 + 0.082057),0.867780 (0.785700 + 0.082080),0.864978 (0.783000 + 0.081978),0.867780 (0.785700 + 0.082080),0.864978 (0.783000 + 0.081978),0.871376 (0.789300 + 0.082076),0.870396 (0.788400 + 0.081996),0.864903 (0.783000 + 0.081903),0.855929 (0.773100 + 0.082829),0.856091 (0.774000 + 0.082091),0.847957 (0.765900 + 0.082057),0.868610 (0.786600 + 0.082010),0.867798 (0.785700 + 0.082098),0.867798 (0.785700 + 0.082098),0.871376 (0.789300 + 0.082076),0.867798 (0.785700 + 0.082098),0.867798 (0.785700 + 0.082098),0.871376 (0.789300 + 0.082076),0.867780 (0.785700 + 0.082080),0.866913 (0.784800 + 0.082113)
28,0.871376 (0.789300 + 0.082076),0.871376 (0.789300 + 0.082076),0.871376 (0.789300 + 0.082076),0.869519 (0.787500 + 0.082019),0.859567 (0.777600 + 0.081967),0.867674 (0.785700 + 0.081974),0.867770 (0.785700 + 0.082070),0.867770 (0.785700 + 0.082070),0.870396 (0.788400 + 0.081996),0.867798 (0.785700 + 0.082098),0.862405 (0.780300 + 0.082105),0.866747 (0.784800 + 0.081947),0.867798 (0.785700 + 0.082098),0.868518 (0.786600 + 0.081918),0.867798 (0.785700 + 0.082098),0.871376 (0.789300 + 0.082076),0.871376 (0.789300 + 0.082076),0.870396 (0.788400 + 0.081996),0.867806 (0.785700 + 0.082106),0.868516 (0.786600 + 0.081916),0.849566 (0.767700 + 0.081866),0.867798 (0.785700 + 0.082098),0.871376 (0.789300 + 0.082076),0.866851 (0.784800 + 0.082051),0.868632 (0.786600 + 0.082032),0.871264 (0.789300 + 0.081964),0.871351 (0.789300 + 0.082051),0.856757 (0.774900 + 0.081857),0.859567 (0.777600 + 0.081967),0.867798 (0.785700 + 0.082098),0.866784 (0.784800 + 0.081984),0.861330 (0.779400 + 0.081930),0.870396 (0.788400 + 0.081996),0.866913 (0.784800 + 0.082113),0.867674 (0.785700 + 0.081974),0.870324 (0.788400 + 0.081924),0.861523 (0.779400 + 0.082123),0.870396 (0.788400 + 0.081996),0.864978 (0.783000 + 0.081978),0.870396 (0.788400 + 0.081996),0.871264 (0.789300 + 0.081964),0.868516 (0.786600 + 0.081916),0.870396 (0.788400 + 0.081996),0.867798 (0.785700 + 0.082098),0.871376 (0.789300 + 0.082076),0.865904 (0.783900 + 0.082004),0.867798 (0.785700 + 0.082098),0.864978 (0.783000 + 0.081978),0.871376 (0.789300 + 0.082076),0.871351 (0.789300 + 0.082051),0.864978 (0.783000 + 0.081978),0.851353 (0.769500 + 0.081853),0.867674 (0.785700 + 0.081974),0.871376 (0.789300 + 0.082076),0.861397 (0.779400 + 0.081997),0.871376 (0.789300 + 0.082076),0.867798 (0.785700 + 0.082098),0.870429 (0.788400 + 0.082029),0.870396 (0.788400 + 0.081996),0.871376 (0.789300 + 0.082076),0.850719 (0.768600 + 0.082119),0.871264 (0.789300 + 0.081964),0.870348 (0.788400 + 0.081948),0.871351 (0.789300 + 0.082051),0.871264 (0.789300 + 0.081964),0.867798 (0.785700 + 0.082098),0.871376 (0.789300 + 0.082076),0.871376 (0.789300 + 0.082076),0.866001 (0.783900 + 0.082101),0.870342 (0.788400 + 0.081942),0.865056 (0.783000 + 0.082056),0.864136 (0.782100 + 0.082036),0.867798 (0.785700 + 0.082098),0.866913 (0.784800 + 0.082113),0.867798 (0.785700 + 0.082098),0.870396 (0.788400 + 0.081996),0.870396 (0.788400 + 0.081996),0.867806 (0.785700 + 0.082106),0.871376 (0.789300 + 0.082076),0.865904 (0.783900 + 0.082004),0.867798 (0.785700 + 0.082098),0.867797 (0.785700 + 0.082097),0.867780 (0.785700 + 0.082080),0.867798 (0.785700 + 0.082098),0.870396 (0.788400 + 0.081996),0.867798 (0.785700 + 0.082098),0.868498 (0.786600 + 0.081898),0.867798 (0.785700 + 0.082098),0.871376 (0.789300 + 0.082076),0.867798 (0.785700 + 0.082098),0.871264 (0.789300 + 0.081964),0.871351 (0.789300 + 0.082051),0.867743 (0.785700 + 0.082043),0.854362 (0.772200 + 0.082162),0.868486 (0.785700 + 0.082786),0.859567 (0.777600 + 0.081967),0.869519 (0.787500 + 0.082019),0.866804 (0.784800 + 0.082005),0.853276 (0.771300 + 0.081976),0.867674 (0.785700 + 0.081974)
29,0.871376 (0.789300 + 0.082076),0.871376 (0.789300 + 0.082076),0.871376 (0.789300 + 0.082076),0.867798 (0.785700 + 0.082098),0.870396 (0.788400 + 0.081996),0.866851 (0.784800 + 0.082051),0.867780 (0.785700 + 0.082080),0.866851 (0.784800 + 0.082051),0.845335 (0.763200 + 0.082135),0.866851 (0.784800 + 0.082051),0.854200 (0.772200 + 0.082000),0.859687 (0.777600 + 0.082087),0.867798 (0.785700 + 0.082098),0.871376 (0.789300 + 0.082076),0.871376 (0.789300 + 0.082076),0.870342 (0.788400 + 0.081942),0.871351 (0.789300 + 0.082051),0.870396 (0.788400 + 0.081996),0.870396 (0.788400 + 0.081996),0.870396 (0.788400 + 0.081996),0.871264 (0.789300 + 0.081964),0.865991 (0.783900 + 0.082092),0.865025 (0.783000 + 0.082025),0.870342 (0.788400 + 0.081942),0.868632 (0.786600 + 0.082032),0.870429 (0.788400 + 0.082029),0.867798 (0.785700 + 0.082098),0.865904 (0.783900 + 0.082004),0.867798 (0.785700 + 0.082098),0.866750 (0.784800 + 0.081950),0.861523 (0.779400 + 0.082123),0.867798 (0.785700 + 0.082098),0.867798 (0.785700 + 0.082098),0.867798 (0.785700 + 0.082098),0.870429 (0.788400 + 0.082029),0.863241 (0.781200 + 0.082041),0.847104 (0.765000 + 0.082104),0.854925 (0.773100 + 0.081825),0.867750 (0.785700 + 0.082050),0.867798 (0.785700 + 0.082098),0.867797 (0.785700 + 0.082097),0.868632 (0.786600 + 0.082032),0.871264 (0.789300 + 0.081964),0.867798 (0.785700 + 0.082098),0.871264 (0.789300 + 0.081964),0.866804 (0.784800 + 0.082005),0.861523 (0.779400 + 0.082123),0.861466 (0.779400 + 0.082066),0.866851 (0.784800 + 0.082051),0.871351 (0.789300 + 0.082051),0.867798 (0.785700 + 0.082098),0.871376 (0.789300 + 0.082076),0.861330 (0.779400 + 0.081930),0.865933 (0.783900 + 0.082033),0.859598 (0.777600 + 0.081998),0.871376 (0.789300 + 0.082076),0.871376 (0.789300 + 0.082076),0.856728 (0.774900 + 0.081828),0.870396 (0.788400 + 0.081996),0.866851 (0.784800 + 0.082051),0.868516 (0.786600 + 0.081916),0.861523 (0.779400 + 0.082123),0.866851 (0.784800 + 0.082051),0.857642 (0.775800 + 0.081842),0.871264 (0.789300 + 0.081964),0.853389 (0.771300 + 0.082089),0.855801 (0.774000 + 0.081801),0.867798 (0.785700 + 0.082098),0.871376 (0.789300 + 0.082076),0.866913 (0.784800 + 0.082113),0.867798 (0.785700 + 0.082098),0.867798 (0.785700 + 0.082098),0.867798 (0.785700 + 0.082098),0.871376 (0.789300 + 0.082076),0.867674 (0.785700 + 0.081974),0.862232 (0.780300 + 0.081932),0.871376 (0.789300 + 0.082076),0.871376 (0.789300 + 0.082076),0.867770 (0.785700 + 0.082070),0.867674 (0.785700 + 0.081974),0.871376 (0.789300 + 0.082076),0.867798 (0.785700 + 0.082098),0.866851 (0.784800 + 0.082051),0.867674 (0.785700 + 0.081974),0.863375 (0.781200 + 0.082176),0.863354 (0.781200 + 0.082154),0.853348 (0.771300 + 0.082048),0.870342 (0.788400 + 0.081942),0.866880 (0.784800 + 0.082080),0.871351 (0.789300 + 0.082051),0.870396 (0.788400 + 0.081996),0.871376 (0.789300 + 0.082076),0.866851 (0.784800 + 0.082051),0.871264 (0.789300 + 0.081964),0.867798 (0.785700 + 0.082098),0.870416 (0.788400 + 0.082016),0.868584 (0.786600 + 0.081984),0.870552 (0.788400 + 0.082153),0.847805 (0.765900 + 0.081905),0.867780 (0.785700 + 0.082080)
30,0.871376 (0.789300 + 0.082076),0.871376 (0.789300 + 0.082076),0.871376 (0.789300 + 0.082076),0.871376 (0.789300 + 0.082076),0.871376 (0.789300 + 0.082076),0.867780 (0.785700 + 0.082080),0.871376 (0.789300 + 0.082076),0.871376 (0.789300 + 0.082076),0.868632 (0.786600 + 0.082032),0.870396 (0.788400 + 0.081996),0.871264 (0.789300 + 0.081964),0.867798 (0.785700 + 0.082098),0.870342 (0.788400 + 0.081942),0.871376 (0.789300 + 0.082076),0.870342 (0.788400 + 0.081942),0.870552 (0.788400 + 0.082153),0.870396 (0.788400 + 0.081996),0.866912 (0.784800 + 0.082112),0.863362 (0.781200 + 0.082162),0.866918 (0.784800 + 0.082118),0.867674 (0.785700 + 0.081974),0.870396 (0.788400 + 0.081996),0.870342 (0.788400 + 0.081942),0.867798 (0.785700 + 0.082098),0.871264 (0.789300 + 0.081964),0.871376 (0.789300 + 0.082076),0.867797 (0.785700 + 0.082097),0.871376 (0.789300 + 0.082076),0.871376 (0.789300 + 0.082076),0.867798 (0.785700 + 0.082098),0.861330 (0.779400 + 0.081930),0.871376 (0.789300 + 0.082076),0.871264 (0.789300 + 0.081964),0.870342 (0.788400 + 0.081942),0.871351 (0.789300 + 0.082051),0.867798 (0.785700 + 0.082098),0.870342 (0.788400 + 0.081942),0.870342 (0.788400 + 0.081942),0.869503 (0.787500 + 0.082003),0.871376 (0.789300 + 0.082076),0.869518 (0.787500 + 0.082018),0.870342 (0.788400 + 0.081942),0.867798 (0.785700 + 0.082098),0.871264 (0.789300 + 0.081964),0.865957 (0.783900 + 0.082057),0.871264 (0.789300 + 0.081964),0.867798 (0.785700 + 0.082098),0.871351 (0.789300 + 0.082051),0.867674 (0.785700 + 0.081974),0.871376 (0.789300 + 0.082076),0.867798 (0.785700 + 0.082098),0.871376 (0.789300 + 0.082076),0.870552 (0.788400 + 0.082153),0.858803 (0.776700 + 0.082103),0.867689 (0.785700 + 0.081989),0.871264 (0.789300 + 0.081964),0.867798 (0.785700 + 0.082098),0.866747 (0.784800 + 0.081947),0.867750 (0.785700 + 0.082050),0.864156 (0.782100 + 0.082056),0.871437 (0.789300 + 0.082137),0.861424 (0.779400 + 0.082024),0.861523 (0.779400 + 0.082123),0.871376 (0.789300 + 0.082076),0.867798 (0.785700 + 0.082098),0.868584 (0.786600 + 0.081984),0.865063 (0.783000 + 0.082063),0.872253 (0.790200 + 0.082053),0.868654 (0.786600 + 0.082054),0.866851 (0.784800 + 0.082051),0.870396 (0.788400 + 0.081996),0.870342 (0.788400 + 0.081942),0.867798 (0.785700 + 0.082098),0.866804 (0.784800 + 0.082005),0.866851 (0.784800 + 0.082051),0.868518 (0.786600 + 0.081918),0.867798 (0.785700 + 0.082098),0.871376 (0.789300 + 0.082076),0.866851 (0.784800 + 0.082051),0.871376 (0.789300 + 0.082076),0.870429 (0.788400 + 0.082029),0.867798 (0.785700 + 0.082098),0.866851 (0.784800 + 0.082051),0.871376 (0.789300 + 0.082076),0.867798 (0.785700 + 0.082098),0.870342 (0.788400 + 0.081942),0.861466 (0.779400 + 0.082066),0.866883 (0.784800 + 0.082083),0.865991 (0.783900 + 0.082092),0.851301 (0.769500 + 0.081801),0.861594 (0.779400 + 0.082194),0.871376 (0.789300 + 0.082076),0.866804 (0.784800 + 0.082005),0.869453 (0.787500 + 0.081953),0.867674 (0.785700 + 0.081974),0.867798 (0.785700 + 0.082098),0.857651 (0.775800 + 0.081851),0.870396 (0.788400 + 0.081996),0.867798 (0.785700 + 0.082098),0.859551 (0.777600 + 0.081951)
31,0.872253 (0.790200 + 0.082053),0.871437 (0.789300 + 0.082137),0.871376 (0.789300 + 0.082076),0.871376 (0.789300 + 0.082076),0.870342 (0.788400 + 0.081942),0.871376 (0.789300 + 0.082076),0.870552 (0.788400 + 0.082153),0.854207 (0.772200 + 0.082007),0.854305 (0.772200 + 0.082105),0.867798 (0.785700 + 0.082098),0.872253 (0.790200 + 0.082053),0.871264 (0.789300 + 0.081964),0.871351 (0.789300 + 0.082051),0.870342 (0.788400 + 0.081942),0.871376 (0.789300 + 0.082076),0.871376 (0.789300 + 0.082076),0.871376 (0.789300 + 0.082076),0.866851 (0.784800 + 0.082051),0.871351 (0.789300 + 0.082051),0.870342 (0.788400 + 0.081942),0.871376 (0.789300 + 0.082076),0.867780 (0.785700 + 0.082080),0.871376 (0.789300 + 0.082076),0.871376 (0.789300 + 0.082076),0.867798 (0.785700 + 0.082098),0.867798 (0.785700 + 0.082098),0.867674 (0.785700 + 0.081974),0.871264 (0.789300 + 0.081964),0.867787 (0.785700 + 0.082087),0.871376 (0.789300 + 0.082076),0.871376 (0.789300 + 0.082076),0.867798 (0.785700 + 0.082098),0.867798 (0.785700 + 0.082098),0.870342 (0.788400 + 0.081942),0.871376 (0.789300 + 0.082076),0.863276 (0.781200 + 0.082076),0.866851 (0.784800 + 0.082051),0.867780 (0.785700 + 0.082080),0.871376 (0.789300 + 0.082076),0.870552 (0.788400 + 0.082153),0.871376 (0.789300 + 0.082076),0.870429 (0.788400 + 0.082029),0.870342 (0.788400 + 0.081942),0.870429 (0.788400 + 0.082029),0.860418 (0.778500 + 0.081918),0.868654 (0.786600 + 0.082054),0.871376 (0.789300 + 0.082076),0.871376 (0.789300 + 0.082076),0.871376 (0.789300 + 0.082076),0.860333 (0.778500 + 0.081833),0.867798 (0.785700 + 0.082098),0.863112 (0.781200 + 0.081912),0.870342 (0.788400 + 0.081942),0.866750 (0.784800 + 0.081950),0.861523 (0.779400 + 0.082123),0.870342 (0.788400 + 0.081942),0.864954 (0.783000 + 0.081954),0.871264 (0.789300 + 0.081964),0.862452 (0.780300 + 0.082152),0.871376 (0.789300 + 0.082076),0.866804 (0.784800 + 0.082005),0.871376 (0.789300 + 0.082076),0.867798 (0.785700 + 0.082098),0.871376 (0.789300 + 0.082076),0.871376 (0.789300 + 0.082076),0.871264 (0.789300 + 0.081964),0.871264 (0.789300 + 0.081964),0.871351 (0.789300 + 0.082051),0.865036 (0.783000 + 0.082036),0.865974 (0.783900 + 0.082074),0.866013 (0.783900 + 0.082113),0.871376 (0.789300 + 0.082076),0.872253 (0.790200 + 0.082053),0.870342 (0.788400 + 0.081942),0.867798 (0.785700 + 0.082098),0.871376 (0.789300 + 0.082076),0.871351 (0.789300 + 0.082051),0.867798 (0.785700 + 0.082098),0.854836 (0.773100 + 0.081736),0.871264 (0.789300 + 0.081964),0.870342 (0.788400 + 0.081942),0.860615 (0.778500 + 0.082116),0.855200 (0.773100 + 0.082100),0.870396 (0.788400 + 0.081996),0.870342 (0.788400 + 0.081942),0.871376 (0.789300 + 0.082076),0.868654 (0.786600 + 0.082054),0.871376 (0.789300 + 0.082076),0.871376 (0.789300 + 0.082076),0.871376 (0.789300 + 0.082076),0.866851 (0.784800 + 0.082051),0.868654 (0.786600 + 0.082054),0.871376 (0.789300 + 0.082076),0.871351 (0.789300 + 0.082051),0.867798 (0.785700 + 0.082098),0.871376 (0.789300 + 0.082076),0.855197 (0.773100 + 0.082097),0.872253 (0.790200 + 0.082053),0.871376 (0.789300 + 0.082076),0.870429 (0.788400 + 0.082029)
32,0.872253 (0.790200 + 0.082053),0.872253 (0.790200 + 0.082053),0.872253 (0.790200 + 0.082053),0.861523 (0.779400 + 0.082123),0.868518 (0.786600 + 0.081918),0.871376 (0.789300 + 0.082076),0.867798 (0.785700 + 0.082098),0.862250 (0.780300 + 0.081950),0.856968 (0.774900 + 0.082069),0.871376 (0.789300 + 0.082076),0.871264 (0.789300 + 0.081964),0.871376 (0.789300 + 0.082076),0.868654 (0.786600 + 0.082054),0.864114 (0.782100 + 0.082014),0.870369 (0.788400 + 0.081969),0.870342 (0.788400 + 0.081942),0.867798 (0.785700 + 0.082098),0.870371 (0.788400 + 0.081971),0.865955 (0.783900 + 0.082056),0.852443 (0.770400 + 0.082043),0.872120 (0.790200 + 0.081920),0.871376 (0.789300 + 0.082076),0.847918 (0.765900 + 0.082018),0.871376 (0.789300 + 0.082076),0.870342 (0.788400 + 0.081942),0.871351 (0.789300 + 0.082051),0.871351 (0.789300 + 0.082051),0.870342 (0.788400 + 0.081942),0.867728 (0.785700 + 0.082028),0.872253 (0.790200 + 0.082053),0.872253 (0.790200 + 0.082053),0.870552 (0.788400 + 0.082153),0.871376 (0.789300 + 0.082076),0.871376 (0.789300 + 0.082076),0.871376 (0.789300 + 0.082076),0.871376 (0.789300 + 0.082076),0.871376 (0.789300 + 0.082076),0.872253 (0.790200 + 0.082053),0.871376 (0.789300 + 0.082076),0.854309 (0.772200 + 0.082109),0.867798 (0.785700 + 0.082098),0.861523 (0.779400 + 0.082123),0.871351 (0.789300 + 0.082051),0.867798 (0.785700 + 0.082098),0.871264 (0.789300 + 0.081964),0.871376 (0.789300 + 0.082076),0.867798 (0.785700 + 0.082098),0.871376 (0.789300 + 0.082076),0.871437 (0.789300 + 0.082137),0.871376 (0.789300 + 0.082076),0.864052 (0.782100 + 0.081952),0.867620 (0.785700 + 0.081920),0.871376 (0.789300 + 0.082076),0.871376 (0.789300 + 0.082076),0.871376 (0.789300 + 0.082076),0.868518 (0.786600 + 0.081918),0.861523 (0.779400 + 0.082123),0.871376 (0.789300 + 0.082076),0.870429 (0.788400 + 0.082029),0.857776 (0.775800 + 0.081976),0.871376 (0.789300 + 0.082076),0.866702 (0.784800 + 0.081902),0.871376 (0.789300 + 0.082076),0.871376 (0.789300 + 0.082076),0.870429 (0.788400 + 0.082029),0.871376 (0.789300 + 0.082076),0.862292 (0.780300 + 0.081992),0.871376 (0.789300 + 0.082076),0.871376 (0.789300 + 0.082076),0.871376 (0.789300 + 0.082076),0.871376 (0.789300 + 0.082076),0.867798 (0.785700 + 0.082098),0.870429 (0.788400 + 0.082029),0.867798 (0.785700 + 0.082098),0.869519 (0.787500 + 0.082019),0.869627 (0.787500 + 0.082127),0.855050 (0.773100 + 0.081950),0.860625 (0.778500 + 0.082125),0.870342 (0.788400 + 0.081942),0.867798 (0.785700 + 0.082098),0.872120 (0.790200 + 0.081920),0.871376 (0.789300 + 0.082076),0.871376 (0.789300 + 0.082076),0.860683 (0.778500 + 0.082183),0.871376 (0.789300 + 0.082076),0.871376 (0.789300 + 0.082076),0.856937 (0.774900 + 0.082037),0.871376 (0.789300 + 0.082076),0.871376 (0.789300 + 0.082076),0.871376 (0.789300 + 0.082076),0.861397 (0.779400 + 0.081997),0.870429 (0.788400 + 0.082029),0.871376 (0.789300 + 0.082076),0.867620 (0.785700 + 0.081920),0.871376 (0.789300 + 0.082076),0.858712 (0.776700 + 0.082012),0.865851 (0.783900 + 0.081951),0.871376 (0.789300 + 0.082076),0.868654 (0.786600 + 0.082054),0.867798 (0.785700 + 0.082098)
33,0.872253 (0.790200 + 0.082053),0.872253 (0.790200 + 0.082053),0.872253 (0.790200 + 0.082053),0.871376 (0.789300 + 0.082076),0.872253 (0.790200 + 0.082053),0.871376 (0.789300 + 0.082076),0.871376 (0.789300 + 0.082076),0.856718 (0.774900 + 0.081818),0.871376 (0.789300 + 0.082076),0.872253 (0.790200 + 0.082053),0.871376 (0.789300 + 0.082076),0.871376 (0.789300 + 0.082076),0.871264 (0.789300 + 0.081964),0.871376 (0.789300 + 0.082076),0.871376 (0.789300 + 0.082076),0.854192 (0.772200 + 0.081992),0.872253 (0.790200 + 0.082053),0.872120 (0.790200 + 0.081920),0.871376 (0.789300 + 0.082076),0.871376 (0.789300 + 0.082076),0.871376 (0.789300 + 0.082076),0.868518 (0.786600 + 0.081918),0.872253 (0.790200 + 0.082053),0.864250 (0.782100 + 0.082150),0.858500 (0.776700 + 0.081800),0.871376 (0.789300 + 0.082076),0.842452 (0.760500 + 0.081952),0.871376 (0.789300 + 0.082076),0.871376 (0.789300 + 0.082076),0.871376 (0.789300 + 0.082076),0.871376 (0.789300 + 0.082076),0.868704 (0.786600 + 0.082105),0.857032 (0.774900 + 0.082132),0.862358 (0.780300 + 0.082058),0.875839 (0.793800 + 0.082039),0.867798 (0.785700 + 0.082098),0.867798 (0.785700 + 0.082098),0.871376 (0.789300 + 0.082076),0.871351 (0.789300 + 0.082051),0.872253 (0.790200 + 0.082053),0.871376 (0.789300 + 0.082076),0.871351 (0.789300 + 0.082051),0.870429 (0.788400 + 0.082029),0.872253 (0.790200 + 0.082053),0.869446 (0.787500 + 0.081946),0.866871 (0.784800 + 0.082071),0.871376 (0.789300 + 0.082076),0.871376 (0.789300 + 0.082076),0.871376 (0.789300 + 0.082076),0.872253 (0.790200 + 0.082053),0.870429 (0.788400 + 0.082029),0.855129 (0.773100 + 0.082029),0.871376 (0.789300 + 0.082076),0.870429 (0.788400 + 0.082029),0.871376 (0.789300 + 0.082076),0.871376 (0.789300 + 0.082076),0.871376 (0.789300 + 0.082076),0.871376 (0.789300 + 0.082076),0.871376 (0.789300 + 0.082076),0.871376 (0.789300 + 0.082076),0.869519 (0.787500 + 0.082019),0.872253 (0.790200 + 0.082053),0.871376 (0.789300 + 0.082076),0.859639 (0.777600 + 0.082039),0.869506 (0.787500 + 0.082006),0.872253 (0.790200 + 0.082053),0.870342 (0.788400 + 0.081942),0.871376 (0.789300 + 0.082076),0.871376 (0.789300 + 0.082076),0.871376 (0.789300 + 0.082076),0.871376 (0.789300 + 0.082076),0.871376 (0.789300 + 0.082076),0.871376 (0.789300 + 0.082076),0.866702 (0.784800 + 0.081902),0.853119 (0.771300 + 0.081819),0.871376 (0.789300 + 0.082076),0.857885 (0.775800 + 0.082085),0.870429 (0.788400 + 0.082029),0.867798 (0.785700 + 0.082098),0.871376 (0.789300 + 0.082076),0.861523 (0.779400 + 0.082123),0.872253 (0.790200 + 0.082053),0.872253 (0.790200 + 0.082053),0.871264 (0.789300 + 0.081964),0.869506 (0.787500 + 0.082006),0.872253 (0.790200 + 0.082053),0.867620 (0.785700 + 0.081920),0.847873 (0.765900 + 0.081973),0.870342 (0.788400 + 0.081942),0.872253 (0.790200 + 0.082053),0.871376 (0.789300 + 0.082076),0.868698 (0.786600 + 0.082098),0.858827 (0.776700 + 0.082127),0.871376 (0.789300 + 0.082076),0.872253 (0.790200 + 0.082053),0.871376 (0.789300 + 0.082076),0.846917 (0.765000 + 0.081917),0.871376 (0.789300 + 0.082076),0.870429 (0.788400 + 0.082029),0.868518 (0.786600 + 0.081918)
34,0.875839 (0.793800 + 0.082039),0.872253 (0.790200 + 0.082053),0.872253 (0.790200 + 0.082053),0.872253 (0.790200 + 0.082053),0.871376 (0.789300 + 0.082076),0.871376 (0.789300 + 0.082076),0.872253 (0.790200 + 0.082053),0.867798 (0.785700 + 0.082098),0.869506 (0.787500 + 0.082006),0.867798 (0.785700 + 0.082098),0.871376 (0.789300 + 0.082076),0.871376 (0.789300 + 0.082076),0.871376 (0.789300 + 0.082076),0.871376 (0.789300 + 0.082076),0.871376 (0.789300 + 0.082076),0.872253 (0.790200 + 0.082053),0.856852 (0.774900 + 0.081952),0.871376 (0.789300 + 0.082076),0.871376 (0.789300 + 0.082076),0.872253 (0.790200 + 0.082053),0.872253 (0.790200 + 0.082053),0.870429 (0.788400 + 0.082029),0.872253 (0.790200 + 0.082053),0.854107 (0.772200 + 0.081907),0.872253 (0.790200 + 0.082053),0.872253 (0.790200 + 0.082053),0.853447 (0.771300 + 0.082147),0.871376 (0.789300 + 0.082076),0.871376 (0.789300 + 0.082076),0.864872 (0.783000 + 0.081872),0.872253 (0.790200 + 0.082053),0.871376 (0.789300 + 0.082076),0.870429 (0.788400 + 0.082029),0.872253 (0.790200 + 0.082053),0.871376 (0.789300 + 0.082076),0.871376 (0.789300 + 0.082076),0.844275 (0.762300 + 0.081975),0.872253 (0.790200 + 0.082053),0.871376 (0.789300 + 0.082076),0.872253 (0.790200 + 0.082053),0.871376 (0.789300 + 0.082076),0.872253 (0.790200 + 0.082053),0.871376 (0.789300 + 0.082076),0.871376 (0.789300 + 0.082076),0.872253 (0.790200 + 0.082053),0.866851 (0.784800 + 0.082051),0.855200 (0.773100 + 0.082100),0.871376 (0.789300 + 0.082076),0.872253 (0.790200 + 0.082053),0.872253 (0.790200 + 0.082053),0.871376 (0.789300 + 0.082076),0.871376 (0.789300 + 0.082076),0.872253 (0.790200 + 0.082053),0.871376 (0.789300 + 0.082076),0.861523 (0.779400 + 0.082123),0.872253 (0.790200 + 0.082053),0.872253 (0.790200 + 0.082053),0.872253 (0.790200 + 0.082053),0.864953 (0.783000 + 0.081953),0.871376 (0.789300 + 0.082076),0.871376 (0.789300 + 0.082076),0.871376 (0.789300 + 0.082076),0.872253 (0.790200 + 0.082053),0.872253 (0.790200 + 0.082053),0.872253 (0.790200 + 0.082053),0.852369 (0.770400 + 0.081969),0.871376 (0.789300 + 0.082076),0.872253 (0.790200 + 0.082053),0.871376 (0.789300 + 0.082076),0.870342 (0.788400 + 0.081942),0.871376 (0.789300 + 0.082076),0.871376 (0.789300 + 0.082076),0.871376 (0.789300 + 0.082076),0.872120 (0.790200 + 0.081920),0.871376 (0.789300 + 0.082076),0.871376 (0.789300 + 0.082076),0.867766 (0.785700 + 0.082066),0.871376 (0.789300 + 0.082076),0.870429 (0.788400 + 0.082029),0.870342 (0.788400 + 0.081942),0.861341 (0.779400 + 0.081941),0.871376 (0.789300 + 0.082076),0.851719 (0.769500 + 0.082219),0.872253 (0.790200 + 0.082053),0.871351 (0.789300 + 0.082051),0.872253 (0.790200 + 0.082053),0.869519 (0.787500 + 0.082019),0.872253 (0.790200 + 0.082053),0.868518 (0.786600 + 0.081918),0.866851 (0.784800 + 0.082051),0.872120 (0.790200 + 0.081920),0.855200 (0.773100 + 0.082100),0.866804 (0.784800 + 0.082005),0.872253 (0.790200 + 0.082053),0.871376 (0.789300 + 0.082076),0.871376 (0.789300 + 0.082076),0.871376 (0.789300 + 0.082076),0.851423 (0.769500 + 0.081923),0.871376 (0.789300 + 0.082076),0.871376 (0.789300 + 0.082076)
35,0.875839 (0.793800 + 0.082039),0.872253 (0.790200 + 0.082053),0.872253 (0.790200 + 0.082053),0.871376 (0.789300 + 0.082076),0.872253 (0.790200 + 0.082053),0.872253 (0.790200 + 0.082053),0.871376 (0.789300 + 0.082076),0.872253 (0.790200 + 0.082053),0.871376 (0.789300 + 0.082076),0.858786 (0.776700 + 0.082086),0.872253 (0.790200 + 0.082053),0.872253 (0.790200 + 0.082053),0.871376 (0.789300 + 0.082076),0.872253 (0.790200 + 0.082053),0.872253 (0.790200 + 0.082053),0.872253 (0.790200 + 0.082053),0.872253 (0.790200 + 0.082053),0.856967 (0.774900 + 0.082067),0.872120 (0.790200 + 0.081920),0.872253 (0.790200 + 0.082053),0.871376 (0.789300 + 0.082076),0.869449 (0.787500 + 0.081949),0.867589 (0.785700 + 0.081889),0.871376 (0.789300 + 0.082076),0.871376 (0.789300 + 0.082076),0.856833 (0.774900 + 0.081933),0.871376 (0.789300 + 0.082076),0.864953 (0.783000 + 0.081953),0.871376 (0.789300 + 0.082076),0.872253 (0.790200 + 0.082053),0.871376 (0.789300 + 0.082076),0.872253 (0.790200 + 0.082053),0.871376 (0.789300 + 0.082076),0.871376 (0.789300 + 0.082076),0.871376 (0.789300 + 0.082076),0.872253 (0.790200 + 0.082053),0.872253 (0.790200 + 0.082053),0.871376 (0.789300 + 0.082076),0.872253 (0.790200 + 0.082053),0.872253 (0.790200 + 0.082053),0.871376 (0.789300 + 0.082076),0.853332 (0.771300 + 0.082032),0.849625 (0.767700 + 0.081925),0.872253 (0.790200 + 0.082053),0.872253 (0.790200 + 0.082053),0.872253 (0.790200 + 0.082053),0.871376 (0.789300 + 0.082076),0.872253 (0.790200 + 0.082053),0.872253 (0.790200 + 0.082053),0.869506 (0.787500 + 0.082006),0.872253 (0.790200 + 0.082053),0.871376 (0.789300 + 0.082076),0.872253 (0.790200 + 0.082053),0.850704 (0.768600 + 0.082104),0.854107 (0.772200 + 0.081907),0.871376 (0.789300 + 0.082076),0.871376 (0.789300 + 0.082076),0.846065 (0.764100 + 0.081965),0.872253 (0.790200 + 0.082053),0.872253 (0.790200 + 0.082053),0.871376 (0.789300 + 0.082076),0.872253 (0.790200 + 0.082053),0.871376 (0.789300 + 0.082076),0.872253 (0.790200 + 0.082053),0.871376 (0.789300 + 0.082076),0.848833 (0.766800 + 0.082033),0.871376 (0.789300 + 0.082076),0.870371 (0.788400 + 0.081971),0.871444 (0.789300 + 0.082144),0.855022 (0.773100 + 0.081922),0.872253 (0.790200 + 0.082053),0.871376 (0.789300 + 0.082076),0.872253 (0.790200 + 0.082053),0.872253 (0.790200 + 0.082053),0.872253 (0.790200 + 0.082053),0.872253 (0.790200 + 0.082053),0.865653 (0.783900 + 0.081753),0.872253 (0.790200 + 0.082053),0.872253 (0.790200 + 0.082053),0.861523 (0.779400 + 0.082123),0.871376 (0.789300 + 0.082076),0.852231 (0.770400 + 0.081831),0.872253 (0.790200 + 0.082053),0.872253 (0.790200 + 0.082053),0.871376 (0.789300 + 0.082076),0.872253 (0.790200 + 0.082053),0.871376 (0.789300 + 0.082076),0.871376 (0.789300 + 0.082076),0.872253 (0.790200 + 0.082053),0.872253 (0.790200 + 0.082053),0.872253 (0.790200 + 0.082053),0.866851 (0.784800 + 0.082051),0.865020 (0.783000 + 0.082020),0.872253 (0.790200 + 0.082053),0.872253 (0.790200 + 0.082053),0.872120 (0.790200 + 0.081920),0.871376 (0.789300 + 0.082076),0.871376 (0.789300 + 0.082076),0.871376 (0.789300 + 0.082076),0.872253 (0.790200 + 0.082053)
36,0.875839 (0.793800 + 0.082039),0.872253 (0.790200 + 0.082053),0.872253 (0.790200 + 0.082053),0.872253 (0.790200 + 0.082053),0.872253 (0.790200 + 0.082053),0.871376 (0.789300 + 0.082076),0.871376 (0.789300 + 0.082076),0.875839 (0.793800 + 0.082039),0.871376 (0.789300 + 0.082076),0.872253 (0.790200 + 0.082053),0.872253 (0.790200 + 0.082053),0.872253 (0.790200 + 0.082053),0.872253 (0.790200 + 0.082053),0.872253 (0.790200 + 0.082053),0.871376 (0.789300 + 0.082076),0.872253 (0.790200 + 0.082053),0.872253 (0.790200 + 0.082053),0.872253 (0.790200 + 0.082053),0.872253 (0.790200 + 0.082053),0.871376 (0.789300 + 0.082076),0.872253 (0.790200 + 0.082053),0.872253 (0.790200 + 0.082053),0.847945 (0.765900 + 0.082045),0.871444 (0.789300 + 0.082144),0.870371 (0.788400 + 0.081971),0.872253 (0.790200 + 0.082053),0.872253 (0.790200 + 0.082053),0.872120 (0.790200 + 0.081920),0.872253 (0.790200 + 0.082053),0.872253 (0.790200 + 0.082053),0.872253 (0.790200 + 0.082053),0.871376 (0.789300 + 0.082076),0.871376 (0.789300 + 0.082076),0.871376 (0.789300 + 0.082076),0.872253 (0.790200 + 0.082053),0.872253 (0.790200 + 0.082053),0.851477 (0.769500 + 0.081977),0.872253 (0.790200 + 0.082053),0.871376 (0.789300 + 0.082076),0.872253 (0.790200 + 0.082053),0.872253 (0.790200 + 0.082053),0.872253 (0.790200 + 0.082053),0.854129 (0.772200 + 0.081929),0.872253 (0.790200 + 0.082053),0.852381 (0.770400 + 0.081981),0.872253 (0.790200 + 0.082053),0.872253 (0.790200 + 0.082053),0.872253 (0.790200 + 0.082053),0.872253 (0.790200 + 0.082053),0.871376 (0.789300 + 0.082076),0.872253 (0.790200 + 0.082053),0.872253 (0.790200 + 0.082053),0.871376 (0.789300 + 0.082076),0.872253 (0.790200 + 0.082053),0.872253 (0.790200 + 0.082053),0.872253 (0.790200 + 0.082053),0.872253 (0.790200 + 0.082053),0.872253 (0.790200 + 0.082053),0.872253 (0.790200 + 0.082053),0.872253 (0.790200 + 0.082053),0.872253 (0.790200 + 0.082053),0.872253 (0.790200 + 0.082053),0.872253 (0.790200 + 0.082053),0.872253 (0.790200 + 0.082053),0.871376 (0.789300 + 0.082076),0.872253 (0.790200 + 0.082053),0.858724 (0.776700 + 0.082024),0.860534 (0.778500 + 0.082035),0.871376 (0.789300 + 0.082076),0.872253 (0.790200 + 0.082053),0.871444 (0.789300 + 0.082144),0.872253 (0.790200 + 0.082053),0.846817 (0.765000 + 0.081817),0.872253 (0.790200 + 0.082053),0.871376 (0.789300 + 0.082076),0.872253 (0.790200 + 0.082053),0.871444 (0.789300 + 0.082144),0.872253 (0.790200 + 0.082053),0.872253 (0.790200 + 0.082053),0.872253 (0.790200 + 0.082053),0.872253 (0.790200 + 0.082053),0.871376 (0.789300 + 0.082076),0.872253 (0.790200 + 0.082053),0.872253 (0.790200 + 0.082053),0.871376 (0.789300 + 0.082076),0.860470 (0.778500 + 0.081970),0.851412 (0.769500 + 0.081912),0.872253 (0.790200 + 0.082053),0.872253 (0.790200 + 0.082053),0.872253 (0.790200 + 0.082053),0.872253 (0.790200 + 0.082053),0.871444 (0.789300 + 0.082144),0.872253 (0.790200 + 0.082053),0.871376 (0.789300 + 0.082076),0.871376 (0.789300 + 0.082076),0.872253 (0.790200 + 0.082053),0.872253 (0.790200 + 0.082053),0.872253 (0.790200 + 0.082053),0.872253 (0.790200 + 0.082053),0.862355 (0.780300 + 0.082055)
37,0.875839 (0.793800 + 0.082039),0.875839 (0.793800 + 0.082039),0.872253 (0.790200 + 0.082053),0.872253 (0.790200 + 0.082053),0.872253 (0.790200 + 0.082053),0.870371 (0.788400 + 0.081971),0.871444 (0.789300 + 0.082144),0.872253 (0.790200 + 0.082053),0.871376 (0.789300 + 0.082076),0.872253 (0.790200 + 0.082053),0.872253 (0.790200 + 0.082053),0.861330 (0.779400 + 0.081930),0.866943 (0.784800 + 0.082143),0.872253 (0.790200 + 0.082053),0.875783 (0.793800 + 0.081983),0.872253 (0.790200 + 0.082053),0.872253 (0.790200 + 0.082053),0.872253 (0.790200 + 0.082053),0.872253 (0.790200 + 0.082053),0.872253 (0.790200 + 0.082053),0.872253 (0.790200 + 0.082053),0.872253 (0.790200 + 0.082053),0.872253 (0.790200 + 0.082053),0.872253 (0.790200 + 0.082053),0.872253 (0.790200 + 0.082053),0.872253 (0.790200 + 0.082053),0.872253 (0.790200 + 0.082053),0.872253 (0.790200 + 0.082053),0.872253 (0.790200 + 0.082053),0.872253 (0.790200 + 0.082053),0.872253 (0.790200 + 0.082053),0.872253 (0.790200 + 0.082053),0.872253 (0.790200 + 0.082053),0.872253 (0.790200 + 0.082053),0.871444 (0.789300 + 0.082144),0.872253 (0.790200 + 0.082053),0.872253 (0.790200 + 0.082053),0.872253 (0.790200 + 0.082053),0.872253 (0.790200 + 0.082053),0.872253 (0.790200 + 0.082053),0.860392 (0.778500 + 0.081892),0.872253 (0.790200 + 0.082053),0.872253 (0.790200 + 0.082053),0.872253 (0.790200 + 0.082053),0.872253 (0.790200 + 0.082053),0.844211 (0.762300 + 0.081911),0.872253 (0.790200 + 0.082053),0.872253 (0.790200 + 0.082053),0.871376 (0.789300 + 0.082076),0.869449 (0.787500 + 0.081949),0.857944 (0.775800 + 0.082144),0.872253 (0.790200 + 0.082053),0.872253 (0.790200 + 0.082053),0.872253 (0.790200 + 0.082053),0.872253 (0.790200 + 0.082053),0.850689 (0.768600 + 0.082089),0.872253 (0.790200 + 0.082053),0.872253 (0.790200 + 0.082053),0.871376 (0.789300 + 0.082076),0.872253 (0.790200 + 0.082053),0.872253 (0.790200 + 0.082053),0.872253 (0.790200 + 0.082053),0.857708 (0.775800 + 0.081908),0.872253 (0.790200 + 0.082053),0.872253 (0.790200 + 0.082053),0.872253 (0.790200 + 0.082053),0.871376 (0.789300 + 0.082076),0.871376 (0.789300 + 0.082076),0.872253 (0.790200 + 0.082053),0.872253 (0.790200 + 0.082053),0.872253 (0.790200 + 0.082053),0.872253 (0.790200 + 0.082053),0.848830 (0.766800 + 0.082030),0.872253 (0.790200 + 0.082053),0.872253 (0.790200 + 0.082053),0.872253 (0.790200 + 0.082053),0.872253 (0.790200 + 0.082053),0.872253 (0.790200 + 0.082053),0.872253 (0.790200 + 0.082053),0.851446 (0.769500 + 0.081946),0.872253 (0.790200 + 0.082053),0.872253 (0.790200 + 0.082053),0.872253 (0.790200 + 0.082053),0.872253 (0.790200 + 0.082053),0.872253 (0.790200 + 0.082053),0.872253 (0.790200 + 0.082053),0.872253 (0.790200 + 0.082053),0.872253 (0.790200 + 0.082053),0.872253 (0.790200 + 0.082053),0.859675 (0.777600 + 0.082075),0.872253 (0.790200 + 0.082053),0.871376 (0.789300 + 0.082076),0.857853 (0.775800 + 0.082053),0.872253 (0.790200 + 0.082053),0.872253 (0.790200 + 0.082053),0.848724 (0.766800 + 0.081924),0.872253 (0.790200 + 0.082053),0.860470 (0.778500 + 0.081970),0.854236 (0.772200 + 0.082036),0.872253 (0.790200 + 0.082053)
38,0.875839 (0.793800 + 0.082039),0.875839 (0.793800 + 0.082039),0.875783 (0.793800 + 0.081983),0.866019 (0.783900 + 0.082119),0.865053 (0.783000 + 0.082053),0.872253 (0.790200 + 0.082053),0.872253 (0.790200 + 0.082053),0.872253 (0.790200 + 0.082053),0.872253 (0.790200 + 0.082053),0.872253 (0.790200 + 0.082053),0.872253 (0.790200 + 0.082053),0.872253 (0.790200 + 0.082053),0.872253 (0.790200 + 0.082053),0.872253 (0.790200 + 0.082053),0.872253 (0.790200 + 0.082053),0.872253 (0.790200 + 0.082053),0.872253 (0.790200 + 0.082053),0.872253 (0.790200 + 0.082053),0.872253 (0.790200 + 0.082053),0.872253 (0.790200 + 0.082053),0.872253 (0.790200 + 0.082053),0.872253 (0.790200 + 0.082053),0.872253 (0.790200 + 0.082053),0.872253 (0.790200 + 0.082053),0.872253 (0.790200 + 0.082053),0.872253 (0.790200 + 0.082053),0.872253 (0.790200 + 0.082053),0.872253 (0.790200 + 0.082053),0.872253 (0.790200 + 0.082053),0.872253 (0.790200 + 0.082053),0.872253 (0.790200 + 0.082053),0.872253 (0.790200 + 0.082053),0.872253 (0.790200 + 0.082053),0.867779 (0.785700 + 0.082079),0.873958 (0.792000 + 0.081958),0.872253 (0.790200 + 0.082053),0.872253 (0.790200 + 0.082053),0.869449 (0.787500 + 0.081949),0.871444 (0.789300 + 0.082144),0.871444 (0.789300 + 0.082144),0.872253 (0.790200 + 0.082053),0.844353 (0.762300 + 0.082053),0.860361 (0.778500 + 0.081861),0.869449 (0.787500 + 0.081949),0.872253 (0.790200 + 0.082053),0.863252 (0.781200 + 0.082053),0.866875 (0.784800 + 0.082075),0.871376 (0.789300 + 0.082076),0.872253 (0.790200 + 0.082053),0.872253 (0.790200 + 0.082053),0.872253 (0.790200 + 0.082053),0.872253 (0.790200 + 0.082053),0.872253 (0.790200 + 0.082053),0.872253 (0.790200 + 0.082053),0.872253 (0.790200 + 0.082053),0.872253 (0.790200 + 0.082053),0.872253 (0.790200 + 0.082053),0.872253 (0.790200 + 0.082053),0.872253 (0.790200 + 0.082053),0.871376 (0.789300 + 0.082076),0.869449 (0.787500 + 0.081949),0.872253 (0.790200 + 0.082053),0.872253 (0.790200 + 0.082053),0.856057 (0.774000 + 0.082057),0.872253 (0.790200 + 0.082053),0.872253 (0.790200 + 0.082053),0.858804 (0.776700 + 0.082104),0.864873 (0.783000 + 0.081873),0.872253 (0.790200 + 0.082053),0.872253 (0.790200 + 0.082053),0.872253 (0.790200 + 0.082053),0.872253 (0.790200 + 0.082053),0.851435 (0.769500 + 0.081935),0.872253 (0.790200 + 0.082053),0.872253 (0.790200 + 0.082053),0.871444 (0.789300 + 0.082144),0.872253 (0.790200 + 0.082053),0.872253 (0.790200 + 0.082053),0.872253 (0.790200 + 0.082053),0.872253 (0.790200 + 0.082053),0.872253 (0.790200 + 0.082053),0.850379 (0.768600 + 0.081779),0.860562 (0.778500 + 0.082062),0.860543 (0.778500 + 0.082043),0.872253 (0.790200 + 0.082053),0.872253 (0.790200 + 0.082053),0.872253 (0.790200 + 0.082053),0.869449 (0.787500 + 0.081949),0.871444 (0.789300 + 0.082144),0.872253 (0.790200 + 0.082053),0.872253 (0.790200 + 0.082053),0.872253 (0.790200 + 0.082053),0.872253 (0.790200 + 0.082053),0.872253 (0.790200 + 0.082053),0.872253 (0.790200 + 0.082053),0.871376 (0.789300 + 0.082076),0.872253 (0.790200 + 0.082053),0.870490 (0.788400 + 0.082090),0.876647 (0.794700 + 0.081947),0.872253 (0.790200 + 0.082053)
39,0.876647 (0.794700 + 0.081947),0.875839 (0.793800 + 0.082039),0.875839 (0.793800 + 0.082039),0.872253 (0.790200 + 0.082053),0.872253 (0.790200 + 0.082053),0.872253 (0.790200 + 0.082053),0.872253 (0.790200 + 0.082053),0.854345 (0.772200 + 0.082145),0.866747 (0.784800 + 0.081947),0.876647 (0.794700 + 0.081947),0.872253 (0.790200 + 0.082053),0.861450 (0.779400 + 0.082051),0.870465 (0.788400 + 0.082065),0.872253 (0.790200 + 0.082053),0.872253 (0.790200 + 0.082053),0.866021 (0.783900 + 0.082121),0.870371 (0.788400 + 0.081971),0.872253 (0.790200 + 0.082053),0.850434 (0.768600 + 0.081834),0.873958 (0.792000 + 0.081958),0.872253 (0.790200 + 0.082053),0.872253 (0.790200 + 0.082053),0.872253 (0.790200 + 0.082053),0.872253 (0.790200 + 0.082053),0.852352 (0.770400 + 0.081952),0.871444 (0.789300 + 0.082144),0.849558 (0.767700 + 0.081858),0.864907 (0.783000 + 0.081907),0.872253 (0.790200 + 0.082053),0.872253 (0.790200 + 0.082053),0.872253 (0.790200 + 0.082053),0.872253 (0.790200 + 0.082053),0.872253 (0.790200 + 0.082053),0.872253 (0.790200 + 0.082053),0.872253 (0.790200 + 0.082053),0.867779 (0.785700 + 0.082079),0.872253 (0.790200 + 0.082053),0.869449 (0.787500 + 0.081949),0.872253 (0.790200 + 0.082053),0.868658 (0.786600 + 0.082058),0.868649 (0.786600 + 0.082049),0.872253 (0.790200 + 0.082053),0.872253 (0.790200 + 0.082053),0.872253 (0.790200 + 0.082053),0.872253 (0.790200 + 0.082053),0.872253 (0.790200 + 0.082053),0.871376 (0.789300 + 0.082076),0.847678 (0.765900 + 0.081778),0.872253 (0.790200 + 0.082053),0.872253 (0.790200 + 0.082053),0.872253 (0.790200 + 0.082053),0.872253 (0.790200 + 0.082053),0.872253 (0.790200 + 0.082053),0.872253 (0.790200 + 0.082053),0.872253 (0.790200 + 0.082053),0.872253 (0.790200 + 0.082053),0.872253 (0.790200 + 0.082053),0.872253 (0.790200 + 0.082053),0.872253 (0.790200 + 0.082053),0.872253 (0.790200 + 0.082053),0.872253 (0.790200 + 0.082053),0.867779 (0.785700 + 0.082079),0.872253 (0.790200 + 0.082053),0.872253 (0.790200 + 0.082053),0.872253 (0.790200 + 0.082053),0.870465 (0.788400 + 0.082065),0.861450 (0.779400 + 0.082051),0.847003 (0.765000 + 0.082003),0.872253 (0.790200 + 0.082053),0.852356 (0.770400 + 0.081956),0.872253 (0.790200 + 0.082053),0.872253 (0.790200 + 0.082053),0.872253 (0.790200 + 0.082053),0.872253 (0.790200 + 0.082053),0.872253 (0.790200 + 0.082053),0.872253 (0.790200 + 0.082053),0.872253 (0.790200 + 0.082053),0.872253 (0.790200 + 0.082053),0.872253 (0.790200 + 0.082053),0.872253 (0.790200 + 0.082053),0.873958 (0.792000 + 0.081958),0.872253 (0.790200 + 0.082053),0.872253 (0.790200 + 0.082053),0.872253 (0.790200 + 0.082053),0.872253 (0.790200 + 0.082053),0.848800 (0.766800 + 0.082000),0.872253 (0.790200 + 0.082053),0.872253 (0.790200 + 0.082053),0.872253 (0.790200 + 0.082053),0.872253 (0.790200 + 0.082053),0.872253 (0.790200 + 0.082053),0.873958 (0.792000 + 0.081958),0.867779 (0.785700 + 0.082079),0.872253 (0.790200 + 0.082053),0.872253 (0.790200 + 0.082053),0.872253 (0.790200 + 0.082053),0.865053 (0.783000 + 0.082053),0.872253 (0.790200 + 0.082053),0.844192 (0.762300 + 0.081892),0.869554 (0.787500 + 0.082054)
40,0.876647 (0.794700 + 0.081947),0.876647 (0.794700 + 0.081947),0.875839 (0.793800 + 0.082039),0.872253 (0.790200 + 0.082053),0.872253 (0.790200 + 0.082053),0.872253 (0.790200 + 0.082053),0.872253 (0.790200 + 0.082053),0.872253 (0.790200 + 0.082053),0.872253 (0.790200 + 0.082053),0.871444 (0.789300 + 0.082144),0.869449 (0.787500 + 0.081949),0.872253 (0.790200 + 0.082053),0.872253 (0.790200 + 0.082053),0.872253 (0.790200 + 0.082053),0.872253 (0.790200 + 0.082053),0.872253 (0.790200 + 0.082053),0.872253 (0.790200 + 0.082053),0.872253 (0.790200 + 0.082053),0.851397 (0.769500 + 0.081897),0.860604 (0.778500 + 0.082104),0.872253 (0.790200 + 0.082053),0.872253 (0.790200 + 0.082053),0.872253 (0.790200 + 0.082053),0.873958 (0.792000 + 0.081958),0.872253 (0.790200 + 0.082053),0.872253 (0.790200 + 0.082053),0.872253 (0.790200 + 0.082053),0.852284 (0.770400 + 0.081884),0.873958 (0.792000 + 0.081958),0.870465 (0.788400 + 0.082065),0.872253 (0.790200 + 0.082053),0.872253 (0.790200 + 0.082053),0.872253 (0.790200 + 0.082053),0.872253 (0.790200 + 0.082053),0.872253 (0.790200 + 0.082053),0.868658 (0.786600 + 0.082058),0.872253 (0.790200 + 0.082053),0.871444 (0.789300 + 0.082144),0.850490 (0.768600 + 0.081890),0.873958 (0.792000 + 0.081958),0.872253 (0.790200 + 0.082053),0.872253 (0.790200 + 0.082053),0.872253 (0.790200 + 0.082053),0.872253 (0.790200 + 0.082053),0.872253 (0.790200 + 0.082053),0.873958 (0.792000 + 0.081958),0.872253 (0.790200 + 0.082053),0.872253 (0.790200 + 0.082053),0.872253 (0.790200 + 0.082053),0.872253 (0.790200 + 0.082053),0.872253 (0.790200 + 0.082053),0.875839 (0.793800 + 0.082039),0.875839 (0.793800 + 0.082039),0.872253 (0.790200 + 0.082053),0.872253 (0.790200 + 0.082053),0.872253 (0.790200 + 0.082053),0.872253 (0.790200 + 0.082053),0.872253 (0.790200 + 0.082053),0.872253 (0.790200 + 0.082053),0.872253 (0.790200 + 0.082053),0.872253 (0.790200 + 0.082053),0.872253 (0.790200 + 0.082053),0.870465 (0.788400 + 0.082065),0.863204 (0.781200 + 0.082004),0.872253 (0.790200 + 0.082053),0.872253 (0.790200 + 0.082053),0.855971 (0.774000 + 0.081971),0.872253 (0.790200 + 0.082053),0.872253 (0.790200 + 0.082053),0.868649 (0.786600 + 0.082049),0.872253 (0.790200 + 0.082053),0.876647 (0.794700 + 0.081947),0.868649 (0.786600 + 0.082049),0.872253 (0.790200 + 0.082053),0.872253 (0.790200 + 0.082053),0.868642 (0.786600 + 0.082042),0.864055 (0.782100 + 0.081955),0.853248 (0.771300 + 0.081948),0.872253 (0.790200 + 0.082053),0.872253 (0.790200 + 0.082053),0.872253 (0.790200 + 0.082053),0.872253 (0.790200 + 0.082053),0.872253 (0.790200 + 0.082053),0.866021 (0.783900 + 0.082121),0.872253 (0.790200 + 0.082053),0.875839 (0.793800 + 0.082039),0.872253 (0.790200 + 0.082053),0.872253 (0.790200 + 0.082053),0.872253 (0.790200 + 0.082053),0.868658 (0.786600 + 0.082058),0.872253 (0.790200 + 0.082053),0.872253 (0.790200 + 0.082053),0.861425 (0.779400 + 0.082025),0.872253 (0.790200 + 0.082053),0.853268 (0.771300 + 0.081968),0.850530 (0.768600 + 0.081930),0.849706 (0.767700 + 0.082006),0.872253 (0.790200 + 0.082053),0.872253 (0.790200 + 0.082053),0.872253 (0.790200 + 0.082053)
41,0.876647 (0.794700 + 0.081947),0.876647 (0.794700 + 0.081947),0.876647 (0.794700 + 0.081947),0.861463 (0.779400 + 0.082063),0.865915 (0.783900 + 0.082015),0.876647 (0.794700 + 0.081947),0.851602 (0.769500 + 0.082102),0.872253 (0.790200 + 0.082053),0.872253 (0.790200 + 0.082053),0.872253 (0.790200 + 0.082053),0.872253 (0.790200 + 0.082053),0.856694 (0.774900 + 0.081794),0.873958 (0.792000 + 0.081958),0.857603 (0.775800 + 0.081803),0.873958 (0.792000 + 0.081958),0.873958 (0.792000 + 0.081958),0.868642 (0.786600 + 0.082042),0.869449 (0.787500 + 0.081949),0.871444 (0.789300 + 0.082144),0.872253 (0.790200 + 0.082053),0.862304 (0.780300 + 0.082004),0.873958 (0.792000 + 0.081958),0.872253 (0.790200 + 0.082053),0.872253 (0.790200 + 0.082053),0.872253 (0.790200 + 0.082053),0.873958 (0.792000 + 0.081958),0.872253 (0.790200 + 0.082053),0.872253 (0.790200 + 0.082053),0.872253 (0.790200 + 0.082053),0.868658 (0.786600 + 0.082058),0.872253 (0.790200 + 0.082053),0.872253 (0.790200 + 0.082053),0.873958 (0.792000 + 0.081958),0.861088 (0.779400 + 0.081688),0.872253 (0.790200 + 0.082053),0.876647 (0.794700 + 0.081947),0.872253 (0.790200 + 0.082053),0.872253 (0.790200 + 0.082053),0.872253 (0.790200 + 0.082053),0.869449 (0.787500 + 0.081949),0.872253 (0.790200 + 0.082053),0.874048 (0.792000 + 0.082048),0.869449 (0.787500 + 0.081949),0.872253 (0.790200 + 0.082053),0.872253 (0.790200 + 0.082053),0.871444 (0.789300 + 0.082144),0.870465 (0.788400 + 0.082065),0.872253 (0.790200 + 0.082053),0.872253 (0.790200 + 0.082053),0.872253 (0.790200 + 0.082053),0.872253 (0.790200 + 0.082053),0.873958 (0.792000 + 0.081958),0.868642 (0.786600 + 0.082042),0.873958 (0.792000 + 0.081958),0.868642 (0.786600 + 0.082042),0.872253 (0.790200 + 0.082053),0.872253 (0.790200 + 0.082053),0.872253 (0.790200 + 0.082053),0.872253 (0.790200 + 0.082053),0.873958 (0.792000 + 0.081958),0.868642 (0.786600 + 0.082042),0.853278 (0.771300 + 0.081978),0.862243 (0.780300 + 0.081943),0.854029 (0.772200 + 0.081829),0.855179 (0.773100 + 0.082079),0.866921 (0.784800 + 0.082121),0.872253 (0.790200 + 0.082053),0.869508 (0.787500 + 0.082008),0.860468 (0.778500 + 0.081968),0.872253 (0.790200 + 0.082053),0.872253 (0.790200 + 0.082053),0.872253 (0.790200 + 0.082053),0.856812 (0.774900 + 0.081912),0.859395 (0.777600 + 0.081795),0.872253 (0.790200 + 0.082053),0.855233 (0.773100 + 0.082133),0.866759 (0.784800 + 0.081959),0.872253 (0.790200 + 0.082053),0.872253 (0.790200 + 0.082053),0.872253 (0.790200 + 0.082053),0.872253 (0.790200 + 0.082053),0.855033 (0.773100 + 0.081933),0.876647 (0.794700 + 0.081947),0.871444 (0.789300 + 0.082144),0.855995 (0.774000 + 0.081995),0.873958 (0.792000 + 0.081958),0.872253 (0.790200 + 0.082053),0.872253 (0.790200 + 0.082053),0.848710 (0.766800 + 0.081910),0.870465 (0.788400 + 0.082065),0.866828 (0.784800 + 0.082028),0.872253 (0.790200 + 0.082053),0.872253 (0.790200 + 0.082053),0.872253 (0.790200 + 0.082053),0.872253 (0.790200 + 0.082053),0.876647 (0.794700 + 0.081947),0.873958 (0.792000 + 0.081958),0.874048 (0.792000 + 0.082048),0.872253 (0.790200 + 0.082053),0.873958 (0.792000 + 0.081958)
42,0.876647 (0.794700 + 0.081947),0.876647 (0.794700 + 0.081947),0.876647 (0.794700 + 0.081947),0.869449 (0.787500 + 0.081949),0.872253 (0.790200 + 0.082053),0.872253 (0.790200 + 0.082053),0.872253 (0.790200 + 0.082053),0.872253 (0.790200 + 0.082053),0.873958 (0.792000 + 0.081958),0.876647 (0.794700 + 0.081947),0.843061 (0.761400 + 0.081661),0.855231 (0.773100 + 0.082131),0.865870 (0.783900 + 0.081970),0.857091 (0.774900 + 0.082191),0.876647 (0.794700 + 0.081947),0.871444 (0.789300 + 0.082144),0.868642 (0.786600 + 0.082042),0.872253 (0.790200 + 0.082053),0.872253 (0.790200 + 0.082053),0.853103 (0.771300 + 0.081803),0.872253 (0.790200 + 0.082053),0.872253 (0.790200 + 0.082053),0.873958 (0.792000 + 0.081958),0.872253 (0.790200 + 0.082053),0.872253 (0.790200 + 0.082053),0.873958 (0.792000 + 0.081958),0.876647 (0.794700 + 0.081947),0.857883 (0.775800 + 0.082083),0.873958 (0.792000 + 0.081958),0.872253 (0.790200 + 0.082053),0.860341 (0.778500 + 0.081841),0.873958 (0.792000 + 0.081958),0.873958 (0.792000 + 0.081958),0.876647 (0.794700 + 0.081947),0.868658 (0.786600 + 0.082058),0.872253 (0.790200 + 0.082053),0.872253 (0.790200 + 0.082053),0.863199 (0.781200 + 0.081999),0.876647 (0.794700 + 0.081947),0.855121 (0.773100 + 0.082021),0.867665 (0.785700 + 0.081965),0.872253 (0.790200 + 0.082053),0.876647 (0.794700 + 0.081947),0.872253 (0.790200 + 0.082053),0.872253 (0.790200 + 0.082053),0.872253 (0.790200 + 0.082053),0.872253 (0.790200 + 0.082053),0.873958 (0.792000 + 0.081958),0.871444 (0.789300 + 0.082144),0.872253 (0.790200 + 0.082053),0.873958 (0.792000 + 0.081958),0.866831 (0.784800 + 0.082031),0.853311 (0.771300 + 0.082011),0.871444 (0.789300 + 0.082144),0.872253 (0.790200 + 0.082053),0.876647 (0.794700 + 0.081947),0.873958 (0.792000 + 0.081958),0.871444 (0.789300 + 0.082144),0.872253 (0.790200 + 0.082053),0.873958 (0.792000 + 0.081958),0.872253 (0.790200 + 0.082053),0.872253 (0.790200 + 0.082053),0.872253 (0.790200 + 0.082053),0.872253 (0.790200 + 0.082053),0.872253 (0.790200 + 0.082053),0.873958 (0.792000 + 0.081958),0.872253 (0.790200 + 0.082053),0.873958 (0.792000 + 0.081958),0.873958 (0.792000 + 0.081958),0.872253 (0.790200 + 0.082053),0.873958 (0.792000 + 0.081958),0.872253 (0.790200 + 0.082053),0.848996 (0.766800 + 0.082196),0.873958 (0.792000 + 0.081958),0.872253 (0.790200 + 0.082053),0.874048 (0.792000 + 0.082048),0.874048 (0.792000 + 0.082048),0.869449 (0.787500 + 0.081949),0.865868 (0.783900 + 0.081968),0.872253 (0.790200 + 0.082053),0.872253 (0.790200 + 0.082053),0.872253 (0.790200 + 0.082053),0.873958 (0.792000 + 0.081958),0.872253 (0.790200 + 0.082053),0.873958 (0.792000 + 0.081958),0.872253 (0.790200 + 0.082053),0.872253 (0.790200 + 0.082053),0.873958 (0.792000 + 0.081958),0.868642 (0.786600 + 0.082042),0.872253 (0.790200 + 0.082053),0.870465 (0.788400 + 0.082065),0.849760 (0.767700 + 0.082061),0.845880 (0.764100 + 0.081780),0.872253 (0.790200 + 0.082053),0.872253 (0.790200 + 0.082053),0.870465 (0.788400 + 0.082065),0.872253 (0.790200 + 0.082053),0.872253 (0.790200 + 0.082053),0.854271 (0.772200 + 0.082071),0.876647 (0.794700 + 0.081947)
43,0.876647 (0.794700 + 0.081947),0.876647 (0.794700 + 0.081947),0.876647 (0.794700 + 0.081947),0.871444 (0.789300 + 0.082144),0.873958 (0.792000 + 0.081958),0.871444 (0.789300 + 0.082144),0.873958 (0.792000 + 0.081958),0.876647 (0.794700 + 0.081947),0.872253 (0.790200 + 0.082053),0.872253 (0.790200 + 0.082053),0.852647 (0.770400 + 0.082247),0.872253 (0.790200 + 0.082053),0.876647 (0.794700 + 0.081947),0.854227 (0.772200 + 0.082027),0.872253 (0.790200 + 0.082053),0.872253 (0.790200 + 0.082053),0.872253 (0.790200 + 0.082053),0.873958 (0.792000 + 0.081958),0.872253 (0.790200 + 0.082053),0.873958 (0.792000 + 0.081958),0.873958 (0.792000 + 0.081958),0.873958 (0.792000 + 0.081958),0.871444 (0.789300 + 0.082144),0.872253 (0.790200 + 0.082053),0.872253 (0.790200 + 0.082053),0.873958 (0.792000 + 0.081958),0.873958 (0.792000 + 0.081958),0.871444 (0.789300 + 0.082144),0.874048 (0.792000 + 0.082048),0.876647 (0.794700 + 0.081947),0.872253 (0.790200 + 0.082053),0.865868 (0.783900 + 0.081968),0.860537 (0.778500 + 0.082037),0.876647 (0.794700 + 0.081947),0.876647 (0.794700 + 0.081947),0.872253 (0.790200 + 0.082053),0.872253 (0.790200 + 0.082053),0.873958 (0.792000 + 0.081958),0.876647 (0.794700 + 0.081947),0.876647 (0.794700 + 0.081947),0.853231 (0.771300 + 0.081931),0.876647 (0.794700 + 0.081947),0.872253 (0.790200 + 0.082053),0.872253 (0.790200 + 0.082053),0.872253 (0.790200 + 0.082053),0.868642 (0.786600 + 0.082042),0.873958 (0.792000 + 0.081958),0.873958 (0.792000 + 0.081958),0.871444 (0.789300 + 0.082144),0.868642 (0.786600 + 0.082042),0.873958 (0.792000 + 0.081958),0.873958 (0.792000 + 0.081958),0.872253 (0.790200 + 0.082053),0.872253 (0.790200 + 0.082053),0.873958 (0.792000 + 0.081958),0.873958 (0.792000 + 0.081958),0.876647 (0.794700 + 0.081947),0.870465 (0.788400 + 0.082065),0.872253 (0.790200 + 0.082053),0.872253 (0.790200 + 0.082053),0.873958 (0.792000 + 0.081958),0.872253 (0.790200 + 0.082053),0.872253 (0.790200 + 0.082053),0.873958 (0.792000 + 0.081958),0.868642 (0.786600 + 0.082042),0.850487 (0.768600 + 0.081887),0.873958 (0.792000 + 0.081958),0.876647 (0.794700 + 0.081947),0.852284 (0.770400 + 0.081884),0.873958 (0.792000 + 0.081958),0.872253 (0.790200 + 0.082053),0.872253 (0.790200 + 0.082053),0.873958 (0.792000 + 0.081958),0.872253 (0.790200 + 0.082053),0.872253 (0.790200 + 0.082053),0.872253 (0.790200 + 0.082053),0.862061 (0.780300 + 0.081761),0.873958 (0.792000 + 0.081958),0.872253 (0.790200 + 0.082053),0.873958 (0.792000 + 0.081958),0.871444 (0.789300 + 0.082144),0.871444 (0.789300 + 0.082144),0.864217 (0.782100 + 0.082117),0.876647 (0.794700 + 0.081947),0.876647 (0.794700 + 0.081947),0.873958 (0.792000 + 0.081958),0.872253 (0.790200 + 0.082053),0.872253 (0.790200 + 0.082053),0.872253 (0.790200 + 0.082053),0.869449 (0.787500 + 0.081949),0.864082 (0.782100 + 0.081982),0.872253 (0.790200 + 0.082053),0.876647 (0.794700 + 0.081947),0.871444 (0.789300 + 0.082144),0.873958 (0.792000 + 0.081958),0.876647 (0.794700 + 0.081947),0.872253 (0.790200 + 0.082053),0.872253 (0.790200 + 0.082053),0.873958 (0.792000 + 0.081958),0.876647 (0.794700 + 0.081947)
44,0.876647 (0.794700 + 0.081947),0.876647 (0.794700 + 0.081947),0.876647 (0.794700 + 0.081947),0.873958 (0.792000 + 0.081958),0.872253 (0.790200 + 0.082053),0.873958 (0.792000 + 0.081958),0.876647 (0.794700 + 0.081947),0.873958 (0.792000 + 0.081958),0.872253 (0.790200 + 0.082053),0.873958 (0.792000 + 0.081958),0.876647 (0.794700 + 0.081947),0.873958 (0.792000 + 0.081958),0.872253 (0.790200 + 0.082053),0.874048 (0.792000 + 0.082048),0.856821 (0.774900 + 0.081921),0.873958 (0.792000 + 0.081958),0.863201 (0.781200 + 0.082001),0.873958 (0.792000 + 0.081958),0.872253 (0.790200 + 0.082053),0.873958 (0.792000 + 0.081958),0.873958 (0.792000 + 0.081958),0.876647 (0.794700 + 0.081947),0.876647 (0.794700 + 0.081947),0.858572 (0.776700 + 0.081872),0.872253 (0.790200 + 0.082053),0.869449 (0.787500 + 0.081949),0.873958 (0.792000 + 0.081958),0.873958 (0.792000 + 0.081958),0.873958 (0.792000 + 0.081958),0.876647 (0.794700 + 0.081947),0.876647 (0.794700 + 0.081947),0.876647 (0.794700 + 0.081947),0.873958 (0.792000 + 0.081958),0.872253 (0.790200 + 0.082053),0.873958 (0.792000 + 0.081958),0.873958 (0.792000 + 0.081958),0.876647 (0.794700 + 0.081947),0.876647 (0.794700 + 0.081947),0.872253 (0.790200 + 0.082053),0.872253 (0.790200 + 0.082053),0.873958 (0.792000 + 0.081958),0.868642 (0.786600 + 0.082042),0.874048 (0.792000 + 0.082048),0.872253 (0.790200 + 0.082053),0.866840 (0.784800 + 0.082040),0.876647 (0.794700 + 0.081947),0.876647 (0.794700 + 0.081947),0.871341 (0.789300 + 0.082042),0.873058 (0.791100 + 0.081958),0.872253 (0.790200 + 0.082053),0.868642 (0.786600 + 0.082042),0.872253 (0.790200 + 0.082053),0.873958 (0.792000 + 0.081958),0.872253 (0.790200 + 0.082053),0.876647 (0.794700 + 0.081947),0.873958 (0.792000 + 0.081958),0.848589 (0.766800 + 0.081789),0.876647 (0.794700 + 0.081947),0.846040 (0.764100 + 0.081940),0.856926 (0.774900 + 0.082026),0.865963 (0.783900 + 0.082063),0.873958 (0.792000 + 0.081958),0.868642 (0.786600 + 0.082042),0.856826 (0.774900 + 0.081926),0.873958 (0.792000 + 0.081958),0.876647 (0.794700 + 0.081947),0.876647 (0.794700 + 0.081947),0.868642 (0.786600 + 0.082042),0.873958 (0.792000 + 0.081958),0.876647 (0.794700 + 0.081947),0.873958 (0.792000 + 0.081958),0.872253 (0.790200 + 0.082053),0.872253 (0.790200 + 0.082053),0.873958 (0.792000 + 0.081958),0.873958 (0.792000 + 0.081958),0.872253 (0.790200 + 0.082053),0.873958 (0.792000 + 0.081958),0.876647 (0.794700 + 0.081947),0.873958 (0.792000 + 0.081958),0.876647 (0.794700 + 0.081947),0.876647 (0.794700 + 0.081947),0.876647 (0.794700 + 0.081947),0.873958 (0.792000 + 0.081958),0.873958 (0.792000 + 0.081958),0.873958 (0.792000 + 0.081958),0.872253 (0.790200 + 0.082053),0.873958 (0.792000 + 0.081958),0.872253 (0.790200 + 0.082053),0.874048 (0.792000 + 0.082048),0.876647 (0.794700 + 0.081947),0.873958 (0.792000 + 0.081958),0.872253 (0.790200 + 0.082053),0.872253 (0.790200 + 0.082053),0.873958 (0.792000 + 0.081958),0.876647 (0.794700 + 0.081947),0.876647 (0.794700 + 0.081947),0.873958 (0.792000 + 0.081958),0.873958 (0.792000 + 0.081958),0.873958 (0.792000 + 0.081958),0.876647 (0.794700 + 0.081947)
45,0.876647 (0.794700 + 0.081947),0.876647 (0.794700 + 0.081947),0.876647 (0.794700 + 0.081947),0.874048 (0.792000 + 0.082048),0.873958 (0.792000 + 0.081958),0.873958 (0.792000 + 0.081958),0.876647 (0.794700 + 0.081947),0.876647 (0.794700 + 0.081947),0.876647 (0.794700 + 0.081947),0.876647 (0.794700 + 0.081947),0.876647 (0.794700 + 0.081947),0.845113 (0.763200 + 0.081913),0.876647 (0.794700 + 0.081947),0.873958 (0.792000 + 0.081958),0.873958 (0.792000 + 0.081958),0.876647 (0.794700 + 0.081947),0.876647 (0.794700 + 0.081947),0.876647 (0.794700 + 0.081947),0.852221 (0.770400 + 0.081821),0.853165 (0.771300 + 0.081865),0.873958 (0.792000 + 0.081958),0.876647 (0.794700 + 0.081947),0.873958 (0.792000 + 0.081958),0.876647 (0.794700 + 0.081947),0.876647 (0.794700 + 0.081947),0.868642 (0.786600 + 0.082042),0.873958 (0.792000 + 0.081958),0.873958 (0.792000 + 0.081958),0.873958 (0.792000 + 0.081958),0.865317 (0.783000 + 0.082317),0.856904 (0.774900 + 0.082005),0.867594 (0.785700 + 0.081894),0.873958 (0.792000 + 0.081958),0.876647 (0.794700 + 0.081947),0.868642 (0.786600 + 0.082042),0.873958 (0.792000 + 0.081958),0.876647 (0.794700 + 0.081947),0.874048 (0.792000 + 0.082048),0.874048 (0.792000 + 0.082048),0.873958 (0.792000 + 0.081958),0.873958 (0.792000 + 0.081958),0.876647 (0.794700 + 0.081947),0.876647 (0.794700 + 0.081947),0.872253 (0.790200 + 0.082053),0.876647 (0.794700 + 0.081947),0.876647 (0.794700 + 0.081947),0.872253 (0.790200 + 0.082053),0.859653 (0.777600 + 0.082053),0.873958 (0.792000 + 0.081958),0.876647 (0.794700 + 0.081947),0.873958 (0.792000 + 0.081958),0.861192 (0.779400 + 0.081792),0.876647 (0.794700 + 0.081947),0.876647 (0.794700 + 0.081947),0.873958 (0.792000 + 0.081958),0.867717 (0.785700 + 0.082017),0.857762 (0.775800 + 0.081962),0.876647 (0.794700 + 0.081947),0.876647 (0.794700 + 0.081947),0.863214 (0.781200 + 0.082014),0.872180 (0.790200 + 0.081980),0.873958 (0.792000 + 0.081958),0.876647 (0.794700 + 0.081947),0.876647 (0.794700 + 0.081947),0.873958 (0.792000 + 0.081958),0.876647 (0.794700 + 0.081947),0.876647 (0.794700 + 0.081947),0.876647 (0.794700 + 0.081947),0.873958 (0.792000 + 0.081958),0.876647 (0.794700 + 0.081947),0.873958 (0.792000 + 0.081958),0.872253 (0.790200 + 0.082053),0.862103 (0.780300 + 0.081803),0.876647 (0.794700 + 0.081947),0.873958 (0.792000 + 0.081958),0.873958 (0.792000 + 0.081958),0.865685 (0.783900 + 0.081785),0.876647 (0.794700 + 0.081947),0.873958 (0.792000 + 0.081958),0.876647 (0.794700 + 0.081947),0.876647 (0.794700 + 0.081947),0.876647 (0.794700 + 0.081947),0.876647 (0.794700 + 0.081947),0.855976 (0.774000 + 0.081976),0.873958 (0.792000 + 0.081958),0.876647 (0.794700 + 0.081947),0.876647 (0.794700 + 0.081947),0.873958 (0.792000 + 0.081958),0.873958 (0.792000 + 0.081958),0.876647 (0.794700 + 0.081947),0.876647 (0.794700 + 0.081947),0.876647 (0.794700 + 0.081947),0.873958 (0.792000 + 0.081958),0.876647 (0.794700 + 0.081947),0.873958 (0.792000 + 0.081958),0.876647 (0.794700 + 0.081947),0.876647 (0.794700 + 0.081947),0.863962 (0.782100 + 0.081862),0.872253 (0.790200 + 0.082053),0.876647 (0.794700 + 0.081947)
46,0.876647 (0.794700 + 0.081947),0.876647 (0.794700 + 0.081947),0.876647 (0.794700 + 0.081947),0.876647 (0.794700 + 0.081947),0.876647 (0.794700 + 0.081947),0.876647 (0.794700 + 0.081947),0.876647 (0.794700 + 0.081947),0.873958 (0.792000 + 0.081958),0.876647 (0.794700 + 0.081947),0.876647 (0.794700 + 0.081947),0.876647 (0.794700 + 0.081947),0.853256 (0.771300 + 0.081956),0.873958 (0.792000 + 0.081958),0.873958 (0.792000 + 0.081958),0.876647 (0.794700 + 0.081947),0.876647 (0.794700 + 0.081947),0.876647 (0.794700 + 0.081947),0.873958 (0.792000 + 0.081958),0.876647 (0.794700 + 0.081947),0.876647 (0.794700 + 0.081947),0.876647 (0.794700 + 0.081947),0.876647 (0.794700 + 0.081947),0.876647 (0.794700 + 0.081947),0.876647 (0.794700 + 0.081947),0.876647 (0.794700 + 0.081947),0.876647 (0.794700 + 0.081947),0.876647 (0.794700 + 0.081947),0.876647 (0.794700 + 0.081947),0.876647 (0.794700 + 0.081947),0.876647 (0.794700 + 0.081947),0.861150 (0.779400 + 0.081750),0.876647 (0.794700 + 0.081947),0.876647 (0.794700 + 0.081947),0.876647 (0.794700 + 0.081947),0.876647 (0.794700 + 0.081947),0.860453 (0.778500 + 0.081953),0.876647 (0.794700 + 0.081947),0.876647 (0.794700 + 0.081947),0.873958 (0.792000 + 0.081958),0.852299 (0.770400 + 0.081899),0.876647 (0.794700 + 0.081947),0.876647 (0.794700 + 0.081947),0.873958 (0.792000 + 0.081958),0.855794 (0.774000 + 0.081794),0.876647 (0.794700 + 0.081947),0.876647 (0.794700 + 0.081947),0.873958 (0.792000 + 0.081958),0.876647 (0.794700 + 0.081947),0.876647 (0.794700 + 0.081947),0.873958 (0.792000 + 0.081958),0.873958 (0.792000 + 0.081958),0.876647 (0.794700 + 0.081947),0.876647 (0.794700 + 0.081947),0.876647 (0.794700 + 0.081947),0.872253 (0.790200 + 0.082053),0.876647 (0.794700 + 0.081947),0.876647 (0.794700 + 0.081947),0.860263 (0.778500 + 0.081763),0.873958 (0.792000 + 0.081958),0.876647 (0.794700 + 0.081947),0.858456 (0.776700 + 0.081756),0.876647 (0.794700 + 0.081947),0.876647 (0.794700 + 0.081947),0.876647 (0.794700 + 0.081947),0.876647 (0.794700 + 0.081947),0.876647 (0.794700 + 0.081947),0.873958 (0.792000 + 0.081958),0.868642 (0.786600 + 0.082042),0.876647 (0.794700 + 0.081947),0.876647 (0.794700 + 0.081947),0.876647 (0.794700 + 0.081947),0.876647 (0.794700 + 0.081947),0.868642 (0.786600 + 0.082042),0.876647 (0.794700 + 0.081947),0.876647 (0.794700 + 0.081947),0.876647 (0.794700 + 0.081947),0.857579 (0.775800 + 0.081779),0.873058 (0.791100 + 0.081958),0.875746 (0.793800 + 0.081946),0.873958 (0.792000 + 0.081958),0.876647 (0.794700 + 0.081947),0.873958 (0.792000 + 0.081958),0.876647 (0.794700 + 0.081947),0.876647 (0.794700 + 0.081947),0.876647 (0.794700 + 0.081947),0.873958 (0.792000 + 0.081958),0.863887 (0.782100 + 0.081787),0.858760 (0.776700 + 0.082060),0.873958 (0.792000 + 0.081958),0.868596 (0.786600 + 0.081996),0.860498 (0.778500 + 0.081998),0.876647 (0.794700 + 0.081947),0.873958 (0.792000 + 0.081958),0.876647 (0.794700 + 0.081947),0.873067 (0.791100 + 0.081967),0.876647 (0.794700 + 0.081947),0.876647 (0.794700 + 0.081947),0.876647 (0.794700 + 0.081947),0.876647 (0.794700 + 0.081947),0.876647 (0.794700 + 0.081947)
47,0.876647 (0.794700 + 0.081947),0.876647 (0.794700 + 0.081947),0.876647 (0.794700 + 0.081947),0.876647 (0.794700 + 0.081947),0.876647 (0.794700 + 0.081947),0.876647 (0.794700 + 0.081947),0.849783 (0.767700 + 0.082083),0.876647 (0.794700 + 0.081947),0.876647 (0.794700 + 0.081947),0.876647 (0.794700 + 0.081947),0.876647 (0.794700 + 0.081947),0.876647 (0.794700 + 0.081947),0.863238 (0.781200 + 0.082038),0.876647 (0.794700 + 0.081947),0.876647 (0.794700 + 0.081947),0.876647 (0.794700 + 0.081947),0.876647 (0.794700 + 0.081947),0.876647 (0.794700 + 0.081947),0.873958 (0.792000 + 0.081958),0.876647 (0.794700 + 0.081947),0.876647 (0.794700 + 0.081947),0.873958 (0.792000 + 0.081958),0.876647 (0.794700 + 0.081947),0.876647 (0.794700 + 0.081947),0.876647 (0.794700 + 0.081947),0.876647 (0.794700 + 0.081947),0.876647 (0.794700 + 0.081947),0.876647 (0.794700 + 0.081947),0.854926 (0.773100 + 0.081826),0.876647 (0.794700 + 0.081947),0.876647 (0.794700 + 0.081947),0.876647 (0.794700 + 0.081947),0.876647 (0.794700 + 0.081947),0.859205 (0.777600 + 0.081605),0.876647 (0.794700 + 0.081947),0.867479 (0.785700 + 0.081779),0.864917 (0.783000 + 0.081917),0.876647 (0.794700 + 0.081947),0.876647 (0.794700 + 0.081947),0.876647 (0.794700 + 0.081947),0.876647 (0.794700 + 0.081947),0.868596 (0.786600 + 0.081996),0.859597 (0.777600 + 0.081997),0.876647 (0.794700 + 0.081947),0.876647 (0.794700 + 0.081947),0.876647 (0.794700 + 0.081947),0.864898 (0.783000 + 0.081898),0.876647 (0.794700 + 0.081947),0.876647 (0.794700 + 0.081947),0.876647 (0.794700 + 0.081947),0.876647 (0.794700 + 0.081947),0.876647 (0.794700 + 0.081947),0.876647 (0.794700 + 0.081947),0.876647 (0.794700 + 0.081947),0.876647 (0.794700 + 0.081947),0.873058 (0.791100 + 0.081958),0.861278 (0.779400 + 0.081878),0.876647 (0.794700 + 0.081947),0.876647 (0.794700 + 0.081947),0.876647 (0.794700 + 0.081947),0.876647 (0.794700 + 0.081947),0.876647 (0.794700 + 0.081947),0.859528 (0.777600 + 0.081928),0.876647 (0.794700 + 0.081947),0.861150 (0.779400 + 0.081750),0.876647 (0.794700 + 0.081947),0.876647 (0.794700 + 0.081947),0.860469 (0.778500 + 0.081969),0.876647 (0.794700 + 0.081947),0.876647 (0.794700 + 0.081947),0.860453 (0.778500 + 0.081953),0.876647 (0.794700 + 0.081947),0.876647 (0.794700 + 0.081947),0.876647 (0.794700 + 0.081947),0.876647 (0.794700 + 0.081947),0.876647 (0.794700 + 0.081947),0.876647 (0.794700 + 0.081947),0.859469 (0.777600 + 0.081869),0.876647 (0.794700 + 0.081947),0.876647 (0.794700 + 0.081947),0.876647 (0.794700 + 0.081947),0.861334 (0.779400 + 0.081934),0.876647 (0.794700 + 0.081947),0.876647 (0.794700 + 0.081947),0.876647 (0.794700 + 0.081947),0.876647 (0.794700 + 0.081947),0.876647 (0.794700 + 0.081947),0.876647 (0.794700 + 0.081947),0.876647 (0.794700 + 0.081947),0.873058 (0.791100 + 0.081958),0.876647 (0.794700 + 0.081947),0.876647 (0.794700 + 0.081947),0.876647 (0.794700 + 0.081947),0.876647 (0.794700 + 0.081947),0.876647 (0.794700 + 0.081947),0.876647 (0.794700 + 0.081947),0.873958 (0.792000 + 0.081958),0.876647 (0.794700 + 0.081947),0.860498 (0.778500 + 0.081998),0.861417 (0.779400 + 0.082017)
48,0.876647 (0.794700 + 0.081947),0.876647 (0.794700 + 0.081947),0.876647 (0.794700 + 0.081947),0.876647 (0.794700 + 0.081947),0.876647 (0.794700 + 0.081947),0.876647 (0.794700 + 0.081947),0.876647 (0.794700 + 0.081947),0.876647 (0.794700 + 0.081947),0.876647 (0.794700 + 0.081947),0.876647 (0.794700 + 0.081947),0.876647 (0.794700 + 0.081947),0.876647 (0.794700 + 0.081947),0.876647 (0.794700 + 0.081947),0.876647 (0.794700 + 0.081947),0.876647 (0.794700 + 0.081947),0.876647 (0.794700 + 0.081947),0.876647 (0.794700 + 0.081947),0.876647 (0.794700 + 0.081947),0.876647 (0.794700 + 0.081947),0.876647 (0.794700 + 0.081947),0.851497 (0.769500 + 0.081997),0.876647 (0.794700 + 0.081947),0.850532 (0.768600 + 0.081932),0.876647 (0.794700 + 0.081947),0.869571 (0.787500 + 0.082071),0.876647 (0.794700 + 0.081947),0.876647 (0.794700 + 0.081947),0.876647 (0.794700 + 0.081947),0.876647 (0.794700 + 0.081947),0.876647 (0.794700 + 0.081947),0.876647 (0.794700 + 0.081947),0.876647 (0.794700 + 0.081947),0.865746 (0.783900 + 0.081846),0.876647 (0.794700 + 0.081947),0.861334 (0.779400 + 0.081934),0.876647 (0.794700 + 0.081947),0.876647 (0.794700 + 0.081947),0.876647 (0.794700 + 0.081947),0.876647 (0.794700 + 0.081947),0.876647 (0.794700 + 0.081947),0.876647 (0.794700 + 0.081947),0.876647 (0.794700 + 0.081947),0.864917 (0.783000 + 0.081917),0.876647 (0.794700 + 0.081947),0.876647 (0.794700 + 0.081947),0.876647 (0.794700 + 0.081947),0.876647 (0.794700 + 0.081947),0.876647 (0.794700 + 0.081947),0.853417 (0.771300 + 0.082117),0.876647 (0.794700 + 0.081947),0.876647 (0.794700 + 0.081947),0.876647 (0.794700 + 0.081947),0.876647 (0.794700 + 0.081947),0.876647 (0.794700 + 0.081947),0.876647 (0.794700 + 0.081947),0.855879 (0.774000 + 0.081879),0.876647 (0.794700 + 0.081947),0.876647 (0.794700 + 0.081947),0.876647 (0.794700 + 0.081947),0.858545 (0.776700 + 0.081845),0.861269 (0.779400 + 0.081869),0.876647 (0.794700 + 0.081947),0.876647 (0.794700 + 0.081947),0.876647 (0.794700 + 0.081947),0.876647 (0.794700 + 0.081947),0.876647 (0.794700 + 0.081947),0.876647 (0.794700 + 0.081947),0.876647 (0.794700 + 0.081947),0.855861 (0.774000 + 0.081862),0.876647 (0.794700 + 0.081947),0.876647 (0.794700 + 0.081947),0.876647 (0.794700 + 0.081947),0.876647 (0.794700 + 0.081947),0.876647 (0.794700 + 0.081947),0.876647 (0.794700 + 0.081947),0.876647 (0.794700 + 0.081947),0.876647 (0.794700 + 0.081947),0.876647 (0.794700 + 0.081947),0.855939 (0.774000 + 0.081939),0.876647 (0.794700 + 0.081947),0.876647 (0.794700 + 0.081947),0.876647 (0.794700 + 0.081947),0.876647 (0.794700 + 0.081947),0.876647 (0.794700 + 0.081947),0.876647 (0.794700 + 0.081947),0.876647 (0.794700 + 0.081947),0.876647 (0.794700 + 0.081947),0.866815 (0.784800 + 0.082015),0.876647 (0.794700 + 0.081947),0.876647 (0.794700 + 0.081947),0.876647 (0.794700 + 0.081947),0.876647 (0.794700 + 0.081947),0.876647 (0.794700 + 0.081947),0.876647 (0.794700 + 0.081947),0.876647 (0.794700 + 0.081947),0.876647 (0.794700 + 0.081947),0.876647 (0.794700 + 0.081947),0.858891 (0.776700 + 0.082191),0.876647 (0.794700 + 0.081947),0.876647 (0.794700 + 0.081947)
49,0.876647 (0.794700 + 0.081947),0.876647 (0.794700 + 0.081947),0.876647 (0.794700 + 0.081947),0.855023 (0.773100 + 0.081923),0.876647 (0.794700 + 0.081947),0.876647 (0.794700 + 0.081947),0.876647 (0.794700 + 0.081947),0.876647 (0.794700 + 0.081947),0.876647 (0.794700 + 0.081947),0.876647 (0.794700 + 0.081947),0.852256 (0.770400 + 0.081856),0.876647 (0.794700 + 0.081947),0.876647 (0.794700 + 0.081947),0.876647 (0.794700 + 0.081947),0.876647 (0.794700 + 0.081947),0.876647 (0.794700 + 0.081947),0.862108 (0.780300 + 0.081808),0.876647 (0.794700 + 0.081947),0.876647 (0.794700 + 0.081947),0.876647 (0.794700 + 0.081947),0.876647 (0.794700 + 0.081947),0.876647 (0.794700 + 0.081947),0.876647 (0.794700 + 0.081947),0.876647 (0.794700 + 0.081947),0.876647 (0.794700 + 0.081947),0.876647 (0.794700 + 0.081947),0.876647 (0.794700 + 0.081947),0.876647 (0.794700 + 0.081947),0.876647 (0.794700 + 0.081947),0.876647 (0.794700 + 0.081947),0.876647 (0.794700 + 0.081947),0.876647 (0.794700 + 0.081947),0.876647 (0.794700 + 0.081947),0.876647 (0.794700 + 0.081947),0.876647 (0.794700 + 0.081947),0.876647 (0.794700 + 0.081947),0.876647 (0.794700 + 0.081947),0.876647 (0.794700 + 0.081947),0.876647 (0.794700 + 0.081947),0.852371 (0.770400 + 0.081971),0.876647 (0.794700 + 0.081947),0.876647 (0.794700 + 0.081947),0.847819 (0.765900 + 0.081919),0.876647 (0.794700 + 0.081947),0.876647 (0.794700 + 0.081947),0.876647 (0.794700 + 0.081947),0.876647 (0.794700 + 0.081947),0.876647 (0.794700 + 0.081947),0.876647 (0.794700 + 0.081947),0.851386 (0.769500 + 0.081886),0.876647 (0.794700 + 0.081947),0.876647 (0.794700 + 0.081947),0.876647 (0.794700 + 0.081947),0.876647 (0.794700 + 0.081947),0.876647 (0.794700 + 0.081947),0.853193 (0.771300 + 0.081893),0.876647 (0.794700 + 0.081947),0.876647 (0.794700 + 0.081947),0.876647 (0.794700 + 0.081947),0.876647 (0.794700 + 0.081947),0.876647 (0.794700 + 0.081947),0.876647 (0.794700 + 0.081947),0.876647 (0.794700 + 0.081947),0.876647 (0.794700 + 0.081947),0.864052 (0.782100 + 0.081952),0.864029 (0.782100 + 0.081929),0.868487 (0.786600 + 0.081887),0.876647 (0.794700 + 0.081947),0.876647 (0.794700 + 0.081947),0.876647 (0.794700 + 0.081947),0.876647 (0.794700 + 0.081947),0.876647 (0.794700 + 0.081947),0.857681 (0.775800 + 0.081881),0.854997 (0.773100 + 0.081897),0.876647 (0.794700 + 0.081947),0.869407 (0.787500 + 0.081907),0.870286 (0.788400 + 0.081886),0.876647 (0.794700 + 0.081947),0.876647 (0.794700 + 0.081947),0.876647 (0.794700 + 0.081947),0.854016 (0.772200 + 0.081816),0.876647 (0.794700 + 0.081947),0.861183 (0.779400 + 0.081783),0.876647 (0.794700 + 0.081947),0.876647 (0.794700 + 0.081947),0.858600 (0.776700 + 0.081900),0.876647 (0.794700 + 0.081947),0.876647 (0.794700 + 0.081947),0.876647 (0.794700 + 0.081947),0.846950 (0.765000 + 0.081950),0.876647 (0.794700 + 0.081947),0.876647 (0.794700 + 0.081947),0.876647 (0.794700 + 0.081947),0.876647 (0.794700 + 0.081947),0.876647 (0.794700 + 0.081947),0.876647 (0.794700 + 0.081947),0.876647 (0.794700 + 0.081947),0.876647 (0.794700 + 0.081947),0.876647 (0.794700 + 0.081947),0.876647 (0.794700 + 0.081947)
50,0.876647 (0.794700 + 0.081947),0.876647 (0.794700 + 0.081947),0.876647 (0.794700 + 0.081947),0.876647 (0.794700 + 0.081947),0.876647 (0.794700 + 0.081947),0.876647 (0.794700 + 0.081947),0.876647 (0.794700 + 0.081947),0.876647 (0.794700 + 0.081947),0.876647 (0.794700 + 0.081947),0.850564 (0.768600 + 0.081964),0.876647 (0.794700 + 0.081947),0.876647 (0.794700 + 0.081947),0.860497 (0.778500 + 0.081997),0.860996 (0.779400 + 0.081596),0.866728 (0.784800 + 0.081928),0.876647 (0.794700 + 0.081947),0.876647 (0.794700 + 0.081947),0.876647 (0.794700 + 0.081947),0.858614 (0.776700 + 0.081914),0.856912 (0.774900 + 0.082012),0.858618 (0.776700 + 0.081919),0.861195 (0.779400 + 0.081795),0.876647 (0.794700 + 0.081947),0.876647 (0.794700 + 0.081947),0.876647 (0.794700 + 0.081947),0.856762 (0.774900 + 0.081862),0.876647 (0.794700 + 0.081947),0.876647 (0.794700 + 0.081947),0.876647 (0.794700 + 0.081947),0.874768 (0.792900 + 0.081868),0.856860 (0.774900 + 0.081960),0.876647 (0.794700 + 0.081947),0.876647 (0.794700 + 0.081947),0.876647 (0.794700 + 0.081947),0.876647 (0.794700 + 0.081947),0.876647 (0.794700 + 0.081947),0.873898 (0.792000 + 0.081898),0.862278 (0.780300 + 0.081978),0.876647 (0.794700 + 0.081947),0.876647 (0.794700 + 0.081947),0.876647 (0.794700 + 0.081947),0.876647 (0.794700 + 0.081947),0.876647 (0.794700 + 0.081947),0.876647 (0.794700 + 0.081947),0.876647 (0.794700 + 0.081947),0.866671 (0.784800 + 0.081871),0.876647 (0.794700 + 0.081947),0.876647 (0.794700 + 0.081947),0.876647 (0.794700 + 0.081947),0.876647 (0.794700 + 0.081947),0.876647 (0.794700 + 0.081947),0.876647 (0.794700 + 0.081947),0.876647 (0.794700 + 0.081947),0.876647 (0.794700 + 0.081947),0.876647 (0.794700 + 0.081947),0.876647 (0.794700 + 0.081947),0.876647 (0.794700 + 0.081947),0.876647 (0.794700 + 0.081947),0.876647 (0.794700 + 0.081947),0.868536 (0.786600 + 0.081936),0.876647 (0.794700 + 0.081947),0.876647 (0.794700 + 0.081947),0.876647 (0.794700 + 0.081947),0.876647 (0.794700 + 0.081947),0.876647 (0.794700 + 0.081947),0.876619 (0.794700 + 0.081919),0.863910 (0.782100 + 0.081810),0.876647 (0.794700 + 0.081947),0.876647 (0.794700 + 0.081947),0.876647 (0.794700 + 0.081947),0.876647 (0.794700 + 0.081947),0.876647 (0.794700 + 0.081947),0.860494 (0.778500 + 0.081995),0.876647 (0.794700 + 0.081947),0.876647 (0.794700 + 0.081947),0.876647 (0.794700 + 0.081947),0.876647 (0.794700 + 0.081947),0.876647 (0.794700 + 0.081947),0.876647 (0.794700 + 0.081947),0.876647 (0.794700 + 0.081947),0.876647 (0.794700 + 0.081947),0.876647 (0.794700 + 0.081947),0.876647 (0.794700 + 0.081947),0.876647 (0.794700 + 0.081947),0.876647 (0.794700 + 0.081947),0.876647 (0.794700 + 0.081947),0.876647 (0.794700 + 0.081947),0.876647 (0.794700 + 0.081947),0.876647 (0.794700 + 0.081947),0.876647 (0.794700 + 0.081947),0.876647 (0.794700 + 0.081947),0.869460 (0.787500 + 0.081960),0.866739 (0.784800 + 0.081939),0.876647 (0.794700 + 0.081947),0.876647 (0.794700 + 0.081947),0.876647 (0.794700 + 0.081947),0.871113 (0.789300 + 0.081813),0.876647 (0.794700 + 0.081947),0.876647 (0.794700 + 0.081947),0.876647 (0.794700 + 0.081947)
51,0.876647 (0.794700 + 0.081947),0.876647 (0.794700 + 0.081947),0.876647 (0.794700 + 0.081947),0.876647 (0.794700 + 0.081947),0.876647 (0.794700 + 0.081947),0.876647 (0.794700 + 0.081947),0.876647 (0.794700 + 0.081947),0.876647 (0.794700 + 0.081947),0.876647 (0.794700 + 0.081947),0.876647 (0.794700 + 0.081947),0.876647 (0.794700 + 0.081947),0.876647 (0.794700 + 0.081947),0.876647 (0.794700 + 0.081947),0.876647 (0.794700 + 0.081947),0.876647 (0.794700 + 0.081947),0.876647 (0.794700 + 0.081947),0.876647 (0.794700 + 0.081947),0.855098 (0.773100 + 0.081998),0.876647 (0.794700 + 0.081947),0.860385 (0.778500 + 0.081885),0.876647 (0.794700 + 0.081947),0.876647 (0.794700 + 0.081947),0.876647 (0.794700 + 0.081947),0.876647 (0.794700 + 0.081947),0.876647 (0.794700 + 0.081947),0.861265 (0.779400 + 0.081866),0.876647 (0.794700 + 0.081947),0.876647 (0.794700 + 0.081947),0.876647 (0.794700 + 0.081947),0.876647 (0.794700 + 0.081947),0.876647 (0.794700 + 0.081947),0.876647 (0.794700 + 0.081947),0.876647 (0.794700 + 0.081947),0.868584 (0.786600 + 0.081984),0.876647 (0.794700 + 0.081947),0.876647 (0.794700 + 0.081947),0.876647 (0.794700 + 0.081947),0.876647 (0.794700 + 0.081947),0.876647 (0.794700 + 0.081947),0.876647 (0.794700 + 0.081947),0.876647 (0.794700 + 0.081947),0.876647 (0.794700 + 0.081947),0.876647 (0.794700 + 0.081947),0.876647 (0.794700 + 0.081947),0.876647 (0.794700 + 0.081947),0.876647 (0.794700 + 0.081947),0.876647 (0.794700 + 0.081947),0.877502 (0.795600 + 0.081902),0.864983 (0.783000 + 0.081983),0.876647 (0.794700 + 0.081947),0.858616 (0.776700 + 0.081916),0.876647 (0.794700 + 0.081947),0.876647 (0.794700 + 0.081947),0.876647 (0.794700 + 0.081947),0.876647 (0.794700 + 0.081947),0.876647 (0.794700 + 0.081947),0.876647 (0.794700 + 0.081947),0.876647 (0.794700 + 0.081947),0.876647 (0.794700 + 0.081947),0.876647 (0.794700 + 0.081947),0.876647 (0.794700 + 0.081947),0.857577 (0.775800 + 0.081777),0.876647 (0.794700 + 0.081947),0.876647 (0.794700 + 0.081947),0.876647 (0.794700 + 0.081947),0.876647 (0.794700 + 0.081947),0.876647 (0.794700 + 0.081947),0.876647 (0.794700 + 0.081947),0.862303 (0.780300 + 0.082003),0.876647 (0.794700 + 0.081947),0.876647 (0.794700 + 0.081947),0.876647 (0.794700 + 0.081947),0.876647 (0.794700 + 0.081947),0.876647 (0.794700 + 0.081947),0.876647 (0.794700 + 0.081947),0.876647 (0.794700 + 0.081947),0.876647 (0.794700 + 0.081947),0.876647 (0.794700 + 0.081947),0.876647 (0.794700 + 0.081947),0.859373 (0.777600 + 0.081773),0.876647 (0.794700 + 0.081947),0.876647 (0.794700 + 0.081947),0.876647 (0.794700 + 0.081947),0.876647 (0.794700 + 0.081947),0.876647 (0.794700 + 0.081947),0.876647 (0.794700 + 0.081947),0.859482 (0.777600 + 0.081882),0.876647 (0.794700 + 0.081947),0.876647 (0.794700 + 0.081947),0.876647 (0.794700 + 0.081947),0.876647 (0.794700 + 0.081947),0.876647 (0.794700 + 0.081947),0.876647 (0.794700 + 0.081947),0.876647 (0.794700 + 0.081947),0.876647 (0.794700 + 0.081947),0.876647 (0.794700 + 0.081947),0.876647 (0.794700 + 0.081947),0.876647 (0.794700 + 0.081947),0.876647 (0.794700 + 0.081947),0.876647 (0.794700 + 0.081947)
52,0.877502 (0.795600 + 0.081902),0.876647 (0.794700 + 0.081947),0.876647 (0.794700 + 0.081947),0.866838 (0.784800 + 0.082038),0.872092 (0.790200 + 0.081892),0.876647 (0.794700 + 0.081947),0.876647 (0.794700 + 0.081947),0.876647 (0.794700 + 0.081947),0.876647 (0.794700 + 0.081947),0.876647 (0.794700 + 0.081947),0.877502 (0.795600 + 0.081902),0.875796 (0.793800 + 0.081996),0.866734 (0.784800 + 0.081934),0.876647 (0.794700 + 0.081947),0.877502 (0.795600 + 0.081902),0.876647 (0.794700 + 0.081947),0.876647 (0.794700 + 0.081947),0.876647 (0.794700 + 0.081947),0.876647 (0.794700 + 0.081947),0.876647 (0.794700 + 0.081947),0.876647 (0.794700 + 0.081947),0.876647 (0.794700 + 0.081947),0.877502 (0.795600 + 0.081902),0.876647 (0.794700 + 0.081947),0.863115 (0.781200 + 0.081915),0.876647 (0.794700 + 0.081947),0.862084 (0.780300 + 0.081784),0.876647 (0.794700 + 0.081947),0.876647 (0.794700 + 0.081947),0.876647 (0.794700 + 0.081947),0.863302 (0.781200 + 0.082102),0.876647 (0.794700 + 0.081947),0.876647 (0.794700 + 0.081947),0.876647 (0.794700 + 0.081947),0.877502 (0.795600 + 0.081902),0.876647 (0.794700 + 0.081947),0.865645 (0.783900 + 0.081745),0.876647 (0.794700 + 0.081947),0.876647 (0.794700 + 0.081947),0.876647 (0.794700 + 0.081947),0.876647 (0.794700 + 0.081947),0.876647 (0.794700 + 0.081947),0.876647 (0.794700 + 0.081947),0.876647 (0.794700 + 0.081947),0.876647 (0.794700 + 0.081947),0.876647 (0.794700 + 0.081947),0.876647 (0.794700 + 0.081947),0.876647 (0.794700 + 0.081947),0.876647 (0.794700 + 0.081947),0.876647 (0.794700 + 0.081947),0.871135 (0.789300 + 0.081835),0.876647 (0.794700 + 0.081947),0.876647 (0.794700 + 0.081947),0.855017 (0.773100 + 0.081917),0.849716 (0.767700 + 0.082016),0.876647 (0.794700 + 0.081947),0.876647 (0.794700 + 0.081947),0.876647 (0.794700 + 0.081947),0.876647 (0.794700 + 0.081947),0.876647 (0.794700 + 0.081947),0.876647 (0.794700 + 0.081947),0.862955 (0.781200 + 0.081755),0.877502 (0.795600 + 0.081902),0.876647 (0.794700 + 0.081947),0.877502 (0.795600 + 0.081902),0.876647 (0.794700 + 0.081947),0.876647 (0.794700 + 0.081947),0.876647 (0.794700 + 0.081947),0.876647 (0.794700 + 0.081947),0.876647 (0.794700 + 0.081947),0.876647 (0.794700 + 0.081947),0.876647 (0.794700 + 0.081947),0.876647 (0.794700 + 0.081947),0.864983 (0.783000 + 0.081983),0.876647 (0.794700 + 0.081947),0.847755 (0.765900 + 0.081855),0.858635 (0.776700 + 0.081935),0.876647 (0.794700 + 0.081947),0.876647 (0.794700 + 0.081947),0.860338 (0.778500 + 0.081838),0.876647 (0.794700 + 0.081947),0.876647 (0.794700 + 0.081947),0.876647 (0.794700 + 0.081947),0.876647 (0.794700 + 0.081947),0.876647 (0.794700 + 0.081947),0.876647 (0.794700 + 0.081947),0.876647 (0.794700 + 0.081947),0.862155 (0.780300 + 0.081855),0.863987 (0.782100 + 0.081887),0.876647 (0.794700 + 0.081947),0.876647 (0.794700 + 0.081947),0.876647 (0.794700 + 0.081947),0.872805 (0.791100 + 0.081705),0.876647 (0.794700 + 0.081947),0.876647 (0.794700 + 0.081947),0.876647 (0.794700 + 0.081947),0.876647 (0.794700 + 0.081947),0.876647 (0.794700 + 0.081947),0.876647 (0.794700 + 0.081947),0.859511 (0.777600 + 0.081911)
53,0.877502 (0.795600 + 0.081902),0.877502 (0.795600 + 0.081902),0.877502 (0.795600 + 0.081902),0.876647 (0.794700 + 0.081947),0.876647 (0.794700 + 0.081947),0.874874 (0.792900 + 0.081974),0.866811 (0.784800 + 0.082011),0.863072 (0.781200 + 0.081872),0.877502 (0.795600 + 0.081902),0.877502 (0.795600 + 0.081902),0.852183 (0.770400 + 0.081783),0.877502 (0.795600 + 0.081902),0.876647 (0.794700 + 0.081947),0.876647 (0.794700 + 0.081947),0.876647 (0.794700 + 0.081947),0.876647 (0.794700 + 0.081947),0.876647 (0.794700 + 0.081947),0.876647 (0.794700 + 0.081947),0.876647 (0.794700 + 0.081947),0.876647 (0.794700 + 0.081947),0.857858 (0.775800 + 0.082058),0.877502 (0.795600 + 0.081902),0.856957 (0.774900 + 0.082057),0.876647 (0.794700 + 0.081947),0.876647 (0.794700 + 0.081947),0.856852 (0.774900 + 0.081952),0.876647 (0.794700 + 0.081947),0.876647 (0.794700 + 0.081947),0.870875 (0.789300 + 0.081575),0.876647 (0.794700 + 0.081947),0.876647 (0.794700 + 0.081947),0.876647 (0.794700 + 0.081947),0.876647 (0.794700 + 0.081947),0.876647 (0.794700 + 0.081947),0.876647 (0.794700 + 0.081947),0.877502 (0.795600 + 0.081902),0.876647 (0.794700 + 0.081947),0.876647 (0.794700 + 0.081947),0.876647 (0.794700 + 0.081947),0.876647 (0.794700 + 0.081947),0.876647 (0.794700 + 0.081947),0.876647 (0.794700 + 0.081947),0.877502 (0.795600 + 0.081902),0.876647 (0.794700 + 0.081947),0.876647 (0.794700 + 0.081947),0.876647 (0.794700 + 0.081947),0.876647 (0.794700 + 0.081947),0.877502 (0.795600 + 0.081902),0.876647 (0.794700 + 0.081947),0.876647 (0.794700 + 0.081947),0.876647 (0.794700 + 0.081947),0.876647 (0.794700 + 0.081947),0.876647 (0.794700 + 0.081947),0.865779 (0.783900 + 0.081879),0.876647 (0.794700 + 0.081947),0.876647 (0.794700 + 0.081947),0.876647 (0.794700 + 0.081947),0.876647 (0.794700 + 0.081947),0.876647 (0.794700 + 0.081947),0.876647 (0.794700 + 0.081947),0.876647 (0.794700 + 0.081947),0.876647 (0.794700 + 0.081947),0.876647 (0.794700 + 0.081947),0.861427 (0.779400 + 0.082027),0.876647 (0.794700 + 0.081947),0.876647 (0.794700 + 0.081947),0.876647 (0.794700 + 0.081947),0.876647 (0.794700 + 0.081947),0.876647 (0.794700 + 0.081947),0.876647 (0.794700 + 0.081947),0.876647 (0.794700 + 0.081947),0.876647 (0.794700 + 0.081947),0.876647 (0.794700 + 0.081947),0.876647 (0.794700 + 0.081947),0.876647 (0.794700 + 0.081947),0.876647 (0.794700 + 0.081947),0.876647 (0.794700 + 0.081947),0.876647 (0.794700 + 0.081947),0.876647 (0.794700 + 0.081947),0.877502 (0.795600 + 0.081902),0.876647 (0.794700 + 0.081947),0.876647 (0.794700 + 0.081947),0.857921 (0.775800 + 0.082121),0.876647 (0.794700 + 0.081947),0.876647 (0.794700 + 0.081947),0.876647 (0.794700 + 0.081947),0.876647 (0.794700 + 0.081947),0.863068 (0.781200 + 0.081868),0.877502 (0.795600 + 0.081902),0.876647 (0.794700 + 0.081947),0.876647 (0.794700 + 0.081947),0.876647 (0.794700 + 0.081947),0.876647 (0.794700 + 0.081947),0.876647 (0.794700 + 0.081947),0.876647 (0.794700 + 0.081947),0.876647 (0.794700 + 0.081947),0.876647 (0.794700 + 0.081947),0.877502 (0.795600 + 0.081902),0.876647 (0.794700 + 0.081947),0.876647 (0.794700 + 0.081947)
54,0.877502 (0.795600 + 0.081902),0.877502 (0.795600 + 0.081902),0.877502 (0.795600 + 0.081902),0.876647 (0.794700 + 0.081947),0.876647 (0.794700 + 0.081947),0.876647 (0.794700 + 0.081947),0.877502 (0.795600 + 0.081902),0.876647 (0.794700 + 0.081947),0.876647 (0.794700 + 0.081947),0.861229 (0.779400 + 0.081829),0.840474 (0.758700 + 0.081774),0.876647 (0.794700 + 0.081947),0.877502 (0.795600 + 0.081902),0.876647 (0.794700 + 0.081947),0.877502 (0.795600 + 0.081902),0.877502 (0.795600 + 0.081902),0.876647 (0.794700 + 0.081947),0.876647 (0.794700 + 0.081947),0.876647 (0.794700 + 0.081947),0.876647 (0.794700 + 0.081947),0.876647 (0.794700 + 0.081947),0.876647 (0.794700 + 0.081947),0.876647 (0.794700 + 0.081947),0.877502 (0.795600 + 0.081902),0.876647 (0.794700 + 0.081947),0.876647 (0.794700 + 0.081947),0.876647 (0.794700 + 0.081947),0.877502 (0.795600 + 0.081902),0.847820 (0.765900 + 0.081920),0.876647 (0.794700 + 0.081947),0.876647 (0.794700 + 0.081947),0.876647 (0.794700 + 0.081947),0.859425 (0.777600 + 0.081825),0.876647 (0.794700 + 0.081947),0.876647 (0.794700 + 0.081947),0.876647 (0.794700 + 0.081947),0.876647 (0.794700 + 0.081947),0.876647 (0.794700 + 0.081947),0.876647 (0.794700 + 0.081947),0.876647 (0.794700 + 0.081947),0.876647 (0.794700 + 0.081947),0.877502 (0.795600 + 0.081902),0.876647 (0.794700 + 0.081947),0.870297 (0.788400 + 0.081897),0.876647 (0.794700 + 0.081947),0.876647 (0.794700 + 0.081947),0.876647 (0.794700 + 0.081947),0.876647 (0.794700 + 0.081947),0.876647 (0.794700 + 0.081947),0.876647 (0.794700 + 0.081947),0.876647 (0.794700 + 0.081947),0.877502 (0.795600 + 0.081902),0.876647 (0.794700 + 0.081947),0.876647 (0.794700 + 0.081947),0.876647 (0.794700 + 0.081947),0.877502 (0.795600 + 0.081902),0.859495 (0.777600 + 0.081895),0.876647 (0.794700 + 0.081947),0.876647 (0.794700 + 0.081947),0.876647 (0.794700 + 0.081947),0.876647 (0.794700 + 0.081947),0.876647 (0.794700 + 0.081947),0.876647 (0.794700 + 0.081947),0.876647 (0.794700 + 0.081947),0.877502 (0.795600 + 0.081902),0.876647 (0.794700 + 0.081947),0.876647 (0.794700 + 0.081947),0.876647 (0.794700 + 0.081947),0.876647 (0.794700 + 0.081947),0.877502 (0.795600 + 0.081902),0.877502 (0.795600 + 0.081902),0.876647 (0.794700 + 0.081947),0.861289 (0.779400 + 0.081889),0.876647 (0.794700 + 0.081947),0.876647 (0.794700 + 0.081947),0.876647 (0.794700 + 0.081947),0.876647 (0.794700 + 0.081947),0.876647 (0.794700 + 0.081947),0.876647 (0.794700 + 0.081947),0.876647 (0.794700 + 0.081947),0.876647 (0.794700 + 0.081947),0.876647 (0.794700 + 0.081947),0.876647 (0.794700 + 0.081947),0.863909 (0.782100 + 0.081809),0.876647 (0.794700 + 0.081947),0.864046 (0.782100 + 0.081946),0.877502 (0.795600 + 0.081902),0.877502 (0.795600 + 0.081902),0.877502 (0.795600 + 0.081902),0.876647 (0.794700 + 0.081947),0.877502 (0.795600 + 0.081902),0.876647 (0.794700 + 0.081947),0.876647 (0.794700 + 0.081947),0.876647 (0.794700 + 0.081947),0.876647 (0.794700 + 0.081947),0.876647 (0.794700 + 0.081947),0.877502 (0.795600 + 0.081902),0.876647 (0.794700 + 0.081947),0.876647 (0.794700 + 0.081947),0.876647 (0.794700 + 0.081947)
55,0.877502 (0.795600 + 0.081902),0.877502 (0.795600 + 0.081902),0.877502 (0.795600 + 0.081902),0.877502 (0.795600 + 0.081902),0.877502 (0.795600 + 0.081902),0.877502 (0.795600 + 0.081902),0.876647 (0.794700 + 0.081947),0.876647 (0.794700 + 0.081947),0.870297 (0.788400 + 0.081897),0.863124 (0.781200 + 0.081924),0.870232 (0.788400 + 0.081832),0.876647 (0.794700 + 0.081947),0.877502 (0.795600 + 0.081902),0.876647 (0.794700 + 0.081947),0.876647 (0.794700 + 0.081947),0.876647 (0.794700 + 0.081947),0.876647 (0.794700 + 0.081947),0.876647 (0.794700 + 0.081947),0.876647 (0.794700 + 0.081947),0.876647 (0.794700 + 0.081947),0.876647 (0.794700 + 0.081947),0.876647 (0.794700 + 0.081947),0.877502 (0.795600 + 0.081902),0.876647 (0.794700 + 0.081947),0.865739 (0.783900 + 0.081839),0.876647 (0.794700 + 0.081947),0.876647 (0.794700 + 0.081947),0.877502 (0.795600 + 0.081902),0.877502 (0.795600 + 0.081902),0.876647 (0.794700 + 0.081947),0.876647 (0.794700 + 0.081947),0.877502 (0.795600 + 0.081902),0.877502 (0.795600 + 0.081902),0.877502 (0.795600 + 0.081902),0.876647 (0.794700 + 0.081947),0.877502 (0.795600 + 0.081902),0.876647 (0.794700 + 0.081947),0.877502 (0.795600 + 0.081902),0.877502 (0.795600 + 0.081902),0.876647 (0.794700 + 0.081947),0.876647 (0.794700 + 0.081947),0.876647 (0.794700 + 0.081947),0.876647 (0.794700 + 0.081947),0.876647 (0.794700 + 0.081947),0.876647 (0.794700 + 0.081947),0.876647 (0.794700 + 0.081947),0.876647 (0.794700 + 0.081947),0.877502 (0.795600 + 0.081902),0.877502 (0.795600 + 0.081902),0.876647 (0.794700 + 0.081947),0.876647 (0.794700 + 0.081947),0.876647 (0.794700 + 0.081947),0.876647 (0.794700 + 0.081947),0.876647 (0.794700 + 0.081947),0.877502 (0.795600 + 0.081902),0.876647 (0.794700 + 0.081947),0.876647 (0.794700 + 0.081947),0.876647 (0.794700 + 0.081947),0.877502 (0.795600 + 0.081902),0.876647 (0.794700 + 0.081947),0.877502 (0.795600 + 0.081902),0.866657 (0.784800 + 0.081857),0.877502 (0.795600 + 0.081902),0.865719 (0.783900 + 0.081819),0.876647 (0.794700 + 0.081947),0.877502 (0.795600 + 0.081902),0.858593 (0.776700 + 0.081893),0.876647 (0.794700 + 0.081947),0.877502 (0.795600 + 0.081902),0.876647 (0.794700 + 0.081947),0.876647 (0.794700 + 0.081947),0.877502 (0.795600 + 0.081902),0.877502 (0.795600 + 0.081902),0.876647 (0.794700 + 0.081947),0.876647 (0.794700 + 0.081947),0.877502 (0.795600 + 0.081902),0.876647 (0.794700 + 0.081947),0.877502 (0.795600 + 0.081902),0.876647 (0.794700 + 0.081947),0.877502 (0.795600 + 0.081902),0.876647 (0.794700 + 0.081947),0.864046 (0.782100 + 0.081946),0.877502 (0.795600 + 0.081902),0.876647 (0.794700 + 0.081947),0.876647 (0.794700 + 0.081947),0.853133 (0.771300 + 0.081833),0.876647 (0.794700 + 0.081947),0.877502 (0.795600 + 0.081902),0.877502 (0.795600 + 0.081902),0.876647 (0.794700 + 0.081947),0.876647 (0.794700 + 0.081947),0.876647 (0.794700 + 0.081947),0.876647 (0.794700 + 0.081947),0.877502 (0.795600 + 0.081902),0.864119 (0.782100 + 0.082018),0.876647 (0.794700 + 0.081947),0.877502 (0.795600 + 0.081902),0.877502 (0.795600 + 0.081902),0.865708 (0.783900 + 0.081808),0.877502 (0.795600 + 0.081902)
56,0.877502 (0.795600 + 0.081902),0.877502 (0.795600 + 0.081902),0.877502 (0.795600 + 0.081902),0.877502 (0.795600 + 0.081902),0.877502 (0.795600 + 0.081902),0.876647 (0.794700 + 0.081947),0.876647 (0.794700 + 0.081947),0.877502 (0.795600 + 0.081902),0.877502 (0.795600 + 0.081902),0.876647 (0.794700 + 0.081947),0.872959 (0.791100 + 0.081859),0.870266 (0.788400 + 0.081866),0.876647 (0.794700 + 0.081947),0.877502 (0.795600 + 0.081902),0.877502 (0.795600 + 0.081902),0.877502 (0.795600 + 0.081902),0.876647 (0.794700 + 0.081947),0.877502 (0.795600 + 0.081902),0.861396 (0.779400 + 0.081996),0.877502 (0.795600 + 0.081902),0.876647 (0.794700 + 0.081947),0.877502 (0.795600 + 0.081902),0.876647 (0.794700 + 0.081947),0.877502 (0.795600 + 0.081902),0.876647 (0.794700 + 0.081947),0.876647 (0.794700 + 0.081947),0.876647 (0.794700 + 0.081947),0.877502 (0.795600 + 0.081902),0.877502 (0.795600 + 0.081902),0.876647 (0.794700 + 0.081947),0.877502 (0.795600 + 0.081902),0.877502 (0.795600 + 0.081902),0.850512 (0.768600 + 0.081912),0.877502 (0.795600 + 0.081902),0.877502 (0.795600 + 0.081902),0.877502 (0.795600 + 0.081902),0.877502 (0.795600 + 0.081902),0.877502 (0.795600 + 0.081902),0.876647 (0.794700 + 0.081947),0.876647 (0.794700 + 0.081947),0.877502 (0.795600 + 0.081902),0.877502 (0.795600 + 0.081902),0.876647 (0.794700 + 0.081947),0.863964 (0.782100 + 0.081864),0.856694 (0.774900 + 0.081794),0.877502 (0.795600 + 0.081902),0.877502 (0.795600 + 0.081902),0.876647 (0.794700 + 0.081947),0.877502 (0.795600 + 0.081902),0.876647 (0.794700 + 0.081947),0.877502 (0.795600 + 0.081902),0.877502 (0.795600 + 0.081902),0.876647 (0.794700 + 0.081947),0.876647 (0.794700 + 0.081947),0.877502 (0.795600 + 0.081902),0.877502 (0.795600 + 0.081902),0.876647 (0.794700 + 0.081947),0.877502 (0.795600 + 0.081902),0.877502 (0.795600 + 0.081902),0.877502 (0.795600 + 0.081902),0.877502 (0.795600 + 0.081902),0.877502 (0.795600 + 0.081902),0.877502 (0.795600 + 0.081902),0.877502 (0.795600 + 0.081902),0.877502 (0.795600 + 0.081902),0.877502 (0.795600 + 0.081902),0.877502 (0.795600 + 0.081902),0.876647 (0.794700 + 0.081947),0.877502 (0.795600 + 0.081902),0.877502 (0.795600 + 0.081902),0.876647 (0.794700 + 0.081947),0.860138 (0.778500 + 0.081638),0.876647 (0.794700 + 0.081947),0.855961 (0.774000 + 0.081961),0.876647 (0.794700 + 0.081947),0.876647 (0.794700 + 0.081947),0.876647 (0.794700 + 0.081947),0.859449 (0.777600 + 0.081849),0.876647 (0.794700 + 0.081947),0.848765 (0.766800 + 0.081965),0.855861 (0.774000 + 0.081861),0.877502 (0.795600 + 0.081902),0.877502 (0.795600 + 0.081902),0.872905 (0.791100 + 0.081805),0.862289 (0.780300 + 0.081990),0.877502 (0.795600 + 0.081902),0.876647 (0.794700 + 0.081947),0.857590 (0.775800 + 0.081790),0.877502 (0.795600 + 0.081902),0.877502 (0.795600 + 0.081902),0.865739 (0.783900 + 0.081839),0.877502 (0.795600 + 0.081902),0.856778 (0.774900 + 0.081878),0.877502 (0.795600 + 0.081902),0.876647 (0.794700 + 0.081947),0.876647 (0.794700 + 0.081947),0.877502 (0.795600 + 0.081902),0.877502 (0.795600 + 0.081902),0.877502 (0.795600 + 0.081902),0.877502 (0.795600 + 0.081902)
57,0.877502 (0.795600 + 0.081902),0.877502 (0.795600 + 0.081902),0.877502 (0.795600 + 0.081902),0.876647 (0.794700 + 0.081947),0.877502 (0.795600 + 0.081902),0.877502 (0.795600 + 0.081902),0.877502 (0.795600 + 0.081902),0.877502 (0.795600 + 0.081902),0.877502 (0.795600 + 0.081902),0.877502 (0.795600 + 0.081902),0.876647 (0.794700 + 0.081947),0.876647 (0.794700 + 0.081947),0.876647 (0.794700 + 0.081947),0.877502 (0.795600 + 0.081902),0.877502 (0.795600 + 0.081902),0.877502 (0.795600 + 0.081902),0.876647 (0.794700 + 0.081947),0.877502 (0.795600 + 0.081902),0.876647 (0.794700 + 0.081947),0.877502 (0.795600 + 0.081902),0.877502 (0.795600 + 0.081902),0.876647 (0.794700 + 0.081947),0.876647 (0.794700 + 0.081947),0.877502 (0.795600 + 0.081902),0.877502 (0.795600 + 0.081902),0.876647 (0.794700 + 0.081947),0.877502 (0.795600 + 0.081902),0.877502 (0.795600 + 0.081902),0.876647 (0.794700 + 0.081947),0.877502 (0.795600 + 0.081902),0.865716 (0.783900 + 0.081816),0.877502 (0.795600 + 0.081902),0.860425 (0.778500 + 0.081925),0.877502 (0.795600 + 0.081902),0.877502 (0.795600 + 0.081902),0.877502 (0.795600 + 0.081902),0.858484 (0.776700 + 0.081784),0.877502 (0.795600 + 0.081902),0.877502 (0.795600 + 0.081902),0.877502 (0.795600 + 0.081902),0.876647 (0.794700 + 0.081947),0.876647 (0.794700 + 0.081947),0.877502 (0.795600 + 0.081902),0.877502 (0.795600 + 0.081902),0.877502 (0.795600 + 0.081902),0.877502 (0.795600 + 0.081902),0.877502 (0.795600 + 0.081902),0.877502 (0.795600 + 0.081902),0.877502 (0.795600 + 0.081902),0.877502 (0.795600 + 0.081902),0.877502 (0.795600 + 0.081902),0.876647 (0.794700 + 0.081947),0.877502 (0.795600 + 0.081902),0.877502 (0.795600 + 0.081902),0.876647 (0.794700 + 0.081947),0.877502 (0.795600 + 0.081902),0.877502 (0.795600 + 0.081902),0.876647 (0.794700 + 0.081947),0.877502 (0.795600 + 0.081902),0.877502 (0.795600 + 0.081902),0.877502 (0.795600 + 0.081902),0.877502 (0.795600 + 0.081902),0.857708 (0.775800 + 0.081908),0.877502 (0.795600 + 0.081902),0.877502 (0.795600 + 0.081902),0.877502 (0.795600 + 0.081902),0.877502 (0.795600 + 0.081902),0.877502 (0.795600 + 0.081902),0.877502 (0.795600 + 0.081902),0.864713 (0.783000 + 0.081713),0.877502 (0.795600 + 0.081902),0.877502 (0.795600 + 0.081902),0.861219 (0.779400 + 0.081819),0.876647 (0.794700 + 0.081947),0.876647 (0.794700 + 0.081947),0.866844 (0.784800 + 0.082044),0.877502 (0.795600 + 0.081902),0.877502 (0.795600 + 0.081902),0.876647 (0.794700 + 0.081947),0.877502 (0.795600 + 0.081902),0.877502 (0.795600 + 0.081902),0.876647 (0.794700 + 0.081947),0.877502 (0.795600 + 0.081902),0.876647 (0.794700 + 0.081947),0.876647 (0.794700 + 0.081947),0.877502 (0.795600 + 0.081902),0.876647 (0.794700 + 0.081947),0.877502 (0.795600 + 0.081902),0.872959 (0.791100 + 0.081859),0.852205 (0.770400 + 0.081805),0.877502 (0.795600 + 0.081902),0.876647 (0.794700 + 0.081947),0.877502 (0.795600 + 0.081902),0.877502 (0.795600 + 0.081902),0.859438 (0.777600 + 0.081838),0.870220 (0.788400 + 0.081820),0.877502 (0.795600 + 0.081902),0.877502 (0.795600 + 0.081902),0.877502 (0.795600 + 0.081902),0.852150 (0.770400 + 0.081750)
58,0.877502 (0.795600 + 0.081902),0.877502 (0.795600 + 0.081902),0.877502 (0.795600 + 0.081902),0.877502 (0.795600 + 0.081902),0.877502 (0.795600 + 0.081902),0.877502 (0.795600 + 0.081902),0.876647 (0.794700 + 0.081947),0.877502 (0.795600 + 0.081902),0.877502 (0.795600 + 0.081902),0.877502 (0.795600 + 0.081902),0.877502 (0.795600 + 0.081902),0.877502 (0.795600 + 0.081902),0.877502 (0.795600 + 0.081902),0.877502 (0.795600 + 0.081902),0.877502 (0.795600 + 0.081902),0.877502 (0.795600 + 0.081902),0.877502 (0.795600 + 0.081902),0.877502 (0.795600 + 0.081902),0.877502 (0.795600 + 0.081902),0.877502 (0.795600 + 0.081902),0.877502 (0.795600 + 0.081902),0.877502 (0.795600 + 0.081902),0.861256 (0.779400 + 0.081856),0.876647 (0.794700 + 0.081947),0.877502 (0.795600 + 0.081902),0.877502 (0.795600 + 0.081902),0.877502 (0.795600 + 0.081902),0.877502 (0.795600 + 0.081902),0.876647 (0.794700 + 0.081947),0.851440 (0.769500 + 0.081940),0.877502 (0.795600 + 0.081902),0.877502 (0.795600 + 0.081902),0.877502 (0.795600 + 0.081902),0.876647 (0.794700 + 0.081947),0.877502 (0.795600 + 0.081902),0.877502 (0.795600 + 0.081902),0.877502 (0.795600 + 0.081902),0.877502 (0.795600 + 0.081902),0.877502 (0.795600 + 0.081902),0.877502 (0.795600 + 0.081902),0.867457 (0.785700 + 0.081757),0.877502 (0.795600 + 0.081902),0.877502 (0.795600 + 0.081902),0.877502 (0.795600 + 0.081902),0.877502 (0.795600 + 0.081902),0.877502 (0.795600 + 0.081902),0.877502 (0.795600 + 0.081902),0.877502 (0.795600 + 0.081902),0.877502 (0.795600 + 0.081902),0.875656 (0.793800 + 0.081856),0.872104 (0.790200 + 0.081904),0.877502 (0.795600 + 0.081902),0.877502 (0.795600 + 0.081902),0.877502 (0.795600 + 0.081902),0.877502 (0.795600 + 0.081902),0.869606 (0.787500 + 0.082106),0.876647 (0.794700 + 0.081947),0.877502 (0.795600 + 0.081902),0.877502 (0.795600 + 0.081902),0.877502 (0.795600 + 0.081902),0.877502 (0.795600 + 0.081902),0.877502 (0.795600 + 0.081902),0.877502 (0.795600 + 0.081902),0.877502 (0.795600 + 0.081902),0.877502 (0.795600 + 0.081902),0.877502 (0.795600 + 0.081902),0.877502 (0.795600 + 0.081902),0.877502 (0.795600 + 0.081902),0.877502 (0.795600 + 0.081902),0.877502 (0.795600 + 0.081902),0.877502 (0.795600 + 0.081902),0.876647 (0.794700 + 0.081947),0.877502 (0.795600 + 0.081902),0.866769 (0.784800 + 0.081970),0.877502 (0.795600 + 0.081902),0.877502 (0.795600 + 0.081902),0.877502 (0.795600 + 0.081902),0.877502 (0.795600 + 0.081902),0.876647 (0.794700 + 0.081947),0.877502 (0.795600 + 0.081902),0.877502 (0.795600 + 0.081902),0.877502 (0.795600 + 0.081902),0.877502 (0.795600 + 0.081902),0.877502 (0.795600 + 0.081902),0.877502 (0.795600 + 0.081902),0.877502 (0.795600 + 0.081902),0.877502 (0.795600 + 0.081902),0.877502 (0.795600 + 0.081902),0.877502 (0.795600 + 0.081902),0.876647 (0.794700 + 0.081947),0.877502 (0.795600 + 0.081902),0.877502 (0.795600 + 0.081902),0.877502 (0.795600 + 0.081902),0.877502 (0.795600 + 0.081902),0.877502 (0.795600 + 0.081902),0.877502 (0.795600 + 0.081902),0.877502 (0.795600 + 0.081902),0.877502 (0.795600 + 0.081902),0.847820 (0.765900 + 0.081920),0.877502 (0.795600 + 0.081902)
59,0.877502 (0.795600 + 0.081902),0.877502 (0.795600 + 0.081902),0.877502 (0.795600 + 0.081902),0.877502 (0.795600 + 0.081902),0.877502 (0.795600 + 0.081902),0.877502 (0.795600 + 0.081902),0.877502 (0.795600 + 0.081902),0.877502 (0.795600 + 0.081902),0.877502 (0.795600 + 0.081902),0.877502 (0.795600 + 0.081902),0.877502 (0.795600 + 0.081902),0.857538 (0.775800 + 0.081738),0.877502 (0.795600 + 0.081902),0.877502 (0.795600 + 0.081902),0.867392 (0.785700 + 0.081692),0.877502 (0.795600 + 0.081902),0.877502 (0.795600 + 0.081902),0.877502 (0.795600 + 0.081902),0.877502 (0.795600 + 0.081902),0.877502 (0.795600 + 0.081902),0.877502 (0.795600 + 0.081902),0.877502 (0.795600 + 0.081902),0.877502 (0.795600 + 0.081902),0.877502 (0.795600 + 0.081902),0.877502 (0.795600 + 0.081902),0.877502 (0.795600 + 0.081902),0.877502 (0.795600 + 0.081902),0.877502 (0.795600 + 0.081902),0.863001 (0.781200 + 0.081801),0.877502 (0.795600 + 0.081902),0.877502 (0.795600 + 0.081902),0.877502 (0.795600 + 0.081902),0.877502 (0.795600 + 0.081902),0.877502 (0.795600 + 0.081902),0.877502 (0.795600 + 0.081902),0.877502 (0.795600 + 0.081902),0.877502 (0.795600 + 0.081902),0.877502 (0.795600 + 0.081902),0.877502 (0.795600 + 0.081902),0.877502 (0.795600 + 0.081902),0.877502 (0.795600 + 0.081902),0.877502 (0.795600 + 0.081902),0.860368 (0.778500 + 0.081868),0.877502 (0.795600 + 0.081902),0.877502 (0.795600 + 0.081902),0.877502 (0.795600 + 0.081902),0.877502 (0.795600 + 0.081902),0.877502 (0.795600 + 0.081902),0.877502 (0.795600 + 0.081902),0.877502 (0.795600 + 0.081902),0.877502 (0.795600 + 0.081902),0.877502 (0.795600 + 0.081902),0.877502 (0.795600 + 0.081902),0.877502 (0.795600 + 0.081902),0.877502 (0.795600 + 0.081902),0.877502 (0.795600 + 0.081902),0.877502 (0.795600 + 0.081902),0.877502 (0.795600 + 0.081902),0.877502 (0.795600 + 0.081902),0.877502 (0.795600 + 0.081902),0.877502 (0.795600 + 0.081902),0.877502 (0.795600 + 0.081902),0.866522 (0.784800 + 0.081722),0.877502 (0.795600 + 0.081902),0.877502 (0.795600 + 0.081902),0.877502 (0.795600 + 0.081902),0.877502 (0.795600 + 0.081902),0.877502 (0.795600 + 0.081902),0.877502 (0.795600 + 0.081902),0.877502 (0.795600 + 0.081902),0.877502 (0.795600 + 0.081902),0.877502 (0.795600 + 0.081902),0.877502 (0.795600 + 0.081902),0.844193 (0.762300 + 0.081893),0.877502 (0.795600 + 0.081902),0.877502 (0.795600 + 0.081902),0.877502 (0.795600 + 0.081902),0.877502 (0.795600 + 0.081902),0.877502 (0.795600 + 0.081902),0.851405 (0.769500 + 0.081905),0.877502 (0.795600 + 0.081902),0.877502 (0.795600 + 0.081902),0.877502 (0.795600 + 0.081902),0.877502 (0.795600 + 0.081902),0.877502 (0.795600 + 0.081902),0.877502 (0.795600 + 0.081902),0.877502 (0.795600 + 0.081902),0.877502 (0.795600 + 0.081902),0.877502 (0.795600 + 0.081902),0.877502 (0.795600 + 0.081902),0.877502 (0.795600 + 0.081902),0.877502 (0.795600 + 0.081902),0.877502 (0.795600 + 0.081902),0.877502 (0.795600 + 0.081902),0.877502 (0.795600 + 0.081902),0.877502 (0.795600 + 0.081902),0.877502 (0.795600 + 0.081902),0.877502 (0.795600 + 0.081902),0.877502 (0.795600 + 0.081902),0.877502 (0.795600 + 0.081902)
60,0.877502 (0.795600 + 0.081902),0.877502 (0.795600 + 0.081902),0.877502 (0.795600 + 0.081902),0.877502 (0.795600 + 0.081902),0.877502 (0.795600 + 0.081902),0.877502 (0.795600 + 0.081902),0.877502 (0.795600 + 0.081902),0.852268 (0.770400 + 0.081868),0.877502 (0.795600 + 0.081902),0.877502 (0.795600 + 0.081902),0.877502 (0.795600 + 0.081902),0.877502 (0.795600 + 0.081902),0.877502 (0.795600 + 0.081902),0.877502 (0.795600 + 0.081902),0.877502 (0.795600 + 0.081902),0.877502 (0.795600 + 0.081902),0.877502 (0.795600 + 0.081902),0.877502 (0.795600 + 0.081902),0.877502 (0.795600 + 0.081902),0.877502 (0.795600 + 0.081902),0.877502 (0.795600 + 0.081902),0.877502 (0.795600 + 0.081902),0.877502 (0.795600 + 0.081902),0.877502 (0.795600 + 0.081902),0.877502 (0.795600 + 0.081902),0.877502 (0.795600 + 0.081902),0.877502 (0.795600 + 0.081902),0.877502 (0.795600 + 0.081902),0.877502 (0.795600 + 0.081902),0.869432 (0.787500 + 0.081932),0.877502 (0.795600 + 0.081902),0.877502 (0.795600 + 0.081902),0.877502 (0.795600 + 0.081902),0.877502 (0.795600 + 0.081902),0.877502 (0.795600 + 0.081902),0.877502 (0.795600 + 0.081902),0.877502 (0.795600 + 0.081902),0.877502 (0.795600 + 0.081902),0.877502 (0.795600 + 0.081902),0.877502 (0.795600 + 0.081902),0.877502 (0.795600 + 0.081902),0.877502 (0.795600 + 0.081902),0.877502 (0.795600 + 0.081902),0.877502 (0.795600 + 0.081902),0.877502 (0.795600 + 0.081902),0.877502 (0.795600 + 0.081902),0.877502 (0.795600 + 0.081902),0.877502 (0.795600 + 0.081902),0.877502 (0.795600 + 0.081902),0.877502 (0.795600 + 0.081902),0.877502 (0.795600 + 0.081902),0.877502 (0.795600 + 0.081902),0.877502 (0.795600 + 0.081902),0.877502 (0.795600 + 0.081902),0.877502 (0.795600 + 0.081902),0.877502 (0.795600 + 0.081902),0.877502 (0.795600 + 0.081902),0.877502 (0.795600 + 0.081902),0.867468 (0.785700 + 0.081768),0.877502 (0.795600 + 0.081902),0.877502 (0.795600 + 0.081902),0.877502 (0.795600 + 0.081902),0.877502 (0.795600 + 0.081902),0.877502 (0.795600 + 0.081902),0.853076 (0.771300 + 0.081776),0.877502 (0.795600 + 0.081902),0.877502 (0.795600 + 0.081902),0.877502 (0.795600 + 0.081902),0.877502 (0.795600 + 0.081902),0.877502 (0.795600 + 0.081902),0.877502 (0.795600 + 0.081902),0.877502 (0.795600 + 0.081902),0.877502 (0.795600 + 0.081902),0.877502 (0.795600 + 0.081902),0.877502 (0.795600 + 0.081902),0.877502 (0.795600 + 0.081902),0.864150 (0.782100 + 0.082050),0.877502 (0.795600 + 0.081902),0.877502 (0.795600 + 0.081902),0.877502 (0.795600 + 0.081902),0.877502 (0.795600 + 0.081902),0.877502 (0.795600 + 0.081902),0.877502 (0.795600 + 0.081902),0.877502 (0.795600 + 0.081902),0.877502 (0.795600 + 0.081902),0.877502 (0.795600 + 0.081902),0.877502 (0.795600 + 0.081902),0.877502 (0.795600 + 0.081902),0.864814 (0.783000 + 0.081814),0.861380 (0.779400 + 0.081980),0.855873 (0.774000 + 0.081873),0.877502 (0.795600 + 0.081902),0.877502 (0.795600 + 0.081902),0.877502 (0.795600 + 0.081902),0.877502 (0.795600 + 0.081902),0.877502 (0.795600 + 0.081902),0.877502 (0.795600 + 0.081902),0.877502 (0.795600 + 0.081902),0.867551 (0.785700 + 0.081851),0.877502 (0.795600 + 0.081902)
61,0.877502 (0.795600 + 0.081902),0.877502 (0.795600 + 0.081902),0.877502 (0.795600 + 0.081902),0.855644 (0.774000 + 0.081644),0.877502 (0.795600 + 0.081902),0.877502 (0.795600 + 0.081902),0.877502 (0.795600 + 0.081902),0.877502 (0.795600 + 0.081902),0.877502 (0.795600 + 0.081902),0.877502 (0.795600 + 0.081902),0.877502 (0.795600 + 0.081902),0.877502 (0.795600 + 0.081902),0.877502 (0.795600 + 0.081902),0.877502 (0.795600 + 0.081902),0.877502 (0.795600 + 0.081902),0.864037 (0.782100 + 0.081937),0.861868 (0.780300 + 0.081568),0.877502 (0.795600 + 0.081902),0.877502 (0.795600 + 0.081902),0.877502 (0.795600 + 0.081902),0.877502 (0.795600 + 0.081902),0.877502 (0.795600 + 0.081902),0.877502 (0.795600 + 0.081902),0.877502 (0.795600 + 0.081902),0.877502 (0.795600 + 0.081902),0.877502 (0.795600 + 0.081902),0.877502 (0.795600 + 0.081902),0.854710 (0.773100 + 0.081610),0.877502 (0.795600 + 0.081902),0.877502 (0.795600 + 0.081902),0.877502 (0.795600 + 0.081902),0.877502 (0.795600 + 0.081902),0.877502 (0.795600 + 0.081902),0.877502 (0.795600 + 0.081902),0.877502 (0.795600 + 0.081902),0.877502 (0.795600 + 0.081902),0.877502 (0.795600 + 0.081902),0.868469 (0.786600 + 0.081869),0.877502 (0.795600 + 0.081902),0.877502 (0.795600 + 0.081902),0.877502 (0.795600 + 0.081902),0.877502 (0.795600 + 0.081902),0.877502 (0.795600 + 0.081902),0.877502 (0.795600 + 0.081902),0.877502 (0.795600 + 0.081902),0.877502 (0.795600 + 0.081902),0.877502 (0.795600 + 0.081902),0.877502 (0.795600 + 0.081902),0.877502 (0.795600 + 0.081902),0.867468 (0.785700 + 0.081768),0.877502 (0.795600 + 0.081902),0.877502 (0.795600 + 0.081902),0.877502 (0.795600 + 0.081902),0.877502 (0.795600 + 0.081902),0.877502 (0.795600 + 0.081902),0.877502 (0.795600 + 0.081902),0.877502 (0.795600 + 0.081902),0.877502 (0.795600 + 0.081902),0.877502 (0.795600 + 0.081902),0.877502 (0.795600 + 0.081902),0.877502 (0.795600 + 0.081902),0.877502 (0.795600 + 0.081902),0.861173 (0.779400 + 0.081773),0.862152 (0.780300 + 0.081852),0.877502 (0.795600 + 0.081902),0.877502 (0.795600 + 0.081902),0.877502 (0.795600 + 0.081902),0.877502 (0.795600 + 0.081902),0.877502 (0.795600 + 0.081902),0.877502 (0.795600 + 0.081902),0.877502 (0.795600 + 0.081902),0.877502 (0.795600 + 0.081902),0.877502 (0.795600 + 0.081902),0.877502 (0.795600 + 0.081902),0.859463 (0.777600 + 0.081863),0.877502 (0.795600 + 0.081902),0.877502 (0.795600 + 0.081902),0.851197 (0.769500 + 0.081697),0.877502 (0.795600 + 0.081902),0.877502 (0.795600 + 0.081902),0.877502 (0.795600 + 0.081902),0.877502 (0.795600 + 0.081902),0.877502 (0.795600 + 0.081902),0.877502 (0.795600 + 0.081902),0.877502 (0.795600 + 0.081902),0.877502 (0.795600 + 0.081902),0.877502 (0.795600 + 0.081902),0.877502 (0.795600 + 0.081902),0.877502 (0.795600 + 0.081902),0.877502 (0.795600 + 0.081902),0.877502 (0.795600 + 0.081902),0.877502 (0.795600 + 0.081902),0.877502 (0.795600 + 0.081902),0.877502 (0.795600 + 0.081902),0.877502 (0.795600 + 0.081902),0.877502 (0.795600 + 0.081902),0.877502 (0.795600 + 0.081902),0.877502 (0.795600 + 0.081902),0.877502 (0.795600 + 0.081902),0.877502 (0.795600 + 0.081902)
62,0.877502 (0.795600 + 0.081902),0.877502 (0.795600 + 0.081902),0.877502 (0.795600 + 0.081902),0.877502 (0.795600 + 0.081902),0.877502 (0.795600 + 0.081902),0.877502 (0.795600 + 0.081902),0.877502 (0.795600 + 0.081902),0.877502 (0.795600 + 0.081902),0.877502 (0.795600 + 0.081902),0.854093 (0.772200 + 0.081893),0.877502 (0.795600 + 0.081902),0.877502 (0.795600 + 0.081902),0.877502 (0.795600 + 0.081902),0.877502 (0.795600 + 0.081902),0.877502 (0.795600 + 0.081902),0.877502 (0.795600 + 0.081902),0.877502 (0.795600 + 0.081902),0.877502 (0.795600 + 0.081902),0.877502 (0.795600 + 0.081902),0.877502 (0.795600 + 0.081902),0.877502 (0.795600 + 0.081902),0.877502 (0.795600 + 0.081902),0.877502 (0.795600 + 0.081902),0.877502 (0.795600 + 0.081902),0.877502 (0.795600 + 0.081902),0.877502 (0.795600 + 0.081902),0.877502 (0.795600 + 0.081902),0.877502 (0.795600 + 0.081902),0.877502 (0.795600 + 0.081902),0.877502 (0.795600 + 0.081902),0.877502 (0.795600 + 0.081902),0.877502 (0.795600 + 0.081902),0.877502 (0.795600 + 0.081902),0.877502 (0.795600 + 0.081902),0.877502 (0.795600 + 0.081902),0.864902 (0.783000 + 0.081902),0.877502 (0.795600 + 0.081902),0.877502 (0.795600 + 0.081902),0.877502 (0.795600 + 0.081902),0.877502 (0.795600 + 0.081902),0.877502 (0.795600 + 0.081902),0.877502 (0.795600 + 0.081902),0.877502 (0.795600 + 0.081902),0.877502 (0.795600 + 0.081902),0.864771 (0.783000 + 0.081771),0.877502 (0.795600 + 0.081902),0.877502 (0.795600 + 0.081902),0.877502 (0.795600 + 0.081902),0.877502 (0.795600 + 0.081902),0.877502 (0.795600 + 0.081902),0.877502 (0.795600 + 0.081902),0.877502 (0.795600 + 0.081902),0.877502 (0.795600 + 0.081902),0.862996 (0.781200 + 0.081797),0.877502 (0.795600 + 0.081902),0.877502 (0.795600 + 0.081902),0.877502 (0.795600 + 0.081902),0.877502 (0.795600 + 0.081902),0.877502 (0.795600 + 0.081902),0.863237 (0.781200 + 0.082037),0.877502 (0.795600 + 0.081902),0.877502 (0.795600 + 0.081902),0.877502 (0.795600 + 0.081902),0.877502 (0.795600 + 0.081902),0.858435 (0.776700 + 0.081735),0.877502 (0.795600 + 0.081902),0.877502 (0.795600 + 0.081902),0.877502 (0.795600 + 0.081902),0.877502 (0.795600 + 0.081902),0.877502 (0.795600 + 0.081902),0.877502 (0.795600 + 0.081902),0.877502 (0.795600 + 0.081902),0.877502 (0.795600 + 0.081902),0.877502 (0.795600 + 0.081902),0.877502 (0.795600 + 0.081902),0.877502 (0.795600 + 0.081902),0.877502 (0.795600 + 0.081902),0.854233 (0.772200 + 0.082033),0.863978 (0.782100 + 0.081878),0.877502 (0.795600 + 0.081902),0.858542 (0.776700 + 0.081842),0.877502 (0.795600 + 0.081902),0.877502 (0.795600 + 0.081902),0.877502 (0.795600 + 0.081902),0.877502 (0.795600 + 0.081902),0.868525 (0.786600 + 0.081925),0.877502 (0.795600 + 0.081902),0.869316 (0.787500 + 0.081816),0.877502 (0.795600 + 0.081902),0.877502 (0.795600 + 0.081902),0.877502 (0.795600 + 0.081902),0.877502 (0.795600 + 0.081902),0.877502 (0.795600 + 0.081902),0.877502 (0.795600 + 0.081902),0.877502 (0.795600 + 0.081902),0.877502 (0.795600 + 0.081902),0.877502 (0.795600 + 0.081902),0.877502 (0.795600 + 0.081902),0.877502 (0.795600 + 0.081902),0.877502 (0.795600 + 0.081902)
63,0.877502 (0.795600 + 0.081902),0.877502 (0.795600 + 0.081902),0.877502 (0.795600 + 0.081902),0.860987 (0.779400 + 0.081587),0.877502 (0.795600 + 0.081902),0.877502 (0.795600 + 0.081902),0.877502 (0.795600 + 0.081902),0.877502 (0.795600 + 0.081902),0.877502 (0.795600 + 0.081902),0.877502 (0.795600 + 0.081902),0.877502 (0.795600 + 0.081902),0.877502 (0.795600 + 0.081902),0.877502 (0.795600 + 0.081902),0.877502 (0.795600 + 0.081902),0.877502 (0.795600 + 0.081902),0.877502 (0.795600 + 0.081902),0.877502 (0.795600 + 0.081902),0.877502 (0.795600 + 0.081902),0.877502 (0.795600 + 0.081902),0.877502 (0.795600 + 0.081902),0.853004 (0.771300 + 0.081704),0.869178 (0.787500 + 0.081678),0.877502 (0.795600 + 0.081902),0.877502 (0.795600 + 0.081902),0.877502 (0.795600 + 0.081902),0.861343 (0.779400 + 0.081943),0.877502 (0.795600 + 0.081902),0.877502 (0.795600 + 0.081902),0.848702 (0.766800 + 0.081902),0.877502 (0.795600 + 0.081902),0.877502 (0.795600 + 0.081902),0.877502 (0.795600 + 0.081902),0.877502 (0.795600 + 0.081902),0.872866 (0.791100 + 0.081766),0.877502 (0.795600 + 0.081902),0.877502 (0.795600 + 0.081902),0.877502 (0.795600 + 0.081902),0.877502 (0.795600 + 0.081902),0.877502 (0.795600 + 0.081902),0.877502 (0.795600 + 0.081902),0.877502 (0.795600 + 0.081902),0.877502 (0.795600 + 0.081902),0.877502 (0.795600 + 0.081902),0.877502 (0.795600 + 0.081902),0.877502 (0.795600 + 0.081902),0.877502 (0.795600 + 0.081902),0.877502 (0.795600 + 0.081902),0.877502 (0.795600 + 0.081902),0.877502 (0.795600 + 0.081902),0.877502 (0.795600 + 0.081902),0.850583 (0.768600 + 0.081983),0.870256 (0.788400 + 0.081856),0.877502 (0.795600 + 0.081902),0.877502 (0.795600 + 0.081902),0.877502 (0.795600 + 0.081902),0.877502 (0.795600 + 0.081902),0.877502 (0.795600 + 0.081902),0.855783 (0.774000 + 0.081783),0.877502 (0.795600 + 0.081902),0.877502 (0.795600 + 0.081902),0.877502 (0.795600 + 0.081902),0.877502 (0.795600 + 0.081902),0.877502 (0.795600 + 0.081902),0.877502 (0.795600 + 0.081902),0.877502 (0.795600 + 0.081902),0.877502 (0.795600 + 0.081902),0.877502 (0.795600 + 0.081902),0.877502 (0.795600 + 0.081902),0.877502 (0.795600 + 0.081902),0.877502 (0.795600 + 0.081902),0.877502 (0.795600 + 0.081902),0.877502 (0.795600 + 0.081902),0.877502 (0.795600 + 0.081902),0.877502 (0.795600 + 0.081902),0.877502 (0.795600 + 0.081902),0.877502 (0.795600 + 0.081902),0.877502 (0.795600 + 0.081902),0.877502 (0.795600 + 0.081902),0.877502 (0.795600 + 0.081902),0.877502 (0.795600 + 0.081902),0.877502 (0.795600 + 0.081902),0.877502 (0.795600 + 0.081902),0.866692 (0.784800 + 0.081892),0.877502 (0.795600 + 0.081902),0.877502 (0.795600 + 0.081902),0.877502 (0.795600 + 0.081902),0.877502 (0.795600 + 0.081902),0.877502 (0.795600 + 0.081902),0.877502 (0.795600 + 0.081902),0.877502 (0.795600 + 0.081902),0.877502 (0.795600 + 0.081902),0.877502 (0.795600 + 0.081902),0.877502 (0.795600 + 0.081902),0.877502 (0.795600 + 0.081902),0.877502 (0.795600 + 0.081902),0.877502 (0.795600 + 0.081902),0.877502 (0.795600 + 0.081902),0.865817 (0.783900 + 0.081917),0.860297 (0.778500 + 0.081797),0.877502 (0.795600 + 0.081902)
64,0.877502 (0.795600 + 0.081902),0.877502 (0.795600 + 0.081902),0.877502 (0.795600 + 0.081902),0.877502 (0.795600 + 0.081902),0.877502 (0.795600 + 0.081902),0.856830 (0.774900 + 0.081930),0.877502 (0.795600 + 0.081902),0.877502 (0.795600 + 0.081902),0.877502 (0.795600 + 0.081902),0.877502 (0.795600 + 0.081902),0.877502 (0.795600 + 0.081902),0.877502 (0.795600 + 0.081902),0.862254 (0.780300 + 0.081954),0.877502 (0.795600 + 0.081902),0.877502 (0.795600 + 0.081902),0.856769 (0.774900 + 0.081869),0.857820 (0.775800 + 0.082020),0.877502 (0.795600 + 0.081902),0.877502 (0.795600 + 0.081902),0.877502 (0.795600 + 0.081902),0.877502 (0.795600 + 0.081902),0.871153 (0.789300 + 0.081853),0.877502 (0.795600 + 0.081902),0.877502 (0.795600 + 0.081902),0.877502 (0.795600 + 0.081902),0.877502 (0.795600 + 0.081902),0.877502 (0.795600 + 0.081902),0.877502 (0.795600 + 0.081902),0.877502 (0.795600 + 0.081902),0.877502 (0.795600 + 0.081902),0.877502 (0.795600 + 0.081902),0.850527 (0.768600 + 0.081927),0.877502 (0.795600 + 0.081902),0.877502 (0.795600 + 0.081902),0.877502 (0.795600 + 0.081902),0.877502 (0.795600 + 0.081902),0.877502 (0.795600 + 0.081902),0.877502 (0.795600 + 0.081902),0.877502 (0.795600 + 0.081902),0.877502 (0.795600 + 0.081902),0.877502 (0.795600 + 0.081902),0.856809 (0.774900 + 0.081909),0.877502 (0.795600 + 0.081902),0.877502 (0.795600 + 0.081902),0.877502 (0.795600 + 0.081902),0.861391 (0.779400 + 0.081991),0.877502 (0.795600 + 0.081902),0.877502 (0.795600 + 0.081902),0.877502 (0.795600 + 0.081902),0.877502 (0.795600 + 0.081902),0.877502 (0.795600 + 0.081902),0.877502 (0.795600 + 0.081902),0.877502 (0.795600 + 0.081902),0.877502 (0.795600 + 0.081902),0.877502 (0.795600 + 0.081902),0.877502 (0.795600 + 0.081902),0.877502 (0.795600 + 0.081902),0.865739 (0.783900 + 0.081839),0.863049 (0.781200 + 0.081849),0.877502 (0.795600 + 0.081902),0.877502 (0.795600 + 0.081902),0.877502 (0.795600 + 0.081902),0.877502 (0.795600 + 0.081902),0.877502 (0.795600 + 0.081902),0.877502 (0.795600 + 0.081902),0.877502 (0.795600 + 0.081902),0.864766 (0.783000 + 0.081766),0.877502 (0.795600 + 0.081902),0.863875 (0.782100 + 0.081775),0.877502 (0.795600 + 0.081902),0.877502 (0.795600 + 0.081902),0.877502 (0.795600 + 0.081902),0.877502 (0.795600 + 0.081902),0.877502 (0.795600 + 0.081902),0.877502 (0.795600 + 0.081902),0.877502 (0.795600 + 0.081902),0.877502 (0.795600 + 0.081902),0.877502 (0.795600 + 0.081902),0.877502 (0.795600 + 0.081902),0.877502 (0.795600 + 0.081902),0.861199 (0.779400 + 0.081799),0.877502 (0.795600 + 0.081902),0.877502 (0.795600 + 0.081902),0.877502 (0.795600 + 0.081902),0.877502 (0.795600 + 0.081902),0.877502 (0.795600 + 0.081902),0.877502 (0.795600 + 0.081902),0.877502 (0.795600 + 0.081902),0.877502 (0.795600 + 0.081902),0.877502 (0.795600 + 0.081902),0.877502 (0.795600 + 0.081902),0.877502 (0.795600 + 0.081902),0.877502 (0.795600 + 0.081902),0.877502 (0.795600 + 0.081902),0.877502 (0.795600 + 0.081902),0.877502 (0.795600 + 0.081902),0.877502 (0.795600 + 0.081902),0.877502 (0.795600 + 0.081902),0.877502 (0.795600 + 0.081902),0.877502 (0.795600 + 0.081902)
65,0.877502 (0.795600 + 0.081902),0.877502 (0.795600 + 0.081902),0.877502 (0.795600 + 0.081902),0.877502 (0.795600 + 0.081902),0.877502 (0.795600 + 0.081902),0.877502 (0.795600 + 0.081902),0.877502 (0.795600 + 0.081902),0.877502 (0.795600 + 0.081902),0.877502 (0.795600 + 0.081902),0.844889 (0.763200 + 0.081689),0.877502 (0.795600 + 0.081902),0.877502 (0.795600 + 0.081902),0.877502 (0.795600 + 0.081902),0.877502 (0.795600 + 0.081902),0.877502 (0.795600 + 0.081902),0.858426 (0.776700 + 0.081726),0.877502 (0.795600 + 0.081902),0.877502 (0.795600 + 0.081902),0.877502 (0.795600 + 0.081902),0.877502 (0.795600 + 0.081902),0.864009 (0.782100 + 0.081909),0.877502 (0.795600 + 0.081902),0.860156 (0.778500 + 0.081656),0.856756 (0.774900 + 0.081856),0.877502 (0.795600 + 0.081902),0.877502 (0.795600 + 0.081902),0.877502 (0.795600 + 0.081902),0.877502 (0.795600 + 0.081902),0.877502 (0.795600 + 0.081902),0.861254 (0.779400 + 0.081854),0.877502 (0.795600 + 0.081902),0.865909 (0.783900 + 0.082009),0.877502 (0.795600 + 0.081902),0.877502 (0.795600 + 0.081902),0.877502 (0.795600 + 0.081902),0.877502 (0.795600 + 0.081902),0.877502 (0.795600 + 0.081902),0.877502 (0.795600 + 0.081902),0.877502 (0.795600 + 0.081902),0.877502 (0.795600 + 0.081902),0.877502 (0.795600 + 0.081902),0.877502 (0.795600 + 0.081902),0.877502 (0.795600 + 0.081902),0.877502 (0.795600 + 0.081902),0.877502 (0.795600 + 0.081902),0.877502 (0.795600 + 0.081902),0.855917 (0.774000 + 0.081917),0.877502 (0.795600 + 0.081902),0.877502 (0.795600 + 0.081902),0.877502 (0.795600 + 0.081902),0.877502 (0.795600 + 0.081902),0.877502 (0.795600 + 0.081902),0.877502 (0.795600 + 0.081902),0.877502 (0.795600 + 0.081902),0.877502 (0.795600 + 0.081902),0.877502 (0.795600 + 0.081902),0.877502 (0.795600 + 0.081902),0.877502 (0.795600 + 0.081902),0.877502 (0.795600 + 0.081902),0.877502 (0.795600 + 0.081902),0.877502 (0.795600 + 0.081902),0.877502 (0.795600 + 0.081902),0.877502 (0.795600 + 0.081902),0.877502 (0.795600 + 0.081902),0.877502 (0.795600 + 0.081902),0.877502 (0.795600 + 0.081902),0.877502 (0.795600 + 0.081902),0.877502 (0.795600 + 0.081902),0.877502 (0.795600 + 0.081902),0.877502 (0.795600 + 0.081902),0.877502 (0.795600 + 0.081902),0.877502 (0.795600 + 0.081902),0.877502 (0.795600 + 0.081902),0.877502 (0.795600 + 0.081902),0.877502 (0.795600 + 0.081902),0.856809 (0.774900 + 0.081909),0.877502 (0.795600 + 0.081902),0.877502 (0.795600 + 0.081902),0.877502 (0.795600 + 0.081902),0.877502 (0.795600 + 0.081902),0.877502 (0.795600 + 0.081902),0.877502 (0.795600 + 0.081902),0.877502 (0.795600 + 0.081902),0.877502 (0.795600 + 0.081902),0.877502 (0.795600 + 0.081902),0.877502 (0.795600 + 0.081902),0.877502 (0.795600 + 0.081902),0.877502 (0.795600 + 0.081902),0.877502 (0.795600 + 0.081902),0.877502 (0.795600 + 0.081902),0.877502 (0.795600 + 0.081902),0.877502 (0.795600 + 0.081902),0.877502 (0.795600 + 0.081902),0.877502 (0.795600 + 0.081902),0.864860 (0.783000 + 0.081860),0.877502 (0.795600 + 0.081902),0.877502 (0.795600 + 0.081902),0.877502 (0.795600 + 0.081902),0.877502 (0.795600 + 0.081902),0.869262 (0.787500 + 0.081762)
66,0.877502 (0.795600 + 0.081902),0.877502 (0.795600 + 0.081902),0.877502 (0.795600 + 0.081902),0.877502 (0.795600 + 0.081902),0.877502 (0.795600 + 0.081902),0.850281 (0.768600 + 0.081681),0.877502 (0.795600 + 0.081902),0.877502 (0.795600 + 0.081902),0.877502 (0.795600 + 0.081902),0.877502 (0.795600 + 0.081902),0.877502 (0.795600 + 0.081902),0.877502 (0.795600 + 0.081902),0.877502 (0.795600 + 0.081902),0.877502 (0.795600 + 0.081902),0.877502 (0.795600 + 0.081902),0.877502 (0.795600 + 0.081902),0.877502 (0.795600 + 0.081902),0.877502 (0.795600 + 0.081902),0.877502 (0.795600 + 0.081902),0.877502 (0.795600 + 0.081902),0.877502 (0.795600 + 0.081902),0.877502 (0.795600 + 0.081902),0.877502 (0.795600 + 0.081902),0.858510 (0.776700 + 0.081810),0.877502 (0.795600 + 0.081902),0.877502 (0.795600 + 0.081902),0.877502 (0.795600 + 0.081902),0.877502 (0.795600 + 0.081902),0.877502 (0.795600 + 0.081902),0.877502 (0.795600 + 0.081902),0.877502 (0.795600 + 0.081902),0.877502 (0.795600 + 0.081902),0.877502 (0.795600 + 0.081902),0.877502 (0.795600 + 0.081902),0.851345 (0.769500 + 0.081845),0.852200 (0.770400 + 0.081800),0.877502 (0.795600 + 0.081902),0.877502 (0.795600 + 0.081902),0.877502 (0.795600 + 0.081902),0.877502 (0.795600 + 0.081902),0.877502 (0.795600 + 0.081902),0.877502 (0.795600 + 0.081902),0.877502 (0.795600 + 0.081902),0.877502 (0.795600 + 0.081902),0.877502 (0.795600 + 0.081902),0.877502 (0.795600 + 0.081902),0.859509 (0.777600 + 0.081909),0.877502 (0.795600 + 0.081902),0.877502 (0.795600 + 0.081902),0.877502 (0.795600 + 0.081902),0.877502 (0.795600 + 0.081902),0.877502 (0.795600 + 0.081902),0.877502 (0.795600 + 0.081902),0.877502 (0.795600 + 0.081902),0.877502 (0.795600 + 0.081902),0.877502 (0.795600 + 0.081902),0.877502 (0.795600 + 0.081902),0.866549 (0.784800 + 0.081749),0.877502 (0.795600 + 0.081902),0.877502 (0.795600 + 0.081902),0.868598 (0.786600 + 0.081998),0.862256 (0.780300 + 0.081956),0.877502 (0.795600 + 0.081902),0.877502 (0.795600 + 0.081902),0.877502 (0.795600 + 0.081902),0.877502 (0.795600 + 0.081902),0.877502 (0.795600 + 0.081902),0.877502 (0.795600 + 0.081902),0.877502 (0.795600 + 0.081902),0.868491 (0.786600 + 0.081891),0.855049 (0.773100 + 0.081949),0.877502 (0.795600 + 0.081902),0.877502 (0.795600 + 0.081902),0.877502 (0.795600 + 0.081902),0.877502 (0.795600 + 0.081902),0.877502 (0.795600 + 0.081902),0.877502 (0.795600 + 0.081902),0.877502 (0.795600 + 0.081902),0.877502 (0.795600 + 0.081902),0.877502 (0.795600 + 0.081902),0.877502 (0.795600 + 0.081902),0.877502 (0.795600 + 0.081902),0.877502 (0.795600 + 0.081902),0.877502 (0.795600 + 0.081902),0.877502 (0.795600 + 0.081902),0.877502 (0.795600 + 0.081902),0.877502 (0.795600 + 0.081902),0.877502 (0.795600 + 0.081902),0.877502 (0.795600 + 0.081902),0.867574 (0.785700 + 0.081874),0.870282 (0.788400 + 0.081882),0.877502 (0.795600 + 0.081902),0.877502 (0.795600 + 0.081902),0.877502 (0.795600 + 0.081902),0.877502 (0.795600 + 0.081902),0.877502 (0.795600 + 0.081902),0.871282 (0.789300 + 0.081982),0.877502 (0.795600 + 0.081902),0.877502 (0.795600 + 0.081902),0.877502 (0.795600 + 0.081902)
67,0.877502 (0.795600 + 0.081902),0.877502 (0.795600 + 0.081902),0.877502 (0.795600 + 0.081902),0.877502 (0.795600 + 0.081902),0.877502 (0.795600 + 0.081902),0.877502 (0.795600 + 0.081902),0.877502 (0.795600 + 0.081902),0.877502 (0.795600 + 0.081902),0.877502 (0.795600 + 0.081902),0.877502 (0.795600 + 0.081902),0.877502 (0.795600 + 0.081902),0.877502 (0.795600 + 0.081902),0.877502 (0.795600 + 0.081902),0.877502 (0.795600 + 0.081902),0.877502 (0.795600 + 0.081902),0.877502 (0.795600 + 0.081902),0.877502 (0.795600 + 0.081902),0.877502 (0.795600 + 0.081902),0.877502 (0.795600 + 0.081902),0.877502 (0.795600 + 0.081902),0.877502 (0.795600 + 0.081902),0.877502 (0.795600 + 0.081902),0.877502 (0.795600 + 0.081902),0.867630 (0.785700 + 0.081930),0.854895 (0.773100 + 0.081795),0.877502 (0.795600 + 0.081902),0.877502 (0.795600 + 0.081902),0.877502 (0.795600 + 0.081902),0.877502 (0.795600 + 0.081902),0.877502 (0.795600 + 0.081902),0.877502 (0.795600 + 0.081902),0.877502 (0.795600 + 0.081902),0.877502 (0.795600 + 0.081902),0.877502 (0.795600 + 0.081902),0.877502 (0.795600 + 0.081902),0.877502 (0.795600 + 0.081902),0.877502 (0.795600 + 0.081902),0.877502 (0.795600 + 0.081902),0.877502 (0.795600 + 0.081902),0.877502 (0.795600 + 0.081902),0.877502 (0.795600 + 0.081902),0.877502 (0.795600 + 0.081902),0.877502 (0.795600 + 0.081902),0.877502 (0.795600 + 0.081902),0.877502 (0.795600 + 0.081902),0.877502 (0.795600 + 0.081902),0.877502 (0.795600 + 0.081902),0.877502 (0.795600 + 0.081902),0.877502 (0.795600 + 0.081902),0.877502 (0.795600 + 0.081902),0.877502 (0.795600 + 0.081902),0.877502 (0.795600 + 0.081902),0.877502 (0.795600 + 0.081902),0.877502 (0.795600 + 0.081902),0.877502 (0.795600 + 0.081902),0.877502 (0.795600 + 0.081902),0.877502 (0.795600 + 0.081902),0.877502 (0.795600 + 0.081902),0.877502 (0.795600 + 0.081902),0.877502 (0.795600 + 0.081902),0.877502 (0.795600 + 0.081902),0.863943 (0.782100 + 0.081843),0.877502 (0.795600 + 0.081902),0.856596 (0.774900 + 0.081696),0.877502 (0.795600 + 0.081902),0.877502 (0.795600 + 0.081902),0.877502 (0.795600 + 0.081902),0.860333 (0.778500 + 0.081833),0.877502 (0.795600 + 0.081902),0.877502 (0.795600 + 0.081902),0.877502 (0.795600 + 0.081902),0.877502 (0.795600 + 0.081902),0.877502 (0.795600 + 0.081902),0.877502 (0.795600 + 0.081902),0.877502 (0.795600 + 0.081902),0.877502 (0.795600 + 0.081902),0.877502 (0.795600 + 0.081902),0.877502 (0.795600 + 0.081902),0.877502 (0.795600 + 0.081902),0.871184 (0.789300 + 0.081884),0.879299 (0.797400 + 0.081899),0.877502 (0.795600 + 0.081902),0.877502 (0.795600 + 0.081902),0.877502 (0.795600 + 0.081902),0.866653 (0.784800 + 0.081853),0.877502 (0.795600 + 0.081902),0.877502 (0.795600 + 0.081902),0.877502 (0.795600 + 0.081902),0.877502 (0.795600 + 0.081902),0.865670 (0.783900 + 0.081770),0.877502 (0.795600 + 0.081902),0.877502 (0.795600 + 0.081902),0.877502 (0.795600 + 0.081902),0.877502 (0.795600 + 0.081902),0.877502 (0.795600 + 0.081902),0.877502 (0.795600 + 0.081902),0.877502 (0.795600 + 0.081902),0.877502 (0.795600 + 0.081902),0.877502 (0.795600 + 0.081902),0.877502 (0.795600 + 0.081902)
68,0.879299 (0.797400 + 0.081899),0.877502 (0.795600 + 0.081902),0.877502 (0.795600 + 0.081902),0.877502 (0.795600 + 0.081902),0.877502 (0.795600 + 0.081902),0.877502 (0.795600 + 0.081902),0.877502 (0.795600 + 0.081902),0.877502 (0.795600 + 0.081902),0.877502 (0.795600 + 0.081902),0.877502 (0.795600 + 0.081902),0.877502 (0.795600 + 0.081902),0.855816 (0.774000 + 0.081816),0.877502 (0.795600 + 0.081902),0.863124 (0.781200 + 0.081924),0.877502 (0.795600 + 0.081902),0.877502 (0.795600 + 0.081902),0.877502 (0.795600 + 0.081902),0.877502 (0.795600 + 0.081902),0.877502 (0.795600 + 0.081902),0.877502 (0.795600 + 0.081902),0.877502 (0.795600 + 0.081902),0.877502 (0.795600 + 0.081902),0.877502 (0.795600 + 0.081902),0.877502 (0.795600 + 0.081902),0.877502 (0.795600 + 0.081902),0.877502 (0.795600 + 0.081902),0.877502 (0.795600 + 0.081902),0.877502 (0.795600 + 0.081902),0.877502 (0.795600 + 0.081902),0.877502 (0.795600 + 0.081902),0.877502 (0.795600 + 0.081902),0.854933 (0.773100 + 0.081833),0.877502 (0.795600 + 0.081902),0.877502 (0.795600 + 0.081902),0.877502 (0.795600 + 0.081902),0.877502 (0.795600 + 0.081902),0.877502 (0.795600 + 0.081902),0.877502 (0.795600 + 0.081902),0.877502 (0.795600 + 0.081902),0.877502 (0.795600 + 0.081902),0.877502 (0.795600 + 0.081902),0.877502 (0.795600 + 0.081902),0.877502 (0.795600 + 0.081902),0.877502 (0.795600 + 0.081902),0.877502 (0.795600 + 0.081902),0.877502 (0.795600 + 0.081902),0.877502 (0.795600 + 0.081902),0.877502 (0.795600 + 0.081902),0.877502 (0.795600 + 0.081902),0.877502 (0.795600 + 0.081902),0.877502 (0.795600 + 0.081902),0.877502 (0.795600 + 0.081902),0.877502 (0.795600 + 0.081902),0.877502 (0.795600 + 0.081902),0.855006 (0.773100 + 0.081906),0.877502 (0.795600 + 0.081902),0.877502 (0.795600 + 0.081902),0.877502 (0.795600 + 0.081902),0.852936 (0.771300 + 0.081636),0.877502 (0.795600 + 0.081902),0.877502 (0.795600 + 0.081902),0.877502 (0.795600 + 0.081902),0.877502 (0.795600 + 0.081902),0.877502 (0.795600 + 0.081902),0.877502 (0.795600 + 0.081902),0.877502 (0.795600 + 0.081902),0.877502 (0.795600 + 0.081902),0.852165 (0.770400 + 0.081765),0.877502 (0.795600 + 0.081902),0.872193 (0.790200 + 0.081993),0.877502 (0.795600 + 0.081902),0.877502 (0.795600 + 0.081902),0.877502 (0.795600 + 0.081902),0.877502 (0.795600 + 0.081902),0.877502 (0.795600 + 0.081902),0.877502 (0.795600 + 0.081902),0.877502 (0.795600 + 0.081902),0.877502 (0.795600 + 0.081902),0.877502 (0.795600 + 0.081902),0.877502 (0.795600 + 0.081902),0.877502 (0.795600 + 0.081902),0.877502 (0.795600 + 0.081902),0.859521 (0.777600 + 0.081921),0.877502 (0.795600 + 0.081902),0.877502 (0.795600 + 0.081902),0.877502 (0.795600 + 0.081902),0.877502 (0.795600 + 0.081902),0.877502 (0.795600 + 0.081902),0.877502 (0.795600 + 0.081902),0.862128 (0.780300 + 0.081828),0.877502 (0.795600 + 0.081902),0.877502 (0.795600 + 0.081902),0.877502 (0.795600 + 0.081902),0.877502 (0.795600 + 0.081902),0.877502 (0.795600 + 0.081902),0.877502 (0.795600 + 0.081902),0.877502 (0.795600 + 0.081902),0.877502 (0.795600 + 0.081902),0.877502 (0.795600 + 0.081902),0.877502 (0.795600 + 0.081902)
69,0.879299 (0.797400 + 0.081899),0.877502 (0.795600 + 0.081902),0.877502 (0.795600 + 0.081902),0.877502 (0.795600 + 0.081902),0.877502 (0.795600 + 0.081902),0.877502 (0.795600 + 0.081902),0.877502 (0.795600 + 0.081902),0.877502 (0.795600 + 0.081902),0.877502 (0.795600 + 0.081902),0.877502 (0.795600 + 0.081902),0.877502 (0.795600 + 0.081902),0.877502 (0.795600 + 0.081902),0.877502 (0.795600 + 0.081902),0.877502 (0.795600 + 0.081902),0.877502 (0.795600 + 0.081902),0.877502 (0.795600 + 0.081902),0.877502 (0.795600 + 0.081902),0.877502 (0.795600 + 0.081902),0.877502 (0.795600 + 0.081902),0.877502 (0.795600 + 0.081902),0.877502 (0.795600 + 0.081902),0.877502 (0.795600 + 0.081902),0.862193 (0.780300 + 0.081893),0.877502 (0.795600 + 0.081902),0.877502 (0.795600 + 0.081902),0.871260 (0.789300 + 0.081960),0.877502 (0.795600 + 0.081902),0.877502 (0.795600 + 0.081902),0.877502 (0.795600 + 0.081902),0.877502 (0.795600 + 0.081902),0.877502 (0.795600 + 0.081902),0.877502 (0.795600 + 0.081902),0.877502 (0.795600 + 0.081902),0.877502 (0.795600 + 0.081902),0.877502 (0.795600 + 0.081902),0.877502 (0.795600 + 0.081902),0.877502 (0.795600 + 0.081902),0.877502 (0.795600 + 0.081902),0.864848 (0.783000 + 0.081848),0.877502 (0.795600 + 0.081902),0.877502 (0.795600 + 0.081902),0.877502 (0.795600 + 0.081902),0.877502 (0.795600 + 0.081902),0.877502 (0.795600 + 0.081902),0.877502 (0.795600 + 0.081902),0.877502 (0.795600 + 0.081902),0.877502 (0.795600 + 0.081902),0.877502 (0.795600 + 0.081902),0.877502 (0.795600 + 0.081902),0.877502 (0.795600 + 0.081902),0.864854 (0.783000 + 0.081854),0.877502 (0.795600 + 0.081902),0.877502 (0.795600 + 0.081902),0.877502 (0.795600 + 0.081902),0.862048 (0.780300 + 0.081748),0.877502 (0.795600 + 0.081902),0.877502 (0.795600 + 0.081902),0.877502 (0.795600 + 0.081902),0.877502 (0.795600 + 0.081902),0.877502 (0.795600 + 0.081902),0.877502 (0.795600 + 0.081902),0.863779 (0.782100 + 0.081679),0.877502 (0.795600 + 0.081902),0.877502 (0.795600 + 0.081902),0.877502 (0.795600 + 0.081902),0.877502 (0.795600 + 0.081902),0.879299 (0.797400 + 0.081899),0.877502 (0.795600 + 0.081902),0.877502 (0.795600 + 0.081902),0.877502 (0.795600 + 0.081902),0.877502 (0.795600 + 0.081902),0.877502 (0.795600 + 0.081902),0.877502 (0.795600 + 0.081902),0.877502 (0.795600 + 0.081902),0.877502 (0.795600 + 0.081902),0.877502 (0.795600 + 0.081902),0.877502 (0.795600 + 0.081902),0.877502 (0.795600 + 0.081902),0.877502 (0.795600 + 0.081902),0.877502 (0.795600 + 0.081902),0.865763 (0.783900 + 0.081863),0.877502 (0.795600 + 0.081902),0.877502 (0.795600 + 0.081902),0.877502 (0.795600 + 0.081902),0.877502 (0.795600 + 0.081902),0.877502 (0.795600 + 0.081902),0.877502 (0.795600 + 0.081902),0.877502 (0.795600 + 0.081902),0.877502 (0.795600 + 0.081902),0.877502 (0.795600 + 0.081902),0.877502 (0.795600 + 0.081902),0.877502 (0.795600 + 0.081902),0.877502 (0.795600 + 0.081902),0.877502 (0.795600 + 0.081902),0.849529 (0.767700 + 0.081829),0.877502 (0.795600 + 0.081902),0.877502 (0.795600 + 0.081902),0.877502 (0.795600 + 0.081902),0.877502 (0.795600 + 0.081902),0.877502 (0.795600 + 0.081902)
70,0.879299 (0.797400 + 0.081899),0.879299 (0.797400 + 0.081899),0.877502 (0.795600 + 0.081902),0.879299 (0.797400 + 0.081899),0.877502 (0.795600 + 0.081902),0.847925 (0.765900 + 0.082025),0.877502 (0.795600 + 0.081902),0.865727 (0.783900 + 0.081827),0.877502 (0.795600 + 0.081902),0.877502 (0.795600 + 0.081902),0.877502 (0.795600 + 0.081902),0.877502 (0.795600 + 0.081902),0.861359 (0.779400 + 0.081959),0.877502 (0.795600 + 0.081902),0.877502 (0.795600 + 0.081902),0.877502 (0.795600 + 0.081902),0.877502 (0.795600 + 0.081902),0.877502 (0.795600 + 0.081902),0.861170 (0.779400 + 0.081770),0.877502 (0.795600 + 0.081902),0.863783 (0.782100 + 0.081683),0.877502 (0.795600 + 0.081902),0.877502 (0.795600 + 0.081902),0.877502 (0.795600 + 0.081902),0.854684 (0.773100 + 0.081584),0.877502 (0.795600 + 0.081902),0.877502 (0.795600 + 0.081902),0.877502 (0.795600 + 0.081902),0.877502 (0.795600 + 0.081902),0.877502 (0.795600 + 0.081902),0.877502 (0.795600 + 0.081902),0.877502 (0.795600 + 0.081902),0.877502 (0.795600 + 0.081902),0.877502 (0.795600 + 0.081902),0.877502 (0.795600 + 0.081902),0.877502 (0.795600 + 0.081902),0.877502 (0.795600 + 0.081902),0.877502 (0.795600 + 0.081902),0.877502 (0.795600 + 0.081902),0.862012 (0.780300 + 0.081712),0.877502 (0.795600 + 0.081902),0.877502 (0.795600 + 0.081902),0.877502 (0.795600 + 0.081902),0.877502 (0.795600 + 0.081902),0.877502 (0.795600 + 0.081902),0.844198 (0.762300 + 0.081898),0.877502 (0.795600 + 0.081902),0.877502 (0.795600 + 0.081902),0.877502 (0.795600 + 0.081902),0.877502 (0.795600 + 0.081902),0.877502 (0.795600 + 0.081902),0.877502 (0.795600 + 0.081902),0.877502 (0.795600 + 0.081902),0.877502 (0.795600 + 0.081902),0.877502 (0.795600 + 0.081902),0.877502 (0.795600 + 0.081902),0.877502 (0.795600 + 0.081902),0.877502 (0.795600 + 0.081902),0.877502 (0.795600 + 0.081902),0.877502 (0.795600 + 0.081902),0.877502 (0.795600 + 0.081902),0.877502 (0.795600 + 0.081902),0.877502 (0.795600 + 0.081902),0.877502 (0.795600 + 0.081902),0.877502 (0.795600 + 0.081902),0.877502 (0.795600 + 0.081902),0.877502 (0.795600 + 0.081902),0.877502 (0.795600 + 0.081902),0.877502 (0.795600 + 0.081902),0.877502 (0.795600 + 0.081902),0.877502 (0.795600 + 0.081902),0.848726 (0.766800 + 0.081926),0.877502 (0.795600 + 0.081902),0.877502 (0.795600 + 0.081902),0.877502 (0.795600 + 0.081902),0.877502 (0.795600 + 0.081902),0.877502 (0.795600 + 0.081902),0.877502 (0.795600 + 0.081902),0.877502 (0.795600 + 0.081902),0.855954 (0.774000 + 0.081954),0.877502 (0.795600 + 0.081902),0.879299 (0.797400 + 0.081899),0.877502 (0.795600 + 0.081902),0.877502 (0.795600 + 0.081902),0.877502 (0.795600 + 0.081902),0.877502 (0.795600 + 0.081902),0.877502 (0.795600 + 0.081902),0.877502 (0.795600 + 0.081902),0.877502 (0.795600 + 0.081902),0.877502 (0.795600 + 0.081902),0.877502 (0.795600 + 0.081902),0.877502 (0.795600 + 0.081902),0.877502 (0.795600 + 0.081902),0.877502 (0.795600 + 0.081902),0.877502 (0.795600 + 0.081902),0.879299 (0.797400 + 0.081899),0.877502 (0.795600 + 0.081902),0.879299 (0.797400 + 0.081899),0.877502 (0.795600 + 0.081902),0.877502 (0.795600 + 0.081902)
71,0.879299 (0.797400 + 0.081899),0.879299 (0.797400 + 0.081899),0.879299 (0.797400 + 0.081899),0.877502 (0.795600 + 0.081902),0.866737 (0.784800 + 0.081937),0.877502 (0.795600 + 0.081902),0.877502 (0.795600 + 0.081902),0.877502 (0.795600 + 0.081902),0.877502 (0.795600 + 0.081902),0.877502 (0.795600 + 0.081902),0.877502 (0.795600 + 0.081902),0.877502 (0.795600 + 0.081902),0.877502 (0.795600 + 0.081902),0.877502 (0.795600 + 0.081902),0.862123 (0.780300 + 0.081823),0.877502 (0.795600 + 0.081902),0.877502 (0.795600 + 0.081902),0.877502 (0.795600 + 0.081902),0.877502 (0.795600 + 0.081902),0.879299 (0.797400 + 0.081899),0.877502 (0.795600 + 0.081902),0.877502 (0.795600 + 0.081902),0.877502 (0.795600 + 0.081902),0.879299 (0.797400 + 0.081899),0.877502 (0.795600 + 0.081902),0.877502 (0.795600 + 0.081902),0.877502 (0.795600 + 0.081902),0.877502 (0.795600 + 0.081902),0.877502 (0.795600 + 0.081902),0.877502 (0.795600 + 0.081902),0.877502 (0.795600 + 0.081902),0.877502 (0.795600 + 0.081902),0.877502 (0.795600 + 0.081902),0.870237 (0.788400 + 0.081837),0.856722 (0.774900 + 0.081822),0.877502 (0.795600 + 0.081902),0.879299 (0.797400 + 0.081899),0.877502 (0.795600 + 0.081902),0.877502 (0.795600 + 0.081902),0.877502 (0.795600 + 0.081902),0.848654 (0.766800 + 0.081854),0.879299 (0.797400 + 0.081899),0.877502 (0.795600 + 0.081902),0.877502 (0.795600 + 0.081902),0.877502 (0.795600 + 0.081902),0.877502 (0.795600 + 0.081902),0.877502 (0.795600 + 0.081902),0.877502 (0.795600 + 0.081902),0.877502 (0.795600 + 0.081902),0.877502 (0.795600 + 0.081902),0.877502 (0.795600 + 0.081902),0.877502 (0.795600 + 0.081902),0.877502 (0.795600 + 0.081902),0.877502 (0.795600 + 0.081902),0.877502 (0.795600 + 0.081902),0.877502 (0.795600 + 0.081902),0.879299 (0.797400 + 0.081899),0.877502 (0.795600 + 0.081902),0.879299 (0.797400 + 0.081899),0.861412 (0.779400 + 0.082012),0.877502 (0.795600 + 0.081902),0.877502 (0.795600 + 0.081902),0.877502 (0.795600 + 0.081902),0.877502 (0.795600 + 0.081902),0.877502 (0.795600 + 0.081902),0.877502 (0.795600 + 0.081902),0.879299 (0.797400 + 0.081899),0.877502 (0.795600 + 0.081902),0.863013 (0.781200 + 0.081813),0.877502 (0.795600 + 0.081902),0.877502 (0.795600 + 0.081902),0.879299 (0.797400 + 0.081899),0.879299 (0.797400 + 0.081899),0.863062 (0.781200 + 0.081862),0.877502 (0.795600 + 0.081902),0.877502 (0.795600 + 0.081902),0.877502 (0.795600 + 0.081902),0.877502 (0.795600 + 0.081902),0.879299 (0.797400 + 0.081899),0.879299 (0.797400 + 0.081899),0.847526 (0.765900 + 0.081626),0.877502 (0.795600 + 0.081902),0.877502 (0.795600 + 0.081902),0.854062 (0.772200 + 0.081862),0.877502 (0.795600 + 0.081902),0.877502 (0.795600 + 0.081902),0.879299 (0.797400 + 0.081899),0.877502 (0.795600 + 0.081902),0.877502 (0.795600 + 0.081902),0.877502 (0.795600 + 0.081902),0.877502 (0.795600 + 0.081902),0.877502 (0.795600 + 0.081902),0.877502 (0.795600 + 0.081902),0.877502 (0.795600 + 0.081902),0.877502 (0.795600 + 0.081902),0.879299 (0.797400 + 0.081899),0.877502 (0.795600 + 0.081902),0.877502 (0.795600 + 0.081902),0.877502 (0.795600 + 0.081902),0.879299 (0.797400 + 0.081899)
72,0.879299 (0.797400 + 0.081899),0.879299 (0.797400 + 0.081899),0.879299 (0.797400 + 0.081899),0.877502 (0.795600 + 0.081902),0.879299 (0.797400 + 0.081899),0.877502 (0.795600 + 0.081902),0.842456 (0.760500 + 0.081956),0.877502 (0.795600 + 0.081902),0.879299 (0.797400 + 0.081899),0.877502 (0.795600 + 0.081902),0.879299 (0.797400 + 0.081899),0.877502 (0.795600 + 0.081902),0.877502 (0.795600 + 0.081902),0.879299 (0.797400 + 0.081899),0.877502 (0.795600 + 0.081902),0.879299 (0.797400 + 0.081899),0.877502 (0.795600 + 0.081902),0.877502 (0.795600 + 0.081902),0.877502 (0.795600 + 0.081902),0.877502 (0.795600 + 0.081902),0.877502 (0.795600 + 0.081902),0.877502 (0.795600 + 0.081902),0.879299 (0.797400 + 0.081899),0.877502 (0.795600 + 0.081902),0.877502 (0.795600 + 0.081902),0.877502 (0.795600 + 0.081902),0.877502 (0.795600 + 0.081902),0.860459 (0.778500 + 0.081959),0.877502 (0.795600 + 0.081902),0.877502 (0.795600 + 0.081902),0.877502 (0.795600 + 0.081902),0.853943 (0.772200 + 0.081743),0.877502 (0.795600 + 0.081902),0.879299 (0.797400 + 0.081899),0.877502 (0.795600 + 0.081902),0.855903 (0.774000 + 0.081903),0.877502 (0.795600 + 0.081902),0.877502 (0.795600 + 0.081902),0.877502 (0.795600 + 0.081902),0.879299 (0.797400 + 0.081899),0.877502 (0.795600 + 0.081902),0.877502 (0.795600 + 0.081902),0.877502 (0.795600 + 0.081902),0.879299 (0.797400 + 0.081899),0.877502 (0.795600 + 0.081902),0.879299 (0.797400 + 0.081899),0.877502 (0.795600 + 0.081902),0.860346 (0.778500 + 0.081846),0.877502 (0.795600 + 0.081902),0.862021 (0.780300 + 0.081721),0.879299 (0.797400 + 0.081899),0.879299 (0.797400 + 0.081899),0.877502 (0.795600 + 0.081902),0.877502 (0.795600 + 0.081902),0.877502 (0.795600 + 0.081902),0.877502 (0.795600 + 0.081902),0.879299 (0.797400 + 0.081899),0.877502 (0.795600 + 0.081902),0.877502 (0.795600 + 0.081902),0.877502 (0.795600 + 0.081902),0.877502 (0.795600 + 0.081902),0.877502 (0.795600 + 0.081902),0.877502 (0.795600 + 0.081902),0.877502 (0.795600 + 0.081902),0.879299 (0.797400 + 0.081899),0.879299 (0.797400 + 0.081899),0.877502 (0.795600 + 0.081902),0.877502 (0.795600 + 0.081902),0.840611 (0.758700 + 0.081911),0.877502 (0.795600 + 0.081902),0.877502 (0.795600 + 0.081902),0.879299 (0.797400 + 0.081899),0.877502 (0.795600 + 0.081902),0.877502 (0.795600 + 0.081902),0.879299 (0.797400 + 0.081899),0.877502 (0.795600 + 0.081902),0.879299 (0.797400 + 0.081899),0.877502 (0.795600 + 0.081902),0.877502 (0.795600 + 0.081902),0.877502 (0.795600 + 0.081902),0.879299 (0.797400 + 0.081899),0.863933 (0.782100 + 0.081833),0.867473 (0.785700 + 0.081773),0.877502 (0.795600 + 0.081902),0.879299 (0.797400 + 0.081899),0.877502 (0.795600 + 0.081902),0.877502 (0.795600 + 0.081902),0.877502 (0.795600 + 0.081902),0.877502 (0.795600 + 0.081902),0.877502 (0.795600 + 0.081902),0.877502 (0.795600 + 0.081902),0.879299 (0.797400 + 0.081899),0.877502 (0.795600 + 0.081902),0.879299 (0.797400 + 0.081899),0.864848 (0.783000 + 0.081849),0.877502 (0.795600 + 0.081902),0.877502 (0.795600 + 0.081902),0.865570 (0.783900 + 0.081670),0.877502 (0.795600 + 0.081902),0.879299 (0.797400 + 0.081899)
73,0.879299 (0.797400 + 0.081899),0.879299 (0.797400 + 0.081899),0.879299 (0.797400 + 0.081899),0.879299 (0.797400 + 0.081899),0.879299 (0.797400 + 0.081899),0.879299 (0.797400 + 0.081899),0.877502 (0.795600 + 0.081902),0.877502 (0.795600 + 0.081902),0.877502 (0.795600 + 0.081902),0.877502 (0.795600 + 0.081902),0.877502 (0.795600 + 0.081902),0.862981 (0.781200 + 0.081781),0.879299 (0.797400 + 0.081899),0.877502 (0.795600 + 0.081902),0.869217 (0.787500 + 0.081717),0.877502 (0.795600 + 0.081902),0.879299 (0.797400 + 0.081899),0.879299 (0.797400 + 0.081899),0.877502 (0.795600 + 0.081902),0.877502 (0.795600 + 0.081902),0.879299 (0.797400 + 0.081899),0.877502 (0.795600 + 0.081902),0.877502 (0.795600 + 0.081902),0.879299 (0.797400 + 0.081899),0.877502 (0.795600 + 0.081902),0.879299 (0.797400 + 0.081899),0.879299 (0.797400 + 0.081899),0.879299 (0.797400 + 0.081899),0.877502 (0.795600 + 0.081902),0.877502 (0.795600 + 0.081902),0.877502 (0.795600 + 0.081902),0.879299 (0.797400 + 0.081899),0.877502 (0.795600 + 0.081902),0.864852 (0.783000 + 0.081852),0.877502 (0.795600 + 0.081902),0.879299 (0.797400 + 0.081899),0.877502 (0.795600 + 0.081902),0.879299 (0.797400 + 0.081899),0.877502 (0.795600 + 0.081902),0.877502 (0.795600 + 0.081902),0.869200 (0.787500 + 0.081700),0.879299 (0.797400 + 0.081899),0.877502 (0.795600 + 0.081902),0.877502 (0.795600 + 0.081902),0.879299 (0.797400 + 0.081899),0.879299 (0.797400 + 0.081899),0.879299 (0.797400 + 0.081899),0.877502 (0.795600 + 0.081902),0.879299 (0.797400 + 0.081899),0.879299 (0.797400 + 0.081899),0.877502 (0.795600 + 0.081902),0.879299 (0.797400 + 0.081899),0.879299 (0.797400 + 0.081899),0.877502 (0.795600 + 0.081902),0.877502 (0.795600 + 0.081902),0.877502 (0.795600 + 0.081902),0.879299 (0.797400 + 0.081899),0.877502 (0.795600 + 0.081902),0.879299 (0.797400 + 0.081899),0.879299 (0.797400 + 0.081899),0.877502 (0.795600 + 0.081902),0.877502 (0.795600 + 0.081902),0.879299 (0.797400 + 0.081899),0.879299 (0.797400 + 0.081899),0.877502 (0.795600 + 0.081902),0.879299 (0.797400 + 0.081899),0.877502 (0.795600 + 0.081902),0.864930 (0.783000 + 0.081930),0.855849 (0.774000 + 0.081849),0.879299 (0.797400 + 0.081899),0.879299 (0.797400 + 0.081899),0.877502 (0.795600 + 0.081902),0.877502 (0.795600 + 0.081902),0.877502 (0.795600 + 0.081902),0.877502 (0.795600 + 0.081902),0.877502 (0.795600 + 0.081902),0.860377 (0.778500 + 0.081877),0.877502 (0.795600 + 0.081902),0.879299 (0.797400 + 0.081899),0.863971 (0.782100 + 0.081871),0.877502 (0.795600 + 0.081902),0.879299 (0.797400 + 0.081899),0.877502 (0.795600 + 0.081902),0.879299 (0.797400 + 0.081899),0.877502 (0.795600 + 0.081902),0.879299 (0.797400 + 0.081899),0.879299 (0.797400 + 0.081899),0.877502 (0.795600 + 0.081902),0.877502 (0.795600 + 0.081902),0.879299 (0.797400 + 0.081899),0.877502 (0.795600 + 0.081902),0.879299 (0.797400 + 0.081899),0.879299 (0.797400 + 0.081899),0.879299 (0.797400 + 0.081899),0.879299 (0.797400 + 0.081899),0.877502 (0.795600 + 0.081902),0.877502 (0.795600 + 0.081902),0.879299 (0.797400 + 0.081899),0.879299 (0.797400 + 0.081899),0.879299 (0.797400 + 0.081899)
74,0.879299 (0.797400 + 0.081899),0.879299 (0.797400 + 0.081899),0.879299 (0.797400 + 0.081899),0.879299 (0.797400 + 0.081899),0.879299 (0.797400 + 0.081899),0.879299 (0.797400 + 0.081899),0.879299 (0.797400 + 0.081899),0.879299 (0.797400 + 0.081899),0.879299 (0.797400 + 0.081899),0.877502 (0.795600 + 0.081902),0.877502 (0.795600 + 0.081902),0.879299 (0.797400 + 0.081899),0.879299 (0.797400 + 0.081899),0.877502 (0.795600 + 0.081902),0.877502 (0.795600 + 0.081902),0.879299 (0.797400 + 0.081899),0.879299 (0.797400 + 0.081899),0.879299 (0.797400 + 0.081899),0.877502 (0.795600 + 0.081902),0.879299 (0.797400 + 0.081899),0.877502 (0.795600 + 0.081902),0.877502 (0.795600 + 0.081902),0.877502 (0.795600 + 0.081902),0.879299 (0.797400 + 0.081899),0.864096 (0.782100 + 0.081996),0.879299 (0.797400 + 0.081899),0.879299 (0.797400 + 0.081899),0.879299 (0.797400 + 0.081899),0.877502 (0.795600 + 0.081902),0.879299 (0.797400 + 0.081899),0.866730 (0.784800 + 0.081930),0.879299 (0.797400 + 0.081899),0.879299 (0.797400 + 0.081899),0.879299 (0.797400 + 0.081899),0.879299 (0.797400 + 0.081899),0.879299 (0.797400 + 0.081899),0.879299 (0.797400 + 0.081899),0.879299 (0.797400 + 0.081899),0.862943 (0.781200 + 0.081743),0.879299 (0.797400 + 0.081899),0.877502 (0.795600 + 0.081902),0.879299 (0.797400 + 0.081899),0.879299 (0.797400 + 0.081899),0.854051 (0.772200 + 0.081851),0.877502 (0.795600 + 0.081902),0.879299 (0.797400 + 0.081899),0.877502 (0.795600 + 0.081902),0.879299 (0.797400 + 0.081899),0.879299 (0.797400 + 0.081899),0.864037 (0.782100 + 0.081937),0.879299 (0.797400 + 0.081899),0.877502 (0.795600 + 0.081902),0.877502 (0.795600 + 0.081902),0.879299 (0.797400 + 0.081899),0.879299 (0.797400 + 0.081899),0.879299 (0.797400 + 0.081899),0.879299 (0.797400 + 0.081899),0.852267 (0.770400 + 0.081867),0.879299 (0.797400 + 0.081899),0.879299 (0.797400 + 0.081899),0.879299 (0.797400 + 0.081899),0.879299 (0.797400 + 0.081899),0.879299 (0.797400 + 0.081899),0.855003 (0.773100 + 0.081903),0.879299 (0.797400 + 0.081899),0.879299 (0.797400 + 0.081899),0.879299 (0.797400 + 0.081899),0.877502 (0.795600 + 0.081902),0.854081 (0.772200 + 0.081881),0.879299 (0.797400 + 0.081899),0.879299 (0.797400 + 0.081899),0.879299 (0.797400 + 0.081899),0.879299 (0.797400 + 0.081899),0.879299 (0.797400 + 0.081899),0.879299 (0.797400 + 0.081899),0.879299 (0.797400 + 0.081899),0.879299 (0.797400 + 0.081899),0.879299 (0.797400 + 0.081899),0.879299 (0.797400 + 0.081899),0.877502 (0.795600 + 0.081902),0.879299 (0.797400 + 0.081899),0.879299 (0.797400 + 0.081899),0.877502 (0.795600 + 0.081902),0.877502 (0.795600 + 0.081902),0.879299 (0.797400 + 0.081899),0.879299 (0.797400 + 0.081899),0.877502 (0.795600 + 0.081902),0.879299 (0.797400 + 0.081899),0.879299 (0.797400 + 0.081899),0.879299 (0.797400 + 0.081899),0.877502 (0.795600 + 0.081902),0.879299 (0.797400 + 0.081899),0.879299 (0.797400 + 0.081899),0.877502 (0.795600 + 0.081902),0.879299 (0.797400 + 0.081899),0.879299 (0.797400 + 0.081899),0.877502 (0.795600 + 0.081902),0.879299 (0.797400 + 0.081899),0.865720 (0.783900 + 0.081820),0.877502 (0.795600 + 0.081902)
75,0.879299 (0.797400 + 0.081899),0.879299 (0.797400 + 0.081899),0.879299 (0.797400 + 0.081899),0.879299 (0.797400 + 0.081899),0.879299 (0.797400 + 0.081899),0.879299 (0.797400 + 0.081899),0.879299 (0.797400 + 0.081899),0.879299 (0.797400 + 0.081899),0.877502 (0.795600 + 0.081902),0.879299 (0.797400 + 0.081899),0.879299 (0.797400 + 0.081899),0.879299 (0.797400 + 0.081899),0.879299 (0.797400 + 0.081899),0.879299 (0.797400 + 0.081899),0.879299 (0.797400 + 0.081899),0.879299 (0.797400 + 0.081899),0.879299 (0.797400 + 0.081899),0.879299 (0.797400 + 0.081899),0.879299 (0.797400 + 0.081899),0.864001 (0.782100 + 0.081901),0.877502 (0.795600 + 0.081902),0.879299 (0.797400 + 0.081899),0.879299 (0.797400 + 0.081899),0.877502 (0.795600 + 0.081902),0.879299 (0.797400 + 0.081899),0.879299 (0.797400 + 0.081899),0.877502 (0.795600 + 0.081902),0.879299 (0.797400 + 0.081899),0.879299 (0.797400 + 0.081899),0.879299 (0.797400 + 0.081899),0.879299 (0.797400 + 0.081899),0.879299 (0.797400 + 0.081899),0.879299 (0.797400 + 0.081899),0.879299 (0.797400 + 0.081899),0.879299 (0.797400 + 0.081899),0.879299 (0.797400 + 0.081899),0.879299 (0.797400 + 0.081899),0.879299 (0.797400 + 0.081899),0.879299 (0.797400 + 0.081899),0.879299 (0.797400 + 0.081899),0.867530 (0.785700 + 0.081830),0.879299 (0.797400 + 0.081899),0.879299 (0.797400 + 0.081899),0.879299 (0.797400 + 0.081899),0.879299 (0.797400 + 0.081899),0.877502 (0.795600 + 0.081902),0.879299 (0.797400 + 0.081899),0.866640 (0.784800 + 0.081840),0.879299 (0.797400 + 0.081899),0.879299 (0.797400 + 0.081899),0.879299 (0.797400 + 0.081899),0.879299 (0.797400 + 0.081899),0.879299 (0.797400 + 0.081899),0.879299 (0.797400 + 0.081899),0.879299 (0.797400 + 0.081899),0.879299 (0.797400 + 0.081899),0.854010 (0.772200 + 0.081810),0.879299 (0.797400 + 0.081899),0.879299 (0.797400 + 0.081899),0.879299 (0.797400 + 0.081899),0.879299 (0.797400 + 0.081899),0.879299 (0.797400 + 0.081899),0.877502 (0.795600 + 0.081902),0.879299 (0.797400 + 0.081899),0.879299 (0.797400 + 0.081899),0.879299 (0.797400 + 0.081899),0.879299 (0.797400 + 0.081899),0.879299 (0.797400 + 0.081899),0.879299 (0.797400 + 0.081899),0.858562 (0.776700 + 0.081862),0.877502 (0.795600 + 0.081902),0.879299 (0.797400 + 0.081899),0.879299 (0.797400 + 0.081899),0.879299 (0.797400 + 0.081899),0.879299 (0.797400 + 0.081899),0.879299 (0.797400 + 0.081899),0.859467 (0.777600 + 0.081867),0.879299 (0.797400 + 0.081899),0.879299 (0.797400 + 0.081899),0.879299 (0.797400 + 0.081899),0.879299 (0.797400 + 0.081899),0.879299 (0.797400 + 0.081899),0.877502 (0.795600 + 0.081902),0.879299 (0.797400 + 0.081899),0.879299 (0.797400 + 0.081899),0.865786 (0.783900 + 0.081886),0.879299 (0.797400 + 0.081899),0.879299 (0.797400 + 0.081899),0.879299 (0.797400 + 0.081899),0.879299 (0.797400 + 0.081899),0.879299 (0.797400 + 0.081899),0.879299 (0.797400 + 0.081899),0.879299 (0.797400 + 0.081899),0.879299 (0.797400 + 0.081899),0.879299 (0.797400 + 0.081899),0.879299 (0.797400 + 0.081899),0.879299 (0.797400 + 0.081899),0.868471 (0.786600 + 0.081871),0.879299 (0.797400 + 0.081899),0.864818 (0.783000 + 0.081818)
76,0.879299 (0.797400 + 0.081899),0.879299 (0.797400 + 0.081899),0.879299 (0.797400 + 0.081899),0.879299 (0.797400 + 0.081899),0.879299 (0.797400 + 0.081899),0.879299 (0.797400 + 0.081899),0.879299 (0.797400 + 0.081899),0.879299 (0.797400 + 0.081899),0.859471 (0.777600 + 0.081871),0.863230 (0.781200 + 0.082030),0.879299 (0.797400 + 0.081899),0.879299 (0.797400 + 0.081899),0.879299 (0.797400 + 0.081899),0.879299 (0.797400 + 0.081899),0.879299 (0.797400 + 0.081899),0.879299 (0.797400 + 0.081899),0.879299 (0.797400 + 0.081899),0.855032 (0.773100 + 0.081932),0.879299 (0.797400 + 0.081899),0.879299 (0.797400 + 0.081899),0.879299 (0.797400 + 0.081899),0.879299 (0.797400 + 0.081899),0.879299 (0.797400 + 0.081899),0.879299 (0.797400 + 0.081899),0.879299 (0.797400 + 0.081899),0.860096 (0.778500 + 0.081596),0.879299 (0.797400 + 0.081899),0.879299 (0.797400 + 0.081899),0.879299 (0.797400 + 0.081899),0.879299 (0.797400 + 0.081899),0.879299 (0.797400 + 0.081899),0.879299 (0.797400 + 0.081899),0.879299 (0.797400 + 0.081899),0.879299 (0.797400 + 0.081899),0.879299 (0.797400 + 0.081899),0.879299 (0.797400 + 0.081899),0.879299 (0.797400 + 0.081899),0.879299 (0.797400 + 0.081899),0.879299 (0.797400 + 0.081899),0.864071 (0.782100 + 0.081971),0.879299 (0.797400 + 0.081899),0.879299 (0.797400 + 0.081899),0.879299 (0.797400 + 0.081899),0.879299 (0.797400 + 0.081899),0.879299 (0.797400 + 0.081899),0.879299 (0.797400 + 0.081899),0.879299 (0.797400 + 0.081899),0.879299 (0.797400 + 0.081899),0.877502 (0.795600 + 0.081902),0.879299 (0.797400 + 0.081899),0.879299 (0.797400 + 0.081899),0.879299 (0.797400 + 0.081899),0.879299 (0.797400 + 0.081899),0.879299 (0.797400 + 0.081899),0.879299 (0.797400 + 0.081899),0.879299 (0.797400 + 0.081899),0.879299 (0.797400 + 0.081899),0.879299 (0.797400 + 0.081899),0.879299 (0.797400 + 0.081899),0.879299 (0.797400 + 0.081899),0.879299 (0.797400 + 0.081899),0.879299 (0.797400 + 0.081899),0.879299 (0.797400 + 0.081899),0.879299 (0.797400 + 0.081899),0.868471 (0.786600 + 0.081871),0.879299 (0.797400 + 0.081899),0.879299 (0.797400 + 0.081899),0.879299 (0.797400 + 0.081899),0.879299 (0.797400 + 0.081899),0.877502 (0.795600 + 0.081902),0.879299 (0.797400 + 0.081899),0.879299 (0.797400 + 0.081899),0.879299 (0.797400 + 0.081899),0.879299 (0.797400 + 0.081899),0.879299 (0.797400 + 0.081899),0.879299 (0.797400 + 0.081899),0.879299 (0.797400 + 0.081899),0.879299 (0.797400 + 0.081899),0.875627 (0.793800 + 0.081827),0.879299 (0.797400 + 0.081899),0.879299 (0.797400 + 0.081899),0.879299 (0.797400 + 0.081899),0.879299 (0.797400 + 0.081899),0.879299 (0.797400 + 0.081899),0.879299 (0.797400 + 0.081899),0.879299 (0.797400 + 0.081899),0.871151 (0.789300 + 0.081851),0.863140 (0.781200 + 0.081940),0.879299 (0.797400 + 0.081899),0.869304 (0.787500 + 0.081804),0.879299 (0.797400 + 0.081899),0.879299 (0.797400 + 0.081899),0.879299 (0.797400 + 0.081899),0.879299 (0.797400 + 0.081899),0.879299 (0.797400 + 0.081899),0.879299 (0.797400 + 0.081899),0.879299 (0.797400 + 0.081899),0.879299 (0.797400 + 0.081899),0.879299 (0.797400 + 0.081899),0.879299 (0.797400 + 0.081899)
77,0.879299 (0.797400 + 0.081899),0.879299 (0.797400 + 0.081899),0.879299 (0.797400 + 0.081899),0.879299 (0.797400 + 0.081899),0.879299 (0.797400 + 0.081899),0.879299 (0.797400 + 0.081899),0.879299 (0.797400 + 0.081899),0.879299 (0.797400 + 0.081899),0.879299 (0.797400 + 0.081899),0.879299 (0.797400 + 0.081899),0.879299 (0.797400 + 0.081899),0.879299 (0.797400 + 0.081899),0.879299 (0.797400 + 0.081899),0.879299 (0.797400 + 0.081899),0.879299 (0.797400 + 0.081899),0.879299 (0.797400 + 0.081899),0.879299 (0.797400 + 0.081899),0.879299 (0.797400 + 0.081899),0.879299 (0.797400 + 0.081899),0.879299 (0.797400 + 0.081899),0.879299 (0.797400 + 0.081899),0.865762 (0.783900 + 0.081862),0.879299 (0.797400 + 0.081899),0.879299 (0.797400 + 0.081899),0.879299 (0.797400 + 0.081899),0.879299 (0.797400 + 0.081899),0.879299 (0.797400 + 0.081899),0.879299 (0.797400 + 0.081899),0.879299 (0.797400 + 0.081899),0.879299 (0.797400 + 0.081899),0.879299 (0.797400 + 0.081899),0.879299 (0.797400 + 0.081899),0.879299 (0.797400 + 0.081899),0.879299 (0.797400 + 0.081899),0.879299 (0.797400 + 0.081899),0.879299 (0.797400 + 0.081899),0.879299 (0.797400 + 0.081899),0.879299 (0.797400 + 0.081899),0.879299 (0.797400 + 0.081899),0.879299 (0.797400 + 0.081899),0.879299 (0.797400 + 0.081899),0.879299 (0.797400 + 0.081899),0.860258 (0.778500 + 0.081758),0.870271 (0.788400 + 0.081871),0.879299 (0.797400 + 0.081899),0.879299 (0.797400 + 0.081899),0.879299 (0.797400 + 0.081899),0.879299 (0.797400 + 0.081899),0.879299 (0.797400 + 0.081899),0.879299 (0.797400 + 0.081899),0.873068 (0.791100 + 0.081968),0.879299 (0.797400 + 0.081899),0.879299 (0.797400 + 0.081899),0.879299 (0.797400 + 0.081899),0.879299 (0.797400 + 0.081899),0.879299 (0.797400 + 0.081899),0.879299 (0.797400 + 0.081899),0.879299 (0.797400 + 0.081899),0.879299 (0.797400 + 0.081899),0.879299 (0.797400 + 0.081899),0.879299 (0.797400 + 0.081899),0.879299 (0.797400 + 0.081899),0.879299 (0.797400 + 0.081899),0.879299 (0.797400 + 0.081899),0.879299 (0.797400 + 0.081899),0.879299 (0.797400 + 0.081899),0.879299 (0.797400 + 0.081899),0.859496 (0.777600 + 0.081896),0.879299 (0.797400 + 0.081899),0.861134 (0.779400 + 0.081734),0.879299 (0.797400 + 0.081899),0.879299 (0.797400 + 0.081899),0.879299 (0.797400 + 0.081899),0.879299 (0.797400 + 0.081899),0.879299 (0.797400 + 0.081899),0.879299 (0.797400 + 0.081899),0.879299 (0.797400 + 0.081899),0.868332 (0.786600 + 0.081732),0.864764 (0.783000 + 0.081764),0.863230 (0.781200 + 0.082030),0.879299 (0.797400 + 0.081899),0.879299 (0.797400 + 0.081899),0.879299 (0.797400 + 0.081899),0.862229 (0.780300 + 0.081929),0.879299 (0.797400 + 0.081899),0.872994 (0.791100 + 0.081894),0.872009 (0.790200 + 0.081809),0.879299 (0.797400 + 0.081899),0.879299 (0.797400 + 0.081899),0.879299 (0.797400 + 0.081899),0.853046 (0.771300 + 0.081746),0.879299 (0.797400 + 0.081899),0.879299 (0.797400 + 0.081899),0.879299 (0.797400 + 0.081899),0.879299 (0.797400 + 0.081899),0.879299 (0.797400 + 0.081899),0.879299 (0.797400 + 0.081899),0.879299 (0.797400 + 0.081899),0.879299 (0.797400 + 0.081899),0.879299 (0.797400 + 0.081899)
78,0.879299 (0.797400 + 0.081899),0.879299 (0.797400 + 0.081899),0.879299 (0.797400 + 0.081899),0.879299 (0.797400 + 0.081899),0.879299 (0.797400 + 0.081899),0.866701 (0.784800 + 0.081901),0.879299 (0.797400 + 0.081899),0.879299 (0.797400 + 0.081899),0.879299 (0.797400 + 0.081899),0.846991 (0.765000 + 0.081991),0.879299 (0.797400 + 0.081899),0.879299 (0.797400 + 0.081899),0.879299 (0.797400 + 0.081899),0.879299 (0.797400 + 0.081899),0.879299 (0.797400 + 0.081899),0.879299 (0.797400 + 0.081899),0.879299 (0.797400 + 0.081899),0.879299 (0.797400 + 0.081899),0.879299 (0.797400 + 0.081899),0.879299 (0.797400 + 0.081899),0.879299 (0.797400 + 0.081899),0.879299 (0.797400 + 0.081899),0.879299 (0.797400 + 0.081899),0.879299 (0.797400 + 0.081899),0.879299 (0.797400 + 0.081899),0.879299 (0.797400 + 0.081899),0.879299 (0.797400 + 0.081899),0.879299 (0.797400 + 0.081899),0.879299 (0.797400 + 0.081899),0.879299 (0.797400 + 0.081899),0.879299 (0.797400 + 0.081899),0.862317 (0.780300 + 0.082017),0.879299 (0.797400 + 0.081899),0.879299 (0.797400 + 0.081899),0.879299 (0.797400 + 0.081899),0.863028 (0.781200 + 0.081828),0.865739 (0.783900 + 0.081839),0.865904 (0.783900 + 0.082004),0.864965 (0.783000 + 0.081965),0.879299 (0.797400 + 0.081899),0.879299 (0.797400 + 0.081899),0.879299 (0.797400 + 0.081899),0.879299 (0.797400 + 0.081899),0.879299 (0.797400 + 0.081899),0.879299 (0.797400 + 0.081899),0.879299 (0.797400 + 0.081899),0.879299 (0.797400 + 0.081899),0.845912 (0.764100 + 0.081812),0.879299 (0.797400 + 0.081899),0.879299 (0.797400 + 0.081899),0.854970 (0.773100 + 0.081870),0.879299 (0.797400 + 0.081899),0.879299 (0.797400 + 0.081899),0.879299 (0.797400 + 0.081899),0.879299 (0.797400 + 0.081899),0.879299 (0.797400 + 0.081899),0.879299 (0.797400 + 0.081899),0.863874 (0.782100 + 0.081774),0.879299 (0.797400 + 0.081899),0.879299 (0.797400 + 0.081899),0.879299 (0.797400 + 0.081899),0.879299 (0.797400 + 0.081899),0.879299 (0.797400 + 0.081899),0.879299 (0.797400 + 0.081899),0.879299 (0.797400 + 0.081899),0.879299 (0.797400 + 0.081899),0.864766 (0.783000 + 0.081766),0.867565 (0.785700 + 0.081865),0.879299 (0.797400 + 0.081899),0.879299 (0.797400 + 0.081899),0.879299 (0.797400 + 0.081899),0.879299 (0.797400 + 0.081899),0.879299 (0.797400 + 0.081899),0.879299 (0.797400 + 0.081899),0.879299 (0.797400 + 0.081899),0.879299 (0.797400 + 0.081899),0.879299 (0.797400 + 0.081899),0.869347 (0.787500 + 0.081847),0.879299 (0.797400 + 0.081899),0.879299 (0.797400 + 0.081899),0.879299 (0.797400 + 0.081899),0.879299 (0.797400 + 0.081899),0.879299 (0.797400 + 0.081899),0.879299 (0.797400 + 0.081899),0.879299 (0.797400 + 0.081899),0.879299 (0.797400 + 0.081899),0.879299 (0.797400 + 0.081899),0.879299 (0.797400 + 0.081899),0.879299 (0.797400 + 0.081899),0.879299 (0.797400 + 0.081899),0.879299 (0.797400 + 0.081899),0.879299 (0.797400 + 0.081899),0.879299 (0.797400 + 0.081899),0.879299 (0.797400 + 0.081899),0.879299 (0.797400 + 0.081899),0.879299 (0.797400 + 0.081899),0.879299 (0.797400 + 0.081899),0.879299 (0.797400 + 0.081899),0.879299 (0.797400 + 0.081899),0.879299 (0.797400 + 0.081899)
79,0.879299 (0.797400 + 0.081899),0.879299 (0.797400 + 0.081899),0.879299 (0.797400 + 0.081899),0.879299 (0.797400 + 0.081899),0.857491 (0.775800 + 0.081691),0.879299 (0.797400 + 0.081899),0.879299 (0.797400 + 0.081899),0.879299 (0.797400 + 0.081899),0.879299 (0.797400 + 0.081899),0.879299 (0.797400 + 0.081899),0.879299 (0.797400 + 0.081899),0.879299 (0.797400 + 0.081899),0.879299 (0.797400 + 0.081899),0.879299 (0.797400 + 0.081899),0.879299 (0.797400 + 0.081899),0.879299 (0.797400 + 0.081899),0.879299 (0.797400 + 0.081899),0.879299 (0.797400 + 0.081899),0.879299 (0.797400 + 0.081899),0.879299 (0.797400 + 0.081899),0.879299 (0.797400 + 0.081899),0.858540 (0.776700 + 0.081841),0.879299 (0.797400 + 0.081899),0.879299 (0.797400 + 0.081899),0.879299 (0.797400 + 0.081899),0.879299 (0.797400 + 0.081899),0.879299 (0.797400 + 0.081899),0.879299 (0.797400 + 0.081899),0.879299 (0.797400 + 0.081899),0.879299 (0.797400 + 0.081899),0.879299 (0.797400 + 0.081899),0.879299 (0.797400 + 0.081899),0.879299 (0.797400 + 0.081899),0.879299 (0.797400 + 0.081899),0.879299 (0.797400 + 0.081899),0.879299 (0.797400 + 0.081899),0.879299 (0.797400 + 0.081899),0.879299 (0.797400 + 0.081899),0.879299 (0.797400 + 0.081899),0.863817 (0.782100 + 0.081717),0.864942 (0.783000 + 0.081942),0.879299 (0.797400 + 0.081899),0.850504 (0.768600 + 0.081904),0.879299 (0.797400 + 0.081899),0.879299 (0.797400 + 0.081899),0.857606 (0.775800 + 0.081806),0.879299 (0.797400 + 0.081899),0.879299 (0.797400 + 0.081899),0.879299 (0.797400 + 0.081899),0.879299 (0.797400 + 0.081899),0.879299 (0.797400 + 0.081899),0.879299 (0.797400 + 0.081899),0.879299 (0.797400 + 0.081899),0.879299 (0.797400 + 0.081899),0.879299 (0.797400 + 0.081899),0.879299 (0.797400 + 0.081899),0.879299 (0.797400 + 0.081899),0.879299 (0.797400 + 0.081899),0.879299 (0.797400 + 0.081899),0.879299 (0.797400 + 0.081899),0.879299 (0.797400 + 0.081899),0.846885 (0.765000 + 0.081885),0.879299 (0.797400 + 0.081899),0.879299 (0.797400 + 0.081899),0.879299 (0.797400 + 0.081899),0.879299 (0.797400 + 0.081899),0.879299 (0.797400 + 0.081899),0.879299 (0.797400 + 0.081899),0.879299 (0.797400 + 0.081899),0.879299 (0.797400 + 0.081899),0.879299 (0.797400 + 0.081899),0.862144 (0.780300 + 0.081844),0.879299 (0.797400 + 0.081899),0.879299 (0.797400 + 0.081899),0.879299 (0.797400 + 0.081899),0.879299 (0.797400 + 0.081899),0.879299 (0.797400 + 0.081899),0.879299 (0.797400 + 0.081899),0.879299 (0.797400 + 0.081899),0.879299 (0.797400 + 0.081899),0.879299 (0.797400 + 0.081899),0.879299 (0.797400 + 0.081899),0.879299 (0.797400 + 0.081899),0.879299 (0.797400 + 0.081899),0.879299 (0.797400 + 0.081899),0.879299 (0.797400 + 0.081899),0.879299 (0.797400 + 0.081899),0.879299 (0.797400 + 0.081899),0.879299 (0.797400 + 0.081899),0.879299 (0.797400 + 0.081899),0.879299 (0.797400 + 0.081899),0.870212 (0.788400 + 0.081812),0.879299 (0.797400 + 0.081899),0.879299 (0.797400 + 0.081899),0.879299 (0.797400 + 0.081899),0.879299 (0.797400 + 0.081899),0.879299 (0.797400 + 0.081899),0.879299 (0.797400 + 0.081899),0.859262 (0.777600 + 0.081662),0.879299 (0.797400 + 0.081899)
80,0.879299 (0.797400 + 0.081899),0.879299 (0.797400 + 0.081899),0.879299 (0.797400 + 0.081899),0.879299 (0.797400 + 0.081899),0.879299 (0.797400 + 0.081899),0.879299 (0.797400 + 0.081899),0.879299 (0.797400 + 0.081899),0.879299 (0.797400 + 0.081899),0.855711 (0.774000 + 0.081711),0.879299 (0.797400 + 0.081899),0.879299 (0.797400 + 0.081899),0.879299 (0.797400 + 0.081899),0.879299 (0.797400 + 0.081899),0.879299 (0.797400 + 0.081899),0.879299 (0.797400 + 0.081899),0.879299 (0.797400 + 0.081899),0.879299 (0.797400 + 0.081899),0.879299 (0.797400 + 0.081899),0.879299 (0.797400 + 0.081899),0.879299 (0.797400 + 0.081899),0.879299 (0.797400 + 0.081899),0.879299 (0.797400 + 0.081899),0.879299 (0.797400 + 0.081899),0.879299 (0.797400 + 0.081899),0.879299 (0.797400 + 0.081899),0.879299 (0.797400 + 0.081899),0.879299 (0.797400 + 0.081899),0.866661 (0.784800 + 0.081861),0.879299 (0.797400 + 0.081899),0.879299 (0.797400 + 0.081899),0.879299 (0.797400 + 0.081899),0.879299 (0.797400 + 0.081899),0.862083 (0.780300 + 0.081783),0.879299 (0.797400 + 0.081899),0.867370 (0.785700 + 0.081670),0.879299 (0.797400 + 0.081899),0.879299 (0.797400 + 0.081899),0.879299 (0.797400 + 0.081899),0.879299 (0.797400 + 0.081899),0.879299 (0.797400 + 0.081899),0.879299 (0.797400 + 0.081899),0.879299 (0.797400 + 0.081899),0.879299 (0.797400 + 0.081899),0.879299 (0.797400 + 0.081899),0.879299 (0.797400 + 0.081899),0.879299 (0.797400 + 0.081899),0.879299 (0.797400 + 0.081899),0.879299 (0.797400 + 0.081899),0.879299 (0.797400 + 0.081899),0.879299 (0.797400 + 0.081899),0.879299 (0.797400 + 0.081899),0.879299 (0.797400 + 0.081899),0.879299 (0.797400 + 0.081899),0.879299 (0.797400 + 0.081899),0.861219 (0.779400 + 0.081819),0.879299 (0.797400 + 0.081899),0.879299 (0.797400 + 0.081899),0.879299 (0.797400 + 0.081899),0.879299 (0.797400 + 0.081899),0.879299 (0.797400 + 0.081899),0.879299 (0.797400 + 0.081899),0.858444 (0.776700 + 0.081744),0.879299 (0.797400 + 0.081899),0.879299 (0.797400 + 0.081899),0.879299 (0.797400 + 0.081899),0.879299 (0.797400 + 0.081899),0.879299 (0.797400 + 0.081899),0.879299 (0.797400 + 0.081899),0.879299 (0.797400 + 0.081899),0.879299 (0.797400 + 0.081899),0.879299 (0.797400 + 0.081899),0.856617 (0.774900 + 0.081717),0.879299 (0.797400 + 0.081899),0.879299 (0.797400 + 0.081899),0.870222 (0.788400 + 0.081822),0.879299 (0.797400 + 0.081899),0.879299 (0.797400 + 0.081899),0.867591 (0.785700 + 0.081891),0.863915 (0.782100 + 0.081815),0.879299 (0.797400 + 0.081899),0.879299 (0.797400 + 0.081899),0.879299 (0.797400 + 0.081899),0.879299 (0.797400 + 0.081899),0.879299 (0.797400 + 0.081899),0.879299 (0.797400 + 0.081899),0.879299 (0.797400 + 0.081899),0.879299 (0.797400 + 0.081899),0.879299 (0.797400 + 0.081899),0.879299 (0.797400 + 0.081899),0.879299 (0.797400 + 0.081899),0.879299 (0.797400 + 0.081899),0.879299 (0.797400 + 0.081899),0.879299 (0.797400 + 0.081899),0.879299 (0.797400 + 0.081899),0.857685 (0.775800 + 0.081885),0.879299 (0.797400 + 0.081899),0.879299 (0.797400 + 0.081899),0.879299 (0.797400 + 0.081899),0.863963 (0.782100 + 0.081863),0.879299 (0.797400 + 0.081899)
81,0.879299 (0.797400 + 0.081899),0.879299 (0.797400 + 0.081899),0.879299 (0.797400 + 0.081899),0.869282 (0.787500 + 0.081782),0.874840 (0.792900 + 0.081940),0.879299 (0.797400 + 0.081899),0.879299 (0.797400 + 0.081899),0.879299 (0.797400 + 0.081899),0.879299 (0.797400 + 0.081899),0.879299 (0.797400 + 0.081899),0.854107 (0.772200 + 0.081907),0.879299 (0.797400 + 0.081899),0.879299 (0.797400 + 0.081899),0.879299 (0.797400 + 0.081899),0.879299 (0.797400 + 0.081899),0.879299 (0.797400 + 0.081899),0.879299 (0.797400 + 0.081899),0.864901 (0.783000 + 0.081901),0.879299 (0.797400 + 0.081899),0.877443 (0.795600 + 0.081843),0.879299 (0.797400 + 0.081899),0.879299 (0.797400 + 0.081899),0.879299 (0.797400 + 0.081899),0.879299 (0.797400 + 0.081899),0.879299 (0.797400 + 0.081899),0.879299 (0.797400 + 0.081899),0.879299 (0.797400 + 0.081899),0.879299 (0.797400 + 0.081899),0.879299 (0.797400 + 0.081899),0.879299 (0.797400 + 0.081899),0.879299 (0.797400 + 0.081899),0.879299 (0.797400 + 0.081899),0.879299 (0.797400 + 0.081899),0.879299 (0.797400 + 0.081899),0.879299 (0.797400 + 0.081899),0.879299 (0.797400 + 0.081899),0.862282 (0.780300 + 0.081982),0.879299 (0.797400 + 0.081899),0.879299 (0.797400 + 0.081899),0.879299 (0.797400 + 0.081899),0.865838 (0.783900 + 0.081938),0.879299 (0.797400 + 0.081899),0.879299 (0.797400 + 0.081899),0.879299 (0.797400 + 0.081899),0.879299 (0.797400 + 0.081899),0.879299 (0.797400 + 0.081899),0.879299 (0.797400 + 0.081899),0.879299 (0.797400 + 0.081899),0.879299 (0.797400 + 0.081899),0.879299 (0.797400 + 0.081899),0.879299 (0.797400 + 0.081899),0.865829 (0.783900 + 0.081929),0.867534 (0.785700 + 0.081834),0.879299 (0.797400 + 0.081899),0.879299 (0.797400 + 0.081899),0.879299 (0.797400 + 0.081899),0.879299 (0.797400 + 0.081899),0.879299 (0.797400 + 0.081899),0.879299 (0.797400 + 0.081899),0.879299 (0.797400 + 0.081899),0.879299 (0.797400 + 0.081899),0.879299 (0.797400 + 0.081899),0.879299 (0.797400 + 0.081899),0.879299 (0.797400 + 0.081899),0.879299 (0.797400 + 0.081899),0.867604 (0.785700 + 0.081904),0.879299 (0.797400 + 0.081899),0.879299 (0.797400 + 0.081899),0.879299 (0.797400 + 0.081899),0.879299 (0.797400 + 0.081899),0.879299 (0.797400 + 0.081899),0.879299 (0.797400 + 0.081899),0.864777 (0.783000 + 0.081777),0.879299 (0.797400 + 0.081899),0.856769 (0.774900 + 0.081869),0.879299 (0.797400 + 0.081899),0.861268 (0.779400 + 0.081868),0.879299 (0.797400 + 0.081899),0.879299 (0.797400 + 0.081899),0.879299 (0.797400 + 0.081899),0.879299 (0.797400 + 0.081899),0.879299 (0.797400 + 0.081899),0.879299 (0.797400 + 0.081899),0.879299 (0.797400 + 0.081899),0.879299 (0.797400 + 0.081899),0.859409 (0.777600 + 0.081809),0.862215 (0.780300 + 0.081915),0.879299 (0.797400 + 0.081899),0.879299 (0.797400 + 0.081899),0.879299 (0.797400 + 0.081899),0.879299 (0.797400 + 0.081899),0.879299 (0.797400 + 0.081899),0.879299 (0.797400 + 0.081899),0.866723 (0.784800 + 0.081923),0.879299 (0.797400 + 0.081899),0.879299 (0.797400 + 0.081899),0.879299 (0.797400 + 0.081899),0.879299 (0.797400 + 0.081899),0.879299 (0.797400 + 0.081899),0.879299 (0.797400 + 0.081899)
82,0.879299 (0.797400 + 0.081899),0.879299 (0.797400 + 0.081899),0.879299 (0.797400 + 0.081899),0.874753 (0.792900 + 0.081853),0.871189 (0.789300 + 0.081889),0.879299 (0.797400 + 0.081899),0.879299 (0.797400 + 0.081899),0.879299 (0.797400 + 0.081899),0.879299 (0.797400 + 0.081899),0.879299 (0.797400 + 0.081899),0.879299 (0.797400 + 0.081899),0.879299 (0.797400 + 0.081899),0.879299 (0.797400 + 0.081899),0.879299 (0.797400 + 0.081899),0.879299 (0.797400 + 0.081899),0.879299 (0.797400 + 0.081899),0.879299 (0.797400 + 0.081899),0.879299 (0.797400 + 0.081899),0.879299 (0.797400 + 0.081899),0.879299 (0.797400 + 0.081899),0.879299 (0.797400 + 0.081899),0.879299 (0.797400 + 0.081899),0.879299 (0.797400 + 0.081899),0.879299 (0.797400 + 0.081899),0.879299 (0.797400 + 0.081899),0.879299 (0.797400 + 0.081899),0.879299 (0.797400 + 0.081899),0.879299 (0.797400 + 0.081899),0.866698 (0.784800 + 0.081898),0.879299 (0.797400 + 0.081899),0.879299 (0.797400 + 0.081899),0.879299 (0.797400 + 0.081899),0.859280 (0.777600 + 0.081680),0.879299 (0.797400 + 0.081899),0.879299 (0.797400 + 0.081899),0.879299 (0.797400 + 0.081899),0.879299 (0.797400 + 0.081899),0.879299 (0.797400 + 0.081899),0.879299 (0.797400 + 0.081899),0.879299 (0.797400 + 0.081899),0.879299 (0.797400 + 0.081899),0.879299 (0.797400 + 0.081899),0.879299 (0.797400 + 0.081899),0.879299 (0.797400 + 0.081899),0.879299 (0.797400 + 0.081899),0.879299 (0.797400 + 0.081899),0.879299 (0.797400 + 0.081899),0.863107 (0.781200 + 0.081907),0.879299 (0.797400 + 0.081899),0.879299 (0.797400 + 0.081899),0.879299 (0.797400 + 0.081899),0.879299 (0.797400 + 0.081899),0.865838 (0.783900 + 0.081938),0.879299 (0.797400 + 0.081899),0.879299 (0.797400 + 0.081899),0.879299 (0.797400 + 0.081899),0.879299 (0.797400 + 0.081899),0.859453 (0.777600 + 0.081853),0.879299 (0.797400 + 0.081899),0.879299 (0.797400 + 0.081899),0.879299 (0.797400 + 0.081899),0.879299 (0.797400 + 0.081899),0.879299 (0.797400 + 0.081899),0.873920 (0.792000 + 0.081920),0.864003 (0.782100 + 0.081903),0.879299 (0.797400 + 0.081899),0.879299 (0.797400 + 0.081899),0.879299 (0.797400 + 0.081899),0.879299 (0.797400 + 0.081899),0.862088 (0.780300 + 0.081788),0.861955 (0.780300 + 0.081655),0.879299 (0.797400 + 0.081899),0.879299 (0.797400 + 0.081899),0.879299 (0.797400 + 0.081899),0.879299 (0.797400 + 0.081899),0.879299 (0.797400 + 0.081899),0.879299 (0.797400 + 0.081899),0.879299 (0.797400 + 0.081899),0.879299 (0.797400 + 0.081899),0.879299 (0.797400 + 0.081899),0.879299 (0.797400 + 0.081899),0.879299 (0.797400 + 0.081899),0.879299 (0.797400 + 0.081899),0.879299 (0.797400 + 0.081899),0.862857 (0.781200 + 0.081658),0.879299 (0.797400 + 0.081899),0.879299 (0.797400 + 0.081899),0.843136 (0.761400 + 0.081736),0.868582 (0.786600 + 0.081982),0.879299 (0.797400 + 0.081899),0.879299 (0.797400 + 0.081899),0.879299 (0.797400 + 0.081899),0.879299 (0.797400 + 0.081899),0.879299 (0.797400 + 0.081899),0.879299 (0.797400 + 0.081899),0.859402 (0.777600 + 0.081802),0.879299 (0.797400 + 0.081899),0.879299 (0.797400 + 0.081899),0.849600 (0.767700 + 0.081900),0.879299 (0.797400 + 0.081899)
83,0.879299 (0.797400 + 0.081899),0.879299 (0.797400 + 0.081899),0.879299 (0.797400 + 0.081899),0.879299 (0.797400 + 0.081899),0.879299 (0.797400 + 0.081899),0.879299 (0.797400 + 0.081899),0.879299 (0.797400 + 0.081899),0.879299 (0.797400 + 0.081899),0.879299 (0.797400 + 0.081899),0.879299 (0.797400 + 0.081899),0.879299 (0.797400 + 0.081899),0.879299 (0.797400 + 0.081899),0.879299 (0.797400 + 0.081899),0.879299 (0.797400 + 0.081899),0.879299 (0.797400 + 0.081899),0.879299 (0.797400 + 0.081899),0.857538 (0.775800 + 0.081738),0.879299 (0.797400 + 0.081899),0.879299 (0.797400 + 0.081899),0.879299 (0.797400 + 0.081899),0.879299 (0.797400 + 0.081899),0.879299 (0.797400 + 0.081899),0.879299 (0.797400 + 0.081899),0.879299 (0.797400 + 0.081899),0.879299 (0.797400 + 0.081899),0.879299 (0.797400 + 0.081899),0.879299 (0.797400 + 0.081899),0.879299 (0.797400 + 0.081899),0.864898 (0.783000 + 0.081898),0.879299 (0.797400 + 0.081899),0.879299 (0.797400 + 0.081899),0.879299 (0.797400 + 0.081899),0.870085 (0.788400 + 0.081685),0.879299 (0.797400 + 0.081899),0.879299 (0.797400 + 0.081899),0.879299 (0.797400 + 0.081899),0.879299 (0.797400 + 0.081899),0.879299 (0.797400 + 0.081899),0.879299 (0.797400 + 0.081899),0.879299 (0.797400 + 0.081899),0.879299 (0.797400 + 0.081899),0.879299 (0.797400 + 0.081899),0.879299 (0.797400 + 0.081899),0.879299 (0.797400 + 0.081899),0.859445 (0.777600 + 0.081845),0.879299 (0.797400 + 0.081899),0.879299 (0.797400 + 0.081899),0.879299 (0.797400 + 0.081899),0.879299 (0.797400 + 0.081899),0.879299 (0.797400 + 0.081899),0.879299 (0.797400 + 0.081899),0.879299 (0.797400 + 0.081899),0.879299 (0.797400 + 0.081899),0.879299 (0.797400 + 0.081899),0.873920 (0.792000 + 0.081920),0.879299 (0.797400 + 0.081899),0.860411 (0.778500 + 0.081911),0.879299 (0.797400 + 0.081899),0.879299 (0.797400 + 0.081899),0.879299 (0.797400 + 0.081899),0.879299 (0.797400 + 0.081899),0.879299 (0.797400 + 0.081899),0.879299 (0.797400 + 0.081899),0.879299 (0.797400 + 0.081899),0.879299 (0.797400 + 0.081899),0.879299 (0.797400 + 0.081899),0.879299 (0.797400 + 0.081899),0.879299 (0.797400 + 0.081899),0.879299 (0.797400 + 0.081899),0.879299 (0.797400 + 0.081899),0.879299 (0.797400 + 0.081899),0.879299 (0.797400 + 0.081899),0.879299 (0.797400 + 0.081899),0.879299 (0.797400 + 0.081899),0.879299 (0.797400 + 0.081899),0.879299 (0.797400 + 0.081899),0.879299 (0.797400 + 0.081899),0.879299 (0.797400 + 0.081899),0.879299 (0.797400 + 0.081899),0.868452 (0.786600 + 0.081852),0.879299 (0.797400 + 0.081899),0.879299 (0.797400 + 0.081899),0.879299 (0.797400 + 0.081899),0.879299 (0.797400 + 0.081899),0.879299 (0.797400 + 0.081899),0.879299 (0.797400 + 0.081899),0.879299 (0.797400 + 0.081899),0.879299 (0.797400 + 0.081899),0.879299 (0.797400 + 0.081899),0.879299 (0.797400 + 0.081899),0.879299 (0.797400 + 0.081899),0.879299 (0.797400 + 0.081899),0.879299 (0.797400 + 0.081899),0.867567 (0.785700 + 0.081867),0.879299 (0.797400 + 0.081899),0.879299 (0.797400 + 0.081899),0.879299 (0.797400 + 0.081899),0.879299 (0.797400 + 0.081899),0.879299 (0.797400 + 0.081899),0.879299 (0.797400 + 0.081899)
84,0.879299 (0.797400 + 0.081899),0.879299 (0.797400 + 0.081899),0.879299 (0.797400 + 0.081899),0.879299 (0.797400 + 0.081899),0.879299 (0.797400 + 0.081899),0.879299 (0.797400 + 0.081899),0.879299 (0.797400 + 0.081899),0.879299 (0.797400 + 0.081899),0.879299 (0.797400 + 0.081899),0.879299 (0.797400 + 0.081899),0.879299 (0.797400 + 0.081899),0.879299 (0.797400 + 0.081899),0.861294 (0.779400 + 0.081894),0.879299 (0.797400 + 0.081899),0.879299 (0.797400 + 0.081899),0.868565 (0.786600 + 0.081965),0.879299 (0.797400 + 0.081899),0.879299 (0.797400 + 0.081899),0.879299 (0.797400 + 0.081899),0.879299 (0.797400 + 0.081899),0.879299 (0.797400 + 0.081899),0.879299 (0.797400 + 0.081899),0.870085 (0.788400 + 0.081685),0.879299 (0.797400 + 0.081899),0.879299 (0.797400 + 0.081899),0.879299 (0.797400 + 0.081899),0.855758 (0.774000 + 0.081758),0.879299 (0.797400 + 0.081899),0.879299 (0.797400 + 0.081899),0.879299 (0.797400 + 0.081899),0.859314 (0.777600 + 0.081714),0.879299 (0.797400 + 0.081899),0.879299 (0.797400 + 0.081899),0.879299 (0.797400 + 0.081899),0.879299 (0.797400 + 0.081899),0.879299 (0.797400 + 0.081899),0.867544 (0.785700 + 0.081844),0.879299 (0.797400 + 0.081899),0.879299 (0.797400 + 0.081899),0.879299 (0.797400 + 0.081899),0.879299 (0.797400 + 0.081899),0.879299 (0.797400 + 0.081899),0.879299 (0.797400 + 0.081899),0.879299 (0.797400 + 0.081899),0.868593 (0.786600 + 0.081993),0.879299 (0.797400 + 0.081899),0.865719 (0.783900 + 0.081819),0.879299 (0.797400 + 0.081899),0.879299 (0.797400 + 0.081899),0.879299 (0.797400 + 0.081899),0.879299 (0.797400 + 0.081899),0.879299 (0.797400 + 0.081899),0.879299 (0.797400 + 0.081899),0.879299 (0.797400 + 0.081899),0.879299 (0.797400 + 0.081899),0.879299 (0.797400 + 0.081899),0.879299 (0.797400 + 0.081899),0.879299 (0.797400 + 0.081899),0.879299 (0.797400 + 0.081899),0.879299 (0.797400 + 0.081899),0.879299 (0.797400 + 0.081899),0.879299 (0.797400 + 0.081899),0.870200 (0.788400 + 0.081800),0.879299 (0.797400 + 0.081899),0.852245 (0.770400 + 0.081845),0.879299 (0.797400 + 0.081899),0.879299 (0.797400 + 0.081899),0.879299 (0.797400 + 0.081899),0.879299 (0.797400 + 0.081899),0.879299 (0.797400 + 0.081899),0.879299 (0.797400 + 0.081899),0.879299 (0.797400 + 0.081899),0.856767 (0.774900 + 0.081867),0.879299 (0.797400 + 0.081899),0.879299 (0.797400 + 0.081899),0.872087 (0.790200 + 0.081887),0.879299 (0.797400 + 0.081899),0.863253 (0.781200 + 0.082053),0.879299 (0.797400 + 0.081899),0.879299 (0.797400 + 0.081899),0.879299 (0.797400 + 0.081899),0.879299 (0.797400 + 0.081899),0.879299 (0.797400 + 0.081899),0.879299 (0.797400 + 0.081899),0.879299 (0.797400 + 0.081899),0.879299 (0.797400 + 0.081899),0.879299 (0.797400 + 0.081899),0.879299 (0.797400 + 0.081899),0.879299 (0.797400 + 0.081899),0.879299 (0.797400 + 0.081899),0.879299 (0.797400 + 0.081899),0.879299 (0.797400 + 0.081899),0.879299 (0.797400 + 0.081899),0.879299 (0.797400 + 0.081899),0.879299 (0.797400 + 0.081899),0.879299 (0.797400 + 0.081899),0.879299 (0.797400 + 0.081899),0.879299 (0.797400 + 0.081899),0.879299 (0.797400 + 0.081899),0.879299 (0.797400 + 0.081899)
85,0.879299 (0.797400 + 0.081899),0.879299 (0.797400 + 0.081899),0.879299 (0.797400 + 0.081899),0.879299 (0.797400 + 0.081899),0.864008 (0.782100 + 0.081908),0.879299 (0.797400 + 0.081899),0.879299 (0.797400 + 0.081899),0.879299 (0.797400 + 0.081899),0.879299 (0.797400 + 0.081899),0.879299 (0.797400 + 0.081899),0.879299 (0.797400 + 0.081899),0.879299 (0.797400 + 0.081899),0.879299 (0.797400 + 0.081899),0.879299 (0.797400 + 0.081899),0.879299 (0.797400 + 0.081899),0.879299 (0.797400 + 0.081899),0.879299 (0.797400 + 0.081899),0.879299 (0.797400 + 0.081899),0.879299 (0.797400 + 0.081899),0.879299 (0.797400 + 0.081899),0.879299 (0.797400 + 0.081899),0.879299 (0.797400 + 0.081899),0.879299 (0.797400 + 0.081899),0.879299 (0.797400 + 0.081899),0.879299 (0.797400 + 0.081899),0.879299 (0.797400 + 0.081899),0.879299 (0.797400 + 0.081899),0.879299 (0.797400 + 0.081899),0.879299 (0.797400 + 0.081899),0.879299 (0.797400 + 0.081899),0.879299 (0.797400 + 0.081899),0.879299 (0.797400 + 0.081899),0.871067 (0.789300 + 0.081767),0.879299 (0.797400 + 0.081899),0.879299 (0.797400 + 0.081899),0.852321 (0.770400 + 0.081921),0.879299 (0.797400 + 0.081899),0.879299 (0.797400 + 0.081899),0.879299 (0.797400 + 0.081899),0.879299 (0.797400 + 0.081899),0.879299 (0.797400 + 0.081899),0.879299 (0.797400 + 0.081899),0.879299 (0.797400 + 0.081899),0.879299 (0.797400 + 0.081899),0.879299 (0.797400 + 0.081899),0.879299 (0.797400 + 0.081899),0.879299 (0.797400 + 0.081899),0.855877 (0.774000 + 0.081877),0.879299 (0.797400 + 0.081899),0.879299 (0.797400 + 0.081899),0.879299 (0.797400 + 0.081899),0.879299 (0.797400 + 0.081899),0.879299 (0.797400 + 0.081899),0.879299 (0.797400 + 0.081899),0.879299 (0.797400 + 0.081899),0.879299 (0.797400 + 0.081899),0.879299 (0.797400 + 0.081899),0.862954 (0.781200 + 0.081754),0.854930 (0.773100 + 0.081830),0.879299 (0.797400 + 0.081899),0.879299 (0.797400 + 0.081899),0.862327 (0.780300 + 0.082027),0.879299 (0.797400 + 0.081899),0.879299 (0.797400 + 0.081899),0.879299 (0.797400 + 0.081899),0.857700 (0.775800 + 0.081900),0.879299 (0.797400 + 0.081899),0.879299 (0.797400 + 0.081899),0.879299 (0.797400 + 0.081899),0.879299 (0.797400 + 0.081899),0.879299 (0.797400 + 0.081899),0.879299 (0.797400 + 0.081899),0.879299 (0.797400 + 0.081899),0.879299 (0.797400 + 0.081899),0.879299 (0.797400 + 0.081899),0.879299 (0.797400 + 0.081899),0.879299 (0.797400 + 0.081899),0.879299 (0.797400 + 0.081899),0.879299 (0.797400 + 0.081899),0.879299 (0.797400 + 0.081899),0.879299 (0.797400 + 0.081899),0.869280 (0.787500 + 0.081781),0.879299 (0.797400 + 0.081899),0.879299 (0.797400 + 0.081899),0.879299 (0.797400 + 0.081899),0.879299 (0.797400 + 0.081899),0.879299 (0.797400 + 0.081899),0.879299 (0.797400 + 0.081899),0.879299 (0.797400 + 0.081899),0.879299 (0.797400 + 0.081899),0.879299 (0.797400 + 0.081899),0.879299 (0.797400 + 0.081899),0.879299 (0.797400 + 0.081899),0.879299 (0.797400 + 0.081899),0.879299 (0.797400 + 0.081899),0.879299 (0.797400 + 0.081899),0.879299 (0.797400 + 0.081899),0.879299 (0.797400 + 0.081899),0.879299 (0.797400 + 0.081899),0.879299 (0.797400 + 0.081899)
86,0.879299 (0.797400 + 0.081899),0.879299 (0.797400 + 0.081899),0.879299 (0.797400 + 0.081899),0.879299 (0.797400 + 0.081899),0.879299 (0.797400 + 0.081899),0.879299 (0.797400 + 0.081899),0.879299 (0.797400 + 0.081899),0.879299 (0.797400 + 0.081899),0.879299 (0.797400 + 0.081899),0.879299 (0.797400 + 0.081899),0.879299 (0.797400 + 0.081899),0.879299 (0.797400 + 0.081899),0.879299 (0.797400 + 0.081899),0.879299 (0.797400 + 0.081899),0.879299 (0.797400 + 0.081899),0.879299 (0.797400 + 0.081899),0.879299 (0.797400 + 0.081899),0.879299 (0.797400 + 0.081899),0.879299 (0.797400 + 0.081899),0.879299 (0.797400 + 0.081899),0.879299 (0.797400 + 0.081899),0.879299 (0.797400 + 0.081899),0.879299 (0.797400 + 0.081899),0.852132 (0.770400 + 0.081732),0.863975 (0.782100 + 0.081875),0.879299 (0.797400 + 0.081899),0.879299 (0.797400 + 0.081899),0.879299 (0.797400 + 0.081899),0.879299 (0.797400 + 0.081899),0.879299 (0.797400 + 0.081899),0.879299 (0.797400 + 0.081899),0.879299 (0.797400 + 0.081899),0.879299 (0.797400 + 0.081899),0.879299 (0.797400 + 0.081899),0.879299 (0.797400 + 0.081899),0.879299 (0.797400 + 0.081899),0.879299 (0.797400 + 0.081899),0.879299 (0.797400 + 0.081899),0.879299 (0.797400 + 0.081899),0.868464 (0.786600 + 0.081864),0.879299 (0.797400 + 0.081899),0.879299 (0.797400 + 0.081899),0.879299 (0.797400 + 0.081899),0.879299 (0.797400 + 0.081899),0.879299 (0.797400 + 0.081899),0.879299 (0.797400 + 0.081899),0.879299 (0.797400 + 0.081899),0.879299 (0.797400 + 0.081899),0.879299 (0.797400 + 0.081899),0.879299 (0.797400 + 0.081899),0.879299 (0.797400 + 0.081899),0.879299 (0.797400 + 0.081899),0.879299 (0.797400 + 0.081899),0.879299 (0.797400 + 0.081899),0.879299 (0.797400 + 0.081899),0.879299 (0.797400 + 0.081899),0.879299 (0.797400 + 0.081899),0.868533 (0.786600 + 0.081933),0.863162 (0.781200 + 0.081962),0.879299 (0.797400 + 0.081899),0.862109 (0.780300 + 0.081809),0.879299 (0.797400 + 0.081899),0.879299 (0.797400 + 0.081899),0.879299 (0.797400 + 0.081899),0.879299 (0.797400 + 0.081899),0.879299 (0.797400 + 0.081899),0.879299 (0.797400 + 0.081899),0.859376 (0.777600 + 0.081776),0.879299 (0.797400 + 0.081899),0.870144 (0.788400 + 0.081744),0.879299 (0.797400 + 0.081899),0.879299 (0.797400 + 0.081899),0.879299 (0.797400 + 0.081899),0.879299 (0.797400 + 0.081899),0.879299 (0.797400 + 0.081899),0.861248 (0.779400 + 0.081848),0.879299 (0.797400 + 0.081899),0.879299 (0.797400 + 0.081899),0.879299 (0.797400 + 0.081899),0.863904 (0.782100 + 0.081804),0.879299 (0.797400 + 0.081899),0.879299 (0.797400 + 0.081899),0.879299 (0.797400 + 0.081899),0.879299 (0.797400 + 0.081899),0.868490 (0.786600 + 0.081890),0.879299 (0.797400 + 0.081899),0.879299 (0.797400 + 0.081899),0.879299 (0.797400 + 0.081899),0.879299 (0.797400 + 0.081899),0.879299 (0.797400 + 0.081899),0.879299 (0.797400 + 0.081899),0.879299 (0.797400 + 0.081899),0.879299 (0.797400 + 0.081899),0.879299 (0.797400 + 0.081899),0.879299 (0.797400 + 0.081899),0.879299 (0.797400 + 0.081899),0.879299 (0.797400 + 0.081899),0.879299 (0.797400 + 0.081899),0.879299 (0.797400 + 0.081899),0.879299 (0.797400 + 0.081899)
87,0.879299 (0.797400 + 0.081899),0.879299 (0.797400 + 0.081899),0.879299 (0.797400 + 0.081899),0.879299 (0.797400 + 0.081899),0.879299 (0.797400 + 0.081899),0.879299 (0.797400 + 0.081899),0.879299 (0.797400 + 0.081899),0.879299 (0.797400 + 0.081899),0.879299 (0.797400 + 0.081899),0.879299 (0.797400 + 0.081899),0.879299 (0.797400 + 0.081899),0.879299 (0.797400 + 0.081899),0.879299 (0.797400 + 0.081899),0.858584 (0.776700 + 0.081884),0.879299 (0.797400 + 0.081899),0.879299 (0.797400 + 0.081899),0.879299 (0.797400 + 0.081899),0.866710 (0.784800 + 0.081910),0.879299 (0.797400 + 0.081899),0.879299 (0.797400 + 0.081899),0.879299 (0.797400 + 0.081899),0.879299 (0.797400 + 0.081899),0.879299 (0.797400 + 0.081899),0.879299 (0.797400 + 0.081899),0.879299 (0.797400 + 0.081899),0.879299 (0.797400 + 0.081899),0.879299 (0.797400 + 0.081899),0.879299 (0.797400 + 0.081899),0.879299 (0.797400 + 0.081899),0.879299 (0.797400 + 0.081899),0.879299 (0.797400 + 0.081899),0.856875 (0.774900 + 0.081975),0.879299 (0.797400 + 0.081899),0.879299 (0.797400 + 0.081899),0.879299 (0.797400 + 0.081899),0.879299 (0.797400 + 0.081899),0.879299 (0.797400 + 0.081899),0.865770 (0.783900 + 0.081870),0.879299 (0.797400 + 0.081899),0.879299 (0.797400 + 0.081899),0.879299 (0.797400 + 0.081899),0.879299 (0.797400 + 0.081899),0.879299 (0.797400 + 0.081899),0.879299 (0.797400 + 0.081899),0.879299 (0.797400 + 0.081899),0.879299 (0.797400 + 0.081899),0.879299 (0.797400 + 0.081899),0.879299 (0.797400 + 0.081899),0.879299 (0.797400 + 0.081899),0.879299 (0.797400 + 0.081899),0.879289 (0.797400 + 0.081889),0.879299 (0.797400 + 0.081899),0.879299 (0.797400 + 0.081899),0.879299 (0.797400 + 0.081899),0.879299 (0.797400 + 0.081899),0.879299 (0.797400 + 0.081899),0.879299 (0.797400 + 0.081899),0.879299 (0.797400 + 0.081899),0.856686 (0.774900 + 0.081786),0.879299 (0.797400 + 0.081899),0.879299 (0.797400 + 0.081899),0.879299 (0.797400 + 0.081899),0.867652 (0.785700 + 0.081952),0.879299 (0.797400 + 0.081899),0.879299 (0.797400 + 0.081899),0.879299 (0.797400 + 0.081899),0.871060 (0.789300 + 0.081760),0.879299 (0.797400 + 0.081899),0.879299 (0.797400 + 0.081899),0.879299 (0.797400 + 0.081899),0.879299 (0.797400 + 0.081899),0.879299 (0.797400 + 0.081899),0.879299 (0.797400 + 0.081899),0.879299 (0.797400 + 0.081899),0.879299 (0.797400 + 0.081899),0.879299 (0.797400 + 0.081899),0.879299 (0.797400 + 0.081899),0.879299 (0.797400 + 0.081899),0.879299 (0.797400 + 0.081899),0.879299 (0.797400 + 0.081899),0.867546 (0.785700 + 0.081846),0.879299 (0.797400 + 0.081899),0.879299 (0.797400 + 0.081899),0.879299 (0.797400 + 0.081899),0.879299 (0.797400 + 0.081899),0.879299 (0.797400 + 0.081899),0.879299 (0.797400 + 0.081899),0.855847 (0.774000 + 0.081847),0.879299 (0.797400 + 0.081899),0.879299 (0.797400 + 0.081899),0.879299 (0.797400 + 0.081899),0.879299 (0.797400 + 0.081899),0.879299 (0.797400 + 0.081899),0.879299 (0.797400 + 0.081899),0.879299 (0.797400 + 0.081899),0.879299 (0.797400 + 0.081899),0.879299 (0.797400 + 0.081899),0.879299 (0.797400 + 0.081899),0.855760 (0.774000 + 0.081760),0.879299 (0.797400 + 0.081899)
88,0.879299 (0.797400 + 0.081899),0.879299 (0.797400 + 0.081899),0.879299 (0.797400 + 0.081899),0.879299 (0.797400 + 0.081899),0.879299 (0.797400 + 0.081899),0.848716 (0.766800 + 0.081916),0.879299 (0.797400 + 0.081899),0.879299 (0.797400 + 0.081899),0.879299 (0.797400 + 0.081899),0.879299 (0.797400 + 0.081899),0.879299 (0.797400 + 0.081899),0.879299 (0.797400 + 0.081899),0.879299 (0.797400 + 0.081899),0.879299 (0.797400 + 0.081899),0.879299 (0.797400 + 0.081899),0.879299 (0.797400 + 0.081899),0.879299 (0.797400 + 0.081899),0.879299 (0.797400 + 0.081899),0.879299 (0.797400 + 0.081899),0.879299 (0.797400 + 0.081899),0.879299 (0.797400 + 0.081899),0.879299 (0.797400 + 0.081899),0.879299 (0.797400 + 0.081899),0.879299 (0.797400 + 0.081899),0.879299 (0.797400 + 0.081899),0.857719 (0.775800 + 0.081919),0.879299 (0.797400 + 0.081899),0.879299 (0.797400 + 0.081899),0.879299 (0.797400 + 0.081899),0.879299 (0.797400 + 0.081899),0.879299 (0.797400 + 0.081899),0.879299 (0.797400 + 0.081899),0.879299 (0.797400 + 0.081899),0.879299 (0.797400 + 0.081899),0.866794 (0.784800 + 0.081994),0.879299 (0.797400 + 0.081899),0.879299 (0.797400 + 0.081899),0.879299 (0.797400 + 0.081899),0.879299 (0.797400 + 0.081899),0.879299 (0.797400 + 0.081899),0.879299 (0.797400 + 0.081899),0.879299 (0.797400 + 0.081899),0.879299 (0.797400 + 0.081899),0.879299 (0.797400 + 0.081899),0.879299 (0.797400 + 0.081899),0.879299 (0.797400 + 0.081899),0.879299 (0.797400 + 0.081899),0.879299 (0.797400 + 0.081899),0.879299 (0.797400 + 0.081899),0.879299 (0.797400 + 0.081899),0.879299 (0.797400 + 0.081899),0.879299 (0.797400 + 0.081899),0.879299 (0.797400 + 0.081899),0.862259 (0.780300 + 0.081959),0.879299 (0.797400 + 0.081899),0.879299 (0.797400 + 0.081899),0.879299 (0.797400 + 0.081899),0.879299 (0.797400 + 0.081899),0.879299 (0.797400 + 0.081899),0.879299 (0.797400 + 0.081899),0.879299 (0.797400 + 0.081899),0.879299 (0.797400 + 0.081899),0.879299 (0.797400 + 0.081899),0.879299 (0.797400 + 0.081899),0.870173 (0.788400 + 0.081773),0.879299 (0.797400 + 0.081899),0.848558 (0.766800 + 0.081758),0.879299 (0.797400 + 0.081899),0.879299 (0.797400 + 0.081899),0.879299 (0.797400 + 0.081899),0.879299 (0.797400 + 0.081899),0.879299 (0.797400 + 0.081899),0.879299 (0.797400 + 0.081899),0.879299 (0.797400 + 0.081899),0.879299 (0.797400 + 0.081899),0.879299 (0.797400 + 0.081899),0.879299 (0.797400 + 0.081899),0.879299 (0.797400 + 0.081899),0.879299 (0.797400 + 0.081899),0.879299 (0.797400 + 0.081899),0.879299 (0.797400 + 0.081899),0.879299 (0.797400 + 0.081899),0.879299 (0.797400 + 0.081899),0.879299 (0.797400 + 0.081899),0.879299 (0.797400 + 0.081899),0.879299 (0.797400 + 0.081899),0.879299 (0.797400 + 0.081899),0.879299 (0.797400 + 0.081899),0.879299 (0.797400 + 0.081899),0.879299 (0.797400 + 0.081899),0.879299 (0.797400 + 0.081899),0.879299 (0.797400 + 0.081899),0.879299 (0.797400 + 0.081899),0.879299 (0.797400 + 0.081899),0.879299 (0.797400 + 0.081899),0.879299 (0.797400 + 0.081899),0.879299 (0.797400 + 0.081899),0.879299 (0.797400 + 0.081899),0.879299 (0.797400 + 0.081899),0.879299 (0.797400 + 0.081899)
89,0.879299 (0.797400 + 0.081899),0.879299 (0.797400 + 0.081899),0.879299 (0.797400 + 0.081899),0.866784 (0.784800 + 0.081984),0.879299 (0.797400 + 0.081899),0.879299 (0.797400 + 0.081899),0.859386 (0.777600 + 0.081786),0.870217 (0.788400 + 0.081817),0.879299 (0.797400 + 0.081899),0.879299 (0.797400 + 0.081899),0.879299 (0.797400 + 0.081899),0.879299 (0.797400 + 0.081899),0.879299 (0.797400 + 0.081899),0.869416 (0.787500 + 0.081916),0.879299 (0.797400 + 0.081899),0.879299 (0.797400 + 0.081899),0.879299 (0.797400 + 0.081899),0.848554 (0.766800 + 0.081754),0.879299 (0.797400 + 0.081899),0.854108 (0.772200 + 0.081908),0.879299 (0.797400 + 0.081899),0.879299 (0.797400 + 0.081899),0.879299 (0.797400 + 0.081899),0.879299 (0.797400 + 0.081899),0.879299 (0.797400 + 0.081899),0.879299 (0.797400 + 0.081899),0.879299 (0.797400 + 0.081899),0.879299 (0.797400 + 0.081899),0.879299 (0.797400 + 0.081899),0.879299 (0.797400 + 0.081899),0.879299 (0.797400 + 0.081899),0.879299 (0.797400 + 0.081899),0.879299 (0.797400 + 0.081899),0.879299 (0.797400 + 0.081899),0.855842 (0.774000 + 0.081842),0.879299 (0.797400 + 0.081899),0.879299 (0.797400 + 0.081899),0.879299 (0.797400 + 0.081899),0.879299 (0.797400 + 0.081899),0.864811 (0.783000 + 0.081812),0.854154 (0.772200 + 0.081954),0.879299 (0.797400 + 0.081899),0.879299 (0.797400 + 0.081899),0.879299 (0.797400 + 0.081899),0.879299 (0.797400 + 0.081899),0.879299 (0.797400 + 0.081899),0.879299 (0.797400 + 0.081899),0.879299 (0.797400 + 0.081899),0.879299 (0.797400 + 0.081899),0.879299 (0.797400 + 0.081899),0.879299 (0.797400 + 0.081899),0.859672 (0.777600 + 0.082072),0.879299 (0.797400 + 0.081899),0.879299 (0.797400 + 0.081899),0.879299 (0.797400 + 0.081899),0.879299 (0.797400 + 0.081899),0.879299 (0.797400 + 0.081899),0.855709 (0.774000 + 0.081709),0.879299 (0.797400 + 0.081899),0.879299 (0.797400 + 0.081899),0.879299 (0.797400 + 0.081899),0.879299 (0.797400 + 0.081899),0.879299 (0.797400 + 0.081899),0.879299 (0.797400 + 0.081899),0.879299 (0.797400 + 0.081899),0.879299 (0.797400 + 0.081899),0.867459 (0.785700 + 0.081759),0.879299 (0.797400 + 0.081899),0.879299 (0.797400 + 0.081899),0.879299 (0.797400 + 0.081899),0.879299 (0.797400 + 0.081899),0.879299 (0.797400 + 0.081899),0.879299 (0.797400 + 0.081899),0.879299 (0.797400 + 0.081899),0.879299 (0.797400 + 0.081899),0.850483 (0.768600 + 0.081883),0.879299 (0.797400 + 0.081899),0.851159 (0.769500 + 0.081659),0.879299 (0.797400 + 0.081899),0.879299 (0.797400 + 0.081899),0.879299 (0.797400 + 0.081899),0.879299 (0.797400 + 0.081899),0.879299 (0.797400 + 0.081899),0.879299 (0.797400 + 0.081899),0.879299 (0.797400 + 0.081899),0.879299 (0.797400 + 0.081899),0.879299 (0.797400 + 0.081899),0.879299 (0.797400 + 0.081899),0.879299 (0.797400 + 0.081899),0.879299 (0.797400 + 0.081899),0.879299 (0.797400 + 0.081899),0.879299 (0.797400 + 0.081899),0.879299 (0.797400 + 0.081899),0.879299 (0.797400 + 0.081899),0.859408 (0.777600 + 0.081808),0.879299 (0.797400 + 0.081899),0.879299 (0.797400 + 0.081899),0.879299 (0.797400 + 0.081899),0.859231 (0.777600 + 0.081631),0.879299 (0.797400 + 0.081899)
90,0.879299 (0.797400 + 0.081899),0.879299 (0.797400 + 0.081899),0.879299 (0.797400 + 0.081899),0.861144 (0.779400 + 0.081744),0.879299 (0.797400 + 0.081899),0.869462 (0.787500 + 0.081962),0.879299 (0.797400 + 0.081899),0.879299 (0.797400 + 0.081899),0.879299 (0.797400 + 0.081899),0.879299 (0.797400 + 0.081899),0.879299 (0.797400 + 0.081899),0.879299 (0.797400 + 0.081899),0.879299 (0.797400 + 0.081899),0.879299 (0.797400 + 0.081899),0.879299 (0.797400 + 0.081899),0.879299 (0.797400 + 0.081899),0.879299 (0.797400 + 0.081899),0.879299 (0.797400 + 0.081899),0.879299 (0.797400 + 0.081899),0.879299 (0.797400 + 0.081899),0.879299 (0.797400 + 0.081899),0.879299 (0.797400 + 0.081899),0.879299 (0.797400 + 0.081899),0.879299 (0.797400 + 0.081899),0.879299 (0.797400 + 0.081899),0.879299 (0.797400 + 0.081899),0.870354 (0.788400 + 0.081954),0.879299 (0.797400 + 0.081899),0.879299 (0.797400 + 0.081899),0.879299 (0.797400 + 0.081899),0.879299 (0.797400 + 0.081899),0.879299 (0.797400 + 0.081899),0.879299 (0.797400 + 0.081899),0.879299 (0.797400 + 0.081899),0.879299 (0.797400 + 0.081899),0.845000 (0.763200 + 0.081800),0.879299 (0.797400 + 0.081899),0.879299 (0.797400 + 0.081899),0.879299 (0.797400 + 0.081899),0.879299 (0.797400 + 0.081899),0.879299 (0.797400 + 0.081899),0.879299 (0.797400 + 0.081899),0.862017 (0.780300 + 0.081717),0.879299 (0.797400 + 0.081899),0.879299 (0.797400 + 0.081899),0.879299 (0.797400 + 0.081899),0.879299 (0.797400 + 0.081899),0.879299 (0.797400 + 0.081899),0.879299 (0.797400 + 0.081899),0.863020 (0.781200 + 0.081820),0.866509 (0.784800 + 0.081709),0.879299 (0.797400 + 0.081899),0.879299 (0.797400 + 0.081899),0.879299 (0.797400 + 0.081899),0.879299 (0.797400 + 0.081899),0.879299 (0.797400 + 0.081899),0.879299 (0.797400 + 0.081899),0.879299 (0.797400 + 0.081899),0.879299 (0.797400 + 0.081899),0.863898 (0.782100 + 0.081798),0.879299 (0.797400 + 0.081899),0.879299 (0.797400 + 0.081899),0.879299 (0.797400 + 0.081899),0.879299 (0.797400 + 0.081899),0.879299 (0.797400 + 0.081899),0.879299 (0.797400 + 0.081899),0.879299 (0.797400 + 0.081899),0.879299 (0.797400 + 0.081899),0.879299 (0.797400 + 0.081899),0.879299 (0.797400 + 0.081899),0.879299 (0.797400 + 0.081899),0.879299 (0.797400 + 0.081899),0.879299 (0.797400 + 0.081899),0.879299 (0.797400 + 0.081899),0.879299 (0.797400 + 0.081899),0.858543 (0.776700 + 0.081843),0.879299 (0.797400 + 0.081899),0.879299 (0.797400 + 0.081899),0.879299 (0.797400 + 0.081899),0.879299 (0.797400 + 0.081899),0.879299 (0.797400 + 0.081899),0.879299 (0.797400 + 0.081899),0.879299 (0.797400 + 0.081899),0.879299 (0.797400 + 0.081899),0.859321 (0.777600 + 0.081721),0.866572 (0.784800 + 0.081772),0.879299 (0.797400 + 0.081899),0.879299 (0.797400 + 0.081899),0.879299 (0.797400 + 0.081899),0.879299 (0.797400 + 0.081899),0.872857 (0.791100 + 0.081757),0.879299 (0.797400 + 0.081899),0.869364 (0.787500 + 0.081864),0.879299 (0.797400 + 0.081899),0.879299 (0.797400 + 0.081899),0.879299 (0.797400 + 0.081899),0.879299 (0.797400 + 0.081899),0.879299 (0.797400 + 0.081899),0.879299 (0.797400 + 0.081899),0.879299 (0.797400 + 0.081899)
91,0.879299 (0.797400 + 0.081899),0.879299 (0.797400 + 0.081899),0.879299 (0.797400 + 0.081899),0.879299 (0.797400 + 0.081899),0.879299 (0.797400 + 0.081899),0.877477 (0.795600 + 0.081877),0.873780 (0.792000 + 0.081780),0.879299 (0.797400 + 0.081899),0.879299 (0.797400 + 0.081899),0.879299 (0.797400 + 0.081899),0.879299 (0.797400 + 0.081899),0.879299 (0.797400 + 0.081899),0.879299 (0.797400 + 0.081899),0.879299 (0.797400 + 0.081899),0.879299 (0.797400 + 0.081899),0.879299 (0.797400 + 0.081899),0.879299 (0.797400 + 0.081899),0.879299 (0.797400 + 0.081899),0.879299 (0.797400 + 0.081899),0.879299 (0.797400 + 0.081899),0.879299 (0.797400 + 0.081899),0.879299 (0.797400 + 0.081899),0.879299 (0.797400 + 0.081899),0.879299 (0.797400 + 0.081899),0.879299 (0.797400 + 0.081899),0.869407 (0.787500 + 0.081907),0.865736 (0.783900 + 0.081836),0.879299 (0.797400 + 0.081899),0.862252 (0.780300 + 0.081952),0.879299 (0.797400 + 0.081899),0.879299 (0.797400 + 0.081899),0.879299 (0.797400 + 0.081899),0.879299 (0.797400 + 0.081899),0.879299 (0.797400 + 0.081899),0.879299 (0.797400 + 0.081899),0.879299 (0.797400 + 0.081899),0.879299 (0.797400 + 0.081899),0.879299 (0.797400 + 0.081899),0.879299 (0.797400 + 0.081899),0.879299 (0.797400 + 0.081899),0.879299 (0.797400 + 0.081899),0.879299 (0.797400 + 0.081899),0.879299 (0.797400 + 0.081899),0.879299 (0.797400 + 0.081899),0.879299 (0.797400 + 0.081899),0.879299 (0.797400 + 0.081899),0.879299 (0.797400 + 0.081899),0.879299 (0.797400 + 0.081899),0.879299 (0.797400 + 0.081899),0.879299 (0.797400 + 0.081899),0.879299 (0.797400 + 0.081899),0.879299 (0.797400 + 0.081899),0.879299 (0.797400 + 0.081899),0.879299 (0.797400 + 0.081899),0.879299 (0.797400 + 0.081899),0.856715 (0.774900 + 0.081815),0.879299 (0.797400 + 0.081899),0.854950 (0.773100 + 0.081850),0.879299 (0.797400 + 0.081899),0.879299 (0.797400 + 0.081899),0.879299 (0.797400 + 0.081899),0.879299 (0.797400 + 0.081899),0.879299 (0.797400 + 0.081899),0.879299 (0.797400 + 0.081899),0.879299 (0.797400 + 0.081899),0.864749 (0.783000 + 0.081749),0.879299 (0.797400 + 0.081899),0.879299 (0.797400 + 0.081899),0.879299 (0.797400 + 0.081899),0.879299 (0.797400 + 0.081899),0.879299 (0.797400 + 0.081899),0.879299 (0.797400 + 0.081899),0.879299 (0.797400 + 0.081899),0.879299 (0.797400 + 0.081899),0.879299 (0.797400 + 0.081899),0.879299 (0.797400 + 0.081899),0.879299 (0.797400 + 0.081899),0.879299 (0.797400 + 0.081899),0.879299 (0.797400 + 0.081899),0.879299 (0.797400 + 0.081899),0.879299 (0.797400 + 0.081899),0.879299 (0.797400 + 0.081899),0.862183 (0.780300 + 0.081883),0.863958 (0.782100 + 0.081858),0.879299 (0.797400 + 0.081899),0.879299 (0.797400 + 0.081899),0.879299 (0.797400 + 0.081899),0.879299 (0.797400 + 0.081899),0.879299 (0.797400 + 0.081899),0.879299 (0.797400 + 0.081899),0.879299 (0.797400 + 0.081899),0.879299 (0.797400 + 0.081899),0.879299 (0.797400 + 0.081899),0.857537 (0.775800 + 0.081737),0.879299 (0.797400 + 0.081899),0.879299 (0.797400 + 0.081899),0.879299 (0.797400 + 0.081899),0.879299 (0.797400 + 0.081899),0.879299 (0.797400 + 0.081899),0.879299 (0.797400 + 0.081899)
92,0.879299 (0.797400 + 0.081899),0.879299 (0.797400 + 0.081899),0.879299 (0.797400 + 0.081899),0.879299 (0.797400 + 0.081899),0.879299 (0.797400 + 0.081899),0.879299 (0.797400 + 0.081899),0.879299 (0.797400 + 0.081899),0.846780 (0.765000 + 0.081780),0.879299 (0.797400 + 0.081899),0.879299 (0.797400 + 0.081899),0.879299 (0.797400 + 0.081899),0.879299 (0.797400 + 0.081899),0.879299 (0.797400 + 0.081899),0.879299 (0.797400 + 0.081899),0.879299 (0.797400 + 0.081899),0.879299 (0.797400 + 0.081899),0.879299 (0.797400 + 0.081899),0.879299 (0.797400 + 0.081899),0.853053 (0.771300 + 0.081753),0.879299 (0.797400 + 0.081899),0.879299 (0.797400 + 0.081899),0.879299 (0.797400 + 0.081899),0.879299 (0.797400 + 0.081899),0.879299 (0.797400 + 0.081899),0.879299 (0.797400 + 0.081899),0.879299 (0.797400 + 0.081899),0.879299 (0.797400 + 0.081899),0.879299 (0.797400 + 0.081899),0.879299 (0.797400 + 0.081899),0.879299 (0.797400 + 0.081899),0.879299 (0.797400 + 0.081899),0.879299 (0.797400 + 0.081899),0.865834 (0.783900 + 0.081934),0.879299 (0.797400 + 0.081899),0.879299 (0.797400 + 0.081899),0.879299 (0.797400 + 0.081899),0.879299 (0.797400 + 0.081899),0.879299 (0.797400 + 0.081899),0.879299 (0.797400 + 0.081899),0.865683 (0.783900 + 0.081783),0.879299 (0.797400 + 0.081899),0.879299 (0.797400 + 0.081899),0.879299 (0.797400 + 0.081899),0.879299 (0.797400 + 0.081899),0.871142 (0.789300 + 0.081842),0.879299 (0.797400 + 0.081899),0.879299 (0.797400 + 0.081899),0.879299 (0.797400 + 0.081899),0.879299 (0.797400 + 0.081899),0.879299 (0.797400 + 0.081899),0.879299 (0.797400 + 0.081899),0.868449 (0.786600 + 0.081849),0.879299 (0.797400 + 0.081899),0.879299 (0.797400 + 0.081899),0.879299 (0.797400 + 0.081899),0.865669 (0.783900 + 0.081769),0.879299 (0.797400 + 0.081899),0.879299 (0.797400 + 0.081899),0.879299 (0.797400 + 0.081899),0.879299 (0.797400 + 0.081899),0.879299 (0.797400 + 0.081899),0.879299 (0.797400 + 0.081899),0.879299 (0.797400 + 0.081899),0.879299 (0.797400 + 0.081899),0.879299 (0.797400 + 0.081899),0.879299 (0.797400 + 0.081899),0.879299 (0.797400 + 0.081899),0.879299 (0.797400 + 0.081899),0.879299 (0.797400 + 0.081899),0.879299 (0.797400 + 0.081899),0.879299 (0.797400 + 0.081899),0.879299 (0.797400 + 0.081899),0.879299 (0.797400 + 0.081899),0.879299 (0.797400 + 0.081899),0.879299 (0.797400 + 0.081899),0.879299 (0.797400 + 0.081899),0.865675 (0.783900 + 0.081775),0.879299 (0.797400 + 0.081899),0.879299 (0.797400 + 0.081899),0.879299 (0.797400 + 0.081899),0.879299 (0.797400 + 0.081899),0.879299 (0.797400 + 0.081899),0.879299 (0.797400 + 0.081899),0.879299 (0.797400 + 0.081899),0.852358 (0.770400 + 0.081958),0.879299 (0.797400 + 0.081899),0.879299 (0.797400 + 0.081899),0.879299 (0.797400 + 0.081899),0.868375 (0.786600 + 0.081775),0.879299 (0.797400 + 0.081899),0.879299 (0.797400 + 0.081899),0.879299 (0.797400 + 0.081899),0.879299 (0.797400 + 0.081899),0.879299 (0.797400 + 0.081899),0.879299 (0.797400 + 0.081899),0.879299 (0.797400 + 0.081899),0.879299 (0.797400 + 0.081899),0.879299 (0.797400 + 0.081899),0.879299 (0.797400 + 0.081899),0.879299 (0.797400 + 0.081899)
93,0.879299 (0.797400 + 0.081899),0.879299 (0.797400 + 0.081899),0.879299 (0.797400 + 0.081899),0.858576 (0.776700 + 0.081876),0.879299 (0.797400 + 0.081899),0.857671 (0.775800 + 0.081871),0.879299 (0.797400 + 0.081899),0.879299 (0.797400 + 0.081899),0.879299 (0.797400 + 0.081899),0.879299 (0.797400 + 0.081899),0.879299 (0.797400 + 0.081899),0.879299 (0.797400 + 0.081899),0.879299 (0.797400 + 0.081899),0.879299 (0.797400 + 0.081899),0.879299 (0.797400 + 0.081899),0.879299 (0.797400 + 0.081899),0.879299 (0.797400 + 0.081899),0.879299 (0.797400 + 0.081899),0.879299 (0.797400 + 0.081899),0.879299 (0.797400 + 0.081899),0.879299 (0.797400 + 0.081899),0.879299 (0.797400 + 0.081899),0.879299 (0.797400 + 0.081899),0.879299 (0.797400 + 0.081899),0.879299 (0.797400 + 0.081899),0.879299 (0.797400 + 0.081899),0.879299 (0.797400 + 0.081899),0.879299 (0.797400 + 0.081899),0.864904 (0.783000 + 0.081904),0.879299 (0.797400 + 0.081899),0.879299 (0.797400 + 0.081899),0.879299 (0.797400 + 0.081899),0.879299 (0.797400 + 0.081899),0.879299 (0.797400 + 0.081899),0.879299 (0.797400 + 0.081899),0.879299 (0.797400 + 0.081899),0.879299 (0.797400 + 0.081899),0.879299 (0.797400 + 0.081899),0.879299 (0.797400 + 0.081899),0.879299 (0.797400 + 0.081899),0.879299 (0.797400 + 0.081899),0.879299 (0.797400 + 0.081899),0.879299 (0.797400 + 0.081899),0.879299 (0.797400 + 0.081899),0.879299 (0.797400 + 0.081899),0.879299 (0.797400 + 0.081899),0.879299 (0.797400 + 0.081899),0.879299 (0.797400 + 0.081899),0.879299 (0.797400 + 0.081899),0.879299 (0.797400 + 0.081899),0.879299 (0.797400 + 0.081899),0.879299 (0.797400 + 0.081899),0.879299 (0.797400 + 0.081899),0.879299 (0.797400 + 0.081899),0.879299 (0.797400 + 0.081899),0.879299 (0.797400 + 0.081899),0.879299 (0.797400 + 0.081899),0.879299 (0.797400 + 0.081899),0.871189 (0.789300 + 0.081889),0.879299 (0.797400 + 0.081899),0.879299 (0.797400 + 0.081899),0.879299 (0.797400 + 0.081899),0.879299 (0.797400 + 0.081899),0.879299 (0.797400 + 0.081899),0.879299 (0.797400 + 0.081899),0.879299 (0.797400 + 0.081899),0.879299 (0.797400 + 0.081899),0.879299 (0.797400 + 0.081899),0.879299 (0.797400 + 0.081899),0.879299 (0.797400 + 0.081899),0.879299 (0.797400 + 0.081899),0.879299 (0.797400 + 0.081899),0.879299 (0.797400 + 0.081899),0.860353 (0.778500 + 0.081853),0.872970 (0.791100 + 0.081870),0.879299 (0.797400 + 0.081899),0.879299 (0.797400 + 0.081899),0.879299 (0.797400 + 0.081899),0.879299 (0.797400 + 0.081899),0.879299 (0.797400 + 0.081899),0.879299 (0.797400 + 0.081899),0.879299 (0.797400 + 0.081899),0.879299 (0.797400 + 0.081899),0.879299 (0.797400 + 0.081899),0.879299 (0.797400 + 0.081899),0.879299 (0.797400 + 0.081899),0.879299 (0.797400 + 0.081899),0.879299 (0.797400 + 0.081899),0.879299 (0.797400 + 0.081899),0.879299 (0.797400 + 0.081899),0.879299 (0.797400 + 0.081899),0.879299 (0.797400 + 0.081899),0.879299 (0.797400 + 0.081899),0.879299 (0.797400 + 0.081899),0.879299 (0.797400 + 0.081899),0.862260 (0.780300 + 0.081960),0.879299 (0.797400 + 0.081899),0.879299 (0.797400 + 0.081899),0.879299 (0.797400 + 0.081899),0.879299 (0.797400 + 0.081899)
94,0.879299 (0.797400 + 0.081899),0.879299 (0.797400 + 0.081899),0.879299 (0.797400 + 0.081899),0.879299 (0.797400 + 0.081899),0.879299 (0.797400 + 0.081899),0.879299 (0.797400 + 0.081899),0.879299 (0.797400 + 0.081899),0.879299 (0.797400 + 0.081899),0.879299 (0.797400 + 0.081899),0.879299 (0.797400 + 0.081899),0.867483 (0.785700 + 0.081783),0.879299 (0.797400 + 0.081899),0.879299 (0.797400 + 0.081899),0.879299 (0.797400 + 0.081899),0.879299 (0.797400 + 0.081899),0.879299 (0.797400 + 0.081899),0.879299 (0.797400 + 0.081899),0.879299 (0.797400 + 0.081899),0.879299 (0.797400 + 0.081899),0.879299 (0.797400 + 0.081899),0.879299 (0.797400 + 0.081899),0.879299 (0.797400 + 0.081899),0.879299 (0.797400 + 0.081899),0.879299 (0.797400 + 0.081899),0.879299 (0.797400 + 0.081899),0.879299 (0.797400 + 0.081899),0.879299 (0.797400 + 0.081899),0.879299 (0.797400 + 0.081899),0.879299 (0.797400 + 0.081899),0.879299 (0.797400 + 0.081899),0.879299 (0.797400 + 0.081899),0.879299 (0.797400 + 0.081899),0.879299 (0.797400 + 0.081899),0.879299 (0.797400 + 0.081899),0.879299 (0.797400 + 0.081899),0.879299 (0.797400 + 0.081899),0.879299 (0.797400 + 0.081899),0.879299 (0.797400 + 0.081899),0.879299 (0.797400 + 0.081899),0.879299 (0.797400 + 0.081899),0.879299 (0.797400 + 0.081899),0.879299 (0.797400 + 0.081899),0.879299 (0.797400 + 0.081899),0.879299 (0.797400 + 0.081899),0.879299 (0.797400 + 0.081899),0.874665 (0.792900 + 0.081766),0.879299 (0.797400 + 0.081899),0.879299 (0.797400 + 0.081899),0.879299 (0.797400 + 0.081899),0.879299 (0.797400 + 0.081899),0.879299 (0.797400 + 0.081899),0.879299 (0.797400 + 0.081899),0.879299 (0.797400 + 0.081899),0.879299 (0.797400 + 0.081899),0.872072 (0.790200 + 0.081872),0.879299 (0.797400 + 0.081899),0.879299 (0.797400 + 0.081899),0.879299 (0.797400 + 0.081899),0.879299 (0.797400 + 0.081899),0.879299 (0.797400 + 0.081899),0.879299 (0.797400 + 0.081899),0.879299 (0.797400 + 0.081899),0.879299 (0.797400 + 0.081899),0.853855 (0.772200 + 0.081655),0.879299 (0.797400 + 0.081899),0.879299 (0.797400 + 0.081899),0.879299 (0.797400 + 0.081899),0.879299 (0.797400 + 0.081899),0.879299 (0.797400 + 0.081899),0.879299 (0.797400 + 0.081899),0.879299 (0.797400 + 0.081899),0.879299 (0.797400 + 0.081899),0.879299 (0.797400 + 0.081899),0.879299 (0.797400 + 0.081899),0.879299 (0.797400 + 0.081899),0.879299 (0.797400 + 0.081899),0.879299 (0.797400 + 0.081899),0.879299 (0.797400 + 0.081899),0.879299 (0.797400 + 0.081899),0.879299 (0.797400 + 0.081899),0.879299 (0.797400 + 0.081899),0.879299 (0.797400 + 0.081899),0.879299 (0.797400 + 0.081899),0.879299 (0.797400 + 0.081899),0.868452 (0.786600 + 0.081852),0.879299 (0.797400 + 0.081899),0.879299 (0.797400 + 0.081899),0.879299 (0.797400 + 0.081899),0.879299 (0.797400 + 0.081899),0.879299 (0.797400 + 0.081899),0.879299 (0.797400 + 0.081899),0.879299 (0.797400 + 0.081899),0.862916 (0.781200 + 0.081716),0.854997 (0.773100 + 0.081897),0.864945 (0.783000 + 0.081945),0.879299 (0.797400 + 0.081899),0.879299 (0.797400 + 0.081899),0.879299 (0.797400 + 0.081899),0.879299 (0.797400 + 0.081899),0.879299 (0.797400 + 0.081899)
95,0.879299 (0.797400 + 0.081899),0.879299 (0.797400 + 0.081899),0.879299 (0.797400 + 0.081899),0.879299 (0.797400 + 0.081899),0.879299 (0.797400 + 0.081899),0.879299 (0.797400 + 0.081899),0.879299 (0.797400 + 0.081899),0.879299 (0.797400 + 0.081899),0.879299 (0.797400 + 0.081899),0.879299 (0.797400 + 0.081899),0.879299 (0.797400 + 0.081899),0.879299 (0.797400 + 0.081899),0.879299 (0.797400 + 0.081899),0.879299 (0.797400 + 0.081899),0.879299 (0.797400 + 0.081899),0.871147 (0.789300 + 0.081847),0.879299 (0.797400 + 0.081899),0.879299 (0.797400 + 0.081899),0.879299 (0.797400 + 0.081899),0.862169 (0.780300 + 0.081869),0.879299 (0.797400 + 0.081899),0.879299 (0.797400 + 0.081899),0.879299 (0.797400 + 0.081899),0.879299 (0.797400 + 0.081899),0.879299 (0.797400 + 0.081899),0.879299 (0.797400 + 0.081899),0.879299 (0.797400 + 0.081899),0.879299 (0.797400 + 0.081899),0.879299 (0.797400 + 0.081899),0.879299 (0.797400 + 0.081899),0.879299 (0.797400 + 0.081899),0.879299 (0.797400 + 0.081899),0.879299 (0.797400 + 0.081899),0.879299 (0.797400 + 0.081899),0.879299 (0.797400 + 0.081899),0.879299 (0.797400 + 0.081899),0.879299 (0.797400 + 0.081899),0.879299 (0.797400 + 0.081899),0.879299 (0.797400 + 0.081899),0.879299 (0.797400 + 0.081899),0.879299 (0.797400 + 0.081899),0.879299 (0.797400 + 0.081899),0.879299 (0.797400 + 0.081899),0.879299 (0.797400 + 0.081899),0.879299 (0.797400 + 0.081899),0.879299 (0.797400 + 0.081899),0.879299 (0.797400 + 0.081899),0.879299 (0.797400 + 0.081899),0.879299 (0.797400 + 0.081899),0.863993 (0.782100 + 0.081893),0.879299 (0.797400 + 0.081899),0.879299 (0.797400 + 0.081899),0.879299 (0.797400 + 0.081899),0.879299 (0.797400 + 0.081899),0.879299 (0.797400 + 0.081899),0.879299 (0.797400 + 0.081899),0.879299 (0.797400 + 0.081899),0.868448 (0.786600 + 0.081848),0.879299 (0.797400 + 0.081899),0.879299 (0.797400 + 0.081899),0.879299 (0.797400 + 0.081899),0.879299 (0.797400 + 0.081899),0.879299 (0.797400 + 0.081899),0.879299 (0.797400 + 0.081899),0.879299 (0.797400 + 0.081899),0.879299 (0.797400 + 0.081899),0.879299 (0.797400 + 0.081899),0.879299 (0.797400 + 0.081899),0.879299 (0.797400 + 0.081899),0.879299 (0.797400 + 0.081899),0.879299 (0.797400 + 0.081899),0.879299 (0.797400 + 0.081899),0.853184 (0.771300 + 0.081884),0.879299 (0.797400 + 0.081899),0.879299 (0.797400 + 0.081899),0.879299 (0.797400 + 0.081899),0.879299 (0.797400 + 0.081899),0.879299 (0.797400 + 0.081899),0.879299 (0.797400 + 0.081899),0.879299 (0.797400 + 0.081899),0.879299 (0.797400 + 0.081899),0.879299 (0.797400 + 0.081899),0.879299 (0.797400 + 0.081899),0.879299 (0.797400 + 0.081899),0.879299 (0.797400 + 0.081899),0.879299 (0.797400 + 0.081899),0.879299 (0.797400 + 0.081899),0.879299 (0.797400 + 0.081899),0.879299 (0.797400 + 0.081899),0.879299 (0.797400 + 0.081899),0.879299 (0.797400 + 0.081899),0.879299 (0.797400 + 0.081899),0.879299 (0.797400 + 0.081899),0.879299 (0.797400 + 0.081899),0.879299 (0.797400 + 0.081899),0.879299 (0.797400 + 0.081899),0.879299 (0.797400 + 0.081899),0.879299 (0.797400 + 0.081899),0.879299 (0.797400 + 0.081899),0.879299 (0.797400 + 0.081899)
96,0.879299 (0.797400 + 0.081899),0.879299 (0.797400 + 0.081899),0.879299 (0.797400 + 0.081899),0.859450 (0.777600 + 0.081850),0.879299 (0.797400 + 0.081899),0.879299 (0.797400 + 0.081899),0.879299 (0.797400 + 0.081899),0.879299 (0.797400 + 0.081899),0.879299 (0.797400 + 0.081899),0.879299 (0.797400 + 0.081899),0.879299 (0.797400 + 0.081899),0.879299 (0.797400 + 0.081899),0.879299 (0.797400 + 0.081899),0.879299 (0.797400 + 0.081899),0.879299 (0.797400 + 0.081899),0.879299 (0.797400 + 0.081899),0.879299 (0.797400 + 0.081899),0.879299 (0.797400 + 0.081899),0.879299 (0.797400 + 0.081899),0.879299 (0.797400 + 0.081899),0.879299 (0.797400 + 0.081899),0.879299 (0.797400 + 0.081899),0.879299 (0.797400 + 0.081899),0.879299 (0.797400 + 0.081899),0.879299 (0.797400 + 0.081899),0.879299 (0.797400 + 0.081899),0.863888 (0.782100 + 0.081788),0.879299 (0.797400 + 0.081899),0.879299 (0.797400 + 0.081899),0.879299 (0.797400 + 0.081899),0.879299 (0.797400 + 0.081899),0.879299 (0.797400 + 0.081899),0.879299 (0.797400 + 0.081899),0.879299 (0.797400 + 0.081899),0.879299 (0.797400 + 0.081899),0.879299 (0.797400 + 0.081899),0.879299 (0.797400 + 0.081899),0.879299 (0.797400 + 0.081899),0.879299 (0.797400 + 0.081899),0.879299 (0.797400 + 0.081899),0.879299 (0.797400 + 0.081899),0.879299 (0.797400 + 0.081899),0.879299 (0.797400 + 0.081899),0.879299 (0.797400 + 0.081899),0.879299 (0.797400 + 0.081899),0.879299 (0.797400 + 0.081899),0.879299 (0.797400 + 0.081899),0.879299 (0.797400 + 0.081899),0.879299 (0.797400 + 0.081899),0.879299 (0.797400 + 0.081899),0.879299 (0.797400 + 0.081899),0.879299 (0.797400 + 0.081899),0.879299 (0.797400 + 0.081899),0.879299 (0.797400 + 0.081899),0.861116 (0.779400 + 0.081716),0.879299 (0.797400 + 0.081899),0.861366 (0.779400 + 0.081966),0.879299 (0.797400 + 0.081899),0.879299 (0.797400 + 0.081899),0.879299 (0.797400 + 0.081899),0.879299 (0.797400 + 0.081899),0.879299 (0.797400 + 0.081899),0.879299 (0.797400 + 0.081899),0.879299 (0.797400 + 0.081899),0.879299 (0.797400 + 0.081899),0.879299 (0.797400 + 0.081899),0.879299 (0.797400 + 0.081899),0.879299 (0.797400 + 0.081899),0.879299 (0.797400 + 0.081899),0.879299 (0.797400 + 0.081899),0.879299 (0.797400 + 0.081899),0.879299 (0.797400 + 0.081899),0.862215 (0.780300 + 0.081915),0.868399 (0.786600 + 0.081799),0.879299 (0.797400 + 0.081899),0.865795 (0.783900 + 0.081895),0.879299 (0.797400 + 0.081899),0.879299 (0.797400 + 0.081899),0.879299 (0.797400 + 0.081899),0.863081 (0.781200 + 0.081881),0.879299 (0.797400 + 0.081899),0.879299 (0.797400 + 0.081899),0.879299 (0.797400 + 0.081899),0.879299 (0.797400 + 0.081899),0.879299 (0.797400 + 0.081899),0.879299 (0.797400 + 0.081899),0.879299 (0.797400 + 0.081899),0.879299 (0.797400 + 0.081899),0.879299 (0.797400 + 0.081899),0.879299 (0.797400 + 0.081899),0.879299 (0.797400 + 0.081899),0.879299 (0.797400 + 0.081899),0.879299 (0.797400 + 0.081899),0.879299 (0.797400 + 0.081899),0.879299 (0.797400 + 0.081899),0.858444 (0.776700 + 0.081744),0.879299 (0.797400 + 0.081899),0.879299 (0.797400 + 0.081899),0.879299 (0.797400 + 0.081899),0.879299 (0.797400 + 0.081899)
97,0.879299 (0.797400 + 0.081899),0.879299 (0.797400 + 0.081899),0.879299 (0.797400 + 0.081899),0.879299 (0.797400 + 0.081899),0.879299 (0.797400 + 0.081899),0.879299 (0.797400 + 0.081899),0.879299 (0.797400 + 0.081899),0.879299 (0.797400 + 0.081899),0.879299 (0.797400 + 0.081899),0.879299 (0.797400 + 0.081899),0.879299 (0.797400 + 0.081899),0.879299 (0.797400 + 0.081899),0.879299 (0.797400 + 0.081899),0.879299 (0.797400 + 0.081899),0.879299 (0.797400 + 0.081899),0.879299 (0.797400 + 0.081899),0.879299 (0.797400 + 0.081899),0.879299 (0.797400 + 0.081899),0.879299 (0.797400 + 0.081899),0.879299 (0.797400 + 0.081899),0.869351 (0.787500 + 0.081851),0.879299 (0.797400 + 0.081899),0.879299 (0.797400 + 0.081899),0.879299 (0.797400 + 0.081899),0.879299 (0.797400 + 0.081899),0.879299 (0.797400 + 0.081899),0.879299 (0.797400 + 0.081899),0.879299 (0.797400 + 0.081899),0.879299 (0.797400 + 0.081899),0.879299 (0.797400 + 0.081899),0.879299 (0.797400 + 0.081899),0.879299 (0.797400 + 0.081899),0.879299 (0.797400 + 0.081899),0.879299 (0.797400 + 0.081899),0.879299 (0.797400 + 0.081899),0.863038 (0.781200 + 0.081838),0.879299 (0.797400 + 0.081899),0.861481 (0.779400 + 0.082081),0.879299 (0.797400 + 0.081899),0.879299 (0.797400 + 0.081899),0.879299 (0.797400 + 0.081899),0.879299 (0.797400 + 0.081899),0.864823 (0.783000 + 0.081823),0.879299 (0.797400 + 0.081899),0.879299 (0.797400 + 0.081899),0.879299 (0.797400 + 0.081899),0.879299 (0.797400 + 0.081899),0.879299 (0.797400 + 0.081899),0.879299 (0.797400 + 0.081899),0.879299 (0.797400 + 0.081899),0.860260 (0.778500 + 0.081760),0.879299 (0.797400 + 0.081899),0.850708 (0.768600 + 0.082108),0.855694 (0.774000 + 0.081694),0.879299 (0.797400 + 0.081899),0.869301 (0.787500 + 0.081801),0.879299 (0.797400 + 0.081899),0.879299 (0.797400 + 0.081899),0.879299 (0.797400 + 0.081899),0.879299 (0.797400 + 0.081899),0.879299 (0.797400 + 0.081899),0.879299 (0.797400 + 0.081899),0.879299 (0.797400 + 0.081899),0.879299 (0.797400 + 0.081899),0.879299 (0.797400 + 0.081899),0.879299 (0.797400 + 0.081899),0.879299 (0.797400 + 0.081899),0.879299 (0.797400 + 0.081899),0.862230 (0.780300 + 0.081930),0.879299 (0.797400 + 0.081899),0.879299 (0.797400 + 0.081899),0.879299 (0.797400 + 0.081899),0.855049 (0.773100 + 0.081949),0.879299 (0.797400 + 0.081899),0.879299 (0.797400 + 0.081899),0.879299 (0.797400 + 0.081899),0.879299 (0.797400 + 0.081899),0.879299 (0.797400 + 0.081899),0.879299 (0.797400 + 0.081899),0.879299 (0.797400 + 0.081899),0.879299 (0.797400 + 0.081899),0.859497 (0.777600 + 0.081897),0.879299 (0.797400 + 0.081899),0.856613 (0.774900 + 0.081713),0.879299 (0.797400 + 0.081899),0.879299 (0.797400 + 0.081899),0.879299 (0.797400 + 0.081899),0.879299 (0.797400 + 0.081899),0.879299 (0.797400 + 0.081899),0.879299 (0.797400 + 0.081899),0.879299 (0.797400 + 0.081899),0.879299 (0.797400 + 0.081899),0.879299 (0.797400 + 0.081899),0.879299 (0.797400 + 0.081899),0.879299 (0.797400 + 0.081899),0.879299 (0.797400 + 0.081899),0.879299 (0.797400 + 0.081899),0.879299 (0.797400 + 0.081899),0.879299 (0.797400 + 0.081899),0.879299 (0.797400 + 0.081899)
98,0.879299 (0.797400 + 0.081899),0.879299 (0.797400 + 0.081899),0.879299 (0.797400 + 0.081899),0.879299 (0.797400 + 0.081899),0.879299 (0.797400 + 0.081899),0.853647 (0.772200 + 0.081447),0.879299 (0.797400 + 0.081899),0.879299 (0.797400 + 0.081899),0.879299 (0.797400 + 0.081899),0.879299 (0.797400 + 0.081899),0.879299 (0.797400 + 0.081899),0.879299 (0.797400 + 0.081899),0.879299 (0.797400 + 0.081899),0.879299 (0.797400 + 0.081899),0.879299 (0.797400 + 0.081899),0.879299 (0.797400 + 0.081899),0.879299 (0.797400 + 0.081899),0.879299 (0.797400 + 0.081899),0.879299 (0.797400 + 0.081899),0.879299 (0.797400 + 0.081899),0.879299 (0.797400 + 0.081899),0.879299 (0.797400 + 0.081899),0.865721 (0.783900 + 0.081821),0.879299 (0.797400 + 0.081899),0.879299 (0.797400 + 0.081899),0.879299 (0.797400 + 0.081899),0.879299 (0.797400 + 0.081899),0.879299 (0.797400 + 0.081899),0.879299 (0.797400 + 0.081899),0.879299 (0.797400 + 0.081899),0.879299 (0.797400 + 0.081899),0.879299 (0.797400 + 0.081899),0.879299 (0.797400 + 0.081899),0.879299 (0.797400 + 0.081899),0.879299 (0.797400 + 0.081899),0.879299 (0.797400 + 0.081899),0.879299 (0.797400 + 0.081899),0.879299 (0.797400 + 0.081899),0.879299 (0.797400 + 0.081899),0.879299 (0.797400 + 0.081899),0.849559 (0.767700 + 0.081859),0.879299 (0.797400 + 0.081899),0.879299 (0.797400 + 0.081899),0.879299 (0.797400 + 0.081899),0.879299 (0.797400 + 0.081899),0.879299 (0.797400 + 0.081899),0.879299 (0.797400 + 0.081899),0.872945 (0.791100 + 0.081845),0.872055 (0.790200 + 0.081855),0.879299 (0.797400 + 0.081899),0.879299 (0.797400 + 0.081899),0.879299 (0.797400 + 0.081899),0.879299 (0.797400 + 0.081899),0.879299 (0.797400 + 0.081899),0.879299 (0.797400 + 0.081899),0.879299 (0.797400 + 0.081899),0.879299 (0.797400 + 0.081899),0.879299 (0.797400 + 0.081899),0.879299 (0.797400 + 0.081899),0.864870 (0.783000 + 0.081870),0.879299 (0.797400 + 0.081899),0.879299 (0.797400 + 0.081899),0.879299 (0.797400 + 0.081899),0.879299 (0.797400 + 0.081899),0.879299 (0.797400 + 0.081899),0.859275 (0.777600 + 0.081675),0.862167 (0.780300 + 0.081867),0.879299 (0.797400 + 0.081899),0.879299 (0.797400 + 0.081899),0.879299 (0.797400 + 0.081899),0.879299 (0.797400 + 0.081899),0.879299 (0.797400 + 0.081899),0.879299 (0.797400 + 0.081899),0.879299 (0.797400 + 0.081899),0.879299 (0.797400 + 0.081899),0.879299 (0.797400 + 0.081899),0.879299 (0.797400 + 0.081899),0.879299 (0.797400 + 0.081899),0.879299 (0.797400 + 0.081899),0.879299 (0.797400 + 0.081899),0.879299 (0.797400 + 0.081899),0.879299 (0.797400 + 0.081899),0.879299 (0.797400 + 0.081899),0.879299 (0.797400 + 0.081899),0.879299 (0.797400 + 0.081899),0.879299 (0.797400 + 0.081899),0.879299 (0.797400 + 0.081899),0.879299 (0.797400 + 0.081899),0.879299 (0.797400 + 0.081899),0.879299 (0.797400 + 0.081899),0.860377 (0.778500 + 0.081878),0.879299 (0.797400 + 0.081899),0.879299 (0.797400 + 0.081899),0.879299 (0.797400 + 0.081899),0.879299 (0.797400 + 0.081899),0.879299 (0.797400 + 0.081899),0.879299 (0.797400 + 0.081899),0.879299 (0.797400 + 0.081899),0.879299 (0.797400 + 0.081899),0.874642 (0.792900 + 0.081742)
99,0.879299 (0.797400 + 0.081899),0.879299 (0.797400 + 0.081899),0.879299 (0.797400 + 0.081899),0.879299 (0.797400 + 0.081899),0.879299 (0.797400 + 0.081899),0.859341 (0.777600 + 0.081741),0.879299 (0.797400 + 0.081899),0.879299 (0.797400 + 0.081899),0.879299 (0.797400 + 0.081899),0.879299 (0.797400 + 0.081899),0.879299 (0.797400 + 0.081899),0.879299 (0.797400 + 0.081899),0.857670 (0.775800 + 0.081870),0.879299 (0.797400 + 0.081899),0.879299 (0.797400 + 0.081899),0.879299 (0.797400 + 0.081899),0.863105 (0.781200 + 0.081905),0.879299 (0.797400 + 0.081899),0.879299 (0.797400 + 0.081899),0.879299 (0.797400 + 0.081899),0.879299 (0.797400 + 0.081899),0.879299 (0.797400 + 0.081899),0.879299 (0.797400 + 0.081899),0.879299 (0.797400 + 0.081899),0.879299 (0.797400 + 0.081899),0.879299 (0.797400 + 0.081899),0.879299 (0.797400 + 0.081899),0.879299 (0.797400 + 0.081899),0.879299 (0.797400 + 0.081899),0.879299 (0.797400 + 0.081899),0.868525 (0.786600 + 0.081925),0.879299 (0.797400 + 0.081899),0.879299 (0.797400 + 0.081899),0.879299 (0.797400 + 0.081899),0.879299 (0.797400 + 0.081899),0.879299 (0.797400 + 0.081899),0.866833 (0.784800 + 0.082033),0.879299 (0.797400 + 0.081899),0.879299 (0.797400 + 0.081899),0.879299 (0.797400 + 0.081899),0.879299 (0.797400 + 0.081899),0.843299 (0.761400 + 0.081899),0.879299 (0.797400 + 0.081899),0.879299 (0.797400 + 0.081899),0.879299 (0.797400 + 0.081899),0.879299 (0.797400 + 0.081899),0.879299 (0.797400 + 0.081899),0.855081 (0.773100 + 0.081981),0.879299 (0.797400 + 0.081899),0.879299 (0.797400 + 0.081899),0.879299 (0.797400 + 0.081899),0.879299 (0.797400 + 0.081899),0.879299 (0.797400 + 0.081899),0.879299 (0.797400 + 0.081899),0.879299 (0.797400 + 0.081899),0.868477 (0.786600 + 0.081877),0.874743 (0.792900 + 0.081843),0.879299 (0.797400 + 0.081899),0.879299 (0.797400 + 0.081899),0.879299 (0.797400 + 0.081899),0.879299 (0.797400 + 0.081899),0.879299 (0.797400 + 0.081899),0.879299 (0.797400 + 0.081899),0.879299 (0.797400 + 0.081899),0.879299 (0.797400 + 0.081899),0.879299 (0.797400 + 0.081899),0.879299 (0.797400 + 0.081899),0.847599 (0.765900 + 0.081699),0.865887 (0.783900 + 0.081987),0.868417 (0.786600 + 0.081817),0.879299 (0.797400 + 0.081899),0.879299 (0.797400 + 0.081899),0.879299 (0.797400 + 0.081899),0.879299 (0.797400 + 0.081899),0.879299 (0.797400 + 0.081899),0.879299 (0.797400 + 0.081899),0.879299 (0.797400 + 0.081899),0.879299 (0.797400 + 0.081899),0.879299 (0.797400 + 0.081899),0.879299 (0.797400 + 0.081899),0.879299 (0.797400 + 0.081899),0.879299 (0.797400 + 0.081899),0.879299 (0.797400 + 0.081899),0.870439 (0.788400 + 0.082039),0.879299 (0.797400 + 0.081899),0.879299 (0.797400 + 0.081899),0.879299 (0.797400 + 0.081899),0.879299 (0.797400 + 0.081899),0.879299 (0.797400 + 0.081899),0.879299 (0.797400 + 0.081899),0.879299 (0.797400 + 0.081899),0.879299 (0.797400 + 0.081899),0.879299 (0.797400 + 0.081899),0.853187 (0.771300 + 0.081887),0.879299 (0.797400 + 0.081899),0.879299 (0.797400 + 0.081899),0.879299 (0.797400 + 0.081899),0.879299 (0.797400 + 0.081899),0.879299 (0.797400 + 0.081899),0.879299 (0.797400 + 0.081899)
100,0.879299 (0.797400 + 0.081899),0.879299 (0.797400 + 0.081899),0.879299 (0.797400 + 0.081899),0.879299 (0.797400 + 0.081899),0.879299 (0.797400 + 0.081899),0.879299 (0.797400 + 0.081899),0.872036 (0.790200 + 0.081836),0.862236 (0.780300 + 0.081936),0.879299 (0.797400 + 0.081899),0.879299 (0.797400 + 0.081899),0.879299 (0.797400 + 0.081899),0.879299 (0.797400 + 0.081899),0.879299 (0.797400 + 0.081899),0.879299 (0.797400 + 0.081899),0.879299 (0.797400 + 0.081899),0.879299 (0.797400 + 0.081899),0.879299 (0.797400 + 0.081899),0.879299 (0.797400 + 0.081899),0.879299 (0.797400 + 0.081899),0.879299 (0.797400 + 0.081899),0.879299 (0.797400 + 0.081899),0.855088 (0.773100 + 0.081988),0.879299 (0.797400 + 0.081899),0.879299 (0.797400 + 0.081899),0.879299 (0.797400 + 0.081899),0.879299 (0.797400 + 0.081899),0.879299 (0.797400 + 0.081899),0.879299 (0.797400 + 0.081899),0.879299 (0.797400 + 0.081899),0.879299 (0.797400 + 0.081899),0.879299 (0.797400 + 0.081899),0.879299 (0.797400 + 0.081899),0.879299 (0.797400 + 0.081899),0.879299 (0.797400 + 0.081899),0.879299 (0.797400 + 0.081899),0.879299 (0.797400 + 0.081899),0.879299 (0.797400 + 0.081899),0.879299 (0.797400 + 0.081899),0.879299 (0.797400 + 0.081899),0.863051 (0.781200 + 0.081852),0.879299 (0.797400 + 0.081899),0.860212 (0.778500 + 0.081712),0.879299 (0.797400 + 0.081899),0.879299 (0.797400 + 0.081899),0.871231 (0.789300 + 0.081931),0.879299 (0.797400 + 0.081899),0.879299 (0.797400 + 0.081899),0.863093 (0.781200 + 0.081893),0.879299 (0.797400 + 0.081899),0.879299 (0.797400 + 0.081899),0.879299 (0.797400 + 0.081899),0.879299 (0.797400 + 0.081899),0.879299 (0.797400 + 0.081899),0.879299 (0.797400 + 0.081899),0.879299 (0.797400 + 0.081899),0.860205 (0.778500 + 0.081705),0.879299 (0.797400 + 0.081899),0.879299 (0.797400 + 0.081899),0.871263 (0.789300 + 0.081963),0.879299 (0.797400 + 0.081899),0.879299 (0.797400 + 0.081899),0.879299 (0.797400 + 0.081899),0.879299 (0.797400 + 0.081899),0.879299 (0.797400 + 0.081899),0.879299 (0.797400 + 0.081899),0.879299 (0.797400 + 0.081899),0.854977 (0.773100 + 0.081877),0.879299 (0.797400 + 0.081899),0.879299 (0.797400 + 0.081899),0.879299 (0.797400 + 0.081899),0.879299 (0.797400 + 0.081899),0.879299 (0.797400 + 0.081899),0.879299 (0.797400 + 0.081899),0.879299 (0.797400 + 0.081899),0.855626 (0.774000 + 0.081626),0.879299 (0.797400 + 0.081899),0.879299 (0.797400 + 0.081899),0.879299 (0.797400 + 0.081899),0.879299 (0.797400 + 0.081899),0.879299 (0.797400 + 0.081899),0.879299 (0.797400 + 0.081899),0.879299 (0.797400 + 0.081899),0.879299 (0.797400 + 0.081899),0.879299 (0.797400 + 0.081899),0.879299 (0.797400 + 0.081899),0.879299 (0.797400 + 0.081899),0.879299 (0.797400 + 0.081899),0.879299 (0.797400 + 0.081899),0.879299 (0.797400 + 0.081899),0.879299 (0.797400 + 0.081899),0.879299 (0.797400 + 0.081899),0.879299 (0.797400 + 0.081899),0.879299 (0.797400 + 0.081899),0.864793 (0.783000 + 0.081793),0.879299 (0.797400 + 0.081899),0.879299 (0.797400 + 0.081899),0.879299 (0.797400 + 0.081899),0.852840 (0.771300 + 0.081540),0.879299 (0.797400 + 0.081899),0.879299 (0.797400 + 0.081899)
101,0.879299 (0.797400 + 0.081899),0.879299 (0.797400 + 0.081899),0.879299 (0.797400 + 0.081899),0.879299 (0.797400 + 0.081899),0.879299 (0.797400 + 0.081899),0.879299 (0.797400 + 0.081899),0.879299 (0.797400 + 0.081899),0.879299 (0.797400 + 0.081899),0.879299 (0.797400 + 0.081899),0.873905 (0.792000 + 0.081905),0.864887 (0.783000 + 0.081887),0.862211 (0.780300 + 0.081911),0.879299 (0.797400 + 0.081899),0.879299 (0.797400 + 0.081899),0.879299 (0.797400 + 0.081899),0.879299 (0.797400 + 0.081899),0.879299 (0.797400 + 0.081899),0.879299 (0.797400 + 0.081899),0.879299 (0.797400 + 0.081899),0.877490 (0.795600 + 0.081890),0.870372 (0.788400 + 0.081972),0.879299 (0.797400 + 0.081899),0.856556 (0.774900 + 0.081656),0.879299 (0.797400 + 0.081899),0.879299 (0.797400 + 0.081899),0.879299 (0.797400 + 0.081899),0.879299 (0.797400 + 0.081899),0.873853 (0.792000 + 0.081853),0.861361 (0.779400 + 0.081961),0.879299 (0.797400 + 0.081899),0.879299 (0.797400 + 0.081899),0.879299 (0.797400 + 0.081899),0.879299 (0.797400 + 0.081899),0.879299 (0.797400 + 0.081899),0.879299 (0.797400 + 0.081899),0.879299 (0.797400 + 0.081899),0.879299 (0.797400 + 0.081899),0.853973 (0.772200 + 0.081773),0.879299 (0.797400 + 0.081899),0.879299 (0.797400 + 0.081899),0.879299 (0.797400 + 0.081899),0.879299 (0.797400 + 0.081899),0.854111 (0.772200 + 0.081912),0.867615 (0.785700 + 0.081915),0.879299 (0.797400 + 0.081899),0.879299 (0.797400 + 0.081899),0.879299 (0.797400 + 0.081899),0.879299 (0.797400 + 0.081899),0.879299 (0.797400 + 0.081899),0.879299 (0.797400 + 0.081899),0.879299 (0.797400 + 0.081899),0.879299 (0.797400 + 0.081899),0.879299 (0.797400 + 0.081899),0.879299 (0.797400 + 0.081899),0.879299 (0.797400 + 0.081899),0.879299 (0.797400 + 0.081899),0.879299 (0.797400 + 0.081899),0.879299 (0.797400 + 0.081899),0.860413 (0.778500 + 0.081913),0.879299 (0.797400 + 0.081899),0.879299 (0.797400 + 0.081899),0.860400 (0.778500 + 0.081900),0.879299 (0.797400 + 0.081899),0.879299 (0.797400 + 0.081899),0.879299 (0.797400 + 0.081899),0.879299 (0.797400 + 0.081899),0.879299 (0.797400 + 0.081899),0.879299 (0.797400 + 0.081899),0.879299 (0.797400 + 0.081899),0.879299 (0.797400 + 0.081899),0.879299 (0.797400 + 0.081899),0.879299 (0.797400 + 0.081899),0.879299 (0.797400 + 0.081899),0.879299 (0.797400 + 0.081899),0.879299 (0.797400 + 0.081899),0.879299 (0.797400 + 0.081899),0.879299 (0.797400 + 0.081899),0.879299 (0.797400 + 0.081899),0.879299 (0.797400 + 0.081899),0.879299 (0.797400 + 0.081899),0.879299 (0.797400 + 0.081899),0.879299 (0.797400 + 0.081899),0.873944 (0.792000 + 0.081943),0.879299 (0.797400 + 0.081899),0.879299 (0.797400 + 0.081899),0.879299 (0.797400 + 0.081899),0.879299 (0.797400 + 0.081899),0.879299 (0.797400 + 0.081899),0.879299 (0.797400 + 0.081899),0.879299 (0.797400 + 0.081899),0.879299 (0.797400 + 0.081899),0.879299 (0.797400 + 0.081899),0.879299 (0.797400 + 0.081899),0.879299 (0.797400 + 0.081899),0.860319 (0.778500 + 0.081819),0.879299 (0.797400 + 0.081899),0.860399 (0.778500 + 0.081899),0.879299 (0.797400 + 0.081899),0.879299 (0.797400 + 0.081899),0.879299 (0.797400 + 0.081899)
102,0.879299 (0.797400 + 0.081899),0.879299 (0.797400 + 0.081899),0.879299 (0.797400 + 0.081899),0.879299 (0.797400 + 0.081899),0.879299 (0.797400 + 0.081899),0.879299 (0.797400 + 0.081899),0.879299 (0.797400 + 0.081899),0.879299 (0.797400 + 0.081899),0.861288 (0.779400 + 0.081888),0.879299 (0.797400 + 0.081899),0.879299 (0.797400 + 0.081899),0.858564 (0.776700 + 0.081864),0.879299 (0.797400 + 0.081899),0.879299 (0.797400 + 0.081899),0.879299 (0.797400 + 0.081899),0.879299 (0.797400 + 0.081899),0.859337 (0.777600 + 0.081737),0.879299 (0.797400 + 0.081899),0.879299 (0.797400 + 0.081899),0.879299 (0.797400 + 0.081899),0.873829 (0.792000 + 0.081829),0.879299 (0.797400 + 0.081899),0.879299 (0.797400 + 0.081899),0.879299 (0.797400 + 0.081899),0.879299 (0.797400 + 0.081899),0.879299 (0.797400 + 0.081899),0.879299 (0.797400 + 0.081899),0.879299 (0.797400 + 0.081899),0.879299 (0.797400 + 0.081899),0.879299 (0.797400 + 0.081899),0.879299 (0.797400 + 0.081899),0.879299 (0.797400 + 0.081899),0.879299 (0.797400 + 0.081899),0.879299 (0.797400 + 0.081899),0.879299 (0.797400 + 0.081899),0.879299 (0.797400 + 0.081899),0.879299 (0.797400 + 0.081899),0.879299 (0.797400 + 0.081899),0.879299 (0.797400 + 0.081899),0.879299 (0.797400 + 0.081899),0.879299 (0.797400 + 0.081899),0.879299 (0.797400 + 0.081899),0.879299 (0.797400 + 0.081899),0.879299 (0.797400 + 0.081899),0.879299 (0.797400 + 0.081899),0.879299 (0.797400 + 0.081899),0.879299 (0.797400 + 0.081899),0.879299 (0.797400 + 0.081899),0.879299 (0.797400 + 0.081899),0.858546 (0.776700 + 0.081846),0.879299 (0.797400 + 0.081899),0.879299 (0.797400 + 0.081899),0.852531 (0.770400 + 0.082131),0.879299 (0.797400 + 0.081899),0.879299 (0.797400 + 0.081899),0.879299 (0.797400 + 0.081899),0.860308 (0.778500 + 0.081808),0.879299 (0.797400 + 0.081899),0.879299 (0.797400 + 0.081899),0.879299 (0.797400 + 0.081899),0.879299 (0.797400 + 0.081899),0.879299 (0.797400 + 0.081899),0.879299 (0.797400 + 0.081899),0.879299 (0.797400 + 0.081899),0.879299 (0.797400 + 0.081899),0.871983 (0.790200 + 0.081783),0.879299 (0.797400 + 0.081899),0.879299 (0.797400 + 0.081899),0.879299 (0.797400 + 0.081899),0.879299 (0.797400 + 0.081899),0.879299 (0.797400 + 0.081899),0.860356 (0.778500 + 0.081856),0.879299 (0.797400 + 0.081899),0.879299 (0.797400 + 0.081899),0.879299 (0.797400 + 0.081899),0.879299 (0.797400 + 0.081899),0.879299 (0.797400 + 0.081899),0.879299 (0.797400 + 0.081899),0.879299 (0.797400 + 0.081899),0.879299 (0.797400 + 0.081899),0.879299 (0.797400 + 0.081899),0.879299 (0.797400 + 0.081899),0.879299 (0.797400 + 0.081899),0.879299 (0.797400 + 0.081899),0.879299 (0.797400 + 0.081899),0.879299 (0.797400 + 0.081899),0.879299 (0.797400 + 0.081899),0.858656 (0.776700 + 0.081956),0.879299 (0.797400 + 0.081899),0.866629 (0.784800 + 0.081829),0.879299 (0.797400 + 0.081899),0.863812 (0.782100 + 0.081712),0.879299 (0.797400 + 0.081899),0.879299 (0.797400 + 0.081899),0.879299 (0.797400 + 0.081899),0.879299 (0.797400 + 0.081899),0.876606 (0.794700 + 0.081906),0.879299 (0.797400 + 0.081899),0.879299 (0.797400 + 0.081899),0.879299 (0.797400 + 0.081899)
103,0.879299 (0.797400 + 0.081899),0.879299 (0.797400 + 0.081899),0.879299 (0.797400 + 0.081899),0.879299 (0.797400 + 0.081899),0.879299 (0.797400 + 0.081899),0.879299 (0.797400 + 0.081899),0.879299 (0.797400 + 0.081899),0.879299 (0.797400 + 0.081899),0.879299 (0.797400 + 0.081899),0.879299 (0.797400 + 0.081899),0.879299 (0.797400 + 0.081899),0.879299 (0.797400 + 0.081899),0.879299 (0.797400 + 0.081899),0.879299 (0.797400 + 0.081899),0.879299 (0.797400 + 0.081899),0.879299 (0.797400 + 0.081899),0.879299 (0.797400 + 0.081899),0.879299 (0.797400 + 0.081899),0.870007 (0.788400 + 0.081606),0.867549 (0.785700 + 0.081849),0.879299 (0.797400 + 0.081899),0.879299 (0.797400 + 0.081899),0.879299 (0.797400 + 0.081899),0.879299 (0.797400 + 0.081899),0.879299 (0.797400 + 0.081899),0.879299 (0.797400 + 0.081899),0.879299 (0.797400 + 0.081899),0.879299 (0.797400 + 0.081899),0.879299 (0.797400 + 0.081899),0.879299 (0.797400 + 0.081899),0.879299 (0.797400 + 0.081899),0.868446 (0.786600 + 0.081846),0.879299 (0.797400 + 0.081899),0.879299 (0.797400 + 0.081899),0.879299 (0.797400 + 0.081899),0.879299 (0.797400 + 0.081899),0.879299 (0.797400 + 0.081899),0.879299 (0.797400 + 0.081899),0.879299 (0.797400 + 0.081899),0.879299 (0.797400 + 0.081899),0.879299 (0.797400 + 0.081899),0.879299 (0.797400 + 0.081899),0.879299 (0.797400 + 0.081899),0.879299 (0.797400 + 0.081899),0.879299 (0.797400 + 0.081899),0.879299 (0.797400 + 0.081899),0.879299 (0.797400 + 0.081899),0.879299 (0.797400 + 0.081899),0.879299 (0.797400 + 0.081899),0.879299 (0.797400 + 0.081899),0.879299 (0.797400 + 0.081899),0.879299 (0.797400 + 0.081899),0.879299 (0.797400 + 0.081899),0.879299 (0.797400 + 0.081899),0.879299 (0.797400 + 0.081899),0.879299 (0.797400 + 0.081899),0.879299 (0.797400 + 0.081899),0.853162 (0.771300 + 0.081862),0.868416 (0.786600 + 0.081816),0.879299 (0.797400 + 0.081899),0.879299 (0.797400 + 0.081899),0.879299 (0.797400 + 0.081899),0.879299 (0.797400 + 0.081899),0.879299 (0.797400 + 0.081899),0.879299 (0.797400 + 0.081899),0.879299 (0.797400 + 0.081899),0.879299 (0.797400 + 0.081899),0.863115 (0.781200 + 0.081915),0.879299 (0.797400 + 0.081899),0.879299 (0.797400 + 0.081899),0.863792 (0.782100 + 0.081692),0.879299 (0.797400 + 0.081899),0.879299 (0.797400 + 0.081899),0.879299 (0.797400 + 0.081899),0.879299 (0.797400 + 0.081899),0.879299 (0.797400 + 0.081899),0.879299 (0.797400 + 0.081899),0.879299 (0.797400 + 0.081899),0.879299 (0.797400 + 0.081899),0.879299 (0.797400 + 0.081899),0.879299 (0.797400 + 0.081899),0.879299 (0.797400 + 0.081899),0.879299 (0.797400 + 0.081899),0.879299 (0.797400 + 0.081899),0.879299 (0.797400 + 0.081899),0.879299 (0.797400 + 0.081899),0.879299 (0.797400 + 0.081899),0.879299 (0.797400 + 0.081899),0.879299 (0.797400 + 0.081899),0.879299 (0.797400 + 0.081899),0.879299 (0.797400 + 0.081899),0.879299 (0.797400 + 0.081899),0.879299 (0.797400 + 0.081899),0.874752 (0.792900 + 0.081852),0.876576 (0.794700 + 0.081876),0.879299 (0.797400 + 0.081899),0.856670 (0.774900 + 0.081770),0.860296 (0.778500 + 0.081796),0.859233 (0.777600 + 0.081633),0.879299 (0.797400 + 0.081899)
104,0.879299 (0.797400 + 0.081899),0.879299 (0.797400 + 0.081899),0.879299 (0.797400 + 0.081899),0.879299 (0.797400 + 0.081899),0.879299 (0.797400 + 0.081899),0.879299 (0.797400 + 0.081899),0.879299 (0.797400 + 0.081899),0.875602 (0.793800 + 0.081802),0.879299 (0.797400 + 0.081899),0.879299 (0.797400 + 0.081899),0.873909 (0.792000 + 0.081909),0.879299 (0.797400 + 0.081899),0.879299 (0.797400 + 0.081899),0.863961 (0.782100 + 0.081861),0.879299 (0.797400 + 0.081899),0.858463 (0.776700 + 0.081763),0.879299 (0.797400 + 0.081899),0.861209 (0.779400 + 0.081809),0.879299 (0.797400 + 0.081899),0.873809 (0.792000 + 0.081809),0.879299 (0.797400 + 0.081899),0.879299 (0.797400 + 0.081899),0.879299 (0.797400 + 0.081899),0.879299 (0.797400 + 0.081899),0.879299 (0.797400 + 0.081899),0.879299 (0.797400 + 0.081899),0.879299 (0.797400 + 0.081899),0.879299 (0.797400 + 0.081899),0.879299 (0.797400 + 0.081899),0.879299 (0.797400 + 0.081899),0.879299 (0.797400 + 0.081899),0.879299 (0.797400 + 0.081899),0.879299 (0.797400 + 0.081899),0.879299 (0.797400 + 0.081899),0.879299 (0.797400 + 0.081899),0.879299 (0.797400 + 0.081899),0.879299 (0.797400 + 0.081899),0.879299 (0.797400 + 0.081899),0.879299 (0.797400 + 0.081899),0.857559 (0.775800 + 0.081759),0.879299 (0.797400 + 0.081899),0.879299 (0.797400 + 0.081899),0.879299 (0.797400 + 0.081899),0.879299 (0.797400 + 0.081899),0.879299 (0.797400 + 0.081899),0.879299 (0.797400 + 0.081899),0.879299 (0.797400 + 0.081899),0.879299 (0.797400 + 0.081899),0.879299 (0.797400 + 0.081899),0.879299 (0.797400 + 0.081899),0.879299 (0.797400 + 0.081899),0.879299 (0.797400 + 0.081899),0.879299 (0.797400 + 0.081899),0.847736 (0.765900 + 0.081836),0.879299 (0.797400 + 0.081899),0.879299 (0.797400 + 0.081899),0.879299 (0.797400 + 0.081899),0.879299 (0.797400 + 0.081899),0.879299 (0.797400 + 0.081899),0.879299 (0.797400 + 0.081899),0.879299 (0.797400 + 0.081899),0.879299 (0.797400 + 0.081899),0.879299 (0.797400 + 0.081899),0.879299 (0.797400 + 0.081899),0.858525 (0.776700 + 0.081825),0.879299 (0.797400 + 0.081899),0.879299 (0.797400 + 0.081899),0.879299 (0.797400 + 0.081899),0.879299 (0.797400 + 0.081899),0.879299 (0.797400 + 0.081899),0.879299 (0.797400 + 0.081899),0.879299 (0.797400 + 0.081899),0.879299 (0.797400 + 0.081899),0.879299 (0.797400 + 0.081899),0.879299 (0.797400 + 0.081899),0.879299 (0.797400 + 0.081899),0.879299 (0.797400 + 0.081899),0.879299 (0.797400 + 0.081899),0.879299 (0.797400 + 0.081899),0.879299 (0.797400 + 0.081899),0.879299 (0.797400 + 0.081899),0.879299 (0.797400 + 0.081899),0.879299 (0.797400 + 0.081899),0.879299 (0.797400 + 0.081899),0.879299 (0.797400 + 0.081899),0.854128 (0.772200 + 0.081928),0.879299 (0.797400 + 0.081899),0.879299 (0.797400 + 0.081899),0.879299 (0.797400 + 0.081899),0.879299 (0.797400 + 0.081899),0.879299 (0.797400 + 0.081899),0.879299 (0.797400 + 0.081899),0.879299 (0.797400 + 0.081899),0.879299 (0.797400 + 0.081899),0.879299 (0.797400 + 0.081899),0.879299 (0.797400 + 0.081899),0.879299 (0.797400 + 0.081899),0.879299 (0.797400 + 0.081899),0.879299 (0.797400 + 0.081899),0.879299 (0.797400 + 0.081899)
105,0.879299 (0.797400 + 0.081899),0.879299 (0.797400 + 0.081899),0.879299 (0.797400 + 0.081899),0.879299 (0.797400 + 0.081899),0.879299 (0.797400 + 0.081899),0.879299 (0.797400 + 0.081899),0.879299 (0.797400 + 0.081899),0.879299 (0.797400 + 0.081899),0.879299 (0.797400 + 0.081899),0.879299 (0.797400 + 0.081899),0.865934 (0.783900 + 0.082034),0.879299 (0.797400 + 0.081899),0.879299 (0.797400 + 0.081899),0.879299 (0.797400 + 0.081899),0.879299 (0.797400 + 0.081899),0.879299 (0.797400 + 0.081899),0.879299 (0.797400 + 0.081899),0.879299 (0.797400 + 0.081899),0.879299 (0.797400 + 0.081899),0.879299 (0.797400 + 0.081899),0.879299 (0.797400 + 0.081899),0.879299 (0.797400 + 0.081899),0.863108 (0.781200 + 0.081908),0.879299 (0.797400 + 0.081899),0.879299 (0.797400 + 0.081899),0.879299 (0.797400 + 0.081899),0.866500 (0.784800 + 0.081700),0.879299 (0.797400 + 0.081899),0.863194 (0.781200 + 0.081994),0.879299 (0.797400 + 0.081899),0.879299 (0.797400 + 0.081899),0.879299 (0.797400 + 0.081899),0.859508 (0.777600 + 0.081908),0.879299 (0.797400 + 0.081899),0.879299 (0.797400 + 0.081899),0.879299 (0.797400 + 0.081899),0.879299 (0.797400 + 0.081899),0.879299 (0.797400 + 0.081899),0.879299 (0.797400 + 0.081899),0.864019 (0.782100 + 0.081919),0.879299 (0.797400 + 0.081899),0.879299 (0.797400 + 0.081899),0.879299 (0.797400 + 0.081899),0.879299 (0.797400 + 0.081899),0.879299 (0.797400 + 0.081899),0.879299 (0.797400 + 0.081899),0.879299 (0.797400 + 0.081899),0.879299 (0.797400 + 0.081899),0.879299 (0.797400 + 0.081899),0.879299 (0.797400 + 0.081899),0.879299 (0.797400 + 0.081899),0.879299 (0.797400 + 0.081899),0.879299 (0.797400 + 0.081899),0.879299 (0.797400 + 0.081899),0.879299 (0.797400 + 0.081899),0.879299 (0.797400 + 0.081899),0.879299 (0.797400 + 0.081899),0.879299 (0.797400 + 0.081899),0.879299 (0.797400 + 0.081899),0.879299 (0.797400 + 0.081899),0.879299 (0.797400 + 0.081899),0.879299 (0.797400 + 0.081899),0.879299 (0.797400 + 0.081899),0.879299 (0.797400 + 0.081899),0.879299 (0.797400 + 0.081899),0.879299 (0.797400 + 0.081899),0.879299 (0.797400 + 0.081899),0.879299 (0.797400 + 0.081899),0.879299 (0.797400 + 0.081899),0.879299 (0.797400 + 0.081899),0.879299 (0.797400 + 0.081899),0.879299 (0.797400 + 0.081899),0.879299 (0.797400 + 0.081899),0.879299 (0.797400 + 0.081899),0.879299 (0.797400 + 0.081899),0.879299 (0.797400 + 0.081899),0.879299 (0.797400 + 0.081899),0.879299 (0.797400 + 0.081899),0.879299 (0.797400 + 0.081899),0.879299 (0.797400 + 0.081899),0.879299 (0.797400 + 0.081899),0.879299 (0.797400 + 0.081899),0.879299 (0.797400 + 0.081899),0.879299 (0.797400 + 0.081899),0.879299 (0.797400 + 0.081899),0.862078 (0.780300 + 0.081778),0.872130 (0.790200 + 0.081930),0.879299 (0.797400 + 0.081899),0.879299 (0.797400 + 0.081899),0.879299 (0.797400 + 0.081899),0.875552 (0.793800 + 0.081752),0.879299 (0.797400 + 0.081899),0.879299 (0.797400 + 0.081899),0.879299 (0.797400 + 0.081899),0.879299 (0.797400 + 0.081899),0.879299 (0.797400 + 0.081899),0.879299 (0.797400 + 0.081899),0.879299 (0.797400 + 0.081899),0.879299 (0.797400 + 0.081899),0.879299 (0.797400 + 0.081899)
106,0.879299 (0.797400 + 0.081899),0.879299 (0.797400 + 0.081899),0.879299 (0.797400 + 0.081899),0.879299 (0.797400 + 0.081899),0.879299 (0.797400 + 0.081899),0.879299 (0.797400 + 0.081899),0.879299 (0.797400 + 0.081899),0.879299 (0.797400 + 0.081899),0.879299 (0.797400 + 0.081899),0.879299 (0.797400 + 0.081899),0.843145 (0.761400 + 0.081745),0.879299 (0.797400 + 0.081899),0.879299 (0.797400 + 0.081899),0.879299 (0.797400 + 0.081899),0.879299 (0.797400 + 0.081899),0.879299 (0.797400 + 0.081899),0.879299 (0.797400 + 0.081899),0.879299 (0.797400 + 0.081899),0.879299 (0.797400 + 0.081899),0.879299 (0.797400 + 0.081899),0.879299 (0.797400 + 0.081899),0.879299 (0.797400 + 0.081899),0.865665 (0.783900 + 0.081765),0.879299 (0.797400 + 0.081899),0.879299 (0.797400 + 0.081899),0.879299 (0.797400 + 0.081899),0.879299 (0.797400 + 0.081899),0.879299 (0.797400 + 0.081899),0.872900 (0.791100 + 0.081800),0.879299 (0.797400 + 0.081899),0.879299 (0.797400 + 0.081899),0.879299 (0.797400 + 0.081899),0.879299 (0.797400 + 0.081899),0.879299 (0.797400 + 0.081899),0.879299 (0.797400 + 0.081899),0.879299 (0.797400 + 0.081899),0.879299 (0.797400 + 0.081899),0.879299 (0.797400 + 0.081899),0.879299 (0.797400 + 0.081899),0.879299 (0.797400 + 0.081899),0.859504 (0.777600 + 0.081904),0.879299 (0.797400 + 0.081899),0.879299 (0.797400 + 0.081899),0.879299 (0.797400 + 0.081899),0.879299 (0.797400 + 0.081899),0.879299 (0.797400 + 0.081899),0.879299 (0.797400 + 0.081899),0.879299 (0.797400 + 0.081899),0.879299 (0.797400 + 0.081899),0.879299 (0.797400 + 0.081899),0.879299 (0.797400 + 0.081899),0.879299 (0.797400 + 0.081899),0.879299 (0.797400 + 0.081899),0.879299 (0.797400 + 0.081899),0.879299 (0.797400 + 0.081899),0.879299 (0.797400 + 0.081899),0.859449 (0.777600 + 0.081849),0.870311 (0.788400 + 0.081911),0.879299 (0.797400 + 0.081899),0.879299 (0.797400 + 0.081899),0.879299 (0.797400 + 0.081899),0.879299 (0.797400 + 0.081899),0.879299 (0.797400 + 0.081899),0.879299 (0.797400 + 0.081899),0.879299 (0.797400 + 0.081899),0.879299 (0.797400 + 0.081899),0.879299 (0.797400 + 0.081899),0.879299 (0.797400 + 0.081899),0.879299 (0.797400 + 0.081899),0.864012 (0.782100 + 0.081912),0.879299 (0.797400 + 0.081899),0.879299 (0.797400 + 0.081899),0.879299 (0.797400 + 0.081899),0.879299 (0.797400 + 0.081899),0.879299 (0.797400 + 0.081899),0.879299 (0.797400 + 0.081899),0.858567 (0.776700 + 0.081867),0.879299 (0.797400 + 0.081899),0.879299 (0.797400 + 0.081899),0.879299 (0.797400 + 0.081899),0.879299 (0.797400 + 0.081899),0.879299 (0.797400 + 0.081899),0.879299 (0.797400 + 0.081899),0.879299 (0.797400 + 0.081899),0.879299 (0.797400 + 0.081899),0.879299 (0.797400 + 0.081899),0.854189 (0.772200 + 0.081989),0.879299 (0.797400 + 0.081899),0.879299 (0.797400 + 0.081899),0.879299 (0.797400 + 0.081899),0.879299 (0.797400 + 0.081899),0.879299 (0.797400 + 0.081899),0.879299 (0.797400 + 0.081899),0.879299 (0.797400 + 0.081899),0.879299 (0.797400 + 0.081899),0.879299 (0.797400 + 0.081899),0.879299 (0.797400 + 0.081899),0.879299 (0.797400 + 0.081899),0.879299 (0.797400 + 0.081899),0.879299 (0.797400 + 0.081899)
107,0.879299 (0.797400 + 0.081899),0.879299 (0.797400 + 0.081899),0.879299 (0.797400 + 0.081899),0.879299 (0.797400 + 0.081899),0.879299 (0.797400 + 0.081899),0.879299 (0.797400 + 0.081899),0.879299 (0.797400 + 0.081899),0.879299 (0.797400 + 0.081899),0.879299 (0.797400 + 0.081899),0.879299 (0.797400 + 0.081899),0.879299 (0.797400 + 0.081899),0.879299 (0.797400 + 0.081899),0.879299 (0.797400 + 0.081899),0.879299 (0.797400 + 0.081899),0.866410 (0.784800 + 0.081611),0.879299 (0.797400 + 0.081899),0.864925 (0.783000 + 0.081925),0.879299 (0.797400 + 0.081899),0.879299 (0.797400 + 0.081899),0.879299 (0.797400 + 0.081899),0.879299 (0.797400 + 0.081899),0.879299 (0.797400 + 0.081899),0.879299 (0.797400 + 0.081899),0.879299 (0.797400 + 0.081899),0.879299 (0.797400 + 0.081899),0.879299 (0.797400 + 0.081899),0.858511 (0.776700 + 0.081811),0.879299 (0.797400 + 0.081899),0.879299 (0.797400 + 0.081899),0.879299 (0.797400 + 0.081899),0.879299 (0.797400 + 0.081899),0.879299 (0.797400 + 0.081899),0.879299 (0.797400 + 0.081899),0.879299 (0.797400 + 0.081899),0.879299 (0.797400 + 0.081899),0.865822 (0.783900 + 0.081922),0.879299 (0.797400 + 0.081899),0.879299 (0.797400 + 0.081899),0.879299 (0.797400 + 0.081899),0.879299 (0.797400 + 0.081899),0.862103 (0.780300 + 0.081803),0.879299 (0.797400 + 0.081899),0.879299 (0.797400 + 0.081899),0.879299 (0.797400 + 0.081899),0.879299 (0.797400 + 0.081899),0.879299 (0.797400 + 0.081899),0.879299 (0.797400 + 0.081899),0.879299 (0.797400 + 0.081899),0.879299 (0.797400 + 0.081899),0.879299 (0.797400 + 0.081899),0.879299 (0.797400 + 0.081899),0.879299 (0.797400 + 0.081899),0.879299 (0.797400 + 0.081899),0.879299 (0.797400 + 0.081899),0.879299 (0.797400 + 0.081899),0.879299 (0.797400 + 0.081899),0.879299 (0.797400 + 0.081899),0.879299 (0.797400 + 0.081899),0.879299 (0.797400 + 0.081899),0.879299 (0.797400 + 0.081899),0.879299 (0.797400 + 0.081899),0.879299 (0.797400 + 0.081899),0.879299 (0.797400 + 0.081899),0.861296 (0.779400 + 0.081896),0.879299 (0.797400 + 0.081899),0.879299 (0.797400 + 0.081899),0.879299 (0.797400 + 0.081899),0.879299 (0.797400 + 0.081899),0.879299 (0.797400 + 0.081899),0.879299 (0.797400 + 0.081899),0.879299 (0.797400 + 0.081899),0.879299 (0.797400 + 0.081899),0.879299 (0.797400 + 0.081899),0.879299 (0.797400 + 0.081899),0.879299 (0.797400 + 0.081899),0.879299 (0.797400 + 0.081899),0.879299 (0.797400 + 0.081899),0.879299 (0.797400 + 0.081899),0.879299 (0.797400 + 0.081899),0.879299 (0.797400 + 0.081899),0.879299 (0.797400 + 0.081899),0.879299 (0.797400 + 0.081899),0.879299 (0.797400 + 0.081899),0.879299 (0.797400 + 0.081899),0.879299 (0.797400 + 0.081899),0.879299 (0.797400 + 0.081899),0.879299 (0.797400 + 0.081899),0.879299 (0.797400 + 0.081899),0.867606 (0.785700 + 0.081906),0.879299 (0.797400 + 0.081899),0.879299 (0.797400 + 0.081899),0.879299 (0.797400 + 0.081899),0.879299 (0.797400 + 0.081899),0.864935 (0.783000 + 0.081935),0.879299 (0.797400 + 0.081899),0.874841 (0.792900 + 0.081941),0.861225 (0.779400 + 0.081825),0.879299 (0.797400 + 0.081899),0.859433 (0.777600 + 0.081833),0.879299 (0.797400 + 0.081899)
108,0.879299 (0.797400 + 0.081899),0.879299 (0.797400 + 0.081899),0.879299 (0.797400 + 0.081899),0.879299 (0.797400 + 0.081899),0.879299 (0.797400 + 0.081899),0.879299 (0.797400 + 0.081899),0.879299 (0.797400 + 0.081899),0.879299 (0.797400 + 0.081899),0.879299 (0.797400 + 0.081899),0.879299 (0.797400 + 0.081899),0.879299 (0.797400 + 0.081899),0.879299 (0.797400 + 0.081899),0.879299 (0.797400 + 0.081899),0.879299 (0.797400 + 0.081899),0.879299 (0.797400 + 0.081899),0.879299 (0.797400 + 0.081899),0.879299 (0.797400 + 0.081899),0.879299 (0.797400 + 0.081899),0.879299 (0.797400 + 0.081899),0.866703 (0.784800 + 0.081903),0.876621 (0.794700 + 0.081921),0.879299 (0.797400 + 0.081899),0.879299 (0.797400 + 0.081899),0.879299 (0.797400 + 0.081899),0.879299 (0.797400 + 0.081899),0.879299 (0.797400 + 0.081899),0.879299 (0.797400 + 0.081899),0.877489 (0.795600 + 0.081889),0.858513 (0.776700 + 0.081813),0.879299 (0.797400 + 0.081899),0.879299 (0.797400 + 0.081899),0.879299 (0.797400 + 0.081899),0.879299 (0.797400 + 0.081899),0.879299 (0.797400 + 0.081899),0.879299 (0.797400 + 0.081899),0.879299 (0.797400 + 0.081899),0.879299 (0.797400 + 0.081899),0.879299 (0.797400 + 0.081899),0.879299 (0.797400 + 0.081899),0.879299 (0.797400 + 0.081899),0.879299 (0.797400 + 0.081899),0.858719 (0.776700 + 0.082019),0.879299 (0.797400 + 0.081899),0.879299 (0.797400 + 0.081899),0.879299 (0.797400 + 0.081899),0.879299 (0.797400 + 0.081899),0.879299 (0.797400 + 0.081899),0.869531 (0.787500 + 0.082031),0.879299 (0.797400 + 0.081899),0.879299 (0.797400 + 0.081899),0.879299 (0.797400 + 0.081899),0.879299 (0.797400 + 0.081899),0.879299 (0.797400 + 0.081899),0.879299 (0.797400 + 0.081899),0.879299 (0.797400 + 0.081899),0.879299 (0.797400 + 0.081899),0.879299 (0.797400 + 0.081899),0.879299 (0.797400 + 0.081899),0.879299 (0.797400 + 0.081899),0.879299 (0.797400 + 0.081899),0.879299 (0.797400 + 0.081899),0.879299 (0.797400 + 0.081899),0.879299 (0.797400 + 0.081899),0.879299 (0.797400 + 0.081899),0.879299 (0.797400 + 0.081899),0.879299 (0.797400 + 0.081899),0.879299 (0.797400 + 0.081899),0.879299 (0.797400 + 0.081899),0.879299 (0.797400 + 0.081899),0.879299 (0.797400 + 0.081899),0.879299 (0.797400 + 0.081899),0.879299 (0.797400 + 0.081899),0.879299 (0.797400 + 0.081899),0.879299 (0.797400 + 0.081899),0.879299 (0.797400 + 0.081899),0.879299 (0.797400 + 0.081899),0.879299 (0.797400 + 0.081899),0.879299 (0.797400 + 0.081899),0.879299 (0.797400 + 0.081899),0.879299 (0.797400 + 0.081899),0.879299 (0.797400 + 0.081899),0.879299 (0.797400 + 0.081899),0.879299 (0.797400 + 0.081899),0.879299 (0.797400 + 0.081899),0.879299 (0.797400 + 0.081899),0.879299 (0.797400 + 0.081899),0.854769 (0.773100 + 0.081669),0.879299 (0.797400 + 0.081899),0.879299 (0.797400 + 0.081899),0.879299 (0.797400 + 0.081899),0.879299 (0.797400 + 0.081899),0.879299 (0.797400 + 0.081899),0.879299 (0.797400 + 0.081899),0.879299 (0.797400 + 0.081899),0.879299 (0.797400 + 0.081899),0.879299 (0.797400 + 0.081899),0.879299 (0.797400 + 0.081899),0.879299 (0.797400 + 0.081899),0.879299 (0.797400 + 0.081899),0.879299 (0.797400 + 0.081899)
109,0.879299 (0.797400 + 0.081899),0.879299 (0.797400 + 0.081899),0.879299 (0.797400 + 0.081899),0.879299 (0.797400 + 0.081899),0.879299 (0.797400 + 0.081899),0.879299 (0.797400 + 0.081899),0.879299 (0.797400 + 0.081899),0.879299 (0.797400 + 0.081899),0.879299 (0.797400 + 0.081899),0.879299 (0.797400 + 0.081899),0.879299 (0.797400 + 0.081899),0.879299 (0.797400 + 0.081899),0.879299 (0.797400 + 0.081899),0.879299 (0.797400 + 0.081899),0.879299 (0.797400 + 0.081899),0.879299 (0.797400 + 0.081899),0.879299 (0.797400 + 0.081899),0.879299 (0.797400 + 0.081899),0.879299 (0.797400 + 0.081899),0.879299 (0.797400 + 0.081899),0.879299 (0.797400 + 0.081899),0.879299 (0.797400 + 0.081899),0.879299 (0.797400 + 0.081899),0.879299 (0.797400 + 0.081899),0.879299 (0.797400 + 0.081899),0.879299 (0.797400 + 0.081899),0.879299 (0.797400 + 0.081899),0.879299 (0.797400 + 0.081899),0.879299 (0.797400 + 0.081899),0.861243 (0.779400 + 0.081843),0.879299 (0.797400 + 0.081899),0.879299 (0.797400 + 0.081899),0.879299 (0.797400 + 0.081899),0.879299 (0.797400 + 0.081899),0.879299 (0.797400 + 0.081899),0.879299 (0.797400 + 0.081899),0.874735 (0.792900 + 0.081835),0.879299 (0.797400 + 0.081899),0.879299 (0.797400 + 0.081899),0.868428 (0.786600 + 0.081828),0.879299 (0.797400 + 0.081899),0.879299 (0.797400 + 0.081899),0.879299 (0.797400 + 0.081899),0.879299 (0.797400 + 0.081899),0.858662 (0.776700 + 0.081962),0.879299 (0.797400 + 0.081899),0.866520 (0.784800 + 0.081720),0.879299 (0.797400 + 0.081899),0.879299 (0.797400 + 0.081899),0.861357 (0.779400 + 0.081957),0.879299 (0.797400 + 0.081899),0.879299 (0.797400 + 0.081899),0.879299 (0.797400 + 0.081899),0.879299 (0.797400 + 0.081899),0.879299 (0.797400 + 0.081899),0.879299 (0.797400 + 0.081899),0.879299 (0.797400 + 0.081899),0.879299 (0.797400 + 0.081899),0.879299 (0.797400 + 0.081899),0.879299 (0.797400 + 0.081899),0.879299 (0.797400 + 0.081899),0.879299 (0.797400 + 0.081899),0.879299 (0.797400 + 0.081899),0.879299 (0.797400 + 0.081899),0.879299 (0.797400 + 0.081899),0.879299 (0.797400 + 0.081899),0.879299 (0.797400 + 0.081899),0.879299 (0.797400 + 0.081899),0.879299 (0.797400 + 0.081899),0.865628 (0.783900 + 0.081728),0.879299 (0.797400 + 0.081899),0.879299 (0.797400 + 0.081899),0.879299 (0.797400 + 0.081899),0.879299 (0.797400 + 0.081899),0.862075 (0.780300 + 0.081775),0.879299 (0.797400 + 0.081899),0.879299 (0.797400 + 0.081899),0.879299 (0.797400 + 0.081899),0.879299 (0.797400 + 0.081899),0.879299 (0.797400 + 0.081899),0.879299 (0.797400 + 0.081899),0.879299 (0.797400 + 0.081899),0.879299 (0.797400 + 0.081899),0.879299 (0.797400 + 0.081899),0.879299 (0.797400 + 0.081899),0.879299 (0.797400 + 0.081899),0.879299 (0.797400 + 0.081899),0.879299 (0.797400 + 0.081899),0.879299 (0.797400 + 0.081899),0.879299 (0.797400 + 0.081899),0.879299 (0.797400 + 0.081899),0.879299 (0.797400 + 0.081899),0.879299 (0.797400 + 0.081899),0.879299 (0.797400 + 0.081899),0.879299 (0.797400 + 0.081899),0.879299 (0.797400 + 0.081899),0.879299 (0.797400 + 0.081899),0.879299 (0.797400 + 0.081899),0.879299 (0.797400 + 0.081899),0.879299 (0.797400 + 0.081899)
110,0.879299 (0.797400 + 0.081899),0.879299 (0.797400 + 0.081899),0.879299 (0.797400 + 0.081899),0.879299 (0.797400 + 0.081899),0.879299 (0.797400 + 0.081899),0.879299 (0.797400 + 0.081899),0.879299 (0.797400 + 0.081899),0.879299 (0.797400 + 0.081899),0.856685 (0.774900 + 0.081785),0.879299 (0.797400 + 0.081899),0.879299 (0.797400 + 0.081899),0.879299 (0.797400 + 0.081899),0.879299 (0.797400 + 0.081899),0.879299 (0.797400 + 0.081899),0.879299 (0.797400 + 0.081899),0.879299 (0.797400 + 0.081899),0.879299 (0.797400 + 0.081899),0.864695 (0.783000 + 0.081696),0.879299 (0.797400 + 0.081899),0.879299 (0.797400 + 0.081899),0.879299 (0.797400 + 0.081899),0.852295 (0.770400 + 0.081895),0.877433 (0.795600 + 0.081833),0.879299 (0.797400 + 0.081899),0.879299 (0.797400 + 0.081899),0.879299 (0.797400 + 0.081899),0.879299 (0.797400 + 0.081899),0.879299 (0.797400 + 0.081899),0.879299 (0.797400 + 0.081899),0.879299 (0.797400 + 0.081899),0.879299 (0.797400 + 0.081899),0.879299 (0.797400 + 0.081899),0.879299 (0.797400 + 0.081899),0.879299 (0.797400 + 0.081899),0.856745 (0.774900 + 0.081845),0.879299 (0.797400 + 0.081899),0.879299 (0.797400 + 0.081899),0.879299 (0.797400 + 0.081899),0.879299 (0.797400 + 0.081899),0.879299 (0.797400 + 0.081899),0.879299 (0.797400 + 0.081899),0.852098 (0.770400 + 0.081698),0.879299 (0.797400 + 0.081899),0.879299 (0.797400 + 0.081899),0.860307 (0.778500 + 0.081807),0.879299 (0.797400 + 0.081899),0.879299 (0.797400 + 0.081899),0.879299 (0.797400 + 0.081899),0.879299 (0.797400 + 0.081899),0.879299 (0.797400 + 0.081899),0.879299 (0.797400 + 0.081899),0.879299 (0.797400 + 0.081899),0.879299 (0.797400 + 0.081899),0.863088 (0.781200 + 0.081888),0.879299 (0.797400 + 0.081899),0.879299 (0.797400 + 0.081899),0.879299 (0.797400 + 0.081899),0.879299 (0.797400 + 0.081899),0.879299 (0.797400 + 0.081899),0.879299 (0.797400 + 0.081899),0.879299 (0.797400 + 0.081899),0.879299 (0.797400 + 0.081899),0.879299 (0.797400 + 0.081899),0.879299 (0.797400 + 0.081899),0.879299 (0.797400 + 0.081899),0.879299 (0.797400 + 0.081899),0.864928 (0.783000 + 0.081928),0.879299 (0.797400 + 0.081899),0.879299 (0.797400 + 0.081899),0.879299 (0.797400 + 0.081899),0.879299 (0.797400 + 0.081899),0.879299 (0.797400 + 0.081899),0.879299 (0.797400 + 0.081899),0.879299 (0.797400 + 0.081899),0.879299 (0.797400 + 0.081899),0.866665 (0.784800 + 0.081865),0.879299 (0.797400 + 0.081899),0.879299 (0.797400 + 0.081899),0.879299 (0.797400 + 0.081899),0.879299 (0.797400 + 0.081899),0.879299 (0.797400 + 0.081899),0.879299 (0.797400 + 0.081899),0.879299 (0.797400 + 0.081899),0.879299 (0.797400 + 0.081899),0.879299 (0.797400 + 0.081899),0.879299 (0.797400 + 0.081899),0.869465 (0.787500 + 0.081965),0.879299 (0.797400 + 0.081899),0.859519 (0.777600 + 0.081919),0.879299 (0.797400 + 0.081899),0.853004 (0.771300 + 0.081704),0.879299 (0.797400 + 0.081899),0.851292 (0.769500 + 0.081792),0.879299 (0.797400 + 0.081899),0.868429 (0.786600 + 0.081829),0.879299 (0.797400 + 0.081899),0.879299 (0.797400 + 0.081899),0.879299 (0.797400 + 0.081899),0.857466 (0.775800 + 0.081666),0.867477 (0.785700 + 0.081777)
111,0.879299 (0.797400 + 0.081899),0.879299 (0.797400 + 0.081899),0.879299 (0.797400 + 0.081899),0.879299 (0.797400 + 0.081899),0.879299 (0.797400 + 0.081899),0.879299 (0.797400 + 0.081899),0.879299 (0.797400 + 0.081899),0.879299 (0.797400 + 0.081899),0.879299 (0.797400 + 0.081899),0.879299 (0.797400 + 0.081899),0.879299 (0.797400 + 0.081899),0.879299 (0.797400 + 0.081899),0.879299 (0.797400 + 0.081899),0.845934 (0.764100 + 0.081834),0.879299 (0.797400 + 0.081899),0.851304 (0.769500 + 0.081804),0.879299 (0.797400 + 0.081899),0.879299 (0.797400 + 0.081899),0.879299 (0.797400 + 0.081899),0.879299 (0.797400 + 0.081899),0.853972 (0.772200 + 0.081772),0.879299 (0.797400 + 0.081899),0.879299 (0.797400 + 0.081899),0.876566 (0.794700 + 0.081866),0.865799 (0.783900 + 0.081899),0.847795 (0.765900 + 0.081895),0.879299 (0.797400 + 0.081899),0.879299 (0.797400 + 0.081899),0.879299 (0.797400 + 0.081899),0.879299 (0.797400 + 0.081899),0.879299 (0.797400 + 0.081899),0.879299 (0.797400 + 0.081899),0.879299 (0.797400 + 0.081899),0.879299 (0.797400 + 0.081899),0.843250 (0.761400 + 0.081850),0.879299 (0.797400 + 0.081899),0.879299 (0.797400 + 0.081899),0.879299 (0.797400 + 0.081899),0.879299 (0.797400 + 0.081899),0.845885 (0.764100 + 0.081785),0.864054 (0.782100 + 0.081954),0.862954 (0.781200 + 0.081754),0.879299 (0.797400 + 0.081899),0.879299 (0.797400 + 0.081899),0.879299 (0.797400 + 0.081899),0.879299 (0.797400 + 0.081899),0.879299 (0.797400 + 0.081899),0.879299 (0.797400 + 0.081899),0.879299 (0.797400 + 0.081899),0.871029 (0.789300 + 0.081729),0.879299 (0.797400 + 0.081899),0.879299 (0.797400 + 0.081899),0.879299 (0.797400 + 0.081899),0.879299 (0.797400 + 0.081899),0.879299 (0.797400 + 0.081899),0.879299 (0.797400 + 0.081899),0.879299 (0.797400 + 0.081899),0.879299 (0.797400 + 0.081899),0.879299 (0.797400 + 0.081899),0.871181 (0.789300 + 0.081881),0.879299 (0.797400 + 0.081899),0.869348 (0.787500 + 0.081848),0.859316 (0.777600 + 0.081716),0.879299 (0.797400 + 0.081899),0.879299 (0.797400 + 0.081899),0.879299 (0.797400 + 0.081899),0.879299 (0.797400 + 0.081899),0.879299 (0.797400 + 0.081899),0.879299 (0.797400 + 0.081899),0.879299 (0.797400 + 0.081899),0.879299 (0.797400 + 0.081899),0.879299 (0.797400 + 0.081899),0.879299 (0.797400 + 0.081899),0.879299 (0.797400 + 0.081899),0.879299 (0.797400 + 0.081899),0.879299 (0.797400 + 0.081899),0.879299 (0.797400 + 0.081899),0.879299 (0.797400 + 0.081899),0.879299 (0.797400 + 0.081899),0.867673 (0.785700 + 0.081973),0.879299 (0.797400 + 0.081899),0.879299 (0.797400 + 0.081899),0.879299 (0.797400 + 0.081899),0.879299 (0.797400 + 0.081899),0.879299 (0.797400 + 0.081899),0.879299 (0.797400 + 0.081899),0.879299 (0.797400 + 0.081899),0.879299 (0.797400 + 0.081899),0.879299 (0.797400 + 0.081899),0.874001 (0.792000 + 0.082001),0.879299 (0.797400 + 0.081899),0.879299 (0.797400 + 0.081899),0.879299 (0.797400 + 0.081899),0.867625 (0.785700 + 0.081925),0.870204 (0.788400 + 0.081804),0.879299 (0.797400 + 0.081899),0.879299 (0.797400 + 0.081899),0.879299 (0.797400 + 0.081899),0.879299 (0.797400 + 0.081899),0.879299 (0.797400 + 0.081899)
112,0.879299 (0.797400 + 0.081899),0.879299 (0.797400 + 0.081899),0.879299 (0.797400 + 0.081899),0.879299 (0.797400 + 0.081899),0.879299 (0.797400 + 0.081899),0.859325 (0.777600 + 0.081725),0.860498 (0.778500 + 0.081998),0.879299 (0.797400 + 0.081899),0.879299 (0.797400 + 0.081899),0.879299 (0.797400 + 0.081899),0.879299 (0.797400 + 0.081899),0.879299 (0.797400 + 0.081899),0.879299 (0.797400 + 0.081899),0.879299 (0.797400 + 0.081899),0.879299 (0.797400 + 0.081899),0.879299 (0.797400 + 0.081899),0.879299 (0.797400 + 0.081899),0.872928 (0.791100 + 0.081828),0.877552 (0.795600 + 0.081952),0.879299 (0.797400 + 0.081899),0.866727 (0.784800 + 0.081927),0.879299 (0.797400 + 0.081899),0.879299 (0.797400 + 0.081899),0.879299 (0.797400 + 0.081899),0.874001 (0.792000 + 0.082001),0.879299 (0.797400 + 0.081899),0.865799 (0.783900 + 0.081899),0.879299 (0.797400 + 0.081899),0.879299 (0.797400 + 0.081899),0.879299 (0.797400 + 0.081899),0.879299 (0.797400 + 0.081899),0.879299 (0.797400 + 0.081899),0.860333 (0.778500 + 0.081833),0.879299 (0.797400 + 0.081899),0.879299 (0.797400 + 0.081899),0.879299 (0.797400 + 0.081899),0.879299 (0.797400 + 0.081899),0.858477 (0.776700 + 0.081777),0.879299 (0.797400 + 0.081899),0.879299 (0.797400 + 0.081899),0.866752 (0.784800 + 0.081952),0.879299 (0.797400 + 0.081899),0.879299 (0.797400 + 0.081899),0.855738 (0.774000 + 0.081738),0.879299 (0.797400 + 0.081899),0.879299 (0.797400 + 0.081899),0.879299 (0.797400 + 0.081899),0.879299 (0.797400 + 0.081899),0.879299 (0.797400 + 0.081899),0.879299 (0.797400 + 0.081899),0.855738 (0.774000 + 0.081738),0.879299 (0.797400 + 0.081899),0.879299 (0.797400 + 0.081899),0.879299 (0.797400 + 0.081899),0.879299 (0.797400 + 0.081899),0.879299 (0.797400 + 0.081899),0.879299 (0.797400 + 0.081899),0.879299 (0.797400 + 0.081899),0.879299 (0.797400 + 0.081899),0.879299 (0.797400 + 0.081899),0.879299 (0.797400 + 0.081899),0.859305 (0.777600 + 0.081705),0.879299 (0.797400 + 0.081899),0.879299 (0.797400 + 0.081899),0.864018 (0.782100 + 0.081918),0.879299 (0.797400 + 0.081899),0.879299 (0.797400 + 0.081899),0.879299 (0.797400 + 0.081899),0.879299 (0.797400 + 0.081899),0.853434 (0.771300 + 0.082134),0.862963 (0.781200 + 0.081763),0.879299 (0.797400 + 0.081899),0.879299 (0.797400 + 0.081899),0.879299 (0.797400 + 0.081899),0.879299 (0.797400 + 0.081899),0.879299 (0.797400 + 0.081899),0.879299 (0.797400 + 0.081899),0.879299 (0.797400 + 0.081899),0.879299 (0.797400 + 0.081899),0.879299 (0.797400 + 0.081899),0.879299 (0.797400 + 0.081899),0.868421 (0.786600 + 0.081821),0.879299 (0.797400 + 0.081899),0.879299 (0.797400 + 0.081899),0.852139 (0.770400 + 0.081739),0.879299 (0.797400 + 0.081899),0.879299 (0.797400 + 0.081899),0.879299 (0.797400 + 0.081899),0.879299 (0.797400 + 0.081899),0.879299 (0.797400 + 0.081899),0.879299 (0.797400 + 0.081899),0.879299 (0.797400 + 0.081899),0.879299 (0.797400 + 0.081899),0.879299 (0.797400 + 0.081899),0.879299 (0.797400 + 0.081899),0.879299 (0.797400 + 0.081899),0.879299 (0.797400 + 0.081899),0.879299 (0.797400 + 0.081899),0.879299 (0.797400 + 0.081899),0.863888 (0.782100 + 0.081788)
113,0.879299 (0.797400 + 0.081899),0.879299 (0.797400 + 0.081899),0.879299 (0.797400 + 0.081899),0.879299 (0.797400 + 0.081899),0.879299 (0.797400 + 0.081899),0.866621 (0.784800 + 0.081821),0.877552 (0.795600 + 0.081952),0.865799 (0.783900 + 0.081899),0.879299 (0.797400 + 0.081899),0.879299 (0.797400 + 0.081899),0.879299 (0.797400 + 0.081899),0.879299 (0.797400 + 0.081899),0.879299 (0.797400 + 0.081899),0.859423 (0.777600 + 0.081823),0.870462 (0.788400 + 0.082062),0.879299 (0.797400 + 0.081899),0.879299 (0.797400 + 0.081899),0.879299 (0.797400 + 0.081899),0.879299 (0.797400 + 0.081899),0.879299 (0.797400 + 0.081899),0.879299 (0.797400 + 0.081899),0.879299 (0.797400 + 0.081899),0.860412 (0.778500 + 0.081912),0.879299 (0.797400 + 0.081899),0.879299 (0.797400 + 0.081899),0.879299 (0.797400 + 0.081899),0.879299 (0.797400 + 0.081899),0.879299 (0.797400 + 0.081899),0.879299 (0.797400 + 0.081899),0.879299 (0.797400 + 0.081899),0.879299 (0.797400 + 0.081899),0.879299 (0.797400 + 0.081899),0.879299 (0.797400 + 0.081899),0.879299 (0.797400 + 0.081899),0.879299 (0.797400 + 0.081899),0.869376 (0.787500 + 0.081876),0.880144 (0.798300 + 0.081844),0.879299 (0.797400 + 0.081899),0.879299 (0.797400 + 0.081899),0.879299 (0.797400 + 0.081899),0.879299 (0.797400 + 0.081899),0.879299 (0.797400 + 0.081899),0.879299 (0.797400 + 0.081899),0.879299 (0.797400 + 0.081899),0.867535 (0.785700 + 0.081835),0.858709 (0.776700 + 0.082009),0.879299 (0.797400 + 0.081899),0.860257 (0.778500 + 0.081757),0.879299 (0.797400 + 0.081899),0.879299 (0.797400 + 0.081899),0.879299 (0.797400 + 0.081899),0.879299 (0.797400 + 0.081899),0.866762 (0.784800 + 0.081962),0.879299 (0.797400 + 0.081899),0.865952 (0.783900 + 0.082052),0.879299 (0.797400 + 0.081899),0.879299 (0.797400 + 0.081899),0.879299 (0.797400 + 0.081899),0.879299 (0.797400 + 0.081899),0.879299 (0.797400 + 0.081899),0.879299 (0.797400 + 0.081899),0.879299 (0.797400 + 0.081899),0.879299 (0.797400 + 0.081899),0.879299 (0.797400 + 0.081899),0.879299 (0.797400 + 0.081899),0.879299 (0.797400 + 0.081899),0.879299 (0.797400 + 0.081899),0.879299 (0.797400 + 0.081899),0.879299 (0.797400 + 0.081899),0.879299 (0.797400 + 0.081899),0.879299 (0.797400 + 0.081899),0.879299 (0.797400 + 0.081899),0.879299 (0.797400 + 0.081899),0.879299 (0.797400 + 0.081899),0.879299 (0.797400 + 0.081899),0.879299 (0.797400 + 0.081899),0.879299 (0.797400 + 0.081899),0.879299 (0.797400 + 0.081899),0.879299 (0.797400 + 0.081899),0.879299 (0.797400 + 0.081899),0.868421 (0.786600 + 0.081821),0.879299 (0.797400 + 0.081899),0.879299 (0.797400 + 0.081899),0.879299 (0.797400 + 0.081899),0.879299 (0.797400 + 0.081899),0.879299 (0.797400 + 0.081899),0.879299 (0.797400 + 0.081899),0.872042 (0.790200 + 0.081842),0.879299 (0.797400 + 0.081899),0.879299 (0.797400 + 0.081899),0.879299 (0.797400 + 0.081899),0.879299 (0.797400 + 0.081899),0.879299 (0.797400 + 0.081899),0.879299 (0.797400 + 0.081899),0.879299 (0.797400 + 0.081899),0.879299 (0.797400 + 0.081899),0.871174 (0.789300 + 0.081874),0.879299 (0.797400 + 0.081899),0.879299 (0.797400 + 0.081899),0.877422 (0.795600 + 0.081822)
114,0.880144 (0.798300 + 0.081844),0.879299 (0.797400 + 0.081899),0.879299 (0.797400 + 0.081899),0.879299 (0.797400 + 0.081899),0.879299 (0.797400 + 0.081899),0.879299 (0.797400 + 0.081899),0.879299 (0.797400 + 0.081899),0.869382 (0.787500 + 0.081882),0.875638 (0.793800 + 0.081838),0.879299 (0.797400 + 0.081899),0.879299 (0.797400 + 0.081899),0.879299 (0.797400 + 0.081899),0.879299 (0.797400 + 0.081899),0.879299 (0.797400 + 0.081899),0.879299 (0.797400 + 0.081899),0.879299 (0.797400 + 0.081899),0.869376 (0.787500 + 0.081876),0.879299 (0.797400 + 0.081899),0.879299 (0.797400 + 0.081899),0.879299 (0.797400 + 0.081899),0.879299 (0.797400 + 0.081899),0.879299 (0.797400 + 0.081899),0.879299 (0.797400 + 0.081899),0.879299 (0.797400 + 0.081899),0.879299 (0.797400 + 0.081899),0.879299 (0.797400 + 0.081899),0.879299 (0.797400 + 0.081899),0.879299 (0.797400 + 0.081899),0.879299 (0.797400 + 0.081899),0.879299 (0.797400 + 0.081899),0.879299 (0.797400 + 0.081899),0.879299 (0.797400 + 0.081899),0.879299 (0.797400 + 0.081899),0.879299 (0.797400 + 0.081899),0.856473 (0.774900 + 0.081573),0.879299 (0.797400 + 0.081899),0.879299 (0.797400 + 0.081899),0.869500 (0.787500 + 0.082000),0.867505 (0.785700 + 0.081805),0.879299 (0.797400 + 0.081899),0.879299 (0.797400 + 0.081899),0.870366 (0.788400 + 0.081966),0.877552 (0.795600 + 0.081952),0.879299 (0.797400 + 0.081899),0.879299 (0.797400 + 0.081899),0.879299 (0.797400 + 0.081899),0.879299 (0.797400 + 0.081899),0.871225 (0.789300 + 0.081925),0.879299 (0.797400 + 0.081899),0.879299 (0.797400 + 0.081899),0.879299 (0.797400 + 0.081899),0.879299 (0.797400 + 0.081899),0.879299 (0.797400 + 0.081899),0.879299 (0.797400 + 0.081899),0.866732 (0.784800 + 0.081932),0.879299 (0.797400 + 0.081899),0.879299 (0.797400 + 0.081899),0.879299 (0.797400 + 0.081899),0.879299 (0.797400 + 0.081899),0.879299 (0.797400 + 0.081899),0.879299 (0.797400 + 0.081899),0.879299 (0.797400 + 0.081899),0.879299 (0.797400 + 0.081899),0.879299 (0.797400 + 0.081899),0.879299 (0.797400 + 0.081899),0.879299 (0.797400 + 0.081899),0.879299 (0.797400 + 0.081899),0.879299 (0.797400 + 0.081899),0.879299 (0.797400 + 0.081899),0.879299 (0.797400 + 0.081899),0.879299 (0.797400 + 0.081899),0.862033 (0.780300 + 0.081733),0.879299 (0.797400 + 0.081899),0.879299 (0.797400 + 0.081899),0.879299 (0.797400 + 0.081899),0.879299 (0.797400 + 0.081899),0.879299 (0.797400 + 0.081899),0.879299 (0.797400 + 0.081899),0.879299 (0.797400 + 0.081899),0.879299 (0.797400 + 0.081899),0.879299 (0.797400 + 0.081899),0.879299 (0.797400 + 0.081899),0.879299 (0.797400 + 0.081899),0.879299 (0.797400 + 0.081899),0.879299 (0.797400 + 0.081899),0.879299 (0.797400 + 0.081899),0.855896 (0.774000 + 0.081896),0.879299 (0.797400 + 0.081899),0.879299 (0.797400 + 0.081899),0.879299 (0.797400 + 0.081899),0.879299 (0.797400 + 0.081899),0.879299 (0.797400 + 0.081899),0.879299 (0.797400 + 0.081899),0.879299 (0.797400 + 0.081899),0.879299 (0.797400 + 0.081899),0.879299 (0.797400 + 0.081899),0.879299 (0.797400 + 0.081899),0.854070 (0.772200 + 0.081870),0.879299 (0.797400 + 0.081899),0.879299 (0.797400 + 0.081899)
115,0.880144 (0.798300 + 0.081844),0.879299 (0.797400 + 0.081899),0.879299 (0.797400 + 0.081899),0.879299 (0.797400 + 0.081899),0.879299 (0.797400 + 0.081899),0.879299 (0.797400 + 0.081899),0.879299 (0.797400 + 0.081899),0.879299 (0.797400 + 0.081899),0.879299 (0.797400 + 0.081899),0.855830 (0.774000 + 0.081830),0.879299 (0.797400 + 0.081899),0.879299 (0.797400 + 0.081899),0.879299 (0.797400 + 0.081899),0.879299 (0.797400 + 0.081899),0.879299 (0.797400 + 0.081899),0.879299 (0.797400 + 0.081899),0.879299 (0.797400 + 0.081899),0.879299 (0.797400 + 0.081899),0.879299 (0.797400 + 0.081899),0.879299 (0.797400 + 0.081899),0.879299 (0.797400 + 0.081899),0.879299 (0.797400 + 0.081899),0.879299 (0.797400 + 0.081899),0.879299 (0.797400 + 0.081899),0.879299 (0.797400 + 0.081899),0.879299 (0.797400 + 0.081899),0.879299 (0.797400 + 0.081899),0.861213 (0.779400 + 0.081813),0.879299 (0.797400 + 0.081899),0.879299 (0.797400 + 0.081899),0.879299 (0.797400 + 0.081899),0.879299 (0.797400 + 0.081899),0.862069 (0.780300 + 0.081769),0.879299 (0.797400 + 0.081899),0.879299 (0.797400 + 0.081899),0.880144 (0.798300 + 0.081844),0.879299 (0.797400 + 0.081899),0.840419 (0.758700 + 0.081719),0.879299 (0.797400 + 0.081899),0.879299 (0.797400 + 0.081899),0.879299 (0.797400 + 0.081899),0.879299 (0.797400 + 0.081899),0.879299 (0.797400 + 0.081899),0.879299 (0.797400 + 0.081899),0.879299 (0.797400 + 0.081899),0.879299 (0.797400 + 0.081899),0.879299 (0.797400 + 0.081899),0.879299 (0.797400 + 0.081899),0.879299 (0.797400 + 0.081899),0.879299 (0.797400 + 0.081899),0.853052 (0.771300 + 0.081752),0.856686 (0.774900 + 0.081786),0.867505 (0.785700 + 0.081805),0.879299 (0.797400 + 0.081899),0.879299 (0.797400 + 0.081899),0.879299 (0.797400 + 0.081899),0.857725 (0.775800 + 0.081925),0.879299 (0.797400 + 0.081899),0.879299 (0.797400 + 0.081899),0.858378 (0.776700 + 0.081678),0.870178 (0.788400 + 0.081778),0.879299 (0.797400 + 0.081899),0.879299 (0.797400 + 0.081899),0.857546 (0.775800 + 0.081746),0.879299 (0.797400 + 0.081899),0.864661 (0.783000 + 0.081661),0.879299 (0.797400 + 0.081899),0.879299 (0.797400 + 0.081899),0.879299 (0.797400 + 0.081899),0.879299 (0.797400 + 0.081899),0.879124 (0.797400 + 0.081724),0.879299 (0.797400 + 0.081899),0.879299 (0.797400 + 0.081899),0.880144 (0.798300 + 0.081844),0.879299 (0.797400 + 0.081899),0.879299 (0.797400 + 0.081899),0.879299 (0.797400 + 0.081899),0.879321 (0.797400 + 0.081921),0.877407 (0.795600 + 0.081807),0.879299 (0.797400 + 0.081899),0.858575 (0.776700 + 0.081875),0.879299 (0.797400 + 0.081899),0.879299 (0.797400 + 0.081899),0.879299 (0.797400 + 0.081899),0.879299 (0.797400 + 0.081899),0.879299 (0.797400 + 0.081899),0.879299 (0.797400 + 0.081899),0.865864 (0.783900 + 0.081964),0.879299 (0.797400 + 0.081899),0.879299 (0.797400 + 0.081899),0.879299 (0.797400 + 0.081899),0.879299 (0.797400 + 0.081899),0.879299 (0.797400 + 0.081899),0.879299 (0.797400 + 0.081899),0.879299 (0.797400 + 0.081899),0.869392 (0.787500 + 0.081892),0.870339 (0.788400 + 0.081939),0.879299 (0.797400 + 0.081899),0.879299 (0.797400 + 0.081899),0.879299 (0.797400 + 0.081899)
116,0.880144 (0.798300 + 0.081844),0.880144 (0.798300 + 0.081844),0.880144 (0.798300 + 0.081844),0.867457 (0.785700 + 0.081757),0.879299 (0.797400 + 0.081899),0.866654 (0.784800 + 0.081854),0.879299 (0.797400 + 0.081899),0.879299 (0.797400 + 0.081899),0.879299 (0.797400 + 0.081899),0.879299 (0.797400 + 0.081899),0.879299 (0.797400 + 0.081899),0.879299 (0.797400 + 0.081899),0.879299 (0.797400 + 0.081899),0.879299 (0.797400 + 0.081899),0.879299 (0.797400 + 0.081899),0.879299 (0.797400 + 0.081899),0.879299 (0.797400 + 0.081899),0.879299 (0.797400 + 0.081899),0.879299 (0.797400 + 0.081899),0.879299 (0.797400 + 0.081899),0.879299 (0.797400 + 0.081899),0.879299 (0.797400 + 0.081899),0.879299 (0.797400 + 0.081899),0.879299 (0.797400 + 0.081899),0.879299 (0.797400 + 0.081899),0.879299 (0.797400 + 0.081899),0.879299 (0.797400 + 0.081899),0.879299 (0.797400 + 0.081899),0.879299 (0.797400 + 0.081899),0.879299 (0.797400 + 0.081899),0.879299 (0.797400 + 0.081899),0.879299 (0.797400 + 0.081899),0.879299 (0.797400 + 0.081899),0.879299 (0.797400 + 0.081899),0.862087 (0.780300 + 0.081787),0.879299 (0.797400 + 0.081899),0.879299 (0.797400 + 0.081899),0.879299 (0.797400 + 0.081899),0.879299 (0.797400 + 0.081899),0.879299 (0.797400 + 0.081899),0.879299 (0.797400 + 0.081899),0.866676 (0.784800 + 0.081876),0.879299 (0.797400 + 0.081899),0.879299 (0.797400 + 0.081899),0.858305 (0.776700 + 0.081605),0.865844 (0.783900 + 0.081945),0.879299 (0.797400 + 0.081899),0.878388 (0.796500 + 0.081888),0.878355 (0.796500 + 0.081855),0.879299 (0.797400 + 0.081899),0.879299 (0.797400 + 0.081899),0.879299 (0.797400 + 0.081899),0.879299 (0.797400 + 0.081899),0.879299 (0.797400 + 0.081899),0.879299 (0.797400 + 0.081899),0.879299 (0.797400 + 0.081899),0.879299 (0.797400 + 0.081899),0.879299 (0.797400 + 0.081899),0.879299 (0.797400 + 0.081899),0.879299 (0.797400 + 0.081899),0.879299 (0.797400 + 0.081899),0.858521 (0.776700 + 0.081821),0.879299 (0.797400 + 0.081899),0.879299 (0.797400 + 0.081899),0.857681 (0.775800 + 0.081881),0.879299 (0.797400 + 0.081899),0.879299 (0.797400 + 0.081899),0.879299 (0.797400 + 0.081899),0.879299 (0.797400 + 0.081899),0.879299 (0.797400 + 0.081899),0.879299 (0.797400 + 0.081899),0.879299 (0.797400 + 0.081899),0.879299 (0.797400 + 0.081899),0.880144 (0.798300 + 0.081844),0.879299 (0.797400 + 0.081899),0.862001 (0.780300 + 0.081701),0.879299 (0.797400 + 0.081899),0.879299 (0.797400 + 0.081899),0.879299 (0.797400 + 0.081899),0.863083 (0.781200 + 0.081883),0.879299 (0.797400 + 0.081899),0.879299 (0.797400 + 0.081899),0.879299 (0.797400 + 0.081899),0.879299 (0.797400 + 0.081899),0.879299 (0.797400 + 0.081899),0.879299 (0.797400 + 0.081899),0.879299 (0.797400 + 0.081899),0.878355 (0.796500 + 0.081855),0.878388 (0.796500 + 0.081888),0.879299 (0.797400 + 0.081899),0.879299 (0.797400 + 0.081899),0.879299 (0.797400 + 0.081899),0.879299 (0.797400 + 0.081899),0.879299 (0.797400 + 0.081899),0.879299 (0.797400 + 0.081899),0.879299 (0.797400 + 0.081899),0.879299 (0.797400 + 0.081899),0.879299 (0.797400 + 0.081899),0.879299 (0.797400 + 0.081899),0.879299 (0.797400 + 0.081899)
117,0.880144 (0.798300 + 0.081844),0.880144 (0.798300 + 0.081844),0.880144 (0.798300 + 0.081844),0.864819 (0.783000 + 0.081819),0.879299 (0.797400 + 0.081899),0.879299 (0.797400 + 0.081899),0.879299 (0.797400 + 0.081899),0.879299 (0.797400 + 0.081899),0.879299 (0.797400 + 0.081899),0.879299 (0.797400 + 0.081899),0.861149 (0.779400 + 0.081749),0.879299 (0.797400 + 0.081899),0.879299 (0.797400 + 0.081899),0.880144 (0.798300 + 0.081844),0.879299 (0.797400 + 0.081899),0.879299 (0.797400 + 0.081899),0.879299 (0.797400 + 0.081899),0.879299 (0.797400 + 0.081899),0.879299 (0.797400 + 0.081899),0.880144 (0.798300 + 0.081844),0.879299 (0.797400 + 0.081899),0.879299 (0.797400 + 0.081899),0.879299 (0.797400 + 0.081899),0.879299 (0.797400 + 0.081899),0.879299 (0.797400 + 0.081899),0.879299 (0.797400 + 0.081899),0.879299 (0.797400 + 0.081899),0.879299 (0.797400 + 0.081899),0.871160 (0.789300 + 0.081860),0.873860 (0.792000 + 0.081860),0.879299 (0.797400 + 0.081899),0.857563 (0.775800 + 0.081763),0.879299 (0.797400 + 0.081899),0.879299 (0.797400 + 0.081899),0.879299 (0.797400 + 0.081899),0.879299 (0.797400 + 0.081899),0.879299 (0.797400 + 0.081899),0.879299 (0.797400 + 0.081899),0.879299 (0.797400 + 0.081899),0.879299 (0.797400 + 0.081899),0.879299 (0.797400 + 0.081899),0.879299 (0.797400 + 0.081899),0.879299 (0.797400 + 0.081899),0.879299 (0.797400 + 0.081899),0.879299 (0.797400 + 0.081899),0.878388 (0.796500 + 0.081888),0.878355 (0.796500 + 0.081855),0.857610 (0.775800 + 0.081810),0.879299 (0.797400 + 0.081899),0.879299 (0.797400 + 0.081899),0.879299 (0.797400 + 0.081899),0.879299 (0.797400 + 0.081899),0.879299 (0.797400 + 0.081899),0.879299 (0.797400 + 0.081899),0.879299 (0.797400 + 0.081899),0.879299 (0.797400 + 0.081899),0.879299 (0.797400 + 0.081899),0.879299 (0.797400 + 0.081899),0.879299 (0.797400 + 0.081899),0.879299 (0.797400 + 0.081899),0.879299 (0.797400 + 0.081899),0.879299 (0.797400 + 0.081899),0.879299 (0.797400 + 0.081899),0.861111 (0.779400 + 0.081711),0.879299 (0.797400 + 0.081899),0.879299 (0.797400 + 0.081899),0.879299 (0.797400 + 0.081899),0.879299 (0.797400 + 0.081899),0.879299 (0.797400 + 0.081899),0.879299 (0.797400 + 0.081899),0.848752 (0.766800 + 0.081952),0.879299 (0.797400 + 0.081899),0.879299 (0.797400 + 0.081899),0.879299 (0.797400 + 0.081899),0.859416 (0.777600 + 0.081816),0.879299 (0.797400 + 0.081899),0.879299 (0.797400 + 0.081899),0.878355 (0.796500 + 0.081855),0.878388 (0.796500 + 0.081888),0.879299 (0.797400 + 0.081899),0.879299 (0.797400 + 0.081899),0.879299 (0.797400 + 0.081899),0.862109 (0.780300 + 0.081809),0.879299 (0.797400 + 0.081899),0.879299 (0.797400 + 0.081899),0.879299 (0.797400 + 0.081899),0.861137 (0.779400 + 0.081737),0.865755 (0.783900 + 0.081855),0.861266 (0.779400 + 0.081866),0.878355 (0.796500 + 0.081855),0.878388 (0.796500 + 0.081888),0.879299 (0.797400 + 0.081899),0.879299 (0.797400 + 0.081899),0.879299 (0.797400 + 0.081899),0.879299 (0.797400 + 0.081899),0.879299 (0.797400 + 0.081899),0.880144 (0.798300 + 0.081844),0.866704 (0.784800 + 0.081904),0.879299 (0.797400 + 0.081899),0.880144 (0.798300 + 0.081844)
118,0.880144 (0.798300 + 0.081844),0.880144 (0.798300 + 0.081844),0.880144 (0.798300 + 0.081844),0.879299 (0.797400 + 0.081899),0.879299 (0.797400 + 0.081899),0.879299 (0.797400 + 0.081899),0.879299 (0.797400 + 0.081899),0.879299 (0.797400 + 0.081899),0.879299 (0.797400 + 0.081899),0.867474 (0.785700 + 0.081774),0.880144 (0.798300 + 0.081844),0.879299 (0.797400 + 0.081899),0.879299 (0.797400 + 0.081899),0.879299 (0.797400 + 0.081899),0.879299 (0.797400 + 0.081899),0.879299 (0.797400 + 0.081899),0.879299 (0.797400 + 0.081899),0.864054 (0.782100 + 0.081954),0.879223 (0.797400 + 0.081823),0.879299 (0.797400 + 0.081899),0.879299 (0.797400 + 0.081899),0.879299 (0.797400 + 0.081899),0.857585 (0.775800 + 0.081785),0.878354 (0.796500 + 0.081854),0.879290 (0.797400 + 0.081890),0.879299 (0.797400 + 0.081899),0.879299 (0.797400 + 0.081899),0.861317 (0.779400 + 0.081917),0.879299 (0.797400 + 0.081899),0.878355 (0.796500 + 0.081855),0.878388 (0.796500 + 0.081888),0.879299 (0.797400 + 0.081899),0.879299 (0.797400 + 0.081899),0.880144 (0.798300 + 0.081844),0.879299 (0.797400 + 0.081899),0.879299 (0.797400 + 0.081899),0.879299 (0.797400 + 0.081899),0.872006 (0.790200 + 0.081806),0.858475 (0.776700 + 0.081775),0.879299 (0.797400 + 0.081899),0.879299 (0.797400 + 0.081899),0.879290 (0.797400 + 0.081890),0.877465 (0.795600 + 0.081865),0.879299 (0.797400 + 0.081899),0.879299 (0.797400 + 0.081899),0.874793 (0.792900 + 0.081893),0.872067 (0.790200 + 0.081867),0.879299 (0.797400 + 0.081899),0.879299 (0.797400 + 0.081899),0.879299 (0.797400 + 0.081899),0.879299 (0.797400 + 0.081899),0.879299 (0.797400 + 0.081899),0.879299 (0.797400 + 0.081899),0.879299 (0.797400 + 0.081899),0.880144 (0.798300 + 0.081844),0.879290 (0.797400 + 0.081890),0.878354 (0.796500 + 0.081854),0.879299 (0.797400 + 0.081899),0.864816 (0.783000 + 0.081816),0.879299 (0.797400 + 0.081899),0.879299 (0.797400 + 0.081899),0.878388 (0.796500 + 0.081888),0.878355 (0.796500 + 0.081855),0.879299 (0.797400 + 0.081899),0.879299 (0.797400 + 0.081899),0.870259 (0.788400 + 0.081859),0.879299 (0.797400 + 0.081899),0.853881 (0.772200 + 0.081681),0.879299 (0.797400 + 0.081899),0.879299 (0.797400 + 0.081899),0.879299 (0.797400 + 0.081899),0.878355 (0.796500 + 0.081855),0.878388 (0.796500 + 0.081888),0.879299 (0.797400 + 0.081899),0.880144 (0.798300 + 0.081844),0.878355 (0.796500 + 0.081855),0.880144 (0.798300 + 0.081844),0.880144 (0.798300 + 0.081844),0.871992 (0.790200 + 0.081792),0.880144 (0.798300 + 0.081844),0.879299 (0.797400 + 0.081899),0.879299 (0.797400 + 0.081899),0.863755 (0.782100 + 0.081655),0.879290 (0.797400 + 0.081890),0.878354 (0.796500 + 0.081854),0.872067 (0.790200 + 0.081867),0.874793 (0.792900 + 0.081893),0.879299 (0.797400 + 0.081899),0.879299 (0.797400 + 0.081899),0.879299 (0.797400 + 0.081899),0.879299 (0.797400 + 0.081899),0.879299 (0.797400 + 0.081899),0.879299 (0.797400 + 0.081899),0.879299 (0.797400 + 0.081899),0.879299 (0.797400 + 0.081899),0.865731 (0.783900 + 0.081831),0.868581 (0.786600 + 0.081981),0.879299 (0.797400 + 0.081899),0.879299 (0.797400 + 0.081899),0.878388 (0.796500 + 0.081888)
119,0.880144 (0.798300 + 0.081844),0.880144 (0.798300 + 0.081844),0.880144 (0.798300 + 0.081844),0.878388 (0.796500 + 0.081888),0.878355 (0.796500 + 0.081855),0.879299 (0.797400 + 0.081899),0.880144 (0.798300 + 0.081844),0.852168 (0.770400 + 0.081768),0.879299 (0.797400 + 0.081899),0.879290 (0.797400 + 0.081890),0.879299 (0.797400 + 0.081899),0.855875 (0.774000 + 0.081875),0.879299 (0.797400 + 0.081899),0.879299 (0.797400 + 0.081899),0.879223 (0.797400 + 0.081823),0.879299 (0.797400 + 0.081899),0.880144 (0.798300 + 0.081844),0.880144 (0.798300 + 0.081844),0.880144 (0.798300 + 0.081844),0.878355 (0.796500 + 0.081855),0.878388 (0.796500 + 0.081888),0.880144 (0.798300 + 0.081844),0.879299 (0.797400 + 0.081899),0.879299 (0.797400 + 0.081899),0.879299 (0.797400 + 0.081899),0.879299 (0.797400 + 0.081899),0.879299 (0.797400 + 0.081899),0.879299 (0.797400 + 0.081899),0.879299 (0.797400 + 0.081899),0.864053 (0.782100 + 0.081953),0.879299 (0.797400 + 0.081899),0.878388 (0.796500 + 0.081888),0.877465 (0.795600 + 0.081865),0.877465 (0.795600 + 0.081865),0.878388 (0.796500 + 0.081888),0.879299 (0.797400 + 0.081899),0.879299 (0.797400 + 0.081899),0.874774 (0.792900 + 0.081874),0.874731 (0.792900 + 0.081831),0.879299 (0.797400 + 0.081899),0.879299 (0.797400 + 0.081899),0.880144 (0.798300 + 0.081844),0.879299 (0.797400 + 0.081899),0.879299 (0.797400 + 0.081899),0.879299 (0.797400 + 0.081899),0.879299 (0.797400 + 0.081899),0.879299 (0.797400 + 0.081899),0.879299 (0.797400 + 0.081899),0.875716 (0.793800 + 0.081916),0.880144 (0.798300 + 0.081844),0.879299 (0.797400 + 0.081899),0.879299 (0.797400 + 0.081899),0.879299 (0.797400 + 0.081899),0.880144 (0.798300 + 0.081844),0.879299 (0.797400 + 0.081899),0.879299 (0.797400 + 0.081899),0.879299 (0.797400 + 0.081899),0.879299 (0.797400 + 0.081899),0.879290 (0.797400 + 0.081890),0.878388 (0.796500 + 0.081888),0.878355 (0.796500 + 0.081855),0.880144 (0.798300 + 0.081844),0.879299 (0.797400 + 0.081899),0.879299 (0.797400 + 0.081899),0.879299 (0.797400 + 0.081899),0.879299 (0.797400 + 0.081899),0.872141 (0.790200 + 0.081941),0.866654 (0.784800 + 0.081854),0.855828 (0.774000 + 0.081828),0.879299 (0.797400 + 0.081899),0.879299 (0.797400 + 0.081899),0.875663 (0.793800 + 0.081863),0.876487 (0.794700 + 0.081787),0.879299 (0.797400 + 0.081899),0.879299 (0.797400 + 0.081899),0.879299 (0.797400 + 0.081899),0.879299 (0.797400 + 0.081899),0.879299 (0.797400 + 0.081899),0.880144 (0.798300 + 0.081844),0.879321 (0.797400 + 0.081921),0.879223 (0.797400 + 0.081823),0.879299 (0.797400 + 0.081899),0.864738 (0.783000 + 0.081738),0.879299 (0.797400 + 0.081899),0.879299 (0.797400 + 0.081899),0.879299 (0.797400 + 0.081899),0.878388 (0.796500 + 0.081888),0.879299 (0.797400 + 0.081899),0.879290 (0.797400 + 0.081890),0.874793 (0.792900 + 0.081893),0.879299 (0.797400 + 0.081899),0.879299 (0.797400 + 0.081899),0.879299 (0.797400 + 0.081899),0.879299 (0.797400 + 0.081899),0.879299 (0.797400 + 0.081899),0.880144 (0.798300 + 0.081844),0.880144 (0.798300 + 0.081844),0.879290 (0.797400 + 0.081890),0.879299 (0.797400 + 0.081899),0.879299 (0.797400 + 0.081899)
120,0.880144 (0.798300 + 0.081844),0.880144 (0.798300 + 0.081844),0.880144 (0.798300 + 0.081844),0.871970 (0.790200 + 0.081770),0.879299 (0.797400 + 0.081899),0.878388 (0.796500 + 0.081888),0.878355 (0.796500 + 0.081855),0.880144 (0.798300 + 0.081844),0.865701 (0.783900 + 0.081801),0.878354 (0.796500 + 0.081854),0.879279 (0.797400 + 0.081879),0.879299 (0.797400 + 0.081899),0.860071 (0.778500 + 0.081571),0.879299 (0.797400 + 0.081899),0.879299 (0.797400 + 0.081899),0.879299 (0.797400 + 0.081899),0.879299 (0.797400 + 0.081899),0.878355 (0.796500 + 0.081855),0.878388 (0.796500 + 0.081888),0.880144 (0.798300 + 0.081844),0.880144 (0.798300 + 0.081844),0.880144 (0.798300 + 0.081844),0.879299 (0.797400 + 0.081899),0.879299 (0.797400 + 0.081899),0.879299 (0.797400 + 0.081899),0.879299 (0.797400 + 0.081899),0.880144 (0.798300 + 0.081844),0.878388 (0.796500 + 0.081888),0.878355 (0.796500 + 0.081855),0.860219 (0.778500 + 0.081719),0.851196 (0.769500 + 0.081696),0.879299 (0.797400 + 0.081899),0.880144 (0.798300 + 0.081844),0.878355 (0.796500 + 0.081855),0.878388 (0.796500 + 0.081888),0.879299 (0.797400 + 0.081899),0.879299 (0.797400 + 0.081899),0.879299 (0.797400 + 0.081899),0.853153 (0.771300 + 0.081853),0.862987 (0.781200 + 0.081787),0.878388 (0.796500 + 0.081888),0.863031 (0.781200 + 0.081831),0.879299 (0.797400 + 0.081899),0.879299 (0.797400 + 0.081899),0.879299 (0.797400 + 0.081899),0.867612 (0.785700 + 0.081912),0.879299 (0.797400 + 0.081899),0.879299 (0.797400 + 0.081899),0.879299 (0.797400 + 0.081899),0.879299 (0.797400 + 0.081899),0.879299 (0.797400 + 0.081899),0.879299 (0.797400 + 0.081899),0.878388 (0.796500 + 0.081888),0.879299 (0.797400 + 0.081899),0.879299 (0.797400 + 0.081899),0.879290 (0.797400 + 0.081890),0.878354 (0.796500 + 0.081854),0.879299 (0.797400 + 0.081899),0.879299 (0.797400 + 0.081899),0.880144 (0.798300 + 0.081844),0.880144 (0.798300 + 0.081844),0.879299 (0.797400 + 0.081899),0.858570 (0.776700 + 0.081870),0.879299 (0.797400 + 0.081899),0.879299 (0.797400 + 0.081899),0.879299 (0.797400 + 0.081899),0.879299 (0.797400 + 0.081899),0.879299 (0.797400 + 0.081899),0.879299 (0.797400 + 0.081899),0.879299 (0.797400 + 0.081899),0.879299 (0.797400 + 0.081899),0.878355 (0.796500 + 0.081855),0.878388 (0.796500 + 0.081888),0.879299 (0.797400 + 0.081899),0.878355 (0.796500 + 0.081855),0.879290 (0.797400 + 0.081890),0.878354 (0.796500 + 0.081854),0.878355 (0.796500 + 0.081855),0.876545 (0.794700 + 0.081845),0.879299 (0.797400 + 0.081899),0.868480 (0.786600 + 0.081880),0.880144 (0.798300 + 0.081844),0.879299 (0.797400 + 0.081899),0.879299 (0.797400 + 0.081899),0.878388 (0.796500 + 0.081888),0.879299 (0.797400 + 0.081899),0.865725 (0.783900 + 0.081825),0.880144 (0.798300 + 0.081844),0.842954 (0.761400 + 0.081554),0.879299 (0.797400 + 0.081899),0.857484 (0.775800 + 0.081684),0.880144 (0.798300 + 0.081844),0.879299 (0.797400 + 0.081899),0.880144 (0.798300 + 0.081844),0.879299 (0.797400 + 0.081899),0.878388 (0.796500 + 0.081888),0.878355 (0.796500 + 0.081855),0.880144 (0.798300 + 0.081844),0.880144 (0.798300 + 0.081844),0.880144 (0.798300 + 0.081844)
121,0.880144 (0.798300 + 0.081844),0.880144 (0.798300 + 0.081844),0.880144 (0.798300 + 0.081844),0.879299 (0.797400 + 0.081899),0.879299 (0.797400 + 0.081899),0.863953 (0.782100 + 0.081853),0.879299 (0.797400 + 0.081899),0.879299 (0.797400 + 0.081899),0.878355 (0.796500 + 0.081855),0.880144 (0.798300 + 0.081844),0.878355 (0.796500 + 0.081855),0.879299 (0.797400 + 0.081899),0.879299 (0.797400 + 0.081899),0.879299 (0.797400 + 0.081899),0.857808 (0.775800 + 0.082008),0.878355 (0.796500 + 0.081855),0.878388 (0.796500 + 0.081888),0.879299 (0.797400 + 0.081899),0.879299 (0.797400 + 0.081899),0.866724 (0.784800 + 0.081924),0.878355 (0.796500 + 0.081855),0.879299 (0.797400 + 0.081899),0.880144 (0.798300 + 0.081844),0.874787 (0.792900 + 0.081887),0.879202 (0.797400 + 0.081802),0.879321 (0.797400 + 0.081921),0.879223 (0.797400 + 0.081823),0.879299 (0.797400 + 0.081899),0.879299 (0.797400 + 0.081899),0.880144 (0.798300 + 0.081844),0.879299 (0.797400 + 0.081899),0.879299 (0.797400 + 0.081899),0.879299 (0.797400 + 0.081899),0.879299 (0.797400 + 0.081899),0.879290 (0.797400 + 0.081890),0.879299 (0.797400 + 0.081899),0.879299 (0.797400 + 0.081899),0.879299 (0.797400 + 0.081899),0.878388 (0.796500 + 0.081888),0.879299 (0.797400 + 0.081899),0.879299 (0.797400 + 0.081899),0.867566 (0.785700 + 0.081866),0.862187 (0.780300 + 0.081887),0.879299 (0.797400 + 0.081899),0.880144 (0.798300 + 0.081844),0.879299 (0.797400 + 0.081899),0.879279 (0.797400 + 0.081879),0.880144 (0.798300 + 0.081844),0.879299 (0.797400 + 0.081899),0.877465 (0.795600 + 0.081865),0.878388 (0.796500 + 0.081888),0.879299 (0.797400 + 0.081899),0.879299 (0.797400 + 0.081899),0.878388 (0.796500 + 0.081888),0.878355 (0.796500 + 0.081855),0.879299 (0.797400 + 0.081899),0.880144 (0.798300 + 0.081844),0.879299 (0.797400 + 0.081899),0.879299 (0.797400 + 0.081899),0.867395 (0.785700 + 0.081695),0.874874 (0.792900 + 0.081974),0.862159 (0.780300 + 0.081859),0.879299 (0.797400 + 0.081899),0.878388 (0.796500 + 0.081888),0.879279 (0.797400 + 0.081879),0.860512 (0.778500 + 0.082012),0.862196 (0.780300 + 0.081896),0.878355 (0.796500 + 0.081855),0.878355 (0.796500 + 0.081855),0.879299 (0.797400 + 0.081899),0.880144 (0.798300 + 0.081844),0.879299 (0.797400 + 0.081899),0.879299 (0.797400 + 0.081899),0.879290 (0.797400 + 0.081890),0.864680 (0.783000 + 0.081680),0.878388 (0.796500 + 0.081888),0.880144 (0.798300 + 0.081844),0.880144 (0.798300 + 0.081844),0.878355 (0.796500 + 0.081855),0.879299 (0.797400 + 0.081899),0.868521 (0.786600 + 0.081921),0.880144 (0.798300 + 0.081844),0.878355 (0.796500 + 0.081855),0.878355 (0.796500 + 0.081855),0.879299 (0.797400 + 0.081899),0.879321 (0.797400 + 0.081921),0.879223 (0.797400 + 0.081823),0.879299 (0.797400 + 0.081899),0.879299 (0.797400 + 0.081899),0.879299 (0.797400 + 0.081899),0.879299 (0.797400 + 0.081899),0.879299 (0.797400 + 0.081899),0.879299 (0.797400 + 0.081899),0.879299 (0.797400 + 0.081899),0.879299 (0.797400 + 0.081899),0.879299 (0.797400 + 0.081899),0.878388 (0.796500 + 0.081888),0.878388 (0.796500 + 0.081888),0.880144 (0.798300 + 0.081844),0.879299 (0.797400 + 0.081899)
122,0.880144 (0.798300 + 0.081844),0.880144 (0.798300 + 0.081844),0.880144 (0.798300 + 0.081844),0.880144 (0.798300 + 0.081844),0.879299 (0.797400 + 0.081899),0.878355 (0.796500 + 0.081855),0.878354 (0.796500 + 0.081854),0.878388 (0.796500 + 0.081888),0.862953 (0.781200 + 0.081754),0.879299 (0.797400 + 0.081899),0.879299 (0.797400 + 0.081899),0.878388 (0.796500 + 0.081888),0.878355 (0.796500 + 0.081855),0.880144 (0.798300 + 0.081844),0.879299 (0.797400 + 0.081899),0.880144 (0.798300 + 0.081844),0.879299 (0.797400 + 0.081899),0.880144 (0.798300 + 0.081844),0.879299 (0.797400 + 0.081899),0.880144 (0.798300 + 0.081844),0.880144 (0.798300 + 0.081844),0.879299 (0.797400 + 0.081899),0.879299 (0.797400 + 0.081899),0.878388 (0.796500 + 0.081888),0.878355 (0.796500 + 0.081855),0.880144 (0.798300 + 0.081844),0.879299 (0.797400 + 0.081899),0.878355 (0.796500 + 0.081855),0.879321 (0.797400 + 0.081921),0.879299 (0.797400 + 0.081899),0.880144 (0.798300 + 0.081844),0.880144 (0.798300 + 0.081844),0.879299 (0.797400 + 0.081899),0.879299 (0.797400 + 0.081899),0.879299 (0.797400 + 0.081899),0.879299 (0.797400 + 0.081899),0.880144 (0.798300 + 0.081844),0.879299 (0.797400 + 0.081899),0.880144 (0.798300 + 0.081844),0.879299 (0.797400 + 0.081899),0.855769 (0.774000 + 0.081769),0.879299 (0.797400 + 0.081899),0.879299 (0.797400 + 0.081899),0.879299 (0.797400 + 0.081899),0.879299 (0.797400 + 0.081899),0.879299 (0.797400 + 0.081899),0.879299 (0.797400 + 0.081899),0.879321 (0.797400 + 0.081921),0.879299 (0.797400 + 0.081899),0.880144 (0.798300 + 0.081844),0.879299 (0.797400 + 0.081899),0.880144 (0.798300 + 0.081844),0.879299 (0.797400 + 0.081899),0.879299 (0.797400 + 0.081899),0.868445 (0.786600 + 0.081845),0.879290 (0.797400 + 0.081890),0.878354 (0.796500 + 0.081854),0.878355 (0.796500 + 0.081855),0.865850 (0.783900 + 0.081950),0.879299 (0.797400 + 0.081899),0.879299 (0.797400 + 0.081899),0.879299 (0.797400 + 0.081899),0.880144 (0.798300 + 0.081844),0.879299 (0.797400 + 0.081899),0.880144 (0.798300 + 0.081844),0.879299 (0.797400 + 0.081899),0.879299 (0.797400 + 0.081899),0.880144 (0.798300 + 0.081844),0.879299 (0.797400 + 0.081899),0.878355 (0.796500 + 0.081855),0.878367 (0.796500 + 0.081867),0.879299 (0.797400 + 0.081899),0.879299 (0.797400 + 0.081899),0.880144 (0.798300 + 0.081844),0.879299 (0.797400 + 0.081899),0.878355 (0.796500 + 0.081855),0.879299 (0.797400 + 0.081899),0.880144 (0.798300 + 0.081844),0.864919 (0.783000 + 0.081919),0.879299 (0.797400 + 0.081899),0.878388 (0.796500 + 0.081888),0.879299 (0.797400 + 0.081899),0.879299 (0.797400 + 0.081899),0.867740 (0.785700 + 0.082040),0.879299 (0.797400 + 0.081899),0.879290 (0.797400 + 0.081890),0.878354 (0.796500 + 0.081854),0.880144 (0.798300 + 0.081844),0.880144 (0.798300 + 0.081844),0.869357 (0.787500 + 0.081857),0.880144 (0.798300 + 0.081844),0.878355 (0.796500 + 0.081855),0.880144 (0.798300 + 0.081844),0.859294 (0.777600 + 0.081694),0.879321 (0.797400 + 0.081921),0.879290 (0.797400 + 0.081890),0.877465 (0.795600 + 0.081865),0.878355 (0.796500 + 0.081855),0.878388 (0.796500 + 0.081888),0.880144 (0.798300 + 0.081844)
123,0.880144 (0.798300 + 0.081844),0.880144 (0.798300 + 0.081844),0.880144 (0.798300 + 0.081844),0.879299 (0.797400 + 0.081899),0.879299 (0.797400 + 0.081899),0.878355 (0.796500 + 0.081855),0.878388 (0.796500 + 0.081888),0.880144 (0.798300 + 0.081844),0.880144 (0.798300 + 0.081844),0.880144 (0.798300 + 0.081844),0.880144 (0.798300 + 0.081844),0.879299 (0.797400 + 0.081899),0.879321 (0.797400 + 0.081921),0.880144 (0.798300 + 0.081844),0.880144 (0.798300 + 0.081844),0.878354 (0.796500 + 0.081854),0.879290 (0.797400 + 0.081890),0.878388 (0.796500 + 0.081888),0.880144 (0.798300 + 0.081844),0.880144 (0.798300 + 0.081844),0.880144 (0.798300 + 0.081844),0.879299 (0.797400 + 0.081899),0.879299 (0.797400 + 0.081899),0.880144 (0.798300 + 0.081844),0.850439 (0.768600 + 0.081839),0.878355 (0.796500 + 0.081855),0.880144 (0.798300 + 0.081844),0.879299 (0.797400 + 0.081899),0.880144 (0.798300 + 0.081844),0.880144 (0.798300 + 0.081844),0.878355 (0.796500 + 0.081855),0.880144 (0.798300 + 0.081844),0.880144 (0.798300 + 0.081844),0.878388 (0.796500 + 0.081888),0.878355 (0.796500 + 0.081855),0.879299 (0.797400 + 0.081899),0.879299 (0.797400 + 0.081899),0.880144 (0.798300 + 0.081844),0.879299 (0.797400 + 0.081899),0.878355 (0.796500 + 0.081855),0.878388 (0.796500 + 0.081888),0.878355 (0.796500 + 0.081855),0.878388 (0.796500 + 0.081888),0.879299 (0.797400 + 0.081899),0.870408 (0.788400 + 0.082008),0.880144 (0.798300 + 0.081844),0.880144 (0.798300 + 0.081844),0.880144 (0.798300 + 0.081844),0.880144 (0.798300 + 0.081844),0.879299 (0.797400 + 0.081899),0.879299 (0.797400 + 0.081899),0.880144 (0.798300 + 0.081844),0.879299 (0.797400 + 0.081899),0.880144 (0.798300 + 0.081844),0.862121 (0.780300 + 0.081821),0.880144 (0.798300 + 0.081844),0.879290 (0.797400 + 0.081890),0.879277 (0.797400 + 0.081877),0.878388 (0.796500 + 0.081888),0.880144 (0.798300 + 0.081844),0.880144 (0.798300 + 0.081844),0.878354 (0.796500 + 0.081854),0.880144 (0.798300 + 0.081844),0.879299 (0.797400 + 0.081899),0.879321 (0.797400 + 0.081921),0.879299 (0.797400 + 0.081899),0.879299 (0.797400 + 0.081899),0.880144 (0.798300 + 0.081844),0.879299 (0.797400 + 0.081899),0.878388 (0.796500 + 0.081888),0.878355 (0.796500 + 0.081855),0.879321 (0.797400 + 0.081921),0.879299 (0.797400 + 0.081899),0.880144 (0.798300 + 0.081844),0.880144 (0.798300 + 0.081844),0.880144 (0.798300 + 0.081844),0.880144 (0.798300 + 0.081844),0.878355 (0.796500 + 0.081855),0.879279 (0.797400 + 0.081879),0.880144 (0.798300 + 0.081844),0.880144 (0.798300 + 0.081844),0.878355 (0.796500 + 0.081855),0.878388 (0.796500 + 0.081888),0.878355 (0.796500 + 0.081855),0.878388 (0.796500 + 0.081888),0.879299 (0.797400 + 0.081899),0.879299 (0.797400 + 0.081899),0.880144 (0.798300 + 0.081844),0.880144 (0.798300 + 0.081844),0.879290 (0.797400 + 0.081890),0.878354 (0.796500 + 0.081854),0.877465 (0.795600 + 0.081865),0.880144 (0.798300 + 0.081844),0.879321 (0.797400 + 0.081921),0.879223 (0.797400 + 0.081823),0.880144 (0.798300 + 0.081844),0.880144 (0.798300 + 0.081844),0.879299 (0.797400 + 0.081899),0.879299 (0.797400 + 0.081899),0.879299 (0.797400 + 0.081899)
124,0.880144 (0.798300 + 0.081844),0.880144 (0.798300 + 0.081844),0.880144 (0.798300 + 0.081844),0.880144 (0.798300 + 0.081844),0.880144 (0.798300 + 0.081844),0.880144 (0.798300 + 0.081844),0.880144 (0.798300 + 0.081844),0.880144 (0.798300 + 0.081844),0.879299 (0.797400 + 0.081899),0.880144 (0.798300 + 0.081844),0.880144 (0.798300 + 0.081844),0.879299 (0.797400 + 0.081899),0.879321 (0.797400 + 0.081921),0.880144 (0.798300 + 0.081844),0.862964 (0.781200 + 0.081764),0.880144 (0.798300 + 0.081844),0.880144 (0.798300 + 0.081844),0.879299 (0.797400 + 0.081899),0.880144 (0.798300 + 0.081844),0.880144 (0.798300 + 0.081844),0.880144 (0.798300 + 0.081844),0.880144 (0.798300 + 0.081844),0.880144 (0.798300 + 0.081844),0.880144 (0.798300 + 0.081844),0.879299 (0.797400 + 0.081899),0.873730 (0.792000 + 0.081730),0.879321 (0.797400 + 0.081921),0.878388 (0.796500 + 0.081888),0.878355 (0.796500 + 0.081855),0.880144 (0.798300 + 0.081844),0.880144 (0.798300 + 0.081844),0.880144 (0.798300 + 0.081844),0.880144 (0.798300 + 0.081844),0.878355 (0.796500 + 0.081855),0.880144 (0.798300 + 0.081844),0.880144 (0.798300 + 0.081844),0.879321 (0.797400 + 0.081921),0.880144 (0.798300 + 0.081844),0.854092 (0.772200 + 0.081892),0.880144 (0.798300 + 0.081844),0.880144 (0.798300 + 0.081844),0.880144 (0.798300 + 0.081844),0.879321 (0.797400 + 0.081921),0.880144 (0.798300 + 0.081844),0.878388 (0.796500 + 0.081888),0.878388 (0.796500 + 0.081888),0.878355 (0.796500 + 0.081855),0.878355 (0.796500 + 0.081855),0.880144 (0.798300 + 0.081844),0.880144 (0.798300 + 0.081844),0.880144 (0.798300 + 0.081844),0.878388 (0.796500 + 0.081888),0.854932 (0.773100 + 0.081832),0.880144 (0.798300 + 0.081844),0.880144 (0.798300 + 0.081844),0.880144 (0.798300 + 0.081844),0.880144 (0.798300 + 0.081844),0.878355 (0.796500 + 0.081855),0.878388 (0.796500 + 0.081888),0.869366 (0.787500 + 0.081866),0.880144 (0.798300 + 0.081844),0.879299 (0.797400 + 0.081899),0.880144 (0.798300 + 0.081844),0.878355 (0.796500 + 0.081855),0.880144 (0.798300 + 0.081844),0.862158 (0.780300 + 0.081858),0.880144 (0.798300 + 0.081844),0.863703 (0.782100 + 0.081603),0.880144 (0.798300 + 0.081844),0.880144 (0.798300 + 0.081844),0.880144 (0.798300 + 0.081844),0.879299 (0.797400 + 0.081899),0.880144 (0.798300 + 0.081844),0.880144 (0.798300 + 0.081844),0.864796 (0.783000 + 0.081796),0.880144 (0.798300 + 0.081844),0.859298 (0.777600 + 0.081698),0.878388 (0.796500 + 0.081888),0.878355 (0.796500 + 0.081855),0.876558 (0.794700 + 0.081858),0.855890 (0.774000 + 0.081890),0.880144 (0.798300 + 0.081844),0.880144 (0.798300 + 0.081844),0.880144 (0.798300 + 0.081844),0.878355 (0.796500 + 0.081855),0.880144 (0.798300 + 0.081844),0.879299 (0.797400 + 0.081899),0.879299 (0.797400 + 0.081899),0.880144 (0.798300 + 0.081844),0.880144 (0.798300 + 0.081844),0.880144 (0.798300 + 0.081844),0.863103 (0.781200 + 0.081903),0.880144 (0.798300 + 0.081844),0.878388 (0.796500 + 0.081888),0.879299 (0.797400 + 0.081899),0.880144 (0.798300 + 0.081844),0.879299 (0.797400 + 0.081899),0.861272 (0.779400 + 0.081872),0.879299 (0.797400 + 0.081899),0.880144 (0.798300 + 0.081844)
125,0.880144 (0.798300 + 0.081844),0.880144 (0.798300 + 0.081844),0.880144 (0.798300 + 0.081844),0.880144 (0.798300 + 0.081844),0.880144 (0.798300 + 0.081844),0.872161 (0.790200 + 0.081961),0.880144 (0.798300 + 0.081844),0.880144 (0.798300 + 0.081844),0.880144 (0.798300 + 0.081844),0.880144 (0.798300 + 0.081844),0.880144 (0.798300 + 0.081844),0.859578 (0.777600 + 0.081978),0.879223 (0.797400 + 0.081823),0.880144 (0.798300 + 0.081844),0.879321 (0.797400 + 0.081921),0.878354 (0.796500 + 0.081854),0.879279 (0.797400 + 0.081879),0.880144 (0.798300 + 0.081844),0.879299 (0.797400 + 0.081899),0.880144 (0.798300 + 0.081844),0.880144 (0.798300 + 0.081844),0.880144 (0.798300 + 0.081844),0.880144 (0.798300 + 0.081844),0.880144 (0.798300 + 0.081844),0.879299 (0.797400 + 0.081899),0.880144 (0.798300 + 0.081844),0.880144 (0.798300 + 0.081844),0.880144 (0.798300 + 0.081844),0.878388 (0.796500 + 0.081888),0.880144 (0.798300 + 0.081844),0.879299 (0.797400 + 0.081899),0.858617 (0.776700 + 0.081917),0.857446 (0.775800 + 0.081646),0.880144 (0.798300 + 0.081844),0.880144 (0.798300 + 0.081844),0.845889 (0.764100 + 0.081789),0.855870 (0.774000 + 0.081870),0.880144 (0.798300 + 0.081844),0.879299 (0.797400 + 0.081899),0.880144 (0.798300 + 0.081844),0.862685 (0.781200 + 0.081485),0.880144 (0.798300 + 0.081844),0.880144 (0.798300 + 0.081844),0.880144 (0.798300 + 0.081844),0.880144 (0.798300 + 0.081844),0.880144 (0.798300 + 0.081844),0.880144 (0.798300 + 0.081844),0.859420 (0.777600 + 0.081820),0.880144 (0.798300 + 0.081844),0.880144 (0.798300 + 0.081844),0.880144 (0.798300 + 0.081844),0.879321 (0.797400 + 0.081921),0.878388 (0.796500 + 0.081888),0.880144 (0.798300 + 0.081844),0.880144 (0.798300 + 0.081844),0.865800 (0.783900 + 0.081900),0.880144 (0.798300 + 0.081844),0.879299 (0.797400 + 0.081899),0.879299 (0.797400 + 0.081899),0.880144 (0.798300 + 0.081844),0.867484 (0.785700 + 0.081784),0.880144 (0.798300 + 0.081844),0.880144 (0.798300 + 0.081844),0.880144 (0.798300 + 0.081844),0.880144 (0.798300 + 0.081844),0.880144 (0.798300 + 0.081844),0.880144 (0.798300 + 0.081844),0.880144 (0.798300 + 0.081844),0.880144 (0.798300 + 0.081844),0.880144 (0.798300 + 0.081844),0.880144 (0.798300 + 0.081844),0.863955 (0.782100 + 0.081855),0.880144 (0.798300 + 0.081844),0.880144 (0.798300 + 0.081844),0.880144 (0.798300 + 0.081844),0.880144 (0.798300 + 0.081844),0.879321 (0.797400 + 0.081921),0.872944 (0.791100 + 0.081844),0.861957 (0.780300 + 0.081657),0.880144 (0.798300 + 0.081844),0.880144 (0.798300 + 0.081844),0.880144 (0.798300 + 0.081844),0.858440 (0.776700 + 0.081740),0.880144 (0.798300 + 0.081844),0.880144 (0.798300 + 0.081844),0.880144 (0.798300 + 0.081844),0.865550 (0.783900 + 0.081650),0.880144 (0.798300 + 0.081844),0.880144 (0.798300 + 0.081844),0.880144 (0.798300 + 0.081844),0.880144 (0.798300 + 0.081844),0.862197 (0.780300 + 0.081897),0.880144 (0.798300 + 0.081844),0.880144 (0.798300 + 0.081844),0.879321 (0.797400 + 0.081921),0.880144 (0.798300 + 0.081844),0.880144 (0.798300 + 0.081844),0.862171 (0.780300 + 0.081871),0.880144 (0.798300 + 0.081844),0.868330 (0.786600 + 0.081730)
126,0.880144 (0.798300 + 0.081844),0.880144 (0.798300 + 0.081844),0.880144 (0.798300 + 0.081844),0.873870 (0.792000 + 0.081870),0.867530 (0.785700 + 0.081830),0.880144 (0.798300 + 0.081844),0.880144 (0.798300 + 0.081844),0.880144 (0.798300 + 0.081844),0.880144 (0.798300 + 0.081844),0.880144 (0.798300 + 0.081844),0.880144 (0.798300 + 0.081844),0.880144 (0.798300 + 0.081844),0.880144 (0.798300 + 0.081844),0.878388 (0.796500 + 0.081888),0.880144 (0.798300 + 0.081844),0.864936 (0.783000 + 0.081936),0.868486 (0.786600 + 0.081886),0.880144 (0.798300 + 0.081844),0.880144 (0.798300 + 0.081844),0.868423 (0.786600 + 0.081823),0.866641 (0.784800 + 0.081841),0.880144 (0.798300 + 0.081844),0.880144 (0.798300 + 0.081844),0.880144 (0.798300 + 0.081844),0.880144 (0.798300 + 0.081844),0.880144 (0.798300 + 0.081844),0.879299 (0.797400 + 0.081899),0.880144 (0.798300 + 0.081844),0.880144 (0.798300 + 0.081844),0.880144 (0.798300 + 0.081844),0.880144 (0.798300 + 0.081844),0.880144 (0.798300 + 0.081844),0.864622 (0.783000 + 0.081622),0.880144 (0.798300 + 0.081844),0.872011 (0.790200 + 0.081811),0.880144 (0.798300 + 0.081844),0.880144 (0.798300 + 0.081844),0.880144 (0.798300 + 0.081844),0.880144 (0.798300 + 0.081844),0.880144 (0.798300 + 0.081844),0.880144 (0.798300 + 0.081844),0.880144 (0.798300 + 0.081844),0.880144 (0.798300 + 0.081844),0.880144 (0.798300 + 0.081844),0.878388 (0.796500 + 0.081888),0.880144 (0.798300 + 0.081844),0.869194 (0.787500 + 0.081694),0.880144 (0.798300 + 0.081844),0.880144 (0.798300 + 0.081844),0.880144 (0.798300 + 0.081844),0.880144 (0.798300 + 0.081844),0.880144 (0.798300 + 0.081844),0.880144 (0.798300 + 0.081844),0.880144 (0.798300 + 0.081844),0.880144 (0.798300 + 0.081844),0.880144 (0.798300 + 0.081844),0.880144 (0.798300 + 0.081844),0.880144 (0.798300 + 0.081844),0.880144 (0.798300 + 0.081844),0.879299 (0.797400 + 0.081899),0.880144 (0.798300 + 0.081844),0.880144 (0.798300 + 0.081844),0.880144 (0.798300 + 0.081844),0.880144 (0.798300 + 0.081844),0.880144 (0.798300 + 0.081844),0.880144 (0.798300 + 0.081844),0.880144 (0.798300 + 0.081844),0.880144 (0.798300 + 0.081844),0.880144 (0.798300 + 0.081844),0.880144 (0.798300 + 0.081844),0.880144 (0.798300 + 0.081844),0.879299 (0.797400 + 0.081899),0.880144 (0.798300 + 0.081844),0.880144 (0.798300 + 0.081844),0.880144 (0.798300 + 0.081844),0.879250 (0.797400 + 0.081850),0.880144 (0.798300 + 0.081844),0.880144 (0.798300 + 0.081844),0.880144 (0.798300 + 0.081844),0.864794 (0.783000 + 0.081794),0.880144 (0.798300 + 0.081844),0.857557 (0.775800 + 0.081757),0.880144 (0.798300 + 0.081844),0.878388 (0.796500 + 0.081888),0.879277 (0.797400 + 0.081877),0.880144 (0.798300 + 0.081844),0.880144 (0.798300 + 0.081844),0.880144 (0.798300 + 0.081844),0.880144 (0.798300 + 0.081844),0.865716 (0.783900 + 0.081816),0.877483 (0.795600 + 0.081883),0.880144 (0.798300 + 0.081844),0.880144 (0.798300 + 0.081844),0.880144 (0.798300 + 0.081844),0.880144 (0.798300 + 0.081844),0.880144 (0.798300 + 0.081844),0.880144 (0.798300 + 0.081844),0.869372 (0.787500 + 0.081872),0.873702 (0.792000 + 0.081702),0.880144 (0.798300 + 0.081844)
127,0.880144 (0.798300 + 0.081844),0.880144 (0.798300 + 0.081844),0.880144 (0.798300 + 0.081844),0.880144 (0.798300 + 0.081844),0.878388 (0.796500 + 0.081888),0.880144 (0.798300 + 0.081844),0.880144 (0.798300 + 0.081844),0.880144 (0.798300 + 0.081844),0.880144 (0.798300 + 0.081844),0.880144 (0.798300 + 0.081844),0.880144 (0.798300 + 0.081844),0.880144 (0.798300 + 0.081844),0.880144 (0.798300 + 0.081844),0.880144 (0.798300 + 0.081844),0.880144 (0.798300 + 0.081844),0.880144 (0.798300 + 0.081844),0.880144 (0.798300 + 0.081844),0.877471 (0.795600 + 0.081871),0.869296 (0.787500 + 0.081796),0.879277 (0.797400 + 0.081877),0.880144 (0.798300 + 0.081844),0.880144 (0.798300 + 0.081844),0.880144 (0.798300 + 0.081844),0.880144 (0.798300 + 0.081844),0.873702 (0.792000 + 0.081702),0.880144 (0.798300 + 0.081844),0.880144 (0.798300 + 0.081844),0.880144 (0.798300 + 0.081844),0.864916 (0.783000 + 0.081916),0.880144 (0.798300 + 0.081844),0.880144 (0.798300 + 0.081844),0.880144 (0.798300 + 0.081844),0.880144 (0.798300 + 0.081844),0.880144 (0.798300 + 0.081844),0.862224 (0.780300 + 0.081924),0.880144 (0.798300 + 0.081844),0.880144 (0.798300 + 0.081844),0.880144 (0.798300 + 0.081844),0.880144 (0.798300 + 0.081844),0.880144 (0.798300 + 0.081844),0.880144 (0.798300 + 0.081844),0.880144 (0.798300 + 0.081844),0.880144 (0.798300 + 0.081844),0.880144 (0.798300 + 0.081844),0.872019 (0.790200 + 0.081819),0.880144 (0.798300 + 0.081844),0.862879 (0.781200 + 0.081679),0.880144 (0.798300 + 0.081844),0.880144 (0.798300 + 0.081844),0.878331 (0.796500 + 0.081831),0.877483 (0.795600 + 0.081883),0.880144 (0.798300 + 0.081844),0.880144 (0.798300 + 0.081844),0.864732 (0.783000 + 0.081732),0.880144 (0.798300 + 0.081844),0.880144 (0.798300 + 0.081844),0.880144 (0.798300 + 0.081844),0.878355 (0.796500 + 0.081855),0.856606 (0.774900 + 0.081706),0.880144 (0.798300 + 0.081844),0.880144 (0.798300 + 0.081844),0.880144 (0.798300 + 0.081844),0.880144 (0.798300 + 0.081844),0.880144 (0.798300 + 0.081844),0.880144 (0.798300 + 0.081844),0.880144 (0.798300 + 0.081844),0.880144 (0.798300 + 0.081844),0.880144 (0.798300 + 0.081844),0.880144 (0.798300 + 0.081844),0.880144 (0.798300 + 0.081844),0.869372 (0.787500 + 0.081872),0.880144 (0.798300 + 0.081844),0.852901 (0.771300 + 0.081601),0.880144 (0.798300 + 0.081844),0.880144 (0.798300 + 0.081844),0.880144 (0.798300 + 0.081844),0.880144 (0.798300 + 0.081844),0.880144 (0.798300 + 0.081844),0.863876 (0.782100 + 0.081776),0.880144 (0.798300 + 0.081844),0.880144 (0.798300 + 0.081844),0.880144 (0.798300 + 0.081844),0.880144 (0.798300 + 0.081844),0.880144 (0.798300 + 0.081844),0.880144 (0.798300 + 0.081844),0.880144 (0.798300 + 0.081844),0.878388 (0.796500 + 0.081888),0.880144 (0.798300 + 0.081844),0.880144 (0.798300 + 0.081844),0.880144 (0.798300 + 0.081844),0.880144 (0.798300 + 0.081844),0.880144 (0.798300 + 0.081844),0.879250 (0.797400 + 0.081850),0.880144 (0.798300 + 0.081844),0.868486 (0.786600 + 0.081886),0.880144 (0.798300 + 0.081844),0.880144 (0.798300 + 0.081844),0.880144 (0.798300 + 0.081844),0.880144 (0.798300 + 0.081844),0.880144 (0.798300 + 0.081844)
128,0.880144 (0.798300 + 0.081844),0.880144 (0.798300 + 0.081844),0.880144 (0.798300 + 0.081844),0.880144 (0.798300 + 0.081844),0.880144 (0.798300 + 0.081844),0.880144 (0.798300 + 0.081844),0.880144 (0.798300 + 0.081844),0.880144 (0.798300 + 0.081844),0.880144 (0.798300 + 0.081844),0.880144 (0.798300 + 0.081844),0.880144 (0.798300 + 0.081844),0.880144 (0.798300 + 0.081844),0.880144 (0.798300 + 0.081844),0.880144 (0.798300 + 0.081844),0.880144 (0.798300 + 0.081844),0.880144 (0.798300 + 0.081844),0.880144 (0.798300 + 0.081844),0.880144 (0.798300 + 0.081844),0.880144 (0.798300 + 0.081844),0.880144 (0.798300 + 0.081844),0.878355 (0.796500 + 0.081855),0.871190 (0.789300 + 0.081890),0.880144 (0.798300 + 0.081844),0.880144 (0.798300 + 0.081844),0.880144 (0.798300 + 0.081844),0.880144 (0.798300 + 0.081844),0.880144 (0.798300 + 0.081844),0.880144 (0.798300 + 0.081844),0.880144 (0.798300 + 0.081844),0.880144 (0.798300 + 0.081844),0.880144 (0.798300 + 0.081844),0.880144 (0.798300 + 0.081844),0.880144 (0.798300 + 0.081844),0.880144 (0.798300 + 0.081844),0.880144 (0.798300 + 0.081844),0.857694 (0.775800 + 0.081894),0.873824 (0.792000 + 0.081824),0.880144 (0.798300 + 0.081844),0.880144 (0.798300 + 0.081844),0.880144 (0.798300 + 0.081844),0.880144 (0.798300 + 0.081844),0.880144 (0.798300 + 0.081844),0.880144 (0.798300 + 0.081844),0.880144 (0.798300 + 0.081844),0.880144 (0.798300 + 0.081844),0.878331 (0.796500 + 0.081831),0.880144 (0.798300 + 0.081844),0.880144 (0.798300 + 0.081844),0.880144 (0.798300 + 0.081844),0.880144 (0.798300 + 0.081844),0.880144 (0.798300 + 0.081844),0.880144 (0.798300 + 0.081844),0.880144 (0.798300 + 0.081844),0.867490 (0.785700 + 0.081790),0.880144 (0.798300 + 0.081844),0.880144 (0.798300 + 0.081844),0.880144 (0.798300 + 0.081844),0.880144 (0.798300 + 0.081844),0.880144 (0.798300 + 0.081844),0.880144 (0.798300 + 0.081844),0.880144 (0.798300 + 0.081844),0.880144 (0.798300 + 0.081844),0.878331 (0.796500 + 0.081831),0.880144 (0.798300 + 0.081844),0.880144 (0.798300 + 0.081844),0.880144 (0.798300 + 0.081844),0.863987 (0.782100 + 0.081887),0.880144 (0.798300 + 0.081844),0.880144 (0.798300 + 0.081844),0.880144 (0.798300 + 0.081844),0.880144 (0.798300 + 0.081844),0.880144 (0.798300 + 0.081844),0.880144 (0.798300 + 0.081844),0.880144 (0.798300 + 0.081844),0.880144 (0.798300 + 0.081844),0.880144 (0.798300 + 0.081844),0.880144 (0.798300 + 0.081844),0.880144 (0.798300 + 0.081844),0.880144 (0.798300 + 0.081844),0.880144 (0.798300 + 0.081844),0.880144 (0.798300 + 0.081844),0.880144 (0.798300 + 0.081844),0.880144 (0.798300 + 0.081844),0.880144 (0.798300 + 0.081844),0.880144 (0.798300 + 0.081844),0.880144 (0.798300 + 0.081844),0.880144 (0.798300 + 0.081844),0.880144 (0.798300 + 0.081844),0.880144 (0.798300 + 0.081844),0.880144 (0.798300 + 0.081844),0.880144 (0.798300 + 0.081844),0.880144 (0.798300 + 0.081844),0.880144 (0.798300 + 0.081844),0.880144 (0.798300 + 0.081844),0.880144 (0.798300 + 0.081844),0.880144 (0.798300 + 0.081844),0.880144 (0.798300 + 0.081844),0.880144 (0.798300 + 0.081844),0.880144 (0.798300 + 0.081844),0.880144 (0.798300 + 0.081844)
129,0.880144 (0.798300 + 0.081844),0.880144 (0.798300 + 0.081844),0.880144 (0.798300 + 0.081844),0.880144 (0.798300 + 0.081844),0.880144 (0.798300 + 0.081844),0.880144 (0.798300 + 0.081844),0.880144 (0.798300 + 0.081844),0.880144 (0.798300 + 0.081844),0.880144 (0.798300 + 0.081844),0.880144 (0.798300 + 0.081844),0.880144 (0.798300 + 0.081844),0.880144 (0.798300 + 0.081844),0.880144 (0.798300 + 0.081844),0.880144 (0.798300 + 0.081844),0.880144 (0.798300 + 0.081844),0.880144 (0.798300 + 0.081844),0.880144 (0.798300 + 0.081844),0.880144 (0.798300 + 0.081844),0.880144 (0.798300 + 0.081844),0.880144 (0.798300 + 0.081844),0.880144 (0.798300 + 0.081844),0.880144 (0.798300 + 0.081844),0.880144 (0.798300 + 0.081844),0.880144 (0.798300 + 0.081844),0.880144 (0.798300 + 0.081844),0.852855 (0.771300 + 0.081555),0.880144 (0.798300 + 0.081844),0.880144 (0.798300 + 0.081844),0.880144 (0.798300 + 0.081844),0.880144 (0.798300 + 0.081844),0.880144 (0.798300 + 0.081844),0.880144 (0.798300 + 0.081844),0.880144 (0.798300 + 0.081844),0.880144 (0.798300 + 0.081844),0.880144 (0.798300 + 0.081844),0.880144 (0.798300 + 0.081844),0.880144 (0.798300 + 0.081844),0.880144 (0.798300 + 0.081844),0.855835 (0.774000 + 0.081835),0.880144 (0.798300 + 0.081844),0.880144 (0.798300 + 0.081844),0.880144 (0.798300 + 0.081844),0.880144 (0.798300 + 0.081844),0.880144 (0.798300 + 0.081844),0.880144 (0.798300 + 0.081844),0.880144 (0.798300 + 0.081844),0.880144 (0.798300 + 0.081844),0.880144 (0.798300 + 0.081844),0.880144 (0.798300 + 0.081844),0.880144 (0.798300 + 0.081844),0.880144 (0.798300 + 0.081844),0.880144 (0.798300 + 0.081844),0.880144 (0.798300 + 0.081844),0.880144 (0.798300 + 0.081844),0.866601 (0.784800 + 0.081801),0.880144 (0.798300 + 0.081844),0.880144 (0.798300 + 0.081844),0.880144 (0.798300 + 0.081844),0.880144 (0.798300 + 0.081844),0.865726 (0.783900 + 0.081827),0.880144 (0.798300 + 0.081844),0.880144 (0.798300 + 0.081844),0.880144 (0.798300 + 0.081844),0.863970 (0.782100 + 0.081870),0.880144 (0.798300 + 0.081844),0.880144 (0.798300 + 0.081844),0.866582 (0.784800 + 0.081782),0.880144 (0.798300 + 0.081844),0.880144 (0.798300 + 0.081844),0.880144 (0.798300 + 0.081844),0.880144 (0.798300 + 0.081844),0.880144 (0.798300 + 0.081844),0.880144 (0.798300 + 0.081844),0.880144 (0.798300 + 0.081844),0.880144 (0.798300 + 0.081844),0.868279 (0.786600 + 0.081679),0.880144 (0.798300 + 0.081844),0.880144 (0.798300 + 0.081844),0.880144 (0.798300 + 0.081844),0.880144 (0.798300 + 0.081844),0.880144 (0.798300 + 0.081844),0.880144 (0.798300 + 0.081844),0.880144 (0.798300 + 0.081844),0.880144 (0.798300 + 0.081844),0.880144 (0.798300 + 0.081844),0.880144 (0.798300 + 0.081844),0.880144 (0.798300 + 0.081844),0.880144 (0.798300 + 0.081844),0.880144 (0.798300 + 0.081844),0.880144 (0.798300 + 0.081844),0.871191 (0.789300 + 0.081891),0.880144 (0.798300 + 0.081844),0.880144 (0.798300 + 0.081844),0.880144 (0.798300 + 0.081844),0.880144 (0.798300 + 0.081844),0.880144 (0.798300 + 0.081844),0.880144 (0.798300 + 0.081844),0.866422 (0.784800 + 0.081622),0.880144 (0.798300 + 0.081844),0.854809 (0.773100 + 0.081709)
130,0.880144 (0.798300 + 0.081844),0.880144 (0.798300 + 0.081844),0.880144 (0.798300 + 0.081844),0.880144 (0.798300 + 0.081844),0.880144 (0.798300 + 0.081844),0.880144 (0.798300 + 0.081844),0.880144 (0.798300 + 0.081844),0.880144 (0.798300 + 0.081844),0.863781 (0.782100 + 0.081681),0.869351 (0.787500 + 0.081851),0.880144 (0.798300 + 0.081844),0.880144 (0.798300 + 0.081844),0.880144 (0.798300 + 0.081844),0.880144 (0.798300 + 0.081844),0.880144 (0.798300 + 0.081844),0.864725 (0.783000 + 0.081725),0.880144 (0.798300 + 0.081844),0.880144 (0.798300 + 0.081844),0.874021 (0.792000 + 0.082021),0.880144 (0.798300 + 0.081844),0.854871 (0.773100 + 0.081771),0.880144 (0.798300 + 0.081844),0.880144 (0.798300 + 0.081844),0.880144 (0.798300 + 0.081844),0.868453 (0.786600 + 0.081853),0.880144 (0.798300 + 0.081844),0.880144 (0.798300 + 0.081844),0.880144 (0.798300 + 0.081844),0.853920 (0.772200 + 0.081720),0.880144 (0.798300 + 0.081844),0.880144 (0.798300 + 0.081844),0.880144 (0.798300 + 0.081844),0.880144 (0.798300 + 0.081844),0.880144 (0.798300 + 0.081844),0.880144 (0.798300 + 0.081844),0.861056 (0.779400 + 0.081656),0.880144 (0.798300 + 0.081844),0.880144 (0.798300 + 0.081844),0.880144 (0.798300 + 0.081844),0.865835 (0.783900 + 0.081935),0.880144 (0.798300 + 0.081844),0.880144 (0.798300 + 0.081844),0.880144 (0.798300 + 0.081844),0.880144 (0.798300 + 0.081844),0.880144 (0.798300 + 0.081844),0.880144 (0.798300 + 0.081844),0.880144 (0.798300 + 0.081844),0.880144 (0.798300 + 0.081844),0.880144 (0.798300 + 0.081844),0.880144 (0.798300 + 0.081844),0.880144 (0.798300 + 0.081844),0.880144 (0.798300 + 0.081844),0.880144 (0.798300 + 0.081844),0.880144 (0.798300 + 0.081844),0.880144 (0.798300 + 0.081844),0.880144 (0.798300 + 0.081844),0.856857 (0.774900 + 0.081957),0.880144 (0.798300 + 0.081844),0.880144 (0.798300 + 0.081844),0.880144 (0.798300 + 0.081844),0.880144 (0.798300 + 0.081844),0.880144 (0.798300 + 0.081844),0.880144 (0.798300 + 0.081844),0.880144 (0.798300 + 0.081844),0.880144 (0.798300 + 0.081844),0.880144 (0.798300 + 0.081844),0.880144 (0.798300 + 0.081844),0.870957 (0.789300 + 0.081657),0.872066 (0.790200 + 0.081866),0.880144 (0.798300 + 0.081844),0.880144 (0.798300 + 0.081844),0.869129 (0.787500 + 0.081629),0.880144 (0.798300 + 0.081844),0.880144 (0.798300 + 0.081844),0.880144 (0.798300 + 0.081844),0.880144 (0.798300 + 0.081844),0.880144 (0.798300 + 0.081844),0.841385 (0.759600 + 0.081785),0.880144 (0.798300 + 0.081844),0.880144 (0.798300 + 0.081844),0.880144 (0.798300 + 0.081844),0.880144 (0.798300 + 0.081844),0.880144 (0.798300 + 0.081844),0.880144 (0.798300 + 0.081844),0.880144 (0.798300 + 0.081844),0.880144 (0.798300 + 0.081844),0.880144 (0.798300 + 0.081844),0.880144 (0.798300 + 0.081844),0.880144 (0.798300 + 0.081844),0.880144 (0.798300 + 0.081844),0.880144 (0.798300 + 0.081844),0.858356 (0.776700 + 0.081656),0.880144 (0.798300 + 0.081844),0.880144 (0.798300 + 0.081844),0.880144 (0.798300 + 0.081844),0.880144 (0.798300 + 0.081844),0.851356 (0.769500 + 0.081856),0.880144 (0.798300 + 0.081844),0.856496 (0.774900 + 0.081596),0.880144 (0.798300 + 0.081844)
131,0.880144 (0.798300 + 0.081844),0.880144 (0.798300 + 0.081844),0.880144 (0.798300 + 0.081844),0.880144 (0.798300 + 0.081844),0.880144 (0.798300 + 0.081844),0.880144 (0.798300 + 0.081844),0.880144 (0.798300 + 0.081844),0.862980 (0.781200 + 0.081780),0.861084 (0.779400 + 0.081684),0.880144 (0.798300 + 0.081844),0.880144 (0.798300 + 0.081844),0.872066 (0.790200 + 0.081866),0.880144 (0.798300 + 0.081844),0.880144 (0.798300 + 0.081844),0.880144 (0.798300 + 0.081844),0.880144 (0.798300 + 0.081844),0.880144 (0.798300 + 0.081844),0.880144 (0.798300 + 0.081844),0.880144 (0.798300 + 0.081844),0.880144 (0.798300 + 0.081844),0.880144 (0.798300 + 0.081844),0.880144 (0.798300 + 0.081844),0.880144 (0.798300 + 0.081844),0.880154 (0.798300 + 0.081854),0.874912 (0.792900 + 0.082012),0.880144 (0.798300 + 0.081844),0.880144 (0.798300 + 0.081844),0.880144 (0.798300 + 0.081844),0.880144 (0.798300 + 0.081844),0.852838 (0.771300 + 0.081538),0.880144 (0.798300 + 0.081844),0.880144 (0.798300 + 0.081844),0.854907 (0.773100 + 0.081807),0.880144 (0.798300 + 0.081844),0.880144 (0.798300 + 0.081844),0.880144 (0.798300 + 0.081844),0.880144 (0.798300 + 0.081844),0.873815 (0.792000 + 0.081815),0.880144 (0.798300 + 0.081844),0.880144 (0.798300 + 0.081844),0.880144 (0.798300 + 0.081844),0.880144 (0.798300 + 0.081844),0.880144 (0.798300 + 0.081844),0.880144 (0.798300 + 0.081844),0.880144 (0.798300 + 0.081844),0.880144 (0.798300 + 0.081844),0.880144 (0.798300 + 0.081844),0.880144 (0.798300 + 0.081844),0.880144 (0.798300 + 0.081844),0.880144 (0.798300 + 0.081844),0.880144 (0.798300 + 0.081844),0.880144 (0.798300 + 0.081844),0.859521 (0.777600 + 0.081921),0.880144 (0.798300 + 0.081844),0.880144 (0.798300 + 0.081844),0.880144 (0.798300 + 0.081844),0.880144 (0.798300 + 0.081844),0.880144 (0.798300 + 0.081844),0.880144 (0.798300 + 0.081844),0.880144 (0.798300 + 0.081844),0.880144 (0.798300 + 0.081844),0.880144 (0.798300 + 0.081844),0.880144 (0.798300 + 0.081844),0.880144 (0.798300 + 0.081844),0.880144 (0.798300 + 0.081844),0.880144 (0.798300 + 0.081844),0.880144 (0.798300 + 0.081844),0.861231 (0.779400 + 0.081831),0.880144 (0.798300 + 0.081844),0.880144 (0.798300 + 0.081844),0.880144 (0.798300 + 0.081844),0.880144 (0.798300 + 0.081844),0.880144 (0.798300 + 0.081844),0.880144 (0.798300 + 0.081844),0.880144 (0.798300 + 0.081844),0.880144 (0.798300 + 0.081844),0.880144 (0.798300 + 0.081844),0.880144 (0.798300 + 0.081844),0.880144 (0.798300 + 0.081844),0.880144 (0.798300 + 0.081844),0.880144 (0.798300 + 0.081844),0.880144 (0.798300 + 0.081844),0.880144 (0.798300 + 0.081844),0.880144 (0.798300 + 0.081844),0.880144 (0.798300 + 0.081844),0.880144 (0.798300 + 0.081844),0.880144 (0.798300 + 0.081844),0.880144 (0.798300 + 0.081844),0.880144 (0.798300 + 0.081844),0.880144 (0.798300 + 0.081844),0.863951 (0.782100 + 0.081851),0.880144 (0.798300 + 0.081844),0.880144 (0.798300 + 0.081844),0.880144 (0.798300 + 0.081844),0.880144 (0.798300 + 0.081844),0.871068 (0.789300 + 0.081768),0.872000 (0.790200 + 0.081800),0.867461 (0.785700 + 0.081761),0.881135 (0.799200 + 0.081935),0.880144 (0.798300 + 0.081844)
132,0.881135 (0.799200 + 0.081935),0.880154 (0.798300 + 0.081854),0.880144 (0.798300 + 0.081844),0.880144 (0.798300 + 0.081844),0.880144 (0.798300 + 0.081844),0.880144 (0.798300 + 0.081844),0.880144 (0.798300 + 0.081844),0.880144 (0.798300 + 0.081844),0.880144 (0.798300 + 0.081844),0.880144 (0.798300 + 0.081844),0.880144 (0.798300 + 0.081844),0.880144 (0.798300 + 0.081844),0.880144 (0.798300 + 0.081844),0.880144 (0.798300 + 0.081844),0.880144 (0.798300 + 0.081844),0.880144 (0.798300 + 0.081844),0.880144 (0.798300 + 0.081844),0.880144 (0.798300 + 0.081844),0.880144 (0.798300 + 0.081844),0.880144 (0.798300 + 0.081844),0.880144 (0.798300 + 0.081844),0.880144 (0.798300 + 0.081844),0.880144 (0.798300 + 0.081844),0.880144 (0.798300 + 0.081844),0.880144 (0.798300 + 0.081844),0.880144 (0.798300 + 0.081844),0.881135 (0.799200 + 0.081935),0.880144 (0.798300 + 0.081844),0.880144 (0.798300 + 0.081844),0.880144 (0.798300 + 0.081844),0.880144 (0.798300 + 0.081844),0.880144 (0.798300 + 0.081844),0.880144 (0.798300 + 0.081844),0.870211 (0.788400 + 0.081811),0.880144 (0.798300 + 0.081844),0.880144 (0.798300 + 0.081844),0.865834 (0.783900 + 0.081934),0.880144 (0.798300 + 0.081844),0.880144 (0.798300 + 0.081844),0.862024 (0.780300 + 0.081724),0.880144 (0.798300 + 0.081844),0.853788 (0.772200 + 0.081588),0.880144 (0.798300 + 0.081844),0.880154 (0.798300 + 0.081854),0.880144 (0.798300 + 0.081844),0.880144 (0.798300 + 0.081844),0.880144 (0.798300 + 0.081844),0.880144 (0.798300 + 0.081844),0.880144 (0.798300 + 0.081844),0.880144 (0.798300 + 0.081844),0.880144 (0.798300 + 0.081844),0.880144 (0.798300 + 0.081844),0.867432 (0.785700 + 0.081732),0.880144 (0.798300 + 0.081844),0.880144 (0.798300 + 0.081844),0.880144 (0.798300 + 0.081844),0.880144 (0.798300 + 0.081844),0.880144 (0.798300 + 0.081844),0.880144 (0.798300 + 0.081844),0.880144 (0.798300 + 0.081844),0.880144 (0.798300 + 0.081844),0.880144 (0.798300 + 0.081844),0.880144 (0.798300 + 0.081844),0.880144 (0.798300 + 0.081844),0.880144 (0.798300 + 0.081844),0.880144 (0.798300 + 0.081844),0.880144 (0.798300 + 0.081844),0.880154 (0.798300 + 0.081854),0.880144 (0.798300 + 0.081844),0.880144 (0.798300 + 0.081844),0.880144 (0.798300 + 0.081844),0.880144 (0.798300 + 0.081844),0.880144 (0.798300 + 0.081844),0.880144 (0.798300 + 0.081844),0.880144 (0.798300 + 0.081844),0.880144 (0.798300 + 0.081844),0.880144 (0.798300 + 0.081844),0.880144 (0.798300 + 0.081844),0.880144 (0.798300 + 0.081844),0.880144 (0.798300 + 0.081844),0.880144 (0.798300 + 0.081844),0.880144 (0.798300 + 0.081844),0.880144 (0.798300 + 0.081844),0.880144 (0.798300 + 0.081844),0.880144 (0.798300 + 0.081844),0.880144 (0.798300 + 0.081844),0.880144 (0.798300 + 0.081844),0.880144 (0.798300 + 0.081844),0.880144 (0.798300 + 0.081844),0.880144 (0.798300 + 0.081844),0.880144 (0.798300 + 0.081844),0.880144 (0.798300 + 0.081844),0.880144 (0.798300 + 0.081844),0.880144 (0.798300 + 0.081844),0.880144 (0.798300 + 0.081844),0.880144 (0.798300 + 0.081844),0.880154 (0.798300 + 0.081854),0.880144 (0.798300 + 0.081844),0.880144 (0.798300 + 0.081844),0.880144 (0.798300 + 0.081844)
133,0.881135 (0.799200 + 0.081935),0.881135 (0.799200 + 0.081935),0.880154 (0.798300 + 0.081854),0.880144 (0.798300 + 0.081844),0.880144 (0.798300 + 0.081844),0.880144 (0.798300 + 0.081844),0.880144 (0.798300 + 0.081844),0.880144 (0.798300 + 0.081844),0.880144 (0.798300 + 0.081844),0.880144 (0.798300 + 0.081844),0.880144 (0.798300 + 0.081844),0.880144 (0.798300 + 0.081844),0.880144 (0.798300 + 0.081844),0.858421 (0.776700 + 0.081721),0.880144 (0.798300 + 0.081844),0.880144 (0.798300 + 0.081844),0.880144 (0.798300 + 0.081844),0.880154 (0.798300 + 0.081854),0.880144 (0.798300 + 0.081844),0.880144 (0.798300 + 0.081844),0.880144 (0.798300 + 0.081844),0.880144 (0.798300 + 0.081844),0.880144 (0.798300 + 0.081844),0.880144 (0.798300 + 0.081844),0.880144 (0.798300 + 0.081844),0.880144 (0.798300 + 0.081844),0.865804 (0.783900 + 0.081904),0.880144 (0.798300 + 0.081844),0.880144 (0.798300 + 0.081844),0.879316 (0.797400 + 0.081917),0.878363 (0.796500 + 0.081863),0.880144 (0.798300 + 0.081844),0.880144 (0.798300 + 0.081844),0.870243 (0.788400 + 0.081843),0.880144 (0.798300 + 0.081844),0.880144 (0.798300 + 0.081844),0.880154 (0.798300 + 0.081854),0.880154 (0.798300 + 0.081854),0.880144 (0.798300 + 0.081844),0.866681 (0.784800 + 0.081881),0.880144 (0.798300 + 0.081844),0.860280 (0.778500 + 0.081780),0.880144 (0.798300 + 0.081844),0.880144 (0.798300 + 0.081844),0.880144 (0.798300 + 0.081844),0.880144 (0.798300 + 0.081844),0.880144 (0.798300 + 0.081844),0.880144 (0.798300 + 0.081844),0.880144 (0.798300 + 0.081844),0.880144 (0.798300 + 0.081844),0.880144 (0.798300 + 0.081844),0.880144 (0.798300 + 0.081844),0.880144 (0.798300 + 0.081844),0.880144 (0.798300 + 0.081844),0.880144 (0.798300 + 0.081844),0.871201 (0.789300 + 0.081901),0.880144 (0.798300 + 0.081844),0.880144 (0.798300 + 0.081844),0.880144 (0.798300 + 0.081844),0.880144 (0.798300 + 0.081844),0.880144 (0.798300 + 0.081844),0.880144 (0.798300 + 0.081844),0.880144 (0.798300 + 0.081844),0.880154 (0.798300 + 0.081854),0.880144 (0.798300 + 0.081844),0.880144 (0.798300 + 0.081844),0.880144 (0.798300 + 0.081844),0.880144 (0.798300 + 0.081844),0.880144 (0.798300 + 0.081844),0.880144 (0.798300 + 0.081844),0.880144 (0.798300 + 0.081844),0.880144 (0.798300 + 0.081844),0.880144 (0.798300 + 0.081844),0.880144 (0.798300 + 0.081844),0.880154 (0.798300 + 0.081854),0.880144 (0.798300 + 0.081844),0.880144 (0.798300 + 0.081844),0.880144 (0.798300 + 0.081844),0.880144 (0.798300 + 0.081844),0.880144 (0.798300 + 0.081844),0.880144 (0.798300 + 0.081844),0.880142 (0.798300 + 0.081842),0.880247 (0.798300 + 0.081947),0.858436 (0.776700 + 0.081736),0.880144 (0.798300 + 0.081844),0.880144 (0.798300 + 0.081844),0.880144 (0.798300 + 0.081844),0.880144 (0.798300 + 0.081844),0.880144 (0.798300 + 0.081844),0.880144 (0.798300 + 0.081844),0.880144 (0.798300 + 0.081844),0.880144 (0.798300 + 0.081844),0.880144 (0.798300 + 0.081844),0.880144 (0.798300 + 0.081844),0.880144 (0.798300 + 0.081844),0.880144 (0.798300 + 0.081844),0.881135 (0.799200 + 0.081935),0.881135 (0.799200 + 0.081935),0.880144 (0.798300 + 0.081844),0.880144 (0.798300 + 0.081844)
134,0.881135 (0.799200 + 0.081935),0.881135 (0.799200 + 0.081935),0.881135 (0.799200 + 0.081935),0.863789 (0.782100 + 0.081689),0.880144 (0.798300 + 0.081844),0.880144 (0.798300 + 0.081844),0.880144 (0.798300 + 0.081844),0.880144 (0.798300 + 0.081844),0.880144 (0.798300 + 0.081844),0.880144 (0.798300 + 0.081844),0.862163 (0.780300 + 0.081863),0.858436 (0.776700 + 0.081736),0.880144 (0.798300 + 0.081844),0.861219 (0.779400 + 0.081819),0.881135 (0.799200 + 0.081935),0.880144 (0.798300 + 0.081844),0.881135 (0.799200 + 0.081935),0.880144 (0.798300 + 0.081844),0.866679 (0.784800 + 0.081879),0.880144 (0.798300 + 0.081844),0.880154 (0.798300 + 0.081854),0.880144 (0.798300 + 0.081844),0.880247 (0.798300 + 0.081947),0.880144 (0.798300 + 0.081844),0.880154 (0.798300 + 0.081854),0.879272 (0.797400 + 0.081872),0.880205 (0.798300 + 0.081905),0.880144 (0.798300 + 0.081844),0.880144 (0.798300 + 0.081844),0.880144 (0.798300 + 0.081844),0.880154 (0.798300 + 0.081854),0.880144 (0.798300 + 0.081844),0.880144 (0.798300 + 0.081844),0.880144 (0.798300 + 0.081844),0.880144 (0.798300 + 0.081844),0.881051 (0.799200 + 0.081851),0.876640 (0.794700 + 0.081940),0.880144 (0.798300 + 0.081844),0.880154 (0.798300 + 0.081854),0.880144 (0.798300 + 0.081844),0.880144 (0.798300 + 0.081844),0.880144 (0.798300 + 0.081844),0.880144 (0.798300 + 0.081844),0.880144 (0.798300 + 0.081844),0.880144 (0.798300 + 0.081844),0.863073 (0.781200 + 0.081873),0.880144 (0.798300 + 0.081844),0.880144 (0.798300 + 0.081844),0.880144 (0.798300 + 0.081844),0.880144 (0.798300 + 0.081844),0.880144 (0.798300 + 0.081844),0.880144 (0.798300 + 0.081844),0.880144 (0.798300 + 0.081844),0.880144 (0.798300 + 0.081844),0.880144 (0.798300 + 0.081844),0.881135 (0.799200 + 0.081935),0.880144 (0.798300 + 0.081844),0.880154 (0.798300 + 0.081854),0.880144 (0.798300 + 0.081844),0.880247 (0.798300 + 0.081947),0.880144 (0.798300 + 0.081844),0.880144 (0.798300 + 0.081844),0.880154 (0.798300 + 0.081854),0.880144 (0.798300 + 0.081844),0.880144 (0.798300 + 0.081844),0.880144 (0.798300 + 0.081844),0.880144 (0.798300 + 0.081844),0.880144 (0.798300 + 0.081844),0.880144 (0.798300 + 0.081844),0.880154 (0.798300 + 0.081854),0.880144 (0.798300 + 0.081844),0.880144 (0.798300 + 0.081844),0.880144 (0.798300 + 0.081844),0.880144 (0.798300 + 0.081844),0.880144 (0.798300 + 0.081844),0.880144 (0.798300 + 0.081844),0.880154 (0.798300 + 0.081854),0.881051 (0.799200 + 0.081851),0.877528 (0.795600 + 0.081928),0.880144 (0.798300 + 0.081844),0.880144 (0.798300 + 0.081844),0.880144 (0.798300 + 0.081844),0.880144 (0.798300 + 0.081844),0.880144 (0.798300 + 0.081844),0.880144 (0.798300 + 0.081844),0.880144 (0.798300 + 0.081844),0.880144 (0.798300 + 0.081844),0.881135 (0.799200 + 0.081935),0.880144 (0.798300 + 0.081844),0.880144 (0.798300 + 0.081844),0.880144 (0.798300 + 0.081844),0.880154 (0.798300 + 0.081854),0.880144 (0.798300 + 0.081844),0.880144 (0.798300 + 0.081844),0.880144 (0.798300 + 0.081844),0.880144 (0.798300 + 0.081844),0.881135 (0.799200 + 0.081935),0.880144 (0.798300 + 0.081844),0.880144 (0.798300 + 0.081844),0.880144 (0.798300 + 0.081844)
135,0.881135 (0.799200 + 0.081935),0.881135 (0.799200 + 0.081935),0.881135 (0.799200 + 0.081935),0.880144 (0.798300 + 0.081844),0.880144 (0.798300 + 0.081844),0.880144 (0.798300 + 0.081844),0.880144 (0.798300 + 0.081844),0.880144 (0.798300 + 0.081844),0.880144 (0.798300 + 0.081844),0.880144 (0.798300 + 0.081844),0.880144 (0.798300 + 0.081844),0.880144 (0.798300 + 0.081844),0.881135 (0.799200 + 0.081935),0.880154 (0.798300 + 0.081854),0.880154 (0.798300 + 0.081854),0.880144 (0.798300 + 0.081844),0.880144 (0.798300 + 0.081844),0.880144 (0.798300 + 0.081844),0.880144 (0.798300 + 0.081844),0.880144 (0.798300 + 0.081844),0.880144 (0.798300 + 0.081844),0.880144 (0.798300 + 0.081844),0.880144 (0.798300 + 0.081844),0.880144 (0.798300 + 0.081844),0.880144 (0.798300 + 0.081844),0.880144 (0.798300 + 0.081844),0.881961 (0.800100 + 0.081861),0.880144 (0.798300 + 0.081844),0.880154 (0.798300 + 0.081854),0.877498 (0.795600 + 0.081898),0.881051 (0.799200 + 0.081851),0.880154 (0.798300 + 0.081854),0.881135 (0.799200 + 0.081935),0.881135 (0.799200 + 0.081935),0.881135 (0.799200 + 0.081935),0.880144 (0.798300 + 0.081844),0.880154 (0.798300 + 0.081854),0.878363 (0.796500 + 0.081863),0.878426 (0.796500 + 0.081926),0.880144 (0.798300 + 0.081844),0.881135 (0.799200 + 0.081935),0.879316 (0.797400 + 0.081917),0.879275 (0.797400 + 0.081875),0.880144 (0.798300 + 0.081844),0.874563 (0.792900 + 0.081663),0.880154 (0.798300 + 0.081854),0.880144 (0.798300 + 0.081844),0.881135 (0.799200 + 0.081935),0.881135 (0.799200 + 0.081935),0.859331 (0.777600 + 0.081731),0.881135 (0.799200 + 0.081935),0.880144 (0.798300 + 0.081844),0.880144 (0.798300 + 0.081844),0.880154 (0.798300 + 0.081854),0.880154 (0.798300 + 0.081854),0.880144 (0.798300 + 0.081844),0.881051 (0.799200 + 0.081851),0.880144 (0.798300 + 0.081844),0.880154 (0.798300 + 0.081854),0.880154 (0.798300 + 0.081854),0.880144 (0.798300 + 0.081844),0.866047 (0.783900 + 0.082147),0.880144 (0.798300 + 0.081844),0.880144 (0.798300 + 0.081844),0.880144 (0.798300 + 0.081844),0.878426 (0.796500 + 0.081926),0.878363 (0.796500 + 0.081863),0.880144 (0.798300 + 0.081844),0.881051 (0.799200 + 0.081851),0.880144 (0.798300 + 0.081844),0.880144 (0.798300 + 0.081844),0.880247 (0.798300 + 0.081947),0.880154 (0.798300 + 0.081854),0.880144 (0.798300 + 0.081844),0.880144 (0.798300 + 0.081844),0.880154 (0.798300 + 0.081854),0.881051 (0.799200 + 0.081851),0.880144 (0.798300 + 0.081844),0.880144 (0.798300 + 0.081844),0.880144 (0.798300 + 0.081844),0.880144 (0.798300 + 0.081844),0.880144 (0.798300 + 0.081844),0.880144 (0.798300 + 0.081844),0.877535 (0.795600 + 0.081935),0.880144 (0.798300 + 0.081844),0.858388 (0.776700 + 0.081688),0.881135 (0.799200 + 0.081935),0.880144 (0.798300 + 0.081844),0.880144 (0.798300 + 0.081844),0.859471 (0.777600 + 0.081871),0.880144 (0.798300 + 0.081844),0.880144 (0.798300 + 0.081844),0.881135 (0.799200 + 0.081935),0.880144 (0.798300 + 0.081844),0.880144 (0.798300 + 0.081844),0.880144 (0.798300 + 0.081844),0.880144 (0.798300 + 0.081844),0.878363 (0.796500 + 0.081863),0.879316 (0.797400 + 0.081917),0.880144 (0.798300 + 0.081844)
136,0.881961 (0.800100 + 0.081861),0.881135 (0.799200 + 0.081935),0.881135 (0.799200 + 0.081935),0.880144 (0.798300 + 0.081844),0.880154 (0.798300 + 0.081854),0.880144 (0.798300 + 0.081844),0.880154 (0.798300 + 0.081854),0.880154 (0.798300 + 0.081854),0.880144 (0.798300 + 0.081844),0.861271 (0.779400 + 0.081871),0.880154 (0.798300 + 0.081854),0.878426 (0.796500 + 0.081926),0.880144 (0.798300 + 0.081844),0.881135 (0.799200 + 0.081935),0.880144 (0.798300 + 0.081844),0.880144 (0.798300 + 0.081844),0.880144 (0.798300 + 0.081844),0.881135 (0.799200 + 0.081935),0.858672 (0.776700 + 0.081972),0.881135 (0.799200 + 0.081935),0.880144 (0.798300 + 0.081844),0.881135 (0.799200 + 0.081935),0.880144 (0.798300 + 0.081844),0.865855 (0.783900 + 0.081955),0.879316 (0.797400 + 0.081917),0.854959 (0.773100 + 0.081859),0.879316 (0.797400 + 0.081917),0.880144 (0.798300 + 0.081844),0.880144 (0.798300 + 0.081844),0.880144 (0.798300 + 0.081844),0.880144 (0.798300 + 0.081844),0.881135 (0.799200 + 0.081935),0.880144 (0.798300 + 0.081844),0.880154 (0.798300 + 0.081854),0.880154 (0.798300 + 0.081854),0.879316 (0.797400 + 0.081917),0.867549 (0.785700 + 0.081849),0.880144 (0.798300 + 0.081844),0.880154 (0.798300 + 0.081854),0.856054 (0.774000 + 0.082054),0.881135 (0.799200 + 0.081935),0.879316 (0.797400 + 0.081917),0.878363 (0.796500 + 0.081863),0.880154 (0.798300 + 0.081854),0.880144 (0.798300 + 0.081844),0.859376 (0.777600 + 0.081776),0.856057 (0.774000 + 0.082057),0.880154 (0.798300 + 0.081854),0.881051 (0.799200 + 0.081851),0.880154 (0.798300 + 0.081854),0.880144 (0.798300 + 0.081844),0.881135 (0.799200 + 0.081935),0.880144 (0.798300 + 0.081844),0.880144 (0.798300 + 0.081844),0.853047 (0.771300 + 0.081747),0.878426 (0.796500 + 0.081926),0.878363 (0.796500 + 0.081863),0.880144 (0.798300 + 0.081844),0.880144 (0.798300 + 0.081844),0.881135 (0.799200 + 0.081935),0.881961 (0.800100 + 0.081861),0.880144 (0.798300 + 0.081844),0.880144 (0.798300 + 0.081844),0.881135 (0.799200 + 0.081935),0.881135 (0.799200 + 0.081935),0.880154 (0.798300 + 0.081854),0.880154 (0.798300 + 0.081854),0.880144 (0.798300 + 0.081844),0.881135 (0.799200 + 0.081935),0.880154 (0.798300 + 0.081854),0.881135 (0.799200 + 0.081935),0.878363 (0.796500 + 0.081863),0.879316 (0.797400 + 0.081917),0.881135 (0.799200 + 0.081935),0.880144 (0.798300 + 0.081844),0.880144 (0.798300 + 0.081844),0.880144 (0.798300 + 0.081844),0.880154 (0.798300 + 0.081854),0.880144 (0.798300 + 0.081844),0.881135 (0.799200 + 0.081935),0.880154 (0.798300 + 0.081854),0.881135 (0.799200 + 0.081935),0.881051 (0.799200 + 0.081851),0.881051 (0.799200 + 0.081851),0.881135 (0.799200 + 0.081935),0.880154 (0.798300 + 0.081854),0.879275 (0.797400 + 0.081875),0.880144 (0.798300 + 0.081844),0.880154 (0.798300 + 0.081854),0.869255 (0.787500 + 0.081755),0.878426 (0.796500 + 0.081926),0.881135 (0.799200 + 0.081935),0.880144 (0.798300 + 0.081844),0.881135 (0.799200 + 0.081935),0.881135 (0.799200 + 0.081935),0.880144 (0.798300 + 0.081844),0.880144 (0.798300 + 0.081844),0.878426 (0.796500 + 0.081926),0.880144 (0.798300 + 0.081844),0.878363 (0.796500 + 0.081863)
137,0.881961 (0.800100 + 0.081861),0.881961 (0.800100 + 0.081861),0.881135 (0.799200 + 0.081935),0.880154 (0.798300 + 0.081854),0.880144 (0.798300 + 0.081844),0.881135 (0.799200 + 0.081935),0.868522 (0.786600 + 0.081922),0.878363 (0.796500 + 0.081863),0.879316 (0.797400 + 0.081917),0.878363 (0.796500 + 0.081863),0.879316 (0.797400 + 0.081917),0.881135 (0.799200 + 0.081935),0.880154 (0.798300 + 0.081854),0.880154 (0.798300 + 0.081854),0.880144 (0.798300 + 0.081844),0.879232 (0.797400 + 0.081832),0.869447 (0.787500 + 0.081947),0.877528 (0.795600 + 0.081928),0.881051 (0.799200 + 0.081851),0.878426 (0.796500 + 0.081926),0.880154 (0.798300 + 0.081854),0.880144 (0.798300 + 0.081844),0.881051 (0.799200 + 0.081851),0.881135 (0.799200 + 0.081935),0.880154 (0.798300 + 0.081854),0.880247 (0.798300 + 0.081947),0.878363 (0.796500 + 0.081863),0.881135 (0.799200 + 0.081935),0.881135 (0.799200 + 0.081935),0.862195 (0.780300 + 0.081895),0.874694 (0.792900 + 0.081794),0.880144 (0.798300 + 0.081844),0.881135 (0.799200 + 0.081935),0.880154 (0.798300 + 0.081854),0.873844 (0.792000 + 0.081844),0.880144 (0.798300 + 0.081844),0.880144 (0.798300 + 0.081844),0.880154 (0.798300 + 0.081854),0.880144 (0.798300 + 0.081844),0.881135 (0.799200 + 0.081935),0.881135 (0.799200 + 0.081935),0.880144 (0.798300 + 0.081844),0.881961 (0.800100 + 0.081861),0.881961 (0.800100 + 0.081861),0.856846 (0.774900 + 0.081946),0.880144 (0.798300 + 0.081844),0.877312 (0.795600 + 0.081712),0.881135 (0.799200 + 0.081935),0.881135 (0.799200 + 0.081935),0.881051 (0.799200 + 0.081851),0.881051 (0.799200 + 0.081851),0.878363 (0.796500 + 0.081863),0.879316 (0.797400 + 0.081917),0.881135 (0.799200 + 0.081935),0.881135 (0.799200 + 0.081935),0.880154 (0.798300 + 0.081854),0.880154 (0.798300 + 0.081854),0.881135 (0.799200 + 0.081935),0.880144 (0.798300 + 0.081844),0.880154 (0.798300 + 0.081854),0.880144 (0.798300 + 0.081844),0.879232 (0.797400 + 0.081832),0.880247 (0.798300 + 0.081947),0.881135 (0.799200 + 0.081935),0.852176 (0.770400 + 0.081776),0.880144 (0.798300 + 0.081844),0.880144 (0.798300 + 0.081844),0.881961 (0.800100 + 0.081861),0.881135 (0.799200 + 0.081935),0.881051 (0.799200 + 0.081851),0.880144 (0.798300 + 0.081844),0.856671 (0.774900 + 0.081771),0.881961 (0.800100 + 0.081861),0.855798 (0.774000 + 0.081798),0.880154 (0.798300 + 0.081854),0.880154 (0.798300 + 0.081854),0.880154 (0.798300 + 0.081854),0.881051 (0.799200 + 0.081851),0.880144 (0.798300 + 0.081844),0.881135 (0.799200 + 0.081935),0.869285 (0.787500 + 0.081785),0.881135 (0.799200 + 0.081935),0.880154 (0.798300 + 0.081854),0.881135 (0.799200 + 0.081935),0.881135 (0.799200 + 0.081935),0.860157 (0.778500 + 0.081658),0.880144 (0.798300 + 0.081844),0.881961 (0.800100 + 0.081861),0.880154 (0.798300 + 0.081854),0.881135 (0.799200 + 0.081935),0.881135 (0.799200 + 0.081935),0.880154 (0.798300 + 0.081854),0.880154 (0.798300 + 0.081854),0.881135 (0.799200 + 0.081935),0.879316 (0.797400 + 0.081917),0.881979 (0.800100 + 0.081879),0.857573 (0.775800 + 0.081773),0.881135 (0.799200 + 0.081935),0.881135 (0.799200 + 0.081935),0.881051 (0.799200 + 0.081851)
138,0.881979 (0.800100 + 0.081879),0.881961 (0.800100 + 0.081861),0.881961 (0.800100 + 0.081861),0.881135 (0.799200 + 0.081935),0.881135 (0.799200 + 0.081935),0.881051 (0.799200 + 0.081851),0.880154 (0.798300 + 0.081854),0.880144 (0.798300 + 0.081844),0.846593 (0.765000 + 0.081593),0.881135 (0.799200 + 0.081935),0.881135 (0.799200 + 0.081935),0.881135 (0.799200 + 0.081935),0.881135 (0.799200 + 0.081935),0.881135 (0.799200 + 0.081935),0.880144 (0.798300 + 0.081844),0.881135 (0.799200 + 0.081935),0.880247 (0.798300 + 0.081947),0.881135 (0.799200 + 0.081935),0.878363 (0.796500 + 0.081863),0.879316 (0.797400 + 0.081917),0.881135 (0.799200 + 0.081935),0.881135 (0.799200 + 0.081935),0.879316 (0.797400 + 0.081917),0.880144 (0.798300 + 0.081844),0.880154 (0.798300 + 0.081854),0.881135 (0.799200 + 0.081935),0.881135 (0.799200 + 0.081935),0.861176 (0.779400 + 0.081776),0.865772 (0.783900 + 0.081872),0.881135 (0.799200 + 0.081935),0.881051 (0.799200 + 0.081851),0.880144 (0.798300 + 0.081844),0.881961 (0.800100 + 0.081861),0.881961 (0.800100 + 0.081861),0.881135 (0.799200 + 0.081935),0.862990 (0.781200 + 0.081790),0.881961 (0.800100 + 0.081861),0.878426 (0.796500 + 0.081926),0.861337 (0.779400 + 0.081937),0.881135 (0.799200 + 0.081935),0.881135 (0.799200 + 0.081935),0.877528 (0.795600 + 0.081928),0.881961 (0.800100 + 0.081861),0.880154 (0.798300 + 0.081854),0.880154 (0.798300 + 0.081854),0.881961 (0.800100 + 0.081861),0.880154 (0.798300 + 0.081854),0.881135 (0.799200 + 0.081935),0.881961 (0.800100 + 0.081861),0.880154 (0.798300 + 0.081854),0.881961 (0.800100 + 0.081861),0.881135 (0.799200 + 0.081935),0.881051 (0.799200 + 0.081851),0.880154 (0.798300 + 0.081854),0.881135 (0.799200 + 0.081935),0.881051 (0.799200 + 0.081851),0.880144 (0.798300 + 0.081844),0.881135 (0.799200 + 0.081935),0.880144 (0.798300 + 0.081844),0.881961 (0.800100 + 0.081861),0.861152 (0.779400 + 0.081752),0.879272 (0.797400 + 0.081872),0.879316 (0.797400 + 0.081917),0.880154 (0.798300 + 0.081854),0.881961 (0.800100 + 0.081861),0.880154 (0.798300 + 0.081854),0.880144 (0.798300 + 0.081844),0.880144 (0.798300 + 0.081844),0.879272 (0.797400 + 0.081872),0.881135 (0.799200 + 0.081935),0.881135 (0.799200 + 0.081935),0.881135 (0.799200 + 0.081935),0.881135 (0.799200 + 0.081935),0.881051 (0.799200 + 0.081851),0.881135 (0.799200 + 0.081935),0.881135 (0.799200 + 0.081935),0.880154 (0.798300 + 0.081854),0.870384 (0.788400 + 0.081984),0.877417 (0.795600 + 0.081817),0.855835 (0.774000 + 0.081835),0.881135 (0.799200 + 0.081935),0.864888 (0.783000 + 0.081888),0.880154 (0.798300 + 0.081854),0.881961 (0.800100 + 0.081861),0.877528 (0.795600 + 0.081928),0.881135 (0.799200 + 0.081935),0.880154 (0.798300 + 0.081854),0.879316 (0.797400 + 0.081917),0.879272 (0.797400 + 0.081872),0.881135 (0.799200 + 0.081935),0.881135 (0.799200 + 0.081935),0.881135 (0.799200 + 0.081935),0.881979 (0.800100 + 0.081879),0.881135 (0.799200 + 0.081935),0.880144 (0.798300 + 0.081844),0.868633 (0.786600 + 0.082033),0.878363 (0.796500 + 0.081863),0.881051 (0.799200 + 0.081851),0.880144 (0.798300 + 0.081844),0.881961 (0.800100 + 0.081861)
139,0.881979 (0.800100 + 0.081879),0.881979 (0.800100 + 0.081879),0.881961 (0.800100 + 0.081861),0.870193 (0.788400 + 0.081793),0.881969 (0.800100 + 0.081869),0.881135 (0.799200 + 0.081935),0.881135 (0.799200 + 0.081935),0.880144 (0.798300 + 0.081844),0.881961 (0.800100 + 0.081861),0.881979 (0.800100 + 0.081879),0.881135 (0.799200 + 0.081935),0.881051 (0.799200 + 0.081851),0.858453 (0.776700 + 0.081753),0.880144 (0.798300 + 0.081844),0.880154 (0.798300 + 0.081854),0.878426 (0.796500 + 0.081926),0.881969 (0.800100 + 0.081869),0.867681 (0.785700 + 0.081981),0.881135 (0.799200 + 0.081935),0.881961 (0.800100 + 0.081861),0.881051 (0.799200 + 0.081851),0.881135 (0.799200 + 0.081935),0.856676 (0.774900 + 0.081776),0.881135 (0.799200 + 0.081935),0.879272 (0.797400 + 0.081872),0.881135 (0.799200 + 0.081935),0.858416 (0.776700 + 0.081716),0.881961 (0.800100 + 0.081861),0.881135 (0.799200 + 0.081935),0.881135 (0.799200 + 0.081935),0.881961 (0.800100 + 0.081861),0.881135 (0.799200 + 0.081935),0.855842 (0.774000 + 0.081842),0.865084 (0.783000 + 0.082084),0.881135 (0.799200 + 0.081935),0.881135 (0.799200 + 0.081935),0.880247 (0.798300 + 0.081947),0.878363 (0.796500 + 0.081863),0.879316 (0.797400 + 0.081917),0.879316 (0.797400 + 0.081917),0.849552 (0.767700 + 0.081852),0.879316 (0.797400 + 0.081917),0.878363 (0.796500 + 0.081863),0.880247 (0.798300 + 0.081947),0.881135 (0.799200 + 0.081935),0.879316 (0.797400 + 0.081917),0.881969 (0.800100 + 0.081869),0.881961 (0.800100 + 0.081861),0.881135 (0.799200 + 0.081935),0.879272 (0.797400 + 0.081872),0.879316 (0.797400 + 0.081917),0.878426 (0.796500 + 0.081926),0.881969 (0.800100 + 0.081869),0.881135 (0.799200 + 0.081935),0.880154 (0.798300 + 0.081854),0.870425 (0.788400 + 0.082025),0.880144 (0.798300 + 0.081844),0.881961 (0.800100 + 0.081861),0.877528 (0.795600 + 0.081928),0.881979 (0.800100 + 0.081879),0.881135 (0.799200 + 0.081935),0.881135 (0.799200 + 0.081935),0.881961 (0.800100 + 0.081861),0.881961 (0.800100 + 0.081861),0.881961 (0.800100 + 0.081861),0.865647 (0.783900 + 0.081748),0.881961 (0.800100 + 0.081861),0.870093 (0.788400 + 0.081693),0.865772 (0.783900 + 0.081872),0.881051 (0.799200 + 0.081851),0.880149 (0.798300 + 0.081849),0.881135 (0.799200 + 0.081935),0.880154 (0.798300 + 0.081854),0.881961 (0.800100 + 0.081861),0.881961 (0.800100 + 0.081861),0.881135 (0.799200 + 0.081935),0.881961 (0.800100 + 0.081861),0.881961 (0.800100 + 0.081861),0.870340 (0.788400 + 0.081940),0.881135 (0.799200 + 0.081935),0.880144 (0.798300 + 0.081844),0.881961 (0.800100 + 0.081861),0.880144 (0.798300 + 0.081844),0.881135 (0.799200 + 0.081935),0.881135 (0.799200 + 0.081935),0.880244 (0.798300 + 0.081944),0.881969 (0.800100 + 0.081869),0.879316 (0.797400 + 0.081917),0.879272 (0.797400 + 0.081872),0.881135 (0.799200 + 0.081935),0.881051 (0.799200 + 0.081851),0.881961 (0.800100 + 0.081861),0.881135 (0.799200 + 0.081935),0.881051 (0.799200 + 0.081851),0.880144 (0.798300 + 0.081844),0.881961 (0.800100 + 0.081861),0.880154 (0.798300 + 0.081854),0.863982 (0.782100 + 0.081882),0.871241 (0.789300 + 0.081941),0.881135 (0.799200 + 0.081935)
140,0.881979 (0.800100 + 0.081879),0.881979 (0.800100 + 0.081879),0.881979 (0.800100 + 0.081879),0.881981 (0.800100 + 0.081881),0.881135 (0.799200 + 0.081935),0.881961 (0.800100 + 0.081861),0.881135 (0.799200 + 0.081935),0.881135 (0.799200 + 0.081935),0.881135 (0.799200 + 0.081935),0.881961 (0.800100 + 0.081861),0.881135 (0.799200 + 0.081935),0.881961 (0.800100 + 0.081861),0.881961 (0.800100 + 0.081861),0.881979 (0.800100 + 0.081879),0.881961 (0.800100 + 0.081861),0.881961 (0.800100 + 0.081861),0.881969 (0.800100 + 0.081869),0.881961 (0.800100 + 0.081861),0.881051 (0.799200 + 0.081851),0.881961 (0.800100 + 0.081861),0.880149 (0.798300 + 0.081849),0.881051 (0.799200 + 0.081851),0.880144 (0.798300 + 0.081844),0.881135 (0.799200 + 0.081935),0.879316 (0.797400 + 0.081917),0.866462 (0.784800 + 0.081662),0.880144 (0.798300 + 0.081844),0.881969 (0.800100 + 0.081869),0.881961 (0.800100 + 0.081861),0.881135 (0.799200 + 0.081935),0.881135 (0.799200 + 0.081935),0.881979 (0.800100 + 0.081879),0.881135 (0.799200 + 0.081935),0.881135 (0.799200 + 0.081935),0.881961 (0.800100 + 0.081861),0.881961 (0.800100 + 0.081861),0.881135 (0.799200 + 0.081935),0.881135 (0.799200 + 0.081935),0.881961 (0.800100 + 0.081861),0.881135 (0.799200 + 0.081935),0.881961 (0.800100 + 0.081861),0.875732 (0.793800 + 0.081932),0.877628 (0.795600 + 0.082028),0.881051 (0.799200 + 0.081851),0.878363 (0.796500 + 0.081863),0.881961 (0.800100 + 0.081861),0.881135 (0.799200 + 0.081935),0.879316 (0.797400 + 0.081917),0.881135 (0.799200 + 0.081935),0.878426 (0.796500 + 0.081926),0.881969 (0.800100 + 0.081869),0.881961 (0.800100 + 0.081861),0.881961 (0.800100 + 0.081861),0.881135 (0.799200 + 0.081935),0.881961 (0.800100 + 0.081861),0.879316 (0.797400 + 0.081917),0.881969 (0.800100 + 0.081869),0.881135 (0.799200 + 0.081935),0.881135 (0.799200 + 0.081935),0.865665 (0.783900 + 0.081765),0.880144 (0.798300 + 0.081844),0.879316 (0.797400 + 0.081917),0.881969 (0.800100 + 0.081869),0.872132 (0.790200 + 0.081932),0.872010 (0.790200 + 0.081810),0.881969 (0.800100 + 0.081869),0.881135 (0.799200 + 0.081935),0.881051 (0.799200 + 0.081851),0.881135 (0.799200 + 0.081935),0.881961 (0.800100 + 0.081861),0.880154 (0.798300 + 0.081854),0.881135 (0.799200 + 0.081935),0.871213 (0.789300 + 0.081913),0.879316 (0.797400 + 0.081917),0.863960 (0.782100 + 0.081860),0.881979 (0.800100 + 0.081879),0.881135 (0.799200 + 0.081935),0.881051 (0.799200 + 0.081851),0.881961 (0.800100 + 0.081861),0.870167 (0.788400 + 0.081767),0.879196 (0.797400 + 0.081796),0.881135 (0.799200 + 0.081935),0.880247 (0.798300 + 0.081947),0.881135 (0.799200 + 0.081935),0.881135 (0.799200 + 0.081935),0.881961 (0.800100 + 0.081861),0.881961 (0.800100 + 0.081861),0.881961 (0.800100 + 0.081861),0.880144 (0.798300 + 0.081844),0.881979 (0.800100 + 0.081879),0.881961 (0.800100 + 0.081861),0.881051 (0.799200 + 0.081851),0.881135 (0.799200 + 0.081935),0.881969 (0.800100 + 0.081869),0.859445 (0.777600 + 0.081845),0.880144 (0.798300 + 0.081844),0.880154 (0.798300 + 0.081854),0.881979 (0.800100 + 0.081879),0.851238 (0.769500 + 0.081738),0.880244 (0.798300 + 0.081944)
141,0.881981 (0.800100 + 0.081881),0.881979 (0.800100 + 0.081879),0.881979 (0.800100 + 0.081879),0.851194 (0.769500 + 0.081694),0.881135 (0.799200 + 0.081935),0.881979 (0.800100 + 0.081879),0.879316 (0.797400 + 0.081917),0.880144 (0.798300 + 0.081844),0.880149 (0.798300 + 0.081849),0.881051 (0.799200 + 0.081851),0.858464 (0.776700 + 0.081764),0.881961 (0.800100 + 0.081861),0.881961 (0.800100 + 0.081861),0.881969 (0.800100 + 0.081869),0.881135 (0.799200 + 0.081935),0.881979 (0.800100 + 0.081879),0.881961 (0.800100 + 0.081861),0.881961 (0.800100 + 0.081861),0.881961 (0.800100 + 0.081861),0.881135 (0.799200 + 0.081935),0.881135 (0.799200 + 0.081935),0.881979 (0.800100 + 0.081879),0.880154 (0.798300 + 0.081854),0.881961 (0.800100 + 0.081861),0.881961 (0.800100 + 0.081861),0.881051 (0.799200 + 0.081851),0.881961 (0.800100 + 0.081861),0.881961 (0.800100 + 0.081861),0.881979 (0.800100 + 0.081879),0.881969 (0.800100 + 0.081869),0.881979 (0.800100 + 0.081879),0.877628 (0.795600 + 0.082028),0.855675 (0.774000 + 0.081675),0.881961 (0.800100 + 0.081861),0.881961 (0.800100 + 0.081861),0.881969 (0.800100 + 0.081869),0.856024 (0.774000 + 0.082024),0.881135 (0.799200 + 0.081935),0.881981 (0.800100 + 0.081881),0.881969 (0.800100 + 0.081869),0.881979 (0.800100 + 0.081879),0.881135 (0.799200 + 0.081935),0.881969 (0.800100 + 0.081869),0.881135 (0.799200 + 0.081935),0.881135 (0.799200 + 0.081935),0.881135 (0.799200 + 0.081935),0.856809 (0.774900 + 0.081909),0.880154 (0.798300 + 0.081854),0.881135 (0.799200 + 0.081935),0.868504 (0.786600 + 0.081904),0.881979 (0.800100 + 0.081879),0.881135 (0.799200 + 0.081935),0.879316 (0.797400 + 0.081917),0.881961 (0.800100 + 0.081861),0.881961 (0.800100 + 0.081861),0.881135 (0.799200 + 0.081935),0.881979 (0.800100 + 0.081879),0.881961 (0.800100 + 0.081861),0.881961 (0.800100 + 0.081861),0.870262 (0.788400 + 0.081862),0.881961 (0.800100 + 0.081861),0.881979 (0.800100 + 0.081879),0.836685 (0.755100 + 0.081586),0.872977 (0.791100 + 0.081877),0.881961 (0.800100 + 0.081861),0.881979 (0.800100 + 0.081879),0.881135 (0.799200 + 0.081935),0.879316 (0.797400 + 0.081917),0.881979 (0.800100 + 0.081879),0.881961 (0.800100 + 0.081861),0.880144 (0.798300 + 0.081844),0.881961 (0.800100 + 0.081861),0.881961 (0.800100 + 0.081861),0.881135 (0.799200 + 0.081935),0.881961 (0.800100 + 0.081861),0.881961 (0.800100 + 0.081861),0.881961 (0.800100 + 0.081861),0.881969 (0.800100 + 0.081869),0.881961 (0.800100 + 0.081861),0.881961 (0.800100 + 0.081861),0.881135 (0.799200 + 0.081935),0.881961 (0.800100 + 0.081861),0.881961 (0.800100 + 0.081861),0.881979 (0.800100 + 0.081879),0.881961 (0.800100 + 0.081861),0.881969 (0.800100 + 0.081869),0.881961 (0.800100 + 0.081861),0.881135 (0.799200 + 0.081935),0.881961 (0.800100 + 0.081861),0.881135 (0.799200 + 0.081935),0.866780 (0.784800 + 0.081980),0.881135 (0.799200 + 0.081935),0.881969 (0.800100 + 0.081869),0.881979 (0.800100 + 0.081879),0.881051 (0.799200 + 0.081851),0.871204 (0.789300 + 0.081904),0.881135 (0.799200 + 0.081935),0.881961 (0.800100 + 0.081861),0.881961 (0.800100 + 0.081861),0.880144 (0.798300 + 0.081844)
142,0.881981 (0.800100 + 0.081881),0.881981 (0.800100 + 0.081881),0.881979 (0.800100 + 0.081879),0.874744 (0.792900 + 0.081844),0.881969 (0.800100 + 0.081869),0.881981 (0.800100 + 0.081881),0.881969 (0.800100 + 0.081869),0.874859 (0.792900 + 0.081959),0.881979 (0.800100 + 0.081879),0.881979 (0.800100 + 0.081879),0.880144 (0.798300 + 0.081844),0.881979 (0.800100 + 0.081879),0.881051 (0.799200 + 0.081851),0.881961 (0.800100 + 0.081861),0.881135 (0.799200 + 0.081935),0.859408 (0.777600 + 0.081808),0.881961 (0.800100 + 0.081861),0.863856 (0.782100 + 0.081756),0.868341 (0.786600 + 0.081741),0.881961 (0.800100 + 0.081861),0.870157 (0.788400 + 0.081757),0.879316 (0.797400 + 0.081917),0.852264 (0.770400 + 0.081864),0.881979 (0.800100 + 0.081879),0.881961 (0.800100 + 0.081861),0.881979 (0.800100 + 0.081879),0.881961 (0.800100 + 0.081861),0.865872 (0.783900 + 0.081972),0.881981 (0.800100 + 0.081881),0.881054 (0.799200 + 0.081854),0.878535 (0.796500 + 0.082035),0.881961 (0.800100 + 0.081861),0.881979 (0.800100 + 0.081879),0.881135 (0.799200 + 0.081935),0.881135 (0.799200 + 0.081935),0.853319 (0.771300 + 0.082019),0.881961 (0.800100 + 0.081861),0.869283 (0.787500 + 0.081783),0.881961 (0.800100 + 0.081861),0.881961 (0.800100 + 0.081861),0.862118 (0.780300 + 0.081818),0.881979 (0.800100 + 0.081879),0.881969 (0.800100 + 0.081869),0.881979 (0.800100 + 0.081879),0.881979 (0.800100 + 0.081879),0.881961 (0.800100 + 0.081861),0.881979 (0.800100 + 0.081879),0.881961 (0.800100 + 0.081861),0.881979 (0.800100 + 0.081879),0.881979 (0.800100 + 0.081879),0.881961 (0.800100 + 0.081861),0.881979 (0.800100 + 0.081879),0.881961 (0.800100 + 0.081861),0.881961 (0.800100 + 0.081861),0.881135 (0.799200 + 0.081935),0.881979 (0.800100 + 0.081879),0.881969 (0.800100 + 0.081869),0.881981 (0.800100 + 0.081881),0.881961 (0.800100 + 0.081861),0.881969 (0.800100 + 0.081869),0.881979 (0.800100 + 0.081879),0.875688 (0.793800 + 0.081888),0.881961 (0.800100 + 0.081861),0.881969 (0.800100 + 0.081869),0.881961 (0.800100 + 0.081861),0.881961 (0.800100 + 0.081861),0.881961 (0.800100 + 0.081861),0.874825 (0.792900 + 0.081925),0.882964 (0.801000 + 0.081964),0.881961 (0.800100 + 0.081861),0.872215 (0.790200 + 0.082015),0.881969 (0.800100 + 0.081869),0.881135 (0.799200 + 0.081935),0.881979 (0.800100 + 0.081879),0.852354 (0.770400 + 0.081954),0.881961 (0.800100 + 0.081861),0.858423 (0.776700 + 0.081723),0.881969 (0.800100 + 0.081869),0.881961 (0.800100 + 0.081861),0.859577 (0.777600 + 0.081977),0.881135 (0.799200 + 0.081935),0.881979 (0.800100 + 0.081879),0.881961 (0.800100 + 0.081861),0.881979 (0.800100 + 0.081879),0.881961 (0.800100 + 0.081861),0.881979 (0.800100 + 0.081879),0.879316 (0.797400 + 0.081917),0.881961 (0.800100 + 0.081861),0.881961 (0.800100 + 0.081861),0.881961 (0.800100 + 0.081861),0.881961 (0.800100 + 0.081861),0.881961 (0.800100 + 0.081861),0.881961 (0.800100 + 0.081861),0.881979 (0.800100 + 0.081879),0.881979 (0.800100 + 0.081879),0.881961 (0.800100 + 0.081861),0.879316 (0.797400 + 0.081917),0.865795 (0.783900 + 0.081895),0.881979 (0.800100 + 0.081879),0.881051 (0.799200 + 0.081851)
143,0.882964 (0.801000 + 0.081964),0.881981 (0.800100 + 0.081881),0.881981 (0.800100 + 0.081881),0.854819 (0.773100 + 0.081719),0.881979 (0.800100 + 0.081879),0.881961 (0.800100 + 0.081861),0.881979 (0.800100 + 0.081879),0.864947 (0.783000 + 0.081947),0.872054 (0.790200 + 0.081854),0.881979 (0.800100 + 0.081879),0.881979 (0.800100 + 0.081879),0.881979 (0.800100 + 0.081879),0.881979 (0.800100 + 0.081879),0.855489 (0.774000 + 0.081489),0.881979 (0.800100 + 0.081879),0.881961 (0.800100 + 0.081861),0.881979 (0.800100 + 0.081879),0.881961 (0.800100 + 0.081861),0.876646 (0.794700 + 0.081946),0.881969 (0.800100 + 0.081869),0.881979 (0.800100 + 0.081879),0.881961 (0.800100 + 0.081861),0.881979 (0.800100 + 0.081879),0.881979 (0.800100 + 0.081879),0.881979 (0.800100 + 0.081879),0.865674 (0.783900 + 0.081774),0.869118 (0.787500 + 0.081618),0.881949 (0.800100 + 0.081849),0.864804 (0.783000 + 0.081804),0.881949 (0.800100 + 0.081849),0.881991 (0.800100 + 0.081891),0.881961 (0.800100 + 0.081861),0.881969 (0.800100 + 0.081869),0.881961 (0.800100 + 0.081861),0.881961 (0.800100 + 0.081861),0.881054 (0.799200 + 0.081854),0.875732 (0.793800 + 0.081932),0.881961 (0.800100 + 0.081861),0.881979 (0.800100 + 0.081879),0.853146 (0.771300 + 0.081846),0.881979 (0.800100 + 0.081879),0.881979 (0.800100 + 0.081879),0.881961 (0.800100 + 0.081861),0.878426 (0.796500 + 0.081926),0.881969 (0.800100 + 0.081869),0.881961 (0.800100 + 0.081861),0.881961 (0.800100 + 0.081861),0.881981 (0.800100 + 0.081881),0.881961 (0.800100 + 0.081861),0.881961 (0.800100 + 0.081861),0.881961 (0.800100 + 0.081861),0.881991 (0.800100 + 0.081891),0.881969 (0.800100 + 0.081869),0.881979 (0.800100 + 0.081879),0.881961 (0.800100 + 0.081861),0.881979 (0.800100 + 0.081879),0.881979 (0.800100 + 0.081879),0.881979 (0.800100 + 0.081879),0.881961 (0.800100 + 0.081861),0.881969 (0.800100 + 0.081869),0.881051 (0.799200 + 0.081851),0.881961 (0.800100 + 0.081861),0.881979 (0.800100 + 0.081879),0.881979 (0.800100 + 0.081879),0.859450 (0.777600 + 0.081850),0.881969 (0.800100 + 0.081869),0.881981 (0.800100 + 0.081881),0.881961 (0.800100 + 0.081861),0.881981 (0.800100 + 0.081881),0.881969 (0.800100 + 0.081869),0.881969 (0.800100 + 0.081869),0.881961 (0.800100 + 0.081861),0.881961 (0.800100 + 0.081861),0.881961 (0.800100 + 0.081861),0.881979 (0.800100 + 0.081879),0.866590 (0.784800 + 0.081790),0.870212 (0.788400 + 0.081812),0.881961 (0.800100 + 0.081861),0.881961 (0.800100 + 0.081861),0.881961 (0.800100 + 0.081861),0.881979 (0.800100 + 0.081879),0.881979 (0.800100 + 0.081879),0.881961 (0.800100 + 0.081861),0.881961 (0.800100 + 0.081861),0.860147 (0.778500 + 0.081647),0.881135 (0.799200 + 0.081935),0.866612 (0.784800 + 0.081812),0.881969 (0.800100 + 0.081869),0.881979 (0.800100 + 0.081879),0.881979 (0.800100 + 0.081879),0.881969 (0.800100 + 0.081869),0.881979 (0.800100 + 0.081879),0.881979 (0.800100 + 0.081879),0.881979 (0.800100 + 0.081879),0.881969 (0.800100 + 0.081869),0.881135 (0.799200 + 0.081935),0.881979 (0.800100 + 0.081879),0.875601 (0.793800 + 0.081801),0.863996 (0.782100 + 0.081896),0.881961 (0.800100 + 0.081861)
144,0.882964 (0.801000 + 0.081964),0.881991 (0.800100 + 0.081891),0.881991 (0.800100 + 0.081891),0.881991 (0.800100 + 0.081891),0.863996 (0.782100 + 0.081896),0.881961 (0.800100 + 0.081861),0.881979 (0.800100 + 0.081879),0.881979 (0.800100 + 0.081879),0.861041 (0.779400 + 0.081641),0.881979 (0.800100 + 0.081879),0.881961 (0.800100 + 0.081861),0.881991 (0.800100 + 0.081891),0.881051 (0.799200 + 0.081851),0.881979 (0.800100 + 0.081879),0.881979 (0.800100 + 0.081879),0.870097 (0.788400 + 0.081697),0.881969 (0.800100 + 0.081869),0.881979 (0.800100 + 0.081879),0.881981 (0.800100 + 0.081881),0.881969 (0.800100 + 0.081869),0.881961 (0.800100 + 0.081861),0.881979 (0.800100 + 0.081879),0.881969 (0.800100 + 0.081869),0.881979 (0.800100 + 0.081879),0.881979 (0.800100 + 0.081879),0.881961 (0.800100 + 0.081861),0.881979 (0.800100 + 0.081879),0.881979 (0.800100 + 0.081879),0.870242 (0.788400 + 0.081842),0.881979 (0.800100 + 0.081879),0.881979 (0.800100 + 0.081879),0.865694 (0.783900 + 0.081794),0.881961 (0.800100 + 0.081861),0.881979 (0.800100 + 0.081879),0.881979 (0.800100 + 0.081879),0.881979 (0.800100 + 0.081879),0.881979 (0.800100 + 0.081879),0.881979 (0.800100 + 0.081879),0.881051 (0.799200 + 0.081851),0.881991 (0.800100 + 0.081891),0.881979 (0.800100 + 0.081879),0.852164 (0.770400 + 0.081764),0.881961 (0.800100 + 0.081861),0.881961 (0.800100 + 0.081861),0.881981 (0.800100 + 0.081881),0.881979 (0.800100 + 0.081879),0.881979 (0.800100 + 0.081879),0.881949 (0.800100 + 0.081849),0.858538 (0.776700 + 0.081838),0.881969 (0.800100 + 0.081869),0.881979 (0.800100 + 0.081879),0.879279 (0.797400 + 0.081879),0.871111 (0.789300 + 0.081811),0.881961 (0.800100 + 0.081861),0.866510 (0.784800 + 0.081710),0.881979 (0.800100 + 0.081879),0.881979 (0.800100 + 0.081879),0.881979 (0.800100 + 0.081879),0.881979 (0.800100 + 0.081879),0.881979 (0.800100 + 0.081879),0.881979 (0.800100 + 0.081879),0.881979 (0.800100 + 0.081879),0.881961 (0.800100 + 0.081861),0.881981 (0.800100 + 0.081881),0.864699 (0.783000 + 0.081699),0.881979 (0.800100 + 0.081879),0.869362 (0.787500 + 0.081862),0.865747 (0.783900 + 0.081847),0.874726 (0.792900 + 0.081826),0.881961 (0.800100 + 0.081861),0.881981 (0.800100 + 0.081881),0.881981 (0.800100 + 0.081881),0.881979 (0.800100 + 0.081879),0.881979 (0.800100 + 0.081879),0.881979 (0.800100 + 0.081879),0.881979 (0.800100 + 0.081879),0.865760 (0.783900 + 0.081860),0.881981 (0.800100 + 0.081881),0.881979 (0.800100 + 0.081879),0.881979 (0.800100 + 0.081879),0.881981 (0.800100 + 0.081881),0.881981 (0.800100 + 0.081881),0.881961 (0.800100 + 0.081861),0.881979 (0.800100 + 0.081879),0.881979 (0.800100 + 0.081879),0.872892 (0.791100 + 0.081792),0.881961 (0.800100 + 0.081861),0.881979 (0.800100 + 0.081879),0.881979 (0.800100 + 0.081879),0.881961 (0.800100 + 0.081861),0.881979 (0.800100 + 0.081879),0.881979 (0.800100 + 0.081879),0.881979 (0.800100 + 0.081879),0.881979 (0.800100 + 0.081879),0.881979 (0.800100 + 0.081879),0.865676 (0.783900 + 0.081776),0.881961 (0.800100 + 0.081861),0.881979 (0.800100 + 0.081879),0.881979 (0.800100 + 0.081879),0.869351 (0.787500 + 0.081851)
145,0.882964 (0.801000 + 0.081964),0.881991 (0.800100 + 0.081891),0.881991 (0.800100 + 0.081891),0.881981 (0.800100 + 0.081881),0.881979 (0.800100 + 0.081879),0.881991 (0.800100 + 0.081891),0.881979 (0.800100 + 0.081879),0.881979 (0.800100 + 0.081879),0.881981 (0.800100 + 0.081881),0.881961 (0.800100 + 0.081861),0.881979 (0.800100 + 0.081879),0.881979 (0.800100 + 0.081879),0.881979 (0.800100 + 0.081879),0.881981 (0.800100 + 0.081881),0.881981 (0.800100 + 0.081881),0.881961 (0.800100 + 0.081861),0.881969 (0.800100 + 0.081869),0.879279 (0.797400 + 0.081879),0.866510 (0.784800 + 0.081710),0.881979 (0.800100 + 0.081879),0.881981 (0.800100 + 0.081881),0.858565 (0.776700 + 0.081865),0.881969 (0.800100 + 0.081869),0.881979 (0.800100 + 0.081879),0.881961 (0.800100 + 0.081861),0.881979 (0.800100 + 0.081879),0.881969 (0.800100 + 0.081869),0.881979 (0.800100 + 0.081879),0.881979 (0.800100 + 0.081879),0.881969 (0.800100 + 0.081869),0.881979 (0.800100 + 0.081879),0.881981 (0.800100 + 0.081881),0.881981 (0.800100 + 0.081881),0.881991 (0.800100 + 0.081891),0.881979 (0.800100 + 0.081879),0.881981 (0.800100 + 0.081881),0.881979 (0.800100 + 0.081879),0.881991 (0.800100 + 0.081891),0.868430 (0.786600 + 0.081830),0.881991 (0.800100 + 0.081891),0.881979 (0.800100 + 0.081879),0.881979 (0.800100 + 0.081879),0.881979 (0.800100 + 0.081879),0.881979 (0.800100 + 0.081879),0.881979 (0.800100 + 0.081879),0.881969 (0.800100 + 0.081869),0.881991 (0.800100 + 0.081891),0.881979 (0.800100 + 0.081879),0.881991 (0.800100 + 0.081891),0.879266 (0.797400 + 0.081866),0.881981 (0.800100 + 0.081881),0.862102 (0.780300 + 0.081802),0.881979 (0.800100 + 0.081879),0.881961 (0.800100 + 0.081861),0.871111 (0.789300 + 0.081811),0.881979 (0.800100 + 0.081879),0.865765 (0.783900 + 0.081865),0.870276 (0.788400 + 0.081876),0.881979 (0.800100 + 0.081879),0.864826 (0.783000 + 0.081826),0.881979 (0.800100 + 0.081879),0.881969 (0.800100 + 0.081869),0.881991 (0.800100 + 0.081891),0.861323 (0.779400 + 0.081923),0.875616 (0.793800 + 0.081816),0.881979 (0.800100 + 0.081879),0.881961 (0.800100 + 0.081861),0.881949 (0.800100 + 0.081849),0.858370 (0.776700 + 0.081670),0.881991 (0.800100 + 0.081891),0.881979 (0.800100 + 0.081879),0.881979 (0.800100 + 0.081879),0.881961 (0.800100 + 0.081861),0.881979 (0.800100 + 0.081879),0.873800 (0.792000 + 0.081800),0.881979 (0.800100 + 0.081879),0.881979 (0.800100 + 0.081879),0.881979 (0.800100 + 0.081879),0.881979 (0.800100 + 0.081879),0.871123 (0.789300 + 0.081823),0.881979 (0.800100 + 0.081879),0.863008 (0.781200 + 0.081808),0.881979 (0.800100 + 0.081879),0.881981 (0.800100 + 0.081881),0.881979 (0.800100 + 0.081879),0.881991 (0.800100 + 0.081891),0.881961 (0.800100 + 0.081861),0.869362 (0.787500 + 0.081862),0.881981 (0.800100 + 0.081881),0.881979 (0.800100 + 0.081879),0.881979 (0.800100 + 0.081879),0.881979 (0.800100 + 0.081879),0.881981 (0.800100 + 0.081881),0.861255 (0.779400 + 0.081855),0.881979 (0.800100 + 0.081879),0.881979 (0.800100 + 0.081879),0.881969 (0.800100 + 0.081869),0.881981 (0.800100 + 0.081881),0.881979 (0.800100 + 0.081879),0.881981 (0.800100 + 0.081881)
146,0.882964 (0.801000 + 0.081964),0.881991 (0.800100 + 0.081891),0.881991 (0.800100 + 0.081891),0.881991 (0.800100 + 0.081891),0.862842 (0.781200 + 0.081642),0.881979 (0.800100 + 0.081879),0.881979 (0.800100 + 0.081879),0.881979 (0.800100 + 0.081879),0.881991 (0.800100 + 0.081891),0.862020 (0.780300 + 0.081720),0.881981 (0.800100 + 0.081881),0.881991 (0.800100 + 0.081891),0.881991 (0.800100 + 0.081891),0.881991 (0.800100 + 0.081891),0.881979 (0.800100 + 0.081879),0.881979 (0.800100 + 0.081879),0.881979 (0.800100 + 0.081879),0.864946 (0.783000 + 0.081946),0.881991 (0.800100 + 0.081891),0.881979 (0.800100 + 0.081879),0.852310 (0.770400 + 0.081910),0.881979 (0.800100 + 0.081879),0.881991 (0.800100 + 0.081891),0.881981 (0.800100 + 0.081881),0.881981 (0.800100 + 0.081881),0.881979 (0.800100 + 0.081879),0.881961 (0.800100 + 0.081861),0.881979 (0.800100 + 0.081879),0.882975 (0.801000 + 0.081976),0.881979 (0.800100 + 0.081879),0.881979 (0.800100 + 0.081879),0.881979 (0.800100 + 0.081879),0.881979 (0.800100 + 0.081879),0.881991 (0.800100 + 0.081891),0.881981 (0.800100 + 0.081881),0.881979 (0.800100 + 0.081879),0.881981 (0.800100 + 0.081881),0.881961 (0.800100 + 0.081861),0.881979 (0.800100 + 0.081879),0.881991 (0.800100 + 0.081891),0.881991 (0.800100 + 0.081891),0.881969 (0.800100 + 0.081869),0.881961 (0.800100 + 0.081861),0.881981 (0.800100 + 0.081881),0.881961 (0.800100 + 0.081861),0.881991 (0.800100 + 0.081891),0.881979 (0.800100 + 0.081879),0.875616 (0.793800 + 0.081816),0.881981 (0.800100 + 0.081881),0.881979 (0.800100 + 0.081879),0.881981 (0.800100 + 0.081881),0.873962 (0.792000 + 0.081962),0.881979 (0.800100 + 0.081879),0.881968 (0.800100 + 0.081868),0.883789 (0.801900 + 0.081889),0.881991 (0.800100 + 0.081891),0.881979 (0.800100 + 0.081879),0.881979 (0.800100 + 0.081879),0.881969 (0.800100 + 0.081869),0.881981 (0.800100 + 0.081881),0.881979 (0.800100 + 0.081879),0.881979 (0.800100 + 0.081879),0.881991 (0.800100 + 0.081891),0.881991 (0.800100 + 0.081891),0.881991 (0.800100 + 0.081891),0.871965 (0.790200 + 0.081765),0.872023 (0.790200 + 0.081823),0.881979 (0.800100 + 0.081879),0.881979 (0.800100 + 0.081879),0.881991 (0.800100 + 0.081891),0.881979 (0.800100 + 0.081879),0.872888 (0.791100 + 0.081788),0.881990 (0.800100 + 0.081891),0.881981 (0.800100 + 0.081881),0.881991 (0.800100 + 0.081891),0.873800 (0.792000 + 0.081800),0.881979 (0.800100 + 0.081879),0.881979 (0.800100 + 0.081879),0.881979 (0.800100 + 0.081879),0.881979 (0.800100 + 0.081879),0.871184 (0.789300 + 0.081884),0.881981 (0.800100 + 0.081881),0.855803 (0.774000 + 0.081803),0.875616 (0.793800 + 0.081816),0.881991 (0.800100 + 0.081891),0.881979 (0.800100 + 0.081879),0.881979 (0.800100 + 0.081879),0.882964 (0.801000 + 0.081964),0.881969 (0.800100 + 0.081869),0.858544 (0.776700 + 0.081844),0.881979 (0.800100 + 0.081879),0.881979 (0.800100 + 0.081879),0.881979 (0.800100 + 0.081879),0.882964 (0.801000 + 0.081964),0.881979 (0.800100 + 0.081879),0.881979 (0.800100 + 0.081879),0.881979 (0.800100 + 0.081879),0.881991 (0.800100 + 0.081891),0.871123 (0.789300 + 0.081823),0.881979 (0.800100 + 0.081879)
147,0.883789 (0.801900 + 0.081889),0.882975 (0.801000 + 0.081976),0.882964 (0.801000 + 0.081964),0.881991 (0.800100 + 0.081891),0.881981 (0.800100 + 0.081881),0.881979 (0.800100 + 0.081879),0.881981 (0.800100 + 0.081881),0.881991 (0.800100 + 0.081891),0.881969 (0.800100 + 0.081869),0.876695 (0.794700 + 0.081995),0.879331 (0.797400 + 0.081931),0.881991 (0.800100 + 0.081891),0.857557 (0.775800 + 0.081757),0.881981 (0.800100 + 0.081881),0.881991 (0.800100 + 0.081891),0.881979 (0.800100 + 0.081879),0.881991 (0.800100 + 0.081891),0.881991 (0.800100 + 0.081891),0.881979 (0.800100 + 0.081879),0.881979 (0.800100 + 0.081879),0.850397 (0.768600 + 0.081797),0.881981 (0.800100 + 0.081881),0.881979 (0.800100 + 0.081879),0.882964 (0.801000 + 0.081964),0.881979 (0.800100 + 0.081879),0.881981 (0.800100 + 0.081881),0.881979 (0.800100 + 0.081879),0.881981 (0.800100 + 0.081881),0.882964 (0.801000 + 0.081964),0.881979 (0.800100 + 0.081879),0.881979 (0.800100 + 0.081879),0.881979 (0.800100 + 0.081879),0.863793 (0.782100 + 0.081693),0.881991 (0.800100 + 0.081891),0.881991 (0.800100 + 0.081891),0.881991 (0.800100 + 0.081891),0.881991 (0.800100 + 0.081891),0.871965 (0.790200 + 0.081765),0.881991 (0.800100 + 0.081891),0.881981 (0.800100 + 0.081881),0.881991 (0.800100 + 0.081891),0.881979 (0.800100 + 0.081879),0.881991 (0.800100 + 0.081891),0.881969 (0.800100 + 0.081869),0.881991 (0.800100 + 0.081891),0.881979 (0.800100 + 0.081879),0.881991 (0.800100 + 0.081891),0.882964 (0.801000 + 0.081964),0.881979 (0.800100 + 0.081879),0.881991 (0.800100 + 0.081891),0.881979 (0.800100 + 0.081879),0.881991 (0.800100 + 0.081891),0.882975 (0.801000 + 0.081976),0.871213 (0.789300 + 0.081913),0.881979 (0.800100 + 0.081879),0.881991 (0.800100 + 0.081891),0.881991 (0.800100 + 0.081891),0.881991 (0.800100 + 0.081891),0.881979 (0.800100 + 0.081879),0.881981 (0.800100 + 0.081881),0.875616 (0.793800 + 0.081816),0.883779 (0.801900 + 0.081879),0.881991 (0.800100 + 0.081891),0.881979 (0.800100 + 0.081879),0.869441 (0.787500 + 0.081941),0.881961 (0.800100 + 0.081861),0.881979 (0.800100 + 0.081879),0.881991 (0.800100 + 0.081891),0.881991 (0.800100 + 0.081891),0.856687 (0.774900 + 0.081787),0.881979 (0.800100 + 0.081879),0.881981 (0.800100 + 0.081881),0.855064 (0.773100 + 0.081964),0.882893 (0.801000 + 0.081893),0.881979 (0.800100 + 0.081879),0.881991 (0.800100 + 0.081891),0.881991 (0.800100 + 0.081891),0.881979 (0.800100 + 0.081879),0.881979 (0.800100 + 0.081879),0.881979 (0.800100 + 0.081879),0.881979 (0.800100 + 0.081879),0.881991 (0.800100 + 0.081891),0.881979 (0.800100 + 0.081879),0.881981 (0.800100 + 0.081881),0.881979 (0.800100 + 0.081879),0.881979 (0.800100 + 0.081879),0.881991 (0.800100 + 0.081891),0.881991 (0.800100 + 0.081891),0.881979 (0.800100 + 0.081879),0.861294 (0.779400 + 0.081894),0.881991 (0.800100 + 0.081891),0.881979 (0.800100 + 0.081879),0.881979 (0.800100 + 0.081879),0.881991 (0.800100 + 0.081891),0.881981 (0.800100 + 0.081881),0.882964 (0.801000 + 0.081964),0.881979 (0.800100 + 0.081879),0.869407 (0.787500 + 0.081907),0.881979 (0.800100 + 0.081879),0.881991 (0.800100 + 0.081891)
148,0.883789 (0.801900 + 0.081889),0.883779 (0.801900 + 0.081879),0.882975 (0.801000 + 0.081976),0.881979 (0.800100 + 0.081879),0.881991 (0.800100 + 0.081891),0.882902 (0.801000 + 0.081903),0.881981 (0.800100 + 0.081881),0.875616 (0.793800 + 0.081816),0.881991 (0.800100 + 0.081891),0.881991 (0.800100 + 0.081891),0.881991 (0.800100 + 0.081891),0.881991 (0.800100 + 0.081891),0.881991 (0.800100 + 0.081891),0.865660 (0.783900 + 0.081760),0.881979 (0.800100 + 0.081879),0.881991 (0.800100 + 0.081891),0.881981 (0.800100 + 0.081881),0.885554 (0.803700 + 0.081854),0.882007 (0.800100 + 0.081907),0.881979 (0.800100 + 0.081879),0.881991 (0.800100 + 0.081891),0.881991 (0.800100 + 0.081891),0.881991 (0.800100 + 0.081891),0.881981 (0.800100 + 0.081881),0.881991 (0.800100 + 0.081891),0.881991 (0.800100 + 0.081891),0.859540 (0.777600 + 0.081940),0.881991 (0.800100 + 0.081891),0.882964 (0.801000 + 0.081964),0.881979 (0.800100 + 0.081879),0.881991 (0.800100 + 0.081891),0.857713 (0.775800 + 0.081913),0.881979 (0.800100 + 0.081879),0.881991 (0.800100 + 0.081891),0.881981 (0.800100 + 0.081881),0.876622 (0.794700 + 0.081922),0.882964 (0.801000 + 0.081964),0.881979 (0.800100 + 0.081879),0.861117 (0.779400 + 0.081717),0.864000 (0.782100 + 0.081900),0.881981 (0.800100 + 0.081881),0.881991 (0.800100 + 0.081891),0.881976 (0.800100 + 0.081877),0.881991 (0.800100 + 0.081891),0.881979 (0.800100 + 0.081879),0.881979 (0.800100 + 0.081879),0.858447 (0.776700 + 0.081747),0.883779 (0.801900 + 0.081879),0.881991 (0.800100 + 0.081891),0.883779 (0.801900 + 0.081879),0.881981 (0.800100 + 0.081881),0.881981 (0.800100 + 0.081881),0.881979 (0.800100 + 0.081879),0.881981 (0.800100 + 0.081881),0.881991 (0.800100 + 0.081891),0.881991 (0.800100 + 0.081891),0.875676 (0.793800 + 0.081876),0.881991 (0.800100 + 0.081891),0.881979 (0.800100 + 0.081879),0.881991 (0.800100 + 0.081891),0.881991 (0.800100 + 0.081891),0.881991 (0.800100 + 0.081891),0.881981 (0.800100 + 0.081881),0.882975 (0.801000 + 0.081976),0.882975 (0.801000 + 0.081976),0.881981 (0.800100 + 0.081881),0.867518 (0.785700 + 0.081818),0.881991 (0.800100 + 0.081891),0.863866 (0.782100 + 0.081766),0.882975 (0.801000 + 0.081976),0.881991 (0.800100 + 0.081891),0.881981 (0.800100 + 0.081881),0.883789 (0.801900 + 0.081889),0.882975 (0.801000 + 0.081976),0.882975 (0.801000 + 0.081976),0.881981 (0.800100 + 0.081881),0.881981 (0.800100 + 0.081881),0.881991 (0.800100 + 0.081891),0.881961 (0.800100 + 0.081861),0.882016 (0.800100 + 0.081916),0.885554 (0.803700 + 0.081854),0.881991 (0.800100 + 0.081891),0.881991 (0.800100 + 0.081891),0.881991 (0.800100 + 0.081891),0.881979 (0.800100 + 0.081879),0.882964 (0.801000 + 0.081964),0.881991 (0.800100 + 0.081891),0.869488 (0.787500 + 0.081988),0.872001 (0.790200 + 0.081801),0.881979 (0.800100 + 0.081879),0.881979 (0.800100 + 0.081879),0.881979 (0.800100 + 0.081879),0.882964 (0.801000 + 0.081964),0.881991 (0.800100 + 0.081891),0.882964 (0.801000 + 0.081964),0.881990 (0.800100 + 0.081891),0.859420 (0.777600 + 0.081820),0.881981 (0.800100 + 0.081881),0.881991 (0.800100 + 0.081891),0.881991 (0.800100 + 0.081891)
149,0.885554 (0.803700 + 0.081854),0.885554 (0.803700 + 0.081854),0.883789 (0.801900 + 0.081889),0.868496 (0.786600 + 0.081896),0.881175 (0.799200 + 0.081975),0.881991 (0.800100 + 0.081891),0.882087 (0.800100 + 0.081987),0.881991 (0.800100 + 0.081891),0.881981 (0.800100 + 0.081881),0.882893 (0.801000 + 0.081893),0.882004 (0.800100 + 0.081904),0.876622 (0.794700 + 0.081922),0.881991 (0.800100 + 0.081891),0.882867 (0.801000 + 0.081867),0.882985 (0.801000 + 0.081985),0.881991 (0.800100 + 0.081891),0.881991 (0.800100 + 0.081891),0.881991 (0.800100 + 0.081891),0.881991 (0.800100 + 0.081891),0.881981 (0.800100 + 0.081881),0.881981 (0.800100 + 0.081881),0.881991 (0.800100 + 0.081891),0.881991 (0.800100 + 0.081891),0.882975 (0.801000 + 0.081976),0.881991 (0.800100 + 0.081891),0.881991 (0.800100 + 0.081891),0.869215 (0.787500 + 0.081715),0.881991 (0.800100 + 0.081891),0.881991 (0.800100 + 0.081891),0.877503 (0.795600 + 0.081903),0.881148 (0.799200 + 0.081948),0.881976 (0.800100 + 0.081877),0.881981 (0.800100 + 0.081881),0.881981 (0.800100 + 0.081881),0.883789 (0.801900 + 0.081889),0.881981 (0.800100 + 0.081881),0.883789 (0.801900 + 0.081889),0.881991 (0.800100 + 0.081891),0.876695 (0.794700 + 0.081995),0.881981 (0.800100 + 0.081881),0.881991 (0.800100 + 0.081891),0.882016 (0.800100 + 0.081916),0.881981 (0.800100 + 0.081881),0.881969 (0.800100 + 0.081869),0.882985 (0.801000 + 0.081985),0.881991 (0.800100 + 0.081891),0.882961 (0.801000 + 0.081961),0.859265 (0.777600 + 0.081665),0.881981 (0.800100 + 0.081881),0.865701 (0.783900 + 0.081801),0.856039 (0.774000 + 0.082039),0.881995 (0.800100 + 0.081895),0.882975 (0.801000 + 0.081976),0.882975 (0.801000 + 0.081976),0.881991 (0.800100 + 0.081891),0.875616 (0.793800 + 0.081816),0.882975 (0.801000 + 0.081976),0.883789 (0.801900 + 0.081889),0.881991 (0.800100 + 0.081891),0.881991 (0.800100 + 0.081891),0.882975 (0.801000 + 0.081976),0.858582 (0.776700 + 0.081882),0.881991 (0.800100 + 0.081891),0.881991 (0.800100 + 0.081891),0.881981 (0.800100 + 0.081881),0.881976 (0.800100 + 0.081877),0.881981 (0.800100 + 0.081881),0.881991 (0.800100 + 0.081891),0.881981 (0.800100 + 0.081881),0.882975 (0.801000 + 0.081976),0.882964 (0.801000 + 0.081964),0.881991 (0.800100 + 0.081891),0.881991 (0.800100 + 0.081891),0.882975 (0.801000 + 0.081976),0.864004 (0.782100 + 0.081904),0.882975 (0.801000 + 0.081976),0.884642 (0.802800 + 0.081842),0.881991 (0.800100 + 0.081891),0.883789 (0.801900 + 0.081889),0.882875 (0.801000 + 0.081875),0.882979 (0.801000 + 0.081979),0.881979 (0.800100 + 0.081879),0.881991 (0.800100 + 0.081891),0.881991 (0.800100 + 0.081891),0.881991 (0.800100 + 0.081891),0.882975 (0.801000 + 0.081976),0.881991 (0.800100 + 0.081891),0.882975 (0.801000 + 0.081976),0.881979 (0.800100 + 0.081879),0.881991 (0.800100 + 0.081891),0.881990 (0.800100 + 0.081891),0.881991 (0.800100 + 0.081891),0.881991 (0.800100 + 0.081891),0.881981 (0.800100 + 0.081881),0.881981 (0.800100 + 0.081881),0.881991 (0.800100 + 0.081891),0.881991 (0.800100 + 0.081891),0.881981 (0.800100 + 0.081881),0.881991 (0.800100 + 0.081891),0.882985 (0.801000 + 0.081985)
150,0.885554 (0.803700 + 0.081854),0.885554 (0.803700 + 0.081854),0.884642 (0.802800 + 0.081842),0.882985 (0.801000 + 0.081985),0.881981 (0.800100 + 0.081881),0.882985 (0.801000 + 0.081985),0.863897 (0.782100 + 0.081797),0.882975 (0.801000 + 0.081976),0.881991 (0.800100 + 0.081891),0.883789 (0.801900 + 0.081889),0.881991 (0.800100 + 0.081891),0.882016 (0.800100 + 0.081916),0.881995 (0.800100 + 0.081895),0.881969 (0.800100 + 0.081869),0.867535 (0.785700 + 0.081835),0.881991 (0.800100 + 0.081891),0.881991 (0.800100 + 0.081891),0.881969 (0.800100 + 0.081869),0.885563 (0.803700 + 0.081863),0.881991 (0.800100 + 0.081891),0.881991 (0.800100 + 0.081891),0.885554 (0.803700 + 0.081854),0.881995 (0.800100 + 0.081895),0.882895 (0.801000 + 0.081895),0.881985 (0.800100 + 0.081885),0.881969 (0.800100 + 0.081869),0.883789 (0.801900 + 0.081889),0.883789 (0.801900 + 0.081889),0.883789 (0.801900 + 0.081889),0.882964 (0.801000 + 0.081964),0.882961 (0.801000 + 0.081961),0.881991 (0.800100 + 0.081891),0.881981 (0.800100 + 0.081881),0.885554 (0.803700 + 0.081854),0.881991 (0.800100 + 0.081891),0.881991 (0.800100 + 0.081891),0.867392 (0.785700 + 0.081692),0.882975 (0.801000 + 0.081976),0.882964 (0.801000 + 0.081964),0.883779 (0.801900 + 0.081879),0.848438 (0.766800 + 0.081638),0.882869 (0.801000 + 0.081869),0.876612 (0.794700 + 0.081912),0.882975 (0.801000 + 0.081976),0.882985 (0.801000 + 0.081985),0.881981 (0.800100 + 0.081881),0.885554 (0.803700 + 0.081854),0.885563 (0.803700 + 0.081863),0.881981 (0.800100 + 0.081881),0.882875 (0.801000 + 0.081875),0.884669 (0.802800 + 0.081869),0.881979 (0.800100 + 0.081879),0.882007 (0.800100 + 0.081907),0.882975 (0.801000 + 0.081976),0.882975 (0.801000 + 0.081976),0.881991 (0.800100 + 0.081891),0.881991 (0.800100 + 0.081891),0.863215 (0.781200 + 0.082016),0.882985 (0.801000 + 0.081985),0.873000 (0.791100 + 0.081900),0.868471 (0.786600 + 0.081871),0.881981 (0.800100 + 0.081881),0.882087 (0.800100 + 0.081987),0.882867 (0.801000 + 0.081867),0.885563 (0.803700 + 0.081863),0.881979 (0.800100 + 0.081879),0.882101 (0.800100 + 0.082001),0.881991 (0.800100 + 0.081891),0.881991 (0.800100 + 0.081891),0.881981 (0.800100 + 0.081881),0.885554 (0.803700 + 0.081854),0.881985 (0.800100 + 0.081885),0.882895 (0.801000 + 0.081895),0.881981 (0.800100 + 0.081881),0.881991 (0.800100 + 0.081891),0.884642 (0.802800 + 0.081842),0.882007 (0.800100 + 0.081907),0.882867 (0.801000 + 0.081867),0.883789 (0.801900 + 0.081889),0.881991 (0.800100 + 0.081891),0.881991 (0.800100 + 0.081891),0.881981 (0.800100 + 0.081881),0.885563 (0.803700 + 0.081863),0.881991 (0.800100 + 0.081891),0.881981 (0.800100 + 0.081881),0.882975 (0.801000 + 0.081976),0.867497 (0.785700 + 0.081797),0.881991 (0.800100 + 0.081891),0.882087 (0.800100 + 0.081987),0.864004 (0.782100 + 0.081904),0.882975 (0.801000 + 0.081976),0.872084 (0.790200 + 0.081884),0.882985 (0.801000 + 0.081985),0.883789 (0.801900 + 0.081889),0.882975 (0.801000 + 0.081976),0.882985 (0.801000 + 0.081985),0.882975 (0.801000 + 0.081976),0.872838 (0.791100 + 0.081738),0.881931 (0.800100 + 0.081831),0.881991 (0.800100 + 0.081891)
151,0.885563 (0.803700 + 0.081863),0.885563 (0.803700 + 0.081863),0.885563 (0.803700 + 0.081863),0.882975 (0.801000 + 0.081976),0.881991 (0.800100 + 0.081891),0.882964 (0.801000 + 0.081964),0.882985 (0.801000 + 0.081985),0.881985 (0.800100 + 0.081885),0.882964 (0.801000 + 0.081964),0.882895 (0.801000 + 0.081895),0.881981 (0.800100 + 0.081881),0.881981 (0.800100 + 0.081881),0.882007 (0.800100 + 0.081907),0.885554 (0.803700 + 0.081854),0.885554 (0.803700 + 0.081854),0.885554 (0.803700 + 0.081854),0.866739 (0.784800 + 0.081939),0.882985 (0.801000 + 0.081985),0.882985 (0.801000 + 0.081985),0.871771 (0.790200 + 0.081571),0.865930 (0.783900 + 0.082030),0.864901 (0.783000 + 0.081901),0.878393 (0.796500 + 0.081893),0.881981 (0.800100 + 0.081881),0.885563 (0.803700 + 0.081863),0.883789 (0.801900 + 0.081889),0.882964 (0.801000 + 0.081964),0.862940 (0.781200 + 0.081740),0.882985 (0.801000 + 0.081985),0.882016 (0.800100 + 0.081916),0.860188 (0.778500 + 0.081688),0.882985 (0.801000 + 0.081985),0.882007 (0.800100 + 0.081907),0.884669 (0.802800 + 0.081869),0.882016 (0.800100 + 0.081916),0.885563 (0.803700 + 0.081863),0.885563 (0.803700 + 0.081863),0.882975 (0.801000 + 0.081976),0.885554 (0.803700 + 0.081854),0.883779 (0.801900 + 0.081879),0.884642 (0.802800 + 0.081842),0.881981 (0.800100 + 0.081881),0.885563 (0.803700 + 0.081863),0.881969 (0.800100 + 0.081869),0.881991 (0.800100 + 0.081891),0.882087 (0.800100 + 0.081987),0.882975 (0.801000 + 0.081976),0.882975 (0.801000 + 0.081976),0.882016 (0.800100 + 0.081916),0.882985 (0.801000 + 0.081985),0.882975 (0.801000 + 0.081976),0.881981 (0.800100 + 0.081881),0.882978 (0.801000 + 0.081979),0.881991 (0.800100 + 0.081891),0.881981 (0.800100 + 0.081881),0.881976 (0.800100 + 0.081877),0.883779 (0.801900 + 0.081879),0.881991 (0.800100 + 0.081891),0.881991 (0.800100 + 0.081891),0.882975 (0.801000 + 0.081976),0.884669 (0.802800 + 0.081869),0.883789 (0.801900 + 0.081889),0.885563 (0.803700 + 0.081863),0.884642 (0.802800 + 0.081842),0.885554 (0.803700 + 0.081854),0.882975 (0.801000 + 0.081976),0.881981 (0.800100 + 0.081881),0.885554 (0.803700 + 0.081854),0.885563 (0.803700 + 0.081863),0.882875 (0.801000 + 0.081875),0.881981 (0.800100 + 0.081881),0.873875 (0.792000 + 0.081875),0.882867 (0.801000 + 0.081867),0.883789 (0.801900 + 0.081889),0.881985 (0.800100 + 0.081885),0.874778 (0.792900 + 0.081878),0.881991 (0.800100 + 0.081891),0.885554 (0.803700 + 0.081854),0.885563 (0.803700 + 0.081863),0.882975 (0.801000 + 0.081976),0.885563 (0.803700 + 0.081863),0.881991 (0.800100 + 0.081891),0.885563 (0.803700 + 0.081863),0.881991 (0.800100 + 0.081891),0.882895 (0.801000 + 0.081895),0.885554 (0.803700 + 0.081854),0.885563 (0.803700 + 0.081863),0.881991 (0.800100 + 0.081891),0.883888 (0.801900 + 0.081988),0.872813 (0.791100 + 0.081714),0.882975 (0.801000 + 0.081976),0.885563 (0.803700 + 0.081863),0.882964 (0.801000 + 0.081964),0.885657 (0.803700 + 0.081957),0.881991 (0.800100 + 0.081891),0.857125 (0.774900 + 0.082225),0.882985 (0.801000 + 0.081985),0.882016 (0.800100 + 0.081916),0.881981 (0.800100 + 0.081881),0.882848 (0.801000 + 0.081848)
152,0.885657 (0.803700 + 0.081957),0.885563 (0.803700 + 0.081863),0.885563 (0.803700 + 0.081863),0.885554 (0.803700 + 0.081854),0.882985 (0.801000 + 0.081985),0.883842 (0.801900 + 0.081942),0.868670 (0.786600 + 0.082070),0.885563 (0.803700 + 0.081863),0.885563 (0.803700 + 0.081863),0.876599 (0.794700 + 0.081899),0.883787 (0.801900 + 0.081887),0.885563 (0.803700 + 0.081863),0.882978 (0.801000 + 0.081979),0.885563 (0.803700 + 0.081863),0.875701 (0.793800 + 0.081901),0.885563 (0.803700 + 0.081863),0.884669 (0.802800 + 0.081869),0.868563 (0.786600 + 0.081963),0.882985 (0.801000 + 0.081985),0.885554 (0.803700 + 0.081854),0.882985 (0.801000 + 0.081985),0.883789 (0.801900 + 0.081889),0.866687 (0.784800 + 0.081887),0.881991 (0.800100 + 0.081891),0.885563 (0.803700 + 0.081863),0.882875 (0.801000 + 0.081875),0.885563 (0.803700 + 0.081863),0.884642 (0.802800 + 0.081842),0.873888 (0.792000 + 0.081888),0.881991 (0.800100 + 0.081891),0.885647 (0.803700 + 0.081947),0.882975 (0.801000 + 0.081976),0.882985 (0.801000 + 0.081985),0.882016 (0.800100 + 0.081916),0.885563 (0.803700 + 0.081863),0.885647 (0.803700 + 0.081947),0.862126 (0.780300 + 0.081826),0.883882 (0.801900 + 0.081982),0.881981 (0.800100 + 0.081881),0.882985 (0.801000 + 0.081985),0.885554 (0.803700 + 0.081854),0.858731 (0.776700 + 0.082031),0.882985 (0.801000 + 0.081985),0.883888 (0.801900 + 0.081988),0.882985 (0.801000 + 0.081985),0.881991 (0.800100 + 0.081891),0.885563 (0.803700 + 0.081863),0.885657 (0.803700 + 0.081957),0.881991 (0.800100 + 0.081891),0.859488 (0.777600 + 0.081888),0.882985 (0.801000 + 0.081985),0.865540 (0.783900 + 0.081640),0.873865 (0.792000 + 0.081865),0.882869 (0.801000 + 0.081869),0.882969 (0.801000 + 0.081969),0.881985 (0.800100 + 0.081885),0.885663 (0.803700 + 0.081963),0.883789 (0.801900 + 0.081889),0.882076 (0.800100 + 0.081976),0.882975 (0.801000 + 0.081976),0.881991 (0.800100 + 0.081891),0.884669 (0.802800 + 0.081869),0.883789 (0.801900 + 0.081889),0.882975 (0.801000 + 0.081976),0.882016 (0.800100 + 0.081916),0.882867 (0.801000 + 0.081867),0.868286 (0.786600 + 0.081686),0.881981 (0.800100 + 0.081881),0.885563 (0.803700 + 0.081863),0.883789 (0.801900 + 0.081889),0.885563 (0.803700 + 0.081863),0.881991 (0.800100 + 0.081891),0.883789 (0.801900 + 0.081889),0.885554 (0.803700 + 0.081854),0.885563 (0.803700 + 0.081863),0.885554 (0.803700 + 0.081854),0.885563 (0.803700 + 0.081863),0.870213 (0.788400 + 0.081813),0.881985 (0.800100 + 0.081885),0.881973 (0.800100 + 0.081873),0.882975 (0.801000 + 0.081976),0.873931 (0.792000 + 0.081931),0.882975 (0.801000 + 0.081976),0.882985 (0.801000 + 0.081985),0.881991 (0.800100 + 0.081891),0.881991 (0.800100 + 0.081891),0.885647 (0.803700 + 0.081947),0.885563 (0.803700 + 0.081863),0.885554 (0.803700 + 0.081854),0.885563 (0.803700 + 0.081863),0.882969 (0.801000 + 0.081969),0.885663 (0.803700 + 0.081963),0.882875 (0.801000 + 0.081875),0.885563 (0.803700 + 0.081863),0.885563 (0.803700 + 0.081863),0.863117 (0.781200 + 0.081917),0.881969 (0.800100 + 0.081869),0.863177 (0.781200 + 0.081977),0.885563 (0.803700 + 0.081863),0.883789 (0.801900 + 0.081889)
153,0.885663 (0.803700 + 0.081963),0.885663 (0.803700 + 0.081963),0.885657 (0.803700 + 0.081957),0.885647 (0.803700 + 0.081947),0.881985 (0.800100 + 0.081885),0.883789 (0.801900 + 0.081889),0.885563 (0.803700 + 0.081863),0.882875 (0.801000 + 0.081875),0.859451 (0.777600 + 0.081851),0.885563 (0.803700 + 0.081863),0.885647 (0.803700 + 0.081947),0.882869 (0.801000 + 0.081869),0.867527 (0.785700 + 0.081827),0.882985 (0.801000 + 0.081985),0.885563 (0.803700 + 0.081863),0.882985 (0.801000 + 0.081985),0.885563 (0.803700 + 0.081863),0.881194 (0.799200 + 0.081994),0.882057 (0.800100 + 0.081957),0.867479 (0.785700 + 0.081779),0.885563 (0.803700 + 0.081863),0.885563 (0.803700 + 0.081863),0.883873 (0.801900 + 0.081973),0.885563 (0.803700 + 0.081863),0.885563 (0.803700 + 0.081863),0.885563 (0.803700 + 0.081863),0.885563 (0.803700 + 0.081863),0.885657 (0.803700 + 0.081957),0.881991 (0.800100 + 0.081891),0.882975 (0.801000 + 0.081976),0.882079 (0.800100 + 0.081979),0.885563 (0.803700 + 0.081863),0.883854 (0.801900 + 0.081954),0.885657 (0.803700 + 0.081957),0.883842 (0.801900 + 0.081942),0.885563 (0.803700 + 0.081863),0.885554 (0.803700 + 0.081854),0.881991 (0.800100 + 0.081891),0.885657 (0.803700 + 0.081957),0.878397 (0.796500 + 0.081897),0.873955 (0.792000 + 0.081955),0.883888 (0.801900 + 0.081988),0.882973 (0.801000 + 0.081973),0.883779 (0.801900 + 0.081879),0.885563 (0.803700 + 0.081863),0.885563 (0.803700 + 0.081863),0.885563 (0.803700 + 0.081863),0.883789 (0.801900 + 0.081889),0.883888 (0.801900 + 0.081988),0.883779 (0.801900 + 0.081879),0.881985 (0.800100 + 0.081885),0.885563 (0.803700 + 0.081863),0.885554 (0.803700 + 0.081854),0.884735 (0.802800 + 0.081935),0.885654 (0.803700 + 0.081954),0.885563 (0.803700 + 0.081863),0.885563 (0.803700 + 0.081863),0.883842 (0.801900 + 0.081942),0.885563 (0.803700 + 0.081863),0.865735 (0.783900 + 0.081835),0.883789 (0.801900 + 0.081889),0.885563 (0.803700 + 0.081863),0.885563 (0.803700 + 0.081863),0.885663 (0.803700 + 0.081963),0.885563 (0.803700 + 0.081863),0.885563 (0.803700 + 0.081863),0.882985 (0.801000 + 0.081985),0.884669 (0.802800 + 0.081869),0.885657 (0.803700 + 0.081957),0.885563 (0.803700 + 0.081863),0.884642 (0.802800 + 0.081842),0.885563 (0.803700 + 0.081863),0.882969 (0.801000 + 0.081969),0.885657 (0.803700 + 0.081957),0.882969 (0.801000 + 0.081969),0.869422 (0.787500 + 0.081922),0.885563 (0.803700 + 0.081863),0.882975 (0.801000 + 0.081976),0.885647 (0.803700 + 0.081947),0.885657 (0.803700 + 0.081957),0.861253 (0.779400 + 0.081853),0.881991 (0.800100 + 0.081891),0.885647 (0.803700 + 0.081947),0.885563 (0.803700 + 0.081863),0.882985 (0.801000 + 0.081985),0.882875 (0.801000 + 0.081875),0.885657 (0.803700 + 0.081957),0.885563 (0.803700 + 0.081863),0.881991 (0.800100 + 0.081891),0.885654 (0.803700 + 0.081954),0.881991 (0.800100 + 0.081891),0.885563 (0.803700 + 0.081863),0.885563 (0.803700 + 0.081863),0.885563 (0.803700 + 0.081863),0.885563 (0.803700 + 0.081863),0.885563 (0.803700 + 0.081863),0.885563 (0.803700 + 0.081863),0.885563 (0.803700 + 0.081863),0.883882 (0.801900 + 0.081982),0.871967 (0.790200 + 0.081767)
154,0.885663 (0.803700 + 0.081963),0.885663 (0.803700 + 0.081963),0.885663 (0.803700 + 0.081963),0.866030 (0.783900 + 0.082130),0.883888 (0.801900 + 0.081988),0.885647 (0.803700 + 0.081947),0.883789 (0.801900 + 0.081889),0.871164 (0.789300 + 0.081864),0.883854 (0.801900 + 0.081954),0.881991 (0.800100 + 0.081891),0.885657 (0.803700 + 0.081957),0.883882 (0.801900 + 0.081982),0.883882 (0.801900 + 0.081982),0.885647 (0.803700 + 0.081947),0.885654 (0.803700 + 0.081954),0.885657 (0.803700 + 0.081957),0.885663 (0.803700 + 0.081963),0.885554 (0.803700 + 0.081854),0.885563 (0.803700 + 0.081863),0.885563 (0.803700 + 0.081863),0.885563 (0.803700 + 0.081863),0.885563 (0.803700 + 0.081863),0.885563 (0.803700 + 0.081863),0.882985 (0.801000 + 0.081985),0.884669 (0.802800 + 0.081869),0.885647 (0.803700 + 0.081947),0.885563 (0.803700 + 0.081863),0.882867 (0.801000 + 0.081867),0.883869 (0.801900 + 0.081969),0.885563 (0.803700 + 0.081863),0.885563 (0.803700 + 0.081863),0.884669 (0.802800 + 0.081869),0.885563 (0.803700 + 0.081863),0.857620 (0.775800 + 0.081820),0.885554 (0.803700 + 0.081854),0.885563 (0.803700 + 0.081863),0.885647 (0.803700 + 0.081947),0.854129 (0.772200 + 0.081929),0.882079 (0.800100 + 0.081979),0.884735 (0.802800 + 0.081935),0.884669 (0.802800 + 0.081869),0.885657 (0.803700 + 0.081957),0.885663 (0.803700 + 0.081963),0.885663 (0.803700 + 0.081963),0.885563 (0.803700 + 0.081863),0.882978 (0.801000 + 0.081979),0.885647 (0.803700 + 0.081947),0.885563 (0.803700 + 0.081863),0.885657 (0.803700 + 0.081957),0.885563 (0.803700 + 0.081863),0.885563 (0.803700 + 0.081863),0.885563 (0.803700 + 0.081863),0.885563 (0.803700 + 0.081863),0.885657 (0.803700 + 0.081957),0.882895 (0.801000 + 0.081895),0.885657 (0.803700 + 0.081957),0.883789 (0.801900 + 0.081889),0.885654 (0.803700 + 0.081954),0.885647 (0.803700 + 0.081947),0.885563 (0.803700 + 0.081863),0.885563 (0.803700 + 0.081863),0.884642 (0.802800 + 0.081842),0.885563 (0.803700 + 0.081863),0.885563 (0.803700 + 0.081863),0.885654 (0.803700 + 0.081954),0.885563 (0.803700 + 0.081863),0.885563 (0.803700 + 0.081863),0.883882 (0.801900 + 0.081982),0.885663 (0.803700 + 0.081963),0.885663 (0.803700 + 0.081963),0.885563 (0.803700 + 0.081863),0.882978 (0.801000 + 0.081979),0.868815 (0.786600 + 0.082215),0.885554 (0.803700 + 0.081854),0.885657 (0.803700 + 0.081957),0.885657 (0.803700 + 0.081957),0.869199 (0.787500 + 0.081699),0.885647 (0.803700 + 0.081947),0.881991 (0.800100 + 0.081891),0.885563 (0.803700 + 0.081863),0.885657 (0.803700 + 0.081957),0.885663 (0.803700 + 0.081963),0.885563 (0.803700 + 0.081863),0.885657 (0.803700 + 0.081957),0.885563 (0.803700 + 0.081863),0.883842 (0.801900 + 0.081942),0.882969 (0.801000 + 0.081969),0.881985 (0.800100 + 0.081885),0.885663 (0.803700 + 0.081963),0.885554 (0.803700 + 0.081854),0.885563 (0.803700 + 0.081863),0.885563 (0.803700 + 0.081863),0.885563 (0.803700 + 0.081863),0.885657 (0.803700 + 0.081957),0.884669 (0.802800 + 0.081869),0.872190 (0.790200 + 0.081990),0.883789 (0.801900 + 0.081889),0.885657 (0.803700 + 0.081957),0.883888 (0.801900 + 0.081988),0.869454 (0.787500 + 0.081954)
155,0.885663 (0.803700 + 0.081963),0.885663 (0.803700 + 0.081963),0.885663 (0.803700 + 0.081963),0.885563 (0.803700 + 0.081863),0.885563 (0.803700 + 0.081863),0.885657 (0.803700 + 0.081957),0.885563 (0.803700 + 0.081863),0.885563 (0.803700 + 0.081863),0.883888 (0.801900 + 0.081988),0.885647 (0.803700 + 0.081947),0.885647 (0.803700 + 0.081947),0.885563 (0.803700 + 0.081863),0.885563 (0.803700 + 0.081863),0.885563 (0.803700 + 0.081863),0.885563 (0.803700 + 0.081863),0.885663 (0.803700 + 0.081963),0.885657 (0.803700 + 0.081957),0.885563 (0.803700 + 0.081863),0.885563 (0.803700 + 0.081863),0.862199 (0.780300 + 0.081899),0.885657 (0.803700 + 0.081957),0.885647 (0.803700 + 0.081947),0.885563 (0.803700 + 0.081863),0.885657 (0.803700 + 0.081957),0.885657 (0.803700 + 0.081957),0.867565 (0.785700 + 0.081865),0.885647 (0.803700 + 0.081947),0.885657 (0.803700 + 0.081957),0.867499 (0.785700 + 0.081799),0.885657 (0.803700 + 0.081957),0.884669 (0.802800 + 0.081869),0.885657 (0.803700 + 0.081957),0.884669 (0.802800 + 0.081869),0.884669 (0.802800 + 0.081869),0.885657 (0.803700 + 0.081957),0.882978 (0.801000 + 0.081979),0.885663 (0.803700 + 0.081963),0.885657 (0.803700 + 0.081957),0.885654 (0.803700 + 0.081954),0.885657 (0.803700 + 0.081957),0.885657 (0.803700 + 0.081957),0.885563 (0.803700 + 0.081863),0.885663 (0.803700 + 0.081963),0.884669 (0.802800 + 0.081869),0.885657 (0.803700 + 0.081957),0.885657 (0.803700 + 0.081957),0.885563 (0.803700 + 0.081863),0.885647 (0.803700 + 0.081947),0.885657 (0.803700 + 0.081957),0.885657 (0.803700 + 0.081957),0.885563 (0.803700 + 0.081863),0.885647 (0.803700 + 0.081947),0.885663 (0.803700 + 0.081963),0.885654 (0.803700 + 0.081954),0.885663 (0.803700 + 0.081963),0.885663 (0.803700 + 0.081963),0.885657 (0.803700 + 0.081957),0.885663 (0.803700 + 0.081963),0.883789 (0.801900 + 0.081889),0.885647 (0.803700 + 0.081947),0.885654 (0.803700 + 0.081954),0.885657 (0.803700 + 0.081957),0.884669 (0.802800 + 0.081869),0.884669 (0.802800 + 0.081869),0.885563 (0.803700 + 0.081863),0.885657 (0.803700 + 0.081957),0.885563 (0.803700 + 0.081863),0.884735 (0.802800 + 0.081935),0.885563 (0.803700 + 0.081863),0.885657 (0.803700 + 0.081957),0.885647 (0.803700 + 0.081947),0.885563 (0.803700 + 0.081863),0.885663 (0.803700 + 0.081963),0.885663 (0.803700 + 0.081963),0.885657 (0.803700 + 0.081957),0.885647 (0.803700 + 0.081947),0.885563 (0.803700 + 0.081863),0.885554 (0.803700 + 0.081854),0.885563 (0.803700 + 0.081863),0.884669 (0.802800 + 0.081869),0.882975 (0.801000 + 0.081976),0.883842 (0.801900 + 0.081942),0.885657 (0.803700 + 0.081957),0.885657 (0.803700 + 0.081957),0.883888 (0.801900 + 0.081988),0.861428 (0.779400 + 0.082028),0.885563 (0.803700 + 0.081863),0.885657 (0.803700 + 0.081957),0.885563 (0.803700 + 0.081863),0.885563 (0.803700 + 0.081863),0.866696 (0.784800 + 0.081896),0.885657 (0.803700 + 0.081957),0.885554 (0.803700 + 0.081854),0.885657 (0.803700 + 0.081957),0.885647 (0.803700 + 0.081947),0.873056 (0.791100 + 0.081956),0.865685 (0.783900 + 0.081785),0.885657 (0.803700 + 0.081957),0.885654 (0.803700 + 0.081954),0.885663 (0.803700 + 0.081963)
156,0.885663 (0.803700 + 0.081963),0.885663 (0.803700 + 0.081963),0.885663 (0.803700 + 0.081963),0.885657 (0.803700 + 0.081957),0.885647 (0.803700 + 0.081947),0.885663 (0.803700 + 0.081963),0.885657 (0.803700 + 0.081957),0.885657 (0.803700 + 0.081957),0.885657 (0.803700 + 0.081957),0.885663 (0.803700 + 0.081963),0.885663 (0.803700 + 0.081963),0.885657 (0.803700 + 0.081957),0.885563 (0.803700 + 0.081863),0.885663 (0.803700 + 0.081963),0.885647 (0.803700 + 0.081947),0.885663 (0.803700 + 0.081963),0.885663 (0.803700 + 0.081963),0.885657 (0.803700 + 0.081957),0.885563 (0.803700 + 0.081863),0.885657 (0.803700 + 0.081957),0.885563 (0.803700 + 0.081863),0.885657 (0.803700 + 0.081957),0.885657 (0.803700 + 0.081957),0.877567 (0.795600 + 0.081967),0.885647 (0.803700 + 0.081947),0.885657 (0.803700 + 0.081957),0.885657 (0.803700 + 0.081957),0.885663 (0.803700 + 0.081963),0.872990 (0.791100 + 0.081890),0.885663 (0.803700 + 0.081963),0.885647 (0.803700 + 0.081947),0.885657 (0.803700 + 0.081957),0.885647 (0.803700 + 0.081947),0.885663 (0.803700 + 0.081963),0.885563 (0.803700 + 0.081863),0.885657 (0.803700 + 0.081957),0.885554 (0.803700 + 0.081854),0.885657 (0.803700 + 0.081957),0.885657 (0.803700 + 0.081957),0.885563 (0.803700 + 0.081863),0.885657 (0.803700 + 0.081957),0.885663 (0.803700 + 0.081963),0.885663 (0.803700 + 0.081963),0.885563 (0.803700 + 0.081863),0.885657 (0.803700 + 0.081957),0.885657 (0.803700 + 0.081957),0.885654 (0.803700 + 0.081954),0.885657 (0.803700 + 0.081957),0.885663 (0.803700 + 0.081963),0.885647 (0.803700 + 0.081947),0.885657 (0.803700 + 0.081957),0.864060 (0.782100 + 0.081960),0.885663 (0.803700 + 0.081963),0.885663 (0.803700 + 0.081963),0.885657 (0.803700 + 0.081957),0.885657 (0.803700 + 0.081957),0.885657 (0.803700 + 0.081957),0.885563 (0.803700 + 0.081863),0.884735 (0.802800 + 0.081935),0.885563 (0.803700 + 0.081863),0.885663 (0.803700 + 0.081963),0.885663 (0.803700 + 0.081963),0.885657 (0.803700 + 0.081957),0.885657 (0.803700 + 0.081957),0.885563 (0.803700 + 0.081863),0.885657 (0.803700 + 0.081957),0.885657 (0.803700 + 0.081957),0.885657 (0.803700 + 0.081957),0.885563 (0.803700 + 0.081863),0.869354 (0.787500 + 0.081854),0.885663 (0.803700 + 0.081963),0.885657 (0.803700 + 0.081957),0.885554 (0.803700 + 0.081854),0.885663 (0.803700 + 0.081963),0.884669 (0.802800 + 0.081869),0.885657 (0.803700 + 0.081957),0.885657 (0.803700 + 0.081957),0.885663 (0.803700 + 0.081963),0.885663 (0.803700 + 0.081963),0.885657 (0.803700 + 0.081957),0.885657 (0.803700 + 0.081957),0.885563 (0.803700 + 0.081863),0.885563 (0.803700 + 0.081863),0.885657 (0.803700 + 0.081957),0.885647 (0.803700 + 0.081947),0.885657 (0.803700 + 0.081957),0.869457 (0.787500 + 0.081957),0.885647 (0.803700 + 0.081947),0.862321 (0.780300 + 0.082021),0.885647 (0.803700 + 0.081947),0.885647 (0.803700 + 0.081947),0.885663 (0.803700 + 0.081963),0.885657 (0.803700 + 0.081957),0.885563 (0.803700 + 0.081863),0.885657 (0.803700 + 0.081957),0.885647 (0.803700 + 0.081947),0.885657 (0.803700 + 0.081957),0.883888 (0.801900 + 0.081988),0.885663 (0.803700 + 0.081963),0.885657 (0.803700 + 0.081957)
157,0.885663 (0.803700 + 0.081963),0.885663 (0.803700 + 0.081963),0.885663 (0.803700 + 0.081963),0.885657 (0.803700 + 0.081957),0.885663 (0.803700 + 0.081963),0.885657 (0.803700 + 0.081957),0.885657 (0.803700 + 0.081957),0.884669 (0.802800 + 0.081869),0.885657 (0.803700 + 0.081957),0.885663 (0.803700 + 0.081963),0.885663 (0.803700 + 0.081963),0.885663 (0.803700 + 0.081963),0.885663 (0.803700 + 0.081963),0.885663 (0.803700 + 0.081963),0.885663 (0.803700 + 0.081963),0.885657 (0.803700 + 0.081957),0.885657 (0.803700 + 0.081957),0.885657 (0.803700 + 0.081957),0.885563 (0.803700 + 0.081863),0.885663 (0.803700 + 0.081963),0.885663 (0.803700 + 0.081963),0.885663 (0.803700 + 0.081963),0.885663 (0.803700 + 0.081963),0.885554 (0.803700 + 0.081854),0.885657 (0.803700 + 0.081957),0.885657 (0.803700 + 0.081957),0.853169 (0.771300 + 0.081869),0.885657 (0.803700 + 0.081957),0.885663 (0.803700 + 0.081963),0.885657 (0.803700 + 0.081957),0.885663 (0.803700 + 0.081963),0.885663 (0.803700 + 0.081963),0.885663 (0.803700 + 0.081963),0.885663 (0.803700 + 0.081963),0.885657 (0.803700 + 0.081957),0.885657 (0.803700 + 0.081957),0.885657 (0.803700 + 0.081957),0.885663 (0.803700 + 0.081963),0.885663 (0.803700 + 0.081963),0.885657 (0.803700 + 0.081957),0.885663 (0.803700 + 0.081963),0.885654 (0.803700 + 0.081954),0.885657 (0.803700 + 0.081957),0.885657 (0.803700 + 0.081957),0.885657 (0.803700 + 0.081957),0.885663 (0.803700 + 0.081963),0.885657 (0.803700 + 0.081957),0.885654 (0.803700 + 0.081954),0.885657 (0.803700 + 0.081957),0.865831 (0.783900 + 0.081931),0.885657 (0.803700 + 0.081957),0.885663 (0.803700 + 0.081963),0.885663 (0.803700 + 0.081963),0.885657 (0.803700 + 0.081957),0.869474 (0.787500 + 0.081974),0.885657 (0.803700 + 0.081957),0.885663 (0.803700 + 0.081963),0.885663 (0.803700 + 0.081963),0.885657 (0.803700 + 0.081957),0.885657 (0.803700 + 0.081957),0.885657 (0.803700 + 0.081957),0.867742 (0.785700 + 0.082042),0.885647 (0.803700 + 0.081947),0.885657 (0.803700 + 0.081957),0.885657 (0.803700 + 0.081957),0.885663 (0.803700 + 0.081963),0.885663 (0.803700 + 0.081963),0.885663 (0.803700 + 0.081963),0.885657 (0.803700 + 0.081957),0.871339 (0.789300 + 0.082039),0.885663 (0.803700 + 0.081963),0.861391 (0.779400 + 0.081991),0.885663 (0.803700 + 0.081963),0.885657 (0.803700 + 0.081957),0.885657 (0.803700 + 0.081957),0.885657 (0.803700 + 0.081957),0.885663 (0.803700 + 0.081963),0.885654 (0.803700 + 0.081954),0.885663 (0.803700 + 0.081963),0.885657 (0.803700 + 0.081957),0.885657 (0.803700 + 0.081957),0.873867 (0.792000 + 0.081867),0.885657 (0.803700 + 0.081957),0.885657 (0.803700 + 0.081957),0.885663 (0.803700 + 0.081963),0.885663 (0.803700 + 0.081963),0.885663 (0.803700 + 0.081963),0.885663 (0.803700 + 0.081963),0.885657 (0.803700 + 0.081957),0.885657 (0.803700 + 0.081957),0.885663 (0.803700 + 0.081963),0.885657 (0.803700 + 0.081957),0.885657 (0.803700 + 0.081957),0.885657 (0.803700 + 0.081957),0.885657 (0.803700 + 0.081957),0.885663 (0.803700 + 0.081963),0.885657 (0.803700 + 0.081957),0.885657 (0.803700 + 0.081957),0.885657 (0.803700 + 0.081957),0.885663 (0.803700 + 0.081963)
158,0.885663 (0.803700 + 0.081963),0.885663 (0.803700 + 0.081963),0.885663 (0.803700 + 0.081963),0.885657 (0.803700 + 0.081957),0.885657 (0.803700 + 0.081957),0.885663 (0.803700 + 0.081963),0.885657 (0.803700 + 0.081957),0.885663 (0.803700 + 0.081963),0.885663 (0.803700 + 0.081963),0.885663 (0.803700 + 0.081963),0.885663 (0.803700 + 0.081963),0.885663 (0.803700 + 0.081963),0.885663 (0.803700 + 0.081963),0.885663 (0.803700 + 0.081963),0.885657 (0.803700 + 0.081957),0.885663 (0.803700 + 0.081963),0.885657 (0.803700 + 0.081957),0.885657 (0.803700 + 0.081957),0.885657 (0.803700 + 0.081957),0.854932 (0.773100 + 0.081832),0.885654 (0.803700 + 0.081954),0.885663 (0.803700 + 0.081963),0.885663 (0.803700 + 0.081963),0.885663 (0.803700 + 0.081963),0.885663 (0.803700 + 0.081963),0.870237 (0.788400 + 0.081836),0.885663 (0.803700 + 0.081963),0.885663 (0.803700 + 0.081963),0.885663 (0.803700 + 0.081963),0.885657 (0.803700 + 0.081957),0.885657 (0.803700 + 0.081957),0.885657 (0.803700 + 0.081957),0.871339 (0.789300 + 0.082039),0.885663 (0.803700 + 0.081963),0.885657 (0.803700 + 0.081957),0.885663 (0.803700 + 0.081963),0.885663 (0.803700 + 0.081963),0.885663 (0.803700 + 0.081963),0.885657 (0.803700 + 0.081957),0.885663 (0.803700 + 0.081963),0.885663 (0.803700 + 0.081963),0.885663 (0.803700 + 0.081963),0.885663 (0.803700 + 0.081963),0.885663 (0.803700 + 0.081963),0.885657 (0.803700 + 0.081957),0.885657 (0.803700 + 0.081957),0.867742 (0.785700 + 0.082042),0.885663 (0.803700 + 0.081963),0.885657 (0.803700 + 0.081957),0.885663 (0.803700 + 0.081963),0.872160 (0.790200 + 0.081960),0.885657 (0.803700 + 0.081957),0.860517 (0.778500 + 0.082017),0.874725 (0.792900 + 0.081825),0.885663 (0.803700 + 0.081963),0.885663 (0.803700 + 0.081963),0.885663 (0.803700 + 0.081963),0.885657 (0.803700 + 0.081957),0.885663 (0.803700 + 0.081963),0.885663 (0.803700 + 0.081963),0.885663 (0.803700 + 0.081963),0.885657 (0.803700 + 0.081957),0.885663 (0.803700 + 0.081963),0.885663 (0.803700 + 0.081963),0.885657 (0.803700 + 0.081957),0.885663 (0.803700 + 0.081963),0.885657 (0.803700 + 0.081957),0.885657 (0.803700 + 0.081957),0.885663 (0.803700 + 0.081963),0.885663 (0.803700 + 0.081963),0.877760 (0.795600 + 0.082160),0.885663 (0.803700 + 0.081963),0.885657 (0.803700 + 0.081957),0.885663 (0.803700 + 0.081963),0.885663 (0.803700 + 0.081963),0.885657 (0.803700 + 0.081957),0.885657 (0.803700 + 0.081957),0.885663 (0.803700 + 0.081963),0.885663 (0.803700 + 0.081963),0.885657 (0.803700 + 0.081957),0.885657 (0.803700 + 0.081957),0.885657 (0.803700 + 0.081957),0.885663 (0.803700 + 0.081963),0.885663 (0.803700 + 0.081963),0.885663 (0.803700 + 0.081963),0.869339 (0.787500 + 0.081839),0.885663 (0.803700 + 0.081963),0.885663 (0.803700 + 0.081963),0.885663 (0.803700 + 0.081963),0.867603 (0.785700 + 0.081903),0.867742 (0.785700 + 0.082042),0.885657 (0.803700 + 0.081957),0.885657 (0.803700 + 0.081957),0.885657 (0.803700 + 0.081957),0.885663 (0.803700 + 0.081963),0.885663 (0.803700 + 0.081963),0.885663 (0.803700 + 0.081963),0.885657 (0.803700 + 0.081957),0.885657 (0.803700 + 0.081957),0.885663 (0.803700 + 0.081963)
159,0.885663 (0.803700 + 0.081963),0.885663 (0.803700 + 0.081963),0.885663 (0.803700 + 0.081963),0.885663 (0.803700 + 0.081963),0.885663 (0.803700 + 0.081963),0.885657 (0.803700 + 0.081957),0.885663 (0.803700 + 0.081963),0.885663 (0.803700 + 0.081963),0.865552 (0.783900 + 0.081652),0.885663 (0.803700 + 0.081963),0.885663 (0.803700 + 0.081963),0.885657 (0.803700 + 0.081957),0.885663 (0.803700 + 0.081963),0.885663 (0.803700 + 0.081963),0.885663 (0.803700 + 0.081963),0.885663 (0.803700 + 0.081963),0.885663 (0.803700 + 0.081963),0.885663 (0.803700 + 0.081963),0.885657 (0.803700 + 0.081957),0.885663 (0.803700 + 0.081963),0.885663 (0.803700 + 0.081963),0.885663 (0.803700 + 0.081963),0.885663 (0.803700 + 0.081963),0.885663 (0.803700 + 0.081963),0.870427 (0.788400 + 0.082027),0.885663 (0.803700 + 0.081963),0.885657 (0.803700 + 0.081957),0.885663 (0.803700 + 0.081963),0.885663 (0.803700 + 0.081963),0.885663 (0.803700 + 0.081963),0.885663 (0.803700 + 0.081963),0.885663 (0.803700 + 0.081963),0.885663 (0.803700 + 0.081963),0.885657 (0.803700 + 0.081957),0.862360 (0.780300 + 0.082060),0.864997 (0.783000 + 0.081997),0.873032 (0.791100 + 0.081932),0.885663 (0.803700 + 0.081963),0.885663 (0.803700 + 0.081963),0.885657 (0.803700 + 0.081957),0.885663 (0.803700 + 0.081963),0.873042 (0.791100 + 0.081942),0.882081 (0.800100 + 0.081981),0.885663 (0.803700 + 0.081963),0.885663 (0.803700 + 0.081963),0.885663 (0.803700 + 0.081963),0.885663 (0.803700 + 0.081963),0.856863 (0.774900 + 0.081963),0.885663 (0.803700 + 0.081963),0.885657 (0.803700 + 0.081957),0.885663 (0.803700 + 0.081963),0.885663 (0.803700 + 0.081963),0.885663 (0.803700 + 0.081963),0.885663 (0.803700 + 0.081963),0.885663 (0.803700 + 0.081963),0.860567 (0.778500 + 0.082067),0.885663 (0.803700 + 0.081963),0.885663 (0.803700 + 0.081963),0.885663 (0.803700 + 0.081963),0.885663 (0.803700 + 0.081963),0.885657 (0.803700 + 0.081957),0.885657 (0.803700 + 0.081957),0.885663 (0.803700 + 0.081963),0.885663 (0.803700 + 0.081963),0.885663 (0.803700 + 0.081963),0.885663 (0.803700 + 0.081963),0.885663 (0.803700 + 0.081963),0.885663 (0.803700 + 0.081963),0.885663 (0.803700 + 0.081963),0.885663 (0.803700 + 0.081963),0.870988 (0.789300 + 0.081688),0.885663 (0.803700 + 0.081963),0.885663 (0.803700 + 0.081963),0.885663 (0.803700 + 0.081963),0.885663 (0.803700 + 0.081963),0.885663 (0.803700 + 0.081963),0.885663 (0.803700 + 0.081963),0.885663 (0.803700 + 0.081963),0.885663 (0.803700 + 0.081963),0.861232 (0.779400 + 0.081832),0.885663 (0.803700 + 0.081963),0.885663 (0.803700 + 0.081963),0.885663 (0.803700 + 0.081963),0.885663 (0.803700 + 0.081963),0.885663 (0.803700 + 0.081963),0.885663 (0.803700 + 0.081963),0.885657 (0.803700 + 0.081957),0.867659 (0.785700 + 0.081959),0.885663 (0.803700 + 0.081963),0.885663 (0.803700 + 0.081963),0.885663 (0.803700 + 0.081963),0.861365 (0.779400 + 0.081965),0.885663 (0.803700 + 0.081963),0.885663 (0.803700 + 0.081963),0.885663 (0.803700 + 0.081963),0.885663 (0.803700 + 0.081963),0.885663 (0.803700 + 0.081963),0.885663 (0.803700 + 0.081963),0.885657 (0.803700 + 0.081957),0.885663 (0.803700 + 0.081963)
160,0.885663 (0.803700 + 0.081963),0.885663 (0.803700 + 0.081963),0.885663 (0.803700 + 0.081963),0.885663 (0.803700 + 0.081963),0.877504 (0.795600 + 0.081904),0.885663 (0.803700 + 0.081963),0.885663 (0.803700 + 0.081963),0.885663 (0.803700 + 0.081963),0.885663 (0.803700 + 0.081963),0.863928 (0.782100 + 0.081828),0.885663 (0.803700 + 0.081963),0.871234 (0.789300 + 0.081934),0.885663 (0.803700 + 0.081963),0.885663 (0.803700 + 0.081963),0.864760 (0.783000 + 0.081760),0.885663 (0.803700 + 0.081963),0.885663 (0.803700 + 0.081963),0.885663 (0.803700 + 0.081963),0.885663 (0.803700 + 0.081963),0.870988 (0.789300 + 0.081688),0.857673 (0.775800 + 0.081873),0.885663 (0.803700 + 0.081963),0.885663 (0.803700 + 0.081963),0.885663 (0.803700 + 0.081963),0.885663 (0.803700 + 0.081963),0.885663 (0.803700 + 0.081963),0.885663 (0.803700 + 0.081963),0.885663 (0.803700 + 0.081963),0.885663 (0.803700 + 0.081963),0.885663 (0.803700 + 0.081963),0.885663 (0.803700 + 0.081963),0.885663 (0.803700 + 0.081963),0.885663 (0.803700 + 0.081963),0.885663 (0.803700 + 0.081963),0.885663 (0.803700 + 0.081963),0.885663 (0.803700 + 0.081963),0.885663 (0.803700 + 0.081963),0.885663 (0.803700 + 0.081963),0.885663 (0.803700 + 0.081963),0.882031 (0.800100 + 0.081931),0.885663 (0.803700 + 0.081963),0.885663 (0.803700 + 0.081963),0.867604 (0.785700 + 0.081904),0.885657 (0.803700 + 0.081957),0.867687 (0.785700 + 0.081987),0.871294 (0.789300 + 0.081994),0.885663 (0.803700 + 0.081963),0.885663 (0.803700 + 0.081963),0.885663 (0.803700 + 0.081963),0.885663 (0.803700 + 0.081963),0.885663 (0.803700 + 0.081963),0.885663 (0.803700 + 0.081963),0.885663 (0.803700 + 0.081963),0.885663 (0.803700 + 0.081963),0.885663 (0.803700 + 0.081963),0.885663 (0.803700 + 0.081963),0.885663 (0.803700 + 0.081963),0.885663 (0.803700 + 0.081963),0.885663 (0.803700 + 0.081963),0.874850 (0.792900 + 0.081950),0.885663 (0.803700 + 0.081963),0.885663 (0.803700 + 0.081963),0.885663 (0.803700 + 0.081963),0.885663 (0.803700 + 0.081963),0.885663 (0.803700 + 0.081963),0.885663 (0.803700 + 0.081963),0.885663 (0.803700 + 0.081963),0.885663 (0.803700 + 0.081963),0.862096 (0.780300 + 0.081796),0.885663 (0.803700 + 0.081963),0.885663 (0.803700 + 0.081963),0.874214 (0.792000 + 0.082214),0.885663 (0.803700 + 0.081963),0.885663 (0.803700 + 0.081963),0.885663 (0.803700 + 0.081963),0.885663 (0.803700 + 0.081963),0.885663 (0.803700 + 0.081963),0.885657 (0.803700 + 0.081957),0.885663 (0.803700 + 0.081963),0.885663 (0.803700 + 0.081963),0.885663 (0.803700 + 0.081963),0.885663 (0.803700 + 0.081963),0.870240 (0.788400 + 0.081840),0.885663 (0.803700 + 0.081963),0.885663 (0.803700 + 0.081963),0.885663 (0.803700 + 0.081963),0.885663 (0.803700 + 0.081963),0.885663 (0.803700 + 0.081963),0.885663 (0.803700 + 0.081963),0.885663 (0.803700 + 0.081963),0.885663 (0.803700 + 0.081963),0.885663 (0.803700 + 0.081963),0.885663 (0.803700 + 0.081963),0.885663 (0.803700 + 0.081963),0.885663 (0.803700 + 0.081963),0.865840 (0.783900 + 0.081940),0.885663 (0.803700 + 0.081963),0.866487 (0.784800 + 0.081687),0.885663 (0.803700 + 0.081963),0.885663 (0.803700 + 0.081963)
161,0.885663 (0.803700 + 0.081963),0.885663 (0.803700 + 0.081963),0.885663 (0.803700 + 0.081963),0.878510 (0.796500 + 0.082010),0.880203 (0.798300 + 0.081903),0.885663 (0.803700 + 0.081963),0.880039 (0.798300 + 0.081739),0.885663 (0.803700 + 0.081963),0.885663 (0.803700 + 0.081963),0.885663 (0.803700 + 0.081963),0.885663 (0.803700 + 0.081963),0.885663 (0.803700 + 0.081963),0.885663 (0.803700 + 0.081963),0.885663 (0.803700 + 0.081963),0.885663 (0.803700 + 0.081963),0.871305 (0.789300 + 0.082005),0.885663 (0.803700 + 0.081963),0.885663 (0.803700 + 0.081963),0.885663 (0.803700 + 0.081963),0.885657 (0.803700 + 0.081957),0.885663 (0.803700 + 0.081963),0.885663 (0.803700 + 0.081963),0.885663 (0.803700 + 0.081963),0.885663 (0.803700 + 0.081963),0.885663 (0.803700 + 0.081963),0.885663 (0.803700 + 0.081963),0.885663 (0.803700 + 0.081963),0.885663 (0.803700 + 0.081963),0.885663 (0.803700 + 0.081963),0.885663 (0.803700 + 0.081963),0.885663 (0.803700 + 0.081963),0.885663 (0.803700 + 0.081963),0.885663 (0.803700 + 0.081963),0.885663 (0.803700 + 0.081963),0.885663 (0.803700 + 0.081963),0.885663 (0.803700 + 0.081963),0.885663 (0.803700 + 0.081963),0.885663 (0.803700 + 0.081963),0.885663 (0.803700 + 0.081963),0.885663 (0.803700 + 0.081963),0.885663 (0.803700 + 0.081963),0.885663 (0.803700 + 0.081963),0.885663 (0.803700 + 0.081963),0.885663 (0.803700 + 0.081963),0.854277 (0.772200 + 0.082077),0.885663 (0.803700 + 0.081963),0.885663 (0.803700 + 0.081963),0.885663 (0.803700 + 0.081963),0.860332 (0.778500 + 0.081833),0.885663 (0.803700 + 0.081963),0.863886 (0.782100 + 0.081786),0.885663 (0.803700 + 0.081963),0.885663 (0.803700 + 0.081963),0.885663 (0.803700 + 0.081963),0.885663 (0.803700 + 0.081963),0.873134 (0.791100 + 0.082034),0.885663 (0.803700 + 0.081963),0.885663 (0.803700 + 0.081963),0.885663 (0.803700 + 0.081963),0.885663 (0.803700 + 0.081963),0.885663 (0.803700 + 0.081963),0.885663 (0.803700 + 0.081963),0.872930 (0.791100 + 0.081830),0.885657 (0.803700 + 0.081957),0.882031 (0.800100 + 0.081931),0.885663 (0.803700 + 0.081963),0.885663 (0.803700 + 0.081963),0.885663 (0.803700 + 0.081963),0.885663 (0.803700 + 0.081963),0.885663 (0.803700 + 0.081963),0.885663 (0.803700 + 0.081963),0.885663 (0.803700 + 0.081963),0.885663 (0.803700 + 0.081963),0.885663 (0.803700 + 0.081963),0.885663 (0.803700 + 0.081963),0.869125 (0.787500 + 0.081625),0.885663 (0.803700 + 0.081963),0.885663 (0.803700 + 0.081963),0.885663 (0.803700 + 0.081963),0.885663 (0.803700 + 0.081963),0.885663 (0.803700 + 0.081963),0.885663 (0.803700 + 0.081963),0.885663 (0.803700 + 0.081963),0.885663 (0.803700 + 0.081963),0.885663 (0.803700 + 0.081963),0.885663 (0.803700 + 0.081963),0.885663 (0.803700 + 0.081963),0.885663 (0.803700 + 0.081963),0.885663 (0.803700 + 0.081963),0.885663 (0.803700 + 0.081963),0.885663 (0.803700 + 0.081963),0.885663 (0.803700 + 0.081963),0.871234 (0.789300 + 0.081934),0.857627 (0.775800 + 0.081827),0.885663 (0.803700 + 0.081963),0.885663 (0.803700 + 0.081963),0.885663 (0.803700 + 0.081963),0.885663 (0.803700 + 0.081963),0.885663 (0.803700 + 0.081963),0.864046 (0.782100 + 0.081946)
162,0.885663 (0.803700 + 0.081963),0.885663 (0.803700 + 0.081963),0.885663 (0.803700 + 0.081963),0.885663 (0.803700 + 0.081963),0.885663 (0.803700 + 0.081963),0.885663 (0.803700 + 0.081963),0.867374 (0.785700 + 0.081674),0.885663 (0.803700 + 0.081963),0.885663 (0.803700 + 0.081963),0.885663 (0.803700 + 0.081963),0.885663 (0.803700 + 0.081963),0.885663 (0.803700 + 0.081963),0.885663 (0.803700 + 0.081963),0.885663 (0.803700 + 0.081963),0.885663 (0.803700 + 0.081963),0.885663 (0.803700 + 0.081963),0.865644 (0.783900 + 0.081744),0.885663 (0.803700 + 0.081963),0.885663 (0.803700 + 0.081963),0.885663 (0.803700 + 0.081963),0.854927 (0.773100 + 0.081827),0.885663 (0.803700 + 0.081963),0.885663 (0.803700 + 0.081963),0.885663 (0.803700 + 0.081963),0.885663 (0.803700 + 0.081963),0.885663 (0.803700 + 0.081963),0.885663 (0.803700 + 0.081963),0.885663 (0.803700 + 0.081963),0.885663 (0.803700 + 0.081963),0.885663 (0.803700 + 0.081963),0.885663 (0.803700 + 0.081963),0.885663 (0.803700 + 0.081963),0.885663 (0.803700 + 0.081963),0.885663 (0.803700 + 0.081963),0.873160 (0.791100 + 0.082060),0.885663 (0.803700 + 0.081963),0.885663 (0.803700 + 0.081963),0.885663 (0.803700 + 0.081963),0.885663 (0.803700 + 0.081963),0.885663 (0.803700 + 0.081963),0.874143 (0.792000 + 0.082143),0.885663 (0.803700 + 0.081963),0.885663 (0.803700 + 0.081963),0.885663 (0.803700 + 0.081963),0.885663 (0.803700 + 0.081963),0.885663 (0.803700 + 0.081963),0.885663 (0.803700 + 0.081963),0.885663 (0.803700 + 0.081963),0.878510 (0.796500 + 0.082010),0.885663 (0.803700 + 0.081963),0.885663 (0.803700 + 0.081963),0.867668 (0.785700 + 0.081968),0.885663 (0.803700 + 0.081963),0.885663 (0.803700 + 0.081963),0.885663 (0.803700 + 0.081963),0.885663 (0.803700 + 0.081963),0.885663 (0.803700 + 0.081963),0.885663 (0.803700 + 0.081963),0.885663 (0.803700 + 0.081963),0.885657 (0.803700 + 0.081957),0.885663 (0.803700 + 0.081963),0.885663 (0.803700 + 0.081963),0.885663 (0.803700 + 0.081963),0.885663 (0.803700 + 0.081963),0.885663 (0.803700 + 0.081963),0.885663 (0.803700 + 0.081963),0.885663 (0.803700 + 0.081963),0.885663 (0.803700 + 0.081963),0.885663 (0.803700 + 0.081963),0.885663 (0.803700 + 0.081963),0.885663 (0.803700 + 0.081963),0.885663 (0.803700 + 0.081963),0.885663 (0.803700 + 0.081963),0.885663 (0.803700 + 0.081963),0.885663 (0.803700 + 0.081963),0.885663 (0.803700 + 0.081963),0.885663 (0.803700 + 0.081963),0.885663 (0.803700 + 0.081963),0.885663 (0.803700 + 0.081963),0.885663 (0.803700 + 0.081963),0.885663 (0.803700 + 0.081963),0.866789 (0.784800 + 0.081989),0.857739 (0.775800 + 0.081939),0.880254 (0.798300 + 0.081954),0.864795 (0.783000 + 0.081795),0.885663 (0.803700 + 0.081963),0.885663 (0.803700 + 0.081963),0.885663 (0.803700 + 0.081963),0.885663 (0.803700 + 0.081963),0.885663 (0.803700 + 0.081963),0.885663 (0.803700 + 0.081963),0.885663 (0.803700 + 0.081963),0.885663 (0.803700 + 0.081963),0.864772 (0.783000 + 0.081772),0.885663 (0.803700 + 0.081963),0.885663 (0.803700 + 0.081963),0.885663 (0.803700 + 0.081963),0.885663 (0.803700 + 0.081963),0.885663 (0.803700 + 0.081963),0.885663 (0.803700 + 0.081963)
163,0.885663 (0.803700 + 0.081963),0.885663 (0.803700 + 0.081963),0.885663 (0.803700 + 0.081963),0.885663 (0.803700 + 0.081963),0.885663 (0.803700 + 0.081963),0.862284 (0.780300 + 0.081984),0.885663 (0.803700 + 0.081963),0.885663 (0.803700 + 0.081963),0.885663 (0.803700 + 0.081963),0.885663 (0.803700 + 0.081963),0.885663 (0.803700 + 0.081963),0.863964 (0.782100 + 0.081864),0.885663 (0.803700 + 0.081963),0.885663 (0.803700 + 0.081963),0.868638 (0.786600 + 0.082038),0.880254 (0.798300 + 0.081954),0.885663 (0.803700 + 0.081963),0.885663 (0.803700 + 0.081963),0.885663 (0.803700 + 0.081963),0.885663 (0.803700 + 0.081963),0.885663 (0.803700 + 0.081963),0.885663 (0.803700 + 0.081963),0.885663 (0.803700 + 0.081963),0.885663 (0.803700 + 0.081963),0.885663 (0.803700 + 0.081963),0.885663 (0.803700 + 0.081963),0.885663 (0.803700 + 0.081963),0.885663 (0.803700 + 0.081963),0.885663 (0.803700 + 0.081963),0.885663 (0.803700 + 0.081963),0.885663 (0.803700 + 0.081963),0.885663 (0.803700 + 0.081963),0.874831 (0.792900 + 0.081931),0.885663 (0.803700 + 0.081963),0.885663 (0.803700 + 0.081963),0.885663 (0.803700 + 0.081963),0.885663 (0.803700 + 0.081963),0.885663 (0.803700 + 0.081963),0.885663 (0.803700 + 0.081963),0.875977 (0.793800 + 0.082177),0.878429 (0.796500 + 0.081929),0.885663 (0.803700 + 0.081963),0.885663 (0.803700 + 0.081963),0.885663 (0.803700 + 0.081963),0.868571 (0.786600 + 0.081970),0.885663 (0.803700 + 0.081963),0.885663 (0.803700 + 0.081963),0.885663 (0.803700 + 0.081963),0.885663 (0.803700 + 0.081963),0.885663 (0.803700 + 0.081963),0.885663 (0.803700 + 0.081963),0.885663 (0.803700 + 0.081963),0.885663 (0.803700 + 0.081963),0.885663 (0.803700 + 0.081963),0.885663 (0.803700 + 0.081963),0.885663 (0.803700 + 0.081963),0.885663 (0.803700 + 0.081963),0.885663 (0.803700 + 0.081963),0.885663 (0.803700 + 0.081963),0.885663 (0.803700 + 0.081963),0.885663 (0.803700 + 0.081963),0.885663 (0.803700 + 0.081963),0.885663 (0.803700 + 0.081963),0.885663 (0.803700 + 0.081963),0.885663 (0.803700 + 0.081963),0.885663 (0.803700 + 0.081963),0.885663 (0.803700 + 0.081963),0.885663 (0.803700 + 0.081963),0.885663 (0.803700 + 0.081963),0.885663 (0.803700 + 0.081963),0.854042 (0.772200 + 0.081842),0.885663 (0.803700 + 0.081963),0.885663 (0.803700 + 0.081963),0.873859 (0.792000 + 0.081859),0.885663 (0.803700 + 0.081963),0.885663 (0.803700 + 0.081963),0.885663 (0.803700 + 0.081963),0.885663 (0.803700 + 0.081963),0.885663 (0.803700 + 0.081963),0.885663 (0.803700 + 0.081963),0.885663 (0.803700 + 0.081963),0.885663 (0.803700 + 0.081963),0.885663 (0.803700 + 0.081963),0.885663 (0.803700 + 0.081963),0.885663 (0.803700 + 0.081963),0.885663 (0.803700 + 0.081963),0.885663 (0.803700 + 0.081963),0.885663 (0.803700 + 0.081963),0.869338 (0.787500 + 0.081838),0.885663 (0.803700 + 0.081963),0.885663 (0.803700 + 0.081963),0.885663 (0.803700 + 0.081963),0.885663 (0.803700 + 0.081963),0.885663 (0.803700 + 0.081963),0.885663 (0.803700 + 0.081963),0.865124 (0.783000 + 0.082124),0.885663 (0.803700 + 0.081963),0.885663 (0.803700 + 0.081963),0.885663 (0.803700 + 0.081963),0.885663 (0.803700 + 0.081963)
164,0.885663 (0.803700 + 0.081963),0.885663 (0.803700 + 0.081963),0.885663 (0.803700 + 0.081963),0.870327 (0.788400 + 0.081927),0.885663 (0.803700 + 0.081963),0.885663 (0.803700 + 0.081963),0.885663 (0.803700 + 0.081963),0.885663 (0.803700 + 0.081963),0.873848 (0.792000 + 0.081849),0.885663 (0.803700 + 0.081963),0.870293 (0.788400 + 0.081893),0.885663 (0.803700 + 0.081963),0.885663 (0.803700 + 0.081963),0.885663 (0.803700 + 0.081963),0.885663 (0.803700 + 0.081963),0.885663 (0.803700 + 0.081963),0.885663 (0.803700 + 0.081963),0.885663 (0.803700 + 0.081963),0.885663 (0.803700 + 0.081963),0.885663 (0.803700 + 0.081963),0.885663 (0.803700 + 0.081963),0.885663 (0.803700 + 0.081963),0.859406 (0.777600 + 0.081806),0.885663 (0.803700 + 0.081963),0.885663 (0.803700 + 0.081963),0.853152 (0.771300 + 0.081852),0.885663 (0.803700 + 0.081963),0.885663 (0.803700 + 0.081963),0.885663 (0.803700 + 0.081963),0.885663 (0.803700 + 0.081963),0.885663 (0.803700 + 0.081963),0.885663 (0.803700 + 0.081963),0.885663 (0.803700 + 0.081963),0.885663 (0.803700 + 0.081963),0.885663 (0.803700 + 0.081963),0.885663 (0.803700 + 0.081963),0.885663 (0.803700 + 0.081963),0.885663 (0.803700 + 0.081963),0.885663 (0.803700 + 0.081963),0.885663 (0.803700 + 0.081963),0.885663 (0.803700 + 0.081963),0.885663 (0.803700 + 0.081963),0.863051 (0.781200 + 0.081851),0.885663 (0.803700 + 0.081963),0.885663 (0.803700 + 0.081963),0.885663 (0.803700 + 0.081963),0.885663 (0.803700 + 0.081963),0.885663 (0.803700 + 0.081963),0.885663 (0.803700 + 0.081963),0.885663 (0.803700 + 0.081963),0.885663 (0.803700 + 0.081963),0.885663 (0.803700 + 0.081963),0.885663 (0.803700 + 0.081963),0.885663 (0.803700 + 0.081963),0.872736 (0.791100 + 0.081636),0.885663 (0.803700 + 0.081963),0.885663 (0.803700 + 0.081963),0.885663 (0.803700 + 0.081963),0.885663 (0.803700 + 0.081963),0.885663 (0.803700 + 0.081963),0.885663 (0.803700 + 0.081963),0.885663 (0.803700 + 0.081963),0.885663 (0.803700 + 0.081963),0.885663 (0.803700 + 0.081963),0.885663 (0.803700 + 0.081963),0.885663 (0.803700 + 0.081963),0.885663 (0.803700 + 0.081963),0.885663 (0.803700 + 0.081963),0.885663 (0.803700 + 0.081963),0.885663 (0.803700 + 0.081963),0.885663 (0.803700 + 0.081963),0.885663 (0.803700 + 0.081963),0.885663 (0.803700 + 0.081963),0.885663 (0.803700 + 0.081963),0.885663 (0.803700 + 0.081963),0.859490 (0.777600 + 0.081890),0.885663 (0.803700 + 0.081963),0.885663 (0.803700 + 0.081963),0.885663 (0.803700 + 0.081963),0.885663 (0.803700 + 0.081963),0.885663 (0.803700 + 0.081963),0.885663 (0.803700 + 0.081963),0.885663 (0.803700 + 0.081963),0.885663 (0.803700 + 0.081963),0.885663 (0.803700 + 0.081963),0.876653 (0.794700 + 0.081953),0.883842 (0.801900 + 0.081942),0.885663 (0.803700 + 0.081963),0.885663 (0.803700 + 0.081963),0.885663 (0.803700 + 0.081963),0.885663 (0.803700 + 0.081963),0.885663 (0.803700 + 0.081963),0.885663 (0.803700 + 0.081963),0.885663 (0.803700 + 0.081963),0.867618 (0.785700 + 0.081918),0.885663 (0.803700 + 0.081963),0.869361 (0.787500 + 0.081861),0.885663 (0.803700 + 0.081963),0.885663 (0.803700 + 0.081963),0.872093 (0.790200 + 0.081893)
165,0.885663 (0.803700 + 0.081963),0.885663 (0.803700 + 0.081963),0.885663 (0.803700 + 0.081963),0.885663 (0.803700 + 0.081963),0.885663 (0.803700 + 0.081963),0.859371 (0.777600 + 0.081771),0.885663 (0.803700 + 0.081963),0.885663 (0.803700 + 0.081963),0.885663 (0.803700 + 0.081963),0.885663 (0.803700 + 0.081963),0.885663 (0.803700 + 0.081963),0.885663 (0.803700 + 0.081963),0.885663 (0.803700 + 0.081963),0.885663 (0.803700 + 0.081963),0.885663 (0.803700 + 0.081963),0.878383 (0.796500 + 0.081883),0.885663 (0.803700 + 0.081963),0.885663 (0.803700 + 0.081963),0.885663 (0.803700 + 0.081963),0.885663 (0.803700 + 0.081963),0.885663 (0.803700 + 0.081963),0.885663 (0.803700 + 0.081963),0.885663 (0.803700 + 0.081963),0.885663 (0.803700 + 0.081963),0.869442 (0.787500 + 0.081942),0.885663 (0.803700 + 0.081963),0.885663 (0.803700 + 0.081963),0.870287 (0.788400 + 0.081887),0.885663 (0.803700 + 0.081963),0.885663 (0.803700 + 0.081963),0.885663 (0.803700 + 0.081963),0.885663 (0.803700 + 0.081963),0.885663 (0.803700 + 0.081963),0.885663 (0.803700 + 0.081963),0.870362 (0.788400 + 0.081962),0.885663 (0.803700 + 0.081963),0.885663 (0.803700 + 0.081963),0.885663 (0.803700 + 0.081963),0.885663 (0.803700 + 0.081963),0.885663 (0.803700 + 0.081963),0.885663 (0.803700 + 0.081963),0.885663 (0.803700 + 0.081963),0.885663 (0.803700 + 0.081963),0.885663 (0.803700 + 0.081963),0.885663 (0.803700 + 0.081963),0.885663 (0.803700 + 0.081963),0.876555 (0.794700 + 0.081855),0.885663 (0.803700 + 0.081963),0.867594 (0.785700 + 0.081894),0.874007 (0.792000 + 0.082007),0.885663 (0.803700 + 0.081963),0.885663 (0.803700 + 0.081963),0.885663 (0.803700 + 0.081963),0.880179 (0.798300 + 0.081879),0.874832 (0.792900 + 0.081932),0.885663 (0.803700 + 0.081963),0.885663 (0.803700 + 0.081963),0.885663 (0.803700 + 0.081963),0.885663 (0.803700 + 0.081963),0.885663 (0.803700 + 0.081963),0.885663 (0.803700 + 0.081963),0.885663 (0.803700 + 0.081963),0.885663 (0.803700 + 0.081963),0.866690 (0.784800 + 0.081890),0.885663 (0.803700 + 0.081963),0.860412 (0.778500 + 0.081912),0.885663 (0.803700 + 0.081963),0.885663 (0.803700 + 0.081963),0.885663 (0.803700 + 0.081963),0.885663 (0.803700 + 0.081963),0.885663 (0.803700 + 0.081963),0.885663 (0.803700 + 0.081963),0.885663 (0.803700 + 0.081963),0.885663 (0.803700 + 0.081963),0.885663 (0.803700 + 0.081963),0.885663 (0.803700 + 0.081963),0.885663 (0.803700 + 0.081963),0.885663 (0.803700 + 0.081963),0.885663 (0.803700 + 0.081963),0.885663 (0.803700 + 0.081963),0.885663 (0.803700 + 0.081963),0.885663 (0.803700 + 0.081963),0.885663 (0.803700 + 0.081963),0.885663 (0.803700 + 0.081963),0.885663 (0.803700 + 0.081963),0.885663 (0.803700 + 0.081963),0.885663 (0.803700 + 0.081963),0.885663 (0.803700 + 0.081963),0.885663 (0.803700 + 0.081963),0.885663 (0.803700 + 0.081963),0.885663 (0.803700 + 0.081963),0.885663 (0.803700 + 0.081963),0.885663 (0.803700 + 0.081963),0.885663 (0.803700 + 0.081963),0.885663 (0.803700 + 0.081963),0.885663 (0.803700 + 0.081963),0.885663 (0.803700 + 0.081963),0.885663 (0.803700 + 0.081963),0.885663 (0.803700 + 0.081963),0.885663 (0.803700 + 0.081963)
166,0.885663 (0.803700 + 0.081963),0.885663 (0.803700 + 0.081963),0.885663 (0.803700 + 0.081963),0.885663 (0.803700 + 0.081963),0.885663 (0.803700 + 0.081963),0.885663 (0.803700 + 0.081963),0.885663 (0.803700 + 0.081963),0.860477 (0.778500 + 0.081977),0.885663 (0.803700 + 0.081963),0.864799 (0.783000 + 0.081799),0.885663 (0.803700 + 0.081963),0.885663 (0.803700 + 0.081963),0.885663 (0.803700 + 0.081963),0.885663 (0.803700 + 0.081963),0.885663 (0.803700 + 0.081963),0.885663 (0.803700 + 0.081963),0.885663 (0.803700 + 0.081963),0.868597 (0.786600 + 0.081997),0.885663 (0.803700 + 0.081963),0.885663 (0.803700 + 0.081963),0.885663 (0.803700 + 0.081963),0.885663 (0.803700 + 0.081963),0.885663 (0.803700 + 0.081963),0.885663 (0.803700 + 0.081963),0.885663 (0.803700 + 0.081963),0.885663 (0.803700 + 0.081963),0.885663 (0.803700 + 0.081963),0.870369 (0.788400 + 0.081969),0.885663 (0.803700 + 0.081963),0.885663 (0.803700 + 0.081963),0.885663 (0.803700 + 0.081963),0.871229 (0.789300 + 0.081929),0.885663 (0.803700 + 0.081963),0.885663 (0.803700 + 0.081963),0.885663 (0.803700 + 0.081963),0.865072 (0.783000 + 0.082072),0.885663 (0.803700 + 0.081963),0.885663 (0.803700 + 0.081963),0.885663 (0.803700 + 0.081963),0.885663 (0.803700 + 0.081963),0.885663 (0.803700 + 0.081963),0.885663 (0.803700 + 0.081963),0.885663 (0.803700 + 0.081963),0.885663 (0.803700 + 0.081963),0.885663 (0.803700 + 0.081963),0.867521 (0.785700 + 0.081821),0.885663 (0.803700 + 0.081963),0.885663 (0.803700 + 0.081963),0.885663 (0.803700 + 0.081963),0.885663 (0.803700 + 0.081963),0.863936 (0.782100 + 0.081836),0.885663 (0.803700 + 0.081963),0.885663 (0.803700 + 0.081963),0.885663 (0.803700 + 0.081963),0.868489 (0.786600 + 0.081889),0.885663 (0.803700 + 0.081963),0.885663 (0.803700 + 0.081963),0.885663 (0.803700 + 0.081963),0.864849 (0.783000 + 0.081849),0.885663 (0.803700 + 0.081963),0.885663 (0.803700 + 0.081963),0.885663 (0.803700 + 0.081963),0.885663 (0.803700 + 0.081963),0.885663 (0.803700 + 0.081963),0.885663 (0.803700 + 0.081963),0.885663 (0.803700 + 0.081963),0.885663 (0.803700 + 0.081963),0.885663 (0.803700 + 0.081963),0.885663 (0.803700 + 0.081963),0.885663 (0.803700 + 0.081963),0.885663 (0.803700 + 0.081963),0.885663 (0.803700 + 0.081963),0.885663 (0.803700 + 0.081963),0.885663 (0.803700 + 0.081963),0.885663 (0.803700 + 0.081963),0.885663 (0.803700 + 0.081963),0.885663 (0.803700 + 0.081963),0.885663 (0.803700 + 0.081963),0.885663 (0.803700 + 0.081963),0.885663 (0.803700 + 0.081963),0.885663 (0.803700 + 0.081963),0.885663 (0.803700 + 0.081963),0.885663 (0.803700 + 0.081963),0.885663 (0.803700 + 0.081963),0.885663 (0.803700 + 0.081963),0.885663 (0.803700 + 0.081963),0.885663 (0.803700 + 0.081963),0.885663 (0.803700 + 0.081963),0.885663 (0.803700 + 0.081963),0.885663 (0.803700 + 0.081963),0.885663 (0.803700 + 0.081963),0.885663 (0.803700 + 0.081963),0.885663 (0.803700 + 0.081963),0.885663 (0.803700 + 0.081963),0.885663 (0.803700 + 0.081963),0.885663 (0.803700 + 0.081963),0.885663 (0.803700 + 0.081963),0.885663 (0.803700 + 0.081963),0.885663 (0.803700 + 0.081963),0.885663 (0.803700 + 0.081963)
167,0.885663 (0.803700 + 0.081963),0.885663 (0.803700 + 0.081963),0.885663 (0.803700 + 0.081963),0.885663 (0.803700 + 0.081963),0.885663 (0.803700 + 0.081963),0.885663 (0.803700 + 0.081963),0.885663 (0.803700 + 0.081963),0.885663 (0.803700 + 0.081963),0.885663 (0.803700 + 0.081963),0.885663 (0.803700 + 0.081963),0.885663 (0.803700 + 0.081963),0.885663 (0.803700 + 0.081963),0.885663 (0.803700 + 0.081963),0.885663 (0.803700 + 0.081963),0.885663 (0.803700 + 0.081963),0.885663 (0.803700 + 0.081963),0.885663 (0.803700 + 0.081963),0.863084 (0.781200 + 0.081884),0.885663 (0.803700 + 0.081963),0.885663 (0.803700 + 0.081963),0.885663 (0.803700 + 0.081963),0.885663 (0.803700 + 0.081963),0.885663 (0.803700 + 0.081963),0.885663 (0.803700 + 0.081963),0.885663 (0.803700 + 0.081963),0.885663 (0.803700 + 0.081963),0.885663 (0.803700 + 0.081963),0.885663 (0.803700 + 0.081963),0.885663 (0.803700 + 0.081963),0.885663 (0.803700 + 0.081963),0.885663 (0.803700 + 0.081963),0.867559 (0.785700 + 0.081859),0.885663 (0.803700 + 0.081963),0.885663 (0.803700 + 0.081963),0.885663 (0.803700 + 0.081963),0.885663 (0.803700 + 0.081963),0.885663 (0.803700 + 0.081963),0.885663 (0.803700 + 0.081963),0.885663 (0.803700 + 0.081963),0.885663 (0.803700 + 0.081963),0.885663 (0.803700 + 0.081963),0.885663 (0.803700 + 0.081963),0.885663 (0.803700 + 0.081963),0.885663 (0.803700 + 0.081963),0.885663 (0.803700 + 0.081963),0.885663 (0.803700 + 0.081963),0.859543 (0.777600 + 0.081943),0.885663 (0.803700 + 0.081963),0.885663 (0.803700 + 0.081963),0.885663 (0.803700 + 0.081963),0.885663 (0.803700 + 0.081963),0.885663 (0.803700 + 0.081963),0.855111 (0.773100 + 0.082011),0.871926 (0.790200 + 0.081726),0.885663 (0.803700 + 0.081963),0.885663 (0.803700 + 0.081963),0.885663 (0.803700 + 0.081963),0.885663 (0.803700 + 0.081963),0.885663 (0.803700 + 0.081963),0.885663 (0.803700 + 0.081963),0.885663 (0.803700 + 0.081963),0.885663 (0.803700 + 0.081963),0.885663 (0.803700 + 0.081963),0.885663 (0.803700 + 0.081963),0.885663 (0.803700 + 0.081963),0.885663 (0.803700 + 0.081963),0.885663 (0.803700 + 0.081963),0.885663 (0.803700 + 0.081963),0.885663 (0.803700 + 0.081963),0.885663 (0.803700 + 0.081963),0.885663 (0.803700 + 0.081963),0.885663 (0.803700 + 0.081963),0.871228 (0.789300 + 0.081928),0.885663 (0.803700 + 0.081963),0.885663 (0.803700 + 0.081963),0.885663 (0.803700 + 0.081963),0.885663 (0.803700 + 0.081963),0.885663 (0.803700 + 0.081963),0.885663 (0.803700 + 0.081963),0.885663 (0.803700 + 0.081963),0.885663 (0.803700 + 0.081963),0.868521 (0.786600 + 0.081921),0.885663 (0.803700 + 0.081963),0.885663 (0.803700 + 0.081963),0.885663 (0.803700 + 0.081963),0.885663 (0.803700 + 0.081963),0.885663 (0.803700 + 0.081963),0.885663 (0.803700 + 0.081963),0.885663 (0.803700 + 0.081963),0.881973 (0.800100 + 0.081873),0.885663 (0.803700 + 0.081963),0.885663 (0.803700 + 0.081963),0.885663 (0.803700 + 0.081963),0.885663 (0.803700 + 0.081963),0.885663 (0.803700 + 0.081963),0.885663 (0.803700 + 0.081963),0.885663 (0.803700 + 0.081963),0.868670 (0.786600 + 0.082070),0.854098 (0.772200 + 0.081898),0.885663 (0.803700 + 0.081963)
168,0.885663 (0.803700 + 0.081963),0.885663 (0.803700 + 0.081963),0.885663 (0.803700 + 0.081963),0.885663 (0.803700 + 0.081963),0.885663 (0.803700 + 0.081963),0.862221 (0.780300 + 0.081921),0.874687 (0.792900 + 0.081787),0.885663 (0.803700 + 0.081963),0.885663 (0.803700 + 0.081963),0.885663 (0.803700 + 0.081963),0.885663 (0.803700 + 0.081963),0.885663 (0.803700 + 0.081963),0.885663 (0.803700 + 0.081963),0.885663 (0.803700 + 0.081963),0.885663 (0.803700 + 0.081963),0.885663 (0.803700 + 0.081963),0.885663 (0.803700 + 0.081963),0.885663 (0.803700 + 0.081963),0.885663 (0.803700 + 0.081963),0.885663 (0.803700 + 0.081963),0.885663 (0.803700 + 0.081963),0.885663 (0.803700 + 0.081963),0.885663 (0.803700 + 0.081963),0.885663 (0.803700 + 0.081963),0.885663 (0.803700 + 0.081963),0.885663 (0.803700 + 0.081963),0.885663 (0.803700 + 0.081963),0.885663 (0.803700 + 0.081963),0.885663 (0.803700 + 0.081963),0.885663 (0.803700 + 0.081963),0.885663 (0.803700 + 0.081963),0.866636 (0.784800 + 0.081836),0.885663 (0.803700 + 0.081963),0.885663 (0.803700 + 0.081963),0.885663 (0.803700 + 0.081963),0.885663 (0.803700 + 0.081963),0.885663 (0.803700 + 0.081963),0.885663 (0.803700 + 0.081963),0.871239 (0.789300 + 0.081939),0.885663 (0.803700 + 0.081963),0.885663 (0.803700 + 0.081963),0.885663 (0.803700 + 0.081963),0.885663 (0.803700 + 0.081963),0.885663 (0.803700 + 0.081963),0.885663 (0.803700 + 0.081963),0.885663 (0.803700 + 0.081963),0.885663 (0.803700 + 0.081963),0.885663 (0.803700 + 0.081963),0.885663 (0.803700 + 0.081963),0.885663 (0.803700 + 0.081963),0.885663 (0.803700 + 0.081963),0.885663 (0.803700 + 0.081963),0.885663 (0.803700 + 0.081963),0.885663 (0.803700 + 0.081963),0.885663 (0.803700 + 0.081963),0.885663 (0.803700 + 0.081963),0.885663 (0.803700 + 0.081963),0.885663 (0.803700 + 0.081963),0.885663 (0.803700 + 0.081963),0.885663 (0.803700 + 0.081963),0.885663 (0.803700 + 0.081963),0.885663 (0.803700 + 0.081963),0.885663 (0.803700 + 0.081963),0.885663 (0.803700 + 0.081963),0.885663 (0.803700 + 0.081963),0.885663 (0.803700 + 0.081963),0.885663 (0.803700 + 0.081963),0.880205 (0.798300 + 0.081905),0.885663 (0.803700 + 0.081963),0.870362 (0.788400 + 0.081962),0.873945 (0.792000 + 0.081945),0.885663 (0.803700 + 0.081963),0.863928 (0.782100 + 0.081828),0.885663 (0.803700 + 0.081963),0.885663 (0.803700 + 0.081963),0.885663 (0.803700 + 0.081963),0.885663 (0.803700 + 0.081963),0.885663 (0.803700 + 0.081963),0.885663 (0.803700 + 0.081963),0.885663 (0.803700 + 0.081963),0.885663 (0.803700 + 0.081963),0.885663 (0.803700 + 0.081963),0.885663 (0.803700 + 0.081963),0.885663 (0.803700 + 0.081963),0.885663 (0.803700 + 0.081963),0.885663 (0.803700 + 0.081963),0.885663 (0.803700 + 0.081963),0.885663 (0.803700 + 0.081963),0.885663 (0.803700 + 0.081963),0.885663 (0.803700 + 0.081963),0.885663 (0.803700 + 0.081963),0.885663 (0.803700 + 0.081963),0.885663 (0.803700 + 0.081963),0.885663 (0.803700 + 0.081963),0.869391 (0.787500 + 0.081891),0.885663 (0.803700 + 0.081963),0.885663 (0.803700 + 0.081963),0.885663 (0.803700 + 0.081963),0.885663 (0.803700 + 0.081963),0.885663 (0.803700 + 0.081963)
169,0.885663 (0.803700 + 0.081963),0.885663 (0.803700 + 0.081963),0.885663 (0.803700 + 0.081963),0.885663 (0.803700 + 0.081963),0.885663 (0.803700 + 0.081963),0.885663 (0.803700 + 0.081963),0.885663 (0.803700 + 0.081963),0.885663 (0.803700 + 0.081963),0.885663 (0.803700 + 0.081963),0.885663 (0.803700 + 0.081963),0.885663 (0.803700 + 0.081963),0.885663 (0.803700 + 0.081963),0.885663 (0.803700 + 0.081963),0.869487 (0.787500 + 0.081987),0.885663 (0.803700 + 0.081963),0.885663 (0.803700 + 0.081963),0.885663 (0.803700 + 0.081963),0.865745 (0.783900 + 0.081845),0.885663 (0.803700 + 0.081963),0.885663 (0.803700 + 0.081963),0.885663 (0.803700 + 0.081963),0.885663 (0.803700 + 0.081963),0.885663 (0.803700 + 0.081963),0.885663 (0.803700 + 0.081963),0.885663 (0.803700 + 0.081963),0.885663 (0.803700 + 0.081963),0.885663 (0.803700 + 0.081963),0.885663 (0.803700 + 0.081963),0.885663 (0.803700 + 0.081963),0.885663 (0.803700 + 0.081963),0.885663 (0.803700 + 0.081963),0.885663 (0.803700 + 0.081963),0.885663 (0.803700 + 0.081963),0.885663 (0.803700 + 0.081963),0.885663 (0.803700 + 0.081963),0.885663 (0.803700 + 0.081963),0.885663 (0.803700 + 0.081963),0.885663 (0.803700 + 0.081963),0.885663 (0.803700 + 0.081963),0.885663 (0.803700 + 0.081963),0.885663 (0.803700 + 0.081963),0.865702 (0.783900 + 0.081802),0.885663 (0.803700 + 0.081963),0.875706 (0.793800 + 0.081906),0.885663 (0.803700 + 0.081963),0.885663 (0.803700 + 0.081963),0.885663 (0.803700 + 0.081963),0.885663 (0.803700 + 0.081963),0.885663 (0.803700 + 0.081963),0.885663 (0.803700 + 0.081963),0.864843 (0.783000 + 0.081843),0.885663 (0.803700 + 0.081963),0.885663 (0.803700 + 0.081963),0.855955 (0.774000 + 0.081955),0.885663 (0.803700 + 0.081963),0.885663 (0.803700 + 0.081963),0.885663 (0.803700 + 0.081963),0.885663 (0.803700 + 0.081963),0.885663 (0.803700 + 0.081963),0.885663 (0.803700 + 0.081963),0.850547 (0.768600 + 0.081947),0.871198 (0.789300 + 0.081898),0.879356 (0.797400 + 0.081956),0.885663 (0.803700 + 0.081963),0.885663 (0.803700 + 0.081963),0.885663 (0.803700 + 0.081963),0.885663 (0.803700 + 0.081963),0.885663 (0.803700 + 0.081963),0.885663 (0.803700 + 0.081963),0.885663 (0.803700 + 0.081963),0.885663 (0.803700 + 0.081963),0.885663 (0.803700 + 0.081963),0.885663 (0.803700 + 0.081963),0.885663 (0.803700 + 0.081963),0.885663 (0.803700 + 0.081963),0.885663 (0.803700 + 0.081963),0.885663 (0.803700 + 0.081963),0.885663 (0.803700 + 0.081963),0.885663 (0.803700 + 0.081963),0.885663 (0.803700 + 0.081963),0.885663 (0.803700 + 0.081963),0.885663 (0.803700 + 0.081963),0.885663 (0.803700 + 0.081963),0.885663 (0.803700 + 0.081963),0.885663 (0.803700 + 0.081963),0.885663 (0.803700 + 0.081963),0.885663 (0.803700 + 0.081963),0.884776 (0.802800 + 0.081976),0.873931 (0.792000 + 0.081931),0.885663 (0.803700 + 0.081963),0.885663 (0.803700 + 0.081963),0.885663 (0.803700 + 0.081963),0.885663 (0.803700 + 0.081963),0.885663 (0.803700 + 0.081963),0.885663 (0.803700 + 0.081963),0.885663 (0.803700 + 0.081963),0.885663 (0.803700 + 0.081963),0.885663 (0.803700 + 0.081963),0.885663 (0.803700 + 0.081963),0.868372 (0.786600 + 0.081772)
170,0.885663 (0.803700 + 0.081963),0.885663 (0.803700 + 0.081963),0.885663 (0.803700 + 0.081963),0.880277 (0.798300 + 0.081977),0.885663 (0.803700 + 0.081963),0.885663 (0.803700 + 0.081963),0.885663 (0.803700 + 0.081963),0.885663 (0.803700 + 0.081963),0.885663 (0.803700 + 0.081963),0.885663 (0.803700 + 0.081963),0.885663 (0.803700 + 0.081963),0.885663 (0.803700 + 0.081963),0.885663 (0.803700 + 0.081963),0.885663 (0.803700 + 0.081963),0.885663 (0.803700 + 0.081963),0.885663 (0.803700 + 0.081963),0.885663 (0.803700 + 0.081963),0.867655 (0.785700 + 0.081955),0.885663 (0.803700 + 0.081963),0.885663 (0.803700 + 0.081963),0.885663 (0.803700 + 0.081963),0.885663 (0.803700 + 0.081963),0.885663 (0.803700 + 0.081963),0.885663 (0.803700 + 0.081963),0.885663 (0.803700 + 0.081963),0.885663 (0.803700 + 0.081963),0.864232 (0.782100 + 0.082132),0.885663 (0.803700 + 0.081963),0.885663 (0.803700 + 0.081963),0.885663 (0.803700 + 0.081963),0.861405 (0.779400 + 0.082005),0.885663 (0.803700 + 0.081963),0.885663 (0.803700 + 0.081963),0.885663 (0.803700 + 0.081963),0.885663 (0.803700 + 0.081963),0.885663 (0.803700 + 0.081963),0.885663 (0.803700 + 0.081963),0.885663 (0.803700 + 0.081963),0.885663 (0.803700 + 0.081963),0.885663 (0.803700 + 0.081963),0.885663 (0.803700 + 0.081963),0.875801 (0.793800 + 0.082001),0.885663 (0.803700 + 0.081963),0.885663 (0.803700 + 0.081963),0.885663 (0.803700 + 0.081963),0.885663 (0.803700 + 0.081963),0.885663 (0.803700 + 0.081963),0.885663 (0.803700 + 0.081963),0.885663 (0.803700 + 0.081963),0.885663 (0.803700 + 0.081963),0.885663 (0.803700 + 0.081963),0.863975 (0.782100 + 0.081874),0.885663 (0.803700 + 0.081963),0.885663 (0.803700 + 0.081963),0.885663 (0.803700 + 0.081963),0.885663 (0.803700 + 0.081963),0.885663 (0.803700 + 0.081963),0.885663 (0.803700 + 0.081963),0.885663 (0.803700 + 0.081963),0.885663 (0.803700 + 0.081963),0.885663 (0.803700 + 0.081963),0.885663 (0.803700 + 0.081963),0.861126 (0.779400 + 0.081726),0.885663 (0.803700 + 0.081963),0.885663 (0.803700 + 0.081963),0.885663 (0.803700 + 0.081963),0.866723 (0.784800 + 0.081923),0.885663 (0.803700 + 0.081963),0.885663 (0.803700 + 0.081963),0.885663 (0.803700 + 0.081963),0.885663 (0.803700 + 0.081963),0.885663 (0.803700 + 0.081963),0.885663 (0.803700 + 0.081963),0.885663 (0.803700 + 0.081963),0.885663 (0.803700 + 0.081963),0.885663 (0.803700 + 0.081963),0.885663 (0.803700 + 0.081963),0.885663 (0.803700 + 0.081963),0.885663 (0.803700 + 0.081963),0.885663 (0.803700 + 0.081963),0.885663 (0.803700 + 0.081963),0.885663 (0.803700 + 0.081963),0.860586 (0.778500 + 0.082086),0.872024 (0.790200 + 0.081824),0.885663 (0.803700 + 0.081963),0.885663 (0.803700 + 0.081963),0.885663 (0.803700 + 0.081963),0.885663 (0.803700 + 0.081963),0.885663 (0.803700 + 0.081963),0.885663 (0.803700 + 0.081963),0.885663 (0.803700 + 0.081963),0.885663 (0.803700 + 0.081963),0.864122 (0.782100 + 0.082022),0.885663 (0.803700 + 0.081963),0.885663 (0.803700 + 0.081963),0.885663 (0.803700 + 0.081963),0.885663 (0.803700 + 0.081963),0.885663 (0.803700 + 0.081963),0.885663 (0.803700 + 0.081963),0.885663 (0.803700 + 0.081963)
171,0.885663 (0.803700 + 0.081963),0.885663 (0.803700 + 0.081963),0.885663 (0.803700 + 0.081963),0.885663 (0.803700 + 0.081963),0.885663 (0.803700 + 0.081963),0.885663 (0.803700 + 0.081963),0.885663 (0.803700 + 0.081963),0.885663 (0.803700 + 0.081963),0.885663 (0.803700 + 0.081963),0.885663 (0.803700 + 0.081963),0.885663 (0.803700 + 0.081963),0.885663 (0.803700 + 0.081963),0.885663 (0.803700 + 0.081963),0.885663 (0.803700 + 0.081963),0.885663 (0.803700 + 0.081963),0.885663 (0.803700 + 0.081963),0.885663 (0.803700 + 0.081963),0.885663 (0.803700 + 0.081963),0.885663 (0.803700 + 0.081963),0.885663 (0.803700 + 0.081963),0.885663 (0.803700 + 0.081963),0.873831 (0.792000 + 0.081831),0.885663 (0.803700 + 0.081963),0.885663 (0.803700 + 0.081963),0.885663 (0.803700 + 0.081963),0.885663 (0.803700 + 0.081963),0.885663 (0.803700 + 0.081963),0.885663 (0.803700 + 0.081963),0.885663 (0.803700 + 0.081963),0.885663 (0.803700 + 0.081963),0.885663 (0.803700 + 0.081963),0.885663 (0.803700 + 0.081963),0.885663 (0.803700 + 0.081963),0.885663 (0.803700 + 0.081963),0.885663 (0.803700 + 0.081963),0.885663 (0.803700 + 0.081963),0.885663 (0.803700 + 0.081963),0.872928 (0.791100 + 0.081828),0.882959 (0.801000 + 0.081959),0.885663 (0.803700 + 0.081963),0.885663 (0.803700 + 0.081963),0.885663 (0.803700 + 0.081963),0.869344 (0.787500 + 0.081844),0.885663 (0.803700 + 0.081963),0.885663 (0.803700 + 0.081963),0.885663 (0.803700 + 0.081963),0.885663 (0.803700 + 0.081963),0.885663 (0.803700 + 0.081963),0.885663 (0.803700 + 0.081963),0.885663 (0.803700 + 0.081963),0.885663 (0.803700 + 0.081963),0.885663 (0.803700 + 0.081963),0.885663 (0.803700 + 0.081963),0.864941 (0.783000 + 0.081942),0.885663 (0.803700 + 0.081963),0.885663 (0.803700 + 0.081963),0.869322 (0.787500 + 0.081822),0.885663 (0.803700 + 0.081963),0.885663 (0.803700 + 0.081963),0.885663 (0.803700 + 0.081963),0.885663 (0.803700 + 0.081963),0.885663 (0.803700 + 0.081963),0.885663 (0.803700 + 0.081963),0.872905 (0.791100 + 0.081805),0.885663 (0.803700 + 0.081963),0.885663 (0.803700 + 0.081963),0.885663 (0.803700 + 0.081963),0.885663 (0.803700 + 0.081963),0.885663 (0.803700 + 0.081963),0.868335 (0.786600 + 0.081735),0.885663 (0.803700 + 0.081963),0.861331 (0.779400 + 0.081931),0.885663 (0.803700 + 0.081963),0.885663 (0.803700 + 0.081963),0.861301 (0.779400 + 0.081901),0.878455 (0.796500 + 0.081955),0.885663 (0.803700 + 0.081963),0.885663 (0.803700 + 0.081963),0.885663 (0.803700 + 0.081963),0.862049 (0.780300 + 0.081749),0.885663 (0.803700 + 0.081963),0.885663 (0.803700 + 0.081963),0.885663 (0.803700 + 0.081963),0.885663 (0.803700 + 0.081963),0.885663 (0.803700 + 0.081963),0.885663 (0.803700 + 0.081963),0.885663 (0.803700 + 0.081963),0.885663 (0.803700 + 0.081963),0.885663 (0.803700 + 0.081963),0.885663 (0.803700 + 0.081963),0.885663 (0.803700 + 0.081963),0.885663 (0.803700 + 0.081963),0.885663 (0.803700 + 0.081963),0.871200 (0.789300 + 0.081900),0.877618 (0.795600 + 0.082018),0.885663 (0.803700 + 0.081963),0.885663 (0.803700 + 0.081963),0.874892 (0.792900 + 0.081992),0.864894 (0.783000 + 0.081894),0.885663 (0.803700 + 0.081963)
172,0.885663 (0.803700 + 0.081963),0.885663 (0.803700 + 0.081963),0.885663 (0.803700 + 0.081963),0.885663 (0.803700 + 0.081963),0.885663 (0.803700 + 0.081963),0.885663 (0.803700 + 0.081963),0.885663 (0.803700 + 0.081963),0.885663 (0.803700 + 0.081963),0.885663 (0.803700 + 0.081963),0.885663 (0.803700 + 0.081963),0.885663 (0.803700 + 0.081963),0.885663 (0.803700 + 0.081963),0.885663 (0.803700 + 0.081963),0.885663 (0.803700 + 0.081963),0.865022 (0.783000 + 0.082023),0.885663 (0.803700 + 0.081963),0.885663 (0.803700 + 0.081963),0.862160 (0.780300 + 0.081860),0.885663 (0.803700 + 0.081963),0.885663 (0.803700 + 0.081963),0.885663 (0.803700 + 0.081963),0.885663 (0.803700 + 0.081963),0.885663 (0.803700 + 0.081963),0.885663 (0.803700 + 0.081963),0.885663 (0.803700 + 0.081963),0.870375 (0.788400 + 0.081975),0.868639 (0.786600 + 0.082039),0.867777 (0.785700 + 0.082077),0.885663 (0.803700 + 0.081963),0.885663 (0.803700 + 0.081963),0.885663 (0.803700 + 0.081963),0.885663 (0.803700 + 0.081963),0.885663 (0.803700 + 0.081963),0.885663 (0.803700 + 0.081963),0.885663 (0.803700 + 0.081963),0.885663 (0.803700 + 0.081963),0.885663 (0.803700 + 0.081963),0.885663 (0.803700 + 0.081963),0.885663 (0.803700 + 0.081963),0.881076 (0.799200 + 0.081876),0.873031 (0.791100 + 0.081931),0.853440 (0.771300 + 0.082140),0.885663 (0.803700 + 0.081963),0.874808 (0.792900 + 0.081908),0.885663 (0.803700 + 0.081963),0.885663 (0.803700 + 0.081963),0.885663 (0.803700 + 0.081963),0.885663 (0.803700 + 0.081963),0.885663 (0.803700 + 0.081963),0.885663 (0.803700 + 0.081963),0.870318 (0.788400 + 0.081918),0.885663 (0.803700 + 0.081963),0.885663 (0.803700 + 0.081963),0.885663 (0.803700 + 0.081963),0.885663 (0.803700 + 0.081963),0.862862 (0.781200 + 0.081662),0.885663 (0.803700 + 0.081963),0.885663 (0.803700 + 0.081963),0.885663 (0.803700 + 0.081963),0.885663 (0.803700 + 0.081963),0.868500 (0.786600 + 0.081900),0.885663 (0.803700 + 0.081963),0.885663 (0.803700 + 0.081963),0.885663 (0.803700 + 0.081963),0.885663 (0.803700 + 0.081963),0.885663 (0.803700 + 0.081963),0.885663 (0.803700 + 0.081963),0.885663 (0.803700 + 0.081963),0.885663 (0.803700 + 0.081963),0.869482 (0.787500 + 0.081982),0.885663 (0.803700 + 0.081963),0.885663 (0.803700 + 0.081963),0.863077 (0.781200 + 0.081878),0.885663 (0.803700 + 0.081963),0.885663 (0.803700 + 0.081963),0.885663 (0.803700 + 0.081963),0.885663 (0.803700 + 0.081963),0.868500 (0.786600 + 0.081900),0.885663 (0.803700 + 0.081963),0.885663 (0.803700 + 0.081963),0.885663 (0.803700 + 0.081963),0.885663 (0.803700 + 0.081963),0.885663 (0.803700 + 0.081963),0.885663 (0.803700 + 0.081963),0.885663 (0.803700 + 0.081963),0.885663 (0.803700 + 0.081963),0.885663 (0.803700 + 0.081963),0.885663 (0.803700 + 0.081963),0.869379 (0.787500 + 0.081879),0.863915 (0.782100 + 0.081815),0.885663 (0.803700 + 0.081963),0.885663 (0.803700 + 0.081963),0.885663 (0.803700 + 0.081963),0.885663 (0.803700 + 0.081963),0.885663 (0.803700 + 0.081963),0.885663 (0.803700 + 0.081963),0.885663 (0.803700 + 0.081963),0.873761 (0.792000 + 0.081761),0.885663 (0.803700 + 0.081963),0.885663 (0.803700 + 0.081963)
173,0.885663 (0.803700 + 0.081963),0.885663 (0.803700 + 0.081963),0.885663 (0.803700 + 0.081963),0.871181 (0.789300 + 0.081881),0.885663 (0.803700 + 0.081963),0.885663 (0.803700 + 0.081963),0.885663 (0.803700 + 0.081963),0.885663 (0.803700 + 0.081963),0.885663 (0.803700 + 0.081963),0.885663 (0.803700 + 0.081963),0.885663 (0.803700 + 0.081963),0.885663 (0.803700 + 0.081963),0.885663 (0.803700 + 0.081963),0.885663 (0.803700 + 0.081963),0.885663 (0.803700 + 0.081963),0.885663 (0.803700 + 0.081963),0.885663 (0.803700 + 0.081963),0.885663 (0.803700 + 0.081963),0.885663 (0.803700 + 0.081963),0.885663 (0.803700 + 0.081963),0.885663 (0.803700 + 0.081963),0.885663 (0.803700 + 0.081963),0.885663 (0.803700 + 0.081963),0.885663 (0.803700 + 0.081963),0.885663 (0.803700 + 0.081963),0.865808 (0.783900 + 0.081908),0.885663 (0.803700 + 0.081963),0.885663 (0.803700 + 0.081963),0.885663 (0.803700 + 0.081963),0.885663 (0.803700 + 0.081963),0.857802 (0.775800 + 0.082002),0.853160 (0.771300 + 0.081860),0.881138 (0.799200 + 0.081938),0.885663 (0.803700 + 0.081963),0.885663 (0.803700 + 0.081963),0.885663 (0.803700 + 0.081963),0.885663 (0.803700 + 0.081963),0.885663 (0.803700 + 0.081963),0.885663 (0.803700 + 0.081963),0.885663 (0.803700 + 0.081963),0.885663 (0.803700 + 0.081963),0.885663 (0.803700 + 0.081963),0.885663 (0.803700 + 0.081963),0.885663 (0.803700 + 0.081963),0.881076 (0.799200 + 0.081876),0.885663 (0.803700 + 0.081963),0.885663 (0.803700 + 0.081963),0.885663 (0.803700 + 0.081963),0.885663 (0.803700 + 0.081963),0.885663 (0.803700 + 0.081963),0.885663 (0.803700 + 0.081963),0.865792 (0.783900 + 0.081892),0.885663 (0.803700 + 0.081963),0.885663 (0.803700 + 0.081963),0.885663 (0.803700 + 0.081963),0.885663 (0.803700 + 0.081963),0.885663 (0.803700 + 0.081963),0.885663 (0.803700 + 0.081963),0.885663 (0.803700 + 0.081963),0.885663 (0.803700 + 0.081963),0.885663 (0.803700 + 0.081963),0.885663 (0.803700 + 0.081963),0.885663 (0.803700 + 0.081963),0.885663 (0.803700 + 0.081963),0.885663 (0.803700 + 0.081963),0.885663 (0.803700 + 0.081963),0.885663 (0.803700 + 0.081963),0.885663 (0.803700 + 0.081963),0.885663 (0.803700 + 0.081963),0.885663 (0.803700 + 0.081963),0.885663 (0.803700 + 0.081963),0.885663 (0.803700 + 0.081963),0.885663 (0.803700 + 0.081963),0.885663 (0.803700 + 0.081963),0.885663 (0.803700 + 0.081963),0.865729 (0.783900 + 0.081829),0.885663 (0.803700 + 0.081963),0.861339 (0.779400 + 0.081939),0.885663 (0.803700 + 0.081963),0.885663 (0.803700 + 0.081963),0.885663 (0.803700 + 0.081963),0.862965 (0.781200 + 0.081765),0.885663 (0.803700 + 0.081963),0.885663 (0.803700 + 0.081963),0.885663 (0.803700 + 0.081963),0.885663 (0.803700 + 0.081963),0.885663 (0.803700 + 0.081963),0.881125 (0.799200 + 0.081925),0.885663 (0.803700 + 0.081963),0.885663 (0.803700 + 0.081963),0.885663 (0.803700 + 0.081963),0.885663 (0.803700 + 0.081963),0.885663 (0.803700 + 0.081963),0.876675 (0.794700 + 0.081975),0.885663 (0.803700 + 0.081963),0.885663 (0.803700 + 0.081963),0.885663 (0.803700 + 0.081963),0.885663 (0.803700 + 0.081963),0.885663 (0.803700 + 0.081963),0.885663 (0.803700 + 0.081963)
174,0.885663 (0.803700 + 0.081963),0.885663 (0.803700 + 0.081963),0.885663 (0.803700 + 0.081963),0.885663 (0.803700 + 0.081963),0.885663 (0.803700 + 0.081963),0.885663 (0.803700 + 0.081963),0.885663 (0.803700 + 0.081963),0.885663 (0.803700 + 0.081963),0.861339 (0.779400 + 0.081939),0.865844 (0.783900 + 0.081944),0.885663 (0.803700 + 0.081963),0.885663 (0.803700 + 0.081963),0.885663 (0.803700 + 0.081963),0.885663 (0.803700 + 0.081963),0.885663 (0.803700 + 0.081963),0.885663 (0.803700 + 0.081963),0.885663 (0.803700 + 0.081963),0.885663 (0.803700 + 0.081963),0.885663 (0.803700 + 0.081963),0.885663 (0.803700 + 0.081963),0.885663 (0.803700 + 0.081963),0.885663 (0.803700 + 0.081963),0.885663 (0.803700 + 0.081963),0.885663 (0.803700 + 0.081963),0.881076 (0.799200 + 0.081876),0.885663 (0.803700 + 0.081963),0.885663 (0.803700 + 0.081963),0.885663 (0.803700 + 0.081963),0.885663 (0.803700 + 0.081963),0.885663 (0.803700 + 0.081963),0.885663 (0.803700 + 0.081963),0.873114 (0.791100 + 0.082014),0.885663 (0.803700 + 0.081963),0.885663 (0.803700 + 0.081963),0.885663 (0.803700 + 0.081963),0.885663 (0.803700 + 0.081963),0.885663 (0.803700 + 0.081963),0.885663 (0.803700 + 0.081963),0.885663 (0.803700 + 0.081963),0.885663 (0.803700 + 0.081963),0.885663 (0.803700 + 0.081963),0.885663 (0.803700 + 0.081963),0.885663 (0.803700 + 0.081963),0.885663 (0.803700 + 0.081963),0.885663 (0.803700 + 0.081963),0.885663 (0.803700 + 0.081963),0.885663 (0.803700 + 0.081963),0.885663 (0.803700 + 0.081963),0.870476 (0.788400 + 0.082076),0.872800 (0.791100 + 0.081700),0.885663 (0.803700 + 0.081963),0.863957 (0.782100 + 0.081857),0.885663 (0.803700 + 0.081963),0.885663 (0.803700 + 0.081963),0.885663 (0.803700 + 0.081963),0.858642 (0.776700 + 0.081942),0.864056 (0.782100 + 0.081956),0.885663 (0.803700 + 0.081963),0.885663 (0.803700 + 0.081963),0.885663 (0.803700 + 0.081963),0.881009 (0.799200 + 0.081809),0.885663 (0.803700 + 0.081963),0.861209 (0.779400 + 0.081809),0.885663 (0.803700 + 0.081963),0.885663 (0.803700 + 0.081963),0.885663 (0.803700 + 0.081963),0.885663 (0.803700 + 0.081963),0.885663 (0.803700 + 0.081963),0.885663 (0.803700 + 0.081963),0.885663 (0.803700 + 0.081963),0.885663 (0.803700 + 0.081963),0.885663 (0.803700 + 0.081963),0.864814 (0.783000 + 0.081814),0.885663 (0.803700 + 0.081963),0.876706 (0.794700 + 0.082007),0.873134 (0.791100 + 0.082034),0.885663 (0.803700 + 0.081963),0.865766 (0.783900 + 0.081866),0.885663 (0.803700 + 0.081963),0.885663 (0.803700 + 0.081963),0.885663 (0.803700 + 0.081963),0.885663 (0.803700 + 0.081963),0.885663 (0.803700 + 0.081963),0.885663 (0.803700 + 0.081963),0.885663 (0.803700 + 0.081963),0.885663 (0.803700 + 0.081963),0.885663 (0.803700 + 0.081963),0.885663 (0.803700 + 0.081963),0.860456 (0.778500 + 0.081957),0.885663 (0.803700 + 0.081963),0.885663 (0.803700 + 0.081963),0.885663 (0.803700 + 0.081963),0.885663 (0.803700 + 0.081963),0.875760 (0.793800 + 0.081960),0.885663 (0.803700 + 0.081963),0.885663 (0.803700 + 0.081963),0.885663 (0.803700 + 0.081963),0.881138 (0.799200 + 0.081938),0.885663 (0.803700 + 0.081963),0.885663 (0.803700 + 0.081963)
175,0.885663 (0.803700 + 0.081963),0.885663 (0.803700 + 0.081963),0.885663 (0.803700 + 0.081963),0.885663 (0.803700 + 0.081963),0.885663 (0.803700 + 0.081963),0.885663 (0.803700 + 0.081963),0.885663 (0.803700 + 0.081963),0.881076 (0.799200 + 0.081876),0.885663 (0.803700 + 0.081963),0.846832 (0.765000 + 0.081832),0.885663 (0.803700 + 0.081963),0.885663 (0.803700 + 0.081963),0.885663 (0.803700 + 0.081963),0.885663 (0.803700 + 0.081963),0.885663 (0.803700 + 0.081963),0.885663 (0.803700 + 0.081963),0.885663 (0.803700 + 0.081963),0.885663 (0.803700 + 0.081963),0.885663 (0.803700 + 0.081963),0.885663 (0.803700 + 0.081963),0.885663 (0.803700 + 0.081963),0.885663 (0.803700 + 0.081963),0.885663 (0.803700 + 0.081963),0.885663 (0.803700 + 0.081963),0.885663 (0.803700 + 0.081963),0.885663 (0.803700 + 0.081963),0.885663 (0.803700 + 0.081963),0.885663 (0.803700 + 0.081963),0.885663 (0.803700 + 0.081963),0.885663 (0.803700 + 0.081963),0.885663 (0.803700 + 0.081963),0.885663 (0.803700 + 0.081963),0.885663 (0.803700 + 0.081963),0.885663 (0.803700 + 0.081963),0.885663 (0.803700 + 0.081963),0.885663 (0.803700 + 0.081963),0.885663 (0.803700 + 0.081963),0.864736 (0.783000 + 0.081736),0.885663 (0.803700 + 0.081963),0.885663 (0.803700 + 0.081963),0.885663 (0.803700 + 0.081963),0.885663 (0.803700 + 0.081963),0.874794 (0.792900 + 0.081894),0.885663 (0.803700 + 0.081963),0.885663 (0.803700 + 0.081963),0.885663 (0.803700 + 0.081963),0.885663 (0.803700 + 0.081963),0.885663 (0.803700 + 0.081963),0.885663 (0.803700 + 0.081963),0.885663 (0.803700 + 0.081963),0.885663 (0.803700 + 0.081963),0.883834 (0.801900 + 0.081934),0.881938 (0.800100 + 0.081838),0.885663 (0.803700 + 0.081963),0.885663 (0.803700 + 0.081963),0.885663 (0.803700 + 0.081963),0.885663 (0.803700 + 0.081963),0.885663 (0.803700 + 0.081963),0.885663 (0.803700 + 0.081963),0.885663 (0.803700 + 0.081963),0.885663 (0.803700 + 0.081963),0.885663 (0.803700 + 0.081963),0.885663 (0.803700 + 0.081963),0.885663 (0.803700 + 0.081963),0.885663 (0.803700 + 0.081963),0.884725 (0.802800 + 0.081925),0.880214 (0.798300 + 0.081914),0.885663 (0.803700 + 0.081963),0.885663 (0.803700 + 0.081963),0.873065 (0.791100 + 0.081965),0.885663 (0.803700 + 0.081963),0.885663 (0.803700 + 0.081963),0.874883 (0.792900 + 0.081983),0.885663 (0.803700 + 0.081963),0.885663 (0.803700 + 0.081963),0.885663 (0.803700 + 0.081963),0.885663 (0.803700 + 0.081963),0.885663 (0.803700 + 0.081963),0.885663 (0.803700 + 0.081963),0.885663 (0.803700 + 0.081963),0.862298 (0.780300 + 0.081998),0.885663 (0.803700 + 0.081963),0.885663 (0.803700 + 0.081963),0.885663 (0.803700 + 0.081963),0.885663 (0.803700 + 0.081963),0.885663 (0.803700 + 0.081963),0.885663 (0.803700 + 0.081963),0.859548 (0.777600 + 0.081948),0.885663 (0.803700 + 0.081963),0.885663 (0.803700 + 0.081963),0.885663 (0.803700 + 0.081963),0.885663 (0.803700 + 0.081963),0.885663 (0.803700 + 0.081963),0.885663 (0.803700 + 0.081963),0.885663 (0.803700 + 0.081963),0.885663 (0.803700 + 0.081963),0.874614 (0.792900 + 0.081715),0.885663 (0.803700 + 0.081963),0.885663 (0.803700 + 0.081963),0.885663 (0.803700 + 0.081963)
176,0.885663 (0.803700 + 0.081963),0.885663 (0.803700 + 0.081963),0.885663 (0.803700 + 0.081963),0.885663 (0.803700 + 0.081963),0.876504 (0.794700 + 0.081804),0.885663 (0.803700 + 0.081963),0.885663 (0.803700 + 0.081963),0.866724 (0.784800 + 0.081925),0.881076 (0.799200 + 0.081876),0.885663 (0.803700 + 0.081963),0.885663 (0.803700 + 0.081963),0.885663 (0.803700 + 0.081963),0.885663 (0.803700 + 0.081963),0.885663 (0.803700 + 0.081963),0.885663 (0.803700 + 0.081963),0.885663 (0.803700 + 0.081963),0.885663 (0.803700 + 0.081963),0.885663 (0.803700 + 0.081963),0.885663 (0.803700 + 0.081963),0.885663 (0.803700 + 0.081963),0.862231 (0.780300 + 0.081931),0.885663 (0.803700 + 0.081963),0.885663 (0.803700 + 0.081963),0.885663 (0.803700 + 0.081963),0.885663 (0.803700 + 0.081963),0.885663 (0.803700 + 0.081963),0.885663 (0.803700 + 0.081963),0.885663 (0.803700 + 0.081963),0.863239 (0.781200 + 0.082039),0.885663 (0.803700 + 0.081963),0.885663 (0.803700 + 0.081963),0.885663 (0.803700 + 0.081963),0.885663 (0.803700 + 0.081963),0.885663 (0.803700 + 0.081963),0.885663 (0.803700 + 0.081963),0.885663 (0.803700 + 0.081963),0.885663 (0.803700 + 0.081963),0.885663 (0.803700 + 0.081963),0.885663 (0.803700 + 0.081963),0.885663 (0.803700 + 0.081963),0.885663 (0.803700 + 0.081963),0.885663 (0.803700 + 0.081963),0.885663 (0.803700 + 0.081963),0.873867 (0.792000 + 0.081867),0.885663 (0.803700 + 0.081963),0.885663 (0.803700 + 0.081963),0.885663 (0.803700 + 0.081963),0.885663 (0.803700 + 0.081963),0.885663 (0.803700 + 0.081963),0.885663 (0.803700 + 0.081963),0.885663 (0.803700 + 0.081963),0.885663 (0.803700 + 0.081963),0.850702 (0.768600 + 0.082102),0.885663 (0.803700 + 0.081963),0.885663 (0.803700 + 0.081963),0.885663 (0.803700 + 0.081963),0.885663 (0.803700 + 0.081963),0.885663 (0.803700 + 0.081963),0.885663 (0.803700 + 0.081963),0.885663 (0.803700 + 0.081963),0.876634 (0.794700 + 0.081934),0.885663 (0.803700 + 0.081963),0.856683 (0.774900 + 0.081783),0.885663 (0.803700 + 0.081963),0.885663 (0.803700 + 0.081963),0.885663 (0.803700 + 0.081963),0.884725 (0.802800 + 0.081925),0.885663 (0.803700 + 0.081963),0.885663 (0.803700 + 0.081963),0.885663 (0.803700 + 0.081963),0.885663 (0.803700 + 0.081963),0.885663 (0.803700 + 0.081963),0.885663 (0.803700 + 0.081963),0.885663 (0.803700 + 0.081963),0.885663 (0.803700 + 0.081963),0.885663 (0.803700 + 0.081963),0.885663 (0.803700 + 0.081963),0.885663 (0.803700 + 0.081963),0.885663 (0.803700 + 0.081963),0.862237 (0.780300 + 0.081937),0.885663 (0.803700 + 0.081963),0.885663 (0.803700 + 0.081963),0.885663 (0.803700 + 0.081963),0.885663 (0.803700 + 0.081963),0.885663 (0.803700 + 0.081963),0.885663 (0.803700 + 0.081963),0.885663 (0.803700 + 0.081963),0.885663 (0.803700 + 0.081963),0.885663 (0.803700 + 0.081963),0.885663 (0.803700 + 0.081963),0.885663 (0.803700 + 0.081963),0.885663 (0.803700 + 0.081963),0.863191 (0.781200 + 0.081992),0.885663 (0.803700 + 0.081963),0.885663 (0.803700 + 0.081963),0.865683 (0.783900 + 0.081783),0.867638 (0.785700 + 0.081938),0.873941 (0.792000 + 0.081941),0.885663 (0.803700 + 0.081963),0.885663 (0.803700 + 0.081963)
177,0.885663 (0.803700 + 0.081963),0.885663 (0.803700 + 0.081963),0.885663 (0.803700 + 0.081963),0.864011 (0.782100 + 0.081911),0.885663 (0.803700 + 0.081963),0.885663 (0.803700 + 0.081963),0.885663 (0.803700 + 0.081963),0.885663 (0.803700 + 0.081963),0.885663 (0.803700 + 0.081963),0.885663 (0.803700 + 0.081963),0.885663 (0.803700 + 0.081963),0.863931 (0.782100 + 0.081831),0.885663 (0.803700 + 0.081963),0.885663 (0.803700 + 0.081963),0.885663 (0.803700 + 0.081963),0.885663 (0.803700 + 0.081963),0.885663 (0.803700 + 0.081963),0.885663 (0.803700 + 0.081963),0.885663 (0.803700 + 0.081963),0.885663 (0.803700 + 0.081963),0.885663 (0.803700 + 0.081963),0.860374 (0.778500 + 0.081874),0.885663 (0.803700 + 0.081963),0.885663 (0.803700 + 0.081963),0.885663 (0.803700 + 0.081963),0.885663 (0.803700 + 0.081963),0.885663 (0.803700 + 0.081963),0.885663 (0.803700 + 0.081963),0.885663 (0.803700 + 0.081963),0.885663 (0.803700 + 0.081963),0.885663 (0.803700 + 0.081963),0.885663 (0.803700 + 0.081963),0.885663 (0.803700 + 0.081963),0.867650 (0.785700 + 0.081950),0.885663 (0.803700 + 0.081963),0.885663 (0.803700 + 0.081963),0.885663 (0.803700 + 0.081963),0.885663 (0.803700 + 0.081963),0.866529 (0.784800 + 0.081729),0.885663 (0.803700 + 0.081963),0.885663 (0.803700 + 0.081963),0.885663 (0.803700 + 0.081963),0.885663 (0.803700 + 0.081963),0.885663 (0.803700 + 0.081963),0.867656 (0.785700 + 0.081956),0.885663 (0.803700 + 0.081963),0.885663 (0.803700 + 0.081963),0.864000 (0.782100 + 0.081900),0.885663 (0.803700 + 0.081963),0.885663 (0.803700 + 0.081963),0.885663 (0.803700 + 0.081963),0.885663 (0.803700 + 0.081963),0.885663 (0.803700 + 0.081963),0.885663 (0.803700 + 0.081963),0.885663 (0.803700 + 0.081963),0.885663 (0.803700 + 0.081963),0.885663 (0.803700 + 0.081963),0.885663 (0.803700 + 0.081963),0.885663 (0.803700 + 0.081963),0.885663 (0.803700 + 0.081963),0.885663 (0.803700 + 0.081963),0.885663 (0.803700 + 0.081963),0.863937 (0.782100 + 0.081837),0.885663 (0.803700 + 0.081963),0.885663 (0.803700 + 0.081963),0.885663 (0.803700 + 0.081963),0.885663 (0.803700 + 0.081963),0.885663 (0.803700 + 0.081963),0.885663 (0.803700 + 0.081963),0.885663 (0.803700 + 0.081963),0.885663 (0.803700 + 0.081963),0.885663 (0.803700 + 0.081963),0.885663 (0.803700 + 0.081963),0.885663 (0.803700 + 0.081963),0.885663 (0.803700 + 0.081963),0.885663 (0.803700 + 0.081963),0.885663 (0.803700 + 0.081963),0.885663 (0.803700 + 0.081963),0.885663 (0.803700 + 0.081963),0.885663 (0.803700 + 0.081963),0.885663 (0.803700 + 0.081963),0.885663 (0.803700 + 0.081963),0.885663 (0.803700 + 0.081963),0.885663 (0.803700 + 0.081963),0.885663 (0.803700 + 0.081963),0.885663 (0.803700 + 0.081963),0.885663 (0.803700 + 0.081963),0.885663 (0.803700 + 0.081963),0.885663 (0.803700 + 0.081963),0.869355 (0.787500 + 0.081855),0.885663 (0.803700 + 0.081963),0.885663 (0.803700 + 0.081963),0.885663 (0.803700 + 0.081963),0.873105 (0.791100 + 0.082005),0.881099 (0.799200 + 0.081899),0.885663 (0.803700 + 0.081963),0.885663 (0.803700 + 0.081963),0.885663 (0.803700 + 0.081963),0.885663 (0.803700 + 0.081963),0.885663 (0.803700 + 0.081963)
178,0.885663 (0.803700 + 0.081963),0.885663 (0.803700 + 0.081963),0.885663 (0.803700 + 0.081963),0.885663 (0.803700 + 0.081963),0.885663 (0.803700 + 0.081963),0.885663 (0.803700 + 0.081963),0.885663 (0.803700 + 0.081963),0.885663 (0.803700 + 0.081963),0.885663 (0.803700 + 0.081963),0.885663 (0.803700 + 0.081963),0.885663 (0.803700 + 0.081963),0.885663 (0.803700 + 0.081963),0.885663 (0.803700 + 0.081963),0.885663 (0.803700 + 0.081963),0.885663 (0.803700 + 0.081963),0.885663 (0.803700 + 0.081963),0.885663 (0.803700 + 0.081963),0.885663 (0.803700 + 0.081963),0.885663 (0.803700 + 0.081963),0.862288 (0.780300 + 0.081988),0.885663 (0.803700 + 0.081963),0.885663 (0.803700 + 0.081963),0.859415 (0.777600 + 0.081815),0.885663 (0.803700 + 0.081963),0.885663 (0.803700 + 0.081963),0.885663 (0.803700 + 0.081963),0.885663 (0.803700 + 0.081963),0.862193 (0.780300 + 0.081893),0.885663 (0.803700 + 0.081963),0.885663 (0.803700 + 0.081963),0.885663 (0.803700 + 0.081963),0.885663 (0.803700 + 0.081963),0.885663 (0.803700 + 0.081963),0.885663 (0.803700 + 0.081963),0.885663 (0.803700 + 0.081963),0.885663 (0.803700 + 0.081963),0.860553 (0.778500 + 0.082053),0.885663 (0.803700 + 0.081963),0.885663 (0.803700 + 0.081963),0.885663 (0.803700 + 0.081963),0.885663 (0.803700 + 0.081963),0.885663 (0.803700 + 0.081963),0.885663 (0.803700 + 0.081963),0.885663 (0.803700 + 0.081963),0.885663 (0.803700 + 0.081963),0.885663 (0.803700 + 0.081963),0.885663 (0.803700 + 0.081963),0.863082 (0.781200 + 0.081882),0.885663 (0.803700 + 0.081963),0.857548 (0.775800 + 0.081748),0.885663 (0.803700 + 0.081963),0.885663 (0.803700 + 0.081963),0.885663 (0.803700 + 0.081963),0.885663 (0.803700 + 0.081963),0.885663 (0.803700 + 0.081963),0.885663 (0.803700 + 0.081963),0.885663 (0.803700 + 0.081963),0.885663 (0.803700 + 0.081963),0.885663 (0.803700 + 0.081963),0.885663 (0.803700 + 0.081963),0.885663 (0.803700 + 0.081963),0.885663 (0.803700 + 0.081963),0.885663 (0.803700 + 0.081963),0.885663 (0.803700 + 0.081963),0.885663 (0.803700 + 0.081963),0.885663 (0.803700 + 0.081963),0.885663 (0.803700 + 0.081963),0.885663 (0.803700 + 0.081963),0.885663 (0.803700 + 0.081963),0.885663 (0.803700 + 0.081963),0.885663 (0.803700 + 0.081963),0.885663 (0.803700 + 0.081963),0.885663 (0.803700 + 0.081963),0.885663 (0.803700 + 0.081963),0.885663 (0.803700 + 0.081963),0.863162 (0.781200 + 0.081962),0.885663 (0.803700 + 0.081963),0.885663 (0.803700 + 0.081963),0.885663 (0.803700 + 0.081963),0.885663 (0.803700 + 0.081963),0.885663 (0.803700 + 0.081963),0.885663 (0.803700 + 0.081963),0.866871 (0.784800 + 0.082071),0.885663 (0.803700 + 0.081963),0.885663 (0.803700 + 0.081963),0.885663 (0.803700 + 0.081963),0.874865 (0.792900 + 0.081965),0.885663 (0.803700 + 0.081963),0.885663 (0.803700 + 0.081963),0.885663 (0.803700 + 0.081963),0.885663 (0.803700 + 0.081963),0.885663 (0.803700 + 0.081963),0.885663 (0.803700 + 0.081963),0.885663 (0.803700 + 0.081963),0.885663 (0.803700 + 0.081963),0.885663 (0.803700 + 0.081963),0.885663 (0.803700 + 0.081963),0.885663 (0.803700 + 0.081963),0.885663 (0.803700 + 0.081963),0.885663 (0.803700 + 0.081963)
179,0.885663 (0.803700 + 0.081963),0.885663 (0.803700 + 0.081963),0.885663 (0.803700 + 0.081963),0.885663 (0.803700 + 0.081963),0.885663 (0.803700 + 0.081963),0.885663 (0.803700 + 0.081963),0.885663 (0.803700 + 0.081963),0.885663 (0.803700 + 0.081963),0.885663 (0.803700 + 0.081963),0.885663 (0.803700 + 0.081963),0.885663 (0.803700 + 0.081963),0.885663 (0.803700 + 0.081963),0.885663 (0.803700 + 0.081963),0.885663 (0.803700 + 0.081963),0.885663 (0.803700 + 0.081963),0.885663 (0.803700 + 0.081963),0.885663 (0.803700 + 0.081963),0.885663 (0.803700 + 0.081963),0.871050 (0.789300 + 0.081750),0.885663 (0.803700 + 0.081963),0.885663 (0.803700 + 0.081963),0.861232 (0.779400 + 0.081832),0.885663 (0.803700 + 0.081963),0.875669 (0.793800 + 0.081869),0.885663 (0.803700 + 0.081963),0.885663 (0.803700 + 0.081963),0.885663 (0.803700 + 0.081963),0.885663 (0.803700 + 0.081963),0.885663 (0.803700 + 0.081963),0.853228 (0.771300 + 0.081929),0.885663 (0.803700 + 0.081963),0.885663 (0.803700 + 0.081963),0.885663 (0.803700 + 0.081963),0.885663 (0.803700 + 0.081963),0.885663 (0.803700 + 0.081963),0.885663 (0.803700 + 0.081963),0.885663 (0.803700 + 0.081963),0.885663 (0.803700 + 0.081963),0.885663 (0.803700 + 0.081963),0.885663 (0.803700 + 0.081963),0.885663 (0.803700 + 0.081963),0.885663 (0.803700 + 0.081963),0.885663 (0.803700 + 0.081963),0.885663 (0.803700 + 0.081963),0.863249 (0.781200 + 0.082049),0.885663 (0.803700 + 0.081963),0.885663 (0.803700 + 0.081963),0.868502 (0.786600 + 0.081902),0.885663 (0.803700 + 0.081963),0.885663 (0.803700 + 0.081963),0.885663 (0.803700 + 0.081963),0.885663 (0.803700 + 0.081963),0.885663 (0.803700 + 0.081963),0.885663 (0.803700 + 0.081963),0.885663 (0.803700 + 0.081963),0.885663 (0.803700 + 0.081963),0.885663 (0.803700 + 0.081963),0.885663 (0.803700 + 0.081963),0.885663 (0.803700 + 0.081963),0.885663 (0.803700 + 0.081963),0.885663 (0.803700 + 0.081963),0.885663 (0.803700 + 0.081963),0.885663 (0.803700 + 0.081963),0.877645 (0.795600 + 0.082045),0.885663 (0.803700 + 0.081963),0.864075 (0.782100 + 0.081975),0.885663 (0.803700 + 0.081963),0.885663 (0.803700 + 0.081963),0.885663 (0.803700 + 0.081963),0.860516 (0.778500 + 0.082016),0.881134 (0.799200 + 0.081934),0.863088 (0.781200 + 0.081889),0.885663 (0.803700 + 0.081963),0.885663 (0.803700 + 0.081963),0.885663 (0.803700 + 0.081963),0.885663 (0.803700 + 0.081963),0.885663 (0.803700 + 0.081963),0.872004 (0.790200 + 0.081804),0.885663 (0.803700 + 0.081963),0.867531 (0.785700 + 0.081831),0.885663 (0.803700 + 0.081963),0.885663 (0.803700 + 0.081963),0.885663 (0.803700 + 0.081963),0.885663 (0.803700 + 0.081963),0.866796 (0.784800 + 0.081996),0.885663 (0.803700 + 0.081963),0.885663 (0.803700 + 0.081963),0.885663 (0.803700 + 0.081963),0.885663 (0.803700 + 0.081963),0.885663 (0.803700 + 0.081963),0.867582 (0.785700 + 0.081882),0.885663 (0.803700 + 0.081963),0.885663 (0.803700 + 0.081963),0.865904 (0.783900 + 0.082004),0.885663 (0.803700 + 0.081963),0.885663 (0.803700 + 0.081963),0.885663 (0.803700 + 0.081963),0.885663 (0.803700 + 0.081963),0.869283 (0.787500 + 0.081783),0.885663 (0.803700 + 0.081963)
180,0.885663 (0.803700 + 0.081963),0.885663 (0.803700 + 0.081963),0.885663 (0.803700 + 0.081963),0.885663 (0.803700 + 0.081963),0.885663 (0.803700 + 0.081963),0.885663 (0.803700 + 0.081963),0.885663 (0.803700 + 0.081963),0.885663 (0.803700 + 0.081963),0.871050 (0.789300 + 0.081750),0.885663 (0.803700 + 0.081963),0.885663 (0.803700 + 0.081963),0.885663 (0.803700 + 0.081963),0.885663 (0.803700 + 0.081963),0.885663 (0.803700 + 0.081963),0.885663 (0.803700 + 0.081963),0.863125 (0.781200 + 0.081925),0.885663 (0.803700 + 0.081963),0.885663 (0.803700 + 0.081963),0.867607 (0.785700 + 0.081907),0.885663 (0.803700 + 0.081963),0.885663 (0.803700 + 0.081963),0.885663 (0.803700 + 0.081963),0.885663 (0.803700 + 0.081963),0.885663 (0.803700 + 0.081963),0.885663 (0.803700 + 0.081963),0.885663 (0.803700 + 0.081963),0.885663 (0.803700 + 0.081963),0.885663 (0.803700 + 0.081963),0.885663 (0.803700 + 0.081963),0.885663 (0.803700 + 0.081963),0.885663 (0.803700 + 0.081963),0.885663 (0.803700 + 0.081963),0.885663 (0.803700 + 0.081963),0.866790 (0.784800 + 0.081990),0.885663 (0.803700 + 0.081963),0.885663 (0.803700 + 0.081963),0.885663 (0.803700 + 0.081963),0.885663 (0.803700 + 0.081963),0.885663 (0.803700 + 0.081963),0.885663 (0.803700 + 0.081963),0.885663 (0.803700 + 0.081963),0.875669 (0.793800 + 0.081869),0.885663 (0.803700 + 0.081963),0.885663 (0.803700 + 0.081963),0.885663 (0.803700 + 0.081963),0.882072 (0.800100 + 0.081972),0.873861 (0.792000 + 0.081861),0.885663 (0.803700 + 0.081963),0.885663 (0.803700 + 0.081963),0.885663 (0.803700 + 0.081963),0.885663 (0.803700 + 0.081963),0.885663 (0.803700 + 0.081963),0.885663 (0.803700 + 0.081963),0.885663 (0.803700 + 0.081963),0.885663 (0.803700 + 0.081963),0.885663 (0.803700 + 0.081963),0.885663 (0.803700 + 0.081963),0.885663 (0.803700 + 0.081963),0.885663 (0.803700 + 0.081963),0.885663 (0.803700 + 0.081963),0.885663 (0.803700 + 0.081963),0.876560 (0.794700 + 0.081861),0.863930 (0.782100 + 0.081830),0.885663 (0.803700 + 0.081963),0.885663 (0.803700 + 0.081963),0.882983 (0.801000 + 0.081983),0.881226 (0.799200 + 0.082026),0.885663 (0.803700 + 0.081963),0.885663 (0.803700 + 0.081963),0.885663 (0.803700 + 0.081963),0.885663 (0.803700 + 0.081963),0.869528 (0.787500 + 0.082028),0.878484 (0.796500 + 0.081984),0.885663 (0.803700 + 0.081963),0.870256 (0.788400 + 0.081856),0.885663 (0.803700 + 0.081963),0.885663 (0.803700 + 0.081963),0.885663 (0.803700 + 0.081963),0.885663 (0.803700 + 0.081963),0.885663 (0.803700 + 0.081963),0.885663 (0.803700 + 0.081963),0.885663 (0.803700 + 0.081963),0.885663 (0.803700 + 0.081963),0.885663 (0.803700 + 0.081963),0.885663 (0.803700 + 0.081963),0.885663 (0.803700 + 0.081963),0.885663 (0.803700 + 0.081963),0.885663 (0.803700 + 0.081963),0.885663 (0.803700 + 0.081963),0.885663 (0.803700 + 0.081963),0.885663 (0.803700 + 0.081963),0.885663 (0.803700 + 0.081963),0.871101 (0.789300 + 0.081801),0.885663 (0.803700 + 0.081963),0.885663 (0.803700 + 0.081963),0.885663 (0.803700 + 0.081963),0.885663 (0.803700 + 0.081963),0.871287 (0.789300 + 0.081987),0.885663 (0.803700 + 0.081963),0.885663 (0.803700 + 0.081963)
181,0.885663 (0.803700 + 0.081963),0.885663 (0.803700 + 0.081963),0.885663 (0.803700 + 0.081963),0.885663 (0.803700 + 0.081963),0.885663 (0.803700 + 0.081963),0.885663 (0.803700 + 0.081963),0.885663 (0.803700 + 0.081963),0.873001 (0.791100 + 0.081901),0.885663 (0.803700 + 0.081963),0.885663 (0.803700 + 0.081963),0.885663 (0.803700 + 0.081963),0.885663 (0.803700 + 0.081963),0.885663 (0.803700 + 0.081963),0.885663 (0.803700 + 0.081963),0.885663 (0.803700 + 0.081963),0.885663 (0.803700 + 0.081963),0.885663 (0.803700 + 0.081963),0.877517 (0.795600 + 0.081917),0.881106 (0.799200 + 0.081906),0.885663 (0.803700 + 0.081963),0.885663 (0.803700 + 0.081963),0.885663 (0.803700 + 0.081963),0.885663 (0.803700 + 0.081963),0.885663 (0.803700 + 0.081963),0.885663 (0.803700 + 0.081963),0.885663 (0.803700 + 0.081963),0.885663 (0.803700 + 0.081963),0.873861 (0.792000 + 0.081861),0.885663 (0.803700 + 0.081963),0.885663 (0.803700 + 0.081963),0.885663 (0.803700 + 0.081963),0.885663 (0.803700 + 0.081963),0.885663 (0.803700 + 0.081963),0.885663 (0.803700 + 0.081963),0.885663 (0.803700 + 0.081963),0.885663 (0.803700 + 0.081963),0.885663 (0.803700 + 0.081963),0.885663 (0.803700 + 0.081963),0.885663 (0.803700 + 0.081963),0.885663 (0.803700 + 0.081963),0.885663 (0.803700 + 0.081963),0.885663 (0.803700 + 0.081963),0.885663 (0.803700 + 0.081963),0.867507 (0.785700 + 0.081807),0.885663 (0.803700 + 0.081963),0.869580 (0.787500 + 0.082080),0.885663 (0.803700 + 0.081963),0.857683 (0.775800 + 0.081883),0.878484 (0.796500 + 0.081984),0.885663 (0.803700 + 0.081963),0.885663 (0.803700 + 0.081963),0.885663 (0.803700 + 0.081963),0.885663 (0.803700 + 0.081963),0.885663 (0.803700 + 0.081963),0.885663 (0.803700 + 0.081963),0.885663 (0.803700 + 0.081963),0.872139 (0.790200 + 0.081939),0.885663 (0.803700 + 0.081963),0.885663 (0.803700 + 0.081963),0.885663 (0.803700 + 0.081963),0.885663 (0.803700 + 0.081963),0.885663 (0.803700 + 0.081963),0.885663 (0.803700 + 0.081963),0.885663 (0.803700 + 0.081963),0.885663 (0.803700 + 0.081963),0.885663 (0.803700 + 0.081963),0.885663 (0.803700 + 0.081963),0.885663 (0.803700 + 0.081963),0.885663 (0.803700 + 0.081963),0.885663 (0.803700 + 0.081963),0.885663 (0.803700 + 0.081963),0.885663 (0.803700 + 0.081963),0.885663 (0.803700 + 0.081963),0.854888 (0.773100 + 0.081788),0.885663 (0.803700 + 0.081963),0.872330 (0.790200 + 0.082130),0.885663 (0.803700 + 0.081963),0.885663 (0.803700 + 0.081963),0.885663 (0.803700 + 0.081963),0.885663 (0.803700 + 0.081963),0.885663 (0.803700 + 0.081963),0.867619 (0.785700 + 0.081919),0.885663 (0.803700 + 0.081963),0.885663 (0.803700 + 0.081963),0.885663 (0.803700 + 0.081963),0.885663 (0.803700 + 0.081963),0.885663 (0.803700 + 0.081963),0.885663 (0.803700 + 0.081963),0.885663 (0.803700 + 0.081963),0.885663 (0.803700 + 0.081963),0.885663 (0.803700 + 0.081963),0.885663 (0.803700 + 0.081963),0.885663 (0.803700 + 0.081963),0.873865 (0.792000 + 0.081865),0.885663 (0.803700 + 0.081963),0.868544 (0.786600 + 0.081944),0.885663 (0.803700 + 0.081963),0.885663 (0.803700 + 0.081963),0.885663 (0.803700 + 0.081963),0.885663 (0.803700 + 0.081963)
182,0.885663 (0.803700 + 0.081963),0.885663 (0.803700 + 0.081963),0.885663 (0.803700 + 0.081963),0.872081 (0.790200 + 0.081881),0.885663 (0.803700 + 0.081963),0.885663 (0.803700 + 0.081963),0.885663 (0.803700 + 0.081963),0.885663 (0.803700 + 0.081963),0.885663 (0.803700 + 0.081963),0.885663 (0.803700 + 0.081963),0.885663 (0.803700 + 0.081963),0.885663 (0.803700 + 0.081963),0.885663 (0.803700 + 0.081963),0.854115 (0.772200 + 0.081915),0.885663 (0.803700 + 0.081963),0.885663 (0.803700 + 0.081963),0.885663 (0.803700 + 0.081963),0.873987 (0.792000 + 0.081987),0.869354 (0.787500 + 0.081854),0.885663 (0.803700 + 0.081963),0.885663 (0.803700 + 0.081963),0.885663 (0.803700 + 0.081963),0.885663 (0.803700 + 0.081963),0.885663 (0.803700 + 0.081963),0.885663 (0.803700 + 0.081963),0.885663 (0.803700 + 0.081963),0.885663 (0.803700 + 0.081963),0.881225 (0.799200 + 0.082024),0.885663 (0.803700 + 0.081963),0.885663 (0.803700 + 0.081963),0.885663 (0.803700 + 0.081963),0.885663 (0.803700 + 0.081963),0.862152 (0.780300 + 0.081852),0.885663 (0.803700 + 0.081963),0.885663 (0.803700 + 0.081963),0.885663 (0.803700 + 0.081963),0.885663 (0.803700 + 0.081963),0.885663 (0.803700 + 0.081963),0.885663 (0.803700 + 0.081963),0.885663 (0.803700 + 0.081963),0.885663 (0.803700 + 0.081963),0.885663 (0.803700 + 0.081963),0.885663 (0.803700 + 0.081963),0.885663 (0.803700 + 0.081963),0.885663 (0.803700 + 0.081963),0.885663 (0.803700 + 0.081963),0.885663 (0.803700 + 0.081963),0.885663 (0.803700 + 0.081963),0.885663 (0.803700 + 0.081963),0.885663 (0.803700 + 0.081963),0.885663 (0.803700 + 0.081963),0.885663 (0.803700 + 0.081963),0.885663 (0.803700 + 0.081963),0.885663 (0.803700 + 0.081963),0.885663 (0.803700 + 0.081963),0.885663 (0.803700 + 0.081963),0.885663 (0.803700 + 0.081963),0.885663 (0.803700 + 0.081963),0.862187 (0.780300 + 0.081887),0.885663 (0.803700 + 0.081963),0.866715 (0.784800 + 0.081915),0.885663 (0.803700 + 0.081963),0.885663 (0.803700 + 0.081963),0.885663 (0.803700 + 0.081963),0.885663 (0.803700 + 0.081963),0.871063 (0.789300 + 0.081763),0.885663 (0.803700 + 0.081963),0.885663 (0.803700 + 0.081963),0.885663 (0.803700 + 0.081963),0.885663 (0.803700 + 0.081963),0.885663 (0.803700 + 0.081963),0.885663 (0.803700 + 0.081963),0.885663 (0.803700 + 0.081963),0.879329 (0.797400 + 0.081929),0.881152 (0.799200 + 0.081952),0.885663 (0.803700 + 0.081963),0.885663 (0.803700 + 0.081963),0.885663 (0.803700 + 0.081963),0.862050 (0.780300 + 0.081750),0.885663 (0.803700 + 0.081963),0.885663 (0.803700 + 0.081963),0.885663 (0.803700 + 0.081963),0.885663 (0.803700 + 0.081963),0.885663 (0.803700 + 0.081963),0.885663 (0.803700 + 0.081963),0.885663 (0.803700 + 0.081963),0.885663 (0.803700 + 0.081963),0.885663 (0.803700 + 0.081963),0.885663 (0.803700 + 0.081963),0.885663 (0.803700 + 0.081963),0.885663 (0.803700 + 0.081963),0.885663 (0.803700 + 0.081963),0.864796 (0.783000 + 0.081796),0.885663 (0.803700 + 0.081963),0.885663 (0.803700 + 0.081963),0.885663 (0.803700 + 0.081963),0.885663 (0.803700 + 0.081963),0.885663 (0.803700 + 0.081963),0.872230 (0.790200 + 0.082030),0.885663 (0.803700 + 0.081963)
183,0.885663 (0.803700 + 0.081963),0.885663 (0.803700 + 0.081963),0.885663 (0.803700 + 0.081963),0.885663 (0.803700 + 0.081963),0.885663 (0.803700 + 0.081963),0.885663 (0.803700 + 0.081963),0.881152 (0.799200 + 0.081952),0.885663 (0.803700 + 0.081963),0.885663 (0.803700 + 0.081963),0.885663 (0.803700 + 0.081963),0.885663 (0.803700 + 0.081963),0.885663 (0.803700 + 0.081963),0.885663 (0.803700 + 0.081963),0.885663 (0.803700 + 0.081963),0.885663 (0.803700 + 0.081963),0.885663 (0.803700 + 0.081963),0.885663 (0.803700 + 0.081963),0.885663 (0.803700 + 0.081963),0.885663 (0.803700 + 0.081963),0.879217 (0.797400 + 0.081817),0.871063 (0.789300 + 0.081763),0.885663 (0.803700 + 0.081963),0.885663 (0.803700 + 0.081963),0.885663 (0.803700 + 0.081963),0.885663 (0.803700 + 0.081963),0.885663 (0.803700 + 0.081963),0.874640 (0.792900 + 0.081740),0.885663 (0.803700 + 0.081963),0.869306 (0.787500 + 0.081806),0.885663 (0.803700 + 0.081963),0.863223 (0.781200 + 0.082023),0.874801 (0.792900 + 0.081901),0.880243 (0.798300 + 0.081943),0.885663 (0.803700 + 0.081963),0.885663 (0.803700 + 0.081963),0.885663 (0.803700 + 0.081963),0.885663 (0.803700 + 0.081963),0.885663 (0.803700 + 0.081963),0.871213 (0.789300 + 0.081913),0.885663 (0.803700 + 0.081963),0.885663 (0.803700 + 0.081963),0.885663 (0.803700 + 0.081963),0.885663 (0.803700 + 0.081963),0.885663 (0.803700 + 0.081963),0.885663 (0.803700 + 0.081963),0.885663 (0.803700 + 0.081963),0.885663 (0.803700 + 0.081963),0.885663 (0.803700 + 0.081963),0.885663 (0.803700 + 0.081963),0.885663 (0.803700 + 0.081963),0.885663 (0.803700 + 0.081963),0.852349 (0.770400 + 0.081949),0.885663 (0.803700 + 0.081963),0.885663 (0.803700 + 0.081963),0.885663 (0.803700 + 0.081963),0.885663 (0.803700 + 0.081963),0.885663 (0.803700 + 0.081963),0.885663 (0.803700 + 0.081963),0.885663 (0.803700 + 0.081963),0.885663 (0.803700 + 0.081963),0.885663 (0.803700 + 0.081963),0.885663 (0.803700 + 0.081963),0.885663 (0.803700 + 0.081963),0.885663 (0.803700 + 0.081963),0.885663 (0.803700 + 0.081963),0.885663 (0.803700 + 0.081963),0.885663 (0.803700 + 0.081963),0.885663 (0.803700 + 0.081963),0.885663 (0.803700 + 0.081963),0.885663 (0.803700 + 0.081963),0.885663 (0.803700 + 0.081963),0.885663 (0.803700 + 0.081963),0.885663 (0.803700 + 0.081963),0.885663 (0.803700 + 0.081963),0.885663 (0.803700 + 0.081963),0.885663 (0.803700 + 0.081963),0.885663 (0.803700 + 0.081963),0.885663 (0.803700 + 0.081963),0.885663 (0.803700 + 0.081963),0.885663 (0.803700 + 0.081963),0.885663 (0.803700 + 0.081963),0.885663 (0.803700 + 0.081963),0.885663 (0.803700 + 0.081963),0.885663 (0.803700 + 0.081963),0.885663 (0.803700 + 0.081963),0.885663 (0.803700 + 0.081963),0.885663 (0.803700 + 0.081963),0.885663 (0.803700 + 0.081963),0.885663 (0.803700 + 0.081963),0.885663 (0.803700 + 0.081963),0.885663 (0.803700 + 0.081963),0.885663 (0.803700 + 0.081963),0.885663 (0.803700 + 0.081963),0.885663 (0.803700 + 0.081963),0.885663 (0.803700 + 0.081963),0.885663 (0.803700 + 0.081963),0.885663 (0.803700 + 0.081963),0.885663 (0.803700 + 0.081963),0.885663 (0.803700 + 0.081963),0.885663 (0.803700 + 0.081963)
184,0.885663 (0.803700 + 0.081963),0.885663 (0.803700 + 0.081963),0.885663 (0.803700 + 0.081963),0.885663 (0.803700 + 0.081963),0.885663 (0.803700 + 0.081963),0.885663 (0.803700 + 0.081963),0.885663 (0.803700 + 0.081963),0.885663 (0.803700 + 0.081963),0.885663 (0.803700 + 0.081963),0.867797 (0.785700 + 0.082097),0.885663 (0.803700 + 0.081963),0.885663 (0.803700 + 0.081963),0.885663 (0.803700 + 0.081963),0.875726 (0.793800 + 0.081926),0.885663 (0.803700 + 0.081963),0.869306 (0.787500 + 0.081806),0.885663 (0.803700 + 0.081963),0.885663 (0.803700 + 0.081963),0.885663 (0.803700 + 0.081963),0.885663 (0.803700 + 0.081963),0.885663 (0.803700 + 0.081963),0.885663 (0.803700 + 0.081963),0.885663 (0.803700 + 0.081963),0.885663 (0.803700 + 0.081963),0.885663 (0.803700 + 0.081963),0.885663 (0.803700 + 0.081963),0.885663 (0.803700 + 0.081963),0.874801 (0.792900 + 0.081901),0.885663 (0.803700 + 0.081963),0.869307 (0.787500 + 0.081807),0.885663 (0.803700 + 0.081963),0.885663 (0.803700 + 0.081963),0.885663 (0.803700 + 0.081963),0.885663 (0.803700 + 0.081963),0.885663 (0.803700 + 0.081963),0.885663 (0.803700 + 0.081963),0.885663 (0.803700 + 0.081963),0.885663 (0.803700 + 0.081963),0.885663 (0.803700 + 0.081963),0.885663 (0.803700 + 0.081963),0.868461 (0.786600 + 0.081861),0.885663 (0.803700 + 0.081963),0.885663 (0.803700 + 0.081963),0.885663 (0.803700 + 0.081963),0.885663 (0.803700 + 0.081963),0.885663 (0.803700 + 0.081963),0.885663 (0.803700 + 0.081963),0.885663 (0.803700 + 0.081963),0.869989 (0.788400 + 0.081589),0.885663 (0.803700 + 0.081963),0.885663 (0.803700 + 0.081963),0.881152 (0.799200 + 0.081952),0.885663 (0.803700 + 0.081963),0.885663 (0.803700 + 0.081963),0.885663 (0.803700 + 0.081963),0.885663 (0.803700 + 0.081963),0.885663 (0.803700 + 0.081963),0.885663 (0.803700 + 0.081963),0.885663 (0.803700 + 0.081963),0.885663 (0.803700 + 0.081963),0.885663 (0.803700 + 0.081963),0.885663 (0.803700 + 0.081963),0.885663 (0.803700 + 0.081963),0.885663 (0.803700 + 0.081963),0.885663 (0.803700 + 0.081963),0.885663 (0.803700 + 0.081963),0.872016 (0.790200 + 0.081816),0.885663 (0.803700 + 0.081963),0.885663 (0.803700 + 0.081963),0.885663 (0.803700 + 0.081963),0.885663 (0.803700 + 0.081963),0.879295 (0.797400 + 0.081895),0.872907 (0.791100 + 0.081807),0.885663 (0.803700 + 0.081963),0.885663 (0.803700 + 0.081963),0.857592 (0.775800 + 0.081792),0.885663 (0.803700 + 0.081963),0.861164 (0.779400 + 0.081764),0.885663 (0.803700 + 0.081963),0.871971 (0.790200 + 0.081771),0.881131 (0.799200 + 0.081931),0.885663 (0.803700 + 0.081963),0.885663 (0.803700 + 0.081963),0.885663 (0.803700 + 0.081963),0.885663 (0.803700 + 0.081963),0.885663 (0.803700 + 0.081963),0.885663 (0.803700 + 0.081963),0.885663 (0.803700 + 0.081963),0.885663 (0.803700 + 0.081963),0.885663 (0.803700 + 0.081963),0.885663 (0.803700 + 0.081963),0.885663 (0.803700 + 0.081963),0.885663 (0.803700 + 0.081963),0.885663 (0.803700 + 0.081963),0.885663 (0.803700 + 0.081963),0.857882 (0.775800 + 0.082082),0.885663 (0.803700 + 0.081963),0.885663 (0.803700 + 0.081963),0.885663 (0.803700 + 0.081963),0.885663 (0.803700 + 0.081963)
185,0.885663 (0.803700 + 0.081963),0.885663 (0.803700 + 0.081963),0.885663 (0.803700 + 0.081963),0.868657 (0.786600 + 0.082057),0.885663 (0.803700 + 0.081963),0.885663 (0.803700 + 0.081963),0.885663 (0.803700 + 0.081963),0.885663 (0.803700 + 0.081963),0.885663 (0.803700 + 0.081963),0.885663 (0.803700 + 0.081963),0.885663 (0.803700 + 0.081963),0.885663 (0.803700 + 0.081963),0.885663 (0.803700 + 0.081963),0.885663 (0.803700 + 0.081963),0.885663 (0.803700 + 0.081963),0.885663 (0.803700 + 0.081963),0.868640 (0.786600 + 0.082040),0.885663 (0.803700 + 0.081963),0.868483 (0.786600 + 0.081883),0.881152 (0.799200 + 0.081952),0.885663 (0.803700 + 0.081963),0.885663 (0.803700 + 0.081963),0.885663 (0.803700 + 0.081963),0.885663 (0.803700 + 0.081963),0.885663 (0.803700 + 0.081963),0.885663 (0.803700 + 0.081963),0.885663 (0.803700 + 0.081963),0.885663 (0.803700 + 0.081963),0.885663 (0.803700 + 0.081963),0.885663 (0.803700 + 0.081963),0.885663 (0.803700 + 0.081963),0.885663 (0.803700 + 0.081963),0.885663 (0.803700 + 0.081963),0.885663 (0.803700 + 0.081963),0.885663 (0.803700 + 0.081963),0.885663 (0.803700 + 0.081963),0.885663 (0.803700 + 0.081963),0.870188 (0.788400 + 0.081788),0.885663 (0.803700 + 0.081963),0.885663 (0.803700 + 0.081963),0.885663 (0.803700 + 0.081963),0.885663 (0.803700 + 0.081963),0.885663 (0.803700 + 0.081963),0.885663 (0.803700 + 0.081963),0.855215 (0.773100 + 0.082115),0.885663 (0.803700 + 0.081963),0.885663 (0.803700 + 0.081963),0.867520 (0.785700 + 0.081820),0.885663 (0.803700 + 0.081963),0.885663 (0.803700 + 0.081963),0.885663 (0.803700 + 0.081963),0.885663 (0.803700 + 0.081963),0.885663 (0.803700 + 0.081963),0.885663 (0.803700 + 0.081963),0.885663 (0.803700 + 0.081963),0.885663 (0.803700 + 0.081963),0.885663 (0.803700 + 0.081963),0.885663 (0.803700 + 0.081963),0.885663 (0.803700 + 0.081963),0.885663 (0.803700 + 0.081963),0.885663 (0.803700 + 0.081963),0.885663 (0.803700 + 0.081963),0.885663 (0.803700 + 0.081963),0.885663 (0.803700 + 0.081963),0.885663 (0.803700 + 0.081963),0.867536 (0.785700 + 0.081836),0.875800 (0.793800 + 0.082000),0.885663 (0.803700 + 0.081963),0.885663 (0.803700 + 0.081963),0.885663 (0.803700 + 0.081963),0.885663 (0.803700 + 0.081963),0.885663 (0.803700 + 0.081963),0.885663 (0.803700 + 0.081963),0.885663 (0.803700 + 0.081963),0.885663 (0.803700 + 0.081963),0.885663 (0.803700 + 0.081963),0.885663 (0.803700 + 0.081963),0.885663 (0.803700 + 0.081963),0.885663 (0.803700 + 0.081963),0.885663 (0.803700 + 0.081963),0.885663 (0.803700 + 0.081963),0.885663 (0.803700 + 0.081963),0.861470 (0.779400 + 0.082070),0.885663 (0.803700 + 0.081963),0.885663 (0.803700 + 0.081963),0.885663 (0.803700 + 0.081963),0.885663 (0.803700 + 0.081963),0.885663 (0.803700 + 0.081963),0.885663 (0.803700 + 0.081963),0.885663 (0.803700 + 0.081963),0.885663 (0.803700 + 0.081963),0.885663 (0.803700 + 0.081963),0.879295 (0.797400 + 0.081895),0.885663 (0.803700 + 0.081963),0.885663 (0.803700 + 0.081963),0.885663 (0.803700 + 0.081963),0.885663 (0.803700 + 0.081963),0.885663 (0.803700 + 0.081963),0.861359 (0.779400 + 0.081959),0.885663 (0.803700 + 0.081963)
186,0.885663 (0.803700 + 0.081963),0.885663 (0.803700 + 0.081963),0.885663 (0.803700 + 0.081963),0.885663 (0.803700 + 0.081963),0.864103 (0.782100 + 0.082003),0.885663 (0.803700 + 0.081963),0.885663 (0.803700 + 0.081963),0.885663 (0.803700 + 0.081963),0.885663 (0.803700 + 0.081963),0.885663 (0.803700 + 0.081963),0.885663 (0.803700 + 0.081963),0.885663 (0.803700 + 0.081963),0.885663 (0.803700 + 0.081963),0.885663 (0.803700 + 0.081963),0.885663 (0.803700 + 0.081963),0.885663 (0.803700 + 0.081963),0.885663 (0.803700 + 0.081963),0.885663 (0.803700 + 0.081963),0.885663 (0.803700 + 0.081963),0.885663 (0.803700 + 0.081963),0.885663 (0.803700 + 0.081963),0.885663 (0.803700 + 0.081963),0.885663 (0.803700 + 0.081963),0.885663 (0.803700 + 0.081963),0.885663 (0.803700 + 0.081963),0.885663 (0.803700 + 0.081963),0.864661 (0.783000 + 0.081661),0.885663 (0.803700 + 0.081963),0.886482 (0.804600 + 0.081882),0.885663 (0.803700 + 0.081963),0.885663 (0.803700 + 0.081963),0.885663 (0.803700 + 0.081963),0.885663 (0.803700 + 0.081963),0.885663 (0.803700 + 0.081963),0.885663 (0.803700 + 0.081963),0.885663 (0.803700 + 0.081963),0.885663 (0.803700 + 0.081963),0.885663 (0.803700 + 0.081963),0.885663 (0.803700 + 0.081963),0.885663 (0.803700 + 0.081963),0.885663 (0.803700 + 0.081963),0.885663 (0.803700 + 0.081963),0.885663 (0.803700 + 0.081963),0.885663 (0.803700 + 0.081963),0.885663 (0.803700 + 0.081963),0.885663 (0.803700 + 0.081963),0.885663 (0.803700 + 0.081963),0.885663 (0.803700 + 0.081963),0.885663 (0.803700 + 0.081963),0.885663 (0.803700 + 0.081963),0.885663 (0.803700 + 0.081963),0.885663 (0.803700 + 0.081963),0.885663 (0.803700 + 0.081963),0.885663 (0.803700 + 0.081963),0.885663 (0.803700 + 0.081963),0.885663 (0.803700 + 0.081963),0.871278 (0.789300 + 0.081978),0.885663 (0.803700 + 0.081963),0.885663 (0.803700 + 0.081963),0.869314 (0.787500 + 0.081814),0.885663 (0.803700 + 0.081963),0.885663 (0.803700 + 0.081963),0.885663 (0.803700 + 0.081963),0.885663 (0.803700 + 0.081963),0.885663 (0.803700 + 0.081963),0.859682 (0.777600 + 0.082082),0.885663 (0.803700 + 0.081963),0.885663 (0.803700 + 0.081963),0.885663 (0.803700 + 0.081963),0.885663 (0.803700 + 0.081963),0.885663 (0.803700 + 0.081963),0.885663 (0.803700 + 0.081963),0.885663 (0.803700 + 0.081963),0.885663 (0.803700 + 0.081963),0.885663 (0.803700 + 0.081963),0.885663 (0.803700 + 0.081963),0.885663 (0.803700 + 0.081963),0.885663 (0.803700 + 0.081963),0.885663 (0.803700 + 0.081963),0.885663 (0.803700 + 0.081963),0.885663 (0.803700 + 0.081963),0.885663 (0.803700 + 0.081963),0.885663 (0.803700 + 0.081963),0.885663 (0.803700 + 0.081963),0.885663 (0.803700 + 0.081963),0.885663 (0.803700 + 0.081963),0.885663 (0.803700 + 0.081963),0.885663 (0.803700 + 0.081963),0.865481 (0.783900 + 0.081581),0.885663 (0.803700 + 0.081963),0.885663 (0.803700 + 0.081963),0.885663 (0.803700 + 0.081963),0.885663 (0.803700 + 0.081963),0.885663 (0.803700 + 0.081963),0.885663 (0.803700 + 0.081963),0.885663 (0.803700 + 0.081963),0.885663 (0.803700 + 0.081963),0.885663 (0.803700 + 0.081963),0.885663 (0.803700 + 0.081963),0.885663 (0.803700 + 0.081963)
187,0.886482 (0.804600 + 0.081882),0.885663 (0.803700 + 0.081963),0.885663 (0.803700 + 0.081963),0.885663 (0.803700 + 0.081963),0.885663 (0.803700 + 0.081963),0.885663 (0.803700 + 0.081963),0.885663 (0.803700 + 0.081963),0.885663 (0.803700 + 0.081963),0.885663 (0.803700 + 0.081963),0.885663 (0.803700 + 0.081963),0.885663 (0.803700 + 0.081963),0.885663 (0.803700 + 0.081963),0.885663 (0.803700 + 0.081963),0.885663 (0.803700 + 0.081963),0.885663 (0.803700 + 0.081963),0.885663 (0.803700 + 0.081963),0.885663 (0.803700 + 0.081963),0.885663 (0.803700 + 0.081963),0.885663 (0.803700 + 0.081963),0.885663 (0.803700 + 0.081963),0.885663 (0.803700 + 0.081963),0.885663 (0.803700 + 0.081963),0.885663 (0.803700 + 0.081963),0.885663 (0.803700 + 0.081963),0.885663 (0.803700 + 0.081963),0.885663 (0.803700 + 0.081963),0.885663 (0.803700 + 0.081963),0.885663 (0.803700 + 0.081963),0.885663 (0.803700 + 0.081963),0.865959 (0.783900 + 0.082059),0.885663 (0.803700 + 0.081963),0.885663 (0.803700 + 0.081963),0.885663 (0.803700 + 0.081963),0.885663 (0.803700 + 0.081963),0.885663 (0.803700 + 0.081963),0.885663 (0.803700 + 0.081963),0.885663 (0.803700 + 0.081963),0.877416 (0.795600 + 0.081816),0.885663 (0.803700 + 0.081963),0.885663 (0.803700 + 0.081963),0.885663 (0.803700 + 0.081963),0.885663 (0.803700 + 0.081963),0.885663 (0.803700 + 0.081963),0.885663 (0.803700 + 0.081963),0.885663 (0.803700 + 0.081963),0.885663 (0.803700 + 0.081963),0.885663 (0.803700 + 0.081963),0.885663 (0.803700 + 0.081963),0.885663 (0.803700 + 0.081963),0.885663 (0.803700 + 0.081963),0.885663 (0.803700 + 0.081963),0.885663 (0.803700 + 0.081963),0.885663 (0.803700 + 0.081963),0.885663 (0.803700 + 0.081963),0.885663 (0.803700 + 0.081963),0.884775 (0.802800 + 0.081975),0.883770 (0.801900 + 0.081870),0.885663 (0.803700 + 0.081963),0.885663 (0.803700 + 0.081963),0.885663 (0.803700 + 0.081963),0.885663 (0.803700 + 0.081963),0.872980 (0.791100 + 0.081880),0.885663 (0.803700 + 0.081963),0.885663 (0.803700 + 0.081963),0.885663 (0.803700 + 0.081963),0.885663 (0.803700 + 0.081963),0.885663 (0.803700 + 0.081963),0.885663 (0.803700 + 0.081963),0.885663 (0.803700 + 0.081963),0.885663 (0.803700 + 0.081963),0.885663 (0.803700 + 0.081963),0.885663 (0.803700 + 0.081963),0.876555 (0.794700 + 0.081855),0.885663 (0.803700 + 0.081963),0.885663 (0.803700 + 0.081963),0.885663 (0.803700 + 0.081963),0.861186 (0.779400 + 0.081786),0.885663 (0.803700 + 0.081963),0.885663 (0.803700 + 0.081963),0.885663 (0.803700 + 0.081963),0.885663 (0.803700 + 0.081963),0.885663 (0.803700 + 0.081963),0.885663 (0.803700 + 0.081963),0.885663 (0.803700 + 0.081963),0.885663 (0.803700 + 0.081963),0.885663 (0.803700 + 0.081963),0.885663 (0.803700 + 0.081963),0.885663 (0.803700 + 0.081963),0.885663 (0.803700 + 0.081963),0.885587 (0.803700 + 0.081887),0.863089 (0.781200 + 0.081889),0.884758 (0.802800 + 0.081958),0.885587 (0.803700 + 0.081887),0.885663 (0.803700 + 0.081963),0.885663 (0.803700 + 0.081963),0.885663 (0.803700 + 0.081963),0.865699 (0.783900 + 0.081799),0.885663 (0.803700 + 0.081963),0.885663 (0.803700 + 0.081963),0.885663 (0.803700 + 0.081963)
188,0.886482 (0.804600 + 0.081882),0.885663 (0.803700 + 0.081963),0.885663 (0.803700 + 0.081963),0.885663 (0.803700 + 0.081963),0.885663 (0.803700 + 0.081963),0.884758 (0.802800 + 0.081958),0.885587 (0.803700 + 0.081887),0.857848 (0.775800 + 0.082048),0.885663 (0.803700 + 0.081963),0.885663 (0.803700 + 0.081963),0.885663 (0.803700 + 0.081963),0.885663 (0.803700 + 0.081963),0.885663 (0.803700 + 0.081963),0.884787 (0.802800 + 0.081987),0.885559 (0.803700 + 0.081859),0.885663 (0.803700 + 0.081963),0.885663 (0.803700 + 0.081963),0.861369 (0.779400 + 0.081969),0.885663 (0.803700 + 0.081963),0.885663 (0.803700 + 0.081963),0.885663 (0.803700 + 0.081963),0.885559 (0.803700 + 0.081859),0.884787 (0.802800 + 0.081987),0.885587 (0.803700 + 0.081887),0.885663 (0.803700 + 0.081963),0.885663 (0.803700 + 0.081963),0.885663 (0.803700 + 0.081963),0.885663 (0.803700 + 0.081963),0.885663 (0.803700 + 0.081963),0.873011 (0.791100 + 0.081911),0.885663 (0.803700 + 0.081963),0.885663 (0.803700 + 0.081963),0.870322 (0.788400 + 0.081922),0.885663 (0.803700 + 0.081963),0.885663 (0.803700 + 0.081963),0.885663 (0.803700 + 0.081963),0.885663 (0.803700 + 0.081963),0.885663 (0.803700 + 0.081963),0.885663 (0.803700 + 0.081963),0.885663 (0.803700 + 0.081963),0.885663 (0.803700 + 0.081963),0.885663 (0.803700 + 0.081963),0.885663 (0.803700 + 0.081963),0.885663 (0.803700 + 0.081963),0.885663 (0.803700 + 0.081963),0.883770 (0.801900 + 0.081870),0.885663 (0.803700 + 0.081963),0.884755 (0.802800 + 0.081955),0.886490 (0.804600 + 0.081890),0.885663 (0.803700 + 0.081963),0.885663 (0.803700 + 0.081963),0.885663 (0.803700 + 0.081963),0.885663 (0.803700 + 0.081963),0.885663 (0.803700 + 0.081963),0.885663 (0.803700 + 0.081963),0.885663 (0.803700 + 0.081963),0.885663 (0.803700 + 0.081963),0.885663 (0.803700 + 0.081963),0.873012 (0.791100 + 0.081912),0.885663 (0.803700 + 0.081963),0.885663 (0.803700 + 0.081963),0.885663 (0.803700 + 0.081963),0.885663 (0.803700 + 0.081963),0.885663 (0.803700 + 0.081963),0.885663 (0.803700 + 0.081963),0.885663 (0.803700 + 0.081963),0.877416 (0.795600 + 0.081816),0.885663 (0.803700 + 0.081963),0.885663 (0.803700 + 0.081963),0.885663 (0.803700 + 0.081963),0.886482 (0.804600 + 0.081882),0.885663 (0.803700 + 0.081963),0.885663 (0.803700 + 0.081963),0.885663 (0.803700 + 0.081963),0.885663 (0.803700 + 0.081963),0.885663 (0.803700 + 0.081963),0.886482 (0.804600 + 0.081882),0.885663 (0.803700 + 0.081963),0.885663 (0.803700 + 0.081963),0.886482 (0.804600 + 0.081882),0.886482 (0.804600 + 0.081882),0.885663 (0.803700 + 0.081963),0.885663 (0.803700 + 0.081963),0.885663 (0.803700 + 0.081963),0.885663 (0.803700 + 0.081963),0.885663 (0.803700 + 0.081963),0.885663 (0.803700 + 0.081963),0.885663 (0.803700 + 0.081963),0.885663 (0.803700 + 0.081963),0.885663 (0.803700 + 0.081963),0.885663 (0.803700 + 0.081963),0.885663 (0.803700 + 0.081963),0.885663 (0.803700 + 0.081963),0.885663 (0.803700 + 0.081963),0.885663 (0.803700 + 0.081963),0.885663 (0.803700 + 0.081963),0.885663 (0.803700 + 0.081963),0.885663 (0.803700 + 0.081963),0.868583 (0.786600 + 0.081983),0.885663 (0.803700 + 0.081963)
189,0.886490 (0.804600 + 0.081890),0.886482 (0.804600 + 0.081882),0.886482 (0.804600 + 0.081882),0.873075 (0.791100 + 0.081975),0.870166 (0.788400 + 0.081766),0.884787 (0.802800 + 0.081987),0.885559 (0.803700 + 0.081859),0.885663 (0.803700 + 0.081963),0.885663 (0.803700 + 0.081963),0.885663 (0.803700 + 0.081963),0.885663 (0.803700 + 0.081963),0.863320 (0.781200 + 0.082120),0.885663 (0.803700 + 0.081963),0.885663 (0.803700 + 0.081963),0.885663 (0.803700 + 0.081963),0.885663 (0.803700 + 0.081963),0.885663 (0.803700 + 0.081963),0.885663 (0.803700 + 0.081963),0.885663 (0.803700 + 0.081963),0.885587 (0.803700 + 0.081887),0.885666 (0.803700 + 0.081966),0.885663 (0.803700 + 0.081963),0.885663 (0.803700 + 0.081963),0.885663 (0.803700 + 0.081963),0.885663 (0.803700 + 0.081963),0.885663 (0.803700 + 0.081963),0.865902 (0.783900 + 0.082002),0.885663 (0.803700 + 0.081963),0.885663 (0.803700 + 0.081963),0.885663 (0.803700 + 0.081963),0.885663 (0.803700 + 0.081963),0.870463 (0.788400 + 0.082063),0.885663 (0.803700 + 0.081963),0.885663 (0.803700 + 0.081963),0.885663 (0.803700 + 0.081963),0.885663 (0.803700 + 0.081963),0.863680 (0.782100 + 0.081580),0.885663 (0.803700 + 0.081963),0.885663 (0.803700 + 0.081963),0.885663 (0.803700 + 0.081963),0.885663 (0.803700 + 0.081963),0.883770 (0.801900 + 0.081870),0.885663 (0.803700 + 0.081963),0.885666 (0.803700 + 0.081966),0.885587 (0.803700 + 0.081887),0.885663 (0.803700 + 0.081963),0.885663 (0.803700 + 0.081963),0.886482 (0.804600 + 0.081882),0.885663 (0.803700 + 0.081963),0.885663 (0.803700 + 0.081963),0.885663 (0.803700 + 0.081963),0.884783 (0.802800 + 0.081983),0.883770 (0.801900 + 0.081870),0.885663 (0.803700 + 0.081963),0.885663 (0.803700 + 0.081963),0.885663 (0.803700 + 0.081963),0.869007 (0.787500 + 0.081507),0.885663 (0.803700 + 0.081963),0.885663 (0.803700 + 0.081963),0.885663 (0.803700 + 0.081963),0.885663 (0.803700 + 0.081963),0.885587 (0.803700 + 0.081887),0.885666 (0.803700 + 0.081966),0.885663 (0.803700 + 0.081963),0.885663 (0.803700 + 0.081963),0.885663 (0.803700 + 0.081963),0.885663 (0.803700 + 0.081963),0.885663 (0.803700 + 0.081963),0.885663 (0.803700 + 0.081963),0.885663 (0.803700 + 0.081963),0.885663 (0.803700 + 0.081963),0.885663 (0.803700 + 0.081963),0.885663 (0.803700 + 0.081963),0.866684 (0.784800 + 0.081884),0.885663 (0.803700 + 0.081963),0.885663 (0.803700 + 0.081963),0.885663 (0.803700 + 0.081963),0.885663 (0.803700 + 0.081963),0.885663 (0.803700 + 0.081963),0.885663 (0.803700 + 0.081963),0.885663 (0.803700 + 0.081963),0.885663 (0.803700 + 0.081963),0.863061 (0.781200 + 0.081861),0.885559 (0.803700 + 0.081859),0.873870 (0.792000 + 0.081870),0.885663 (0.803700 + 0.081963),0.885663 (0.803700 + 0.081963),0.884787 (0.802800 + 0.081987),0.885559 (0.803700 + 0.081859),0.885663 (0.803700 + 0.081963),0.885663 (0.803700 + 0.081963),0.885663 (0.803700 + 0.081963),0.885663 (0.803700 + 0.081963),0.885663 (0.803700 + 0.081963),0.885663 (0.803700 + 0.081963),0.885663 (0.803700 + 0.081963),0.885663 (0.803700 + 0.081963),0.885663 (0.803700 + 0.081963),0.876567 (0.794700 + 0.081867),0.885663 (0.803700 + 0.081963)
190,0.886490 (0.804600 + 0.081890),0.886482 (0.804600 + 0.081882),0.886482 (0.804600 + 0.081882),0.885663 (0.803700 + 0.081963),0.885663 (0.803700 + 0.081963),0.885666 (0.803700 + 0.081966),0.885587 (0.803700 + 0.081887),0.885663 (0.803700 + 0.081963),0.885663 (0.803700 + 0.081963),0.885559 (0.803700 + 0.081859),0.885663 (0.803700 + 0.081963),0.885663 (0.803700 + 0.081963),0.885663 (0.803700 + 0.081963),0.886482 (0.804600 + 0.081882),0.885663 (0.803700 + 0.081963),0.878430 (0.796500 + 0.081931),0.880200 (0.798300 + 0.081900),0.885663 (0.803700 + 0.081963),0.885663 (0.803700 + 0.081963),0.886490 (0.804600 + 0.081890),0.885663 (0.803700 + 0.081963),0.885663 (0.803700 + 0.081963),0.871182 (0.789300 + 0.081882),0.885663 (0.803700 + 0.081963),0.885663 (0.803700 + 0.081963),0.873808 (0.792000 + 0.081808),0.885663 (0.803700 + 0.081963),0.885663 (0.803700 + 0.081963),0.885663 (0.803700 + 0.081963),0.885663 (0.803700 + 0.081963),0.885663 (0.803700 + 0.081963),0.885663 (0.803700 + 0.081963),0.873007 (0.791100 + 0.081907),0.885663 (0.803700 + 0.081963),0.885587 (0.803700 + 0.081887),0.885663 (0.803700 + 0.081963),0.885663 (0.803700 + 0.081963),0.885663 (0.803700 + 0.081963),0.885663 (0.803700 + 0.081963),0.885663 (0.803700 + 0.081963),0.885663 (0.803700 + 0.081963),0.886482 (0.804600 + 0.081882),0.885587 (0.803700 + 0.081887),0.885663 (0.803700 + 0.081963),0.885663 (0.803700 + 0.081963),0.885663 (0.803700 + 0.081963),0.885663 (0.803700 + 0.081963),0.886482 (0.804600 + 0.081882),0.885663 (0.803700 + 0.081963),0.885663 (0.803700 + 0.081963),0.885663 (0.803700 + 0.081963),0.885663 (0.803700 + 0.081963),0.885663 (0.803700 + 0.081963),0.885663 (0.803700 + 0.081963),0.885663 (0.803700 + 0.081963),0.885663 (0.803700 + 0.081963),0.885663 (0.803700 + 0.081963),0.885663 (0.803700 + 0.081963),0.885663 (0.803700 + 0.081963),0.885663 (0.803700 + 0.081963),0.885663 (0.803700 + 0.081963),0.885663 (0.803700 + 0.081963),0.885663 (0.803700 + 0.081963),0.872041 (0.790200 + 0.081841),0.885663 (0.803700 + 0.081963),0.885663 (0.803700 + 0.081963),0.885663 (0.803700 + 0.081963),0.885587 (0.803700 + 0.081887),0.884758 (0.802800 + 0.081958),0.885663 (0.803700 + 0.081963),0.885663 (0.803700 + 0.081963),0.885663 (0.803700 + 0.081963),0.885663 (0.803700 + 0.081963),0.870416 (0.788400 + 0.082016),0.885663 (0.803700 + 0.081963),0.885663 (0.803700 + 0.081963),0.864733 (0.783000 + 0.081733),0.879297 (0.797400 + 0.081897),0.880233 (0.798300 + 0.081933),0.885587 (0.803700 + 0.081887),0.884758 (0.802800 + 0.081958),0.865928 (0.783900 + 0.082028),0.866733 (0.784800 + 0.081933),0.884755 (0.802800 + 0.081955),0.886490 (0.804600 + 0.081890),0.883885 (0.801900 + 0.081985),0.886461 (0.804600 + 0.081861),0.885587 (0.803700 + 0.081887),0.885666 (0.803700 + 0.081966),0.885663 (0.803700 + 0.081963),0.858350 (0.776700 + 0.081650),0.858456 (0.776700 + 0.081756),0.863680 (0.782100 + 0.081580),0.886482 (0.804600 + 0.081882),0.885663 (0.803700 + 0.081963),0.886461 (0.804600 + 0.081861),0.883890 (0.801900 + 0.081990),0.885666 (0.803700 + 0.081966),0.885663 (0.803700 + 0.081963),0.885663 (0.803700 + 0.081963)
191,0.886490 (0.804600 + 0.081890),0.886490 (0.804600 + 0.081890),0.886490 (0.804600 + 0.081890),0.878338 (0.796500 + 0.081838),0.884775 (0.802800 + 0.081975),0.885663 (0.803700 + 0.081963),0.885663 (0.803700 + 0.081963),0.863930 (0.782100 + 0.081830),0.884758 (0.802800 + 0.081958),0.885663 (0.803700 + 0.081963),0.885663 (0.803700 + 0.081963),0.886482 (0.804600 + 0.081882),0.886490 (0.804600 + 0.081890),0.885663 (0.803700 + 0.081963),0.885663 (0.803700 + 0.081963),0.886490 (0.804600 + 0.081890),0.886482 (0.804600 + 0.081882),0.885663 (0.803700 + 0.081963),0.870344 (0.788400 + 0.081944),0.885663 (0.803700 + 0.081963),0.885663 (0.803700 + 0.081963),0.881057 (0.799200 + 0.081857),0.885666 (0.803700 + 0.081966),0.882982 (0.801000 + 0.081982),0.867584 (0.785700 + 0.081884),0.886461 (0.804600 + 0.081861),0.885663 (0.803700 + 0.081963),0.873123 (0.791100 + 0.082023),0.885663 (0.803700 + 0.081963),0.886461 (0.804600 + 0.081861),0.886461 (0.804600 + 0.081861),0.874731 (0.792900 + 0.081831),0.886461 (0.804600 + 0.081861),0.886461 (0.804600 + 0.081861),0.885663 (0.803700 + 0.081963),0.885663 (0.803700 + 0.081963),0.886461 (0.804600 + 0.081861),0.886482 (0.804600 + 0.081882),0.885663 (0.803700 + 0.081963),0.884783 (0.802800 + 0.081983),0.883770 (0.801900 + 0.081870),0.885663 (0.803700 + 0.081963),0.885663 (0.803700 + 0.081963),0.885663 (0.803700 + 0.081963),0.885663 (0.803700 + 0.081963),0.883893 (0.801900 + 0.081993),0.886453 (0.804600 + 0.081853),0.883770 (0.801900 + 0.081870),0.885653 (0.803700 + 0.081953),0.885587 (0.803700 + 0.081887),0.870279 (0.788400 + 0.081879),0.885663 (0.803700 + 0.081963),0.886461 (0.804600 + 0.081861),0.885663 (0.803700 + 0.081963),0.886482 (0.804600 + 0.081882),0.865579 (0.783900 + 0.081679),0.886461 (0.804600 + 0.081861),0.885666 (0.803700 + 0.081966),0.885663 (0.803700 + 0.081963),0.885666 (0.803700 + 0.081966),0.885663 (0.803700 + 0.081963),0.885663 (0.803700 + 0.081963),0.885663 (0.803700 + 0.081963),0.885663 (0.803700 + 0.081963),0.880200 (0.798300 + 0.081900),0.885663 (0.803700 + 0.081963),0.886482 (0.804600 + 0.081882),0.885663 (0.803700 + 0.081963),0.886461 (0.804600 + 0.081861),0.855137 (0.773100 + 0.082037),0.886560 (0.804600 + 0.081960),0.885663 (0.803700 + 0.081963),0.885663 (0.803700 + 0.081963),0.885666 (0.803700 + 0.081966),0.885663 (0.803700 + 0.081963),0.885663 (0.803700 + 0.081963),0.885663 (0.803700 + 0.081963),0.867688 (0.785700 + 0.081988),0.885663 (0.803700 + 0.081963),0.885587 (0.803700 + 0.081887),0.884758 (0.802800 + 0.081958),0.885663 (0.803700 + 0.081963),0.885663 (0.803700 + 0.081963),0.873808 (0.792000 + 0.081808),0.885663 (0.803700 + 0.081963),0.873116 (0.791100 + 0.082016),0.880955 (0.799200 + 0.081755),0.885663 (0.803700 + 0.081963),0.865928 (0.783900 + 0.082028),0.885587 (0.803700 + 0.081887),0.885666 (0.803700 + 0.081966),0.885663 (0.803700 + 0.081963),0.885663 (0.803700 + 0.081963),0.886490 (0.804600 + 0.081890),0.875618 (0.793800 + 0.081818),0.885663 (0.803700 + 0.081963),0.864688 (0.783000 + 0.081688),0.885663 (0.803700 + 0.081963),0.885663 (0.803700 + 0.081963),0.886482 (0.804600 + 0.081882)
192,0.886560 (0.804600 + 0.081960),0.886490 (0.804600 + 0.081890),0.886490 (0.804600 + 0.081890),0.858540 (0.776700 + 0.081840),0.885663 (0.803700 + 0.081963),0.870081 (0.788400 + 0.081681),0.870501 (0.788400 + 0.082101),0.870202 (0.788400 + 0.081802),0.885663 (0.803700 + 0.081963),0.880200 (0.798300 + 0.081900),0.874731 (0.792900 + 0.081831),0.886490 (0.804600 + 0.081890),0.885666 (0.803700 + 0.081966),0.864041 (0.782100 + 0.081941),0.886490 (0.804600 + 0.081890),0.885666 (0.803700 + 0.081966),0.885663 (0.803700 + 0.081963),0.885663 (0.803700 + 0.081963),0.886461 (0.804600 + 0.081861),0.885666 (0.803700 + 0.081966),0.885587 (0.803700 + 0.081887),0.885663 (0.803700 + 0.081963),0.885663 (0.803700 + 0.081963),0.885663 (0.803700 + 0.081963),0.855039 (0.773100 + 0.081939),0.886490 (0.804600 + 0.081890),0.885666 (0.803700 + 0.081966),0.886490 (0.804600 + 0.081890),0.885666 (0.803700 + 0.081966),0.886482 (0.804600 + 0.081882),0.886482 (0.804600 + 0.081882),0.884775 (0.802800 + 0.081975),0.872827 (0.791100 + 0.081727),0.886461 (0.804600 + 0.081861),0.886490 (0.804600 + 0.081890),0.886461 (0.804600 + 0.081861),0.870327 (0.788400 + 0.081927),0.872245 (0.790200 + 0.082045),0.886560 (0.804600 + 0.081960),0.886461 (0.804600 + 0.081861),0.883885 (0.801900 + 0.081985),0.886490 (0.804600 + 0.081890),0.885663 (0.803700 + 0.081963),0.884758 (0.802800 + 0.081958),0.885663 (0.803700 + 0.081963),0.885559 (0.803700 + 0.081859),0.884787 (0.802800 + 0.081987),0.885663 (0.803700 + 0.081963),0.885663 (0.803700 + 0.081963),0.886490 (0.804600 + 0.081890),0.886461 (0.804600 + 0.081861),0.886461 (0.804600 + 0.081861),0.884755 (0.802800 + 0.081955),0.876547 (0.794700 + 0.081847),0.877524 (0.795600 + 0.081924),0.886482 (0.804600 + 0.081882),0.885663 (0.803700 + 0.081963),0.885666 (0.803700 + 0.081966),0.885587 (0.803700 + 0.081887),0.886461 (0.804600 + 0.081861),0.885663 (0.803700 + 0.081963),0.886490 (0.804600 + 0.081890),0.885663 (0.803700 + 0.081963),0.885666 (0.803700 + 0.081966),0.885666 (0.803700 + 0.081966),0.885587 (0.803700 + 0.081887),0.885666 (0.803700 + 0.081966),0.885663 (0.803700 + 0.081963),0.885663 (0.803700 + 0.081963),0.864205 (0.782100 + 0.082105),0.885663 (0.803700 + 0.081963),0.884758 (0.802800 + 0.081958),0.885587 (0.803700 + 0.081887),0.885663 (0.803700 + 0.081963),0.885663 (0.803700 + 0.081963),0.886490 (0.804600 + 0.081890),0.877523 (0.795600 + 0.081923),0.865928 (0.783900 + 0.082028),0.860223 (0.778500 + 0.081723),0.884758 (0.802800 + 0.081958),0.872892 (0.791100 + 0.081792),0.884783 (0.802800 + 0.081983),0.884673 (0.802800 + 0.081873),0.864860 (0.783000 + 0.081860),0.866768 (0.784800 + 0.081968),0.879196 (0.797400 + 0.081796),0.887363 (0.805500 + 0.081863),0.885653 (0.803700 + 0.081953),0.883770 (0.801900 + 0.081870),0.885666 (0.803700 + 0.081966),0.885663 (0.803700 + 0.081963),0.886490 (0.804600 + 0.081890),0.870213 (0.788400 + 0.081813),0.886453 (0.804600 + 0.081853),0.886490 (0.804600 + 0.081890),0.883770 (0.801900 + 0.081870),0.851506 (0.769500 + 0.082005),0.857853 (0.775800 + 0.082053),0.880236 (0.798300 + 0.081936),0.886461 (0.804600 + 0.081861)
193,0.887363 (0.805500 + 0.081863),0.886560 (0.804600 + 0.081960),0.886560 (0.804600 + 0.081960),0.886461 (0.804600 + 0.081861),0.860391 (0.778500 + 0.081891),0.880009 (0.798300 + 0.081709),0.863925 (0.782100 + 0.081824),0.886560 (0.804600 + 0.081960),0.886482 (0.804600 + 0.081882),0.885666 (0.803700 + 0.081966),0.886490 (0.804600 + 0.081890),0.886490 (0.804600 + 0.081890),0.865783 (0.783900 + 0.081883),0.886490 (0.804600 + 0.081890),0.885663 (0.803700 + 0.081963),0.886490 (0.804600 + 0.081890),0.886482 (0.804600 + 0.081882),0.885663 (0.803700 + 0.081963),0.886490 (0.804600 + 0.081890),0.886461 (0.804600 + 0.081861),0.885663 (0.803700 + 0.081963),0.886461 (0.804600 + 0.081861),0.885653 (0.803700 + 0.081953),0.885666 (0.803700 + 0.081966),0.864137 (0.782100 + 0.082037),0.885663 (0.803700 + 0.081963),0.886490 (0.804600 + 0.081890),0.886490 (0.804600 + 0.081890),0.886490 (0.804600 + 0.081890),0.867758 (0.785700 + 0.082058),0.874773 (0.792900 + 0.081873),0.886490 (0.804600 + 0.081890),0.870501 (0.788400 + 0.082101),0.886563 (0.804600 + 0.081963),0.883880 (0.801900 + 0.081980),0.885666 (0.803700 + 0.081966),0.885587 (0.803700 + 0.081887),0.885666 (0.803700 + 0.081966),0.885663 (0.803700 + 0.081963),0.885663 (0.803700 + 0.081963),0.886560 (0.804600 + 0.081960),0.885663 (0.803700 + 0.081963),0.886490 (0.804600 + 0.081890),0.885663 (0.803700 + 0.081963),0.885653 (0.803700 + 0.081953),0.885587 (0.803700 + 0.081887),0.885663 (0.803700 + 0.081963),0.885663 (0.803700 + 0.081963),0.885663 (0.803700 + 0.081963),0.886490 (0.804600 + 0.081890),0.885587 (0.803700 + 0.081887),0.886461 (0.804600 + 0.081861),0.886461 (0.804600 + 0.081861),0.886461 (0.804600 + 0.081861),0.885587 (0.803700 + 0.081887),0.886518 (0.804600 + 0.081918),0.876576 (0.794700 + 0.081876),0.872827 (0.791100 + 0.081727),0.886461 (0.804600 + 0.081861),0.886490 (0.804600 + 0.081890),0.886461 (0.804600 + 0.081861),0.885666 (0.803700 + 0.081966),0.886461 (0.804600 + 0.081861),0.865737 (0.783900 + 0.081837),0.885666 (0.803700 + 0.081966),0.885666 (0.803700 + 0.081966),0.886490 (0.804600 + 0.081890),0.885663 (0.803700 + 0.081963),0.886490 (0.804600 + 0.081890),0.886490 (0.804600 + 0.081890),0.886461 (0.804600 + 0.081861),0.887363 (0.805500 + 0.081863),0.885587 (0.803700 + 0.081887),0.885666 (0.803700 + 0.081966),0.860309 (0.778500 + 0.081809),0.886490 (0.804600 + 0.081890),0.886453 (0.804600 + 0.081853),0.885663 (0.803700 + 0.081963),0.886461 (0.804600 + 0.081861),0.886461 (0.804600 + 0.081861),0.880236 (0.798300 + 0.081936),0.885587 (0.803700 + 0.081887),0.887363 (0.805500 + 0.081863),0.886490 (0.804600 + 0.081890),0.885666 (0.803700 + 0.081966),0.883880 (0.801900 + 0.081980),0.886461 (0.804600 + 0.081861),0.884758 (0.802800 + 0.081958),0.886490 (0.804600 + 0.081890),0.887356 (0.805500 + 0.081856),0.883892 (0.801900 + 0.081992),0.885666 (0.803700 + 0.081966),0.885663 (0.803700 + 0.081963),0.886490 (0.804600 + 0.081890),0.885666 (0.803700 + 0.081966),0.886560 (0.804600 + 0.081960),0.886461 (0.804600 + 0.081861),0.885587 (0.803700 + 0.081887),0.885663 (0.803700 + 0.081963),0.870277 (0.788400 + 0.081877)
194,0.887363 (0.805500 + 0.081863),0.887363 (0.805500 + 0.081863),0.887363 (0.805500 + 0.081863),0.887363 (0.805500 + 0.081863),0.885663 (0.803700 + 0.081963),0.887342 (0.805500 + 0.081842),0.885666 (0.803700 + 0.081966),0.866671 (0.784800 + 0.081871),0.887363 (0.805500 + 0.081863),0.885666 (0.803700 + 0.081966),0.886490 (0.804600 + 0.081890),0.885663 (0.803700 + 0.081963),0.890016 (0.808200 + 0.081816),0.886482 (0.804600 + 0.081882),0.887356 (0.805500 + 0.081856),0.868421 (0.786600 + 0.081821),0.885666 (0.803700 + 0.081966),0.886490 (0.804600 + 0.081890),0.885587 (0.803700 + 0.081887),0.885666 (0.803700 + 0.081966),0.885587 (0.803700 + 0.081887),0.887363 (0.805500 + 0.081863),0.886490 (0.804600 + 0.081890),0.886490 (0.804600 + 0.081890),0.886560 (0.804600 + 0.081960),0.886490 (0.804600 + 0.081890),0.886490 (0.804600 + 0.081890),0.886490 (0.804600 + 0.081890),0.886461 (0.804600 + 0.081861),0.886490 (0.804600 + 0.081890),0.886490 (0.804600 + 0.081890),0.886461 (0.804600 + 0.081861),0.885587 (0.803700 + 0.081887),0.886461 (0.804600 + 0.081861),0.886461 (0.804600 + 0.081861),0.873860 (0.792000 + 0.081860),0.883892 (0.801900 + 0.081992),0.886490 (0.804600 + 0.081890),0.885663 (0.803700 + 0.081963),0.886490 (0.804600 + 0.081890),0.869325 (0.787500 + 0.081825),0.886490 (0.804600 + 0.081890),0.872855 (0.791100 + 0.081755),0.886490 (0.804600 + 0.081890),0.886490 (0.804600 + 0.081890),0.887363 (0.805500 + 0.081863),0.885587 (0.803700 + 0.081887),0.886490 (0.804600 + 0.081890),0.886490 (0.804600 + 0.081890),0.885663 (0.803700 + 0.081963),0.886461 (0.804600 + 0.081861),0.885663 (0.803700 + 0.081963),0.885663 (0.803700 + 0.081963),0.887363 (0.805500 + 0.081863),0.886490 (0.804600 + 0.081890),0.886490 (0.804600 + 0.081890),0.886490 (0.804600 + 0.081890),0.886490 (0.804600 + 0.081890),0.887363 (0.805500 + 0.081863),0.885663 (0.803700 + 0.081963),0.885663 (0.803700 + 0.081963),0.886461 (0.804600 + 0.081861),0.885663 (0.803700 + 0.081963),0.886461 (0.804600 + 0.081861),0.886563 (0.804600 + 0.081963),0.886490 (0.804600 + 0.081890),0.886461 (0.804600 + 0.081861),0.885653 (0.803700 + 0.081953),0.883770 (0.801900 + 0.081870),0.886490 (0.804600 + 0.081890),0.887356 (0.805500 + 0.081856),0.886490 (0.804600 + 0.081890),0.886453 (0.804600 + 0.081853),0.854131 (0.772200 + 0.081931),0.886461 (0.804600 + 0.081861),0.885666 (0.803700 + 0.081966),0.887363 (0.805500 + 0.081863),0.886490 (0.804600 + 0.081890),0.886461 (0.804600 + 0.081861),0.856814 (0.774900 + 0.081914),0.885656 (0.803700 + 0.081956),0.886461 (0.804600 + 0.081861),0.871158 (0.789300 + 0.081858),0.855789 (0.774000 + 0.081789),0.886461 (0.804600 + 0.081861),0.887356 (0.805500 + 0.081856),0.886560 (0.804600 + 0.081960),0.886490 (0.804600 + 0.081890),0.886482 (0.804600 + 0.081882),0.884787 (0.802800 + 0.081987),0.886461 (0.804600 + 0.081861),0.886461 (0.804600 + 0.081861),0.886461 (0.804600 + 0.081861),0.863971 (0.782100 + 0.081871),0.886461 (0.804600 + 0.081861),0.886490 (0.804600 + 0.081890),0.869339 (0.787500 + 0.081839),0.886461 (0.804600 + 0.081861),0.886461 (0.804600 + 0.081861),0.886490 (0.804600 + 0.081890)
195,0.890016 (0.808200 + 0.081816),0.887363 (0.805500 + 0.081863),0.887363 (0.805500 + 0.081863),0.887363 (0.805500 + 0.081863),0.886490 (0.804600 + 0.081890),0.887356 (0.805500 + 0.081856),0.886560 (0.804600 + 0.081960),0.887363 (0.805500 + 0.081863),0.884790 (0.802800 + 0.081990),0.887363 (0.805500 + 0.081863),0.869299 (0.787500 + 0.081799),0.887363 (0.805500 + 0.081863),0.885587 (0.803700 + 0.081887),0.886482 (0.804600 + 0.081882),0.886461 (0.804600 + 0.081861),0.887363 (0.805500 + 0.081863),0.886490 (0.804600 + 0.081890),0.884745 (0.802800 + 0.081945),0.887363 (0.805500 + 0.081863),0.885666 (0.803700 + 0.081966),0.886461 (0.804600 + 0.081861),0.886461 (0.804600 + 0.081861),0.881016 (0.799200 + 0.081816),0.887363 (0.805500 + 0.081863),0.869284 (0.787500 + 0.081784),0.886490 (0.804600 + 0.081890),0.886490 (0.804600 + 0.081890),0.887363 (0.805500 + 0.081863),0.886490 (0.804600 + 0.081890),0.886490 (0.804600 + 0.081890),0.886490 (0.804600 + 0.081890),0.886490 (0.804600 + 0.081890),0.886461 (0.804600 + 0.081861),0.886490 (0.804600 + 0.081890),0.886490 (0.804600 + 0.081890),0.876567 (0.794700 + 0.081867),0.886490 (0.804600 + 0.081890),0.886461 (0.804600 + 0.081861),0.886461 (0.804600 + 0.081861),0.886461 (0.804600 + 0.081861),0.886461 (0.804600 + 0.081861),0.886461 (0.804600 + 0.081861),0.887363 (0.805500 + 0.081863),0.887363 (0.805500 + 0.081863),0.886461 (0.804600 + 0.081861),0.887342 (0.805500 + 0.081842),0.887363 (0.805500 + 0.081863),0.886560 (0.804600 + 0.081960),0.886490 (0.804600 + 0.081890),0.886461 (0.804600 + 0.081861),0.887363 (0.805500 + 0.081863),0.887363 (0.805500 + 0.081863),0.886490 (0.804600 + 0.081890),0.886461 (0.804600 + 0.081861),0.887363 (0.805500 + 0.081863),0.886490 (0.804600 + 0.081890),0.887363 (0.805500 + 0.081863),0.885666 (0.803700 + 0.081966),0.886461 (0.804600 + 0.081861),0.884795 (0.802800 + 0.081995),0.885559 (0.803700 + 0.081859),0.886490 (0.804600 + 0.081890),0.887356 (0.805500 + 0.081856),0.887363 (0.805500 + 0.081863),0.886490 (0.804600 + 0.081890),0.886490 (0.804600 + 0.081890),0.887363 (0.805500 + 0.081863),0.886490 (0.804600 + 0.081890),0.886490 (0.804600 + 0.081890),0.887363 (0.805500 + 0.081863),0.885587 (0.803700 + 0.081887),0.886490 (0.804600 + 0.081890),0.886461 (0.804600 + 0.081861),0.886490 (0.804600 + 0.081890),0.886490 (0.804600 + 0.081890),0.886490 (0.804600 + 0.081890),0.886490 (0.804600 + 0.081890),0.886453 (0.804600 + 0.081853),0.886490 (0.804600 + 0.081890),0.887363 (0.805500 + 0.081863),0.860408 (0.778500 + 0.081908),0.886461 (0.804600 + 0.081861),0.887363 (0.805500 + 0.081863),0.885666 (0.803700 + 0.081966),0.886461 (0.804600 + 0.081861),0.886490 (0.804600 + 0.081890),0.886490 (0.804600 + 0.081890),0.887363 (0.805500 + 0.081863),0.887356 (0.805500 + 0.081856),0.883884 (0.801900 + 0.081984),0.886461 (0.804600 + 0.081861),0.886490 (0.804600 + 0.081890),0.887363 (0.805500 + 0.081863),0.886563 (0.804600 + 0.081963),0.887356 (0.805500 + 0.081856),0.884792 (0.802800 + 0.081992),0.865711 (0.783900 + 0.081811),0.886461 (0.804600 + 0.081861),0.870225 (0.788400 + 0.081825),0.886490 (0.804600 + 0.081890)
196,0.890016 (0.808200 + 0.081816),0.887363 (0.805500 + 0.081863),0.887363 (0.805500 + 0.081863),0.887363 (0.805500 + 0.081863),0.886461 (0.804600 + 0.081861),0.886461 (0.804600 + 0.081861),0.887363 (0.805500 + 0.081863),0.886490 (0.804600 + 0.081890),0.886490 (0.804600 + 0.081890),0.866596 (0.784800 + 0.081796),0.887363 (0.805500 + 0.081863),0.887363 (0.805500 + 0.081863),0.887356 (0.805500 + 0.081856),0.886461 (0.804600 + 0.081861),0.887363 (0.805500 + 0.081863),0.887363 (0.805500 + 0.081863),0.886490 (0.804600 + 0.081890),0.884792 (0.802800 + 0.081992),0.887363 (0.805500 + 0.081863),0.885666 (0.803700 + 0.081966),0.887363 (0.805500 + 0.081863),0.887363 (0.805500 + 0.081863),0.887363 (0.805500 + 0.081863),0.886490 (0.804600 + 0.081890),0.886490 (0.804600 + 0.081890),0.886490 (0.804600 + 0.081890),0.886461 (0.804600 + 0.081861),0.887363 (0.805500 + 0.081863),0.886490 (0.804600 + 0.081890),0.888264 (0.806400 + 0.081864),0.884668 (0.802800 + 0.081868),0.886490 (0.804600 + 0.081890),0.887363 (0.805500 + 0.081863),0.887363 (0.805500 + 0.081863),0.887356 (0.805500 + 0.081856),0.886453 (0.804600 + 0.081853),0.873722 (0.792000 + 0.081722),0.887363 (0.805500 + 0.081863),0.886490 (0.804600 + 0.081890),0.887356 (0.805500 + 0.081856),0.885587 (0.803700 + 0.081887),0.886490 (0.804600 + 0.081890),0.887363 (0.805500 + 0.081863),0.887363 (0.805500 + 0.081863),0.887363 (0.805500 + 0.081863),0.887363 (0.805500 + 0.081863),0.887356 (0.805500 + 0.081856),0.886490 (0.804600 + 0.081890),0.887363 (0.805500 + 0.081863),0.886490 (0.804600 + 0.081890),0.886490 (0.804600 + 0.081890),0.885587 (0.803700 + 0.081887),0.887363 (0.805500 + 0.081863),0.887363 (0.805500 + 0.081863),0.887363 (0.805500 + 0.081863),0.887363 (0.805500 + 0.081863),0.886490 (0.804600 + 0.081890),0.887363 (0.805500 + 0.081863),0.890016 (0.808200 + 0.081816),0.886490 (0.804600 + 0.081890),0.886568 (0.804600 + 0.081968),0.885666 (0.803700 + 0.081966),0.886490 (0.804600 + 0.081890),0.886490 (0.804600 + 0.081890),0.886490 (0.804600 + 0.081890),0.887363 (0.805500 + 0.081863),0.886490 (0.804600 + 0.081890),0.886490 (0.804600 + 0.081890),0.885587 (0.803700 + 0.081887),0.886490 (0.804600 + 0.081890),0.871013 (0.789300 + 0.081713),0.859368 (0.777600 + 0.081768),0.887363 (0.805500 + 0.081863),0.887363 (0.805500 + 0.081863),0.887363 (0.805500 + 0.081863),0.887342 (0.805500 + 0.081842),0.886490 (0.804600 + 0.081890),0.870222 (0.788400 + 0.081822),0.886461 (0.804600 + 0.081861),0.886461 (0.804600 + 0.081861),0.886560 (0.804600 + 0.081960),0.887363 (0.805500 + 0.081863),0.886461 (0.804600 + 0.081861),0.887363 (0.805500 + 0.081863),0.886461 (0.804600 + 0.081861),0.886461 (0.804600 + 0.081861),0.886490 (0.804600 + 0.081890),0.886461 (0.804600 + 0.081861),0.886563 (0.804600 + 0.081963),0.877369 (0.795600 + 0.081769),0.887363 (0.805500 + 0.081863),0.885587 (0.803700 + 0.081887),0.886461 (0.804600 + 0.081861),0.886490 (0.804600 + 0.081890),0.886490 (0.804600 + 0.081890),0.886490 (0.804600 + 0.081890),0.886490 (0.804600 + 0.081890),0.887363 (0.805500 + 0.081863),0.886461 (0.804600 + 0.081861),0.887363 (0.805500 + 0.081863)
197,0.890016 (0.808200 + 0.081816),0.890016 (0.808200 + 0.081816),0.888264 (0.806400 + 0.081864),0.886461 (0.804600 + 0.081861),0.886461 (0.804600 + 0.081861),0.886490 (0.804600 + 0.081890),0.887363 (0.805500 + 0.081863),0.887363 (0.805500 + 0.081863),0.887363 (0.805500 + 0.081863),0.886490 (0.804600 + 0.081890),0.886490 (0.804600 + 0.081890),0.887363 (0.805500 + 0.081863),0.887363 (0.805500 + 0.081863),0.887363 (0.805500 + 0.081863),0.886490 (0.804600 + 0.081890),0.874803 (0.792900 + 0.081903),0.886490 (0.804600 + 0.081890),0.886490 (0.804600 + 0.081890),0.887363 (0.805500 + 0.081863),0.890016 (0.808200 + 0.081816),0.886490 (0.804600 + 0.081890),0.886490 (0.804600 + 0.081890),0.887363 (0.805500 + 0.081863),0.886490 (0.804600 + 0.081890),0.874500 (0.792900 + 0.081600),0.887363 (0.805500 + 0.081863),0.887363 (0.805500 + 0.081863),0.886461 (0.804600 + 0.081861),0.886461 (0.804600 + 0.081861),0.886490 (0.804600 + 0.081890),0.885470 (0.803700 + 0.081770),0.865678 (0.783900 + 0.081778),0.887363 (0.805500 + 0.081863),0.886490 (0.804600 + 0.081890),0.887363 (0.805500 + 0.081863),0.887363 (0.805500 + 0.081863),0.887363 (0.805500 + 0.081863),0.887363 (0.805500 + 0.081863),0.887363 (0.805500 + 0.081863),0.887363 (0.805500 + 0.081863),0.868434 (0.786600 + 0.081834),0.886490 (0.804600 + 0.081890),0.865632 (0.783900 + 0.081732),0.886490 (0.804600 + 0.081890),0.870286 (0.788400 + 0.081886),0.859315 (0.777600 + 0.081715),0.887363 (0.805500 + 0.081863),0.886490 (0.804600 + 0.081890),0.887363 (0.805500 + 0.081863),0.887363 (0.805500 + 0.081863),0.887363 (0.805500 + 0.081863),0.887363 (0.805500 + 0.081863),0.886490 (0.804600 + 0.081890),0.890016 (0.808200 + 0.081816),0.886490 (0.804600 + 0.081890),0.886563 (0.804600 + 0.081963),0.886490 (0.804600 + 0.081890),0.887363 (0.805500 + 0.081863),0.886490 (0.804600 + 0.081890),0.886490 (0.804600 + 0.081890),0.887363 (0.805500 + 0.081863),0.886490 (0.804600 + 0.081890),0.890037 (0.808200 + 0.081837),0.886490 (0.804600 + 0.081890),0.887363 (0.805500 + 0.081863),0.887363 (0.805500 + 0.081863),0.866494 (0.784800 + 0.081695),0.867455 (0.785700 + 0.081755),0.887363 (0.805500 + 0.081863),0.890037 (0.808200 + 0.081837),0.885542 (0.803700 + 0.081842),0.884673 (0.802800 + 0.081873),0.884780 (0.802800 + 0.081980),0.887363 (0.805500 + 0.081863),0.887363 (0.805500 + 0.081863),0.887363 (0.805500 + 0.081863),0.887356 (0.805500 + 0.081856),0.887363 (0.805500 + 0.081863),0.886490 (0.804600 + 0.081890),0.886490 (0.804600 + 0.081890),0.886461 (0.804600 + 0.081861),0.887363 (0.805500 + 0.081863),0.887363 (0.805500 + 0.081863),0.887363 (0.805500 + 0.081863),0.887363 (0.805500 + 0.081863),0.887363 (0.805500 + 0.081863),0.886490 (0.804600 + 0.081890),0.887363 (0.805500 + 0.081863),0.887363 (0.805500 + 0.081863),0.886490 (0.804600 + 0.081890),0.886490 (0.804600 + 0.081890),0.887363 (0.805500 + 0.081863),0.887363 (0.805500 + 0.081863),0.887363 (0.805500 + 0.081863),0.886490 (0.804600 + 0.081890),0.887363 (0.805500 + 0.081863),0.880974 (0.799200 + 0.081774),0.887363 (0.805500 + 0.081863),0.887363 (0.805500 + 0.081863),0.876424 (0.794700 + 0.081724)
198,0.890037 (0.808200 + 0.081837),0.890037 (0.808200 + 0.081837),0.890016 (0.808200 + 0.081816),0.890016 (0.808200 + 0.081816),0.890016 (0.808200 + 0.081816),0.887363 (0.805500 + 0.081863),0.887363 (0.805500 + 0.081863),0.868374 (0.786600 + 0.081774),0.887363 (0.805500 + 0.081863),0.887363 (0.805500 + 0.081863),0.887363 (0.805500 + 0.081863),0.890016 (0.808200 + 0.081816),0.887363 (0.805500 + 0.081863),0.887363 (0.805500 + 0.081863),0.870993 (0.789300 + 0.081693),0.887363 (0.805500 + 0.081863),0.887363 (0.805500 + 0.081863),0.887363 (0.805500 + 0.081863),0.887363 (0.805500 + 0.081863),0.864866 (0.783000 + 0.081866),0.890016 (0.808200 + 0.081816),0.883797 (0.801900 + 0.081897),0.886461 (0.804600 + 0.081861),0.887363 (0.805500 + 0.081863),0.888264 (0.806400 + 0.081864),0.890016 (0.808200 + 0.081816),0.887363 (0.805500 + 0.081863),0.886461 (0.804600 + 0.081861),0.887363 (0.805500 + 0.081863),0.887363 (0.805500 + 0.081863),0.887363 (0.805500 + 0.081863),0.887363 (0.805500 + 0.081863),0.887363 (0.805500 + 0.081863),0.885542 (0.803700 + 0.081842),0.890037 (0.808200 + 0.081837),0.890016 (0.808200 + 0.081816),0.887363 (0.805500 + 0.081863),0.887363 (0.805500 + 0.081863),0.887363 (0.805500 + 0.081863),0.887363 (0.805500 + 0.081863),0.870185 (0.788400 + 0.081785),0.866717 (0.784800 + 0.081917),0.890016 (0.808200 + 0.081816),0.886565 (0.804600 + 0.081965),0.886461 (0.804600 + 0.081861),0.887363 (0.805500 + 0.081863),0.887363 (0.805500 + 0.081863),0.887363 (0.805500 + 0.081863),0.886490 (0.804600 + 0.081890),0.887363 (0.805500 + 0.081863),0.874500 (0.792900 + 0.081600),0.890037 (0.808200 + 0.081837),0.886461 (0.804600 + 0.081861),0.887363 (0.805500 + 0.081863),0.890016 (0.808200 + 0.081816),0.890016 (0.808200 + 0.081816),0.887363 (0.805500 + 0.081863),0.887363 (0.805500 + 0.081863),0.860300 (0.778500 + 0.081801),0.886490 (0.804600 + 0.081890),0.887363 (0.805500 + 0.081863),0.885542 (0.803700 + 0.081842),0.890037 (0.808200 + 0.081837),0.886563 (0.804600 + 0.081963),0.887363 (0.805500 + 0.081863),0.868585 (0.786600 + 0.081985),0.887363 (0.805500 + 0.081863),0.887363 (0.805500 + 0.081863),0.887363 (0.805500 + 0.081863),0.864948 (0.783000 + 0.081948),0.887363 (0.805500 + 0.081863),0.872874 (0.791100 + 0.081774),0.861967 (0.780300 + 0.081667),0.886490 (0.804600 + 0.081890),0.887363 (0.805500 + 0.081863),0.890016 (0.808200 + 0.081816),0.873752 (0.792000 + 0.081752),0.886490 (0.804600 + 0.081890),0.887363 (0.805500 + 0.081863),0.870165 (0.788400 + 0.081765),0.886461 (0.804600 + 0.081861),0.861963 (0.780300 + 0.081663),0.887363 (0.805500 + 0.081863),0.887363 (0.805500 + 0.081863),0.887363 (0.805500 + 0.081863),0.887363 (0.805500 + 0.081863),0.886490 (0.804600 + 0.081890),0.886490 (0.804600 + 0.081890),0.887363 (0.805500 + 0.081863),0.890037 (0.808200 + 0.081837),0.869297 (0.787500 + 0.081797),0.887363 (0.805500 + 0.081863),0.887363 (0.805500 + 0.081863),0.887363 (0.805500 + 0.081863),0.887363 (0.805500 + 0.081863),0.886490 (0.804600 + 0.081890),0.887363 (0.805500 + 0.081863),0.870091 (0.788400 + 0.081691),0.887363 (0.805500 + 0.081863),0.887363 (0.805500 + 0.081863)
199,0.890037 (0.808200 + 0.081837),0.890037 (0.808200 + 0.081837),0.890037 (0.808200 + 0.081837),0.887363 (0.805500 + 0.081863),0.863127 (0.781200 + 0.081927),0.887363 (0.805500 + 0.081863),0.888264 (0.806400 + 0.081864),0.887363 (0.805500 + 0.081863),0.890016 (0.808200 + 0.081816),0.887363 (0.805500 + 0.081863),0.890016 (0.808200 + 0.081816),0.887363 (0.805500 + 0.081863),0.864779 (0.783000 + 0.081779),0.860334 (0.778500 + 0.081834),0.887363 (0.805500 + 0.081863),0.890037 (0.808200 + 0.081837),0.888264 (0.806400 + 0.081864),0.890016 (0.808200 + 0.081816),0.890037 (0.808200 + 0.081837),0.890016 (0.808200 + 0.081816),0.887363 (0.805500 + 0.081863),0.890016 (0.808200 + 0.081816),0.887363 (0.805500 + 0.081863),0.890016 (0.808200 + 0.081816),0.887363 (0.805500 + 0.081863),0.890019 (0.808200 + 0.081819),0.886461 (0.804600 + 0.081861),0.871994 (0.790200 + 0.081794),0.887363 (0.805500 + 0.081863),0.887363 (0.805500 + 0.081863),0.890016 (0.808200 + 0.081816),0.887363 (0.805500 + 0.081863),0.887363 (0.805500 + 0.081863),0.887363 (0.805500 + 0.081863),0.886490 (0.804600 + 0.081890),0.863091 (0.781200 + 0.081891),0.862846 (0.781200 + 0.081646),0.860317 (0.778500 + 0.081817),0.890016 (0.808200 + 0.081816),0.887363 (0.805500 + 0.081863),0.886490 (0.804600 + 0.081890),0.887363 (0.805500 + 0.081863),0.886490 (0.804600 + 0.081890),0.887363 (0.805500 + 0.081863),0.890016 (0.808200 + 0.081816),0.883797 (0.801900 + 0.081897),0.887363 (0.805500 + 0.081863),0.868361 (0.786600 + 0.081761),0.887363 (0.805500 + 0.081863),0.890016 (0.808200 + 0.081816),0.890016 (0.808200 + 0.081816),0.887363 (0.805500 + 0.081863),0.890016 (0.808200 + 0.081816),0.887363 (0.805500 + 0.081863),0.887363 (0.805500 + 0.081863),0.890016 (0.808200 + 0.081816),0.890016 (0.808200 + 0.081816),0.887363 (0.805500 + 0.081863),0.886565 (0.804600 + 0.081965),0.887363 (0.805500 + 0.081863),0.887363 (0.805500 + 0.081863),0.887363 (0.805500 + 0.081863),0.887363 (0.805500 + 0.081863),0.887363 (0.805500 + 0.081863),0.887363 (0.805500 + 0.081863),0.876672 (0.794700 + 0.081972),0.890037 (0.808200 + 0.081837),0.890016 (0.808200 + 0.081816),0.890037 (0.808200 + 0.081837),0.887363 (0.805500 + 0.081863),0.887363 (0.805500 + 0.081863),0.887363 (0.805500 + 0.081863),0.887363 (0.805500 + 0.081863),0.887363 (0.805500 + 0.081863),0.887363 (0.805500 + 0.081863),0.887363 (0.805500 + 0.081863),0.887363 (0.805500 + 0.081863),0.887363 (0.805500 + 0.081863),0.886461 (0.804600 + 0.081861),0.890037 (0.808200 + 0.081837),0.890016 (0.808200 + 0.081816),0.890016 (0.808200 + 0.081816),0.890016 (0.808200 + 0.081816),0.887363 (0.805500 + 0.081863),0.887363 (0.805500 + 0.081863),0.890016 (0.808200 + 0.081816),0.887363 (0.805500 + 0.081863),0.887363 (0.805500 + 0.081863),0.887363 (0.805500 + 0.081863),0.890016 (0.808200 + 0.081816),0.887363 (0.805500 + 0.081863),0.887363 (0.805500 + 0.081863),0.887363 (0.805500 + 0.081863),0.887363 (0.805500 + 0.081863),0.887363 (0.805500 + 0.081863),0.886565 (0.804600 + 0.081965),0.886461 (0.804600 + 0.081861),0.890016 (0.808200 + 0.081816),0.887363 (0.805500 + 0.081863),0.887363 (0.805500 + 0.081863)
200,0.890037 (0.808200 + 0.081837),0.890037 (0.808200 + 0.081837),0.890037 (0.808200 + 0.081837),0.864831 (0.783000 + 0.081831),0.890016 (0.808200 + 0.081816),0.890037 (0.808200 + 0.081837),0.890016 (0.808200 + 0.081816),0.887363 (0.805500 + 0.081863),0.890037 (0.808200 + 0.081837),0.890037 (0.808200 + 0.081837),0.885542 (0.803700 + 0.081842),0.890037 (0.808200 + 0.081837),0.886565 (0.804600 + 0.081965),0.890037 (0.808200 + 0.081837),0.887363 (0.805500 + 0.081863),0.890016 (0.808200 + 0.081816),0.890016 (0.808200 + 0.081816),0.890016 (0.808200 + 0.081816),0.887363 (0.805500 + 0.081863),0.887363 (0.805500 + 0.081863),0.890016 (0.808200 + 0.081816),0.885542 (0.803700 + 0.081842),0.890037 (0.808200 + 0.081837),0.881725 (0.800100 + 0.081625),0.890037 (0.808200 + 0.081837),0.887363 (0.805500 + 0.081863),0.890019 (0.808200 + 0.081819),0.887363 (0.805500 + 0.081863),0.863837 (0.782100 + 0.081737),0.890016 (0.808200 + 0.081816),0.890016 (0.808200 + 0.081816),0.866705 (0.784800 + 0.081905),0.890016 (0.808200 + 0.081816),0.890037 (0.808200 + 0.081837),0.887363 (0.805500 + 0.081863),0.886490 (0.804600 + 0.081890),0.890037 (0.808200 + 0.081837),0.890016 (0.808200 + 0.081816),0.890016 (0.808200 + 0.081816),0.890037 (0.808200 + 0.081837),0.871044 (0.789300 + 0.081744),0.887363 (0.805500 + 0.081863),0.887363 (0.805500 + 0.081863),0.874697 (0.792900 + 0.081797),0.887363 (0.805500 + 0.081863),0.890037 (0.808200 + 0.081837),0.890016 (0.808200 + 0.081816),0.890037 (0.808200 + 0.081837),0.890016 (0.808200 + 0.081816),0.885542 (0.803700 + 0.081842),0.890037 (0.808200 + 0.081837),0.890037 (0.808200 + 0.081837),0.887363 (0.805500 + 0.081863),0.887363 (0.805500 + 0.081863),0.890016 (0.808200 + 0.081816),0.887363 (0.805500 + 0.081863),0.890037 (0.808200 + 0.081837),0.890016 (0.808200 + 0.081816),0.861929 (0.780300 + 0.081629),0.887363 (0.805500 + 0.081863),0.890019 (0.808200 + 0.081819),0.887363 (0.805500 + 0.081863),0.890016 (0.808200 + 0.081816),0.890016 (0.808200 + 0.081816),0.887363 (0.805500 + 0.081863),0.890016 (0.808200 + 0.081816),0.887363 (0.805500 + 0.081863),0.890019 (0.808200 + 0.081819),0.887363 (0.805500 + 0.081863),0.890940 (0.809100 + 0.081840),0.886461 (0.804600 + 0.081861),0.888264 (0.806400 + 0.081864),0.887363 (0.805500 + 0.081863),0.890016 (0.808200 + 0.081816),0.890037 (0.808200 + 0.081837),0.890016 (0.808200 + 0.081816),0.887363 (0.805500 + 0.081863),0.887363 (0.805500 + 0.081863),0.887363 (0.805500 + 0.081863),0.890016 (0.808200 + 0.081816),0.890037 (0.808200 + 0.081837),0.887363 (0.805500 + 0.081863),0.886461 (0.804600 + 0.081861),0.890016 (0.808200 + 0.081816),0.864593 (0.783000 + 0.081593),0.887363 (0.805500 + 0.081863),0.887363 (0.805500 + 0.081863),0.890016 (0.808200 + 0.081816),0.887363 (0.805500 + 0.081863),0.887363 (0.805500 + 0.081863),0.887363 (0.805500 + 0.081863),0.890016 (0.808200 + 0.081816),0.887363 (0.805500 + 0.081863),0.887363 (0.805500 + 0.081863),0.890016 (0.808200 + 0.081816),0.887363 (0.805500 + 0.081863),0.887363 (0.805500 + 0.081863),0.887363 (0.805500 + 0.081863),0.890016 (0.808200 + 0.081816),0.890037 (0.808200 + 0.081837)
201,0.890940 (0.809100 + 0.081840),0.890037 (0.808200 + 0.081837),0.890037 (0.808200 + 0.081837),0.868269 (0.786600 + 0.081669),0.890037 (0.808200 + 0.081837),0.890037 (0.808200 + 0.081837),0.890019 (0.808200 + 0.081819),0.887363 (0.805500 + 0.081863),0.873845 (0.792000 + 0.081845),0.890037 (0.808200 + 0.081837),0.890016 (0.808200 + 0.081816),0.887363 (0.805500 + 0.081863),0.890016 (0.808200 + 0.081816),0.890037 (0.808200 + 0.081837),0.890016 (0.808200 + 0.081816),0.863174 (0.781200 + 0.081974),0.887363 (0.805500 + 0.081863),0.890037 (0.808200 + 0.081837),0.890037 (0.808200 + 0.081837),0.890037 (0.808200 + 0.081837),0.869281 (0.787500 + 0.081781),0.890037 (0.808200 + 0.081837),0.890016 (0.808200 + 0.081816),0.887363 (0.805500 + 0.081863),0.890016 (0.808200 + 0.081816),0.890016 (0.808200 + 0.081816),0.890037 (0.808200 + 0.081837),0.890940 (0.809100 + 0.081840),0.890037 (0.808200 + 0.081837),0.890037 (0.808200 + 0.081837),0.887363 (0.805500 + 0.081863),0.887363 (0.805500 + 0.081863),0.890037 (0.808200 + 0.081837),0.890019 (0.808200 + 0.081819),0.890037 (0.808200 + 0.081837),0.890016 (0.808200 + 0.081816),0.887363 (0.805500 + 0.081863),0.890019 (0.808200 + 0.081819),0.887363 (0.805500 + 0.081863),0.890940 (0.809100 + 0.081840),0.890037 (0.808200 + 0.081837),0.890037 (0.808200 + 0.081837),0.890016 (0.808200 + 0.081816),0.890016 (0.808200 + 0.081816),0.890037 (0.808200 + 0.081837),0.890016 (0.808200 + 0.081816),0.890016 (0.808200 + 0.081816),0.887363 (0.805500 + 0.081863),0.887363 (0.805500 + 0.081863),0.890016 (0.808200 + 0.081816),0.890019 (0.808200 + 0.081819),0.868443 (0.786600 + 0.081843),0.890016 (0.808200 + 0.081816),0.890016 (0.808200 + 0.081816),0.887363 (0.805500 + 0.081863),0.890016 (0.808200 + 0.081816),0.885542 (0.803700 + 0.081842),0.890016 (0.808200 + 0.081816),0.887363 (0.805500 + 0.081863),0.887363 (0.805500 + 0.081863),0.890016 (0.808200 + 0.081816),0.890016 (0.808200 + 0.081816),0.886490 (0.804600 + 0.081890),0.890037 (0.808200 + 0.081837),0.890016 (0.808200 + 0.081816),0.876546 (0.794700 + 0.081846),0.890016 (0.808200 + 0.081816),0.887363 (0.805500 + 0.081863),0.890016 (0.808200 + 0.081816),0.890037 (0.808200 + 0.081837),0.890037 (0.808200 + 0.081837),0.890016 (0.808200 + 0.081816),0.890016 (0.808200 + 0.081816),0.890016 (0.808200 + 0.081816),0.890037 (0.808200 + 0.081837),0.885539 (0.803700 + 0.081839),0.890037 (0.808200 + 0.081837),0.886490 (0.804600 + 0.081890),0.887363 (0.805500 + 0.081863),0.890016 (0.808200 + 0.081816),0.890037 (0.808200 + 0.081837),0.890016 (0.808200 + 0.081816),0.872750 (0.791100 + 0.081650),0.890037 (0.808200 + 0.081837),0.890016 (0.808200 + 0.081816),0.890016 (0.808200 + 0.081816),0.890016 (0.808200 + 0.081816),0.874890 (0.792900 + 0.081990),0.890037 (0.808200 + 0.081837),0.879175 (0.797400 + 0.081775),0.878338 (0.796500 + 0.081838),0.890037 (0.808200 + 0.081837),0.890037 (0.808200 + 0.081837),0.890016 (0.808200 + 0.081816),0.890037 (0.808200 + 0.081837),0.890037 (0.808200 + 0.081837),0.890016 (0.808200 + 0.081816),0.880062 (0.798300 + 0.081762),0.881999 (0.800100 + 0.081899),0.890037 (0.808200 + 0.081837)
202,0.890940 (0.809100 + 0.081840),0.890940 (0.809100 + 0.081840),0.890940 (0.809100 + 0.081840),0.890016 (0.808200 + 0.081816),0.890037 (0.808200 + 0.081837),0.890037 (0.808200 + 0.081837),0.890037 (0.808200 + 0.081837),0.890016 (0.808200 + 0.081816),0.863903 (0.782100 + 0.081803),0.890019 (0.808200 + 0.081819),0.890019 (0.808200 + 0.081819),0.890016 (0.808200 + 0.081816),0.890940 (0.809100 + 0.081840),0.890037 (0.808200 + 0.081837),0.890037 (0.808200 + 0.081837),0.890016 (0.808200 + 0.081816),0.890037 (0.808200 + 0.081837),0.890037 (0.808200 + 0.081837),0.890016 (0.808200 + 0.081816),0.890940 (0.809100 + 0.081840),0.890016 (0.808200 + 0.081816),0.890037 (0.808200 + 0.081837),0.890037 (0.808200 + 0.081837),0.890037 (0.808200 + 0.081837),0.890037 (0.808200 + 0.081837),0.890037 (0.808200 + 0.081837),0.890037 (0.808200 + 0.081837),0.890037 (0.808200 + 0.081837),0.890037 (0.808200 + 0.081837),0.890016 (0.808200 + 0.081816),0.890037 (0.808200 + 0.081837),0.890037 (0.808200 + 0.081837),0.890037 (0.808200 + 0.081837),0.890037 (0.808200 + 0.081837),0.890037 (0.808200 + 0.081837),0.870263 (0.788400 + 0.081863),0.855726 (0.774000 + 0.081726),0.890037 (0.808200 + 0.081837),0.887363 (0.805500 + 0.081863),0.890037 (0.808200 + 0.081837),0.890037 (0.808200 + 0.081837),0.887363 (0.805500 + 0.081863),0.890037 (0.808200 + 0.081837),0.885542 (0.803700 + 0.081842),0.890037 (0.808200 + 0.081837),0.890037 (0.808200 + 0.081837),0.890037 (0.808200 + 0.081837),0.890037 (0.808200 + 0.081837),0.890016 (0.808200 + 0.081816),0.890940 (0.809100 + 0.081840),0.890037 (0.808200 + 0.081837),0.865779 (0.783900 + 0.081879),0.890037 (0.808200 + 0.081837),0.890037 (0.808200 + 0.081837),0.890037 (0.808200 + 0.081837),0.890037 (0.808200 + 0.081837),0.890016 (0.808200 + 0.081816),0.890037 (0.808200 + 0.081837),0.890037 (0.808200 + 0.081837),0.890037 (0.808200 + 0.081837),0.890037 (0.808200 + 0.081837),0.886490 (0.804600 + 0.081890),0.890037 (0.808200 + 0.081837),0.890037 (0.808200 + 0.081837),0.887363 (0.805500 + 0.081863),0.890940 (0.809100 + 0.081840),0.890037 (0.808200 + 0.081837),0.890037 (0.808200 + 0.081837),0.887363 (0.805500 + 0.081863),0.890940 (0.809100 + 0.081840),0.890016 (0.808200 + 0.081816),0.890016 (0.808200 + 0.081816),0.890037 (0.808200 + 0.081837),0.890016 (0.808200 + 0.081816),0.890037 (0.808200 + 0.081837),0.890016 (0.808200 + 0.081816),0.890016 (0.808200 + 0.081816),0.890016 (0.808200 + 0.081816),0.890037 (0.808200 + 0.081837),0.890016 (0.808200 + 0.081816),0.890037 (0.808200 + 0.081837),0.890037 (0.808200 + 0.081837),0.883658 (0.801900 + 0.081758),0.862961 (0.781200 + 0.081761),0.876466 (0.794700 + 0.081766),0.890016 (0.808200 + 0.081816),0.890037 (0.808200 + 0.081837),0.890037 (0.808200 + 0.081837),0.890037 (0.808200 + 0.081837),0.890016 (0.808200 + 0.081816),0.890940 (0.809100 + 0.081840),0.890016 (0.808200 + 0.081816),0.890016 (0.808200 + 0.081816),0.890016 (0.808200 + 0.081816),0.890016 (0.808200 + 0.081816),0.890037 (0.808200 + 0.081837),0.890016 (0.808200 + 0.081816),0.890037 (0.808200 + 0.081837),0.875596 (0.793800 + 0.081796),0.890037 (0.808200 + 0.081837)
203,0.890940 (0.809100 + 0.081840),0.890940 (0.809100 + 0.081840),0.890940 (0.809100 + 0.081840),0.890037 (0.808200 + 0.081837),0.890037 (0.808200 + 0.081837),0.890037 (0.808200 + 0.081837),0.890037 (0.808200 + 0.081837),0.890037 (0.808200 + 0.081837),0.890037 (0.808200 + 0.081837),0.890037 (0.808200 + 0.081837),0.890037 (0.808200 + 0.081837),0.890037 (0.808200 + 0.081837),0.890037 (0.808200 + 0.081837),0.863852 (0.782100 + 0.081752),0.890037 (0.808200 + 0.081837),0.890037 (0.808200 + 0.081837),0.890037 (0.808200 + 0.081837),0.890940 (0.809100 + 0.081840),0.890016 (0.808200 + 0.081816),0.890037 (0.808200 + 0.081837),0.890037 (0.808200 + 0.081837),0.890037 (0.808200 + 0.081837),0.890940 (0.809100 + 0.081840),0.890016 (0.808200 + 0.081816),0.890037 (0.808200 + 0.081837),0.890037 (0.808200 + 0.081837),0.890037 (0.808200 + 0.081837),0.890940 (0.809100 + 0.081840),0.890037 (0.808200 + 0.081837),0.890940 (0.809100 + 0.081840),0.890037 (0.808200 + 0.081837),0.890016 (0.808200 + 0.081816),0.890019 (0.808200 + 0.081819),0.890037 (0.808200 + 0.081837),0.890037 (0.808200 + 0.081837),0.890940 (0.809100 + 0.081840),0.890940 (0.809100 + 0.081840),0.886490 (0.804600 + 0.081890),0.890037 (0.808200 + 0.081837),0.890037 (0.808200 + 0.081837),0.890037 (0.808200 + 0.081837),0.862028 (0.780300 + 0.081728),0.890037 (0.808200 + 0.081837),0.890037 (0.808200 + 0.081837),0.890037 (0.808200 + 0.081837),0.890037 (0.808200 + 0.081837),0.890037 (0.808200 + 0.081837),0.890037 (0.808200 + 0.081837),0.890037 (0.808200 + 0.081837),0.865625 (0.783900 + 0.081725),0.890037 (0.808200 + 0.081837),0.890037 (0.808200 + 0.081837),0.890037 (0.808200 + 0.081837),0.890037 (0.808200 + 0.081837),0.890037 (0.808200 + 0.081837),0.890940 (0.809100 + 0.081840),0.890037 (0.808200 + 0.081837),0.890940 (0.809100 + 0.081840),0.890037 (0.808200 + 0.081837),0.890037 (0.808200 + 0.081837),0.890037 (0.808200 + 0.081837),0.890016 (0.808200 + 0.081816),0.870218 (0.788400 + 0.081818),0.890037 (0.808200 + 0.081837),0.890016 (0.808200 + 0.081816),0.890037 (0.808200 + 0.081837),0.890940 (0.809100 + 0.081840),0.890940 (0.809100 + 0.081840),0.872970 (0.791100 + 0.081870),0.890037 (0.808200 + 0.081837),0.890037 (0.808200 + 0.081837),0.890037 (0.808200 + 0.081837),0.890037 (0.808200 + 0.081837),0.890037 (0.808200 + 0.081837),0.890037 (0.808200 + 0.081837),0.878219 (0.796500 + 0.081719),0.890940 (0.809100 + 0.081840),0.890940 (0.809100 + 0.081840),0.890037 (0.808200 + 0.081837),0.890037 (0.808200 + 0.081837),0.890037 (0.808200 + 0.081837),0.890037 (0.808200 + 0.081837),0.890037 (0.808200 + 0.081837),0.890037 (0.808200 + 0.081837),0.890037 (0.808200 + 0.081837),0.890037 (0.808200 + 0.081837),0.890037 (0.808200 + 0.081837),0.890037 (0.808200 + 0.081837),0.890019 (0.808200 + 0.081819),0.856669 (0.774900 + 0.081770),0.890037 (0.808200 + 0.081837),0.890037 (0.808200 + 0.081837),0.890037 (0.808200 + 0.081837),0.890037 (0.808200 + 0.081837),0.890037 (0.808200 + 0.081837),0.890037 (0.808200 + 0.081837),0.890037 (0.808200 + 0.081837),0.890037 (0.808200 + 0.081837),0.890037 (0.808200 + 0.081837),0.890037 (0.808200 + 0.081837)
204,0.890940 (0.809100 + 0.081840),0.890940 (0.809100 + 0.081840),0.890940 (0.809100 + 0.081840),0.873843 (0.792000 + 0.081843),0.890037 (0.808200 + 0.081837),0.890037 (0.808200 + 0.081837),0.890037 (0.808200 + 0.081837),0.890037 (0.808200 + 0.081837),0.890037 (0.808200 + 0.081837),0.890037 (0.808200 + 0.081837),0.890940 (0.809100 + 0.081840),0.890037 (0.808200 + 0.081837),0.890940 (0.809100 + 0.081840),0.890037 (0.808200 + 0.081837),0.890940 (0.809100 + 0.081840),0.890037 (0.808200 + 0.081837),0.890940 (0.809100 + 0.081840),0.890037 (0.808200 + 0.081837),0.879892 (0.798300 + 0.081592),0.890037 (0.808200 + 0.081837),0.890940 (0.809100 + 0.081840),0.890940 (0.809100 + 0.081840),0.890037 (0.808200 + 0.081837),0.890940 (0.809100 + 0.081840),0.890037 (0.808200 + 0.081837),0.890037 (0.808200 + 0.081837),0.890940 (0.809100 + 0.081840),0.890940 (0.809100 + 0.081840),0.890037 (0.808200 + 0.081837),0.890037 (0.808200 + 0.081837),0.890940 (0.809100 + 0.081840),0.890037 (0.808200 + 0.081837),0.890037 (0.808200 + 0.081837),0.890940 (0.809100 + 0.081840),0.890037 (0.808200 + 0.081837),0.890037 (0.808200 + 0.081837),0.890037 (0.808200 + 0.081837),0.890037 (0.808200 + 0.081837),0.890940 (0.809100 + 0.081840),0.890037 (0.808200 + 0.081837),0.890037 (0.808200 + 0.081837),0.890037 (0.808200 + 0.081837),0.890037 (0.808200 + 0.081837),0.869910 (0.788400 + 0.081510),0.890037 (0.808200 + 0.081837),0.890037 (0.808200 + 0.081837),0.890037 (0.808200 + 0.081837),0.890940 (0.809100 + 0.081840),0.856999 (0.774900 + 0.082099),0.890037 (0.808200 + 0.081837),0.890037 (0.808200 + 0.081837),0.890940 (0.809100 + 0.081840),0.890940 (0.809100 + 0.081840),0.890037 (0.808200 + 0.081837),0.890037 (0.808200 + 0.081837),0.890037 (0.808200 + 0.081837),0.890037 (0.808200 + 0.081837),0.890037 (0.808200 + 0.081837),0.890037 (0.808200 + 0.081837),0.890037 (0.808200 + 0.081837),0.890037 (0.808200 + 0.081837),0.890940 (0.809100 + 0.081840),0.890037 (0.808200 + 0.081837),0.890940 (0.809100 + 0.081840),0.890037 (0.808200 + 0.081837),0.890037 (0.808200 + 0.081837),0.890037 (0.808200 + 0.081837),0.890940 (0.809100 + 0.081840),0.890037 (0.808200 + 0.081837),0.890037 (0.808200 + 0.081837),0.872868 (0.791100 + 0.081768),0.890940 (0.809100 + 0.081840),0.890037 (0.808200 + 0.081837),0.890037 (0.808200 + 0.081837),0.890037 (0.808200 + 0.081837),0.890037 (0.808200 + 0.081837),0.890037 (0.808200 + 0.081837),0.890940 (0.809100 + 0.081840),0.890037 (0.808200 + 0.081837),0.890037 (0.808200 + 0.081837),0.890037 (0.808200 + 0.081837),0.890940 (0.809100 + 0.081840),0.872756 (0.791100 + 0.081656),0.890037 (0.808200 + 0.081837),0.890037 (0.808200 + 0.081837),0.890037 (0.808200 + 0.081837),0.890037 (0.808200 + 0.081837),0.890940 (0.809100 + 0.081840),0.890940 (0.809100 + 0.081840),0.890940 (0.809100 + 0.081840),0.890037 (0.808200 + 0.081837),0.890940 (0.809100 + 0.081840),0.890037 (0.808200 + 0.081837),0.890037 (0.808200 + 0.081837),0.890037 (0.808200 + 0.081837),0.890940 (0.809100 + 0.081840),0.890037 (0.808200 + 0.081837),0.890940 (0.809100 + 0.081840),0.890940 (0.809100 + 0.081840),0.890940 (0.809100 + 0.081840)
205,0.890940 (0.809100 + 0.081840),0.890940 (0.809100 + 0.081840),0.890940 (0.809100 + 0.081840),0.890037 (0.808200 + 0.081837),0.890940 (0.809100 + 0.081840),0.881780 (0.800100 + 0.081680),0.870967 (0.789300 + 0.081667),0.890940 (0.809100 + 0.081840),0.890037 (0.808200 + 0.081837),0.890037 (0.808200 + 0.081837),0.890940 (0.809100 + 0.081840),0.890940 (0.809100 + 0.081840),0.875584 (0.793800 + 0.081784),0.890037 (0.808200 + 0.081837),0.890037 (0.808200 + 0.081837),0.890940 (0.809100 + 0.081840),0.890940 (0.809100 + 0.081840),0.890940 (0.809100 + 0.081840),0.890940 (0.809100 + 0.081840),0.890940 (0.809100 + 0.081840),0.890940 (0.809100 + 0.081840),0.882792 (0.801000 + 0.081792),0.890037 (0.808200 + 0.081837),0.890037 (0.808200 + 0.081837),0.890940 (0.809100 + 0.081840),0.890940 (0.809100 + 0.081840),0.890940 (0.809100 + 0.081840),0.890940 (0.809100 + 0.081840),0.890940 (0.809100 + 0.081840),0.890940 (0.809100 + 0.081840),0.890037 (0.808200 + 0.081837),0.890940 (0.809100 + 0.081840),0.890940 (0.809100 + 0.081840),0.890037 (0.808200 + 0.081837),0.890940 (0.809100 + 0.081840),0.890940 (0.809100 + 0.081840),0.890940 (0.809100 + 0.081840),0.890940 (0.809100 + 0.081840),0.890940 (0.809100 + 0.081840),0.890037 (0.808200 + 0.081837),0.868282 (0.786600 + 0.081682),0.890037 (0.808200 + 0.081837),0.890940 (0.809100 + 0.081840),0.890940 (0.809100 + 0.081840),0.890940 (0.809100 + 0.081840),0.890940 (0.809100 + 0.081840),0.890037 (0.808200 + 0.081837),0.890037 (0.808200 + 0.081837),0.878283 (0.796500 + 0.081783),0.890037 (0.808200 + 0.081837),0.890037 (0.808200 + 0.081837),0.890940 (0.809100 + 0.081840),0.890037 (0.808200 + 0.081837),0.890940 (0.809100 + 0.081840),0.890940 (0.809100 + 0.081840),0.890940 (0.809100 + 0.081840),0.890940 (0.809100 + 0.081840),0.890940 (0.809100 + 0.081840),0.890037 (0.808200 + 0.081837),0.890037 (0.808200 + 0.081837),0.890037 (0.808200 + 0.081837),0.866762 (0.784800 + 0.081962),0.890037 (0.808200 + 0.081837),0.890037 (0.808200 + 0.081837),0.890940 (0.809100 + 0.081840),0.890940 (0.809100 + 0.081840),0.890940 (0.809100 + 0.081840),0.890940 (0.809100 + 0.081840),0.890037 (0.808200 + 0.081837),0.890940 (0.809100 + 0.081840),0.890037 (0.808200 + 0.081837),0.890037 (0.808200 + 0.081837),0.890940 (0.809100 + 0.081840),0.890037 (0.808200 + 0.081837),0.890940 (0.809100 + 0.081840),0.890940 (0.809100 + 0.081840),0.890037 (0.808200 + 0.081837),0.890037 (0.808200 + 0.081837),0.890940 (0.809100 + 0.081840),0.890037 (0.808200 + 0.081837),0.890037 (0.808200 + 0.081837),0.890037 (0.808200 + 0.081837),0.890037 (0.808200 + 0.081837),0.890037 (0.808200 + 0.081837),0.890037 (0.808200 + 0.081837),0.890037 (0.808200 + 0.081837),0.890037 (0.808200 + 0.081837),0.890940 (0.809100 + 0.081840),0.890037 (0.808200 + 0.081837),0.890940 (0.809100 + 0.081840),0.890037 (0.808200 + 0.081837),0.890037 (0.808200 + 0.081837),0.890037 (0.808200 + 0.081837),0.890940 (0.809100 + 0.081840),0.890037 (0.808200 + 0.081837),0.890940 (0.809100 + 0.081840),0.890940 (0.809100 + 0.081840),0.890037 (0.808200 + 0.081837),0.890940 (0.809100 + 0.081840),0.873732 (0.792000 + 0.081732)
206,0.890940 (0.809100 + 0.081840),0.890940 (0.809100 + 0.081840),0.890940 (0.809100 + 0.081840),0.890940 (0.809100 + 0.081840),0.890037 (0.808200 + 0.081837),0.878312 (0.796500 + 0.081812),0.890940 (0.809100 + 0.081840),0.890940 (0.809100 + 0.081840),0.864581 (0.783000 + 0.081581),0.890940 (0.809100 + 0.081840),0.890940 (0.809100 + 0.081840),0.890037 (0.808200 + 0.081837),0.881045 (0.799200 + 0.081845),0.890940 (0.809100 + 0.081840),0.890940 (0.809100 + 0.081840),0.890940 (0.809100 + 0.081840),0.876405 (0.794700 + 0.081705),0.863012 (0.781200 + 0.081812),0.890940 (0.809100 + 0.081840),0.890940 (0.809100 + 0.081840),0.890037 (0.808200 + 0.081837),0.890940 (0.809100 + 0.081840),0.870939 (0.789300 + 0.081639),0.890940 (0.809100 + 0.081840),0.890940 (0.809100 + 0.081840),0.890940 (0.809100 + 0.081840),0.890037 (0.808200 + 0.081837),0.890940 (0.809100 + 0.081840),0.890037 (0.808200 + 0.081837),0.890940 (0.809100 + 0.081840),0.890940 (0.809100 + 0.081840),0.890940 (0.809100 + 0.081840),0.890940 (0.809100 + 0.081840),0.890037 (0.808200 + 0.081837),0.890940 (0.809100 + 0.081840),0.890940 (0.809100 + 0.081840),0.890940 (0.809100 + 0.081840),0.890940 (0.809100 + 0.081840),0.890940 (0.809100 + 0.081840),0.890940 (0.809100 + 0.081840),0.864591 (0.783000 + 0.081591),0.890940 (0.809100 + 0.081840),0.890940 (0.809100 + 0.081840),0.890940 (0.809100 + 0.081840),0.890940 (0.809100 + 0.081840),0.890940 (0.809100 + 0.081840),0.886534 (0.804600 + 0.081934),0.890940 (0.809100 + 0.081840),0.890940 (0.809100 + 0.081840),0.890940 (0.809100 + 0.081840),0.890940 (0.809100 + 0.081840),0.890037 (0.808200 + 0.081837),0.878336 (0.796500 + 0.081836),0.890037 (0.808200 + 0.081837),0.890940 (0.809100 + 0.081840),0.890940 (0.809100 + 0.081840),0.890940 (0.809100 + 0.081840),0.864857 (0.783000 + 0.081857),0.890940 (0.809100 + 0.081840),0.890940 (0.809100 + 0.081840),0.890940 (0.809100 + 0.081840),0.890940 (0.809100 + 0.081840),0.890037 (0.808200 + 0.081837),0.890940 (0.809100 + 0.081840),0.890037 (0.808200 + 0.081837),0.890940 (0.809100 + 0.081840),0.890037 (0.808200 + 0.081837),0.890940 (0.809100 + 0.081840),0.873792 (0.792000 + 0.081792),0.890037 (0.808200 + 0.081837),0.890940 (0.809100 + 0.081840),0.890037 (0.808200 + 0.081837),0.890940 (0.809100 + 0.081840),0.890940 (0.809100 + 0.081840),0.883669 (0.801900 + 0.081769),0.890940 (0.809100 + 0.081840),0.890940 (0.809100 + 0.081840),0.890940 (0.809100 + 0.081840),0.890037 (0.808200 + 0.081837),0.890940 (0.809100 + 0.081840),0.890940 (0.809100 + 0.081840),0.877413 (0.795600 + 0.081813),0.890940 (0.809100 + 0.081840),0.890940 (0.809100 + 0.081840),0.890037 (0.808200 + 0.081837),0.890940 (0.809100 + 0.081840),0.890940 (0.809100 + 0.081840),0.890940 (0.809100 + 0.081840),0.890940 (0.809100 + 0.081840),0.890940 (0.809100 + 0.081840),0.890940 (0.809100 + 0.081840),0.890940 (0.809100 + 0.081840),0.890940 (0.809100 + 0.081840),0.890940 (0.809100 + 0.081840),0.890940 (0.809100 + 0.081840),0.890940 (0.809100 + 0.081840),0.890940 (0.809100 + 0.081840),0.890037 (0.808200 + 0.081837),0.890940 (0.809100 + 0.081840),0.890940 (0.809100 + 0.081840)
207,0.890940 (0.809100 + 0.081840),0.890940 (0.809100 + 0.081840),0.890940 (0.809100 + 0.081840),0.890940 (0.809100 + 0.081840),0.890940 (0.809100 + 0.081840),0.890940 (0.809100 + 0.081840),0.890940 (0.809100 + 0.081840),0.868448 (0.786600 + 0.081848),0.890940 (0.809100 + 0.081840),0.890940 (0.809100 + 0.081840),0.890940 (0.809100 + 0.081840),0.890940 (0.809100 + 0.081840),0.890940 (0.809100 + 0.081840),0.890940 (0.809100 + 0.081840),0.890940 (0.809100 + 0.081840),0.890940 (0.809100 + 0.081840),0.890940 (0.809100 + 0.081840),0.855010 (0.773100 + 0.081910),0.890940 (0.809100 + 0.081840),0.890940 (0.809100 + 0.081840),0.890940 (0.809100 + 0.081840),0.890940 (0.809100 + 0.081840),0.865673 (0.783900 + 0.081773),0.890940 (0.809100 + 0.081840),0.890940 (0.809100 + 0.081840),0.890940 (0.809100 + 0.081840),0.871872 (0.790200 + 0.081672),0.872851 (0.791100 + 0.081751),0.866570 (0.784800 + 0.081770),0.890940 (0.809100 + 0.081840),0.890037 (0.808200 + 0.081837),0.876561 (0.794700 + 0.081861),0.890037 (0.808200 + 0.081837),0.890940 (0.809100 + 0.081840),0.861174 (0.779400 + 0.081774),0.890940 (0.809100 + 0.081840),0.890940 (0.809100 + 0.081840),0.890940 (0.809100 + 0.081840),0.890940 (0.809100 + 0.081840),0.862088 (0.780300 + 0.081788),0.890940 (0.809100 + 0.081840),0.890940 (0.809100 + 0.081840),0.890940 (0.809100 + 0.081840),0.871964 (0.790200 + 0.081764),0.890940 (0.809100 + 0.081840),0.890940 (0.809100 + 0.081840),0.890940 (0.809100 + 0.081840),0.882834 (0.801000 + 0.081834),0.869239 (0.787500 + 0.081739),0.890037 (0.808200 + 0.081837),0.890940 (0.809100 + 0.081840),0.890940 (0.809100 + 0.081840),0.879024 (0.797400 + 0.081624),0.890940 (0.809100 + 0.081840),0.890037 (0.808200 + 0.081837),0.890940 (0.809100 + 0.081840),0.890940 (0.809100 + 0.081840),0.890940 (0.809100 + 0.081840),0.890940 (0.809100 + 0.081840),0.888278 (0.806400 + 0.081878),0.888296 (0.806400 + 0.081896),0.890940 (0.809100 + 0.081840),0.890037 (0.808200 + 0.081837),0.890940 (0.809100 + 0.081840),0.876546 (0.794700 + 0.081846),0.890940 (0.809100 + 0.081840),0.890940 (0.809100 + 0.081840),0.890940 (0.809100 + 0.081840),0.890940 (0.809100 + 0.081840),0.890940 (0.809100 + 0.081840),0.890940 (0.809100 + 0.081840),0.890940 (0.809100 + 0.081840),0.890940 (0.809100 + 0.081840),0.890940 (0.809100 + 0.081840),0.890940 (0.809100 + 0.081840),0.890940 (0.809100 + 0.081840),0.890940 (0.809100 + 0.081840),0.890940 (0.809100 + 0.081840),0.890940 (0.809100 + 0.081840),0.890940 (0.809100 + 0.081840),0.890037 (0.808200 + 0.081837),0.890940 (0.809100 + 0.081840),0.890940 (0.809100 + 0.081840),0.890940 (0.809100 + 0.081840),0.862126 (0.780300 + 0.081826),0.890940 (0.809100 + 0.081840),0.890940 (0.809100 + 0.081840),0.890940 (0.809100 + 0.081840),0.890037 (0.808200 + 0.081837),0.865810 (0.783900 + 0.081910),0.890940 (0.809100 + 0.081840),0.871961 (0.790200 + 0.081761),0.890940 (0.809100 + 0.081840),0.890940 (0.809100 + 0.081840),0.890940 (0.809100 + 0.081840),0.890940 (0.809100 + 0.081840),0.890940 (0.809100 + 0.081840),0.890037 (0.808200 + 0.081837),0.890940 (0.809100 + 0.081840),0.890940 (0.809100 + 0.081840)
208,0.890940 (0.809100 + 0.081840),0.890940 (0.809100 + 0.081840),0.890940 (0.809100 + 0.081840),0.890940 (0.809100 + 0.081840),0.890940 (0.809100 + 0.081840),0.890940 (0.809100 + 0.081840),0.890940 (0.809100 + 0.081840),0.890940 (0.809100 + 0.081840),0.890940 (0.809100 + 0.081840),0.890940 (0.809100 + 0.081840),0.890940 (0.809100 + 0.081840),0.890940 (0.809100 + 0.081840),0.890940 (0.809100 + 0.081840),0.890940 (0.809100 + 0.081840),0.890940 (0.809100 + 0.081840),0.881014 (0.799200 + 0.081814),0.890940 (0.809100 + 0.081840),0.890940 (0.809100 + 0.081840),0.871039 (0.789300 + 0.081739),0.890940 (0.809100 + 0.081840),0.890940 (0.809100 + 0.081840),0.890940 (0.809100 + 0.081840),0.890037 (0.808200 + 0.081837),0.890940 (0.809100 + 0.081840),0.890940 (0.809100 + 0.081840),0.890940 (0.809100 + 0.081840),0.890940 (0.809100 + 0.081840),0.890940 (0.809100 + 0.081840),0.890940 (0.809100 + 0.081840),0.890940 (0.809100 + 0.081840),0.890940 (0.809100 + 0.081840),0.890940 (0.809100 + 0.081840),0.875664 (0.793800 + 0.081864),0.872818 (0.791100 + 0.081719),0.890940 (0.809100 + 0.081840),0.890940 (0.809100 + 0.081840),0.890940 (0.809100 + 0.081840),0.890940 (0.809100 + 0.081840),0.890940 (0.809100 + 0.081840),0.890940 (0.809100 + 0.081840),0.890940 (0.809100 + 0.081840),0.890940 (0.809100 + 0.081840),0.890940 (0.809100 + 0.081840),0.890940 (0.809100 + 0.081840),0.890940 (0.809100 + 0.081840),0.890940 (0.809100 + 0.081840),0.890940 (0.809100 + 0.081840),0.890940 (0.809100 + 0.081840),0.890940 (0.809100 + 0.081840),0.890037 (0.808200 + 0.081837),0.868552 (0.786600 + 0.081952),0.890940 (0.809100 + 0.081840),0.890940 (0.809100 + 0.081840),0.890940 (0.809100 + 0.081840),0.890940 (0.809100 + 0.081840),0.890940 (0.809100 + 0.081840),0.890940 (0.809100 + 0.081840),0.890940 (0.809100 + 0.081840),0.890940 (0.809100 + 0.081840),0.890940 (0.809100 + 0.081840),0.890940 (0.809100 + 0.081840),0.890940 (0.809100 + 0.081840),0.890940 (0.809100 + 0.081840),0.890940 (0.809100 + 0.081840),0.890940 (0.809100 + 0.081840),0.890940 (0.809100 + 0.081840),0.890037 (0.808200 + 0.081837),0.869314 (0.787500 + 0.081814),0.890940 (0.809100 + 0.081840),0.890940 (0.809100 + 0.081840),0.890940 (0.809100 + 0.081840),0.890940 (0.809100 + 0.081840),0.890940 (0.809100 + 0.081840),0.890940 (0.809100 + 0.081840),0.890940 (0.809100 + 0.081840),0.890940 (0.809100 + 0.081840),0.890940 (0.809100 + 0.081840),0.863985 (0.782100 + 0.081885),0.890940 (0.809100 + 0.081840),0.890940 (0.809100 + 0.081840),0.890940 (0.809100 + 0.081840),0.890940 (0.809100 + 0.081840),0.890940 (0.809100 + 0.081840),0.890940 (0.809100 + 0.081840),0.890940 (0.809100 + 0.081840),0.890940 (0.809100 + 0.081840),0.890940 (0.809100 + 0.081840),0.890940 (0.809100 + 0.081840),0.890940 (0.809100 + 0.081840),0.890940 (0.809100 + 0.081840),0.890940 (0.809100 + 0.081840),0.890940 (0.809100 + 0.081840),0.890940 (0.809100 + 0.081840),0.890940 (0.809100 + 0.081840),0.890940 (0.809100 + 0.081840),0.890940 (0.809100 + 0.081840),0.890940 (0.809100 + 0.081840),0.890940 (0.809100 + 0.081840),0.888278 (0.806400 + 0.081878),0.890940 (0.809100 + 0.081840)
209,0.890940 (0.809100 + 0.081840),0.890940 (0.809100 + 0.081840),0.890940 (0.809100 + 0.081840),0.890940 (0.809100 + 0.081840),0.890940 (0.809100 + 0.081840),0.890940 (0.809100 + 0.081840),0.890940 (0.809100 + 0.081840),0.890940 (0.809100 + 0.081840),0.890940 (0.809100 + 0.081840),0.890940 (0.809100 + 0.081840),0.890940 (0.809100 + 0.081840),0.886474 (0.804600 + 0.081874),0.890940 (0.809100 + 0.081840),0.890940 (0.809100 + 0.081840),0.890940 (0.809100 + 0.081840),0.890940 (0.809100 + 0.081840),0.890940 (0.809100 + 0.081840),0.890940 (0.809100 + 0.081840),0.890940 (0.809100 + 0.081840),0.890940 (0.809100 + 0.081840),0.890940 (0.809100 + 0.081840),0.890940 (0.809100 + 0.081840),0.890940 (0.809100 + 0.081840),0.890940 (0.809100 + 0.081840),0.890940 (0.809100 + 0.081840),0.855799 (0.774000 + 0.081799),0.890940 (0.809100 + 0.081840),0.890940 (0.809100 + 0.081840),0.890940 (0.809100 + 0.081840),0.890940 (0.809100 + 0.081840),0.890940 (0.809100 + 0.081840),0.890940 (0.809100 + 0.081840),0.890940 (0.809100 + 0.081840),0.890940 (0.809100 + 0.081840),0.890940 (0.809100 + 0.081840),0.890940 (0.809100 + 0.081840),0.890940 (0.809100 + 0.081840),0.890940 (0.809100 + 0.081840),0.890940 (0.809100 + 0.081840),0.890940 (0.809100 + 0.081840),0.890940 (0.809100 + 0.081840),0.890940 (0.809100 + 0.081840),0.890940 (0.809100 + 0.081840),0.890940 (0.809100 + 0.081840),0.890940 (0.809100 + 0.081840),0.890940 (0.809100 + 0.081840),0.890940 (0.809100 + 0.081840),0.853926 (0.772200 + 0.081726),0.890940 (0.809100 + 0.081840),0.880154 (0.798300 + 0.081854),0.890940 (0.809100 + 0.081840),0.890940 (0.809100 + 0.081840),0.890940 (0.809100 + 0.081840),0.890940 (0.809100 + 0.081840),0.864944 (0.783000 + 0.081944),0.870068 (0.788400 + 0.081668),0.890940 (0.809100 + 0.081840),0.890940 (0.809100 + 0.081840),0.890940 (0.809100 + 0.081840),0.890940 (0.809100 + 0.081840),0.890940 (0.809100 + 0.081840),0.890940 (0.809100 + 0.081840),0.890940 (0.809100 + 0.081840),0.890940 (0.809100 + 0.081840),0.876467 (0.794700 + 0.081767),0.877373 (0.795600 + 0.081773),0.890940 (0.809100 + 0.081840),0.890940 (0.809100 + 0.081840),0.863840 (0.782100 + 0.081740),0.890940 (0.809100 + 0.081840),0.890940 (0.809100 + 0.081840),0.890940 (0.809100 + 0.081840),0.890940 (0.809100 + 0.081840),0.890940 (0.809100 + 0.081840),0.890940 (0.809100 + 0.081840),0.890940 (0.809100 + 0.081840),0.864770 (0.783000 + 0.081770),0.877451 (0.795600 + 0.081851),0.890940 (0.809100 + 0.081840),0.871151 (0.789300 + 0.081851),0.890940 (0.809100 + 0.081840),0.890940 (0.809100 + 0.081840),0.890940 (0.809100 + 0.081840),0.890940 (0.809100 + 0.081840),0.890940 (0.809100 + 0.081840),0.890940 (0.809100 + 0.081840),0.890940 (0.809100 + 0.081840),0.890940 (0.809100 + 0.081840),0.890940 (0.809100 + 0.081840),0.890940 (0.809100 + 0.081840),0.890940 (0.809100 + 0.081840),0.890940 (0.809100 + 0.081840),0.890940 (0.809100 + 0.081840),0.890940 (0.809100 + 0.081840),0.890940 (0.809100 + 0.081840),0.890940 (0.809100 + 0.081840),0.890940 (0.809100 + 0.081840),0.890940 (0.809100 + 0.081840),0.890940 (0.809100 + 0.081840),0.890940 (0.809100 + 0.081840)
210,0.890940 (0.809100 + 0.081840),0.890940 (0.809100 + 0.081840),0.890940 (0.809100 + 0.081840),0.890940 (0.809100 + 0.081840),0.890940 (0.809100 + 0.081840),0.890940 (0.809100 + 0.081840),0.890940 (0.809100 + 0.081840),0.890940 (0.809100 + 0.081840),0.890940 (0.809100 + 0.081840),0.890940 (0.809100 + 0.081840),0.890940 (0.809100 + 0.081840),0.890940 (0.809100 + 0.081840),0.890940 (0.809100 + 0.081840),0.890940 (0.809100 + 0.081840),0.890940 (0.809100 + 0.081840),0.890940 (0.809100 + 0.081840),0.890940 (0.809100 + 0.081840),0.890940 (0.809100 + 0.081840),0.890940 (0.809100 + 0.081840),0.890940 (0.809100 + 0.081840),0.890940 (0.809100 + 0.081840),0.890940 (0.809100 + 0.081840),0.865658 (0.783900 + 0.081758),0.890940 (0.809100 + 0.081840),0.890940 (0.809100 + 0.081840),0.890940 (0.809100 + 0.081840),0.875554 (0.793800 + 0.081754),0.890940 (0.809100 + 0.081840),0.890940 (0.809100 + 0.081840),0.890940 (0.809100 + 0.081840),0.874010 (0.792000 + 0.082010),0.890940 (0.809100 + 0.081840),0.890940 (0.809100 + 0.081840),0.890940 (0.809100 + 0.081840),0.890940 (0.809100 + 0.081840),0.890940 (0.809100 + 0.081840),0.890940 (0.809100 + 0.081840),0.890940 (0.809100 + 0.081840),0.890940 (0.809100 + 0.081840),0.890940 (0.809100 + 0.081840),0.890940 (0.809100 + 0.081840),0.890940 (0.809100 + 0.081840),0.890940 (0.809100 + 0.081840),0.890940 (0.809100 + 0.081840),0.890940 (0.809100 + 0.081840),0.890940 (0.809100 + 0.081840),0.890940 (0.809100 + 0.081840),0.890940 (0.809100 + 0.081840),0.890940 (0.809100 + 0.081840),0.890940 (0.809100 + 0.081840),0.890940 (0.809100 + 0.081840),0.890940 (0.809100 + 0.081840),0.890940 (0.809100 + 0.081840),0.884639 (0.802800 + 0.081839),0.886452 (0.804600 + 0.081852),0.890940 (0.809100 + 0.081840),0.890940 (0.809100 + 0.081840),0.890940 (0.809100 + 0.081840),0.890940 (0.809100 + 0.081840),0.890940 (0.809100 + 0.081840),0.890940 (0.809100 + 0.081840),0.890940 (0.809100 + 0.081840),0.890940 (0.809100 + 0.081840),0.890940 (0.809100 + 0.081840),0.873866 (0.792000 + 0.081866),0.890940 (0.809100 + 0.081840),0.890940 (0.809100 + 0.081840),0.890940 (0.809100 + 0.081840),0.890940 (0.809100 + 0.081840),0.890940 (0.809100 + 0.081840),0.890940 (0.809100 + 0.081840),0.890940 (0.809100 + 0.081840),0.890940 (0.809100 + 0.081840),0.890940 (0.809100 + 0.081840),0.890940 (0.809100 + 0.081840),0.890940 (0.809100 + 0.081840),0.890940 (0.809100 + 0.081840),0.890940 (0.809100 + 0.081840),0.890940 (0.809100 + 0.081840),0.890940 (0.809100 + 0.081840),0.890940 (0.809100 + 0.081840),0.890940 (0.809100 + 0.081840),0.890940 (0.809100 + 0.081840),0.890940 (0.809100 + 0.081840),0.890940 (0.809100 + 0.081840),0.880265 (0.798300 + 0.081965),0.890940 (0.809100 + 0.081840),0.890940 (0.809100 + 0.081840),0.890940 (0.809100 + 0.081840),0.890940 (0.809100 + 0.081840),0.876501 (0.794700 + 0.081801),0.890940 (0.809100 + 0.081840),0.890940 (0.809100 + 0.081840),0.890940 (0.809100 + 0.081840),0.890940 (0.809100 + 0.081840),0.890940 (0.809100 + 0.081840),0.890940 (0.809100 + 0.081840),0.890940 (0.809100 + 0.081840),0.890940 (0.809100 + 0.081840),0.890940 (0.809100 + 0.081840)
211,0.890940 (0.809100 + 0.081840),0.890940 (0.809100 + 0.081840),0.890940 (0.809100 + 0.081840),0.872011 (0.790200 + 0.081811),0.890940 (0.809100 + 0.081840),0.890940 (0.809100 + 0.081840),0.890940 (0.809100 + 0.081840),0.890940 (0.809100 + 0.081840),0.890940 (0.809100 + 0.081840),0.890940 (0.809100 + 0.081840),0.890940 (0.809100 + 0.081840),0.890940 (0.809100 + 0.081840),0.890940 (0.809100 + 0.081840),0.890940 (0.809100 + 0.081840),0.890940 (0.809100 + 0.081840),0.890940 (0.809100 + 0.081840),0.890940 (0.809100 + 0.081840),0.890075 (0.808200 + 0.081875),0.869181 (0.787500 + 0.081681),0.890940 (0.809100 + 0.081840),0.890940 (0.809100 + 0.081840),0.890940 (0.809100 + 0.081840),0.890940 (0.809100 + 0.081840),0.890940 (0.809100 + 0.081840),0.890940 (0.809100 + 0.081840),0.890940 (0.809100 + 0.081840),0.890940 (0.809100 + 0.081840),0.890940 (0.809100 + 0.081840),0.890940 (0.809100 + 0.081840),0.890940 (0.809100 + 0.081840),0.890940 (0.809100 + 0.081840),0.890940 (0.809100 + 0.081840),0.890940 (0.809100 + 0.081840),0.890940 (0.809100 + 0.081840),0.890940 (0.809100 + 0.081840),0.890940 (0.809100 + 0.081840),0.890940 (0.809100 + 0.081840),0.890940 (0.809100 + 0.081840),0.890940 (0.809100 + 0.081840),0.890940 (0.809100 + 0.081840),0.890940 (0.809100 + 0.081840),0.890940 (0.809100 + 0.081840),0.890940 (0.809100 + 0.081840),0.890940 (0.809100 + 0.081840),0.890940 (0.809100 + 0.081840),0.890940 (0.809100 + 0.081840),0.890940 (0.809100 + 0.081840),0.890940 (0.809100 + 0.081840),0.890940 (0.809100 + 0.081840),0.890940 (0.809100 + 0.081840),0.890940 (0.809100 + 0.081840),0.890940 (0.809100 + 0.081840),0.890940 (0.809100 + 0.081840),0.890940 (0.809100 + 0.081840),0.890940 (0.809100 + 0.081840),0.890940 (0.809100 + 0.081840),0.862046 (0.780300 + 0.081746),0.880953 (0.799200 + 0.081753),0.890940 (0.809100 + 0.081840),0.890940 (0.809100 + 0.081840),0.890940 (0.809100 + 0.081840),0.890940 (0.809100 + 0.081840),0.890940 (0.809100 + 0.081840),0.890940 (0.809100 + 0.081840),0.890940 (0.809100 + 0.081840),0.890940 (0.809100 + 0.081840),0.890940 (0.809100 + 0.081840),0.890940 (0.809100 + 0.081840),0.890940 (0.809100 + 0.081840),0.890940 (0.809100 + 0.081840),0.890940 (0.809100 + 0.081840),0.869383 (0.787500 + 0.081884),0.890940 (0.809100 + 0.081840),0.890940 (0.809100 + 0.081840),0.890940 (0.809100 + 0.081840),0.890940 (0.809100 + 0.081840),0.890940 (0.809100 + 0.081840),0.890940 (0.809100 + 0.081840),0.890940 (0.809100 + 0.081840),0.890940 (0.809100 + 0.081840),0.890940 (0.809100 + 0.081840),0.890940 (0.809100 + 0.081840),0.890940 (0.809100 + 0.081840),0.890940 (0.809100 + 0.081840),0.890940 (0.809100 + 0.081840),0.890940 (0.809100 + 0.081840),0.890940 (0.809100 + 0.081840),0.871079 (0.789300 + 0.081779),0.890940 (0.809100 + 0.081840),0.890940 (0.809100 + 0.081840),0.890940 (0.809100 + 0.081840),0.890940 (0.809100 + 0.081840),0.890940 (0.809100 + 0.081840),0.890940 (0.809100 + 0.081840),0.862175 (0.780300 + 0.081875),0.890940 (0.809100 + 0.081840),0.890940 (0.809100 + 0.081840),0.890940 (0.809100 + 0.081840),0.890940 (0.809100 + 0.081840),0.890940 (0.809100 + 0.081840)
212,0.890940 (0.809100 + 0.081840),0.890940 (0.809100 + 0.081840),0.890940 (0.809100 + 0.081840),0.890940 (0.809100 + 0.081840),0.890940 (0.809100 + 0.081840),0.890940 (0.809100 + 0.081840),0.890940 (0.809100 + 0.081840),0.890940 (0.809100 + 0.081840),0.890940 (0.809100 + 0.081840),0.890940 (0.809100 + 0.081840),0.890940 (0.809100 + 0.081840),0.869259 (0.787500 + 0.081759),0.890940 (0.809100 + 0.081840),0.865736 (0.783900 + 0.081836),0.890940 (0.809100 + 0.081840),0.890940 (0.809100 + 0.081840),0.890940 (0.809100 + 0.081840),0.890940 (0.809100 + 0.081840),0.890940 (0.809100 + 0.081840),0.890940 (0.809100 + 0.081840),0.890940 (0.809100 + 0.081840),0.890940 (0.809100 + 0.081840),0.890940 (0.809100 + 0.081840),0.890940 (0.809100 + 0.081840),0.890940 (0.809100 + 0.081840),0.890940 (0.809100 + 0.081840),0.890940 (0.809100 + 0.081840),0.890940 (0.809100 + 0.081840),0.877369 (0.795600 + 0.081769),0.890940 (0.809100 + 0.081840),0.890940 (0.809100 + 0.081840),0.890940 (0.809100 + 0.081840),0.890940 (0.809100 + 0.081840),0.890940 (0.809100 + 0.081840),0.890940 (0.809100 + 0.081840),0.856680 (0.774900 + 0.081780),0.890940 (0.809100 + 0.081840),0.890940 (0.809100 + 0.081840),0.890940 (0.809100 + 0.081840),0.890940 (0.809100 + 0.081840),0.890940 (0.809100 + 0.081840),0.890940 (0.809100 + 0.081840),0.890940 (0.809100 + 0.081840),0.890940 (0.809100 + 0.081840),0.890940 (0.809100 + 0.081840),0.890940 (0.809100 + 0.081840),0.890940 (0.809100 + 0.081840),0.890940 (0.809100 + 0.081840),0.890940 (0.809100 + 0.081840),0.890940 (0.809100 + 0.081840),0.890940 (0.809100 + 0.081840),0.890940 (0.809100 + 0.081840),0.890940 (0.809100 + 0.081840),0.890940 (0.809100 + 0.081840),0.890940 (0.809100 + 0.081840),0.890940 (0.809100 + 0.081840),0.855607 (0.774000 + 0.081607),0.890940 (0.809100 + 0.081840),0.890940 (0.809100 + 0.081840),0.890940 (0.809100 + 0.081840),0.890940 (0.809100 + 0.081840),0.890940 (0.809100 + 0.081840),0.890940 (0.809100 + 0.081840),0.890940 (0.809100 + 0.081840),0.890940 (0.809100 + 0.081840),0.890940 (0.809100 + 0.081840),0.890940 (0.809100 + 0.081840),0.890940 (0.809100 + 0.081840),0.890940 (0.809100 + 0.081840),0.890940 (0.809100 + 0.081840),0.890940 (0.809100 + 0.081840),0.890940 (0.809100 + 0.081840),0.890940 (0.809100 + 0.081840),0.890940 (0.809100 + 0.081840),0.890940 (0.809100 + 0.081840),0.890940 (0.809100 + 0.081840),0.890940 (0.809100 + 0.081840),0.890940 (0.809100 + 0.081840),0.859375 (0.777600 + 0.081775),0.890940 (0.809100 + 0.081840),0.890940 (0.809100 + 0.081840),0.874608 (0.792900 + 0.081708),0.890940 (0.809100 + 0.081840),0.890940 (0.809100 + 0.081840),0.874850 (0.792900 + 0.081950),0.890940 (0.809100 + 0.081840),0.890940 (0.809100 + 0.081840),0.890940 (0.809100 + 0.081840),0.890940 (0.809100 + 0.081840),0.890940 (0.809100 + 0.081840),0.890940 (0.809100 + 0.081840),0.890940 (0.809100 + 0.081840),0.890940 (0.809100 + 0.081840),0.890940 (0.809100 + 0.081840),0.890940 (0.809100 + 0.081840),0.890940 (0.809100 + 0.081840),0.890940 (0.809100 + 0.081840),0.890940 (0.809100 + 0.081840),0.890940 (0.809100 + 0.081840),0.890940 (0.809100 + 0.081840)
213,0.890940 (0.809100 + 0.081840),0.890940 (0.809100 + 0.081840),0.890940 (0.809100 + 0.081840),0.880179 (0.798300 + 0.081879),0.887411 (0.805500 + 0.081911),0.890940 (0.809100 + 0.081840),0.890940 (0.809100 + 0.081840),0.890940 (0.809100 + 0.081840),0.890940 (0.809100 + 0.081840),0.890940 (0.809100 + 0.081840),0.890940 (0.809100 + 0.081840),0.890940 (0.809100 + 0.081840),0.890940 (0.809100 + 0.081840),0.890940 (0.809100 + 0.081840),0.890940 (0.809100 + 0.081840),0.864775 (0.783000 + 0.081775),0.890940 (0.809100 + 0.081840),0.890940 (0.809100 + 0.081840),0.890940 (0.809100 + 0.081840),0.890940 (0.809100 + 0.081840),0.890940 (0.809100 + 0.081840),0.890940 (0.809100 + 0.081840),0.890940 (0.809100 + 0.081840),0.878174 (0.796500 + 0.081674),0.890940 (0.809100 + 0.081840),0.890940 (0.809100 + 0.081840),0.890940 (0.809100 + 0.081840),0.890940 (0.809100 + 0.081840),0.890940 (0.809100 + 0.081840),0.890940 (0.809100 + 0.081840),0.890940 (0.809100 + 0.081840),0.890940 (0.809100 + 0.081840),0.890940 (0.809100 + 0.081840),0.890940 (0.809100 + 0.081840),0.890940 (0.809100 + 0.081840),0.864780 (0.783000 + 0.081780),0.890940 (0.809100 + 0.081840),0.874669 (0.792900 + 0.081769),0.890940 (0.809100 + 0.081840),0.890940 (0.809100 + 0.081840),0.890940 (0.809100 + 0.081840),0.872875 (0.791100 + 0.081775),0.890940 (0.809100 + 0.081840),0.890940 (0.809100 + 0.081840),0.865849 (0.783900 + 0.081949),0.890940 (0.809100 + 0.081840),0.890940 (0.809100 + 0.081840),0.890940 (0.809100 + 0.081840),0.890940 (0.809100 + 0.081840),0.890940 (0.809100 + 0.081840),0.890940 (0.809100 + 0.081840),0.890940 (0.809100 + 0.081840),0.890940 (0.809100 + 0.081840),0.861700 (0.780300 + 0.081400),0.890940 (0.809100 + 0.081840),0.890940 (0.809100 + 0.081840),0.890940 (0.809100 + 0.081840),0.890940 (0.809100 + 0.081840),0.890940 (0.809100 + 0.081840),0.890940 (0.809100 + 0.081840),0.890940 (0.809100 + 0.081840),0.890940 (0.809100 + 0.081840),0.890940 (0.809100 + 0.081840),0.890940 (0.809100 + 0.081840),0.890940 (0.809100 + 0.081840),0.870184 (0.788400 + 0.081784),0.890940 (0.809100 + 0.081840),0.890940 (0.809100 + 0.081840),0.890940 (0.809100 + 0.081840),0.890940 (0.809100 + 0.081840),0.890940 (0.809100 + 0.081840),0.867419 (0.785700 + 0.081719),0.890940 (0.809100 + 0.081840),0.890940 (0.809100 + 0.081840),0.873773 (0.792000 + 0.081773),0.868622 (0.786600 + 0.082022),0.890940 (0.809100 + 0.081840),0.890940 (0.809100 + 0.081840),0.890940 (0.809100 + 0.081840),0.890940 (0.809100 + 0.081840),0.890940 (0.809100 + 0.081840),0.890940 (0.809100 + 0.081840),0.890940 (0.809100 + 0.081840),0.890940 (0.809100 + 0.081840),0.890940 (0.809100 + 0.081840),0.890940 (0.809100 + 0.081840),0.890940 (0.809100 + 0.081840),0.890940 (0.809100 + 0.081840),0.869360 (0.787500 + 0.081860),0.890940 (0.809100 + 0.081840),0.890940 (0.809100 + 0.081840),0.890940 (0.809100 + 0.081840),0.890940 (0.809100 + 0.081840),0.890940 (0.809100 + 0.081840),0.890940 (0.809100 + 0.081840),0.890940 (0.809100 + 0.081840),0.890940 (0.809100 + 0.081840),0.890940 (0.809100 + 0.081840),0.890940 (0.809100 + 0.081840),0.890940 (0.809100 + 0.081840)
214,0.890940 (0.809100 + 0.081840),0.890940 (0.809100 + 0.081840),0.890940 (0.809100 + 0.081840),0.890940 (0.809100 + 0.081840),0.890940 (0.809100 + 0.081840),0.870079 (0.788400 + 0.081679),0.890940 (0.809100 + 0.081840),0.890940 (0.809100 + 0.081840),0.890940 (0.809100 + 0.081840),0.890940 (0.809100 + 0.081840),0.890940 (0.809100 + 0.081840),0.890940 (0.809100 + 0.081840),0.890940 (0.809100 + 0.081840),0.890940 (0.809100 + 0.081840),0.890940 (0.809100 + 0.081840),0.890940 (0.809100 + 0.081840),0.890940 (0.809100 + 0.081840),0.890940 (0.809100 + 0.081840),0.883692 (0.801900 + 0.081792),0.890940 (0.809100 + 0.081840),0.890940 (0.809100 + 0.081840),0.875534 (0.793800 + 0.081734),0.890940 (0.809100 + 0.081840),0.890940 (0.809100 + 0.081840),0.890940 (0.809100 + 0.081840),0.890940 (0.809100 + 0.081840),0.890940 (0.809100 + 0.081840),0.890940 (0.809100 + 0.081840),0.887411 (0.805500 + 0.081911),0.890940 (0.809100 + 0.081840),0.890940 (0.809100 + 0.081840),0.890940 (0.809100 + 0.081840),0.890940 (0.809100 + 0.081840),0.890940 (0.809100 + 0.081840),0.872795 (0.791100 + 0.081695),0.872913 (0.791100 + 0.081813),0.890940 (0.809100 + 0.081840),0.890940 (0.809100 + 0.081840),0.890940 (0.809100 + 0.081840),0.890940 (0.809100 + 0.081840),0.890940 (0.809100 + 0.081840),0.890940 (0.809100 + 0.081840),0.890940 (0.809100 + 0.081840),0.890940 (0.809100 + 0.081840),0.890940 (0.809100 + 0.081840),0.890940 (0.809100 + 0.081840),0.890940 (0.809100 + 0.081840),0.890940 (0.809100 + 0.081840),0.890940 (0.809100 + 0.081840),0.890940 (0.809100 + 0.081840),0.890940 (0.809100 + 0.081840),0.890940 (0.809100 + 0.081840),0.890940 (0.809100 + 0.081840),0.890940 (0.809100 + 0.081840),0.890940 (0.809100 + 0.081840),0.890940 (0.809100 + 0.081840),0.890940 (0.809100 + 0.081840),0.890940 (0.809100 + 0.081840),0.890940 (0.809100 + 0.081840),0.890940 (0.809100 + 0.081840),0.890940 (0.809100 + 0.081840),0.890940 (0.809100 + 0.081840),0.890940 (0.809100 + 0.081840),0.890940 (0.809100 + 0.081840),0.890940 (0.809100 + 0.081840),0.873852 (0.792000 + 0.081852),0.866548 (0.784800 + 0.081748),0.890940 (0.809100 + 0.081840),0.890940 (0.809100 + 0.081840),0.890940 (0.809100 + 0.081840),0.890940 (0.809100 + 0.081840),0.890940 (0.809100 + 0.081840),0.890940 (0.809100 + 0.081840),0.890940 (0.809100 + 0.081840),0.890940 (0.809100 + 0.081840),0.890940 (0.809100 + 0.081840),0.866643 (0.784800 + 0.081843),0.890940 (0.809100 + 0.081840),0.890940 (0.809100 + 0.081840),0.890940 (0.809100 + 0.081840),0.890940 (0.809100 + 0.081840),0.860277 (0.778500 + 0.081777),0.890940 (0.809100 + 0.081840),0.890940 (0.809100 + 0.081840),0.890940 (0.809100 + 0.081840),0.890940 (0.809100 + 0.081840),0.873628 (0.792000 + 0.081628),0.890940 (0.809100 + 0.081840),0.890940 (0.809100 + 0.081840),0.890940 (0.809100 + 0.081840),0.862952 (0.781200 + 0.081752),0.890940 (0.809100 + 0.081840),0.890940 (0.809100 + 0.081840),0.890940 (0.809100 + 0.081840),0.890940 (0.809100 + 0.081840),0.890940 (0.809100 + 0.081840),0.890940 (0.809100 + 0.081840),0.882697 (0.801000 + 0.081697),0.886417 (0.804600 + 0.081817),0.890940 (0.809100 + 0.081840)
215,0.890940 (0.809100 + 0.081840),0.890940 (0.809100 + 0.081840),0.890940 (0.809100 + 0.081840),0.876663 (0.794700 + 0.081963),0.890940 (0.809100 + 0.081840),0.890940 (0.809100 + 0.081840),0.890940 (0.809100 + 0.081840),0.890940 (0.809100 + 0.081840),0.890940 (0.809100 + 0.081840),0.890940 (0.809100 + 0.081840),0.873006 (0.791100 + 0.081906),0.890940 (0.809100 + 0.081840),0.890940 (0.809100 + 0.081840),0.890940 (0.809100 + 0.081840),0.890940 (0.809100 + 0.081840),0.890940 (0.809100 + 0.081840),0.890940 (0.809100 + 0.081840),0.889140 (0.807300 + 0.081840),0.885492 (0.803700 + 0.081792),0.890940 (0.809100 + 0.081840),0.890940 (0.809100 + 0.081840),0.883767 (0.801900 + 0.081867),0.890940 (0.809100 + 0.081840),0.890940 (0.809100 + 0.081840),0.890940 (0.809100 + 0.081840),0.890940 (0.809100 + 0.081840),0.890940 (0.809100 + 0.081840),0.890940 (0.809100 + 0.081840),0.875578 (0.793800 + 0.081778),0.890940 (0.809100 + 0.081840),0.890940 (0.809100 + 0.081840),0.890940 (0.809100 + 0.081840),0.890940 (0.809100 + 0.081840),0.890940 (0.809100 + 0.081840),0.890940 (0.809100 + 0.081840),0.890940 (0.809100 + 0.081840),0.890940 (0.809100 + 0.081840),0.890940 (0.809100 + 0.081840),0.864800 (0.783000 + 0.081800),0.890940 (0.809100 + 0.081840),0.890940 (0.809100 + 0.081840),0.890940 (0.809100 + 0.081840),0.890940 (0.809100 + 0.081840),0.890940 (0.809100 + 0.081840),0.890940 (0.809100 + 0.081840),0.890940 (0.809100 + 0.081840),0.890940 (0.809100 + 0.081840),0.875526 (0.793800 + 0.081726),0.890940 (0.809100 + 0.081840),0.890940 (0.809100 + 0.081840),0.890940 (0.809100 + 0.081840),0.890940 (0.809100 + 0.081840),0.890940 (0.809100 + 0.081840),0.890940 (0.809100 + 0.081840),0.890940 (0.809100 + 0.081840),0.890940 (0.809100 + 0.081840),0.890940 (0.809100 + 0.081840),0.890940 (0.809100 + 0.081840),0.890940 (0.809100 + 0.081840),0.890940 (0.809100 + 0.081840),0.890940 (0.809100 + 0.081840),0.890940 (0.809100 + 0.081840),0.890940 (0.809100 + 0.081840),0.890940 (0.809100 + 0.081840),0.890940 (0.809100 + 0.081840),0.872803 (0.791100 + 0.081703),0.872915 (0.791100 + 0.081815),0.890940 (0.809100 + 0.081840),0.890940 (0.809100 + 0.081840),0.890940 (0.809100 + 0.081840),0.890940 (0.809100 + 0.081840),0.890940 (0.809100 + 0.081840),0.890940 (0.809100 + 0.081840),0.890940 (0.809100 + 0.081840),0.890940 (0.809100 + 0.081840),0.866407 (0.784800 + 0.081607),0.890940 (0.809100 + 0.081840),0.890940 (0.809100 + 0.081840),0.866548 (0.784800 + 0.081748),0.890940 (0.809100 + 0.081840),0.890940 (0.809100 + 0.081840),0.890940 (0.809100 + 0.081840),0.890940 (0.809100 + 0.081840),0.865576 (0.783900 + 0.081676),0.890940 (0.809100 + 0.081840),0.890940 (0.809100 + 0.081840),0.890940 (0.809100 + 0.081840),0.890940 (0.809100 + 0.081840),0.871894 (0.790200 + 0.081694),0.890940 (0.809100 + 0.081840),0.876380 (0.794700 + 0.081680),0.890940 (0.809100 + 0.081840),0.890940 (0.809100 + 0.081840),0.890940 (0.809100 + 0.081840),0.890940 (0.809100 + 0.081840),0.890940 (0.809100 + 0.081840),0.890940 (0.809100 + 0.081840),0.890940 (0.809100 + 0.081840),0.890940 (0.809100 + 0.081840),0.890940 (0.809100 + 0.081840)
216,0.890940 (0.809100 + 0.081840),0.890940 (0.809100 + 0.081840),0.890940 (0.809100 + 0.081840),0.890940 (0.809100 + 0.081840),0.890940 (0.809100 + 0.081840),0.879148 (0.797400 + 0.081748),0.890940 (0.809100 + 0.081840),0.890940 (0.809100 + 0.081840),0.890940 (0.809100 + 0.081840),0.890940 (0.809100 + 0.081840),0.872091 (0.790200 + 0.081891),0.890940 (0.809100 + 0.081840),0.890940 (0.809100 + 0.081840),0.862060 (0.780300 + 0.081760),0.890940 (0.809100 + 0.081840),0.890940 (0.809100 + 0.081840),0.890940 (0.809100 + 0.081840),0.890940 (0.809100 + 0.081840),0.890940 (0.809100 + 0.081840),0.890940 (0.809100 + 0.081840),0.890940 (0.809100 + 0.081840),0.890940 (0.809100 + 0.081840),0.890940 (0.809100 + 0.081840),0.890940 (0.809100 + 0.081840),0.890940 (0.809100 + 0.081840),0.890940 (0.809100 + 0.081840),0.890940 (0.809100 + 0.081840),0.890940 (0.809100 + 0.081840),0.890940 (0.809100 + 0.081840),0.880088 (0.798300 + 0.081788),0.875532 (0.793800 + 0.081732),0.890940 (0.809100 + 0.081840),0.871099 (0.789300 + 0.081799),0.890940 (0.809100 + 0.081840),0.868373 (0.786600 + 0.081773),0.879122 (0.797400 + 0.081722),0.890940 (0.809100 + 0.081840),0.890940 (0.809100 + 0.081840),0.890940 (0.809100 + 0.081840),0.872715 (0.791100 + 0.081615),0.890940 (0.809100 + 0.081840),0.890940 (0.809100 + 0.081840),0.890940 (0.809100 + 0.081840),0.890940 (0.809100 + 0.081840),0.890940 (0.809100 + 0.081840),0.890940 (0.809100 + 0.081840),0.890940 (0.809100 + 0.081840),0.890940 (0.809100 + 0.081840),0.890940 (0.809100 + 0.081840),0.873820 (0.792000 + 0.081820),0.890940 (0.809100 + 0.081840),0.882910 (0.801000 + 0.081910),0.858691 (0.776700 + 0.081991),0.890940 (0.809100 + 0.081840),0.890940 (0.809100 + 0.081840),0.890940 (0.809100 + 0.081840),0.890940 (0.809100 + 0.081840),0.890940 (0.809100 + 0.081840),0.890940 (0.809100 + 0.081840),0.890940 (0.809100 + 0.081840),0.890940 (0.809100 + 0.081840),0.890940 (0.809100 + 0.081840),0.890940 (0.809100 + 0.081840),0.871985 (0.790200 + 0.081785),0.890940 (0.809100 + 0.081840),0.865561 (0.783900 + 0.081661),0.890940 (0.809100 + 0.081840),0.890940 (0.809100 + 0.081840),0.890940 (0.809100 + 0.081840),0.890940 (0.809100 + 0.081840),0.890940 (0.809100 + 0.081840),0.890940 (0.809100 + 0.081840),0.890940 (0.809100 + 0.081840),0.890940 (0.809100 + 0.081840),0.890940 (0.809100 + 0.081840),0.890940 (0.809100 + 0.081840),0.890940 (0.809100 + 0.081840),0.890940 (0.809100 + 0.081840),0.890940 (0.809100 + 0.081840),0.890940 (0.809100 + 0.081840),0.870125 (0.788400 + 0.081725),0.890940 (0.809100 + 0.081840),0.890940 (0.809100 + 0.081840),0.890940 (0.809100 + 0.081840),0.873569 (0.792000 + 0.081569),0.890940 (0.809100 + 0.081840),0.890940 (0.809100 + 0.081840),0.890940 (0.809100 + 0.081840),0.890940 (0.809100 + 0.081840),0.890940 (0.809100 + 0.081840),0.890940 (0.809100 + 0.081840),0.890940 (0.809100 + 0.081840),0.890940 (0.809100 + 0.081840),0.890940 (0.809100 + 0.081840),0.890940 (0.809100 + 0.081840),0.890940 (0.809100 + 0.081840),0.890940 (0.809100 + 0.081840),0.888257 (0.806400 + 0.081857),0.865558 (0.783900 + 0.081658),0.890940 (0.809100 + 0.081840)
217,0.890940 (0.809100 + 0.081840),0.890940 (0.809100 + 0.081840),0.890940 (0.809100 + 0.081840),0.890940 (0.809100 + 0.081840),0.890940 (0.809100 + 0.081840),0.890940 (0.809100 + 0.081840),0.890940 (0.809100 + 0.081840),0.890940 (0.809100 + 0.081840),0.890940 (0.809100 + 0.081840),0.890940 (0.809100 + 0.081840),0.890940 (0.809100 + 0.081840),0.890940 (0.809100 + 0.081840),0.890940 (0.809100 + 0.081840),0.890940 (0.809100 + 0.081840),0.890940 (0.809100 + 0.081840),0.870084 (0.788400 + 0.081684),0.858390 (0.776700 + 0.081690),0.876508 (0.794700 + 0.081808),0.890940 (0.809100 + 0.081840),0.890940 (0.809100 + 0.081840),0.870020 (0.788400 + 0.081620),0.890940 (0.809100 + 0.081840),0.890940 (0.809100 + 0.081840),0.890940 (0.809100 + 0.081840),0.890940 (0.809100 + 0.081840),0.890940 (0.809100 + 0.081840),0.890940 (0.809100 + 0.081840),0.890940 (0.809100 + 0.081840),0.890940 (0.809100 + 0.081840),0.890940 (0.809100 + 0.081840),0.890940 (0.809100 + 0.081840),0.890940 (0.809100 + 0.081840),0.890940 (0.809100 + 0.081840),0.890940 (0.809100 + 0.081840),0.890940 (0.809100 + 0.081840),0.890940 (0.809100 + 0.081840),0.860274 (0.778500 + 0.081775),0.890940 (0.809100 + 0.081840),0.890940 (0.809100 + 0.081840),0.890940 (0.809100 + 0.081840),0.890940 (0.809100 + 0.081840),0.890940 (0.809100 + 0.081840),0.890940 (0.809100 + 0.081840),0.890940 (0.809100 + 0.081840),0.890940 (0.809100 + 0.081840),0.890940 (0.809100 + 0.081840),0.890940 (0.809100 + 0.081840),0.890940 (0.809100 + 0.081840),0.865581 (0.783900 + 0.081681),0.890940 (0.809100 + 0.081840),0.861987 (0.780300 + 0.081687),0.890940 (0.809100 + 0.081840),0.890940 (0.809100 + 0.081840),0.890940 (0.809100 + 0.081840),0.890940 (0.809100 + 0.081840),0.890940 (0.809100 + 0.081840),0.877324 (0.795600 + 0.081724),0.888224 (0.806400 + 0.081824),0.890940 (0.809100 + 0.081840),0.890940 (0.809100 + 0.081840),0.890940 (0.809100 + 0.081840),0.890940 (0.809100 + 0.081840),0.890940 (0.809100 + 0.081840),0.890940 (0.809100 + 0.081840),0.890940 (0.809100 + 0.081840),0.890940 (0.809100 + 0.081840),0.890940 (0.809100 + 0.081840),0.890940 (0.809100 + 0.081840),0.890940 (0.809100 + 0.081840),0.878237 (0.796500 + 0.081737),0.890940 (0.809100 + 0.081840),0.890940 (0.809100 + 0.081840),0.890940 (0.809100 + 0.081840),0.890940 (0.809100 + 0.081840),0.890940 (0.809100 + 0.081840),0.890940 (0.809100 + 0.081840),0.868261 (0.786600 + 0.081661),0.890940 (0.809100 + 0.081840),0.890940 (0.809100 + 0.081840),0.890940 (0.809100 + 0.081840),0.869183 (0.787500 + 0.081683),0.880088 (0.798300 + 0.081788),0.890940 (0.809100 + 0.081840),0.890940 (0.809100 + 0.081840),0.890940 (0.809100 + 0.081840),0.890940 (0.809100 + 0.081840),0.890940 (0.809100 + 0.081840),0.890940 (0.809100 + 0.081840),0.867665 (0.785700 + 0.081965),0.871130 (0.789300 + 0.081830),0.872694 (0.791100 + 0.081594),0.890940 (0.809100 + 0.081840),0.890940 (0.809100 + 0.081840),0.890940 (0.809100 + 0.081840),0.871012 (0.789300 + 0.081712),0.890940 (0.809100 + 0.081840),0.890940 (0.809100 + 0.081840),0.890940 (0.809100 + 0.081840),0.890940 (0.809100 + 0.081840),0.860195 (0.778500 + 0.081695)
218,0.890940 (0.809100 + 0.081840),0.890940 (0.809100 + 0.081840),0.890940 (0.809100 + 0.081840),0.890940 (0.809100 + 0.081840),0.890940 (0.809100 + 0.081840),0.890940 (0.809100 + 0.081840),0.890940 (0.809100 + 0.081840),0.890940 (0.809100 + 0.081840),0.868261 (0.786600 + 0.081661),0.890940 (0.809100 + 0.081840),0.890940 (0.809100 + 0.081840),0.890940 (0.809100 + 0.081840),0.890940 (0.809100 + 0.081840),0.890940 (0.809100 + 0.081840),0.890940 (0.809100 + 0.081840),0.890940 (0.809100 + 0.081840),0.890940 (0.809100 + 0.081840),0.890940 (0.809100 + 0.081840),0.867381 (0.785700 + 0.081681),0.890940 (0.809100 + 0.081840),0.890940 (0.809100 + 0.081840),0.890940 (0.809100 + 0.081840),0.890940 (0.809100 + 0.081840),0.890940 (0.809100 + 0.081840),0.890940 (0.809100 + 0.081840),0.890940 (0.809100 + 0.081840),0.890940 (0.809100 + 0.081840),0.883715 (0.801900 + 0.081815),0.887313 (0.805500 + 0.081813),0.890940 (0.809100 + 0.081840),0.890940 (0.809100 + 0.081840),0.890940 (0.809100 + 0.081840),0.890940 (0.809100 + 0.081840),0.890940 (0.809100 + 0.081840),0.875700 (0.793800 + 0.081900),0.890940 (0.809100 + 0.081840),0.890940 (0.809100 + 0.081840),0.890940 (0.809100 + 0.081840),0.890940 (0.809100 + 0.081840),0.890940 (0.809100 + 0.081840),0.890940 (0.809100 + 0.081840),0.890940 (0.809100 + 0.081840),0.875501 (0.793800 + 0.081701),0.890940 (0.809100 + 0.081840),0.879237 (0.797400 + 0.081837),0.890940 (0.809100 + 0.081840),0.890940 (0.809100 + 0.081840),0.890940 (0.809100 + 0.081840),0.890940 (0.809100 + 0.081840),0.888230 (0.806400 + 0.081830),0.890033 (0.808200 + 0.081833),0.890940 (0.809100 + 0.081840),0.890940 (0.809100 + 0.081840),0.890940 (0.809100 + 0.081840),0.890940 (0.809100 + 0.081840),0.890940 (0.809100 + 0.081840),0.890940 (0.809100 + 0.081840),0.890940 (0.809100 + 0.081840),0.890940 (0.809100 + 0.081840),0.890940 (0.809100 + 0.081840),0.881991 (0.800100 + 0.081891),0.890940 (0.809100 + 0.081840),0.869345 (0.787500 + 0.081846),0.890940 (0.809100 + 0.081840),0.890940 (0.809100 + 0.081840),0.890940 (0.809100 + 0.081840),0.890940 (0.809100 + 0.081840),0.862900 (0.781200 + 0.081701),0.890940 (0.809100 + 0.081840),0.890940 (0.809100 + 0.081840),0.890940 (0.809100 + 0.081840),0.890940 (0.809100 + 0.081840),0.890940 (0.809100 + 0.081840),0.890940 (0.809100 + 0.081840),0.890940 (0.809100 + 0.081840),0.890940 (0.809100 + 0.081840),0.890940 (0.809100 + 0.081840),0.890940 (0.809100 + 0.081840),0.890940 (0.809100 + 0.081840),0.890940 (0.809100 + 0.081840),0.890940 (0.809100 + 0.081840),0.890940 (0.809100 + 0.081840),0.890940 (0.809100 + 0.081840),0.890940 (0.809100 + 0.081840),0.890940 (0.809100 + 0.081840),0.877324 (0.795600 + 0.081724),0.868261 (0.786600 + 0.081661),0.890940 (0.809100 + 0.081840),0.890940 (0.809100 + 0.081840),0.881130 (0.799200 + 0.081930),0.881818 (0.800100 + 0.081718),0.890940 (0.809100 + 0.081840),0.890940 (0.809100 + 0.081840),0.890940 (0.809100 + 0.081840),0.890940 (0.809100 + 0.081840),0.890940 (0.809100 + 0.081840),0.890940 (0.809100 + 0.081840),0.870215 (0.788400 + 0.081815),0.890940 (0.809100 + 0.081840),0.890940 (0.809100 + 0.081840)
219,0.890940 (0.809100 + 0.081840),0.890940 (0.809100 + 0.081840),0.890940 (0.809100 + 0.081840),0.878269 (0.796500 + 0.081769),0.877209 (0.795600 + 0.081609),0.890940 (0.809100 + 0.081840),0.890940 (0.809100 + 0.081840),0.890940 (0.809100 + 0.081840),0.890940 (0.809100 + 0.081840),0.890940 (0.809100 + 0.081840),0.890940 (0.809100 + 0.081840),0.890940 (0.809100 + 0.081840),0.890940 (0.809100 + 0.081840),0.890940 (0.809100 + 0.081840),0.890940 (0.809100 + 0.081840),0.872844 (0.791100 + 0.081744),0.890940 (0.809100 + 0.081840),0.890940 (0.809100 + 0.081840),0.890940 (0.809100 + 0.081840),0.890940 (0.809100 + 0.081840),0.890940 (0.809100 + 0.081840),0.890940 (0.809100 + 0.081840),0.859436 (0.777600 + 0.081836),0.890940 (0.809100 + 0.081840),0.890940 (0.809100 + 0.081840),0.890940 (0.809100 + 0.081840),0.890940 (0.809100 + 0.081840),0.890940 (0.809100 + 0.081840),0.890940 (0.809100 + 0.081840),0.890940 (0.809100 + 0.081840),0.869287 (0.787500 + 0.081787),0.890940 (0.809100 + 0.081840),0.890940 (0.809100 + 0.081840),0.890940 (0.809100 + 0.081840),0.890940 (0.809100 + 0.081840),0.874638 (0.792900 + 0.081738),0.890940 (0.809100 + 0.081840),0.890940 (0.809100 + 0.081840),0.890940 (0.809100 + 0.081840),0.890940 (0.809100 + 0.081840),0.890940 (0.809100 + 0.081840),0.890940 (0.809100 + 0.081840),0.890940 (0.809100 + 0.081840),0.890940 (0.809100 + 0.081840),0.890940 (0.809100 + 0.081840),0.890940 (0.809100 + 0.081840),0.887313 (0.805500 + 0.081813),0.890940 (0.809100 + 0.081840),0.890940 (0.809100 + 0.081840),0.888230 (0.806400 + 0.081830),0.890940 (0.809100 + 0.081840),0.890940 (0.809100 + 0.081840),0.890940 (0.809100 + 0.081840),0.890940 (0.809100 + 0.081840),0.890940 (0.809100 + 0.081840),0.890940 (0.809100 + 0.081840),0.890940 (0.809100 + 0.081840),0.890940 (0.809100 + 0.081840),0.890940 (0.809100 + 0.081840),0.890940 (0.809100 + 0.081840),0.868472 (0.786600 + 0.081872),0.890940 (0.809100 + 0.081840),0.890940 (0.809100 + 0.081840),0.890940 (0.809100 + 0.081840),0.890940 (0.809100 + 0.081840),0.890940 (0.809100 + 0.081840),0.890940 (0.809100 + 0.081840),0.890940 (0.809100 + 0.081840),0.890940 (0.809100 + 0.081840),0.890940 (0.809100 + 0.081840),0.890940 (0.809100 + 0.081840),0.890940 (0.809100 + 0.081840),0.890940 (0.809100 + 0.081840),0.890940 (0.809100 + 0.081840),0.890940 (0.809100 + 0.081840),0.860401 (0.778500 + 0.081901),0.890940 (0.809100 + 0.081840),0.890940 (0.809100 + 0.081840),0.890940 (0.809100 + 0.081840),0.890940 (0.809100 + 0.081840),0.890940 (0.809100 + 0.081840),0.890940 (0.809100 + 0.081840),0.890940 (0.809100 + 0.081840),0.890940 (0.809100 + 0.081840),0.890940 (0.809100 + 0.081840),0.890940 (0.809100 + 0.081840),0.890940 (0.809100 + 0.081840),0.887304 (0.805500 + 0.081804),0.864697 (0.783000 + 0.081697),0.890940 (0.809100 + 0.081840),0.865582 (0.783900 + 0.081682),0.890940 (0.809100 + 0.081840),0.890940 (0.809100 + 0.081840),0.890940 (0.809100 + 0.081840),0.883715 (0.801900 + 0.081815),0.890940 (0.809100 + 0.081840),0.890940 (0.809100 + 0.081840),0.890940 (0.809100 + 0.081840),0.890940 (0.809100 + 0.081840),0.890940 (0.809100 + 0.081840)
220,0.890940 (0.809100 + 0.081840),0.890940 (0.809100 + 0.081840),0.890940 (0.809100 + 0.081840),0.890940 (0.809100 + 0.081840),0.890940 (0.809100 + 0.081840),0.870997 (0.789300 + 0.081697),0.890940 (0.809100 + 0.081840),0.873898 (0.792000 + 0.081898),0.890940 (0.809100 + 0.081840),0.890940 (0.809100 + 0.081840),0.890940 (0.809100 + 0.081840),0.890940 (0.809100 + 0.081840),0.870157 (0.788400 + 0.081758),0.890940 (0.809100 + 0.081840),0.890940 (0.809100 + 0.081840),0.890940 (0.809100 + 0.081840),0.890940 (0.809100 + 0.081840),0.890940 (0.809100 + 0.081840),0.890940 (0.809100 + 0.081840),0.890940 (0.809100 + 0.081840),0.890940 (0.809100 + 0.081840),0.890940 (0.809100 + 0.081840),0.890940 (0.809100 + 0.081840),0.890940 (0.809100 + 0.081840),0.890940 (0.809100 + 0.081840),0.890940 (0.809100 + 0.081840),0.890940 (0.809100 + 0.081840),0.890940 (0.809100 + 0.081840),0.890940 (0.809100 + 0.081840),0.890940 (0.809100 + 0.081840),0.890940 (0.809100 + 0.081840),0.890940 (0.809100 + 0.081840),0.890940 (0.809100 + 0.081840),0.890940 (0.809100 + 0.081840),0.866584 (0.784800 + 0.081784),0.890940 (0.809100 + 0.081840),0.890940 (0.809100 + 0.081840),0.890940 (0.809100 + 0.081840),0.890940 (0.809100 + 0.081840),0.890940 (0.809100 + 0.081840),0.890940 (0.809100 + 0.081840),0.890940 (0.809100 + 0.081840),0.890940 (0.809100 + 0.081840),0.890940 (0.809100 + 0.081840),0.890940 (0.809100 + 0.081840),0.890940 (0.809100 + 0.081840),0.890940 (0.809100 + 0.081840),0.890940 (0.809100 + 0.081840),0.890940 (0.809100 + 0.081840),0.890940 (0.809100 + 0.081840),0.890940 (0.809100 + 0.081840),0.890940 (0.809100 + 0.081840),0.890940 (0.809100 + 0.081840),0.890940 (0.809100 + 0.081840),0.890940 (0.809100 + 0.081840),0.873933 (0.792000 + 0.081933),0.890940 (0.809100 + 0.081840),0.890940 (0.809100 + 0.081840),0.890940 (0.809100 + 0.081840),0.890940 (0.809100 + 0.081840),0.861326 (0.779400 + 0.081926),0.890940 (0.809100 + 0.081840),0.890940 (0.809100 + 0.081840),0.890940 (0.809100 + 0.081840),0.890940 (0.809100 + 0.081840),0.859394 (0.777600 + 0.081794),0.869234 (0.787500 + 0.081734),0.890940 (0.809100 + 0.081840),0.890940 (0.809100 + 0.081840),0.890940 (0.809100 + 0.081840),0.878407 (0.796500 + 0.081907),0.890940 (0.809100 + 0.081840),0.890940 (0.809100 + 0.081840),0.890940 (0.809100 + 0.081840),0.890940 (0.809100 + 0.081840),0.890940 (0.809100 + 0.081840),0.890940 (0.809100 + 0.081840),0.890940 (0.809100 + 0.081840),0.890940 (0.809100 + 0.081840),0.890940 (0.809100 + 0.081840),0.890940 (0.809100 + 0.081840),0.890940 (0.809100 + 0.081840),0.890940 (0.809100 + 0.081840),0.890940 (0.809100 + 0.081840),0.890940 (0.809100 + 0.081840),0.890940 (0.809100 + 0.081840),0.890940 (0.809100 + 0.081840),0.890940 (0.809100 + 0.081840),0.890940 (0.809100 + 0.081840),0.883621 (0.801900 + 0.081721),0.855618 (0.774000 + 0.081618),0.890940 (0.809100 + 0.081840),0.890940 (0.809100 + 0.081840),0.890940 (0.809100 + 0.081840),0.890940 (0.809100 + 0.081840),0.890940 (0.809100 + 0.081840),0.890940 (0.809100 + 0.081840),0.890940 (0.809100 + 0.081840),0.862011 (0.780300 + 0.081711),0.868540 (0.786600 + 0.081940)
221,0.890940 (0.809100 + 0.081840),0.890940 (0.809100 + 0.081840),0.890940 (0.809100 + 0.081840),0.890940 (0.809100 + 0.081840),0.890940 (0.809100 + 0.081840),0.890940 (0.809100 + 0.081840),0.890940 (0.809100 + 0.081840),0.890940 (0.809100 + 0.081840),0.890940 (0.809100 + 0.081840),0.890940 (0.809100 + 0.081840),0.864755 (0.783000 + 0.081755),0.890940 (0.809100 + 0.081840),0.890940 (0.809100 + 0.081840),0.890940 (0.809100 + 0.081840),0.859437 (0.777600 + 0.081837),0.863742 (0.782100 + 0.081642),0.890940 (0.809100 + 0.081840),0.890940 (0.809100 + 0.081840),0.890940 (0.809100 + 0.081840),0.890940 (0.809100 + 0.081840),0.890940 (0.809100 + 0.081840),0.890940 (0.809100 + 0.081840),0.890940 (0.809100 + 0.081840),0.890940 (0.809100 + 0.081840),0.890940 (0.809100 + 0.081840),0.890940 (0.809100 + 0.081840),0.890940 (0.809100 + 0.081840),0.890940 (0.809100 + 0.081840),0.890940 (0.809100 + 0.081840),0.890940 (0.809100 + 0.081840),0.890940 (0.809100 + 0.081840),0.890940 (0.809100 + 0.081840),0.890940 (0.809100 + 0.081840),0.890940 (0.809100 + 0.081840),0.890940 (0.809100 + 0.081840),0.865677 (0.783900 + 0.081777),0.863847 (0.782100 + 0.081747),0.890940 (0.809100 + 0.081840),0.890940 (0.809100 + 0.081840),0.890940 (0.809100 + 0.081840),0.890940 (0.809100 + 0.081840),0.868318 (0.786600 + 0.081718),0.890940 (0.809100 + 0.081840),0.890940 (0.809100 + 0.081840),0.890940 (0.809100 + 0.081840),0.890940 (0.809100 + 0.081840),0.890940 (0.809100 + 0.081840),0.890940 (0.809100 + 0.081840),0.890940 (0.809100 + 0.081840),0.890940 (0.809100 + 0.081840),0.890940 (0.809100 + 0.081840),0.890940 (0.809100 + 0.081840),0.890940 (0.809100 + 0.081840),0.890940 (0.809100 + 0.081840),0.890940 (0.809100 + 0.081840),0.890940 (0.809100 + 0.081840),0.890940 (0.809100 + 0.081840),0.890940 (0.809100 + 0.081840),0.875594 (0.793800 + 0.081794),0.890940 (0.809100 + 0.081840),0.890940 (0.809100 + 0.081840),0.890940 (0.809100 + 0.081840),0.890940 (0.809100 + 0.081840),0.890940 (0.809100 + 0.081840),0.890940 (0.809100 + 0.081840),0.890940 (0.809100 + 0.081840),0.890940 (0.809100 + 0.081840),0.890940 (0.809100 + 0.081840),0.890940 (0.809100 + 0.081840),0.890940 (0.809100 + 0.081840),0.890940 (0.809100 + 0.081840),0.890940 (0.809100 + 0.081840),0.890940 (0.809100 + 0.081840),0.868466 (0.786600 + 0.081866),0.890940 (0.809100 + 0.081840),0.869215 (0.787500 + 0.081715),0.890940 (0.809100 + 0.081840),0.890940 (0.809100 + 0.081840),0.890940 (0.809100 + 0.081840),0.890940 (0.809100 + 0.081840),0.890940 (0.809100 + 0.081840),0.890940 (0.809100 + 0.081840),0.890940 (0.809100 + 0.081840),0.890940 (0.809100 + 0.081840),0.890940 (0.809100 + 0.081840),0.890940 (0.809100 + 0.081840),0.890940 (0.809100 + 0.081840),0.890940 (0.809100 + 0.081840),0.890940 (0.809100 + 0.081840),0.890940 (0.809100 + 0.081840),0.890940 (0.809100 + 0.081840),0.886356 (0.804600 + 0.081756),0.890940 (0.809100 + 0.081840),0.875510 (0.793800 + 0.081710),0.890940 (0.809100 + 0.081840),0.890940 (0.809100 + 0.081840),0.890940 (0.809100 + 0.081840),0.890940 (0.809100 + 0.081840),0.890940 (0.809100 + 0.081840),0.890940 (0.809100 + 0.081840)
222,0.890940 (0.809100 + 0.081840),0.890940 (0.809100 + 0.081840),0.890940 (0.809100 + 0.081840),0.890940 (0.809100 + 0.081840),0.890940 (0.809100 + 0.081840),0.890940 (0.809100 + 0.081840),0.890940 (0.809100 + 0.081840),0.890940 (0.809100 + 0.081840),0.890940 (0.809100 + 0.081840),0.890940 (0.809100 + 0.081840),0.890940 (0.809100 + 0.081840),0.866689 (0.784800 + 0.081889),0.890940 (0.809100 + 0.081840),0.865770 (0.783900 + 0.081870),0.890940 (0.809100 + 0.081840),0.890940 (0.809100 + 0.081840),0.890940 (0.809100 + 0.081840),0.890940 (0.809100 + 0.081840),0.890940 (0.809100 + 0.081840),0.890940 (0.809100 + 0.081840),0.890940 (0.809100 + 0.081840),0.890940 (0.809100 + 0.081840),0.890940 (0.809100 + 0.081840),0.890940 (0.809100 + 0.081840),0.890940 (0.809100 + 0.081840),0.890940 (0.809100 + 0.081840),0.890940 (0.809100 + 0.081840),0.890940 (0.809100 + 0.081840),0.890940 (0.809100 + 0.081840),0.890940 (0.809100 + 0.081840),0.890940 (0.809100 + 0.081840),0.890940 (0.809100 + 0.081840),0.890940 (0.809100 + 0.081840),0.890940 (0.809100 + 0.081840),0.890940 (0.809100 + 0.081840),0.890940 (0.809100 + 0.081840),0.890940 (0.809100 + 0.081840),0.890940 (0.809100 + 0.081840),0.890940 (0.809100 + 0.081840),0.890940 (0.809100 + 0.081840),0.881087 (0.799200 + 0.081887),0.890940 (0.809100 + 0.081840),0.890940 (0.809100 + 0.081840),0.890940 (0.809100 + 0.081840),0.890940 (0.809100 + 0.081840),0.890940 (0.809100 + 0.081840),0.890940 (0.809100 + 0.081840),0.890940 (0.809100 + 0.081840),0.874667 (0.792900 + 0.081767),0.890940 (0.809100 + 0.081840),0.890940 (0.809100 + 0.081840),0.890940 (0.809100 + 0.081840),0.890940 (0.809100 + 0.081840),0.890940 (0.809100 + 0.081840),0.872801 (0.791100 + 0.081701),0.859318 (0.777600 + 0.081718),0.890940 (0.809100 + 0.081840),0.890940 (0.809100 + 0.081840),0.890940 (0.809100 + 0.081840),0.890940 (0.809100 + 0.081840),0.890940 (0.809100 + 0.081840),0.869258 (0.787500 + 0.081758),0.890940 (0.809100 + 0.081840),0.890940 (0.809100 + 0.081840),0.890940 (0.809100 + 0.081840),0.890940 (0.809100 + 0.081840),0.890940 (0.809100 + 0.081840),0.890940 (0.809100 + 0.081840),0.890940 (0.809100 + 0.081840),0.867387 (0.785700 + 0.081687),0.890940 (0.809100 + 0.081840),0.890940 (0.809100 + 0.081840),0.890940 (0.809100 + 0.081840),0.890940 (0.809100 + 0.081840),0.890940 (0.809100 + 0.081840),0.890940 (0.809100 + 0.081840),0.890940 (0.809100 + 0.081840),0.890940 (0.809100 + 0.081840),0.890940 (0.809100 + 0.081840),0.890940 (0.809100 + 0.081840),0.890940 (0.809100 + 0.081840),0.890940 (0.809100 + 0.081840),0.890940 (0.809100 + 0.081840),0.890940 (0.809100 + 0.081840),0.890940 (0.809100 + 0.081840),0.882784 (0.801000 + 0.081784),0.890940 (0.809100 + 0.081840),0.890940 (0.809100 + 0.081840),0.890940 (0.809100 + 0.081840),0.890940 (0.809100 + 0.081840),0.890940 (0.809100 + 0.081840),0.890940 (0.809100 + 0.081840),0.890940 (0.809100 + 0.081840),0.861961 (0.780300 + 0.081661),0.890940 (0.809100 + 0.081840),0.890940 (0.809100 + 0.081840),0.890940 (0.809100 + 0.081840),0.890940 (0.809100 + 0.081840),0.890940 (0.809100 + 0.081840),0.890940 (0.809100 + 0.081840)
223,0.890940 (0.809100 + 0.081840),0.890940 (0.809100 + 0.081840),0.890940 (0.809100 + 0.081840),0.890940 (0.809100 + 0.081840),0.867387 (0.785700 + 0.081687),0.890940 (0.809100 + 0.081840),0.890940 (0.809100 + 0.081840),0.890940 (0.809100 + 0.081840),0.890940 (0.809100 + 0.081840),0.890940 (0.809100 + 0.081840),0.890940 (0.809100 + 0.081840),0.890940 (0.809100 + 0.081840),0.890940 (0.809100 + 0.081840),0.890940 (0.809100 + 0.081840),0.890940 (0.809100 + 0.081840),0.873844 (0.792000 + 0.081844),0.890940 (0.809100 + 0.081840),0.890940 (0.809100 + 0.081840),0.870212 (0.788400 + 0.081812),0.878313 (0.796500 + 0.081813),0.890940 (0.809100 + 0.081840),0.890940 (0.809100 + 0.081840),0.890940 (0.809100 + 0.081840),0.890940 (0.809100 + 0.081840),0.890940 (0.809100 + 0.081840),0.890940 (0.809100 + 0.081840),0.876590 (0.794700 + 0.081890),0.890940 (0.809100 + 0.081840),0.890940 (0.809100 + 0.081840),0.890940 (0.809100 + 0.081840),0.890940 (0.809100 + 0.081840),0.890940 (0.809100 + 0.081840),0.890940 (0.809100 + 0.081840),0.890940 (0.809100 + 0.081840),0.861251 (0.779400 + 0.081851),0.890940 (0.809100 + 0.081840),0.890940 (0.809100 + 0.081840),0.890940 (0.809100 + 0.081840),0.881145 (0.799200 + 0.081945),0.890940 (0.809100 + 0.081840),0.867279 (0.785700 + 0.081579),0.890940 (0.809100 + 0.081840),0.890940 (0.809100 + 0.081840),0.890940 (0.809100 + 0.081840),0.890940 (0.809100 + 0.081840),0.890940 (0.809100 + 0.081840),0.890940 (0.809100 + 0.081840),0.890940 (0.809100 + 0.081840),0.890940 (0.809100 + 0.081840),0.890940 (0.809100 + 0.081840),0.890940 (0.809100 + 0.081840),0.890940 (0.809100 + 0.081840),0.890940 (0.809100 + 0.081840),0.890940 (0.809100 + 0.081840),0.890940 (0.809100 + 0.081840),0.890940 (0.809100 + 0.081840),0.890940 (0.809100 + 0.081840),0.890940 (0.809100 + 0.081840),0.890940 (0.809100 + 0.081840),0.863964 (0.782100 + 0.081864),0.890940 (0.809100 + 0.081840),0.890940 (0.809100 + 0.081840),0.890940 (0.809100 + 0.081840),0.890940 (0.809100 + 0.081840),0.890940 (0.809100 + 0.081840),0.890940 (0.809100 + 0.081840),0.890940 (0.809100 + 0.081840),0.890940 (0.809100 + 0.081840),0.890940 (0.809100 + 0.081840),0.890940 (0.809100 + 0.081840),0.890940 (0.809100 + 0.081840),0.890940 (0.809100 + 0.081840),0.890940 (0.809100 + 0.081840),0.890940 (0.809100 + 0.081840),0.890940 (0.809100 + 0.081840),0.890940 (0.809100 + 0.081840),0.890940 (0.809100 + 0.081840),0.890940 (0.809100 + 0.081840),0.890940 (0.809100 + 0.081840),0.890940 (0.809100 + 0.081840),0.890940 (0.809100 + 0.081840),0.890940 (0.809100 + 0.081840),0.890940 (0.809100 + 0.081840),0.890940 (0.809100 + 0.081840),0.890940 (0.809100 + 0.081840),0.890940 (0.809100 + 0.081840),0.890940 (0.809100 + 0.081840),0.890940 (0.809100 + 0.081840),0.890940 (0.809100 + 0.081840),0.890940 (0.809100 + 0.081840),0.879408 (0.797400 + 0.082008),0.890940 (0.809100 + 0.081840),0.890940 (0.809100 + 0.081840),0.890940 (0.809100 + 0.081840),0.890940 (0.809100 + 0.081840),0.890940 (0.809100 + 0.081840),0.890940 (0.809100 + 0.081840),0.890940 (0.809100 + 0.081840),0.890940 (0.809100 + 0.081840),0.890940 (0.809100 + 0.081840)
224,0.890940 (0.809100 + 0.081840),0.890940 (0.809100 + 0.081840),0.890940 (0.809100 + 0.081840),0.890940 (0.809100 + 0.081840),0.890940 (0.809100 + 0.081840),0.890940 (0.809100 + 0.081840),0.870152 (0.788400 + 0.081752),0.890940 (0.809100 + 0.081840),0.890940 (0.809100 + 0.081840),0.890940 (0.809100 + 0.081840),0.890940 (0.809100 + 0.081840),0.890940 (0.809100 + 0.081840),0.890940 (0.809100 + 0.081840),0.890940 (0.809100 + 0.081840),0.890940 (0.809100 + 0.081840),0.890940 (0.809100 + 0.081840),0.890940 (0.809100 + 0.081840),0.890940 (0.809100 + 0.081840),0.890940 (0.809100 + 0.081840),0.890940 (0.809100 + 0.081840),0.890940 (0.809100 + 0.081840),0.890940 (0.809100 + 0.081840),0.890940 (0.809100 + 0.081840),0.890940 (0.809100 + 0.081840),0.890940 (0.809100 + 0.081840),0.890940 (0.809100 + 0.081840),0.890940 (0.809100 + 0.081840),0.890940 (0.809100 + 0.081840),0.890940 (0.809100 + 0.081840),0.890940 (0.809100 + 0.081840),0.868223 (0.786600 + 0.081623),0.890940 (0.809100 + 0.081840),0.890940 (0.809100 + 0.081840),0.890940 (0.809100 + 0.081840),0.890940 (0.809100 + 0.081840),0.890940 (0.809100 + 0.081840),0.890940 (0.809100 + 0.081840),0.861182 (0.779400 + 0.081782),0.890940 (0.809100 + 0.081840),0.890940 (0.809100 + 0.081840),0.890940 (0.809100 + 0.081840),0.890940 (0.809100 + 0.081840),0.890940 (0.809100 + 0.081840),0.890940 (0.809100 + 0.081840),0.890940 (0.809100 + 0.081840),0.890940 (0.809100 + 0.081840),0.890940 (0.809100 + 0.081840),0.890940 (0.809100 + 0.081840),0.890940 (0.809100 + 0.081840),0.890940 (0.809100 + 0.081840),0.890940 (0.809100 + 0.081840),0.890940 (0.809100 + 0.081840),0.869249 (0.787500 + 0.081749),0.890940 (0.809100 + 0.081840),0.862157 (0.780300 + 0.081857),0.868243 (0.786600 + 0.081643),0.890940 (0.809100 + 0.081840),0.890940 (0.809100 + 0.081840),0.890940 (0.809100 + 0.081840),0.890940 (0.809100 + 0.081840),0.890940 (0.809100 + 0.081840),0.890940 (0.809100 + 0.081840),0.890940 (0.809100 + 0.081840),0.890940 (0.809100 + 0.081840),0.890940 (0.809100 + 0.081840),0.890940 (0.809100 + 0.081840),0.862054 (0.780300 + 0.081754),0.890940 (0.809100 + 0.081840),0.890940 (0.809100 + 0.081840),0.890940 (0.809100 + 0.081840),0.890940 (0.809100 + 0.081840),0.890940 (0.809100 + 0.081840),0.890940 (0.809100 + 0.081840),0.890940 (0.809100 + 0.081840),0.890940 (0.809100 + 0.081840),0.890940 (0.809100 + 0.081840),0.890940 (0.809100 + 0.081840),0.890940 (0.809100 + 0.081840),0.890940 (0.809100 + 0.081840),0.890940 (0.809100 + 0.081840),0.890940 (0.809100 + 0.081840),0.890940 (0.809100 + 0.081840),0.890940 (0.809100 + 0.081840),0.890940 (0.809100 + 0.081840),0.890940 (0.809100 + 0.081840),0.890940 (0.809100 + 0.081840),0.890940 (0.809100 + 0.081840),0.864774 (0.783000 + 0.081774),0.890940 (0.809100 + 0.081840),0.890940 (0.809100 + 0.081840),0.890940 (0.809100 + 0.081840),0.890940 (0.809100 + 0.081840),0.890940 (0.809100 + 0.081840),0.890940 (0.809100 + 0.081840),0.890940 (0.809100 + 0.081840),0.890940 (0.809100 + 0.081840),0.890940 (0.809100 + 0.081840),0.890940 (0.809100 + 0.081840),0.890940 (0.809100 + 0.081840),0.890940 (0.809100 + 0.081840)
225,0.890940 (0.809100 + 0.081840),0.890940 (0.809100 + 0.081840),0.890940 (0.809100 + 0.081840),0.890940 (0.809100 + 0.081840),0.890940 (0.809100 + 0.081840),0.890940 (0.809100 + 0.081840),0.890940 (0.809100 + 0.081840),0.890940 (0.809100 + 0.081840),0.890940 (0.809100 + 0.081840),0.890940 (0.809100 + 0.081840),0.890940 (0.809100 + 0.081840),0.890940 (0.809100 + 0.081840),0.890940 (0.809100 + 0.081840),0.890940 (0.809100 + 0.081840),0.872866 (0.791100 + 0.081766),0.890940 (0.809100 + 0.081840),0.890940 (0.809100 + 0.081840),0.890940 (0.809100 + 0.081840),0.875507 (0.793800 + 0.081707),0.890940 (0.809100 + 0.081840),0.865740 (0.783900 + 0.081840),0.890940 (0.809100 + 0.081840),0.890940 (0.809100 + 0.081840),0.890940 (0.809100 + 0.081840),0.890940 (0.809100 + 0.081840),0.890940 (0.809100 + 0.081840),0.890940 (0.809100 + 0.081840),0.890940 (0.809100 + 0.081840),0.890940 (0.809100 + 0.081840),0.890940 (0.809100 + 0.081840),0.862217 (0.780300 + 0.081917),0.890940 (0.809100 + 0.081840),0.890940 (0.809100 + 0.081840),0.890940 (0.809100 + 0.081840),0.890940 (0.809100 + 0.081840),0.890940 (0.809100 + 0.081840),0.890940 (0.809100 + 0.081840),0.890940 (0.809100 + 0.081840),0.890940 (0.809100 + 0.081840),0.890940 (0.809100 + 0.081840),0.865806 (0.783900 + 0.081906),0.870043 (0.788400 + 0.081643),0.890940 (0.809100 + 0.081840),0.890940 (0.809100 + 0.081840),0.890940 (0.809100 + 0.081840),0.874838 (0.792900 + 0.081938),0.890940 (0.809100 + 0.081840),0.855845 (0.774000 + 0.081845),0.890940 (0.809100 + 0.081840),0.890940 (0.809100 + 0.081840),0.890940 (0.809100 + 0.081840),0.890940 (0.809100 + 0.081840),0.890940 (0.809100 + 0.081840),0.870193 (0.788400 + 0.081793),0.890940 (0.809100 + 0.081840),0.890940 (0.809100 + 0.081840),0.890940 (0.809100 + 0.081840),0.890940 (0.809100 + 0.081840),0.890940 (0.809100 + 0.081840),0.890940 (0.809100 + 0.081840),0.890940 (0.809100 + 0.081840),0.890940 (0.809100 + 0.081840),0.890940 (0.809100 + 0.081840),0.890940 (0.809100 + 0.081840),0.890940 (0.809100 + 0.081840),0.890940 (0.809100 + 0.081840),0.890940 (0.809100 + 0.081840),0.890940 (0.809100 + 0.081840),0.877427 (0.795600 + 0.081827),0.890940 (0.809100 + 0.081840),0.890940 (0.809100 + 0.081840),0.890940 (0.809100 + 0.081840),0.890940 (0.809100 + 0.081840),0.890940 (0.809100 + 0.081840),0.890940 (0.809100 + 0.081840),0.890940 (0.809100 + 0.081840),0.890940 (0.809100 + 0.081840),0.890940 (0.809100 + 0.081840),0.890940 (0.809100 + 0.081840),0.890940 (0.809100 + 0.081840),0.890940 (0.809100 + 0.081840),0.890940 (0.809100 + 0.081840),0.890940 (0.809100 + 0.081840),0.871120 (0.789300 + 0.081820),0.890940 (0.809100 + 0.081840),0.890940 (0.809100 + 0.081840),0.865788 (0.783900 + 0.081888),0.890940 (0.809100 + 0.081840),0.890940 (0.809100 + 0.081840),0.890940 (0.809100 + 0.081840),0.890940 (0.809100 + 0.081840),0.890940 (0.809100 + 0.081840),0.890940 (0.809100 + 0.081840),0.890940 (0.809100 + 0.081840),0.890940 (0.809100 + 0.081840),0.890940 (0.809100 + 0.081840),0.890940 (0.809100 + 0.081840),0.890940 (0.809100 + 0.081840),0.890940 (0.809100 + 0.081840),0.890940 (0.809100 + 0.081840)
226,0.890940 (0.809100 + 0.081840),0.890940 (0.809100 + 0.081840),0.890940 (0.809100 + 0.081840),0.890940 (0.809100 + 0.081840),0.890940 (0.809100 + 0.081840),0.890940 (0.809100 + 0.081840),0.871149 (0.789300 + 0.081849),0.890940 (0.809100 + 0.081840),0.890940 (0.809100 + 0.081840),0.890940 (0.809100 + 0.081840),0.890940 (0.809100 + 0.081840),0.890940 (0.809100 + 0.081840),0.890940 (0.809100 + 0.081840),0.890940 (0.809100 + 0.081840),0.890940 (0.809100 + 0.081840),0.876608 (0.794700 + 0.081908),0.855908 (0.774000 + 0.081908),0.890940 (0.809100 + 0.081840),0.890940 (0.809100 + 0.081840),0.890940 (0.809100 + 0.081840),0.890940 (0.809100 + 0.081840),0.890940 (0.809100 + 0.081840),0.890940 (0.809100 + 0.081840),0.890940 (0.809100 + 0.081840),0.858295 (0.776700 + 0.081595),0.890940 (0.809100 + 0.081840),0.890940 (0.809100 + 0.081840),0.890940 (0.809100 + 0.081840),0.890940 (0.809100 + 0.081840),0.872797 (0.791100 + 0.081697),0.890940 (0.809100 + 0.081840),0.890940 (0.809100 + 0.081840),0.890940 (0.809100 + 0.081840),0.890940 (0.809100 + 0.081840),0.860295 (0.778500 + 0.081795),0.890940 (0.809100 + 0.081840),0.890940 (0.809100 + 0.081840),0.890940 (0.809100 + 0.081840),0.890940 (0.809100 + 0.081840),0.890940 (0.809100 + 0.081840),0.890940 (0.809100 + 0.081840),0.870204 (0.788400 + 0.081804),0.866451 (0.784800 + 0.081651),0.890940 (0.809100 + 0.081840),0.890940 (0.809100 + 0.081840),0.890940 (0.809100 + 0.081840),0.890940 (0.809100 + 0.081840),0.890940 (0.809100 + 0.081840),0.890940 (0.809100 + 0.081840),0.890940 (0.809100 + 0.081840),0.890940 (0.809100 + 0.081840),0.890940 (0.809100 + 0.081840),0.890940 (0.809100 + 0.081840),0.890940 (0.809100 + 0.081840),0.890940 (0.809100 + 0.081840),0.890940 (0.809100 + 0.081840),0.890940 (0.809100 + 0.081840),0.890940 (0.809100 + 0.081840),0.890940 (0.809100 + 0.081840),0.870170 (0.788400 + 0.081770),0.890940 (0.809100 + 0.081840),0.890940 (0.809100 + 0.081840),0.890940 (0.809100 + 0.081840),0.864703 (0.783000 + 0.081703),0.867650 (0.785700 + 0.081950),0.890940 (0.809100 + 0.081840),0.890940 (0.809100 + 0.081840),0.890940 (0.809100 + 0.081840),0.890940 (0.809100 + 0.081840),0.890940 (0.809100 + 0.081840),0.890940 (0.809100 + 0.081840),0.890940 (0.809100 + 0.081840),0.890940 (0.809100 + 0.081840),0.890940 (0.809100 + 0.081840),0.890940 (0.809100 + 0.081840),0.890940 (0.809100 + 0.081840),0.890940 (0.809100 + 0.081840),0.890940 (0.809100 + 0.081840),0.890940 (0.809100 + 0.081840),0.890940 (0.809100 + 0.081840),0.890940 (0.809100 + 0.081840),0.890940 (0.809100 + 0.081840),0.890940 (0.809100 + 0.081840),0.890940 (0.809100 + 0.081840),0.890940 (0.809100 + 0.081840),0.890940 (0.809100 + 0.081840),0.890940 (0.809100 + 0.081840),0.890940 (0.809100 + 0.081840),0.890940 (0.809100 + 0.081840),0.890940 (0.809100 + 0.081840),0.890940 (0.809100 + 0.081840),0.890940 (0.809100 + 0.081840),0.890940 (0.809100 + 0.081840),0.890940 (0.809100 + 0.081840),0.890940 (0.809100 + 0.081840),0.890940 (0.809100 + 0.081840),0.890940 (0.809100 + 0.081840),0.890940 (0.809100 + 0.081840),0.890940 (0.809100 + 0.081840),0.864743 (0.783000 + 0.081743)
227,0.890940 (0.809100 + 0.081840),0.890940 (0.809100 + 0.081840),0.890940 (0.809100 + 0.081840),0.890940 (0.809100 + 0.081840),0.890940 (0.809100 + 0.081840),0.890940 (0.809100 + 0.081840),0.870204 (0.788400 + 0.081804),0.890940 (0.809100 + 0.081840),0.890940 (0.809100 + 0.081840),0.890940 (0.809100 + 0.081840),0.890940 (0.809100 + 0.081840),0.890940 (0.809100 + 0.081840),0.890940 (0.809100 + 0.081840),0.890940 (0.809100 + 0.081840),0.890940 (0.809100 + 0.081840),0.872023 (0.790200 + 0.081823),0.890940 (0.809100 + 0.081840),0.890940 (0.809100 + 0.081840),0.890940 (0.809100 + 0.081840),0.890940 (0.809100 + 0.081840),0.866575 (0.784800 + 0.081775),0.890940 (0.809100 + 0.081840),0.890940 (0.809100 + 0.081840),0.890940 (0.809100 + 0.081840),0.890940 (0.809100 + 0.081840),0.890940 (0.809100 + 0.081840),0.890940 (0.809100 + 0.081840),0.890940 (0.809100 + 0.081840),0.890940 (0.809100 + 0.081840),0.871241 (0.789300 + 0.081941),0.890940 (0.809100 + 0.081840),0.890940 (0.809100 + 0.081840),0.890940 (0.809100 + 0.081840),0.890940 (0.809100 + 0.081840),0.890940 (0.809100 + 0.081840),0.890940 (0.809100 + 0.081840),0.868521 (0.786600 + 0.081921),0.890940 (0.809100 + 0.081840),0.890940 (0.809100 + 0.081840),0.890940 (0.809100 + 0.081840),0.890940 (0.809100 + 0.081840),0.890940 (0.809100 + 0.081840),0.890940 (0.809100 + 0.081840),0.869226 (0.787500 + 0.081726),0.890940 (0.809100 + 0.081840),0.890940 (0.809100 + 0.081840),0.859361 (0.777600 + 0.081761),0.890940 (0.809100 + 0.081840),0.890940 (0.809100 + 0.081840),0.890940 (0.809100 + 0.081840),0.890940 (0.809100 + 0.081840),0.890940 (0.809100 + 0.081840),0.890940 (0.809100 + 0.081840),0.890940 (0.809100 + 0.081840),0.869199 (0.787500 + 0.081699),0.890940 (0.809100 + 0.081840),0.890940 (0.809100 + 0.081840),0.890940 (0.809100 + 0.081840),0.890940 (0.809100 + 0.081840),0.890940 (0.809100 + 0.081840),0.865714 (0.783900 + 0.081814),0.890940 (0.809100 + 0.081840),0.872804 (0.791100 + 0.081704),0.890940 (0.809100 + 0.081840),0.890940 (0.809100 + 0.081840),0.890940 (0.809100 + 0.081840),0.890940 (0.809100 + 0.081840),0.890940 (0.809100 + 0.081840),0.890940 (0.809100 + 0.081840),0.890940 (0.809100 + 0.081840),0.890940 (0.809100 + 0.081840),0.890940 (0.809100 + 0.081840),0.890940 (0.809100 + 0.081840),0.890940 (0.809100 + 0.081840),0.890940 (0.809100 + 0.081840),0.890940 (0.809100 + 0.081840),0.890940 (0.809100 + 0.081840),0.890940 (0.809100 + 0.081840),0.890940 (0.809100 + 0.081840),0.890940 (0.809100 + 0.081840),0.890940 (0.809100 + 0.081840),0.890940 (0.809100 + 0.081840),0.855864 (0.774000 + 0.081864),0.861186 (0.779400 + 0.081786),0.890940 (0.809100 + 0.081840),0.890940 (0.809100 + 0.081840),0.890940 (0.809100 + 0.081840),0.890940 (0.809100 + 0.081840),0.890940 (0.809100 + 0.081840),0.890940 (0.809100 + 0.081840),0.864836 (0.783000 + 0.081836),0.890940 (0.809100 + 0.081840),0.890940 (0.809100 + 0.081840),0.890940 (0.809100 + 0.081840),0.890940 (0.809100 + 0.081840),0.890940 (0.809100 + 0.081840),0.890940 (0.809100 + 0.081840),0.890940 (0.809100 + 0.081840),0.890940 (0.809100 + 0.081840),0.890940 (0.809100 + 0.081840)
228,0.890940 (0.809100 + 0.081840),0.890940 (0.809100 + 0.081840),0.890940 (0.809100 + 0.081840),0.868508 (0.786600 + 0.081908),0.890940 (0.809100 + 0.081840),0.890940 (0.809100 + 0.081840),0.863773 (0.782100 + 0.081673),0.890940 (0.809100 + 0.081840),0.873573 (0.792000 + 0.081573),0.890940 (0.809100 + 0.081840),0.890940 (0.809100 + 0.081840),0.863062 (0.781200 + 0.081862),0.890940 (0.809100 + 0.081840),0.890940 (0.809100 + 0.081840),0.890940 (0.809100 + 0.081840),0.890940 (0.809100 + 0.081840),0.890940 (0.809100 + 0.081840),0.890940 (0.809100 + 0.081840),0.890940 (0.809100 + 0.081840),0.890940 (0.809100 + 0.081840),0.890940 (0.809100 + 0.081840),0.890940 (0.809100 + 0.081840),0.890940 (0.809100 + 0.081840),0.890940 (0.809100 + 0.081840),0.890940 (0.809100 + 0.081840),0.890940 (0.809100 + 0.081840),0.890940 (0.809100 + 0.081840),0.872804 (0.791100 + 0.081704),0.890940 (0.809100 + 0.081840),0.890940 (0.809100 + 0.081840),0.890940 (0.809100 + 0.081840),0.884675 (0.802800 + 0.081875),0.864779 (0.783000 + 0.081779),0.858350 (0.776700 + 0.081650),0.890940 (0.809100 + 0.081840),0.890940 (0.809100 + 0.081840),0.890940 (0.809100 + 0.081840),0.890940 (0.809100 + 0.081840),0.890940 (0.809100 + 0.081840),0.890940 (0.809100 + 0.081840),0.890940 (0.809100 + 0.081840),0.890940 (0.809100 + 0.081840),0.890940 (0.809100 + 0.081840),0.890940 (0.809100 + 0.081840),0.890940 (0.809100 + 0.081840),0.890940 (0.809100 + 0.081840),0.890940 (0.809100 + 0.081840),0.890940 (0.809100 + 0.081840),0.876541 (0.794700 + 0.081841),0.890940 (0.809100 + 0.081840),0.890940 (0.809100 + 0.081840),0.890940 (0.809100 + 0.081840),0.890940 (0.809100 + 0.081840),0.890940 (0.809100 + 0.081840),0.890940 (0.809100 + 0.081840),0.890940 (0.809100 + 0.081840),0.890940 (0.809100 + 0.081840),0.890940 (0.809100 + 0.081840),0.890940 (0.809100 + 0.081840),0.890940 (0.809100 + 0.081840),0.890940 (0.809100 + 0.081840),0.890940 (0.809100 + 0.081840),0.890940 (0.809100 + 0.081840),0.890940 (0.809100 + 0.081840),0.890940 (0.809100 + 0.081840),0.890940 (0.809100 + 0.081840),0.890940 (0.809100 + 0.081840),0.890940 (0.809100 + 0.081840),0.890940 (0.809100 + 0.081840),0.890940 (0.809100 + 0.081840),0.890940 (0.809100 + 0.081840),0.890940 (0.809100 + 0.081840),0.890940 (0.809100 + 0.081840),0.890940 (0.809100 + 0.081840),0.890940 (0.809100 + 0.081840),0.890940 (0.809100 + 0.081840),0.876544 (0.794700 + 0.081844),0.890940 (0.809100 + 0.081840),0.890940 (0.809100 + 0.081840),0.870320 (0.788400 + 0.081920),0.868378 (0.786600 + 0.081778),0.870939 (0.789300 + 0.081639),0.873890 (0.792000 + 0.081890),0.890940 (0.809100 + 0.081840),0.890940 (0.809100 + 0.081840),0.890940 (0.809100 + 0.081840),0.865626 (0.783900 + 0.081726),0.890940 (0.809100 + 0.081840),0.890940 (0.809100 + 0.081840),0.890940 (0.809100 + 0.081840),0.890940 (0.809100 + 0.081840),0.890940 (0.809100 + 0.081840),0.890940 (0.809100 + 0.081840),0.890940 (0.809100 + 0.081840),0.890940 (0.809100 + 0.081840),0.864573 (0.783000 + 0.081573),0.890940 (0.809100 + 0.081840),0.890940 (0.809100 + 0.081840),0.890940 (0.809100 + 0.081840),0.890940 (0.809100 + 0.081840)
229,0.890940 (0.809100 + 0.081840),0.890940 (0.809100 + 0.081840),0.890940 (0.809100 + 0.081840),0.890940 (0.809100 + 0.081840),0.890940 (0.809100 + 0.081840),0.890940 (0.809100 + 0.081840),0.890940 (0.809100 + 0.081840),0.890940 (0.809100 + 0.081840),0.890940 (0.809100 + 0.081840),0.890940 (0.809100 + 0.081840),0.890940 (0.809100 + 0.081840),0.890940 (0.809100 + 0.081840),0.890940 (0.809100 + 0.081840),0.890940 (0.809100 + 0.081840),0.890940 (0.809100 + 0.081840),0.890940 (0.809100 + 0.081840),0.890940 (0.809100 + 0.081840),0.890940 (0.809100 + 0.081840),0.879146 (0.797400 + 0.081746),0.890940 (0.809100 + 0.081840),0.890940 (0.809100 + 0.081840),0.890940 (0.809100 + 0.081840),0.890940 (0.809100 + 0.081840),0.890940 (0.809100 + 0.081840),0.890940 (0.809100 + 0.081840),0.890940 (0.809100 + 0.081840),0.890940 (0.809100 + 0.081840),0.890940 (0.809100 + 0.081840),0.890940 (0.809100 + 0.081840),0.890940 (0.809100 + 0.081840),0.855729 (0.774000 + 0.081729),0.890940 (0.809100 + 0.081840),0.890940 (0.809100 + 0.081840),0.886372 (0.804600 + 0.081772),0.869141 (0.787500 + 0.081641),0.890940 (0.809100 + 0.081840),0.890940 (0.809100 + 0.081840),0.890940 (0.809100 + 0.081840),0.890940 (0.809100 + 0.081840),0.890940 (0.809100 + 0.081840),0.860284 (0.778500 + 0.081784),0.890940 (0.809100 + 0.081840),0.890940 (0.809100 + 0.081840),0.890940 (0.809100 + 0.081840),0.890940 (0.809100 + 0.081840),0.890940 (0.809100 + 0.081840),0.890940 (0.809100 + 0.081840),0.890940 (0.809100 + 0.081840),0.890940 (0.809100 + 0.081840),0.890940 (0.809100 + 0.081840),0.890940 (0.809100 + 0.081840),0.890940 (0.809100 + 0.081840),0.890940 (0.809100 + 0.081840),0.890940 (0.809100 + 0.081840),0.870939 (0.789300 + 0.081639),0.890940 (0.809100 + 0.081840),0.890940 (0.809100 + 0.081840),0.890940 (0.809100 + 0.081840),0.890940 (0.809100 + 0.081840),0.890940 (0.809100 + 0.081840),0.890940 (0.809100 + 0.081840),0.890940 (0.809100 + 0.081840),0.890940 (0.809100 + 0.081840),0.890940 (0.809100 + 0.081840),0.890940 (0.809100 + 0.081840),0.890940 (0.809100 + 0.081840),0.890940 (0.809100 + 0.081840),0.875706 (0.793800 + 0.081906),0.881055 (0.799200 + 0.081855),0.890940 (0.809100 + 0.081840),0.890940 (0.809100 + 0.081840),0.890940 (0.809100 + 0.081840),0.890940 (0.809100 + 0.081840),0.890940 (0.809100 + 0.081840),0.890940 (0.809100 + 0.081840),0.890940 (0.809100 + 0.081840),0.890940 (0.809100 + 0.081840),0.890940 (0.809100 + 0.081840),0.890940 (0.809100 + 0.081840),0.890940 (0.809100 + 0.081840),0.890940 (0.809100 + 0.081840),0.890940 (0.809100 + 0.081840),0.890940 (0.809100 + 0.081840),0.890940 (0.809100 + 0.081840),0.890940 (0.809100 + 0.081840),0.890940 (0.809100 + 0.081840),0.890940 (0.809100 + 0.081840),0.890940 (0.809100 + 0.081840),0.890940 (0.809100 + 0.081840),0.890940 (0.809100 + 0.081840),0.890940 (0.809100 + 0.081840),0.890940 (0.809100 + 0.081840),0.890940 (0.809100 + 0.081840),0.890940 (0.809100 + 0.081840),0.890940 (0.809100 + 0.081840),0.890940 (0.809100 + 0.081840),0.890940 (0.809100 + 0.081840),0.890940 (0.809100 + 0.081840),0.890940 (0.809100 + 0.081840),0.890940 (0.809100 + 0.081840)
230,0.890940 (0.809100 + 0.081840),0.890940 (0.809100 + 0.081840),0.890940 (0.809100 + 0.081840),0.890940 (0.809100 + 0.081840),0.890940 (0.809100 + 0.081840),0.890940 (0.809100 + 0.081840),0.890940 (0.809100 + 0.081840),0.890940 (0.809100 + 0.081840),0.890940 (0.809100 + 0.081840),0.890940 (0.809100 + 0.081840),0.890940 (0.809100 + 0.081840),0.890940 (0.809100 + 0.081840),0.890940 (0.809100 + 0.081840),0.890940 (0.809100 + 0.081840),0.890940 (0.809100 + 0.081840),0.890940 (0.809100 + 0.081840),0.890940 (0.809100 + 0.081840),0.890940 (0.809100 + 0.081840),0.890940 (0.809100 + 0.081840),0.890940 (0.809100 + 0.081840),0.890940 (0.809100 + 0.081840),0.890940 (0.809100 + 0.081840),0.890940 (0.809100 + 0.081840),0.890940 (0.809100 + 0.081840),0.890940 (0.809100 + 0.081840),0.883848 (0.801900 + 0.081948),0.890940 (0.809100 + 0.081840),0.890940 (0.809100 + 0.081840),0.890940 (0.809100 + 0.081840),0.890940 (0.809100 + 0.081840),0.890940 (0.809100 + 0.081840),0.890940 (0.809100 + 0.081840),0.868288 (0.786600 + 0.081688),0.890940 (0.809100 + 0.081840),0.890940 (0.809100 + 0.081840),0.890940 (0.809100 + 0.081840),0.890940 (0.809100 + 0.081840),0.890940 (0.809100 + 0.081840),0.890940 (0.809100 + 0.081840),0.890940 (0.809100 + 0.081840),0.866711 (0.784800 + 0.081911),0.890940 (0.809100 + 0.081840),0.890940 (0.809100 + 0.081840),0.890940 (0.809100 + 0.081840),0.890940 (0.809100 + 0.081840),0.890940 (0.809100 + 0.081840),0.890940 (0.809100 + 0.081840),0.890940 (0.809100 + 0.081840),0.890940 (0.809100 + 0.081840),0.890940 (0.809100 + 0.081840),0.890940 (0.809100 + 0.081840),0.890940 (0.809100 + 0.081840),0.890940 (0.809100 + 0.081840),0.890940 (0.809100 + 0.081840),0.890940 (0.809100 + 0.081840),0.890940 (0.809100 + 0.081840),0.890940 (0.809100 + 0.081840),0.890940 (0.809100 + 0.081840),0.890940 (0.809100 + 0.081840),0.890940 (0.809100 + 0.081840),0.890940 (0.809100 + 0.081840),0.890940 (0.809100 + 0.081840),0.890940 (0.809100 + 0.081840),0.890940 (0.809100 + 0.081840),0.890940 (0.809100 + 0.081840),0.890940 (0.809100 + 0.081840),0.890940 (0.809100 + 0.081840),0.890940 (0.809100 + 0.081840),0.890940 (0.809100 + 0.081840),0.890940 (0.809100 + 0.081840),0.890940 (0.809100 + 0.081840),0.890940 (0.809100 + 0.081840),0.890940 (0.809100 + 0.081840),0.890940 (0.809100 + 0.081840),0.890940 (0.809100 + 0.081840),0.890940 (0.809100 + 0.081840),0.890940 (0.809100 + 0.081840),0.890940 (0.809100 + 0.081840),0.890940 (0.809100 + 0.081840),0.890940 (0.809100 + 0.081840),0.890940 (0.809100 + 0.081840),0.890940 (0.809100 + 0.081840),0.876531 (0.794700 + 0.081831),0.890940 (0.809100 + 0.081840),0.890940 (0.809100 + 0.081840),0.890940 (0.809100 + 0.081840),0.890940 (0.809100 + 0.081840),0.890940 (0.809100 + 0.081840),0.890940 (0.809100 + 0.081840),0.890940 (0.809100 + 0.081840),0.890940 (0.809100 + 0.081840),0.860277 (0.778500 + 0.081777),0.890940 (0.809100 + 0.081840),0.890940 (0.809100 + 0.081840),0.890940 (0.809100 + 0.081840),0.890940 (0.809100 + 0.081840),0.890940 (0.809100 + 0.081840),0.890940 (0.809100 + 0.081840),0.890940 (0.809100 + 0.081840),0.871877 (0.790200 + 0.081677)
231,0.890940 (0.809100 + 0.081840),0.890940 (0.809100 + 0.081840),0.890940 (0.809100 + 0.081840),0.890940 (0.809100 + 0.081840),0.890940 (0.809100 + 0.081840),0.890940 (0.809100 + 0.081840),0.890940 (0.809100 + 0.081840),0.890940 (0.809100 + 0.081840),0.890940 (0.809100 + 0.081840),0.876505 (0.794700 + 0.081805),0.890940 (0.809100 + 0.081840),0.872915 (0.791100 + 0.081815),0.890940 (0.809100 + 0.081840),0.890940 (0.809100 + 0.081840),0.890940 (0.809100 + 0.081840),0.890940 (0.809100 + 0.081840),0.890940 (0.809100 + 0.081840),0.890940 (0.809100 + 0.081840),0.890940 (0.809100 + 0.081840),0.890940 (0.809100 + 0.081840),0.890940 (0.809100 + 0.081840),0.890940 (0.809100 + 0.081840),0.890940 (0.809100 + 0.081840),0.890940 (0.809100 + 0.081840),0.890940 (0.809100 + 0.081840),0.890940 (0.809100 + 0.081840),0.848558 (0.766800 + 0.081758),0.890940 (0.809100 + 0.081840),0.890940 (0.809100 + 0.081840),0.890940 (0.809100 + 0.081840),0.890940 (0.809100 + 0.081840),0.890940 (0.809100 + 0.081840),0.868309 (0.786600 + 0.081709),0.890940 (0.809100 + 0.081840),0.890940 (0.809100 + 0.081840),0.890940 (0.809100 + 0.081840),0.890940 (0.809100 + 0.081840),0.890940 (0.809100 + 0.081840),0.890940 (0.809100 + 0.081840),0.890940 (0.809100 + 0.081840),0.890940 (0.809100 + 0.081840),0.890940 (0.809100 + 0.081840),0.890940 (0.809100 + 0.081840),0.890940 (0.809100 + 0.081840),0.890940 (0.809100 + 0.081840),0.890940 (0.809100 + 0.081840),0.890940 (0.809100 + 0.081840),0.890940 (0.809100 + 0.081840),0.890940 (0.809100 + 0.081840),0.890940 (0.809100 + 0.081840),0.890940 (0.809100 + 0.081840),0.890940 (0.809100 + 0.081840),0.890940 (0.809100 + 0.081840),0.890940 (0.809100 + 0.081840),0.890940 (0.809100 + 0.081840),0.890940 (0.809100 + 0.081840),0.890940 (0.809100 + 0.081840),0.890940 (0.809100 + 0.081840),0.890940 (0.809100 + 0.081840),0.890940 (0.809100 + 0.081840),0.890940 (0.809100 + 0.081840),0.890940 (0.809100 + 0.081840),0.890940 (0.809100 + 0.081840),0.890940 (0.809100 + 0.081840),0.890940 (0.809100 + 0.081840),0.890940 (0.809100 + 0.081840),0.890940 (0.809100 + 0.081840),0.890940 (0.809100 + 0.081840),0.890940 (0.809100 + 0.081840),0.890940 (0.809100 + 0.081840),0.890940 (0.809100 + 0.081840),0.890940 (0.809100 + 0.081840),0.890940 (0.809100 + 0.081840),0.890940 (0.809100 + 0.081840),0.890940 (0.809100 + 0.081840),0.873856 (0.792000 + 0.081856),0.890940 (0.809100 + 0.081840),0.890940 (0.809100 + 0.081840),0.890940 (0.809100 + 0.081840),0.890940 (0.809100 + 0.081840),0.890940 (0.809100 + 0.081840),0.890940 (0.809100 + 0.081840),0.890940 (0.809100 + 0.081840),0.890940 (0.809100 + 0.081840),0.890940 (0.809100 + 0.081840),0.890940 (0.809100 + 0.081840),0.890940 (0.809100 + 0.081840),0.890940 (0.809100 + 0.081840),0.863707 (0.782100 + 0.081607),0.890940 (0.809100 + 0.081840),0.890940 (0.809100 + 0.081840),0.890940 (0.809100 + 0.081840),0.890940 (0.809100 + 0.081840),0.890940 (0.809100 + 0.081840),0.890940 (0.809100 + 0.081840),0.890940 (0.809100 + 0.081840),0.890940 (0.809100 + 0.081840),0.890940 (0.809100 + 0.081840),0.890940 (0.809100 + 0.081840),0.890940 (0.809100 + 0.081840)
232,0.890940 (0.809100 + 0.081840),0.890940 (0.809100 + 0.081840),0.890940 (0.809100 + 0.081840),0.890940 (0.809100 + 0.081840),0.890940 (0.809100 + 0.081840),0.890940 (0.809100 + 0.081840),0.890940 (0.809100 + 0.081840),0.890940 (0.809100 + 0.081840),0.890940 (0.809100 + 0.081840),0.890940 (0.809100 + 0.081840),0.890940 (0.809100 + 0.081840),0.890940 (0.809100 + 0.081840),0.890940 (0.809100 + 0.081840),0.890940 (0.809100 + 0.081840),0.890940 (0.809100 + 0.081840),0.890940 (0.809100 + 0.081840),0.890940 (0.809100 + 0.081840),0.890940 (0.809100 + 0.081840),0.890940 (0.809100 + 0.081840),0.890940 (0.809100 + 0.081840),0.890940 (0.809100 + 0.081840),0.890940 (0.809100 + 0.081840),0.890940 (0.809100 + 0.081840),0.890940 (0.809100 + 0.081840),0.890940 (0.809100 + 0.081840),0.890940 (0.809100 + 0.081840),0.890940 (0.809100 + 0.081840),0.890940 (0.809100 + 0.081840),0.890940 (0.809100 + 0.081840),0.877297 (0.795600 + 0.081697),0.890940 (0.809100 + 0.081840),0.890940 (0.809100 + 0.081840),0.890940 (0.809100 + 0.081840),0.853050 (0.771300 + 0.081750),0.890940 (0.809100 + 0.081840),0.866503 (0.784800 + 0.081703),0.890940 (0.809100 + 0.081840),0.890940 (0.809100 + 0.081840),0.890940 (0.809100 + 0.081840),0.890940 (0.809100 + 0.081840),0.890940 (0.809100 + 0.081840),0.868702 (0.786600 + 0.082102),0.878411 (0.796500 + 0.081911),0.890940 (0.809100 + 0.081840),0.890940 (0.809100 + 0.081840),0.890940 (0.809100 + 0.081840),0.890940 (0.809100 + 0.081840),0.890940 (0.809100 + 0.081840),0.890940 (0.809100 + 0.081840),0.890940 (0.809100 + 0.081840),0.890940 (0.809100 + 0.081840),0.890940 (0.809100 + 0.081840),0.890940 (0.809100 + 0.081840),0.890940 (0.809100 + 0.081840),0.890940 (0.809100 + 0.081840),0.890940 (0.809100 + 0.081840),0.890940 (0.809100 + 0.081840),0.890940 (0.809100 + 0.081840),0.890940 (0.809100 + 0.081840),0.890940 (0.809100 + 0.081840),0.890940 (0.809100 + 0.081840),0.890940 (0.809100 + 0.081840),0.890940 (0.809100 + 0.081840),0.890940 (0.809100 + 0.081840),0.890940 (0.809100 + 0.081840),0.890940 (0.809100 + 0.081840),0.890940 (0.809100 + 0.081840),0.890940 (0.809100 + 0.081840),0.890940 (0.809100 + 0.081840),0.890940 (0.809100 + 0.081840),0.890940 (0.809100 + 0.081840),0.890940 (0.809100 + 0.081840),0.890940 (0.809100 + 0.081840),0.856495 (0.774900 + 0.081595),0.874829 (0.792900 + 0.081929),0.890940 (0.809100 + 0.081840),0.890940 (0.809100 + 0.081840),0.890940 (0.809100 + 0.081840),0.890940 (0.809100 + 0.081840),0.890940 (0.809100 + 0.081840),0.871107 (0.789300 + 0.081807),0.890940 (0.809100 + 0.081840),0.890940 (0.809100 + 0.081840),0.890940 (0.809100 + 0.081840),0.890940 (0.809100 + 0.081840),0.890940 (0.809100 + 0.081840),0.890940 (0.809100 + 0.081840),0.890940 (0.809100 + 0.081840),0.890940 (0.809100 + 0.081840),0.890940 (0.809100 + 0.081840),0.884667 (0.802800 + 0.081867),0.890940 (0.809100 + 0.081840),0.890940 (0.809100 + 0.081840),0.890940 (0.809100 + 0.081840),0.890940 (0.809100 + 0.081840),0.890940 (0.809100 + 0.081840),0.890940 (0.809100 + 0.081840),0.890940 (0.809100 + 0.081840),0.890940 (0.809100 + 0.081840),0.890940 (0.809100 + 0.081840)
233,0.890940 (0.809100 + 0.081840),0.890940 (0.809100 + 0.081840),0.890940 (0.809100 + 0.081840),0.890940 (0.809100 + 0.081840),0.867475 (0.785700 + 0.081775),0.890940 (0.809100 + 0.081840),0.890940 (0.809100 + 0.081840),0.890940 (0.809100 + 0.081840),0.890940 (0.809100 + 0.081840),0.890940 (0.809100 + 0.081840),0.890940 (0.809100 + 0.081840),0.890940 (0.809100 + 0.081840),0.890940 (0.809100 + 0.081840),0.890940 (0.809100 + 0.081840),0.890940 (0.809100 + 0.081840),0.890940 (0.809100 + 0.081840),0.860288 (0.778500 + 0.081788),0.890940 (0.809100 + 0.081840),0.890940 (0.809100 + 0.081840),0.890940 (0.809100 + 0.081840),0.890940 (0.809100 + 0.081840),0.890940 (0.809100 + 0.081840),0.879245 (0.797400 + 0.081845),0.890940 (0.809100 + 0.081840),0.890940 (0.809100 + 0.081840),0.890940 (0.809100 + 0.081840),0.890940 (0.809100 + 0.081840),0.890940 (0.809100 + 0.081840),0.890940 (0.809100 + 0.081840),0.890940 (0.809100 + 0.081840),0.890940 (0.809100 + 0.081840),0.862253 (0.780300 + 0.081953),0.890940 (0.809100 + 0.081840),0.890940 (0.809100 + 0.081840),0.864605 (0.783000 + 0.081605),0.890940 (0.809100 + 0.081840),0.890940 (0.809100 + 0.081840),0.890940 (0.809100 + 0.081840),0.890940 (0.809100 + 0.081840),0.890940 (0.809100 + 0.081840),0.890940 (0.809100 + 0.081840),0.890940 (0.809100 + 0.081840),0.890940 (0.809100 + 0.081840),0.890940 (0.809100 + 0.081840),0.890940 (0.809100 + 0.081840),0.863034 (0.781200 + 0.081834),0.890940 (0.809100 + 0.081840),0.890940 (0.809100 + 0.081840),0.890940 (0.809100 + 0.081840),0.890940 (0.809100 + 0.081840),0.863941 (0.782100 + 0.081841),0.890940 (0.809100 + 0.081840),0.890940 (0.809100 + 0.081840),0.890940 (0.809100 + 0.081840),0.890940 (0.809100 + 0.081840),0.890940 (0.809100 + 0.081840),0.890940 (0.809100 + 0.081840),0.890940 (0.809100 + 0.081840),0.890940 (0.809100 + 0.081840),0.890940 (0.809100 + 0.081840),0.869325 (0.787500 + 0.081825),0.890940 (0.809100 + 0.081840),0.890940 (0.809100 + 0.081840),0.890940 (0.809100 + 0.081840),0.878242 (0.796500 + 0.081742),0.890940 (0.809100 + 0.081840),0.890940 (0.809100 + 0.081840),0.890940 (0.809100 + 0.081840),0.890940 (0.809100 + 0.081840),0.890940 (0.809100 + 0.081840),0.890940 (0.809100 + 0.081840),0.890940 (0.809100 + 0.081840),0.890940 (0.809100 + 0.081840),0.890940 (0.809100 + 0.081840),0.890940 (0.809100 + 0.081840),0.890940 (0.809100 + 0.081840),0.890940 (0.809100 + 0.081840),0.890940 (0.809100 + 0.081840),0.890940 (0.809100 + 0.081840),0.890940 (0.809100 + 0.081840),0.890940 (0.809100 + 0.081840),0.890940 (0.809100 + 0.081840),0.890940 (0.809100 + 0.081840),0.890940 (0.809100 + 0.081840),0.890940 (0.809100 + 0.081840),0.890940 (0.809100 + 0.081840),0.890940 (0.809100 + 0.081840),0.890940 (0.809100 + 0.081840),0.890940 (0.809100 + 0.081840),0.890940 (0.809100 + 0.081840),0.890940 (0.809100 + 0.081840),0.890940 (0.809100 + 0.081840),0.890940 (0.809100 + 0.081840),0.890940 (0.809100 + 0.081840),0.890940 (0.809100 + 0.081840),0.890940 (0.809100 + 0.081840),0.855976 (0.774000 + 0.081976),0.880829 (0.799200 + 0.081629),0.890940 (0.809100 + 0.081840),0.890940 (0.809100 + 0.081840)
234,0.890940 (0.809100 + 0.081840),0.890940 (0.809100 + 0.081840),0.890940 (0.809100 + 0.081840),0.868361 (0.786600 + 0.081761),0.866489 (0.784800 + 0.081689),0.871204 (0.789300 + 0.081904),0.890940 (0.809100 + 0.081840),0.890940 (0.809100 + 0.081840),0.890940 (0.809100 + 0.081840),0.876483 (0.794700 + 0.081783),0.890940 (0.809100 + 0.081840),0.883548 (0.801900 + 0.081648),0.888221 (0.806400 + 0.081821),0.890940 (0.809100 + 0.081840),0.890940 (0.809100 + 0.081840),0.890940 (0.809100 + 0.081840),0.890940 (0.809100 + 0.081840),0.890940 (0.809100 + 0.081840),0.890940 (0.809100 + 0.081840),0.890940 (0.809100 + 0.081840),0.890940 (0.809100 + 0.081840),0.890940 (0.809100 + 0.081840),0.890940 (0.809100 + 0.081840),0.885493 (0.803700 + 0.081793),0.882789 (0.801000 + 0.081789),0.890940 (0.809100 + 0.081840),0.890940 (0.809100 + 0.081840),0.890940 (0.809100 + 0.081840),0.854848 (0.773100 + 0.081748),0.890940 (0.809100 + 0.081840),0.890940 (0.809100 + 0.081840),0.890940 (0.809100 + 0.081840),0.890940 (0.809100 + 0.081840),0.890940 (0.809100 + 0.081840),0.890940 (0.809100 + 0.081840),0.890940 (0.809100 + 0.081840),0.876409 (0.794700 + 0.081709),0.859219 (0.777600 + 0.081619),0.890940 (0.809100 + 0.081840),0.890940 (0.809100 + 0.081840),0.890940 (0.809100 + 0.081840),0.865911 (0.783900 + 0.082011),0.890940 (0.809100 + 0.081840),0.890940 (0.809100 + 0.081840),0.890940 (0.809100 + 0.081840),0.890940 (0.809100 + 0.081840),0.890940 (0.809100 + 0.081840),0.890940 (0.809100 + 0.081840),0.890940 (0.809100 + 0.081840),0.890940 (0.809100 + 0.081840),0.890940 (0.809100 + 0.081840),0.890940 (0.809100 + 0.081840),0.890940 (0.809100 + 0.081840),0.890940 (0.809100 + 0.081840),0.890940 (0.809100 + 0.081840),0.890940 (0.809100 + 0.081840),0.890940 (0.809100 + 0.081840),0.890940 (0.809100 + 0.081840),0.890940 (0.809100 + 0.081840),0.890940 (0.809100 + 0.081840),0.890940 (0.809100 + 0.081840),0.890940 (0.809100 + 0.081840),0.890940 (0.809100 + 0.081840),0.890940 (0.809100 + 0.081840),0.890940 (0.809100 + 0.081840),0.890940 (0.809100 + 0.081840),0.890940 (0.809100 + 0.081840),0.890940 (0.809100 + 0.081840),0.890940 (0.809100 + 0.081840),0.890940 (0.809100 + 0.081840),0.890940 (0.809100 + 0.081840),0.890940 (0.809100 + 0.081840),0.879263 (0.797400 + 0.081863),0.890940 (0.809100 + 0.081840),0.890940 (0.809100 + 0.081840),0.890940 (0.809100 + 0.081840),0.890940 (0.809100 + 0.081840),0.866495 (0.784800 + 0.081695),0.890940 (0.809100 + 0.081840),0.890940 (0.809100 + 0.081840),0.865670 (0.783900 + 0.081770),0.890940 (0.809100 + 0.081840),0.890940 (0.809100 + 0.081840),0.890940 (0.809100 + 0.081840),0.890940 (0.809100 + 0.081840),0.890940 (0.809100 + 0.081840),0.890940 (0.809100 + 0.081840),0.890940 (0.809100 + 0.081840),0.890940 (0.809100 + 0.081840),0.890940 (0.809100 + 0.081840),0.890940 (0.809100 + 0.081840),0.890940 (0.809100 + 0.081840),0.890940 (0.809100 + 0.081840),0.890940 (0.809100 + 0.081840),0.890940 (0.809100 + 0.081840),0.890940 (0.809100 + 0.081840),0.890940 (0.809100 + 0.081840),0.890940 (0.809100 + 0.081840),0.890940 (0.809100 + 0.081840),0.890940 (0.809100 + 0.081840)
235,0.890940 (0.809100 + 0.081840),0.890940 (0.809100 + 0.081840),0.890940 (0.809100 + 0.081840),0.866737 (0.784800 + 0.081937),0.890940 (0.809100 + 0.081840),0.890940 (0.809100 + 0.081840),0.890940 (0.809100 + 0.081840),0.890940 (0.809100 + 0.081840),0.858418 (0.776700 + 0.081718),0.890940 (0.809100 + 0.081840),0.890940 (0.809100 + 0.081840),0.890940 (0.809100 + 0.081840),0.890940 (0.809100 + 0.081840),0.890940 (0.809100 + 0.081840),0.890940 (0.809100 + 0.081840),0.890940 (0.809100 + 0.081840),0.890940 (0.809100 + 0.081840),0.890940 (0.809100 + 0.081840),0.890940 (0.809100 + 0.081840),0.882876 (0.801000 + 0.081876),0.880947 (0.799200 + 0.081747),0.890940 (0.809100 + 0.081840),0.890940 (0.809100 + 0.081840),0.890940 (0.809100 + 0.081840),0.890940 (0.809100 + 0.081840),0.890940 (0.809100 + 0.081840),0.890940 (0.809100 + 0.081840),0.858594 (0.776700 + 0.081894),0.890940 (0.809100 + 0.081840),0.890940 (0.809100 + 0.081840),0.890940 (0.809100 + 0.081840),0.890940 (0.809100 + 0.081840),0.890940 (0.809100 + 0.081840),0.890940 (0.809100 + 0.081840),0.890940 (0.809100 + 0.081840),0.890940 (0.809100 + 0.081840),0.890940 (0.809100 + 0.081840),0.890940 (0.809100 + 0.081840),0.890940 (0.809100 + 0.081840),0.890940 (0.809100 + 0.081840),0.890940 (0.809100 + 0.081840),0.890940 (0.809100 + 0.081840),0.890940 (0.809100 + 0.081840),0.890940 (0.809100 + 0.081840),0.890940 (0.809100 + 0.081840),0.890940 (0.809100 + 0.081840),0.870357 (0.788400 + 0.081957),0.890940 (0.809100 + 0.081840),0.890940 (0.809100 + 0.081840),0.890940 (0.809100 + 0.081840),0.890940 (0.809100 + 0.081840),0.860647 (0.778500 + 0.082147),0.890940 (0.809100 + 0.081840),0.890940 (0.809100 + 0.081840),0.890940 (0.809100 + 0.081840),0.890940 (0.809100 + 0.081840),0.882789 (0.801000 + 0.081789),0.890940 (0.809100 + 0.081840),0.890940 (0.809100 + 0.081840),0.890940 (0.809100 + 0.081840),0.890940 (0.809100 + 0.081840),0.890940 (0.809100 + 0.081840),0.890940 (0.809100 + 0.081840),0.890940 (0.809100 + 0.081840),0.890940 (0.809100 + 0.081840),0.890940 (0.809100 + 0.081840),0.882838 (0.801000 + 0.081839),0.890940 (0.809100 + 0.081840),0.875546 (0.793800 + 0.081746),0.890940 (0.809100 + 0.081840),0.875475 (0.793800 + 0.081675),0.890940 (0.809100 + 0.081840),0.868361 (0.786600 + 0.081761),0.890940 (0.809100 + 0.081840),0.890940 (0.809100 + 0.081840),0.890940 (0.809100 + 0.081840),0.890940 (0.809100 + 0.081840),0.890940 (0.809100 + 0.081840),0.890940 (0.809100 + 0.081840),0.890940 (0.809100 + 0.081840),0.890940 (0.809100 + 0.081840),0.890940 (0.809100 + 0.081840),0.890940 (0.809100 + 0.081840),0.890940 (0.809100 + 0.081840),0.890940 (0.809100 + 0.081840),0.890940 (0.809100 + 0.081840),0.890940 (0.809100 + 0.081840),0.890940 (0.809100 + 0.081840),0.890940 (0.809100 + 0.081840),0.890940 (0.809100 + 0.081840),0.890940 (0.809100 + 0.081840),0.890940 (0.809100 + 0.081840),0.890940 (0.809100 + 0.081840),0.890940 (0.809100 + 0.081840),0.890940 (0.809100 + 0.081840),0.890940 (0.809100 + 0.081840),0.890940 (0.809100 + 0.081840),0.890940 (0.809100 + 0.081840),0.890940 (0.809100 + 0.081840),0.890940 (0.809100 + 0.081840)
236,0.890940 (0.809100 + 0.081840),0.890940 (0.809100 + 0.081840),0.890940 (0.809100 + 0.081840),0.864985 (0.783000 + 0.081985),0.890940 (0.809100 + 0.081840),0.890940 (0.809100 + 0.081840),0.890940 (0.809100 + 0.081840),0.890940 (0.809100 + 0.081840),0.890940 (0.809100 + 0.081840),0.890940 (0.809100 + 0.081840),0.890940 (0.809100 + 0.081840),0.890940 (0.809100 + 0.081840),0.890940 (0.809100 + 0.081840),0.890940 (0.809100 + 0.081840),0.890940 (0.809100 + 0.081840),0.858637 (0.776700 + 0.081937),0.890940 (0.809100 + 0.081840),0.890940 (0.809100 + 0.081840),0.890940 (0.809100 + 0.081840),0.890940 (0.809100 + 0.081840),0.890940 (0.809100 + 0.081840),0.890940 (0.809100 + 0.081840),0.890940 (0.809100 + 0.081840),0.890940 (0.809100 + 0.081840),0.890940 (0.809100 + 0.081840),0.890940 (0.809100 + 0.081840),0.890940 (0.809100 + 0.081840),0.874561 (0.792900 + 0.081661),0.890940 (0.809100 + 0.081840),0.890940 (0.809100 + 0.081840),0.890940 (0.809100 + 0.081840),0.890940 (0.809100 + 0.081840),0.890940 (0.809100 + 0.081840),0.890940 (0.809100 + 0.081840),0.890940 (0.809100 + 0.081840),0.866700 (0.784800 + 0.081900),0.890940 (0.809100 + 0.081840),0.890940 (0.809100 + 0.081840),0.890940 (0.809100 + 0.081840),0.890940 (0.809100 + 0.081840),0.890940 (0.809100 + 0.081840),0.890940 (0.809100 + 0.081840),0.890940 (0.809100 + 0.081840),0.890940 (0.809100 + 0.081840),0.890940 (0.809100 + 0.081840),0.890940 (0.809100 + 0.081840),0.890940 (0.809100 + 0.081840),0.890940 (0.809100 + 0.081840),0.868610 (0.786600 + 0.082010),0.890940 (0.809100 + 0.081840),0.874558 (0.792900 + 0.081658),0.890940 (0.809100 + 0.081840),0.890940 (0.809100 + 0.081840),0.890940 (0.809100 + 0.081840),0.890940 (0.809100 + 0.081840),0.890940 (0.809100 + 0.081840),0.890940 (0.809100 + 0.081840),0.890940 (0.809100 + 0.081840),0.890940 (0.809100 + 0.081840),0.890940 (0.809100 + 0.081840),0.890940 (0.809100 + 0.081840),0.890940 (0.809100 + 0.081840),0.890940 (0.809100 + 0.081840),0.874851 (0.792900 + 0.081951),0.890940 (0.809100 + 0.081840),0.857320 (0.775800 + 0.081520),0.890940 (0.809100 + 0.081840),0.890940 (0.809100 + 0.081840),0.890940 (0.809100 + 0.081840),0.890940 (0.809100 + 0.081840),0.890940 (0.809100 + 0.081840),0.890940 (0.809100 + 0.081840),0.890940 (0.809100 + 0.081840),0.864927 (0.783000 + 0.081927),0.890940 (0.809100 + 0.081840),0.890940 (0.809100 + 0.081840),0.890940 (0.809100 + 0.081840),0.890940 (0.809100 + 0.081840),0.890940 (0.809100 + 0.081840),0.890940 (0.809100 + 0.081840),0.890940 (0.809100 + 0.081840),0.890940 (0.809100 + 0.081840),0.890940 (0.809100 + 0.081840),0.890940 (0.809100 + 0.081840),0.890940 (0.809100 + 0.081840),0.866815 (0.784800 + 0.082015),0.890940 (0.809100 + 0.081840),0.890940 (0.809100 + 0.081840),0.890940 (0.809100 + 0.081840),0.890940 (0.809100 + 0.081840),0.890940 (0.809100 + 0.081840),0.890940 (0.809100 + 0.081840),0.890940 (0.809100 + 0.081840),0.865847 (0.783900 + 0.081947),0.890940 (0.809100 + 0.081840),0.890940 (0.809100 + 0.081840),0.890940 (0.809100 + 0.081840),0.890940 (0.809100 + 0.081840),0.890940 (0.809100 + 0.081840),0.880947 (0.799200 + 0.081747)
237,0.890940 (0.809100 + 0.081840),0.890940 (0.809100 + 0.081840),0.890940 (0.809100 + 0.081840),0.890940 (0.809100 + 0.081840),0.868242 (0.786600 + 0.081642),0.890940 (0.809100 + 0.081840),0.890940 (0.809100 + 0.081840),0.890940 (0.809100 + 0.081840),0.890940 (0.809100 + 0.081840),0.890940 (0.809100 + 0.081840),0.890940 (0.809100 + 0.081840),0.890940 (0.809100 + 0.081840),0.867426 (0.785700 + 0.081726),0.890940 (0.809100 + 0.081840),0.890940 (0.809100 + 0.081840),0.890940 (0.809100 + 0.081840),0.890940 (0.809100 + 0.081840),0.890940 (0.809100 + 0.081840),0.890940 (0.809100 + 0.081840),0.866509 (0.784800 + 0.081709),0.890940 (0.809100 + 0.081840),0.890940 (0.809100 + 0.081840),0.890940 (0.809100 + 0.081840),0.890940 (0.809100 + 0.081840),0.890940 (0.809100 + 0.081840),0.890940 (0.809100 + 0.081840),0.890940 (0.809100 + 0.081840),0.890940 (0.809100 + 0.081840),0.890940 (0.809100 + 0.081840),0.890940 (0.809100 + 0.081840),0.890940 (0.809100 + 0.081840),0.890940 (0.809100 + 0.081840),0.890940 (0.809100 + 0.081840),0.890940 (0.809100 + 0.081840),0.890940 (0.809100 + 0.081840),0.890940 (0.809100 + 0.081840),0.890940 (0.809100 + 0.081840),0.890940 (0.809100 + 0.081840),0.890940 (0.809100 + 0.081840),0.890940 (0.809100 + 0.081840),0.859389 (0.777600 + 0.081789),0.890940 (0.809100 + 0.081840),0.890940 (0.809100 + 0.081840),0.890940 (0.809100 + 0.081840),0.890940 (0.809100 + 0.081840),0.890940 (0.809100 + 0.081840),0.890940 (0.809100 + 0.081840),0.890940 (0.809100 + 0.081840),0.890940 (0.809100 + 0.081840),0.890940 (0.809100 + 0.081840),0.890940 (0.809100 + 0.081840),0.890940 (0.809100 + 0.081840),0.890940 (0.809100 + 0.081840),0.890940 (0.809100 + 0.081840),0.890940 (0.809100 + 0.081840),0.890940 (0.809100 + 0.081840),0.890940 (0.809100 + 0.081840),0.890940 (0.809100 + 0.081840),0.890940 (0.809100 + 0.081840),0.888203 (0.806400 + 0.081803),0.880984 (0.799200 + 0.081784),0.890940 (0.809100 + 0.081840),0.890940 (0.809100 + 0.081840),0.890940 (0.809100 + 0.081840),0.890940 (0.809100 + 0.081840),0.890940 (0.809100 + 0.081840),0.876516 (0.794700 + 0.081816),0.890940 (0.809100 + 0.081840),0.890940 (0.809100 + 0.081840),0.890940 (0.809100 + 0.081840),0.890940 (0.809100 + 0.081840),0.890940 (0.809100 + 0.081840),0.890940 (0.809100 + 0.081840),0.890940 (0.809100 + 0.081840),0.890940 (0.809100 + 0.081840),0.890940 (0.809100 + 0.081840),0.890940 (0.809100 + 0.081840),0.890940 (0.809100 + 0.081840),0.890940 (0.809100 + 0.081840),0.890940 (0.809100 + 0.081840),0.890940 (0.809100 + 0.081840),0.890940 (0.809100 + 0.081840),0.862806 (0.781200 + 0.081606),0.890940 (0.809100 + 0.081840),0.890940 (0.809100 + 0.081840),0.890940 (0.809100 + 0.081840),0.865778 (0.783900 + 0.081878),0.890940 (0.809100 + 0.081840),0.890940 (0.809100 + 0.081840),0.874752 (0.792900 + 0.081852),0.852192 (0.770400 + 0.081792),0.890940 (0.809100 + 0.081840),0.890940 (0.809100 + 0.081840),0.890940 (0.809100 + 0.081840),0.866388 (0.784800 + 0.081588),0.890940 (0.809100 + 0.081840),0.860338 (0.778500 + 0.081838),0.890940 (0.809100 + 0.081840),0.865477 (0.783900 + 0.081577),0.890940 (0.809100 + 0.081840)
238,0.890940 (0.809100 + 0.081840),0.890940 (0.809100 + 0.081840),0.890940 (0.809100 + 0.081840),0.859355 (0.777600 + 0.081755),0.890940 (0.809100 + 0.081840),0.890940 (0.809100 + 0.081840),0.890940 (0.809100 + 0.081840),0.890940 (0.809100 + 0.081840),0.890940 (0.809100 + 0.081840),0.890940 (0.809100 + 0.081840),0.890940 (0.809100 + 0.081840),0.871085 (0.789300 + 0.081785),0.890940 (0.809100 + 0.081840),0.890940 (0.809100 + 0.081840),0.875542 (0.793800 + 0.081742),0.890940 (0.809100 + 0.081840),0.890940 (0.809100 + 0.081840),0.890940 (0.809100 + 0.081840),0.890940 (0.809100 + 0.081840),0.890940 (0.809100 + 0.081840),0.890940 (0.809100 + 0.081840),0.881837 (0.800100 + 0.081737),0.867408 (0.785700 + 0.081708),0.890940 (0.809100 + 0.081840),0.890940 (0.809100 + 0.081840),0.890940 (0.809100 + 0.081840),0.890940 (0.809100 + 0.081840),0.890940 (0.809100 + 0.081840),0.890940 (0.809100 + 0.081840),0.890940 (0.809100 + 0.081840),0.890940 (0.809100 + 0.081840),0.890940 (0.809100 + 0.081840),0.890940 (0.809100 + 0.081840),0.890940 (0.809100 + 0.081840),0.890940 (0.809100 + 0.081840),0.890940 (0.809100 + 0.081840),0.890940 (0.809100 + 0.081840),0.890940 (0.809100 + 0.081840),0.890940 (0.809100 + 0.081840),0.890940 (0.809100 + 0.081840),0.890940 (0.809100 + 0.081840),0.890940 (0.809100 + 0.081840),0.890940 (0.809100 + 0.081840),0.890940 (0.809100 + 0.081840),0.869078 (0.787500 + 0.081578),0.890940 (0.809100 + 0.081840),0.890940 (0.809100 + 0.081840),0.890940 (0.809100 + 0.081840),0.890940 (0.809100 + 0.081840),0.890940 (0.809100 + 0.081840),0.890940 (0.809100 + 0.081840),0.890940 (0.809100 + 0.081840),0.890940 (0.809100 + 0.081840),0.890940 (0.809100 + 0.081840),0.890940 (0.809100 + 0.081840),0.890940 (0.809100 + 0.081840),0.890940 (0.809100 + 0.081840),0.890940 (0.809100 + 0.081840),0.890940 (0.809100 + 0.081840),0.890940 (0.809100 + 0.081840),0.890940 (0.809100 + 0.081840),0.890940 (0.809100 + 0.081840),0.890940 (0.809100 + 0.081840),0.890940 (0.809100 + 0.081840),0.890940 (0.809100 + 0.081840),0.890940 (0.809100 + 0.081840),0.890940 (0.809100 + 0.081840),0.890940 (0.809100 + 0.081840),0.890940 (0.809100 + 0.081840),0.890940 (0.809100 + 0.081840),0.890940 (0.809100 + 0.081840),0.890940 (0.809100 + 0.081840),0.890940 (0.809100 + 0.081840),0.890940 (0.809100 + 0.081840),0.890940 (0.809100 + 0.081840),0.890940 (0.809100 + 0.081840),0.890940 (0.809100 + 0.081840),0.890940 (0.809100 + 0.081840),0.890940 (0.809100 + 0.081840),0.890940 (0.809100 + 0.081840),0.890940 (0.809100 + 0.081840),0.890940 (0.809100 + 0.081840),0.890940 (0.809100 + 0.081840),0.890940 (0.809100 + 0.081840),0.890940 (0.809100 + 0.081840),0.890940 (0.809100 + 0.081840),0.857711 (0.775800 + 0.081911),0.890940 (0.809100 + 0.081840),0.890940 (0.809100 + 0.081840),0.890940 (0.809100 + 0.081840),0.890940 (0.809100 + 0.081840),0.890940 (0.809100 + 0.081840),0.877355 (0.795600 + 0.081755),0.890940 (0.809100 + 0.081840),0.890940 (0.809100 + 0.081840),0.890940 (0.809100 + 0.081840),0.862837 (0.781200 + 0.081637),0.890940 (0.809100 + 0.081840),0.890940 (0.809100 + 0.081840),0.890940 (0.809100 + 0.081840)
239,0.890940 (0.809100 + 0.081840),0.890940 (0.809100 + 0.081840),0.890940 (0.809100 + 0.081840),0.890940 (0.809100 + 0.081840),0.890940 (0.809100 + 0.081840),0.890940 (0.809100 + 0.081840),0.890940 (0.809100 + 0.081840),0.890940 (0.809100 + 0.081840),0.861023 (0.779400 + 0.081623),0.890940 (0.809100 + 0.081840),0.890940 (0.809100 + 0.081840),0.890940 (0.809100 + 0.081840),0.868433 (0.786600 + 0.081833),0.890940 (0.809100 + 0.081840),0.866650 (0.784800 + 0.081850),0.890940 (0.809100 + 0.081840),0.869239 (0.787500 + 0.081739),0.890940 (0.809100 + 0.081840),0.890940 (0.809100 + 0.081840),0.890940 (0.809100 + 0.081840),0.890940 (0.809100 + 0.081840),0.890940 (0.809100 + 0.081840),0.890940 (0.809100 + 0.081840),0.890940 (0.809100 + 0.081840),0.890940 (0.809100 + 0.081840),0.890940 (0.809100 + 0.081840),0.890940 (0.809100 + 0.081840),0.890940 (0.809100 + 0.081840),0.890940 (0.809100 + 0.081840),0.890940 (0.809100 + 0.081840),0.890940 (0.809100 + 0.081840),0.890940 (0.809100 + 0.081840),0.890940 (0.809100 + 0.081840),0.890940 (0.809100 + 0.081840),0.890940 (0.809100 + 0.081840),0.863149 (0.781200 + 0.081949),0.890940 (0.809100 + 0.081840),0.890940 (0.809100 + 0.081840),0.890940 (0.809100 + 0.081840),0.890940 (0.809100 + 0.081840),0.890940 (0.809100 + 0.081840),0.890940 (0.809100 + 0.081840),0.890940 (0.809100 + 0.081840),0.890940 (0.809100 + 0.081840),0.890940 (0.809100 + 0.081840),0.890940 (0.809100 + 0.081840),0.890940 (0.809100 + 0.081840),0.890940 (0.809100 + 0.081840),0.890940 (0.809100 + 0.081840),0.890940 (0.809100 + 0.081840),0.890940 (0.809100 + 0.081840),0.878399 (0.796500 + 0.081899),0.866486 (0.784800 + 0.081686),0.890940 (0.809100 + 0.081840),0.890940 (0.809100 + 0.081840),0.890940 (0.809100 + 0.081840),0.890940 (0.809100 + 0.081840),0.890940 (0.809100 + 0.081840),0.890940 (0.809100 + 0.081840),0.890940 (0.809100 + 0.081840),0.890940 (0.809100 + 0.081840),0.890940 (0.809100 + 0.081840),0.890940 (0.809100 + 0.081840),0.890940 (0.809100 + 0.081840),0.881837 (0.800100 + 0.081737),0.890940 (0.809100 + 0.081840),0.890940 (0.809100 + 0.081840),0.890940 (0.809100 + 0.081840),0.890940 (0.809100 + 0.081840),0.890940 (0.809100 + 0.081840),0.890940 (0.809100 + 0.081840),0.890940 (0.809100 + 0.081840),0.890940 (0.809100 + 0.081840),0.890940 (0.809100 + 0.081840),0.890940 (0.809100 + 0.081840),0.890940 (0.809100 + 0.081840),0.890940 (0.809100 + 0.081840),0.890940 (0.809100 + 0.081840),0.890940 (0.809100 + 0.081840),0.890940 (0.809100 + 0.081840),0.890940 (0.809100 + 0.081840),0.890940 (0.809100 + 0.081840),0.890940 (0.809100 + 0.081840),0.890940 (0.809100 + 0.081840),0.890940 (0.809100 + 0.081840),0.890940 (0.809100 + 0.081840),0.890940 (0.809100 + 0.081840),0.890940 (0.809100 + 0.081840),0.890940 (0.809100 + 0.081840),0.890940 (0.809100 + 0.081840),0.890940 (0.809100 + 0.081840),0.890940 (0.809100 + 0.081840),0.890940 (0.809100 + 0.081840),0.890940 (0.809100 + 0.081840),0.890940 (0.809100 + 0.081840),0.890940 (0.809100 + 0.081840),0.890940 (0.809100 + 0.081840),0.890940 (0.809100 + 0.081840),0.890940 (0.809100 + 0.081840),0.890940 (0.809100 + 0.081840)
240,0.890940 (0.809100 + 0.081840),0.890940 (0.809100 + 0.081840),0.890940 (0.809100 + 0.081840),0.890940 (0.809100 + 0.081840),0.890940 (0.809100 + 0.081840),0.890940 (0.809100 + 0.081840),0.890940 (0.809100 + 0.081840),0.890940 (0.809100 + 0.081840),0.890940 (0.809100 + 0.081840),0.867450 (0.785700 + 0.081749),0.890940 (0.809100 + 0.081840),0.890940 (0.809100 + 0.081840),0.890940 (0.809100 + 0.081840),0.890940 (0.809100 + 0.081840),0.890940 (0.809100 + 0.081840),0.890940 (0.809100 + 0.081840),0.890940 (0.809100 + 0.081840),0.890940 (0.809100 + 0.081840),0.890940 (0.809100 + 0.081840),0.890940 (0.809100 + 0.081840),0.890940 (0.809100 + 0.081840),0.890940 (0.809100 + 0.081840),0.863977 (0.782100 + 0.081877),0.890940 (0.809100 + 0.081840),0.890940 (0.809100 + 0.081840),0.890940 (0.809100 + 0.081840),0.890940 (0.809100 + 0.081840),0.890940 (0.809100 + 0.081840),0.865603 (0.783900 + 0.081703),0.890940 (0.809100 + 0.081840),0.890940 (0.809100 + 0.081840),0.890940 (0.809100 + 0.081840),0.890940 (0.809100 + 0.081840),0.890940 (0.809100 + 0.081840),0.890940 (0.809100 + 0.081840),0.890940 (0.809100 + 0.081840),0.874660 (0.792900 + 0.081760),0.890940 (0.809100 + 0.081840),0.890940 (0.809100 + 0.081840),0.890940 (0.809100 + 0.081840),0.890940 (0.809100 + 0.081840),0.890940 (0.809100 + 0.081840),0.890940 (0.809100 + 0.081840),0.890940 (0.809100 + 0.081840),0.890940 (0.809100 + 0.081840),0.880163 (0.798300 + 0.081863),0.890940 (0.809100 + 0.081840),0.864805 (0.783000 + 0.081805),0.890940 (0.809100 + 0.081840),0.890940 (0.809100 + 0.081840),0.890940 (0.809100 + 0.081840),0.890940 (0.809100 + 0.081840),0.890940 (0.809100 + 0.081840),0.890940 (0.809100 + 0.081840),0.878251 (0.796500 + 0.081751),0.890940 (0.809100 + 0.081840),0.890940 (0.809100 + 0.081840),0.890940 (0.809100 + 0.081840),0.890940 (0.809100 + 0.081840),0.890940 (0.809100 + 0.081840),0.890940 (0.809100 + 0.081840),0.890940 (0.809100 + 0.081840),0.890940 (0.809100 + 0.081840),0.882859 (0.801000 + 0.081859),0.890940 (0.809100 + 0.081840),0.890940 (0.809100 + 0.081840),0.890940 (0.809100 + 0.081840),0.890940 (0.809100 + 0.081840),0.890940 (0.809100 + 0.081840),0.890940 (0.809100 + 0.081840),0.890940 (0.809100 + 0.081840),0.890940 (0.809100 + 0.081840),0.890940 (0.809100 + 0.081840),0.890940 (0.809100 + 0.081840),0.890940 (0.809100 + 0.081840),0.890940 (0.809100 + 0.081840),0.890940 (0.809100 + 0.081840),0.890940 (0.809100 + 0.081840),0.873719 (0.792000 + 0.081719),0.890940 (0.809100 + 0.081840),0.855833 (0.774000 + 0.081833),0.890940 (0.809100 + 0.081840),0.890940 (0.809100 + 0.081840),0.868362 (0.786600 + 0.081762),0.890940 (0.809100 + 0.081840),0.890940 (0.809100 + 0.081840),0.860402 (0.778500 + 0.081902),0.890940 (0.809100 + 0.081840),0.879149 (0.797400 + 0.081749),0.890940 (0.809100 + 0.081840),0.890940 (0.809100 + 0.081840),0.890940 (0.809100 + 0.081840),0.890940 (0.809100 + 0.081840),0.890940 (0.809100 + 0.081840),0.890940 (0.809100 + 0.081840),0.890940 (0.809100 + 0.081840),0.890940 (0.809100 + 0.081840),0.890940 (0.809100 + 0.081840),0.890940 (0.809100 + 0.081840),0.890940 (0.809100 + 0.081840)
241,0.890940 (0.809100 + 0.081840),0.890940 (0.809100 + 0.081840),0.890940 (0.809100 + 0.081840),0.890940 (0.809100 + 0.081840),0.890940 (0.809100 + 0.081840),0.890940 (0.809100 + 0.081840),0.890940 (0.809100 + 0.081840),0.890940 (0.809100 + 0.081840),0.890940 (0.809100 + 0.081840),0.890940 (0.809100 + 0.081840),0.890940 (0.809100 + 0.081840),0.890940 (0.809100 + 0.081840),0.871868 (0.790200 + 0.081668),0.890940 (0.809100 + 0.081840),0.890940 (0.809100 + 0.081840),0.890940 (0.809100 + 0.081840),0.890940 (0.809100 + 0.081840),0.890940 (0.809100 + 0.081840),0.890940 (0.809100 + 0.081840),0.890940 (0.809100 + 0.081840),0.890940 (0.809100 + 0.081840),0.890940 (0.809100 + 0.081840),0.890940 (0.809100 + 0.081840),0.890940 (0.809100 + 0.081840),0.890940 (0.809100 + 0.081840),0.890940 (0.809100 + 0.081840),0.890940 (0.809100 + 0.081840),0.890940 (0.809100 + 0.081840),0.890940 (0.809100 + 0.081840),0.890940 (0.809100 + 0.081840),0.866681 (0.784800 + 0.081881),0.890940 (0.809100 + 0.081840),0.890940 (0.809100 + 0.081840),0.890940 (0.809100 + 0.081840),0.890940 (0.809100 + 0.081840),0.890940 (0.809100 + 0.081840),0.890940 (0.809100 + 0.081840),0.868397 (0.786600 + 0.081797),0.874704 (0.792900 + 0.081804),0.890940 (0.809100 + 0.081840),0.890940 (0.809100 + 0.081840),0.890940 (0.809100 + 0.081840),0.890940 (0.809100 + 0.081840),0.890940 (0.809100 + 0.081840),0.890940 (0.809100 + 0.081840),0.869017 (0.787500 + 0.081517),0.890940 (0.809100 + 0.081840),0.890940 (0.809100 + 0.081840),0.890940 (0.809100 + 0.081840),0.890940 (0.809100 + 0.081840),0.890940 (0.809100 + 0.081840),0.890940 (0.809100 + 0.081840),0.890940 (0.809100 + 0.081840),0.890940 (0.809100 + 0.081840),0.866747 (0.784800 + 0.081947),0.890940 (0.809100 + 0.081840),0.890940 (0.809100 + 0.081840),0.890940 (0.809100 + 0.081840),0.890940 (0.809100 + 0.081840),0.890940 (0.809100 + 0.081840),0.871089 (0.789300 + 0.081789),0.890940 (0.809100 + 0.081840),0.890940 (0.809100 + 0.081840),0.890940 (0.809100 + 0.081840),0.875712 (0.793800 + 0.081912),0.873902 (0.792000 + 0.081902),0.890940 (0.809100 + 0.081840),0.890940 (0.809100 + 0.081840),0.890940 (0.809100 + 0.081840),0.890940 (0.809100 + 0.081840),0.890940 (0.809100 + 0.081840),0.890940 (0.809100 + 0.081840),0.890940 (0.809100 + 0.081840),0.868514 (0.786600 + 0.081914),0.890940 (0.809100 + 0.081840),0.890940 (0.809100 + 0.081840),0.890940 (0.809100 + 0.081840),0.890940 (0.809100 + 0.081840),0.890940 (0.809100 + 0.081840),0.890940 (0.809100 + 0.081840),0.890940 (0.809100 + 0.081840),0.890940 (0.809100 + 0.081840),0.890940 (0.809100 + 0.081840),0.890940 (0.809100 + 0.081840),0.890940 (0.809100 + 0.081840),0.890940 (0.809100 + 0.081840),0.890940 (0.809100 + 0.081840),0.890940 (0.809100 + 0.081840),0.890940 (0.809100 + 0.081840),0.890940 (0.809100 + 0.081840),0.890940 (0.809100 + 0.081840),0.884560 (0.802800 + 0.081760),0.890940 (0.809100 + 0.081840),0.890940 (0.809100 + 0.081840),0.890940 (0.809100 + 0.081840),0.890940 (0.809100 + 0.081840),0.890940 (0.809100 + 0.081840),0.881083 (0.799200 + 0.081883),0.890940 (0.809100 + 0.081840),0.890940 (0.809100 + 0.081840)
242,0.890940 (0.809100 + 0.081840),0.890940 (0.809100 + 0.081840),0.890940 (0.809100 + 0.081840),0.890940 (0.809100 + 0.081840),0.890940 (0.809100 + 0.081840),0.860260 (0.778500 + 0.081760),0.890940 (0.809100 + 0.081840),0.872201 (0.790200 + 0.082001),0.890940 (0.809100 + 0.081840),0.890940 (0.809100 + 0.081840),0.890940 (0.809100 + 0.081840),0.890940 (0.809100 + 0.081840),0.890940 (0.809100 + 0.081840),0.890940 (0.809100 + 0.081840),0.890940 (0.809100 + 0.081840),0.872938 (0.791100 + 0.081838),0.890940 (0.809100 + 0.081840),0.890940 (0.809100 + 0.081840),0.890940 (0.809100 + 0.081840),0.890940 (0.809100 + 0.081840),0.890940 (0.809100 + 0.081840),0.890940 (0.809100 + 0.081840),0.890940 (0.809100 + 0.081840),0.890940 (0.809100 + 0.081840),0.890940 (0.809100 + 0.081840),0.890940 (0.809100 + 0.081840),0.890940 (0.809100 + 0.081840),0.890940 (0.809100 + 0.081840),0.890940 (0.809100 + 0.081840),0.890940 (0.809100 + 0.081840),0.890940 (0.809100 + 0.081840),0.890940 (0.809100 + 0.081840),0.890940 (0.809100 + 0.081840),0.890940 (0.809100 + 0.081840),0.890940 (0.809100 + 0.081840),0.890940 (0.809100 + 0.081840),0.890940 (0.809100 + 0.081840),0.890940 (0.809100 + 0.081840),0.890940 (0.809100 + 0.081840),0.890940 (0.809100 + 0.081840),0.890940 (0.809100 + 0.081840),0.890940 (0.809100 + 0.081840),0.890940 (0.809100 + 0.081840),0.890940 (0.809100 + 0.081840),0.890940 (0.809100 + 0.081840),0.890940 (0.809100 + 0.081840),0.890940 (0.809100 + 0.081840),0.876537 (0.794700 + 0.081837),0.890940 (0.809100 + 0.081840),0.890940 (0.809100 + 0.081840),0.890940 (0.809100 + 0.081840),0.867475 (0.785700 + 0.081775),0.890940 (0.809100 + 0.081840),0.864747 (0.783000 + 0.081747),0.890940 (0.809100 + 0.081840),0.890940 (0.809100 + 0.081840),0.890940 (0.809100 + 0.081840),0.890940 (0.809100 + 0.081840),0.890940 (0.809100 + 0.081840),0.863914 (0.782100 + 0.081814),0.890940 (0.809100 + 0.081840),0.890940 (0.809100 + 0.081840),0.890940 (0.809100 + 0.081840),0.890940 (0.809100 + 0.081840),0.890940 (0.809100 + 0.081840),0.890940 (0.809100 + 0.081840),0.890940 (0.809100 + 0.081840),0.890940 (0.809100 + 0.081840),0.890940 (0.809100 + 0.081840),0.890940 (0.809100 + 0.081840),0.874704 (0.792900 + 0.081804),0.890940 (0.809100 + 0.081840),0.890940 (0.809100 + 0.081840),0.890940 (0.809100 + 0.081840),0.890940 (0.809100 + 0.081840),0.866664 (0.784800 + 0.081864),0.890940 (0.809100 + 0.081840),0.890940 (0.809100 + 0.081840),0.890940 (0.809100 + 0.081840),0.890940 (0.809100 + 0.081840),0.890940 (0.809100 + 0.081840),0.890940 (0.809100 + 0.081840),0.890940 (0.809100 + 0.081840),0.890940 (0.809100 + 0.081840),0.890940 (0.809100 + 0.081840),0.890940 (0.809100 + 0.081840),0.890940 (0.809100 + 0.081840),0.859424 (0.777600 + 0.081825),0.890940 (0.809100 + 0.081840),0.890940 (0.809100 + 0.081840),0.890940 (0.809100 + 0.081840),0.890940 (0.809100 + 0.081840),0.890940 (0.809100 + 0.081840),0.890940 (0.809100 + 0.081840),0.890940 (0.809100 + 0.081840),0.890940 (0.809100 + 0.081840),0.870204 (0.788400 + 0.081804),0.858454 (0.776700 + 0.081754),0.890940 (0.809100 + 0.081840),0.890940 (0.809100 + 0.081840)
243,0.890940 (0.809100 + 0.081840),0.890940 (0.809100 + 0.081840),0.890940 (0.809100 + 0.081840),0.866507 (0.784800 + 0.081707),0.890940 (0.809100 + 0.081840),0.890940 (0.809100 + 0.081840),0.890940 (0.809100 + 0.081840),0.890940 (0.809100 + 0.081840),0.890940 (0.809100 + 0.081840),0.890940 (0.809100 + 0.081840),0.890940 (0.809100 + 0.081840),0.890940 (0.809100 + 0.081840),0.890940 (0.809100 + 0.081840),0.890940 (0.809100 + 0.081840),0.890940 (0.809100 + 0.081840),0.863720 (0.782100 + 0.081620),0.890940 (0.809100 + 0.081840),0.880189 (0.798300 + 0.081888),0.890940 (0.809100 + 0.081840),0.890940 (0.809100 + 0.081840),0.890940 (0.809100 + 0.081840),0.890940 (0.809100 + 0.081840),0.890940 (0.809100 + 0.081840),0.890940 (0.809100 + 0.081840),0.890940 (0.809100 + 0.081840),0.890940 (0.809100 + 0.081840),0.890940 (0.809100 + 0.081840),0.890940 (0.809100 + 0.081840),0.890940 (0.809100 + 0.081840),0.890940 (0.809100 + 0.081840),0.890940 (0.809100 + 0.081840),0.890940 (0.809100 + 0.081840),0.890940 (0.809100 + 0.081840),0.890940 (0.809100 + 0.081840),0.890940 (0.809100 + 0.081840),0.890940 (0.809100 + 0.081840),0.890940 (0.809100 + 0.081840),0.890940 (0.809100 + 0.081840),0.890940 (0.809100 + 0.081840),0.890940 (0.809100 + 0.081840),0.890940 (0.809100 + 0.081840),0.852226 (0.770400 + 0.081826),0.890940 (0.809100 + 0.081840),0.890940 (0.809100 + 0.081840),0.890940 (0.809100 + 0.081840),0.890940 (0.809100 + 0.081840),0.890940 (0.809100 + 0.081840),0.890940 (0.809100 + 0.081840),0.890940 (0.809100 + 0.081840),0.890940 (0.809100 + 0.081840),0.890940 (0.809100 + 0.081840),0.890940 (0.809100 + 0.081840),0.890940 (0.809100 + 0.081840),0.890940 (0.809100 + 0.081840),0.890940 (0.809100 + 0.081840),0.875735 (0.793800 + 0.081935),0.890940 (0.809100 + 0.081840),0.890940 (0.809100 + 0.081840),0.860280 (0.778500 + 0.081780),0.890940 (0.809100 + 0.081840),0.890940 (0.809100 + 0.081840),0.890940 (0.809100 + 0.081840),0.890940 (0.809100 + 0.081840),0.890940 (0.809100 + 0.081840),0.890940 (0.809100 + 0.081840),0.890940 (0.809100 + 0.081840),0.890940 (0.809100 + 0.081840),0.890940 (0.809100 + 0.081840),0.890940 (0.809100 + 0.081840),0.890940 (0.809100 + 0.081840),0.890940 (0.809100 + 0.081840),0.890940 (0.809100 + 0.081840),0.890940 (0.809100 + 0.081840),0.890940 (0.809100 + 0.081840),0.890940 (0.809100 + 0.081840),0.890940 (0.809100 + 0.081840),0.890940 (0.809100 + 0.081840),0.890940 (0.809100 + 0.081840),0.890940 (0.809100 + 0.081840),0.890940 (0.809100 + 0.081840),0.890940 (0.809100 + 0.081840),0.890940 (0.809100 + 0.081840),0.890940 (0.809100 + 0.081840),0.890940 (0.809100 + 0.081840),0.890940 (0.809100 + 0.081840),0.890940 (0.809100 + 0.081840),0.890940 (0.809100 + 0.081840),0.890940 (0.809100 + 0.081840),0.890940 (0.809100 + 0.081840),0.890940 (0.809100 + 0.081840),0.871108 (0.789300 + 0.081808),0.890940 (0.809100 + 0.081840),0.890940 (0.809100 + 0.081840),0.890940 (0.809100 + 0.081840),0.863016 (0.781200 + 0.081816),0.890940 (0.809100 + 0.081840),0.890940 (0.809100 + 0.081840),0.890940 (0.809100 + 0.081840),0.860219 (0.778500 + 0.081719),0.890940 (0.809100 + 0.081840)
244,0.890940 (0.809100 + 0.081840),0.890940 (0.809100 + 0.081840),0.890940 (0.809100 + 0.081840),0.874753 (0.792900 + 0.081853),0.890940 (0.809100 + 0.081840),0.890940 (0.809100 + 0.081840),0.890940 (0.809100 + 0.081840),0.890940 (0.809100 + 0.081840),0.890940 (0.809100 + 0.081840),0.890940 (0.809100 + 0.081840),0.890940 (0.809100 + 0.081840),0.890940 (0.809100 + 0.081840),0.890940 (0.809100 + 0.081840),0.890940 (0.809100 + 0.081840),0.890940 (0.809100 + 0.081840),0.890940 (0.809100 + 0.081840),0.890940 (0.809100 + 0.081840),0.890940 (0.809100 + 0.081840),0.890940 (0.809100 + 0.081840),0.890940 (0.809100 + 0.081840),0.874774 (0.792900 + 0.081874),0.890940 (0.809100 + 0.081840),0.866542 (0.784800 + 0.081742),0.890940 (0.809100 + 0.081840),0.890940 (0.809100 + 0.081840),0.890940 (0.809100 + 0.081840),0.890940 (0.809100 + 0.081840),0.890940 (0.809100 + 0.081840),0.890940 (0.809100 + 0.081840),0.890940 (0.809100 + 0.081840),0.890940 (0.809100 + 0.081840),0.890940 (0.809100 + 0.081840),0.890940 (0.809100 + 0.081840),0.890940 (0.809100 + 0.081840),0.890940 (0.809100 + 0.081840),0.890940 (0.809100 + 0.081840),0.862951 (0.781200 + 0.081751),0.890940 (0.809100 + 0.081840),0.890940 (0.809100 + 0.081840),0.890940 (0.809100 + 0.081840),0.890940 (0.809100 + 0.081840),0.866576 (0.784800 + 0.081776),0.890940 (0.809100 + 0.081840),0.890940 (0.809100 + 0.081840),0.890940 (0.809100 + 0.081840),0.890940 (0.809100 + 0.081840),0.890940 (0.809100 + 0.081840),0.890940 (0.809100 + 0.081840),0.890940 (0.809100 + 0.081840),0.890940 (0.809100 + 0.081840),0.890940 (0.809100 + 0.081840),0.890940 (0.809100 + 0.081840),0.890940 (0.809100 + 0.081840),0.890940 (0.809100 + 0.081840),0.890940 (0.809100 + 0.081840),0.890940 (0.809100 + 0.081840),0.890940 (0.809100 + 0.081840),0.875631 (0.793800 + 0.081831),0.890940 (0.809100 + 0.081840),0.890940 (0.809100 + 0.081840),0.890940 (0.809100 + 0.081840),0.890940 (0.809100 + 0.081840),0.890940 (0.809100 + 0.081840),0.877208 (0.795600 + 0.081608),0.890940 (0.809100 + 0.081840),0.890940 (0.809100 + 0.081840),0.890940 (0.809100 + 0.081840),0.890940 (0.809100 + 0.081840),0.890940 (0.809100 + 0.081840),0.890940 (0.809100 + 0.081840),0.890940 (0.809100 + 0.081840),0.890940 (0.809100 + 0.081840),0.890940 (0.809100 + 0.081840),0.890940 (0.809100 + 0.081840),0.890940 (0.809100 + 0.081840),0.890940 (0.809100 + 0.081840),0.890940 (0.809100 + 0.081840),0.890940 (0.809100 + 0.081840),0.890940 (0.809100 + 0.081840),0.890940 (0.809100 + 0.081840),0.890940 (0.809100 + 0.081840),0.890940 (0.809100 + 0.081840),0.890940 (0.809100 + 0.081840),0.890940 (0.809100 + 0.081840),0.890940 (0.809100 + 0.081840),0.890940 (0.809100 + 0.081840),0.890940 (0.809100 + 0.081840),0.890940 (0.809100 + 0.081840),0.890940 (0.809100 + 0.081840),0.890940 (0.809100 + 0.081840),0.890940 (0.809100 + 0.081840),0.890940 (0.809100 + 0.081840),0.869072 (0.787500 + 0.081572),0.864706 (0.783000 + 0.081706),0.890940 (0.809100 + 0.081840),0.890940 (0.809100 + 0.081840),0.860284 (0.778500 + 0.081784),0.890940 (0.809100 + 0.081840),0.890940 (0.809100 + 0.081840),0.890940 (0.809100 + 0.081840)
245,0.890940 (0.809100 + 0.081840),0.890940 (0.809100 + 0.081840),0.890940 (0.809100 + 0.081840),0.890940 (0.809100 + 0.081840),0.890940 (0.809100 + 0.081840),0.890940 (0.809100 + 0.081840),0.890940 (0.809100 + 0.081840),0.890940 (0.809100 + 0.081840),0.890940 (0.809100 + 0.081840),0.890940 (0.809100 + 0.081840),0.890940 (0.809100 + 0.081840),0.890940 (0.809100 + 0.081840),0.890940 (0.809100 + 0.081840),0.890940 (0.809100 + 0.081840),0.868524 (0.786600 + 0.081924),0.890940 (0.809100 + 0.081840),0.890940 (0.809100 + 0.081840),0.890940 (0.809100 + 0.081840),0.890940 (0.809100 + 0.081840),0.890940 (0.809100 + 0.081840),0.890940 (0.809100 + 0.081840),0.890940 (0.809100 + 0.081840),0.890940 (0.809100 + 0.081840),0.890940 (0.809100 + 0.081840),0.890940 (0.809100 + 0.081840),0.890940 (0.809100 + 0.081840),0.890940 (0.809100 + 0.081840),0.890940 (0.809100 + 0.081840),0.890940 (0.809100 + 0.081840),0.890940 (0.809100 + 0.081840),0.890940 (0.809100 + 0.081840),0.890940 (0.809100 + 0.081840),0.890940 (0.809100 + 0.081840),0.873909 (0.792000 + 0.081909),0.890940 (0.809100 + 0.081840),0.890940 (0.809100 + 0.081840),0.890940 (0.809100 + 0.081840),0.890940 (0.809100 + 0.081840),0.871055 (0.789300 + 0.081755),0.890940 (0.809100 + 0.081840),0.890940 (0.809100 + 0.081840),0.890940 (0.809100 + 0.081840),0.890940 (0.809100 + 0.081840),0.890940 (0.809100 + 0.081840),0.890940 (0.809100 + 0.081840),0.890940 (0.809100 + 0.081840),0.890940 (0.809100 + 0.081840),0.890940 (0.809100 + 0.081840),0.890940 (0.809100 + 0.081840),0.890940 (0.809100 + 0.081840),0.890940 (0.809100 + 0.081840),0.890940 (0.809100 + 0.081840),0.890940 (0.809100 + 0.081840),0.872002 (0.790200 + 0.081802),0.890940 (0.809100 + 0.081840),0.890940 (0.809100 + 0.081840),0.890940 (0.809100 + 0.081840),0.890940 (0.809100 + 0.081840),0.890940 (0.809100 + 0.081840),0.890940 (0.809100 + 0.081840),0.890940 (0.809100 + 0.081840),0.890940 (0.809100 + 0.081840),0.890940 (0.809100 + 0.081840),0.890940 (0.809100 + 0.081840),0.890940 (0.809100 + 0.081840),0.890940 (0.809100 + 0.081840),0.890940 (0.809100 + 0.081840),0.890940 (0.809100 + 0.081840),0.890940 (0.809100 + 0.081840),0.890940 (0.809100 + 0.081840),0.890940 (0.809100 + 0.081840),0.864936 (0.783000 + 0.081936),0.890940 (0.809100 + 0.081840),0.890940 (0.809100 + 0.081840),0.890940 (0.809100 + 0.081840),0.874778 (0.792900 + 0.081878),0.890940 (0.809100 + 0.081840),0.890940 (0.809100 + 0.081840),0.890940 (0.809100 + 0.081840),0.890940 (0.809100 + 0.081840),0.890940 (0.809100 + 0.081840),0.865817 (0.783900 + 0.081917),0.890940 (0.809100 + 0.081840),0.890940 (0.809100 + 0.081840),0.873846 (0.792000 + 0.081846),0.890940 (0.809100 + 0.081840),0.890940 (0.809100 + 0.081840),0.890940 (0.809100 + 0.081840),0.890940 (0.809100 + 0.081840),0.876289 (0.794700 + 0.081589),0.890940 (0.809100 + 0.081840),0.890940 (0.809100 + 0.081840),0.890940 (0.809100 + 0.081840),0.890940 (0.809100 + 0.081840),0.890940 (0.809100 + 0.081840),0.890940 (0.809100 + 0.081840),0.890940 (0.809100 + 0.081840),0.890940 (0.809100 + 0.081840),0.890940 (0.809100 + 0.081840),0.890940 (0.809100 + 0.081840)
246,0.890940 (0.809100 + 0.081840),0.890940 (0.809100 + 0.081840),0.890940 (0.809100 + 0.081840),0.890940 (0.809100 + 0.081840),0.890940 (0.809100 + 0.081840),0.890940 (0.809100 + 0.081840),0.890940 (0.809100 + 0.081840),0.876451 (0.794700 + 0.081751),0.890940 (0.809100 + 0.081840),0.890940 (0.809100 + 0.081840),0.890940 (0.809100 + 0.081840),0.890940 (0.809100 + 0.081840),0.890940 (0.809100 + 0.081840),0.890940 (0.809100 + 0.081840),0.890940 (0.809100 + 0.081840),0.890940 (0.809100 + 0.081840),0.890940 (0.809100 + 0.081840),0.890940 (0.809100 + 0.081840),0.890940 (0.809100 + 0.081840),0.890940 (0.809100 + 0.081840),0.890940 (0.809100 + 0.081840),0.890940 (0.809100 + 0.081840),0.890940 (0.809100 + 0.081840),0.890940 (0.809100 + 0.081840),0.890940 (0.809100 + 0.081840),0.890940 (0.809100 + 0.081840),0.890940 (0.809100 + 0.081840),0.890940 (0.809100 + 0.081840),0.862895 (0.781200 + 0.081695),0.890940 (0.809100 + 0.081840),0.890940 (0.809100 + 0.081840),0.890940 (0.809100 + 0.081840),0.890940 (0.809100 + 0.081840),0.890940 (0.809100 + 0.081840),0.890940 (0.809100 + 0.081840),0.890940 (0.809100 + 0.081840),0.890940 (0.809100 + 0.081840),0.890940 (0.809100 + 0.081840),0.890940 (0.809100 + 0.081840),0.890940 (0.809100 + 0.081840),0.890940 (0.809100 + 0.081840),0.876534 (0.794700 + 0.081834),0.890940 (0.809100 + 0.081840),0.890940 (0.809100 + 0.081840),0.890940 (0.809100 + 0.081840),0.870201 (0.788400 + 0.081801),0.890940 (0.809100 + 0.081840),0.890940 (0.809100 + 0.081840),0.890940 (0.809100 + 0.081840),0.890940 (0.809100 + 0.081840),0.890940 (0.809100 + 0.081840),0.890940 (0.809100 + 0.081840),0.890940 (0.809100 + 0.081840),0.890940 (0.809100 + 0.081840),0.864846 (0.783000 + 0.081846),0.890940 (0.809100 + 0.081840),0.890940 (0.809100 + 0.081840),0.866599 (0.784800 + 0.081799),0.861992 (0.780300 + 0.081692),0.890940 (0.809100 + 0.081840),0.890940 (0.809100 + 0.081840),0.890940 (0.809100 + 0.081840),0.890940 (0.809100 + 0.081840),0.890940 (0.809100 + 0.081840),0.878296 (0.796500 + 0.081796),0.890940 (0.809100 + 0.081840),0.890940 (0.809100 + 0.081840),0.890940 (0.809100 + 0.081840),0.868417 (0.786600 + 0.081817),0.864037 (0.782100 + 0.081937),0.890940 (0.809100 + 0.081840),0.890940 (0.809100 + 0.081840),0.890940 (0.809100 + 0.081840),0.890940 (0.809100 + 0.081840),0.890940 (0.809100 + 0.081840),0.890940 (0.809100 + 0.081840),0.890940 (0.809100 + 0.081840),0.890940 (0.809100 + 0.081840),0.890940 (0.809100 + 0.081840),0.890940 (0.809100 + 0.081840),0.890940 (0.809100 + 0.081840),0.890940 (0.809100 + 0.081840),0.890940 (0.809100 + 0.081840),0.890940 (0.809100 + 0.081840),0.890940 (0.809100 + 0.081840),0.890940 (0.809100 + 0.081840),0.890940 (0.809100 + 0.081840),0.890940 (0.809100 + 0.081840),0.890940 (0.809100 + 0.081840),0.890940 (0.809100 + 0.081840),0.890940 (0.809100 + 0.081840),0.890940 (0.809100 + 0.081840),0.890940 (0.809100 + 0.081840),0.855920 (0.774000 + 0.081920),0.876555 (0.794700 + 0.081855),0.890940 (0.809100 + 0.081840),0.890940 (0.809100 + 0.081840),0.890940 (0.809100 + 0.081840),0.890940 (0.809100 + 0.081840),0.871107 (0.789300 + 0.081807)
247,0.890940 (0.809100 + 0.081840),0.890940 (0.809100 + 0.081840),0.890940 (0.809100 + 0.081840),0.890940 (0.809100 + 0.081840),0.890940 (0.809100 + 0.081840),0.890940 (0.809100 + 0.081840),0.890940 (0.809100 + 0.081840),0.890940 (0.809100 + 0.081840),0.890940 (0.809100 + 0.081840),0.890940 (0.809100 + 0.081840),0.890940 (0.809100 + 0.081840),0.890940 (0.809100 + 0.081840),0.864654 (0.783000 + 0.081654),0.890940 (0.809100 + 0.081840),0.890940 (0.809100 + 0.081840),0.890940 (0.809100 + 0.081840),0.890940 (0.809100 + 0.081840),0.890940 (0.809100 + 0.081840),0.890940 (0.809100 + 0.081840),0.890940 (0.809100 + 0.081840),0.890940 (0.809100 + 0.081840),0.890940 (0.809100 + 0.081840),0.890940 (0.809100 + 0.081840),0.871962 (0.790200 + 0.081762),0.890940 (0.809100 + 0.081840),0.890940 (0.809100 + 0.081840),0.890940 (0.809100 + 0.081840),0.890940 (0.809100 + 0.081840),0.890940 (0.809100 + 0.081840),0.890940 (0.809100 + 0.081840),0.890940 (0.809100 + 0.081840),0.890940 (0.809100 + 0.081840),0.890940 (0.809100 + 0.081840),0.890940 (0.809100 + 0.081840),0.890940 (0.809100 + 0.081840),0.890940 (0.809100 + 0.081840),0.890940 (0.809100 + 0.081840),0.890940 (0.809100 + 0.081840),0.890940 (0.809100 + 0.081840),0.890940 (0.809100 + 0.081840),0.890940 (0.809100 + 0.081840),0.890940 (0.809100 + 0.081840),0.890940 (0.809100 + 0.081840),0.890940 (0.809100 + 0.081840),0.890940 (0.809100 + 0.081840),0.890940 (0.809100 + 0.081840),0.890940 (0.809100 + 0.081840),0.890940 (0.809100 + 0.081840),0.890940 (0.809100 + 0.081840),0.890940 (0.809100 + 0.081840),0.890940 (0.809100 + 0.081840),0.890940 (0.809100 + 0.081840),0.890940 (0.809100 + 0.081840),0.890940 (0.809100 + 0.081840),0.890940 (0.809100 + 0.081840),0.890940 (0.809100 + 0.081840),0.890940 (0.809100 + 0.081840),0.890940 (0.809100 + 0.081840),0.890940 (0.809100 + 0.081840),0.890940 (0.809100 + 0.081840),0.890940 (0.809100 + 0.081840),0.890940 (0.809100 + 0.081840),0.890940 (0.809100 + 0.081840),0.890940 (0.809100 + 0.081840),0.890940 (0.809100 + 0.081840),0.890940 (0.809100 + 0.081840),0.890940 (0.809100 + 0.081840),0.890940 (0.809100 + 0.081840),0.890940 (0.809100 + 0.081840),0.890940 (0.809100 + 0.081840),0.890940 (0.809100 + 0.081840),0.890940 (0.809100 + 0.081840),0.890940 (0.809100 + 0.081840),0.890940 (0.809100 + 0.081840),0.890940 (0.809100 + 0.081840),0.890940 (0.809100 + 0.081840),0.890940 (0.809100 + 0.081840),0.890940 (0.809100 + 0.081840),0.890940 (0.809100 + 0.081840),0.890940 (0.809100 + 0.081840),0.890940 (0.809100 + 0.081840),0.890940 (0.809100 + 0.081840),0.890940 (0.809100 + 0.081840),0.890940 (0.809100 + 0.081840),0.890940 (0.809100 + 0.081840),0.890940 (0.809100 + 0.081840),0.890940 (0.809100 + 0.081840),0.890940 (0.809100 + 0.081840),0.890940 (0.809100 + 0.081840),0.890940 (0.809100 + 0.081840),0.890940 (0.809100 + 0.081840),0.890940 (0.809100 + 0.081840),0.890940 (0.809100 + 0.081840),0.890940 (0.809100 + 0.081840),0.890940 (0.809100 + 0.081840),0.890940 (0.809100 + 0.081840),0.890940 (0.809100 + 0.081840),0.859256 (0.777600 + 0.081656),0.890940 (0.809100 + 0.081840),0.890940 (0.809100 + 0.081840)
248,0.890940 (0.809100 + 0.081840),0.890940 (0.809100 + 0.081840),0.890940 (0.809100 + 0.081840),0.890940 (0.809100 + 0.081840),0.890940 (0.809100 + 0.081840),0.890940 (0.809100 + 0.081840),0.890940 (0.809100 + 0.081840),0.890940 (0.809100 + 0.081840),0.890940 (0.809100 + 0.081840),0.890940 (0.809100 + 0.081840),0.890940 (0.809100 + 0.081840),0.860206 (0.778500 + 0.081706),0.890940 (0.809100 + 0.081840),0.890940 (0.809100 + 0.081840),0.890940 (0.809100 + 0.081840),0.890940 (0.809100 + 0.081840),0.890940 (0.809100 + 0.081840),0.871819 (0.790200 + 0.081619),0.890940 (0.809100 + 0.081840),0.890940 (0.809100 + 0.081840),0.890940 (0.809100 + 0.081840),0.890940 (0.809100 + 0.081840),0.890940 (0.809100 + 0.081840),0.890940 (0.809100 + 0.081840),0.890940 (0.809100 + 0.081840),0.890940 (0.809100 + 0.081840),0.890940 (0.809100 + 0.081840),0.890940 (0.809100 + 0.081840),0.875598 (0.793800 + 0.081798),0.890940 (0.809100 + 0.081840),0.890940 (0.809100 + 0.081840),0.890940 (0.809100 + 0.081840),0.867306 (0.785700 + 0.081606),0.890940 (0.809100 + 0.081840),0.890940 (0.809100 + 0.081840),0.890940 (0.809100 + 0.081840),0.890940 (0.809100 + 0.081840),0.890940 (0.809100 + 0.081840),0.890940 (0.809100 + 0.081840),0.890940 (0.809100 + 0.081840),0.890940 (0.809100 + 0.081840),0.890940 (0.809100 + 0.081840),0.890940 (0.809100 + 0.081840),0.890940 (0.809100 + 0.081840),0.890940 (0.809100 + 0.081840),0.890940 (0.809100 + 0.081840),0.890940 (0.809100 + 0.081840),0.890940 (0.809100 + 0.081840),0.890940 (0.809100 + 0.081840),0.890940 (0.809100 + 0.081840),0.890940 (0.809100 + 0.081840),0.890940 (0.809100 + 0.081840),0.890940 (0.809100 + 0.081840),0.890940 (0.809100 + 0.081840),0.890940 (0.809100 + 0.081840),0.890940 (0.809100 + 0.081840),0.890940 (0.809100 + 0.081840),0.886329 (0.804600 + 0.081729),0.890940 (0.809100 + 0.081840),0.890940 (0.809100 + 0.081840),0.890940 (0.809100 + 0.081840),0.890940 (0.809100 + 0.081840),0.890940 (0.809100 + 0.081840),0.890940 (0.809100 + 0.081840),0.890940 (0.809100 + 0.081840),0.890940 (0.809100 + 0.081840),0.890940 (0.809100 + 0.081840),0.866765 (0.784800 + 0.081965),0.890940 (0.809100 + 0.081840),0.890940 (0.809100 + 0.081840),0.870075 (0.788400 + 0.081675),0.890940 (0.809100 + 0.081840),0.890940 (0.809100 + 0.081840),0.890940 (0.809100 + 0.081840),0.890940 (0.809100 + 0.081840),0.890940 (0.809100 + 0.081840),0.890940 (0.809100 + 0.081840),0.890940 (0.809100 + 0.081840),0.890940 (0.809100 + 0.081840),0.890940 (0.809100 + 0.081840),0.890940 (0.809100 + 0.081840),0.890940 (0.809100 + 0.081840),0.890940 (0.809100 + 0.081840),0.890940 (0.809100 + 0.081840),0.890940 (0.809100 + 0.081840),0.890940 (0.809100 + 0.081840),0.890940 (0.809100 + 0.081840),0.890940 (0.809100 + 0.081840),0.890940 (0.809100 + 0.081840),0.890940 (0.809100 + 0.081840),0.890940 (0.809100 + 0.081840),0.881010 (0.799200 + 0.081810),0.890940 (0.809100 + 0.081840),0.890940 (0.809100 + 0.081840),0.890940 (0.809100 + 0.081840),0.890940 (0.809100 + 0.081840),0.890940 (0.809100 + 0.081840),0.890940 (0.809100 + 0.081840),0.890940 (0.809100 + 0.081840),0.890940 (0.809100 + 0.081840)
249,0.890940 (0.809100 + 0.081840),0.890940 (0.809100 + 0.081840),0.890940 (0.809100 + 0.081840),0.890940 (0.809100 + 0.081840),0.890940 (0.809100 + 0.081840),0.890940 (0.809100 + 0.081840),0.868482 (0.786600 + 0.081882),0.890940 (0.809100 + 0.081840),0.890940 (0.809100 + 0.081840),0.890940 (0.809100 + 0.081840),0.890940 (0.809100 + 0.081840),0.890940 (0.809100 + 0.081840),0.890940 (0.809100 + 0.081840),0.890940 (0.809100 + 0.081840),0.890940 (0.809100 + 0.081840),0.890940 (0.809100 + 0.081840),0.890940 (0.809100 + 0.081840),0.890940 (0.809100 + 0.081840),0.890940 (0.809100 + 0.081840),0.890940 (0.809100 + 0.081840),0.890940 (0.809100 + 0.081840),0.890940 (0.809100 + 0.081840),0.890940 (0.809100 + 0.081840),0.890940 (0.809100 + 0.081840),0.890940 (0.809100 + 0.081840),0.890940 (0.809100 + 0.081840),0.890940 (0.809100 + 0.081840),0.890940 (0.809100 + 0.081840),0.890940 (0.809100 + 0.081840),0.890940 (0.809100 + 0.081840),0.890940 (0.809100 + 0.081840),0.890940 (0.809100 + 0.081840),0.890940 (0.809100 + 0.081840),0.890940 (0.809100 + 0.081840),0.890940 (0.809100 + 0.081840),0.860111 (0.778500 + 0.081611),0.890940 (0.809100 + 0.081840),0.890940 (0.809100 + 0.081840),0.890940 (0.809100 + 0.081840),0.890940 (0.809100 + 0.081840),0.890940 (0.809100 + 0.081840),0.890940 (0.809100 + 0.081840),0.890940 (0.809100 + 0.081840),0.890940 (0.809100 + 0.081840),0.890940 (0.809100 + 0.081840),0.890940 (0.809100 + 0.081840),0.890940 (0.809100 + 0.081840),0.890940 (0.809100 + 0.081840),0.890940 (0.809100 + 0.081840),0.890940 (0.809100 + 0.081840),0.890940 (0.809100 + 0.081840),0.890940 (0.809100 + 0.081840),0.870364 (0.788400 + 0.081964),0.890940 (0.809100 + 0.081840),0.890940 (0.809100 + 0.081840),0.890940 (0.809100 + 0.081840),0.890940 (0.809100 + 0.081840),0.890940 (0.809100 + 0.081840),0.890940 (0.809100 + 0.081840),0.890940 (0.809100 + 0.081840),0.890940 (0.809100 + 0.081840),0.890940 (0.809100 + 0.081840),0.864823 (0.783000 + 0.081823),0.890940 (0.809100 + 0.081840),0.890940 (0.809100 + 0.081840),0.890940 (0.809100 + 0.081840),0.890940 (0.809100 + 0.081840),0.890940 (0.809100 + 0.081840),0.890940 (0.809100 + 0.081840),0.890940 (0.809100 + 0.081840),0.890940 (0.809100 + 0.081840),0.890940 (0.809100 + 0.081840),0.890940 (0.809100 + 0.081840),0.890940 (0.809100 + 0.081840),0.890940 (0.809100 + 0.081840),0.890940 (0.809100 + 0.081840),0.890940 (0.809100 + 0.081840),0.890940 (0.809100 + 0.081840),0.890940 (0.809100 + 0.081840),0.890940 (0.809100 + 0.081840),0.890940 (0.809100 + 0.081840),0.853049 (0.771300 + 0.081749),0.890940 (0.809100 + 0.081840),0.890940 (0.809100 + 0.081840),0.890940 (0.809100 + 0.081840),0.890940 (0.809100 + 0.081840),0.854861 (0.773100 + 0.081761),0.872774 (0.791100 + 0.081675),0.890940 (0.809100 + 0.081840),0.890940 (0.809100 + 0.081840),0.890940 (0.809100 + 0.081840),0.890940 (0.809100 + 0.081840),0.890940 (0.809100 + 0.081840),0.890940 (0.809100 + 0.081840),0.865668 (0.783900 + 0.081768),0.890940 (0.809100 + 0.081840),0.890940 (0.809100 + 0.081840),0.890940 (0.809100 + 0.081840),0.890940 (0.809100 + 0.081840),0.889150 (0.807300 + 0.081850)
250,0.890940 (0.809100 + 0.081840),0.890940 (0.809100 + 0.081840),0.890940 (0.809100 + 0.081840),0.890940 (0.809100 + 0.081840),0.890940 (0.809100 + 0.081840),0.890940 (0.809100 + 0.081840),0.890940 (0.809100 + 0.081840),0.890940 (0.809100 + 0.081840),0.890940 (0.809100 + 0.081840),0.890940 (0.809100 + 0.081840),0.890940 (0.809100 + 0.081840),0.865586 (0.783900 + 0.081686),0.890940 (0.809100 + 0.081840),0.843100 (0.761400 + 0.081700),0.890940 (0.809100 + 0.081840),0.890940 (0.809100 + 0.081840),0.890940 (0.809100 + 0.081840),0.890940 (0.809100 + 0.081840),0.890940 (0.809100 + 0.081840),0.890940 (0.809100 + 0.081840),0.890940 (0.809100 + 0.081840),0.890940 (0.809100 + 0.081840),0.890940 (0.809100 + 0.081840),0.890940 (0.809100 + 0.081840),0.890940 (0.809100 + 0.081840),0.890940 (0.809100 + 0.081840),0.890940 (0.809100 + 0.081840),0.890940 (0.809100 + 0.081840),0.869074 (0.787500 + 0.081574),0.890940 (0.809100 + 0.081840),0.890940 (0.809100 + 0.081840),0.890940 (0.809100 + 0.081840),0.890940 (0.809100 + 0.081840),0.890940 (0.809100 + 0.081840),0.866537 (0.784800 + 0.081737),0.890940 (0.809100 + 0.081840),0.890940 (0.809100 + 0.081840),0.890940 (0.809100 + 0.081840),0.890940 (0.809100 + 0.081840),0.890940 (0.809100 + 0.081840),0.890940 (0.809100 + 0.081840),0.890940 (0.809100 + 0.081840),0.890940 (0.809100 + 0.081840),0.890940 (0.809100 + 0.081840),0.890940 (0.809100 + 0.081840),0.890940 (0.809100 + 0.081840),0.890940 (0.809100 + 0.081840),0.890940 (0.809100 + 0.081840),0.890940 (0.809100 + 0.081840),0.862987 (0.781200 + 0.081787),0.890940 (0.809100 + 0.081840),0.890940 (0.809100 + 0.081840),0.890940 (0.809100 + 0.081840),0.890940 (0.809100 + 0.081840),0.890940 (0.809100 + 0.081840),0.890940 (0.809100 + 0.081840),0.890940 (0.809100 + 0.081840),0.890940 (0.809100 + 0.081840),0.890940 (0.809100 + 0.081840),0.890940 (0.809100 + 0.081840),0.890940 (0.809100 + 0.081840),0.890940 (0.809100 + 0.081840),0.890940 (0.809100 + 0.081840),0.890940 (0.809100 + 0.081840),0.890940 (0.809100 + 0.081840),0.890940 (0.809100 + 0.081840),0.861344 (0.779400 + 0.081944),0.890940 (0.809100 + 0.081840),0.890940 (0.809100 + 0.081840),0.890940 (0.809100 + 0.081840),0.890940 (0.809100 + 0.081840),0.890940 (0.809100 + 0.081840),0.890940 (0.809100 + 0.081840),0.890940 (0.809100 + 0.081840),0.890940 (0.809100 + 0.081840),0.890940 (0.809100 + 0.081840),0.890940 (0.809100 + 0.081840),0.890940 (0.809100 + 0.081840),0.890940 (0.809100 + 0.081840),0.890940 (0.809100 + 0.081840),0.890940 (0.809100 + 0.081840),0.890940 (0.809100 + 0.081840),0.890940 (0.809100 + 0.081840),0.890940 (0.809100 + 0.081840),0.890940 (0.809100 + 0.081840),0.890940 (0.809100 + 0.081840),0.890940 (0.809100 + 0.081840),0.890940 (0.809100 + 0.081840),0.890940 (0.809100 + 0.081840),0.871050 (0.789300 + 0.081750),0.881114 (0.799200 + 0.081914),0.890940 (0.809100 + 0.081840),0.890940 (0.809100 + 0.081840),0.890940 (0.809100 + 0.081840),0.890940 (0.809100 + 0.081840),0.863832 (0.782100 + 0.081732),0.890940 (0.809100 + 0.081840),0.890940 (0.809100 + 0.081840),0.890940 (0.809100 + 0.081840),0.890940 (0.809100 + 0.081840)
